customer_id,group,age_group,device,channel,pre_kyc_rate,kyc_completed,churned_30d,revenue_30d_eur
0,control,35-44,android,website,0.3999,1,0,18.93
1,control,25-34,ios,website,0.5344,1,0,23.32
2,control,45+,ios,app_store,0.3961,1,0,18.66
3,control,35-44,android,app_store,0.7493,0,0,10.62
4,control,18-24,android,google_play,0.543,1,0,18.08
5,control,45+,android,app_store,0.5061,0,0,8.36
6,control,35-44,ios,google_play,0.6546,1,0,23.86
7,control,35-44,ios,referral,0.7044,0,1,8.99
8,control,18-24,ios,app_store,0.6343,1,0,29.83
9,control,25-34,android,google_play,0.4509,1,0,7.43
10,control,25-34,android,website,0.6308,1,0,19.59
11,control,45+,ios,google_play,0.6457,1,0,17.33
12,control,35-44,android,app_store,0.5807,0,0,3.9
13,control,35-44,ios,app_store,0.6165,0,0,2.07
14,control,25-34,android,referral,0.3478,1,0,14.74
15,control,25-34,android,app_store,0.4665,0,0,0.0
16,control,35-44,ios,website,0.6275,1,0,18.58
17,control,18-24,ios,website,0.612,0,0,6.86
18,control,35-44,ios,app_store,0.6843,1,0,15.04
19,control,35-44,android,website,0.5399,1,0,16.03
20,control,35-44,web,app_store,0.7501,0,0,0.99
21,control,25-34,ios,app_store,0.6864,0,0,0.0
22,control,45+,web,google_play,0.4845,0,0,2.65
23,control,45+,ios,referral,0.7406,0,0,4.74
24,control,35-44,ios,app_store,0.5383,0,0,8.03
25,control,18-24,ios,app_store,0.4383,0,1,0.0
26,control,25-34,android,referral,0.5623,1,0,17.82
27,control,18-24,android,app_store,0.4553,1,0,25.07
28,control,18-24,ios,referral,0.5568,0,0,0.0
29,control,35-44,android,website,0.6098,0,0,8.06
30,control,35-44,android,google_play,0.5933,0,0,1.92
31,control,45+,web,website,0.4653,0,0,6.06
32,control,25-34,android,website,0.5307,1,0,16.69
33,control,25-34,ios,app_store,0.421,1,0,20.75
34,control,25-34,ios,referral,0.5148,0,0,9.29
35,control,18-24,android,referral,0.5152,1,0,17.27
36,control,18-24,web,referral,0.4886,0,0,7.09
37,control,25-34,android,website,0.5075,1,0,19.65
38,control,25-34,web,google_play,0.6983,1,0,13.28
39,control,35-44,ios,google_play,0.63,0,0,2.98
40,control,25-34,android,app_store,0.4602,1,0,16.75
41,control,35-44,android,google_play,0.5326,0,0,0.0
42,control,35-44,android,website,0.6828,1,0,20.75
43,control,25-34,android,website,0.6486,1,0,21.95
44,control,35-44,android,google_play,0.6437,1,0,22.87
45,control,35-44,web,google_play,0.481,0,0,8.65
46,control,25-34,android,website,0.5505,1,0,23.72
47,control,25-34,ios,google_play,0.6467,1,0,14.38
48,control,35-44,android,referral,0.618,0,1,2.1
49,control,18-24,web,website,0.4404,1,1,23.03
50,control,18-24,android,app_store,0.487,0,0,4.9
51,control,18-24,android,app_store,0.4648,0,0,3.44
52,control,35-44,ios,website,0.4944,1,0,12.75
53,control,35-44,android,google_play,0.7053,1,0,14.82
54,control,35-44,ios,website,0.6566,0,0,5.6
55,control,35-44,android,app_store,0.5632,0,0,0.0
56,control,25-34,ios,app_store,0.6342,0,0,0.0
57,control,35-44,ios,google_play,0.6672,0,0,6.0
58,control,18-24,ios,website,0.7034,0,0,1.58
59,control,18-24,android,referral,0.6158,1,0,20.81
60,control,35-44,android,referral,0.6828,1,0,27.46
61,control,25-34,android,google_play,0.579,0,0,0.0
62,control,35-44,android,website,0.5112,1,1,7.98
63,control,35-44,android,app_store,0.6966,1,0,16.34
64,control,35-44,web,google_play,0.6582,1,0,13.89
65,control,35-44,ios,referral,0.5896,1,0,17.85
66,control,35-44,ios,google_play,0.6723,0,0,5.44
67,control,25-34,android,referral,0.663,0,0,4.68
68,control,18-24,android,app_store,0.3483,1,0,18.28
69,control,25-34,ios,app_store,0.5322,1,0,24.35
70,control,25-34,android,google_play,0.605,1,0,22.02
71,control,25-34,android,referral,0.442,0,1,2.85
72,control,45+,ios,google_play,0.4047,1,0,21.81
73,control,25-34,ios,website,0.5444,0,1,0.0
74,control,18-24,web,app_store,0.5653,0,1,7.33
75,control,25-34,android,website,0.569,0,0,3.58
76,control,25-34,ios,google_play,0.7426,1,0,10.8
77,control,35-44,android,app_store,0.5926,0,0,2.0
78,control,35-44,android,website,0.5162,0,1,7.24
79,control,35-44,ios,website,0.4814,1,0,13.39
80,control,35-44,android,google_play,0.5652,1,0,20.46
81,control,25-34,ios,app_store,0.6626,1,0,23.27
82,control,35-44,android,app_store,0.6462,1,0,18.15
83,control,18-24,android,referral,0.5672,0,0,0.39
84,control,18-24,web,website,0.5298,0,0,3.27
85,control,18-24,android,website,0.5781,1,0,9.54
86,control,35-44,ios,website,0.592,1,0,15.07
87,control,25-34,android,website,0.6354,0,0,0.0
88,control,18-24,web,app_store,0.4679,1,0,17.72
89,control,25-34,android,google_play,0.5701,1,0,10.38
90,control,18-24,android,website,0.4375,0,0,3.8
91,control,35-44,ios,app_store,0.6894,0,1,7.58
92,control,25-34,android,app_store,0.4848,1,1,25.17
93,control,25-34,android,website,0.5003,0,1,0.0
94,control,25-34,web,referral,0.4572,1,0,14.0
95,control,35-44,ios,website,0.6336,0,0,6.57
96,control,25-34,ios,app_store,0.7057,0,1,6.03
97,control,18-24,ios,referral,0.6589,0,1,1.29
98,control,18-24,ios,app_store,0.621,0,1,1.75
99,control,45+,web,app_store,0.5732,1,0,18.49
100,control,45+,ios,referral,0.622,0,0,0.0
101,control,35-44,android,website,0.5952,1,0,21.15
102,control,25-34,android,referral,0.6503,0,0,7.4
103,control,45+,ios,website,0.4435,0,1,2.1
104,control,35-44,ios,website,0.57,1,0,9.48
105,control,35-44,ios,app_store,0.6316,0,1,8.59
106,control,25-34,android,google_play,0.5491,1,0,19.32
107,control,25-34,android,referral,0.4707,1,0,22.25
108,control,18-24,ios,referral,0.4872,1,0,10.07
109,control,45+,ios,google_play,0.5644,0,0,0.0
110,control,25-34,android,google_play,0.6485,1,0,20.48
111,control,25-34,ios,app_store,0.6067,1,0,24.17
112,control,25-34,ios,google_play,0.8372,0,1,0.0
113,control,35-44,web,referral,0.5524,0,1,3.13
114,control,18-24,android,app_store,0.5516,1,0,8.48
115,control,45+,web,google_play,0.6193,0,0,0.97
116,control,35-44,ios,referral,0.7413,1,0,16.46
117,control,35-44,ios,google_play,0.6884,0,1,5.26
118,control,25-34,android,google_play,0.6616,1,0,5.37
119,control,35-44,ios,google_play,0.6404,1,0,25.92
120,control,35-44,ios,app_store,0.759,1,0,16.98
121,control,35-44,android,app_store,0.6887,1,0,25.77
122,control,18-24,android,app_store,0.4478,1,1,22.19
123,control,25-34,ios,app_store,0.6317,0,0,6.57
124,control,18-24,ios,app_store,0.4322,1,0,30.12
125,control,25-34,android,google_play,0.6977,1,0,13.31
126,control,25-34,android,app_store,0.5839,0,0,3.99
127,control,18-24,android,referral,0.6539,1,0,12.06
128,control,18-24,web,app_store,0.5173,1,0,17.39
129,control,35-44,web,google_play,0.4575,1,0,22.32
130,control,18-24,android,referral,0.757,0,1,7.56
131,control,45+,android,app_store,0.5065,0,1,2.12
132,control,35-44,android,google_play,0.516,0,1,0.0
133,control,25-34,ios,website,0.6577,1,0,18.44
134,control,35-44,web,google_play,0.7689,1,0,12.89
135,control,18-24,ios,app_store,0.5398,0,0,1.42
136,control,45+,android,website,0.4481,0,0,5.92
137,control,25-34,android,website,0.545,1,0,20.91
138,control,35-44,android,google_play,0.5071,0,0,6.5
139,control,18-24,ios,app_store,0.5007,1,0,15.98
140,control,25-34,ios,app_store,0.7486,1,0,24.05
141,control,25-34,ios,website,0.5554,0,0,3.55
142,control,45+,android,google_play,0.439,1,0,16.3
143,control,35-44,web,app_store,0.5598,1,0,11.41
144,control,25-34,android,google_play,0.6618,1,0,5.46
145,control,25-34,ios,referral,0.4779,1,0,8.62
146,control,25-34,web,app_store,0.5964,0,0,4.28
147,control,25-34,ios,app_store,0.803,0,0,0.23
148,control,25-34,web,google_play,0.7485,1,0,8.13
149,control,18-24,android,website,0.5219,1,0,15.48
150,control,35-44,ios,google_play,0.7413,1,0,19.68
151,control,45+,android,referral,0.6305,0,1,4.99
152,control,18-24,ios,app_store,0.5459,0,0,3.4
153,control,35-44,android,google_play,0.67,1,0,17.63
154,control,18-24,android,google_play,0.6691,0,0,1.56
155,control,35-44,android,google_play,0.4949,0,0,5.78
156,control,25-34,android,google_play,0.6221,1,0,16.94
157,control,35-44,ios,website,0.6149,1,0,17.54
158,control,35-44,ios,google_play,0.6443,1,0,24.23
159,control,35-44,android,website,0.5472,1,0,22.75
160,control,18-24,web,app_store,0.5445,1,0,16.89
161,control,45+,web,google_play,0.5412,1,0,16.04
162,control,25-34,android,google_play,0.6655,0,0,2.29
163,control,18-24,android,google_play,0.5641,1,0,5.87
164,control,35-44,ios,app_store,0.6118,1,0,24.58
165,control,25-34,ios,referral,0.5688,1,1,13.89
166,control,35-44,android,referral,0.5782,1,0,23.13
167,control,35-44,ios,website,0.6069,0,0,3.65
168,control,25-34,android,referral,0.5395,1,0,26.35
169,control,45+,android,app_store,0.5717,1,1,21.18
170,control,25-34,ios,google_play,0.6504,1,0,23.47
171,control,25-34,ios,google_play,0.7075,0,0,1.37
172,control,25-34,ios,referral,0.5849,1,0,10.29
173,control,45+,android,app_store,0.4295,1,0,18.89
174,control,18-24,android,app_store,0.6069,1,0,6.5
175,control,18-24,android,website,0.4864,1,0,15.19
176,control,25-34,android,app_store,0.5498,1,0,10.86
177,control,45+,android,website,0.5119,0,0,0.48
178,control,45+,ios,app_store,0.5889,0,0,5.64
179,control,35-44,ios,website,0.4855,1,0,21.18
180,control,45+,ios,referral,0.6768,1,0,17.03
181,control,45+,android,website,0.4232,1,0,19.92
182,control,25-34,android,app_store,0.702,0,1,1.55
183,control,25-34,ios,app_store,0.4993,1,0,32.56
184,control,35-44,android,app_store,0.6114,0,0,4.58
185,control,35-44,web,app_store,0.5812,1,0,14.46
186,control,25-34,android,google_play,0.418,1,1,23.25
187,control,18-24,ios,google_play,0.6187,0,0,7.96
188,control,35-44,web,app_store,0.4421,1,0,13.35
189,control,25-34,ios,app_store,0.5827,1,0,9.49
190,control,45+,ios,referral,0.6543,1,0,10.68
191,control,25-34,ios,app_store,0.5636,1,0,13.98
192,control,18-24,android,google_play,0.4537,1,0,17.67
193,control,35-44,ios,google_play,0.7,1,0,8.23
194,control,18-24,web,app_store,0.506,0,0,1.99
195,control,18-24,web,referral,0.5236,0,0,2.75
196,control,35-44,android,app_store,0.688,0,0,4.67
197,control,45+,android,website,0.3626,0,1,5.7
198,control,18-24,ios,website,0.4792,1,0,20.41
199,control,25-34,ios,website,0.6353,0,0,9.95
200,control,35-44,android,website,0.4474,1,0,24.56
201,control,45+,android,website,0.598,0,0,4.3
202,control,25-34,android,google_play,0.5587,0,1,0.01
203,control,18-24,ios,google_play,0.636,0,1,1.07
204,control,18-24,android,website,0.5458,0,1,0.0
205,control,25-34,android,google_play,0.5638,0,1,4.05
206,control,18-24,android,google_play,0.4877,0,1,4.69
207,control,35-44,web,app_store,0.5926,0,0,6.71
208,control,18-24,android,app_store,0.573,1,0,19.6
209,control,25-34,android,google_play,0.4971,0,0,7.29
210,control,35-44,ios,app_store,0.5297,0,0,7.37
211,control,35-44,android,google_play,0.7147,1,0,11.83
212,control,18-24,web,app_store,0.4672,0,0,1.63
213,control,35-44,web,google_play,0.6343,0,1,3.46
214,control,35-44,android,website,0.5298,1,1,13.76
215,control,35-44,android,google_play,0.5834,1,0,16.54
216,control,18-24,android,website,0.5904,0,0,4.58
217,control,18-24,android,app_store,0.5092,0,1,3.06
218,control,45+,android,app_store,0.4675,0,0,3.5
219,control,25-34,android,website,0.5044,1,0,12.34
220,control,25-34,android,website,0.4857,1,1,21.04
221,control,25-34,ios,website,0.5124,0,1,5.06
222,control,35-44,android,website,0.506,0,0,0.75
223,control,45+,android,website,0.5891,0,0,0.0
224,control,25-34,ios,website,0.6229,1,0,25.38
225,control,45+,android,website,0.4284,0,1,9.79
226,control,18-24,android,website,0.5545,0,1,4.34
227,control,35-44,android,app_store,0.459,0,1,2.2
228,control,35-44,android,app_store,0.6961,1,0,24.28
229,control,18-24,android,google_play,0.6296,0,0,5.19
230,control,18-24,ios,google_play,0.7449,0,0,2.74
231,control,25-34,web,website,0.6169,0,1,6.99
232,control,45+,android,google_play,0.541,1,0,13.14
233,control,35-44,android,app_store,0.6893,1,0,13.86
234,control,45+,ios,website,0.4459,0,0,4.81
235,control,35-44,ios,app_store,0.5944,0,0,3.91
236,control,25-34,android,website,0.5209,0,0,5.79
237,control,35-44,android,app_store,0.6955,0,0,7.8
238,control,18-24,android,google_play,0.4575,0,0,0.0
239,control,18-24,ios,google_play,0.489,1,0,18.23
240,control,35-44,android,app_store,0.6049,0,0,10.34
241,control,35-44,android,app_store,0.6434,0,0,1.35
242,control,25-34,android,app_store,0.5098,1,0,13.71
243,control,25-34,android,google_play,0.6296,0,0,0.0
244,control,35-44,ios,google_play,0.7455,0,0,3.87
245,control,45+,ios,website,0.592,1,0,21.48
246,control,35-44,ios,app_store,0.6543,0,0,5.58
247,control,25-34,android,google_play,0.5688,1,0,11.78
248,control,25-34,android,app_store,0.7048,0,0,3.47
249,control,25-34,ios,referral,0.6372,1,0,19.33
250,control,35-44,ios,website,0.6612,0,1,3.69
251,control,45+,android,referral,0.6827,1,0,11.43
252,control,25-34,android,referral,0.6628,0,0,3.78
253,control,25-34,ios,google_play,0.5362,1,0,13.11
254,control,25-34,ios,website,0.4669,1,0,6.77
255,control,35-44,web,google_play,0.5822,1,0,22.09
256,control,35-44,ios,referral,0.7128,0,0,4.0
257,control,18-24,android,google_play,0.5616,1,0,21.55
258,control,18-24,android,google_play,0.7026,1,0,14.79
259,control,35-44,android,referral,0.6508,1,0,21.76
260,control,18-24,ios,website,0.4898,1,0,24.13
261,control,35-44,ios,referral,0.5653,0,0,9.81
262,control,25-34,android,app_store,0.6604,1,0,22.88
263,control,18-24,web,app_store,0.5255,1,0,20.31
264,control,45+,android,google_play,0.3855,1,0,9.72
265,control,18-24,android,google_play,0.5278,1,0,17.36
266,control,25-34,android,google_play,0.4963,1,0,9.46
267,control,18-24,web,app_store,0.4919,1,0,13.09
268,control,18-24,web,website,0.4865,0,0,10.54
269,control,18-24,ios,app_store,0.4836,1,0,11.86
270,control,18-24,web,website,0.447,0,1,0.0
271,control,18-24,web,referral,0.4965,0,0,6.43
272,control,18-24,ios,website,0.4586,1,0,13.96
273,control,35-44,web,google_play,0.5254,0,0,6.26
274,control,35-44,android,app_store,0.5474,0,0,0.0
275,control,25-34,ios,app_store,0.5344,0,0,1.97
276,control,25-34,ios,website,0.6129,1,0,25.18
277,control,25-34,ios,google_play,0.6321,0,1,0.0
278,control,45+,android,app_store,0.5916,1,0,16.98
279,control,45+,ios,referral,0.7169,0,0,4.55
280,control,18-24,web,website,0.5402,1,0,13.68
281,control,18-24,android,website,0.512,0,1,4.37
282,control,25-34,web,google_play,0.6452,0,0,3.56
283,control,25-34,android,referral,0.6333,0,0,5.42
284,control,35-44,android,app_store,0.59,1,0,29.05
285,control,25-34,android,app_store,0.5637,1,1,34.05
286,control,18-24,ios,referral,0.5043,0,0,5.17
287,control,25-34,ios,referral,0.7031,1,0,17.34
288,control,25-34,android,google_play,0.5735,0,1,5.09
289,control,18-24,ios,app_store,0.672,1,0,16.61
290,control,35-44,android,google_play,0.6692,0,1,0.0
291,control,18-24,android,website,0.4259,0,0,3.33
292,control,45+,web,website,0.5657,1,0,24.49
293,control,18-24,ios,google_play,0.3611,1,0,9.21
294,control,35-44,ios,app_store,0.7804,0,0,0.0
295,control,45+,ios,website,0.3889,0,0,1.4
296,control,45+,web,website,0.5056,0,0,4.84
297,control,35-44,android,google_play,0.6302,1,0,32.26
298,control,35-44,android,google_play,0.6859,1,0,13.14
299,control,35-44,android,referral,0.5897,0,0,3.83
300,control,35-44,ios,app_store,0.4544,1,0,18.03
301,control,18-24,ios,google_play,0.5398,1,0,16.19
302,control,25-34,ios,website,0.5485,0,0,3.33
303,control,25-34,android,google_play,0.4121,1,0,15.21
304,control,45+,android,referral,0.5296,1,0,34.46
305,control,25-34,ios,website,0.4799,0,0,6.2
306,control,25-34,web,google_play,0.6379,1,0,15.26
307,control,35-44,android,app_store,0.5663,0,0,7.76
308,control,25-34,android,website,0.6829,0,0,4.42
309,control,18-24,android,app_store,0.4955,1,0,18.35
310,control,25-34,android,app_store,0.6004,0,0,2.84
311,control,25-34,android,google_play,0.559,0,1,2.6
312,control,25-34,android,google_play,0.4461,1,0,10.68
313,control,25-34,ios,referral,0.6196,0,1,0.0
314,control,25-34,android,website,0.5863,1,0,20.22
315,control,25-34,android,website,0.5742,0,1,2.81
316,control,25-34,android,google_play,0.5525,0,0,6.66
317,control,35-44,web,google_play,0.4895,1,0,12.66
318,control,25-34,android,referral,0.6476,1,0,11.41
319,control,45+,android,google_play,0.5396,1,0,22.66
320,control,45+,android,website,0.5235,1,0,16.23
321,control,25-34,ios,google_play,0.5941,1,0,23.13
322,control,25-34,web,app_store,0.4413,1,0,18.2
323,control,25-34,android,google_play,0.6187,1,0,29.27
324,control,35-44,android,app_store,0.5853,0,0,6.22
325,control,35-44,android,app_store,0.6973,1,0,20.46
326,control,35-44,ios,app_store,0.6283,1,0,22.8
327,control,25-34,web,app_store,0.5724,1,0,16.36
328,control,35-44,android,google_play,0.6294,1,0,8.14
329,control,25-34,android,referral,0.5482,1,0,20.17
330,control,35-44,ios,google_play,0.5844,0,0,10.49
331,control,25-34,ios,website,0.5582,0,0,0.0
332,control,35-44,android,google_play,0.5224,1,0,20.81
333,control,45+,android,app_store,0.4777,1,0,8.79
334,control,18-24,android,app_store,0.6712,1,0,17.86
335,control,35-44,ios,referral,0.7394,1,0,18.48
336,control,18-24,ios,website,0.5406,0,0,6.19
337,control,35-44,ios,referral,0.7801,1,0,19.26
338,control,18-24,ios,google_play,0.5,0,0,8.44
339,control,45+,android,website,0.6552,1,0,25.0
340,control,18-24,android,website,0.4392,0,0,2.79
341,control,45+,android,referral,0.6863,0,0,7.44
342,control,35-44,web,app_store,0.756,1,0,16.12
343,control,35-44,ios,referral,0.5157,1,1,15.09
344,control,35-44,android,google_play,0.7134,1,0,10.77
345,control,35-44,android,website,0.5233,0,1,8.22
346,control,45+,ios,google_play,0.5006,1,0,16.2
347,control,25-34,ios,google_play,0.658,1,0,3.47
348,control,35-44,ios,google_play,0.5554,1,0,21.25
349,control,18-24,android,website,0.5162,0,0,1.94
350,control,35-44,web,app_store,0.5207,1,0,16.21
351,control,18-24,ios,google_play,0.5802,0,0,2.66
352,control,35-44,ios,google_play,0.7428,0,0,2.29
353,control,35-44,ios,website,0.6169,0,0,13.32
354,control,25-34,web,google_play,0.5572,1,0,27.98
355,control,25-34,web,website,0.5793,1,0,22.2
356,control,35-44,ios,google_play,0.5235,1,0,19.45
357,control,35-44,android,website,0.4789,1,0,24.77
358,control,25-34,android,website,0.4916,0,0,4.38
359,control,35-44,ios,website,0.6489,1,0,22.9
360,control,45+,ios,website,0.5285,1,0,21.35
361,control,18-24,android,google_play,0.5688,1,0,18.77
362,control,18-24,android,app_store,0.5138,0,0,6.89
363,control,18-24,web,website,0.423,1,0,15.48
364,control,35-44,web,app_store,0.715,0,1,3.71
365,control,25-34,web,app_store,0.5202,0,0,0.0
366,control,35-44,android,website,0.5795,0,1,0.39
367,control,35-44,ios,google_play,0.627,1,0,2.83
368,control,25-34,ios,google_play,0.661,1,0,20.74
369,control,45+,android,referral,0.4776,1,0,22.39
370,control,35-44,android,app_store,0.6702,0,0,7.41
371,control,25-34,web,app_store,0.6863,1,0,11.39
372,control,25-34,android,app_store,0.6453,0,0,5.08
373,control,25-34,ios,app_store,0.6186,1,0,18.0
374,control,18-24,ios,website,0.4812,0,0,6.16
375,control,18-24,ios,website,0.7418,1,0,14.09
376,control,45+,android,google_play,0.4267,0,0,2.29
377,control,25-34,ios,app_store,0.6765,1,0,8.68
378,control,25-34,android,google_play,0.6026,1,0,13.7
379,control,35-44,ios,app_store,0.621,0,0,3.51
380,control,35-44,android,website,0.5608,1,0,19.04
381,control,45+,ios,website,0.4552,0,0,0.0
382,control,35-44,ios,app_store,0.6602,0,1,1.66
383,control,25-34,android,website,0.5513,0,0,4.08
384,control,25-34,android,website,0.7402,1,0,26.45
385,control,45+,ios,google_play,0.6317,0,1,0.46
386,control,35-44,android,website,0.5873,1,0,20.94
387,control,45+,android,website,0.502,0,0,1.48
388,control,18-24,ios,app_store,0.7032,0,0,1.9
389,control,45+,web,app_store,0.4284,1,0,12.73
390,control,35-44,ios,website,0.5714,1,0,11.73
391,control,18-24,android,referral,0.3934,1,0,15.15
392,control,35-44,web,google_play,0.6507,0,0,7.27
393,control,35-44,ios,google_play,0.7039,1,0,13.47
394,control,18-24,android,website,0.3964,0,0,0.22
395,control,25-34,android,google_play,0.6908,0,0,4.25
396,control,35-44,android,app_store,0.5285,0,1,3.52
397,control,25-34,android,google_play,0.5486,1,0,17.59
398,control,25-34,ios,referral,0.6456,0,0,4.41
399,control,25-34,android,website,0.6535,1,0,11.94
400,control,25-34,ios,referral,0.5673,1,0,12.61
401,control,45+,android,app_store,0.5193,0,1,7.05
402,control,35-44,android,google_play,0.658,1,0,17.12
403,control,18-24,android,google_play,0.5715,0,1,5.65
404,control,45+,ios,app_store,0.5844,0,0,7.91
405,control,45+,ios,app_store,0.5969,0,1,6.54
406,control,25-34,android,website,0.4816,1,0,9.78
407,control,35-44,android,website,0.681,1,0,17.3
408,control,18-24,android,website,0.4671,0,1,7.25
409,control,45+,ios,app_store,0.5165,1,0,21.14
410,control,35-44,android,google_play,0.7038,0,0,4.16
411,control,35-44,ios,app_store,0.5756,0,1,0.0
412,control,18-24,android,app_store,0.5416,0,0,1.28
413,control,45+,android,google_play,0.4482,0,0,3.75
414,control,18-24,ios,google_play,0.7675,1,0,9.44
415,control,25-34,ios,referral,0.8207,1,0,22.76
416,control,18-24,android,google_play,0.5172,1,0,17.29
417,control,35-44,web,app_store,0.6376,0,1,0.0
418,control,18-24,android,app_store,0.5164,1,0,14.6
419,control,45+,android,website,0.4281,0,0,2.47
420,control,35-44,android,app_store,0.5956,0,0,3.03
421,control,18-24,ios,app_store,0.5528,1,0,26.52
422,control,18-24,ios,google_play,0.4443,1,0,21.47
423,control,18-24,android,app_store,0.537,1,0,9.81
424,control,35-44,web,website,0.5526,1,0,9.06
425,control,35-44,ios,google_play,0.661,1,0,16.4
426,control,25-34,web,app_store,0.5698,0,0,3.95
427,control,35-44,ios,website,0.5572,0,1,7.07
428,control,18-24,web,google_play,0.606,1,1,28.38
429,control,35-44,ios,website,0.6287,0,1,9.92
430,control,45+,android,app_store,0.6077,1,0,15.35
431,control,35-44,android,website,0.5856,0,0,6.86
432,control,35-44,ios,app_store,0.6102,0,0,5.03
433,control,35-44,android,google_play,0.6453,0,0,0.0
434,control,18-24,ios,app_store,0.3976,1,0,6.67
435,control,25-34,android,referral,0.7643,1,0,18.86
436,control,18-24,ios,app_store,0.578,1,0,9.03
437,control,25-34,android,referral,0.7708,1,0,12.89
438,control,35-44,web,referral,0.5565,0,0,1.03
439,control,35-44,android,google_play,0.5066,0,0,4.29
440,control,45+,android,google_play,0.5353,1,0,25.68
441,control,18-24,ios,google_play,0.595,0,0,3.55
442,control,35-44,ios,referral,0.6831,0,0,1.56
443,control,18-24,ios,website,0.5309,1,0,5.59
444,control,25-34,web,google_play,0.5358,0,0,5.15
445,control,35-44,android,app_store,0.4672,1,1,18.17
446,control,45+,ios,website,0.5187,1,0,14.7
447,control,35-44,android,app_store,0.4834,1,0,25.0
448,control,18-24,ios,app_store,0.4458,0,0,0.0
449,control,35-44,android,app_store,0.5555,1,1,13.89
450,control,18-24,android,google_play,0.5605,1,0,16.53
451,control,45+,ios,referral,0.725,0,0,1.48
452,control,35-44,ios,website,0.6643,0,1,5.48
453,control,18-24,android,app_store,0.6307,1,0,20.78
454,control,18-24,web,google_play,0.5883,1,0,24.31
455,control,18-24,ios,website,0.5453,0,0,5.31
456,control,45+,android,google_play,0.7065,0,0,3.08
457,control,25-34,ios,app_store,0.5002,1,0,15.96
458,control,35-44,android,google_play,0.5629,1,0,20.73
459,control,35-44,android,website,0.5192,1,0,16.86
460,control,35-44,ios,referral,0.7275,0,0,3.67
461,control,18-24,android,website,0.3977,1,0,21.06
462,control,45+,android,app_store,0.5571,1,0,18.83
463,control,25-34,ios,website,0.6124,1,0,19.85
464,control,35-44,android,app_store,0.6511,0,0,0.65
465,control,35-44,ios,referral,0.7196,1,0,26.1
466,control,35-44,ios,google_play,0.7591,0,0,0.0
467,control,45+,android,app_store,0.4921,0,1,5.08
468,control,18-24,ios,google_play,0.6084,1,0,15.08
469,control,25-34,android,app_store,0.5071,1,0,24.49
470,control,25-34,ios,app_store,0.5288,1,0,23.3
471,control,25-34,android,google_play,0.7172,1,0,17.99
472,control,18-24,web,website,0.421,1,0,27.33
473,control,18-24,android,website,0.5273,1,0,16.88
474,control,25-34,ios,google_play,0.6585,1,0,23.29
475,control,25-34,android,app_store,0.66,1,0,13.64
476,control,25-34,android,google_play,0.4433,1,0,20.43
477,control,35-44,ios,google_play,0.7073,0,0,0.14
478,control,35-44,ios,app_store,0.6214,1,0,18.12
479,control,25-34,web,referral,0.558,1,0,17.69
480,control,25-34,android,referral,0.5759,1,0,23.27
481,control,25-34,android,app_store,0.6489,1,1,13.98
482,control,35-44,android,website,0.6045,0,0,14.56
483,control,25-34,android,website,0.5158,1,0,9.71
484,control,18-24,web,app_store,0.4349,1,0,19.4
485,control,25-34,web,website,0.4505,0,0,4.54
486,control,25-34,web,app_store,0.6362,1,0,21.23
487,control,25-34,android,app_store,0.4638,0,0,1.64
488,control,35-44,android,referral,0.6065,1,0,19.45
489,control,35-44,ios,website,0.8005,0,1,1.47
490,control,35-44,android,app_store,0.6228,0,0,10.24
491,control,35-44,ios,google_play,0.6954,1,0,14.19
492,control,35-44,android,referral,0.5311,0,0,2.97
493,control,25-34,android,google_play,0.4778,1,0,14.02
494,control,35-44,web,referral,0.6897,1,0,13.2
495,control,25-34,android,referral,0.5734,0,0,0.0
496,control,25-34,web,google_play,0.6799,0,0,5.92
497,control,35-44,android,website,0.5575,1,0,13.96
498,control,25-34,android,website,0.8105,1,0,13.22
499,control,25-34,android,website,0.4882,1,0,12.22
500,control,35-44,android,google_play,0.6271,1,0,19.83
501,control,45+,ios,app_store,0.4725,0,1,3.58
502,control,45+,android,app_store,0.5866,0,1,3.59
503,control,25-34,ios,website,0.6092,0,1,0.76
504,control,25-34,web,website,0.4671,1,0,20.61
505,control,35-44,android,website,0.5286,0,0,1.12
506,control,25-34,android,google_play,0.6937,0,1,3.75
507,control,35-44,android,app_store,0.6941,0,0,3.0
508,control,25-34,ios,app_store,0.5008,1,0,7.87
509,control,18-24,ios,website,0.4867,1,0,30.17
510,control,18-24,android,google_play,0.6797,1,0,21.45
511,control,35-44,ios,website,0.5806,0,0,4.15
512,control,18-24,ios,app_store,0.5787,0,1,4.72
513,control,25-34,android,google_play,0.6662,1,0,30.31
514,control,25-34,android,referral,0.4974,1,0,24.82
515,control,18-24,web,app_store,0.4588,1,0,20.09
516,control,25-34,android,app_store,0.5481,0,0,0.95
517,control,35-44,android,website,0.6504,0,1,1.52
518,control,18-24,android,google_play,0.6156,1,1,7.18
519,control,35-44,ios,referral,0.7216,0,0,2.17
520,control,45+,android,referral,0.5229,1,0,21.97
521,control,25-34,android,website,0.6244,0,0,5.78
522,control,18-24,android,app_store,0.5118,1,1,21.7
523,control,35-44,ios,google_play,0.6902,1,0,14.91
524,control,18-24,android,referral,0.627,0,0,5.48
525,control,25-34,web,google_play,0.7297,0,0,6.47
526,control,45+,android,referral,0.5295,1,0,4.64
527,control,45+,android,website,0.435,1,0,19.83
528,control,35-44,web,app_store,0.7076,1,0,30.49
529,control,25-34,ios,google_play,0.7337,1,0,16.25
530,control,35-44,android,website,0.5105,0,0,0.0
531,control,35-44,ios,app_store,0.5456,0,0,0.57
532,control,25-34,ios,google_play,0.7215,1,0,7.11
533,control,35-44,android,website,0.4227,0,0,1.22
534,control,18-24,ios,app_store,0.4286,0,1,0.0
535,control,25-34,ios,google_play,0.6025,1,0,23.59
536,control,25-34,android,website,0.5342,1,0,22.67
537,control,18-24,ios,website,0.4312,1,0,20.06
538,control,18-24,android,google_play,0.5437,0,0,7.91
539,control,35-44,android,referral,0.6373,0,0,1.46
540,control,45+,web,referral,0.4976,1,0,18.44
541,control,35-44,ios,google_play,0.7987,1,0,31.17
542,control,35-44,ios,app_store,0.6604,1,0,21.51
543,control,45+,ios,website,0.5863,1,0,21.5
544,control,18-24,ios,app_store,0.4395,0,0,0.74
545,control,25-34,android,website,0.4088,1,0,15.5
546,control,25-34,web,google_play,0.6228,1,0,11.98
547,control,18-24,ios,google_play,0.7144,1,0,28.09
548,control,35-44,ios,google_play,0.5552,0,1,0.0
549,control,25-34,ios,google_play,0.6275,0,1,6.79
550,control,25-34,android,referral,0.4972,0,0,5.59
551,control,18-24,android,app_store,0.4585,1,0,8.38
552,control,18-24,android,referral,0.5614,0,1,7.61
553,control,45+,android,app_store,0.4566,1,0,16.45
554,control,18-24,ios,website,0.4116,0,1,0.0
555,control,25-34,web,referral,0.4998,1,0,20.19
556,control,25-34,android,google_play,0.4251,0,0,0.54
557,control,25-34,android,app_store,0.6041,1,0,16.77
558,control,35-44,ios,website,0.6338,1,0,14.97
559,control,25-34,android,website,0.5734,0,0,0.34
560,control,18-24,web,google_play,0.4633,1,0,10.87
561,control,25-34,android,google_play,0.6565,0,0,6.37
562,control,35-44,android,website,0.6025,0,1,4.67
563,control,35-44,android,app_store,0.5866,0,1,4.44
564,control,35-44,web,website,0.5435,0,1,2.19
565,control,35-44,android,google_play,0.5441,0,0,3.68
566,control,35-44,ios,app_store,0.6414,0,0,0.85
567,control,18-24,android,website,0.6054,1,0,13.48
568,control,25-34,android,google_play,0.667,1,0,28.26
569,control,25-34,web,referral,0.5855,1,0,23.31
570,control,25-34,android,google_play,0.6191,1,0,14.63
571,control,35-44,android,google_play,0.5079,0,1,0.0
572,control,25-34,ios,google_play,0.6744,1,0,7.79
573,control,35-44,web,google_play,0.5395,0,1,1.22
574,control,45+,android,website,0.5112,0,0,3.89
575,control,25-34,android,website,0.7635,1,0,18.71
576,control,45+,web,website,0.4204,1,0,18.89
577,control,35-44,ios,google_play,0.8698,1,0,20.01
578,control,45+,web,app_store,0.5453,0,1,0.0
579,control,25-34,ios,app_store,0.546,1,0,27.05
580,control,25-34,ios,website,0.5024,1,0,16.82
581,control,25-34,android,google_play,0.7652,1,0,19.77
582,control,18-24,android,google_play,0.5654,0,1,1.14
583,control,25-34,ios,google_play,0.5707,1,0,19.87
584,control,45+,ios,google_play,0.5297,0,1,10.98
585,control,35-44,web,website,0.5905,0,0,0.0
586,control,18-24,ios,website,0.5153,1,0,11.31
587,control,25-34,android,referral,0.6237,1,1,12.81
588,control,18-24,ios,app_store,0.6979,1,0,16.0
589,control,18-24,ios,google_play,0.4758,0,0,1.62
590,control,45+,android,app_store,0.5476,1,0,11.76
591,control,25-34,ios,website,0.5602,1,0,17.7
592,control,25-34,ios,website,0.5261,1,0,27.37
593,control,35-44,android,google_play,0.6818,1,0,17.1
594,control,18-24,ios,website,0.3991,0,1,3.15
595,control,25-34,ios,google_play,0.4267,1,0,20.06
596,control,35-44,web,app_store,0.614,1,0,21.89
597,control,35-44,android,google_play,0.5849,1,0,26.24
598,control,45+,ios,app_store,0.4278,0,0,4.36
599,control,35-44,ios,referral,0.5192,0,0,3.49
600,control,25-34,ios,website,0.7205,1,0,12.05
601,control,35-44,android,website,0.583,1,1,22.44
602,control,45+,web,referral,0.5376,0,1,0.46
603,control,35-44,web,website,0.7316,1,0,12.75
604,control,45+,ios,google_play,0.6278,0,0,4.2
605,control,35-44,ios,app_store,0.7675,1,0,27.25
606,control,45+,android,google_play,0.4116,1,0,22.36
607,control,18-24,ios,referral,0.4886,1,0,17.77
608,control,35-44,android,referral,0.6654,1,0,12.11
609,control,25-34,ios,website,0.5992,1,0,27.13
610,control,35-44,android,app_store,0.686,1,0,17.66
611,control,35-44,ios,app_store,0.4955,1,0,16.26
612,control,45+,android,referral,0.5823,1,0,21.33
613,control,45+,ios,app_store,0.6151,1,0,15.31
614,control,25-34,ios,google_play,0.6909,1,0,13.48
615,control,35-44,android,google_play,0.5635,0,0,1.13
616,control,35-44,android,google_play,0.6375,0,0,1.12
617,control,25-34,ios,website,0.5039,1,0,11.24
618,control,18-24,ios,referral,0.5626,1,0,10.57
619,control,18-24,android,website,0.3926,0,0,7.0
620,control,35-44,android,google_play,0.5353,0,0,5.91
621,control,25-34,android,google_play,0.5567,1,0,13.06
622,control,45+,ios,referral,0.5267,1,0,23.33
623,control,25-34,ios,google_play,0.5553,0,0,4.61
624,control,45+,android,google_play,0.402,1,0,16.06
625,control,25-34,ios,website,0.7229,1,0,10.65
626,control,35-44,ios,app_store,0.586,1,0,20.05
627,control,18-24,ios,app_store,0.5824,0,0,10.22
628,control,35-44,android,referral,0.4753,0,0,3.55
629,control,35-44,android,website,0.6546,1,0,23.99
630,control,45+,android,app_store,0.5094,1,0,16.73
631,control,35-44,android,app_store,0.5505,1,0,23.53
632,control,18-24,android,referral,0.5112,1,0,17.1
633,control,25-34,android,website,0.5956,0,0,0.0
634,control,18-24,android,website,0.2398,1,0,13.67
635,control,18-24,ios,app_store,0.4901,0,0,3.98
636,control,35-44,android,referral,0.6065,0,1,7.4
637,control,35-44,ios,referral,0.6456,1,0,17.08
638,control,35-44,android,google_play,0.7964,1,0,18.18
639,control,45+,ios,google_play,0.519,1,0,14.48
640,control,35-44,android,website,0.6252,1,0,27.37
641,control,35-44,ios,website,0.7309,1,0,27.0
642,control,18-24,ios,website,0.5696,1,0,13.94
643,control,25-34,android,referral,0.5421,1,0,8.9
644,control,35-44,ios,website,0.4832,0,0,0.0
645,control,45+,android,google_play,0.5656,1,0,21.62
646,control,18-24,ios,google_play,0.6976,1,0,18.81
647,control,25-34,android,website,0.5697,0,0,0.69
648,control,35-44,android,app_store,0.6847,0,0,4.48
649,control,18-24,android,app_store,0.7234,1,1,10.62
650,control,25-34,web,website,0.603,0,0,6.36
651,control,45+,android,google_play,0.4179,0,1,2.12
652,control,35-44,ios,website,0.5901,0,0,0.0
653,control,25-34,android,app_store,0.6756,1,0,15.8
654,control,45+,android,google_play,0.4861,1,0,15.59
655,control,25-34,android,app_store,0.6865,0,1,4.81
656,control,45+,web,website,0.4606,0,0,7.7
657,control,25-34,ios,website,0.5927,0,0,7.51
658,control,35-44,android,google_play,0.5679,0,0,4.07
659,control,25-34,ios,google_play,0.6288,0,0,2.83
660,control,25-34,android,app_store,0.583,0,0,1.45
661,control,45+,android,website,0.3273,1,0,7.39
662,control,18-24,ios,referral,0.5507,0,1,3.43
663,control,18-24,android,website,0.3773,1,0,12.89
664,control,25-34,android,app_store,0.5334,1,0,25.31
665,control,35-44,ios,website,0.5224,0,0,2.78
666,control,35-44,android,app_store,0.6669,0,0,6.19
667,control,45+,web,app_store,0.5879,0,0,1.76
668,control,25-34,ios,app_store,0.6508,1,1,13.95
669,control,25-34,ios,app_store,0.5046,1,0,21.63
670,control,18-24,ios,app_store,0.5481,0,0,4.5
671,control,35-44,web,website,0.4482,1,0,19.93
672,control,45+,android,app_store,0.4842,1,0,17.44
673,control,35-44,ios,website,0.6378,1,0,22.74
674,control,35-44,ios,referral,0.7354,1,0,21.87
675,control,25-34,web,google_play,0.6238,1,0,4.94
676,control,45+,android,google_play,0.6067,0,1,2.57
677,control,25-34,ios,website,0.5868,1,0,24.09
678,control,18-24,ios,app_store,0.5373,0,1,0.0
679,control,25-34,android,google_play,0.6459,0,0,0.0
680,control,18-24,web,google_play,0.6085,0,0,3.0
681,control,25-34,android,website,0.4841,1,0,21.12
682,control,18-24,android,website,0.5063,0,0,1.84
683,control,25-34,ios,website,0.5425,0,0,8.15
684,control,35-44,android,website,0.3853,1,0,29.06
685,control,25-34,android,google_play,0.6112,1,0,6.45
686,control,25-34,android,website,0.4224,0,0,2.12
687,control,45+,android,referral,0.5523,1,0,4.31
688,control,35-44,ios,google_play,0.5132,1,0,21.97
689,control,25-34,web,referral,0.5484,0,0,1.05
690,control,25-34,ios,referral,0.6013,1,0,15.15
691,control,45+,android,google_play,0.6021,1,0,24.89
692,control,25-34,ios,app_store,0.5633,1,0,10.03
693,control,25-34,web,app_store,0.49,0,0,0.0
694,control,45+,ios,website,0.5251,1,0,4.34
695,control,25-34,android,app_store,0.5486,0,1,8.07
696,control,35-44,android,google_play,0.6592,0,0,7.24
697,control,35-44,web,website,0.475,1,0,16.24
698,control,35-44,web,referral,0.6429,1,0,10.35
699,control,25-34,android,website,0.7236,1,0,23.0
700,control,25-34,ios,website,0.5469,0,1,13.42
701,control,25-34,android,google_play,0.5909,0,1,2.65
702,control,18-24,android,app_store,0.3831,1,0,10.78
703,control,45+,ios,website,0.4278,1,0,25.45
704,control,25-34,ios,app_store,0.6428,0,1,0.0
705,control,35-44,android,google_play,0.5696,1,0,15.8
706,control,35-44,web,referral,0.6752,1,0,2.17
707,control,35-44,ios,google_play,0.67,0,1,2.41
708,control,25-34,android,website,0.4206,1,0,10.33
709,control,25-34,ios,website,0.6472,1,0,25.55
710,control,45+,ios,website,0.3966,1,0,12.14
711,control,35-44,ios,google_play,0.5748,1,0,22.68
712,control,35-44,web,google_play,0.6244,1,0,17.37
713,control,45+,ios,app_store,0.6614,0,1,3.95
714,control,35-44,android,website,0.4657,0,1,5.38
715,control,18-24,android,app_store,0.5278,1,0,17.68
716,control,35-44,ios,google_play,0.6485,1,0,14.11
717,control,18-24,web,website,0.5386,1,0,13.13
718,control,35-44,android,app_store,0.6807,1,0,21.05
719,control,45+,android,google_play,0.4737,0,0,0.0
720,control,25-34,ios,app_store,0.6869,0,0,9.54
721,control,25-34,android,app_store,0.6724,1,0,18.79
722,control,18-24,android,app_store,0.6587,0,0,2.29
723,control,45+,web,app_store,0.5462,0,0,4.46
724,control,18-24,ios,referral,0.5986,0,1,1.36
725,control,18-24,web,referral,0.518,1,0,16.93
726,control,25-34,ios,website,0.4493,1,0,11.21
727,control,18-24,android,website,0.4538,1,0,20.25
728,control,25-34,web,website,0.545,0,0,3.22
729,control,25-34,android,referral,0.5872,0,1,4.17
730,control,25-34,android,google_play,0.6238,1,0,26.9
731,control,18-24,web,app_store,0.4097,0,0,0.6
732,control,18-24,ios,website,0.5014,1,0,17.23
733,control,25-34,web,referral,0.7656,0,1,0.0
734,control,18-24,android,app_store,0.5956,0,0,5.48
735,control,35-44,web,google_play,0.6553,0,0,3.44
736,control,25-34,ios,google_play,0.6473,1,0,18.1
737,control,25-34,ios,google_play,0.5868,0,0,2.93
738,control,25-34,web,website,0.3957,1,0,14.53
739,control,25-34,android,google_play,0.6126,1,0,32.98
740,control,18-24,ios,referral,0.3901,1,0,18.23
741,control,18-24,ios,website,0.49,0,0,4.57
742,control,45+,ios,app_store,0.5357,0,0,0.0
743,control,18-24,web,website,0.4502,1,0,23.31
744,control,25-34,ios,website,0.7397,1,0,17.26
745,control,25-34,android,google_play,0.7219,1,0,20.67
746,control,25-34,android,google_play,0.6586,1,0,23.41
747,control,25-34,web,website,0.462,0,1,3.13
748,control,35-44,web,google_play,0.7597,1,0,13.94
749,control,35-44,web,app_store,0.6455,1,0,4.03
750,control,25-34,android,google_play,0.5006,1,0,15.68
751,control,25-34,android,app_store,0.5686,0,1,1.04
752,control,25-34,ios,website,0.6427,1,0,11.14
753,control,25-34,ios,app_store,0.5581,1,1,26.72
754,control,35-44,android,website,0.5572,1,0,23.9
755,control,25-34,ios,google_play,0.6413,1,0,7.02
756,control,25-34,android,website,0.4379,1,0,18.92
757,control,45+,ios,google_play,0.5244,1,0,13.1
758,control,18-24,android,referral,0.464,0,0,4.82
759,control,25-34,android,referral,0.6655,1,0,13.2
760,control,35-44,android,app_store,0.5134,1,0,14.77
761,control,18-24,web,website,0.5093,1,0,23.78
762,control,18-24,ios,app_store,0.4448,1,0,22.92
763,control,18-24,web,website,0.3953,0,1,8.93
764,control,45+,ios,website,0.4014,0,0,2.72
765,control,18-24,android,app_store,0.4928,1,0,9.27
766,control,18-24,android,app_store,0.5304,1,0,23.53
767,control,18-24,ios,google_play,0.5952,0,0,6.84
768,control,18-24,android,website,0.3342,0,1,5.76
769,control,35-44,ios,website,0.5725,0,1,0.82
770,control,25-34,ios,app_store,0.546,0,0,0.0
771,control,35-44,web,google_play,0.6487,1,0,21.22
772,control,35-44,android,google_play,0.5746,0,0,0.31
773,control,35-44,ios,google_play,0.6295,1,0,16.15
774,control,18-24,android,app_store,0.4564,1,0,35.44
775,control,45+,android,google_play,0.644,0,1,11.16
776,control,35-44,ios,referral,0.5533,1,0,22.76
777,control,18-24,ios,google_play,0.534,0,1,1.12
778,control,35-44,ios,website,0.5946,1,0,13.67
779,control,45+,android,google_play,0.4859,1,0,22.29
780,control,25-34,web,google_play,0.5249,1,0,26.98
781,control,45+,web,website,0.3211,1,0,14.93
782,control,25-34,ios,app_store,0.5507,1,0,15.26
783,control,35-44,web,app_store,0.5192,1,0,18.53
784,control,45+,android,referral,0.6603,1,0,9.67
785,control,25-34,ios,referral,0.8172,1,0,9.85
786,control,35-44,web,website,0.5519,0,0,0.0
787,control,25-34,ios,app_store,0.4936,1,0,21.28
788,control,35-44,ios,app_store,0.685,1,0,19.63
789,control,35-44,ios,app_store,0.5475,0,0,7.59
790,control,25-34,ios,referral,0.5921,0,0,0.0
791,control,25-34,ios,website,0.5157,0,1,0.0
792,control,25-34,android,google_play,0.536,0,0,5.14
793,control,18-24,android,referral,0.5176,1,0,12.77
794,control,18-24,ios,app_store,0.4509,1,0,13.2
795,control,25-34,ios,google_play,0.5598,0,0,7.15
796,control,18-24,ios,app_store,0.6376,1,0,14.68
797,control,18-24,web,google_play,0.5333,0,0,1.93
798,control,35-44,ios,referral,0.666,1,0,16.5
799,control,35-44,android,referral,0.4374,0,1,2.82
800,control,35-44,android,app_store,0.6618,0,0,5.97
801,control,25-34,ios,app_store,0.5512,1,0,10.74
802,control,45+,ios,google_play,0.6359,1,0,16.87
803,control,35-44,ios,app_store,0.6383,0,0,7.68
804,control,18-24,ios,google_play,0.521,0,1,11.18
805,control,18-24,ios,google_play,0.4318,0,0,0.0
806,control,35-44,ios,app_store,0.8,0,0,4.69
807,control,18-24,ios,app_store,0.6203,1,0,16.86
808,control,25-34,android,app_store,0.635,1,0,17.41
809,control,45+,ios,referral,0.7115,1,0,13.26
810,control,18-24,ios,google_play,0.5839,0,0,6.22
811,control,18-24,android,google_play,0.6342,0,0,6.04
812,control,45+,ios,google_play,0.5077,1,0,33.14
813,control,35-44,ios,website,0.645,0,0,0.0
814,control,18-24,ios,app_store,0.5056,1,0,7.51
815,control,45+,ios,app_store,0.4957,0,0,10.9
816,control,45+,android,website,0.4638,0,0,3.31
817,control,25-34,android,website,0.4246,1,0,15.26
818,control,35-44,android,app_store,0.6124,1,0,19.13
819,control,25-34,android,google_play,0.551,0,0,0.0
820,control,18-24,ios,referral,0.427,0,1,4.85
821,control,35-44,ios,app_store,0.5894,1,0,17.52
822,control,25-34,ios,app_store,0.5784,1,0,24.44
823,control,35-44,android,google_play,0.6642,0,1,6.59
824,control,35-44,android,app_store,0.6088,1,0,23.64
825,control,18-24,android,website,0.5918,1,0,19.15
826,control,35-44,ios,website,0.6276,1,0,27.63
827,control,25-34,android,google_play,0.5317,0,1,5.57
828,control,45+,ios,website,0.4913,1,0,14.8
829,control,25-34,ios,google_play,0.5882,1,0,13.14
830,control,35-44,ios,website,0.625,0,0,0.99
831,control,35-44,android,app_store,0.5908,1,0,21.53
832,control,25-34,android,google_play,0.5257,0,1,0.0
833,control,35-44,ios,website,0.5867,0,0,4.06
834,control,35-44,ios,google_play,0.6729,1,0,13.0
835,control,35-44,android,app_store,0.5055,0,0,0.0
836,control,35-44,web,google_play,0.6314,1,1,11.45
837,control,45+,ios,website,0.3697,1,0,17.86
838,control,25-34,ios,app_store,0.6944,0,0,6.25
839,control,25-34,android,website,0.5682,0,0,1.07
840,control,18-24,android,website,0.6063,1,0,5.54
841,control,35-44,android,website,0.4567,0,0,14.86
842,control,25-34,android,app_store,0.6567,1,0,24.71
843,control,25-34,ios,website,0.6409,1,0,23.59
844,control,18-24,ios,app_store,0.5414,0,1,9.36
845,control,45+,web,referral,0.5059,1,0,18.55
846,control,25-34,web,website,0.4492,1,0,17.19
847,control,35-44,android,app_store,0.4783,1,1,26.13
848,control,18-24,android,website,0.4159,1,0,26.09
849,control,45+,ios,google_play,0.4455,0,0,5.71
850,control,18-24,web,google_play,0.6637,1,1,23.29
851,control,18-24,web,google_play,0.4158,1,0,10.57
852,control,45+,android,website,0.4679,1,0,16.46
853,control,45+,android,website,0.4909,0,1,9.63
854,control,25-34,android,referral,0.6246,0,1,6.4
855,control,25-34,ios,app_store,0.6416,0,0,0.0
856,control,35-44,ios,website,0.6617,0,0,1.59
857,control,45+,ios,website,0.4603,0,0,9.05
858,control,25-34,ios,website,0.573,0,1,5.14
859,control,25-34,android,google_play,0.5525,0,0,4.15
860,control,35-44,ios,google_play,0.7402,1,0,19.27
861,control,35-44,android,website,0.714,0,1,3.2
862,control,35-44,ios,google_play,0.5405,1,0,14.85
863,control,35-44,ios,app_store,0.4635,0,0,0.5
864,control,18-24,ios,google_play,0.6115,0,1,7.14
865,control,45+,android,app_store,0.5816,0,0,4.36
866,control,45+,ios,app_store,0.6926,1,0,22.24
867,control,35-44,ios,app_store,0.685,1,0,21.28
868,control,18-24,android,website,0.5877,0,0,8.57
869,control,25-34,android,referral,0.7288,0,1,5.14
870,control,35-44,ios,google_play,0.7532,1,0,22.94
871,control,18-24,android,app_store,0.5865,0,1,4.1
872,control,45+,android,website,0.3534,0,1,0.09
873,control,25-34,android,app_store,0.5653,0,1,2.69
874,control,35-44,android,referral,0.64,0,0,5.62
875,control,45+,ios,google_play,0.538,0,0,5.94
876,control,25-34,ios,app_store,0.603,0,1,8.72
877,control,25-34,android,google_play,0.7014,0,0,1.84
878,control,35-44,ios,google_play,0.5755,0,0,4.31
879,control,35-44,android,website,0.6099,0,0,3.04
880,control,25-34,android,app_store,0.5913,1,0,27.75
881,control,35-44,android,referral,0.5474,1,0,20.26
882,control,45+,ios,website,0.4099,0,0,4.92
883,control,25-34,web,referral,0.4699,0,1,3.37
884,control,18-24,ios,referral,0.6248,0,0,2.69
885,control,25-34,android,app_store,0.5609,0,0,0.0
886,control,25-34,android,google_play,0.5099,0,0,0.0
887,control,18-24,android,website,0.3259,0,0,4.14
888,control,18-24,ios,google_play,0.6006,0,0,3.69
889,control,35-44,android,app_store,0.5721,1,0,19.11
890,control,25-34,web,app_store,0.5189,1,0,23.65
891,control,45+,ios,app_store,0.4589,0,1,3.83
892,control,25-34,ios,referral,0.6169,1,0,15.91
893,control,18-24,ios,google_play,0.6036,0,0,2.74
894,control,35-44,android,website,0.5196,0,0,4.38
895,control,45+,ios,referral,0.4709,0,0,2.13
896,control,25-34,android,app_store,0.5614,1,0,24.39
897,control,25-34,ios,website,0.6496,1,0,17.93
898,control,18-24,ios,app_store,0.5592,1,0,19.51
899,control,25-34,android,app_store,0.5715,1,0,13.1
900,control,25-34,ios,app_store,0.5799,1,0,24.39
901,control,25-34,android,google_play,0.5048,1,0,26.63
902,control,18-24,android,google_play,0.4522,0,0,0.0
903,control,25-34,ios,google_play,0.4831,0,0,4.94
904,control,45+,ios,app_store,0.6305,0,1,3.11
905,control,35-44,web,app_store,0.633,1,0,19.7
906,control,25-34,ios,website,0.5726,0,0,5.13
907,control,18-24,ios,app_store,0.5796,1,0,4.59
908,control,25-34,android,website,0.5532,1,0,22.56
909,control,25-34,android,referral,0.5372,1,0,24.67
910,control,35-44,web,website,0.53,0,1,7.91
911,control,45+,android,google_play,0.4681,0,1,0.1
912,control,45+,ios,website,0.6969,0,0,3.39
913,control,45+,android,website,0.5376,1,0,14.77
914,control,45+,android,referral,0.5394,0,0,0.0
915,control,45+,ios,referral,0.6753,1,1,14.28
916,control,18-24,ios,google_play,0.6652,0,1,0.0
917,control,18-24,ios,website,0.4056,1,0,20.01
918,control,25-34,web,website,0.5182,1,0,8.21
919,control,35-44,android,app_store,0.5847,0,1,0.0
920,control,18-24,ios,google_play,0.6149,1,0,14.88
921,control,35-44,android,website,0.5281,0,0,6.27
922,control,35-44,ios,website,0.5781,1,0,34.67
923,control,25-34,android,google_play,0.5391,0,0,4.59
924,control,18-24,ios,app_store,0.6399,0,0,0.0
925,control,25-34,android,app_store,0.4505,0,1,1.06
926,control,18-24,ios,google_play,0.5318,0,0,5.87
927,control,45+,ios,referral,0.4185,0,0,0.0
928,control,35-44,web,referral,0.5436,1,0,24.58
929,control,35-44,android,google_play,0.6214,1,0,19.64
930,control,25-34,web,app_store,0.6029,0,1,3.05
931,control,25-34,android,website,0.5009,1,0,7.89
932,control,25-34,android,website,0.6159,1,0,23.52
933,control,35-44,android,google_play,0.7043,0,0,0.76
934,control,35-44,android,google_play,0.5905,1,0,18.92
935,control,25-34,ios,app_store,0.626,1,0,17.06
936,control,45+,android,website,0.4198,1,0,8.5
937,control,18-24,android,website,0.5262,1,0,16.62
938,control,45+,ios,google_play,0.4505,0,1,0.0
939,control,18-24,ios,referral,0.7297,1,0,14.09
940,control,25-34,ios,website,0.6572,1,0,20.6
941,control,35-44,ios,referral,0.5601,1,0,22.21
942,control,18-24,android,google_play,0.4629,1,0,17.89
943,control,25-34,ios,google_play,0.6497,0,1,0.32
944,control,25-34,android,referral,0.5689,1,1,14.12
945,control,25-34,android,referral,0.6396,1,0,14.01
946,control,35-44,android,referral,0.5872,1,0,5.18
947,control,45+,ios,website,0.618,0,0,3.76
948,control,45+,android,google_play,0.5067,1,1,8.0
949,control,25-34,ios,app_store,0.7996,0,1,3.77
950,control,25-34,android,google_play,0.6242,1,0,9.24
951,control,25-34,ios,referral,0.528,1,0,10.76
952,control,25-34,ios,google_play,0.7829,1,0,22.01
953,control,18-24,android,website,0.5639,0,0,3.59
954,control,45+,android,referral,0.5564,1,0,6.69
955,control,45+,ios,referral,0.6177,0,1,1.49
956,control,35-44,ios,referral,0.5609,0,0,4.44
957,control,25-34,android,google_play,0.4316,0,0,1.27
958,control,25-34,ios,google_play,0.6127,1,0,15.94
959,control,25-34,android,referral,0.7063,1,0,19.46
960,control,25-34,android,app_store,0.5977,0,1,3.66
961,control,25-34,android,app_store,0.7027,0,1,0.0
962,control,18-24,ios,referral,0.6917,0,0,3.58
963,control,18-24,android,website,0.4776,1,1,16.28
964,control,45+,ios,google_play,0.6407,1,0,28.34
965,control,25-34,android,app_store,0.6878,0,0,3.13
966,control,45+,ios,google_play,0.5396,0,0,3.99
967,control,18-24,android,referral,0.5289,1,0,19.56
968,control,35-44,ios,website,0.5972,1,0,16.07
969,control,25-34,ios,google_play,0.423,0,0,0.91
970,control,25-34,android,google_play,0.5984,1,0,20.76
971,control,18-24,android,referral,0.6036,0,1,5.18
972,control,18-24,ios,referral,0.5976,0,1,11.0
973,control,45+,web,google_play,0.5436,1,0,22.45
974,control,25-34,web,website,0.5325,0,1,6.23
975,control,35-44,android,app_store,0.4262,0,1,6.08
976,control,25-34,ios,google_play,0.749,1,0,13.86
977,control,25-34,android,app_store,0.5366,0,0,0.0
978,control,25-34,android,google_play,0.5266,1,0,11.98
979,control,18-24,ios,google_play,0.6746,0,1,5.98
980,control,45+,ios,google_play,0.6243,1,0,26.53
981,control,35-44,ios,app_store,0.6478,1,0,22.4
982,control,35-44,ios,app_store,0.6875,0,0,2.9
983,control,25-34,android,app_store,0.4736,1,0,28.06
984,control,18-24,ios,website,0.5095,1,0,15.34
985,control,45+,android,app_store,0.5996,0,0,0.0
986,control,25-34,android,app_store,0.5118,0,0,4.41
987,control,18-24,android,referral,0.4661,0,1,8.15
988,control,25-34,web,app_store,0.5823,1,0,12.94
989,control,35-44,ios,referral,0.6642,1,0,7.77
990,control,35-44,android,website,0.5978,1,0,18.23
991,control,35-44,ios,website,0.4757,0,0,6.28
992,control,35-44,web,google_play,0.402,1,0,0.21
993,control,25-34,web,app_store,0.6497,0,0,7.02
994,control,45+,ios,website,0.4094,0,1,0.0
995,control,25-34,android,website,0.4772,0,0,6.11
996,control,35-44,ios,google_play,0.4613,0,0,0.0
997,control,18-24,ios,website,0.5978,1,0,9.15
998,control,45+,web,google_play,0.544,0,0,5.73
999,control,25-34,ios,referral,0.6608,1,0,25.29
1000,control,18-24,ios,website,0.5403,0,0,3.47
1001,control,25-34,android,app_store,0.4012,1,0,32.37
1002,control,18-24,ios,referral,0.5072,1,0,11.86
1003,control,18-24,android,referral,0.5099,1,0,11.79
1004,control,35-44,android,website,0.4861,1,0,16.19
1005,control,25-34,ios,app_store,0.5843,0,0,2.24
1006,control,45+,ios,website,0.5157,1,0,19.7
1007,control,25-34,web,website,0.6165,1,0,13.54
1008,control,35-44,ios,google_play,0.5176,1,0,21.41
1009,control,25-34,web,referral,0.6053,0,1,5.46
1010,control,35-44,ios,google_play,0.6929,1,0,27.68
1011,control,35-44,ios,referral,0.5821,1,0,15.06
1012,control,25-34,android,website,0.5106,0,0,4.71
1013,control,45+,ios,app_store,0.5733,1,1,21.64
1014,control,25-34,android,referral,0.5969,1,0,17.96
1015,control,18-24,android,google_play,0.5799,1,0,16.73
1016,control,35-44,android,google_play,0.6036,1,0,5.62
1017,control,35-44,ios,google_play,0.6111,0,1,3.8
1018,control,18-24,ios,app_store,0.4622,0,0,5.64
1019,control,25-34,web,website,0.5558,0,0,3.29
1020,control,45+,web,google_play,0.524,1,0,13.31
1021,control,35-44,web,referral,0.5466,0,0,0.0
1022,control,45+,android,referral,0.5726,0,0,5.13
1023,control,25-34,web,website,0.6374,0,0,3.62
1024,control,35-44,ios,app_store,0.5732,0,1,8.5
1025,control,25-34,web,website,0.4778,0,0,0.0
1026,control,45+,android,app_store,0.4349,1,0,15.18
1027,control,25-34,android,website,0.3917,0,0,0.0
1028,control,35-44,web,google_play,0.7664,0,0,7.19
1029,control,25-34,android,referral,0.5601,1,0,25.43
1030,control,35-44,android,google_play,0.5273,0,0,10.42
1031,control,35-44,ios,app_store,0.5359,0,1,5.38
1032,control,25-34,android,referral,0.565,1,0,22.74
1033,control,45+,android,google_play,0.4504,1,0,20.62
1034,control,25-34,web,referral,0.721,1,0,21.44
1035,control,35-44,web,referral,0.5261,0,1,3.68
1036,control,25-34,web,google_play,0.4629,1,0,21.71
1037,control,25-34,android,google_play,0.6201,1,0,30.84
1038,control,25-34,android,google_play,0.5674,1,0,19.31
1039,control,18-24,android,website,0.4582,0,0,3.59
1040,control,18-24,ios,referral,0.6308,0,0,4.21
1041,control,35-44,android,google_play,0.6069,1,0,17.11
1042,control,35-44,ios,website,0.5823,1,0,19.48
1043,control,35-44,web,app_store,0.4835,1,0,16.9
1044,control,18-24,ios,website,0.3826,0,0,7.62
1045,control,25-34,android,website,0.47,0,1,7.26
1046,control,18-24,android,referral,0.4593,1,0,31.0
1047,control,35-44,android,google_play,0.6175,1,0,17.86
1048,control,45+,android,google_play,0.3621,0,0,4.54
1049,control,25-34,ios,app_store,0.5702,0,1,4.39
1050,control,35-44,android,app_store,0.5722,0,1,4.22
1051,control,18-24,ios,google_play,0.5628,1,0,24.78
1052,control,25-34,ios,referral,0.6679,0,1,0.0
1053,control,18-24,android,google_play,0.4999,0,0,5.16
1054,control,25-34,android,google_play,0.5226,1,0,29.97
1055,control,35-44,android,website,0.6456,0,0,8.41
1056,control,45+,android,app_store,0.4704,1,0,25.49
1057,control,25-34,ios,app_store,0.7195,0,0,6.53
1058,control,25-34,ios,referral,0.61,0,1,1.36
1059,control,35-44,web,app_store,0.5947,1,0,13.5
1060,control,45+,ios,google_play,0.5349,1,0,13.55
1061,control,35-44,android,google_play,0.6145,1,0,11.17
1062,control,25-34,android,app_store,0.5324,0,0,6.91
1063,control,35-44,android,app_store,0.5937,1,0,26.81
1064,control,25-34,android,app_store,0.6885,1,0,20.61
1065,control,45+,web,google_play,0.5999,0,0,6.4
1066,control,25-34,ios,referral,0.7205,1,0,19.76
1067,control,35-44,android,google_play,0.4886,0,0,5.55
1068,control,18-24,android,google_play,0.4316,1,0,5.3
1069,control,25-34,android,google_play,0.5934,1,0,19.89
1070,control,45+,web,referral,0.5977,1,0,15.45
1071,control,35-44,android,app_store,0.5445,1,0,17.76
1072,control,25-34,android,referral,0.5402,1,0,19.35
1073,control,45+,android,google_play,0.6175,1,0,13.71
1074,control,45+,ios,referral,0.6209,0,0,0.0
1075,control,25-34,ios,google_play,0.7006,1,0,13.52
1076,control,25-34,ios,app_store,0.5707,1,0,9.31
1077,control,25-34,android,google_play,0.5344,1,0,11.07
1078,control,35-44,android,app_store,0.6619,1,0,11.89
1079,control,25-34,web,website,0.515,1,0,9.39
1080,control,25-34,android,website,0.4771,1,0,21.17
1081,control,45+,android,website,0.3829,1,0,12.6
1082,control,45+,ios,app_store,0.4951,0,0,0.0
1083,control,35-44,android,website,0.616,0,0,2.06
1084,control,45+,android,google_play,0.3852,0,0,0.0
1085,control,35-44,ios,referral,0.7063,1,0,26.75
1086,control,35-44,ios,website,0.5293,1,0,18.8
1087,control,35-44,android,google_play,0.5792,1,1,9.18
1088,control,25-34,android,referral,0.5843,0,0,5.55
1089,control,25-34,ios,google_play,0.5983,1,0,18.51
1090,control,25-34,android,google_play,0.553,1,0,16.57
1091,control,35-44,android,app_store,0.5505,0,1,9.17
1092,control,25-34,ios,website,0.5203,1,0,12.15
1093,control,25-34,ios,google_play,0.7216,1,0,24.21
1094,control,35-44,web,app_store,0.598,0,1,2.03
1095,control,25-34,android,website,0.5159,1,0,17.89
1096,control,25-34,android,app_store,0.5144,1,0,13.5
1097,control,35-44,ios,website,0.5534,1,0,13.88
1098,control,45+,ios,app_store,0.4847,1,0,15.38
1099,control,18-24,android,google_play,0.5872,0,0,0.0
1100,control,18-24,ios,referral,0.5257,0,0,4.75
1101,control,25-34,android,app_store,0.3863,1,0,18.69
1102,control,35-44,ios,website,0.5907,1,0,9.01
1103,control,35-44,ios,website,0.5636,1,1,21.96
1104,control,18-24,android,referral,0.4991,0,1,8.75
1105,control,35-44,web,app_store,0.6689,1,0,14.01
1106,control,18-24,web,website,0.2673,0,1,0.67
1107,control,25-34,android,google_play,0.7021,0,1,7.51
1108,control,45+,android,google_play,0.5904,0,1,4.95
1109,control,18-24,ios,google_play,0.5158,0,1,3.01
1110,control,18-24,android,google_play,0.4899,0,1,6.43
1111,control,25-34,android,google_play,0.6164,1,0,19.64
1112,control,35-44,android,app_store,0.6285,0,0,8.64
1113,control,45+,web,google_play,0.4653,0,0,3.44
1114,control,45+,android,website,0.3267,0,0,5.04
1115,control,18-24,ios,google_play,0.7351,1,0,24.59
1116,control,18-24,android,app_store,0.5925,1,0,3.31
1117,control,35-44,android,google_play,0.6085,0,0,7.58
1118,control,25-34,web,google_play,0.6001,0,0,1.68
1119,control,45+,android,website,0.5057,1,0,21.0
1120,control,35-44,android,referral,0.6753,1,0,27.98
1121,control,18-24,android,google_play,0.3591,0,0,2.4
1122,control,35-44,ios,website,0.5579,1,0,15.27
1123,control,18-24,android,app_store,0.4796,1,0,17.67
1124,control,25-34,android,referral,0.5831,0,0,0.0
1125,control,35-44,android,google_play,0.6577,0,1,11.42
1126,control,25-34,android,google_play,0.4328,0,0,3.35
1127,control,35-44,android,app_store,0.4781,1,0,27.87
1128,control,35-44,ios,app_store,0.5715,1,0,16.0
1129,control,45+,android,website,0.4683,0,0,3.62
1130,control,45+,android,app_store,0.5626,0,0,6.9
1131,control,25-34,ios,app_store,0.7365,0,0,0.0
1132,control,18-24,ios,app_store,0.5331,1,0,17.38
1133,control,35-44,android,referral,0.6824,1,0,23.44
1134,control,45+,android,website,0.5128,0,0,2.73
1135,control,25-34,android,referral,0.6393,0,0,1.76
1136,control,25-34,web,referral,0.6041,0,0,7.51
1137,control,25-34,android,referral,0.564,1,0,26.41
1138,control,18-24,android,google_play,0.4408,1,0,27.36
1139,control,35-44,android,app_store,0.4955,0,0,1.07
1140,control,25-34,android,google_play,0.6038,1,0,14.52
1141,control,35-44,android,app_store,0.5816,1,0,15.17
1142,control,35-44,android,website,0.5128,1,0,22.31
1143,control,35-44,ios,app_store,0.6792,0,0,0.0
1144,control,25-34,ios,app_store,0.59,0,1,0.0
1145,control,25-34,ios,website,0.4929,1,1,13.71
1146,control,35-44,ios,app_store,0.6047,1,0,12.37
1147,control,35-44,android,app_store,0.6517,1,0,23.31
1148,control,25-34,web,app_store,0.4941,1,0,22.9
1149,control,45+,ios,website,0.5127,0,0,1.77
1150,control,18-24,ios,app_store,0.5516,1,0,16.84
1151,control,45+,ios,app_store,0.4751,1,0,2.76
1152,control,18-24,android,app_store,0.4925,1,0,15.26
1153,control,18-24,android,website,0.3503,0,1,7.98
1154,control,25-34,android,app_store,0.5748,1,0,14.93
1155,control,18-24,android,app_store,0.4068,0,0,0.0
1156,control,18-24,ios,referral,0.6718,1,0,26.26
1157,control,18-24,android,referral,0.5386,0,1,0.0
1158,control,25-34,android,app_store,0.5203,0,0,9.07
1159,control,35-44,web,app_store,0.6888,0,0,13.9
1160,control,18-24,ios,app_store,0.4735,1,0,17.34
1161,control,35-44,ios,website,0.5262,1,0,25.46
1162,control,35-44,android,app_store,0.4397,0,0,0.0
1163,control,18-24,ios,referral,0.6908,1,0,7.72
1164,control,18-24,web,website,0.6358,0,0,0.63
1165,control,45+,ios,google_play,0.4121,1,0,22.93
1166,control,35-44,ios,app_store,0.5607,1,0,18.01
1167,control,25-34,ios,referral,0.6416,0,1,2.83
1168,control,35-44,android,website,0.5047,1,1,10.25
1169,control,18-24,ios,website,0.5135,0,0,3.04
1170,control,25-34,web,app_store,0.5666,0,1,1.18
1171,control,35-44,android,website,0.5786,1,0,12.47
1172,control,25-34,android,website,0.4491,1,0,11.96
1173,control,35-44,android,referral,0.6314,1,0,19.15
1174,control,25-34,android,google_play,0.4867,0,1,0.91
1175,control,35-44,web,google_play,0.5731,0,1,3.48
1176,control,25-34,ios,google_play,0.4771,0,0,0.0
1177,control,25-34,android,website,0.4936,0,1,5.31
1178,control,25-34,android,referral,0.5502,1,0,19.44
1179,control,25-34,android,google_play,0.6515,0,0,2.67
1180,control,35-44,android,app_store,0.5813,0,0,4.08
1181,control,18-24,ios,app_store,0.5658,0,1,6.86
1182,control,18-24,ios,website,0.5142,1,0,9.31
1183,control,18-24,ios,referral,0.4157,1,0,18.4
1184,control,18-24,android,app_store,0.3562,1,0,10.17
1185,control,35-44,ios,google_play,0.6105,1,0,18.53
1186,control,25-34,ios,referral,0.6583,1,0,16.45
1187,control,45+,android,google_play,0.4872,0,0,3.41
1188,control,18-24,ios,app_store,0.4869,0,1,6.55
1189,control,35-44,ios,google_play,0.6168,1,0,22.91
1190,control,25-34,ios,google_play,0.5898,1,0,24.52
1191,control,25-34,android,app_store,0.6283,1,0,15.62
1192,control,45+,android,website,0.5138,1,0,22.22
1193,control,45+,ios,google_play,0.5017,0,0,5.32
1194,control,45+,android,website,0.452,0,0,2.16
1195,control,18-24,android,website,0.4981,1,0,18.7
1196,control,25-34,ios,app_store,0.64,1,0,17.21
1197,control,35-44,android,app_store,0.7182,1,0,26.37
1198,control,25-34,ios,app_store,0.6037,1,0,22.86
1199,control,35-44,web,app_store,0.6895,1,0,15.98
1200,control,35-44,ios,website,0.4932,1,0,15.57
1201,control,35-44,ios,app_store,0.575,1,0,23.75
1202,control,35-44,ios,website,0.4151,1,0,26.04
1203,control,35-44,android,app_store,0.5981,0,1,4.64
1204,control,18-24,android,app_store,0.5678,0,0,5.87
1205,control,18-24,ios,app_store,0.3516,1,0,25.82
1206,control,35-44,android,google_play,0.6111,0,0,2.87
1207,control,25-34,android,website,0.5743,1,0,18.5
1208,control,25-34,android,website,0.5698,0,0,5.25
1209,control,25-34,ios,app_store,0.5103,1,0,15.43
1210,control,35-44,android,website,0.6078,0,0,9.62
1211,control,35-44,ios,website,0.5867,1,0,15.37
1212,control,35-44,android,google_play,0.6433,1,0,18.37
1213,control,25-34,ios,app_store,0.5959,1,0,29.5
1214,control,25-34,android,app_store,0.5965,0,0,0.0
1215,control,25-34,android,app_store,0.6547,0,1,4.28
1216,control,25-34,ios,referral,0.6197,0,0,1.12
1217,control,35-44,ios,google_play,0.6587,1,0,18.0
1218,control,35-44,android,google_play,0.696,0,0,0.0
1219,control,18-24,android,website,0.4653,1,0,15.77
1220,control,18-24,android,google_play,0.436,1,0,18.15
1221,control,25-34,android,website,0.5801,1,0,19.43
1222,control,45+,ios,app_store,0.6508,1,0,23.37
1223,control,35-44,android,google_play,0.6991,0,1,0.0
1224,control,18-24,ios,app_store,0.6132,1,0,17.24
1225,control,45+,android,app_store,0.3085,0,0,2.87
1226,control,25-34,ios,app_store,0.5551,0,0,3.27
1227,control,25-34,android,website,0.4792,0,1,3.62
1228,control,45+,ios,website,0.4996,0,1,0.51
1229,control,18-24,android,website,0.6111,1,0,8.72
1230,control,25-34,web,app_store,0.4896,1,0,19.3
1231,control,35-44,ios,referral,0.8354,0,0,0.0
1232,control,18-24,ios,app_store,0.5254,1,0,20.42
1233,control,35-44,android,website,0.4846,1,0,12.38
1234,control,25-34,android,website,0.5936,0,0,5.99
1235,control,18-24,android,google_play,0.5999,1,0,17.67
1236,control,25-34,android,google_play,0.628,0,0,3.55
1237,control,25-34,ios,website,0.5044,1,0,16.52
1238,control,18-24,ios,website,0.5562,1,0,15.56
1239,control,18-24,ios,app_store,0.4733,0,0,2.66
1240,control,45+,ios,website,0.4322,1,0,25.09
1241,control,25-34,android,app_store,0.5584,0,1,0.0
1242,control,25-34,android,google_play,0.5104,0,0,1.17
1243,control,18-24,ios,website,0.6002,1,0,24.34
1244,control,25-34,android,website,0.4797,1,0,22.92
1245,control,25-34,android,google_play,0.5584,1,0,26.06
1246,control,35-44,web,app_store,0.5256,1,0,17.64
1247,control,25-34,web,google_play,0.669,1,0,10.09
1248,control,45+,ios,app_store,0.4827,1,0,11.35
1249,control,45+,android,google_play,0.5974,0,0,2.42
1250,control,18-24,ios,google_play,0.6515,1,0,22.56
1251,control,18-24,android,website,0.4403,1,0,16.47
1252,control,18-24,android,app_store,0.5184,1,0,16.01
1253,control,35-44,android,app_store,0.5481,1,0,20.38
1254,control,18-24,web,google_play,0.5797,1,0,18.17
1255,control,45+,web,app_store,0.4904,1,0,15.36
1256,control,35-44,ios,app_store,0.5926,1,0,11.99
1257,control,35-44,android,google_play,0.5997,1,0,23.68
1258,control,25-34,ios,google_play,0.4894,0,0,7.27
1259,control,45+,android,app_store,0.4899,1,0,11.65
1260,control,18-24,web,google_play,0.588,1,0,15.58
1261,control,25-34,android,referral,0.607,0,0,5.9
1262,control,25-34,android,google_play,0.6521,0,0,0.0
1263,control,45+,ios,app_store,0.5058,1,0,20.19
1264,control,35-44,ios,app_store,0.5893,0,0,2.32
1265,control,35-44,ios,app_store,0.5366,1,0,10.7
1266,control,18-24,android,google_play,0.4935,0,1,9.9
1267,control,45+,ios,website,0.6533,0,0,2.27
1268,control,25-34,android,app_store,0.588,0,0,5.39
1269,control,25-34,android,app_store,0.5192,0,1,0.0
1270,control,45+,ios,google_play,0.4655,0,0,9.09
1271,control,25-34,android,google_play,0.4481,0,1,10.51
1272,control,25-34,ios,referral,0.5696,1,0,8.99
1273,control,35-44,android,app_store,0.6467,0,0,2.91
1274,control,18-24,android,app_store,0.4818,1,0,25.97
1275,control,25-34,ios,google_play,0.5393,1,0,15.19
1276,control,18-24,android,app_store,0.4481,1,0,20.46
1277,control,18-24,ios,app_store,0.608,0,0,0.0
1278,control,45+,ios,google_play,0.5395,0,1,0.66
1279,control,35-44,android,google_play,0.5458,1,0,19.83
1280,control,25-34,ios,app_store,0.5813,0,1,1.38
1281,control,25-34,android,website,0.7025,0,0,2.2
1282,control,25-34,android,google_play,0.6736,1,1,8.91
1283,control,35-44,android,app_store,0.7035,1,0,21.92
1284,control,45+,ios,referral,0.4258,0,0,0.0
1285,control,45+,ios,app_store,0.5239,0,0,9.05
1286,control,25-34,ios,referral,0.5844,1,0,13.9
1287,control,25-34,web,referral,0.6495,1,0,22.8
1288,control,25-34,android,google_play,0.6608,1,0,22.21
1289,control,35-44,web,app_store,0.6221,1,0,12.09
1290,control,25-34,ios,website,0.4962,1,0,14.55
1291,control,35-44,web,google_play,0.5531,1,0,15.26
1292,control,35-44,web,app_store,0.6456,1,0,15.66
1293,control,25-34,web,google_play,0.6436,0,0,0.0
1294,control,25-34,android,google_play,0.5873,1,0,21.2
1295,control,25-34,ios,referral,0.6464,1,0,13.87
1296,control,18-24,ios,website,0.52,1,0,17.31
1297,control,18-24,ios,referral,0.6075,0,0,7.12
1298,control,35-44,android,website,0.6033,1,0,21.43
1299,control,25-34,web,website,0.5864,1,0,14.27
1300,control,25-34,android,google_play,0.5779,1,0,24.25
1301,control,35-44,ios,referral,0.6521,0,1,5.9
1302,control,35-44,ios,referral,0.649,1,0,13.76
1303,control,25-34,android,website,0.4636,1,0,14.92
1304,control,35-44,ios,website,0.5226,0,1,7.1
1305,control,45+,android,google_play,0.5495,0,0,6.3
1306,control,35-44,ios,app_store,0.569,1,0,8.98
1307,control,35-44,ios,referral,0.7211,1,0,11.97
1308,control,18-24,android,app_store,0.5119,0,0,6.0
1309,control,45+,ios,app_store,0.6016,0,0,0.0
1310,control,25-34,android,google_play,0.627,0,0,6.4
1311,control,45+,ios,google_play,0.6134,0,0,10.47
1312,control,35-44,web,google_play,0.5679,0,1,4.84
1313,control,18-24,android,app_store,0.5487,0,0,0.18
1314,control,18-24,ios,app_store,0.615,1,0,19.06
1315,control,35-44,ios,app_store,0.5019,0,0,7.22
1316,control,35-44,ios,google_play,0.7721,0,0,3.86
1317,control,18-24,ios,app_store,0.7373,0,0,5.24
1318,control,35-44,ios,website,0.6618,1,0,13.2
1319,control,45+,ios,app_store,0.6005,1,0,13.66
1320,control,25-34,android,google_play,0.6231,0,0,6.76
1321,control,25-34,android,google_play,0.5501,0,1,0.94
1322,control,18-24,web,google_play,0.5272,1,0,2.48
1323,control,35-44,android,referral,0.6932,1,0,16.16
1324,control,25-34,ios,app_store,0.5281,1,0,19.89
1325,control,45+,android,google_play,0.4211,1,0,24.35
1326,control,25-34,ios,website,0.5342,0,0,9.42
1327,control,35-44,ios,app_store,0.6785,0,0,3.8
1328,control,25-34,android,website,0.4567,1,0,21.95
1329,control,18-24,android,referral,0.528,1,0,18.72
1330,control,35-44,android,website,0.5375,1,0,20.12
1331,control,25-34,web,referral,0.5251,0,0,2.83
1332,control,25-34,ios,google_play,0.4208,0,0,4.89
1333,control,45+,ios,google_play,0.4639,0,0,0.87
1334,control,45+,ios,app_store,0.5569,0,0,10.63
1335,control,45+,android,app_store,0.5349,0,0,0.0
1336,control,18-24,android,app_store,0.5555,1,0,21.43
1337,control,35-44,android,google_play,0.6448,0,0,4.65
1338,control,45+,android,google_play,0.4559,1,0,20.23
1339,control,25-34,ios,app_store,0.5388,1,0,10.9
1340,control,18-24,web,website,0.516,1,0,7.93
1341,control,35-44,web,app_store,0.5791,0,0,5.68
1342,control,25-34,web,google_play,0.6586,1,0,26.05
1343,control,35-44,ios,app_store,0.6565,1,0,19.32
1344,control,45+,android,website,0.5587,1,0,22.83
1345,control,35-44,ios,google_play,0.5988,1,0,15.25
1346,control,25-34,web,website,0.6214,1,0,19.99
1347,control,25-34,ios,app_store,0.7688,0,1,7.91
1348,control,25-34,ios,google_play,0.6203,0,0,2.37
1349,control,18-24,ios,referral,0.6259,1,0,25.11
1350,control,35-44,ios,app_store,0.5516,1,0,8.19
1351,control,35-44,web,google_play,0.6775,1,0,14.32
1352,control,25-34,ios,app_store,0.6963,1,1,21.28
1353,control,25-34,android,app_store,0.5264,0,1,10.35
1354,control,45+,android,google_play,0.5529,0,1,3.55
1355,control,18-24,ios,app_store,0.5784,1,0,11.8
1356,control,25-34,android,google_play,0.6073,0,1,10.27
1357,control,25-34,web,referral,0.671,1,0,17.24
1358,control,35-44,ios,app_store,0.6675,1,0,21.99
1359,control,18-24,ios,app_store,0.5449,0,1,2.3
1360,control,35-44,android,website,0.6127,1,0,18.85
1361,control,25-34,ios,google_play,0.7049,1,0,14.63
1362,control,35-44,ios,referral,0.6117,0,0,11.63
1363,control,18-24,android,google_play,0.5259,1,0,25.15
1364,control,25-34,web,website,0.3945,1,0,28.61
1365,control,25-34,android,referral,0.6427,1,0,13.27
1366,control,25-34,android,app_store,0.6638,1,0,7.05
1367,control,18-24,android,website,0.4554,0,1,2.45
1368,control,18-24,ios,website,0.5267,1,0,33.1
1369,control,25-34,ios,website,0.5484,1,0,16.07
1370,control,18-24,web,app_store,0.4953,1,0,24.31
1371,control,45+,android,google_play,0.5246,0,0,0.0
1372,control,25-34,web,app_store,0.5133,0,0,0.52
1373,control,35-44,ios,referral,0.6372,1,0,17.52
1374,control,45+,android,app_store,0.4236,1,1,30.66
1375,control,18-24,android,app_store,0.5631,0,0,7.46
1376,control,35-44,android,referral,0.6351,1,0,5.68
1377,control,45+,web,google_play,0.4815,1,0,22.0
1378,control,35-44,android,google_play,0.599,1,0,11.11
1379,control,25-34,ios,app_store,0.5883,1,0,13.91
1380,control,25-34,ios,website,0.6575,0,0,5.34
1381,control,18-24,web,app_store,0.4907,1,0,26.39
1382,control,25-34,ios,google_play,0.6668,0,1,8.36
1383,control,45+,ios,google_play,0.4896,1,0,19.99
1384,control,45+,android,google_play,0.5711,1,0,20.07
1385,control,18-24,web,app_store,0.609,1,1,26.08
1386,control,35-44,android,app_store,0.6728,1,0,8.55
1387,control,25-34,android,website,0.6437,1,0,28.96
1388,control,45+,web,app_store,0.5294,0,1,0.85
1389,control,18-24,android,app_store,0.615,1,0,19.56
1390,control,45+,android,google_play,0.6359,0,1,1.71
1391,control,35-44,ios,google_play,0.5462,0,0,0.0
1392,control,18-24,android,website,0.4277,0,1,5.16
1393,control,18-24,android,google_play,0.4063,0,1,4.35
1394,control,35-44,ios,referral,0.7409,1,0,17.37
1395,control,18-24,ios,website,0.3953,1,0,17.08
1396,control,25-34,ios,website,0.4236,1,0,27.16
1397,control,45+,android,website,0.3682,1,0,31.16
1398,control,35-44,ios,app_store,0.4869,1,0,25.52
1399,control,25-34,ios,referral,0.6578,1,0,19.66
1400,control,25-34,android,website,0.4392,0,1,0.0
1401,control,18-24,android,google_play,0.3908,1,0,21.76
1402,control,45+,android,app_store,0.4927,1,0,22.03
1403,control,25-34,ios,app_store,0.6074,1,0,22.63
1404,control,18-24,android,website,0.3264,0,0,0.0
1405,control,25-34,ios,google_play,0.5589,1,0,23.1
1406,control,45+,web,website,0.46,0,1,9.12
1407,control,18-24,android,google_play,0.4975,1,0,12.1
1408,control,45+,ios,google_play,0.5196,0,1,5.96
1409,control,35-44,android,app_store,0.6803,1,1,13.13
1410,control,35-44,android,app_store,0.7577,1,0,17.37
1411,control,45+,ios,app_store,0.5109,0,1,0.08
1412,control,35-44,android,website,0.4402,0,0,2.24
1413,control,45+,web,google_play,0.4972,0,0,2.27
1414,control,18-24,ios,referral,0.6015,1,0,20.47
1415,control,35-44,android,website,0.5417,0,1,6.71
1416,control,25-34,android,website,0.5749,1,0,25.3
1417,control,25-34,android,google_play,0.753,0,0,1.15
1418,control,45+,web,website,0.329,0,0,4.8
1419,control,45+,ios,referral,0.5254,1,0,11.41
1420,control,35-44,android,website,0.6693,0,0,3.1
1421,control,25-34,ios,app_store,0.5642,0,0,3.65
1422,control,25-34,ios,website,0.6292,0,1,0.18
1423,control,25-34,ios,app_store,0.6565,1,0,21.35
1424,control,25-34,android,app_store,0.665,0,1,2.94
1425,control,25-34,android,website,0.6791,1,0,18.93
1426,control,18-24,android,website,0.5026,0,1,7.91
1427,control,18-24,android,app_store,0.3763,1,0,15.43
1428,control,35-44,ios,app_store,0.57,1,1,23.1
1429,control,25-34,android,referral,0.7709,1,1,26.66
1430,control,45+,android,app_store,0.3829,1,0,26.29
1431,control,35-44,android,app_store,0.6257,1,0,16.87
1432,control,18-24,android,website,0.2748,1,0,12.16
1433,control,18-24,web,website,0.3779,1,0,13.74
1434,control,25-34,ios,google_play,0.687,1,0,8.48
1435,control,45+,android,google_play,0.5089,0,0,5.97
1436,control,25-34,ios,google_play,0.5859,1,1,22.49
1437,control,25-34,android,app_store,0.5009,0,0,3.92
1438,control,45+,web,website,0.3063,0,0,0.0
1439,control,45+,ios,website,0.5515,0,1,2.18
1440,control,25-34,ios,google_play,0.5933,1,1,26.28
1441,control,18-24,web,app_store,0.4043,0,0,5.69
1442,control,18-24,ios,app_store,0.5584,1,0,22.7
1443,control,18-24,ios,app_store,0.6025,0,0,15.41
1444,control,18-24,android,app_store,0.4999,1,0,19.97
1445,control,35-44,android,app_store,0.5953,0,0,0.0
1446,control,45+,ios,website,0.4991,0,0,0.0
1447,control,25-34,ios,app_store,0.5495,1,0,19.83
1448,control,35-44,ios,website,0.5903,1,0,18.11
1449,control,25-34,ios,google_play,0.6748,1,0,16.97
1450,control,35-44,android,website,0.6288,0,0,2.94
1451,control,35-44,android,referral,0.6793,0,1,0.68
1452,control,45+,ios,google_play,0.492,1,0,20.24
1453,control,45+,android,app_store,0.5469,0,1,8.52
1454,control,25-34,ios,website,0.6032,1,0,28.39
1455,control,18-24,ios,app_store,0.4992,0,0,9.63
1456,control,25-34,ios,app_store,0.5689,0,0,0.06
1457,control,25-34,ios,app_store,0.6604,0,0,3.43
1458,control,45+,ios,referral,0.6762,0,1,2.37
1459,control,25-34,ios,app_store,0.4611,1,0,21.55
1460,control,35-44,android,google_play,0.7272,1,0,17.5
1461,control,25-34,ios,google_play,0.7091,0,1,2.69
1462,control,18-24,ios,website,0.5319,1,0,26.73
1463,control,25-34,android,app_store,0.5467,1,1,18.59
1464,control,35-44,ios,referral,0.6872,1,1,18.75
1465,control,35-44,web,website,0.5048,0,0,4.99
1466,control,25-34,android,google_play,0.5618,0,1,5.93
1467,control,25-34,ios,google_play,0.498,0,1,5.96
1468,control,35-44,web,website,0.4167,1,1,27.31
1469,control,18-24,web,website,0.6726,0,0,0.0
1470,control,45+,android,google_play,0.511,1,1,19.95
1471,control,18-24,ios,google_play,0.5823,0,0,3.13
1472,control,18-24,web,app_store,0.5235,1,0,16.19
1473,control,25-34,ios,app_store,0.5398,0,1,6.23
1474,control,25-34,android,app_store,0.5414,1,0,25.78
1475,control,25-34,android,app_store,0.5733,0,0,1.37
1476,control,25-34,ios,app_store,0.5903,0,0,9.57
1477,control,45+,android,referral,0.4658,1,0,9.41
1478,control,25-34,android,website,0.5644,0,0,5.62
1479,control,25-34,android,website,0.5411,1,0,12.66
1480,control,25-34,ios,website,0.5974,0,1,1.19
1481,control,18-24,ios,website,0.5724,0,0,3.72
1482,control,35-44,web,app_store,0.5824,1,0,15.61
1483,control,25-34,ios,website,0.5525,1,0,0.82
1484,control,35-44,web,app_store,0.7146,0,1,5.7
1485,control,18-24,web,google_play,0.4605,0,0,6.31
1486,control,45+,android,referral,0.3761,0,1,2.92
1487,control,25-34,ios,referral,0.6804,0,0,2.64
1488,control,45+,android,app_store,0.4457,0,0,2.16
1489,control,25-34,web,website,0.4498,1,0,7.73
1490,control,18-24,android,app_store,0.5868,1,0,7.1
1491,control,35-44,ios,app_store,0.6144,1,0,22.82
1492,control,35-44,ios,app_store,0.5249,1,0,24.39
1493,control,35-44,android,app_store,0.7408,0,0,5.65
1494,control,25-34,ios,website,0.4371,1,0,20.28
1495,control,35-44,android,google_play,0.5891,1,0,22.7
1496,control,45+,android,app_store,0.3449,1,0,22.3
1497,control,35-44,ios,referral,0.6777,0,0,0.67
1498,control,25-34,android,google_play,0.5247,0,1,4.3
1499,control,35-44,ios,google_play,0.7015,1,0,16.22
1500,control,35-44,web,google_play,0.6046,0,0,2.48
1501,control,45+,android,google_play,0.614,1,0,24.84
1502,control,25-34,ios,google_play,0.5816,1,0,27.45
1503,control,25-34,web,website,0.4076,0,0,0.0
1504,control,35-44,ios,referral,0.675,1,0,16.47
1505,control,25-34,android,google_play,0.5558,0,0,2.39
1506,control,35-44,web,google_play,0.4605,1,0,24.97
1507,control,25-34,android,app_store,0.4816,1,0,9.3
1508,control,25-34,ios,referral,0.577,1,0,0.06
1509,control,35-44,ios,google_play,0.7604,1,0,22.93
1510,control,18-24,ios,app_store,0.6126,1,0,23.78
1511,control,18-24,android,referral,0.5182,1,0,7.3
1512,control,35-44,android,google_play,0.6337,1,0,17.25
1513,control,35-44,ios,app_store,0.4628,0,1,9.01
1514,control,45+,android,app_store,0.4508,0,0,0.0
1515,control,25-34,ios,google_play,0.6481,1,0,18.61
1516,control,18-24,ios,referral,0.5992,1,0,21.05
1517,control,45+,ios,google_play,0.5029,1,0,9.43
1518,control,18-24,android,app_store,0.5129,1,0,14.62
1519,control,18-24,android,google_play,0.553,0,0,0.0
1520,control,25-34,web,google_play,0.5853,0,0,2.91
1521,control,25-34,android,app_store,0.6349,1,0,13.25
1522,control,45+,android,referral,0.5515,0,1,4.25
1523,control,35-44,android,app_store,0.6269,1,1,21.81
1524,control,35-44,android,referral,0.7531,1,0,26.33
1525,control,18-24,web,website,0.5522,0,0,11.9
1526,control,25-34,android,app_store,0.7053,1,0,19.25
1527,control,25-34,android,website,0.4722,1,0,16.1
1528,control,18-24,ios,website,0.3886,1,1,15.75
1529,control,25-34,android,website,0.5148,1,0,12.21
1530,control,25-34,android,google_play,0.558,1,0,20.69
1531,control,18-24,web,app_store,0.6428,1,0,15.03
1532,control,35-44,ios,app_store,0.5356,0,0,5.36
1533,control,35-44,android,website,0.5397,0,0,0.14
1534,control,18-24,android,app_store,0.5484,1,0,15.2
1535,control,25-34,android,app_store,0.574,1,0,20.59
1536,control,35-44,android,google_play,0.5823,1,1,17.25
1537,control,35-44,ios,app_store,0.6547,0,1,0.0
1538,control,35-44,ios,website,0.6723,1,0,17.91
1539,control,25-34,ios,website,0.6889,1,0,13.19
1540,control,35-44,web,website,0.5586,0,1,7.75
1541,control,25-34,android,app_store,0.5007,1,0,23.83
1542,control,25-34,web,google_play,0.7088,1,1,4.3
1543,control,18-24,ios,website,0.4298,0,0,6.39
1544,control,25-34,android,google_play,0.7192,0,0,4.9
1545,control,25-34,ios,website,0.6735,1,0,9.1
1546,control,25-34,android,google_play,0.6952,1,0,23.27
1547,control,35-44,ios,google_play,0.6908,1,0,10.32
1548,control,25-34,ios,app_store,0.437,1,0,24.87
1549,control,25-34,android,website,0.4429,1,0,14.12
1550,control,18-24,web,app_store,0.5506,1,0,8.89
1551,control,25-34,android,referral,0.5419,0,0,11.13
1552,control,25-34,ios,google_play,0.5908,0,0,0.0
1553,control,25-34,android,app_store,0.615,0,0,0.6
1554,control,25-34,android,website,0.5124,0,0,1.3
1555,control,35-44,android,google_play,0.4985,1,0,15.27
1556,control,45+,web,app_store,0.5769,1,0,22.19
1557,control,25-34,android,referral,0.6372,1,0,18.35
1558,control,35-44,web,website,0.5361,1,0,24.03
1559,control,45+,android,google_play,0.5629,1,0,20.23
1560,control,45+,ios,website,0.5036,1,0,7.96
1561,control,35-44,android,google_play,0.7025,1,0,21.3
1562,control,45+,android,google_play,0.5181,1,0,19.4
1563,control,45+,web,app_store,0.6119,0,0,1.25
1564,control,35-44,android,app_store,0.4361,0,0,10.97
1565,control,25-34,ios,google_play,0.6527,0,0,5.69
1566,control,18-24,ios,google_play,0.5342,1,0,23.65
1567,control,18-24,ios,website,0.4473,1,0,23.86
1568,control,25-34,ios,google_play,0.7087,0,0,1.99
1569,control,25-34,web,google_play,0.6571,1,0,21.8
1570,control,25-34,ios,website,0.4055,0,1,4.64
1571,control,35-44,ios,referral,0.7132,0,0,1.49
1572,control,35-44,ios,google_play,0.6835,0,0,0.0
1573,control,35-44,ios,referral,0.5982,1,0,18.15
1574,control,18-24,android,website,0.4092,1,0,21.52
1575,control,25-34,ios,app_store,0.4788,1,0,18.1
1576,control,35-44,android,google_play,0.569,1,0,16.91
1577,control,35-44,ios,app_store,0.6118,1,0,18.16
1578,control,45+,web,website,0.5298,0,1,2.47
1579,control,45+,web,google_play,0.5376,1,1,27.3
1580,control,45+,ios,google_play,0.4612,0,0,4.47
1581,control,25-34,ios,website,0.5851,0,0,1.75
1582,control,25-34,ios,google_play,0.5957,1,0,7.15
1583,control,25-34,android,google_play,0.5012,0,0,2.79
1584,control,35-44,ios,referral,0.5288,0,1,1.42
1585,control,45+,android,referral,0.576,1,0,14.32
1586,control,25-34,android,website,0.5617,0,0,6.89
1587,control,35-44,web,app_store,0.6405,0,0,3.79
1588,control,25-34,web,app_store,0.5177,0,0,0.0
1589,control,18-24,ios,app_store,0.5697,1,0,21.71
1590,control,18-24,android,google_play,0.416,0,0,0.0
1591,control,18-24,ios,app_store,0.4771,0,0,6.0
1592,control,45+,android,referral,0.5287,1,0,15.15
1593,control,25-34,ios,website,0.587,1,0,18.52
1594,control,35-44,web,google_play,0.4757,1,0,17.85
1595,control,35-44,android,app_store,0.5014,1,0,17.11
1596,control,18-24,android,google_play,0.4968,1,0,19.26
1597,control,18-24,android,google_play,0.6027,1,0,18.49
1598,control,35-44,android,website,0.481,0,0,10.23
1599,control,25-34,android,app_store,0.5772,0,0,4.31
1600,control,45+,android,website,0.4756,0,1,4.39
1601,control,18-24,android,app_store,0.496,1,0,13.74
1602,control,35-44,android,app_store,0.6074,1,0,20.29
1603,control,35-44,android,referral,0.5084,1,0,11.86
1604,control,25-34,ios,app_store,0.5535,0,1,7.64
1605,control,25-34,android,app_store,0.6807,1,0,9.09
1606,control,45+,web,website,0.5864,1,0,12.94
1607,control,25-34,android,google_play,0.6434,1,0,8.23
1608,control,25-34,android,app_store,0.654,1,0,20.52
1609,control,25-34,android,app_store,0.4199,0,0,1.97
1610,control,25-34,ios,app_store,0.5301,1,0,22.12
1611,control,35-44,android,google_play,0.5711,1,0,12.15
1612,control,35-44,ios,app_store,0.8193,1,0,21.19
1613,control,25-34,android,website,0.501,0,1,5.59
1614,control,35-44,web,referral,0.6856,1,0,19.27
1615,control,25-34,android,app_store,0.5963,0,0,3.61
1616,control,18-24,android,google_play,0.5545,0,0,3.99
1617,control,35-44,web,app_store,0.5941,0,0,0.22
1618,control,45+,android,app_store,0.4,1,0,11.55
1619,control,18-24,android,app_store,0.2999,0,0,5.46
1620,control,25-34,ios,website,0.6685,0,0,2.17
1621,control,25-34,android,google_play,0.5267,1,0,20.72
1622,control,35-44,android,google_play,0.4466,0,0,9.08
1623,control,18-24,android,website,0.511,1,0,15.26
1624,control,25-34,android,website,0.5595,1,0,14.4
1625,control,35-44,web,google_play,0.6674,0,1,2.33
1626,control,25-34,ios,app_store,0.6953,1,0,18.23
1627,control,18-24,ios,referral,0.5125,1,0,21.68
1628,control,18-24,android,google_play,0.456,1,0,17.83
1629,control,25-34,ios,website,0.5405,1,1,30.47
1630,control,25-34,ios,website,0.6317,1,0,20.53
1631,control,45+,android,google_play,0.3378,1,0,22.68
1632,control,35-44,web,app_store,0.6063,1,0,17.78
1633,control,35-44,ios,app_store,0.7006,1,0,24.07
1634,control,45+,ios,google_play,0.6173,0,1,2.76
1635,control,25-34,android,google_play,0.6327,1,1,14.13
1636,control,25-34,android,website,0.611,0,0,6.76
1637,control,45+,ios,website,0.2762,1,0,17.66
1638,control,25-34,ios,referral,0.7651,1,0,19.47
1639,control,35-44,android,referral,0.6424,1,0,23.89
1640,control,35-44,android,website,0.6528,1,0,18.83
1641,control,18-24,ios,app_store,0.462,1,0,17.1
1642,control,25-34,android,google_play,0.4357,1,0,14.79
1643,control,25-34,android,website,0.6689,0,1,7.32
1644,control,18-24,ios,google_play,0.4919,0,1,2.27
1645,control,25-34,android,app_store,0.5411,1,0,17.69
1646,control,25-34,android,google_play,0.6182,0,0,4.53
1647,control,35-44,android,google_play,0.6578,1,0,19.7
1648,control,45+,web,google_play,0.6023,0,0,7.15
1649,control,35-44,android,website,0.5639,0,1,3.25
1650,control,25-34,ios,google_play,0.5317,1,0,26.26
1651,control,25-34,web,google_play,0.6425,0,0,2.6
1652,control,25-34,ios,google_play,0.6738,0,1,4.83
1653,control,18-24,ios,google_play,0.4208,1,0,16.9
1654,control,45+,ios,app_store,0.6495,1,0,30.56
1655,control,25-34,android,google_play,0.377,0,0,2.24
1656,control,25-34,ios,google_play,0.6988,1,0,16.44
1657,control,35-44,web,website,0.5053,1,0,18.69
1658,control,25-34,ios,app_store,0.6624,0,1,2.54
1659,control,18-24,android,referral,0.5868,1,0,19.89
1660,control,18-24,android,website,0.473,0,0,7.92
1661,control,35-44,web,google_play,0.6421,0,0,4.03
1662,control,35-44,android,google_play,0.5891,1,1,19.11
1663,control,25-34,ios,google_play,0.6731,1,0,16.63
1664,control,45+,android,website,0.6308,1,0,14.97
1665,control,45+,ios,website,0.3887,0,1,3.85
1666,control,35-44,ios,website,0.3309,0,0,3.53
1667,control,25-34,ios,referral,0.6027,0,0,7.72
1668,control,18-24,android,google_play,0.4873,1,1,12.25
1669,control,45+,ios,website,0.4658,1,0,26.73
1670,control,25-34,android,google_play,0.5019,0,0,2.97
1671,control,35-44,android,website,0.6158,0,0,4.03
1672,control,35-44,ios,google_play,0.5255,1,0,11.61
1673,control,18-24,android,website,0.5121,0,1,5.52
1674,control,35-44,ios,app_store,0.6771,1,0,12.24
1675,control,45+,android,app_store,0.5213,1,0,20.24
1676,control,35-44,android,app_store,0.625,0,0,4.49
1677,control,25-34,web,referral,0.6819,1,0,16.05
1678,control,45+,android,google_play,0.5103,0,0,0.0
1679,control,25-34,ios,google_play,0.5883,1,0,30.96
1680,control,35-44,ios,google_play,0.6749,1,0,11.67
1681,control,35-44,web,google_play,0.654,0,1,4.48
1682,control,35-44,ios,referral,0.7272,1,0,13.62
1683,control,25-34,ios,referral,0.499,1,0,24.29
1684,control,18-24,android,website,0.4613,0,0,2.13
1685,control,25-34,android,website,0.4408,0,0,0.79
1686,control,25-34,web,app_store,0.6209,0,0,5.64
1687,control,25-34,web,app_store,0.6341,1,0,10.37
1688,control,35-44,ios,google_play,0.614,1,0,15.52
1689,control,25-34,ios,website,0.5077,0,0,5.98
1690,control,35-44,ios,app_store,0.6738,1,0,27.04
1691,control,45+,android,website,0.4453,1,0,12.23
1692,control,25-34,web,app_store,0.6901,0,0,1.3
1693,control,35-44,ios,app_store,0.7678,1,0,20.11
1694,control,35-44,ios,google_play,0.7161,0,1,0.0
1695,control,25-34,android,website,0.5446,1,0,26.15
1696,control,18-24,android,website,0.622,0,0,0.0
1697,control,35-44,android,google_play,0.6153,1,0,15.38
1698,control,45+,ios,website,0.4577,1,0,19.57
1699,control,35-44,ios,website,0.532,0,0,3.68
1700,control,45+,android,google_play,0.4497,1,0,12.22
1701,control,45+,ios,website,0.4955,0,1,9.7
1702,control,25-34,web,app_store,0.613,1,0,2.55
1703,control,35-44,android,google_play,0.4828,0,1,0.0
1704,control,25-34,ios,app_store,0.5701,1,0,14.18
1705,control,45+,ios,google_play,0.563,1,0,12.3
1706,control,18-24,android,google_play,0.5775,1,0,25.32
1707,control,25-34,ios,app_store,0.6039,1,0,8.05
1708,control,45+,ios,google_play,0.5656,0,1,9.11
1709,control,25-34,android,website,0.4269,0,0,2.5
1710,control,35-44,android,website,0.4731,1,0,9.83
1711,control,25-34,web,app_store,0.5711,1,0,5.39
1712,control,45+,android,app_store,0.5368,0,0,2.73
1713,control,45+,ios,google_play,0.5645,1,0,13.79
1714,control,25-34,ios,website,0.4981,1,1,19.42
1715,control,35-44,ios,referral,0.6371,1,0,15.3
1716,control,25-34,ios,google_play,0.7369,1,0,23.73
1717,control,35-44,ios,website,0.6295,1,0,17.15
1718,control,35-44,ios,google_play,0.623,1,0,15.46
1719,control,35-44,android,referral,0.5339,1,0,23.84
1720,control,18-24,android,app_store,0.4589,1,0,19.37
1721,control,25-34,android,google_play,0.5765,0,0,6.29
1722,control,35-44,android,google_play,0.6181,1,0,24.89
1723,control,35-44,android,google_play,0.6412,1,0,16.24
1724,control,25-34,android,app_store,0.597,0,1,3.64
1725,control,18-24,android,app_store,0.4864,1,0,23.06
1726,control,25-34,android,google_play,0.5351,0,0,0.0
1727,control,45+,android,website,0.6198,0,0,3.13
1728,control,18-24,ios,website,0.4715,0,0,2.69
1729,control,25-34,ios,app_store,0.5027,0,1,4.85
1730,control,45+,ios,referral,0.4349,1,0,13.19
1731,control,18-24,ios,google_play,0.5377,1,0,24.57
1732,control,35-44,web,referral,0.7012,0,0,0.84
1733,control,25-34,ios,app_store,0.5599,1,0,15.25
1734,control,45+,android,website,0.5742,0,0,1.11
1735,control,35-44,web,referral,0.6254,0,0,7.93
1736,control,45+,android,website,0.5448,1,0,5.49
1737,control,25-34,ios,website,0.5054,0,0,9.93
1738,control,25-34,ios,google_play,0.5566,0,1,8.8
1739,control,35-44,android,website,0.5533,0,0,1.47
1740,control,25-34,ios,google_play,0.6546,0,1,7.2
1741,control,25-34,android,google_play,0.5617,0,0,3.97
1742,control,18-24,android,referral,0.5694,0,0,9.45
1743,control,45+,android,app_store,0.5431,1,0,23.7
1744,control,35-44,android,google_play,0.4824,1,0,31.16
1745,control,35-44,android,referral,0.5887,1,0,8.63
1746,control,35-44,ios,app_store,0.5845,1,0,19.15
1747,control,25-34,ios,app_store,0.5684,0,0,0.0
1748,control,25-34,ios,google_play,0.6486,0,1,1.63
1749,control,25-34,ios,website,0.5256,1,0,31.5
1750,control,35-44,android,referral,0.4556,1,0,20.81
1751,control,25-34,android,app_store,0.5471,1,0,23.91
1752,control,45+,ios,website,0.4108,0,0,5.35
1753,control,35-44,web,google_play,0.6457,0,0,5.12
1754,control,25-34,android,website,0.5905,0,0,1.62
1755,control,35-44,android,website,0.372,1,0,13.75
1756,control,18-24,ios,referral,0.5241,1,0,14.71
1757,control,45+,web,google_play,0.5443,0,0,0.0
1758,control,45+,android,app_store,0.3833,0,1,3.2
1759,control,45+,android,google_play,0.5686,0,1,4.36
1760,control,25-34,android,google_play,0.6599,0,1,1.27
1761,control,18-24,ios,google_play,0.553,0,1,3.03
1762,control,25-34,web,app_store,0.5141,1,0,21.15
1763,control,18-24,ios,app_store,0.3712,1,1,23.31
1764,control,18-24,android,referral,0.6111,0,1,0.0
1765,control,18-24,ios,app_store,0.7162,0,0,0.64
1766,control,45+,ios,google_play,0.6897,1,0,22.52
1767,control,18-24,ios,website,0.5004,0,0,5.62
1768,control,18-24,ios,app_store,0.4686,1,0,26.07
1769,control,35-44,android,app_store,0.653,1,0,25.82
1770,control,35-44,android,google_play,0.5859,0,0,12.19
1771,control,35-44,ios,google_play,0.6743,0,0,2.45
1772,control,35-44,ios,google_play,0.6602,0,0,9.18
1773,control,45+,web,website,0.4734,0,1,0.19
1774,control,35-44,ios,app_store,0.7083,1,0,32.36
1775,control,25-34,android,app_store,0.6513,0,0,5.14
1776,control,35-44,android,app_store,0.5442,0,0,5.45
1777,control,25-34,ios,google_play,0.5422,1,0,23.94
1778,control,25-34,android,google_play,0.3761,1,0,9.87
1779,control,25-34,ios,referral,0.6083,1,0,11.55
1780,control,18-24,android,app_store,0.4285,0,0,3.92
1781,control,35-44,android,google_play,0.6295,0,1,4.74
1782,control,25-34,ios,google_play,0.5891,1,0,30.5
1783,control,18-24,android,website,0.4578,0,0,0.08
1784,control,25-34,ios,website,0.631,1,0,27.24
1785,control,35-44,ios,app_store,0.6578,1,0,16.41
1786,control,25-34,ios,website,0.5567,1,0,16.32
1787,control,35-44,ios,google_play,0.7709,1,0,17.02
1788,control,45+,ios,website,0.5551,1,0,16.17
1789,control,18-24,ios,app_store,0.5227,1,0,20.92
1790,control,35-44,android,website,0.5163,0,0,2.08
1791,control,25-34,android,website,0.5891,0,0,0.0
1792,control,25-34,ios,website,0.5822,1,0,16.39
1793,control,35-44,ios,app_store,0.5363,1,0,20.74
1794,control,45+,ios,website,0.5676,1,0,9.59
1795,control,25-34,ios,website,0.6666,0,1,5.59
1796,control,35-44,ios,google_play,0.7305,1,0,25.08
1797,control,25-34,android,google_play,0.6994,1,0,26.88
1798,control,35-44,ios,app_store,0.7915,1,0,20.03
1799,control,35-44,android,app_store,0.7244,1,0,7.17
1800,control,35-44,android,website,0.5733,1,0,21.89
1801,control,35-44,ios,google_play,0.6193,1,0,23.8
1802,control,18-24,ios,website,0.3696,1,0,13.82
1803,control,35-44,android,website,0.5469,0,0,3.24
1804,control,35-44,web,website,0.5975,1,0,20.9
1805,control,35-44,ios,website,0.5895,0,0,9.93
1806,control,18-24,ios,website,0.3649,0,1,2.58
1807,control,25-34,web,google_play,0.5631,1,0,23.35
1808,control,25-34,android,app_store,0.6176,0,1,4.64
1809,control,18-24,ios,website,0.4339,1,0,19.2
1810,control,25-34,android,referral,0.6093,0,1,8.29
1811,control,25-34,android,google_play,0.6105,0,0,0.51
1812,control,35-44,android,referral,0.7054,0,0,4.33
1813,control,25-34,android,referral,0.733,1,0,18.16
1814,control,35-44,ios,google_play,0.6058,0,0,0.0
1815,control,25-34,android,website,0.5407,0,0,7.94
1816,control,35-44,ios,website,0.6032,0,1,6.48
1817,control,25-34,android,app_store,0.6179,1,0,18.2
1818,control,25-34,android,app_store,0.609,0,0,2.56
1819,control,35-44,web,google_play,0.72,0,0,3.5
1820,control,45+,ios,website,0.3095,0,1,6.05
1821,control,25-34,web,google_play,0.6194,0,1,3.69
1822,control,25-34,ios,website,0.605,0,1,1.1
1823,control,35-44,android,website,0.5272,0,0,1.64
1824,control,35-44,ios,website,0.4049,1,0,17.93
1825,control,18-24,ios,app_store,0.5511,1,0,12.4
1826,control,25-34,android,google_play,0.5192,0,0,4.7
1827,control,25-34,web,app_store,0.7102,1,0,13.24
1828,control,45+,ios,app_store,0.566,0,0,0.06
1829,control,25-34,ios,app_store,0.5424,0,0,15.0
1830,control,25-34,ios,app_store,0.4418,1,0,29.64
1831,control,45+,ios,app_store,0.5832,0,0,4.02
1832,control,25-34,android,google_play,0.6317,1,0,23.11
1833,control,18-24,web,google_play,0.5187,0,1,7.18
1834,control,25-34,android,app_store,0.6143,0,1,3.23
1835,control,18-24,android,referral,0.5181,1,0,19.7
1836,control,18-24,android,google_play,0.6114,1,0,16.43
1837,control,25-34,ios,referral,0.7154,1,0,25.53
1838,control,35-44,web,website,0.4249,1,0,25.62
1839,control,35-44,web,app_store,0.4844,0,0,9.12
1840,control,18-24,ios,referral,0.7485,1,0,19.6
1841,control,35-44,web,referral,0.7006,1,0,31.01
1842,control,18-24,ios,website,0.415,1,0,17.54
1843,control,45+,android,google_play,0.3804,0,1,10.87
1844,control,18-24,ios,google_play,0.5826,0,0,1.83
1845,control,35-44,android,google_play,0.5046,1,0,10.22
1846,control,25-34,android,website,0.5007,1,0,30.17
1847,control,35-44,android,google_play,0.5922,1,0,21.96
1848,control,25-34,android,app_store,0.5588,1,0,21.11
1849,control,35-44,web,app_store,0.6861,1,0,15.84
1850,control,25-34,web,app_store,0.7228,0,0,0.46
1851,control,45+,android,app_store,0.4577,1,0,13.5
1852,control,25-34,ios,google_play,0.5255,1,0,18.83
1853,control,35-44,android,referral,0.6471,0,0,2.96
1854,control,35-44,android,app_store,0.7165,0,1,0.0
1855,control,45+,android,google_play,0.4737,1,1,28.16
1856,control,25-34,android,app_store,0.634,1,0,15.48
1857,control,25-34,android,google_play,0.509,0,0,7.96
1858,control,25-34,android,website,0.5277,1,0,13.77
1859,control,25-34,android,google_play,0.483,0,1,4.06
1860,control,35-44,android,referral,0.6169,0,0,7.0
1861,control,45+,web,referral,0.5267,0,0,6.5
1862,control,45+,android,website,0.5046,0,1,2.54
1863,control,25-34,android,website,0.6682,1,1,21.06
1864,control,35-44,ios,google_play,0.6049,0,1,5.93
1865,control,45+,android,google_play,0.346,1,0,17.11
1866,control,45+,ios,google_play,0.5298,1,0,11.32
1867,control,25-34,android,website,0.5499,0,0,1.25
1868,control,25-34,ios,app_store,0.6222,1,0,15.72
1869,control,35-44,ios,app_store,0.6134,0,1,3.59
1870,control,25-34,ios,app_store,0.725,0,0,9.23
1871,control,25-34,ios,website,0.5769,0,1,6.77
1872,control,45+,android,website,0.4476,0,0,0.56
1873,control,45+,android,app_store,0.4338,1,1,29.02
1874,control,45+,android,google_play,0.3663,0,0,3.22
1875,control,35-44,ios,google_play,0.6623,1,0,22.03
1876,control,25-34,android,website,0.5456,0,1,0.12
1877,control,25-34,android,app_store,0.4813,1,0,15.29
1878,control,25-34,ios,app_store,0.6025,1,0,24.23
1879,control,35-44,android,website,0.5345,0,0,0.34
1880,control,25-34,android,google_play,0.526,1,0,18.33
1881,control,35-44,ios,website,0.5225,1,0,20.83
1882,control,25-34,android,google_play,0.6084,0,0,0.0
1883,control,35-44,ios,referral,0.6379,1,0,7.33
1884,control,25-34,web,google_play,0.5387,1,0,23.44
1885,control,25-34,web,google_play,0.5171,1,1,35.18
1886,control,18-24,android,referral,0.5356,0,0,5.15
1887,control,18-24,android,app_store,0.59,0,0,5.84
1888,control,45+,ios,website,0.5125,0,0,0.32
1889,control,25-34,ios,app_store,0.587,0,0,8.79
1890,control,25-34,ios,google_play,0.6407,1,0,15.74
1891,control,35-44,android,app_store,0.6952,1,0,24.98
1892,control,35-44,android,google_play,0.6352,1,0,21.64
1893,control,18-24,android,website,0.4968,0,0,5.77
1894,control,25-34,android,app_store,0.6171,1,0,21.56
1895,control,18-24,android,app_store,0.5034,0,0,5.52
1896,control,35-44,web,google_play,0.6207,0,0,4.52
1897,control,25-34,android,app_store,0.5269,0,1,6.99
1898,control,18-24,ios,google_play,0.442,0,0,0.89
1899,control,18-24,web,referral,0.5834,1,0,16.57
1900,control,35-44,android,app_store,0.6137,1,0,26.81
1901,control,18-24,ios,google_play,0.543,1,0,19.04
1902,control,35-44,ios,google_play,0.7189,1,0,16.04
1903,control,18-24,android,app_store,0.4583,0,1,7.23
1904,control,35-44,ios,app_store,0.4843,1,0,23.02
1905,control,25-34,ios,website,0.5102,1,0,10.2
1906,control,25-34,ios,website,0.4427,1,0,22.38
1907,control,18-24,ios,website,0.543,0,0,3.99
1908,control,35-44,web,google_play,0.5458,1,0,22.27
1909,control,45+,android,website,0.5348,1,0,18.06
1910,control,18-24,ios,referral,0.6631,1,0,20.79
1911,control,18-24,ios,referral,0.512,1,0,7.01
1912,control,45+,ios,referral,0.5014,1,0,12.63
1913,control,25-34,ios,app_store,0.6488,0,0,6.16
1914,control,18-24,ios,referral,0.6644,0,1,12.94
1915,control,25-34,web,website,0.375,1,0,20.2
1916,control,35-44,android,website,0.5685,1,0,13.84
1917,control,35-44,ios,website,0.4102,1,0,18.81
1918,control,35-44,android,referral,0.5721,1,0,12.64
1919,control,45+,ios,google_play,0.6335,1,0,25.5
1920,control,25-34,ios,website,0.8068,1,0,18.29
1921,control,25-34,ios,website,0.5469,0,1,7.29
1922,control,25-34,android,website,0.4262,0,1,2.95
1923,control,25-34,ios,website,0.5249,0,0,7.61
1924,control,25-34,android,app_store,0.5713,0,0,0.0
1925,control,18-24,android,google_play,0.4724,0,0,3.59
1926,control,25-34,android,google_play,0.502,0,0,5.44
1927,control,35-44,web,website,0.5219,1,0,16.39
1928,control,18-24,android,website,0.5076,0,1,4.79
1929,control,25-34,web,website,0.5224,1,0,20.06
1930,control,35-44,android,website,0.4755,0,0,7.28
1931,control,35-44,ios,google_play,0.5824,1,0,21.73
1932,control,35-44,ios,app_store,0.5929,1,0,20.36
1933,control,35-44,ios,website,0.506,1,0,23.28
1934,control,35-44,ios,referral,0.5994,1,0,9.88
1935,control,18-24,ios,website,0.5675,0,0,0.79
1936,control,25-34,web,referral,0.5876,0,0,0.0
1937,control,35-44,ios,referral,0.5157,1,0,21.29
1938,control,25-34,android,google_play,0.658,0,1,4.99
1939,control,18-24,android,website,0.5093,0,1,8.49
1940,control,25-34,ios,google_play,0.5053,0,1,4.77
1941,control,25-34,ios,google_play,0.5868,1,0,14.21
1942,control,25-34,ios,app_store,0.5426,1,0,18.8
1943,control,18-24,ios,app_store,0.6102,0,0,0.0
1944,control,35-44,android,app_store,0.5563,0,0,2.03
1945,control,45+,ios,website,0.4902,1,0,3.92
1946,control,25-34,ios,app_store,0.5909,0,0,4.68
1947,control,45+,ios,google_play,0.4276,1,0,16.32
1948,control,18-24,ios,google_play,0.6784,1,0,17.21
1949,control,45+,web,google_play,0.569,1,0,12.41
1950,control,45+,ios,referral,0.5062,0,1,1.09
1951,control,18-24,web,google_play,0.5513,0,0,5.99
1952,control,35-44,android,app_store,0.6639,0,0,0.0
1953,control,45+,ios,referral,0.5705,0,1,5.32
1954,control,45+,ios,website,0.6205,1,0,13.13
1955,control,45+,ios,website,0.7294,0,1,0.0
1956,control,35-44,android,website,0.5359,1,0,25.36
1957,control,18-24,ios,app_store,0.5094,1,0,25.98
1958,control,35-44,android,website,0.4668,0,0,1.56
1959,control,35-44,web,app_store,0.4189,1,0,14.7
1960,control,35-44,android,google_play,0.6959,0,0,2.6
1961,control,25-34,android,app_store,0.5377,0,1,0.58
1962,control,35-44,ios,website,0.656,1,0,14.2
1963,control,18-24,android,app_store,0.6021,0,0,5.12
1964,control,35-44,android,app_store,0.4995,0,1,10.97
1965,control,18-24,ios,app_store,0.4815,0,1,2.22
1966,control,35-44,ios,website,0.7256,1,0,24.14
1967,control,35-44,android,app_store,0.5804,1,0,20.12
1968,control,25-34,ios,google_play,0.5632,1,0,7.97
1969,control,25-34,ios,google_play,0.5324,1,0,17.85
1970,control,25-34,ios,website,0.5547,0,0,2.96
1971,control,45+,android,app_store,0.6166,1,0,26.79
1972,control,35-44,android,referral,0.6708,0,0,8.92
1973,control,25-34,web,google_play,0.6005,1,0,20.26
1974,control,18-24,ios,app_store,0.6831,0,0,7.87
1975,control,25-34,android,app_store,0.6777,1,0,17.12
1976,control,25-34,ios,app_store,0.6327,1,0,24.72
1977,control,45+,android,google_play,0.7281,0,0,3.86
1978,control,35-44,ios,app_store,0.6062,0,0,7.45
1979,control,25-34,ios,referral,0.7238,0,0,7.82
1980,control,45+,web,google_play,0.4846,0,0,6.08
1981,control,25-34,web,app_store,0.6482,1,0,13.55
1982,control,45+,android,google_play,0.4861,1,0,15.48
1983,control,25-34,ios,app_store,0.6429,1,0,22.51
1984,control,35-44,android,app_store,0.7772,1,0,23.36
1985,control,45+,ios,google_play,0.6221,1,1,18.95
1986,control,25-34,ios,app_store,0.6441,1,0,16.13
1987,control,35-44,android,app_store,0.524,1,0,19.15
1988,control,45+,android,referral,0.5411,0,1,2.5
1989,control,18-24,android,website,0.3954,1,0,16.36
1990,control,18-24,android,referral,0.617,1,0,29.76
1991,control,35-44,android,app_store,0.655,1,0,15.15
1992,control,25-34,web,referral,0.5916,0,0,5.33
1993,control,18-24,ios,google_play,0.6991,0,0,4.05
1994,control,25-34,ios,app_store,0.7278,1,0,10.64
1995,control,35-44,ios,website,0.598,1,0,10.43
1996,control,25-34,ios,app_store,0.6512,0,1,3.21
1997,control,25-34,android,google_play,0.5289,0,1,0.0
1998,control,35-44,web,website,0.5342,1,0,28.98
1999,control,25-34,ios,website,0.4798,1,0,15.83
2000,control,35-44,ios,google_play,0.5977,1,0,15.34
2001,control,25-34,web,google_play,0.5776,1,0,25.34
2002,control,45+,ios,app_store,0.4032,1,0,17.16
2003,control,35-44,ios,referral,0.7021,0,1,5.84
2004,control,18-24,web,app_store,0.6078,1,0,14.56
2005,control,45+,ios,app_store,0.5354,1,0,18.27
2006,control,25-34,ios,app_store,0.3902,0,0,6.99
2007,control,18-24,android,referral,0.5258,1,0,12.83
2008,control,18-24,android,website,0.3645,1,0,21.17
2009,control,35-44,ios,google_play,0.5872,1,0,3.5
2010,control,18-24,android,referral,0.6622,1,0,25.59
2011,control,25-34,web,app_store,0.3812,1,0,14.66
2012,control,18-24,android,referral,0.4807,0,0,3.19
2013,control,25-34,ios,app_store,0.6724,0,1,3.15
2014,control,25-34,android,google_play,0.5198,0,1,0.0
2015,control,25-34,web,app_store,0.5137,1,0,11.69
2016,control,25-34,android,referral,0.7586,0,1,5.38
2017,control,18-24,android,referral,0.5763,1,0,21.41
2018,control,35-44,android,google_play,0.6707,0,0,0.31
2019,control,25-34,ios,app_store,0.6456,1,0,21.25
2020,control,35-44,web,app_store,0.6089,0,0,5.51
2021,control,18-24,web,google_play,0.6371,1,1,15.73
2022,control,18-24,android,google_play,0.6784,1,0,10.24
2023,control,25-34,ios,app_store,0.4713,0,0,3.36
2024,control,25-34,android,website,0.5232,1,0,20.19
2025,control,25-34,ios,website,0.5625,1,0,17.65
2026,control,35-44,ios,referral,0.6217,0,0,1.37
2027,control,25-34,android,google_play,0.6545,1,0,20.8
2028,control,25-34,ios,google_play,0.6366,1,0,25.59
2029,control,35-44,web,google_play,0.76,0,0,0.73
2030,control,18-24,android,app_store,0.604,0,0,2.43
2031,control,25-34,android,website,0.6352,1,0,34.46
2032,control,25-34,android,website,0.4301,0,1,4.55
2033,control,25-34,android,app_store,0.5015,1,1,10.4
2034,control,18-24,android,google_play,0.4681,1,0,15.13
2035,control,35-44,ios,referral,0.7618,0,0,0.78
2036,control,45+,android,google_play,0.4286,0,1,4.87
2037,control,18-24,ios,google_play,0.491,1,0,19.85
2038,control,35-44,web,website,0.4663,1,0,14.18
2039,control,35-44,web,google_play,0.8262,0,1,10.18
2040,control,25-34,ios,app_store,0.5946,1,0,18.51
2041,control,35-44,android,website,0.5884,0,1,1.86
2042,control,35-44,android,referral,0.5248,1,0,10.67
2043,control,45+,android,app_store,0.5727,0,0,0.28
2044,control,45+,web,app_store,0.3641,0,0,0.0
2045,control,18-24,web,website,0.4077,1,0,16.86
2046,control,25-34,android,website,0.4675,1,0,12.69
2047,control,25-34,android,google_play,0.5935,0,1,6.32
2048,control,18-24,ios,google_play,0.5026,1,0,14.49
2049,control,25-34,android,website,0.6479,1,0,23.04
2050,control,45+,web,google_play,0.5563,1,0,20.95
2051,control,18-24,android,app_store,0.4608,1,1,21.87
2052,control,25-34,android,app_store,0.6458,0,0,6.73
2053,control,35-44,android,google_play,0.5645,1,0,29.96
2054,control,25-34,android,referral,0.5488,1,0,12.91
2055,control,25-34,android,google_play,0.6477,1,1,23.08
2056,control,45+,web,google_play,0.3198,0,0,4.93
2057,control,25-34,android,referral,0.6548,0,0,7.33
2058,control,18-24,ios,google_play,0.509,1,1,18.66
2059,control,18-24,android,google_play,0.4688,1,0,25.06
2060,control,45+,android,app_store,0.6527,1,0,10.25
2061,control,25-34,android,website,0.4835,1,0,11.97
2062,control,25-34,android,website,0.6025,0,0,1.45
2063,control,18-24,android,website,0.4983,1,0,17.55
2064,control,25-34,android,google_play,0.6066,0,1,3.67
2065,control,45+,ios,google_play,0.526,1,0,13.56
2066,control,25-34,ios,app_store,0.5818,1,0,12.05
2067,control,45+,web,referral,0.6582,1,0,14.07
2068,control,25-34,android,app_store,0.6404,1,0,7.74
2069,control,25-34,ios,website,0.526,1,0,16.27
2070,control,45+,ios,website,0.4123,1,0,17.65
2071,control,25-34,android,app_store,0.5192,1,0,20.65
2072,control,25-34,android,google_play,0.6545,1,0,19.0
2073,control,45+,ios,app_store,0.6303,1,0,28.76
2074,control,25-34,ios,google_play,0.6604,1,0,22.87
2075,control,25-34,ios,referral,0.5067,1,0,22.42
2076,control,45+,android,google_play,0.5663,1,1,20.19
2077,control,18-24,web,referral,0.6603,0,1,5.43
2078,control,25-34,android,app_store,0.5799,0,0,2.71
2079,control,18-24,web,google_play,0.6944,1,0,18.6
2080,control,25-34,ios,referral,0.5303,0,0,10.42
2081,control,25-34,ios,referral,0.6908,1,0,17.58
2082,control,35-44,ios,google_play,0.5544,1,0,10.01
2083,control,18-24,android,website,0.5607,1,0,22.18
2084,control,35-44,ios,referral,0.705,0,0,6.65
2085,control,25-34,ios,website,0.7101,1,0,18.93
2086,control,25-34,ios,website,0.606,1,0,6.73
2087,control,25-34,android,app_store,0.5337,1,0,25.72
2088,control,35-44,android,app_store,0.5467,1,0,19.38
2089,control,25-34,android,website,0.506,0,0,2.38
2090,control,25-34,ios,google_play,0.5751,1,0,25.13
2091,control,45+,ios,app_store,0.6438,0,0,0.0
2092,control,35-44,ios,app_store,0.7281,0,1,3.9
2093,control,25-34,ios,google_play,0.4963,1,0,14.76
2094,control,45+,ios,google_play,0.5491,0,1,8.87
2095,control,25-34,android,google_play,0.581,0,0,4.37
2096,control,18-24,ios,google_play,0.5035,1,0,12.81
2097,control,25-34,android,app_store,0.6011,1,0,24.83
2098,control,18-24,android,referral,0.6629,0,1,0.0
2099,control,25-34,android,website,0.5973,0,1,5.33
2100,control,35-44,android,app_store,0.6938,1,0,10.42
2101,control,18-24,android,google_play,0.4685,0,1,1.84
2102,control,35-44,ios,google_play,0.6389,0,1,2.63
2103,control,45+,android,website,0.3947,1,1,23.46
2104,control,35-44,android,website,0.5652,1,0,31.22
2105,control,35-44,android,website,0.5724,1,0,7.32
2106,control,35-44,ios,website,0.6628,0,0,5.11
2107,control,45+,ios,app_store,0.6411,1,0,31.21
2108,control,25-34,android,google_play,0.6311,1,1,14.56
2109,control,18-24,android,app_store,0.4472,0,1,1.21
2110,control,25-34,web,google_play,0.4778,1,0,19.42
2111,control,25-34,ios,google_play,0.6576,0,0,6.48
2112,control,18-24,ios,website,0.636,1,0,21.95
2113,control,35-44,ios,app_store,0.624,0,0,2.21
2114,control,18-24,ios,website,0.3938,1,0,13.18
2115,control,45+,web,google_play,0.6828,0,1,8.24
2116,control,25-34,android,google_play,0.6152,1,0,13.35
2117,control,18-24,ios,website,0.5297,1,0,6.5
2118,control,18-24,android,app_store,0.4226,0,0,0.0
2119,control,25-34,ios,google_play,0.6173,0,0,1.43
2120,control,25-34,android,google_play,0.631,1,0,26.96
2121,control,18-24,android,website,0.5162,0,0,0.0
2122,control,25-34,web,app_store,0.5216,0,0,8.98
2123,control,18-24,web,referral,0.5514,0,0,8.2
2124,control,25-34,android,referral,0.5467,1,0,19.35
2125,control,25-34,web,website,0.6691,0,1,0.0
2126,control,25-34,android,app_store,0.6376,1,0,10.9
2127,control,25-34,ios,website,0.5241,0,0,1.22
2128,control,18-24,web,app_store,0.4325,1,0,28.38
2129,control,18-24,android,referral,0.5682,1,0,14.58
2130,control,25-34,ios,google_play,0.5766,0,0,0.72
2131,control,35-44,ios,app_store,0.5925,1,0,19.13
2132,control,45+,android,google_play,0.4152,0,1,0.0
2133,control,45+,android,website,0.3751,0,0,3.41
2134,control,25-34,android,referral,0.609,1,0,13.21
2135,control,25-34,ios,google_play,0.5946,0,1,13.18
2136,control,25-34,android,google_play,0.7757,0,0,0.2
2137,control,35-44,android,website,0.5935,1,0,29.58
2138,control,35-44,ios,website,0.4939,0,1,0.0
2139,control,35-44,android,website,0.4231,1,0,19.58
2140,control,45+,android,google_play,0.5379,0,0,5.3
2141,control,25-34,ios,website,0.5343,1,0,18.85
2142,control,35-44,ios,referral,0.7625,1,0,18.48
2143,control,35-44,android,app_store,0.6085,1,0,23.17
2144,control,25-34,web,google_play,0.4274,0,0,5.0
2145,control,45+,ios,app_store,0.4544,0,0,2.88
2146,control,18-24,android,google_play,0.472,0,0,1.07
2147,control,45+,ios,website,0.5314,0,1,2.9
2148,control,35-44,ios,app_store,0.5418,1,0,16.93
2149,control,18-24,ios,google_play,0.5782,1,0,16.81
2150,control,35-44,ios,app_store,0.5191,0,1,3.77
2151,control,18-24,ios,referral,0.5865,1,0,9.54
2152,control,35-44,web,website,0.5856,0,1,0.0
2153,control,35-44,ios,google_play,0.7529,1,0,22.99
2154,control,35-44,ios,website,0.6056,0,1,0.0
2155,control,45+,ios,app_store,0.4707,1,0,25.18
2156,control,18-24,web,website,0.6054,1,0,14.65
2157,control,25-34,web,website,0.5213,0,0,9.51
2158,control,25-34,android,app_store,0.6279,0,0,7.91
2159,control,18-24,android,referral,0.497,0,0,2.32
2160,control,25-34,ios,app_store,0.6133,0,0,2.69
2161,control,25-34,android,website,0.4619,0,0,9.24
2162,control,25-34,ios,app_store,0.6318,1,0,25.64
2163,control,25-34,ios,website,0.6303,1,0,23.84
2164,control,45+,web,app_store,0.4664,0,1,7.62
2165,control,25-34,android,app_store,0.5219,0,0,0.0
2166,control,45+,ios,google_play,0.5745,1,0,19.23
2167,control,25-34,android,referral,0.53,1,0,13.38
2168,control,25-34,ios,app_store,0.4846,0,0,0.0
2169,control,25-34,android,website,0.5543,1,0,18.98
2170,control,25-34,ios,google_play,0.6074,0,0,2.01
2171,control,25-34,ios,website,0.5557,0,0,2.9
2172,control,25-34,ios,app_store,0.6477,1,0,15.0
2173,control,18-24,ios,google_play,0.6189,1,0,10.47
2174,control,25-34,android,referral,0.5831,1,0,28.18
2175,control,35-44,android,google_play,0.5062,1,1,18.93
2176,control,25-34,android,google_play,0.5249,0,0,0.0
2177,control,35-44,web,referral,0.6728,0,1,4.16
2178,control,25-34,web,google_play,0.5969,0,1,8.98
2179,control,45+,android,google_play,0.462,1,0,23.75
2180,control,35-44,android,google_play,0.5332,0,1,1.63
2181,control,45+,android,website,0.5054,0,1,1.72
2182,control,35-44,ios,referral,0.6383,0,1,0.05
2183,control,18-24,android,website,0.5362,0,1,0.83
2184,control,25-34,android,website,0.5963,0,0,1.12
2185,control,18-24,android,google_play,0.501,0,0,0.0
2186,control,35-44,android,app_store,0.662,1,0,15.34
2187,control,35-44,android,app_store,0.5971,0,1,4.74
2188,control,25-34,android,app_store,0.5874,1,0,15.52
2189,control,45+,ios,app_store,0.3609,1,0,19.3
2190,control,18-24,ios,website,0.4383,0,0,9.34
2191,control,35-44,android,app_store,0.5127,1,0,29.01
2192,control,35-44,ios,app_store,0.6005,1,0,17.59
2193,control,18-24,ios,google_play,0.5751,1,0,23.28
2194,control,35-44,ios,app_store,0.6384,1,0,17.0
2195,control,35-44,web,app_store,0.6189,0,0,1.74
2196,control,18-24,android,app_store,0.4612,0,1,0.0
2197,control,25-34,web,app_store,0.6313,1,0,18.52
2198,control,25-34,ios,google_play,0.7607,1,0,24.51
2199,control,35-44,ios,website,0.5577,0,0,0.0
2200,control,18-24,android,referral,0.4929,0,0,2.47
2201,control,45+,android,website,0.4012,0,0,2.29
2202,control,45+,android,website,0.4628,1,0,19.48
2203,control,18-24,web,referral,0.5139,1,0,19.58
2204,control,25-34,ios,google_play,0.4776,1,0,21.22
2205,control,35-44,android,website,0.4295,0,1,10.33
2206,control,35-44,ios,google_play,0.7176,0,0,0.37
2207,control,25-34,android,google_play,0.6785,1,0,12.45
2208,control,18-24,android,google_play,0.654,0,0,4.39
2209,control,18-24,ios,app_store,0.5741,0,0,8.73
2210,control,45+,ios,website,0.4167,1,0,9.23
2211,control,25-34,ios,app_store,0.571,0,0,4.69
2212,control,45+,ios,website,0.3767,1,0,16.79
2213,control,25-34,ios,referral,0.5136,0,0,6.58
2214,control,45+,ios,google_play,0.5664,1,0,21.77
2215,control,18-24,android,app_store,0.5591,1,0,18.29
2216,control,18-24,ios,google_play,0.7227,1,0,20.93
2217,control,45+,ios,google_play,0.5394,0,0,1.13
2218,control,45+,android,referral,0.4174,1,0,22.8
2219,control,25-34,android,website,0.5162,1,0,26.32
2220,control,25-34,android,website,0.5034,0,0,3.86
2221,control,25-34,android,google_play,0.5367,1,0,15.55
2222,control,25-34,ios,website,0.5935,1,0,17.13
2223,control,18-24,android,website,0.3788,0,0,6.34
2224,control,45+,ios,app_store,0.5465,0,1,3.35
2225,control,25-34,android,app_store,0.6181,1,0,10.8
2226,control,35-44,android,app_store,0.6996,1,0,23.71
2227,control,18-24,android,google_play,0.5508,0,0,0.0
2228,control,18-24,android,referral,0.6294,0,1,5.03
2229,control,35-44,web,website,0.5205,0,0,0.0
2230,control,25-34,android,google_play,0.5517,1,0,18.65
2231,control,35-44,android,referral,0.7238,0,0,3.25
2232,control,18-24,android,app_store,0.4063,0,1,0.0
2233,control,45+,android,app_store,0.4637,1,0,20.0
2234,control,35-44,ios,referral,0.7463,1,0,11.39
2235,control,45+,ios,referral,0.5491,1,0,18.51
2236,control,18-24,android,website,0.4532,1,0,15.53
2237,control,25-34,ios,app_store,0.5848,1,0,9.12
2238,control,25-34,ios,referral,0.6454,1,0,11.73
2239,control,25-34,ios,website,0.6529,1,0,12.21
2240,control,25-34,ios,website,0.6399,1,0,23.89
2241,control,18-24,android,app_store,0.5169,0,0,6.51
2242,control,25-34,ios,google_play,0.7034,1,0,31.17
2243,control,25-34,ios,website,0.5933,0,0,1.66
2244,control,25-34,ios,referral,0.7047,0,1,1.54
2245,control,18-24,web,google_play,0.4537,1,0,18.81
2246,control,25-34,web,google_play,0.7251,1,1,15.87
2247,control,35-44,android,website,0.5636,1,0,14.5
2248,control,25-34,ios,google_play,0.3961,1,0,18.33
2249,control,25-34,ios,google_play,0.7488,0,0,6.03
2250,control,25-34,ios,app_store,0.6064,0,1,0.0
2251,control,35-44,ios,app_store,0.5944,0,1,1.44
2252,control,25-34,web,website,0.4875,0,1,0.0
2253,control,35-44,ios,app_store,0.6612,1,0,17.08
2254,control,45+,ios,app_store,0.4649,0,1,5.06
2255,control,25-34,android,referral,0.5498,1,1,24.7
2256,control,45+,android,website,0.4118,0,0,1.94
2257,control,35-44,web,app_store,0.5726,1,0,18.64
2258,control,18-24,ios,google_play,0.5248,1,0,7.91
2259,control,25-34,android,website,0.5942,0,0,0.4
2260,control,35-44,web,google_play,0.6277,0,1,4.25
2261,control,45+,ios,google_play,0.5774,1,0,9.85
2262,control,25-34,ios,google_play,0.6648,1,0,25.42
2263,control,18-24,android,app_store,0.5086,0,0,5.38
2264,control,35-44,ios,website,0.5044,0,0,0.24
2265,control,18-24,android,app_store,0.6604,0,0,0.0
2266,control,35-44,android,google_play,0.6702,1,0,13.68
2267,control,25-34,ios,app_store,0.735,1,0,12.6
2268,control,35-44,web,app_store,0.6788,0,0,0.0
2269,control,45+,android,app_store,0.4592,1,0,9.56
2270,control,35-44,web,referral,0.4382,1,0,16.62
2271,control,35-44,web,app_store,0.4977,1,0,22.39
2272,control,35-44,android,app_store,0.6369,1,0,13.73
2273,control,35-44,android,app_store,0.5779,0,0,5.1
2274,control,45+,ios,website,0.4624,0,0,2.32
2275,control,18-24,ios,google_play,0.3664,0,1,5.7
2276,control,35-44,android,referral,0.6149,0,1,0.67
2277,control,25-34,ios,website,0.4795,1,0,19.69
2278,control,45+,ios,google_play,0.488,1,0,18.72
2279,control,35-44,ios,website,0.654,1,0,26.17
2280,control,25-34,ios,app_store,0.5237,1,0,21.35
2281,control,18-24,android,referral,0.4713,0,0,4.42
2282,control,25-34,android,referral,0.6108,0,0,0.0
2283,control,35-44,android,app_store,0.6558,1,0,14.85
2284,control,25-34,web,website,0.5038,0,1,0.62
2285,control,18-24,web,app_store,0.6434,1,0,13.07
2286,control,45+,ios,google_play,0.4437,0,1,3.56
2287,control,35-44,android,website,0.4297,0,0,4.37
2288,control,18-24,ios,referral,0.4629,1,1,19.68
2289,control,25-34,android,google_play,0.4438,1,0,25.57
2290,control,45+,android,website,0.4829,1,0,20.9
2291,control,35-44,android,website,0.4678,1,0,10.63
2292,control,35-44,ios,app_store,0.5132,0,0,4.23
2293,control,25-34,android,website,0.5564,1,0,21.51
2294,control,25-34,ios,website,0.6319,1,0,25.57
2295,control,18-24,web,website,0.5701,1,0,17.07
2296,control,35-44,ios,referral,0.726,1,0,17.13
2297,control,18-24,android,app_store,0.4426,1,0,24.47
2298,control,18-24,web,app_store,0.5481,1,0,19.07
2299,control,35-44,ios,app_store,0.6657,1,0,8.41
2300,control,45+,ios,app_store,0.498,1,0,7.12
2301,control,35-44,ios,google_play,0.6492,1,0,29.04
2302,control,25-34,web,referral,0.5059,1,0,7.72
2303,control,25-34,ios,google_play,0.5658,1,0,17.0
2304,control,25-34,ios,website,0.5957,0,0,6.68
2305,control,25-34,ios,google_play,0.7366,0,1,0.0
2306,control,25-34,android,google_play,0.6681,1,0,11.51
2307,control,25-34,ios,website,0.6189,0,0,0.0
2308,control,35-44,android,website,0.5524,0,0,9.98
2309,control,45+,android,google_play,0.5,0,0,10.77
2310,control,45+,android,referral,0.4102,0,0,0.86
2311,control,18-24,android,google_play,0.4592,1,0,21.48
2312,control,25-34,android,app_store,0.5018,1,0,19.85
2313,control,18-24,ios,google_play,0.612,0,0,2.49
2314,control,25-34,android,website,0.6016,1,0,8.24
2315,control,25-34,android,google_play,0.6349,0,0,11.81
2316,control,18-24,web,website,0.5806,1,0,7.1
2317,control,35-44,web,google_play,0.6118,1,0,19.27
2318,control,25-34,ios,google_play,0.5374,1,0,14.11
2319,control,45+,android,referral,0.522,0,0,7.13
2320,control,18-24,android,google_play,0.468,1,0,23.08
2321,control,18-24,android,google_play,0.5786,0,0,0.0
2322,control,25-34,android,app_store,0.5373,0,1,0.66
2323,control,18-24,web,google_play,0.5281,1,0,8.7
2324,control,25-34,ios,google_play,0.6715,1,0,19.17
2325,control,45+,android,app_store,0.4367,1,0,22.27
2326,control,25-34,web,google_play,0.6631,0,0,1.91
2327,control,18-24,android,app_store,0.4082,1,0,16.53
2328,control,35-44,android,app_store,0.6105,1,0,29.45
2329,control,25-34,android,google_play,0.5687,1,0,23.62
2330,control,35-44,android,app_store,0.6522,1,0,26.09
2331,control,25-34,web,website,0.4261,1,0,4.55
2332,control,35-44,android,website,0.4235,1,0,21.28
2333,control,18-24,ios,google_play,0.626,0,1,4.4
2334,control,25-34,android,app_store,0.5347,1,0,10.49
2335,control,35-44,web,google_play,0.5987,0,1,0.0
2336,control,45+,ios,app_store,0.4832,0,1,2.71
2337,control,25-34,ios,google_play,0.689,0,1,0.0
2338,control,35-44,android,website,0.5699,0,0,0.62
2339,control,18-24,web,website,0.5053,0,1,1.84
2340,control,18-24,ios,google_play,0.4724,0,1,5.56
2341,control,18-24,android,referral,0.5861,1,0,13.76
2342,control,35-44,web,app_store,0.5166,1,0,15.32
2343,control,25-34,android,referral,0.5433,1,0,24.15
2344,control,35-44,android,website,0.4368,1,0,7.41
2345,control,18-24,ios,google_play,0.5535,1,0,19.36
2346,control,45+,android,app_store,0.5812,1,0,20.34
2347,control,35-44,ios,app_store,0.6441,1,0,20.5
2348,control,18-24,android,referral,0.5107,1,0,14.99
2349,control,18-24,android,app_store,0.5247,1,0,11.61
2350,control,18-24,android,referral,0.5543,1,0,27.12
2351,control,45+,android,google_play,0.5113,0,0,0.42
2352,control,25-34,web,google_play,0.6002,1,0,11.3
2353,control,25-34,ios,website,0.4828,1,0,18.12
2354,control,25-34,ios,app_store,0.6145,0,1,0.84
2355,control,35-44,android,google_play,0.4556,0,0,7.28
2356,control,25-34,ios,referral,0.682,1,0,16.41
2357,control,25-34,android,app_store,0.4778,1,0,25.08
2358,control,45+,android,referral,0.6202,0,0,5.12
2359,control,18-24,ios,referral,0.3904,0,1,2.1
2360,control,35-44,ios,app_store,0.76,0,1,7.51
2361,control,18-24,ios,google_play,0.4349,1,0,14.09
2362,control,25-34,web,app_store,0.48,1,0,16.08
2363,control,45+,ios,website,0.5199,0,0,5.4
2364,control,35-44,android,referral,0.6655,0,1,4.32
2365,control,35-44,android,referral,0.5933,1,0,13.96
2366,control,25-34,android,referral,0.6674,0,0,0.0
2367,control,25-34,ios,app_store,0.5423,1,0,17.89
2368,control,25-34,web,google_play,0.554,0,1,0.88
2369,control,25-34,web,app_store,0.5518,1,1,18.18
2370,control,25-34,android,referral,0.5529,1,0,15.47
2371,control,25-34,ios,app_store,0.4513,1,0,13.69
2372,control,25-34,ios,app_store,0.604,0,0,2.53
2373,control,25-34,ios,app_store,0.5968,1,1,17.56
2374,control,25-34,ios,app_store,0.6923,1,0,22.17
2375,control,18-24,android,app_store,0.4131,0,0,5.02
2376,control,45+,android,app_store,0.4448,1,0,30.57
2377,control,35-44,web,referral,0.7223,0,0,4.01
2378,control,18-24,android,website,0.4995,1,0,13.96
2379,control,35-44,android,app_store,0.63,1,0,17.0
2380,control,35-44,android,website,0.5823,0,0,5.55
2381,control,25-34,android,google_play,0.6126,1,0,24.02
2382,control,18-24,web,website,0.6317,1,0,26.05
2383,control,18-24,android,google_play,0.5333,0,0,0.0
2384,control,18-24,android,google_play,0.4451,1,0,25.68
2385,control,35-44,ios,google_play,0.6871,1,1,17.72
2386,control,45+,ios,app_store,0.4907,0,1,0.16
2387,control,18-24,android,google_play,0.5172,0,0,2.77
2388,control,35-44,android,website,0.5756,0,0,7.86
2389,control,18-24,android,website,0.4103,1,0,20.74
2390,control,35-44,android,google_play,0.5552,1,0,10.73
2391,control,35-44,android,google_play,0.6341,1,0,10.77
2392,control,25-34,android,website,0.4821,0,1,0.0
2393,control,18-24,ios,app_store,0.6339,1,0,13.61
2394,control,35-44,web,app_store,0.5171,1,0,18.46
2395,control,45+,web,google_play,0.4368,0,1,0.0
2396,control,25-34,android,app_store,0.7185,1,1,15.43
2397,control,18-24,android,google_play,0.4036,0,1,8.55
2398,control,18-24,web,app_store,0.5239,0,0,9.32
2399,control,35-44,ios,google_play,0.7841,1,0,27.3
2400,control,35-44,ios,website,0.5837,0,0,0.0
2401,control,35-44,android,website,0.6537,0,0,9.53
2402,control,35-44,android,website,0.5982,1,0,18.55
2403,control,45+,ios,google_play,0.5454,1,0,18.47
2404,control,35-44,ios,referral,0.6455,1,0,24.17
2405,control,25-34,android,website,0.3565,0,0,6.03
2406,control,35-44,web,google_play,0.5805,1,0,6.79
2407,control,25-34,ios,app_store,0.6246,1,0,14.33
2408,control,25-34,ios,website,0.5845,0,0,2.18
2409,control,45+,android,google_play,0.7033,0,1,0.0
2410,control,35-44,ios,website,0.6085,0,0,7.09
2411,control,45+,ios,website,0.5464,1,0,26.63
2412,control,25-34,android,referral,0.6892,1,0,17.94
2413,control,25-34,ios,referral,0.6792,1,0,19.79
2414,control,25-34,ios,website,0.5591,0,0,3.46
2415,control,18-24,ios,referral,0.5795,1,0,18.59
2416,control,25-34,android,referral,0.5679,1,0,24.71
2417,control,25-34,web,app_store,0.6115,0,1,0.0
2418,control,18-24,ios,website,0.5024,1,0,20.92
2419,control,45+,android,app_store,0.546,1,0,18.07
2420,control,18-24,android,app_store,0.4353,0,1,0.93
2421,control,18-24,android,app_store,0.5277,0,1,1.69
2422,control,35-44,android,google_play,0.7202,1,0,28.99
2423,control,18-24,ios,app_store,0.538,1,0,10.03
2424,control,45+,ios,app_store,0.6834,0,0,2.89
2425,control,35-44,android,app_store,0.5991,0,1,9.37
2426,control,18-24,web,website,0.4815,0,0,0.0
2427,control,35-44,android,referral,0.6253,1,0,15.26
2428,control,35-44,ios,referral,0.6311,1,0,18.25
2429,control,35-44,web,google_play,0.4476,1,0,20.48
2430,control,35-44,ios,app_store,0.6964,1,0,17.52
2431,control,35-44,ios,referral,0.8314,1,0,12.63
2432,control,35-44,ios,app_store,0.6644,1,0,20.68
2433,control,25-34,android,referral,0.6393,1,0,17.4
2434,control,35-44,android,website,0.5314,1,0,21.77
2435,control,45+,android,google_play,0.5986,0,0,6.83
2436,control,35-44,android,app_store,0.5829,1,0,9.08
2437,control,35-44,android,app_store,0.6074,1,0,24.2
2438,control,25-34,android,google_play,0.4508,1,0,16.47
2439,control,35-44,web,google_play,0.5637,0,0,6.47
2440,control,45+,web,website,0.4954,0,1,5.28
2441,control,18-24,ios,website,0.5886,1,0,29.12
2442,control,25-34,ios,google_play,0.6908,0,1,3.52
2443,control,25-34,android,app_store,0.4397,0,0,2.05
2444,control,25-34,android,google_play,0.4578,0,0,1.65
2445,control,35-44,ios,app_store,0.6727,1,0,11.78
2446,control,18-24,ios,website,0.4563,1,0,22.85
2447,control,25-34,android,website,0.5976,1,0,11.39
2448,control,35-44,ios,website,0.4556,1,1,22.8
2449,control,35-44,ios,google_play,0.6281,1,0,16.66
2450,control,35-44,android,app_store,0.5833,1,0,7.42
2451,control,35-44,android,website,0.5844,1,0,26.93
2452,control,35-44,android,website,0.4635,0,1,0.0
2453,control,35-44,ios,website,0.4287,1,0,17.51
2454,control,35-44,web,google_play,0.6197,1,1,19.4
2455,control,25-34,ios,referral,0.6781,0,0,0.0
2456,control,35-44,ios,app_store,0.7066,0,0,5.09
2457,control,18-24,ios,google_play,0.5373,0,0,1.09
2458,control,25-34,android,website,0.5881,0,0,2.61
2459,control,25-34,ios,app_store,0.6449,1,0,26.06
2460,control,45+,ios,website,0.6018,1,0,18.86
2461,control,35-44,ios,google_play,0.6316,1,0,15.9
2462,control,18-24,android,app_store,0.3776,0,1,2.89
2463,control,35-44,web,app_store,0.5906,1,1,28.66
2464,control,25-34,web,website,0.5431,0,0,4.96
2465,control,35-44,android,website,0.5875,1,0,12.7
2466,control,35-44,android,app_store,0.4634,1,0,15.07
2467,control,35-44,android,app_store,0.561,1,0,10.86
2468,control,35-44,ios,app_store,0.6954,0,0,1.87
2469,control,25-34,ios,app_store,0.5977,1,0,27.65
2470,control,25-34,android,website,0.5015,0,0,2.9
2471,control,45+,ios,app_store,0.6885,1,0,9.98
2472,control,35-44,android,app_store,0.5004,0,0,5.05
2473,control,25-34,ios,app_store,0.7047,0,0,2.09
2474,control,25-34,android,google_play,0.6577,1,0,21.37
2475,control,18-24,ios,website,0.498,0,0,2.63
2476,control,18-24,ios,website,0.5134,0,1,8.7
2477,control,18-24,android,google_play,0.5231,0,1,0.22
2478,control,25-34,android,referral,0.6106,1,0,11.01
2479,control,45+,web,google_play,0.4684,0,1,6.88
2480,control,25-34,ios,referral,0.6017,1,0,5.98
2481,control,25-34,web,website,0.5076,1,0,16.97
2482,control,18-24,ios,app_store,0.5301,1,0,22.8
2483,control,25-34,ios,website,0.5411,0,1,0.0
2484,control,35-44,android,google_play,0.4167,0,0,3.73
2485,control,25-34,ios,website,0.5738,1,0,9.02
2486,control,35-44,android,app_store,0.5438,1,0,6.93
2487,control,35-44,android,google_play,0.4467,1,0,11.6
2488,control,18-24,android,referral,0.518,0,0,2.84
2489,control,35-44,android,app_store,0.5555,0,0,0.96
2490,control,45+,web,app_store,0.608,0,1,7.49
2491,control,25-34,web,app_store,0.5329,0,0,3.8
2492,control,18-24,ios,google_play,0.6194,0,1,1.74
2493,control,45+,android,website,0.5666,0,0,0.0
2494,control,45+,web,website,0.4158,0,1,4.31
2495,control,25-34,ios,referral,0.6322,1,0,30.35
2496,control,35-44,android,google_play,0.7343,0,0,0.97
2497,control,25-34,ios,google_play,0.6343,0,0,1.39
2498,control,35-44,ios,app_store,0.6559,1,1,11.64
2499,control,25-34,android,app_store,0.5334,1,0,25.11
2500,control,18-24,ios,website,0.571,1,0,23.56
2501,control,35-44,ios,app_store,0.6228,0,0,1.89
2502,control,45+,android,app_store,0.3494,0,0,1.34
2503,control,35-44,android,referral,0.5876,1,0,12.34
2504,control,25-34,ios,google_play,0.5213,1,0,16.26
2505,control,18-24,ios,app_store,0.565,0,0,7.17
2506,control,45+,web,website,0.3927,1,0,18.25
2507,control,45+,ios,google_play,0.5843,1,0,25.73
2508,control,25-34,ios,referral,0.6396,0,0,0.91
2509,control,35-44,ios,website,0.4862,1,0,4.12
2510,control,25-34,ios,app_store,0.5666,0,0,12.88
2511,control,25-34,ios,app_store,0.6556,1,0,19.29
2512,control,18-24,android,app_store,0.6078,0,0,6.3
2513,control,18-24,ios,website,0.4438,1,0,13.27
2514,control,25-34,ios,google_play,0.5282,1,0,9.82
2515,control,35-44,ios,website,0.7421,1,0,18.93
2516,control,18-24,web,google_play,0.5352,0,0,0.0
2517,control,25-34,ios,google_play,0.6233,1,0,16.4
2518,control,25-34,android,app_store,0.5068,1,0,24.13
2519,control,25-34,android,app_store,0.5832,0,0,5.11
2520,control,18-24,android,google_play,0.6632,1,0,19.53
2521,control,35-44,android,google_play,0.6163,1,0,28.46
2522,control,25-34,ios,referral,0.7212,1,0,20.25
2523,control,35-44,android,app_store,0.5883,1,0,6.57
2524,control,45+,android,website,0.3739,1,0,17.11
2525,control,18-24,android,app_store,0.4613,1,0,29.55
2526,control,45+,ios,website,0.4066,1,0,16.14
2527,control,45+,ios,app_store,0.5534,0,0,10.21
2528,control,35-44,android,website,0.6439,1,0,24.14
2529,control,35-44,android,app_store,0.5989,1,0,15.55
2530,control,35-44,android,app_store,0.5614,0,0,0.0
2531,control,35-44,android,google_play,0.5328,0,0,4.72
2532,control,35-44,android,google_play,0.6244,1,0,25.62
2533,control,18-24,android,google_play,0.4269,1,0,8.53
2534,control,45+,android,google_play,0.4153,1,0,18.72
2535,control,35-44,web,referral,0.698,0,1,0.0
2536,control,35-44,ios,app_store,0.6038,0,0,2.28
2537,control,25-34,ios,google_play,0.5922,1,0,8.07
2538,control,18-24,android,referral,0.5325,1,0,21.37
2539,control,25-34,android,website,0.5841,0,0,1.02
2540,control,25-34,web,google_play,0.5992,0,0,7.67
2541,control,25-34,android,google_play,0.5166,1,1,14.76
2542,control,25-34,ios,app_store,0.5494,1,0,14.21
2543,control,25-34,web,google_play,0.5704,1,0,8.31
2544,control,25-34,ios,google_play,0.6402,0,0,4.91
2545,control,25-34,android,website,0.5232,1,0,20.95
2546,control,45+,ios,website,0.486,0,0,6.88
2547,control,18-24,android,app_store,0.5197,0,0,5.86
2548,control,25-34,android,app_store,0.5631,1,1,20.41
2549,control,25-34,android,google_play,0.5136,1,0,21.58
2550,control,25-34,web,google_play,0.6746,1,0,22.18
2551,control,25-34,ios,google_play,0.5774,1,0,23.45
2552,control,35-44,android,website,0.5563,1,0,8.83
2553,control,45+,android,google_play,0.3412,1,0,15.23
2554,control,25-34,ios,referral,0.6188,1,0,8.26
2555,control,35-44,web,google_play,0.518,1,0,19.99
2556,control,18-24,android,app_store,0.4377,0,0,9.37
2557,control,25-34,android,google_play,0.7698,0,0,6.73
2558,control,25-34,web,website,0.556,1,0,14.36
2559,control,18-24,web,app_store,0.6241,0,0,5.32
2560,control,35-44,web,app_store,0.6644,1,0,20.09
2561,control,35-44,android,google_play,0.6747,0,0,4.34
2562,control,35-44,android,website,0.5301,0,1,0.0
2563,control,25-34,android,referral,0.7245,0,0,8.23
2564,control,35-44,android,google_play,0.6637,0,0,0.0
2565,control,25-34,web,app_store,0.5793,1,0,15.8
2566,control,18-24,android,google_play,0.5471,1,0,23.75
2567,control,18-24,ios,google_play,0.5551,1,0,15.76
2568,control,35-44,web,referral,0.6302,1,0,18.48
2569,control,45+,web,google_play,0.5125,0,0,3.93
2570,control,18-24,ios,website,0.5465,1,0,18.4
2571,control,35-44,web,referral,0.7652,1,1,18.69
2572,control,35-44,android,website,0.4496,0,1,4.27
2573,control,35-44,android,app_store,0.6774,0,0,3.77
2574,control,25-34,android,website,0.4965,0,1,0.28
2575,control,35-44,web,google_play,0.7076,1,0,8.7
2576,control,35-44,web,google_play,0.5793,0,0,7.09
2577,control,45+,android,referral,0.559,1,0,24.26
2578,control,18-24,android,app_store,0.5033,0,0,4.71
2579,control,45+,android,google_play,0.3676,1,0,19.97
2580,control,18-24,android,app_store,0.6551,1,0,12.51
2581,control,35-44,ios,app_store,0.5506,0,0,0.0
2582,control,18-24,android,website,0.4827,0,0,2.6
2583,control,18-24,ios,website,0.4318,1,0,6.62
2584,control,18-24,ios,website,0.409,1,0,19.11
2585,control,25-34,android,google_play,0.5596,0,0,8.2
2586,control,25-34,android,app_store,0.5185,0,0,1.28
2587,control,18-24,web,google_play,0.4425,1,0,14.65
2588,control,25-34,ios,google_play,0.6132,1,0,11.97
2589,control,25-34,android,website,0.4074,1,1,18.27
2590,control,35-44,android,website,0.556,0,0,3.38
2591,control,45+,web,referral,0.5258,1,0,11.89
2592,control,35-44,ios,website,0.3876,1,0,23.48
2593,control,18-24,ios,google_play,0.5242,1,0,34.21
2594,control,25-34,ios,website,0.6035,0,0,7.78
2595,control,45+,web,website,0.3809,0,0,3.1
2596,control,18-24,android,referral,0.5869,1,0,17.26
2597,control,25-34,ios,google_play,0.6506,0,0,1.65
2598,control,45+,android,website,0.3746,0,1,1.58
2599,control,45+,ios,google_play,0.545,1,1,23.75
2600,control,25-34,web,website,0.602,0,0,7.11
2601,control,35-44,web,referral,0.5559,1,0,10.98
2602,control,25-34,ios,referral,0.6195,1,0,20.2
2603,control,35-44,ios,app_store,0.718,1,1,24.67
2604,control,18-24,web,app_store,0.4574,1,0,15.9
2605,control,18-24,web,website,0.5227,0,0,2.74
2606,control,35-44,ios,website,0.4997,0,0,6.01
2607,control,25-34,android,referral,0.5831,1,0,22.35
2608,control,35-44,android,google_play,0.6317,0,0,5.04
2609,control,25-34,web,website,0.3436,1,0,19.53
2610,control,45+,ios,website,0.4533,0,0,4.9
2611,control,35-44,ios,app_store,0.6603,1,0,16.33
2612,control,25-34,ios,app_store,0.6241,1,0,11.29
2613,control,35-44,android,website,0.5042,0,1,0.0
2614,control,25-34,android,app_store,0.4776,1,0,21.57
2615,control,25-34,ios,website,0.6163,0,0,3.89
2616,control,18-24,android,google_play,0.5002,0,1,5.14
2617,control,45+,ios,google_play,0.5896,1,0,13.03
2618,control,35-44,ios,app_store,0.6564,0,1,3.87
2619,control,45+,ios,referral,0.5302,1,0,18.47
2620,control,45+,android,website,0.5418,0,1,8.1
2621,control,45+,ios,website,0.4485,0,1,6.57
2622,control,25-34,android,website,0.6212,0,0,0.84
2623,control,45+,android,google_play,0.6117,0,0,5.32
2624,control,35-44,android,referral,0.7,0,1,0.81
2625,control,25-34,android,google_play,0.5616,0,1,0.0
2626,control,35-44,web,google_play,0.8098,1,0,28.36
2627,control,25-34,web,app_store,0.5881,0,1,2.15
2628,control,25-34,android,app_store,0.5853,0,0,7.24
2629,control,25-34,ios,website,0.5642,0,1,1.12
2630,control,18-24,ios,google_play,0.4756,1,0,13.16
2631,control,25-34,ios,website,0.6696,0,0,1.53
2632,control,45+,web,referral,0.4902,1,0,19.52
2633,control,35-44,ios,google_play,0.7096,0,0,4.13
2634,control,25-34,android,app_store,0.6588,0,0,5.29
2635,control,25-34,android,website,0.5743,0,0,1.71
2636,control,25-34,ios,app_store,0.5506,1,0,18.24
2637,control,25-34,web,website,0.5087,1,0,12.94
2638,control,35-44,ios,google_play,0.4218,0,0,8.79
2639,control,18-24,android,google_play,0.5167,0,0,0.0
2640,control,35-44,android,google_play,0.6602,0,0,0.54
2641,control,35-44,web,google_play,0.587,0,0,1.98
2642,control,35-44,android,google_play,0.5488,1,0,32.33
2643,control,45+,ios,app_store,0.5122,0,0,6.26
2644,control,25-34,ios,google_play,0.7132,1,0,12.88
2645,control,45+,android,referral,0.5217,1,0,22.93
2646,control,35-44,android,app_store,0.7346,1,0,21.09
2647,control,35-44,android,google_play,0.5503,1,0,19.64
2648,control,35-44,android,app_store,0.6034,1,0,22.17
2649,control,35-44,ios,google_play,0.6013,0,0,3.71
2650,control,45+,ios,app_store,0.702,1,0,19.02
2651,control,25-34,android,website,0.5404,0,0,0.0
2652,control,35-44,ios,app_store,0.7962,1,0,26.66
2653,control,35-44,android,website,0.5124,0,0,1.89
2654,control,25-34,android,app_store,0.6882,1,0,10.58
2655,control,45+,ios,google_play,0.5554,0,1,1.68
2656,control,25-34,ios,app_store,0.6729,1,0,15.22
2657,control,35-44,ios,website,0.4884,1,0,13.19
2658,control,18-24,android,referral,0.5739,1,0,22.67
2659,control,25-34,ios,app_store,0.5205,1,0,23.85
2660,control,35-44,android,referral,0.6366,1,0,6.24
2661,control,25-34,web,google_play,0.4645,1,0,14.91
2662,control,25-34,ios,google_play,0.6085,1,0,15.34
2663,control,25-34,web,website,0.6236,0,0,2.88
2664,control,25-34,android,app_store,0.6098,1,0,28.24
2665,control,35-44,ios,google_play,0.5373,1,0,13.12
2666,control,45+,ios,app_store,0.3841,1,1,27.37
2667,control,18-24,android,website,0.5158,0,0,2.97
2668,control,35-44,ios,google_play,0.7625,1,0,27.43
2669,control,25-34,ios,referral,0.5589,0,0,2.38
2670,control,35-44,web,app_store,0.7638,1,0,15.43
2671,control,25-34,android,referral,0.5955,1,0,17.86
2672,control,25-34,web,app_store,0.4193,1,0,25.75
2673,control,25-34,android,website,0.4011,1,0,18.95
2674,control,35-44,ios,google_play,0.6976,0,0,4.25
2675,control,25-34,ios,app_store,0.6164,1,0,21.82
2676,control,25-34,android,app_store,0.6846,0,0,0.33
2677,control,35-44,web,website,0.4602,0,0,4.71
2678,control,35-44,web,app_store,0.6055,0,0,1.24
2679,control,25-34,web,google_play,0.5865,1,0,26.83
2680,control,35-44,web,referral,0.6146,0,0,5.01
2681,control,45+,ios,google_play,0.5154,1,0,22.16
2682,control,18-24,ios,app_store,0.527,1,0,5.76
2683,control,35-44,web,app_store,0.61,0,1,6.04
2684,control,25-34,android,app_store,0.5902,0,0,2.86
2685,control,35-44,ios,google_play,0.6562,1,0,9.38
2686,control,25-34,ios,website,0.6625,1,0,18.57
2687,control,35-44,ios,app_store,0.5299,1,0,8.89
2688,control,25-34,android,app_store,0.4211,0,0,5.7
2689,control,25-34,android,website,0.6074,1,0,26.6
2690,control,45+,android,google_play,0.4305,1,0,7.26
2691,control,25-34,android,google_play,0.5456,1,0,17.82
2692,control,45+,android,referral,0.477,0,0,2.91
2693,control,45+,android,app_store,0.4453,1,0,6.06
2694,control,45+,android,google_play,0.3893,1,0,23.5
2695,control,18-24,ios,website,0.4704,0,0,5.75
2696,control,35-44,android,website,0.5979,1,0,30.16
2697,control,18-24,ios,website,0.5157,0,0,5.29
2698,control,25-34,android,website,0.5664,0,1,0.34
2699,control,45+,ios,google_play,0.5063,1,0,21.09
2700,control,35-44,android,google_play,0.6682,0,1,8.13
2701,control,25-34,ios,website,0.5253,0,0,1.83
2702,control,25-34,ios,website,0.3973,1,0,23.11
2703,control,35-44,ios,website,0.6113,1,0,3.87
2704,control,35-44,android,google_play,0.6574,0,1,8.81
2705,control,25-34,ios,website,0.5213,1,0,22.8
2706,control,45+,android,app_store,0.5919,1,0,2.73
2707,control,25-34,ios,app_store,0.5379,1,0,20.3
2708,control,18-24,android,google_play,0.5797,0,1,0.0
2709,control,35-44,ios,app_store,0.7656,0,0,1.3
2710,control,45+,android,website,0.4589,1,0,22.07
2711,control,25-34,ios,app_store,0.5879,1,0,17.18
2712,control,25-34,android,website,0.5175,0,1,8.02
2713,control,18-24,android,google_play,0.6563,1,0,18.38
2714,control,45+,android,app_store,0.5282,1,0,17.78
2715,control,25-34,android,app_store,0.7375,0,0,7.45
2716,control,25-34,ios,google_play,0.6383,1,0,15.97
2717,control,45+,ios,website,0.4437,1,0,17.85
2718,control,18-24,ios,google_play,0.5193,1,0,18.64
2719,control,35-44,android,app_store,0.5909,1,0,17.59
2720,control,25-34,android,app_store,0.4027,0,0,7.68
2721,control,35-44,web,app_store,0.558,1,0,14.0
2722,control,25-34,android,app_store,0.5298,0,0,0.51
2723,control,25-34,android,referral,0.6152,1,0,11.63
2724,control,18-24,web,app_store,0.6813,1,0,5.15
2725,control,35-44,android,app_store,0.5904,0,1,8.84
2726,control,35-44,android,referral,0.4622,1,0,12.6
2727,control,18-24,android,website,0.4029,1,0,16.57
2728,control,25-34,ios,google_play,0.637,0,0,9.11
2729,control,45+,android,website,0.4634,0,0,2.99
2730,control,18-24,ios,referral,0.716,1,0,21.09
2731,control,25-34,android,app_store,0.6428,1,0,9.48
2732,control,35-44,android,app_store,0.6604,0,0,8.53
2733,control,25-34,android,referral,0.5786,1,0,17.27
2734,control,25-34,ios,website,0.6539,0,1,0.0
2735,control,25-34,android,referral,0.5243,0,1,0.0
2736,control,18-24,ios,google_play,0.6435,1,0,28.14
2737,control,25-34,android,referral,0.5734,0,1,1.39
2738,control,35-44,android,google_play,0.4802,1,0,12.02
2739,control,35-44,android,website,0.5935,1,0,15.4
2740,control,18-24,ios,referral,0.6978,1,0,18.27
2741,control,35-44,ios,app_store,0.5935,0,0,4.05
2742,control,18-24,ios,app_store,0.681,1,0,20.67
2743,control,35-44,web,google_play,0.4735,0,0,4.35
2744,control,25-34,ios,website,0.4703,1,0,21.88
2745,control,35-44,ios,app_store,0.6143,0,0,2.52
2746,control,25-34,ios,referral,0.6063,0,0,10.96
2747,control,18-24,ios,google_play,0.5126,0,0,1.74
2748,control,25-34,android,google_play,0.5867,1,0,26.11
2749,control,18-24,ios,google_play,0.5237,1,0,14.41
2750,control,25-34,web,referral,0.5773,1,0,9.43
2751,control,35-44,android,app_store,0.6083,1,0,8.0
2752,control,35-44,web,google_play,0.5526,0,0,4.59
2753,control,18-24,ios,app_store,0.5475,1,0,24.97
2754,control,45+,android,referral,0.4744,1,0,11.09
2755,control,35-44,web,website,0.4596,0,0,0.34
2756,control,45+,android,app_store,0.5571,0,0,4.89
2757,control,35-44,android,app_store,0.7226,0,0,3.49
2758,control,35-44,android,google_play,0.6812,1,0,14.49
2759,control,25-34,ios,google_play,0.6425,1,0,10.32
2760,control,35-44,android,website,0.4947,0,0,4.61
2761,control,45+,web,google_play,0.493,1,0,21.92
2762,control,18-24,android,google_play,0.6106,0,0,5.27
2763,control,25-34,android,website,0.3435,1,0,18.16
2764,control,18-24,ios,google_play,0.5369,1,0,11.67
2765,control,45+,android,app_store,0.5547,0,1,4.63
2766,control,25-34,ios,app_store,0.5149,1,0,19.44
2767,control,35-44,android,google_play,0.6299,1,0,10.12
2768,control,35-44,web,website,0.5862,1,0,16.19
2769,control,45+,ios,app_store,0.4197,0,1,4.82
2770,control,18-24,android,google_play,0.533,0,0,3.22
2771,control,35-44,android,app_store,0.5366,1,0,6.24
2772,control,45+,android,website,0.4893,1,0,14.16
2773,control,18-24,web,app_store,0.5796,1,0,13.76
2774,control,35-44,ios,google_play,0.6679,0,0,5.51
2775,control,25-34,android,app_store,0.5718,1,0,33.59
2776,control,35-44,android,google_play,0.6191,1,0,18.8
2777,control,25-34,web,app_store,0.4819,1,0,10.81
2778,control,25-34,android,google_play,0.5735,1,0,17.04
2779,control,18-24,ios,website,0.4523,1,0,18.06
2780,control,18-24,ios,app_store,0.6385,1,1,22.54
2781,control,18-24,android,website,0.5307,1,0,25.45
2782,control,35-44,ios,google_play,0.6904,1,0,26.35
2783,control,25-34,android,google_play,0.7131,0,0,5.43
2784,control,25-34,android,google_play,0.5496,1,0,18.0
2785,control,35-44,web,google_play,0.5621,1,1,26.9
2786,control,35-44,ios,website,0.5577,1,1,15.91
2787,control,25-34,ios,website,0.4378,1,0,18.33
2788,control,45+,ios,website,0.3741,1,1,16.54
2789,control,25-34,android,app_store,0.6157,1,0,5.21
2790,control,35-44,ios,website,0.4744,0,0,8.08
2791,control,18-24,ios,app_store,0.47,1,0,22.05
2792,control,35-44,android,google_play,0.5879,1,1,3.78
2793,control,45+,android,app_store,0.463,0,0,7.11
2794,control,35-44,ios,app_store,0.6969,0,0,2.41
2795,control,35-44,ios,website,0.5908,1,0,23.93
2796,control,35-44,android,referral,0.5521,0,0,3.77
2797,control,25-34,web,app_store,0.6537,1,0,9.86
2798,control,35-44,android,google_play,0.6543,1,0,18.16
2799,control,35-44,android,website,0.4331,0,1,0.27
2800,control,45+,android,referral,0.5462,0,0,0.0
2801,control,25-34,ios,website,0.5088,0,0,6.62
2802,control,18-24,android,app_store,0.4567,1,0,20.35
2803,control,35-44,ios,app_store,0.7756,0,0,8.89
2804,control,18-24,android,website,0.4859,0,0,2.08
2805,control,25-34,ios,app_store,0.5886,0,1,0.03
2806,control,25-34,ios,referral,0.6428,1,0,21.83
2807,control,35-44,android,referral,0.6859,0,0,0.5
2808,control,18-24,web,referral,0.4999,1,1,16.14
2809,control,18-24,android,app_store,0.4735,0,1,5.39
2810,control,18-24,android,website,0.5285,1,0,17.24
2811,control,45+,ios,website,0.3747,1,0,15.07
2812,control,35-44,ios,app_store,0.7053,1,0,9.58
2813,control,18-24,android,app_store,0.3876,1,1,23.62
2814,control,18-24,ios,app_store,0.5363,0,0,2.17
2815,control,35-44,android,google_play,0.4681,1,0,21.71
2816,control,25-34,ios,referral,0.5515,1,0,20.92
2817,control,35-44,ios,website,0.6898,1,0,24.55
2818,control,25-34,web,app_store,0.6596,1,0,16.59
2819,control,45+,ios,google_play,0.6381,1,0,15.91
2820,control,25-34,ios,app_store,0.4901,0,1,0.0
2821,control,35-44,ios,app_store,0.5419,1,0,14.74
2822,control,18-24,android,app_store,0.5432,1,0,20.05
2823,control,45+,android,website,0.5132,1,0,13.1
2824,control,45+,web,website,0.402,1,0,19.89
2825,control,35-44,android,website,0.4997,0,0,8.78
2826,control,25-34,ios,referral,0.5455,1,0,15.33
2827,control,25-34,android,app_store,0.6987,1,0,10.11
2828,control,35-44,ios,website,0.548,1,0,15.52
2829,control,35-44,android,app_store,0.5885,1,1,9.46
2830,control,25-34,web,google_play,0.5927,0,0,8.3
2831,control,25-34,ios,google_play,0.7044,1,0,18.51
2832,control,25-34,android,app_store,0.4898,1,0,13.63
2833,control,35-44,ios,app_store,0.7195,1,0,14.64
2834,control,35-44,ios,app_store,0.5237,0,0,0.0
2835,control,35-44,android,app_store,0.6793,0,0,7.14
2836,control,35-44,android,referral,0.4788,1,0,29.02
2837,control,25-34,ios,app_store,0.5976,1,0,9.04
2838,control,25-34,ios,google_play,0.746,1,1,24.26
2839,control,18-24,android,referral,0.6018,0,0,2.61
2840,control,35-44,web,google_play,0.6397,1,0,25.6
2841,control,25-34,android,google_play,0.4921,1,0,7.0
2842,control,25-34,android,referral,0.5372,0,1,4.31
2843,control,25-34,ios,app_store,0.7136,1,0,15.55
2844,control,25-34,android,app_store,0.6038,0,0,5.87
2845,control,35-44,android,google_play,0.6672,1,0,18.37
2846,control,25-34,ios,google_play,0.6219,0,1,3.58
2847,control,18-24,android,website,0.4535,0,0,3.12
2848,control,35-44,android,app_store,0.6473,1,0,27.37
2849,control,25-34,ios,website,0.5867,1,0,16.95
2850,control,25-34,ios,website,0.5524,1,1,23.19
2851,control,25-34,ios,referral,0.5229,0,0,5.76
2852,control,35-44,ios,app_store,0.7023,1,0,23.33
2853,control,25-34,ios,app_store,0.6412,1,0,11.91
2854,control,35-44,android,referral,0.5675,0,1,6.05
2855,control,45+,ios,website,0.5903,0,0,4.71
2856,control,35-44,android,app_store,0.6055,0,0,0.0
2857,control,25-34,android,app_store,0.5871,0,0,2.74
2858,control,35-44,ios,website,0.6567,1,0,31.77
2859,control,25-34,ios,google_play,0.6695,0,0,2.09
2860,control,25-34,ios,google_play,0.6395,0,1,2.18
2861,control,25-34,android,referral,0.5809,0,1,5.12
2862,control,25-34,android,app_store,0.7247,1,0,14.75
2863,control,18-24,ios,app_store,0.4973,1,0,18.84
2864,control,25-34,ios,website,0.6257,0,0,1.88
2865,control,18-24,ios,referral,0.5793,0,0,4.95
2866,control,25-34,android,app_store,0.6024,1,1,17.63
2867,control,35-44,android,website,0.6447,1,0,29.71
2868,control,45+,ios,app_store,0.5111,0,1,3.67
2869,control,18-24,ios,app_store,0.6041,0,0,2.7
2870,control,35-44,android,referral,0.6372,0,1,7.21
2871,control,25-34,android,app_store,0.5147,0,0,0.0
2872,control,18-24,android,app_store,0.6166,1,0,28.15
2873,control,25-34,android,website,0.5829,0,1,0.0
2874,control,18-24,ios,google_play,0.5312,1,0,25.15
2875,control,25-34,android,google_play,0.6643,1,0,26.74
2876,control,25-34,ios,website,0.4995,1,0,14.85
2877,control,25-34,ios,app_store,0.6037,0,1,1.95
2878,control,25-34,web,website,0.5017,1,1,17.34
2879,control,18-24,web,google_play,0.5961,1,0,21.73
2880,control,18-24,android,app_store,0.4776,1,0,12.01
2881,control,18-24,android,website,0.5367,0,0,3.11
2882,control,25-34,android,google_play,0.6236,1,0,16.12
2883,control,25-34,ios,referral,0.606,1,0,11.09
2884,control,25-34,android,referral,0.7424,1,0,11.73
2885,control,25-34,android,website,0.4664,1,0,18.77
2886,control,18-24,android,google_play,0.4133,0,0,3.9
2887,control,45+,android,app_store,0.5645,1,0,13.42
2888,control,18-24,ios,referral,0.414,0,0,3.79
2889,control,18-24,ios,google_play,0.6853,1,0,14.12
2890,control,18-24,ios,website,0.5241,1,0,25.84
2891,control,45+,web,website,0.3518,0,0,3.13
2892,control,35-44,android,app_store,0.5101,0,1,7.45
2893,control,35-44,android,app_store,0.4553,1,0,7.84
2894,control,45+,android,website,0.4866,0,1,4.66
2895,control,18-24,ios,google_play,0.4598,0,0,5.65
2896,control,45+,ios,app_store,0.5762,0,0,3.0
2897,control,25-34,android,google_play,0.5516,1,0,14.77
2898,control,35-44,web,website,0.518,0,0,2.95
2899,control,25-34,android,google_play,0.6167,1,1,22.45
2900,control,25-34,android,app_store,0.6159,1,0,10.74
2901,control,45+,ios,website,0.5877,0,0,6.02
2902,control,18-24,web,website,0.4353,1,1,19.91
2903,control,45+,ios,referral,0.5636,1,0,16.44
2904,control,25-34,web,app_store,0.5252,0,0,2.71
2905,control,35-44,android,referral,0.629,1,0,18.37
2906,control,45+,ios,website,0.4337,1,0,27.95
2907,control,18-24,ios,website,0.4821,0,1,4.75
2908,control,45+,ios,google_play,0.5125,0,1,0.11
2909,control,35-44,android,app_store,0.6095,0,0,1.93
2910,control,35-44,web,google_play,0.6062,0,1,0.0
2911,control,18-24,android,app_store,0.5565,0,1,0.0
2912,control,25-34,android,app_store,0.5574,1,0,11.03
2913,control,35-44,web,referral,0.5796,0,0,3.93
2914,control,25-34,web,app_store,0.5913,1,1,25.64
2915,control,18-24,web,referral,0.4826,1,0,23.97
2916,control,25-34,web,google_play,0.6315,1,0,11.07
2917,control,45+,android,website,0.4332,0,1,0.63
2918,control,18-24,web,app_store,0.5424,0,0,0.12
2919,control,35-44,android,website,0.5636,1,0,2.51
2920,control,45+,ios,google_play,0.6741,1,0,16.99
2921,control,18-24,android,referral,0.5765,0,0,6.39
2922,control,18-24,ios,app_store,0.5619,0,1,2.59
2923,control,35-44,ios,app_store,0.5706,1,0,10.39
2924,control,18-24,ios,referral,0.6502,0,1,0.46
2925,control,35-44,android,app_store,0.5644,1,0,16.03
2926,control,35-44,android,website,0.424,1,0,22.62
2927,control,35-44,android,app_store,0.5704,0,0,2.84
2928,control,25-34,android,app_store,0.5813,0,0,5.79
2929,control,35-44,ios,google_play,0.5705,0,0,3.21
2930,control,35-44,android,google_play,0.5865,1,0,19.42
2931,control,25-34,ios,google_play,0.6103,1,0,12.36
2932,control,35-44,android,google_play,0.5915,1,0,13.88
2933,control,45+,android,website,0.5548,1,0,10.47
2934,control,35-44,ios,referral,0.5511,1,0,21.61
2935,control,25-34,android,app_store,0.7287,1,0,16.25
2936,control,25-34,android,google_play,0.5734,1,0,0.0
2937,control,18-24,android,google_play,0.5724,0,0,5.23
2938,control,25-34,android,website,0.5362,1,0,23.84
2939,control,18-24,ios,google_play,0.4279,0,0,0.58
2940,control,45+,android,website,0.3715,0,1,5.23
2941,control,25-34,android,google_play,0.5341,1,0,16.74
2942,control,35-44,ios,website,0.6655,1,0,5.29
2943,control,18-24,ios,website,0.4053,1,0,29.72
2944,control,25-34,ios,google_play,0.5475,0,0,2.77
2945,control,25-34,android,google_play,0.5892,0,0,4.23
2946,control,25-34,web,app_store,0.6138,1,0,14.25
2947,control,35-44,android,google_play,0.6314,1,0,16.23
2948,control,45+,android,app_store,0.4173,0,0,4.08
2949,control,45+,web,website,0.3382,1,0,11.74
2950,control,18-24,ios,google_play,0.6091,0,0,9.6
2951,control,35-44,ios,app_store,0.7406,0,0,6.52
2952,control,18-24,web,app_store,0.4984,1,0,21.1
2953,control,45+,android,google_play,0.4144,1,0,17.15
2954,control,25-34,ios,referral,0.6016,0,0,0.76
2955,control,25-34,ios,google_play,0.6475,1,0,24.18
2956,control,18-24,android,app_store,0.4973,0,1,5.7
2957,control,18-24,android,google_play,0.6386,0,1,2.06
2958,control,25-34,android,referral,0.67,0,0,0.0
2959,control,45+,web,website,0.4807,1,0,8.54
2960,control,35-44,android,app_store,0.4297,1,0,18.17
2961,control,45+,android,website,0.4006,1,0,16.51
2962,control,18-24,ios,website,0.4722,1,0,25.11
2963,control,35-44,ios,website,0.5263,0,1,7.07
2964,control,25-34,android,google_play,0.5913,1,0,18.23
2965,control,25-34,ios,website,0.5829,0,0,3.21
2966,control,25-34,ios,google_play,0.4821,0,1,0.0
2967,control,25-34,ios,app_store,0.6704,1,0,24.37
2968,control,35-44,android,app_store,0.5873,1,0,17.66
2969,control,18-24,android,google_play,0.5546,1,0,21.63
2970,control,25-34,ios,app_store,0.6656,0,0,7.74
2971,control,35-44,android,google_play,0.5346,0,1,1.46
2972,control,18-24,ios,website,0.6167,1,0,13.03
2973,control,45+,android,website,0.4447,1,0,32.81
2974,control,25-34,ios,app_store,0.727,0,1,5.64
2975,control,35-44,web,app_store,0.5245,0,0,2.5
2976,control,35-44,ios,website,0.7011,0,0,7.96
2977,control,35-44,web,google_play,0.5337,0,0,2.39
2978,control,35-44,web,app_store,0.7999,0,0,4.67
2979,control,45+,android,website,0.3799,0,1,1.45
2980,control,35-44,android,app_store,0.6705,0,1,3.44
2981,control,25-34,web,app_store,0.547,1,0,16.36
2982,control,18-24,web,website,0.5432,1,0,13.49
2983,control,35-44,web,website,0.5528,0,0,4.37
2984,control,18-24,ios,google_play,0.4787,0,0,1.2
2985,control,25-34,android,website,0.3023,1,0,21.46
2986,control,18-24,web,referral,0.7566,1,1,16.17
2987,control,25-34,web,app_store,0.5818,1,0,7.68
2988,control,18-24,ios,website,0.2805,0,1,5.74
2989,control,35-44,web,app_store,0.6202,0,1,5.8
2990,control,35-44,ios,google_play,0.6912,1,0,31.52
2991,control,35-44,web,google_play,0.5488,1,0,18.11
2992,control,25-34,android,google_play,0.5193,0,0,4.16
2993,control,25-34,web,app_store,0.5744,1,0,20.87
2994,control,35-44,android,website,0.6422,1,0,24.12
2995,control,25-34,android,google_play,0.584,1,0,23.74
2996,control,35-44,android,referral,0.7331,0,1,4.65
2997,control,25-34,ios,google_play,0.7065,1,0,17.8
2998,control,45+,android,website,0.4377,1,0,23.06
2999,control,18-24,web,google_play,0.4104,1,0,17.55
3000,control,35-44,ios,google_play,0.6179,1,0,10.26
3001,control,35-44,web,website,0.5981,0,1,0.0
3002,control,25-34,android,website,0.5308,0,0,2.44
3003,control,35-44,android,google_play,0.6468,1,0,18.72
3004,control,18-24,ios,google_play,0.6351,0,0,12.4
3005,control,35-44,ios,google_play,0.6785,0,0,3.07
3006,control,35-44,ios,google_play,0.614,0,0,3.67
3007,control,18-24,ios,google_play,0.6076,1,0,15.57
3008,control,18-24,ios,website,0.6948,1,0,21.71
3009,control,35-44,ios,google_play,0.5168,1,0,19.68
3010,control,25-34,web,google_play,0.625,0,0,1.2
3011,control,45+,ios,website,0.6426,1,0,11.93
3012,control,35-44,ios,referral,0.562,1,0,15.59
3013,control,35-44,android,app_store,0.6661,1,0,12.94
3014,control,25-34,android,app_store,0.6568,1,0,16.61
3015,control,35-44,android,app_store,0.4679,0,1,4.01
3016,control,45+,ios,website,0.553,1,0,14.99
3017,control,18-24,ios,google_play,0.5443,1,0,26.73
3018,control,25-34,android,google_play,0.5712,0,1,7.67
3019,control,25-34,ios,app_store,0.58,1,0,16.62
3020,control,25-34,android,referral,0.701,0,0,0.03
3021,control,35-44,android,google_play,0.587,0,0,3.39
3022,control,25-34,web,website,0.4989,1,0,17.2
3023,control,35-44,android,app_store,0.5503,0,0,3.27
3024,control,25-34,android,app_store,0.5387,0,1,2.07
3025,control,18-24,ios,app_store,0.4696,0,0,0.0
3026,control,25-34,android,google_play,0.5382,0,0,3.63
3027,control,45+,ios,google_play,0.5554,1,0,15.89
3028,control,35-44,web,app_store,0.6284,1,0,16.43
3029,control,25-34,ios,google_play,0.7123,0,0,3.84
3030,control,35-44,ios,app_store,0.6453,1,0,17.58
3031,control,18-24,android,google_play,0.488,0,0,3.76
3032,control,25-34,ios,app_store,0.5251,1,0,15.62
3033,control,25-34,android,app_store,0.5896,0,0,4.8
3034,control,45+,android,app_store,0.4866,0,0,0.92
3035,control,35-44,web,website,0.5493,1,0,11.47
3036,control,35-44,android,referral,0.637,1,0,12.66
3037,control,18-24,ios,website,0.5576,0,1,1.06
3038,control,18-24,android,app_store,0.5376,0,1,0.0
3039,control,35-44,ios,referral,0.6424,1,0,7.84
3040,control,25-34,android,referral,0.5319,1,0,21.02
3041,control,45+,android,google_play,0.457,0,1,8.09
3042,control,35-44,ios,app_store,0.6939,1,0,21.35
3043,control,25-34,ios,website,0.5321,1,0,15.1
3044,control,35-44,web,referral,0.5183,0,1,0.0
3045,control,45+,android,website,0.5488,0,0,4.19
3046,control,25-34,ios,website,0.4906,1,0,8.36
3047,control,35-44,web,website,0.5588,1,0,17.48
3048,control,45+,ios,referral,0.6053,0,0,0.62
3049,control,25-34,ios,app_store,0.6063,1,0,4.32
3050,control,45+,android,app_store,0.2977,1,0,26.88
3051,control,18-24,ios,website,0.5472,1,0,10.47
3052,control,35-44,web,app_store,0.7021,0,0,2.22
3053,control,35-44,ios,google_play,0.6989,1,0,17.23
3054,control,35-44,web,app_store,0.4261,1,0,15.18
3055,control,25-34,ios,app_store,0.7762,1,0,20.79
3056,control,35-44,ios,app_store,0.5199,1,0,13.55
3057,control,18-24,android,google_play,0.4397,1,0,20.29
3058,control,25-34,ios,google_play,0.6786,0,0,4.65
3059,control,25-34,web,google_play,0.6222,0,0,0.0
3060,control,35-44,ios,google_play,0.6424,0,1,4.35
3061,control,25-34,android,referral,0.5504,1,0,11.68
3062,control,25-34,ios,google_play,0.7225,0,0,0.0
3063,control,45+,ios,referral,0.5629,1,0,19.74
3064,control,25-34,web,google_play,0.4607,0,0,2.03
3065,control,25-34,android,app_store,0.6646,0,1,4.84
3066,control,25-34,android,website,0.5435,1,0,20.29
3067,control,18-24,android,website,0.5652,0,0,0.0
3068,control,35-44,android,app_store,0.6318,0,0,6.17
3069,control,25-34,web,website,0.7273,1,0,19.71
3070,control,18-24,android,website,0.4512,1,0,14.48
3071,control,45+,ios,app_store,0.5373,0,1,3.01
3072,control,35-44,android,google_play,0.6536,1,0,22.61
3073,control,35-44,android,app_store,0.5617,1,0,16.08
3074,control,45+,web,app_store,0.5702,1,0,30.69
3075,control,45+,ios,referral,0.3302,0,1,8.87
3076,control,25-34,android,google_play,0.5702,1,0,18.7
3077,control,35-44,android,website,0.5378,1,0,16.63
3078,control,35-44,web,website,0.5449,1,0,16.89
3079,control,25-34,web,referral,0.5358,0,0,1.34
3080,control,25-34,android,google_play,0.6485,0,1,3.95
3081,control,18-24,ios,google_play,0.5256,0,1,5.98
3082,control,35-44,android,app_store,0.602,0,0,0.0
3083,control,35-44,ios,website,0.583,0,0,5.81
3084,control,35-44,android,google_play,0.636,0,0,6.86
3085,control,25-34,ios,website,0.6805,1,0,21.43
3086,control,25-34,web,google_play,0.6016,1,0,17.22
3087,control,25-34,android,app_store,0.6333,0,0,5.41
3088,control,25-34,ios,referral,0.6476,1,1,25.8
3089,control,45+,android,website,0.4155,0,0,3.29
3090,control,45+,android,google_play,0.4947,0,0,3.58
3091,control,45+,android,website,0.4333,1,0,30.8
3092,control,45+,android,google_play,0.5515,1,0,19.84
3093,control,45+,web,website,0.4745,0,0,0.0
3094,control,25-34,android,google_play,0.5125,1,0,23.24
3095,control,18-24,web,google_play,0.5182,1,0,20.41
3096,control,18-24,android,app_store,0.3939,1,0,14.07
3097,control,25-34,ios,app_store,0.5912,1,0,11.38
3098,control,25-34,ios,website,0.5661,0,0,4.36
3099,control,18-24,web,google_play,0.6807,1,0,17.64
3100,control,45+,android,app_store,0.6039,0,0,0.0
3101,control,18-24,android,app_store,0.4333,0,1,3.18
3102,control,45+,ios,google_play,0.5621,1,0,17.09
3103,control,35-44,ios,website,0.6035,1,0,17.63
3104,control,35-44,ios,google_play,0.6176,1,1,20.95
3105,control,35-44,android,website,0.5327,0,1,0.0
3106,control,25-34,android,referral,0.5677,1,0,11.33
3107,control,35-44,ios,google_play,0.7858,1,0,15.08
3108,control,18-24,ios,website,0.4827,0,0,8.27
3109,control,45+,ios,app_store,0.5633,0,1,12.02
3110,control,25-34,android,google_play,0.3737,0,0,3.52
3111,control,25-34,android,app_store,0.6319,0,0,3.66
3112,control,35-44,web,app_store,0.6907,0,1,0.0
3113,control,35-44,ios,app_store,0.5418,1,0,23.43
3114,control,25-34,android,app_store,0.525,1,0,20.7
3115,control,35-44,web,website,0.5921,1,0,19.7
3116,control,18-24,ios,google_play,0.5676,1,0,10.52
3117,control,35-44,android,referral,0.6533,1,0,29.88
3118,control,25-34,android,google_play,0.553,1,0,27.12
3119,control,25-34,ios,website,0.7151,0,0,4.56
3120,control,18-24,android,app_store,0.4624,0,0,7.07
3121,control,25-34,ios,google_play,0.8313,1,0,18.31
3122,control,25-34,ios,google_play,0.7154,1,0,22.93
3123,control,25-34,android,referral,0.6626,1,0,10.16
3124,control,18-24,web,referral,0.4728,1,0,4.36
3125,control,18-24,android,app_store,0.5888,1,0,10.38
3126,control,25-34,android,website,0.5743,1,0,13.16
3127,control,18-24,ios,website,0.3464,1,0,14.14
3128,control,35-44,ios,google_play,0.5236,0,0,5.11
3129,control,45+,android,app_store,0.5246,1,1,16.46
3130,control,25-34,ios,website,0.5553,1,0,17.83
3131,control,45+,web,website,0.4247,0,0,0.0
3132,control,18-24,ios,google_play,0.6523,1,0,10.37
3133,control,18-24,ios,google_play,0.4953,1,0,18.25
3134,control,35-44,android,app_store,0.5496,0,1,1.55
3135,control,35-44,android,referral,0.5642,1,0,18.03
3136,control,35-44,ios,app_store,0.6668,1,0,21.27
3137,control,18-24,android,app_store,0.3784,0,0,9.4
3138,control,35-44,ios,app_store,0.5862,1,0,17.88
3139,control,25-34,android,website,0.3882,1,0,28.88
3140,control,25-34,android,website,0.501,0,0,4.96
3141,control,18-24,android,app_store,0.5738,1,0,22.14
3142,control,45+,android,app_store,0.5553,1,0,24.32
3143,control,18-24,android,website,0.4178,0,1,6.09
3144,control,35-44,ios,google_play,0.6787,0,0,0.61
3145,control,35-44,ios,app_store,0.6112,1,0,24.5
3146,control,35-44,android,referral,0.7249,0,0,2.15
3147,control,35-44,android,app_store,0.5756,0,0,4.59
3148,control,45+,ios,google_play,0.3082,0,0,3.98
3149,control,18-24,android,app_store,0.5876,0,1,7.62
3150,control,18-24,ios,website,0.4793,0,1,4.92
3151,control,35-44,ios,website,0.5641,1,0,9.68
3152,control,25-34,ios,google_play,0.6429,1,0,30.55
3153,control,18-24,web,website,0.372,0,1,6.51
3154,control,18-24,ios,referral,0.592,1,0,14.7
3155,control,25-34,web,website,0.5788,1,0,11.18
3156,control,18-24,web,google_play,0.5651,0,0,6.92
3157,control,18-24,android,google_play,0.4781,0,1,0.0
3158,control,45+,android,referral,0.6054,0,1,6.38
3159,control,25-34,android,app_store,0.4862,1,0,24.41
3160,control,45+,android,app_store,0.446,1,0,14.1
3161,control,45+,ios,app_store,0.5251,0,0,0.84
3162,control,18-24,android,website,0.4996,1,0,15.18
3163,control,35-44,android,app_store,0.56,0,0,0.0
3164,control,35-44,android,app_store,0.6843,1,0,19.38
3165,control,35-44,ios,website,0.6096,1,0,20.23
3166,control,18-24,ios,app_store,0.5621,0,0,6.12
3167,control,18-24,web,google_play,0.5568,0,1,0.5
3168,control,18-24,android,google_play,0.5846,0,1,6.52
3169,control,35-44,android,app_store,0.6053,0,0,0.0
3170,control,45+,web,referral,0.3912,0,1,6.52
3171,control,35-44,ios,app_store,0.7132,0,1,0.0
3172,control,35-44,ios,website,0.5956,0,0,9.14
3173,control,45+,ios,google_play,0.6008,0,0,1.62
3174,control,35-44,android,app_store,0.5535,1,0,21.59
3175,control,18-24,web,app_store,0.3799,1,0,22.07
3176,control,45+,ios,google_play,0.3637,1,0,10.38
3177,control,25-34,ios,google_play,0.5405,1,1,23.01
3178,control,18-24,ios,app_store,0.5974,0,0,1.52
3179,control,25-34,android,referral,0.6998,0,0,2.4
3180,control,45+,android,google_play,0.5302,1,0,13.98
3181,control,25-34,ios,referral,0.5518,1,0,27.68
3182,control,25-34,ios,app_store,0.5433,1,0,10.98
3183,control,18-24,android,app_store,0.6249,0,0,5.05
3184,control,18-24,android,google_play,0.4211,0,0,1.25
3185,control,18-24,web,app_store,0.6941,1,0,24.55
3186,control,35-44,android,app_store,0.7361,1,0,31.93
3187,control,45+,android,app_store,0.6668,1,0,14.22
3188,control,18-24,ios,app_store,0.5865,1,1,18.84
3189,control,25-34,ios,website,0.5387,0,0,2.11
3190,control,18-24,ios,app_store,0.5845,0,1,7.24
3191,control,18-24,web,referral,0.6287,1,0,16.51
3192,control,35-44,android,app_store,0.5339,1,0,23.43
3193,control,35-44,web,google_play,0.5179,1,0,15.61
3194,control,35-44,web,google_play,0.5833,1,0,31.46
3195,control,25-34,ios,google_play,0.5542,1,0,4.85
3196,control,35-44,ios,referral,0.7553,1,0,20.26
3197,control,18-24,android,website,0.4267,0,0,3.46
3198,control,18-24,android,app_store,0.5237,0,1,3.33
3199,control,45+,android,google_play,0.5846,1,0,19.71
3200,control,35-44,android,website,0.6484,0,0,3.71
3201,control,45+,web,app_store,0.5227,1,0,19.31
3202,control,45+,android,google_play,0.5367,1,0,20.45
3203,control,35-44,ios,app_store,0.5446,1,0,28.49
3204,control,45+,android,google_play,0.5878,1,0,1.41
3205,control,25-34,android,google_play,0.6771,1,0,29.08
3206,control,18-24,android,google_play,0.3764,0,1,12.72
3207,control,18-24,android,referral,0.687,0,1,0.0
3208,control,18-24,ios,google_play,0.5099,1,0,18.29
3209,control,18-24,web,referral,0.6036,1,0,26.23
3210,control,25-34,android,website,0.5322,1,0,23.51
3211,control,35-44,web,google_play,0.6012,0,0,9.53
3212,control,35-44,ios,google_play,0.6195,1,1,20.23
3213,control,35-44,ios,google_play,0.5566,1,0,5.8
3214,control,18-24,android,website,0.5179,1,0,25.83
3215,control,35-44,android,app_store,0.5631,0,1,5.79
3216,control,25-34,web,referral,0.5012,0,0,8.78
3217,control,18-24,ios,google_play,0.4832,1,0,8.8
3218,control,25-34,android,website,0.4226,1,0,10.7
3219,control,25-34,ios,google_play,0.574,1,0,18.1
3220,control,25-34,android,google_play,0.6148,0,0,8.3
3221,control,35-44,ios,website,0.5291,0,1,9.3
3222,control,35-44,android,website,0.624,1,0,13.65
3223,control,35-44,web,app_store,0.5865,0,0,2.04
3224,control,18-24,android,google_play,0.5028,1,0,35.23
3225,control,35-44,android,google_play,0.5973,0,0,1.51
3226,control,35-44,ios,website,0.6976,1,0,22.05
3227,control,18-24,android,google_play,0.4163,1,0,15.29
3228,control,35-44,web,app_store,0.7285,1,0,20.85
3229,control,25-34,ios,website,0.6428,0,0,0.38
3230,control,25-34,android,google_play,0.5743,1,0,12.97
3231,control,18-24,android,google_play,0.6206,1,0,15.78
3232,control,25-34,web,website,0.5102,0,1,1.54
3233,control,18-24,ios,website,0.5389,0,0,2.41
3234,control,18-24,web,website,0.4427,1,0,21.16
3235,control,18-24,android,app_store,0.5933,0,0,10.31
3236,control,45+,web,app_store,0.4494,0,0,1.37
3237,control,25-34,ios,website,0.5619,0,1,0.0
3238,control,25-34,ios,app_store,0.6603,1,1,18.06
3239,control,25-34,android,app_store,0.6499,1,0,12.89
3240,control,45+,android,app_store,0.4303,0,0,0.0
3241,control,35-44,web,google_play,0.6663,1,0,24.39
3242,control,45+,web,referral,0.4574,1,0,18.48
3243,control,25-34,android,app_store,0.394,1,0,19.07
3244,control,18-24,web,app_store,0.4662,1,0,6.44
3245,control,35-44,android,referral,0.6828,0,1,1.39
3246,control,25-34,android,referral,0.595,0,0,0.0
3247,control,35-44,android,app_store,0.5432,1,0,17.88
3248,control,45+,android,referral,0.5304,0,0,3.98
3249,control,25-34,android,app_store,0.5678,1,0,18.8
3250,control,45+,android,website,0.5058,0,0,1.1
3251,control,35-44,android,app_store,0.4571,1,0,12.88
3252,control,25-34,ios,google_play,0.6078,1,0,16.84
3253,control,25-34,ios,app_store,0.6159,1,0,20.14
3254,control,18-24,ios,website,0.4068,0,0,1.41
3255,control,35-44,android,app_store,0.4757,1,0,12.38
3256,control,18-24,ios,google_play,0.5368,1,0,12.63
3257,control,25-34,android,website,0.5267,0,0,1.13
3258,control,35-44,ios,app_store,0.627,1,0,15.28
3259,control,18-24,ios,referral,0.5415,0,1,0.0
3260,control,18-24,android,google_play,0.4782,0,0,1.9
3261,control,35-44,android,app_store,0.5544,0,1,7.95
3262,control,18-24,ios,app_store,0.5799,0,1,2.44
3263,control,25-34,web,google_play,0.6856,1,0,10.57
3264,control,25-34,ios,app_store,0.4284,1,1,4.45
3265,control,25-34,web,google_play,0.6358,0,0,10.11
3266,control,18-24,web,website,0.4771,0,1,7.6
3267,control,35-44,android,google_play,0.6381,1,0,19.71
3268,control,45+,ios,google_play,0.6408,1,0,24.98
3269,control,18-24,android,website,0.4156,1,0,21.17
3270,control,45+,ios,google_play,0.6215,1,1,17.55
3271,control,35-44,android,website,0.4457,0,1,0.0
3272,control,35-44,web,referral,0.6362,1,1,29.45
3273,control,35-44,ios,app_store,0.6066,1,0,15.38
3274,control,35-44,android,website,0.5497,1,0,15.71
3275,control,35-44,android,referral,0.5369,1,0,18.22
3276,control,25-34,android,google_play,0.611,1,0,18.33
3277,control,25-34,ios,referral,0.7629,0,0,5.57
3278,control,25-34,web,google_play,0.5083,1,0,20.76
3279,control,18-24,android,google_play,0.5412,1,0,14.54
3280,control,35-44,ios,google_play,0.7045,1,0,18.16
3281,control,18-24,ios,app_store,0.5323,1,0,21.26
3282,control,25-34,android,referral,0.7048,0,1,1.12
3283,control,18-24,ios,app_store,0.5216,1,0,26.68
3284,control,18-24,android,referral,0.5367,0,1,3.43
3285,control,35-44,android,website,0.4665,1,0,27.59
3286,control,35-44,android,referral,0.6261,1,0,9.65
3287,control,25-34,web,referral,0.6062,0,0,5.86
3288,control,18-24,android,google_play,0.5769,1,0,12.66
3289,control,25-34,android,referral,0.5451,0,0,1.22
3290,control,25-34,ios,website,0.5114,1,0,23.43
3291,control,35-44,web,google_play,0.643,1,0,16.63
3292,control,35-44,ios,website,0.6978,0,1,12.85
3293,control,25-34,android,app_store,0.6163,1,0,21.11
3294,control,25-34,ios,app_store,0.7538,0,1,1.0
3295,control,45+,android,app_store,0.5404,1,0,21.12
3296,control,35-44,ios,google_play,0.6775,1,0,16.58
3297,control,25-34,android,app_store,0.6203,1,0,22.99
3298,control,25-34,android,google_play,0.6951,0,1,2.43
3299,control,18-24,android,website,0.575,0,1,4.96
3300,control,45+,ios,website,0.4092,1,0,19.19
3301,control,25-34,android,referral,0.66,1,0,18.47
3302,control,25-34,android,referral,0.6172,1,0,24.25
3303,control,45+,ios,referral,0.5505,1,0,7.18
3304,control,35-44,ios,website,0.4442,0,1,3.85
3305,control,18-24,android,app_store,0.3928,0,0,0.98
3306,control,18-24,ios,referral,0.5568,0,0,0.0
3307,control,18-24,ios,app_store,0.4388,1,0,12.97
3308,control,35-44,android,app_store,0.5585,1,0,14.28
3309,control,18-24,web,google_play,0.5931,1,0,16.59
3310,control,45+,web,google_play,0.4695,1,0,20.02
3311,control,45+,android,website,0.4627,0,0,5.45
3312,control,25-34,android,app_store,0.4804,0,0,2.03
3313,control,35-44,android,website,0.5699,1,0,27.51
3314,control,25-34,android,app_store,0.6067,1,0,15.77
3315,control,18-24,ios,app_store,0.4422,0,0,0.0
3316,control,35-44,web,google_play,0.5458,1,0,15.93
3317,control,18-24,web,google_play,0.4346,0,0,3.67
3318,control,18-24,android,website,0.5167,0,0,0.0
3319,control,25-34,android,app_store,0.5791,1,0,25.24
3320,control,18-24,android,app_store,0.512,0,1,3.14
3321,control,25-34,ios,app_store,0.5957,1,0,11.09
3322,control,35-44,android,website,0.5718,0,0,0.04
3323,control,35-44,web,referral,0.6534,1,0,22.57
3324,control,35-44,web,website,0.5164,1,0,23.3
3325,control,35-44,android,google_play,0.5452,0,0,1.16
3326,control,25-34,ios,referral,0.6313,1,0,9.87
3327,control,35-44,ios,app_store,0.6108,1,0,18.79
3328,control,25-34,ios,app_store,0.7709,1,0,19.89
3329,control,25-34,ios,google_play,0.5853,1,0,21.39
3330,control,45+,android,app_store,0.5192,0,1,1.47
3331,control,25-34,ios,google_play,0.6533,0,0,3.06
3332,control,18-24,android,google_play,0.638,1,0,18.12
3333,control,25-34,ios,google_play,0.5511,0,1,6.98
3334,control,25-34,android,google_play,0.6832,1,0,25.98
3335,control,25-34,ios,google_play,0.6042,1,0,27.6
3336,control,25-34,ios,app_store,0.8061,1,0,25.81
3337,control,45+,android,referral,0.555,0,0,10.03
3338,control,25-34,android,website,0.4277,0,1,7.15
3339,control,25-34,ios,app_store,0.5902,1,0,14.46
3340,control,25-34,android,app_store,0.6729,1,1,27.2
3341,control,35-44,ios,app_store,0.6325,0,0,0.0
3342,control,18-24,ios,app_store,0.5512,1,0,32.19
3343,control,18-24,android,app_store,0.5735,0,1,0.0
3344,control,25-34,ios,app_store,0.5784,0,0,6.7
3345,control,35-44,ios,website,0.5691,1,0,26.67
3346,control,35-44,ios,website,0.5104,0,0,5.15
3347,control,35-44,android,website,0.6843,0,1,0.0
3348,control,35-44,android,website,0.4482,1,0,12.31
3349,control,25-34,android,website,0.5396,1,0,20.14
3350,control,18-24,web,website,0.5244,0,1,5.79
3351,control,18-24,web,referral,0.5549,0,0,2.86
3352,control,18-24,ios,website,0.4157,0,0,3.77
3353,control,25-34,android,website,0.4461,1,0,9.19
3354,control,25-34,ios,website,0.6078,1,0,28.65
3355,control,25-34,ios,google_play,0.5536,1,0,15.73
3356,control,35-44,ios,app_store,0.4602,1,0,22.73
3357,control,25-34,android,app_store,0.597,1,0,26.42
3358,control,35-44,web,google_play,0.5362,1,0,11.07
3359,control,35-44,android,app_store,0.6365,1,0,18.77
3360,control,25-34,android,app_store,0.5499,0,0,4.5
3361,control,25-34,web,app_store,0.556,0,1,2.57
3362,control,35-44,ios,google_play,0.6402,1,0,23.56
3363,control,35-44,android,referral,0.5249,1,0,14.0
3364,control,25-34,ios,google_play,0.55,1,0,18.33
3365,control,25-34,web,app_store,0.5552,1,0,15.77
3366,control,35-44,android,google_play,0.5045,0,0,11.87
3367,control,35-44,ios,google_play,0.6931,1,0,14.02
3368,control,18-24,android,website,0.4514,0,0,6.18
3369,control,25-34,android,website,0.41,1,1,28.78
3370,control,45+,android,app_store,0.4513,1,0,12.49
3371,control,18-24,ios,google_play,0.5741,1,0,18.57
3372,control,45+,android,app_store,0.4603,1,0,12.08
3373,control,18-24,android,website,0.508,0,0,0.0
3374,control,25-34,ios,referral,0.6819,1,0,13.29
3375,control,25-34,ios,referral,0.8281,1,0,14.58
3376,control,18-24,ios,app_store,0.6481,0,1,1.66
3377,control,45+,ios,website,0.3651,0,0,2.42
3378,control,25-34,android,website,0.4972,0,0,3.52
3379,control,45+,android,referral,0.5047,0,0,0.0
3380,control,25-34,ios,app_store,0.652,1,0,20.11
3381,control,45+,ios,google_play,0.4713,1,0,25.28
3382,control,45+,android,app_store,0.4535,0,0,8.29
3383,control,35-44,android,app_store,0.4864,0,0,2.56
3384,control,25-34,android,website,0.4778,0,1,6.72
3385,control,35-44,android,google_play,0.5508,1,0,13.91
3386,control,25-34,web,app_store,0.551,0,1,2.26
3387,control,45+,ios,website,0.4011,0,1,4.93
3388,control,25-34,android,google_play,0.6546,0,0,2.3
3389,control,25-34,ios,referral,0.6738,0,1,0.0
3390,control,18-24,ios,website,0.4001,1,0,23.0
3391,control,35-44,android,referral,0.6181,1,0,13.03
3392,control,45+,android,website,0.3308,0,0,1.63
3393,control,18-24,ios,app_store,0.6634,0,1,7.31
3394,control,35-44,android,app_store,0.7151,1,0,21.22
3395,control,45+,ios,referral,0.5615,0,0,4.13
3396,control,18-24,ios,app_store,0.4878,1,0,9.18
3397,control,18-24,ios,google_play,0.5129,1,0,11.02
3398,control,35-44,web,website,0.5197,0,1,4.93
3399,control,35-44,ios,app_store,0.6175,1,0,21.78
3400,control,18-24,ios,app_store,0.6656,0,1,4.41
3401,control,35-44,android,google_play,0.6724,1,0,15.16
3402,control,25-34,ios,google_play,0.6937,1,0,14.96
3403,control,45+,ios,website,0.5096,0,0,4.28
3404,control,45+,web,app_store,0.4137,1,0,10.49
3405,control,35-44,ios,google_play,0.5744,0,1,3.83
3406,control,25-34,android,app_store,0.5709,1,0,9.67
3407,control,25-34,ios,website,0.4699,1,0,11.68
3408,control,25-34,web,app_store,0.6003,1,0,19.07
3409,control,18-24,ios,app_store,0.6204,0,0,5.6
3410,control,35-44,ios,website,0.6296,0,0,4.73
3411,control,18-24,ios,app_store,0.5964,0,1,0.0
3412,control,25-34,ios,website,0.4167,0,0,0.0
3413,control,18-24,android,app_store,0.6227,1,0,17.95
3414,control,25-34,android,app_store,0.4406,1,0,6.6
3415,control,25-34,ios,app_store,0.5938,1,0,23.67
3416,control,35-44,web,referral,0.6755,1,0,11.51
3417,control,35-44,web,google_play,0.6347,0,1,11.54
3418,control,18-24,android,app_store,0.4138,0,0,0.04
3419,control,45+,android,google_play,0.4181,1,0,20.78
3420,control,45+,android,google_play,0.529,0,0,0.85
3421,control,25-34,ios,website,0.6069,1,0,16.99
3422,control,35-44,ios,referral,0.5674,0,0,4.16
3423,control,25-34,web,google_play,0.6174,1,0,23.16
3424,control,18-24,android,google_play,0.4048,0,1,7.17
3425,control,25-34,ios,google_play,0.666,1,0,22.36
3426,control,18-24,ios,referral,0.5153,0,0,7.24
3427,control,45+,android,google_play,0.5124,0,0,1.28
3428,control,45+,web,app_store,0.499,0,1,5.84
3429,control,35-44,ios,referral,0.7489,1,0,15.95
3430,control,35-44,android,referral,0.6354,0,0,7.05
3431,control,35-44,android,google_play,0.5481,1,0,18.69
3432,control,45+,web,google_play,0.5448,0,1,5.73
3433,control,25-34,ios,website,0.7374,0,0,4.55
3434,control,18-24,ios,website,0.5752,0,0,6.24
3435,control,35-44,ios,google_play,0.6313,1,0,13.15
3436,control,25-34,android,google_play,0.5093,1,0,8.57
3437,control,25-34,ios,google_play,0.5667,0,1,7.06
3438,control,18-24,web,google_play,0.5904,1,0,26.07
3439,control,35-44,android,app_store,0.5151,1,0,17.3
3440,control,25-34,ios,website,0.5662,0,0,6.42
3441,control,18-24,android,app_store,0.631,1,0,8.22
3442,control,18-24,android,google_play,0.538,1,0,14.27
3443,control,25-34,android,website,0.4397,0,0,3.8
3444,control,45+,web,google_play,0.6902,0,1,0.0
3445,control,25-34,android,app_store,0.707,1,0,8.82
3446,control,35-44,android,referral,0.6561,1,0,18.95
3447,control,35-44,ios,app_store,0.7281,1,0,14.37
3448,control,25-34,android,referral,0.5746,1,0,15.92
3449,control,35-44,ios,app_store,0.684,1,0,15.56
3450,control,35-44,web,google_play,0.5721,1,0,10.3
3451,control,35-44,android,website,0.4376,0,1,2.72
3452,control,18-24,android,google_play,0.7334,0,0,3.45
3453,control,18-24,web,google_play,0.4235,0,0,1.4
3454,control,45+,android,app_store,0.5198,1,0,14.99
3455,control,35-44,android,google_play,0.6189,0,0,2.77
3456,control,45+,web,app_store,0.5473,0,0,6.45
3457,control,45+,web,website,0.4588,0,0,3.16
3458,control,18-24,ios,google_play,0.5597,0,0,0.0
3459,control,35-44,ios,google_play,0.6471,1,0,10.84
3460,control,25-34,web,app_store,0.6144,1,1,23.59
3461,control,35-44,ios,google_play,0.6359,1,0,13.89
3462,control,18-24,ios,google_play,0.5605,1,0,17.47
3463,control,25-34,ios,app_store,0.5003,1,0,29.55
3464,control,35-44,ios,website,0.7471,0,1,5.77
3465,control,35-44,ios,app_store,0.6689,1,0,5.11
3466,control,35-44,android,app_store,0.6027,1,0,26.67
3467,control,25-34,ios,website,0.516,1,0,18.9
3468,control,25-34,ios,app_store,0.5257,0,0,4.83
3469,control,45+,android,app_store,0.5648,0,1,4.6
3470,control,25-34,android,website,0.5132,1,0,23.48
3471,control,25-34,ios,website,0.6157,0,1,3.21
3472,control,35-44,android,app_store,0.4778,0,1,0.0
3473,control,25-34,android,app_store,0.6897,1,0,19.94
3474,control,35-44,android,google_play,0.6681,0,1,0.0
3475,control,25-34,android,google_play,0.5695,1,0,28.9
3476,control,35-44,ios,google_play,0.6734,0,0,2.2
3477,control,45+,android,website,0.5153,1,0,17.69
3478,control,45+,android,website,0.349,1,0,13.94
3479,control,35-44,ios,referral,0.7902,1,0,20.04
3480,control,25-34,android,google_play,0.6147,0,1,5.14
3481,control,35-44,android,app_store,0.5297,1,0,13.93
3482,control,35-44,ios,app_store,0.5383,1,1,20.72
3483,control,35-44,ios,app_store,0.705,0,0,3.74
3484,control,35-44,ios,google_play,0.6529,0,0,3.15
3485,control,35-44,ios,referral,0.6946,1,0,13.49
3486,control,35-44,web,google_play,0.6081,0,0,11.83
3487,control,35-44,android,app_store,0.5058,1,0,25.1
3488,control,25-34,ios,google_play,0.6567,1,0,22.37
3489,control,25-34,ios,referral,0.6202,1,1,24.76
3490,control,35-44,android,app_store,0.5843,1,0,19.8
3491,control,18-24,web,website,0.6762,1,0,15.9
3492,control,45+,android,website,0.5255,0,1,0.0
3493,control,35-44,web,google_play,0.6801,0,0,0.0
3494,control,18-24,ios,website,0.7336,1,0,30.99
3495,control,35-44,ios,google_play,0.6668,0,0,7.68
3496,control,35-44,android,app_store,0.5956,1,0,19.21
3497,control,35-44,web,google_play,0.5517,0,0,0.0
3498,control,25-34,ios,app_store,0.5698,0,0,5.79
3499,control,45+,android,website,0.2922,1,0,16.33
3500,control,25-34,android,website,0.5892,1,0,22.19
3501,control,35-44,ios,google_play,0.5346,0,0,0.0
3502,control,18-24,android,google_play,0.5982,0,1,1.74
3503,control,35-44,ios,app_store,0.6226,1,0,23.31
3504,control,35-44,ios,app_store,0.6362,0,1,10.44
3505,control,35-44,android,website,0.5426,0,0,1.13
3506,control,25-34,ios,app_store,0.7169,0,1,0.0
3507,control,35-44,android,website,0.6428,1,0,24.14
3508,control,35-44,web,app_store,0.5937,1,0,10.44
3509,control,25-34,web,website,0.4641,0,0,0.0
3510,control,45+,android,google_play,0.5799,0,0,4.46
3511,control,35-44,ios,google_play,0.558,1,0,30.51
3512,control,45+,ios,website,0.3716,1,0,12.91
3513,control,45+,web,google_play,0.5559,1,1,15.78
3514,control,45+,android,app_store,0.5935,0,0,3.9
3515,control,35-44,ios,referral,0.6236,0,0,1.8
3516,control,35-44,web,google_play,0.6384,0,1,0.0
3517,control,18-24,android,app_store,0.4827,0,0,6.39
3518,control,25-34,ios,google_play,0.6738,0,1,4.17
3519,control,35-44,android,google_play,0.6836,1,0,20.2
3520,control,25-34,ios,website,0.545,1,0,17.15
3521,control,45+,android,website,0.3738,0,1,8.95
3522,control,18-24,web,google_play,0.4194,0,0,1.68
3523,control,25-34,android,app_store,0.6401,1,0,11.54
3524,control,25-34,android,app_store,0.4751,1,0,27.98
3525,control,25-34,ios,app_store,0.6358,1,0,4.81
3526,control,18-24,ios,website,0.5782,1,0,17.08
3527,control,18-24,ios,app_store,0.5159,1,0,17.55
3528,control,35-44,ios,website,0.5727,0,0,3.09
3529,control,25-34,android,google_play,0.6559,1,0,8.69
3530,control,18-24,ios,website,0.4513,0,0,0.0
3531,control,18-24,android,app_store,0.4432,0,1,6.95
3532,control,25-34,android,app_store,0.5472,1,0,26.31
3533,control,18-24,web,referral,0.6582,0,1,2.0
3534,control,35-44,ios,google_play,0.7649,1,0,12.42
3535,control,35-44,android,google_play,0.5881,1,0,7.29
3536,control,25-34,android,website,0.469,1,0,23.64
3537,control,35-44,web,referral,0.7111,0,0,7.1
3538,control,18-24,android,app_store,0.3825,0,1,0.0
3539,control,25-34,android,referral,0.6158,1,0,3.46
3540,control,45+,android,app_store,0.4925,1,0,18.82
3541,control,25-34,android,referral,0.6995,0,0,4.46
3542,control,45+,android,app_store,0.6076,1,0,15.14
3543,control,25-34,web,app_store,0.5006,1,0,17.8
3544,control,25-34,android,app_store,0.5794,0,0,2.61
3545,control,25-34,ios,website,0.5204,0,0,3.6
3546,control,25-34,ios,referral,0.6125,1,0,12.59
3547,control,45+,ios,app_store,0.5854,0,0,3.46
3548,control,18-24,ios,google_play,0.5392,1,1,13.95
3549,control,45+,ios,app_store,0.5515,0,1,0.77
3550,control,45+,ios,app_store,0.6126,0,1,0.0
3551,control,35-44,ios,website,0.7072,1,0,16.95
3552,control,25-34,ios,app_store,0.6291,1,0,22.82
3553,control,25-34,ios,referral,0.6454,0,0,2.33
3554,control,25-34,ios,referral,0.5474,0,0,2.23
3555,control,35-44,android,app_store,0.7129,0,0,8.02
3556,control,25-34,ios,google_play,0.6557,0,0,7.19
3557,control,45+,ios,referral,0.5769,1,0,28.41
3558,control,35-44,android,referral,0.6228,1,0,31.54
3559,control,25-34,web,website,0.5649,0,1,3.71
3560,control,35-44,android,app_store,0.6477,1,0,11.06
3561,control,25-34,android,app_store,0.6376,0,0,1.62
3562,control,45+,web,website,0.5949,0,0,5.56
3563,control,18-24,android,google_play,0.5454,1,0,26.64
3564,control,45+,android,website,0.5963,1,0,11.71
3565,control,35-44,android,website,0.6306,0,0,4.42
3566,control,45+,web,google_play,0.5112,0,1,0.65
3567,control,25-34,ios,app_store,0.4726,1,0,17.12
3568,control,35-44,ios,google_play,0.6428,0,1,2.92
3569,control,25-34,ios,referral,0.7607,1,0,20.29
3570,control,35-44,ios,google_play,0.574,0,1,10.82
3571,control,18-24,web,app_store,0.5326,0,0,5.21
3572,control,25-34,ios,referral,0.6492,1,0,15.42
3573,control,25-34,android,website,0.6014,0,0,1.36
3574,control,25-34,web,google_play,0.555,1,0,16.85
3575,control,25-34,ios,website,0.4964,1,0,12.77
3576,control,35-44,android,google_play,0.6416,0,1,4.0
3577,control,25-34,android,referral,0.5365,1,0,3.53
3578,control,35-44,ios,referral,0.5092,0,0,2.74
3579,control,18-24,android,app_store,0.6632,1,0,17.21
3580,control,35-44,ios,google_play,0.7102,1,0,11.04
3581,control,35-44,android,app_store,0.7367,0,0,2.12
3582,control,25-34,ios,website,0.6359,1,0,24.72
3583,control,35-44,android,website,0.6004,0,1,7.79
3584,control,45+,ios,google_play,0.5756,1,0,14.8
3585,control,35-44,android,referral,0.6011,1,0,21.14
3586,control,25-34,android,google_play,0.617,1,0,9.01
3587,control,25-34,android,website,0.4817,1,0,16.22
3588,control,35-44,ios,website,0.5005,1,0,19.38
3589,control,25-34,ios,google_play,0.5894,1,0,27.16
3590,control,35-44,ios,app_store,0.7293,1,0,25.16
3591,control,25-34,android,website,0.4274,1,0,19.25
3592,control,35-44,web,website,0.4587,1,0,12.53
3593,control,18-24,ios,app_store,0.6033,1,0,26.15
3594,control,18-24,android,website,0.4428,0,0,2.27
3595,control,45+,ios,google_play,0.5848,1,1,20.69
3596,control,45+,ios,google_play,0.6252,1,0,17.26
3597,control,45+,ios,website,0.5329,0,0,10.67
3598,control,45+,android,google_play,0.4554,1,0,14.34
3599,control,25-34,android,website,0.6286,1,0,23.5
3600,control,25-34,ios,website,0.6254,0,0,3.19
3601,control,18-24,android,app_store,0.5181,1,0,21.41
3602,control,25-34,android,google_play,0.5743,1,0,27.72
3603,control,25-34,web,app_store,0.6059,0,0,0.0
3604,control,45+,ios,app_store,0.511,1,0,17.61
3605,control,18-24,android,website,0.3455,0,0,0.28
3606,control,18-24,android,app_store,0.576,0,1,5.1
3607,control,25-34,ios,referral,0.6913,0,0,5.99
3608,control,18-24,android,google_play,0.3419,0,0,1.81
3609,control,25-34,android,app_store,0.6069,0,1,1.62
3610,control,35-44,android,referral,0.7565,1,0,19.22
3611,control,25-34,ios,google_play,0.5258,0,0,0.0
3612,control,35-44,ios,website,0.5801,1,0,20.0
3613,control,45+,android,website,0.4414,1,0,13.09
3614,control,35-44,android,referral,0.7488,1,0,22.4
3615,control,35-44,ios,app_store,0.7157,1,0,10.09
3616,control,25-34,ios,app_store,0.5357,1,0,14.6
3617,control,18-24,ios,referral,0.6134,0,1,0.8
3618,control,25-34,android,app_store,0.7502,1,0,16.21
3619,control,45+,ios,website,0.446,1,0,26.26
3620,control,35-44,web,website,0.5551,1,0,23.08
3621,control,25-34,ios,google_play,0.6571,0,1,1.77
3622,control,25-34,android,website,0.4772,1,0,15.12
3623,control,35-44,ios,referral,0.7971,1,0,23.31
3624,control,35-44,android,app_store,0.5482,1,0,11.02
3625,control,35-44,android,website,0.4349,1,0,18.13
3626,control,45+,android,website,0.414,0,0,1.32
3627,control,35-44,web,google_play,0.6582,1,0,16.97
3628,control,35-44,android,referral,0.5521,1,0,22.85
3629,control,18-24,web,google_play,0.5602,0,0,1.09
3630,control,18-24,ios,app_store,0.601,1,0,23.84
3631,control,45+,ios,referral,0.4693,0,0,11.42
3632,control,35-44,android,referral,0.5709,0,0,5.67
3633,control,25-34,ios,app_store,0.6339,1,0,17.5
3634,control,35-44,android,website,0.6022,0,0,7.67
3635,control,18-24,ios,app_store,0.5129,0,0,0.0
3636,control,35-44,android,app_store,0.5981,0,0,8.98
3637,control,25-34,android,app_store,0.5433,0,1,0.79
3638,control,35-44,ios,referral,0.7142,1,0,31.01
3639,control,25-34,android,app_store,0.6076,0,1,0.92
3640,control,25-34,android,app_store,0.5361,1,0,21.97
3641,control,18-24,web,website,0.5243,0,1,0.0
3642,control,35-44,android,google_play,0.563,0,1,2.73
3643,control,18-24,android,app_store,0.5526,1,0,11.52
3644,control,18-24,android,app_store,0.5537,0,1,0.0
3645,control,35-44,android,website,0.7357,1,0,25.23
3646,control,25-34,ios,website,0.5391,1,1,10.63
3647,control,25-34,android,website,0.5147,0,1,0.85
3648,control,25-34,ios,app_store,0.5542,1,0,12.89
3649,control,45+,ios,google_play,0.4634,1,0,24.84
3650,control,25-34,android,website,0.4895,0,1,7.16
3651,control,25-34,web,app_store,0.6292,0,0,8.07
3652,control,25-34,web,app_store,0.635,0,0,0.67
3653,control,25-34,android,google_play,0.5997,1,0,26.1
3654,control,25-34,android,google_play,0.5523,0,1,0.64
3655,control,18-24,android,app_store,0.4765,0,0,0.78
3656,control,18-24,android,referral,0.4727,0,1,0.98
3657,control,25-34,ios,google_play,0.5714,1,0,14.03
3658,control,45+,ios,website,0.3924,0,0,3.17
3659,control,18-24,android,app_store,0.6246,0,0,0.48
3660,control,25-34,android,website,0.673,0,1,4.33
3661,control,45+,android,google_play,0.3511,1,0,2.34
3662,control,45+,web,referral,0.5591,0,0,4.32
3663,control,35-44,web,google_play,0.6278,0,1,0.0
3664,control,25-34,android,website,0.5427,1,0,13.98
3665,control,25-34,ios,google_play,0.5686,1,0,14.13
3666,control,25-34,ios,google_play,0.6978,1,0,23.66
3667,control,18-24,ios,referral,0.6188,0,0,5.32
3668,control,25-34,ios,website,0.6487,0,1,2.9
3669,control,35-44,web,website,0.497,1,0,13.71
3670,control,25-34,android,referral,0.4853,0,1,6.32
3671,control,35-44,android,referral,0.6508,0,0,9.96
3672,control,25-34,web,app_store,0.499,1,0,17.83
3673,control,25-34,android,app_store,0.6504,0,1,0.0
3674,control,35-44,android,google_play,0.4259,0,1,0.97
3675,control,45+,ios,referral,0.5285,1,0,21.36
3676,control,25-34,ios,google_play,0.5667,0,0,1.91
3677,control,35-44,ios,google_play,0.6094,1,0,12.85
3678,control,25-34,ios,google_play,0.6369,0,1,0.25
3679,control,18-24,ios,app_store,0.5877,0,0,3.83
3680,control,35-44,android,app_store,0.6372,0,1,0.0
3681,control,18-24,ios,app_store,0.6164,0,1,3.38
3682,control,25-34,ios,app_store,0.5923,1,0,18.53
3683,control,25-34,web,website,0.7047,1,0,15.3
3684,control,18-24,android,google_play,0.637,0,0,0.0
3685,control,18-24,android,app_store,0.491,1,1,24.11
3686,control,25-34,ios,google_play,0.6051,1,0,10.0
3687,control,45+,android,google_play,0.4794,0,0,4.12
3688,control,35-44,android,google_play,0.6251,1,0,22.37
3689,control,25-34,ios,google_play,0.5382,1,0,18.96
3690,control,18-24,ios,app_store,0.4928,1,0,25.39
3691,control,35-44,android,website,0.3726,1,0,11.19
3692,control,18-24,android,app_store,0.4841,0,0,0.65
3693,control,25-34,android,app_store,0.6512,1,0,15.23
3694,control,35-44,ios,app_store,0.6138,1,0,37.74
3695,control,25-34,ios,google_play,0.6083,0,0,5.33
3696,control,25-34,android,app_store,0.5883,1,0,22.17
3697,control,18-24,android,google_play,0.4458,0,1,5.85
3698,control,18-24,android,app_store,0.518,1,1,18.47
3699,control,25-34,android,app_store,0.6372,1,0,24.3
3700,control,45+,android,referral,0.5505,0,0,0.0
3701,control,25-34,ios,google_play,0.6943,0,0,4.5
3702,control,35-44,android,app_store,0.6871,0,0,5.04
3703,control,35-44,android,google_play,0.649,1,0,24.11
3704,control,18-24,ios,app_store,0.4989,1,1,11.07
3705,control,18-24,android,website,0.4485,0,0,0.0
3706,control,25-34,android,app_store,0.7205,1,0,11.89
3707,control,35-44,android,google_play,0.6211,1,0,21.13
3708,control,25-34,android,referral,0.6105,0,1,5.43
3709,control,35-44,android,app_store,0.5172,0,1,0.08
3710,control,45+,ios,app_store,0.5287,1,0,29.49
3711,control,35-44,android,website,0.6033,1,0,19.72
3712,control,45+,ios,referral,0.5672,1,1,18.75
3713,control,35-44,ios,google_play,0.5944,1,0,16.75
3714,control,45+,android,website,0.433,1,0,23.58
3715,control,35-44,android,app_store,0.6813,0,1,4.9
3716,control,35-44,android,website,0.5994,1,0,29.34
3717,control,35-44,android,app_store,0.6287,1,0,10.72
3718,control,45+,ios,website,0.5313,0,1,0.0
3719,control,25-34,android,app_store,0.4714,1,0,13.56
3720,control,35-44,ios,google_play,0.6578,0,0,5.49
3721,control,25-34,ios,app_store,0.6914,0,0,1.96
3722,control,45+,ios,website,0.4751,1,0,25.63
3723,control,25-34,ios,website,0.6442,0,0,2.08
3724,control,35-44,ios,website,0.6296,1,0,24.49
3725,control,35-44,web,referral,0.6922,0,0,0.51
3726,control,45+,web,google_play,0.5201,0,0,7.76
3727,control,25-34,android,website,0.5969,1,0,26.21
3728,control,35-44,android,app_store,0.4688,1,0,14.61
3729,control,35-44,android,referral,0.6187,0,0,5.26
3730,control,45+,android,website,0.513,1,0,19.61
3731,control,45+,ios,google_play,0.5697,1,0,21.1
3732,control,35-44,android,google_play,0.6836,0,0,8.12
3733,control,35-44,ios,website,0.5734,0,1,7.0
3734,control,18-24,ios,website,0.4722,0,0,5.35
3735,control,45+,android,website,0.3249,0,0,5.89
3736,control,25-34,ios,google_play,0.5942,1,0,10.38
3737,control,35-44,android,google_play,0.6373,0,1,3.35
3738,control,35-44,ios,referral,0.7169,1,0,11.39
3739,control,25-34,ios,website,0.4541,1,0,17.89
3740,control,25-34,android,google_play,0.67,0,0,7.52
3741,control,18-24,ios,google_play,0.488,1,1,17.96
3742,control,45+,android,website,0.4463,0,0,0.0
3743,control,25-34,ios,website,0.5205,0,1,0.0
3744,control,18-24,ios,google_play,0.5994,1,0,21.49
3745,control,35-44,android,referral,0.6235,0,0,1.56
3746,control,25-34,ios,referral,0.6902,1,0,22.7
3747,control,45+,web,google_play,0.6635,1,0,10.76
3748,control,25-34,ios,app_store,0.6378,1,0,20.29
3749,control,25-34,ios,google_play,0.5699,1,0,20.59
3750,control,18-24,ios,website,0.5529,1,0,22.74
3751,control,25-34,android,google_play,0.7316,0,0,1.14
3752,control,25-34,ios,referral,0.6885,0,0,6.31
3753,control,35-44,ios,app_store,0.7017,1,0,27.04
3754,control,25-34,android,app_store,0.4385,1,0,4.36
3755,control,25-34,android,referral,0.627,0,1,3.69
3756,control,25-34,android,referral,0.5746,1,0,7.16
3757,control,25-34,android,google_play,0.5216,1,0,12.84
3758,control,45+,android,app_store,0.4942,0,1,0.7
3759,control,18-24,android,google_play,0.5347,1,0,17.6
3760,control,45+,ios,google_play,0.496,1,0,20.27
3761,control,25-34,android,google_play,0.5911,1,0,23.43
3762,control,18-24,android,app_store,0.5021,0,1,4.45
3763,control,25-34,ios,google_play,0.6722,1,0,22.04
3764,control,18-24,android,website,0.4942,0,0,0.0
3765,control,35-44,android,website,0.5761,1,0,24.34
3766,control,25-34,ios,website,0.6444,1,0,0.0
3767,control,25-34,web,google_play,0.6304,0,0,9.0
3768,control,35-44,ios,google_play,0.6355,0,1,8.35
3769,control,35-44,android,google_play,0.429,0,1,6.2
3770,control,45+,android,referral,0.5671,1,0,31.37
3771,control,45+,web,google_play,0.443,1,0,7.18
3772,control,35-44,ios,website,0.5791,1,0,22.68
3773,control,35-44,ios,google_play,0.6657,1,0,18.81
3774,control,35-44,ios,referral,0.7626,1,1,19.46
3775,control,25-34,android,google_play,0.7234,1,0,11.02
3776,control,35-44,android,google_play,0.5223,1,0,20.37
3777,control,18-24,ios,website,0.4107,1,0,20.09
3778,control,35-44,web,app_store,0.6221,1,0,13.86
3779,control,45+,android,google_play,0.5254,1,0,17.59
3780,control,18-24,ios,google_play,0.4698,0,1,0.0
3781,control,35-44,android,referral,0.6147,0,0,2.08
3782,control,45+,web,website,0.5138,0,0,6.96
3783,control,25-34,android,app_store,0.4676,1,0,23.88
3784,control,25-34,ios,website,0.4864,1,0,22.61
3785,control,45+,android,website,0.4045,0,0,6.96
3786,control,45+,ios,google_play,0.529,0,0,7.0
3787,control,18-24,ios,app_store,0.6115,1,0,14.14
3788,control,25-34,android,app_store,0.5399,0,1,4.72
3789,control,35-44,ios,website,0.5904,0,0,7.41
3790,control,25-34,web,google_play,0.7657,1,0,9.72
3791,control,25-34,web,referral,0.5295,0,0,0.0
3792,control,18-24,android,app_store,0.4638,0,0,0.0
3793,control,18-24,ios,website,0.5702,0,1,0.0
3794,control,35-44,ios,app_store,0.705,1,0,11.7
3795,control,35-44,ios,website,0.6192,0,1,1.61
3796,control,35-44,ios,app_store,0.7707,1,0,27.07
3797,control,35-44,ios,google_play,0.6614,1,0,15.38
3798,control,25-34,android,app_store,0.4079,0,0,0.0
3799,control,25-34,android,website,0.5338,1,0,19.0
3800,control,18-24,android,google_play,0.4803,1,0,16.87
3801,control,25-34,android,website,0.6367,1,0,13.31
3802,control,25-34,android,app_store,0.6432,1,0,14.47
3803,control,18-24,android,google_play,0.3988,1,0,24.4
3804,control,18-24,ios,google_play,0.674,1,0,9.54
3805,control,18-24,ios,app_store,0.6311,1,0,8.01
3806,control,35-44,android,app_store,0.56,0,0,5.18
3807,control,35-44,ios,google_play,0.6297,1,0,14.32
3808,control,45+,web,website,0.5774,1,0,27.31
3809,control,35-44,web,referral,0.4683,1,0,17.07
3810,control,35-44,ios,app_store,0.6616,0,1,3.14
3811,control,18-24,web,website,0.5735,1,0,22.72
3812,control,35-44,ios,website,0.5789,0,0,0.0
3813,control,18-24,web,website,0.5378,0,0,4.72
3814,control,25-34,web,google_play,0.5943,1,1,15.81
3815,control,25-34,android,referral,0.5333,0,1,7.2
3816,control,25-34,web,google_play,0.5213,0,0,1.17
3817,control,25-34,ios,website,0.623,1,0,19.06
3818,control,35-44,ios,app_store,0.5751,1,0,15.85
3819,control,35-44,web,website,0.434,0,0,4.99
3820,control,35-44,android,referral,0.6258,1,0,16.49
3821,control,35-44,android,referral,0.575,0,1,4.44
3822,control,25-34,ios,google_play,0.5201,0,1,9.81
3823,control,18-24,ios,website,0.5217,0,1,2.47
3824,control,35-44,web,app_store,0.6574,1,0,20.42
3825,control,25-34,web,website,0.5376,0,1,11.73
3826,control,25-34,ios,google_play,0.5307,1,0,20.34
3827,control,25-34,web,website,0.5745,1,0,3.39
3828,control,45+,android,google_play,0.5888,0,1,1.1
3829,control,35-44,web,app_store,0.773,1,0,10.78
3830,control,25-34,android,app_store,0.6813,0,0,6.82
3831,control,35-44,ios,app_store,0.5456,0,0,3.16
3832,control,25-34,android,google_play,0.6446,0,1,7.33
3833,control,25-34,ios,website,0.5865,1,0,21.67
3834,control,25-34,android,website,0.4338,1,0,21.64
3835,control,25-34,android,website,0.5487,0,0,0.0
3836,control,35-44,ios,website,0.7395,1,0,21.03
3837,control,18-24,ios,google_play,0.6617,1,0,26.2
3838,control,35-44,android,google_play,0.5149,1,0,9.32
3839,control,25-34,ios,google_play,0.6171,1,0,16.1
3840,control,35-44,android,app_store,0.6253,0,0,4.78
3841,control,35-44,android,google_play,0.4576,1,1,18.59
3842,control,35-44,android,website,0.4104,1,0,26.62
3843,control,35-44,ios,website,0.5984,1,0,22.37
3844,control,45+,ios,website,0.5094,0,0,4.96
3845,control,25-34,ios,app_store,0.4589,1,0,22.91
3846,control,35-44,ios,website,0.617,0,1,6.25
3847,control,35-44,ios,app_store,0.713,0,0,3.65
3848,control,25-34,ios,referral,0.6185,0,1,2.22
3849,control,25-34,web,app_store,0.5808,1,0,23.94
3850,control,25-34,android,google_play,0.6217,1,0,13.54
3851,control,25-34,android,google_play,0.6111,1,0,17.57
3852,control,25-34,android,app_store,0.4325,0,0,0.0
3853,control,25-34,ios,google_play,0.5436,0,1,6.13
3854,control,35-44,ios,app_store,0.5943,0,1,7.94
3855,control,25-34,android,google_play,0.5071,1,0,12.39
3856,control,35-44,web,referral,0.7434,1,0,17.08
3857,control,25-34,web,google_play,0.6368,0,1,1.77
3858,control,35-44,android,google_play,0.5072,1,0,24.45
3859,control,18-24,android,referral,0.5289,0,0,8.6
3860,control,25-34,android,google_play,0.6664,0,1,1.78
3861,control,18-24,android,website,0.4243,0,0,0.0
3862,control,35-44,web,google_play,0.6741,0,1,7.65
3863,control,25-34,ios,google_play,0.7267,0,0,3.66
3864,control,45+,android,app_store,0.5933,1,0,18.29
3865,control,25-34,ios,app_store,0.6204,1,0,23.78
3866,control,35-44,android,website,0.6461,1,0,15.82
3867,control,25-34,android,website,0.4842,0,1,1.23
3868,control,35-44,android,app_store,0.7849,1,0,15.87
3869,control,25-34,ios,referral,0.6553,1,0,20.93
3870,control,25-34,ios,google_play,0.7077,1,0,23.27
3871,control,25-34,web,google_play,0.557,1,0,27.8
3872,control,18-24,android,referral,0.586,0,1,4.95
3873,control,18-24,ios,referral,0.6295,1,0,17.13
3874,control,45+,android,google_play,0.4317,1,0,23.32
3875,control,25-34,android,app_store,0.4893,1,0,12.17
3876,control,18-24,web,app_store,0.5096,1,0,26.52
3877,control,45+,ios,app_store,0.6244,1,0,19.27
3878,control,18-24,android,website,0.3295,0,0,2.68
3879,control,25-34,ios,google_play,0.587,1,0,12.19
3880,control,35-44,ios,website,0.6908,1,0,21.76
3881,control,45+,web,app_store,0.4074,0,0,2.49
3882,control,35-44,ios,google_play,0.7363,1,0,17.43
3883,control,25-34,android,google_play,0.4858,0,1,0.0
3884,control,45+,ios,google_play,0.4727,1,0,15.39
3885,control,18-24,android,google_play,0.5142,0,1,1.45
3886,control,45+,android,referral,0.6759,0,1,5.01
3887,control,35-44,ios,referral,0.6048,1,0,16.39
3888,control,45+,ios,website,0.3574,1,0,2.11
3889,control,25-34,android,app_store,0.4538,0,0,2.01
3890,control,18-24,ios,referral,0.6606,1,0,9.27
3891,control,35-44,ios,referral,0.5476,1,0,11.74
3892,control,25-34,ios,referral,0.731,0,1,7.11
3893,control,25-34,android,google_play,0.5816,1,0,7.87
3894,control,45+,android,app_store,0.4934,1,0,19.77
3895,control,35-44,android,website,0.5698,1,0,14.96
3896,control,25-34,android,google_play,0.5119,0,0,0.98
3897,control,25-34,android,google_play,0.587,0,1,0.0
3898,control,18-24,android,google_play,0.4306,0,0,4.65
3899,control,18-24,android,google_play,0.6339,0,0,5.05
3900,control,18-24,android,google_play,0.4438,0,0,0.0
3901,control,35-44,web,website,0.5911,1,0,24.9
3902,control,35-44,ios,website,0.5032,1,0,10.88
3903,control,25-34,android,google_play,0.5333,0,1,4.9
3904,control,25-34,web,app_store,0.5461,1,0,10.91
3905,control,35-44,android,referral,0.8545,0,0,1.85
3906,control,35-44,android,google_play,0.5948,1,0,10.33
3907,control,45+,ios,google_play,0.4803,1,0,14.83
3908,control,25-34,android,google_play,0.5404,1,0,16.79
3909,control,35-44,android,google_play,0.4756,1,0,11.1
3910,control,25-34,android,website,0.513,1,0,19.89
3911,control,25-34,ios,app_store,0.7541,1,0,20.67
3912,control,45+,ios,referral,0.5929,0,0,13.24
3913,control,25-34,android,app_store,0.6383,0,0,6.84
3914,control,25-34,android,referral,0.5232,0,1,7.74
3915,control,25-34,android,website,0.5097,1,0,7.39
3916,control,25-34,ios,app_store,0.6223,1,0,6.25
3917,control,25-34,android,google_play,0.518,0,1,2.43
3918,control,35-44,web,google_play,0.638,1,0,28.72
3919,control,25-34,ios,referral,0.6852,1,0,32.85
3920,control,25-34,android,website,0.5694,0,1,1.02
3921,control,45+,ios,google_play,0.5339,1,0,14.48
3922,control,25-34,android,google_play,0.6633,0,0,5.46
3923,control,45+,android,referral,0.5054,1,0,16.82
3924,control,25-34,android,website,0.4981,1,0,16.97
3925,control,35-44,ios,google_play,0.7513,1,1,21.81
3926,control,25-34,ios,google_play,0.5274,0,1,13.28
3927,control,35-44,web,google_play,0.4698,1,0,25.83
3928,control,18-24,android,website,0.4066,1,0,29.21
3929,control,45+,android,google_play,0.537,1,0,6.94
3930,control,25-34,ios,website,0.6687,0,1,7.37
3931,control,35-44,android,google_play,0.5432,1,0,12.3
3932,control,25-34,android,google_play,0.7212,0,0,9.54
3933,control,18-24,web,google_play,0.5382,0,0,8.39
3934,control,25-34,ios,website,0.5568,0,0,5.67
3935,control,25-34,web,google_play,0.518,0,0,0.83
3936,control,25-34,android,referral,0.7521,1,0,15.1
3937,control,35-44,android,google_play,0.584,0,0,2.05
3938,control,25-34,android,website,0.4194,1,1,22.57
3939,control,18-24,web,referral,0.7526,0,0,4.95
3940,control,18-24,android,website,0.5075,0,0,8.61
3941,control,18-24,android,google_play,0.5899,1,0,27.66
3942,control,18-24,android,website,0.6105,0,0,0.46
3943,control,35-44,ios,app_store,0.6752,1,0,20.85
3944,control,18-24,ios,app_store,0.634,1,0,20.78
3945,control,45+,ios,website,0.5003,1,0,17.43
3946,control,25-34,android,website,0.5847,0,0,6.89
3947,control,18-24,ios,app_store,0.5533,1,1,20.95
3948,control,45+,android,referral,0.5244,0,1,1.43
3949,control,25-34,android,google_play,0.5856,0,1,2.99
3950,control,25-34,android,referral,0.5643,0,0,2.24
3951,control,45+,ios,website,0.5364,0,0,0.88
3952,control,45+,android,referral,0.5661,0,0,3.19
3953,control,35-44,web,website,0.6215,1,0,10.22
3954,control,18-24,ios,referral,0.6372,0,0,5.21
3955,control,35-44,android,website,0.706,0,0,8.55
3956,control,45+,ios,app_store,0.6202,1,0,18.3
3957,control,45+,ios,google_play,0.5294,1,0,23.68
3958,control,18-24,android,website,0.5122,1,0,18.93
3959,control,25-34,ios,app_store,0.719,1,0,11.87
3960,control,25-34,android,referral,0.52,1,0,30.04
3961,control,18-24,android,app_store,0.6771,1,0,3.47
3962,control,35-44,ios,referral,0.594,0,0,3.54
3963,control,25-34,ios,google_play,0.688,1,0,13.39
3964,control,25-34,android,website,0.5265,1,0,27.49
3965,control,18-24,android,referral,0.5419,0,0,4.28
3966,control,25-34,ios,google_play,0.5118,0,0,12.7
3967,control,18-24,android,website,0.5486,1,0,18.22
3968,control,25-34,web,app_store,0.4729,1,0,13.43
3969,control,18-24,ios,website,0.4006,1,0,7.74
3970,control,45+,web,website,0.5588,0,0,7.48
3971,control,18-24,android,app_store,0.6592,1,0,12.99
3972,control,25-34,ios,app_store,0.5526,1,0,15.48
3973,control,18-24,android,google_play,0.6062,1,0,25.37
3974,control,18-24,android,app_store,0.5797,0,0,7.29
3975,control,25-34,android,website,0.5187,1,0,14.34
3976,control,18-24,android,app_store,0.6229,1,1,15.28
3977,control,18-24,web,referral,0.5429,0,0,0.0
3978,control,25-34,ios,referral,0.6774,1,0,5.67
3979,control,35-44,ios,referral,0.5557,0,0,6.25
3980,control,18-24,ios,google_play,0.4691,1,1,23.24
3981,control,25-34,ios,app_store,0.6995,1,0,20.14
3982,control,35-44,ios,website,0.6301,1,0,19.12
3983,control,25-34,ios,website,0.5546,1,0,13.76
3984,control,25-34,ios,referral,0.7886,0,0,8.79
3985,control,18-24,ios,google_play,0.7178,1,0,7.3
3986,control,25-34,android,app_store,0.6011,1,0,15.19
3987,control,25-34,web,referral,0.4895,1,0,18.96
3988,control,45+,android,website,0.4471,0,0,3.5
3989,control,45+,android,app_store,0.4294,0,1,3.49
3990,control,45+,web,website,0.4732,1,0,14.88
3991,control,25-34,android,app_store,0.4911,1,0,21.25
3992,control,18-24,android,google_play,0.4303,0,0,0.0
3993,control,25-34,android,google_play,0.395,0,0,2.98
3994,control,25-34,android,google_play,0.5894,1,0,20.59
3995,control,18-24,web,app_store,0.3421,0,1,2.3
3996,control,18-24,ios,app_store,0.5304,1,0,18.03
3997,control,25-34,ios,google_play,0.6716,1,0,19.29
3998,control,25-34,web,app_store,0.5182,0,0,0.0
3999,control,18-24,ios,google_play,0.4792,0,0,0.0
4000,control,35-44,web,google_play,0.6006,1,0,18.8
4001,control,25-34,android,website,0.4597,0,0,1.31
4002,control,45+,ios,website,0.5109,1,0,14.71
4003,control,25-34,android,app_store,0.4834,1,0,21.41
4004,control,25-34,android,app_store,0.5576,1,0,12.07
4005,control,18-24,ios,website,0.4883,0,1,0.0
4006,control,25-34,android,referral,0.5951,0,0,9.47
4007,control,18-24,ios,referral,0.7168,1,0,25.26
4008,control,18-24,ios,referral,0.602,1,0,25.18
4009,control,35-44,android,website,0.5864,0,0,0.0
4010,control,25-34,android,referral,0.546,1,0,17.54
4011,control,18-24,ios,google_play,0.5839,0,0,0.0
4012,control,45+,web,website,0.444,1,0,17.64
4013,control,18-24,android,referral,0.5484,0,0,2.25
4014,control,35-44,web,website,0.6079,1,0,11.53
4015,control,25-34,ios,google_play,0.576,1,0,21.02
4016,control,25-34,ios,google_play,0.5842,0,0,2.57
4017,control,25-34,android,app_store,0.5271,1,0,28.34
4018,control,18-24,ios,google_play,0.5255,1,0,18.51
4019,control,35-44,ios,website,0.5999,1,1,2.71
4020,control,25-34,android,website,0.4969,0,0,0.0
4021,control,18-24,web,app_store,0.6458,1,0,30.57
4022,control,25-34,web,website,0.7503,0,0,2.21
4023,control,45+,ios,google_play,0.5006,1,0,19.44
4024,control,35-44,ios,google_play,0.6595,0,0,3.54
4025,control,45+,ios,google_play,0.629,1,0,26.5
4026,control,35-44,ios,google_play,0.6147,1,0,6.56
4027,control,35-44,ios,website,0.5064,1,0,25.98
4028,control,25-34,android,website,0.6651,1,0,25.56
4029,control,45+,android,website,0.5109,1,0,18.04
4030,control,25-34,android,google_play,0.6015,0,0,4.99
4031,control,25-34,web,website,0.652,0,1,2.17
4032,control,35-44,android,app_store,0.6476,0,0,0.0
4033,control,25-34,web,google_play,0.5822,0,1,5.59
4034,control,18-24,ios,google_play,0.4879,0,0,4.39
4035,control,25-34,android,website,0.4865,0,1,4.46
4036,control,25-34,web,referral,0.7024,1,0,20.89
4037,control,35-44,ios,google_play,0.6906,1,0,14.37
4038,control,25-34,android,website,0.5111,0,0,8.88
4039,control,35-44,android,google_play,0.7373,0,0,3.53
4040,control,25-34,android,google_play,0.5634,1,0,21.25
4041,control,35-44,android,website,0.625,1,0,16.37
4042,control,18-24,android,website,0.4936,1,0,24.3
4043,control,45+,ios,referral,0.7206,1,0,18.62
4044,control,25-34,android,website,0.5862,1,0,17.49
4045,control,25-34,android,app_store,0.5697,0,1,7.85
4046,control,25-34,android,referral,0.5817,1,0,7.66
4047,control,25-34,android,referral,0.5948,1,0,16.32
4048,control,25-34,web,google_play,0.528,1,0,14.32
4049,control,35-44,android,app_store,0.4767,1,0,20.24
4050,control,45+,android,google_play,0.5307,1,0,19.89
4051,control,35-44,ios,website,0.5433,1,0,17.93
4052,control,25-34,web,referral,0.5631,0,0,0.93
4053,control,25-34,ios,website,0.5589,0,1,3.41
4054,control,35-44,ios,google_play,0.6402,1,0,19.94
4055,control,35-44,web,app_store,0.5966,1,0,16.93
4056,control,25-34,ios,google_play,0.7551,1,0,24.65
4057,control,45+,web,google_play,0.569,1,0,21.67
4058,control,25-34,android,app_store,0.7346,1,0,18.11
4059,control,35-44,ios,app_store,0.5909,1,0,3.92
4060,control,45+,web,app_store,0.5687,1,0,16.69
4061,control,35-44,web,app_store,0.5653,0,1,5.77
4062,control,18-24,ios,website,0.4711,1,0,16.32
4063,control,35-44,ios,google_play,0.8076,0,0,4.59
4064,control,18-24,android,google_play,0.4645,1,0,16.65
4065,control,35-44,ios,google_play,0.4575,0,1,4.34
4066,control,25-34,android,referral,0.5394,1,0,26.41
4067,control,35-44,ios,website,0.4253,0,0,6.33
4068,control,45+,ios,website,0.4199,1,0,10.23
4069,control,18-24,android,website,0.4073,0,0,0.0
4070,control,25-34,android,website,0.5288,1,0,20.66
4071,control,35-44,android,website,0.382,0,0,7.7
4072,control,25-34,ios,google_play,0.7117,0,1,0.0
4073,control,18-24,ios,google_play,0.4159,0,0,2.74
4074,control,18-24,ios,google_play,0.5558,1,0,32.24
4075,control,25-34,android,google_play,0.5501,1,0,16.39
4076,control,35-44,ios,app_store,0.692,1,0,33.16
4077,control,35-44,ios,google_play,0.6641,0,0,0.54
4078,control,18-24,android,google_play,0.6209,1,0,14.12
4079,control,25-34,android,google_play,0.5471,1,0,13.78
4080,control,25-34,ios,google_play,0.5788,1,0,10.32
4081,control,25-34,android,app_store,0.599,1,0,7.85
4082,control,35-44,android,google_play,0.6783,0,1,2.7
4083,control,25-34,android,google_play,0.642,1,0,18.87
4084,control,25-34,android,website,0.5517,0,0,0.92
4085,control,45+,android,google_play,0.5246,1,0,15.14
4086,control,25-34,android,app_store,0.5631,0,0,8.71
4087,control,35-44,ios,app_store,0.6588,1,0,23.83
4088,control,18-24,ios,google_play,0.7288,1,0,16.45
4089,control,18-24,android,app_store,0.4966,1,0,20.58
4090,control,18-24,ios,google_play,0.5368,0,1,0.0
4091,control,35-44,ios,google_play,0.6007,1,0,19.62
4092,control,35-44,android,referral,0.6471,1,0,17.63
4093,control,18-24,android,website,0.3063,1,0,15.76
4094,control,25-34,android,app_store,0.5552,1,0,18.2
4095,control,25-34,ios,google_play,0.6865,1,0,17.23
4096,control,35-44,ios,website,0.5439,1,0,10.12
4097,control,35-44,android,app_store,0.6009,1,0,28.08
4098,control,35-44,ios,referral,0.8247,1,0,23.7
4099,control,45+,web,google_play,0.5425,1,1,15.67
4100,control,25-34,android,app_store,0.3869,1,0,7.44
4101,control,35-44,ios,app_store,0.5132,1,1,3.26
4102,control,35-44,ios,referral,0.6359,1,0,30.03
4103,control,25-34,ios,referral,0.5717,0,1,2.87
4104,control,45+,ios,referral,0.5743,1,0,22.58
4105,control,18-24,ios,google_play,0.5424,1,0,12.31
4106,control,35-44,android,website,0.6393,0,1,2.39
4107,control,35-44,android,app_store,0.4987,1,1,16.46
4108,control,45+,ios,google_play,0.5294,0,1,4.37
4109,control,25-34,android,website,0.5434,1,0,18.54
4110,control,25-34,web,referral,0.6333,1,0,12.47
4111,control,35-44,android,google_play,0.6077,1,0,12.4
4112,control,35-44,ios,google_play,0.4431,0,0,3.21
4113,control,25-34,ios,app_store,0.6127,1,0,7.47
4114,control,35-44,android,google_play,0.5839,1,0,13.06
4115,control,25-34,ios,app_store,0.6751,1,0,17.08
4116,control,35-44,android,referral,0.6738,0,0,4.93
4117,control,45+,ios,app_store,0.5553,1,0,27.02
4118,control,25-34,ios,website,0.5911,0,0,1.78
4119,control,25-34,web,app_store,0.6842,1,0,18.22
4120,control,45+,ios,google_play,0.638,1,0,6.8
4121,control,35-44,web,app_store,0.618,1,0,20.01
4122,control,45+,web,google_play,0.6876,0,1,0.23
4123,control,25-34,android,google_play,0.5257,1,1,16.15
4124,control,45+,web,website,0.3712,0,0,5.21
4125,control,18-24,web,referral,0.5551,0,1,5.36
4126,control,25-34,android,google_play,0.5461,1,0,9.28
4127,control,25-34,ios,google_play,0.4188,1,0,22.81
4128,control,35-44,android,referral,0.5638,1,0,17.77
4129,control,45+,ios,app_store,0.5635,0,0,8.06
4130,control,35-44,android,referral,0.6114,1,0,26.77
4131,control,35-44,ios,referral,0.5939,0,0,9.28
4132,control,25-34,android,website,0.5294,0,0,0.0
4133,control,25-34,ios,google_play,0.6258,1,0,20.41
4134,control,25-34,android,website,0.5832,1,0,8.54
4135,control,18-24,ios,google_play,0.5147,0,1,8.19
4136,control,25-34,ios,google_play,0.6859,0,0,8.7
4137,control,45+,ios,referral,0.4787,0,0,7.02
4138,control,35-44,android,app_store,0.5457,1,0,15.45
4139,control,35-44,android,website,0.6819,0,0,5.46
4140,control,25-34,android,google_play,0.4941,0,0,1.51
4141,control,25-34,web,app_store,0.5233,0,0,3.55
4142,control,18-24,android,website,0.3758,0,1,3.17
4143,control,25-34,ios,website,0.4998,0,0,0.0
4144,control,25-34,android,google_play,0.5871,0,0,0.59
4145,control,25-34,ios,website,0.6225,0,1,11.68
4146,control,18-24,android,google_play,0.5245,0,0,3.19
4147,control,35-44,ios,referral,0.63,0,1,4.08
4148,control,25-34,android,website,0.4266,1,0,17.95
4149,control,25-34,android,website,0.4678,1,0,15.54
4150,control,25-34,android,app_store,0.4423,1,0,18.22
4151,control,25-34,android,google_play,0.6349,0,0,2.03
4152,control,25-34,ios,referral,0.7005,1,0,4.3
4153,control,25-34,web,app_store,0.5728,0,0,6.33
4154,control,35-44,ios,google_play,0.6713,0,0,9.31
4155,control,18-24,web,website,0.5561,1,0,11.01
4156,control,45+,ios,website,0.5041,1,0,15.52
4157,control,18-24,android,referral,0.6575,0,0,8.9
4158,control,25-34,android,website,0.4441,1,0,13.37
4159,control,25-34,android,referral,0.5681,1,0,20.33
4160,control,25-34,android,google_play,0.5386,1,0,43.96
4161,control,25-34,web,website,0.5878,0,0,5.78
4162,control,45+,ios,website,0.3813,0,0,3.75
4163,control,25-34,ios,website,0.6818,1,0,23.29
4164,control,35-44,ios,app_store,0.6709,0,1,6.3
4165,control,25-34,android,google_play,0.716,1,0,14.03
4166,control,18-24,ios,google_play,0.5628,0,0,0.0
4167,control,25-34,android,website,0.482,1,0,21.56
4168,control,25-34,android,google_play,0.6286,0,0,6.18
4169,control,25-34,android,website,0.6084,1,0,16.21
4170,control,45+,android,website,0.3988,1,0,27.87
4171,control,35-44,ios,app_store,0.4662,0,0,8.7
4172,control,45+,android,website,0.3099,0,0,6.29
4173,control,25-34,android,google_play,0.5969,1,0,16.33
4174,control,35-44,web,app_store,0.7192,0,0,0.0
4175,control,35-44,web,google_play,0.5019,1,0,16.95
4176,control,35-44,ios,google_play,0.6142,0,0,0.0
4177,control,45+,ios,website,0.4681,0,0,0.0
4178,control,35-44,ios,google_play,0.7896,0,0,5.83
4179,control,45+,android,app_store,0.6767,0,1,7.72
4180,control,35-44,android,google_play,0.63,1,0,6.3
4181,control,18-24,android,website,0.5478,1,0,16.46
4182,control,35-44,android,google_play,0.6656,1,0,17.9
4183,control,25-34,web,google_play,0.4836,1,0,16.25
4184,control,45+,ios,referral,0.6219,0,0,0.0
4185,control,35-44,web,app_store,0.5144,0,1,8.29
4186,control,18-24,ios,google_play,0.5523,0,1,0.0
4187,control,18-24,ios,google_play,0.6572,0,1,0.0
4188,control,18-24,ios,website,0.5225,0,1,0.0
4189,control,25-34,ios,website,0.6542,1,0,20.89
4190,control,18-24,ios,app_store,0.6599,0,1,2.54
4191,control,35-44,android,website,0.4054,1,0,13.38
4192,control,35-44,ios,website,0.4118,1,0,21.17
4193,control,35-44,android,referral,0.709,0,0,4.7
4194,control,25-34,ios,referral,0.7322,0,1,0.0
4195,control,25-34,android,website,0.5465,1,0,21.11
4196,control,18-24,ios,app_store,0.5874,1,0,25.09
4197,control,45+,android,google_play,0.5774,0,0,3.06
4198,control,18-24,android,referral,0.616,0,0,2.65
4199,control,18-24,ios,google_play,0.5417,1,1,29.36
4200,control,25-34,android,google_play,0.6525,0,0,0.94
4201,control,35-44,web,referral,0.5983,1,0,17.01
4202,control,18-24,android,referral,0.5655,1,0,19.99
4203,control,35-44,android,website,0.562,0,0,3.67
4204,control,35-44,android,referral,0.5472,1,0,16.37
4205,control,35-44,ios,app_store,0.5666,0,1,3.82
4206,control,18-24,ios,website,0.6947,1,0,27.41
4207,control,18-24,android,referral,0.4746,0,0,6.41
4208,control,25-34,android,app_store,0.5956,1,0,17.55
4209,control,25-34,ios,app_store,0.6524,0,1,0.39
4210,control,35-44,web,website,0.5517,0,1,0.87
4211,control,25-34,android,google_play,0.6297,1,0,23.7
4212,control,25-34,android,app_store,0.5923,0,0,0.0
4213,control,18-24,android,app_store,0.4464,1,0,32.42
4214,control,35-44,android,google_play,0.6389,1,0,17.81
4215,control,18-24,ios,google_play,0.5224,0,0,0.0
4216,control,35-44,web,referral,0.7653,0,0,4.16
4217,control,18-24,web,website,0.5203,1,0,13.2
4218,control,45+,ios,website,0.44,1,0,15.49
4219,control,35-44,android,app_store,0.6134,1,0,8.94
4220,control,18-24,web,google_play,0.462,1,0,16.57
4221,control,18-24,android,google_play,0.5466,1,0,5.26
4222,control,25-34,android,referral,0.5779,1,0,14.4
4223,control,18-24,ios,referral,0.5199,0,0,0.52
4224,control,25-34,android,google_play,0.5088,1,0,14.99
4225,control,45+,ios,referral,0.7608,0,1,0.75
4226,control,35-44,web,app_store,0.6033,1,0,18.2
4227,control,18-24,ios,google_play,0.5315,1,0,23.33
4228,control,35-44,ios,website,0.5376,0,0,4.8
4229,control,25-34,android,google_play,0.6137,1,0,25.8
4230,control,45+,android,referral,0.4749,0,0,1.71
4231,control,18-24,ios,app_store,0.4684,0,0,4.67
4232,control,35-44,ios,website,0.5834,1,0,20.18
4233,control,35-44,web,app_store,0.5928,0,0,7.65
4234,control,18-24,android,app_store,0.4826,0,1,0.87
4235,control,18-24,android,google_play,0.4547,1,0,22.73
4236,control,25-34,android,referral,0.5647,0,0,0.41
4237,control,45+,ios,google_play,0.5084,1,0,14.58
4238,control,25-34,ios,website,0.5173,1,0,15.85
4239,control,35-44,web,app_store,0.6181,0,0,5.13
4240,control,35-44,android,app_store,0.7641,0,1,0.0
4241,control,35-44,ios,app_store,0.7325,0,0,0.09
4242,control,25-34,android,website,0.6814,0,0,1.18
4243,control,25-34,android,app_store,0.5206,0,0,3.67
4244,control,35-44,android,google_play,0.73,0,1,0.13
4245,control,25-34,ios,website,0.5842,1,0,19.58
4246,control,45+,ios,google_play,0.6249,1,0,15.85
4247,control,18-24,android,google_play,0.5626,0,1,5.87
4248,control,18-24,ios,app_store,0.5285,0,0,3.73
4249,control,35-44,ios,google_play,0.6936,1,0,28.51
4250,control,25-34,android,website,0.5648,1,0,18.73
4251,control,18-24,android,app_store,0.3745,1,0,10.69
4252,control,18-24,ios,website,0.5061,0,0,2.73
4253,control,25-34,ios,app_store,0.6758,1,0,18.13
4254,control,35-44,ios,referral,0.6782,1,0,12.55
4255,control,18-24,android,referral,0.5836,1,0,27.1
4256,control,18-24,ios,app_store,0.4959,1,0,16.14
4257,control,25-34,web,google_play,0.6065,1,0,14.13
4258,control,45+,android,google_play,0.4983,0,1,4.15
4259,control,25-34,android,website,0.5097,1,0,12.56
4260,control,45+,web,google_play,0.4617,1,1,23.8
4261,control,45+,android,website,0.5292,1,0,22.59
4262,control,25-34,ios,app_store,0.6336,0,1,3.97
4263,control,35-44,web,app_store,0.6156,1,0,21.55
4264,control,35-44,android,website,0.7101,1,0,15.0
4265,control,25-34,ios,website,0.6039,0,1,0.0
4266,control,25-34,ios,website,0.662,0,1,2.33
4267,control,35-44,web,website,0.5778,1,0,14.99
4268,control,35-44,web,website,0.5277,0,0,0.0
4269,control,35-44,web,google_play,0.5213,1,0,11.65
4270,control,45+,android,referral,0.5453,1,0,10.62
4271,control,25-34,ios,website,0.3529,1,0,11.68
4272,control,35-44,web,referral,0.6478,0,0,8.3
4273,control,45+,ios,referral,0.5912,1,0,21.07
4274,control,25-34,ios,google_play,0.5986,1,0,23.79
4275,control,18-24,android,website,0.4686,0,0,5.33
4276,control,25-34,web,website,0.4359,1,0,24.5
4277,control,45+,android,app_store,0.6068,0,0,3.6
4278,control,25-34,android,website,0.499,0,0,8.96
4279,control,35-44,web,google_play,0.5282,1,1,10.61
4280,control,18-24,web,google_play,0.5796,1,0,17.59
4281,control,25-34,web,app_store,0.5849,1,0,11.85
4282,control,35-44,ios,website,0.5573,0,1,7.97
4283,control,18-24,android,website,0.4389,0,0,5.01
4284,control,45+,ios,google_play,0.5455,1,0,25.12
4285,control,18-24,android,app_store,0.6237,0,0,0.0
4286,control,45+,web,google_play,0.5536,0,0,1.33
4287,control,25-34,ios,app_store,0.6032,1,0,7.3
4288,control,45+,android,google_play,0.5742,1,0,20.17
4289,control,35-44,android,google_play,0.5982,1,0,15.43
4290,control,18-24,android,referral,0.5781,1,0,22.53
4291,control,18-24,web,google_play,0.5481,0,0,3.61
4292,control,18-24,ios,google_play,0.6132,0,1,0.0
4293,control,35-44,android,referral,0.5805,1,0,8.04
4294,control,35-44,android,google_play,0.5049,1,0,18.49
4295,control,25-34,android,referral,0.6685,1,0,20.79
4296,control,25-34,android,app_store,0.6864,1,0,4.7
4297,control,35-44,web,google_play,0.5186,1,0,17.5
4298,control,25-34,ios,app_store,0.6203,1,0,11.9
4299,control,35-44,android,google_play,0.5601,0,0,0.0
4300,control,25-34,ios,referral,0.7067,0,0,1.14
4301,control,35-44,android,website,0.5657,0,1,3.94
4302,control,45+,android,website,0.7222,1,0,13.76
4303,control,25-34,ios,app_store,0.5819,0,0,0.0
4304,control,18-24,android,referral,0.669,0,1,3.92
4305,control,18-24,ios,google_play,0.6968,1,1,15.9
4306,control,35-44,ios,app_store,0.6687,1,1,12.37
4307,control,25-34,web,referral,0.609,1,0,16.15
4308,control,45+,android,google_play,0.5136,0,0,2.25
4309,control,35-44,ios,google_play,0.6368,0,0,3.66
4310,control,25-34,android,app_store,0.6567,1,0,16.51
4311,control,35-44,ios,app_store,0.5562,0,1,4.1
4312,control,25-34,android,website,0.5131,0,0,3.33
4313,control,35-44,ios,google_play,0.6134,1,0,22.92
4314,control,18-24,android,referral,0.4079,1,0,27.51
4315,control,35-44,web,app_store,0.6647,1,0,17.91
4316,control,45+,web,website,0.551,0,1,1.26
4317,control,35-44,android,website,0.4953,1,0,9.38
4318,control,45+,ios,website,0.5784,1,0,21.88
4319,control,25-34,android,google_play,0.4493,1,0,12.59
4320,control,35-44,ios,google_play,0.6379,1,0,32.09
4321,control,35-44,android,website,0.5359,1,0,34.68
4322,control,35-44,android,referral,0.623,1,0,16.72
4323,control,18-24,ios,google_play,0.5726,1,0,8.01
4324,control,25-34,ios,google_play,0.6098,0,0,5.85
4325,control,35-44,ios,website,0.555,1,0,30.59
4326,control,18-24,ios,google_play,0.5573,0,0,0.0
4327,control,35-44,android,app_store,0.6951,1,1,29.39
4328,control,35-44,android,referral,0.5697,1,0,6.91
4329,control,45+,ios,app_store,0.7164,0,0,0.0
4330,control,18-24,ios,app_store,0.5052,0,1,4.61
4331,control,45+,android,website,0.4752,1,0,24.1
4332,control,18-24,android,app_store,0.5617,0,0,3.26
4333,control,25-34,ios,app_store,0.5827,1,0,20.7
4334,control,35-44,ios,app_store,0.7366,0,0,7.48
4335,control,18-24,ios,app_store,0.5996,1,0,25.32
4336,control,18-24,android,google_play,0.5096,0,0,1.26
4337,control,18-24,ios,website,0.6257,0,0,0.39
4338,control,25-34,ios,google_play,0.5348,0,0,7.29
4339,control,35-44,android,google_play,0.5508,0,1,5.14
4340,control,18-24,android,website,0.521,1,0,21.53
4341,control,18-24,android,google_play,0.5901,1,0,14.03
4342,control,35-44,ios,google_play,0.6618,1,0,21.83
4343,control,25-34,android,google_play,0.5658,0,1,0.0
4344,control,35-44,ios,google_play,0.6159,0,0,4.39
4345,control,45+,ios,google_play,0.6365,1,0,18.67
4346,control,35-44,android,app_store,0.6052,0,0,3.93
4347,control,45+,ios,referral,0.4962,1,1,22.69
4348,control,25-34,ios,referral,0.5616,0,1,0.0
4349,control,35-44,android,referral,0.7371,0,0,5.94
4350,control,18-24,ios,app_store,0.4985,1,0,18.12
4351,control,18-24,ios,website,0.5378,1,0,13.25
4352,control,35-44,android,google_play,0.7041,0,1,0.0
4353,control,18-24,ios,app_store,0.5994,1,0,29.33
4354,control,45+,ios,referral,0.5054,0,0,3.25
4355,control,35-44,android,website,0.4647,1,0,15.87
4356,control,45+,web,app_store,0.6556,1,0,11.14
4357,control,25-34,ios,referral,0.5527,1,0,24.53
4358,control,25-34,ios,app_store,0.5617,0,0,7.14
4359,control,35-44,android,google_play,0.6258,1,0,22.91
4360,control,25-34,android,app_store,0.5485,0,0,3.28
4361,control,25-34,android,app_store,0.6119,0,1,6.2
4362,control,35-44,ios,referral,0.5386,1,0,13.06
4363,control,45+,ios,google_play,0.5292,1,1,19.31
4364,control,35-44,ios,app_store,0.6802,1,0,17.67
4365,control,18-24,android,website,0.5305,1,1,19.6
4366,control,25-34,ios,referral,0.5902,1,0,7.12
4367,control,35-44,ios,referral,0.5743,0,0,10.23
4368,control,18-24,ios,referral,0.6031,0,0,9.33
4369,control,25-34,ios,referral,0.531,1,0,11.1
4370,control,25-34,web,website,0.6387,0,0,5.58
4371,control,18-24,android,google_play,0.5386,0,1,0.0
4372,control,25-34,ios,referral,0.5803,0,1,3.8
4373,control,18-24,web,app_store,0.4416,0,0,0.0
4374,control,35-44,ios,app_store,0.5754,1,0,16.25
4375,control,18-24,android,google_play,0.401,1,0,15.07
4376,control,35-44,web,app_store,0.6356,1,0,24.94
4377,control,18-24,android,website,0.4118,1,0,28.01
4378,control,45+,android,referral,0.558,0,0,9.59
4379,control,18-24,android,google_play,0.569,0,1,7.67
4380,control,25-34,ios,google_play,0.6933,1,1,18.49
4381,control,25-34,android,google_play,0.5961,0,0,4.9
4382,control,25-34,ios,website,0.656,1,0,20.3
4383,control,25-34,web,app_store,0.6869,0,0,0.0
4384,control,35-44,ios,app_store,0.6467,1,0,24.88
4385,control,45+,ios,website,0.5215,1,0,22.14
4386,control,25-34,web,google_play,0.5414,0,1,6.15
4387,control,18-24,ios,google_play,0.487,1,0,4.31
4388,control,35-44,android,google_play,0.6986,1,0,20.72
4389,control,35-44,android,app_store,0.6345,1,0,24.03
4390,control,25-34,ios,website,0.6209,1,0,17.91
4391,control,35-44,ios,google_play,0.5887,1,0,15.0
4392,control,25-34,ios,google_play,0.7459,1,0,9.83
4393,control,35-44,android,referral,0.5977,1,0,9.4
4394,control,25-34,ios,website,0.5019,1,0,18.93
4395,control,25-34,ios,app_store,0.5601,0,1,2.65
4396,control,18-24,ios,website,0.6417,1,0,16.51
4397,control,35-44,web,app_store,0.5071,1,0,27.17
4398,control,18-24,ios,app_store,0.4959,0,0,0.0
4399,control,35-44,ios,website,0.8179,1,0,15.93
4400,control,35-44,ios,app_store,0.7013,0,0,9.6
4401,control,35-44,ios,app_store,0.5674,0,0,2.38
4402,control,18-24,ios,referral,0.4995,0,1,3.74
4403,control,25-34,ios,website,0.4322,1,0,16.95
4404,control,25-34,ios,referral,0.6438,1,0,22.23
4405,control,35-44,ios,referral,0.7142,0,1,0.0
4406,control,45+,ios,google_play,0.6675,0,1,2.77
4407,control,25-34,android,website,0.3745,1,0,18.33
4408,control,45+,ios,google_play,0.44,0,1,0.0
4409,control,18-24,ios,website,0.5064,0,0,4.74
4410,control,25-34,android,google_play,0.799,0,1,6.33
4411,control,18-24,android,app_store,0.5869,1,0,20.71
4412,control,35-44,android,app_store,0.6158,1,0,28.68
4413,control,18-24,web,website,0.388,1,0,15.4
4414,control,25-34,web,app_store,0.4064,1,0,20.99
4415,control,35-44,ios,google_play,0.6391,0,1,5.21
4416,control,25-34,android,referral,0.5881,1,0,16.59
4417,control,18-24,ios,website,0.4946,1,0,24.8
4418,control,18-24,ios,google_play,0.5356,1,0,19.73
4419,control,25-34,web,app_store,0.5161,0,0,0.0
4420,control,25-34,android,referral,0.5178,0,0,6.2
4421,control,18-24,android,google_play,0.6372,0,1,1.7
4422,control,35-44,ios,google_play,0.5651,0,1,2.34
4423,control,25-34,android,referral,0.5739,0,0,2.6
4424,control,35-44,ios,app_store,0.6229,1,0,22.41
4425,control,25-34,ios,google_play,0.6725,1,0,24.47
4426,control,18-24,android,app_store,0.4479,0,1,2.93
4427,control,18-24,android,app_store,0.5942,0,1,2.72
4428,control,25-34,ios,google_play,0.5696,1,0,5.72
4429,control,18-24,ios,website,0.503,0,0,0.94
4430,control,25-34,ios,google_play,0.7474,1,0,12.32
4431,control,45+,android,website,0.3785,1,0,19.87
4432,control,35-44,ios,website,0.6437,0,0,3.11
4433,control,25-34,ios,referral,0.7164,1,0,12.55
4434,control,35-44,ios,app_store,0.6508,0,0,4.05
4435,control,35-44,ios,website,0.5766,0,0,3.26
4436,control,35-44,android,app_store,0.7561,0,1,0.0
4437,control,25-34,ios,website,0.5649,0,1,7.49
4438,control,25-34,ios,google_play,0.6323,1,0,24.07
4439,control,25-34,android,website,0.4991,1,0,16.57
4440,control,18-24,ios,app_store,0.5681,1,0,20.12
4441,control,25-34,web,website,0.6131,1,0,16.05
4442,control,45+,ios,app_store,0.514,1,0,8.37
4443,control,45+,android,app_store,0.3273,1,0,30.98
4444,control,18-24,ios,website,0.5571,1,0,22.5
4445,control,25-34,android,google_play,0.4897,1,1,23.64
4446,control,25-34,ios,website,0.6254,1,0,16.29
4447,control,25-34,ios,website,0.5659,1,0,24.76
4448,control,35-44,android,website,0.6214,0,0,0.0
4449,control,18-24,android,website,0.4001,1,0,16.53
4450,control,35-44,web,website,0.5132,0,1,6.16
4451,control,45+,android,referral,0.4988,1,0,14.24
4452,control,35-44,ios,app_store,0.5074,0,0,6.78
4453,control,35-44,ios,google_play,0.7249,1,0,19.82
4454,control,25-34,ios,website,0.436,0,0,4.25
4455,control,25-34,android,app_store,0.6538,0,1,0.91
4456,control,18-24,android,app_store,0.55,1,0,20.43
4457,control,35-44,android,app_store,0.5701,0,1,10.46
4458,control,18-24,ios,google_play,0.5936,0,0,4.13
4459,control,35-44,web,google_play,0.6314,1,0,21.34
4460,control,25-34,web,website,0.504,1,0,22.22
4461,control,25-34,android,website,0.5499,0,1,0.0
4462,control,25-34,android,website,0.5845,1,0,17.2
4463,control,45+,android,app_store,0.4204,0,1,2.91
4464,control,18-24,web,website,0.5137,0,0,0.0
4465,control,18-24,android,website,0.2659,1,0,22.73
4466,control,18-24,android,app_store,0.3616,1,0,12.41
4467,control,35-44,ios,app_store,0.6712,0,0,5.95
4468,control,45+,ios,google_play,0.5126,0,0,0.77
4469,control,25-34,android,referral,0.5277,1,0,30.25
4470,control,45+,ios,google_play,0.5418,1,0,16.33
4471,control,25-34,android,app_store,0.5343,0,0,10.42
4472,control,35-44,android,app_store,0.5069,1,0,16.96
4473,control,18-24,android,app_store,0.3849,1,0,17.68
4474,control,25-34,android,google_play,0.4185,1,0,27.4
4475,control,35-44,web,website,0.6151,0,0,0.2
4476,control,25-34,ios,google_play,0.5822,0,1,3.68
4477,control,25-34,ios,website,0.6436,1,0,21.24
4478,control,35-44,android,app_store,0.5514,1,0,20.42
4479,control,45+,ios,google_play,0.5744,1,0,18.26
4480,control,25-34,web,website,0.526,0,0,3.16
4481,control,35-44,android,website,0.5496,1,0,23.08
4482,control,35-44,web,referral,0.6334,0,1,4.14
4483,control,25-34,ios,app_store,0.5703,0,0,6.98
4484,control,45+,ios,google_play,0.4476,1,0,20.35
4485,control,25-34,android,website,0.5873,0,0,5.84
4486,control,35-44,ios,app_store,0.7535,0,1,7.58
4487,control,18-24,ios,website,0.6487,0,0,2.38
4488,control,25-34,web,google_play,0.5417,1,0,24.64
4489,control,25-34,web,app_store,0.5173,0,0,2.94
4490,control,25-34,android,website,0.4817,1,1,9.6
4491,control,45+,web,website,0.4519,1,0,16.02
4492,control,45+,web,referral,0.5318,1,0,13.66
4493,control,18-24,ios,referral,0.5062,1,0,20.25
4494,control,25-34,android,app_store,0.4476,0,0,2.47
4495,control,25-34,android,website,0.53,1,0,18.77
4496,control,25-34,android,referral,0.3136,1,0,24.09
4497,control,25-34,android,app_store,0.5579,0,0,8.85
4498,control,45+,web,google_play,0.4404,1,0,19.76
4499,control,35-44,android,referral,0.6784,0,0,7.41
4500,control,18-24,ios,app_store,0.6398,0,1,2.86
4501,control,25-34,ios,referral,0.7217,1,0,8.62
4502,control,35-44,ios,google_play,0.6083,1,0,10.92
4503,control,25-34,android,referral,0.5052,0,0,2.8
4504,control,18-24,ios,website,0.4508,0,0,6.36
4505,control,25-34,ios,website,0.589,1,0,16.84
4506,control,25-34,ios,website,0.4343,0,0,7.77
4507,control,18-24,android,app_store,0.6275,0,1,10.09
4508,control,35-44,ios,website,0.5595,1,0,12.67
4509,control,25-34,android,referral,0.636,0,0,11.15
4510,control,35-44,ios,referral,0.5135,1,1,8.19
4511,control,25-34,android,referral,0.5219,1,0,29.09
4512,control,45+,android,website,0.3035,0,0,3.38
4513,control,18-24,ios,website,0.5977,0,0,2.66
4514,control,18-24,android,google_play,0.5132,1,1,17.95
4515,control,25-34,web,website,0.5817,1,0,13.2
4516,control,25-34,web,website,0.5411,1,0,27.01
4517,control,25-34,android,app_store,0.6035,1,0,13.85
4518,control,35-44,android,app_store,0.559,0,0,1.47
4519,control,25-34,android,website,0.5097,1,0,9.72
4520,control,18-24,web,google_play,0.5287,1,0,13.62
4521,control,25-34,ios,google_play,0.6485,0,0,0.98
4522,control,35-44,android,app_store,0.6206,1,0,13.4
4523,control,45+,ios,website,0.7209,0,0,2.87
4524,control,35-44,android,referral,0.7505,0,0,0.0
4525,control,35-44,ios,website,0.4437,0,0,9.24
4526,control,35-44,ios,referral,0.6446,1,0,17.08
4527,control,35-44,android,referral,0.5835,0,1,4.85
4528,control,25-34,ios,app_store,0.7084,0,1,6.6
4529,control,35-44,android,app_store,0.5607,0,0,10.79
4530,control,35-44,ios,app_store,0.6631,1,0,23.46
4531,control,25-34,ios,app_store,0.419,0,1,2.61
4532,control,35-44,web,google_play,0.4849,1,0,11.56
4533,control,25-34,ios,app_store,0.7734,0,1,4.72
4534,control,25-34,web,referral,0.61,0,0,7.32
4535,control,18-24,android,website,0.3961,1,0,18.85
4536,control,35-44,web,google_play,0.6254,0,1,3.73
4537,control,45+,android,referral,0.4418,1,0,19.28
4538,control,18-24,ios,referral,0.5633,1,0,6.78
4539,control,25-34,android,website,0.4098,0,0,4.03
4540,control,18-24,web,website,0.4229,0,0,6.14
4541,control,18-24,web,referral,0.5227,0,0,3.34
4542,control,45+,android,website,0.5457,1,0,24.74
4543,control,25-34,ios,referral,0.6731,1,0,24.94
4544,control,25-34,ios,app_store,0.6571,1,0,14.98
4545,control,25-34,android,google_play,0.5739,0,0,5.09
4546,control,45+,ios,google_play,0.6118,0,0,3.65
4547,control,25-34,ios,app_store,0.5361,1,0,5.83
4548,control,35-44,ios,app_store,0.5674,1,0,16.88
4549,control,25-34,android,app_store,0.5986,1,0,11.81
4550,control,18-24,web,app_store,0.5037,0,0,3.98
4551,control,35-44,android,app_store,0.5849,1,0,22.1
4552,control,18-24,ios,google_play,0.5529,0,0,2.72
4553,control,35-44,android,website,0.6463,1,0,12.6
4554,control,25-34,android,website,0.6304,1,0,19.4
4555,control,35-44,android,website,0.4959,1,0,32.66
4556,control,35-44,android,app_store,0.4452,1,0,4.97
4557,control,35-44,ios,website,0.5291,0,1,4.34
4558,control,18-24,ios,app_store,0.4842,0,0,1.54
4559,control,35-44,ios,google_play,0.7025,1,0,15.44
4560,control,45+,ios,google_play,0.6196,1,0,17.37
4561,control,25-34,android,referral,0.5135,0,1,2.26
4562,control,25-34,android,referral,0.5356,1,0,21.61
4563,control,35-44,ios,website,0.4677,1,0,16.55
4564,control,18-24,ios,website,0.5268,1,0,5.03
4565,control,35-44,ios,google_play,0.6324,1,0,25.68
4566,control,35-44,android,website,0.6091,0,1,7.57
4567,control,18-24,ios,app_store,0.5958,1,0,14.36
4568,control,35-44,android,app_store,0.6348,0,0,3.68
4569,control,35-44,ios,referral,0.5326,0,0,7.88
4570,control,25-34,android,referral,0.5459,0,1,7.22
4571,control,45+,ios,google_play,0.6219,0,0,8.39
4572,control,18-24,android,app_store,0.4729,0,0,4.85
4573,control,25-34,ios,app_store,0.4758,1,0,22.62
4574,control,35-44,android,google_play,0.6606,0,0,8.57
4575,control,18-24,ios,app_store,0.5098,1,0,15.94
4576,control,35-44,android,website,0.631,0,0,5.09
4577,control,18-24,ios,app_store,0.5545,0,0,0.0
4578,control,25-34,android,app_store,0.5438,1,0,8.52
4579,control,18-24,android,app_store,0.6251,1,0,21.0
4580,control,35-44,ios,website,0.4818,1,0,21.92
4581,control,35-44,android,google_play,0.7107,1,0,15.68
4582,control,35-44,android,google_play,0.5449,1,0,14.36
4583,control,45+,ios,website,0.509,0,0,2.22
4584,control,35-44,ios,website,0.5997,1,0,19.15
4585,control,35-44,web,google_play,0.5718,1,0,4.12
4586,control,25-34,android,website,0.465,1,0,20.79
4587,control,45+,ios,app_store,0.5064,1,1,18.19
4588,control,35-44,ios,website,0.5048,1,0,19.48
4589,control,45+,android,google_play,0.663,1,0,17.26
4590,control,25-34,ios,referral,0.5975,1,0,9.7
4591,control,25-34,android,referral,0.6887,0,0,0.0
4592,control,35-44,web,website,0.6382,1,0,27.14
4593,control,25-34,ios,referral,0.665,1,0,14.14
4594,control,25-34,ios,app_store,0.5951,1,0,22.85
4595,control,45+,ios,website,0.5115,1,0,11.51
4596,control,25-34,android,app_store,0.6118,1,0,17.91
4597,control,18-24,android,app_store,0.524,1,0,15.36
4598,control,25-34,ios,google_play,0.4907,1,0,16.28
4599,control,25-34,ios,website,0.4205,1,0,15.96
4600,control,35-44,ios,website,0.7067,1,0,26.66
4601,control,45+,android,referral,0.3152,0,0,10.44
4602,control,45+,ios,google_play,0.5617,0,1,4.36
4603,control,35-44,android,referral,0.5972,1,0,15.52
4604,control,35-44,android,referral,0.6289,1,0,10.02
4605,control,25-34,web,website,0.4448,0,0,0.0
4606,control,45+,ios,app_store,0.5641,0,1,8.72
4607,control,25-34,ios,google_play,0.6325,0,0,0.0
4608,control,18-24,web,website,0.7069,0,0,1.91
4609,control,45+,android,referral,0.5364,1,1,18.93
4610,control,45+,web,app_store,0.6139,1,0,2.39
4611,control,25-34,ios,google_play,0.4961,0,0,0.0
4612,control,35-44,ios,google_play,0.7176,1,0,9.97
4613,control,25-34,android,app_store,0.5841,1,0,14.01
4614,control,25-34,android,website,0.5476,1,0,19.55
4615,control,25-34,android,app_store,0.5887,1,0,24.17
4616,control,18-24,android,google_play,0.6625,0,0,1.11
4617,control,25-34,android,website,0.5464,1,0,15.23
4618,control,25-34,ios,google_play,0.5533,1,1,17.28
4619,control,25-34,ios,app_store,0.5567,0,0,0.6
4620,control,25-34,android,website,0.5914,0,1,5.0
4621,control,45+,ios,google_play,0.5818,0,1,5.12
4622,control,35-44,web,referral,0.5036,0,0,0.0
4623,control,45+,ios,website,0.5372,0,1,5.8
4624,control,18-24,ios,referral,0.4994,1,0,18.76
4625,control,35-44,ios,app_store,0.6611,1,0,19.55
4626,control,35-44,android,website,0.4816,0,1,7.75
4627,control,25-34,android,google_play,0.5535,0,0,0.0
4628,control,18-24,web,website,0.4424,0,1,0.0
4629,control,25-34,ios,google_play,0.7375,0,0,3.25
4630,control,25-34,ios,app_store,0.6381,0,0,0.0
4631,control,25-34,web,app_store,0.6769,0,0,2.74
4632,control,25-34,android,website,0.7576,1,0,23.08
4633,control,25-34,android,website,0.5297,1,0,20.38
4634,control,35-44,ios,app_store,0.7462,0,1,3.78
4635,control,18-24,android,website,0.42,1,0,16.6
4636,control,25-34,ios,website,0.6664,0,1,1.96
4637,control,35-44,ios,google_play,0.5714,0,1,1.75
4638,control,18-24,ios,google_play,0.5645,1,0,19.37
4639,control,25-34,android,referral,0.639,0,1,0.0
4640,control,25-34,ios,website,0.6215,1,0,26.78
4641,control,18-24,android,website,0.3742,0,1,0.84
4642,control,25-34,web,website,0.4666,1,0,21.35
4643,control,18-24,android,website,0.5249,0,0,3.79
4644,control,25-34,web,app_store,0.5466,1,0,11.08
4645,control,45+,ios,referral,0.4542,0,1,8.15
4646,control,45+,android,app_store,0.4903,1,1,24.49
4647,control,25-34,ios,website,0.5565,1,0,8.58
4648,control,25-34,android,referral,0.6102,1,1,17.56
4649,control,25-34,ios,website,0.6083,1,0,19.24
4650,control,35-44,ios,google_play,0.6733,1,0,5.57
4651,control,35-44,ios,app_store,0.5645,1,0,5.28
4652,control,18-24,android,google_play,0.4931,0,0,0.5
4653,control,18-24,ios,website,0.5902,0,0,0.0
4654,control,25-34,web,app_store,0.5325,1,0,11.74
4655,control,45+,ios,app_store,0.5044,0,0,0.0
4656,control,45+,android,referral,0.4057,0,1,3.06
4657,control,18-24,android,google_play,0.5237,1,0,12.65
4658,control,35-44,web,google_play,0.6336,1,0,24.68
4659,control,18-24,android,app_store,0.358,1,0,19.08
4660,control,35-44,android,website,0.4604,1,0,22.77
4661,control,45+,ios,google_play,0.4323,0,1,0.0
4662,control,25-34,android,website,0.5891,1,0,14.23
4663,control,18-24,ios,google_play,0.413,1,0,18.82
4664,control,35-44,android,app_store,0.5797,1,0,20.72
4665,control,25-34,ios,google_play,0.6734,1,0,14.11
4666,control,35-44,web,app_store,0.611,0,0,1.7
4667,control,25-34,web,website,0.5008,1,1,15.65
4668,control,45+,web,app_store,0.5337,0,1,2.43
4669,control,25-34,web,app_store,0.659,1,0,30.99
4670,control,18-24,android,google_play,0.5174,1,1,19.88
4671,control,25-34,web,app_store,0.3969,1,0,18.24
4672,control,18-24,web,google_play,0.6278,0,0,0.0
4673,control,25-34,ios,google_play,0.648,1,1,10.59
4674,control,35-44,android,referral,0.6134,0,0,2.73
4675,control,18-24,android,app_store,0.3576,1,0,24.78
4676,control,18-24,ios,google_play,0.5421,0,0,2.78
4677,control,18-24,ios,website,0.446,0,1,2.94
4678,control,18-24,android,app_store,0.4187,0,0,0.82
4679,control,45+,android,website,0.4451,0,0,0.0
4680,control,45+,ios,referral,0.5231,1,0,20.62
4681,control,18-24,android,website,0.4384,1,0,16.47
4682,control,35-44,web,referral,0.6852,1,0,20.68
4683,control,35-44,android,website,0.5664,1,0,18.93
4684,control,45+,android,google_play,0.4664,1,0,12.22
4685,control,25-34,android,referral,0.5462,1,0,19.35
4686,control,25-34,web,app_store,0.5396,1,0,10.25
4687,control,25-34,web,google_play,0.5662,1,0,19.31
4688,control,45+,android,website,0.5027,0,0,3.27
4689,control,35-44,android,referral,0.5326,1,0,27.24
4690,control,25-34,android,referral,0.7127,0,0,0.38
4691,control,25-34,android,app_store,0.6128,0,1,0.0
4692,control,35-44,ios,website,0.367,0,0,2.01
4693,control,45+,android,app_store,0.5028,0,0,5.69
4694,control,25-34,ios,website,0.6493,0,1,0.0
4695,control,35-44,android,website,0.5771,1,0,23.25
4696,control,25-34,ios,app_store,0.573,0,0,2.75
4697,control,25-34,android,website,0.5211,1,0,11.15
4698,control,25-34,android,google_play,0.5903,1,0,15.79
4699,control,35-44,android,google_play,0.6576,0,0,0.83
4700,control,45+,android,referral,0.4128,1,0,10.65
4701,control,25-34,android,website,0.4776,0,1,0.0
4702,control,25-34,web,google_play,0.7171,0,1,6.13
4703,control,25-34,android,app_store,0.5686,1,0,14.64
4704,control,18-24,android,app_store,0.6382,1,0,15.65
4705,control,25-34,android,app_store,0.8048,0,0,6.54
4706,control,18-24,ios,google_play,0.5266,0,0,3.7
4707,control,25-34,web,google_play,0.4902,0,0,0.0
4708,control,18-24,ios,google_play,0.5448,1,0,22.04
4709,control,25-34,ios,website,0.6539,0,0,8.84
4710,control,35-44,ios,app_store,0.7251,1,0,21.02
4711,control,25-34,android,website,0.7078,1,0,12.81
4712,control,35-44,web,referral,0.6231,1,1,9.16
4713,control,45+,ios,app_store,0.575,1,0,12.59
4714,control,35-44,android,website,0.4891,1,0,18.62
4715,control,18-24,ios,app_store,0.3554,1,0,26.56
4716,control,25-34,android,google_play,0.5728,0,0,0.77
4717,control,35-44,android,website,0.4537,0,1,1.16
4718,control,25-34,ios,app_store,0.6575,0,1,7.18
4719,control,18-24,android,google_play,0.3755,1,0,15.4
4720,control,25-34,ios,referral,0.5769,1,0,28.28
4721,control,25-34,web,app_store,0.5974,0,0,2.97
4722,control,25-34,ios,website,0.5958,1,0,25.01
4723,control,35-44,android,website,0.5422,1,0,20.3
4724,control,18-24,ios,app_store,0.7054,1,0,22.24
4725,control,25-34,ios,website,0.6916,0,0,2.86
4726,control,35-44,android,google_play,0.5413,0,0,3.1
4727,control,25-34,android,app_store,0.6948,1,0,20.51
4728,control,35-44,ios,referral,0.797,1,1,22.79
4729,control,25-34,web,google_play,0.5761,0,0,5.39
4730,control,25-34,android,website,0.5296,0,0,0.0
4731,control,45+,android,app_store,0.4919,0,0,4.43
4732,control,25-34,web,app_store,0.5244,1,0,14.06
4733,control,25-34,android,website,0.4823,0,1,1.53
4734,control,45+,android,website,0.5615,1,0,20.75
4735,control,35-44,ios,app_store,0.661,1,0,28.19
4736,control,35-44,android,website,0.5017,0,0,2.66
4737,control,18-24,android,google_play,0.4519,0,0,10.6
4738,control,18-24,ios,google_play,0.5054,1,0,11.42
4739,control,35-44,ios,website,0.5729,1,0,25.39
4740,control,25-34,ios,website,0.6391,1,1,20.58
4741,control,25-34,android,google_play,0.5072,0,0,4.25
4742,control,35-44,ios,website,0.6581,1,0,26.3
4743,control,25-34,ios,google_play,0.6318,1,0,14.18
4744,control,18-24,ios,referral,0.5974,1,0,25.67
4745,control,18-24,ios,website,0.5981,0,1,2.75
4746,control,25-34,ios,google_play,0.6835,0,0,1.19
4747,control,35-44,web,google_play,0.4936,1,0,10.04
4748,control,45+,ios,referral,0.4793,1,0,27.51
4749,control,18-24,android,referral,0.5276,0,1,7.61
4750,control,18-24,web,app_store,0.5545,1,0,15.13
4751,control,25-34,web,app_store,0.6852,0,0,5.46
4752,control,25-34,android,google_play,0.5812,1,0,18.76
4753,control,25-34,android,referral,0.7323,0,0,2.23
4754,control,45+,ios,referral,0.5095,1,0,23.79
4755,control,25-34,android,website,0.483,0,1,1.25
4756,control,25-34,ios,app_store,0.5815,1,0,4.85
4757,control,45+,ios,referral,0.5006,1,0,19.56
4758,control,18-24,android,app_store,0.6088,0,0,3.74
4759,control,45+,android,google_play,0.2844,0,0,1.36
4760,control,25-34,web,google_play,0.5457,0,0,0.29
4761,control,25-34,android,google_play,0.6679,1,0,8.64
4762,control,45+,ios,google_play,0.521,0,1,2.19
4763,control,25-34,android,app_store,0.6518,0,0,0.35
4764,control,25-34,ios,app_store,0.7818,1,0,23.79
4765,control,25-34,ios,website,0.5724,0,1,5.36
4766,control,35-44,android,app_store,0.6795,1,0,15.09
4767,control,35-44,ios,google_play,0.8295,1,0,21.14
4768,control,25-34,ios,app_store,0.6382,0,1,3.11
4769,control,35-44,android,google_play,0.5922,1,0,16.38
4770,control,35-44,android,app_store,0.6582,1,0,17.67
4771,control,25-34,ios,website,0.6607,1,0,28.63
4772,control,18-24,ios,google_play,0.5629,1,0,21.86
4773,control,25-34,ios,app_store,0.5673,0,0,2.43
4774,control,18-24,ios,website,0.6534,1,0,23.36
4775,control,18-24,android,app_store,0.4944,1,0,23.15
4776,control,25-34,android,website,0.6215,1,0,19.56
4777,control,18-24,ios,app_store,0.577,1,0,16.03
4778,control,25-34,ios,referral,0.7822,1,0,15.63
4779,control,35-44,ios,app_store,0.5581,1,0,11.55
4780,control,25-34,android,google_play,0.5079,0,0,4.15
4781,control,45+,ios,website,0.5644,1,0,14.34
4782,control,45+,ios,google_play,0.4556,1,0,15.38
4783,control,35-44,android,website,0.5553,1,0,21.74
4784,control,45+,ios,app_store,0.6599,1,0,28.12
4785,control,45+,ios,google_play,0.4032,1,0,20.25
4786,control,25-34,android,referral,0.6282,1,0,17.37
4787,control,35-44,android,referral,0.7129,0,0,3.43
4788,control,18-24,android,google_play,0.5239,0,1,7.6
4789,control,35-44,web,google_play,0.5318,1,0,20.33
4790,control,25-34,android,website,0.505,1,0,19.16
4791,control,18-24,android,website,0.4089,1,0,19.59
4792,control,25-34,android,referral,0.6015,0,0,0.0
4793,control,45+,android,website,0.4339,0,0,4.91
4794,control,25-34,android,google_play,0.5349,0,0,0.35
4795,control,18-24,ios,website,0.5533,1,0,20.37
4796,control,18-24,android,google_play,0.6523,0,0,0.85
4797,control,25-34,android,app_store,0.5922,1,0,21.55
4798,control,35-44,android,website,0.6535,0,0,2.95
4799,control,35-44,android,website,0.6723,1,0,11.13
4800,control,25-34,android,app_store,0.5191,1,1,16.26
4801,control,25-34,ios,website,0.588,0,1,11.44
4802,control,18-24,ios,app_store,0.522,0,0,0.0
4803,control,25-34,ios,app_store,0.4874,0,0,4.1
4804,control,35-44,android,website,0.5745,1,0,11.94
4805,control,35-44,web,website,0.4718,0,0,8.46
4806,control,25-34,ios,google_play,0.6547,1,0,22.9
4807,control,35-44,android,app_store,0.4615,0,1,4.17
4808,control,25-34,android,google_play,0.5897,1,0,23.5
4809,control,35-44,ios,app_store,0.5003,1,0,19.47
4810,control,25-34,android,referral,0.6499,1,0,18.04
4811,control,35-44,android,app_store,0.5545,0,0,1.34
4812,control,25-34,ios,referral,0.5968,1,0,15.83
4813,control,45+,android,app_store,0.5861,0,0,1.83
4814,control,25-34,web,app_store,0.5503,0,0,3.54
4815,control,18-24,android,google_play,0.5349,1,0,6.65
4816,control,25-34,android,website,0.5101,1,0,24.18
4817,control,25-34,android,referral,0.6366,1,0,29.68
4818,control,25-34,android,google_play,0.6594,0,1,1.94
4819,control,35-44,web,google_play,0.6729,0,1,7.73
4820,control,35-44,ios,app_store,0.5887,0,1,3.02
4821,control,25-34,web,google_play,0.6827,1,0,14.39
4822,control,35-44,ios,google_play,0.5627,1,0,15.71
4823,control,35-44,android,referral,0.5566,0,0,3.81
4824,control,25-34,android,google_play,0.5658,1,0,13.67
4825,control,25-34,android,website,0.6097,0,0,5.68
4826,control,18-24,web,website,0.3924,1,0,14.88
4827,control,25-34,ios,app_store,0.6773,1,0,11.56
4828,control,35-44,ios,google_play,0.6316,1,0,17.88
4829,control,45+,ios,referral,0.5313,0,1,1.0
4830,control,35-44,ios,google_play,0.7238,0,0,2.32
4831,control,25-34,android,google_play,0.5118,0,0,3.3
4832,control,35-44,ios,referral,0.8389,1,0,9.96
4833,control,35-44,ios,app_store,0.6119,1,0,26.75
4834,control,25-34,ios,referral,0.648,0,0,6.43
4835,control,35-44,android,google_play,0.7194,0,0,1.23
4836,control,18-24,android,google_play,0.5401,0,1,3.43
4837,control,18-24,ios,google_play,0.6611,1,0,21.81
4838,control,18-24,web,google_play,0.3797,1,0,19.25
4839,control,18-24,web,app_store,0.4906,1,0,29.28
4840,control,45+,ios,app_store,0.5677,1,0,16.57
4841,control,25-34,android,google_play,0.6625,0,0,7.78
4842,control,25-34,android,google_play,0.6376,0,0,0.0
4843,control,25-34,ios,website,0.6201,1,0,10.92
4844,control,25-34,android,app_store,0.6509,0,0,9.56
4845,control,25-34,ios,app_store,0.644,1,0,15.41
4846,control,18-24,ios,app_store,0.3845,0,1,0.0
4847,control,35-44,android,google_play,0.7114,0,0,3.33
4848,control,18-24,android,app_store,0.449,0,0,8.05
4849,control,35-44,android,app_store,0.6111,0,0,0.75
4850,control,25-34,android,google_play,0.5905,0,0,3.35
4851,control,35-44,ios,website,0.5898,0,1,0.0
4852,control,35-44,android,website,0.4575,1,0,15.19
4853,control,18-24,android,app_store,0.3609,0,0,7.09
4854,control,18-24,android,referral,0.4658,1,0,13.29
4855,control,45+,android,website,0.5221,0,0,0.0
4856,control,25-34,ios,website,0.4503,0,0,0.71
4857,control,35-44,ios,app_store,0.5556,0,1,1.31
4858,control,18-24,ios,app_store,0.5894,0,1,6.25
4859,control,25-34,ios,google_play,0.5338,1,0,20.28
4860,control,25-34,android,app_store,0.5226,1,0,21.44
4861,control,45+,ios,website,0.5025,1,0,18.17
4862,control,25-34,android,google_play,0.5986,0,1,1.27
4863,control,35-44,web,app_store,0.5122,0,0,0.71
4864,control,35-44,android,app_store,0.5973,0,0,5.06
4865,control,18-24,android,app_store,0.5479,1,0,27.53
4866,control,25-34,android,google_play,0.4741,0,0,0.11
4867,control,25-34,ios,app_store,0.6232,1,0,11.89
4868,control,25-34,android,google_play,0.5187,0,0,0.0
4869,control,35-44,web,app_store,0.6059,1,0,22.99
4870,control,25-34,android,google_play,0.6338,1,0,17.75
4871,control,25-34,ios,referral,0.6219,1,0,21.33
4872,control,35-44,ios,referral,0.7291,0,0,1.67
4873,control,35-44,android,google_play,0.6593,1,0,21.71
4874,control,25-34,android,google_play,0.6486,1,0,16.27
4875,control,35-44,android,website,0.5782,0,0,0.0
4876,control,25-34,ios,referral,0.7241,0,1,6.82
4877,control,35-44,web,google_play,0.6368,0,0,3.37
4878,control,25-34,android,app_store,0.4326,1,0,16.14
4879,control,25-34,android,website,0.4626,0,0,4.51
4880,control,18-24,android,app_store,0.4991,1,0,9.34
4881,control,35-44,android,website,0.539,1,0,20.58
4882,control,35-44,ios,app_store,0.6546,1,0,14.43
4883,control,25-34,android,app_store,0.5014,1,0,17.06
4884,control,45+,android,website,0.6167,0,1,7.6
4885,control,35-44,web,website,0.5478,1,0,21.85
4886,control,18-24,ios,google_play,0.5654,1,0,16.94
4887,control,35-44,ios,website,0.5323,0,0,3.14
4888,control,25-34,android,referral,0.5157,1,0,2.64
4889,control,45+,web,google_play,0.5059,1,0,13.07
4890,control,25-34,ios,referral,0.6382,1,0,19.0
4891,control,25-34,ios,google_play,0.609,0,1,0.75
4892,control,25-34,android,app_store,0.6984,0,1,0.0
4893,control,25-34,web,website,0.5259,1,0,20.88
4894,control,35-44,ios,google_play,0.6291,0,0,8.2
4895,control,25-34,ios,referral,0.7012,0,0,0.9
4896,control,25-34,ios,app_store,0.5923,0,0,6.65
4897,control,25-34,ios,app_store,0.6491,1,0,22.35
4898,control,45+,ios,app_store,0.4337,1,0,12.14
4899,control,35-44,web,website,0.4543,1,0,13.63
4900,control,25-34,android,website,0.5358,1,0,28.82
4901,control,25-34,android,google_play,0.5575,1,0,11.3
4902,control,18-24,ios,app_store,0.4913,0,0,1.31
4903,control,45+,ios,google_play,0.5557,1,1,29.79
4904,control,35-44,ios,google_play,0.6527,1,0,14.59
4905,control,35-44,ios,website,0.5292,0,0,8.37
4906,control,45+,ios,website,0.4545,1,0,11.87
4907,control,18-24,ios,app_store,0.5733,1,0,18.83
4908,control,35-44,android,google_play,0.5143,0,0,7.41
4909,control,25-34,web,website,0.4877,1,1,15.2
4910,control,18-24,android,app_store,0.5587,1,0,18.6
4911,control,25-34,ios,google_play,0.6141,1,0,22.47
4912,control,25-34,web,website,0.4978,1,0,12.59
4913,control,45+,android,google_play,0.4338,0,1,11.57
4914,control,25-34,android,app_store,0.4849,1,0,24.23
4915,control,35-44,android,app_store,0.5755,0,0,2.21
4916,control,35-44,ios,website,0.7481,1,0,16.59
4917,control,35-44,android,app_store,0.6313,0,0,10.38
4918,control,45+,android,website,0.3494,0,0,2.22
4919,control,25-34,web,google_play,0.6426,0,0,1.8
4920,control,25-34,android,google_play,0.5153,1,0,24.88
4921,control,18-24,ios,website,0.5156,0,0,0.0
4922,control,25-34,ios,google_play,0.5689,0,1,3.22
4923,control,45+,android,app_store,0.6578,1,0,18.5
4924,control,25-34,android,app_store,0.4753,1,0,13.78
4925,control,25-34,web,website,0.5611,0,1,0.0
4926,control,25-34,ios,google_play,0.5612,0,0,3.75
4927,control,25-34,android,website,0.5851,0,1,5.98
4928,control,35-44,ios,google_play,0.6595,1,0,13.93
4929,control,25-34,ios,google_play,0.7164,0,0,0.0
4930,control,35-44,android,app_store,0.6434,0,0,8.02
4931,control,35-44,ios,app_store,0.5705,1,0,21.17
4932,control,35-44,ios,website,0.8193,1,0,15.83
4933,control,25-34,android,app_store,0.6104,1,0,23.53
4934,control,35-44,web,referral,0.5819,0,0,4.37
4935,control,18-24,android,app_store,0.5324,0,1,9.94
4936,control,25-34,android,google_play,0.6265,1,0,21.99
4937,control,35-44,android,app_store,0.6334,1,0,9.66
4938,control,35-44,ios,website,0.6257,1,0,14.05
4939,control,18-24,ios,app_store,0.6333,1,0,14.33
4940,control,45+,web,google_play,0.5855,0,1,4.61
4941,control,18-24,android,referral,0.4782,0,0,2.41
4942,control,35-44,ios,website,0.7546,1,0,11.24
4943,control,45+,ios,app_store,0.6935,1,0,21.53
4944,control,25-34,android,website,0.5901,1,0,24.0
4945,control,35-44,android,google_play,0.5991,0,1,3.13
4946,control,35-44,ios,app_store,0.6305,0,0,4.25
4947,control,35-44,android,google_play,0.5701,1,0,12.19
4948,control,35-44,ios,website,0.5704,1,0,14.86
4949,control,35-44,ios,google_play,0.4611,0,0,1.77
4950,control,25-34,android,website,0.6484,0,0,5.51
4951,control,35-44,web,website,0.6502,0,0,4.42
4952,control,25-34,ios,google_play,0.4819,1,0,16.02
4953,control,45+,ios,google_play,0.6172,0,0,2.17
4954,control,25-34,ios,website,0.5654,0,1,0.0
4955,control,25-34,ios,google_play,0.6001,0,0,9.28
4956,control,45+,ios,app_store,0.5754,1,0,5.49
4957,control,25-34,android,google_play,0.4366,1,0,20.53
4958,control,25-34,android,referral,0.5951,1,0,18.23
4959,control,35-44,android,app_store,0.5924,0,1,2.54
4960,control,18-24,ios,app_store,0.5624,0,0,3.47
4961,control,18-24,ios,app_store,0.4466,1,0,14.02
4962,control,25-34,android,app_store,0.6018,0,1,5.85
4963,control,25-34,web,referral,0.6908,0,0,0.0
4964,control,25-34,android,google_play,0.6086,1,0,19.97
4965,control,18-24,android,website,0.4577,1,1,13.93
4966,control,25-34,android,website,0.7411,0,0,1.96
4967,control,25-34,ios,google_play,0.542,1,0,15.6
4968,control,18-24,android,website,0.5379,1,0,17.01
4969,control,35-44,ios,referral,0.6755,1,0,21.01
4970,control,35-44,ios,website,0.747,0,0,3.37
4971,control,18-24,android,website,0.5069,1,0,23.6
4972,control,25-34,web,google_play,0.6341,0,0,7.26
4973,control,45+,android,website,0.4965,1,0,19.85
4974,control,35-44,ios,app_store,0.5413,1,0,22.1
4975,control,25-34,android,website,0.4565,1,0,30.15
4976,control,25-34,ios,google_play,0.5939,0,1,0.0
4977,control,25-34,ios,google_play,0.6926,1,0,24.46
4978,control,35-44,android,referral,0.6346,0,0,9.06
4979,control,45+,android,website,0.4395,0,0,5.06
4980,control,45+,android,app_store,0.6058,0,0,10.35
4981,control,25-34,android,website,0.3674,1,0,28.64
4982,control,25-34,web,referral,0.5023,0,0,2.29
4983,control,18-24,ios,website,0.3163,0,0,2.56
4984,control,25-34,ios,referral,0.7327,0,1,5.41
4985,control,25-34,web,website,0.5283,1,0,14.26
4986,control,35-44,ios,referral,0.7333,0,1,13.26
4987,control,18-24,ios,google_play,0.5573,0,1,6.34
4988,control,45+,android,google_play,0.5879,0,1,3.67
4989,control,18-24,android,website,0.4659,0,0,0.0
4990,control,18-24,android,referral,0.5788,1,0,19.51
4991,control,45+,android,app_store,0.5171,0,1,0.0
4992,control,35-44,android,app_store,0.613,0,0,6.24
4993,control,25-34,android,google_play,0.7108,1,0,2.99
4994,control,35-44,android,website,0.416,0,0,8.48
4995,control,25-34,android,referral,0.5905,0,1,1.97
4996,control,18-24,android,google_play,0.5418,0,1,0.0
4997,control,25-34,android,app_store,0.5699,0,1,3.44
4998,control,25-34,android,google_play,0.5442,0,0,3.56
4999,control,35-44,ios,referral,0.6132,1,0,17.61
5000,treatment,18-24,ios,app_store,0.7134,0,0,8.24
5001,treatment,35-44,android,google_play,0.5027,0,1,5.99
5002,treatment,35-44,ios,app_store,0.7053,1,0,12.68
5003,treatment,45+,web,google_play,0.5832,0,0,1.09
5004,treatment,35-44,ios,google_play,0.6212,1,0,23.58
5005,treatment,18-24,web,referral,0.5118,0,0,5.88
5006,treatment,35-44,ios,referral,0.5561,1,0,24.23
5007,treatment,35-44,ios,google_play,0.7391,1,0,17.98
5008,treatment,18-24,android,google_play,0.4308,0,1,2.56
5009,treatment,18-24,ios,google_play,0.3429,0,0,4.73
5010,treatment,35-44,android,website,0.5706,1,0,9.76
5011,treatment,35-44,ios,website,0.4779,1,0,16.81
5012,treatment,25-34,android,app_store,0.5572,1,0,29.76
5013,treatment,35-44,web,app_store,0.4885,0,0,2.31
5014,treatment,18-24,ios,website,0.4695,0,0,3.44
5015,treatment,25-34,android,google_play,0.5816,1,0,16.78
5016,treatment,35-44,ios,website,0.6077,1,0,27.02
5017,treatment,18-24,ios,google_play,0.6731,0,0,0.0
5018,treatment,25-34,web,app_store,0.5761,0,0,5.93
5019,treatment,35-44,android,app_store,0.5946,1,0,15.6
5020,treatment,25-34,ios,website,0.5468,0,0,1.16
5021,treatment,45+,android,google_play,0.5799,1,0,7.94
5022,treatment,45+,ios,app_store,0.4455,1,0,28.29
5023,treatment,35-44,web,app_store,0.561,1,0,22.34
5024,treatment,35-44,android,referral,0.6159,1,1,10.04
5025,treatment,45+,android,google_play,0.4335,0,0,0.0
5026,treatment,35-44,android,referral,0.7277,0,0,1.18
5027,treatment,35-44,android,referral,0.6415,0,1,5.3
5028,treatment,18-24,android,app_store,0.4179,1,0,17.23
5029,treatment,35-44,ios,referral,0.6887,0,1,0.21
5030,treatment,25-34,android,google_play,0.6808,0,0,3.21
5031,treatment,18-24,ios,website,0.4584,1,0,25.61
5032,treatment,35-44,ios,google_play,0.7449,1,0,21.57
5033,treatment,25-34,ios,website,0.5866,0,0,0.0
5034,treatment,18-24,android,website,0.4921,1,0,11.69
5035,treatment,35-44,ios,app_store,0.7219,0,0,3.03
5036,treatment,18-24,ios,google_play,0.5823,1,0,18.8
5037,treatment,45+,android,app_store,0.5272,0,0,8.21
5038,treatment,45+,android,app_store,0.5034,1,0,17.94
5039,treatment,35-44,ios,google_play,0.4957,1,0,21.24
5040,treatment,25-34,android,website,0.5589,1,0,4.88
5041,treatment,35-44,android,app_store,0.6062,1,0,15.61
5042,treatment,18-24,android,app_store,0.4856,1,0,22.19
5043,treatment,35-44,web,referral,0.422,1,0,29.33
5044,treatment,25-34,ios,google_play,0.6658,1,0,9.96
5045,treatment,25-34,ios,website,0.4972,1,0,16.97
5046,treatment,18-24,android,app_store,0.4259,1,0,7.43
5047,treatment,45+,ios,website,0.3983,0,0,2.77
5048,treatment,25-34,android,website,0.3693,0,0,7.25
5049,treatment,25-34,web,app_store,0.6129,1,0,23.54
5050,treatment,25-34,ios,google_play,0.8045,0,0,3.32
5051,treatment,25-34,ios,app_store,0.5596,0,1,2.57
5052,treatment,45+,web,app_store,0.5717,0,1,12.86
5053,treatment,18-24,web,website,0.4785,1,0,16.69
5054,treatment,18-24,android,website,0.4981,0,0,1.52
5055,treatment,18-24,android,google_play,0.5207,1,0,14.62
5056,treatment,35-44,ios,google_play,0.6986,0,0,0.0
5057,treatment,35-44,android,google_play,0.4993,0,1,5.08
5058,treatment,35-44,android,google_play,0.604,1,0,21.89
5059,treatment,35-44,android,google_play,0.6868,1,0,21.68
5060,treatment,18-24,ios,app_store,0.6121,1,0,22.64
5061,treatment,45+,ios,app_store,0.5621,1,0,14.42
5062,treatment,35-44,android,referral,0.6238,1,0,17.0
5063,treatment,35-44,ios,app_store,0.5971,0,0,7.64
5064,treatment,25-34,android,google_play,0.5478,1,0,15.17
5065,treatment,35-44,web,google_play,0.4817,1,0,14.62
5066,treatment,35-44,android,website,0.5863,1,0,23.96
5067,treatment,25-34,ios,website,0.6752,1,0,13.21
5068,treatment,18-24,web,website,0.5095,0,1,0.0
5069,treatment,35-44,ios,google_play,0.6373,0,0,0.0
5070,treatment,35-44,ios,app_store,0.6739,1,0,34.21
5071,treatment,18-24,android,website,0.3065,0,0,7.12
5072,treatment,45+,android,referral,0.4854,1,0,21.72
5073,treatment,18-24,android,referral,0.5401,0,1,0.12
5074,treatment,25-34,ios,referral,0.4995,0,1,5.29
5075,treatment,25-34,web,google_play,0.5988,0,1,9.6
5076,treatment,35-44,android,app_store,0.4379,1,0,20.16
5077,treatment,18-24,ios,website,0.5713,1,0,11.36
5078,treatment,35-44,ios,website,0.6041,0,1,5.42
5079,treatment,25-34,android,app_store,0.5507,0,0,2.92
5080,treatment,18-24,ios,website,0.5769,1,0,18.82
5081,treatment,18-24,ios,referral,0.5978,1,0,12.2
5082,treatment,25-34,ios,app_store,0.644,1,0,13.43
5083,treatment,25-34,android,google_play,0.5987,0,1,1.8
5084,treatment,18-24,ios,google_play,0.4972,1,0,13.33
5085,treatment,25-34,ios,app_store,0.7315,1,0,17.65
5086,treatment,25-34,android,website,0.6257,1,0,13.9
5087,treatment,45+,ios,website,0.5303,0,0,9.39
5088,treatment,35-44,ios,app_store,0.638,1,0,20.95
5089,treatment,18-24,ios,referral,0.646,0,0,6.23
5090,treatment,25-34,ios,google_play,0.7168,1,0,17.17
5091,treatment,18-24,android,google_play,0.6783,1,0,5.97
5092,treatment,25-34,ios,website,0.5227,0,0,6.52
5093,treatment,25-34,android,referral,0.6797,0,0,3.11
5094,treatment,45+,ios,app_store,0.529,0,0,5.0
5095,treatment,25-34,android,google_play,0.4473,1,0,17.57
5096,treatment,35-44,ios,website,0.653,1,0,4.64
5097,treatment,35-44,ios,referral,0.7734,0,0,1.95
5098,treatment,25-34,ios,website,0.6438,1,0,13.04
5099,treatment,25-34,android,referral,0.5825,0,1,4.25
5100,treatment,18-24,ios,app_store,0.587,1,0,20.75
5101,treatment,35-44,android,google_play,0.6519,1,0,30.93
5102,treatment,45+,ios,google_play,0.5918,1,0,20.8
5103,treatment,25-34,web,google_play,0.6844,0,1,1.48
5104,treatment,25-34,ios,website,0.6414,1,0,15.46
5105,treatment,25-34,android,google_play,0.5297,1,0,21.09
5106,treatment,25-34,android,app_store,0.5681,0,0,6.54
5107,treatment,45+,android,website,0.4156,0,1,0.0
5108,treatment,18-24,ios,app_store,0.5689,0,1,2.61
5109,treatment,25-34,web,app_store,0.4265,0,0,2.94
5110,treatment,35-44,ios,website,0.7403,0,0,0.0
5111,treatment,25-34,web,website,0.4736,1,0,22.32
5112,treatment,18-24,android,google_play,0.4849,0,1,4.31
5113,treatment,25-34,android,google_play,0.5826,1,0,16.82
5114,treatment,35-44,ios,google_play,0.5258,1,0,19.46
5115,treatment,45+,android,app_store,0.4692,1,0,21.92
5116,treatment,45+,android,google_play,0.5195,1,0,29.6
5117,treatment,35-44,android,app_store,0.7179,1,0,21.93
5118,treatment,35-44,ios,website,0.5974,0,0,0.0
5119,treatment,35-44,android,website,0.5135,1,0,34.92
5120,treatment,25-34,web,app_store,0.4859,1,0,11.27
5121,treatment,18-24,ios,app_store,0.7271,0,0,4.9
5122,treatment,25-34,ios,app_store,0.6121,0,0,2.76
5123,treatment,25-34,android,referral,0.6026,1,0,17.29
5124,treatment,45+,android,website,0.3463,0,0,4.87
5125,treatment,35-44,ios,website,0.628,1,0,20.73
5126,treatment,45+,android,google_play,0.459,0,0,8.47
5127,treatment,25-34,android,website,0.6437,1,0,14.05
5128,treatment,18-24,android,google_play,0.5632,1,0,20.4
5129,treatment,45+,ios,app_store,0.546,0,1,5.69
5130,treatment,25-34,ios,google_play,0.5102,0,1,11.97
5131,treatment,25-34,ios,google_play,0.6081,1,0,21.0
5132,treatment,18-24,ios,google_play,0.5489,0,1,0.0
5133,treatment,45+,android,app_store,0.5058,0,0,8.45
5134,treatment,18-24,android,google_play,0.3684,1,0,15.34
5135,treatment,45+,android,google_play,0.4332,1,0,12.83
5136,treatment,18-24,ios,app_store,0.5163,0,0,8.28
5137,treatment,18-24,android,app_store,0.556,1,1,18.8
5138,treatment,35-44,web,website,0.4016,0,0,2.78
5139,treatment,25-34,android,google_play,0.6865,1,0,28.12
5140,treatment,25-34,android,google_play,0.6754,1,0,14.92
5141,treatment,35-44,ios,referral,0.5764,0,0,1.63
5142,treatment,25-34,android,google_play,0.7735,0,1,5.29
5143,treatment,25-34,android,google_play,0.5951,1,0,4.46
5144,treatment,18-24,android,app_store,0.5073,1,0,18.97
5145,treatment,25-34,ios,google_play,0.6635,1,0,18.48
5146,treatment,18-24,android,app_store,0.5494,1,0,12.88
5147,treatment,35-44,android,referral,0.6254,0,1,3.44
5148,treatment,35-44,android,referral,0.5292,1,0,19.56
5149,treatment,25-34,ios,google_play,0.581,1,1,17.74
5150,treatment,25-34,ios,app_store,0.6346,0,0,6.44
5151,treatment,35-44,android,app_store,0.6527,0,0,4.47
5152,treatment,35-44,web,website,0.6712,1,0,16.98
5153,treatment,25-34,android,referral,0.5594,1,0,22.21
5154,treatment,35-44,web,google_play,0.6123,0,0,4.47
5155,treatment,18-24,web,referral,0.5032,0,1,14.31
5156,treatment,25-34,ios,app_store,0.6935,0,0,7.18
5157,treatment,18-24,android,website,0.4511,0,0,1.59
5158,treatment,45+,web,app_store,0.459,0,0,0.0
5159,treatment,25-34,android,google_play,0.581,0,0,1.06
5160,treatment,35-44,android,website,0.4122,0,1,0.0
5161,treatment,25-34,web,website,0.5793,0,1,5.89
5162,treatment,18-24,android,website,0.4512,0,0,2.45
5163,treatment,18-24,ios,app_store,0.7774,0,1,0.73
5164,treatment,25-34,ios,app_store,0.5565,1,0,21.59
5165,treatment,35-44,web,website,0.5346,1,0,15.78
5166,treatment,35-44,ios,google_play,0.7174,1,0,20.36
5167,treatment,18-24,web,referral,0.6186,0,1,2.54
5168,treatment,25-34,android,website,0.6089,1,1,18.46
5169,treatment,25-34,ios,google_play,0.5936,1,0,25.74
5170,treatment,35-44,ios,google_play,0.5442,1,1,23.49
5171,treatment,25-34,android,website,0.7395,1,0,26.6
5172,treatment,45+,android,app_store,0.5373,0,0,4.74
5173,treatment,25-34,android,google_play,0.5941,0,0,0.0
5174,treatment,25-34,android,app_store,0.6305,1,0,13.89
5175,treatment,35-44,ios,app_store,0.5217,0,1,0.0
5176,treatment,35-44,android,website,0.5095,1,0,23.51
5177,treatment,25-34,ios,google_play,0.5326,1,0,18.09
5178,treatment,18-24,web,referral,0.5694,1,0,25.56
5179,treatment,18-24,ios,referral,0.4758,1,0,24.23
5180,treatment,25-34,ios,website,0.6199,0,1,3.05
5181,treatment,35-44,ios,website,0.6807,1,0,28.47
5182,treatment,35-44,web,app_store,0.6877,1,1,23.76
5183,treatment,25-34,ios,app_store,0.6412,1,0,18.49
5184,treatment,18-24,android,website,0.4914,0,1,5.07
5185,treatment,35-44,ios,google_play,0.6026,1,0,26.48
5186,treatment,35-44,ios,google_play,0.6719,0,0,5.11
5187,treatment,35-44,ios,referral,0.6472,0,0,1.1
5188,treatment,35-44,android,website,0.3964,0,0,0.0
5189,treatment,25-34,ios,app_store,0.5567,0,0,2.55
5190,treatment,35-44,web,website,0.6194,1,0,13.92
5191,treatment,25-34,web,website,0.4459,1,0,19.23
5192,treatment,35-44,android,referral,0.5244,0,1,1.65
5193,treatment,25-34,ios,website,0.55,0,0,2.12
5194,treatment,35-44,android,app_store,0.4125,1,0,25.28
5195,treatment,18-24,ios,website,0.5744,0,0,9.46
5196,treatment,25-34,android,website,0.5773,0,0,0.7
5197,treatment,25-34,web,google_play,0.6618,1,0,15.85
5198,treatment,35-44,ios,website,0.6037,1,0,16.62
5199,treatment,35-44,android,google_play,0.5278,1,0,19.88
5200,treatment,25-34,android,referral,0.4976,1,0,20.06
5201,treatment,18-24,ios,referral,0.6301,0,0,1.67
5202,treatment,18-24,ios,app_store,0.6132,1,0,21.06
5203,treatment,35-44,ios,google_play,0.5467,1,0,15.23
5204,treatment,25-34,ios,app_store,0.5059,0,1,2.16
5205,treatment,35-44,ios,google_play,0.6345,1,0,12.55
5206,treatment,35-44,android,app_store,0.5969,1,0,24.21
5207,treatment,35-44,android,google_play,0.6708,1,0,23.45
5208,treatment,25-34,android,app_store,0.619,0,0,4.75
5209,treatment,35-44,android,website,0.5396,1,0,21.98
5210,treatment,25-34,ios,app_store,0.6888,0,1,7.49
5211,treatment,35-44,android,app_store,0.558,1,0,22.51
5212,treatment,35-44,ios,app_store,0.6013,1,0,22.37
5213,treatment,45+,android,google_play,0.5739,1,0,15.43
5214,treatment,25-34,android,app_store,0.6426,1,0,8.98
5215,treatment,35-44,android,referral,0.6947,0,0,0.65
5216,treatment,35-44,android,google_play,0.5816,1,0,31.17
5217,treatment,45+,android,referral,0.5317,1,0,16.58
5218,treatment,18-24,web,app_store,0.4567,0,0,9.26
5219,treatment,35-44,android,app_store,0.658,1,0,21.25
5220,treatment,25-34,ios,website,0.5187,0,0,3.39
5221,treatment,45+,web,google_play,0.3563,0,0,0.25
5222,treatment,35-44,android,app_store,0.5507,1,0,13.78
5223,treatment,35-44,ios,app_store,0.5575,0,1,3.03
5224,treatment,25-34,ios,referral,0.4194,1,0,17.19
5225,treatment,35-44,android,app_store,0.5401,1,0,21.28
5226,treatment,35-44,android,google_play,0.6586,1,1,13.93
5227,treatment,25-34,ios,referral,0.6691,0,1,1.19
5228,treatment,35-44,android,website,0.5789,1,0,23.23
5229,treatment,25-34,android,website,0.6401,1,0,29.39
5230,treatment,25-34,android,google_play,0.5297,0,0,3.81
5231,treatment,35-44,android,website,0.4544,1,0,20.66
5232,treatment,18-24,web,google_play,0.5755,1,0,17.12
5233,treatment,35-44,web,app_store,0.6246,0,1,3.27
5234,treatment,25-34,web,google_play,0.4847,1,0,16.73
5235,treatment,35-44,android,referral,0.6019,1,0,15.9
5236,treatment,18-24,web,google_play,0.5791,1,0,21.33
5237,treatment,35-44,ios,google_play,0.658,1,0,21.7
5238,treatment,35-44,ios,google_play,0.6946,0,0,2.62
5239,treatment,35-44,ios,website,0.5322,1,0,14.55
5240,treatment,25-34,ios,website,0.4525,0,0,1.78
5241,treatment,35-44,android,google_play,0.5229,1,0,21.91
5242,treatment,25-34,ios,app_store,0.6751,0,0,0.61
5243,treatment,25-34,ios,app_store,0.6889,1,0,11.9
5244,treatment,18-24,android,google_play,0.5126,0,1,4.52
5245,treatment,25-34,android,website,0.647,0,0,3.26
5246,treatment,35-44,ios,google_play,0.623,1,0,17.17
5247,treatment,25-34,ios,google_play,0.575,0,1,6.5
5248,treatment,35-44,ios,google_play,0.5231,1,0,17.69
5249,treatment,35-44,ios,google_play,0.6299,1,0,14.07
5250,treatment,25-34,ios,website,0.6508,1,0,19.02
5251,treatment,18-24,android,website,0.5775,1,0,14.09
5252,treatment,25-34,ios,website,0.6515,0,1,6.69
5253,treatment,25-34,android,app_store,0.606,1,0,18.13
5254,treatment,18-24,ios,website,0.6437,0,0,0.0
5255,treatment,35-44,android,app_store,0.5085,0,0,4.06
5256,treatment,45+,web,app_store,0.6008,1,0,13.23
5257,treatment,18-24,android,website,0.4985,0,0,7.2
5258,treatment,25-34,ios,app_store,0.6228,0,0,3.14
5259,treatment,35-44,android,app_store,0.4722,1,0,21.78
5260,treatment,45+,android,app_store,0.5233,1,0,14.29
5261,treatment,45+,ios,website,0.5883,0,1,2.8
5262,treatment,45+,android,app_store,0.3257,1,0,20.49
5263,treatment,25-34,android,website,0.5896,1,0,17.06
5264,treatment,45+,ios,google_play,0.3632,0,1,0.29
5265,treatment,25-34,android,google_play,0.4626,1,0,22.31
5266,treatment,18-24,android,google_play,0.5185,0,0,4.52
5267,treatment,35-44,android,website,0.6726,0,0,0.0
5268,treatment,35-44,android,website,0.5358,1,1,15.82
5269,treatment,35-44,android,app_store,0.6236,1,0,13.08
5270,treatment,35-44,android,website,0.4732,1,0,15.09
5271,treatment,35-44,ios,google_play,0.6205,0,0,1.87
5272,treatment,25-34,ios,referral,0.6316,1,0,16.58
5273,treatment,25-34,android,google_play,0.7063,1,0,9.49
5274,treatment,35-44,ios,app_store,0.5662,0,1,2.0
5275,treatment,25-34,android,website,0.4733,1,0,23.78
5276,treatment,18-24,android,app_store,0.6021,1,0,28.34
5277,treatment,25-34,ios,website,0.5463,0,0,0.0
5278,treatment,35-44,ios,google_play,0.6451,1,0,24.47
5279,treatment,45+,android,app_store,0.5308,1,0,31.42
5280,treatment,35-44,android,app_store,0.5351,1,0,16.82
5281,treatment,35-44,ios,app_store,0.4618,1,0,21.06
5282,treatment,35-44,android,app_store,0.672,0,1,7.15
5283,treatment,25-34,ios,google_play,0.6253,1,0,15.39
5284,treatment,35-44,ios,website,0.4838,1,0,23.7
5285,treatment,35-44,android,app_store,0.6482,1,0,16.85
5286,treatment,45+,ios,app_store,0.6967,0,1,6.95
5287,treatment,18-24,web,website,0.5814,1,0,27.1
5288,treatment,45+,web,app_store,0.6725,0,0,8.03
5289,treatment,35-44,android,website,0.4478,1,0,16.12
5290,treatment,18-24,web,app_store,0.546,0,1,5.65
5291,treatment,25-34,android,website,0.5544,1,0,15.19
5292,treatment,18-24,android,website,0.4667,1,0,11.16
5293,treatment,35-44,android,app_store,0.5598,1,0,16.67
5294,treatment,25-34,android,google_play,0.3392,1,0,22.91
5295,treatment,35-44,android,google_play,0.7314,1,0,16.37
5296,treatment,35-44,android,app_store,0.4567,1,0,26.73
5297,treatment,35-44,ios,google_play,0.7083,1,0,18.47
5298,treatment,25-34,ios,website,0.5669,0,0,0.0
5299,treatment,45+,ios,website,0.4936,1,0,16.36
5300,treatment,45+,ios,app_store,0.5196,0,0,1.2
5301,treatment,35-44,android,website,0.5619,1,0,25.91
5302,treatment,25-34,ios,app_store,0.6573,0,0,5.32
5303,treatment,45+,ios,app_store,0.6121,0,1,3.28
5304,treatment,35-44,android,app_store,0.5759,1,0,22.47
5305,treatment,45+,web,google_play,0.4196,1,0,13.36
5306,treatment,18-24,ios,app_store,0.4568,1,0,11.19
5307,treatment,35-44,ios,app_store,0.7091,0,0,0.0
5308,treatment,25-34,ios,google_play,0.5943,1,0,7.03
5309,treatment,25-34,ios,referral,0.554,1,0,11.63
5310,treatment,35-44,ios,website,0.5267,1,0,21.39
5311,treatment,25-34,ios,referral,0.6285,1,0,22.38
5312,treatment,25-34,android,app_store,0.4633,1,0,12.79
5313,treatment,25-34,android,referral,0.5935,1,0,5.95
5314,treatment,25-34,android,app_store,0.6662,1,0,15.57
5315,treatment,35-44,web,app_store,0.5865,1,0,21.0
5316,treatment,18-24,android,app_store,0.3746,0,1,6.5
5317,treatment,25-34,android,google_play,0.6454,0,0,4.38
5318,treatment,35-44,android,app_store,0.6748,0,0,0.0
5319,treatment,45+,ios,website,0.589,1,0,22.37
5320,treatment,25-34,web,website,0.5407,1,0,20.37
5321,treatment,25-34,ios,app_store,0.7925,1,0,22.44
5322,treatment,45+,android,website,0.5149,0,0,0.29
5323,treatment,45+,ios,app_store,0.7752,1,0,21.08
5324,treatment,35-44,web,app_store,0.7041,0,0,6.63
5325,treatment,25-34,ios,app_store,0.7019,1,0,9.89
5326,treatment,25-34,ios,app_store,0.5562,1,0,14.31
5327,treatment,35-44,ios,app_store,0.5502,1,0,8.87
5328,treatment,35-44,ios,app_store,0.6352,1,0,13.13
5329,treatment,45+,web,google_play,0.5006,0,1,3.13
5330,treatment,18-24,ios,referral,0.543,0,1,0.0
5331,treatment,25-34,ios,referral,0.6256,0,1,7.5
5332,treatment,45+,android,referral,0.5102,1,0,24.76
5333,treatment,45+,android,app_store,0.4448,0,1,3.03
5334,treatment,35-44,android,app_store,0.6386,0,1,1.14
5335,treatment,18-24,ios,google_play,0.5059,1,0,17.74
5336,treatment,35-44,web,website,0.5525,1,0,26.75
5337,treatment,25-34,android,app_store,0.4688,0,0,5.75
5338,treatment,25-34,android,website,0.534,1,0,7.2
5339,treatment,25-34,ios,referral,0.6521,1,0,4.48
5340,treatment,25-34,android,google_play,0.4991,0,0,0.24
5341,treatment,25-34,android,referral,0.6016,0,0,3.34
5342,treatment,18-24,ios,app_store,0.5482,1,1,7.79
5343,treatment,25-34,android,google_play,0.5391,0,1,2.76
5344,treatment,18-24,ios,app_store,0.5199,1,0,7.94
5345,treatment,25-34,ios,google_play,0.6518,0,0,3.53
5346,treatment,45+,ios,app_store,0.5383,1,0,19.31
5347,treatment,35-44,android,google_play,0.6726,0,0,9.64
5348,treatment,18-24,android,app_store,0.4331,0,0,3.02
5349,treatment,35-44,android,google_play,0.581,1,0,15.87
5350,treatment,18-24,ios,website,0.4668,1,0,26.0
5351,treatment,25-34,android,google_play,0.5808,1,0,21.92
5352,treatment,25-34,ios,google_play,0.6375,1,0,18.26
5353,treatment,45+,ios,referral,0.4714,1,0,16.17
5354,treatment,18-24,ios,referral,0.6334,1,0,28.21
5355,treatment,45+,ios,referral,0.739,0,1,0.86
5356,treatment,35-44,android,app_store,0.5996,1,0,9.14
5357,treatment,25-34,android,google_play,0.5066,1,0,16.85
5358,treatment,45+,android,website,0.4326,0,1,2.36
5359,treatment,25-34,ios,referral,0.6101,1,0,25.23
5360,treatment,35-44,ios,app_store,0.5726,1,0,18.93
5361,treatment,35-44,android,referral,0.6738,1,0,23.49
5362,treatment,25-34,ios,google_play,0.4701,1,1,2.64
5363,treatment,18-24,android,website,0.4978,1,0,15.99
5364,treatment,45+,ios,google_play,0.6492,1,0,26.85
5365,treatment,25-34,android,app_store,0.6641,1,0,11.53
5366,treatment,45+,android,app_store,0.578,1,0,16.32
5367,treatment,25-34,ios,app_store,0.5532,0,0,6.52
5368,treatment,25-34,ios,website,0.6826,1,0,14.97
5369,treatment,25-34,ios,google_play,0.6453,1,0,22.69
5370,treatment,25-34,ios,google_play,0.7299,1,0,14.38
5371,treatment,45+,android,website,0.5425,0,0,3.37
5372,treatment,25-34,android,google_play,0.6012,0,1,5.92
5373,treatment,35-44,ios,app_store,0.6064,1,0,11.45
5374,treatment,25-34,android,app_store,0.7551,1,0,13.12
5375,treatment,18-24,ios,google_play,0.4236,0,0,6.79
5376,treatment,25-34,ios,google_play,0.6021,1,0,13.27
5377,treatment,35-44,android,referral,0.5036,1,0,18.76
5378,treatment,35-44,android,referral,0.6254,0,0,7.01
5379,treatment,25-34,ios,google_play,0.6445,1,0,18.55
5380,treatment,45+,android,app_store,0.4446,1,0,19.64
5381,treatment,25-34,ios,website,0.5206,1,0,27.3
5382,treatment,35-44,android,app_store,0.4804,0,1,11.78
5383,treatment,18-24,android,google_play,0.5622,1,0,18.82
5384,treatment,35-44,ios,referral,0.6187,1,1,15.46
5385,treatment,25-34,android,referral,0.6298,1,0,23.0
5386,treatment,25-34,ios,referral,0.5941,1,0,13.34
5387,treatment,35-44,android,app_store,0.6058,1,0,25.88
5388,treatment,35-44,android,google_play,0.6552,1,0,14.72
5389,treatment,25-34,ios,website,0.6043,0,0,1.98
5390,treatment,35-44,ios,app_store,0.6429,0,1,0.0
5391,treatment,25-34,android,website,0.5177,0,1,0.44
5392,treatment,18-24,ios,google_play,0.6042,0,0,7.75
5393,treatment,35-44,android,referral,0.5678,1,0,20.05
5394,treatment,45+,ios,google_play,0.5304,1,0,17.68
5395,treatment,18-24,ios,app_store,0.5837,1,0,30.3
5396,treatment,35-44,web,referral,0.749,1,0,18.71
5397,treatment,35-44,ios,website,0.537,1,0,17.89
5398,treatment,35-44,ios,google_play,0.5652,1,0,11.32
5399,treatment,25-34,web,referral,0.6288,1,1,13.15
5400,treatment,25-34,ios,website,0.6626,1,1,12.39
5401,treatment,18-24,ios,google_play,0.6309,1,0,13.89
5402,treatment,25-34,android,google_play,0.5777,0,0,1.82
5403,treatment,35-44,ios,website,0.6841,1,1,16.29
5404,treatment,25-34,ios,google_play,0.4712,1,0,22.2
5405,treatment,25-34,web,website,0.6169,0,0,3.41
5406,treatment,35-44,ios,referral,0.6309,1,0,28.73
5407,treatment,25-34,android,app_store,0.6164,1,0,21.78
5408,treatment,35-44,android,website,0.6266,0,0,0.96
5409,treatment,35-44,android,website,0.5615,0,0,5.13
5410,treatment,35-44,ios,app_store,0.6316,1,0,18.91
5411,treatment,25-34,ios,website,0.5347,1,0,26.38
5412,treatment,25-34,android,website,0.6613,0,0,6.46
5413,treatment,25-34,android,google_play,0.6036,1,0,18.41
5414,treatment,35-44,android,app_store,0.6038,1,0,28.49
5415,treatment,35-44,ios,app_store,0.7468,1,0,21.34
5416,treatment,35-44,android,app_store,0.5458,1,0,21.61
5417,treatment,25-34,android,google_play,0.556,1,0,27.02
5418,treatment,35-44,ios,website,0.661,0,0,6.58
5419,treatment,25-34,android,google_play,0.7179,1,0,19.3
5420,treatment,25-34,ios,google_play,0.6196,1,0,17.53
5421,treatment,18-24,ios,google_play,0.5969,0,0,0.0
5422,treatment,35-44,android,website,0.4189,0,0,0.0
5423,treatment,35-44,ios,referral,0.7586,1,0,17.3
5424,treatment,35-44,ios,website,0.4993,1,0,14.67
5425,treatment,35-44,android,website,0.5028,1,0,18.11
5426,treatment,45+,android,app_store,0.5111,1,0,24.1
5427,treatment,35-44,android,referral,0.5641,1,0,13.36
5428,treatment,35-44,android,referral,0.4608,1,0,8.54
5429,treatment,18-24,android,referral,0.4471,1,0,10.21
5430,treatment,35-44,web,website,0.5639,1,0,12.09
5431,treatment,35-44,android,google_play,0.7157,0,0,0.0
5432,treatment,25-34,web,google_play,0.6993,0,0,3.66
5433,treatment,18-24,ios,google_play,0.5966,1,0,27.23
5434,treatment,25-34,ios,google_play,0.6285,1,0,21.69
5435,treatment,18-24,ios,google_play,0.6298,0,0,5.98
5436,treatment,35-44,ios,referral,0.7621,1,0,19.31
5437,treatment,25-34,web,google_play,0.5954,1,0,10.57
5438,treatment,45+,android,google_play,0.5181,1,0,31.44
5439,treatment,25-34,android,website,0.5423,1,0,16.09
5440,treatment,35-44,android,app_store,0.6668,0,0,6.29
5441,treatment,35-44,android,app_store,0.4765,1,0,4.57
5442,treatment,35-44,android,website,0.5473,1,0,17.47
5443,treatment,25-34,ios,google_play,0.648,0,1,2.88
5444,treatment,25-34,android,app_store,0.4145,1,0,16.4
5445,treatment,18-24,ios,google_play,0.6394,1,0,9.59
5446,treatment,35-44,ios,app_store,0.7121,1,0,19.19
5447,treatment,25-34,android,app_store,0.4103,0,0,7.89
5448,treatment,25-34,android,google_play,0.5429,0,0,11.06
5449,treatment,45+,ios,referral,0.5356,1,0,27.89
5450,treatment,35-44,android,app_store,0.5149,0,0,8.05
5451,treatment,25-34,android,google_play,0.5159,1,0,28.25
5452,treatment,25-34,android,google_play,0.5342,1,0,28.96
5453,treatment,35-44,android,website,0.5948,1,0,12.46
5454,treatment,45+,ios,google_play,0.6458,1,0,19.51
5455,treatment,35-44,android,website,0.5901,0,0,0.0
5456,treatment,25-34,android,referral,0.5229,1,0,21.23
5457,treatment,45+,ios,app_store,0.5993,1,0,16.52
5458,treatment,18-24,ios,website,0.5643,0,0,2.94
5459,treatment,25-34,android,app_store,0.3314,1,0,16.36
5460,treatment,18-24,android,website,0.5752,0,0,0.0
5461,treatment,25-34,android,website,0.5367,1,0,6.55
5462,treatment,25-34,ios,google_play,0.6297,1,0,23.14
5463,treatment,25-34,android,google_play,0.4366,1,0,13.96
5464,treatment,18-24,ios,google_play,0.6951,1,0,24.14
5465,treatment,18-24,android,app_store,0.543,1,0,17.03
5466,treatment,45+,ios,google_play,0.608,1,0,8.48
5467,treatment,35-44,android,website,0.4401,0,1,0.0
5468,treatment,35-44,android,google_play,0.6369,0,1,1.08
5469,treatment,35-44,web,google_play,0.6485,1,0,12.43
5470,treatment,35-44,ios,google_play,0.6236,0,1,3.18
5471,treatment,18-24,ios,website,0.4125,0,0,4.41
5472,treatment,45+,android,google_play,0.5011,0,0,4.72
5473,treatment,25-34,ios,google_play,0.5396,1,0,19.37
5474,treatment,25-34,ios,referral,0.5801,1,0,23.3
5475,treatment,45+,android,app_store,0.5888,1,0,24.02
5476,treatment,25-34,android,app_store,0.5729,0,0,0.15
5477,treatment,25-34,ios,referral,0.6295,0,1,0.0
5478,treatment,45+,ios,website,0.402,0,1,1.06
5479,treatment,25-34,ios,google_play,0.6123,0,0,3.8
5480,treatment,25-34,android,app_store,0.554,1,0,14.85
5481,treatment,45+,web,google_play,0.4375,1,0,21.8
5482,treatment,45+,web,website,0.5528,1,0,10.01
5483,treatment,45+,ios,google_play,0.629,1,0,27.48
5484,treatment,25-34,android,website,0.464,0,0,6.32
5485,treatment,35-44,android,app_store,0.6177,1,0,15.69
5486,treatment,35-44,ios,google_play,0.4878,0,0,0.75
5487,treatment,35-44,ios,app_store,0.6515,1,0,17.09
5488,treatment,18-24,ios,google_play,0.6285,0,0,7.63
5489,treatment,35-44,android,referral,0.5262,1,0,15.61
5490,treatment,25-34,web,app_store,0.5772,1,0,14.51
5491,treatment,45+,android,website,0.4662,0,0,3.48
5492,treatment,35-44,web,google_play,0.8371,1,0,10.47
5493,treatment,35-44,ios,google_play,0.8425,1,0,24.45
5494,treatment,25-34,ios,app_store,0.6318,1,0,21.73
5495,treatment,25-34,android,google_play,0.5229,0,0,6.76
5496,treatment,25-34,android,referral,0.6156,1,0,26.31
5497,treatment,35-44,web,app_store,0.6861,1,0,13.26
5498,treatment,35-44,ios,app_store,0.4921,0,1,3.56
5499,treatment,18-24,ios,app_store,0.3887,0,1,3.16
5500,treatment,25-34,ios,google_play,0.5243,1,0,27.51
5501,treatment,25-34,android,app_store,0.627,1,1,15.51
5502,treatment,25-34,ios,referral,0.7017,1,1,7.26
5503,treatment,25-34,android,website,0.5614,1,0,15.24
5504,treatment,18-24,android,website,0.5649,1,0,23.32
5505,treatment,25-34,android,app_store,0.5515,1,0,21.2
5506,treatment,35-44,ios,google_play,0.6143,0,0,3.16
5507,treatment,25-34,android,website,0.5568,0,0,2.13
5508,treatment,18-24,web,google_play,0.6729,0,0,4.73
5509,treatment,35-44,ios,website,0.6189,1,0,21.4
5510,treatment,25-34,web,website,0.5283,0,1,4.28
5511,treatment,18-24,ios,referral,0.6182,1,0,15.91
5512,treatment,18-24,android,google_play,0.6398,0,0,3.39
5513,treatment,25-34,web,website,0.5072,1,0,14.72
5514,treatment,35-44,android,app_store,0.5502,1,0,24.2
5515,treatment,18-24,web,google_play,0.4981,0,0,3.03
5516,treatment,45+,android,website,0.5212,1,0,12.39
5517,treatment,25-34,ios,google_play,0.5537,1,0,31.56
5518,treatment,35-44,ios,app_store,0.6773,0,1,0.88
5519,treatment,45+,ios,google_play,0.4283,1,0,12.64
5520,treatment,25-34,ios,app_store,0.5852,0,0,0.0
5521,treatment,35-44,android,google_play,0.5913,1,0,13.88
5522,treatment,25-34,android,app_store,0.709,1,0,22.48
5523,treatment,18-24,android,google_play,0.6036,1,0,8.51
5524,treatment,35-44,web,google_play,0.5775,1,0,18.97
5525,treatment,18-24,ios,app_store,0.5145,1,0,14.5
5526,treatment,45+,android,website,0.4021,0,0,0.58
5527,treatment,35-44,android,google_play,0.5062,0,0,0.0
5528,treatment,35-44,ios,google_play,0.7653,1,0,17.73
5529,treatment,35-44,web,referral,0.5655,1,0,7.72
5530,treatment,35-44,web,referral,0.7637,1,0,16.32
5531,treatment,18-24,android,google_play,0.5339,0,0,4.73
5532,treatment,35-44,ios,google_play,0.6294,1,0,4.45
5533,treatment,18-24,android,google_play,0.5338,1,0,22.16
5534,treatment,18-24,ios,google_play,0.6628,0,0,0.0
5535,treatment,25-34,ios,app_store,0.5376,1,0,28.9
5536,treatment,25-34,android,app_store,0.6067,0,0,2.8
5537,treatment,18-24,ios,referral,0.5829,0,0,0.39
5538,treatment,35-44,android,app_store,0.6183,1,0,19.23
5539,treatment,35-44,ios,google_play,0.6196,1,0,12.59
5540,treatment,45+,android,app_store,0.4671,1,1,3.42
5541,treatment,35-44,android,app_store,0.628,1,0,24.83
5542,treatment,35-44,android,app_store,0.4756,1,0,15.92
5543,treatment,45+,android,google_play,0.6175,1,0,18.45
5544,treatment,35-44,ios,google_play,0.6446,0,0,2.9
5545,treatment,18-24,ios,referral,0.542,0,0,0.51
5546,treatment,18-24,web,website,0.5155,0,0,0.0
5547,treatment,25-34,android,website,0.4704,1,0,22.38
5548,treatment,25-34,ios,google_play,0.6223,1,0,21.07
5549,treatment,45+,web,app_store,0.5128,1,0,17.74
5550,treatment,25-34,ios,website,0.6667,1,0,24.13
5551,treatment,45+,ios,google_play,0.5683,0,0,3.23
5552,treatment,25-34,web,website,0.4464,1,0,24.71
5553,treatment,45+,ios,app_store,0.5825,1,0,26.86
5554,treatment,18-24,android,google_play,0.5837,1,0,24.5
5555,treatment,25-34,android,google_play,0.447,0,0,4.98
5556,treatment,45+,android,app_store,0.4009,1,0,11.94
5557,treatment,25-34,ios,website,0.7268,0,1,5.1
5558,treatment,35-44,ios,website,0.5595,1,1,15.16
5559,treatment,25-34,android,referral,0.5713,0,1,6.09
5560,treatment,35-44,android,website,0.5432,1,0,27.69
5561,treatment,35-44,android,website,0.4947,0,0,3.18
5562,treatment,35-44,ios,website,0.4442,0,0,0.0
5563,treatment,25-34,android,website,0.4362,1,0,22.21
5564,treatment,35-44,android,website,0.4949,1,0,17.95
5565,treatment,25-34,ios,app_store,0.5658,0,1,9.03
5566,treatment,35-44,android,referral,0.5544,1,0,18.32
5567,treatment,35-44,ios,google_play,0.5166,0,0,3.25
5568,treatment,18-24,android,app_store,0.4717,1,0,18.58
5569,treatment,35-44,ios,google_play,0.7252,1,0,19.85
5570,treatment,25-34,ios,website,0.5122,1,1,6.11
5571,treatment,18-24,android,website,0.4614,1,0,13.13
5572,treatment,35-44,android,app_store,0.7015,1,0,24.64
5573,treatment,35-44,web,google_play,0.551,0,1,1.15
5574,treatment,35-44,ios,website,0.8306,1,0,17.83
5575,treatment,45+,android,website,0.5274,1,0,16.63
5576,treatment,25-34,ios,app_store,0.6122,1,0,13.88
5577,treatment,45+,ios,website,0.4762,0,0,2.92
5578,treatment,35-44,ios,website,0.6934,1,0,11.87
5579,treatment,25-34,ios,app_store,0.5505,0,0,0.0
5580,treatment,35-44,android,google_play,0.5614,0,1,4.24
5581,treatment,18-24,ios,google_play,0.6946,1,0,27.67
5582,treatment,45+,android,website,0.426,1,0,22.48
5583,treatment,25-34,ios,referral,0.5987,1,0,22.61
5584,treatment,18-24,android,referral,0.493,0,0,7.3
5585,treatment,35-44,web,website,0.4014,1,0,19.23
5586,treatment,18-24,ios,google_play,0.6472,0,0,3.59
5587,treatment,18-24,ios,app_store,0.5526,0,1,0.41
5588,treatment,18-24,android,google_play,0.6116,0,0,6.34
5589,treatment,45+,android,google_play,0.4925,0,1,4.5
5590,treatment,18-24,ios,website,0.4822,0,1,1.02
5591,treatment,25-34,android,referral,0.5429,1,1,16.11
5592,treatment,25-34,web,app_store,0.6307,1,0,11.24
5593,treatment,45+,ios,google_play,0.4817,1,0,21.15
5594,treatment,45+,web,google_play,0.5468,0,0,9.06
5595,treatment,45+,android,google_play,0.509,0,0,0.0
5596,treatment,25-34,android,app_store,0.4826,1,0,24.27
5597,treatment,25-34,android,google_play,0.5401,1,0,25.25
5598,treatment,35-44,web,app_store,0.5968,1,0,11.02
5599,treatment,18-24,android,google_play,0.5012,1,0,5.6
5600,treatment,18-24,ios,referral,0.7376,1,0,18.38
5601,treatment,45+,ios,google_play,0.5648,1,0,16.96
5602,treatment,18-24,web,app_store,0.5103,1,0,16.68
5603,treatment,25-34,web,website,0.507,0,1,7.56
5604,treatment,18-24,ios,app_store,0.5377,1,0,15.89
5605,treatment,18-24,android,app_store,0.4674,1,0,32.52
5606,treatment,45+,ios,referral,0.5002,0,0,0.0
5607,treatment,18-24,ios,website,0.5639,0,1,0.38
5608,treatment,25-34,ios,google_play,0.7392,1,0,12.76
5609,treatment,25-34,android,website,0.4899,0,0,2.83
5610,treatment,25-34,ios,google_play,0.6504,1,0,26.52
5611,treatment,35-44,android,referral,0.5629,1,0,11.3
5612,treatment,35-44,ios,google_play,0.6443,0,0,0.25
5613,treatment,35-44,android,website,0.4413,1,0,14.19
5614,treatment,25-34,ios,app_store,0.5377,1,0,17.46
5615,treatment,18-24,android,app_store,0.4449,1,0,18.97
5616,treatment,25-34,android,app_store,0.5544,1,0,15.66
5617,treatment,45+,web,google_play,0.4224,1,0,10.27
5618,treatment,35-44,ios,google_play,0.4568,0,1,3.15
5619,treatment,18-24,android,google_play,0.4164,1,0,26.6
5620,treatment,35-44,ios,app_store,0.612,1,0,23.49
5621,treatment,35-44,ios,google_play,0.5726,1,0,15.26
5622,treatment,35-44,ios,app_store,0.5797,0,1,3.76
5623,treatment,35-44,android,referral,0.6372,1,0,21.0
5624,treatment,45+,ios,website,0.4303,1,0,23.31
5625,treatment,18-24,android,google_play,0.5196,1,0,27.21
5626,treatment,25-34,ios,referral,0.8069,1,0,19.61
5627,treatment,45+,ios,website,0.4655,1,0,10.96
5628,treatment,35-44,ios,google_play,0.6196,1,0,8.82
5629,treatment,35-44,android,google_play,0.6264,1,0,21.62
5630,treatment,25-34,android,app_store,0.5006,0,0,0.0
5631,treatment,25-34,web,app_store,0.5287,0,0,6.44
5632,treatment,45+,web,google_play,0.5084,0,0,1.35
5633,treatment,25-34,web,app_store,0.5915,1,0,10.71
5634,treatment,35-44,ios,website,0.5116,1,0,21.08
5635,treatment,25-34,android,app_store,0.6107,0,0,0.0
5636,treatment,45+,ios,google_play,0.6697,0,1,5.2
5637,treatment,25-34,android,google_play,0.423,1,0,19.1
5638,treatment,45+,android,app_store,0.5273,1,0,6.59
5639,treatment,25-34,android,app_store,0.5587,0,0,8.6
5640,treatment,45+,android,google_play,0.4822,0,0,8.16
5641,treatment,25-34,android,app_store,0.5921,1,0,23.71
5642,treatment,45+,android,app_store,0.6063,0,0,7.0
5643,treatment,35-44,ios,app_store,0.6466,1,0,13.63
5644,treatment,18-24,web,google_play,0.6127,0,0,7.67
5645,treatment,25-34,android,website,0.5229,1,0,22.55
5646,treatment,35-44,android,website,0.5752,0,0,0.0
5647,treatment,35-44,android,google_play,0.5525,1,0,12.21
5648,treatment,25-34,ios,website,0.569,0,0,0.77
5649,treatment,18-24,android,referral,0.5242,0,1,8.82
5650,treatment,35-44,ios,google_play,0.6445,1,0,12.21
5651,treatment,35-44,android,referral,0.4836,1,0,14.48
5652,treatment,35-44,ios,website,0.4968,0,0,0.0
5653,treatment,25-34,ios,app_store,0.701,1,0,15.13
5654,treatment,25-34,android,google_play,0.6875,1,0,24.21
5655,treatment,25-34,web,referral,0.4675,0,0,0.0
5656,treatment,18-24,ios,app_store,0.5106,0,1,5.2
5657,treatment,45+,android,app_store,0.4362,0,0,0.34
5658,treatment,25-34,ios,app_store,0.6263,1,0,29.3
5659,treatment,25-34,android,app_store,0.5593,0,0,3.91
5660,treatment,25-34,web,app_store,0.6304,1,0,17.5
5661,treatment,25-34,android,google_play,0.4679,0,1,1.41
5662,treatment,35-44,web,website,0.584,1,0,19.29
5663,treatment,35-44,ios,app_store,0.5993,1,0,9.17
5664,treatment,35-44,ios,website,0.527,1,0,18.58
5665,treatment,18-24,android,referral,0.5813,1,0,14.48
5666,treatment,45+,android,google_play,0.4862,1,0,14.22
5667,treatment,45+,web,referral,0.5279,0,1,10.92
5668,treatment,45+,ios,google_play,0.6529,1,0,26.42
5669,treatment,18-24,web,app_store,0.5317,0,0,8.76
5670,treatment,25-34,ios,app_store,0.7616,1,0,23.1
5671,treatment,45+,ios,google_play,0.3596,1,0,20.45
5672,treatment,35-44,web,referral,0.6252,1,0,26.81
5673,treatment,18-24,ios,app_store,0.4671,1,0,19.97
5674,treatment,45+,android,google_play,0.4318,0,1,5.73
5675,treatment,35-44,ios,website,0.5336,1,0,26.32
5676,treatment,35-44,android,referral,0.6898,0,0,6.44
5677,treatment,25-34,ios,referral,0.6035,1,0,20.66
5678,treatment,35-44,android,app_store,0.4947,1,0,22.77
5679,treatment,35-44,web,app_store,0.6488,0,0,3.9
5680,treatment,25-34,web,app_store,0.4814,1,0,21.05
5681,treatment,35-44,web,app_store,0.7298,0,0,5.67
5682,treatment,25-34,android,referral,0.4927,1,0,10.59
5683,treatment,18-24,ios,website,0.493,1,0,13.58
5684,treatment,45+,android,referral,0.68,1,0,22.37
5685,treatment,25-34,android,google_play,0.55,1,0,18.79
5686,treatment,18-24,ios,google_play,0.5999,0,0,3.44
5687,treatment,35-44,android,app_store,0.5772,1,0,19.76
5688,treatment,35-44,android,google_play,0.5959,1,0,6.1
5689,treatment,35-44,ios,website,0.5205,1,0,16.98
5690,treatment,25-34,ios,website,0.6023,0,0,2.92
5691,treatment,35-44,android,website,0.6522,1,0,19.08
5692,treatment,18-24,ios,website,0.3606,1,0,23.13
5693,treatment,18-24,web,app_store,0.4521,1,0,15.81
5694,treatment,25-34,android,app_store,0.5218,1,0,26.07
5695,treatment,25-34,ios,website,0.495,1,1,12.16
5696,treatment,35-44,ios,google_play,0.6874,0,1,6.0
5697,treatment,18-24,android,app_store,0.4675,0,1,1.63
5698,treatment,45+,android,app_store,0.5025,0,0,7.7
5699,treatment,45+,android,referral,0.6453,0,0,4.3
5700,treatment,18-24,ios,website,0.3724,1,0,10.76
5701,treatment,35-44,ios,google_play,0.6614,1,0,18.62
5702,treatment,35-44,android,website,0.5362,0,1,4.94
5703,treatment,25-34,android,app_store,0.5564,1,0,19.35
5704,treatment,25-34,ios,app_store,0.5336,1,1,19.97
5705,treatment,35-44,android,google_play,0.5656,0,0,2.69
5706,treatment,25-34,android,app_store,0.5654,1,0,14.65
5707,treatment,35-44,web,referral,0.6113,1,0,8.14
5708,treatment,25-34,android,app_store,0.6218,1,0,21.5
5709,treatment,18-24,ios,google_play,0.4785,0,0,5.33
5710,treatment,35-44,android,referral,0.5043,1,0,29.46
5711,treatment,25-34,android,app_store,0.4055,1,0,17.75
5712,treatment,35-44,android,google_play,0.6073,1,0,19.67
5713,treatment,35-44,web,google_play,0.6665,1,0,18.91
5714,treatment,25-34,ios,app_store,0.5121,1,1,23.2
5715,treatment,45+,android,app_store,0.395,0,0,1.65
5716,treatment,25-34,ios,website,0.7171,0,0,4.04
5717,treatment,35-44,ios,google_play,0.7382,1,0,18.16
5718,treatment,25-34,ios,app_store,0.7127,1,0,22.46
5719,treatment,18-24,ios,google_play,0.5939,1,0,31.33
5720,treatment,45+,ios,website,0.5524,1,0,19.99
5721,treatment,45+,android,website,0.433,1,0,9.33
5722,treatment,25-34,ios,referral,0.5221,0,1,0.0
5723,treatment,25-34,ios,website,0.4561,0,0,7.3
5724,treatment,35-44,ios,app_store,0.6263,0,0,0.0
5725,treatment,25-34,ios,app_store,0.68,1,0,19.9
5726,treatment,45+,ios,google_play,0.5326,0,0,0.87
5727,treatment,18-24,ios,google_play,0.6147,1,0,34.19
5728,treatment,18-24,web,google_play,0.5288,0,1,0.0
5729,treatment,18-24,ios,website,0.5404,0,0,1.12
5730,treatment,25-34,ios,app_store,0.6677,1,0,22.69
5731,treatment,45+,ios,referral,0.6725,1,1,16.61
5732,treatment,35-44,android,google_play,0.6188,1,0,13.68
5733,treatment,18-24,ios,website,0.6712,0,1,0.02
5734,treatment,18-24,ios,google_play,0.5474,1,0,14.06
5735,treatment,25-34,android,website,0.6319,1,0,12.56
5736,treatment,35-44,ios,referral,0.7026,1,0,17.92
5737,treatment,35-44,android,app_store,0.4396,0,0,10.43
5738,treatment,18-24,android,google_play,0.6391,0,0,10.92
5739,treatment,35-44,ios,website,0.5125,0,0,10.86
5740,treatment,35-44,android,referral,0.5961,0,0,3.03
5741,treatment,45+,ios,website,0.5659,0,1,6.08
5742,treatment,35-44,ios,app_store,0.5664,1,0,18.76
5743,treatment,25-34,android,website,0.5203,0,0,0.55
5744,treatment,18-24,android,website,0.5286,1,0,7.17
5745,treatment,45+,android,app_store,0.4302,1,0,7.43
5746,treatment,18-24,ios,website,0.4971,0,0,4.06
5747,treatment,25-34,ios,google_play,0.5877,1,0,9.82
5748,treatment,25-34,ios,app_store,0.6831,1,0,13.23
5749,treatment,35-44,android,app_store,0.7115,0,0,4.83
5750,treatment,35-44,ios,website,0.498,1,0,4.01
5751,treatment,35-44,web,app_store,0.6022,1,0,26.81
5752,treatment,18-24,web,app_store,0.4841,1,0,18.32
5753,treatment,35-44,ios,website,0.5885,1,0,15.74
5754,treatment,45+,android,app_store,0.6373,0,1,1.2
5755,treatment,18-24,android,app_store,0.5464,1,0,20.84
5756,treatment,18-24,ios,referral,0.541,1,0,12.21
5757,treatment,45+,android,google_play,0.3965,1,0,25.92
5758,treatment,25-34,ios,app_store,0.6859,0,0,6.62
5759,treatment,25-34,android,app_store,0.5293,1,0,13.65
5760,treatment,25-34,web,app_store,0.5139,0,1,2.79
5761,treatment,35-44,ios,website,0.6103,0,0,7.87
5762,treatment,35-44,web,google_play,0.6523,1,0,20.43
5763,treatment,35-44,web,app_store,0.5665,1,0,16.64
5764,treatment,25-34,android,referral,0.5203,0,1,0.82
5765,treatment,25-34,ios,website,0.6755,1,0,17.33
5766,treatment,25-34,ios,website,0.6207,1,0,15.52
5767,treatment,25-34,android,website,0.605,1,0,19.85
5768,treatment,35-44,android,referral,0.5874,1,0,16.12
5769,treatment,35-44,android,google_play,0.5296,1,0,12.2
5770,treatment,45+,android,app_store,0.4534,1,1,24.58
5771,treatment,18-24,ios,app_store,0.4341,0,0,5.46
5772,treatment,18-24,android,app_store,0.4892,1,1,12.01
5773,treatment,35-44,android,referral,0.562,1,0,14.46
5774,treatment,35-44,ios,website,0.5798,1,0,22.26
5775,treatment,18-24,ios,app_store,0.5599,1,0,12.97
5776,treatment,45+,android,app_store,0.5033,1,0,16.98
5777,treatment,35-44,ios,website,0.5392,1,0,16.26
5778,treatment,25-34,web,google_play,0.4909,1,0,13.66
5779,treatment,35-44,android,website,0.4306,1,0,11.63
5780,treatment,35-44,ios,referral,0.6716,1,0,17.67
5781,treatment,25-34,android,website,0.5368,1,0,12.42
5782,treatment,25-34,ios,app_store,0.4946,0,0,1.35
5783,treatment,25-34,web,website,0.6501,1,0,23.1
5784,treatment,25-34,android,google_play,0.6428,0,1,0.92
5785,treatment,35-44,ios,website,0.5043,0,1,5.15
5786,treatment,25-34,android,app_store,0.5872,1,0,23.74
5787,treatment,18-24,ios,website,0.5051,0,0,3.11
5788,treatment,35-44,ios,google_play,0.6571,1,0,21.06
5789,treatment,18-24,android,google_play,0.5398,1,0,12.86
5790,treatment,35-44,web,app_store,0.6497,1,0,22.45
5791,treatment,35-44,ios,app_store,0.7443,0,0,5.82
5792,treatment,35-44,android,website,0.5699,1,0,26.73
5793,treatment,25-34,ios,app_store,0.6486,0,1,7.72
5794,treatment,18-24,android,google_play,0.6432,1,0,19.59
5795,treatment,35-44,web,google_play,0.563,1,0,34.56
5796,treatment,18-24,android,google_play,0.4514,1,0,23.3
5797,treatment,35-44,ios,website,0.6398,1,0,25.64
5798,treatment,18-24,ios,google_play,0.4682,0,0,1.84
5799,treatment,35-44,ios,google_play,0.5714,1,0,15.79
5800,treatment,18-24,ios,app_store,0.6764,0,0,3.76
5801,treatment,18-24,android,google_play,0.3886,0,0,0.0
5802,treatment,25-34,ios,google_play,0.6402,1,0,18.23
5803,treatment,35-44,android,referral,0.5006,1,0,17.76
5804,treatment,25-34,ios,app_store,0.6388,0,0,7.44
5805,treatment,25-34,android,google_play,0.7226,1,0,25.0
5806,treatment,35-44,ios,app_store,0.545,1,0,18.73
5807,treatment,25-34,ios,app_store,0.4377,1,0,15.76
5808,treatment,35-44,ios,google_play,0.6645,0,0,9.95
5809,treatment,25-34,android,referral,0.5458,0,0,0.0
5810,treatment,18-24,ios,google_play,0.5513,0,0,0.0
5811,treatment,18-24,ios,app_store,0.5852,1,0,20.88
5812,treatment,45+,web,referral,0.581,0,0,3.25
5813,treatment,18-24,android,website,0.5218,1,0,16.16
5814,treatment,18-24,ios,google_play,0.5638,0,0,0.0
5815,treatment,25-34,ios,website,0.6009,0,0,0.34
5816,treatment,35-44,web,website,0.541,1,0,26.87
5817,treatment,25-34,android,referral,0.5697,0,1,8.21
5818,treatment,35-44,android,app_store,0.5847,1,0,22.74
5819,treatment,25-34,web,google_play,0.6322,0,0,0.56
5820,treatment,35-44,android,website,0.4942,1,0,16.0
5821,treatment,45+,ios,referral,0.5832,1,0,15.59
5822,treatment,25-34,android,website,0.4893,0,0,1.06
5823,treatment,45+,web,app_store,0.4471,0,0,1.54
5824,treatment,45+,ios,referral,0.6501,1,1,17.39
5825,treatment,18-24,android,google_play,0.5557,1,0,9.15
5826,treatment,35-44,ios,google_play,0.6664,0,0,7.75
5827,treatment,35-44,android,app_store,0.5104,0,1,3.01
5828,treatment,35-44,android,website,0.5263,1,0,14.99
5829,treatment,35-44,ios,google_play,0.6841,1,0,8.54
5830,treatment,35-44,android,referral,0.6458,1,0,22.7
5831,treatment,25-34,android,google_play,0.7812,1,0,11.75
5832,treatment,35-44,ios,app_store,0.6436,1,0,20.89
5833,treatment,18-24,android,website,0.4228,0,0,0.33
5834,treatment,35-44,web,app_store,0.5612,1,0,18.68
5835,treatment,25-34,ios,app_store,0.5375,1,0,10.31
5836,treatment,35-44,web,referral,0.5743,1,0,16.98
5837,treatment,35-44,ios,referral,0.664,0,0,3.22
5838,treatment,18-24,web,website,0.4489,1,0,18.97
5839,treatment,35-44,android,app_store,0.6929,1,0,23.3
5840,treatment,35-44,ios,website,0.6565,1,0,21.1
5841,treatment,18-24,web,google_play,0.6051,1,0,27.38
5842,treatment,25-34,ios,google_play,0.5958,0,0,0.0
5843,treatment,18-24,web,google_play,0.6091,1,0,30.55
5844,treatment,18-24,web,google_play,0.6179,1,0,23.64
5845,treatment,35-44,android,google_play,0.7237,1,0,15.35
5846,treatment,25-34,ios,google_play,0.5727,0,1,7.06
5847,treatment,35-44,android,app_store,0.5869,0,0,9.86
5848,treatment,18-24,web,website,0.4259,0,1,7.51
5849,treatment,18-24,web,referral,0.7671,1,0,12.08
5850,treatment,35-44,ios,google_play,0.6199,1,0,18.25
5851,treatment,25-34,android,referral,0.6981,1,0,22.53
5852,treatment,45+,android,website,0.4685,0,0,3.39
5853,treatment,18-24,android,website,0.5464,1,0,20.64
5854,treatment,35-44,ios,referral,0.6548,1,0,21.06
5855,treatment,35-44,web,google_play,0.6799,1,0,12.08
5856,treatment,35-44,android,website,0.5681,0,0,8.03
5857,treatment,35-44,ios,app_store,0.7624,0,0,3.83
5858,treatment,25-34,ios,referral,0.6605,0,1,3.34
5859,treatment,35-44,ios,google_play,0.5782,1,0,12.6
5860,treatment,35-44,android,website,0.5874,1,0,16.55
5861,treatment,35-44,android,google_play,0.5967,1,0,23.62
5862,treatment,18-24,android,app_store,0.4371,0,1,4.36
5863,treatment,18-24,android,app_store,0.5463,1,0,22.25
5864,treatment,25-34,android,app_store,0.5167,1,0,17.8
5865,treatment,25-34,ios,google_play,0.5971,0,1,3.82
5866,treatment,18-24,ios,app_store,0.5593,1,0,8.15
5867,treatment,18-24,android,referral,0.3838,0,0,4.91
5868,treatment,18-24,ios,website,0.4815,0,0,2.8
5869,treatment,18-24,ios,google_play,0.6399,1,0,19.9
5870,treatment,18-24,android,referral,0.5306,0,0,0.0
5871,treatment,35-44,android,google_play,0.4439,1,0,33.2
5872,treatment,45+,android,referral,0.5195,1,0,18.44
5873,treatment,25-34,ios,website,0.6046,1,0,20.77
5874,treatment,18-24,ios,website,0.4922,1,0,20.32
5875,treatment,25-34,android,app_store,0.5448,1,0,16.1
5876,treatment,35-44,android,website,0.5103,1,0,20.53
5877,treatment,45+,android,website,0.5056,0,1,7.77
5878,treatment,25-34,android,app_store,0.5002,1,0,19.07
5879,treatment,18-24,ios,app_store,0.5997,0,0,6.59
5880,treatment,25-34,ios,referral,0.6146,1,0,22.61
5881,treatment,25-34,ios,referral,0.7363,0,1,6.04
5882,treatment,18-24,ios,website,0.4772,0,0,10.16
5883,treatment,35-44,android,app_store,0.4971,1,0,20.12
5884,treatment,18-24,android,google_play,0.5755,1,0,17.54
5885,treatment,18-24,ios,app_store,0.5954,0,0,3.35
5886,treatment,35-44,ios,website,0.619,0,0,4.97
5887,treatment,35-44,ios,app_store,0.6937,1,0,9.89
5888,treatment,18-24,ios,google_play,0.4859,1,0,26.4
5889,treatment,35-44,ios,google_play,0.5729,1,0,16.54
5890,treatment,25-34,ios,website,0.6716,0,0,3.17
5891,treatment,25-34,ios,referral,0.6708,0,0,0.0
5892,treatment,18-24,web,google_play,0.4995,1,0,18.66
5893,treatment,25-34,android,app_store,0.4249,0,1,0.0
5894,treatment,18-24,android,app_store,0.4165,1,0,7.91
5895,treatment,35-44,ios,website,0.5094,1,0,13.62
5896,treatment,45+,android,app_store,0.4511,1,0,16.52
5897,treatment,18-24,android,website,0.5004,0,1,0.41
5898,treatment,25-34,ios,google_play,0.5067,1,0,19.71
5899,treatment,25-34,ios,google_play,0.5738,1,0,25.36
5900,treatment,25-34,ios,app_store,0.5049,1,0,19.31
5901,treatment,35-44,android,referral,0.5823,1,0,4.7
5902,treatment,18-24,ios,website,0.7068,0,0,3.43
5903,treatment,35-44,ios,google_play,0.7311,0,0,5.59
5904,treatment,25-34,android,google_play,0.6219,1,0,15.78
5905,treatment,35-44,android,google_play,0.5542,0,1,4.64
5906,treatment,25-34,ios,google_play,0.5298,0,0,4.45
5907,treatment,18-24,web,referral,0.5491,1,0,11.4
5908,treatment,18-24,android,google_play,0.4017,1,0,25.23
5909,treatment,35-44,android,app_store,0.6378,1,1,16.26
5910,treatment,25-34,android,referral,0.5801,0,0,2.32
5911,treatment,35-44,android,google_play,0.5938,1,0,20.71
5912,treatment,18-24,ios,app_store,0.4229,1,0,8.37
5913,treatment,18-24,android,app_store,0.52,0,0,8.06
5914,treatment,35-44,android,google_play,0.5769,1,0,12.11
5915,treatment,18-24,web,website,0.4095,0,0,10.01
5916,treatment,45+,android,referral,0.544,0,1,7.56
5917,treatment,35-44,ios,app_store,0.5941,1,0,11.94
5918,treatment,18-24,web,google_play,0.5596,0,1,4.7
5919,treatment,35-44,ios,app_store,0.6755,0,1,0.06
5920,treatment,18-24,android,google_play,0.4392,1,0,11.44
5921,treatment,45+,android,website,0.4646,1,0,3.01
5922,treatment,35-44,web,app_store,0.6031,1,0,21.81
5923,treatment,25-34,web,referral,0.7055,0,1,1.86
5924,treatment,35-44,android,app_store,0.6533,0,0,6.33
5925,treatment,18-24,ios,website,0.4881,0,0,4.31
5926,treatment,25-34,android,website,0.4919,0,0,0.0
5927,treatment,25-34,android,google_play,0.588,0,1,6.53
5928,treatment,25-34,web,website,0.4461,1,0,21.12
5929,treatment,18-24,android,website,0.3981,1,0,15.12
5930,treatment,45+,android,website,0.4186,0,0,7.01
5931,treatment,25-34,ios,google_play,0.4255,1,0,16.38
5932,treatment,45+,web,website,0.3868,1,0,13.28
5933,treatment,18-24,ios,app_store,0.5294,1,0,16.86
5934,treatment,35-44,ios,website,0.8065,1,0,15.78
5935,treatment,35-44,ios,referral,0.6045,1,0,9.1
5936,treatment,35-44,ios,website,0.6388,0,0,0.0
5937,treatment,35-44,web,website,0.5402,1,0,27.88
5938,treatment,25-34,ios,referral,0.6712,0,0,7.58
5939,treatment,35-44,ios,app_store,0.5394,1,0,26.87
5940,treatment,45+,web,website,0.3423,0,0,6.75
5941,treatment,18-24,android,referral,0.6562,1,0,15.52
5942,treatment,18-24,ios,app_store,0.4496,0,1,2.87
5943,treatment,45+,web,app_store,0.6247,0,1,1.28
5944,treatment,45+,web,app_store,0.4763,0,1,5.45
5945,treatment,25-34,android,referral,0.5298,1,0,20.84
5946,treatment,35-44,ios,referral,0.6147,1,0,15.94
5947,treatment,45+,ios,referral,0.6942,1,0,20.63
5948,treatment,25-34,ios,google_play,0.5601,1,0,24.96
5949,treatment,18-24,android,website,0.4454,1,0,17.98
5950,treatment,25-34,android,app_store,0.644,0,0,0.0
5951,treatment,25-34,android,referral,0.6339,1,0,20.74
5952,treatment,18-24,android,referral,0.7122,1,0,10.66
5953,treatment,45+,android,google_play,0.5992,0,0,0.59
5954,treatment,35-44,ios,app_store,0.5703,0,1,4.49
5955,treatment,35-44,android,referral,0.7202,0,1,5.73
5956,treatment,35-44,android,referral,0.4622,1,0,18.57
5957,treatment,25-34,ios,referral,0.6976,1,0,11.92
5958,treatment,35-44,android,google_play,0.5436,1,0,34.71
5959,treatment,35-44,web,google_play,0.6536,1,0,14.87
5960,treatment,35-44,android,google_play,0.7531,1,0,20.73
5961,treatment,18-24,ios,google_play,0.4324,1,0,14.49
5962,treatment,35-44,android,referral,0.6898,1,0,12.36
5963,treatment,25-34,web,app_store,0.6432,1,0,18.31
5964,treatment,25-34,ios,website,0.6188,1,0,15.35
5965,treatment,35-44,web,referral,0.5476,1,0,18.57
5966,treatment,45+,ios,app_store,0.5288,1,0,14.06
5967,treatment,25-34,ios,google_play,0.539,1,0,18.81
5968,treatment,18-24,android,website,0.5104,1,0,13.5
5969,treatment,45+,android,google_play,0.4017,0,1,7.38
5970,treatment,45+,android,google_play,0.471,0,0,4.57
5971,treatment,18-24,ios,website,0.5664,1,0,17.25
5972,treatment,35-44,ios,app_store,0.5674,1,0,17.9
5973,treatment,45+,ios,website,0.4643,1,0,15.74
5974,treatment,18-24,android,referral,0.4735,1,0,18.72
5975,treatment,35-44,android,app_store,0.6065,1,1,26.99
5976,treatment,18-24,ios,app_store,0.545,1,0,14.57
5977,treatment,35-44,android,app_store,0.5274,0,1,4.08
5978,treatment,18-24,android,website,0.4255,1,0,13.39
5979,treatment,35-44,web,google_play,0.6186,1,0,3.11
5980,treatment,35-44,android,google_play,0.5113,0,0,5.71
5981,treatment,18-24,ios,website,0.5125,1,0,24.47
5982,treatment,35-44,android,google_play,0.5987,1,0,20.61
5983,treatment,18-24,ios,website,0.5285,0,1,11.9
5984,treatment,18-24,ios,referral,0.5436,0,0,2.2
5985,treatment,45+,ios,google_play,0.5944,1,0,12.63
5986,treatment,45+,ios,referral,0.6429,0,0,7.76
5987,treatment,35-44,android,google_play,0.6478,1,0,25.48
5988,treatment,45+,android,google_play,0.5228,0,1,7.45
5989,treatment,18-24,android,app_store,0.4019,0,0,0.0
5990,treatment,25-34,ios,website,0.7,0,0,0.98
5991,treatment,45+,android,website,0.4607,0,0,0.0
5992,treatment,45+,ios,website,0.5209,0,0,10.6
5993,treatment,25-34,android,google_play,0.5196,0,0,0.19
5994,treatment,25-34,ios,referral,0.6188,1,0,10.76
5995,treatment,35-44,android,app_store,0.6804,0,1,3.12
5996,treatment,18-24,web,website,0.5486,1,0,18.7
5997,treatment,35-44,web,google_play,0.5811,0,0,5.9
5998,treatment,25-34,android,app_store,0.6882,1,0,17.22
5999,treatment,25-34,web,google_play,0.5053,1,0,13.92
6000,treatment,18-24,ios,app_store,0.4215,0,0,2.08
6001,treatment,35-44,android,app_store,0.4317,1,0,14.38
6002,treatment,45+,ios,google_play,0.6096,1,0,26.36
6003,treatment,25-34,android,referral,0.5403,1,1,17.96
6004,treatment,45+,ios,referral,0.5548,1,0,21.81
6005,treatment,25-34,web,referral,0.6935,0,0,2.75
6006,treatment,25-34,ios,app_store,0.6323,0,0,0.0
6007,treatment,35-44,ios,app_store,0.5311,1,0,27.86
6008,treatment,18-24,ios,app_store,0.6859,1,0,21.48
6009,treatment,25-34,ios,website,0.5427,1,0,20.33
6010,treatment,35-44,ios,referral,0.651,0,0,0.0
6011,treatment,18-24,ios,google_play,0.509,1,0,17.17
6012,treatment,45+,ios,google_play,0.4567,1,0,27.25
6013,treatment,25-34,ios,app_store,0.6244,1,0,25.77
6014,treatment,25-34,android,website,0.4107,0,0,2.72
6015,treatment,25-34,android,referral,0.5894,1,0,25.32
6016,treatment,25-34,android,website,0.6528,1,0,27.42
6017,treatment,35-44,ios,website,0.6461,0,1,2.94
6018,treatment,18-24,android,google_play,0.5422,1,0,25.91
6019,treatment,45+,android,google_play,0.4181,1,0,25.64
6020,treatment,18-24,web,google_play,0.5311,1,0,23.03
6021,treatment,25-34,web,website,0.4723,1,0,23.61
6022,treatment,35-44,ios,website,0.7014,0,0,0.36
6023,treatment,25-34,ios,app_store,0.5681,1,0,22.71
6024,treatment,25-34,ios,google_play,0.5531,1,0,17.25
6025,treatment,35-44,ios,app_store,0.6086,1,0,12.57
6026,treatment,25-34,android,app_store,0.5035,1,0,27.12
6027,treatment,25-34,ios,app_store,0.6249,1,0,17.29
6028,treatment,45+,ios,referral,0.7117,1,0,19.41
6029,treatment,18-24,android,app_store,0.5166,1,0,18.85
6030,treatment,35-44,ios,referral,0.5822,1,0,8.66
6031,treatment,25-34,android,google_play,0.5634,1,0,16.23
6032,treatment,45+,android,google_play,0.4043,1,0,22.64
6033,treatment,18-24,web,website,0.7159,0,0,3.55
6034,treatment,18-24,android,app_store,0.6601,1,0,15.88
6035,treatment,25-34,android,referral,0.6958,1,0,20.0
6036,treatment,35-44,ios,website,0.6461,1,0,24.44
6037,treatment,18-24,android,app_store,0.5028,1,0,8.19
6038,treatment,35-44,ios,referral,0.6445,1,0,17.37
6039,treatment,25-34,android,app_store,0.5484,1,0,18.12
6040,treatment,45+,web,app_store,0.6961,1,0,28.62
6041,treatment,45+,android,referral,0.5106,1,0,25.24
6042,treatment,35-44,android,google_play,0.5509,1,0,9.72
6043,treatment,35-44,ios,website,0.5776,0,0,8.32
6044,treatment,35-44,android,app_store,0.6274,1,0,17.1
6045,treatment,35-44,android,referral,0.3374,1,0,8.34
6046,treatment,18-24,android,google_play,0.5575,1,0,9.94
6047,treatment,35-44,android,app_store,0.3826,0,0,8.42
6048,treatment,35-44,ios,referral,0.7738,1,0,20.73
6049,treatment,35-44,web,website,0.4181,0,0,0.0
6050,treatment,25-34,android,website,0.4617,1,0,27.5
6051,treatment,35-44,ios,google_play,0.4826,0,1,6.06
6052,treatment,25-34,ios,website,0.7101,1,0,16.46
6053,treatment,25-34,android,app_store,0.565,1,0,19.79
6054,treatment,25-34,ios,google_play,0.7941,1,0,12.74
6055,treatment,35-44,web,google_play,0.765,1,1,29.99
6056,treatment,25-34,android,google_play,0.6759,1,0,10.88
6057,treatment,45+,android,app_store,0.3839,1,0,10.27
6058,treatment,35-44,android,website,0.5592,0,0,4.2
6059,treatment,45+,ios,app_store,0.6453,1,0,35.28
6060,treatment,45+,web,google_play,0.5471,0,0,0.0
6061,treatment,25-34,android,website,0.4964,0,0,6.43
6062,treatment,45+,android,app_store,0.5241,1,0,18.42
6063,treatment,25-34,android,google_play,0.6118,1,0,20.4
6064,treatment,18-24,ios,app_store,0.4378,1,0,24.85
6065,treatment,18-24,ios,app_store,0.5107,0,0,1.03
6066,treatment,18-24,android,website,0.5283,1,0,16.45
6067,treatment,18-24,android,google_play,0.596,0,1,1.02
6068,treatment,25-34,android,google_play,0.5955,1,0,26.41
6069,treatment,45+,web,app_store,0.4734,1,0,25.63
6070,treatment,25-34,ios,google_play,0.6006,0,1,0.0
6071,treatment,45+,android,app_store,0.4357,1,0,20.29
6072,treatment,35-44,web,app_store,0.5877,0,0,7.28
6073,treatment,45+,web,google_play,0.584,1,0,8.46
6074,treatment,35-44,android,website,0.7403,1,0,26.33
6075,treatment,45+,android,app_store,0.3997,1,0,17.61
6076,treatment,18-24,web,app_store,0.6273,0,0,1.87
6077,treatment,25-34,android,website,0.5566,1,0,26.38
6078,treatment,25-34,android,app_store,0.4379,1,0,24.78
6079,treatment,25-34,android,app_store,0.5582,0,0,0.0
6080,treatment,25-34,ios,referral,0.6214,1,0,22.33
6081,treatment,25-34,android,app_store,0.5659,0,0,5.95
6082,treatment,45+,android,website,0.5398,1,0,4.92
6083,treatment,25-34,ios,website,0.724,1,0,21.37
6084,treatment,45+,ios,google_play,0.6496,1,0,15.53
6085,treatment,18-24,android,google_play,0.543,0,0,7.56
6086,treatment,35-44,android,google_play,0.6219,1,0,12.87
6087,treatment,25-34,ios,app_store,0.7723,0,0,3.94
6088,treatment,45+,android,app_store,0.4113,0,0,1.57
6089,treatment,35-44,ios,referral,0.7554,1,0,14.19
6090,treatment,18-24,android,app_store,0.4242,1,0,4.87
6091,treatment,45+,ios,website,0.374,0,0,7.34
6092,treatment,25-34,android,google_play,0.6265,0,0,7.68
6093,treatment,45+,android,website,0.3234,1,0,18.43
6094,treatment,18-24,android,google_play,0.4946,1,1,20.22
6095,treatment,25-34,android,google_play,0.6859,1,0,13.6
6096,treatment,25-34,ios,google_play,0.5429,0,0,7.37
6097,treatment,35-44,ios,google_play,0.7797,1,0,19.48
6098,treatment,35-44,ios,website,0.4054,1,0,18.37
6099,treatment,35-44,ios,referral,0.7395,1,0,26.83
6100,treatment,18-24,android,app_store,0.4053,1,0,10.19
6101,treatment,25-34,ios,app_store,0.5905,1,0,6.35
6102,treatment,25-34,android,website,0.5433,1,0,20.67
6103,treatment,25-34,ios,app_store,0.5834,1,0,16.75
6104,treatment,25-34,ios,referral,0.6154,1,0,11.19
6105,treatment,25-34,android,app_store,0.4499,1,0,19.03
6106,treatment,35-44,ios,app_store,0.7392,1,0,20.18
6107,treatment,35-44,web,app_store,0.4976,0,1,6.67
6108,treatment,25-34,android,app_store,0.4675,1,0,11.38
6109,treatment,45+,ios,website,0.4882,1,0,15.54
6110,treatment,35-44,android,google_play,0.5403,1,0,19.79
6111,treatment,35-44,android,referral,0.6831,1,0,24.65
6112,treatment,35-44,android,google_play,0.5533,1,0,23.46
6113,treatment,25-34,android,website,0.5259,0,0,1.73
6114,treatment,45+,android,website,0.4652,0,0,5.37
6115,treatment,25-34,ios,google_play,0.6939,1,0,14.88
6116,treatment,25-34,android,referral,0.5538,0,1,2.01
6117,treatment,35-44,ios,google_play,0.5023,1,0,16.13
6118,treatment,45+,android,google_play,0.4412,0,0,1.19
6119,treatment,25-34,android,google_play,0.667,1,0,22.41
6120,treatment,35-44,ios,google_play,0.6638,0,1,6.85
6121,treatment,35-44,ios,app_store,0.5964,1,0,15.6
6122,treatment,25-34,ios,google_play,0.6209,1,0,19.04
6123,treatment,45+,ios,referral,0.5447,1,0,15.69
6124,treatment,25-34,ios,website,0.629,0,1,0.13
6125,treatment,35-44,android,referral,0.643,1,0,11.46
6126,treatment,35-44,android,website,0.5237,1,0,28.49
6127,treatment,18-24,android,website,0.5494,1,0,13.54
6128,treatment,45+,android,referral,0.6201,1,0,21.81
6129,treatment,18-24,android,google_play,0.4525,1,0,20.34
6130,treatment,35-44,ios,referral,0.5839,1,0,10.85
6131,treatment,35-44,android,google_play,0.7881,0,0,5.03
6132,treatment,35-44,ios,google_play,0.6861,1,0,19.77
6133,treatment,45+,android,google_play,0.6395,0,0,3.41
6134,treatment,35-44,web,app_store,0.6674,0,0,1.93
6135,treatment,25-34,web,app_store,0.6128,1,0,17.98
6136,treatment,35-44,web,referral,0.4551,0,0,5.2
6137,treatment,35-44,ios,google_play,0.5383,1,0,12.83
6138,treatment,25-34,web,app_store,0.628,1,0,26.62
6139,treatment,25-34,android,referral,0.5236,1,0,22.12
6140,treatment,25-34,ios,referral,0.6241,1,0,3.57
6141,treatment,45+,ios,website,0.5688,0,0,2.69
6142,treatment,35-44,ios,app_store,0.6369,1,0,30.78
6143,treatment,45+,android,app_store,0.5279,0,0,4.79
6144,treatment,25-34,ios,referral,0.747,0,1,0.89
6145,treatment,45+,web,app_store,0.625,1,0,21.84
6146,treatment,35-44,ios,app_store,0.6215,1,1,5.29
6147,treatment,25-34,android,app_store,0.6679,1,0,19.61
6148,treatment,25-34,android,website,0.4491,0,0,1.69
6149,treatment,45+,android,google_play,0.5241,0,0,3.65
6150,treatment,45+,ios,referral,0.6113,0,0,0.0
6151,treatment,25-34,ios,website,0.5576,0,1,1.95
6152,treatment,35-44,android,referral,0.5982,1,0,2.33
6153,treatment,45+,web,app_store,0.4164,1,0,14.29
6154,treatment,25-34,android,google_play,0.5732,1,0,18.73
6155,treatment,25-34,ios,website,0.4373,0,0,7.51
6156,treatment,35-44,ios,referral,0.6453,1,0,32.79
6157,treatment,18-24,ios,google_play,0.5708,1,0,13.09
6158,treatment,35-44,web,google_play,0.6656,0,1,5.32
6159,treatment,25-34,web,website,0.4419,0,1,2.29
6160,treatment,25-34,android,website,0.5532,0,0,2.42
6161,treatment,25-34,android,app_store,0.6116,1,0,18.53
6162,treatment,35-44,web,google_play,0.6042,1,0,17.05
6163,treatment,25-34,ios,google_play,0.6518,1,0,29.2
6164,treatment,25-34,android,google_play,0.5976,0,1,2.43
6165,treatment,25-34,web,app_store,0.3679,1,0,11.14
6166,treatment,18-24,ios,website,0.4422,1,0,19.1
6167,treatment,35-44,android,app_store,0.7574,1,0,11.56
6168,treatment,25-34,android,app_store,0.6185,1,0,15.79
6169,treatment,25-34,web,google_play,0.5379,1,0,24.36
6170,treatment,18-24,ios,app_store,0.5853,0,0,2.61
6171,treatment,25-34,web,website,0.5929,0,0,5.37
6172,treatment,25-34,ios,google_play,0.7393,1,0,16.74
6173,treatment,35-44,android,google_play,0.5649,1,0,19.57
6174,treatment,35-44,android,app_store,0.5383,0,1,0.99
6175,treatment,18-24,android,app_store,0.4762,1,0,22.87
6176,treatment,25-34,android,website,0.4803,0,1,0.0
6177,treatment,25-34,ios,app_store,0.5576,1,0,13.2
6178,treatment,45+,android,app_store,0.511,0,1,3.79
6179,treatment,18-24,ios,website,0.4823,1,0,22.95
6180,treatment,35-44,web,app_store,0.591,1,0,19.27
6181,treatment,45+,ios,google_play,0.6958,1,0,21.08
6182,treatment,18-24,android,app_store,0.4394,1,0,10.69
6183,treatment,25-34,android,app_store,0.5929,1,0,16.1
6184,treatment,35-44,android,referral,0.5252,0,1,4.36
6185,treatment,45+,ios,website,0.5702,0,0,3.7
6186,treatment,25-34,web,app_store,0.6655,1,0,11.51
6187,treatment,35-44,ios,app_store,0.5566,1,1,12.94
6188,treatment,35-44,android,google_play,0.5403,1,0,17.21
6189,treatment,25-34,ios,website,0.6193,1,0,22.48
6190,treatment,35-44,android,google_play,0.574,1,0,30.6
6191,treatment,25-34,ios,app_store,0.7194,0,0,0.0
6192,treatment,45+,android,referral,0.4299,1,0,18.3
6193,treatment,25-34,android,website,0.6122,1,0,11.88
6194,treatment,25-34,android,website,0.705,1,0,17.85
6195,treatment,35-44,ios,referral,0.6874,1,0,15.69
6196,treatment,18-24,android,app_store,0.465,0,1,4.97
6197,treatment,25-34,android,app_store,0.5038,0,1,0.0
6198,treatment,18-24,ios,google_play,0.553,1,0,16.01
6199,treatment,35-44,android,app_store,0.6401,1,0,18.65
6200,treatment,25-34,android,app_store,0.4465,0,1,4.24
6201,treatment,35-44,android,referral,0.5912,1,0,19.97
6202,treatment,35-44,android,referral,0.6265,0,0,4.07
6203,treatment,25-34,ios,google_play,0.7403,1,0,25.54
6204,treatment,35-44,android,website,0.6949,1,0,25.98
6205,treatment,25-34,android,app_store,0.5555,0,0,2.75
6206,treatment,25-34,web,app_store,0.4873,1,0,14.88
6207,treatment,18-24,ios,google_play,0.5772,1,0,19.2
6208,treatment,18-24,ios,website,0.5301,0,0,6.41
6209,treatment,35-44,ios,website,0.6809,1,0,18.25
6210,treatment,45+,android,website,0.4205,0,0,0.0
6211,treatment,25-34,ios,referral,0.5569,1,0,23.76
6212,treatment,18-24,ios,app_store,0.5551,1,1,20.37
6213,treatment,18-24,android,app_store,0.4888,0,0,9.83
6214,treatment,18-24,android,app_store,0.4867,0,1,0.81
6215,treatment,45+,android,referral,0.4565,0,0,4.36
6216,treatment,25-34,android,google_play,0.4756,0,1,5.06
6217,treatment,45+,android,google_play,0.5548,0,0,2.7
6218,treatment,25-34,android,referral,0.6171,1,0,12.31
6219,treatment,35-44,ios,google_play,0.5717,1,0,19.69
6220,treatment,35-44,android,google_play,0.6616,1,0,15.42
6221,treatment,18-24,ios,app_store,0.4086,1,0,18.17
6222,treatment,35-44,android,google_play,0.5634,1,0,18.25
6223,treatment,35-44,ios,website,0.6032,0,1,0.0
6224,treatment,18-24,ios,referral,0.6746,1,0,15.39
6225,treatment,18-24,android,app_store,0.4716,1,0,15.55
6226,treatment,25-34,android,website,0.6159,0,0,3.74
6227,treatment,45+,android,app_store,0.4439,1,0,20.85
6228,treatment,45+,android,website,0.5217,0,0,4.66
6229,treatment,18-24,android,app_store,0.6506,1,0,23.23
6230,treatment,35-44,ios,app_store,0.546,0,0,4.06
6231,treatment,35-44,ios,google_play,0.6481,1,0,29.99
6232,treatment,45+,android,referral,0.5692,1,0,20.34
6233,treatment,18-24,web,app_store,0.4265,0,1,0.0
6234,treatment,45+,web,app_store,0.5406,0,0,2.1
6235,treatment,35-44,android,app_store,0.5407,1,0,37.16
6236,treatment,35-44,ios,referral,0.5886,1,0,9.96
6237,treatment,18-24,android,google_play,0.4921,0,0,5.22
6238,treatment,25-34,ios,referral,0.5963,0,0,11.63
6239,treatment,25-34,ios,app_store,0.6701,1,0,10.65
6240,treatment,45+,android,google_play,0.5059,1,0,27.53
6241,treatment,35-44,android,google_play,0.7809,1,0,27.52
6242,treatment,45+,ios,app_store,0.4931,0,0,2.55
6243,treatment,25-34,android,google_play,0.6139,1,1,6.8
6244,treatment,45+,ios,google_play,0.5339,0,1,5.76
6245,treatment,45+,web,app_store,0.4039,1,0,17.59
6246,treatment,18-24,android,google_play,0.6532,1,0,17.01
6247,treatment,25-34,android,website,0.5356,1,0,22.16
6248,treatment,35-44,ios,google_play,0.5735,1,0,18.2
6249,treatment,35-44,ios,google_play,0.668,1,0,8.62
6250,treatment,25-34,ios,referral,0.7187,0,0,3.16
6251,treatment,35-44,android,website,0.4781,1,0,20.31
6252,treatment,25-34,ios,website,0.57,0,1,5.35
6253,treatment,35-44,android,app_store,0.6692,1,0,25.8
6254,treatment,45+,android,website,0.4692,0,1,0.0
6255,treatment,25-34,android,app_store,0.6103,1,0,24.19
6256,treatment,18-24,ios,app_store,0.5349,0,0,2.2
6257,treatment,35-44,web,google_play,0.4802,0,0,4.25
6258,treatment,35-44,ios,referral,0.6359,1,0,23.33
6259,treatment,25-34,ios,app_store,0.5611,1,1,13.56
6260,treatment,25-34,android,google_play,0.5673,1,0,15.82
6261,treatment,25-34,ios,app_store,0.562,1,0,21.5
6262,treatment,35-44,ios,app_store,0.6396,1,1,14.57
6263,treatment,35-44,ios,google_play,0.6083,1,0,20.1
6264,treatment,25-34,ios,app_store,0.6707,0,0,0.0
6265,treatment,25-34,android,website,0.5753,1,0,25.38
6266,treatment,25-34,android,app_store,0.492,0,1,6.28
6267,treatment,18-24,ios,google_play,0.6665,0,0,0.81
6268,treatment,18-24,android,app_store,0.4581,1,0,24.65
6269,treatment,35-44,android,app_store,0.4961,1,0,20.64
6270,treatment,35-44,web,google_play,0.6904,0,0,0.13
6271,treatment,25-34,web,google_play,0.5386,1,0,22.22
6272,treatment,45+,android,app_store,0.5038,0,0,6.13
6273,treatment,35-44,android,app_store,0.483,1,0,8.59
6274,treatment,35-44,android,app_store,0.5567,1,0,3.51
6275,treatment,45+,android,website,0.4468,1,1,15.66
6276,treatment,25-34,android,referral,0.5646,1,0,13.66
6277,treatment,35-44,android,app_store,0.5449,1,1,21.9
6278,treatment,25-34,ios,app_store,0.6093,1,0,14.09
6279,treatment,45+,android,google_play,0.5852,1,0,14.47
6280,treatment,25-34,android,website,0.4507,0,1,10.08
6281,treatment,35-44,ios,app_store,0.4238,1,0,25.65
6282,treatment,18-24,android,app_store,0.6152,0,0,0.0
6283,treatment,25-34,web,google_play,0.5333,1,0,26.2
6284,treatment,25-34,android,website,0.4801,0,0,9.21
6285,treatment,35-44,android,google_play,0.5524,0,1,3.07
6286,treatment,25-34,android,website,0.4197,0,1,2.16
6287,treatment,25-34,android,app_store,0.5344,0,0,0.0
6288,treatment,18-24,android,google_play,0.5036,0,0,0.0
6289,treatment,25-34,web,website,0.5708,0,1,3.18
6290,treatment,25-34,web,website,0.4922,1,0,15.3
6291,treatment,25-34,web,app_store,0.3807,1,0,16.07
6292,treatment,25-34,ios,google_play,0.509,0,1,4.86
6293,treatment,45+,android,app_store,0.5852,0,0,9.97
6294,treatment,25-34,web,referral,0.5388,1,0,14.59
6295,treatment,18-24,ios,app_store,0.5997,0,1,1.46
6296,treatment,35-44,android,referral,0.5589,1,0,17.33
6297,treatment,18-24,ios,referral,0.651,1,0,16.56
6298,treatment,35-44,ios,google_play,0.6439,0,1,9.68
6299,treatment,25-34,ios,referral,0.5199,1,0,16.95
6300,treatment,18-24,ios,app_store,0.4623,0,1,6.86
6301,treatment,45+,web,app_store,0.3868,0,0,12.9
6302,treatment,25-34,ios,google_play,0.689,0,0,9.83
6303,treatment,45+,web,website,0.3653,1,0,17.04
6304,treatment,25-34,ios,referral,0.6065,0,1,1.9
6305,treatment,25-34,android,google_play,0.5696,1,1,12.4
6306,treatment,25-34,ios,app_store,0.6238,0,0,3.95
6307,treatment,25-34,ios,app_store,0.5691,1,0,8.67
6308,treatment,35-44,android,google_play,0.47,1,0,31.57
6309,treatment,18-24,ios,website,0.4195,1,0,14.86
6310,treatment,25-34,android,google_play,0.4918,0,0,3.72
6311,treatment,25-34,android,referral,0.3841,0,0,4.56
6312,treatment,35-44,ios,app_store,0.6605,1,0,10.94
6313,treatment,25-34,web,google_play,0.6264,1,0,24.15
6314,treatment,25-34,android,app_store,0.4803,1,0,20.98
6315,treatment,25-34,ios,website,0.6704,1,0,16.5
6316,treatment,35-44,android,website,0.5375,1,0,20.43
6317,treatment,45+,ios,google_play,0.6138,0,0,3.29
6318,treatment,25-34,ios,google_play,0.6781,1,0,18.07
6319,treatment,25-34,web,app_store,0.5653,0,1,1.18
6320,treatment,25-34,android,referral,0.4337,1,0,18.88
6321,treatment,35-44,ios,website,0.6019,1,0,20.68
6322,treatment,25-34,web,website,0.5781,1,0,13.21
6323,treatment,18-24,android,app_store,0.4638,1,0,19.88
6324,treatment,35-44,android,app_store,0.5989,1,0,6.59
6325,treatment,18-24,ios,google_play,0.5637,0,0,8.06
6326,treatment,18-24,android,google_play,0.4497,0,0,0.0
6327,treatment,45+,ios,google_play,0.538,1,0,7.81
6328,treatment,45+,android,google_play,0.4653,1,0,15.15
6329,treatment,35-44,ios,google_play,0.666,1,0,19.54
6330,treatment,18-24,android,google_play,0.4788,0,0,2.54
6331,treatment,25-34,android,app_store,0.5091,1,0,23.06
6332,treatment,25-34,android,website,0.395,0,1,2.76
6333,treatment,35-44,web,website,0.7325,1,0,17.01
6334,treatment,35-44,ios,google_play,0.5998,0,1,3.16
6335,treatment,25-34,ios,referral,0.5456,1,0,28.51
6336,treatment,25-34,ios,referral,0.6843,1,0,15.8
6337,treatment,25-34,android,google_play,0.591,1,0,33.39
6338,treatment,35-44,android,website,0.5899,1,0,30.24
6339,treatment,25-34,ios,google_play,0.6683,1,0,11.23
6340,treatment,35-44,android,app_store,0.6738,1,0,23.92
6341,treatment,35-44,android,app_store,0.5008,0,1,1.5
6342,treatment,18-24,ios,google_play,0.5777,1,0,19.26
6343,treatment,45+,web,app_store,0.3797,1,0,8.77
6344,treatment,35-44,android,referral,0.5915,1,0,17.87
6345,treatment,35-44,android,referral,0.6697,1,0,35.13
6346,treatment,18-24,ios,google_play,0.4944,0,0,0.94
6347,treatment,18-24,ios,google_play,0.7445,1,0,23.01
6348,treatment,18-24,android,referral,0.5474,1,0,19.31
6349,treatment,25-34,ios,website,0.4212,1,0,15.39
6350,treatment,25-34,web,app_store,0.6324,1,0,25.88
6351,treatment,35-44,android,referral,0.7936,1,0,15.84
6352,treatment,25-34,android,google_play,0.3971,1,0,18.37
6353,treatment,25-34,ios,app_store,0.6632,1,0,20.03
6354,treatment,45+,android,app_store,0.4169,1,0,25.92
6355,treatment,35-44,android,website,0.5417,1,0,16.26
6356,treatment,25-34,ios,app_store,0.5013,1,0,32.17
6357,treatment,45+,ios,referral,0.6343,1,0,7.84
6358,treatment,25-34,ios,website,0.5405,0,0,1.7
6359,treatment,35-44,ios,app_store,0.7188,1,0,26.02
6360,treatment,25-34,ios,google_play,0.5336,1,1,15.18
6361,treatment,35-44,ios,google_play,0.6195,1,0,19.62
6362,treatment,35-44,web,app_store,0.4109,1,0,12.81
6363,treatment,35-44,ios,google_play,0.8438,0,0,0.0
6364,treatment,25-34,ios,referral,0.7896,1,0,15.49
6365,treatment,45+,ios,website,0.6703,0,0,6.57
6366,treatment,25-34,ios,google_play,0.7386,1,0,14.96
6367,treatment,35-44,ios,referral,0.6087,1,0,18.04
6368,treatment,18-24,android,referral,0.5425,0,1,2.04
6369,treatment,25-34,android,referral,0.6193,0,1,6.3
6370,treatment,45+,ios,app_store,0.566,1,0,8.97
6371,treatment,35-44,android,app_store,0.4984,0,1,3.44
6372,treatment,18-24,android,website,0.3843,1,0,16.49
6373,treatment,35-44,android,app_store,0.479,1,0,13.12
6374,treatment,18-24,android,google_play,0.4919,1,0,25.88
6375,treatment,25-34,ios,website,0.5404,0,1,0.0
6376,treatment,25-34,ios,referral,0.5998,1,0,20.75
6377,treatment,25-34,ios,google_play,0.6361,0,0,5.48
6378,treatment,18-24,ios,website,0.4054,0,0,2.43
6379,treatment,35-44,android,google_play,0.5276,1,0,30.25
6380,treatment,35-44,ios,website,0.5252,0,1,5.4
6381,treatment,25-34,ios,app_store,0.6715,1,1,14.27
6382,treatment,35-44,ios,app_store,0.6418,0,0,6.06
6383,treatment,25-34,ios,website,0.5931,1,0,15.75
6384,treatment,45+,android,google_play,0.4313,1,0,16.15
6385,treatment,35-44,ios,website,0.5892,0,0,7.9
6386,treatment,45+,ios,app_store,0.474,1,0,21.83
6387,treatment,35-44,android,app_store,0.5268,0,0,7.71
6388,treatment,35-44,android,app_store,0.6156,1,0,3.68
6389,treatment,18-24,ios,website,0.4642,0,0,5.14
6390,treatment,45+,android,website,0.4476,1,0,27.72
6391,treatment,35-44,web,google_play,0.5844,1,1,11.89
6392,treatment,25-34,ios,app_store,0.5121,0,0,4.49
6393,treatment,25-34,android,app_store,0.5198,1,0,17.29
6394,treatment,25-34,ios,app_store,0.5611,0,1,6.47
6395,treatment,25-34,ios,app_store,0.5755,0,1,1.92
6396,treatment,45+,ios,referral,0.4218,0,0,6.75
6397,treatment,18-24,ios,app_store,0.4977,0,0,2.85
6398,treatment,18-24,android,app_store,0.5889,0,0,13.68
6399,treatment,18-24,web,website,0.521,0,0,5.21
6400,treatment,35-44,android,referral,0.584,0,0,12.15
6401,treatment,35-44,android,website,0.4516,0,0,6.24
6402,treatment,35-44,android,app_store,0.594,0,0,2.54
6403,treatment,25-34,ios,google_play,0.6934,1,0,18.93
6404,treatment,45+,ios,app_store,0.6574,1,0,21.01
6405,treatment,25-34,android,app_store,0.5241,0,1,0.0
6406,treatment,18-24,ios,website,0.4312,0,0,7.37
6407,treatment,18-24,web,website,0.5245,1,0,19.7
6408,treatment,25-34,ios,app_store,0.6347,1,0,21.96
6409,treatment,25-34,android,website,0.5268,1,0,22.39
6410,treatment,35-44,android,website,0.4952,1,0,10.92
6411,treatment,18-24,android,google_play,0.4213,1,0,19.2
6412,treatment,45+,web,app_store,0.56,0,0,3.93
6413,treatment,25-34,android,referral,0.6677,1,0,11.21
6414,treatment,25-34,android,app_store,0.5372,0,1,9.13
6415,treatment,35-44,android,app_store,0.7228,1,0,29.91
6416,treatment,35-44,android,app_store,0.6049,0,0,2.51
6417,treatment,45+,android,website,0.442,1,0,21.72
6418,treatment,25-34,web,referral,0.5114,0,0,3.68
6419,treatment,18-24,android,app_store,0.38,0,0,2.58
6420,treatment,45+,android,app_store,0.455,0,0,2.27
6421,treatment,25-34,android,referral,0.6255,1,0,11.05
6422,treatment,35-44,web,website,0.7427,0,0,5.17
6423,treatment,18-24,web,referral,0.5614,0,0,1.56
6424,treatment,25-34,web,website,0.5834,1,0,22.18
6425,treatment,45+,android,website,0.3898,1,0,15.88
6426,treatment,45+,ios,google_play,0.5627,1,0,11.48
6427,treatment,45+,ios,app_store,0.5422,1,0,14.4
6428,treatment,35-44,android,google_play,0.5204,1,0,20.63
6429,treatment,25-34,ios,google_play,0.7231,0,0,2.54
6430,treatment,35-44,ios,google_play,0.6253,1,0,12.91
6431,treatment,18-24,ios,google_play,0.6544,0,0,9.56
6432,treatment,35-44,android,app_store,0.5868,1,0,10.29
6433,treatment,35-44,android,website,0.5195,1,0,26.26
6434,treatment,35-44,ios,google_play,0.5735,1,1,25.19
6435,treatment,25-34,android,website,0.498,0,1,6.95
6436,treatment,25-34,android,app_store,0.6832,1,0,23.02
6437,treatment,35-44,ios,google_play,0.5641,0,1,0.98
6438,treatment,45+,android,google_play,0.5593,1,0,15.12
6439,treatment,25-34,android,app_store,0.5411,0,0,10.69
6440,treatment,18-24,android,google_play,0.5732,1,0,24.78
6441,treatment,45+,android,google_play,0.5225,0,1,5.57
6442,treatment,35-44,android,website,0.4393,1,0,15.05
6443,treatment,35-44,ios,app_store,0.6393,1,0,13.15
6444,treatment,45+,ios,website,0.6693,1,0,11.5
6445,treatment,35-44,android,app_store,0.6106,1,0,14.32
6446,treatment,35-44,ios,google_play,0.7102,0,0,2.83
6447,treatment,35-44,android,website,0.5698,1,0,19.5
6448,treatment,25-34,android,app_store,0.6291,0,0,8.13
6449,treatment,25-34,ios,app_store,0.5486,1,0,31.33
6450,treatment,25-34,web,app_store,0.5663,0,0,9.23
6451,treatment,35-44,android,google_play,0.6664,0,0,0.0
6452,treatment,25-34,ios,google_play,0.588,0,0,1.08
6453,treatment,45+,android,referral,0.6118,1,0,12.79
6454,treatment,25-34,ios,app_store,0.5257,1,0,25.13
6455,treatment,35-44,ios,referral,0.6607,0,0,6.68
6456,treatment,18-24,ios,referral,0.5653,0,0,2.11
6457,treatment,25-34,ios,app_store,0.8171,1,0,18.0
6458,treatment,25-34,ios,website,0.5348,1,0,20.03
6459,treatment,35-44,web,referral,0.6596,1,0,22.02
6460,treatment,18-24,android,app_store,0.3567,0,0,8.41
6461,treatment,25-34,web,google_play,0.4926,1,0,19.99
6462,treatment,45+,ios,website,0.5205,0,1,3.2
6463,treatment,35-44,ios,website,0.5649,1,0,21.22
6464,treatment,35-44,ios,website,0.5664,1,0,17.5
6465,treatment,35-44,web,google_play,0.58,1,0,21.16
6466,treatment,35-44,ios,app_store,0.6112,1,0,17.64
6467,treatment,25-34,android,website,0.3891,0,0,8.25
6468,treatment,25-34,android,google_play,0.5691,0,0,8.56
6469,treatment,18-24,android,website,0.4585,1,0,17.57
6470,treatment,18-24,android,google_play,0.6113,0,0,11.43
6471,treatment,35-44,android,google_play,0.6628,1,0,19.97
6472,treatment,45+,ios,referral,0.3397,0,1,5.47
6473,treatment,35-44,android,website,0.4872,1,0,27.38
6474,treatment,25-34,android,website,0.6702,0,1,11.23
6475,treatment,35-44,android,referral,0.6885,1,0,25.81
6476,treatment,25-34,android,app_store,0.6053,0,0,5.13
6477,treatment,25-34,ios,website,0.5258,1,0,16.47
6478,treatment,18-24,android,google_play,0.5852,1,0,20.64
6479,treatment,35-44,web,google_play,0.4848,0,1,6.1
6480,treatment,35-44,ios,website,0.5407,1,0,21.24
6481,treatment,35-44,ios,referral,0.6836,0,1,3.12
6482,treatment,35-44,android,google_play,0.6446,1,0,14.18
6483,treatment,35-44,ios,website,0.6033,1,0,19.92
6484,treatment,25-34,ios,google_play,0.6475,1,0,14.71
6485,treatment,35-44,web,website,0.5691,0,0,0.0
6486,treatment,18-24,ios,referral,0.5608,1,0,13.26
6487,treatment,25-34,web,website,0.6433,0,1,2.21
6488,treatment,25-34,web,website,0.6841,0,1,0.97
6489,treatment,18-24,web,website,0.4819,0,0,4.57
6490,treatment,35-44,ios,app_store,0.532,1,0,10.87
6491,treatment,18-24,android,website,0.4572,1,0,11.5
6492,treatment,25-34,ios,website,0.5729,0,0,8.26
6493,treatment,25-34,web,google_play,0.4092,0,1,7.08
6494,treatment,35-44,web,referral,0.7331,0,0,4.81
6495,treatment,18-24,web,google_play,0.4849,1,1,26.73
6496,treatment,35-44,android,app_store,0.5199,1,0,14.04
6497,treatment,25-34,ios,website,0.5388,1,0,22.73
6498,treatment,25-34,ios,app_store,0.5682,0,0,2.98
6499,treatment,18-24,ios,website,0.5205,1,0,27.19
6500,treatment,45+,android,referral,0.5892,0,1,4.49
6501,treatment,25-34,android,website,0.628,1,0,12.96
6502,treatment,25-34,android,website,0.5892,1,0,26.42
6503,treatment,18-24,android,referral,0.4706,0,1,2.21
6504,treatment,25-34,android,google_play,0.5673,1,0,11.16
6505,treatment,25-34,ios,app_store,0.6144,0,0,9.11
6506,treatment,18-24,android,website,0.5006,1,0,22.04
6507,treatment,35-44,ios,website,0.6251,1,0,13.02
6508,treatment,45+,android,referral,0.5322,0,1,3.25
6509,treatment,25-34,android,google_play,0.5691,1,0,17.41
6510,treatment,25-34,android,app_store,0.6389,1,0,12.84
6511,treatment,25-34,android,app_store,0.5554,0,1,0.53
6512,treatment,45+,ios,google_play,0.6226,0,1,3.26
6513,treatment,35-44,ios,website,0.6511,0,0,7.16
6514,treatment,18-24,ios,google_play,0.6822,0,0,6.62
6515,treatment,35-44,ios,app_store,0.6434,1,0,14.9
6516,treatment,25-34,ios,app_store,0.7215,0,0,6.62
6517,treatment,18-24,ios,google_play,0.5417,1,0,27.14
6518,treatment,45+,ios,google_play,0.5736,1,0,13.05
6519,treatment,18-24,android,website,0.5372,1,0,22.6
6520,treatment,25-34,web,referral,0.5251,1,0,18.28
6521,treatment,35-44,ios,google_play,0.6046,1,0,16.56
6522,treatment,35-44,web,google_play,0.5526,0,1,3.67
6523,treatment,18-24,web,app_store,0.5214,0,0,6.54
6524,treatment,35-44,android,google_play,0.5534,1,0,10.62
6525,treatment,35-44,web,website,0.5645,1,0,18.2
6526,treatment,35-44,android,google_play,0.5898,1,0,16.0
6527,treatment,18-24,ios,google_play,0.5436,1,0,18.32
6528,treatment,18-24,ios,website,0.5281,0,1,2.95
6529,treatment,45+,ios,website,0.4414,1,0,13.68
6530,treatment,35-44,ios,google_play,0.567,1,0,29.51
6531,treatment,25-34,android,google_play,0.4805,0,0,0.0
6532,treatment,35-44,android,google_play,0.453,1,0,21.62
6533,treatment,18-24,ios,app_store,0.5016,0,1,5.7
6534,treatment,45+,ios,referral,0.6091,1,0,18.66
6535,treatment,35-44,android,app_store,0.5702,0,0,4.62
6536,treatment,45+,ios,app_store,0.537,1,0,22.01
6537,treatment,35-44,ios,google_play,0.6036,1,0,15.04
6538,treatment,35-44,android,google_play,0.7506,1,0,16.0
6539,treatment,25-34,android,google_play,0.5892,1,0,16.3
6540,treatment,18-24,web,referral,0.5105,1,0,21.06
6541,treatment,25-34,ios,app_store,0.5215,0,0,5.47
6542,treatment,45+,ios,app_store,0.6731,1,0,11.91
6543,treatment,35-44,ios,app_store,0.5138,1,0,17.85
6544,treatment,25-34,android,app_store,0.5024,0,1,1.43
6545,treatment,25-34,android,website,0.4625,1,0,12.62
6546,treatment,35-44,ios,google_play,0.6332,1,0,15.41
6547,treatment,35-44,android,app_store,0.6144,1,0,11.54
6548,treatment,25-34,android,website,0.5315,1,0,7.43
6549,treatment,35-44,ios,website,0.5568,1,0,18.76
6550,treatment,25-34,ios,referral,0.5242,0,1,7.04
6551,treatment,25-34,android,google_play,0.7245,0,1,2.55
6552,treatment,25-34,ios,website,0.5872,1,0,23.79
6553,treatment,25-34,web,app_store,0.6214,1,0,22.88
6554,treatment,25-34,web,referral,0.5519,0,0,0.52
6555,treatment,35-44,ios,referral,0.6322,0,0,0.68
6556,treatment,18-24,android,website,0.5698,1,1,9.65
6557,treatment,25-34,ios,website,0.3896,0,0,4.5
6558,treatment,25-34,web,website,0.5971,0,1,5.48
6559,treatment,25-34,ios,google_play,0.5962,0,0,3.62
6560,treatment,35-44,web,google_play,0.6393,1,0,13.58
6561,treatment,35-44,ios,website,0.7192,1,0,17.73
6562,treatment,35-44,android,referral,0.5778,1,0,22.36
6563,treatment,25-34,android,website,0.3098,0,1,5.75
6564,treatment,18-24,web,google_play,0.4487,0,0,5.47
6565,treatment,25-34,android,google_play,0.577,1,0,20.08
6566,treatment,35-44,ios,google_play,0.7679,1,0,25.05
6567,treatment,18-24,android,app_store,0.4849,0,1,0.09
6568,treatment,35-44,android,google_play,0.7198,0,1,1.42
6569,treatment,45+,ios,app_store,0.35,0,1,0.23
6570,treatment,35-44,android,google_play,0.5557,1,0,15.72
6571,treatment,25-34,web,app_store,0.659,0,1,8.86
6572,treatment,35-44,android,google_play,0.6715,1,0,13.59
6573,treatment,25-34,ios,referral,0.4797,0,0,0.92
6574,treatment,45+,android,app_store,0.4288,1,0,7.92
6575,treatment,25-34,android,app_store,0.5549,1,0,21.95
6576,treatment,35-44,android,google_play,0.5429,1,0,17.9
6577,treatment,18-24,android,google_play,0.6195,1,0,26.44
6578,treatment,35-44,ios,referral,0.657,1,0,26.47
6579,treatment,25-34,android,website,0.4105,1,0,11.38
6580,treatment,18-24,android,referral,0.5829,0,0,3.29
6581,treatment,25-34,web,app_store,0.6171,1,0,25.67
6582,treatment,18-24,ios,app_store,0.4641,0,0,0.89
6583,treatment,18-24,web,referral,0.4847,1,0,23.95
6584,treatment,45+,ios,app_store,0.4791,0,0,0.0
6585,treatment,18-24,ios,google_play,0.6753,0,0,3.31
6586,treatment,35-44,ios,google_play,0.6289,1,0,14.28
6587,treatment,18-24,web,referral,0.3793,1,0,24.42
6588,treatment,35-44,android,google_play,0.4997,0,0,2.16
6589,treatment,45+,ios,referral,0.6233,1,0,22.96
6590,treatment,25-34,android,google_play,0.5433,1,0,21.19
6591,treatment,45+,android,app_store,0.3978,1,0,13.52
6592,treatment,35-44,ios,app_store,0.5957,1,0,23.38
6593,treatment,35-44,android,google_play,0.6745,1,0,21.31
6594,treatment,18-24,android,app_store,0.6901,1,0,8.99
6595,treatment,45+,ios,google_play,0.5414,0,1,5.41
6596,treatment,45+,ios,google_play,0.5852,0,1,1.83
6597,treatment,18-24,web,google_play,0.528,1,1,20.85
6598,treatment,18-24,ios,google_play,0.5835,1,0,19.57
6599,treatment,25-34,android,referral,0.522,1,0,24.12
6600,treatment,18-24,ios,app_store,0.6716,0,0,6.95
6601,treatment,25-34,android,referral,0.5593,0,1,0.71
6602,treatment,45+,android,website,0.368,0,0,1.67
6603,treatment,45+,web,website,0.4045,0,1,2.62
6604,treatment,25-34,ios,website,0.6192,0,0,7.37
6605,treatment,25-34,android,app_store,0.5101,0,0,2.08
6606,treatment,35-44,android,website,0.6673,1,0,19.98
6607,treatment,45+,web,website,0.5172,0,0,6.79
6608,treatment,35-44,android,website,0.6149,1,1,18.33
6609,treatment,45+,android,referral,0.4925,1,0,28.43
6610,treatment,35-44,android,app_store,0.5363,0,1,1.57
6611,treatment,25-34,android,referral,0.5986,1,0,21.27
6612,treatment,18-24,android,referral,0.451,1,0,20.4
6613,treatment,35-44,ios,referral,0.6938,0,1,3.97
6614,treatment,35-44,android,website,0.6194,0,1,0.0
6615,treatment,35-44,ios,website,0.5306,0,0,2.52
6616,treatment,35-44,android,website,0.6012,1,0,7.56
6617,treatment,25-34,android,google_play,0.5964,1,0,15.04
6618,treatment,25-34,android,referral,0.6853,1,0,17.56
6619,treatment,45+,ios,app_store,0.6675,1,0,31.83
6620,treatment,25-34,android,referral,0.6585,0,1,6.22
6621,treatment,18-24,android,google_play,0.5215,1,0,11.82
6622,treatment,35-44,web,app_store,0.6925,1,0,19.2
6623,treatment,25-34,android,google_play,0.5798,0,0,5.02
6624,treatment,35-44,ios,website,0.5648,1,0,18.6
6625,treatment,35-44,web,app_store,0.5472,0,0,3.57
6626,treatment,35-44,android,website,0.5538,1,0,14.67
6627,treatment,45+,android,google_play,0.5864,0,1,4.8
6628,treatment,25-34,android,website,0.4435,0,0,4.44
6629,treatment,45+,web,app_store,0.4068,1,0,22.08
6630,treatment,35-44,ios,app_store,0.5284,1,0,23.04
6631,treatment,45+,android,app_store,0.5778,0,0,6.4
6632,treatment,35-44,android,app_store,0.6179,0,0,3.89
6633,treatment,18-24,android,website,0.594,1,0,17.03
6634,treatment,25-34,ios,google_play,0.5745,0,0,6.17
6635,treatment,18-24,ios,website,0.4182,1,0,13.07
6636,treatment,35-44,android,website,0.6706,0,0,0.0
6637,treatment,18-24,android,app_store,0.4572,1,0,7.57
6638,treatment,18-24,ios,referral,0.6401,1,0,6.75
6639,treatment,45+,web,website,0.3593,0,0,5.52
6640,treatment,45+,android,app_store,0.5105,1,0,18.8
6641,treatment,35-44,ios,google_play,0.6229,1,0,22.72
6642,treatment,25-34,web,google_play,0.4721,1,0,21.11
6643,treatment,35-44,android,google_play,0.7474,1,0,24.23
6644,treatment,45+,android,google_play,0.4349,0,0,7.57
6645,treatment,18-24,android,google_play,0.4512,1,0,23.67
6646,treatment,18-24,android,google_play,0.4737,1,0,23.8
6647,treatment,45+,android,google_play,0.3317,1,0,27.83
6648,treatment,18-24,ios,google_play,0.5398,1,0,30.49
6649,treatment,35-44,web,website,0.5037,0,0,3.77
6650,treatment,35-44,ios,app_store,0.7054,1,0,27.22
6651,treatment,25-34,web,app_store,0.6013,0,1,1.4
6652,treatment,18-24,web,google_play,0.4346,1,0,14.83
6653,treatment,35-44,ios,google_play,0.5837,1,0,27.95
6654,treatment,35-44,web,google_play,0.7785,1,0,18.61
6655,treatment,45+,web,website,0.393,1,0,8.01
6656,treatment,25-34,android,app_store,0.6319,1,0,10.81
6657,treatment,45+,web,website,0.4116,1,0,13.36
6658,treatment,18-24,web,google_play,0.4558,0,0,0.0
6659,treatment,25-34,android,google_play,0.5327,0,0,5.43
6660,treatment,45+,ios,google_play,0.6636,0,0,0.39
6661,treatment,18-24,android,website,0.3586,1,0,16.32
6662,treatment,25-34,android,website,0.5785,0,0,1.31
6663,treatment,18-24,ios,website,0.6136,0,0,0.0
6664,treatment,35-44,android,google_play,0.5518,1,0,10.1
6665,treatment,35-44,ios,referral,0.7358,1,0,23.47
6666,treatment,45+,ios,referral,0.6333,1,0,19.96
6667,treatment,18-24,android,google_play,0.4615,1,0,0.0
6668,treatment,25-34,ios,referral,0.56,1,0,14.19
6669,treatment,25-34,web,google_play,0.5737,1,0,23.36
6670,treatment,45+,android,referral,0.5347,0,0,5.53
6671,treatment,35-44,android,referral,0.5864,0,0,11.15
6672,treatment,25-34,android,google_play,0.6212,1,0,16.45
6673,treatment,25-34,android,google_play,0.5141,1,1,20.25
6674,treatment,25-34,ios,website,0.4931,1,1,12.7
6675,treatment,35-44,android,google_play,0.5963,0,0,0.0
6676,treatment,25-34,ios,website,0.5843,1,0,20.19
6677,treatment,35-44,android,google_play,0.701,0,0,2.09
6678,treatment,25-34,ios,google_play,0.6523,1,0,33.99
6679,treatment,18-24,android,google_play,0.5828,0,1,1.38
6680,treatment,35-44,web,website,0.5284,0,0,1.98
6681,treatment,35-44,android,website,0.5189,0,0,3.79
6682,treatment,18-24,android,website,0.4252,0,0,6.89
6683,treatment,35-44,android,website,0.5606,0,0,6.58
6684,treatment,45+,ios,website,0.5076,0,1,0.0
6685,treatment,35-44,web,google_play,0.6137,1,0,25.84
6686,treatment,35-44,ios,app_store,0.6098,1,0,17.02
6687,treatment,35-44,ios,google_play,0.6326,0,0,0.0
6688,treatment,25-34,ios,google_play,0.7485,1,0,18.02
6689,treatment,18-24,android,app_store,0.5379,0,1,0.0
6690,treatment,25-34,ios,website,0.6127,0,0,7.76
6691,treatment,25-34,android,app_store,0.6035,1,0,20.07
6692,treatment,35-44,ios,google_play,0.6221,1,0,24.46
6693,treatment,35-44,web,website,0.599,1,0,25.16
6694,treatment,18-24,android,website,0.4777,1,0,15.26
6695,treatment,45+,android,google_play,0.406,0,0,4.4
6696,treatment,45+,ios,website,0.4495,0,0,7.59
6697,treatment,18-24,ios,referral,0.7455,1,0,19.33
6698,treatment,25-34,ios,app_store,0.6993,1,0,13.06
6699,treatment,25-34,ios,referral,0.6121,1,0,26.67
6700,treatment,45+,android,google_play,0.56,1,0,18.15
6701,treatment,35-44,ios,google_play,0.6535,1,0,13.28
6702,treatment,35-44,android,website,0.6854,1,0,29.49
6703,treatment,45+,ios,website,0.4856,1,0,6.57
6704,treatment,35-44,android,website,0.564,1,0,14.0
6705,treatment,45+,android,google_play,0.4422,1,0,14.56
6706,treatment,25-34,ios,app_store,0.5952,1,0,23.27
6707,treatment,25-34,ios,google_play,0.3967,1,0,15.9
6708,treatment,25-34,ios,google_play,0.6368,0,0,1.03
6709,treatment,45+,web,google_play,0.5963,0,0,7.26
6710,treatment,18-24,ios,referral,0.7214,1,0,22.69
6711,treatment,25-34,ios,google_play,0.6545,0,0,2.46
6712,treatment,35-44,web,website,0.5268,1,0,19.4
6713,treatment,18-24,ios,website,0.4503,0,0,0.0
6714,treatment,35-44,android,website,0.508,1,0,16.63
6715,treatment,18-24,android,referral,0.4181,1,0,17.58
6716,treatment,18-24,android,website,0.4559,1,0,10.23
6717,treatment,25-34,android,app_store,0.4679,1,0,8.08
6718,treatment,35-44,android,website,0.4982,0,1,2.06
6719,treatment,18-24,android,referral,0.5297,1,0,24.33
6720,treatment,25-34,android,app_store,0.5923,1,0,21.48
6721,treatment,35-44,android,google_play,0.4639,1,0,14.4
6722,treatment,25-34,android,google_play,0.5486,1,0,33.57
6723,treatment,25-34,android,google_play,0.6309,1,0,11.57
6724,treatment,25-34,ios,referral,0.748,1,0,21.3
6725,treatment,45+,web,website,0.4601,0,0,1.6
6726,treatment,45+,ios,app_store,0.7118,1,0,25.28
6727,treatment,18-24,web,app_store,0.582,0,0,3.09
6728,treatment,35-44,android,app_store,0.5909,1,1,16.57
6729,treatment,25-34,ios,referral,0.7355,0,0,6.97
6730,treatment,25-34,android,app_store,0.5254,1,0,17.01
6731,treatment,25-34,ios,website,0.4822,0,0,6.16
6732,treatment,45+,ios,website,0.5703,1,0,17.34
6733,treatment,35-44,ios,app_store,0.6685,1,0,2.24
6734,treatment,35-44,android,app_store,0.6695,0,0,11.26
6735,treatment,18-24,android,website,0.5577,1,0,21.11
6736,treatment,35-44,ios,google_play,0.7968,1,0,16.15
6737,treatment,25-34,ios,google_play,0.4999,0,0,8.41
6738,treatment,25-34,android,google_play,0.5476,1,0,12.2
6739,treatment,45+,android,app_store,0.473,1,0,12.53
6740,treatment,45+,android,google_play,0.5993,1,0,9.51
6741,treatment,45+,android,app_store,0.5258,0,1,2.78
6742,treatment,35-44,ios,google_play,0.7296,1,0,14.03
6743,treatment,35-44,android,app_store,0.6087,0,0,2.45
6744,treatment,25-34,ios,website,0.5645,0,1,0.0
6745,treatment,45+,ios,app_store,0.5905,0,0,1.03
6746,treatment,25-34,android,app_store,0.5869,0,0,5.14
6747,treatment,25-34,android,website,0.5572,0,0,8.42
6748,treatment,18-24,web,google_play,0.5882,1,0,18.27
6749,treatment,35-44,web,referral,0.6607,0,0,1.71
6750,treatment,25-34,web,website,0.6146,1,0,21.78
6751,treatment,35-44,ios,google_play,0.6401,1,0,25.06
6752,treatment,35-44,web,google_play,0.6196,0,0,7.54
6753,treatment,25-34,android,referral,0.5159,0,0,5.34
6754,treatment,45+,android,google_play,0.5846,1,0,13.48
6755,treatment,35-44,android,app_store,0.7229,1,0,17.67
6756,treatment,18-24,ios,app_store,0.4118,1,0,19.46
6757,treatment,18-24,android,referral,0.5973,1,1,3.27
6758,treatment,35-44,ios,app_store,0.6143,1,0,18.16
6759,treatment,25-34,android,referral,0.5813,1,0,28.35
6760,treatment,25-34,ios,google_play,0.6662,1,0,14.16
6761,treatment,45+,web,google_play,0.5136,1,0,7.11
6762,treatment,18-24,ios,google_play,0.5974,1,0,14.01
6763,treatment,25-34,android,google_play,0.5472,1,0,13.79
6764,treatment,25-34,android,google_play,0.6964,1,0,24.61
6765,treatment,25-34,android,website,0.5074,0,0,12.98
6766,treatment,25-34,ios,website,0.5051,1,0,18.93
6767,treatment,25-34,android,google_play,0.6038,0,0,0.43
6768,treatment,35-44,ios,google_play,0.5692,1,0,10.74
6769,treatment,35-44,web,website,0.5748,1,0,24.19
6770,treatment,25-34,android,google_play,0.7078,1,1,22.34
6771,treatment,45+,android,website,0.4524,0,1,7.72
6772,treatment,18-24,android,app_store,0.4077,0,0,1.6
6773,treatment,25-34,ios,referral,0.6028,1,0,27.79
6774,treatment,35-44,android,google_play,0.661,1,0,19.05
6775,treatment,35-44,ios,google_play,0.6446,0,0,0.93
6776,treatment,45+,android,google_play,0.5621,1,0,5.68
6777,treatment,35-44,android,google_play,0.5454,1,0,14.92
6778,treatment,45+,ios,app_store,0.503,1,0,14.85
6779,treatment,18-24,android,google_play,0.5767,0,0,0.0
6780,treatment,18-24,ios,google_play,0.6949,0,1,5.11
6781,treatment,25-34,android,app_store,0.535,0,1,1.01
6782,treatment,35-44,ios,app_store,0.629,1,0,12.29
6783,treatment,18-24,web,referral,0.644,0,0,0.2
6784,treatment,25-34,android,referral,0.6065,1,0,9.48
6785,treatment,45+,ios,google_play,0.597,0,0,1.44
6786,treatment,35-44,ios,app_store,0.5668,1,0,14.73
6787,treatment,25-34,android,google_play,0.5763,1,0,16.53
6788,treatment,18-24,ios,referral,0.5363,1,0,20.29
6789,treatment,35-44,android,website,0.4112,0,0,9.01
6790,treatment,45+,ios,website,0.4252,1,0,24.06
6791,treatment,35-44,ios,website,0.6219,1,0,8.62
6792,treatment,18-24,android,website,0.5201,0,0,6.72
6793,treatment,25-34,ios,app_store,0.6675,0,1,7.4
6794,treatment,25-34,ios,google_play,0.6567,1,0,22.55
6795,treatment,45+,android,website,0.4382,0,1,1.87
6796,treatment,35-44,android,app_store,0.4394,1,0,26.79
6797,treatment,35-44,android,app_store,0.4945,1,0,12.61
6798,treatment,25-34,web,website,0.6244,1,1,24.4
6799,treatment,18-24,android,website,0.4086,0,0,7.23
6800,treatment,35-44,android,app_store,0.58,1,0,21.0
6801,treatment,35-44,android,google_play,0.601,1,0,7.21
6802,treatment,18-24,android,app_store,0.4052,1,0,19.21
6803,treatment,35-44,ios,app_store,0.6526,1,0,23.0
6804,treatment,18-24,ios,app_store,0.6782,0,0,3.67
6805,treatment,35-44,android,website,0.5445,0,0,3.2
6806,treatment,35-44,android,google_play,0.5745,0,1,2.15
6807,treatment,18-24,ios,website,0.4233,0,0,1.6
6808,treatment,35-44,ios,app_store,0.6041,1,0,17.43
6809,treatment,25-34,ios,app_store,0.6493,1,0,25.19
6810,treatment,25-34,android,app_store,0.5655,1,0,13.78
6811,treatment,45+,web,website,0.4308,1,0,20.35
6812,treatment,45+,android,referral,0.6065,1,0,1.86
6813,treatment,25-34,ios,google_play,0.5951,0,0,1.61
6814,treatment,35-44,ios,google_play,0.6018,0,0,6.07
6815,treatment,25-34,android,app_store,0.5773,0,0,7.12
6816,treatment,35-44,android,app_store,0.6906,1,0,11.32
6817,treatment,25-34,ios,app_store,0.5936,1,0,19.7
6818,treatment,25-34,ios,app_store,0.5352,0,0,6.3
6819,treatment,18-24,web,referral,0.5997,1,0,13.14
6820,treatment,45+,ios,website,0.4695,0,1,0.0
6821,treatment,45+,web,referral,0.5804,0,1,0.0
6822,treatment,25-34,ios,website,0.4021,1,0,8.39
6823,treatment,35-44,ios,website,0.5889,1,0,22.21
6824,treatment,25-34,web,google_play,0.5661,1,0,18.56
6825,treatment,18-24,ios,app_store,0.4792,1,0,15.36
6826,treatment,18-24,android,app_store,0.419,1,0,12.59
6827,treatment,35-44,ios,app_store,0.6036,0,0,7.43
6828,treatment,25-34,android,app_store,0.4804,1,0,16.66
6829,treatment,25-34,web,app_store,0.3387,1,0,19.84
6830,treatment,45+,ios,website,0.402,0,0,0.18
6831,treatment,18-24,ios,google_play,0.4685,1,0,10.84
6832,treatment,25-34,web,google_play,0.5883,1,0,24.0
6833,treatment,45+,android,google_play,0.4109,1,0,18.42
6834,treatment,35-44,android,app_store,0.5859,0,1,4.06
6835,treatment,25-34,android,app_store,0.4897,0,1,4.62
6836,treatment,25-34,android,google_play,0.6386,1,0,23.85
6837,treatment,35-44,android,referral,0.646,1,0,24.91
6838,treatment,18-24,ios,website,0.492,0,0,0.0
6839,treatment,35-44,android,referral,0.6275,1,0,16.36
6840,treatment,25-34,web,google_play,0.632,1,0,11.73
6841,treatment,35-44,android,website,0.5509,0,1,4.09
6842,treatment,25-34,android,website,0.5373,1,0,15.59
6843,treatment,25-34,android,referral,0.4274,0,0,2.33
6844,treatment,35-44,android,app_store,0.5445,0,0,2.65
6845,treatment,18-24,ios,website,0.4537,0,1,2.46
6846,treatment,35-44,web,google_play,0.6901,1,0,33.07
6847,treatment,45+,android,google_play,0.4748,1,1,6.33
6848,treatment,35-44,android,google_play,0.542,1,0,17.01
6849,treatment,18-24,android,google_play,0.5725,0,0,0.0
6850,treatment,45+,ios,referral,0.4445,1,0,18.92
6851,treatment,18-24,android,referral,0.5391,1,0,9.44
6852,treatment,25-34,android,website,0.3679,1,0,17.55
6853,treatment,18-24,ios,app_store,0.4984,1,0,13.55
6854,treatment,35-44,ios,google_play,0.599,0,1,7.34
6855,treatment,25-34,android,google_play,0.6926,0,1,0.0
6856,treatment,25-34,ios,website,0.5541,1,0,9.8
6857,treatment,25-34,ios,app_store,0.5348,1,0,11.06
6858,treatment,25-34,android,website,0.5153,0,0,4.81
6859,treatment,35-44,ios,google_play,0.7513,1,0,19.17
6860,treatment,25-34,android,app_store,0.4016,1,0,16.13
6861,treatment,35-44,android,app_store,0.6478,1,0,21.74
6862,treatment,18-24,android,app_store,0.5463,1,0,4.31
6863,treatment,45+,ios,referral,0.5567,1,0,16.44
6864,treatment,25-34,ios,google_play,0.5912,1,0,17.79
6865,treatment,25-34,ios,google_play,0.731,0,0,4.08
6866,treatment,25-34,android,app_store,0.6235,0,0,3.67
6867,treatment,45+,ios,website,0.413,1,0,19.41
6868,treatment,35-44,web,app_store,0.5978,1,0,20.59
6869,treatment,18-24,android,google_play,0.6256,0,0,10.45
6870,treatment,18-24,ios,website,0.559,0,0,6.02
6871,treatment,25-34,ios,app_store,0.627,1,0,8.87
6872,treatment,18-24,web,website,0.3818,1,0,22.95
6873,treatment,35-44,ios,website,0.7711,0,0,2.91
6874,treatment,25-34,ios,google_play,0.6737,0,1,1.39
6875,treatment,25-34,ios,google_play,0.7587,1,0,9.23
6876,treatment,35-44,web,app_store,0.6201,1,0,16.15
6877,treatment,25-34,web,website,0.5345,1,0,19.1
6878,treatment,18-24,android,google_play,0.4744,0,0,6.15
6879,treatment,25-34,ios,website,0.644,1,0,11.31
6880,treatment,45+,android,website,0.5758,0,1,1.95
6881,treatment,35-44,android,google_play,0.6793,1,0,14.94
6882,treatment,35-44,ios,app_store,0.8065,0,1,1.4
6883,treatment,35-44,android,google_play,0.6065,1,0,8.78
6884,treatment,18-24,ios,google_play,0.5163,1,0,11.54
6885,treatment,18-24,android,referral,0.5666,0,1,2.36
6886,treatment,18-24,ios,website,0.5803,1,0,21.69
6887,treatment,18-24,android,website,0.455,1,0,16.53
6888,treatment,35-44,android,app_store,0.5825,1,1,10.74
6889,treatment,18-24,ios,google_play,0.5831,0,0,2.51
6890,treatment,25-34,ios,google_play,0.6555,1,0,10.47
6891,treatment,25-34,ios,referral,0.6468,1,0,22.38
6892,treatment,35-44,ios,website,0.6029,1,0,26.91
6893,treatment,35-44,ios,app_store,0.6769,0,0,3.79
6894,treatment,35-44,android,referral,0.6775,1,0,21.96
6895,treatment,25-34,android,app_store,0.5264,1,0,13.64
6896,treatment,45+,android,website,0.3091,1,0,19.3
6897,treatment,45+,android,referral,0.4429,0,0,3.23
6898,treatment,35-44,ios,website,0.6229,0,0,6.92
6899,treatment,35-44,android,referral,0.5575,1,0,14.15
6900,treatment,25-34,android,website,0.5472,0,1,3.03
6901,treatment,35-44,ios,app_store,0.6214,1,0,11.08
6902,treatment,45+,ios,website,0.5014,1,0,21.53
6903,treatment,25-34,web,website,0.5753,1,0,13.86
6904,treatment,25-34,ios,google_play,0.7112,1,0,15.74
6905,treatment,25-34,android,referral,0.5947,1,0,12.29
6906,treatment,45+,android,website,0.3726,1,0,16.5
6907,treatment,25-34,android,google_play,0.6009,1,0,21.92
6908,treatment,45+,android,app_store,0.553,1,0,19.76
6909,treatment,35-44,ios,app_store,0.4457,1,0,25.29
6910,treatment,25-34,web,app_store,0.5182,0,1,0.92
6911,treatment,35-44,android,google_play,0.5983,1,1,17.67
6912,treatment,18-24,android,website,0.4376,1,0,24.52
6913,treatment,25-34,android,app_store,0.5768,1,0,12.0
6914,treatment,25-34,ios,google_play,0.5661,1,0,24.85
6915,treatment,35-44,web,app_store,0.671,0,1,8.79
6916,treatment,25-34,android,referral,0.6001,1,0,11.05
6917,treatment,25-34,ios,referral,0.492,1,0,32.3
6918,treatment,45+,android,app_store,0.5545,0,1,2.32
6919,treatment,18-24,ios,app_store,0.6196,1,0,7.56
6920,treatment,45+,android,referral,0.523,1,0,11.1
6921,treatment,25-34,android,app_store,0.4189,0,1,2.75
6922,treatment,35-44,ios,website,0.6582,1,0,15.22
6923,treatment,18-24,android,app_store,0.4342,0,1,0.47
6924,treatment,18-24,android,google_play,0.4971,1,0,10.25
6925,treatment,35-44,android,website,0.5001,1,0,9.26
6926,treatment,45+,android,google_play,0.3908,1,0,27.6
6927,treatment,25-34,ios,website,0.5665,1,0,19.82
6928,treatment,18-24,android,referral,0.5622,1,0,23.71
6929,treatment,35-44,ios,google_play,0.6451,1,0,12.08
6930,treatment,45+,ios,google_play,0.5293,0,1,1.9
6931,treatment,35-44,android,website,0.4864,1,0,11.62
6932,treatment,18-24,android,website,0.5935,0,0,1.53
6933,treatment,25-34,ios,app_store,0.6208,1,0,24.1
6934,treatment,45+,ios,google_play,0.4712,0,0,1.77
6935,treatment,18-24,ios,google_play,0.6012,1,0,17.11
6936,treatment,18-24,ios,google_play,0.5952,1,0,13.71
6937,treatment,35-44,ios,website,0.6352,1,0,22.37
6938,treatment,25-34,ios,referral,0.6334,0,0,1.31
6939,treatment,25-34,ios,website,0.5162,0,0,7.92
6940,treatment,35-44,ios,website,0.4764,1,0,15.66
6941,treatment,45+,web,website,0.4236,0,0,12.22
6942,treatment,45+,web,app_store,0.3735,1,0,25.19
6943,treatment,18-24,android,app_store,0.5401,0,0,3.31
6944,treatment,45+,ios,google_play,0.4175,1,1,18.41
6945,treatment,35-44,android,google_play,0.5676,1,0,26.22
6946,treatment,25-34,web,referral,0.6643,1,0,19.96
6947,treatment,18-24,android,website,0.4566,1,0,21.6
6948,treatment,45+,ios,google_play,0.5413,1,0,30.68
6949,treatment,18-24,android,app_store,0.5515,1,0,19.24
6950,treatment,18-24,web,app_store,0.5671,1,0,5.39
6951,treatment,35-44,web,google_play,0.689,0,0,4.12
6952,treatment,35-44,ios,website,0.6311,1,0,25.04
6953,treatment,25-34,android,referral,0.6246,1,0,19.89
6954,treatment,35-44,ios,app_store,0.4691,0,1,0.0
6955,treatment,35-44,android,website,0.5653,1,0,17.49
6956,treatment,35-44,web,website,0.6887,1,0,26.9
6957,treatment,35-44,android,google_play,0.6478,1,0,9.49
6958,treatment,18-24,ios,app_store,0.6336,1,0,7.68
6959,treatment,45+,android,app_store,0.4421,0,0,0.49
6960,treatment,35-44,web,website,0.5505,1,0,24.88
6961,treatment,25-34,ios,website,0.6112,1,0,5.71
6962,treatment,18-24,web,website,0.5214,0,0,3.94
6963,treatment,35-44,android,website,0.6092,0,0,5.29
6964,treatment,18-24,ios,google_play,0.4753,1,0,18.01
6965,treatment,25-34,android,app_store,0.5026,1,0,9.11
6966,treatment,18-24,ios,app_store,0.4525,0,0,3.97
6967,treatment,35-44,android,website,0.5667,1,0,11.46
6968,treatment,18-24,android,google_play,0.511,1,0,18.87
6969,treatment,35-44,ios,referral,0.6404,1,0,12.66
6970,treatment,35-44,android,google_play,0.5415,1,0,19.99
6971,treatment,25-34,ios,app_store,0.5385,0,1,3.32
6972,treatment,45+,ios,website,0.4961,1,0,10.42
6973,treatment,25-34,ios,website,0.6546,0,0,5.49
6974,treatment,35-44,ios,website,0.7114,1,0,17.12
6975,treatment,25-34,android,app_store,0.6917,1,0,19.91
6976,treatment,35-44,android,app_store,0.5485,1,1,19.18
6977,treatment,45+,ios,google_play,0.4514,1,0,24.01
6978,treatment,25-34,android,google_play,0.6467,0,0,5.57
6979,treatment,45+,web,app_store,0.608,0,0,4.96
6980,treatment,18-24,ios,google_play,0.5994,1,0,6.58
6981,treatment,35-44,android,website,0.5442,1,0,15.37
6982,treatment,25-34,android,google_play,0.5259,0,0,0.0
6983,treatment,18-24,ios,app_store,0.6044,0,1,0.0
6984,treatment,35-44,web,referral,0.6721,1,0,24.27
6985,treatment,18-24,ios,app_store,0.5786,0,0,1.4
6986,treatment,45+,ios,app_store,0.4475,1,0,24.12
6987,treatment,35-44,web,app_store,0.5165,1,0,12.53
6988,treatment,35-44,android,app_store,0.5785,1,0,16.42
6989,treatment,25-34,android,website,0.6094,1,0,18.14
6990,treatment,45+,ios,app_store,0.6088,0,1,8.62
6991,treatment,45+,ios,app_store,0.5041,1,0,23.27
6992,treatment,35-44,android,app_store,0.4398,1,0,14.28
6993,treatment,25-34,ios,app_store,0.7128,0,1,1.29
6994,treatment,25-34,android,google_play,0.6753,1,0,18.42
6995,treatment,25-34,ios,app_store,0.6159,1,0,31.62
6996,treatment,35-44,web,google_play,0.5716,1,0,17.81
6997,treatment,25-34,android,website,0.5014,1,0,12.43
6998,treatment,25-34,ios,google_play,0.6905,0,1,0.33
6999,treatment,25-34,web,app_store,0.619,0,0,2.47
7000,treatment,25-34,android,google_play,0.5418,1,0,19.3
7001,treatment,35-44,android,app_store,0.7621,0,1,0.0
7002,treatment,35-44,web,app_store,0.4736,1,0,23.1
7003,treatment,45+,ios,google_play,0.4979,0,1,0.78
7004,treatment,18-24,android,app_store,0.4697,0,0,7.82
7005,treatment,18-24,android,app_store,0.5245,1,0,18.97
7006,treatment,25-34,android,app_store,0.6566,1,0,15.42
7007,treatment,35-44,ios,google_play,0.7023,0,0,0.0
7008,treatment,45+,ios,app_store,0.5461,1,0,15.3
7009,treatment,18-24,ios,app_store,0.4498,0,0,3.22
7010,treatment,25-34,android,referral,0.6724,1,1,17.81
7011,treatment,45+,web,website,0.3752,1,0,21.06
7012,treatment,35-44,android,website,0.5139,1,0,15.2
7013,treatment,25-34,android,google_play,0.57,1,0,21.14
7014,treatment,25-34,web,google_play,0.5214,1,0,12.09
7015,treatment,18-24,android,website,0.4098,1,0,23.58
7016,treatment,18-24,ios,google_play,0.6369,0,0,6.9
7017,treatment,35-44,ios,website,0.7023,1,0,19.58
7018,treatment,35-44,android,website,0.5401,0,0,6.04
7019,treatment,25-34,ios,app_store,0.4637,1,0,15.85
7020,treatment,35-44,web,google_play,0.6284,1,0,16.59
7021,treatment,18-24,android,app_store,0.4603,0,0,2.44
7022,treatment,18-24,web,google_play,0.5648,1,0,25.46
7023,treatment,18-24,android,website,0.4996,0,0,4.02
7024,treatment,18-24,web,google_play,0.3855,1,0,13.08
7025,treatment,45+,android,google_play,0.4748,0,0,3.09
7026,treatment,25-34,ios,google_play,0.6653,0,0,1.59
7027,treatment,18-24,ios,website,0.5085,1,0,18.75
7028,treatment,35-44,android,google_play,0.5083,1,0,16.69
7029,treatment,25-34,android,google_play,0.6285,1,0,9.56
7030,treatment,25-34,ios,website,0.4328,0,0,0.0
7031,treatment,25-34,ios,website,0.5847,0,0,1.97
7032,treatment,18-24,android,website,0.4329,1,1,25.96
7033,treatment,18-24,ios,website,0.5507,0,1,0.0
7034,treatment,35-44,android,website,0.5277,1,0,20.09
7035,treatment,25-34,ios,referral,0.6749,0,0,9.11
7036,treatment,18-24,ios,website,0.6249,1,0,23.79
7037,treatment,35-44,ios,google_play,0.6915,1,0,17.85
7038,treatment,18-24,ios,referral,0.6401,0,0,2.68
7039,treatment,25-34,android,referral,0.6426,0,0,5.81
7040,treatment,18-24,android,google_play,0.3887,1,1,27.05
7041,treatment,18-24,android,website,0.4824,1,0,22.31
7042,treatment,35-44,ios,referral,0.6776,0,1,4.17
7043,treatment,18-24,android,app_store,0.5602,1,0,25.26
7044,treatment,18-24,android,google_play,0.5192,0,1,4.14
7045,treatment,25-34,android,google_play,0.6332,0,1,3.83
7046,treatment,35-44,android,website,0.4693,1,0,21.81
7047,treatment,25-34,ios,referral,0.7954,1,0,14.17
7048,treatment,18-24,web,google_play,0.5807,1,0,35.94
7049,treatment,25-34,android,website,0.4524,0,1,4.07
7050,treatment,25-34,android,website,0.6344,0,1,2.83
7051,treatment,25-34,android,website,0.4367,1,0,23.07
7052,treatment,25-34,ios,google_play,0.6168,0,1,7.45
7053,treatment,25-34,ios,google_play,0.6252,0,1,1.03
7054,treatment,45+,android,app_store,0.4632,1,0,7.75
7055,treatment,35-44,android,app_store,0.5762,1,0,16.01
7056,treatment,25-34,web,google_play,0.5911,0,0,4.52
7057,treatment,35-44,ios,app_store,0.5401,1,0,13.55
7058,treatment,25-34,ios,website,0.5879,1,0,17.85
7059,treatment,35-44,android,referral,0.6162,1,0,17.23
7060,treatment,35-44,ios,app_store,0.7815,1,0,8.19
7061,treatment,35-44,ios,website,0.7047,1,0,21.97
7062,treatment,25-34,android,app_store,0.5073,1,0,23.39
7063,treatment,35-44,android,google_play,0.5847,1,0,19.18
7064,treatment,35-44,android,app_store,0.5305,1,0,20.33
7065,treatment,35-44,ios,app_store,0.6056,0,0,1.15
7066,treatment,25-34,android,referral,0.6648,1,0,17.28
7067,treatment,18-24,android,google_play,0.5178,1,0,22.04
7068,treatment,25-34,ios,app_store,0.5661,0,1,0.0
7069,treatment,18-24,ios,app_store,0.6044,0,1,0.0
7070,treatment,18-24,android,website,0.3211,1,0,9.44
7071,treatment,25-34,android,google_play,0.5451,0,0,9.56
7072,treatment,25-34,android,referral,0.7056,0,0,2.5
7073,treatment,18-24,android,google_play,0.6394,0,1,8.67
7074,treatment,18-24,android,google_play,0.6304,1,0,17.56
7075,treatment,25-34,web,google_play,0.4875,0,0,9.96
7076,treatment,45+,web,website,0.3669,1,0,25.39
7077,treatment,25-34,ios,website,0.5265,1,0,13.89
7078,treatment,35-44,android,app_store,0.587,0,0,3.91
7079,treatment,25-34,android,google_play,0.5174,1,0,11.98
7080,treatment,18-24,ios,app_store,0.4216,1,0,21.97
7081,treatment,18-24,android,referral,0.6202,1,0,24.47
7082,treatment,25-34,web,website,0.5969,1,0,29.28
7083,treatment,45+,ios,app_store,0.4887,1,0,26.27
7084,treatment,25-34,web,google_play,0.643,0,1,5.06
7085,treatment,25-34,web,google_play,0.6615,1,0,20.12
7086,treatment,35-44,android,referral,0.4256,1,0,16.52
7087,treatment,35-44,android,google_play,0.6475,0,0,10.07
7088,treatment,35-44,ios,app_store,0.6211,1,0,12.82
7089,treatment,25-34,ios,website,0.3649,0,1,0.0
7090,treatment,45+,web,app_store,0.5875,1,0,11.42
7091,treatment,25-34,android,website,0.5324,0,0,7.37
7092,treatment,25-34,ios,google_play,0.4883,0,0,6.97
7093,treatment,35-44,ios,website,0.6178,1,0,20.67
7094,treatment,45+,android,google_play,0.5205,0,0,4.63
7095,treatment,45+,ios,app_store,0.5793,0,1,0.0
7096,treatment,25-34,android,referral,0.4413,1,0,19.63
7097,treatment,45+,android,referral,0.502,1,0,25.4
7098,treatment,18-24,ios,google_play,0.4875,1,0,11.51
7099,treatment,45+,android,website,0.443,0,0,0.0
7100,treatment,35-44,ios,google_play,0.5001,1,0,19.87
7101,treatment,25-34,android,google_play,0.4866,0,0,6.26
7102,treatment,25-34,ios,app_store,0.7292,0,0,6.44
7103,treatment,35-44,android,google_play,0.6889,1,0,25.26
7104,treatment,25-34,ios,app_store,0.6837,1,0,18.96
7105,treatment,45+,android,website,0.5737,0,1,0.0
7106,treatment,45+,ios,website,0.3464,1,0,21.1
7107,treatment,35-44,ios,app_store,0.6215,1,0,25.13
7108,treatment,25-34,android,website,0.5455,0,1,1.26
7109,treatment,35-44,ios,app_store,0.595,1,0,17.18
7110,treatment,35-44,android,app_store,0.4371,0,1,0.0
7111,treatment,25-34,android,app_store,0.6367,1,0,16.32
7112,treatment,18-24,android,google_play,0.5754,0,0,9.25
7113,treatment,35-44,ios,website,0.5363,1,0,15.33
7114,treatment,25-34,ios,google_play,0.6836,0,0,0.0
7115,treatment,18-24,web,referral,0.5659,0,1,10.56
7116,treatment,18-24,android,google_play,0.5767,0,0,5.71
7117,treatment,25-34,android,app_store,0.4928,0,1,5.21
7118,treatment,25-34,ios,google_play,0.6351,1,1,18.94
7119,treatment,18-24,ios,website,0.5359,1,0,13.95
7120,treatment,35-44,android,google_play,0.5775,0,1,2.55
7121,treatment,45+,android,google_play,0.2921,0,0,9.48
7122,treatment,35-44,web,app_store,0.6097,1,0,13.88
7123,treatment,25-34,android,website,0.5452,1,0,26.19
7124,treatment,25-34,android,google_play,0.5003,1,0,20.09
7125,treatment,25-34,android,referral,0.6418,1,0,20.13
7126,treatment,35-44,android,google_play,0.6156,1,0,7.98
7127,treatment,45+,android,app_store,0.5288,1,0,20.55
7128,treatment,45+,android,referral,0.4958,1,0,17.61
7129,treatment,25-34,android,app_store,0.4293,1,0,8.32
7130,treatment,18-24,android,app_store,0.3811,1,0,18.25
7131,treatment,35-44,android,website,0.601,1,0,15.45
7132,treatment,45+,android,app_store,0.4085,1,0,19.59
7133,treatment,45+,web,google_play,0.4522,1,0,12.88
7134,treatment,45+,android,google_play,0.5732,0,1,0.0
7135,treatment,25-34,android,website,0.3551,1,0,18.57
7136,treatment,35-44,ios,google_play,0.5075,0,0,2.08
7137,treatment,18-24,ios,website,0.5791,1,0,15.98
7138,treatment,18-24,ios,referral,0.5927,1,0,10.68
7139,treatment,35-44,android,website,0.3865,0,0,3.29
7140,treatment,18-24,ios,app_store,0.5208,1,0,21.85
7141,treatment,25-34,ios,website,0.5801,1,0,19.65
7142,treatment,18-24,android,website,0.3878,0,0,2.17
7143,treatment,18-24,android,google_play,0.4103,1,0,8.15
7144,treatment,25-34,android,website,0.3909,1,0,12.89
7145,treatment,35-44,android,google_play,0.6637,1,0,13.53
7146,treatment,25-34,android,app_store,0.6495,0,0,6.52
7147,treatment,35-44,android,website,0.6064,1,0,22.82
7148,treatment,35-44,web,google_play,0.7046,1,0,19.87
7149,treatment,18-24,ios,google_play,0.6684,0,0,2.25
7150,treatment,35-44,android,google_play,0.4747,0,1,8.19
7151,treatment,18-24,android,google_play,0.6061,1,0,21.77
7152,treatment,45+,ios,website,0.505,0,0,0.0
7153,treatment,45+,android,referral,0.678,1,0,27.49
7154,treatment,45+,ios,website,0.7669,0,0,2.92
7155,treatment,25-34,web,referral,0.5903,1,0,23.64
7156,treatment,35-44,ios,app_store,0.6016,1,0,20.82
7157,treatment,18-24,android,app_store,0.4853,0,0,0.0
7158,treatment,45+,web,website,0.4718,1,0,15.2
7159,treatment,18-24,android,website,0.4946,1,1,6.44
7160,treatment,35-44,android,referral,0.827,1,0,13.36
7161,treatment,25-34,ios,website,0.5775,0,0,4.01
7162,treatment,35-44,android,app_store,0.5516,1,0,18.41
7163,treatment,35-44,android,website,0.547,1,1,13.98
7164,treatment,25-34,ios,app_store,0.54,0,0,2.59
7165,treatment,18-24,android,google_play,0.3918,0,0,3.9
7166,treatment,35-44,android,website,0.5342,0,0,5.92
7167,treatment,45+,ios,website,0.6827,1,0,14.24
7168,treatment,18-24,android,google_play,0.5971,0,0,2.96
7169,treatment,35-44,ios,website,0.5476,0,0,0.0
7170,treatment,25-34,web,referral,0.6341,1,0,10.69
7171,treatment,25-34,web,app_store,0.7771,1,0,24.78
7172,treatment,18-24,android,app_store,0.5319,1,0,27.17
7173,treatment,35-44,web,app_store,0.5248,1,0,19.23
7174,treatment,18-24,android,google_play,0.5315,1,0,16.05
7175,treatment,45+,android,app_store,0.5474,1,0,15.17
7176,treatment,25-34,android,google_play,0.6093,1,0,25.32
7177,treatment,35-44,ios,app_store,0.7422,0,1,0.0
7178,treatment,25-34,android,app_store,0.574,1,0,31.64
7179,treatment,35-44,ios,google_play,0.4486,1,0,18.48
7180,treatment,18-24,ios,referral,0.6237,1,0,2.74
7181,treatment,25-34,android,app_store,0.5983,1,0,32.76
7182,treatment,25-34,ios,app_store,0.6331,1,0,3.58
7183,treatment,35-44,android,google_play,0.5281,1,0,4.46
7184,treatment,35-44,android,referral,0.7755,0,0,0.27
7185,treatment,18-24,ios,google_play,0.479,1,0,17.05
7186,treatment,18-24,ios,website,0.4375,0,0,7.83
7187,treatment,25-34,android,app_store,0.5477,1,0,15.93
7188,treatment,18-24,ios,app_store,0.6621,1,0,13.17
7189,treatment,25-34,android,google_play,0.6856,0,1,2.39
7190,treatment,18-24,ios,website,0.5672,0,1,2.37
7191,treatment,25-34,android,website,0.5975,1,0,26.63
7192,treatment,18-24,android,app_store,0.4118,1,0,24.33
7193,treatment,25-34,ios,referral,0.5,1,0,14.38
7194,treatment,35-44,ios,google_play,0.6062,1,0,15.93
7195,treatment,35-44,android,google_play,0.6669,1,0,6.84
7196,treatment,35-44,ios,referral,0.7289,0,0,5.77
7197,treatment,18-24,android,google_play,0.4565,1,0,17.69
7198,treatment,25-34,android,website,0.4478,1,1,20.33
7199,treatment,25-34,android,google_play,0.6695,1,0,21.79
7200,treatment,35-44,web,app_store,0.6112,0,0,9.1
7201,treatment,45+,android,app_store,0.3303,1,0,15.66
7202,treatment,35-44,android,referral,0.5261,1,0,18.32
7203,treatment,45+,android,referral,0.5648,1,0,27.4
7204,treatment,25-34,ios,referral,0.5411,0,1,2.88
7205,treatment,25-34,android,website,0.4473,1,0,17.46
7206,treatment,18-24,android,website,0.4002,0,1,13.0
7207,treatment,18-24,web,app_store,0.596,0,0,3.34
7208,treatment,18-24,web,website,0.4852,0,0,9.75
7209,treatment,45+,android,google_play,0.6401,0,0,1.49
7210,treatment,25-34,ios,google_play,0.5817,1,0,15.28
7211,treatment,45+,web,website,0.4491,0,1,0.0
7212,treatment,45+,web,app_store,0.5328,1,0,21.67
7213,treatment,35-44,android,google_play,0.546,1,0,22.3
7214,treatment,45+,ios,website,0.3681,0,1,3.82
7215,treatment,25-34,android,website,0.4978,0,0,5.15
7216,treatment,45+,ios,google_play,0.4861,1,0,23.25
7217,treatment,35-44,ios,google_play,0.6259,0,0,0.0
7218,treatment,35-44,ios,google_play,0.5881,1,1,18.42
7219,treatment,35-44,web,app_store,0.6321,1,0,27.95
7220,treatment,45+,android,app_store,0.4678,0,0,2.48
7221,treatment,45+,android,website,0.3267,0,1,0.0
7222,treatment,18-24,ios,app_store,0.5062,1,0,24.49
7223,treatment,18-24,android,google_play,0.4298,1,0,18.89
7224,treatment,25-34,ios,google_play,0.7697,0,0,3.4
7225,treatment,35-44,ios,referral,0.6597,0,1,2.03
7226,treatment,18-24,ios,website,0.5694,1,1,23.52
7227,treatment,35-44,ios,website,0.5783,1,1,14.7
7228,treatment,25-34,android,website,0.6727,1,0,26.68
7229,treatment,45+,android,app_store,0.3951,0,0,3.81
7230,treatment,35-44,web,google_play,0.5427,0,0,7.15
7231,treatment,25-34,ios,app_store,0.695,1,0,23.38
7232,treatment,25-34,ios,google_play,0.5746,0,0,0.0
7233,treatment,35-44,android,app_store,0.5261,1,0,20.87
7234,treatment,25-34,ios,referral,0.5911,1,0,16.39
7235,treatment,25-34,android,app_store,0.7205,0,0,5.86
7236,treatment,45+,ios,app_store,0.6996,0,0,3.28
7237,treatment,35-44,android,google_play,0.6288,0,1,0.0
7238,treatment,45+,android,google_play,0.5217,1,0,22.74
7239,treatment,25-34,android,app_store,0.6287,1,0,4.61
7240,treatment,35-44,android,referral,0.6474,1,0,18.85
7241,treatment,45+,web,app_store,0.5201,0,0,10.32
7242,treatment,35-44,ios,website,0.55,1,0,26.41
7243,treatment,45+,ios,website,0.4467,1,0,20.41
7244,treatment,35-44,android,app_store,0.6257,1,1,14.93
7245,treatment,18-24,ios,app_store,0.5671,1,0,17.62
7246,treatment,25-34,android,google_play,0.6935,0,1,7.28
7247,treatment,35-44,ios,referral,0.6353,1,0,13.26
7248,treatment,45+,web,website,0.392,1,0,20.51
7249,treatment,35-44,android,google_play,0.4791,0,0,0.44
7250,treatment,25-34,ios,app_store,0.5445,1,0,16.31
7251,treatment,35-44,web,website,0.441,0,0,1.8
7252,treatment,35-44,web,google_play,0.6978,0,0,4.99
7253,treatment,25-34,ios,google_play,0.582,1,0,21.29
7254,treatment,35-44,web,website,0.4946,0,0,11.25
7255,treatment,45+,android,referral,0.5644,1,0,17.08
7256,treatment,25-34,ios,referral,0.7919,1,0,19.94
7257,treatment,18-24,ios,website,0.4819,0,0,7.73
7258,treatment,25-34,android,referral,0.5053,1,0,17.85
7259,treatment,18-24,android,google_play,0.4944,1,1,18.58
7260,treatment,35-44,android,app_store,0.4373,1,1,21.66
7261,treatment,45+,android,google_play,0.5472,0,1,1.06
7262,treatment,35-44,ios,website,0.6322,0,0,4.22
7263,treatment,45+,ios,website,0.4608,1,0,13.13
7264,treatment,35-44,ios,referral,0.5664,0,0,2.35
7265,treatment,25-34,ios,google_play,0.808,1,0,30.88
7266,treatment,25-34,ios,google_play,0.5176,0,0,2.98
7267,treatment,25-34,android,app_store,0.506,1,0,19.33
7268,treatment,25-34,android,website,0.5287,0,0,0.0
7269,treatment,18-24,android,website,0.5449,0,1,5.09
7270,treatment,35-44,web,website,0.5439,0,0,10.61
7271,treatment,18-24,web,app_store,0.5288,0,1,0.45
7272,treatment,25-34,ios,google_play,0.665,0,0,7.4
7273,treatment,25-34,android,app_store,0.8225,1,0,14.28
7274,treatment,45+,web,google_play,0.4697,0,0,0.0
7275,treatment,25-34,android,app_store,0.5252,1,0,15.37
7276,treatment,35-44,android,referral,0.6074,0,0,1.04
7277,treatment,25-34,ios,website,0.6203,1,1,18.69
7278,treatment,25-34,ios,website,0.768,1,0,16.18
7279,treatment,18-24,web,app_store,0.5171,1,0,12.01
7280,treatment,18-24,ios,google_play,0.6104,1,0,21.2
7281,treatment,25-34,web,app_store,0.4033,0,1,7.72
7282,treatment,25-34,ios,app_store,0.6112,0,0,5.84
7283,treatment,35-44,web,google_play,0.6049,1,1,19.07
7284,treatment,18-24,ios,google_play,0.6475,1,0,17.54
7285,treatment,25-34,ios,referral,0.5946,1,0,21.51
7286,treatment,18-24,ios,referral,0.4882,1,0,14.7
7287,treatment,45+,web,referral,0.5544,0,1,6.53
7288,treatment,25-34,android,app_store,0.4413,0,0,0.0
7289,treatment,35-44,ios,google_play,0.5717,1,0,7.53
7290,treatment,35-44,android,app_store,0.5904,0,0,5.71
7291,treatment,25-34,ios,website,0.3743,0,0,0.0
7292,treatment,18-24,ios,google_play,0.5455,0,0,0.78
7293,treatment,35-44,android,google_play,0.7224,1,0,11.77
7294,treatment,45+,ios,app_store,0.4071,0,0,5.65
7295,treatment,45+,ios,app_store,0.4813,1,0,13.22
7296,treatment,25-34,android,google_play,0.6231,1,0,26.34
7297,treatment,25-34,ios,app_store,0.6712,1,0,22.61
7298,treatment,25-34,android,app_store,0.5706,1,0,19.59
7299,treatment,25-34,ios,referral,0.6211,0,0,9.26
7300,treatment,45+,web,app_store,0.6383,1,0,12.39
7301,treatment,18-24,android,app_store,0.533,1,0,18.78
7302,treatment,18-24,android,referral,0.4614,1,0,4.26
7303,treatment,18-24,android,referral,0.5556,1,0,14.83
7304,treatment,45+,ios,google_play,0.5352,0,1,0.0
7305,treatment,25-34,android,website,0.4909,1,0,23.46
7306,treatment,25-34,ios,app_store,0.4715,1,0,25.56
7307,treatment,25-34,android,website,0.5254,0,0,2.52
7308,treatment,18-24,ios,referral,0.6326,1,0,31.71
7309,treatment,18-24,ios,google_play,0.626,1,0,12.93
7310,treatment,45+,ios,app_store,0.5369,0,1,0.0
7311,treatment,35-44,ios,google_play,0.6388,1,0,14.76
7312,treatment,35-44,ios,website,0.5412,1,0,20.29
7313,treatment,25-34,ios,referral,0.7134,1,0,23.68
7314,treatment,25-34,android,google_play,0.4809,1,0,22.76
7315,treatment,35-44,android,app_store,0.5443,0,0,2.28
7316,treatment,18-24,android,website,0.4115,0,0,7.54
7317,treatment,35-44,android,app_store,0.5771,1,1,14.89
7318,treatment,35-44,ios,app_store,0.731,1,0,35.45
7319,treatment,25-34,ios,app_store,0.511,1,0,24.45
7320,treatment,25-34,web,google_play,0.6083,0,0,0.0
7321,treatment,45+,android,google_play,0.5301,1,0,15.08
7322,treatment,45+,ios,website,0.4189,0,0,0.78
7323,treatment,18-24,ios,app_store,0.5406,1,0,30.72
7324,treatment,18-24,android,google_play,0.4543,0,1,0.14
7325,treatment,35-44,ios,website,0.5941,0,0,0.0
7326,treatment,35-44,android,google_play,0.5865,1,0,24.1
7327,treatment,25-34,android,website,0.6464,1,0,0.75
7328,treatment,45+,android,referral,0.4648,0,0,2.24
7329,treatment,45+,android,app_store,0.4822,0,1,6.43
7330,treatment,18-24,android,referral,0.5161,1,0,15.74
7331,treatment,18-24,web,referral,0.6645,1,0,26.61
7332,treatment,18-24,android,google_play,0.4866,1,0,20.43
7333,treatment,45+,android,website,0.3847,0,0,0.26
7334,treatment,35-44,ios,google_play,0.5739,0,0,4.33
7335,treatment,45+,web,website,0.4026,0,0,9.83
7336,treatment,35-44,android,website,0.4995,1,0,19.55
7337,treatment,35-44,ios,referral,0.5875,1,0,21.25
7338,treatment,18-24,android,app_store,0.5172,0,1,5.23
7339,treatment,18-24,android,website,0.3721,0,0,0.95
7340,treatment,45+,web,app_store,0.5521,0,0,0.0
7341,treatment,25-34,ios,referral,0.6393,1,0,20.41
7342,treatment,45+,ios,app_store,0.6657,1,0,26.81
7343,treatment,25-34,android,google_play,0.6133,1,0,21.67
7344,treatment,35-44,ios,website,0.6153,1,0,10.02
7345,treatment,35-44,android,google_play,0.7568,1,0,20.64
7346,treatment,18-24,android,website,0.5108,0,1,6.96
7347,treatment,25-34,ios,google_play,0.5988,1,0,25.26
7348,treatment,45+,ios,google_play,0.4765,0,0,5.79
7349,treatment,25-34,ios,website,0.6822,1,0,19.65
7350,treatment,25-34,android,referral,0.5153,1,0,14.29
7351,treatment,35-44,ios,google_play,0.5448,1,0,17.01
7352,treatment,35-44,web,website,0.4652,0,0,7.16
7353,treatment,35-44,web,google_play,0.5458,0,0,0.53
7354,treatment,25-34,android,referral,0.5995,1,0,12.82
7355,treatment,25-34,android,website,0.505,1,0,22.41
7356,treatment,25-34,ios,google_play,0.658,1,1,20.39
7357,treatment,45+,ios,google_play,0.4588,1,0,26.9
7358,treatment,45+,web,app_store,0.4363,0,0,6.84
7359,treatment,35-44,android,referral,0.6283,0,1,1.58
7360,treatment,25-34,ios,app_store,0.5289,1,0,27.4
7361,treatment,45+,android,app_store,0.387,1,0,19.95
7362,treatment,18-24,web,google_play,0.4136,1,0,22.36
7363,treatment,18-24,android,website,0.4721,0,0,2.31
7364,treatment,25-34,web,website,0.5305,1,0,21.21
7365,treatment,35-44,web,app_store,0.5867,1,0,15.02
7366,treatment,18-24,android,app_store,0.6134,1,0,5.4
7367,treatment,25-34,ios,app_store,0.6302,1,0,29.06
7368,treatment,35-44,android,website,0.546,1,0,12.96
7369,treatment,35-44,android,referral,0.7238,1,0,14.81
7370,treatment,18-24,android,referral,0.624,0,0,1.36
7371,treatment,25-34,web,google_play,0.5276,1,0,29.09
7372,treatment,35-44,android,google_play,0.6628,0,1,5.36
7373,treatment,18-24,android,google_play,0.6678,1,0,22.0
7374,treatment,18-24,ios,website,0.6581,0,0,7.1
7375,treatment,45+,android,website,0.5341,0,1,6.35
7376,treatment,35-44,android,app_store,0.617,0,1,4.42
7377,treatment,25-34,android,app_store,0.5892,1,0,19.34
7378,treatment,35-44,android,google_play,0.7126,1,0,27.2
7379,treatment,35-44,ios,google_play,0.529,1,0,10.94
7380,treatment,25-34,ios,referral,0.7374,1,0,12.9
7381,treatment,35-44,ios,app_store,0.6364,0,0,5.96
7382,treatment,35-44,android,website,0.4722,1,0,20.19
7383,treatment,18-24,ios,referral,0.4914,1,0,16.12
7384,treatment,25-34,android,google_play,0.4396,1,0,32.47
7385,treatment,25-34,android,app_store,0.6112,1,0,11.08
7386,treatment,35-44,web,app_store,0.7498,1,0,18.48
7387,treatment,35-44,ios,website,0.5461,1,0,19.87
7388,treatment,35-44,ios,app_store,0.5577,1,0,15.73
7389,treatment,25-34,android,referral,0.6927,0,1,1.2
7390,treatment,35-44,android,website,0.5551,1,0,16.32
7391,treatment,35-44,ios,website,0.6863,0,0,9.32
7392,treatment,25-34,web,website,0.4579,0,1,2.21
7393,treatment,45+,ios,app_store,0.5882,0,0,5.0
7394,treatment,25-34,android,website,0.6712,0,0,1.4
7395,treatment,25-34,ios,google_play,0.532,0,1,6.14
7396,treatment,35-44,android,app_store,0.5603,1,0,24.6
7397,treatment,35-44,android,app_store,0.5571,0,1,2.89
7398,treatment,25-34,ios,google_play,0.676,1,0,22.25
7399,treatment,25-34,ios,google_play,0.7169,1,0,17.34
7400,treatment,35-44,ios,app_store,0.5715,0,1,3.67
7401,treatment,25-34,android,google_play,0.7758,1,0,20.73
7402,treatment,35-44,android,referral,0.6205,1,0,19.91
7403,treatment,35-44,ios,google_play,0.5906,1,0,19.43
7404,treatment,18-24,ios,app_store,0.6702,1,0,9.17
7405,treatment,35-44,ios,google_play,0.6472,1,0,10.59
7406,treatment,18-24,ios,google_play,0.5359,1,0,7.63
7407,treatment,35-44,ios,referral,0.6126,1,0,9.59
7408,treatment,25-34,ios,google_play,0.7842,1,0,20.76
7409,treatment,25-34,android,app_store,0.4865,1,0,15.88
7410,treatment,25-34,android,app_store,0.6561,0,0,1.23
7411,treatment,25-34,ios,app_store,0.5411,0,0,9.99
7412,treatment,35-44,ios,website,0.5362,0,0,7.83
7413,treatment,25-34,android,app_store,0.5594,1,0,8.46
7414,treatment,25-34,web,website,0.5732,1,0,12.79
7415,treatment,45+,android,google_play,0.3744,1,0,12.31
7416,treatment,18-24,web,website,0.4424,0,0,3.72
7417,treatment,25-34,ios,app_store,0.6883,1,0,10.25
7418,treatment,25-34,ios,app_store,0.688,1,0,13.91
7419,treatment,35-44,android,google_play,0.5728,1,0,20.51
7420,treatment,25-34,ios,google_play,0.522,0,0,3.02
7421,treatment,25-34,android,google_play,0.5932,1,0,10.14
7422,treatment,35-44,web,website,0.6227,1,0,18.61
7423,treatment,25-34,android,referral,0.6105,1,0,18.78
7424,treatment,45+,android,google_play,0.6184,0,0,4.27
7425,treatment,18-24,ios,app_store,0.5344,1,0,9.55
7426,treatment,25-34,android,app_store,0.4606,0,0,7.03
7427,treatment,35-44,ios,referral,0.6084,0,0,1.71
7428,treatment,18-24,ios,app_store,0.5561,0,1,0.0
7429,treatment,25-34,android,app_store,0.5097,1,0,18.42
7430,treatment,18-24,android,referral,0.5044,0,0,5.89
7431,treatment,25-34,ios,app_store,0.6829,1,0,21.58
7432,treatment,45+,ios,website,0.431,0,0,8.13
7433,treatment,45+,android,app_store,0.3894,1,0,14.19
7434,treatment,25-34,android,website,0.5908,0,1,0.0
7435,treatment,18-24,android,app_store,0.5676,0,1,2.32
7436,treatment,45+,android,referral,0.443,0,1,0.0
7437,treatment,35-44,android,app_store,0.6426,1,0,13.0
7438,treatment,35-44,ios,google_play,0.5456,1,0,15.99
7439,treatment,35-44,android,website,0.4881,0,0,1.72
7440,treatment,25-34,android,google_play,0.4876,1,0,21.06
7441,treatment,25-34,android,google_play,0.5393,1,0,17.87
7442,treatment,45+,ios,google_play,0.5911,1,0,20.69
7443,treatment,25-34,android,google_play,0.5976,1,0,19.69
7444,treatment,35-44,android,referral,0.5509,1,0,9.09
7445,treatment,45+,ios,website,0.5112,1,0,21.61
7446,treatment,25-34,web,google_play,0.6166,0,0,1.56
7447,treatment,45+,web,google_play,0.5924,0,0,4.27
7448,treatment,25-34,ios,google_play,0.6447,1,1,20.77
7449,treatment,45+,android,referral,0.585,1,0,13.23
7450,treatment,25-34,ios,app_store,0.6112,1,0,13.85
7451,treatment,25-34,ios,google_play,0.5508,1,0,18.2
7452,treatment,35-44,web,app_store,0.6089,1,0,15.11
7453,treatment,45+,ios,website,0.5932,1,0,28.32
7454,treatment,35-44,ios,website,0.6874,1,0,18.06
7455,treatment,35-44,android,website,0.3395,1,0,11.03
7456,treatment,45+,android,website,0.5063,1,0,30.51
7457,treatment,35-44,ios,website,0.5465,1,0,20.11
7458,treatment,45+,web,referral,0.568,1,0,17.78
7459,treatment,18-24,ios,google_play,0.4567,0,0,8.96
7460,treatment,18-24,android,app_store,0.4816,1,0,19.85
7461,treatment,25-34,android,google_play,0.4477,1,0,17.51
7462,treatment,45+,android,website,0.4214,1,0,8.4
7463,treatment,18-24,web,google_play,0.5846,1,0,4.25
7464,treatment,25-34,android,google_play,0.6116,1,0,25.32
7465,treatment,18-24,android,website,0.6477,0,1,4.58
7466,treatment,18-24,ios,app_store,0.5148,0,0,2.78
7467,treatment,35-44,ios,website,0.5157,0,0,2.99
7468,treatment,18-24,ios,website,0.6269,0,1,4.6
7469,treatment,45+,android,referral,0.3887,1,0,21.81
7470,treatment,45+,web,website,0.4815,1,0,13.33
7471,treatment,35-44,ios,app_store,0.6662,1,0,19.16
7472,treatment,25-34,android,google_play,0.3912,1,1,21.16
7473,treatment,45+,android,google_play,0.4188,1,0,14.99
7474,treatment,25-34,ios,google_play,0.5068,1,0,4.65
7475,treatment,18-24,android,website,0.5427,0,0,0.73
7476,treatment,25-34,ios,google_play,0.5646,1,0,10.18
7477,treatment,25-34,android,website,0.5052,1,0,25.11
7478,treatment,35-44,android,website,0.4169,0,0,0.04
7479,treatment,25-34,android,website,0.4612,0,0,0.0
7480,treatment,35-44,ios,website,0.5228,0,0,1.17
7481,treatment,35-44,ios,app_store,0.6085,1,0,23.01
7482,treatment,25-34,android,app_store,0.5415,1,0,23.27
7483,treatment,25-34,android,app_store,0.6836,1,0,13.17
7484,treatment,35-44,web,website,0.6113,1,0,15.3
7485,treatment,25-34,android,referral,0.4539,0,0,2.87
7486,treatment,18-24,android,referral,0.6274,1,0,26.35
7487,treatment,35-44,android,app_store,0.6564,1,0,5.69
7488,treatment,25-34,android,referral,0.6015,1,0,9.48
7489,treatment,18-24,android,referral,0.6249,0,0,12.25
7490,treatment,25-34,web,app_store,0.6722,0,0,7.74
7491,treatment,35-44,ios,google_play,0.5971,1,0,9.06
7492,treatment,18-24,ios,referral,0.4884,0,1,14.79
7493,treatment,35-44,web,google_play,0.6512,1,1,21.83
7494,treatment,25-34,android,referral,0.5308,1,0,18.68
7495,treatment,18-24,web,google_play,0.5571,1,0,26.87
7496,treatment,45+,web,google_play,0.433,0,0,0.35
7497,treatment,35-44,ios,app_store,0.7039,1,0,15.09
7498,treatment,45+,web,app_store,0.4452,0,0,3.78
7499,treatment,25-34,ios,website,0.5491,0,0,5.32
7500,treatment,25-34,android,google_play,0.554,0,1,4.72
7501,treatment,35-44,android,google_play,0.4827,1,0,19.23
7502,treatment,45+,ios,referral,0.6524,1,0,15.62
7503,treatment,35-44,ios,app_store,0.7288,1,0,20.12
7504,treatment,35-44,android,google_play,0.5845,0,0,4.47
7505,treatment,35-44,android,referral,0.5552,0,0,3.46
7506,treatment,18-24,android,referral,0.5273,1,0,16.41
7507,treatment,35-44,android,website,0.5055,1,0,14.88
7508,treatment,35-44,android,google_play,0.5942,1,0,9.22
7509,treatment,25-34,android,app_store,0.5411,1,0,26.54
7510,treatment,25-34,android,website,0.4534,0,0,6.2
7511,treatment,25-34,web,website,0.6265,1,0,24.04
7512,treatment,18-24,ios,website,0.4989,1,0,11.05
7513,treatment,25-34,web,google_play,0.7405,0,0,1.7
7514,treatment,18-24,android,website,0.4843,1,0,17.58
7515,treatment,35-44,android,website,0.5136,1,0,20.14
7516,treatment,25-34,ios,referral,0.6134,0,0,0.73
7517,treatment,18-24,web,app_store,0.4966,1,0,28.4
7518,treatment,35-44,ios,app_store,0.6175,1,0,23.28
7519,treatment,18-24,web,google_play,0.5539,1,0,19.09
7520,treatment,25-34,android,website,0.4362,1,0,19.82
7521,treatment,45+,android,referral,0.4443,1,1,16.67
7522,treatment,35-44,web,app_store,0.6584,1,0,13.91
7523,treatment,35-44,ios,google_play,0.677,1,0,3.53
7524,treatment,35-44,android,website,0.42,0,1,6.65
7525,treatment,18-24,android,app_store,0.5578,0,0,3.71
7526,treatment,25-34,ios,website,0.6332,0,0,7.76
7527,treatment,25-34,android,google_play,0.5962,0,0,5.59
7528,treatment,25-34,ios,referral,0.5037,0,1,3.4
7529,treatment,45+,android,google_play,0.399,1,0,18.54
7530,treatment,35-44,android,website,0.5422,0,1,0.85
7531,treatment,35-44,android,app_store,0.7366,1,0,10.83
7532,treatment,35-44,android,google_play,0.5529,1,0,12.06
7533,treatment,35-44,ios,google_play,0.6844,1,0,12.24
7534,treatment,25-34,android,app_store,0.5145,0,0,2.8
7535,treatment,45+,ios,google_play,0.682,1,0,22.7
7536,treatment,35-44,ios,website,0.5893,0,0,5.96
7537,treatment,35-44,android,google_play,0.499,0,1,0.0
7538,treatment,18-24,ios,website,0.4508,1,1,23.16
7539,treatment,25-34,android,app_store,0.4943,1,0,18.85
7540,treatment,25-34,android,app_store,0.5753,0,1,6.02
7541,treatment,18-24,android,app_store,0.4603,1,0,21.09
7542,treatment,35-44,ios,website,0.5464,0,0,0.0
7543,treatment,45+,android,app_store,0.6517,0,1,4.21
7544,treatment,35-44,ios,app_store,0.5791,1,0,26.83
7545,treatment,18-24,android,app_store,0.5301,0,1,0.0
7546,treatment,18-24,android,google_play,0.5042,0,0,0.17
7547,treatment,25-34,android,google_play,0.5721,1,0,6.06
7548,treatment,25-34,android,google_play,0.6293,0,0,1.88
7549,treatment,18-24,android,website,0.3001,1,0,9.17
7550,treatment,18-24,android,google_play,0.538,1,0,12.84
7551,treatment,25-34,android,app_store,0.5359,0,1,4.39
7552,treatment,18-24,ios,website,0.53,0,0,6.44
7553,treatment,18-24,android,app_store,0.4997,0,1,0.0
7554,treatment,45+,web,app_store,0.4904,1,0,15.24
7555,treatment,45+,ios,website,0.5196,0,0,2.66
7556,treatment,35-44,ios,app_store,0.582,1,0,17.22
7557,treatment,25-34,android,website,0.6834,1,0,22.8
7558,treatment,18-24,android,website,0.399,0,0,6.39
7559,treatment,35-44,android,referral,0.7311,1,0,23.31
7560,treatment,35-44,android,google_play,0.4967,0,1,4.37
7561,treatment,35-44,ios,website,0.5649,1,0,16.49
7562,treatment,35-44,web,google_play,0.6309,1,0,14.94
7563,treatment,25-34,android,website,0.4514,1,0,21.62
7564,treatment,45+,android,google_play,0.4259,0,0,0.47
7565,treatment,35-44,ios,google_play,0.6135,1,0,12.99
7566,treatment,18-24,android,google_play,0.5977,1,0,20.99
7567,treatment,25-34,ios,app_store,0.6126,1,0,22.49
7568,treatment,35-44,ios,app_store,0.7776,1,0,18.01
7569,treatment,25-34,ios,referral,0.6812,1,0,21.81
7570,treatment,25-34,android,website,0.4894,0,1,2.54
7571,treatment,35-44,android,website,0.3305,0,1,2.96
7572,treatment,35-44,ios,website,0.4619,1,0,20.2
7573,treatment,45+,android,app_store,0.4748,1,0,13.29
7574,treatment,25-34,ios,app_store,0.4808,1,0,22.31
7575,treatment,45+,ios,website,0.4806,1,0,16.55
7576,treatment,25-34,android,website,0.5439,1,0,16.94
7577,treatment,45+,android,website,0.4326,0,0,3.82
7578,treatment,25-34,ios,google_play,0.5943,1,0,22.99
7579,treatment,25-34,android,google_play,0.7326,0,1,0.0
7580,treatment,45+,ios,website,0.5013,0,1,0.0
7581,treatment,25-34,android,google_play,0.565,1,0,24.16
7582,treatment,35-44,ios,google_play,0.5565,1,0,20.93
7583,treatment,25-34,ios,app_store,0.6057,1,0,15.36
7584,treatment,25-34,android,app_store,0.5277,1,0,18.41
7585,treatment,35-44,android,website,0.6901,0,0,5.65
7586,treatment,18-24,ios,google_play,0.6115,0,0,9.09
7587,treatment,35-44,ios,website,0.6996,0,1,1.99
7588,treatment,18-24,android,website,0.4927,1,0,25.9
7589,treatment,35-44,android,google_play,0.6957,1,0,21.41
7590,treatment,35-44,ios,website,0.5059,0,0,0.17
7591,treatment,18-24,ios,app_store,0.576,1,0,14.35
7592,treatment,18-24,android,app_store,0.4465,1,0,25.26
7593,treatment,35-44,android,google_play,0.5608,1,0,26.49
7594,treatment,18-24,ios,website,0.5193,0,0,3.32
7595,treatment,35-44,android,app_store,0.5094,0,0,7.46
7596,treatment,45+,ios,google_play,0.429,1,0,20.13
7597,treatment,18-24,ios,referral,0.6647,1,0,17.6
7598,treatment,25-34,ios,referral,0.5016,1,0,19.14
7599,treatment,45+,android,referral,0.6612,0,1,0.0
7600,treatment,45+,android,app_store,0.4307,0,0,2.52
7601,treatment,18-24,ios,website,0.5613,0,0,1.61
7602,treatment,35-44,web,website,0.606,1,1,24.01
7603,treatment,25-34,web,app_store,0.4875,1,0,19.5
7604,treatment,35-44,ios,app_store,0.6628,0,1,2.65
7605,treatment,25-34,ios,app_store,0.6197,1,0,24.68
7606,treatment,25-34,web,website,0.5865,1,0,8.93
7607,treatment,25-34,android,website,0.6228,0,0,0.07
7608,treatment,18-24,web,app_store,0.5911,0,1,8.05
7609,treatment,25-34,android,app_store,0.4965,0,0,5.81
7610,treatment,25-34,ios,website,0.5551,1,0,8.5
7611,treatment,45+,android,website,0.3901,0,0,4.29
7612,treatment,25-34,ios,referral,0.5899,1,0,10.4
7613,treatment,35-44,android,app_store,0.625,1,0,15.44
7614,treatment,18-24,android,referral,0.5944,1,0,20.75
7615,treatment,45+,ios,app_store,0.5826,0,0,3.38
7616,treatment,25-34,web,google_play,0.609,1,0,17.59
7617,treatment,18-24,ios,referral,0.6213,0,0,0.54
7618,treatment,35-44,android,google_play,0.5596,1,0,24.92
7619,treatment,25-34,ios,google_play,0.7241,1,0,20.98
7620,treatment,25-34,ios,google_play,0.6694,1,0,13.17
7621,treatment,25-34,android,website,0.5243,0,1,3.94
7622,treatment,25-34,web,google_play,0.6761,1,0,16.14
7623,treatment,25-34,android,google_play,0.5348,1,0,14.71
7624,treatment,35-44,ios,app_store,0.6356,0,1,4.02
7625,treatment,18-24,android,referral,0.6176,1,0,28.03
7626,treatment,18-24,web,referral,0.4586,1,0,12.8
7627,treatment,18-24,ios,website,0.6938,0,0,5.52
7628,treatment,25-34,ios,referral,0.5889,1,0,23.13
7629,treatment,18-24,android,website,0.4398,1,0,20.93
7630,treatment,18-24,android,app_store,0.5176,1,0,23.48
7631,treatment,25-34,android,app_store,0.6252,0,0,3.25
7632,treatment,45+,ios,website,0.5628,1,0,20.95
7633,treatment,18-24,ios,google_play,0.6859,0,0,3.94
7634,treatment,18-24,android,app_store,0.5109,0,0,0.0
7635,treatment,35-44,android,app_store,0.6124,1,0,11.75
7636,treatment,25-34,android,referral,0.4729,1,0,24.33
7637,treatment,18-24,ios,app_store,0.4703,1,0,15.25
7638,treatment,45+,android,google_play,0.4987,1,0,16.05
7639,treatment,35-44,ios,website,0.6146,0,1,6.26
7640,treatment,25-34,ios,website,0.5623,1,0,17.26
7641,treatment,25-34,android,app_store,0.6079,0,0,6.06
7642,treatment,35-44,android,website,0.5415,1,0,17.36
7643,treatment,18-24,ios,google_play,0.5473,1,0,11.82
7644,treatment,45+,web,app_store,0.698,0,0,7.16
7645,treatment,18-24,android,website,0.4549,1,0,13.06
7646,treatment,25-34,android,referral,0.677,0,1,8.04
7647,treatment,25-34,ios,website,0.4615,1,0,21.44
7648,treatment,35-44,android,app_store,0.5959,0,0,1.62
7649,treatment,35-44,android,app_store,0.532,1,0,21.57
7650,treatment,35-44,android,google_play,0.7544,0,1,1.83
7651,treatment,25-34,android,app_store,0.5214,1,0,13.41
7652,treatment,35-44,ios,app_store,0.6235,0,0,4.26
7653,treatment,45+,web,app_store,0.4401,1,0,22.67
7654,treatment,18-24,web,app_store,0.4553,1,0,19.66
7655,treatment,25-34,ios,google_play,0.6099,1,0,13.58
7656,treatment,25-34,android,app_store,0.595,1,0,9.91
7657,treatment,35-44,android,app_store,0.6706,1,0,16.94
7658,treatment,18-24,android,app_store,0.4697,1,0,11.43
7659,treatment,18-24,ios,google_play,0.5183,1,0,17.41
7660,treatment,35-44,android,google_play,0.6988,1,0,17.79
7661,treatment,35-44,android,app_store,0.7135,1,0,22.27
7662,treatment,25-34,android,google_play,0.5693,0,0,5.83
7663,treatment,35-44,android,app_store,0.6233,1,1,23.89
7664,treatment,35-44,ios,website,0.7196,0,0,3.44
7665,treatment,18-24,web,google_play,0.7479,1,0,15.59
7666,treatment,25-34,ios,website,0.5995,1,0,20.64
7667,treatment,25-34,android,website,0.5863,1,0,20.54
7668,treatment,35-44,android,google_play,0.6066,0,0,4.86
7669,treatment,35-44,ios,google_play,0.5176,1,0,29.46
7670,treatment,35-44,web,google_play,0.6337,1,0,21.99
7671,treatment,25-34,ios,google_play,0.7257,0,0,7.76
7672,treatment,25-34,android,google_play,0.5157,1,0,11.5
7673,treatment,25-34,ios,app_store,0.4576,1,0,12.16
7674,treatment,25-34,android,google_play,0.6233,1,0,13.36
7675,treatment,35-44,android,google_play,0.4555,1,0,18.09
7676,treatment,45+,web,app_store,0.3802,0,0,2.99
7677,treatment,25-34,web,referral,0.4752,1,0,19.58
7678,treatment,35-44,android,app_store,0.4258,0,0,9.45
7679,treatment,18-24,ios,app_store,0.6406,0,0,3.18
7680,treatment,35-44,android,website,0.5571,1,0,20.9
7681,treatment,35-44,android,website,0.7105,1,0,18.46
7682,treatment,35-44,web,google_play,0.6648,0,0,7.4
7683,treatment,45+,ios,google_play,0.7109,0,0,5.79
7684,treatment,45+,android,app_store,0.4445,1,0,17.7
7685,treatment,25-34,ios,referral,0.665,1,0,23.77
7686,treatment,45+,android,website,0.3541,0,0,5.7
7687,treatment,35-44,ios,app_store,0.6038,1,0,23.18
7688,treatment,25-34,web,website,0.6508,1,0,18.27
7689,treatment,18-24,ios,app_store,0.5528,1,0,21.99
7690,treatment,45+,ios,google_play,0.5272,0,0,2.68
7691,treatment,45+,android,google_play,0.5042,1,0,11.9
7692,treatment,25-34,ios,website,0.5775,1,0,15.25
7693,treatment,25-34,web,referral,0.6176,0,0,5.7
7694,treatment,18-24,android,google_play,0.6326,0,0,5.42
7695,treatment,18-24,android,website,0.4183,1,0,13.88
7696,treatment,35-44,android,website,0.5295,1,0,26.26
7697,treatment,25-34,ios,app_store,0.6138,1,0,12.04
7698,treatment,35-44,android,website,0.4737,1,0,18.99
7699,treatment,25-34,ios,referral,0.6003,0,0,2.01
7700,treatment,35-44,android,google_play,0.6573,1,0,19.17
7701,treatment,35-44,web,google_play,0.5401,1,0,10.49
7702,treatment,45+,android,website,0.6779,1,0,8.0
7703,treatment,25-34,ios,website,0.6969,0,1,1.31
7704,treatment,25-34,web,app_store,0.5902,0,0,5.95
7705,treatment,18-24,ios,app_store,0.6021,0,0,4.17
7706,treatment,45+,android,website,0.5176,0,0,0.0
7707,treatment,45+,web,app_store,0.5508,1,0,23.81
7708,treatment,25-34,android,website,0.5336,1,0,19.33
7709,treatment,25-34,ios,google_play,0.8361,1,0,22.52
7710,treatment,35-44,android,app_store,0.5285,1,0,15.97
7711,treatment,35-44,android,website,0.515,1,0,7.24
7712,treatment,35-44,ios,app_store,0.6318,1,0,26.93
7713,treatment,18-24,ios,google_play,0.6176,0,0,2.88
7714,treatment,45+,web,google_play,0.6769,1,0,23.93
7715,treatment,25-34,ios,website,0.5659,1,0,15.69
7716,treatment,35-44,android,app_store,0.6323,1,0,18.56
7717,treatment,18-24,ios,website,0.5468,0,0,0.0
7718,treatment,18-24,android,referral,0.5394,1,0,13.03
7719,treatment,18-24,android,google_play,0.6253,1,0,26.89
7720,treatment,25-34,android,app_store,0.6003,0,0,6.64
7721,treatment,45+,android,app_store,0.5751,0,1,7.76
7722,treatment,35-44,android,google_play,0.5726,0,0,5.25
7723,treatment,45+,android,google_play,0.4627,0,0,4.4
7724,treatment,35-44,android,google_play,0.5685,1,0,23.73
7725,treatment,18-24,ios,google_play,0.5899,0,0,6.79
7726,treatment,35-44,android,website,0.6354,0,0,4.59
7727,treatment,35-44,web,website,0.7237,1,0,18.57
7728,treatment,45+,web,website,0.48,1,0,23.75
7729,treatment,25-34,web,app_store,0.7251,1,0,11.78
7730,treatment,25-34,android,google_play,0.6261,1,0,16.2
7731,treatment,35-44,android,website,0.4925,1,0,9.63
7732,treatment,35-44,ios,website,0.5955,0,0,0.07
7733,treatment,25-34,android,app_store,0.6275,0,0,4.26
7734,treatment,18-24,android,app_store,0.5837,1,0,22.65
7735,treatment,25-34,android,website,0.4876,1,0,28.95
7736,treatment,35-44,ios,google_play,0.6075,1,1,17.33
7737,treatment,25-34,ios,google_play,0.5892,0,0,2.05
7738,treatment,35-44,android,app_store,0.5702,1,0,17.56
7739,treatment,25-34,android,google_play,0.6004,1,1,19.45
7740,treatment,25-34,ios,app_store,0.757,0,0,9.99
7741,treatment,25-34,ios,app_store,0.5723,0,1,3.53
7742,treatment,18-24,ios,google_play,0.4348,1,0,11.43
7743,treatment,25-34,ios,website,0.4297,0,0,4.89
7744,treatment,35-44,ios,referral,0.7213,0,1,3.8
7745,treatment,25-34,android,app_store,0.5224,1,0,17.77
7746,treatment,25-34,android,app_store,0.5876,1,0,16.4
7747,treatment,35-44,android,app_store,0.5294,1,0,30.43
7748,treatment,25-34,android,referral,0.5841,1,0,14.97
7749,treatment,25-34,web,app_store,0.55,0,0,0.0
7750,treatment,35-44,ios,referral,0.6011,1,0,14.4
7751,treatment,25-34,ios,website,0.6649,0,0,1.74
7752,treatment,25-34,android,website,0.6308,1,0,10.4
7753,treatment,18-24,ios,app_store,0.6072,1,0,16.87
7754,treatment,25-34,android,website,0.6895,1,0,27.68
7755,treatment,25-34,android,app_store,0.4608,1,0,10.38
7756,treatment,45+,ios,website,0.4791,1,0,9.69
7757,treatment,18-24,android,website,0.4481,0,1,6.18
7758,treatment,35-44,android,website,0.6028,1,0,16.8
7759,treatment,35-44,android,website,0.4452,1,0,15.71
7760,treatment,25-34,android,referral,0.6494,1,0,24.48
7761,treatment,25-34,android,google_play,0.4606,1,0,14.67
7762,treatment,18-24,ios,google_play,0.6258,0,0,0.0
7763,treatment,25-34,android,app_store,0.6584,1,0,22.8
7764,treatment,45+,android,app_store,0.4054,0,0,3.28
7765,treatment,18-24,android,app_store,0.4866,0,1,3.09
7766,treatment,25-34,android,app_store,0.6612,1,0,6.3
7767,treatment,25-34,ios,app_store,0.7174,0,1,0.0
7768,treatment,35-44,ios,app_store,0.5118,0,0,2.78
7769,treatment,25-34,ios,app_store,0.6361,0,1,0.0
7770,treatment,25-34,ios,website,0.6183,1,1,23.73
7771,treatment,18-24,ios,google_play,0.5653,1,0,17.61
7772,treatment,45+,android,referral,0.6409,0,0,2.64
7773,treatment,25-34,ios,google_play,0.5722,1,0,23.85
7774,treatment,18-24,android,app_store,0.4828,1,0,14.5
7775,treatment,35-44,android,website,0.4933,0,1,4.89
7776,treatment,35-44,ios,website,0.6056,0,1,3.5
7777,treatment,25-34,ios,google_play,0.5945,1,0,23.04
7778,treatment,45+,android,app_store,0.5658,1,0,20.63
7779,treatment,25-34,web,referral,0.5782,0,1,5.76
7780,treatment,35-44,ios,referral,0.6427,0,1,1.67
7781,treatment,35-44,ios,referral,0.6762,1,0,14.64
7782,treatment,25-34,ios,google_play,0.5538,0,0,3.18
7783,treatment,25-34,ios,app_store,0.6916,1,1,21.72
7784,treatment,18-24,web,google_play,0.5951,1,0,20.29
7785,treatment,18-24,ios,google_play,0.6225,0,0,6.31
7786,treatment,25-34,android,app_store,0.4886,0,0,0.48
7787,treatment,45+,ios,app_store,0.6639,0,0,0.0
7788,treatment,25-34,android,referral,0.4522,1,0,15.13
7789,treatment,25-34,ios,app_store,0.6695,0,0,1.16
7790,treatment,18-24,web,app_store,0.5415,1,1,12.35
7791,treatment,25-34,web,google_play,0.6438,0,1,2.75
7792,treatment,25-34,ios,referral,0.6232,1,0,10.34
7793,treatment,45+,android,referral,0.5372,1,0,14.67
7794,treatment,18-24,ios,app_store,0.6164,1,0,12.21
7795,treatment,18-24,android,website,0.4804,0,0,0.0
7796,treatment,18-24,web,referral,0.5777,0,0,0.0
7797,treatment,25-34,android,website,0.5503,1,0,12.12
7798,treatment,25-34,ios,app_store,0.786,0,0,5.36
7799,treatment,18-24,android,website,0.3527,0,0,2.48
7800,treatment,25-34,ios,google_play,0.7242,1,0,18.67
7801,treatment,25-34,web,google_play,0.6267,1,0,16.77
7802,treatment,18-24,ios,google_play,0.5968,0,1,5.79
7803,treatment,35-44,ios,app_store,0.5287,1,0,21.01
7804,treatment,35-44,android,website,0.6427,1,0,21.18
7805,treatment,25-34,android,google_play,0.4898,1,0,16.88
7806,treatment,35-44,ios,app_store,0.7483,1,0,17.78
7807,treatment,25-34,android,google_play,0.537,1,0,10.92
7808,treatment,18-24,ios,website,0.6383,1,0,13.79
7809,treatment,35-44,android,google_play,0.5437,1,0,22.41
7810,treatment,35-44,android,website,0.4758,1,0,14.68
7811,treatment,25-34,ios,website,0.5626,1,0,16.47
7812,treatment,25-34,ios,website,0.5109,1,1,21.58
7813,treatment,25-34,web,google_play,0.5714,1,0,19.41
7814,treatment,25-34,android,google_play,0.7152,0,0,3.51
7815,treatment,25-34,android,google_play,0.536,0,0,2.61
7816,treatment,35-44,android,google_play,0.6142,1,0,22.84
7817,treatment,18-24,web,google_play,0.6676,1,0,14.0
7818,treatment,35-44,ios,website,0.6093,1,0,19.88
7819,treatment,45+,web,website,0.5603,0,0,2.47
7820,treatment,18-24,web,app_store,0.5748,1,0,21.19
7821,treatment,25-34,android,referral,0.6802,1,1,21.71
7822,treatment,25-34,android,referral,0.5949,0,0,3.88
7823,treatment,35-44,android,app_store,0.6368,1,0,24.26
7824,treatment,45+,ios,referral,0.7149,1,0,22.12
7825,treatment,45+,web,google_play,0.4938,0,1,2.44
7826,treatment,25-34,android,app_store,0.6037,1,0,19.26
7827,treatment,35-44,ios,website,0.5359,0,0,4.41
7828,treatment,25-34,android,app_store,0.6531,0,0,6.9
7829,treatment,35-44,ios,website,0.4566,0,1,0.0
7830,treatment,45+,android,website,0.4365,1,0,24.4
7831,treatment,35-44,ios,google_play,0.7207,1,0,8.64
7832,treatment,18-24,ios,google_play,0.5579,0,0,5.08
7833,treatment,25-34,android,app_store,0.4269,1,0,20.59
7834,treatment,35-44,web,google_play,0.5485,0,0,2.76
7835,treatment,18-24,ios,google_play,0.5154,1,0,21.47
7836,treatment,25-34,android,website,0.656,0,0,0.0
7837,treatment,35-44,android,referral,0.6833,1,0,13.21
7838,treatment,35-44,android,google_play,0.6715,1,0,11.64
7839,treatment,35-44,android,google_play,0.5015,1,0,14.02
7840,treatment,18-24,android,google_play,0.5303,1,0,24.18
7841,treatment,35-44,android,google_play,0.7245,1,0,25.35
7842,treatment,35-44,web,app_store,0.6716,1,0,17.43
7843,treatment,18-24,web,google_play,0.4993,0,0,4.15
7844,treatment,25-34,android,google_play,0.6428,0,1,10.36
7845,treatment,35-44,ios,website,0.4872,1,0,15.49
7846,treatment,25-34,android,app_store,0.5013,0,0,1.07
7847,treatment,25-34,ios,google_play,0.4693,1,0,23.46
7848,treatment,18-24,android,website,0.4709,0,0,1.6
7849,treatment,35-44,android,website,0.6006,1,0,12.18
7850,treatment,25-34,android,google_play,0.5028,1,1,23.2
7851,treatment,25-34,ios,referral,0.6326,1,0,26.13
7852,treatment,25-34,ios,website,0.5028,0,1,1.72
7853,treatment,18-24,ios,website,0.4726,1,0,17.79
7854,treatment,25-34,android,website,0.4462,1,0,23.31
7855,treatment,18-24,ios,website,0.6192,0,0,0.77
7856,treatment,25-34,android,referral,0.5446,1,1,23.61
7857,treatment,25-34,android,app_store,0.55,1,0,26.68
7858,treatment,25-34,android,google_play,0.5379,1,0,10.59
7859,treatment,25-34,android,website,0.5551,1,0,9.95
7860,treatment,18-24,ios,app_store,0.7591,0,0,0.0
7861,treatment,25-34,ios,app_store,0.8328,0,0,1.63
7862,treatment,18-24,ios,google_play,0.5524,1,0,10.45
7863,treatment,25-34,android,google_play,0.6134,0,1,7.4
7864,treatment,18-24,android,website,0.5569,1,0,12.22
7865,treatment,18-24,ios,google_play,0.6705,1,0,15.56
7866,treatment,25-34,android,app_store,0.6209,1,0,20.16
7867,treatment,45+,android,website,0.5486,0,0,0.53
7868,treatment,18-24,android,app_store,0.5531,0,1,3.53
7869,treatment,35-44,web,referral,0.5797,0,0,5.82
7870,treatment,18-24,android,google_play,0.6181,1,1,36.58
7871,treatment,25-34,android,app_store,0.5812,0,0,4.86
7872,treatment,25-34,ios,google_play,0.6469,1,0,8.51
7873,treatment,18-24,web,website,0.3818,1,0,22.14
7874,treatment,35-44,android,referral,0.5587,1,0,19.84
7875,treatment,18-24,android,google_play,0.4994,1,1,21.0
7876,treatment,35-44,web,referral,0.6724,0,0,3.14
7877,treatment,35-44,web,google_play,0.7539,0,0,6.66
7878,treatment,35-44,ios,app_store,0.6925,1,0,16.49
7879,treatment,18-24,android,google_play,0.5156,0,0,4.6
7880,treatment,25-34,android,website,0.4512,0,0,4.23
7881,treatment,35-44,web,app_store,0.7,1,0,18.63
7882,treatment,25-34,ios,app_store,0.6357,0,0,2.32
7883,treatment,35-44,android,website,0.2941,1,0,24.7
7884,treatment,25-34,android,google_play,0.6636,1,0,26.26
7885,treatment,35-44,android,website,0.5801,0,0,10.46
7886,treatment,35-44,ios,app_store,0.4582,1,1,18.78
7887,treatment,25-34,ios,google_play,0.6699,1,0,19.37
7888,treatment,45+,android,google_play,0.5169,1,0,19.74
7889,treatment,35-44,ios,referral,0.5549,1,1,13.27
7890,treatment,18-24,ios,app_store,0.7232,0,1,6.69
7891,treatment,18-24,ios,app_store,0.5952,0,1,2.55
7892,treatment,35-44,android,app_store,0.5513,1,0,21.57
7893,treatment,35-44,web,referral,0.5674,0,0,0.0
7894,treatment,45+,android,app_store,0.4847,1,0,21.42
7895,treatment,35-44,ios,website,0.5773,0,1,8.14
7896,treatment,25-34,android,google_play,0.6261,0,0,1.19
7897,treatment,18-24,ios,website,0.5008,0,0,1.97
7898,treatment,25-34,ios,google_play,0.5869,1,0,15.29
7899,treatment,25-34,android,google_play,0.5926,1,0,15.3
7900,treatment,45+,ios,referral,0.535,0,1,8.42
7901,treatment,35-44,ios,app_store,0.6207,0,1,4.04
7902,treatment,45+,android,website,0.5705,1,0,12.44
7903,treatment,35-44,android,referral,0.5812,0,0,0.7
7904,treatment,35-44,android,app_store,0.5759,1,0,5.96
7905,treatment,35-44,web,website,0.4949,0,0,0.89
7906,treatment,35-44,android,app_store,0.6744,1,0,10.72
7907,treatment,25-34,ios,app_store,0.4708,1,0,10.99
7908,treatment,35-44,android,app_store,0.5196,1,0,15.72
7909,treatment,25-34,ios,website,0.6231,0,1,0.0
7910,treatment,45+,ios,app_store,0.524,0,0,3.06
7911,treatment,35-44,ios,google_play,0.7066,1,0,20.39
7912,treatment,25-34,ios,website,0.5505,0,0,4.7
7913,treatment,25-34,ios,app_store,0.5522,0,0,4.39
7914,treatment,25-34,web,app_store,0.5662,1,0,2.97
7915,treatment,35-44,ios,app_store,0.5227,1,1,15.16
7916,treatment,18-24,ios,app_store,0.4899,0,0,8.1
7917,treatment,18-24,ios,google_play,0.639,1,0,30.82
7918,treatment,25-34,ios,google_play,0.5953,0,0,6.41
7919,treatment,25-34,ios,referral,0.6336,1,0,18.35
7920,treatment,45+,ios,website,0.506,0,1,0.5
7921,treatment,35-44,web,referral,0.5005,0,0,8.0
7922,treatment,25-34,web,website,0.4113,0,1,2.94
7923,treatment,45+,ios,referral,0.5965,1,0,16.51
7924,treatment,25-34,ios,app_store,0.5732,1,0,24.89
7925,treatment,45+,android,app_store,0.4784,1,0,0.0
7926,treatment,45+,ios,google_play,0.5952,0,1,3.25
7927,treatment,35-44,ios,google_play,0.5612,1,0,9.15
7928,treatment,25-34,web,website,0.4907,1,0,21.32
7929,treatment,35-44,ios,google_play,0.6078,1,0,27.71
7930,treatment,25-34,ios,referral,0.6629,1,0,20.96
7931,treatment,25-34,android,app_store,0.5372,0,0,10.59
7932,treatment,25-34,ios,google_play,0.5654,0,0,4.25
7933,treatment,25-34,android,website,0.6615,0,0,8.7
7934,treatment,18-24,ios,app_store,0.5592,0,1,0.0
7935,treatment,45+,android,website,0.5084,1,0,19.26
7936,treatment,18-24,android,website,0.3313,0,0,0.0
7937,treatment,25-34,ios,app_store,0.5029,0,1,4.88
7938,treatment,25-34,ios,google_play,0.6629,1,0,16.08
7939,treatment,25-34,android,website,0.5067,1,0,16.81
7940,treatment,35-44,ios,website,0.5551,1,0,16.72
7941,treatment,35-44,android,google_play,0.52,0,1,7.28
7942,treatment,35-44,android,website,0.6239,0,0,4.2
7943,treatment,35-44,android,app_store,0.6384,1,0,19.13
7944,treatment,35-44,android,google_play,0.5908,0,0,3.56
7945,treatment,25-34,ios,app_store,0.6257,0,0,6.09
7946,treatment,25-34,ios,google_play,0.5916,0,1,2.71
7947,treatment,25-34,ios,app_store,0.5513,0,0,0.0
7948,treatment,25-34,ios,website,0.5245,0,0,6.96
7949,treatment,45+,android,referral,0.5872,1,0,15.36
7950,treatment,35-44,ios,referral,0.6244,0,0,4.51
7951,treatment,25-34,ios,google_play,0.6206,0,0,6.25
7952,treatment,18-24,ios,website,0.4816,0,0,0.0
7953,treatment,35-44,ios,referral,0.7312,0,0,0.56
7954,treatment,45+,android,google_play,0.454,0,1,0.0
7955,treatment,45+,android,google_play,0.6282,0,1,2.25
7956,treatment,35-44,android,app_store,0.5401,1,0,24.35
7957,treatment,35-44,ios,app_store,0.5802,1,0,17.85
7958,treatment,18-24,android,referral,0.7063,1,0,26.48
7959,treatment,18-24,ios,app_store,0.4707,1,0,19.96
7960,treatment,25-34,ios,app_store,0.603,1,0,14.58
7961,treatment,35-44,android,website,0.6269,1,0,13.91
7962,treatment,45+,ios,website,0.3725,1,0,27.49
7963,treatment,45+,android,app_store,0.5167,1,0,22.69
7964,treatment,25-34,web,website,0.4129,0,0,2.85
7965,treatment,25-34,android,google_play,0.5789,1,0,18.81
7966,treatment,25-34,ios,app_store,0.7689,0,0,1.9
7967,treatment,25-34,android,google_play,0.3879,0,0,0.0
7968,treatment,35-44,ios,website,0.58,0,1,3.81
7969,treatment,35-44,ios,app_store,0.5896,1,0,10.53
7970,treatment,45+,android,app_store,0.4154,1,0,15.83
7971,treatment,25-34,android,referral,0.4736,1,0,10.44
7972,treatment,35-44,android,referral,0.7039,1,0,16.88
7973,treatment,45+,ios,google_play,0.5618,1,0,12.02
7974,treatment,35-44,ios,app_store,0.4773,0,0,3.75
7975,treatment,18-24,android,app_store,0.4407,0,1,6.0
7976,treatment,25-34,android,app_store,0.5221,0,0,4.63
7977,treatment,18-24,web,app_store,0.4003,1,0,9.16
7978,treatment,18-24,android,website,0.483,1,0,8.01
7979,treatment,25-34,ios,app_store,0.6264,0,1,0.0
7980,treatment,35-44,android,app_store,0.6053,0,0,7.19
7981,treatment,18-24,android,website,0.6377,0,1,11.38
7982,treatment,25-34,android,app_store,0.4907,0,0,1.08
7983,treatment,25-34,web,app_store,0.5382,1,0,11.86
7984,treatment,35-44,ios,google_play,0.5938,1,0,26.32
7985,treatment,18-24,android,app_store,0.5844,1,0,15.49
7986,treatment,18-24,ios,website,0.5756,1,0,17.53
7987,treatment,35-44,android,app_store,0.4955,1,0,18.98
7988,treatment,25-34,web,app_store,0.6916,1,0,13.89
7989,treatment,18-24,android,google_play,0.4534,0,1,0.71
7990,treatment,35-44,web,website,0.6243,0,0,3.22
7991,treatment,25-34,ios,app_store,0.6695,1,0,15.53
7992,treatment,25-34,android,referral,0.6278,0,0,0.0
7993,treatment,35-44,web,referral,0.5996,1,0,12.61
7994,treatment,18-24,web,google_play,0.5111,0,0,3.0
7995,treatment,18-24,ios,app_store,0.5945,1,0,14.67
7996,treatment,25-34,ios,app_store,0.6481,1,0,20.98
7997,treatment,18-24,ios,referral,0.6428,0,0,0.7
7998,treatment,18-24,android,app_store,0.5728,1,0,28.88
7999,treatment,25-34,web,app_store,0.6034,0,1,3.69
8000,treatment,25-34,android,google_play,0.6891,0,1,3.77
8001,treatment,35-44,ios,app_store,0.578,1,0,14.91
8002,treatment,35-44,ios,app_store,0.6294,0,1,2.54
8003,treatment,45+,web,app_store,0.4613,1,0,6.66
8004,treatment,25-34,ios,website,0.7615,1,0,18.0
8005,treatment,25-34,ios,app_store,0.6671,0,0,10.59
8006,treatment,25-34,ios,website,0.6471,0,0,6.73
8007,treatment,18-24,ios,google_play,0.6017,1,0,8.21
8008,treatment,18-24,android,app_store,0.5115,1,0,19.74
8009,treatment,18-24,web,website,0.6997,1,0,20.67
8010,treatment,35-44,android,website,0.6432,1,0,27.11
8011,treatment,25-34,ios,website,0.5403,0,0,0.66
8012,treatment,18-24,android,app_store,0.4942,0,0,11.73
8013,treatment,35-44,ios,website,0.6038,0,1,3.91
8014,treatment,25-34,ios,website,0.5227,1,0,13.03
8015,treatment,45+,web,referral,0.5082,0,1,0.0
8016,treatment,35-44,android,website,0.4244,1,0,17.29
8017,treatment,25-34,ios,google_play,0.4244,1,0,19.24
8018,treatment,25-34,android,website,0.6842,1,0,11.15
8019,treatment,45+,ios,app_store,0.4955,0,1,5.75
8020,treatment,35-44,ios,google_play,0.6117,0,1,5.39
8021,treatment,45+,android,website,0.4615,1,0,18.05
8022,treatment,18-24,ios,google_play,0.6217,1,0,12.85
8023,treatment,35-44,ios,app_store,0.6881,1,0,18.12
8024,treatment,25-34,ios,app_store,0.6883,0,0,10.13
8025,treatment,25-34,ios,app_store,0.652,1,0,12.45
8026,treatment,18-24,android,website,0.4546,1,0,7.45
8027,treatment,35-44,ios,website,0.6872,0,0,2.16
8028,treatment,25-34,ios,website,0.5517,0,0,0.58
8029,treatment,35-44,ios,referral,0.7385,0,0,0.0
8030,treatment,18-24,ios,google_play,0.4428,0,0,4.97
8031,treatment,45+,ios,website,0.6001,1,0,10.08
8032,treatment,25-34,ios,google_play,0.5447,1,0,9.46
8033,treatment,45+,web,website,0.35,0,0,6.45
8034,treatment,35-44,ios,website,0.4821,1,0,26.41
8035,treatment,18-24,android,referral,0.5622,1,0,33.52
8036,treatment,35-44,ios,website,0.7689,0,1,0.0
8037,treatment,35-44,ios,app_store,0.6103,1,0,20.36
8038,treatment,18-24,ios,website,0.507,1,0,9.59
8039,treatment,18-24,android,app_store,0.5775,1,0,18.43
8040,treatment,45+,android,google_play,0.4599,0,0,2.94
8041,treatment,45+,ios,app_store,0.524,1,0,5.15
8042,treatment,35-44,android,google_play,0.5681,1,0,21.17
8043,treatment,18-24,android,website,0.6334,0,0,3.49
8044,treatment,25-34,ios,app_store,0.6121,1,0,21.63
8045,treatment,25-34,android,app_store,0.6259,1,1,10.44
8046,treatment,35-44,ios,google_play,0.579,1,1,30.69
8047,treatment,25-34,android,app_store,0.4749,0,0,4.45
8048,treatment,25-34,android,app_store,0.6191,1,0,20.0
8049,treatment,35-44,web,website,0.5762,1,0,26.28
8050,treatment,45+,ios,website,0.5784,0,1,3.45
8051,treatment,18-24,web,google_play,0.4651,0,1,0.28
8052,treatment,25-34,ios,app_store,0.5986,1,0,24.54
8053,treatment,25-34,ios,google_play,0.5129,1,0,17.09
8054,treatment,25-34,android,referral,0.5564,1,0,23.8
8055,treatment,25-34,android,google_play,0.4604,0,0,3.08
8056,treatment,18-24,android,google_play,0.5033,1,0,31.03
8057,treatment,18-24,android,google_play,0.6306,1,0,17.66
8058,treatment,35-44,web,app_store,0.5273,1,0,14.17
8059,treatment,25-34,ios,app_store,0.5363,0,0,4.67
8060,treatment,35-44,ios,website,0.5726,1,0,15.08
8061,treatment,18-24,ios,app_store,0.5413,1,0,12.7
8062,treatment,35-44,android,website,0.6076,1,0,25.99
8063,treatment,35-44,web,google_play,0.5021,0,0,0.0
8064,treatment,35-44,ios,google_play,0.4357,0,0,7.15
8065,treatment,25-34,android,google_play,0.5811,0,0,9.21
8066,treatment,35-44,ios,app_store,0.7613,1,0,15.85
8067,treatment,45+,android,google_play,0.4905,0,0,4.41
8068,treatment,25-34,ios,google_play,0.6477,0,0,0.44
8069,treatment,18-24,ios,website,0.5096,1,0,24.76
8070,treatment,25-34,web,website,0.5956,1,0,10.15
8071,treatment,45+,web,website,0.4424,0,1,7.02
8072,treatment,18-24,android,google_play,0.5201,0,0,3.45
8073,treatment,18-24,android,app_store,0.6471,0,0,0.37
8074,treatment,45+,web,app_store,0.5975,0,1,0.91
8075,treatment,25-34,ios,app_store,0.5507,0,1,5.18
8076,treatment,18-24,ios,app_store,0.5027,0,0,0.0
8077,treatment,35-44,ios,app_store,0.5783,1,0,21.15
8078,treatment,18-24,ios,website,0.4261,1,0,18.88
8079,treatment,25-34,ios,google_play,0.5718,0,0,1.99
8080,treatment,18-24,web,app_store,0.5163,1,0,20.78
8081,treatment,35-44,ios,website,0.5241,1,0,13.05
8082,treatment,35-44,android,website,0.5869,1,0,16.18
8083,treatment,18-24,android,app_store,0.3821,1,0,15.52
8084,treatment,25-34,web,app_store,0.4816,0,0,0.0
8085,treatment,45+,ios,google_play,0.5987,1,0,15.84
8086,treatment,25-34,ios,app_store,0.7581,0,0,0.0
8087,treatment,45+,android,app_store,0.5162,0,0,1.4
8088,treatment,45+,web,google_play,0.4493,1,0,7.47
8089,treatment,25-34,ios,google_play,0.527,1,0,11.71
8090,treatment,35-44,web,website,0.526,1,0,12.31
8091,treatment,35-44,android,app_store,0.6873,1,0,20.34
8092,treatment,35-44,android,referral,0.6571,1,0,12.08
8093,treatment,35-44,android,app_store,0.487,1,0,10.34
8094,treatment,25-34,android,google_play,0.605,1,0,15.54
8095,treatment,45+,web,app_store,0.6208,1,0,29.23
8096,treatment,25-34,android,app_store,0.6605,0,1,0.0
8097,treatment,35-44,ios,website,0.6924,1,0,22.04
8098,treatment,45+,ios,app_store,0.6,1,0,19.97
8099,treatment,25-34,android,app_store,0.4634,0,0,10.94
8100,treatment,35-44,ios,website,0.5214,1,0,19.63
8101,treatment,35-44,web,app_store,0.7352,1,0,18.13
8102,treatment,45+,ios,website,0.4688,0,0,3.56
8103,treatment,25-34,android,referral,0.4443,1,0,17.66
8104,treatment,35-44,web,app_store,0.6445,0,0,5.95
8105,treatment,18-24,ios,app_store,0.641,1,0,14.67
8106,treatment,18-24,web,google_play,0.5296,1,0,36.1
8107,treatment,18-24,ios,website,0.56,1,0,23.04
8108,treatment,25-34,android,referral,0.5297,1,0,16.74
8109,treatment,25-34,android,website,0.4889,0,0,2.53
8110,treatment,18-24,web,website,0.3413,1,0,17.79
8111,treatment,18-24,web,google_play,0.4501,1,0,17.62
8112,treatment,25-34,android,website,0.6409,0,1,5.75
8113,treatment,45+,android,website,0.1908,1,0,19.68
8114,treatment,18-24,android,app_store,0.485,0,0,8.71
8115,treatment,25-34,android,website,0.4833,1,0,12.15
8116,treatment,35-44,android,website,0.5936,0,1,3.33
8117,treatment,45+,android,referral,0.3553,1,0,12.09
8118,treatment,35-44,android,website,0.4849,1,0,15.08
8119,treatment,25-34,ios,website,0.5189,0,0,1.61
8120,treatment,18-24,web,referral,0.5884,1,0,22.64
8121,treatment,18-24,android,app_store,0.5152,1,0,14.12
8122,treatment,35-44,ios,google_play,0.5035,1,0,26.35
8123,treatment,25-34,android,referral,0.5689,1,0,26.69
8124,treatment,25-34,ios,website,0.5038,0,1,6.06
8125,treatment,18-24,web,referral,0.5931,1,0,11.13
8126,treatment,25-34,android,app_store,0.5463,1,0,26.6
8127,treatment,25-34,ios,app_store,0.7459,0,0,1.94
8128,treatment,25-34,android,app_store,0.5129,1,0,15.98
8129,treatment,18-24,android,app_store,0.4706,1,0,21.08
8130,treatment,25-34,android,website,0.4834,1,0,12.83
8131,treatment,18-24,android,google_play,0.5106,1,1,25.47
8132,treatment,25-34,android,app_store,0.6333,0,0,6.36
8133,treatment,35-44,ios,website,0.5506,0,1,14.19
8134,treatment,25-34,android,website,0.4944,1,0,19.79
8135,treatment,18-24,ios,app_store,0.5846,1,1,17.2
8136,treatment,35-44,android,google_play,0.5203,1,0,30.03
8137,treatment,25-34,android,website,0.5765,0,0,0.0
8138,treatment,25-34,ios,app_store,0.5758,1,0,19.37
8139,treatment,18-24,ios,website,0.4438,0,0,3.01
8140,treatment,45+,web,website,0.3189,0,1,7.93
8141,treatment,25-34,ios,website,0.4778,0,0,14.69
8142,treatment,25-34,ios,app_store,0.5895,1,0,13.95
8143,treatment,18-24,web,website,0.4786,1,0,24.94
8144,treatment,35-44,android,app_store,0.5633,1,0,26.35
8145,treatment,25-34,web,referral,0.4876,1,1,25.89
8146,treatment,35-44,android,app_store,0.5691,1,0,19.47
8147,treatment,18-24,android,app_store,0.3918,0,0,6.08
8148,treatment,25-34,android,website,0.4244,1,0,12.29
8149,treatment,35-44,ios,google_play,0.7228,1,0,28.65
8150,treatment,25-34,ios,google_play,0.6052,1,0,11.53
8151,treatment,18-24,android,app_store,0.5498,1,0,12.18
8152,treatment,35-44,android,website,0.658,1,0,16.3
8153,treatment,45+,ios,google_play,0.5388,0,0,1.45
8154,treatment,25-34,ios,google_play,0.6903,1,0,20.61
8155,treatment,35-44,web,app_store,0.6244,1,0,16.11
8156,treatment,25-34,web,google_play,0.5259,1,0,12.79
8157,treatment,35-44,ios,google_play,0.6218,1,0,11.28
8158,treatment,35-44,ios,app_store,0.5633,0,0,7.78
8159,treatment,35-44,ios,app_store,0.6723,1,0,21.17
8160,treatment,25-34,ios,website,0.6431,0,0,0.0
8161,treatment,18-24,ios,app_store,0.444,0,0,5.8
8162,treatment,25-34,ios,referral,0.563,1,0,16.08
8163,treatment,35-44,android,app_store,0.5547,1,0,8.53
8164,treatment,35-44,web,app_store,0.5281,1,0,10.56
8165,treatment,18-24,ios,app_store,0.5346,0,0,7.16
8166,treatment,25-34,android,website,0.5524,1,0,26.1
8167,treatment,35-44,ios,app_store,0.7262,0,0,6.03
8168,treatment,18-24,android,app_store,0.4729,1,0,13.6
8169,treatment,45+,android,app_store,0.4492,0,1,5.35
8170,treatment,25-34,ios,app_store,0.6331,1,0,20.95
8171,treatment,35-44,ios,app_store,0.6192,1,0,3.0
8172,treatment,25-34,web,google_play,0.4586,1,0,21.5
8173,treatment,25-34,web,website,0.4643,0,1,4.19
8174,treatment,45+,android,app_store,0.4652,0,1,11.94
8175,treatment,35-44,android,google_play,0.6553,1,0,29.93
8176,treatment,18-24,android,referral,0.6319,0,0,3.22
8177,treatment,45+,web,website,0.3781,1,0,20.67
8178,treatment,25-34,android,referral,0.5314,1,0,18.74
8179,treatment,35-44,android,app_store,0.652,0,0,1.82
8180,treatment,18-24,ios,google_play,0.526,1,0,9.82
8181,treatment,45+,android,app_store,0.5215,1,0,13.99
8182,treatment,45+,ios,referral,0.5476,0,0,1.86
8183,treatment,25-34,web,referral,0.6054,0,0,7.8
8184,treatment,18-24,ios,google_play,0.5297,0,0,4.27
8185,treatment,35-44,android,google_play,0.6821,0,0,1.47
8186,treatment,18-24,android,google_play,0.3987,0,0,0.85
8187,treatment,25-34,android,referral,0.561,1,0,20.64
8188,treatment,35-44,android,google_play,0.6747,1,0,16.12
8189,treatment,18-24,android,website,0.4557,0,0,0.0
8190,treatment,45+,android,website,0.4434,0,0,0.15
8191,treatment,35-44,ios,app_store,0.6989,0,0,9.85
8192,treatment,25-34,android,website,0.5592,1,0,17.24
8193,treatment,25-34,ios,app_store,0.6697,1,0,24.61
8194,treatment,35-44,android,referral,0.7077,1,0,7.41
8195,treatment,25-34,ios,google_play,0.4965,0,0,7.76
8196,treatment,45+,ios,google_play,0.5053,0,1,6.3
8197,treatment,18-24,android,app_store,0.4459,1,0,23.35
8198,treatment,25-34,ios,app_store,0.6276,1,0,8.41
8199,treatment,25-34,ios,website,0.6447,1,0,18.19
8200,treatment,18-24,ios,website,0.3114,1,0,13.09
8201,treatment,25-34,web,referral,0.4748,1,0,10.97
8202,treatment,25-34,ios,google_play,0.4455,1,0,6.72
8203,treatment,25-34,ios,app_store,0.5321,0,1,0.0
8204,treatment,18-24,web,app_store,0.5234,1,0,11.1
8205,treatment,25-34,web,google_play,0.7092,1,0,22.71
8206,treatment,18-24,ios,google_play,0.4548,1,0,14.36
8207,treatment,18-24,ios,google_play,0.7507,0,0,2.94
8208,treatment,18-24,ios,app_store,0.591,1,0,25.21
8209,treatment,45+,android,referral,0.5639,1,0,18.43
8210,treatment,18-24,web,app_store,0.5761,1,0,13.7
8211,treatment,18-24,android,website,0.3557,1,0,19.22
8212,treatment,45+,android,google_play,0.4514,0,0,0.68
8213,treatment,35-44,android,google_play,0.5068,0,0,0.0
8214,treatment,25-34,ios,website,0.6101,0,0,4.85
8215,treatment,45+,android,referral,0.4458,1,0,21.89
8216,treatment,45+,ios,website,0.471,0,0,2.8
8217,treatment,35-44,ios,app_store,0.5648,1,0,17.22
8218,treatment,35-44,android,app_store,0.6923,0,0,1.98
8219,treatment,35-44,web,website,0.4993,0,0,9.07
8220,treatment,45+,android,google_play,0.4099,0,1,4.58
8221,treatment,25-34,ios,website,0.5964,0,0,3.04
8222,treatment,35-44,web,google_play,0.5929,0,1,6.99
8223,treatment,18-24,android,website,0.5802,1,0,24.35
8224,treatment,35-44,android,google_play,0.6125,0,0,5.1
8225,treatment,45+,android,google_play,0.5198,1,0,23.8
8226,treatment,18-24,ios,referral,0.6482,1,0,21.34
8227,treatment,25-34,ios,google_play,0.6448,0,0,3.68
8228,treatment,35-44,android,app_store,0.6414,1,0,23.96
8229,treatment,35-44,android,google_play,0.6447,1,0,12.39
8230,treatment,35-44,ios,app_store,0.5918,1,0,12.27
8231,treatment,45+,ios,app_store,0.4319,0,0,5.29
8232,treatment,18-24,android,website,0.4538,1,0,13.93
8233,treatment,35-44,android,app_store,0.4175,1,0,22.93
8234,treatment,35-44,android,google_play,0.5291,1,0,19.5
8235,treatment,25-34,android,google_play,0.5364,1,0,30.42
8236,treatment,25-34,ios,app_store,0.7019,1,0,12.07
8237,treatment,35-44,ios,app_store,0.6059,0,0,6.85
8238,treatment,35-44,web,website,0.6884,1,0,15.03
8239,treatment,35-44,ios,referral,0.6858,1,0,19.76
8240,treatment,25-34,android,google_play,0.4377,0,0,6.12
8241,treatment,35-44,android,app_store,0.6699,1,0,20.38
8242,treatment,25-34,ios,referral,0.7116,1,0,21.04
8243,treatment,25-34,ios,website,0.4239,1,0,20.53
8244,treatment,35-44,ios,referral,0.7062,1,0,16.57
8245,treatment,35-44,android,app_store,0.6937,0,1,6.59
8246,treatment,35-44,android,referral,0.4367,0,0,6.78
8247,treatment,25-34,web,website,0.442,0,0,2.3
8248,treatment,35-44,android,app_store,0.6542,0,0,0.69
8249,treatment,45+,android,website,0.4341,0,0,4.49
8250,treatment,25-34,ios,app_store,0.717,1,0,19.27
8251,treatment,25-34,ios,google_play,0.6846,0,0,0.0
8252,treatment,45+,ios,website,0.5556,1,0,19.38
8253,treatment,25-34,ios,app_store,0.6927,1,0,13.19
8254,treatment,35-44,android,referral,0.5438,1,0,6.51
8255,treatment,35-44,ios,referral,0.6246,1,0,20.36
8256,treatment,25-34,ios,referral,0.785,0,0,0.0
8257,treatment,45+,ios,app_store,0.5013,0,1,8.14
8258,treatment,18-24,android,website,0.5569,1,0,22.71
8259,treatment,18-24,ios,referral,0.5635,1,0,19.48
8260,treatment,25-34,ios,app_store,0.5381,0,1,8.51
8261,treatment,45+,android,website,0.3704,0,0,6.97
8262,treatment,25-34,android,app_store,0.6036,0,1,0.29
8263,treatment,35-44,web,website,0.6537,0,1,7.15
8264,treatment,25-34,ios,website,0.5985,0,0,1.04
8265,treatment,25-34,web,referral,0.6198,1,0,23.52
8266,treatment,25-34,ios,google_play,0.5175,1,1,15.48
8267,treatment,25-34,android,website,0.5195,0,0,0.0
8268,treatment,25-34,android,app_store,0.5739,1,0,20.56
8269,treatment,25-34,ios,website,0.4891,1,0,15.11
8270,treatment,18-24,ios,referral,0.6142,1,0,24.48
8271,treatment,25-34,android,website,0.4643,1,0,25.84
8272,treatment,35-44,android,referral,0.5781,1,0,7.63
8273,treatment,18-24,ios,website,0.5714,1,0,18.0
8274,treatment,25-34,android,google_play,0.6974,0,0,5.84
8275,treatment,25-34,android,referral,0.7105,0,1,3.95
8276,treatment,45+,web,google_play,0.4982,0,0,4.03
8277,treatment,35-44,ios,website,0.6235,0,1,4.47
8278,treatment,45+,ios,website,0.5404,0,0,0.0
8279,treatment,25-34,web,website,0.58,1,0,27.59
8280,treatment,35-44,ios,google_play,0.6399,1,0,21.97
8281,treatment,18-24,ios,google_play,0.6635,1,0,14.1
8282,treatment,35-44,ios,app_store,0.5708,0,1,0.8
8283,treatment,25-34,ios,referral,0.5386,0,0,6.62
8284,treatment,35-44,web,google_play,0.6282,1,0,19.57
8285,treatment,45+,android,google_play,0.475,0,0,4.81
8286,treatment,35-44,ios,app_store,0.7733,1,0,21.33
8287,treatment,18-24,web,website,0.4427,0,1,4.32
8288,treatment,35-44,android,google_play,0.6727,1,0,6.72
8289,treatment,35-44,ios,google_play,0.6678,1,0,15.54
8290,treatment,18-24,android,website,0.358,1,0,21.35
8291,treatment,18-24,android,website,0.5175,1,0,21.87
8292,treatment,35-44,android,app_store,0.5279,0,0,1.79
8293,treatment,25-34,ios,website,0.7522,0,1,3.37
8294,treatment,18-24,android,google_play,0.4569,0,0,7.69
8295,treatment,45+,ios,app_store,0.4562,0,0,8.56
8296,treatment,45+,android,google_play,0.3255,1,0,19.99
8297,treatment,25-34,android,website,0.4588,0,0,6.7
8298,treatment,45+,android,referral,0.5782,1,0,20.13
8299,treatment,45+,ios,website,0.4075,0,0,6.04
8300,treatment,35-44,android,referral,0.6513,0,0,3.46
8301,treatment,35-44,ios,google_play,0.6507,0,1,1.33
8302,treatment,45+,ios,google_play,0.462,1,0,29.1
8303,treatment,35-44,ios,website,0.5706,0,0,9.98
8304,treatment,25-34,ios,google_play,0.5348,0,1,3.6
8305,treatment,18-24,ios,website,0.5788,1,0,20.38
8306,treatment,25-34,ios,website,0.4143,0,0,4.12
8307,treatment,18-24,ios,app_store,0.6091,1,0,18.32
8308,treatment,18-24,android,google_play,0.4623,1,0,18.58
8309,treatment,25-34,web,app_store,0.5794,1,0,25.04
8310,treatment,25-34,ios,app_store,0.6373,0,0,0.0
8311,treatment,18-24,ios,google_play,0.5714,0,0,1.3
8312,treatment,45+,ios,app_store,0.695,1,0,23.61
8313,treatment,18-24,ios,app_store,0.5167,1,0,19.12
8314,treatment,35-44,android,app_store,0.4706,1,0,25.78
8315,treatment,35-44,android,website,0.7139,1,0,18.66
8316,treatment,45+,android,website,0.4798,0,1,4.93
8317,treatment,25-34,ios,google_play,0.6224,0,0,2.9
8318,treatment,25-34,ios,website,0.7396,1,0,26.36
8319,treatment,35-44,android,website,0.4357,0,1,6.78
8320,treatment,35-44,android,website,0.5338,0,1,0.0
8321,treatment,35-44,web,referral,0.5337,1,0,21.98
8322,treatment,18-24,ios,website,0.5019,0,0,7.38
8323,treatment,25-34,ios,google_play,0.4962,0,0,3.53
8324,treatment,18-24,android,referral,0.548,1,0,22.43
8325,treatment,35-44,ios,website,0.5823,1,0,26.06
8326,treatment,25-34,ios,google_play,0.6082,0,0,3.3
8327,treatment,25-34,android,website,0.3395,0,0,4.89
8328,treatment,35-44,android,app_store,0.6425,0,0,1.94
8329,treatment,25-34,ios,website,0.5427,1,0,21.49
8330,treatment,18-24,ios,website,0.7215,0,0,0.27
8331,treatment,25-34,android,website,0.4837,1,0,22.29
8332,treatment,35-44,android,app_store,0.5305,1,0,27.52
8333,treatment,35-44,android,google_play,0.6043,1,0,13.01
8334,treatment,25-34,ios,website,0.4628,0,0,8.5
8335,treatment,25-34,ios,google_play,0.7096,1,0,18.22
8336,treatment,45+,web,referral,0.4569,1,0,14.58
8337,treatment,18-24,android,app_store,0.4455,0,0,3.01
8338,treatment,18-24,ios,website,0.5792,1,1,18.64
8339,treatment,45+,android,app_store,0.5129,0,0,2.35
8340,treatment,25-34,ios,website,0.5814,1,0,25.3
8341,treatment,45+,web,referral,0.4272,0,1,2.79
8342,treatment,35-44,ios,google_play,0.7137,1,0,20.37
8343,treatment,35-44,ios,google_play,0.5535,0,0,11.41
8344,treatment,35-44,android,referral,0.478,0,0,3.16
8345,treatment,18-24,web,google_play,0.5656,0,1,2.03
8346,treatment,45+,ios,google_play,0.5288,1,0,16.19
8347,treatment,25-34,android,google_play,0.5569,1,0,25.15
8348,treatment,18-24,ios,google_play,0.6195,0,0,3.43
8349,treatment,25-34,ios,website,0.5404,0,0,4.71
8350,treatment,25-34,web,google_play,0.4461,0,0,1.24
8351,treatment,25-34,android,app_store,0.5388,0,0,2.68
8352,treatment,18-24,ios,app_store,0.579,1,0,24.19
8353,treatment,25-34,ios,app_store,0.6203,1,0,9.64
8354,treatment,45+,android,referral,0.5117,1,0,7.73
8355,treatment,35-44,ios,referral,0.8489,1,1,15.37
8356,treatment,25-34,ios,google_play,0.7488,0,0,2.28
8357,treatment,18-24,ios,website,0.4199,1,0,16.74
8358,treatment,35-44,web,app_store,0.4864,1,0,16.9
8359,treatment,35-44,web,referral,0.7321,1,0,18.41
8360,treatment,18-24,ios,app_store,0.6412,0,1,2.22
8361,treatment,45+,android,app_store,0.6144,0,0,8.6
8362,treatment,25-34,web,app_store,0.5405,0,0,6.66
8363,treatment,25-34,android,google_play,0.5632,0,1,3.27
8364,treatment,25-34,ios,google_play,0.4737,1,0,23.79
8365,treatment,45+,web,app_store,0.5175,0,0,0.0
8366,treatment,35-44,android,google_play,0.5449,1,0,20.35
8367,treatment,35-44,android,website,0.4835,1,0,23.47
8368,treatment,25-34,web,website,0.6099,1,0,14.93
8369,treatment,25-34,android,app_store,0.5535,1,0,21.51
8370,treatment,25-34,android,app_store,0.632,1,0,14.53
8371,treatment,25-34,android,website,0.5174,1,0,20.33
8372,treatment,45+,ios,website,0.5399,1,0,10.48
8373,treatment,35-44,ios,google_play,0.531,1,0,23.74
8374,treatment,25-34,android,google_play,0.497,1,0,18.34
8375,treatment,45+,web,google_play,0.5523,0,1,4.53
8376,treatment,18-24,ios,google_play,0.7014,0,0,3.43
8377,treatment,18-24,ios,website,0.5533,0,1,7.6
8378,treatment,25-34,android,referral,0.5972,1,0,19.83
8379,treatment,45+,web,website,0.5862,0,1,7.09
8380,treatment,18-24,android,app_store,0.4986,1,0,15.06
8381,treatment,18-24,web,referral,0.4923,1,0,21.71
8382,treatment,25-34,android,app_store,0.5666,0,1,9.35
8383,treatment,45+,ios,referral,0.5958,1,0,28.02
8384,treatment,25-34,web,google_play,0.4847,0,1,0.0
8385,treatment,35-44,android,website,0.5563,0,0,4.27
8386,treatment,45+,android,google_play,0.3681,1,1,9.45
8387,treatment,35-44,android,google_play,0.572,1,0,15.98
8388,treatment,18-24,android,app_store,0.5035,1,0,15.02
8389,treatment,18-24,ios,app_store,0.5534,0,0,5.86
8390,treatment,25-34,android,google_play,0.4194,0,0,3.18
8391,treatment,35-44,android,app_store,0.594,0,0,1.02
8392,treatment,35-44,android,google_play,0.6659,1,0,21.48
8393,treatment,18-24,android,referral,0.6586,0,0,0.0
8394,treatment,25-34,ios,app_store,0.7222,1,1,13.66
8395,treatment,18-24,android,website,0.478,1,0,16.0
8396,treatment,25-34,android,app_store,0.7643,0,0,2.95
8397,treatment,25-34,android,website,0.4652,0,1,4.31
8398,treatment,45+,android,website,0.3977,1,0,19.43
8399,treatment,25-34,android,website,0.5274,1,0,14.56
8400,treatment,18-24,android,app_store,0.5822,1,0,19.71
8401,treatment,25-34,android,app_store,0.6175,1,0,18.76
8402,treatment,45+,android,app_store,0.3065,0,0,3.68
8403,treatment,25-34,ios,referral,0.5589,0,0,0.0
8404,treatment,35-44,ios,google_play,0.6974,1,0,20.94
8405,treatment,25-34,web,website,0.4649,1,0,21.7
8406,treatment,35-44,ios,google_play,0.6257,1,0,22.67
8407,treatment,25-34,android,google_play,0.6047,1,0,19.03
8408,treatment,45+,android,google_play,0.5447,1,0,24.52
8409,treatment,35-44,ios,app_store,0.6949,1,0,21.01
8410,treatment,25-34,ios,google_play,0.7177,1,0,15.62
8411,treatment,35-44,android,app_store,0.6366,1,0,17.72
8412,treatment,18-24,ios,app_store,0.4578,1,0,14.65
8413,treatment,25-34,android,google_play,0.6229,1,0,12.15
8414,treatment,25-34,android,website,0.6125,1,0,22.28
8415,treatment,35-44,ios,app_store,0.6623,1,1,16.54
8416,treatment,35-44,web,app_store,0.6992,0,0,6.03
8417,treatment,35-44,web,app_store,0.615,1,0,29.26
8418,treatment,25-34,web,website,0.5258,0,0,7.3
8419,treatment,18-24,android,app_store,0.4482,0,0,0.07
8420,treatment,45+,android,website,0.6187,1,0,14.68
8421,treatment,25-34,android,google_play,0.4924,0,1,5.6
8422,treatment,18-24,ios,google_play,0.5656,0,0,5.05
8423,treatment,35-44,ios,google_play,0.6075,1,0,26.02
8424,treatment,45+,android,google_play,0.3993,1,0,15.87
8425,treatment,25-34,android,google_play,0.6471,1,1,10.48
8426,treatment,25-34,web,google_play,0.6259,1,0,12.49
8427,treatment,35-44,android,referral,0.6355,1,0,25.2
8428,treatment,18-24,android,website,0.4258,1,0,19.03
8429,treatment,45+,web,referral,0.5811,1,0,23.07
8430,treatment,25-34,android,referral,0.5751,1,0,16.04
8431,treatment,25-34,ios,google_play,0.6545,1,0,13.68
8432,treatment,18-24,android,website,0.5909,1,0,22.01
8433,treatment,18-24,android,google_play,0.3305,1,0,10.1
8434,treatment,18-24,android,google_play,0.6062,0,1,5.3
8435,treatment,25-34,android,website,0.7159,0,0,9.38
8436,treatment,45+,android,google_play,0.6437,1,0,4.51
8437,treatment,25-34,ios,google_play,0.6778,0,0,0.16
8438,treatment,25-34,ios,app_store,0.7039,1,0,17.93
8439,treatment,25-34,android,referral,0.528,1,1,15.26
8440,treatment,25-34,android,app_store,0.5852,1,0,17.3
8441,treatment,35-44,ios,app_store,0.614,1,0,31.33
8442,treatment,25-34,android,app_store,0.5286,1,0,14.14
8443,treatment,25-34,android,website,0.6051,1,0,16.78
8444,treatment,35-44,web,google_play,0.5902,0,0,0.0
8445,treatment,25-34,web,referral,0.4577,1,0,9.62
8446,treatment,35-44,android,google_play,0.6311,1,0,20.67
8447,treatment,35-44,android,website,0.5438,1,0,8.31
8448,treatment,25-34,ios,app_store,0.6615,0,0,0.0
8449,treatment,18-24,android,google_play,0.4932,0,1,3.66
8450,treatment,25-34,web,website,0.3982,0,0,5.62
8451,treatment,45+,android,app_store,0.4181,0,0,0.38
8452,treatment,35-44,android,google_play,0.5228,1,0,13.56
8453,treatment,45+,ios,website,0.4138,0,1,0.0
8454,treatment,35-44,android,website,0.501,0,0,5.33
8455,treatment,45+,android,referral,0.5842,0,0,3.63
8456,treatment,25-34,ios,google_play,0.5055,0,0,3.54
8457,treatment,35-44,web,app_store,0.6666,0,1,0.0
8458,treatment,25-34,android,referral,0.4944,1,0,22.87
8459,treatment,45+,ios,referral,0.5355,1,0,15.0
8460,treatment,45+,android,google_play,0.5031,1,0,23.34
8461,treatment,35-44,web,app_store,0.572,1,0,14.06
8462,treatment,35-44,android,app_store,0.6357,0,1,4.67
8463,treatment,45+,android,website,0.4473,1,0,13.47
8464,treatment,18-24,android,app_store,0.5034,0,0,6.96
8465,treatment,25-34,ios,app_store,0.4159,1,0,10.74
8466,treatment,35-44,android,google_play,0.6281,1,0,19.81
8467,treatment,35-44,ios,website,0.7363,1,0,10.68
8468,treatment,25-34,android,google_play,0.5366,1,0,15.43
8469,treatment,25-34,ios,google_play,0.6688,1,0,21.84
8470,treatment,25-34,web,website,0.4701,1,1,11.15
8471,treatment,45+,android,website,0.5348,1,0,20.81
8472,treatment,35-44,ios,google_play,0.6775,1,0,22.53
8473,treatment,35-44,android,app_store,0.5567,1,0,5.99
8474,treatment,18-24,ios,app_store,0.5214,0,0,5.21
8475,treatment,18-24,android,app_store,0.5676,0,1,7.55
8476,treatment,25-34,android,app_store,0.5693,0,0,0.81
8477,treatment,18-24,ios,google_play,0.4675,0,0,0.41
8478,treatment,18-24,android,app_store,0.3938,0,0,0.0
8479,treatment,18-24,android,website,0.5231,1,0,12.23
8480,treatment,25-34,android,app_store,0.505,1,1,24.11
8481,treatment,18-24,ios,referral,0.5888,1,0,15.5
8482,treatment,35-44,web,app_store,0.643,1,0,21.0
8483,treatment,35-44,web,google_play,0.5098,1,0,14.25
8484,treatment,25-34,ios,website,0.4849,1,0,17.33
8485,treatment,45+,web,referral,0.6658,0,1,7.99
8486,treatment,25-34,ios,app_store,0.573,0,0,8.35
8487,treatment,45+,ios,website,0.5775,0,0,4.05
8488,treatment,18-24,ios,website,0.7166,1,0,16.75
8489,treatment,25-34,web,google_play,0.6051,1,0,13.26
8490,treatment,25-34,android,website,0.457,0,0,6.39
8491,treatment,45+,ios,google_play,0.5562,1,0,17.28
8492,treatment,45+,ios,google_play,0.5309,1,1,25.77
8493,treatment,25-34,android,app_store,0.5714,1,0,7.9
8494,treatment,35-44,ios,app_store,0.6834,1,0,15.41
8495,treatment,25-34,ios,google_play,0.6825,0,1,2.97
8496,treatment,35-44,ios,app_store,0.4656,1,0,21.07
8497,treatment,18-24,ios,app_store,0.6512,1,0,10.24
8498,treatment,35-44,android,app_store,0.6079,1,0,17.18
8499,treatment,25-34,web,website,0.4901,0,0,7.01
8500,treatment,35-44,android,website,0.6047,1,0,19.89
8501,treatment,25-34,android,website,0.442,1,0,20.01
8502,treatment,35-44,ios,referral,0.5757,0,0,0.57
8503,treatment,18-24,ios,referral,0.6707,0,1,2.72
8504,treatment,25-34,ios,app_store,0.6114,1,0,11.85
8505,treatment,25-34,ios,google_play,0.7414,1,0,24.08
8506,treatment,18-24,ios,google_play,0.5111,0,0,5.02
8507,treatment,25-34,ios,app_store,0.6293,0,0,3.96
8508,treatment,18-24,web,app_store,0.557,1,0,19.07
8509,treatment,25-34,android,referral,0.6285,1,0,25.28
8510,treatment,25-34,web,google_play,0.6357,0,1,10.76
8511,treatment,25-34,web,google_play,0.6228,1,1,18.49
8512,treatment,25-34,web,website,0.5375,1,0,18.5
8513,treatment,18-24,android,website,0.3207,1,0,20.38
8514,treatment,25-34,web,referral,0.6751,0,1,8.73
8515,treatment,35-44,android,referral,0.4261,1,0,22.66
8516,treatment,35-44,android,app_store,0.4873,1,0,20.4
8517,treatment,18-24,android,website,0.4196,0,0,6.28
8518,treatment,18-24,web,app_store,0.5983,0,0,5.0
8519,treatment,35-44,web,referral,0.6082,1,0,9.63
8520,treatment,25-34,ios,app_store,0.756,1,0,24.42
8521,treatment,25-34,ios,google_play,0.5051,1,0,13.23
8522,treatment,25-34,ios,referral,0.548,0,1,3.19
8523,treatment,45+,android,website,0.276,0,0,0.71
8524,treatment,25-34,ios,app_store,0.5143,0,0,2.56
8525,treatment,18-24,android,app_store,0.4654,0,1,4.36
8526,treatment,25-34,ios,google_play,0.7332,0,0,8.39
8527,treatment,25-34,android,google_play,0.6597,1,0,15.47
8528,treatment,18-24,android,website,0.4951,1,0,26.78
8529,treatment,45+,ios,app_store,0.5111,0,1,0.0
8530,treatment,25-34,ios,website,0.6272,1,0,10.61
8531,treatment,35-44,ios,google_play,0.7378,0,0,0.45
8532,treatment,45+,ios,referral,0.5143,0,0,6.25
8533,treatment,25-34,android,website,0.4822,0,0,0.15
8534,treatment,18-24,ios,referral,0.5515,0,0,0.0
8535,treatment,25-34,android,app_store,0.4272,0,0,9.97
8536,treatment,35-44,ios,referral,0.7529,1,0,17.2
8537,treatment,25-34,android,referral,0.5493,0,1,8.86
8538,treatment,25-34,android,google_play,0.5529,1,0,24.19
8539,treatment,18-24,ios,referral,0.7025,0,1,6.4
8540,treatment,18-24,web,website,0.4428,0,0,8.03
8541,treatment,25-34,android,referral,0.6973,1,0,16.38
8542,treatment,18-24,web,website,0.3461,1,0,11.07
8543,treatment,35-44,ios,referral,0.7009,1,0,21.11
8544,treatment,45+,android,app_store,0.4604,0,1,2.23
8545,treatment,45+,ios,app_store,0.4096,0,0,5.66
8546,treatment,25-34,ios,google_play,0.5252,1,0,23.41
8547,treatment,25-34,ios,website,0.5772,1,0,13.17
8548,treatment,25-34,android,app_store,0.4892,0,1,1.37
8549,treatment,18-24,ios,google_play,0.5966,1,1,17.47
8550,treatment,45+,ios,app_store,0.4764,0,1,8.07
8551,treatment,35-44,ios,referral,0.5264,1,0,13.29
8552,treatment,25-34,ios,website,0.6436,0,1,10.1
8553,treatment,35-44,android,app_store,0.6096,0,1,0.0
8554,treatment,25-34,ios,app_store,0.4618,0,1,9.33
8555,treatment,35-44,ios,referral,0.7082,1,0,19.44
8556,treatment,25-34,android,google_play,0.5858,1,0,21.21
8557,treatment,45+,ios,website,0.4615,0,0,5.57
8558,treatment,45+,android,referral,0.4946,0,0,0.0
8559,treatment,25-34,ios,referral,0.7432,1,0,16.3
8560,treatment,35-44,android,app_store,0.6115,1,0,17.12
8561,treatment,25-34,ios,website,0.6771,1,0,25.27
8562,treatment,35-44,android,referral,0.6541,1,0,17.51
8563,treatment,25-34,web,app_store,0.5948,0,1,8.63
8564,treatment,45+,ios,website,0.4354,0,0,10.06
8565,treatment,45+,android,website,0.4686,0,1,5.61
8566,treatment,25-34,android,app_store,0.6477,1,0,19.16
8567,treatment,18-24,ios,google_play,0.5725,1,0,11.87
8568,treatment,35-44,android,app_store,0.7409,1,0,21.88
8569,treatment,25-34,ios,app_store,0.6876,0,0,2.41
8570,treatment,25-34,ios,app_store,0.5101,0,1,8.58
8571,treatment,25-34,ios,google_play,0.5772,0,1,0.0
8572,treatment,25-34,android,google_play,0.6299,1,0,14.08
8573,treatment,25-34,android,referral,0.4738,1,0,23.71
8574,treatment,25-34,ios,referral,0.6267,1,0,28.46
8575,treatment,18-24,ios,referral,0.5114,0,0,6.19
8576,treatment,18-24,ios,website,0.5193,0,0,8.19
8577,treatment,35-44,ios,app_store,0.552,0,1,4.26
8578,treatment,25-34,ios,google_play,0.7003,0,1,9.75
8579,treatment,25-34,ios,website,0.5253,1,0,19.7
8580,treatment,45+,ios,referral,0.6192,0,0,5.51
8581,treatment,45+,web,google_play,0.3965,1,0,19.54
8582,treatment,18-24,android,website,0.4516,1,0,16.74
8583,treatment,35-44,android,referral,0.5136,1,0,20.89
8584,treatment,25-34,android,website,0.6215,0,1,4.61
8585,treatment,35-44,android,website,0.484,0,1,5.34
8586,treatment,18-24,ios,referral,0.579,0,0,0.0
8587,treatment,18-24,ios,website,0.5442,0,0,0.58
8588,treatment,45+,ios,app_store,0.4763,0,1,1.83
8589,treatment,35-44,web,referral,0.53,1,0,9.39
8590,treatment,25-34,android,website,0.5408,1,0,12.73
8591,treatment,45+,android,app_store,0.3414,0,0,6.24
8592,treatment,25-34,android,referral,0.7033,1,0,20.22
8593,treatment,18-24,ios,app_store,0.5451,1,0,24.19
8594,treatment,25-34,android,referral,0.4781,0,0,6.97
8595,treatment,35-44,android,website,0.5248,0,1,7.25
8596,treatment,35-44,android,app_store,0.6322,1,0,18.57
8597,treatment,25-34,web,referral,0.5406,1,0,26.4
8598,treatment,25-34,android,app_store,0.4106,0,0,1.64
8599,treatment,25-34,android,referral,0.5861,0,0,8.36
8600,treatment,25-34,ios,website,0.6269,1,0,23.62
8601,treatment,18-24,android,google_play,0.5446,1,0,22.21
8602,treatment,18-24,ios,referral,0.6182,0,0,3.61
8603,treatment,35-44,ios,app_store,0.7025,1,0,14.21
8604,treatment,35-44,ios,google_play,0.7626,1,0,18.28
8605,treatment,25-34,ios,website,0.3505,0,0,0.0
8606,treatment,25-34,android,app_store,0.46,1,0,24.5
8607,treatment,35-44,web,app_store,0.6094,1,0,15.39
8608,treatment,18-24,ios,website,0.5382,1,0,15.76
8609,treatment,35-44,web,google_play,0.4821,1,1,7.3
8610,treatment,25-34,ios,google_play,0.5534,0,1,0.0
8611,treatment,25-34,android,website,0.6638,1,0,33.97
8612,treatment,18-24,ios,google_play,0.5377,1,0,14.37
8613,treatment,45+,web,app_store,0.5228,1,0,24.35
8614,treatment,18-24,web,app_store,0.6693,0,1,0.0
8615,treatment,18-24,android,app_store,0.5235,1,0,10.05
8616,treatment,25-34,ios,website,0.629,1,0,17.94
8617,treatment,35-44,web,app_store,0.6417,1,0,18.44
8618,treatment,35-44,android,referral,0.5891,1,0,14.44
8619,treatment,25-34,ios,app_store,0.5746,1,0,18.02
8620,treatment,25-34,web,google_play,0.6805,1,0,13.4
8621,treatment,25-34,ios,website,0.5654,0,0,7.9
8622,treatment,18-24,android,app_store,0.4353,0,0,10.77
8623,treatment,25-34,android,google_play,0.6626,0,0,7.29
8624,treatment,25-34,ios,app_store,0.3776,0,1,0.0
8625,treatment,35-44,ios,referral,0.7823,1,0,20.72
8626,treatment,35-44,web,app_store,0.5811,0,0,1.43
8627,treatment,45+,ios,app_store,0.5366,0,0,1.43
8628,treatment,25-34,android,website,0.5326,0,0,6.08
8629,treatment,35-44,ios,google_play,0.7425,1,0,18.68
8630,treatment,45+,android,referral,0.5399,0,0,3.93
8631,treatment,25-34,android,referral,0.5942,0,1,3.69
8632,treatment,25-34,ios,website,0.4898,1,0,12.63
8633,treatment,35-44,ios,app_store,0.5689,1,0,11.92
8634,treatment,35-44,android,website,0.5974,1,0,16.33
8635,treatment,45+,ios,app_store,0.5538,0,0,2.81
8636,treatment,35-44,web,app_store,0.731,0,0,5.0
8637,treatment,45+,ios,app_store,0.4708,1,0,23.33
8638,treatment,18-24,android,google_play,0.4337,1,0,16.95
8639,treatment,35-44,web,google_play,0.63,1,0,19.06
8640,treatment,25-34,android,website,0.5192,0,1,6.81
8641,treatment,18-24,android,google_play,0.4301,1,0,16.5
8642,treatment,18-24,android,app_store,0.4745,0,1,5.06
8643,treatment,35-44,android,app_store,0.6424,1,0,19.3
8644,treatment,25-34,android,google_play,0.4704,1,0,16.08
8645,treatment,18-24,android,website,0.385,1,0,10.38
8646,treatment,35-44,ios,app_store,0.5677,1,0,12.33
8647,treatment,25-34,android,website,0.4694,0,0,7.24
8648,treatment,25-34,android,referral,0.6594,1,0,8.31
8649,treatment,25-34,ios,app_store,0.5616,0,0,9.89
8650,treatment,45+,android,website,0.5865,1,0,13.94
8651,treatment,35-44,ios,referral,0.5726,0,1,0.0
8652,treatment,25-34,android,referral,0.6252,0,0,1.55
8653,treatment,35-44,ios,app_store,0.6228,1,0,4.48
8654,treatment,45+,web,app_store,0.5063,1,0,7.76
8655,treatment,25-34,android,website,0.3291,1,0,18.6
8656,treatment,18-24,ios,google_play,0.4782,0,0,0.0
8657,treatment,18-24,ios,app_store,0.5426,0,1,0.0
8658,treatment,35-44,ios,google_play,0.4784,0,0,3.69
8659,treatment,45+,android,google_play,0.2722,1,0,18.44
8660,treatment,18-24,android,app_store,0.4172,0,0,5.29
8661,treatment,25-34,ios,app_store,0.633,0,1,4.33
8662,treatment,18-24,ios,website,0.5542,1,0,17.65
8663,treatment,25-34,ios,google_play,0.5181,1,0,21.42
8664,treatment,45+,android,app_store,0.4799,0,0,6.76
8665,treatment,35-44,android,referral,0.6499,0,0,3.72
8666,treatment,45+,android,website,0.562,0,0,5.32
8667,treatment,25-34,ios,google_play,0.7189,1,0,2.3
8668,treatment,35-44,ios,app_store,0.6989,0,0,1.91
8669,treatment,45+,android,website,0.4129,0,0,8.67
8670,treatment,35-44,ios,website,0.5821,0,0,1.47
8671,treatment,45+,ios,referral,0.5717,0,0,5.3
8672,treatment,25-34,web,app_store,0.5587,1,0,19.39
8673,treatment,18-24,web,website,0.3759,1,0,14.21
8674,treatment,18-24,ios,app_store,0.6713,1,0,20.7
8675,treatment,45+,web,referral,0.5706,1,0,15.25
8676,treatment,18-24,ios,app_store,0.6256,1,0,15.04
8677,treatment,35-44,android,google_play,0.6488,1,0,14.97
8678,treatment,25-34,web,website,0.5013,1,0,12.77
8679,treatment,35-44,android,website,0.4261,0,1,0.0
8680,treatment,35-44,android,website,0.6061,1,0,15.06
8681,treatment,25-34,android,google_play,0.6309,1,0,18.38
8682,treatment,18-24,ios,referral,0.6092,1,0,15.71
8683,treatment,35-44,ios,google_play,0.8082,1,0,15.32
8684,treatment,45+,ios,google_play,0.5007,1,0,33.39
8685,treatment,18-24,android,referral,0.5208,1,0,22.33
8686,treatment,25-34,android,google_play,0.5925,1,0,8.08
8687,treatment,45+,android,website,0.4162,1,0,19.5
8688,treatment,18-24,android,google_play,0.5072,1,0,19.74
8689,treatment,18-24,android,app_store,0.5986,1,0,39.05
8690,treatment,45+,android,google_play,0.4542,0,0,4.72
8691,treatment,35-44,web,google_play,0.5597,1,0,30.64
8692,treatment,25-34,ios,app_store,0.6522,1,0,15.58
8693,treatment,45+,android,google_play,0.4004,1,0,13.34
8694,treatment,35-44,android,website,0.5394,0,0,0.0
8695,treatment,18-24,web,app_store,0.5153,0,0,6.68
8696,treatment,25-34,ios,google_play,0.6661,1,0,12.5
8697,treatment,45+,ios,google_play,0.6103,1,0,14.11
8698,treatment,35-44,web,app_store,0.5832,0,0,5.35
8699,treatment,35-44,android,app_store,0.5791,1,0,16.04
8700,treatment,25-34,android,website,0.5232,1,0,18.91
8701,treatment,25-34,android,google_play,0.5514,0,0,0.0
8702,treatment,35-44,ios,referral,0.7594,1,0,3.7
8703,treatment,18-24,web,website,0.5261,1,0,25.71
8704,treatment,35-44,android,referral,0.7173,1,0,24.95
8705,treatment,25-34,web,app_store,0.5059,1,1,16.52
8706,treatment,18-24,ios,google_play,0.6661,1,0,18.63
8707,treatment,18-24,ios,google_play,0.5756,0,0,0.12
8708,treatment,35-44,ios,google_play,0.6907,1,0,16.43
8709,treatment,25-34,ios,referral,0.4833,1,0,32.54
8710,treatment,25-34,ios,google_play,0.7461,1,0,28.76
8711,treatment,25-34,ios,app_store,0.6412,0,1,4.51
8712,treatment,35-44,ios,website,0.7351,1,0,6.59
8713,treatment,45+,android,app_store,0.5849,0,0,5.38
8714,treatment,25-34,ios,app_store,0.4422,1,0,16.42
8715,treatment,18-24,ios,google_play,0.6877,1,0,15.52
8716,treatment,45+,web,app_store,0.521,1,0,17.97
8717,treatment,25-34,android,website,0.5774,0,0,10.44
8718,treatment,35-44,android,google_play,0.6394,0,1,4.03
8719,treatment,18-24,android,referral,0.5381,0,0,7.09
8720,treatment,45+,ios,google_play,0.5136,1,0,20.57
8721,treatment,45+,ios,google_play,0.6025,1,0,20.38
8722,treatment,25-34,android,google_play,0.5094,0,0,5.91
8723,treatment,18-24,ios,website,0.5183,0,0,2.01
8724,treatment,18-24,ios,app_store,0.6681,1,0,9.88
8725,treatment,25-34,ios,google_play,0.5184,1,0,27.6
8726,treatment,25-34,android,app_store,0.5501,1,0,8.88
8727,treatment,25-34,ios,google_play,0.7094,0,1,4.55
8728,treatment,35-44,android,referral,0.5506,1,0,28.91
8729,treatment,25-34,android,website,0.3734,1,0,20.1
8730,treatment,25-34,ios,google_play,0.4575,0,0,5.68
8731,treatment,45+,android,app_store,0.4584,0,0,5.68
8732,treatment,25-34,android,google_play,0.7107,0,1,7.71
8733,treatment,45+,android,website,0.395,0,1,8.41
8734,treatment,35-44,ios,google_play,0.613,1,0,9.43
8735,treatment,18-24,ios,referral,0.5902,0,0,8.24
8736,treatment,35-44,ios,google_play,0.7245,0,0,3.29
8737,treatment,45+,android,app_store,0.5646,1,0,13.47
8738,treatment,35-44,android,website,0.5337,0,0,0.0
8739,treatment,25-34,web,google_play,0.634,1,0,19.55
8740,treatment,18-24,android,google_play,0.6109,1,0,14.66
8741,treatment,25-34,ios,referral,0.5044,1,0,18.46
8742,treatment,18-24,android,website,0.4459,1,0,17.99
8743,treatment,25-34,ios,referral,0.5399,0,0,4.56
8744,treatment,45+,ios,website,0.4379,1,0,22.79
8745,treatment,35-44,ios,google_play,0.688,1,0,25.07
8746,treatment,35-44,ios,google_play,0.54,0,1,7.67
8747,treatment,25-34,android,google_play,0.7608,1,0,27.11
8748,treatment,18-24,android,app_store,0.5687,1,0,16.44
8749,treatment,18-24,ios,website,0.4692,0,0,0.87
8750,treatment,35-44,ios,app_store,0.6155,1,0,17.49
8751,treatment,25-34,ios,referral,0.5329,1,0,15.06
8752,treatment,25-34,ios,app_store,0.488,1,0,10.13
8753,treatment,18-24,web,app_store,0.4952,0,0,2.58
8754,treatment,25-34,android,app_store,0.6707,1,0,22.12
8755,treatment,18-24,android,google_play,0.4135,0,0,7.86
8756,treatment,25-34,android,app_store,0.6646,1,0,17.44
8757,treatment,45+,ios,app_store,0.5211,1,0,24.49
8758,treatment,35-44,android,website,0.5651,1,0,18.04
8759,treatment,45+,android,google_play,0.5118,0,0,0.0
8760,treatment,45+,android,app_store,0.558,0,0,0.0
8761,treatment,35-44,android,google_play,0.6838,1,0,20.44
8762,treatment,25-34,android,app_store,0.5488,0,0,0.0
8763,treatment,25-34,android,referral,0.6368,0,1,0.0
8764,treatment,18-24,android,referral,0.6501,0,0,0.0
8765,treatment,35-44,ios,google_play,0.7011,0,1,2.74
8766,treatment,35-44,android,app_store,0.5529,0,0,4.35
8767,treatment,25-34,android,app_store,0.5504,0,1,0.0
8768,treatment,25-34,android,website,0.4471,1,0,22.53
8769,treatment,18-24,ios,app_store,0.7014,1,0,18.05
8770,treatment,18-24,ios,website,0.5405,1,0,10.06
8771,treatment,25-34,android,app_store,0.4537,0,0,3.64
8772,treatment,45+,android,website,0.3888,1,0,13.45
8773,treatment,18-24,android,google_play,0.5137,1,0,13.37
8774,treatment,45+,web,app_store,0.6134,1,0,10.39
8775,treatment,25-34,web,app_store,0.5607,1,0,17.88
8776,treatment,25-34,ios,website,0.6143,0,0,2.59
8777,treatment,18-24,web,website,0.4288,1,0,16.43
8778,treatment,18-24,android,google_play,0.5775,0,0,3.04
8779,treatment,25-34,ios,google_play,0.7201,1,0,19.4
8780,treatment,35-44,ios,website,0.6492,1,0,16.79
8781,treatment,25-34,android,app_store,0.3694,0,1,0.0
8782,treatment,25-34,ios,website,0.5538,1,0,17.7
8783,treatment,18-24,ios,website,0.4314,1,0,12.18
8784,treatment,25-34,web,app_store,0.6297,1,0,24.73
8785,treatment,35-44,android,website,0.5516,1,0,20.55
8786,treatment,35-44,android,referral,0.7529,1,0,23.92
8787,treatment,18-24,android,referral,0.5194,1,0,14.71
8788,treatment,35-44,android,app_store,0.5918,1,0,23.34
8789,treatment,18-24,android,referral,0.5361,1,0,11.27
8790,treatment,35-44,android,app_store,0.6435,0,1,3.42
8791,treatment,25-34,android,google_play,0.4983,1,0,12.53
8792,treatment,35-44,ios,google_play,0.556,1,0,21.56
8793,treatment,18-24,ios,app_store,0.5109,0,0,9.69
8794,treatment,35-44,android,google_play,0.6428,0,1,4.75
8795,treatment,35-44,android,referral,0.6991,0,0,0.0
8796,treatment,18-24,ios,app_store,0.5486,1,0,13.93
8797,treatment,18-24,android,google_play,0.5733,1,0,36.35
8798,treatment,35-44,android,website,0.5866,0,1,6.45
8799,treatment,25-34,ios,app_store,0.6014,0,0,0.71
8800,treatment,35-44,android,referral,0.6095,1,0,23.51
8801,treatment,18-24,android,referral,0.607,0,1,3.94
8802,treatment,18-24,web,app_store,0.6792,0,0,12.95
8803,treatment,35-44,ios,google_play,0.715,0,0,3.75
8804,treatment,18-24,web,app_store,0.6222,0,0,2.58
8805,treatment,18-24,ios,referral,0.7491,0,0,3.24
8806,treatment,18-24,android,app_store,0.4602,1,0,15.67
8807,treatment,35-44,ios,google_play,0.6921,0,0,0.92
8808,treatment,25-34,web,website,0.6525,0,1,0.0
8809,treatment,25-34,web,website,0.6111,0,0,1.77
8810,treatment,35-44,ios,website,0.5381,1,0,22.61
8811,treatment,25-34,android,app_store,0.5023,1,0,16.46
8812,treatment,18-24,ios,website,0.6466,0,0,1.42
8813,treatment,25-34,android,website,0.5593,0,0,0.0
8814,treatment,18-24,android,google_play,0.5504,0,1,6.04
8815,treatment,45+,android,website,0.4576,0,1,9.29
8816,treatment,35-44,android,app_store,0.7068,1,0,12.91
8817,treatment,35-44,android,app_store,0.6639,0,1,1.21
8818,treatment,35-44,web,app_store,0.5811,0,0,0.18
8819,treatment,18-24,ios,google_play,0.6389,1,0,22.91
8820,treatment,35-44,ios,app_store,0.6403,1,0,24.25
8821,treatment,25-34,ios,app_store,0.6757,0,0,4.05
8822,treatment,35-44,android,google_play,0.7045,1,0,10.87
8823,treatment,45+,ios,website,0.5949,0,1,4.9
8824,treatment,25-34,ios,google_play,0.4779,0,0,4.34
8825,treatment,35-44,android,website,0.5871,0,1,4.7
8826,treatment,25-34,android,google_play,0.6942,1,0,11.73
8827,treatment,45+,ios,google_play,0.4885,0,0,0.0
8828,treatment,25-34,ios,app_store,0.7651,0,1,0.0
8829,treatment,25-34,android,website,0.5757,0,0,7.65
8830,treatment,45+,ios,website,0.5727,0,1,7.76
8831,treatment,18-24,ios,app_store,0.6326,0,0,0.0
8832,treatment,25-34,web,app_store,0.4684,1,0,13.21
8833,treatment,35-44,ios,app_store,0.7056,1,0,13.24
8834,treatment,35-44,android,google_play,0.6355,1,0,23.46
8835,treatment,18-24,ios,app_store,0.5202,1,0,18.52
8836,treatment,18-24,web,website,0.6159,1,0,27.25
8837,treatment,25-34,android,google_play,0.4244,1,0,16.25
8838,treatment,25-34,ios,referral,0.587,1,1,9.96
8839,treatment,45+,ios,app_store,0.6523,0,0,0.85
8840,treatment,35-44,android,google_play,0.6767,0,1,0.22
8841,treatment,35-44,ios,referral,0.613,1,1,24.31
8842,treatment,25-34,android,app_store,0.509,0,0,10.42
8843,treatment,45+,android,website,0.443,1,0,20.94
8844,treatment,18-24,ios,app_store,0.5873,1,0,13.82
8845,treatment,45+,ios,google_play,0.5185,0,1,4.42
8846,treatment,45+,web,referral,0.5371,1,0,8.21
8847,treatment,45+,android,app_store,0.5114,1,0,16.8
8848,treatment,25-34,ios,app_store,0.5882,1,0,7.96
8849,treatment,18-24,android,app_store,0.4898,0,1,5.23
8850,treatment,35-44,ios,app_store,0.542,1,0,17.0
8851,treatment,25-34,web,google_play,0.5941,1,0,22.92
8852,treatment,25-34,ios,website,0.5725,1,0,22.45
8853,treatment,35-44,ios,app_store,0.5612,1,0,14.67
8854,treatment,35-44,android,google_play,0.6287,0,0,7.15
8855,treatment,25-34,web,website,0.6404,1,0,10.9
8856,treatment,25-34,android,website,0.5412,1,0,33.81
8857,treatment,35-44,android,referral,0.6605,0,0,0.0
8858,treatment,18-24,android,website,0.5651,1,0,22.47
8859,treatment,35-44,ios,app_store,0.6334,1,1,25.46
8860,treatment,35-44,ios,app_store,0.7075,1,0,19.08
8861,treatment,45+,ios,website,0.3218,0,0,0.0
8862,treatment,35-44,ios,app_store,0.5795,0,0,0.71
8863,treatment,25-34,ios,app_store,0.5279,0,0,0.0
8864,treatment,45+,web,website,0.5889,0,0,3.48
8865,treatment,25-34,ios,google_play,0.6766,1,1,22.75
8866,treatment,35-44,android,google_play,0.5093,1,0,20.9
8867,treatment,18-24,web,google_play,0.468,0,0,3.7
8868,treatment,35-44,web,app_store,0.4963,1,0,9.62
8869,treatment,18-24,ios,app_store,0.5922,1,0,28.21
8870,treatment,18-24,ios,referral,0.6115,0,0,2.87
8871,treatment,25-34,web,app_store,0.5522,1,0,15.72
8872,treatment,18-24,ios,google_play,0.5059,0,1,4.33
8873,treatment,25-34,android,app_store,0.5735,1,0,8.05
8874,treatment,35-44,web,app_store,0.8121,1,0,17.65
8875,treatment,35-44,ios,app_store,0.6053,1,0,16.75
8876,treatment,35-44,ios,app_store,0.7275,0,0,2.88
8877,treatment,35-44,android,website,0.532,1,0,25.32
8878,treatment,25-34,android,app_store,0.6534,0,1,0.0
8879,treatment,45+,android,google_play,0.5641,0,0,3.36
8880,treatment,25-34,android,website,0.5332,1,0,14.3
8881,treatment,18-24,ios,google_play,0.627,1,0,16.71
8882,treatment,25-34,ios,app_store,0.7117,0,1,6.49
8883,treatment,35-44,ios,app_store,0.6412,1,0,17.23
8884,treatment,18-24,android,app_store,0.5113,0,0,2.51
8885,treatment,25-34,android,app_store,0.629,0,0,0.0
8886,treatment,35-44,ios,google_play,0.7763,0,0,6.32
8887,treatment,35-44,ios,google_play,0.5345,1,0,8.26
8888,treatment,35-44,android,app_store,0.4944,0,1,1.81
8889,treatment,25-34,android,app_store,0.689,0,0,0.42
8890,treatment,25-34,android,website,0.4925,0,0,0.0
8891,treatment,35-44,ios,app_store,0.7353,0,1,4.0
8892,treatment,45+,ios,google_play,0.5019,1,0,15.47
8893,treatment,18-24,ios,referral,0.5583,0,0,5.35
8894,treatment,35-44,web,website,0.649,1,0,21.27
8895,treatment,25-34,ios,google_play,0.6845,1,0,21.69
8896,treatment,18-24,ios,google_play,0.485,0,1,5.33
8897,treatment,25-34,android,referral,0.6535,1,0,20.96
8898,treatment,35-44,android,website,0.5023,0,0,6.94
8899,treatment,35-44,android,google_play,0.6406,1,0,20.15
8900,treatment,25-34,android,google_play,0.5907,1,0,19.29
8901,treatment,35-44,android,referral,0.6121,0,1,2.9
8902,treatment,25-34,android,app_store,0.5264,1,1,19.55
8903,treatment,25-34,android,google_play,0.4522,0,0,5.37
8904,treatment,35-44,ios,google_play,0.5954,1,0,20.94
8905,treatment,18-24,ios,google_play,0.6314,1,0,16.92
8906,treatment,45+,android,app_store,0.5423,0,0,11.14
8907,treatment,35-44,android,website,0.4892,0,0,9.01
8908,treatment,35-44,ios,app_store,0.7244,0,0,0.55
8909,treatment,35-44,web,google_play,0.6454,0,0,3.47
8910,treatment,35-44,android,referral,0.6759,0,0,9.3
8911,treatment,18-24,ios,app_store,0.4837,1,0,12.68
8912,treatment,35-44,web,google_play,0.7612,1,1,10.58
8913,treatment,25-34,ios,google_play,0.6655,1,0,34.05
8914,treatment,35-44,ios,google_play,0.7702,0,1,1.75
8915,treatment,35-44,android,app_store,0.547,1,0,5.88
8916,treatment,25-34,android,website,0.3912,0,0,0.54
8917,treatment,18-24,ios,website,0.452,0,0,1.96
8918,treatment,35-44,web,app_store,0.6909,1,0,22.85
8919,treatment,45+,ios,google_play,0.4673,1,0,18.2
8920,treatment,35-44,android,google_play,0.727,1,0,9.53
8921,treatment,25-34,android,google_play,0.5298,0,0,0.0
8922,treatment,45+,android,referral,0.5688,1,0,20.93
8923,treatment,35-44,web,google_play,0.6365,1,0,18.36
8924,treatment,35-44,android,app_store,0.5729,1,0,25.23
8925,treatment,25-34,android,google_play,0.5634,0,0,1.2
8926,treatment,25-34,ios,google_play,0.5489,0,0,2.51
8927,treatment,25-34,android,google_play,0.7444,1,0,14.74
8928,treatment,35-44,android,app_store,0.6391,1,0,14.29
8929,treatment,25-34,android,app_store,0.4477,1,0,20.27
8930,treatment,35-44,ios,website,0.4891,1,0,15.22
8931,treatment,45+,android,app_store,0.5501,1,0,7.86
8932,treatment,35-44,android,app_store,0.5967,1,0,25.84
8933,treatment,18-24,ios,referral,0.4523,1,0,19.29
8934,treatment,18-24,ios,website,0.7307,0,0,5.85
8935,treatment,35-44,ios,app_store,0.4145,0,0,8.2
8936,treatment,25-34,ios,app_store,0.5805,1,0,16.71
8937,treatment,18-24,ios,google_play,0.579,0,1,2.75
8938,treatment,25-34,ios,website,0.5229,0,0,0.0
8939,treatment,35-44,android,app_store,0.6657,1,0,23.11
8940,treatment,35-44,android,website,0.5985,0,1,0.0
8941,treatment,18-24,ios,app_store,0.5788,1,0,19.17
8942,treatment,35-44,android,app_store,0.5917,0,1,5.36
8943,treatment,25-34,android,google_play,0.6304,1,0,10.06
8944,treatment,25-34,android,website,0.5207,1,0,25.37
8945,treatment,45+,web,website,0.3566,1,0,6.08
8946,treatment,18-24,ios,app_store,0.6449,1,0,10.03
8947,treatment,25-34,android,google_play,0.7275,1,0,17.79
8948,treatment,18-24,android,app_store,0.5342,1,0,22.28
8949,treatment,18-24,android,app_store,0.5359,0,0,0.0
8950,treatment,35-44,android,google_play,0.6046,1,0,22.34
8951,treatment,35-44,android,google_play,0.5021,0,1,6.44
8952,treatment,35-44,android,website,0.514,1,0,15.63
8953,treatment,45+,ios,referral,0.6412,0,0,3.97
8954,treatment,35-44,web,google_play,0.6379,1,0,25.01
8955,treatment,18-24,android,website,0.6249,1,0,27.16
8956,treatment,35-44,android,app_store,0.6574,1,0,14.9
8957,treatment,35-44,ios,website,0.5651,0,0,0.5
8958,treatment,35-44,android,app_store,0.6517,1,0,17.04
8959,treatment,25-34,android,google_play,0.5721,0,0,0.0
8960,treatment,45+,android,app_store,0.3762,0,0,8.0
8961,treatment,25-34,ios,google_play,0.7116,0,0,5.26
8962,treatment,35-44,android,website,0.5986,1,0,17.98
8963,treatment,25-34,android,app_store,0.8133,1,0,24.71
8964,treatment,35-44,ios,website,0.5552,0,0,6.28
8965,treatment,25-34,android,referral,0.6668,1,0,23.85
8966,treatment,18-24,web,google_play,0.4889,1,0,21.33
8967,treatment,25-34,ios,app_store,0.5487,0,0,8.6
8968,treatment,25-34,android,website,0.7246,0,1,0.0
8969,treatment,18-24,android,app_store,0.3631,1,0,21.13
8970,treatment,35-44,web,app_store,0.6049,1,0,27.43
8971,treatment,45+,android,app_store,0.647,0,0,2.36
8972,treatment,45+,android,google_play,0.3941,1,0,14.57
8973,treatment,25-34,android,app_store,0.5368,0,0,2.17
8974,treatment,25-34,web,google_play,0.6701,1,0,18.01
8975,treatment,45+,web,google_play,0.4312,0,0,7.39
8976,treatment,45+,ios,website,0.5338,1,0,18.04
8977,treatment,18-24,android,referral,0.4942,1,0,24.79
8978,treatment,18-24,android,website,0.5945,1,0,20.9
8979,treatment,18-24,android,app_store,0.6316,1,0,23.62
8980,treatment,25-34,android,website,0.499,1,0,18.29
8981,treatment,35-44,web,website,0.3377,1,0,16.54
8982,treatment,18-24,ios,app_store,0.6087,1,0,10.03
8983,treatment,35-44,android,google_play,0.6892,0,1,0.0
8984,treatment,18-24,ios,google_play,0.6193,0,0,2.09
8985,treatment,18-24,android,google_play,0.5692,1,1,2.84
8986,treatment,35-44,ios,website,0.6185,1,0,17.44
8987,treatment,35-44,android,google_play,0.58,0,1,5.88
8988,treatment,25-34,android,app_store,0.5161,1,0,18.14
8989,treatment,25-34,android,website,0.5401,1,0,1.04
8990,treatment,25-34,android,website,0.5177,0,0,1.97
8991,treatment,45+,web,google_play,0.5811,0,0,5.38
8992,treatment,45+,web,google_play,0.4576,1,0,25.5
8993,treatment,25-34,ios,website,0.5411,0,0,5.31
8994,treatment,45+,ios,app_store,0.5518,0,1,3.41
8995,treatment,35-44,android,google_play,0.5441,1,0,20.69
8996,treatment,18-24,android,referral,0.4433,0,0,10.06
8997,treatment,25-34,android,website,0.586,1,0,18.03
8998,treatment,45+,android,app_store,0.3999,1,0,8.94
8999,treatment,35-44,android,referral,0.6393,0,0,1.73
9000,treatment,45+,ios,app_store,0.5869,1,0,13.39
9001,treatment,25-34,ios,google_play,0.7379,1,0,10.88
9002,treatment,45+,android,website,0.6487,1,0,13.59
9003,treatment,35-44,android,app_store,0.6996,0,0,13.35
9004,treatment,35-44,ios,app_store,0.5776,0,0,0.0
9005,treatment,45+,web,google_play,0.5003,0,0,1.6
9006,treatment,25-34,android,app_store,0.5982,0,0,13.46
9007,treatment,35-44,android,google_play,0.5991,0,0,5.45
9008,treatment,25-34,web,website,0.5563,1,0,19.87
9009,treatment,45+,ios,website,0.6037,0,0,5.31
9010,treatment,35-44,ios,referral,0.6743,1,0,18.92
9011,treatment,18-24,ios,referral,0.667,1,0,14.99
9012,treatment,25-34,web,referral,0.5233,1,0,19.71
9013,treatment,18-24,web,google_play,0.5822,1,0,21.07
9014,treatment,25-34,android,app_store,0.4397,1,0,7.62
9015,treatment,18-24,android,website,0.573,0,0,1.71
9016,treatment,45+,ios,referral,0.5586,0,0,0.0
9017,treatment,35-44,android,website,0.4429,0,0,0.12
9018,treatment,45+,android,website,0.441,0,0,5.23
9019,treatment,18-24,android,website,0.5212,1,1,15.17
9020,treatment,25-34,android,google_play,0.4841,1,0,16.32
9021,treatment,45+,web,google_play,0.4529,1,0,1.42
9022,treatment,35-44,android,app_store,0.5615,1,0,9.65
9023,treatment,18-24,android,website,0.5499,1,0,10.78
9024,treatment,45+,ios,google_play,0.3922,1,0,7.46
9025,treatment,18-24,ios,app_store,0.5999,0,0,4.04
9026,treatment,25-34,android,app_store,0.5528,0,1,3.66
9027,treatment,35-44,android,google_play,0.6889,1,0,22.81
9028,treatment,35-44,android,google_play,0.6353,1,0,25.62
9029,treatment,35-44,web,website,0.6719,1,0,26.24
9030,treatment,18-24,android,referral,0.586,0,1,4.77
9031,treatment,25-34,ios,google_play,0.5262,1,0,19.14
9032,treatment,25-34,web,google_play,0.6275,1,0,19.69
9033,treatment,25-34,android,app_store,0.6125,1,0,11.92
9034,treatment,18-24,web,google_play,0.4873,1,0,19.63
9035,treatment,35-44,ios,website,0.5493,1,0,14.91
9036,treatment,45+,ios,website,0.31,1,0,10.62
9037,treatment,45+,web,app_store,0.5711,1,0,7.21
9038,treatment,35-44,android,google_play,0.5908,0,0,0.0
9039,treatment,25-34,web,website,0.4961,1,0,16.46
9040,treatment,25-34,android,app_store,0.4911,0,0,1.04
9041,treatment,45+,android,referral,0.4917,1,0,13.49
9042,treatment,18-24,android,app_store,0.5564,1,0,11.06
9043,treatment,25-34,ios,google_play,0.6357,1,0,14.62
9044,treatment,25-34,android,google_play,0.5545,1,0,11.41
9045,treatment,35-44,android,app_store,0.4931,0,0,3.83
9046,treatment,45+,android,app_store,0.4735,1,0,22.42
9047,treatment,25-34,android,app_store,0.504,1,0,15.07
9048,treatment,35-44,android,app_store,0.5729,0,1,7.42
9049,treatment,35-44,ios,google_play,0.69,1,0,13.34
9050,treatment,45+,ios,app_store,0.497,0,1,0.0
9051,treatment,25-34,ios,app_store,0.7438,1,0,26.17
9052,treatment,35-44,ios,google_play,0.5942,1,0,5.73
9053,treatment,45+,android,google_play,0.3726,0,0,1.48
9054,treatment,45+,android,website,0.4418,0,1,6.32
9055,treatment,25-34,ios,google_play,0.5712,1,1,25.43
9056,treatment,18-24,ios,referral,0.8625,0,1,2.91
9057,treatment,45+,ios,app_store,0.5024,1,0,14.56
9058,treatment,45+,android,website,0.3371,0,0,11.06
9059,treatment,18-24,android,google_play,0.5293,1,0,23.51
9060,treatment,18-24,android,referral,0.5329,0,0,7.37
9061,treatment,18-24,ios,app_store,0.4627,1,0,20.85
9062,treatment,35-44,web,referral,0.6548,0,0,5.67
9063,treatment,25-34,ios,referral,0.6813,1,0,19.54
9064,treatment,25-34,ios,app_store,0.6125,1,0,17.21
9065,treatment,35-44,ios,google_play,0.6147,1,0,6.88
9066,treatment,25-34,web,app_store,0.5465,1,0,9.96
9067,treatment,45+,ios,app_store,0.4861,1,0,22.06
9068,treatment,25-34,android,google_play,0.4735,1,0,25.21
9069,treatment,25-34,android,google_play,0.6948,0,0,4.15
9070,treatment,45+,web,google_play,0.711,0,0,0.0
9071,treatment,18-24,ios,google_play,0.4838,0,0,4.22
9072,treatment,18-24,android,google_play,0.4778,0,1,4.86
9073,treatment,25-34,ios,app_store,0.5195,1,0,6.56
9074,treatment,35-44,android,app_store,0.6573,1,0,27.0
9075,treatment,25-34,ios,google_play,0.5348,1,0,23.17
9076,treatment,45+,ios,app_store,0.5919,1,0,11.62
9077,treatment,45+,web,website,0.5002,1,0,17.49
9078,treatment,18-24,ios,website,0.5037,0,0,2.3
9079,treatment,18-24,android,referral,0.6548,0,0,8.14
9080,treatment,35-44,web,google_play,0.578,1,0,14.58
9081,treatment,45+,android,app_store,0.4962,0,0,0.0
9082,treatment,25-34,ios,app_store,0.5087,0,0,3.07
9083,treatment,25-34,android,google_play,0.3807,1,0,11.72
9084,treatment,25-34,android,referral,0.6808,0,0,6.96
9085,treatment,45+,ios,google_play,0.4965,1,0,17.42
9086,treatment,18-24,ios,referral,0.6785,1,0,10.85
9087,treatment,35-44,web,referral,0.5978,1,0,13.57
9088,treatment,18-24,ios,google_play,0.5573,1,0,15.16
9089,treatment,35-44,android,google_play,0.6125,0,0,2.33
9090,treatment,25-34,web,app_store,0.5328,1,0,8.07
9091,treatment,35-44,web,website,0.4268,1,0,10.92
9092,treatment,18-24,web,google_play,0.4663,1,0,19.52
9093,treatment,18-24,web,app_store,0.45,1,0,25.57
9094,treatment,18-24,ios,referral,0.5833,1,0,14.79
9095,treatment,35-44,ios,website,0.6754,1,0,18.44
9096,treatment,35-44,ios,referral,0.5979,1,1,31.89
9097,treatment,18-24,android,app_store,0.508,1,0,19.33
9098,treatment,25-34,ios,website,0.5851,0,0,0.0
9099,treatment,25-34,android,website,0.4625,1,0,21.25
9100,treatment,18-24,android,app_store,0.5468,0,0,4.2
9101,treatment,35-44,android,app_store,0.674,1,0,15.27
9102,treatment,25-34,android,app_store,0.5975,0,0,0.0
9103,treatment,35-44,ios,app_store,0.622,1,0,22.8
9104,treatment,35-44,ios,website,0.5187,1,0,1.58
9105,treatment,45+,ios,referral,0.5565,1,0,15.31
9106,treatment,35-44,ios,referral,0.5958,1,0,15.74
9107,treatment,18-24,ios,app_store,0.5091,1,1,13.64
9108,treatment,18-24,android,website,0.4662,1,0,17.23
9109,treatment,25-34,ios,app_store,0.5893,0,0,0.0
9110,treatment,18-24,android,app_store,0.5986,1,0,21.21
9111,treatment,25-34,web,website,0.489,1,0,35.41
9112,treatment,45+,android,referral,0.5571,1,1,12.47
9113,treatment,25-34,web,referral,0.5688,1,0,20.39
9114,treatment,35-44,android,google_play,0.5231,0,1,4.02
9115,treatment,25-34,android,website,0.5745,0,0,4.2
9116,treatment,18-24,web,google_play,0.5695,1,0,15.15
9117,treatment,18-24,ios,website,0.468,1,0,18.02
9118,treatment,18-24,android,app_store,0.266,0,0,4.24
9119,treatment,25-34,ios,app_store,0.6956,0,1,6.37
9120,treatment,45+,android,referral,0.5882,1,0,22.36
9121,treatment,35-44,android,google_play,0.6883,0,1,8.11
9122,treatment,18-24,android,referral,0.6426,0,0,0.84
9123,treatment,18-24,android,app_store,0.5172,1,0,19.08
9124,treatment,45+,android,website,0.4227,1,0,17.05
9125,treatment,18-24,android,referral,0.4027,0,0,6.57
9126,treatment,25-34,web,app_store,0.5868,0,0,0.0
9127,treatment,35-44,android,google_play,0.5601,1,0,24.55
9128,treatment,35-44,android,website,0.4834,1,0,19.9
9129,treatment,25-34,android,app_store,0.4573,1,0,25.2
9130,treatment,35-44,web,google_play,0.5236,1,0,18.28
9131,treatment,25-34,android,app_store,0.4583,1,0,16.91
9132,treatment,35-44,android,app_store,0.6654,1,0,14.03
9133,treatment,18-24,web,app_store,0.6153,1,0,15.55
9134,treatment,45+,ios,app_store,0.4766,0,0,0.0
9135,treatment,35-44,android,app_store,0.684,1,0,17.01
9136,treatment,18-24,ios,referral,0.5942,0,1,1.59
9137,treatment,35-44,android,app_store,0.7035,1,0,18.54
9138,treatment,25-34,android,app_store,0.6137,1,0,13.77
9139,treatment,45+,ios,website,0.5466,1,0,20.08
9140,treatment,18-24,web,website,0.5056,1,0,17.18
9141,treatment,25-34,web,google_play,0.5283,1,0,7.01
9142,treatment,35-44,ios,google_play,0.5304,1,0,18.26
9143,treatment,25-34,android,google_play,0.5924,0,0,6.45
9144,treatment,25-34,ios,referral,0.6284,0,1,6.71
9145,treatment,35-44,web,referral,0.834,1,0,12.63
9146,treatment,35-44,ios,app_store,0.6858,1,0,8.93
9147,treatment,25-34,android,google_play,0.5084,0,0,7.41
9148,treatment,25-34,web,website,0.5292,0,1,4.97
9149,treatment,35-44,web,website,0.5265,1,0,12.16
9150,treatment,45+,android,app_store,0.4929,1,0,12.97
9151,treatment,35-44,ios,referral,0.5511,1,0,18.15
9152,treatment,35-44,web,website,0.6286,0,1,6.58
9153,treatment,35-44,android,google_play,0.5644,1,0,15.96
9154,treatment,25-34,web,google_play,0.6383,1,0,9.02
9155,treatment,25-34,android,google_play,0.5277,1,0,6.53
9156,treatment,35-44,android,website,0.5142,0,0,0.54
9157,treatment,25-34,web,google_play,0.6335,0,0,0.48
9158,treatment,25-34,web,website,0.3703,1,0,11.26
9159,treatment,18-24,android,referral,0.625,1,0,26.45
9160,treatment,35-44,web,website,0.6736,1,0,8.57
9161,treatment,35-44,ios,app_store,0.742,1,1,13.52
9162,treatment,45+,web,google_play,0.4599,0,0,11.21
9163,treatment,18-24,ios,app_store,0.5801,0,1,0.6
9164,treatment,45+,web,app_store,0.4703,0,1,3.43
9165,treatment,18-24,ios,website,0.3971,1,0,26.46
9166,treatment,35-44,ios,google_play,0.6431,1,0,17.27
9167,treatment,35-44,android,app_store,0.4695,1,0,20.3
9168,treatment,25-34,android,website,0.574,0,1,1.08
9169,treatment,45+,android,app_store,0.5615,1,0,12.77
9170,treatment,25-34,android,referral,0.6993,0,1,0.0
9171,treatment,18-24,web,website,0.527,0,1,2.72
9172,treatment,25-34,ios,app_store,0.5729,0,0,4.85
9173,treatment,25-34,ios,referral,0.6209,1,0,29.61
9174,treatment,35-44,android,app_store,0.5958,0,0,1.55
9175,treatment,25-34,ios,app_store,0.723,1,0,25.16
9176,treatment,18-24,android,google_play,0.6439,1,0,23.6
9177,treatment,25-34,ios,app_store,0.5993,1,0,13.56
9178,treatment,35-44,android,website,0.6246,1,0,18.17
9179,treatment,25-34,android,referral,0.5547,0,0,3.65
9180,treatment,35-44,android,website,0.5809,1,0,9.68
9181,treatment,25-34,android,google_play,0.548,1,0,16.49
9182,treatment,35-44,ios,app_store,0.6455,1,0,12.94
9183,treatment,45+,ios,google_play,0.4802,1,0,16.61
9184,treatment,25-34,android,app_store,0.4524,1,0,17.02
9185,treatment,25-34,ios,referral,0.5363,0,0,3.31
9186,treatment,45+,web,app_store,0.5526,0,0,1.32
9187,treatment,18-24,ios,app_store,0.4669,1,0,11.63
9188,treatment,35-44,ios,website,0.5587,1,0,7.37
9189,treatment,25-34,android,website,0.5972,0,0,6.84
9190,treatment,18-24,ios,referral,0.6756,0,0,3.57
9191,treatment,35-44,android,referral,0.5376,1,0,24.12
9192,treatment,18-24,android,google_play,0.334,1,0,17.04
9193,treatment,45+,android,referral,0.4617,0,0,3.42
9194,treatment,25-34,ios,referral,0.652,0,1,2.5
9195,treatment,18-24,android,referral,0.5997,0,0,2.16
9196,treatment,25-34,ios,referral,0.5416,1,0,19.39
9197,treatment,35-44,ios,google_play,0.4947,0,1,2.39
9198,treatment,25-34,android,app_store,0.4934,0,1,6.95
9199,treatment,25-34,android,referral,0.5545,0,1,8.48
9200,treatment,25-34,android,google_play,0.743,0,1,8.17
9201,treatment,35-44,ios,referral,0.6648,1,1,27.24
9202,treatment,25-34,android,google_play,0.6279,0,0,0.0
9203,treatment,45+,ios,google_play,0.634,0,0,7.82
9204,treatment,18-24,android,website,0.44,1,0,18.52
9205,treatment,18-24,ios,google_play,0.574,0,0,3.86
9206,treatment,25-34,ios,app_store,0.6262,1,0,13.68
9207,treatment,25-34,ios,website,0.6145,1,0,15.74
9208,treatment,35-44,web,app_store,0.5857,1,0,4.77
9209,treatment,45+,android,website,0.5395,0,0,5.5
9210,treatment,35-44,ios,referral,0.7443,1,0,16.77
9211,treatment,45+,android,google_play,0.4833,0,0,1.63
9212,treatment,35-44,web,website,0.6167,1,0,26.01
9213,treatment,18-24,android,app_store,0.5471,0,0,3.53
9214,treatment,18-24,ios,website,0.7289,1,0,12.45
9215,treatment,35-44,android,google_play,0.6677,1,0,17.89
9216,treatment,45+,web,app_store,0.5369,0,1,9.67
9217,treatment,35-44,ios,referral,0.6105,1,0,17.22
9218,treatment,35-44,ios,google_play,0.5532,0,0,6.41
9219,treatment,18-24,ios,website,0.5582,1,1,13.67
9220,treatment,35-44,ios,google_play,0.4993,1,0,20.97
9221,treatment,35-44,android,referral,0.7459,0,0,4.24
9222,treatment,45+,android,website,0.2912,1,0,18.01
9223,treatment,35-44,android,website,0.4637,1,0,15.07
9224,treatment,18-24,android,app_store,0.596,1,0,16.3
9225,treatment,35-44,ios,website,0.5832,0,1,0.0
9226,treatment,25-34,web,google_play,0.6006,1,0,8.31
9227,treatment,25-34,ios,website,0.511,0,0,0.0
9228,treatment,35-44,android,referral,0.6058,0,0,0.0
9229,treatment,45+,ios,website,0.5507,0,0,2.48
9230,treatment,35-44,android,google_play,0.5294,0,0,1.68
9231,treatment,18-24,ios,referral,0.565,0,0,0.0
9232,treatment,18-24,ios,website,0.5164,1,0,25.19
9233,treatment,25-34,ios,website,0.5443,1,0,16.36
9234,treatment,35-44,web,referral,0.6861,1,0,23.32
9235,treatment,35-44,android,app_store,0.6228,0,0,0.0
9236,treatment,25-34,ios,google_play,0.6076,1,0,20.49
9237,treatment,25-34,web,app_store,0.4395,0,0,7.03
9238,treatment,35-44,android,website,0.6405,1,0,20.36
9239,treatment,18-24,ios,google_play,0.4921,1,0,15.3
9240,treatment,35-44,android,website,0.6881,1,0,16.26
9241,treatment,35-44,ios,app_store,0.5584,0,0,4.7
9242,treatment,25-34,android,website,0.5463,1,0,18.31
9243,treatment,25-34,android,app_store,0.6169,1,0,24.52
9244,treatment,35-44,ios,google_play,0.6203,0,0,0.09
9245,treatment,18-24,android,google_play,0.551,1,0,23.74
9246,treatment,25-34,android,website,0.5034,1,0,19.74
9247,treatment,45+,ios,google_play,0.6971,0,1,4.2
9248,treatment,18-24,ios,website,0.5322,1,1,16.88
9249,treatment,45+,android,app_store,0.4867,0,1,7.3
9250,treatment,18-24,ios,website,0.5355,0,0,0.29
9251,treatment,25-34,web,google_play,0.6766,0,0,0.0
9252,treatment,18-24,android,app_store,0.5472,1,0,18.12
9253,treatment,35-44,web,referral,0.6407,0,1,1.0
9254,treatment,45+,web,referral,0.4212,0,0,4.54
9255,treatment,25-34,ios,app_store,0.6984,1,0,29.36
9256,treatment,45+,web,app_store,0.534,0,1,3.76
9257,treatment,35-44,ios,website,0.5504,0,1,4.2
9258,treatment,45+,ios,referral,0.5921,1,0,27.46
9259,treatment,35-44,android,google_play,0.7073,1,0,20.27
9260,treatment,35-44,ios,website,0.6432,1,0,24.32
9261,treatment,45+,android,app_store,0.6535,1,0,16.34
9262,treatment,35-44,ios,app_store,0.6959,1,0,17.62
9263,treatment,35-44,android,app_store,0.4316,1,0,13.95
9264,treatment,25-34,ios,website,0.6669,0,1,5.11
9265,treatment,18-24,web,google_play,0.3965,0,1,5.21
9266,treatment,35-44,ios,website,0.6941,1,0,22.24
9267,treatment,25-34,android,app_store,0.6368,0,0,5.02
9268,treatment,25-34,android,app_store,0.7004,1,0,17.12
9269,treatment,45+,android,google_play,0.5414,1,0,21.26
9270,treatment,35-44,web,google_play,0.6289,1,0,26.81
9271,treatment,45+,ios,google_play,0.6451,0,0,3.95
9272,treatment,25-34,ios,website,0.4719,1,0,10.0
9273,treatment,25-34,ios,google_play,0.6192,0,0,0.0
9274,treatment,25-34,ios,referral,0.6176,1,0,19.43
9275,treatment,45+,android,website,0.4216,1,0,12.81
9276,treatment,25-34,android,google_play,0.5303,1,0,14.98
9277,treatment,45+,android,referral,0.5386,0,0,1.59
9278,treatment,25-34,ios,google_play,0.6735,0,1,4.92
9279,treatment,25-34,web,google_play,0.705,0,0,9.21
9280,treatment,35-44,android,website,0.5232,0,1,0.0
9281,treatment,35-44,ios,referral,0.6266,1,0,24.14
9282,treatment,25-34,ios,app_store,0.3803,0,0,7.03
9283,treatment,25-34,ios,app_store,0.7232,0,0,4.46
9284,treatment,25-34,ios,website,0.4574,1,0,16.75
9285,treatment,35-44,android,google_play,0.6344,1,0,22.57
9286,treatment,18-24,ios,referral,0.6094,1,0,18.34
9287,treatment,18-24,ios,google_play,0.6452,0,0,2.92
9288,treatment,18-24,android,referral,0.4756,1,0,7.14
9289,treatment,25-34,ios,app_store,0.6519,1,0,20.76
9290,treatment,35-44,android,referral,0.7463,1,0,26.37
9291,treatment,35-44,web,website,0.5746,0,0,0.0
9292,treatment,45+,web,referral,0.4659,1,0,12.69
9293,treatment,35-44,ios,app_store,0.5086,0,0,1.81
9294,treatment,25-34,android,google_play,0.6951,1,0,16.32
9295,treatment,35-44,web,app_store,0.5609,1,0,13.69
9296,treatment,45+,android,website,0.4368,1,0,25.6
9297,treatment,18-24,ios,app_store,0.7583,1,0,29.96
9298,treatment,25-34,android,google_play,0.6498,0,0,4.29
9299,treatment,25-34,android,app_store,0.6577,0,0,1.1
9300,treatment,45+,web,website,0.5973,0,0,4.07
9301,treatment,18-24,android,website,0.3512,1,0,11.26
9302,treatment,18-24,ios,app_store,0.6788,1,0,16.71
9303,treatment,35-44,ios,website,0.7197,1,1,21.26
9304,treatment,35-44,ios,app_store,0.5903,1,0,21.91
9305,treatment,25-34,android,referral,0.6562,0,0,5.49
9306,treatment,25-34,android,referral,0.6734,1,1,15.16
9307,treatment,35-44,web,app_store,0.5394,0,0,3.96
9308,treatment,25-34,android,google_play,0.6492,1,0,15.87
9309,treatment,25-34,android,google_play,0.5252,1,0,23.25
9310,treatment,18-24,ios,website,0.7234,1,0,20.48
9311,treatment,35-44,ios,referral,0.6689,1,0,27.93
9312,treatment,25-34,ios,google_play,0.6614,1,0,19.95
9313,treatment,35-44,android,google_play,0.4658,0,0,0.41
9314,treatment,25-34,android,app_store,0.5977,0,0,0.0
9315,treatment,18-24,android,google_play,0.6236,1,0,18.94
9316,treatment,35-44,ios,referral,0.5844,0,0,0.0
9317,treatment,25-34,web,referral,0.5642,1,0,15.55
9318,treatment,18-24,ios,google_play,0.5091,0,0,1.39
9319,treatment,45+,ios,app_store,0.4437,1,0,13.16
9320,treatment,45+,ios,google_play,0.4424,1,0,18.82
9321,treatment,35-44,ios,google_play,0.7183,0,1,0.0
9322,treatment,35-44,ios,website,0.4847,1,0,8.49
9323,treatment,35-44,ios,website,0.4433,0,1,5.24
9324,treatment,25-34,ios,website,0.5234,0,0,2.16
9325,treatment,25-34,android,google_play,0.58,1,0,19.97
9326,treatment,35-44,ios,website,0.6324,1,0,19.01
9327,treatment,35-44,android,website,0.475,1,0,21.14
9328,treatment,25-34,ios,website,0.5189,1,0,19.24
9329,treatment,45+,ios,website,0.5393,1,0,21.46
9330,treatment,25-34,ios,referral,0.7084,1,0,28.13
9331,treatment,25-34,android,app_store,0.6655,1,0,19.96
9332,treatment,25-34,ios,app_store,0.6444,1,0,21.32
9333,treatment,35-44,android,app_store,0.4534,0,0,3.88
9334,treatment,18-24,ios,website,0.446,1,0,6.61
9335,treatment,25-34,android,google_play,0.6763,0,0,2.99
9336,treatment,35-44,ios,google_play,0.7777,1,0,26.04
9337,treatment,35-44,web,app_store,0.589,1,1,20.89
9338,treatment,25-34,android,referral,0.5819,0,0,1.75
9339,treatment,35-44,ios,google_play,0.5559,1,0,20.21
9340,treatment,45+,ios,app_store,0.6496,0,1,0.0
9341,treatment,25-34,ios,google_play,0.5313,1,0,22.13
9342,treatment,35-44,web,google_play,0.7629,1,0,15.07
9343,treatment,18-24,ios,referral,0.5795,0,1,4.11
9344,treatment,25-34,android,referral,0.5272,1,0,11.88
9345,treatment,25-34,ios,website,0.4234,1,0,19.28
9346,treatment,45+,ios,google_play,0.5244,1,0,3.58
9347,treatment,25-34,ios,referral,0.6259,1,0,15.4
9348,treatment,45+,ios,app_store,0.5105,0,0,0.74
9349,treatment,25-34,ios,website,0.5664,1,0,13.61
9350,treatment,25-34,android,google_play,0.6868,1,0,0.0
9351,treatment,25-34,ios,google_play,0.6655,0,0,1.01
9352,treatment,25-34,web,app_store,0.5916,0,1,4.43
9353,treatment,25-34,android,app_store,0.6573,0,1,0.27
9354,treatment,25-34,ios,website,0.4927,1,0,20.75
9355,treatment,35-44,ios,website,0.6431,1,0,23.36
9356,treatment,35-44,android,referral,0.6715,1,0,19.73
9357,treatment,45+,ios,website,0.616,1,0,20.27
9358,treatment,18-24,android,app_store,0.4064,0,0,4.44
9359,treatment,35-44,web,app_store,0.5267,0,1,5.44
9360,treatment,18-24,ios,website,0.4512,0,1,1.05
9361,treatment,25-34,android,app_store,0.6043,1,0,12.8
9362,treatment,18-24,ios,app_store,0.5739,0,0,0.47
9363,treatment,45+,ios,google_play,0.5914,1,0,21.98
9364,treatment,25-34,android,website,0.3575,1,0,12.87
9365,treatment,25-34,android,website,0.6438,1,1,16.16
9366,treatment,25-34,ios,app_store,0.6248,0,1,1.92
9367,treatment,25-34,ios,referral,0.6802,0,0,4.09
9368,treatment,18-24,android,referral,0.5756,0,0,5.7
9369,treatment,35-44,ios,website,0.5358,1,0,21.67
9370,treatment,35-44,ios,app_store,0.6674,1,0,7.19
9371,treatment,18-24,web,website,0.4921,1,0,20.0
9372,treatment,18-24,ios,google_play,0.571,0,0,3.29
9373,treatment,25-34,android,app_store,0.6055,1,0,18.96
9374,treatment,25-34,ios,website,0.5578,1,0,15.9
9375,treatment,25-34,ios,referral,0.5271,1,0,13.12
9376,treatment,18-24,ios,google_play,0.5515,0,1,6.93
9377,treatment,18-24,android,app_store,0.646,1,0,16.7
9378,treatment,25-34,ios,app_store,0.5617,1,0,25.24
9379,treatment,35-44,web,google_play,0.6135,0,0,3.33
9380,treatment,35-44,android,website,0.6127,1,0,17.88
9381,treatment,25-34,android,app_store,0.7355,1,0,13.76
9382,treatment,25-34,ios,app_store,0.5855,1,0,17.83
9383,treatment,35-44,web,referral,0.5278,1,0,23.47
9384,treatment,25-34,ios,referral,0.6898,1,0,17.16
9385,treatment,45+,android,referral,0.461,0,0,4.21
9386,treatment,35-44,web,app_store,0.6196,1,0,27.71
9387,treatment,35-44,ios,referral,0.7045,1,0,10.76
9388,treatment,25-34,ios,google_play,0.5777,1,0,12.36
9389,treatment,25-34,android,google_play,0.5542,1,0,19.79
9390,treatment,25-34,android,google_play,0.6415,1,0,7.71
9391,treatment,18-24,ios,referral,0.6734,0,0,5.34
9392,treatment,35-44,ios,app_store,0.6295,0,0,0.61
9393,treatment,45+,ios,referral,0.5795,1,0,15.28
9394,treatment,45+,web,referral,0.4461,0,1,6.54
9395,treatment,25-34,ios,referral,0.6454,1,0,10.45
9396,treatment,45+,ios,google_play,0.5147,1,0,6.03
9397,treatment,35-44,ios,google_play,0.6423,1,0,5.28
9398,treatment,25-34,android,app_store,0.6795,1,0,19.69
9399,treatment,45+,android,google_play,0.4159,1,0,23.03
9400,treatment,45+,ios,app_store,0.63,0,0,0.0
9401,treatment,25-34,android,website,0.5416,0,0,7.32
9402,treatment,35-44,web,referral,0.6238,0,0,3.25
9403,treatment,35-44,ios,referral,0.5865,1,0,18.2
9404,treatment,35-44,android,google_play,0.6184,1,0,23.5
9405,treatment,25-34,android,google_play,0.7497,0,0,0.0
9406,treatment,18-24,ios,google_play,0.3622,1,0,21.81
9407,treatment,45+,ios,referral,0.4096,1,1,6.86
9408,treatment,18-24,ios,app_store,0.5419,0,0,0.0
9409,treatment,18-24,android,google_play,0.5522,1,0,9.1
9410,treatment,25-34,web,app_store,0.6512,0,1,5.52
9411,treatment,25-34,ios,website,0.6022,1,0,21.72
9412,treatment,25-34,ios,google_play,0.4851,1,0,22.99
9413,treatment,18-24,web,referral,0.6053,0,1,3.16
9414,treatment,45+,ios,referral,0.5522,1,0,15.4
9415,treatment,25-34,ios,referral,0.7068,0,1,5.09
9416,treatment,45+,web,google_play,0.4586,0,1,2.74
9417,treatment,45+,web,referral,0.4135,1,0,18.85
9418,treatment,25-34,ios,google_play,0.5799,1,0,17.15
9419,treatment,25-34,ios,google_play,0.6553,0,1,3.05
9420,treatment,25-34,android,google_play,0.6066,1,0,29.79
9421,treatment,45+,web,website,0.4674,0,1,6.51
9422,treatment,35-44,web,app_store,0.5471,1,1,20.46
9423,treatment,35-44,ios,google_play,0.6254,0,0,1.87
9424,treatment,45+,ios,referral,0.6845,1,0,17.96
9425,treatment,25-34,ios,app_store,0.8102,1,0,23.48
9426,treatment,45+,ios,app_store,0.57,0,1,3.91
9427,treatment,35-44,android,referral,0.698,1,0,15.19
9428,treatment,25-34,ios,website,0.5078,1,0,7.6
9429,treatment,45+,android,app_store,0.6043,1,0,15.39
9430,treatment,35-44,ios,google_play,0.6081,1,0,21.7
9431,treatment,25-34,web,google_play,0.4847,1,0,10.04
9432,treatment,18-24,android,app_store,0.6082,1,0,26.38
9433,treatment,35-44,web,app_store,0.6032,1,0,19.08
9434,treatment,35-44,ios,app_store,0.7375,1,0,26.01
9435,treatment,25-34,web,website,0.6021,0,1,2.97
9436,treatment,25-34,android,google_play,0.4725,1,0,4.38
9437,treatment,18-24,android,google_play,0.5408,1,0,15.2
9438,treatment,35-44,ios,app_store,0.5543,0,1,0.84
9439,treatment,35-44,ios,app_store,0.7271,0,0,0.14
9440,treatment,35-44,ios,google_play,0.6429,1,0,20.4
9441,treatment,18-24,ios,website,0.4633,0,0,0.0
9442,treatment,18-24,ios,referral,0.4236,0,0,0.0
9443,treatment,18-24,web,app_store,0.6193,1,0,13.69
9444,treatment,45+,android,app_store,0.4686,1,1,22.47
9445,treatment,25-34,android,website,0.5051,1,0,15.87
9446,treatment,25-34,ios,google_play,0.6547,0,0,0.0
9447,treatment,18-24,android,google_play,0.4552,1,0,14.99
9448,treatment,18-24,ios,website,0.3945,0,0,7.08
9449,treatment,35-44,ios,google_play,0.6514,1,0,20.31
9450,treatment,25-34,android,google_play,0.5015,1,0,20.6
9451,treatment,35-44,android,google_play,0.5899,1,0,20.22
9452,treatment,25-34,android,google_play,0.5068,1,0,7.47
9453,treatment,25-34,android,app_store,0.4573,1,0,16.64
9454,treatment,35-44,android,app_store,0.4547,1,0,23.41
9455,treatment,25-34,android,website,0.5341,1,0,4.24
9456,treatment,25-34,ios,app_store,0.6937,1,0,5.69
9457,treatment,18-24,web,app_store,0.6042,0,1,0.0
9458,treatment,35-44,android,google_play,0.598,1,0,12.86
9459,treatment,35-44,ios,google_play,0.75,0,1,3.25
9460,treatment,25-34,android,app_store,0.5231,0,1,0.0
9461,treatment,35-44,android,referral,0.6815,0,1,4.91
9462,treatment,18-24,android,app_store,0.4766,0,0,11.14
9463,treatment,35-44,ios,referral,0.5979,1,0,13.91
9464,treatment,35-44,android,referral,0.6808,1,0,8.88
9465,treatment,18-24,web,app_store,0.5606,0,0,1.56
9466,treatment,45+,ios,app_store,0.5864,0,1,5.06
9467,treatment,25-34,ios,app_store,0.4869,0,0,3.65
9468,treatment,25-34,ios,referral,0.7183,0,0,5.76
9469,treatment,25-34,android,referral,0.6502,1,0,15.67
9470,treatment,35-44,ios,google_play,0.6038,0,0,4.29
9471,treatment,18-24,android,referral,0.5926,0,1,12.34
9472,treatment,25-34,ios,website,0.6537,0,0,1.67
9473,treatment,45+,android,google_play,0.4471,1,1,17.28
9474,treatment,45+,android,referral,0.4676,1,0,20.05
9475,treatment,35-44,ios,google_play,0.6129,0,0,12.1
9476,treatment,18-24,android,google_play,0.3483,0,1,6.19
9477,treatment,35-44,android,website,0.5724,1,0,17.98
9478,treatment,25-34,web,website,0.6089,1,0,14.59
9479,treatment,18-24,android,google_play,0.5716,1,0,25.43
9480,treatment,18-24,android,google_play,0.5643,1,0,16.83
9481,treatment,45+,android,app_store,0.5779,0,0,8.6
9482,treatment,18-24,ios,app_store,0.548,0,0,2.17
9483,treatment,25-34,ios,google_play,0.4903,1,0,13.77
9484,treatment,18-24,web,google_play,0.5464,1,0,8.61
9485,treatment,35-44,ios,app_store,0.7301,0,0,4.96
9486,treatment,35-44,ios,app_store,0.6549,1,0,6.48
9487,treatment,25-34,web,app_store,0.5462,0,1,7.62
9488,treatment,35-44,ios,referral,0.7187,1,0,8.72
9489,treatment,18-24,web,website,0.5169,1,0,6.42
9490,treatment,25-34,android,app_store,0.5487,1,0,17.07
9491,treatment,25-34,ios,website,0.5755,0,1,6.55
9492,treatment,25-34,android,google_play,0.5506,0,0,2.68
9493,treatment,45+,ios,google_play,0.5952,0,0,5.86
9494,treatment,35-44,web,website,0.484,0,1,4.26
9495,treatment,25-34,ios,google_play,0.6424,0,0,5.57
9496,treatment,45+,ios,app_store,0.6055,1,0,26.81
9497,treatment,35-44,android,website,0.565,1,0,13.12
9498,treatment,25-34,android,app_store,0.5859,1,0,18.28
9499,treatment,45+,web,referral,0.5416,0,0,0.0
9500,treatment,35-44,android,referral,0.6588,1,0,25.56
9501,treatment,35-44,android,google_play,0.5673,1,0,15.31
9502,treatment,25-34,android,website,0.5156,1,0,17.69
9503,treatment,18-24,ios,referral,0.5139,0,0,1.95
9504,treatment,45+,ios,referral,0.5444,1,0,13.28
9505,treatment,35-44,android,app_store,0.4256,1,0,21.88
9506,treatment,35-44,ios,app_store,0.6283,1,0,20.76
9507,treatment,35-44,ios,google_play,0.6853,1,0,14.04
9508,treatment,45+,ios,google_play,0.5406,1,0,27.76
9509,treatment,25-34,android,google_play,0.6497,1,0,22.49
9510,treatment,25-34,android,app_store,0.6728,1,0,27.03
9511,treatment,25-34,android,google_play,0.5747,1,0,6.16
9512,treatment,18-24,android,app_store,0.4363,0,1,0.85
9513,treatment,25-34,android,google_play,0.6633,1,0,23.2
9514,treatment,25-34,web,app_store,0.6471,1,0,10.03
9515,treatment,18-24,web,google_play,0.5719,1,0,14.89
9516,treatment,35-44,android,google_play,0.554,1,0,11.21
9517,treatment,25-34,ios,google_play,0.6462,1,0,19.78
9518,treatment,25-34,android,app_store,0.5411,0,0,1.91
9519,treatment,25-34,android,google_play,0.5173,1,0,11.34
9520,treatment,25-34,ios,app_store,0.6347,0,0,9.39
9521,treatment,35-44,ios,app_store,0.5481,0,0,5.49
9522,treatment,25-34,ios,website,0.6265,0,1,5.42
9523,treatment,25-34,android,website,0.5485,0,0,3.87
9524,treatment,25-34,ios,google_play,0.6071,1,0,22.57
9525,treatment,18-24,ios,referral,0.5827,1,0,20.77
9526,treatment,35-44,android,website,0.4601,1,0,6.54
9527,treatment,45+,android,referral,0.4449,1,0,29.19
9528,treatment,18-24,android,google_play,0.6646,1,0,28.2
9529,treatment,25-34,android,google_play,0.5639,0,0,1.68
9530,treatment,35-44,android,website,0.4321,1,0,7.73
9531,treatment,35-44,ios,google_play,0.7095,0,0,0.0
9532,treatment,25-34,ios,website,0.4841,1,0,11.39
9533,treatment,35-44,ios,google_play,0.6821,0,0,4.42
9534,treatment,45+,android,app_store,0.6139,0,0,1.88
9535,treatment,25-34,ios,website,0.5486,1,0,14.1
9536,treatment,35-44,ios,google_play,0.7286,1,0,21.53
9537,treatment,35-44,android,website,0.6047,1,0,17.12
9538,treatment,18-24,android,google_play,0.6519,0,1,6.83
9539,treatment,45+,web,google_play,0.5625,0,0,3.2
9540,treatment,45+,ios,website,0.4537,0,0,9.5
9541,treatment,35-44,ios,google_play,0.4694,0,0,11.48
9542,treatment,25-34,ios,app_store,0.5426,1,0,19.29
9543,treatment,35-44,android,app_store,0.5458,0,0,2.28
9544,treatment,35-44,android,app_store,0.6654,1,0,17.48
9545,treatment,18-24,ios,google_play,0.6631,0,1,7.24
9546,treatment,25-34,ios,google_play,0.5283,0,0,6.56
9547,treatment,18-24,android,app_store,0.6138,0,0,0.0
9548,treatment,25-34,android,app_store,0.5041,1,0,21.21
9549,treatment,35-44,web,website,0.4893,1,0,15.54
9550,treatment,45+,ios,app_store,0.4253,1,0,19.53
9551,treatment,25-34,android,google_play,0.603,0,0,3.41
9552,treatment,35-44,android,google_play,0.5491,1,0,15.48
9553,treatment,35-44,ios,google_play,0.741,0,0,0.0
9554,treatment,25-34,android,app_store,0.4934,0,1,0.0
9555,treatment,35-44,ios,website,0.6446,0,0,2.42
9556,treatment,18-24,web,app_store,0.429,1,0,17.05
9557,treatment,18-24,ios,website,0.5986,1,0,17.48
9558,treatment,25-34,web,google_play,0.5954,1,0,19.45
9559,treatment,45+,android,google_play,0.5294,0,1,0.47
9560,treatment,45+,android,google_play,0.4773,0,0,0.0
9561,treatment,35-44,web,referral,0.5928,1,0,23.8
9562,treatment,35-44,web,google_play,0.6457,1,0,21.23
9563,treatment,35-44,ios,app_store,0.7707,0,1,0.9
9564,treatment,25-34,android,google_play,0.492,1,1,23.11
9565,treatment,25-34,ios,google_play,0.5887,1,1,11.85
9566,treatment,18-24,android,app_store,0.467,0,0,4.24
9567,treatment,18-24,web,referral,0.4351,1,0,19.31
9568,treatment,45+,ios,app_store,0.4141,1,0,14.09
9569,treatment,35-44,android,referral,0.5574,0,0,5.22
9570,treatment,35-44,android,google_play,0.5643,1,0,10.11
9571,treatment,35-44,android,google_play,0.7093,1,0,17.74
9572,treatment,35-44,ios,website,0.6651,0,0,3.36
9573,treatment,35-44,android,app_store,0.5204,1,0,11.28
9574,treatment,35-44,ios,google_play,0.6978,1,1,21.73
9575,treatment,18-24,android,app_store,0.4521,0,0,7.5
9576,treatment,18-24,ios,app_store,0.549,1,0,17.56
9577,treatment,35-44,ios,website,0.6119,1,0,18.42
9578,treatment,18-24,android,app_store,0.6848,1,0,16.24
9579,treatment,35-44,android,google_play,0.6175,0,0,3.12
9580,treatment,35-44,android,google_play,0.4778,0,0,1.61
9581,treatment,35-44,web,referral,0.6855,1,0,17.96
9582,treatment,25-34,android,referral,0.687,1,0,16.35
9583,treatment,25-34,android,app_store,0.6371,0,0,9.32
9584,treatment,45+,ios,website,0.4165,1,0,16.52
9585,treatment,45+,android,app_store,0.5059,0,0,0.0
9586,treatment,25-34,ios,google_play,0.6146,0,1,0.0
9587,treatment,45+,android,website,0.5976,0,0,7.02
9588,treatment,45+,web,app_store,0.5553,0,1,8.58
9589,treatment,25-34,ios,website,0.7033,0,0,0.0
9590,treatment,25-34,ios,app_store,0.5493,1,0,21.48
9591,treatment,45+,android,referral,0.5087,1,0,20.98
9592,treatment,35-44,android,google_play,0.553,1,0,17.89
9593,treatment,35-44,android,app_store,0.6643,1,0,11.1
9594,treatment,45+,web,app_store,0.5972,1,0,20.84
9595,treatment,45+,web,website,0.4973,0,0,8.13
9596,treatment,18-24,android,website,0.4836,0,1,8.45
9597,treatment,25-34,web,website,0.5694,0,1,5.26
9598,treatment,45+,ios,google_play,0.4354,0,1,6.53
9599,treatment,18-24,ios,google_play,0.5331,0,1,0.0
9600,treatment,18-24,web,website,0.4595,0,0,5.58
9601,treatment,45+,web,app_store,0.5049,0,1,5.63
9602,treatment,35-44,ios,app_store,0.5738,1,0,15.89
9603,treatment,18-24,ios,app_store,0.4881,0,0,3.73
9604,treatment,18-24,ios,website,0.3882,1,0,14.69
9605,treatment,35-44,android,google_play,0.6306,1,0,8.55
9606,treatment,25-34,android,app_store,0.4563,1,0,21.56
9607,treatment,18-24,ios,referral,0.666,1,0,29.21
9608,treatment,45+,android,google_play,0.5319,1,0,12.64
9609,treatment,35-44,ios,app_store,0.6969,1,0,18.34
9610,treatment,25-34,android,google_play,0.5047,1,0,9.92
9611,treatment,35-44,ios,referral,0.8051,1,0,19.26
9612,treatment,25-34,android,website,0.7036,0,0,1.14
9613,treatment,25-34,web,google_play,0.5884,1,0,17.06
9614,treatment,45+,ios,website,0.5275,1,1,23.86
9615,treatment,25-34,android,google_play,0.575,1,0,19.68
9616,treatment,35-44,android,website,0.6266,1,0,17.21
9617,treatment,25-34,android,website,0.5894,1,0,12.34
9618,treatment,25-34,android,google_play,0.434,1,0,22.1
9619,treatment,25-34,android,google_play,0.5099,0,0,0.0
9620,treatment,25-34,android,app_store,0.5974,1,0,25.92
9621,treatment,35-44,ios,website,0.6479,0,0,3.88
9622,treatment,35-44,android,app_store,0.5979,0,0,0.0
9623,treatment,35-44,android,google_play,0.4603,1,0,8.9
9624,treatment,18-24,web,referral,0.6005,1,0,16.01
9625,treatment,25-34,web,google_play,0.732,1,0,15.83
9626,treatment,25-34,android,app_store,0.3823,1,0,20.73
9627,treatment,35-44,ios,app_store,0.7011,0,0,0.0
9628,treatment,45+,android,referral,0.6726,1,0,22.72
9629,treatment,35-44,ios,website,0.6615,0,0,0.0
9630,treatment,25-34,ios,website,0.5595,0,0,3.79
9631,treatment,35-44,ios,google_play,0.7078,1,0,13.65
9632,treatment,18-24,ios,google_play,0.5591,1,0,18.55
9633,treatment,18-24,web,google_play,0.5794,0,0,7.84
9634,treatment,25-34,android,website,0.5327,0,0,6.75
9635,treatment,25-34,ios,google_play,0.6249,1,0,20.0
9636,treatment,25-34,android,google_play,0.5151,1,0,25.97
9637,treatment,25-34,android,google_play,0.5389,0,1,8.43
9638,treatment,35-44,ios,website,0.716,1,0,27.21
9639,treatment,18-24,android,app_store,0.4664,0,1,1.31
9640,treatment,25-34,android,google_play,0.4195,1,0,22.47
9641,treatment,25-34,android,google_play,0.8572,1,0,22.6
9642,treatment,25-34,web,referral,0.5711,1,0,18.05
9643,treatment,25-34,android,google_play,0.5545,1,0,24.2
9644,treatment,18-24,android,website,0.4438,1,0,18.22
9645,treatment,25-34,android,google_play,0.5773,0,1,0.0
9646,treatment,35-44,web,website,0.4953,1,0,25.62
9647,treatment,25-34,android,referral,0.7152,1,0,14.33
9648,treatment,35-44,ios,app_store,0.61,1,0,7.47
9649,treatment,25-34,ios,app_store,0.5224,1,1,37.14
9650,treatment,35-44,ios,website,0.3565,0,0,0.0
9651,treatment,18-24,web,website,0.5736,1,0,21.83
9652,treatment,45+,android,google_play,0.4707,0,0,0.0
9653,treatment,18-24,android,google_play,0.5561,1,0,15.46
9654,treatment,45+,android,website,0.3817,0,0,0.98
9655,treatment,25-34,android,website,0.5335,0,0,0.0
9656,treatment,35-44,web,google_play,0.6038,1,0,23.2
9657,treatment,25-34,android,google_play,0.6497,0,0,11.68
9658,treatment,18-24,ios,referral,0.5992,1,0,18.03
9659,treatment,18-24,android,google_play,0.4362,1,1,7.35
9660,treatment,18-24,android,app_store,0.7082,1,0,11.73
9661,treatment,25-34,ios,referral,0.6708,1,0,12.99
9662,treatment,35-44,ios,website,0.5104,0,0,3.86
9663,treatment,25-34,android,google_play,0.5911,1,0,15.5
9664,treatment,35-44,web,website,0.5873,1,0,30.69
9665,treatment,18-24,android,app_store,0.5547,1,1,17.42
9666,treatment,35-44,web,google_play,0.6351,1,0,22.84
9667,treatment,35-44,android,app_store,0.6056,1,0,16.97
9668,treatment,25-34,android,referral,0.6694,1,0,17.75
9669,treatment,35-44,web,app_store,0.6542,1,0,15.84
9670,treatment,25-34,android,app_store,0.6257,1,0,17.97
9671,treatment,25-34,ios,app_store,0.4639,1,0,15.02
9672,treatment,35-44,ios,google_play,0.4973,0,0,3.63
9673,treatment,35-44,android,app_store,0.5225,1,0,14.66
9674,treatment,25-34,ios,google_play,0.5961,1,0,31.61
9675,treatment,25-34,ios,website,0.5052,1,0,20.36
9676,treatment,35-44,android,app_store,0.5047,0,0,5.59
9677,treatment,25-34,android,referral,0.6151,1,0,16.98
9678,treatment,45+,android,referral,0.4562,0,0,0.0
9679,treatment,35-44,android,app_store,0.3937,1,0,9.9
9680,treatment,18-24,android,app_store,0.4073,0,1,2.87
9681,treatment,25-34,ios,google_play,0.5672,0,1,2.75
9682,treatment,35-44,android,google_play,0.5753,1,0,20.34
9683,treatment,35-44,android,google_play,0.6679,1,0,19.11
9684,treatment,18-24,ios,google_play,0.6008,1,0,15.18
9685,treatment,35-44,ios,website,0.4256,1,0,33.9
9686,treatment,35-44,web,website,0.6722,1,0,20.09
9687,treatment,18-24,ios,referral,0.5701,1,0,15.35
9688,treatment,18-24,web,website,0.4915,1,0,15.74
9689,treatment,35-44,web,app_store,0.6057,0,0,6.1
9690,treatment,35-44,android,app_store,0.5178,0,0,2.69
9691,treatment,25-34,ios,website,0.6111,0,0,6.93
9692,treatment,18-24,android,website,0.3201,0,1,3.19
9693,treatment,25-34,ios,website,0.6732,1,0,15.69
9694,treatment,25-34,android,google_play,0.591,0,1,0.0
9695,treatment,35-44,ios,website,0.6151,1,0,24.23
9696,treatment,18-24,android,referral,0.5881,0,1,0.0
9697,treatment,35-44,web,google_play,0.5707,1,0,22.5
9698,treatment,25-34,android,app_store,0.6677,0,1,1.35
9699,treatment,35-44,ios,referral,0.598,1,0,23.16
9700,treatment,45+,web,referral,0.456,0,0,8.12
9701,treatment,18-24,android,app_store,0.5279,0,0,0.79
9702,treatment,45+,android,google_play,0.3958,1,1,12.96
9703,treatment,35-44,ios,website,0.5407,0,0,11.49
9704,treatment,45+,web,app_store,0.5269,0,1,5.15
9705,treatment,25-34,web,app_store,0.6348,0,1,6.1
9706,treatment,45+,android,app_store,0.493,1,0,9.88
9707,treatment,25-34,web,google_play,0.5137,0,1,0.0
9708,treatment,18-24,android,app_store,0.489,0,0,4.26
9709,treatment,45+,android,app_store,0.4426,0,0,2.13
9710,treatment,45+,ios,app_store,0.5282,0,0,0.0
9711,treatment,18-24,ios,website,0.4664,0,0,4.5
9712,treatment,25-34,android,website,0.4478,1,0,7.75
9713,treatment,45+,ios,website,0.4079,1,0,19.82
9714,treatment,25-34,android,app_store,0.4189,1,1,12.6
9715,treatment,25-34,android,referral,0.6825,1,0,22.25
9716,treatment,18-24,web,referral,0.6133,1,0,18.61
9717,treatment,25-34,ios,app_store,0.5077,0,0,5.4
9718,treatment,25-34,ios,referral,0.6881,1,0,26.04
9719,treatment,35-44,ios,google_play,0.6394,1,0,13.99
9720,treatment,25-34,android,app_store,0.4626,1,0,12.13
9721,treatment,35-44,android,google_play,0.512,1,0,25.21
9722,treatment,18-24,ios,google_play,0.5541,0,0,9.59
9723,treatment,35-44,web,referral,0.6853,1,0,25.69
9724,treatment,18-24,android,google_play,0.5735,1,0,4.01
9725,treatment,35-44,android,website,0.5029,1,0,21.61
9726,treatment,35-44,ios,website,0.6227,1,0,12.4
9727,treatment,35-44,ios,app_store,0.613,0,0,6.73
9728,treatment,18-24,android,website,0.4172,1,0,16.48
9729,treatment,35-44,ios,google_play,0.7128,1,0,15.98
9730,treatment,18-24,web,app_store,0.5385,1,0,15.64
9731,treatment,18-24,android,google_play,0.5669,0,0,1.34
9732,treatment,35-44,android,referral,0.5282,1,0,10.33
9733,treatment,18-24,ios,website,0.4744,1,0,15.7
9734,treatment,25-34,ios,website,0.6316,0,0,3.97
9735,treatment,45+,android,app_store,0.4735,0,0,8.88
9736,treatment,25-34,ios,website,0.5482,1,0,21.07
9737,treatment,35-44,ios,website,0.5011,0,1,2.46
9738,treatment,35-44,ios,referral,0.6717,0,0,2.19
9739,treatment,25-34,android,website,0.4397,1,0,0.08
9740,treatment,25-34,android,app_store,0.5953,0,0,2.09
9741,treatment,25-34,android,referral,0.5166,0,0,3.98
9742,treatment,35-44,ios,website,0.5692,0,0,1.3
9743,treatment,35-44,ios,app_store,0.752,0,0,1.6
9744,treatment,25-34,android,website,0.5553,1,0,3.11
9745,treatment,35-44,ios,google_play,0.6083,0,1,0.0
9746,treatment,25-34,android,website,0.5945,1,0,11.4
9747,treatment,35-44,web,app_store,0.5381,1,0,13.66
9748,treatment,18-24,ios,website,0.4371,1,0,0.0
9749,treatment,25-34,android,app_store,0.5368,1,0,16.86
9750,treatment,25-34,android,website,0.6139,1,0,17.46
9751,treatment,35-44,android,app_store,0.6694,1,0,20.47
9752,treatment,25-34,android,app_store,0.5263,0,0,1.95
9753,treatment,25-34,ios,app_store,0.5833,0,0,6.47
9754,treatment,45+,android,google_play,0.5396,1,1,28.71
9755,treatment,18-24,ios,website,0.7103,0,0,0.0
9756,treatment,25-34,ios,google_play,0.597,0,0,0.0
9757,treatment,18-24,android,google_play,0.6366,1,0,20.01
9758,treatment,35-44,android,referral,0.636,1,0,21.52
9759,treatment,25-34,android,google_play,0.6443,0,1,0.0
9760,treatment,45+,ios,google_play,0.6271,1,0,28.12
9761,treatment,25-34,ios,google_play,0.6301,1,0,12.34
9762,treatment,45+,android,referral,0.5237,1,0,16.53
9763,treatment,18-24,android,app_store,0.4994,0,0,5.9
9764,treatment,35-44,web,app_store,0.6241,1,0,26.61
9765,treatment,25-34,android,google_play,0.671,0,0,0.0
9766,treatment,25-34,android,website,0.6318,0,1,6.17
9767,treatment,45+,android,app_store,0.5928,0,0,3.1
9768,treatment,25-34,android,referral,0.5587,0,1,0.0
9769,treatment,35-44,ios,app_store,0.5805,1,0,14.32
9770,treatment,35-44,ios,website,0.5198,0,0,0.0
9771,treatment,25-34,android,app_store,0.5783,1,0,22.09
9772,treatment,18-24,android,referral,0.6206,0,0,0.0
9773,treatment,45+,ios,google_play,0.5008,1,1,20.61
9774,treatment,35-44,android,app_store,0.5714,1,0,17.9
9775,treatment,45+,web,app_store,0.5577,1,0,19.99
9776,treatment,35-44,ios,google_play,0.6103,0,1,3.48
9777,treatment,35-44,web,google_play,0.5908,0,0,0.32
9778,treatment,35-44,android,app_store,0.6751,1,0,20.26
9779,treatment,18-24,ios,google_play,0.5679,1,0,18.74
9780,treatment,45+,android,google_play,0.4484,1,0,14.87
9781,treatment,35-44,web,google_play,0.6137,1,0,33.34
9782,treatment,35-44,ios,app_store,0.6607,0,0,0.0
9783,treatment,45+,ios,google_play,0.7464,0,1,5.3
9784,treatment,18-24,android,referral,0.6675,1,0,21.53
9785,treatment,25-34,ios,google_play,0.8714,1,0,16.24
9786,treatment,18-24,ios,website,0.4308,1,0,19.46
9787,treatment,35-44,android,app_store,0.6973,1,0,20.65
9788,treatment,25-34,ios,app_store,0.7302,0,1,3.22
9789,treatment,18-24,ios,referral,0.5884,1,0,14.62
9790,treatment,35-44,ios,website,0.5546,1,0,17.49
9791,treatment,25-34,android,website,0.585,1,0,14.34
9792,treatment,25-34,ios,google_play,0.5899,1,0,26.2
9793,treatment,25-34,android,website,0.4345,1,0,23.23
9794,treatment,18-24,ios,referral,0.4726,1,0,18.43
9795,treatment,25-34,web,app_store,0.4563,1,0,13.51
9796,treatment,25-34,android,app_store,0.5846,0,1,2.34
9797,treatment,25-34,web,referral,0.6597,1,0,14.44
9798,treatment,25-34,web,app_store,0.498,0,1,3.13
9799,treatment,45+,android,google_play,0.5447,1,0,8.34
9800,treatment,18-24,android,app_store,0.5541,1,0,14.63
9801,treatment,25-34,ios,google_play,0.6437,1,0,11.39
9802,treatment,35-44,web,google_play,0.6604,1,0,13.76
9803,treatment,25-34,android,app_store,0.5832,1,1,28.94
9804,treatment,25-34,web,app_store,0.6826,1,0,16.03
9805,treatment,35-44,android,google_play,0.6459,1,0,19.13
9806,treatment,18-24,android,google_play,0.4256,0,0,2.67
9807,treatment,45+,web,website,0.6132,0,0,5.75
9808,treatment,25-34,android,website,0.4491,1,0,15.63
9809,treatment,35-44,ios,app_store,0.6247,0,1,1.51
9810,treatment,45+,android,google_play,0.7102,1,0,13.86
9811,treatment,45+,android,website,0.4952,0,0,0.82
9812,treatment,25-34,web,google_play,0.5202,1,0,27.01
9813,treatment,35-44,android,referral,0.6429,0,1,4.87
9814,treatment,25-34,ios,referral,0.6778,0,1,1.28
9815,treatment,25-34,web,google_play,0.6021,0,0,6.52
9816,treatment,35-44,ios,app_store,0.5855,1,0,24.89
9817,treatment,25-34,web,app_store,0.4736,1,0,13.71
9818,treatment,25-34,web,app_store,0.4828,0,0,2.44
9819,treatment,35-44,android,website,0.4837,0,0,3.53
9820,treatment,25-34,ios,app_store,0.7096,1,0,13.38
9821,treatment,35-44,android,referral,0.5185,1,0,15.03
9822,treatment,18-24,ios,website,0.5285,1,0,15.03
9823,treatment,35-44,ios,referral,0.7679,1,0,17.12
9824,treatment,18-24,android,google_play,0.5781,1,0,36.36
9825,treatment,35-44,ios,app_store,0.7397,0,0,0.25
9826,treatment,18-24,android,app_store,0.4691,0,0,0.0
9827,treatment,35-44,ios,website,0.6363,1,0,23.87
9828,treatment,35-44,android,app_store,0.6781,1,0,19.1
9829,treatment,25-34,android,referral,0.6713,1,1,16.16
9830,treatment,35-44,ios,app_store,0.6972,1,0,23.19
9831,treatment,35-44,ios,website,0.4904,1,0,10.66
9832,treatment,18-24,web,google_play,0.5894,1,0,19.89
9833,treatment,35-44,ios,website,0.625,0,0,2.82
9834,treatment,25-34,web,website,0.524,0,0,3.62
9835,treatment,35-44,ios,app_store,0.5776,0,0,3.68
9836,treatment,45+,web,referral,0.572,0,0,12.08
9837,treatment,35-44,android,google_play,0.517,0,0,1.69
9838,treatment,18-24,ios,google_play,0.5315,0,1,0.47
9839,treatment,25-34,android,referral,0.6714,1,0,21.22
9840,treatment,25-34,ios,website,0.6494,1,0,24.13
9841,treatment,18-24,web,app_store,0.5646,1,0,9.89
9842,treatment,35-44,ios,app_store,0.5892,1,0,20.34
9843,treatment,35-44,ios,referral,0.5671,1,0,11.0
9844,treatment,35-44,ios,google_play,0.5736,1,0,9.87
9845,treatment,18-24,android,google_play,0.6288,1,1,16.67
9846,treatment,35-44,web,app_store,0.6116,0,0,1.11
9847,treatment,25-34,android,google_play,0.5678,1,0,10.26
9848,treatment,25-34,android,app_store,0.5791,1,0,12.89
9849,treatment,25-34,android,app_store,0.6208,0,0,1.63
9850,treatment,35-44,web,google_play,0.5239,1,0,21.72
9851,treatment,25-34,ios,app_store,0.5671,1,0,12.11
9852,treatment,35-44,ios,google_play,0.6877,1,0,18.43
9853,treatment,18-24,android,website,0.4952,0,1,0.0
9854,treatment,25-34,android,website,0.6145,1,0,16.68
9855,treatment,25-34,android,app_store,0.6263,1,0,22.4
9856,treatment,18-24,android,app_store,0.4542,1,0,15.13
9857,treatment,25-34,ios,website,0.299,1,0,21.21
9858,treatment,35-44,android,google_play,0.6123,0,1,0.0
9859,treatment,25-34,android,app_store,0.4824,0,0,0.0
9860,treatment,25-34,ios,website,0.6066,0,1,5.52
9861,treatment,25-34,ios,google_play,0.7432,1,0,21.79
9862,treatment,25-34,web,app_store,0.4936,0,0,10.23
9863,treatment,18-24,android,website,0.5277,0,0,6.04
9864,treatment,35-44,ios,google_play,0.7056,1,0,24.95
9865,treatment,35-44,android,google_play,0.6237,1,0,12.25
9866,treatment,35-44,web,referral,0.6522,1,0,17.97
9867,treatment,25-34,web,app_store,0.4099,0,0,0.0
9868,treatment,25-34,android,google_play,0.5812,0,1,7.41
9869,treatment,35-44,android,app_store,0.5853,1,0,16.26
9870,treatment,35-44,android,referral,0.7,1,0,20.91
9871,treatment,18-24,android,google_play,0.6028,1,0,4.21
9872,treatment,18-24,android,referral,0.5052,1,0,2.89
9873,treatment,45+,android,google_play,0.354,1,0,28.57
9874,treatment,18-24,android,website,0.3483,0,1,15.94
9875,treatment,45+,android,website,0.5687,0,0,4.77
9876,treatment,35-44,android,app_store,0.5798,0,1,9.07
9877,treatment,25-34,android,website,0.4103,1,0,13.58
9878,treatment,18-24,android,app_store,0.4102,1,0,8.55
9879,treatment,45+,web,app_store,0.5245,0,1,9.44
9880,treatment,18-24,android,google_play,0.5357,1,0,17.19
9881,treatment,25-34,android,website,0.6585,0,0,2.74
9882,treatment,18-24,web,app_store,0.5196,1,0,27.99
9883,treatment,18-24,android,website,0.5069,0,1,2.26
9884,treatment,35-44,android,website,0.5426,0,0,0.0
9885,treatment,25-34,ios,google_play,0.6815,1,0,9.68
9886,treatment,35-44,android,app_store,0.7268,1,0,17.98
9887,treatment,35-44,ios,google_play,0.7116,1,0,23.23
9888,treatment,25-34,ios,app_store,0.7637,0,0,2.46
9889,treatment,35-44,ios,app_store,0.6693,0,0,3.09
9890,treatment,25-34,ios,app_store,0.4791,1,0,13.33
9891,treatment,35-44,android,app_store,0.5201,1,0,14.9
9892,treatment,25-34,android,website,0.5917,0,1,9.16
9893,treatment,35-44,android,google_play,0.5767,1,0,17.17
9894,treatment,35-44,android,referral,0.6161,1,0,13.35
9895,treatment,35-44,ios,website,0.5212,1,0,27.86
9896,treatment,18-24,ios,referral,0.7016,1,1,16.31
9897,treatment,25-34,android,website,0.6485,0,1,2.86
9898,treatment,45+,web,app_store,0.4877,1,0,16.44
9899,treatment,45+,android,app_store,0.4785,1,0,8.21
9900,treatment,35-44,web,app_store,0.698,0,0,1.96
9901,treatment,18-24,android,website,0.5597,0,0,4.21
9902,treatment,25-34,ios,website,0.4355,1,0,15.38
9903,treatment,45+,ios,app_store,0.5904,1,0,23.84
9904,treatment,18-24,ios,website,0.5557,1,0,11.93
9905,treatment,35-44,ios,app_store,0.6409,0,1,4.48
9906,treatment,25-34,ios,website,0.4958,1,0,14.81
9907,treatment,35-44,ios,google_play,0.5675,0,0,6.82
9908,treatment,18-24,web,app_store,0.2781,1,0,27.1
9909,treatment,18-24,android,google_play,0.4735,0,1,7.85
9910,treatment,25-34,ios,referral,0.4783,0,0,3.71
9911,treatment,45+,ios,website,0.4527,0,1,3.32
9912,treatment,35-44,android,google_play,0.6282,0,1,3.08
9913,treatment,35-44,android,google_play,0.5026,0,0,0.0
9914,treatment,45+,android,google_play,0.6126,1,0,23.31
9915,treatment,25-34,android,app_store,0.7225,1,1,5.16
9916,treatment,45+,ios,website,0.515,1,0,15.52
9917,treatment,18-24,ios,app_store,0.6047,0,1,9.26
9918,treatment,18-24,android,google_play,0.3965,1,0,8.11
9919,treatment,25-34,ios,app_store,0.6207,1,0,20.78
9920,treatment,45+,android,website,0.3436,0,0,6.17
9921,treatment,35-44,web,app_store,0.4581,1,1,14.47
9922,treatment,18-24,ios,google_play,0.4647,0,1,0.0
9923,treatment,45+,android,google_play,0.4937,0,1,0.0
9924,treatment,35-44,android,website,0.5427,1,0,15.06
9925,treatment,35-44,web,referral,0.6202,0,1,0.6
9926,treatment,35-44,ios,app_store,0.5329,1,0,9.2
9927,treatment,25-34,android,app_store,0.5745,1,1,23.83
9928,treatment,18-24,ios,website,0.4604,1,0,12.67
9929,treatment,35-44,android,app_store,0.5963,0,0,5.06
9930,treatment,18-24,web,app_store,0.5071,0,1,0.3
9931,treatment,35-44,web,app_store,0.4518,0,0,5.34
9932,treatment,25-34,android,app_store,0.5117,1,0,19.11
9933,treatment,35-44,ios,google_play,0.6795,0,0,7.15
9934,treatment,35-44,ios,google_play,0.7031,1,0,8.28
9935,treatment,25-34,android,google_play,0.4775,1,0,13.28
9936,treatment,25-34,web,app_store,0.5149,0,1,6.74
9937,treatment,18-24,android,app_store,0.4802,1,0,13.97
9938,treatment,25-34,android,referral,0.6897,0,1,2.01
9939,treatment,18-24,web,google_play,0.5735,1,0,21.15
9940,treatment,18-24,ios,referral,0.4836,1,0,16.08
9941,treatment,25-34,android,referral,0.6354,1,0,18.53
9942,treatment,25-34,ios,google_play,0.7175,0,0,2.99
9943,treatment,45+,ios,referral,0.5833,1,0,15.84
9944,treatment,18-24,ios,app_store,0.494,1,0,9.61
9945,treatment,18-24,android,google_play,0.5939,0,0,1.74
9946,treatment,35-44,ios,website,0.6008,1,0,21.12
9947,treatment,18-24,ios,app_store,0.536,1,0,15.95
9948,treatment,35-44,ios,google_play,0.7074,0,0,5.19
9949,treatment,35-44,android,referral,0.6157,1,0,15.91
9950,treatment,35-44,web,referral,0.6325,1,0,20.78
9951,treatment,25-34,android,google_play,0.6448,0,0,1.2
9952,treatment,18-24,ios,website,0.4759,1,0,10.87
9953,treatment,45+,android,website,0.3635,1,0,23.07
9954,treatment,45+,web,google_play,0.542,1,0,11.27
9955,treatment,35-44,web,google_play,0.7305,1,0,13.71
9956,treatment,18-24,web,website,0.304,0,0,3.46
9957,treatment,25-34,android,google_play,0.6347,0,0,0.0
9958,treatment,35-44,ios,website,0.5888,1,0,14.43
9959,treatment,18-24,android,app_store,0.4733,1,0,13.92
9960,treatment,45+,android,website,0.4043,0,0,2.44
9961,treatment,45+,web,google_play,0.5882,1,0,16.43
9962,treatment,18-24,ios,app_store,0.6104,0,0,1.71
9963,treatment,18-24,ios,website,0.433,0,1,2.79
9964,treatment,25-34,android,google_play,0.6004,1,0,26.62
9965,treatment,25-34,ios,website,0.6758,1,0,31.94
9966,treatment,25-34,android,app_store,0.6218,1,0,20.88
9967,treatment,35-44,android,app_store,0.4526,0,0,2.25
9968,treatment,25-34,web,referral,0.6577,1,0,12.44
9969,treatment,18-24,ios,google_play,0.4662,1,1,13.43
9970,treatment,25-34,android,app_store,0.5834,0,1,2.56
9971,treatment,25-34,ios,google_play,0.5562,1,0,24.65
9972,treatment,25-34,android,google_play,0.6082,1,1,11.69
9973,treatment,45+,android,referral,0.4724,1,0,20.0
9974,treatment,18-24,ios,app_store,0.4723,1,0,14.71
9975,treatment,35-44,android,google_play,0.6212,1,0,23.61
9976,treatment,25-34,android,google_play,0.5852,1,0,15.58
9977,treatment,35-44,android,app_store,0.6517,0,1,0.67
9978,treatment,25-34,ios,website,0.5236,1,0,13.68
9979,treatment,25-34,android,app_store,0.4449,1,1,28.25
9980,treatment,25-34,android,app_store,0.6201,0,0,3.22
9981,treatment,35-44,web,google_play,0.7218,0,1,7.32
9982,treatment,18-24,ios,google_play,0.5198,1,0,19.9
9983,treatment,25-34,android,referral,0.6349,0,0,5.57
9984,treatment,25-34,web,website,0.5111,1,0,15.56
9985,treatment,35-44,ios,app_store,0.7806,0,0,2.98
9986,treatment,18-24,ios,app_store,0.5139,0,0,0.0
9987,treatment,18-24,android,google_play,0.5223,1,0,11.76
9988,treatment,35-44,android,app_store,0.4242,1,0,16.37
9989,treatment,25-34,android,app_store,0.6918,1,0,15.75
9990,treatment,18-24,ios,referral,0.5433,1,0,16.92
9991,treatment,25-34,android,website,0.6299,1,0,22.41
9992,treatment,35-44,android,google_play,0.5424,0,0,10.05
9993,treatment,45+,android,app_store,0.4897,0,0,0.0
9994,treatment,35-44,android,website,0.4835,1,0,20.05
9995,treatment,35-44,android,google_play,0.5212,1,0,14.24
9996,treatment,35-44,android,google_play,0.5726,1,0,7.83
9997,treatment,25-34,ios,google_play,0.6049,1,0,31.93
9998,treatment,45+,web,referral,0.5068,1,0,17.33
9999,treatment,18-24,web,app_store,0.4042,0,0,1.99
