transaction_id,user_id,tx_time,hour,amount,is_anomaly
0,720,2025-01-17 00:00:00,12.08,65.95,0
1,592,2025-03-04 11:34:00,9.692,15.61,0
2,165,2025-05-10 06:03:00,9.503,264.17,0
3,796,2025-03-17 18:47:00,8.131,14.37,0
4,794,2025-01-31 08:34:00,21.697,78.65,0
5,32,2025-06-27 05:54:00,17.171,97.14,0
6,20,2025-02-05 15:22:00,12.497,11.98,0
7,195,2025-01-16 03:43:00,16.107,24.43,0
8,635,2025-03-10 14:57:00,16.667,29.12,0
9,478,2025-01-21 02:19:00,10.561,567.61,0
10,410,2025-04-17 14:46:00,12.044,28.76,0
11,332,2025-03-20 08:47:00,15.662,14.08,0
12,383,2025-06-16 18:31:00,19.757,51.87,0
13,510,2025-01-31 11:07:00,9.814,15.14,0
14,51,2025-02-18 09:14:00,20.017,33.32,0
15,469,2025-05-04 06:27:00,16.526,24.32,0
16,176,2025-05-06 15:02:00,14.855,52.97,0
17,630,2025-03-06 22:07:00,10.015,22.34,0
18,156,2025-06-15 22:09:00,15.699,20.05,0
19,56,2025-06-02 07:36:00,12.951,82.98,0
20,347,2025-04-21 02:43:00,10.646,44.11,0
21,352,2025-05-15 17:59:00,20.32,35.8,0
22,414,2025-04-07 10:35:00,14.448,7.5,0
23,688,2025-03-26 17:53:00,9.117,57.56,0
24,559,2025-04-09 05:08:00,12.23,24.02,0
25,290,2025-06-02 02:18:00,10.541,43.73,0
26,581,2025-01-03 22:19:00,21.149,8.0,0
27,403,2025-01-19 03:32:00,11.403,43.69,0
28,179,2025-03-27 10:31:00,15.09,40.85,0
29,17,2025-04-15 14:20:00,18.437,29.13,0
30,3,2025-02-02 07:52:00,10.219,17.23,0
31,179,2025-04-19 22:10:00,14.125,88.96,0
32,655,2025-01-05 09:43:00,17.146,19.26,0
33,370,2025-02-14 06:48:00,20.347,72.49,0
34,361,2025-03-24 18:42:00,17.157,80.89,0
35,319,2025-01-09 22:21:00,9.121,17.99,0
36,204,2025-04-25 01:18:00,12.502,63.67,0
37,571,2025-04-07 08:03:00,12.913,24.82,0
38,10,2025-04-12 18:13:00,13.436,58.33,0
39,489,2025-04-03 11:05:00,21.183,16.55,0
40,749,2025-05-05 10:47:00,8.5,31.92,0
41,704,2025-04-28 15:36:00,12.23,37.23,0
42,295,2025-04-29 19:30:00,14.894,34.19,0
43,683,2025-02-08 07:51:00,9.21,47.48,0
44,190,2025-05-04 16:53:00,14.77,18.33,0
45,192,2025-02-02 08:03:00,9.5,22.5,0
46,274,2025-01-04 20:33:00,19.729,61.96,0
47,14,2025-06-26 00:35:00,11.781,25.17,0
48,212,2025-02-02 03:59:00,15.322,23.51,0
49,683,2025-01-21 11:08:00,16.656,17.85,0
50,609,2025-02-24 13:33:00,12.28,24.22,0
51,263,2025-06-29 21:26:00,1.392,15.39,1
52,249,2025-06-05 13:26:00,15.147,62.73,0
53,277,2025-05-10 14:17:00,19.276,24.44,0
54,95,2025-02-03 20:35:00,14.338,14.71,0
55,126,2025-04-24 06:40:00,14.873,29.75,0
56,794,2025-05-30 21:51:00,16.342,11.45,0
57,554,2025-03-03 03:51:00,13.953,17.65,0
58,542,2025-02-16 15:45:00,18.165,103.43,0
59,224,2025-06-06 04:54:00,8.069,14.66,0
60,684,2025-01-24 15:59:00,14.762,31.21,0
61,141,2025-06-13 19:27:00,20.922,204.48,0
62,774,2025-03-28 05:29:00,16.623,42.72,0
63,402,2025-05-10 22:32:00,14.81,23.26,0
64,264,2025-03-08 23:03:00,18.808,7.14,0
65,600,2025-05-08 18:43:00,13.502,40.0,0
66,333,2025-06-16 11:41:00,14.541,18.94,0
67,215,2025-03-30 18:25:00,10.732,54.68,0
68,546,2025-02-08 04:34:00,9.739,20.38,0
69,577,2025-01-15 00:14:00,8.357,43.69,0
70,482,2025-06-16 14:59:00,18.241,111.32,0
71,369,2025-06-29 19:48:00,14.555,59.88,0
72,263,2025-04-28 04:48:00,21.151,12.19,0
73,323,2025-01-03 19:11:00,10.475,37.58,0
74,699,2025-06-09 06:50:00,11.416,75.65,0
75,287,2025-03-31 04:07:00,16.942,10.38,0
76,773,2025-02-12 01:59:00,8.764,134.98,0
77,116,2025-03-08 02:01:00,15.048,39.18,0
78,130,2025-06-19 12:47:00,9.73,55.51,0
79,266,2025-05-20 16:53:00,10.26,26.58,0
80,2,2025-04-18 10:55:00,15.169,36.32,0
81,703,2025-05-13 10:34:00,15.967,17.11,0
82,272,2025-06-02 14:00:00,10.968,120.66,0
83,81,2025-04-24 01:10:00,11.797,146.91,0
84,494,2025-02-26 11:35:00,11.978,194.94,0
85,766,2025-01-14 10:52:00,9.985,8.52,0
86,794,2025-01-23 04:02:00,21.52,45.56,0
87,85,2025-02-12 15:11:00,17.691,49.45,0
88,634,2025-05-19 08:18:00,9.552,19.9,0
89,289,2025-01-17 22:45:00,13.0,47.16,0
90,668,2025-01-23 20:59:00,10.416,11.09,0
91,485,2025-06-26 05:10:00,11.281,113.59,0
92,585,2025-03-14 01:42:00,21.153,10.27,0
93,670,2025-01-24 00:01:00,9.915,42.76,0
94,716,2025-06-07 01:06:00,20.317,65.81,0
95,114,2025-06-24 02:16:00,19.786,21.67,0
96,579,2025-04-01 17:51:00,18.411,104.94,0
97,112,2025-01-21 06:54:00,14.954,8.13,0
98,755,2025-04-23 23:09:00,11.617,34.15,0
99,502,2025-06-05 04:50:00,19.634,9.08,0
100,154,2025-06-23 18:46:00,19.677,18.85,0
101,234,2025-04-14 10:24:00,15.354,23.58,0
102,716,2025-06-19 23:05:00,8.667,22.45,0
103,515,2025-05-30 17:03:00,10.701,96.74,0
104,183,2025-01-30 01:05:00,8.785,13.7,0
105,656,2025-04-25 03:01:00,10.518,10.09,0
106,574,2025-04-30 19:56:00,15.118,24.79,0
107,61,2025-05-19 09:22:00,19.958,38.32,0
108,226,2025-04-06 15:24:00,17.145,52.35,0
109,675,2025-05-12 13:06:00,16.413,88.09,0
110,280,2025-04-16 04:17:00,18.471,6.27,0
111,30,2025-02-16 20:00:00,16.959,135.13,0
112,483,2025-03-29 03:12:00,14.208,18.19,0
113,719,2025-06-18 07:24:00,19.415,28.01,0
114,445,2025-06-01 16:30:00,12.343,35.65,0
115,780,2025-04-26 20:33:00,20.994,6.17,0
116,91,2025-02-27 22:38:00,9.627,24.76,0
117,533,2025-02-06 09:00:00,16.928,77.4,0
118,519,2025-02-21 09:37:00,15.007,58.0,0
119,787,2025-02-25 02:06:00,13.961,23.45,0
120,416,2025-06-23 02:19:00,14.016,41.5,0
121,657,2025-04-06 22:46:00,8.591,50.63,0
122,116,2025-03-12 08:32:00,18.521,28.45,0
123,35,2025-06-08 17:29:00,12.933,51.9,0
124,573,2025-03-08 09:58:00,14.673,18.45,0
125,3,2025-05-24 09:58:00,19.866,16.43,0
126,699,2025-04-26 11:01:00,16.08,27.6,0
127,16,2025-02-24 08:50:00,19.92,5.07,0
128,550,2025-06-22 22:44:00,9.919,60.94,0
129,361,2025-05-04 22:15:00,11.945,37.41,0
130,516,2025-06-28 03:09:00,11.191,29.3,0
131,498,2025-01-01 07:09:00,20.409,66.19,0
132,355,2025-02-20 13:05:00,18.942,47.7,0
133,385,2025-03-01 21:00:00,19.677,81.97,0
134,402,2025-05-02 08:57:00,15.962,123.87,0
135,541,2025-06-01 03:03:00,11.09,45.59,0
136,568,2025-01-22 20:52:00,13.278,19.68,0
137,359,2025-01-28 05:11:00,15.704,62.51,0
138,282,2025-05-02 11:34:00,8.266,19.73,0
139,34,2025-03-05 14:40:00,16.955,19.02,0
140,623,2025-05-06 18:23:00,19.968,27.69,0
141,180,2025-01-01 04:30:00,12.559,88.4,0
142,347,2025-04-05 04:56:00,17.517,63.78,0
143,794,2025-01-05 03:56:00,14.77,71.1,0
144,627,2025-06-21 05:53:00,8.056,38.62,0
145,276,2025-01-27 06:48:00,11.976,55.19,0
146,379,2025-02-02 00:40:00,15.39,56.6,0
147,259,2025-01-19 08:02:00,18.149,20.18,0
148,500,2025-02-09 16:22:00,13.628,56.03,0
149,122,2025-03-30 03:37:00,10.607,34.89,0
150,762,2025-04-22 03:48:00,8.855,25.31,0
151,789,2025-06-12 00:01:00,18.006,26.3,0
152,238,2025-06-08 00:13:00,13.111,22.5,0
153,184,2025-01-16 05:39:00,17.059,27.96,0
154,431,2025-03-18 23:42:00,11.105,34.77,0
155,517,2025-06-06 13:41:00,18.566,59.58,0
156,514,2025-01-30 18:50:00,12.821,117.07,0
157,33,2025-05-01 06:26:00,8.733,55.15,0
158,568,2025-03-18 19:43:00,15.143,38.44,0
159,53,2025-01-31 09:37:00,18.24,7.07,0
160,273,2025-01-12 02:41:00,21.055,242.38,0
161,573,2025-02-22 03:39:00,21.592,19.87,0
162,709,2025-01-01 03:59:00,14.39,20.39,0
163,508,2025-02-04 22:52:00,16.566,96.23,0
164,127,2025-04-09 17:43:00,15.801,14.5,0
165,544,2025-05-23 01:46:00,15.47,47.12,0
166,29,2025-04-01 23:15:00,9.604,24.17,0
167,184,2025-05-11 12:26:00,17.392,28.59,0
168,98,2025-01-14 07:58:00,21.514,36.42,0
169,787,2025-02-24 19:02:00,9.775,13.47,0
170,294,2025-04-29 13:36:00,12.366,31.71,0
171,446,2025-01-10 18:43:00,9.079,79.53,0
172,632,2025-04-16 02:36:00,13.639,32.97,0
173,775,2025-01-31 08:57:00,14.743,574.91,0
174,796,2025-03-17 11:59:00,13.012,37.66,0
175,131,2025-04-24 09:03:00,14.672,13.44,0
176,315,2025-06-27 13:23:00,19.242,23.06,0
177,324,2025-01-17 06:24:00,10.995,7.45,0
178,636,2025-04-10 01:47:00,18.612,82.88,0
179,268,2025-04-07 13:31:00,19.106,126.43,0
180,185,2025-01-12 10:29:00,16.136,68.7,0
181,604,2025-04-21 07:51:00,12.414,17.87,0
182,396,2025-01-14 14:18:00,21.111,17.42,0
183,598,2025-05-04 19:05:00,13.095,63.1,0
184,303,2025-02-07 09:00:00,8.699,23.07,0
185,389,2025-01-23 13:32:00,9.905,17.58,0
186,7,2025-01-13 21:31:00,20.482,16.08,0
187,12,2025-03-24 17:55:00,10.1,156.11,0
188,0,2025-02-12 11:43:00,14.264,24.14,0
189,140,2025-03-25 09:52:00,17.688,68.08,0
190,278,2025-06-11 05:24:00,16.031,54.33,0
191,40,2025-05-31 08:25:00,17.147,17.75,0
192,128,2025-05-16 02:02:00,12.883,36.15,0
193,677,2025-03-26 08:51:00,17.271,15.71,0
194,683,2025-01-21 04:52:00,8.127,111.46,0
195,231,2025-03-15 05:21:00,11.686,16.89,0
196,757,2025-01-04 22:15:00,9.73,46.88,0
197,94,2025-01-23 05:20:00,14.374,23.57,0
198,25,2025-02-24 07:23:00,10.042,16.7,0
199,283,2025-05-06 00:05:00,15.663,82.86,0
200,211,2025-05-22 21:50:00,10.529,23.07,0
201,61,2025-04-22 13:29:00,13.8,8.1,0
202,677,2025-02-16 09:47:00,9.039,49.15,0
203,783,2025-05-10 01:13:00,14.16,19.87,0
204,216,2025-06-29 08:46:00,0.801,39.7,1
205,252,2025-04-29 03:08:00,12.437,69.42,0
206,574,2025-05-18 02:11:00,17.888,46.56,0
207,746,2025-06-07 13:13:00,13.964,71.26,0
208,229,2025-05-09 19:22:00,11.279,12.39,0
209,546,2025-06-07 22:08:00,12.249,91.3,0
210,18,2025-02-23 07:15:00,12.236,27.59,0
211,452,2025-02-25 09:11:00,18.393,11.18,0
212,789,2025-02-01 09:43:00,10.813,4.91,0
213,380,2025-02-02 20:01:00,21.689,27.35,0
214,513,2025-04-10 12:06:00,17.625,18.66,0
215,549,2025-06-16 18:22:00,13.616,18.89,0
216,505,2025-02-09 21:30:00,21.972,45.73,0
217,549,2025-05-09 08:19:00,11.026,138.6,0
218,709,2025-01-14 23:58:00,18.681,17.01,0
219,8,2025-06-24 18:37:00,11.793,37.67,0
220,707,2025-04-05 15:43:00,15.61,22.22,0
221,726,2025-03-31 10:50:00,8.762,15.89,0
222,723,2025-03-06 18:23:00,19.85,15.53,0
223,294,2025-06-23 04:53:00,13.126,130.21,0
224,466,2025-03-17 12:39:00,16.183,35.37,0
225,282,2025-01-23 02:08:00,20.982,30.06,0
226,672,2025-04-12 12:07:00,8.423,20.23,0
227,325,2025-04-17 06:22:00,21.552,36.93,0
228,250,2025-05-15 06:48:00,15.353,21.01,0
229,548,2025-03-31 09:53:00,18.93,163.92,0
230,39,2025-02-20 09:34:00,14.623,42.81,0
231,300,2025-01-01 11:25:00,19.423,39.13,0
232,165,2025-06-27 13:46:00,20.328,38.43,0
233,299,2025-02-04 17:19:00,13.343,99.64,0
234,358,2025-03-05 04:16:00,18.117,34.39,0
235,50,2025-01-28 14:59:00,21.981,23.91,0
236,691,2025-02-12 08:56:00,18.6,39.81,0
237,333,2025-01-11 22:41:00,21.396,65.92,0
238,287,2025-03-03 06:12:00,18.313,2490.72,1
239,119,2025-06-20 16:00:00,12.618,41.57,0
240,796,2025-02-10 06:26:00,19.58,42.05,0
241,684,2025-06-23 18:23:00,17.329,77.44,0
242,385,2025-04-25 02:44:00,8.463,3.93,0
243,267,2025-06-10 12:21:00,10.414,37.56,0
244,373,2025-04-22 16:22:00,11.658,21.93,0
245,768,2025-06-27 23:57:00,18.41,36.66,0
246,177,2025-04-10 06:56:00,19.16,46.52,0
247,547,2025-05-30 12:28:00,19.576,94.76,0
248,722,2025-01-07 16:05:00,8.941,11.56,0
249,604,2025-06-17 19:01:00,9.01,19.69,0
250,696,2025-01-04 06:46:00,12.192,17.18,0
251,758,2025-02-05 13:45:00,17.537,21.54,0
252,47,2025-05-13 22:15:00,19.791,11.7,0
253,191,2025-02-16 05:44:00,20.171,193.5,0
254,115,2025-01-08 13:24:00,10.905,70.24,0
255,453,2025-06-05 04:07:00,18.744,18.82,0
256,325,2025-04-03 06:27:00,16.971,35.44,0
257,32,2025-03-28 07:16:00,20.974,24.72,0
258,446,2025-02-26 21:41:00,18.82,39.66,0
259,80,2025-05-10 01:19:00,15.401,18.94,0
260,325,2025-02-26 14:13:00,18.965,10.35,0
261,293,2025-04-12 03:26:00,12.316,22.14,0
262,714,2025-01-24 11:13:00,19.006,105.68,0
263,546,2025-02-25 00:21:00,18.936,10.67,0
264,499,2025-01-06 01:03:00,19.973,84.19,0
265,665,2025-02-21 06:29:00,11.394,54.78,0
266,144,2025-03-10 13:45:00,19.886,25.42,0
267,205,2025-05-15 16:08:00,10.367,63.78,0
268,601,2025-05-29 00:00:00,18.807,41.36,0
269,599,2025-04-06 18:39:00,21.019,6.33,0
270,17,2025-06-16 14:41:00,8.501,25.32,0
271,179,2025-03-06 16:32:00,16.764,25.92,0
272,181,2025-03-30 22:39:00,17.234,111.2,0
273,4,2025-04-22 01:36:00,19.412,25.4,0
274,529,2025-02-01 20:30:00,9.44,29.57,0
275,43,2025-03-17 14:07:00,20.732,13.82,0
276,673,2025-06-11 23:59:00,21.913,33.27,0
277,468,2025-03-27 12:19:00,17.409,13.52,0
278,609,2025-06-17 14:24:00,14.019,83.44,0
279,397,2025-05-03 00:34:00,16.89,25.0,0
280,776,2025-01-31 14:17:00,8.766,13.49,0
281,216,2025-03-24 10:24:00,18.542,93.29,0
282,446,2025-03-07 22:07:00,8.98,12.31,0
283,5,2025-06-20 23:44:00,12.516,42.93,0
284,666,2025-03-02 11:24:00,9.952,10.65,0
285,454,2025-03-29 08:01:00,18.165,44.25,0
286,140,2025-05-05 06:26:00,16.322,82.22,0
287,654,2025-06-23 03:04:00,17.789,20.84,0
288,791,2025-04-09 07:41:00,8.904,13.62,0
289,54,2025-06-02 14:00:00,13.186,13.96,0
290,676,2025-01-22 01:31:00,13.686,33.48,0
291,589,2025-06-10 08:48:00,16.434,163.65,0
292,283,2025-02-07 08:21:00,9.433,82.25,0
293,507,2025-05-18 09:20:00,17.061,89.28,0
294,628,2025-04-07 03:06:00,13.526,14.87,0
295,383,2025-04-19 19:33:00,20.683,84.17,0
296,533,2025-01-17 16:15:00,14.297,77.09,0
297,38,2025-04-06 21:07:00,9.429,44.67,0
298,740,2025-01-16 13:19:00,9.448,21.12,0
299,738,2025-04-10 07:09:00,11.56,76.18,0
300,168,2025-03-15 03:41:00,11.357,20.35,0
301,381,2025-02-06 06:17:00,19.154,59.21,0
302,190,2025-03-30 09:34:00,18.113,25.81,0
303,319,2025-02-08 14:11:00,9.073,15.91,0
304,220,2025-01-15 21:33:00,19.92,25.31,0
305,689,2025-01-07 03:34:00,9.346,168.96,0
306,555,2025-03-03 10:48:00,18.999,13.77,0
307,676,2025-05-15 04:49:00,9.563,77.37,0
308,634,2025-04-14 18:04:00,13.269,68.55,0
309,581,2025-01-23 11:24:00,18.513,30.2,0
310,133,2025-03-21 21:18:00,11.551,22.5,0
311,663,2025-04-15 18:53:00,9.587,12.89,0
312,626,2025-02-12 02:23:00,19.021,98.12,0
313,99,2025-01-25 19:49:00,17.674,13.51,0
314,70,2025-02-14 18:59:00,20.478,3.76,0
315,608,2025-01-12 23:28:00,16.982,44.78,0
316,312,2025-02-13 14:32:00,9.035,11.88,0
317,262,2025-04-07 01:07:00,16.941,32.06,0
318,317,2025-05-25 06:40:00,19.515,11.94,0
319,693,2025-06-07 03:46:00,9.171,21.98,0
320,290,2025-05-02 03:32:00,9.9,37.0,0
321,296,2025-03-06 01:58:00,17.486,43.49,0
322,319,2025-06-18 02:28:00,19.079,102.14,0
323,43,2025-06-15 11:03:00,12.944,35.04,0
324,29,2025-03-06 09:56:00,18.294,38.13,0
325,331,2025-01-02 20:31:00,10.343,28.89,0
326,13,2025-03-20 02:00:00,14.216,73.3,0
327,605,2025-03-25 19:59:00,18.472,14.16,0
328,339,2025-05-02 20:10:00,10.786,24.66,0
329,400,2025-01-27 10:01:00,12.885,34.96,0
330,268,2025-04-09 01:06:00,16.807,16.95,0
331,610,2025-02-26 20:10:00,12.844,106.91,0
332,342,2025-03-31 04:08:00,20.238,45.16,0
333,28,2025-01-05 06:31:00,21.394,13.13,0
334,390,2025-04-06 02:30:00,16.992,48.52,0
335,141,2025-01-07 08:42:00,18.954,99.83,0
336,476,2025-06-03 13:52:00,20.694,19.68,0
337,450,2025-05-09 07:21:00,17.826,104.03,0
338,379,2025-06-15 17:13:00,18.826,42.99,0
339,308,2025-04-28 19:36:00,9.123,41.13,0
340,476,2025-06-26 04:42:00,19.533,91.29,0
341,544,2025-02-07 12:00:00,11.844,41.2,0
342,702,2025-01-02 02:01:00,8.991,47.83,0
343,770,2025-06-12 04:57:00,16.253,37.68,0
344,66,2025-04-29 17:45:00,11.175,8.6,0
345,527,2025-05-04 20:03:00,9.118,48.65,0
346,67,2025-02-22 05:32:00,16.534,42.82,0
347,333,2025-03-02 12:16:00,9.38,25.82,0
348,593,2025-05-03 05:11:00,20.421,4.55,0
349,433,2025-03-15 09:03:00,21.57,57.57,0
350,646,2025-01-14 16:43:00,18.335,17.59,0
351,730,2025-02-22 15:50:00,12.027,14.21,0
352,779,2025-03-11 04:18:00,15.876,13.17,0
353,538,2025-05-30 12:11:00,8.439,7.3,0
354,538,2025-03-03 21:45:00,16.7,50.64,0
355,642,2025-03-30 21:54:00,11.694,230.48,0
356,186,2025-04-18 15:09:00,14.37,22.01,0
357,241,2025-01-25 08:31:00,10.504,67.5,0
358,273,2025-04-15 18:31:00,21.812,32.47,0
359,595,2025-02-06 07:24:00,10.904,43.64,0
360,280,2025-06-08 01:26:00,13.837,33.18,0
361,111,2025-02-23 09:13:00,11.564,65.44,0
362,638,2025-02-24 19:16:00,15.582,13.31,0
363,599,2025-03-14 13:37:00,20.675,37.9,0
364,475,2025-03-06 21:02:00,10.287,86.76,0
365,705,2025-04-17 16:12:00,9.971,61.33,0
366,633,2025-05-11 03:10:00,9.037,45.44,0
367,720,2025-06-23 13:11:00,16.251,37.84,0
368,207,2025-06-09 20:38:00,16.429,26.22,0
369,93,2025-02-17 03:31:00,19.499,26.39,0
370,273,2025-04-19 16:32:00,19.703,10.1,0
371,663,2025-03-01 02:42:00,9.427,52.35,0
372,739,2025-05-25 23:41:00,20.747,104.29,0
373,87,2025-01-05 07:28:00,19.611,44.28,0
374,684,2025-06-29 02:08:00,17.061,35.47,0
375,382,2025-03-09 01:25:00,12.859,56.52,0
376,654,2025-05-15 00:27:00,18.438,6.43,0
377,546,2025-05-02 12:20:00,16.689,23.33,0
378,48,2025-03-08 01:37:00,12.943,32.99,0
379,387,2025-06-23 08:25:00,8.186,8.93,0
380,71,2025-02-18 02:14:00,16.294,39.79,0
381,271,2025-05-14 05:37:00,16.071,7.96,0
382,606,2025-06-17 03:57:00,10.164,60.84,0
383,547,2025-01-22 05:44:00,20.689,41.93,0
384,563,2025-06-15 01:35:00,10.23,30.04,0
385,528,2025-06-10 04:58:00,12.019,64.36,0
386,11,2025-03-10 08:40:00,13.208,39.37,0
387,466,2025-05-31 23:05:00,17.562,51.2,0
388,388,2025-01-02 03:24:00,9.143,43.91,0
389,422,2025-02-04 00:34:00,17.833,17.59,0
390,170,2025-05-16 10:27:00,13.803,122.73,0
391,564,2025-06-18 04:21:00,10.561,94.82,0
392,486,2025-01-23 16:20:00,9.569,49.32,0
393,322,2025-05-09 12:54:00,13.773,39.47,0
394,45,2025-01-19 12:41:00,14.244,821.14,1
395,55,2025-05-21 21:46:00,9.922,95.92,0
396,287,2025-06-11 08:04:00,14.755,160.55,0
397,429,2025-03-24 15:29:00,15.034,22.69,0
398,797,2025-01-19 03:17:00,21.734,80.8,0
399,578,2025-02-06 02:57:00,17.986,32.64,0
400,388,2025-04-02 06:33:00,8.17,9.66,0
401,239,2025-05-24 20:08:00,14.676,68.43,0
402,134,2025-04-04 12:34:00,8.302,113.21,0
403,112,2025-03-27 22:33:00,15.157,76.23,0
404,57,2025-04-19 01:31:00,12.731,30.57,0
405,729,2025-06-24 03:17:00,20.649,47.72,0
406,12,2025-05-23 02:24:00,14.906,61.22,0
407,690,2025-01-28 14:24:00,19.899,55.35,0
408,466,2025-02-05 08:52:00,16.174,93.64,0
409,494,2025-03-05 23:20:00,13.551,74.42,0
410,766,2025-02-18 18:43:00,11.216,22.03,0
411,629,2025-05-13 09:33:00,10.564,35.75,0
412,117,2025-06-28 14:21:00,19.124,23.37,0
413,775,2025-04-14 00:15:00,20.362,39.82,0
414,140,2025-06-10 06:01:00,12.537,7.85,0
415,455,2025-03-19 23:44:00,14.925,163.69,0
416,512,2025-05-04 20:10:00,12.025,18.76,0
417,195,2025-05-07 06:57:00,14.374,23.22,0
418,504,2025-02-22 20:56:00,20.173,37.4,0
419,511,2025-05-13 00:04:00,9.932,11.63,0
420,783,2025-04-07 08:31:00,12.081,26.76,0
421,731,2025-04-14 21:55:00,17.734,40.05,0
422,319,2025-02-15 09:15:00,2.573,130.88,1
423,552,2025-02-27 10:31:00,9.136,39.21,0
424,656,2025-06-04 10:10:00,13.242,25.3,0
425,20,2025-04-22 09:02:00,17.469,14.22,0
426,547,2025-01-24 11:09:00,21.776,193.64,0
427,733,2025-04-09 03:26:00,20.49,37.21,0
428,96,2025-04-22 08:17:00,15.866,37.39,0
429,602,2025-05-24 13:52:00,18.883,11.68,0
430,48,2025-06-03 12:51:00,15.999,53.26,0
431,321,2025-04-28 14:56:00,14.915,21.87,0
432,655,2025-01-03 05:49:00,10.389,113.6,0
433,789,2025-03-31 10:03:00,12.09,50.75,0
434,582,2025-02-07 04:42:00,14.329,38.68,0
435,577,2025-01-04 08:48:00,21.798,12.15,0
436,207,2025-06-16 05:51:00,16.52,32.36,0
437,660,2025-01-31 01:10:00,21.228,29.5,0
438,527,2025-02-14 05:31:00,11.622,38.62,0
439,754,2025-03-02 14:05:00,8.966,7.24,0
440,482,2025-03-25 19:15:00,21.697,16.91,0
441,31,2025-04-19 05:57:00,12.615,23.54,0
442,408,2025-02-25 20:44:00,15.494,52.22,0
443,619,2025-05-23 14:59:00,8.996,7.47,0
444,630,2025-01-29 09:09:00,20.045,105.71,0
445,309,2025-06-22 19:00:00,8.01,94.53,0
446,136,2025-06-04 01:37:00,20.684,15.8,0
447,695,2025-04-18 23:09:00,10.315,252.29,0
448,658,2025-01-09 18:25:00,10.569,42.35,0
449,703,2025-05-12 04:36:00,19.561,32.08,0
450,536,2025-05-07 18:51:00,13.407,56.3,0
451,662,2025-04-22 20:37:00,11.584,48.9,0
452,322,2025-02-20 10:22:00,16.35,38.44,0
453,623,2025-03-19 10:47:00,11.562,14.7,0
454,390,2025-03-16 17:27:00,12.012,24.67,0
455,635,2025-04-20 17:48:00,8.638,46.58,0
456,117,2025-03-01 14:20:00,15.552,68.21,0
457,237,2025-03-14 02:54:00,9.812,110.72,0
458,171,2025-06-13 10:29:00,19.72,24.28,0
459,325,2025-03-23 15:43:00,18.514,37.29,0
460,651,2025-04-18 00:04:00,11.996,20.64,0
461,92,2025-06-13 23:32:00,15.473,83.97,0
462,584,2025-06-20 02:06:00,16.083,27.28,0
463,664,2025-04-12 11:52:00,17.33,21.87,0
464,536,2025-02-17 17:31:00,13.865,36.78,0
465,516,2025-01-19 01:46:00,17.135,9.18,0
466,110,2025-06-04 18:52:00,10.371,53.96,0
467,490,2025-04-05 06:40:00,14.594,27.32,0
468,181,2025-04-12 22:38:00,9.316,320.35,0
469,196,2025-06-21 14:05:00,21.175,21.34,0
470,689,2025-03-08 19:58:00,13.62,28.26,0
471,492,2025-01-19 00:11:00,16.644,78.98,0
472,794,2025-05-02 05:07:00,14.857,65.43,0
473,363,2025-06-24 19:31:00,8.375,80.16,0
474,286,2025-01-31 14:23:00,8.878,27.98,0
475,796,2025-06-27 18:36:00,11.704,13.98,0
476,498,2025-04-08 09:30:00,17.449,295.86,0
477,690,2025-04-11 22:16:00,16.98,52.9,0
478,35,2025-06-22 18:02:00,10.631,41.93,0
479,420,2025-03-01 20:08:00,14.841,66.69,0
480,653,2025-05-15 04:01:00,13.139,12.34,0
481,646,2025-01-02 13:18:00,15.96,24.29,0
482,572,2025-05-01 20:24:00,12.686,15.19,0
483,131,2025-01-03 18:58:00,20.547,40.0,0
484,437,2025-01-01 18:00:00,14.614,11.62,0
485,81,2025-03-11 20:34:00,13.972,60.0,0
486,641,2025-03-09 01:40:00,17.847,90.21,0
487,504,2025-05-21 22:52:00,18.93,87.6,0
488,155,2025-06-10 11:22:00,14.126,49.78,0
489,581,2025-06-19 15:03:00,9.525,40.82,0
490,575,2025-04-23 04:57:00,9.191,25.05,0
491,42,2025-01-28 20:38:00,12.576,50.11,0
492,71,2025-05-01 17:26:00,18.256,32.06,0
493,160,2025-03-29 19:05:00,17.151,7.84,0
494,56,2025-04-06 06:16:00,12.028,21.37,0
495,429,2025-04-01 07:27:00,8.062,65.97,0
496,703,2025-06-08 22:17:00,16.997,14.22,0
497,50,2025-03-10 10:54:00,15.902,14.0,0
498,491,2025-06-23 13:58:00,18.815,29.83,0
499,339,2025-04-08 04:36:00,17.606,6.17,0
500,669,2025-05-04 19:32:00,11.457,62.74,0
501,385,2025-06-16 12:05:00,18.261,58.46,0
502,534,2025-05-27 14:49:00,14.809,74.67,0
503,737,2025-03-20 22:26:00,16.047,41.78,0
504,108,2025-02-06 18:14:00,12.998,17.69,0
505,252,2025-01-25 19:12:00,19.068,13.08,0
506,215,2025-03-07 11:26:00,10.745,54.39,0
507,134,2025-04-30 18:44:00,10.864,62.03,0
508,518,2025-05-24 17:33:00,11.324,14.32,0
509,6,2025-01-06 15:32:00,19.054,12.87,0
510,308,2025-03-25 04:02:00,18.193,34.47,0
511,97,2025-06-19 05:17:00,11.774,39.04,0
512,492,2025-05-28 23:11:00,10.014,73.94,0
513,600,2025-06-19 04:18:00,8.395,59.46,0
514,373,2025-06-22 06:09:00,17.574,32.83,0
515,355,2025-01-17 14:03:00,15.544,80.14,0
516,359,2025-05-03 14:03:00,17.832,26.46,0
517,158,2025-04-10 03:49:00,17.916,27.34,0
518,768,2025-03-27 21:52:00,19.827,68.99,1
519,746,2025-05-24 12:43:00,13.824,75.29,0
520,32,2025-06-18 05:15:00,19.582,76.89,0
521,630,2025-03-25 14:58:00,14.101,30.32,0
522,131,2025-04-27 18:17:00,17.909,37.06,0
523,91,2025-03-28 04:17:00,15.716,17.5,0
524,228,2025-04-25 10:31:00,20.9,71.9,0
525,215,2025-06-24 15:15:00,13.182,21.81,0
526,252,2025-05-27 01:30:00,17.658,7.09,0
527,679,2025-02-11 11:47:00,16.373,24.59,0
528,723,2025-06-06 00:46:00,21.982,17.65,0
529,553,2025-04-05 17:39:00,9.082,4.01,0
530,116,2025-04-16 04:29:00,16.374,22.12,0
531,756,2025-01-21 16:39:00,11.254,65.45,0
532,677,2025-03-22 02:08:00,20.379,48.73,0
533,60,2025-02-24 10:32:00,19.123,48.66,0
534,309,2025-01-16 19:41:00,3.577,109.5,1
535,620,2025-06-03 03:54:00,14.725,22.03,0
536,71,2025-01-24 05:52:00,17.538,14.0,0
537,61,2025-05-09 23:03:00,15.761,51.96,0
538,484,2025-05-15 02:35:00,12.022,46.57,0
539,269,2025-04-21 03:51:00,19.472,12.71,0
540,353,2025-06-01 06:03:00,15.176,30.4,0
541,600,2025-01-21 11:59:00,11.6,53.85,0
542,435,2025-01-03 21:40:00,17.301,43.61,0
543,568,2025-06-03 03:01:00,8.261,62.86,0
544,100,2025-02-02 23:36:00,18.081,20.44,0
545,1,2025-02-23 15:49:00,14.585,11.25,0
546,201,2025-05-05 04:05:00,16.88,16.86,0
547,161,2025-04-07 07:07:00,10.201,69.88,0
548,259,2025-02-06 03:57:00,18.056,80.15,0
549,622,2025-02-12 00:36:00,18.126,30.61,0
550,121,2025-05-31 11:53:00,18.382,117.38,0
551,100,2025-04-04 17:34:00,14.541,30.74,0
552,160,2025-06-16 00:57:00,16.967,23.23,0
553,261,2025-04-12 04:26:00,15.69,11.32,0
554,157,2025-04-30 09:55:00,11.263,32.94,0
555,147,2025-03-03 06:49:00,8.322,81.76,0
556,463,2025-01-06 09:10:00,13.79,96.56,0
557,89,2025-04-02 01:34:00,19.409,82.33,0
558,123,2025-05-12 10:46:00,12.511,52.19,0
559,669,2025-03-15 02:08:00,18.486,125.55,0
560,14,2025-06-04 19:27:00,16.955,16.13,0
561,49,2025-05-06 13:10:00,12.946,90.32,0
562,55,2025-04-02 03:19:00,8.008,43.83,0
563,428,2025-04-08 21:36:00,14.034,41.42,0
564,555,2025-02-10 22:09:00,13.5,11.21,0
565,554,2025-06-08 01:17:00,9.942,45.99,0
566,552,2025-01-11 17:06:00,19.462,88.11,0
567,46,2025-01-09 22:27:00,21.377,6.37,0
568,275,2025-05-22 03:31:00,9.697,66.14,0
569,506,2025-01-05 19:04:00,11.233,5.63,0
570,545,2025-04-02 16:27:00,16.855,11.26,0
571,267,2025-02-03 22:31:00,21.312,32.46,0
572,677,2025-05-03 14:09:00,21.076,124.15,0
573,666,2025-01-22 08:15:00,21.039,31.59,0
574,612,2025-02-17 15:31:00,14.162,50.97,0
575,638,2025-04-05 15:52:00,21.803,16.9,0
576,780,2025-03-10 00:00:00,13.105,29.96,0
577,635,2025-02-06 00:34:00,9.214,33.5,0
578,468,2025-01-12 05:00:00,17.862,128.86,0
579,318,2025-01-03 21:19:00,15.787,19.25,0
580,289,2025-02-04 13:13:00,19.192,20.66,0
581,658,2025-02-20 20:55:00,16.696,82.83,0
582,236,2025-01-22 13:55:00,19.489,28.73,0
583,503,2025-04-02 15:45:00,12.814,38.32,0
584,402,2025-06-09 10:00:00,12.031,49.58,0
585,302,2025-05-09 13:34:00,18.601,21.03,0
586,360,2025-02-25 06:15:00,14.968,6.78,0
587,64,2025-03-20 21:51:00,10.512,82.72,0
588,567,2025-05-19 11:59:00,13.25,38.41,0
589,53,2025-06-23 06:55:00,19.209,12.6,0
590,59,2025-04-10 05:59:00,20.935,65.22,0
591,201,2025-02-05 21:38:00,18.645,174.64,0
592,425,2025-06-06 03:23:00,18.054,90.87,0
593,239,2025-04-03 12:44:00,19.363,184.95,0
594,704,2025-01-06 08:14:00,3.137,13.11,1
595,742,2025-02-15 13:45:00,16.114,42.73,0
596,314,2025-04-06 21:04:00,16.319,46.49,0
597,799,2025-05-26 04:48:00,21.243,31.88,0
598,71,2025-06-03 08:57:00,8.214,26.93,0
599,114,2025-02-03 19:06:00,21.587,3.28,0
600,277,2025-05-11 02:33:00,18.165,135.55,0
601,754,2025-06-23 02:07:00,8.314,9.6,0
602,402,2025-05-24 18:55:00,15.263,72.12,0
603,565,2025-05-09 23:44:00,8.977,35.31,0
604,522,2025-05-24 06:31:00,16.448,34.16,0
605,398,2025-04-11 05:39:00,14.323,29.69,0
606,745,2025-04-20 04:07:00,18.814,41.04,0
607,763,2025-04-06 19:44:00,16.112,58.44,0
608,358,2025-06-22 00:16:00,19.009,74.94,0
609,570,2025-03-07 05:52:00,13.163,31.65,0
610,499,2025-05-20 19:25:00,19.996,13.34,0
611,474,2025-01-04 18:49:00,20.128,12.98,0
612,81,2025-03-17 08:30:00,17.176,80.36,0
613,167,2025-06-14 17:20:00,11.692,28.17,0
614,792,2025-02-13 19:05:00,21.88,15.42,0
615,195,2025-05-24 02:07:00,19.448,19.34,0
616,521,2025-04-01 10:38:00,19.923,32.47,0
617,729,2025-01-25 06:35:00,8.162,12.54,0
618,481,2025-01-20 03:50:00,19.566,34.14,0
619,172,2025-01-22 23:23:00,11.049,95.37,0
620,687,2025-03-25 18:40:00,15.116,31.83,0
621,25,2025-02-25 10:59:00,17.86,8.51,0
622,578,2025-06-11 00:45:00,13.744,70.08,0
623,212,2025-05-18 08:45:00,11.411,85.07,0
624,512,2025-01-26 17:58:00,15.003,88.74,0
625,384,2025-04-01 13:40:00,12.197,36.69,0
626,455,2025-05-18 20:03:00,16.614,226.0,0
627,305,2025-04-28 18:11:00,9.536,63.06,0
628,423,2025-01-02 16:30:00,13.716,382.68,0
629,748,2025-01-02 02:45:00,16.282,103.2,0
630,661,2025-04-16 01:55:00,21.867,91.3,0
631,334,2025-06-16 06:24:00,14.936,21.27,0
632,753,2025-01-10 02:12:00,13.962,16.39,0
633,711,2025-01-30 19:45:00,21.849,38.39,0
634,501,2025-02-03 22:58:00,20.955,30.0,0
635,475,2025-02-27 09:39:00,17.422,22.77,0
636,28,2025-06-10 06:21:00,15.627,31.54,0
637,419,2025-06-20 11:41:00,11.793,29.87,0
638,170,2025-02-25 04:06:00,16.734,20.97,0
639,128,2025-05-12 22:06:00,19.676,59.21,0
640,686,2025-01-02 19:22:00,21.742,19.18,0
641,216,2025-04-02 23:48:00,10.394,33.81,0
642,492,2025-04-24 00:03:00,11.837,13.25,0
643,693,2025-06-05 07:47:00,20.382,37.92,0
644,478,2025-05-28 21:58:00,20.054,41.12,0
645,623,2025-01-12 00:39:00,18.033,16.22,0
646,620,2025-03-16 08:35:00,3.334,37.03,1
647,357,2025-01-14 17:35:00,17.888,32.37,0
648,737,2025-01-02 17:04:00,14.567,24.21,0
649,727,2025-01-28 22:17:00,13.198,24.39,0
650,270,2025-06-17 22:41:00,11.51,50.08,0
651,655,2025-02-17 14:56:00,12.452,35.8,0
652,146,2025-05-14 02:51:00,15.501,75.3,0
653,89,2025-05-08 15:00:00,10.267,15.28,0
654,424,2025-06-06 03:34:00,15.13,30.12,0
655,484,2025-04-06 20:02:00,8.675,21.41,0
656,466,2025-06-25 12:47:00,13.749,36.73,0
657,639,2025-03-18 16:30:00,21.44,43.41,0
658,312,2025-05-22 18:11:00,18.346,13.6,0
659,646,2025-05-21 20:46:00,8.96,56.25,0
660,721,2025-04-08 19:52:00,17.63,197.47,0
661,73,2025-02-27 02:08:00,10.746,40.12,0
662,359,2025-01-29 14:25:00,14.638,17.48,0
663,179,2025-01-16 09:10:00,12.118,27.71,0
664,525,2025-03-31 20:54:00,21.078,27.0,0
665,330,2025-03-13 10:01:00,8.762,20.52,0
666,225,2025-02-07 15:41:00,20.333,62.4,0
667,201,2025-05-18 22:53:00,17.819,8.14,0
668,283,2025-01-30 06:20:00,13.079,43.52,0
669,87,2025-03-27 08:03:00,20.315,98.27,0
670,83,2025-03-19 04:20:00,13.688,93.33,0
671,503,2025-06-25 21:16:00,17.777,79.44,0
672,754,2025-01-19 18:45:00,19.03,20.64,0
673,405,2025-06-04 02:28:00,12.009,112.32,0
674,741,2025-05-04 05:08:00,9.012,46.93,0
675,123,2025-05-23 08:55:00,20.154,109.29,0
676,778,2025-05-21 00:21:00,11.238,83.15,0
677,469,2025-05-20 04:08:00,21.045,45.01,0
678,594,2025-03-20 07:54:00,12.411,28.78,0
679,49,2025-04-15 14:27:00,13.809,231.98,0
680,483,2025-03-07 16:12:00,14.024,8.43,0
681,306,2025-06-12 04:58:00,14.55,30.46,0
682,718,2025-02-10 14:45:00,21.479,175.57,1
683,634,2025-04-17 04:14:00,11.431,38.43,0
684,691,2025-02-07 23:43:00,16.516,46.56,0
685,712,2025-03-09 01:21:00,12.118,20.93,0
686,576,2025-06-23 09:03:00,9.833,22.22,0
687,196,2025-02-05 06:17:00,12.043,12.17,0
688,226,2025-06-09 11:24:00,15.734,50.24,0
689,687,2025-05-27 08:34:00,16.498,24.1,0
690,481,2025-03-07 22:03:00,11.692,49.07,0
691,713,2025-03-08 19:18:00,21.822,23.02,0
692,636,2025-01-02 00:08:00,13.078,42.65,0
693,485,2025-05-23 08:42:00,19.649,63.24,0
694,121,2025-04-30 21:23:00,8.49,51.32,0
695,785,2025-06-26 22:34:00,17.733,41.42,0
696,194,2025-02-22 11:40:00,12.248,32.22,0
697,196,2025-03-13 18:24:00,15.516,51.27,0
698,116,2025-05-04 14:08:00,19.712,21.61,0
699,55,2025-03-03 08:00:00,18.148,29.93,0
700,300,2025-02-27 08:56:00,13.035,46.18,0
701,674,2025-01-31 14:48:00,18.255,119.71,0
702,692,2025-06-27 20:17:00,13.796,21.45,0
703,392,2025-03-27 13:31:00,8.889,17.24,0
704,251,2025-05-19 12:36:00,17.318,43.97,0
705,277,2025-04-28 17:21:00,21.115,91.93,0
706,735,2025-04-18 21:25:00,9.171,67.0,0
707,44,2025-02-26 07:14:00,17.627,35.62,0
708,45,2025-02-26 18:16:00,19.756,93.3,0
709,51,2025-03-29 10:04:00,16.353,8.23,0
710,710,2025-01-25 08:38:00,14.796,78.61,0
711,72,2025-04-07 16:09:00,11.321,27.22,0
712,753,2025-01-17 08:34:00,10.714,57.94,0
713,146,2025-02-19 13:01:00,13.548,78.39,0
714,438,2025-04-24 22:46:00,16.978,40.87,0
715,776,2025-01-05 05:34:00,12.405,37.02,0
716,92,2025-01-09 02:16:00,14.838,25.59,0
717,225,2025-02-08 19:29:00,16.4,135.44,0
718,582,2025-05-17 01:53:00,10.94,46.11,0
719,653,2025-05-25 13:36:00,18.38,41.81,0
720,725,2025-01-01 04:07:00,16.801,117.09,0
721,15,2025-02-20 01:13:00,16.286,23.41,0
722,621,2025-01-11 05:01:00,14.694,28.66,0
723,257,2025-01-03 11:42:00,13.107,74.09,0
724,446,2025-06-19 13:43:00,15.683,144.72,0
725,724,2025-03-18 11:46:00,18.72,36.27,0
726,721,2025-05-24 03:28:00,17.884,47.68,0
727,148,2025-05-03 20:16:00,18.328,9.82,0
728,376,2025-03-22 21:58:00,10.932,97.62,0
729,227,2025-05-16 10:24:00,18.916,14.71,0
730,491,2025-02-14 18:20:00,12.696,22.73,0
731,661,2025-03-16 12:02:00,11.263,40.69,0
732,254,2025-03-10 03:48:00,9.702,20.82,0
733,97,2025-04-13 22:25:00,19.625,7.42,0
734,51,2025-02-07 21:21:00,16.725,13.02,0
735,42,2025-05-15 04:35:00,19.778,37.87,0
736,293,2025-06-01 13:11:00,15.86,115.86,0
737,772,2025-06-10 01:31:00,20.044,108.63,0
738,201,2025-06-10 22:15:00,15.792,47.51,0
739,323,2025-04-26 04:21:00,17.042,39.68,0
740,539,2025-05-24 15:03:00,8.789,1897.78,1
741,526,2025-05-05 08:31:00,17.375,101.08,0
742,216,2025-06-21 14:10:00,16.368,38.44,0
743,101,2025-01-18 18:16:00,2.957,39.51,1
744,125,2025-02-05 17:10:00,9.578,41.19,0
745,176,2025-03-17 16:20:00,12.861,78.49,0
746,68,2025-04-22 18:27:00,8.843,11.71,0
747,367,2025-06-10 00:18:00,16.412,35.46,0
748,516,2025-01-18 01:02:00,15.643,48.22,0
749,540,2025-01-29 22:18:00,20.849,7.7,0
750,727,2025-06-04 22:05:00,15.246,72.9,0
751,234,2025-02-25 19:01:00,18.216,82.79,0
752,523,2025-01-04 00:40:00,17.296,7.38,0
753,707,2025-05-03 00:48:00,17.795,25.15,0
754,22,2025-06-07 23:45:00,12.391,25.82,0
755,624,2025-06-12 08:57:00,13.815,17.19,0
756,70,2025-06-03 18:38:00,9.677,19.19,0
757,441,2025-01-11 15:03:00,17.107,23.04,0
758,664,2025-01-25 06:44:00,12.234,57.01,0
759,367,2025-06-06 16:31:00,15.683,94.94,0
760,447,2025-05-05 17:30:00,20.901,54.42,0
761,495,2025-02-09 15:47:00,17.561,16.85,0
762,462,2025-03-11 18:28:00,11.747,65.9,0
763,585,2025-06-04 22:53:00,15.205,56.74,0
764,687,2025-06-17 04:30:00,16.43,3.35,0
765,107,2025-06-10 01:29:00,2.984,94.37,1
766,332,2025-03-24 21:20:00,19.113,38.95,0
767,682,2025-05-20 14:05:00,12.413,40.12,0
768,305,2025-01-09 02:36:00,20.875,8.68,0
769,391,2025-06-16 06:53:00,10.063,127.29,0
770,593,2025-02-09 22:44:00,11.865,45.83,0
771,748,2025-06-23 00:12:00,8.474,65.07,0
772,201,2025-01-03 22:43:00,12.358,12.14,0
773,764,2025-06-16 12:48:00,13.797,52.71,0
774,191,2025-04-05 19:45:00,11.378,53.56,1
775,24,2025-04-03 08:43:00,8.177,30.9,0
776,689,2025-05-02 18:45:00,8.147,12.44,0
777,307,2025-03-25 11:05:00,20.936,33.32,0
778,225,2025-06-21 03:39:00,18.287,16.3,0
779,420,2025-01-19 22:29:00,17.778,20.02,0
780,460,2025-04-29 02:41:00,19.0,88.53,0
781,431,2025-02-08 21:30:00,17.719,37.52,0
782,44,2025-01-07 17:03:00,8.86,32.81,0
783,657,2025-04-28 10:13:00,20.96,13.67,0
784,273,2025-05-03 00:14:00,14.003,33.74,0
785,112,2025-01-23 22:07:00,14.348,31.04,0
786,452,2025-05-11 19:46:00,20.412,15.96,0
787,497,2025-06-19 15:05:00,10.863,83.38,0
788,82,2025-05-06 04:30:00,12.379,80.24,0
789,754,2025-02-10 20:50:00,19.97,18.84,0
790,480,2025-01-16 06:13:00,15.275,48.04,0
791,797,2025-01-16 19:51:00,13.882,7.95,0
792,536,2025-04-22 08:28:00,21.364,45.15,0
793,8,2025-02-12 08:15:00,20.442,65.39,0
794,166,2025-03-08 19:40:00,20.423,14.26,0
795,778,2025-01-09 19:17:00,10.971,35.42,0
796,447,2025-03-21 07:32:00,19.815,1129.7,1
797,97,2025-01-30 21:30:00,17.194,353.06,0
798,59,2025-03-19 00:21:00,17.681,275.89,0
799,429,2025-04-16 18:47:00,8.67,45.28,0
800,475,2025-06-22 23:00:00,15.78,20.58,0
801,197,2025-02-22 01:11:00,11.06,42.56,0
802,155,2025-02-27 18:51:00,20.98,86.17,0
803,485,2025-05-25 05:00:00,15.863,9.17,0
804,348,2025-06-21 12:53:00,16.643,6.57,0
805,29,2025-03-14 20:26:00,11.406,13.99,0
806,46,2025-03-04 05:12:00,13.899,64.41,0
807,190,2025-05-09 12:19:00,15.412,67.48,0
808,451,2025-05-16 07:04:00,19.369,49.86,0
809,240,2025-05-08 11:49:00,16.562,85.11,0
810,391,2025-04-26 04:07:00,9.583,30.27,1
811,732,2025-01-25 10:33:00,14.311,267.62,1
812,554,2025-02-17 04:45:00,12.137,47.63,0
813,466,2025-01-11 04:25:00,15.545,137.6,0
814,195,2025-03-12 04:02:00,14.578,48.63,0
815,566,2025-06-01 13:24:00,8.313,32.42,0
816,757,2025-02-10 06:22:00,10.905,48.31,0
817,540,2025-05-07 03:40:00,17.241,109.25,0
818,236,2025-03-17 18:00:00,15.621,26.25,0
819,313,2025-02-01 11:55:00,8.746,24.46,0
820,743,2025-02-10 03:56:00,16.367,23.95,0
821,11,2025-05-03 09:33:00,15.046,67.19,0
822,177,2025-05-23 08:19:00,10.103,18.76,0
823,85,2025-03-01 07:18:00,8.027,58.43,0
824,512,2025-06-15 04:15:00,12.696,10.79,0
825,367,2025-01-11 05:10:00,18.916,235.55,1
826,106,2025-04-14 11:07:00,9.862,33.41,0
827,753,2025-02-11 04:15:00,21.222,146.3,0
828,441,2025-06-10 13:08:00,15.594,76.06,0
829,199,2025-05-17 01:04:00,18.618,26.33,0
830,756,2025-01-11 13:25:00,21.676,23.11,0
831,558,2025-03-12 07:56:00,11.677,20.41,0
832,103,2025-05-15 06:03:00,16.16,14.26,0
833,661,2025-04-09 01:48:00,12.769,127.48,0
834,47,2025-03-30 03:53:00,9.184,19.12,0
835,725,2025-01-25 13:51:00,19.109,138.66,0
836,314,2025-04-13 17:02:00,8.169,37.89,0
837,234,2025-01-17 16:17:00,20.164,32.76,0
838,42,2025-02-27 09:06:00,19.124,37.84,0
839,745,2025-02-13 01:34:00,16.938,92.14,0
840,447,2025-04-29 05:58:00,1.454,17.67,1
841,486,2025-03-27 01:21:00,19.839,52.56,0
842,680,2025-03-18 13:17:00,8.78,33.93,0
843,406,2025-06-02 11:00:00,18.309,48.33,0
844,231,2025-03-12 03:13:00,10.526,29.72,0
845,622,2025-05-18 09:51:00,8.285,26.22,0
846,424,2025-06-09 20:36:00,12.372,53.28,0
847,190,2025-01-29 19:28:00,12.58,11.6,0
848,675,2025-05-15 00:39:00,10.697,106.75,0
849,650,2025-01-13 20:45:00,17.952,38.16,0
850,197,2025-04-26 09:53:00,15.825,22.55,0
851,519,2025-02-10 14:11:00,20.881,47.0,0
852,736,2025-02-16 01:47:00,18.664,20.08,0
853,639,2025-06-03 10:03:00,19.566,37.28,0
854,159,2025-02-03 13:52:00,20.635,37.46,0
855,684,2025-04-03 20:27:00,19.289,95.76,0
856,45,2025-05-21 14:07:00,9.654,43.75,0
857,493,2025-05-26 05:49:00,10.597,14.29,0
858,409,2025-02-06 20:03:00,13.625,55.72,0
859,29,2025-03-08 12:35:00,12.649,62.31,0
860,580,2025-04-12 03:15:00,20.396,9.64,0
861,238,2025-04-17 06:42:00,15.339,13.53,0
862,681,2025-01-30 10:35:00,20.263,174.72,0
863,702,2025-04-18 01:14:00,13.42,26.84,0
864,472,2025-01-01 06:01:00,20.691,27.35,0
865,501,2025-04-23 19:27:00,9.004,34.03,0
866,41,2025-05-13 10:34:00,14.238,20.96,0
867,712,2025-03-26 15:03:00,20.616,8.48,0
868,545,2025-02-14 03:59:00,14.295,14.26,0
869,307,2025-02-13 01:30:00,18.258,20.99,0
870,68,2025-05-05 05:18:00,13.052,23.41,0
871,403,2025-03-19 03:03:00,19.609,18.91,0
872,720,2025-06-17 04:53:00,16.84,10.61,0
873,690,2025-06-25 10:57:00,19.366,22.48,0
874,78,2025-03-20 03:52:00,15.511,85.42,0
875,609,2025-02-18 23:31:00,16.927,20.45,0
876,65,2025-05-27 04:16:00,15.401,30.25,0
877,302,2025-05-11 11:15:00,15.942,111.1,0
878,357,2025-01-30 14:35:00,17.648,20.19,0
879,18,2025-06-20 01:13:00,9.692,403.85,0
880,109,2025-02-06 01:33:00,18.76,71.44,0
881,704,2025-04-12 22:13:00,12.973,37.23,0
882,503,2025-02-03 15:09:00,8.176,28.7,0
883,629,2025-03-30 01:55:00,17.011,102.41,0
884,457,2025-04-23 10:40:00,16.591,20.1,0
885,359,2025-01-22 18:01:00,18.161,24.76,0
886,14,2025-02-16 16:07:00,21.976,126.62,0
887,436,2025-05-16 14:06:00,14.46,25.92,0
888,616,2025-06-22 01:14:00,21.627,24.09,0
889,163,2025-06-14 01:38:00,16.089,20.6,0
890,392,2025-05-16 08:09:00,13.01,7.46,0
891,329,2025-06-26 12:33:00,17.489,78.82,0
892,696,2025-01-30 16:44:00,10.75,33.82,0
893,130,2025-02-06 07:09:00,21.528,82.36,0
894,84,2025-03-15 00:03:00,14.175,30.58,0
895,168,2025-06-15 14:38:00,8.149,24.97,0
896,124,2025-05-24 19:02:00,17.175,20.59,0
897,677,2025-03-08 15:33:00,9.685,60.49,0
898,208,2025-01-03 22:02:00,9.245,18.39,0
899,289,2025-04-22 10:44:00,8.33,47.61,0
900,205,2025-02-25 14:04:00,20.362,36.08,0
901,651,2025-02-10 06:10:00,8.471,15.2,0
902,531,2025-02-08 13:12:00,15.521,24.45,0
903,379,2025-02-14 17:02:00,14.852,35.28,0
904,639,2025-02-27 10:06:00,20.755,27.3,0
905,56,2025-04-22 09:53:00,20.756,159.42,0
906,542,2025-01-30 11:33:00,20.892,42.24,0
907,289,2025-03-29 06:28:00,13.6,29.92,0
908,303,2025-06-15 19:25:00,14.629,26.18,0
909,126,2025-06-23 14:12:00,19.559,29.14,0
910,77,2025-05-30 07:34:00,9.682,21.52,0
911,554,2025-02-17 14:29:00,9.602,18.12,0
912,680,2025-01-27 08:01:00,20.904,56.5,0
913,729,2025-06-08 01:07:00,8.412,119.98,0
914,194,2025-03-14 17:04:00,13.36,24.4,0
915,610,2025-03-24 21:15:00,10.729,49.35,0
916,88,2025-03-18 17:31:00,9.176,20.57,0
917,622,2025-01-25 05:16:00,21.634,38.03,0
918,452,2025-05-10 20:22:00,10.323,12.29,0
919,689,2025-02-13 01:01:00,14.048,17.68,0
920,54,2025-02-11 23:14:00,11.586,17.18,0
921,621,2025-05-17 00:37:00,14.876,31.16,0
922,373,2025-05-09 07:29:00,18.737,13.73,0
923,454,2025-05-29 19:03:00,17.236,5.83,0
924,431,2025-05-08 02:30:00,16.004,11.7,0
925,571,2025-01-08 02:54:00,15.15,30.44,0
926,479,2025-03-17 02:24:00,9.846,18.57,0
927,332,2025-03-15 19:19:00,13.635,22.02,0
928,348,2025-02-27 20:52:00,20.674,43.25,0
929,56,2025-03-30 22:49:00,19.487,18.15,0
930,579,2025-03-31 11:42:00,8.906,32.83,0
931,564,2025-04-21 16:56:00,19.766,193.38,0
932,453,2025-06-22 19:10:00,19.593,25.8,0
933,577,2025-04-28 02:39:00,19.227,29.69,0
934,215,2025-06-17 21:00:00,19.407,47.45,0
935,178,2025-05-30 12:00:00,21.762,18.2,0
936,739,2025-05-13 03:27:00,8.773,21.8,0
937,763,2025-02-19 05:02:00,13.373,32.43,0
938,682,2025-04-15 00:32:00,21.558,40.88,0
939,42,2025-01-21 03:31:00,15.737,16.63,0
940,439,2025-06-16 07:04:00,17.552,54.7,0
941,588,2025-02-03 13:37:00,13.066,120.62,0
942,29,2025-02-12 22:30:00,10.967,7.58,0
943,774,2025-06-18 15:10:00,21.698,47.87,0
944,629,2025-01-22 22:03:00,13.063,32.53,0
945,247,2025-04-09 09:40:00,15.852,27.6,0
946,405,2025-04-14 10:10:00,11.413,45.44,0
947,729,2025-02-09 10:29:00,21.537,105.51,0
948,682,2025-03-12 03:35:00,11.618,42.99,0
949,661,2025-05-22 10:56:00,20.795,75.39,0
950,787,2025-05-09 01:42:00,12.085,33.93,0
951,595,2025-04-16 15:52:00,21.257,46.87,0
952,748,2025-04-08 21:51:00,13.143,22.65,0
953,763,2025-03-08 02:51:00,20.209,36.08,0
954,15,2025-04-23 05:48:00,16.398,28.16,0
955,523,2025-01-04 07:04:00,9.594,38.12,0
956,267,2025-01-13 15:40:00,12.139,9.31,0
957,395,2025-05-21 21:38:00,18.652,14.34,0
958,134,2025-02-01 09:01:00,17.346,90.54,0
959,540,2025-05-10 03:20:00,12.985,106.76,0
960,667,2025-01-03 21:53:00,10.735,8.76,0
961,329,2025-02-17 04:18:00,19.604,22.24,0
962,558,2025-06-18 20:48:00,16.713,19.24,0
963,259,2025-02-17 19:28:00,17.548,42.86,0
964,599,2025-06-26 21:24:00,14.707,32.73,0
965,65,2025-02-18 20:49:00,12.905,60.31,0
966,704,2025-04-25 11:44:00,13.351,11.87,0
967,302,2025-05-01 16:12:00,8.436,46.31,0
968,403,2025-04-25 01:43:00,21.213,26.8,0
969,642,2025-02-22 22:50:00,13.132,19.41,0
970,23,2025-05-17 14:04:00,14.762,49.84,0
971,756,2025-02-25 20:46:00,13.0,28.72,0
972,491,2025-05-27 13:37:00,12.973,32.29,0
973,780,2025-03-09 18:59:00,17.599,101.94,0
974,440,2025-05-31 15:42:00,17.385,37.04,0
975,165,2025-06-26 10:28:00,19.343,165.89,0
976,465,2025-05-16 21:12:00,9.005,5.43,0
977,457,2025-03-24 19:37:00,20.237,34.73,0
978,736,2025-03-18 02:55:00,21.394,14.38,0
979,460,2025-03-09 22:15:00,21.847,16.66,0
980,325,2025-03-05 05:17:00,9.803,20.72,0
981,140,2025-03-26 14:29:00,14.814,73.22,0
982,260,2025-03-29 10:34:00,21.147,25.28,0
983,465,2025-05-10 10:57:00,18.625,14.04,0
984,295,2025-06-10 03:16:00,8.843,59.33,0
985,290,2025-06-09 01:32:00,20.184,13.59,0
986,11,2025-04-19 18:16:00,19.74,133.35,0
987,753,2025-06-28 08:15:00,18.922,12.46,0
988,669,2025-06-10 20:22:00,13.766,27.81,0
989,204,2025-03-29 11:47:00,16.852,163.18,0
990,109,2025-03-16 04:55:00,18.023,27.0,0
991,667,2025-03-24 19:49:00,13.553,49.12,0
992,669,2025-01-05 05:14:00,18.976,32.06,0
993,717,2025-03-01 10:56:00,11.826,34.96,0
994,437,2025-03-10 22:03:00,10.571,18.18,0
995,588,2025-05-21 05:40:00,20.025,50.29,0
996,583,2025-02-17 06:15:00,12.75,101.21,0
997,171,2025-04-29 00:07:00,3.398,7.4,1
998,419,2025-02-27 23:31:00,19.658,16.71,0
999,208,2025-03-07 09:44:00,19.186,22.49,0
1000,603,2025-01-13 09:54:00,19.233,17.21,0
1001,776,2025-04-04 08:06:00,12.772,58.53,0
1002,61,2025-01-18 11:56:00,16.445,21.55,0
1003,60,2025-02-07 01:08:00,8.195,37.34,0
1004,211,2025-04-01 07:36:00,8.032,115.38,0
1005,93,2025-05-05 22:03:00,11.63,8.33,0
1006,7,2025-03-14 17:46:00,15.354,45.1,0
1007,782,2025-02-15 09:10:00,16.404,31.73,0
1008,465,2025-06-11 12:07:00,9.868,31.8,0
1009,621,2025-03-04 22:02:00,20.147,16.97,0
1010,452,2025-02-27 18:20:00,21.434,25.81,0
1011,597,2025-01-13 06:16:00,9.669,34.78,0
1012,548,2025-03-05 08:22:00,19.534,30.21,0
1013,128,2025-02-09 13:50:00,16.599,61.13,0
1014,120,2025-03-05 16:57:00,15.034,14.59,0
1015,391,2025-02-05 01:53:00,14.847,11.45,0
1016,296,2025-02-05 09:25:00,18.498,7.03,0
1017,672,2025-05-13 08:31:00,10.925,39.19,0
1018,244,2025-03-27 09:37:00,16.525,64.1,0
1019,263,2025-05-06 00:06:00,11.659,13.69,0
1020,423,2025-04-14 19:35:00,9.192,12.75,0
1021,154,2025-04-07 20:46:00,15.74,158.57,0
1022,686,2025-03-25 23:10:00,11.761,97.25,0
1023,8,2025-03-11 16:05:00,18.397,101.73,0
1024,678,2025-02-17 03:50:00,17.106,46.28,0
1025,498,2025-06-10 02:15:00,11.141,61.54,0
1026,710,2025-03-15 15:24:00,20.062,27.82,0
1027,235,2025-06-09 03:14:00,12.858,11.21,0
1028,720,2025-05-19 06:19:00,17.927,11.67,0
1029,690,2025-04-19 12:14:00,11.743,35.09,0
1030,365,2025-06-01 17:07:00,10.752,73.36,0
1031,226,2025-04-29 10:20:00,20.044,30.61,0
1032,157,2025-05-27 20:12:00,20.861,56.97,0
1033,121,2025-05-24 08:40:00,12.929,32.58,0
1034,466,2025-04-27 06:35:00,12.41,44.65,0
1035,768,2025-05-11 02:23:00,17.836,64.85,0
1036,452,2025-05-28 03:58:00,11.183,101.5,0
1037,771,2025-02-10 11:34:00,20.099,43.98,0
1038,604,2025-06-07 18:56:00,8.119,165.15,0
1039,548,2025-04-01 14:31:00,9.99,29.05,0
1040,579,2025-01-23 00:22:00,9.69,100.92,0
1041,742,2025-01-28 08:08:00,12.45,55.78,0
1042,686,2025-05-16 01:06:00,20.126,8.09,0
1043,129,2025-05-26 16:31:00,16.96,108.45,0
1044,467,2025-04-28 17:43:00,0.705,16.79,1
1045,368,2025-04-28 15:27:00,9.105,28.68,0
1046,703,2025-06-05 19:27:00,12.038,70.38,0
1047,163,2025-06-26 05:40:00,16.678,19.29,0
1048,655,2025-05-30 17:27:00,16.313,33.07,0
1049,383,2025-01-25 13:43:00,9.599,59.21,0
1050,745,2025-05-25 10:20:00,18.651,18.13,0
1051,632,2025-04-02 19:50:00,16.852,28.98,0
1052,275,2025-05-24 17:32:00,21.763,26.38,0
1053,675,2025-05-11 07:43:00,15.736,75.68,0
1054,149,2025-05-03 00:15:00,12.583,122.73,0
1055,3,2025-06-06 02:55:00,9.671,14.52,0
1056,405,2025-01-28 05:18:00,20.867,37.25,0
1057,311,2025-06-03 14:40:00,8.527,23.01,0
1058,100,2025-03-04 12:51:00,12.882,35.88,0
1059,795,2025-02-06 08:38:00,15.43,143.84,0
1060,31,2025-05-10 15:04:00,15.977,47.43,0
1061,471,2025-06-26 19:37:00,16.153,22.31,0
1062,208,2025-01-16 19:33:00,18.04,11.71,0
1063,236,2025-06-26 15:24:00,9.797,77.84,0
1064,168,2025-03-03 15:59:00,18.071,24.24,0
1065,311,2025-06-24 10:20:00,20.453,18.81,0
1066,533,2025-01-09 20:49:00,8.426,44.64,0
1067,258,2025-04-21 10:48:00,8.501,55.62,0
1068,577,2025-04-07 04:47:00,21.879,26.06,0
1069,358,2025-05-30 17:57:00,12.367,16.42,0
1070,628,2025-03-26 22:23:00,14.371,104.61,0
1071,355,2025-01-14 16:27:00,12.341,60.47,0
1072,292,2025-02-03 02:22:00,15.791,77.1,0
1073,405,2025-02-15 23:35:00,17.961,26.31,0
1074,549,2025-06-06 20:18:00,18.639,18.02,0
1075,371,2025-01-17 13:25:00,12.975,22.85,0
1076,724,2025-06-01 00:28:00,11.648,10.34,0
1077,412,2025-04-02 00:01:00,15.653,26.78,0
1078,236,2025-04-12 18:01:00,13.38,20.39,0
1079,22,2025-06-23 15:38:00,16.71,32.89,0
1080,314,2025-05-19 01:53:00,16.562,36.4,0
1081,43,2025-04-27 20:25:00,20.522,37.63,0
1082,28,2025-05-29 08:48:00,8.054,21.91,0
1083,296,2025-03-25 00:36:00,9.426,13.53,0
1084,232,2025-06-17 14:07:00,19.014,11.04,0
1085,707,2025-05-23 17:03:00,16.17,40.92,0
1086,584,2025-06-25 20:37:00,8.875,39.0,0
1087,632,2025-04-10 01:27:00,21.196,11.49,0
1088,436,2025-04-26 16:14:00,17.106,109.57,0
1089,88,2025-03-24 09:02:00,14.804,68.25,0
1090,680,2025-06-16 12:08:00,18.914,15.46,0
1091,395,2025-04-24 06:41:00,16.344,43.28,0
1092,343,2025-01-29 12:49:00,13.226,31.37,0
1093,483,2025-04-03 02:58:00,12.153,43.22,0
1094,130,2025-01-24 23:18:00,14.348,40.16,0
1095,384,2025-04-26 11:28:00,14.653,59.9,0
1096,484,2025-05-06 21:28:00,17.968,114.29,0
1097,558,2025-05-25 11:23:00,14.622,44.46,0
1098,400,2025-01-28 14:43:00,8.257,53.61,0
1099,797,2025-03-25 05:38:00,17.585,112.98,0
1100,792,2025-03-05 18:55:00,8.975,414.82,1
1101,77,2025-03-16 16:53:00,19.849,16.59,0
1102,66,2025-06-19 03:31:00,17.916,59.91,0
1103,412,2025-04-11 13:26:00,16.37,13.16,0
1104,662,2025-03-21 19:01:00,14.358,18.34,0
1105,409,2025-06-12 20:32:00,10.41,116.67,0
1106,173,2025-04-06 17:51:00,17.17,8.86,0
1107,449,2025-03-18 03:17:00,9.533,44.6,0
1108,754,2025-04-08 05:57:00,16.464,11.04,0
1109,133,2025-06-02 14:16:00,10.567,48.61,0
1110,356,2025-03-23 12:04:00,16.356,151.6,0
1111,510,2025-04-22 02:08:00,10.116,15.57,0
1112,314,2025-02-02 04:08:00,9.323,6.51,0
1113,35,2025-01-03 05:33:00,14.592,46.55,0
1114,535,2025-01-13 02:49:00,17.937,21.18,0
1115,592,2025-03-27 17:11:00,11.338,30.21,0
1116,524,2025-05-10 07:41:00,14.968,46.86,0
1117,530,2025-02-07 21:30:00,19.184,54.91,0
1118,525,2025-06-19 17:50:00,15.692,55.34,0
1119,264,2025-01-28 01:34:00,16.36,34.24,0
1120,13,2025-05-06 08:03:00,11.082,49.6,0
1121,791,2025-02-12 04:46:00,9.743,30.11,0
1122,163,2025-01-11 15:23:00,10.087,26.9,0
1123,663,2025-05-09 05:39:00,21.619,34.55,0
1124,432,2025-04-04 06:05:00,9.213,55.54,0
1125,431,2025-04-23 22:17:00,10.121,20.86,0
1126,16,2025-06-19 11:04:00,10.88,41.56,0
1127,792,2025-04-07 15:12:00,19.031,24.24,0
1128,422,2025-06-01 10:32:00,13.571,19.43,0
1129,664,2025-03-31 03:33:00,19.073,81.16,0
1130,622,2025-03-04 19:54:00,13.865,47.1,0
1131,110,2025-03-12 01:14:00,19.126,47.45,0
1132,758,2025-03-04 01:32:00,20.537,16.43,0
1133,472,2025-06-09 13:58:00,14.262,28.73,0
1134,148,2025-04-03 00:59:00,21.809,56.6,0
1135,464,2025-06-17 20:12:00,21.061,47.14,0
1136,493,2025-02-15 05:24:00,8.215,272.33,0
1137,522,2025-05-18 14:22:00,15.898,41.73,0
1138,257,2025-01-21 18:46:00,17.2,20.56,0
1139,752,2025-02-21 21:07:00,19.804,24.71,0
1140,189,2025-01-07 00:09:00,17.427,17.64,0
1141,393,2025-06-14 11:53:00,17.636,20.87,0
1142,670,2025-02-23 16:50:00,12.055,37.91,0
1143,61,2025-05-28 10:39:00,19.488,24.15,0
1144,322,2025-03-18 14:41:00,8.886,101.92,0
1145,383,2025-01-23 07:47:00,17.204,70.82,0
1146,618,2025-03-03 20:50:00,10.828,69.87,0
1147,630,2025-03-03 12:02:00,18.718,28.61,0
1148,637,2025-04-02 14:32:00,19.063,72.7,0
1149,286,2025-02-28 23:15:00,10.447,79.35,0
1150,393,2025-05-02 17:10:00,19.11,125.47,0
1151,21,2025-05-12 09:48:00,19.725,22.7,0
1152,658,2025-01-28 23:11:00,8.742,35.33,0
1153,242,2025-04-05 07:14:00,14.02,19.2,0
1154,373,2025-04-15 04:01:00,10.698,289.1,0
1155,545,2025-02-18 00:56:00,9.77,29.78,0
1156,621,2025-05-19 21:58:00,19.25,97.12,0
1157,68,2025-02-11 13:01:00,12.105,929.08,1
1158,613,2025-06-06 20:53:00,17.016,70.73,0
1159,300,2025-03-24 08:25:00,8.052,34.6,0
1160,334,2025-03-07 21:07:00,9.112,73.25,0
1161,106,2025-04-30 20:56:00,16.543,43.66,0
1162,573,2025-04-22 13:02:00,13.184,136.93,0
1163,380,2025-04-02 13:41:00,20.316,44.71,0
1164,83,2025-05-04 14:22:00,9.151,19.64,0
1165,113,2025-02-16 23:39:00,16.733,52.98,0
1166,577,2025-05-26 14:06:00,17.84,35.26,0
1167,87,2025-04-22 14:20:00,16.557,15.9,0
1168,416,2025-02-08 08:04:00,17.53,47.41,0
1169,558,2025-06-29 19:18:00,11.491,21.37,0
1170,729,2025-06-05 18:39:00,18.74,28.98,0
1171,126,2025-02-01 19:12:00,15.765,36.17,0
1172,236,2025-05-22 05:10:00,19.033,6.91,0
1173,123,2025-04-06 02:41:00,9.705,24.79,0
1174,703,2025-05-19 12:32:00,9.778,73.29,0
1175,474,2025-03-09 14:50:00,13.537,30.01,0
1176,786,2025-02-13 23:48:00,13.458,7.64,0
1177,34,2025-02-09 07:33:00,9.799,32.79,0
1178,564,2025-01-12 21:09:00,9.137,51.51,0
1179,26,2025-06-07 14:07:00,9.131,27.58,0
1180,87,2025-02-26 06:20:00,8.733,28.3,0
1181,345,2025-06-22 09:34:00,8.464,24.49,0
1182,293,2025-02-10 15:36:00,19.309,57.5,0
1183,292,2025-03-05 00:50:00,21.09,18.13,0
1184,54,2025-06-08 05:16:00,13.959,54.18,0
1185,435,2025-03-04 12:17:00,10.614,28.25,0
1186,272,2025-05-17 12:31:00,12.597,95.38,0
1187,794,2025-01-17 12:24:00,19.459,23.74,0
1188,631,2025-06-21 17:56:00,21.01,14.39,0
1189,347,2025-04-22 04:41:00,11.342,57.42,0
1190,612,2025-05-16 01:15:00,8.429,51.91,0
1191,460,2025-01-05 18:40:00,12.321,48.66,0
1192,396,2025-06-23 15:02:00,13.395,68.89,0
1193,735,2025-03-31 07:37:00,8.042,15.7,0
1194,469,2025-02-08 03:02:00,17.54,18.63,0
1195,386,2025-01-28 12:09:00,9.743,100.59,0
1196,453,2025-01-16 16:20:00,9.146,49.59,0
1197,624,2025-05-02 00:24:00,18.068,24.31,0
1198,593,2025-02-08 07:38:00,18.791,8.54,0
1199,438,2025-06-17 04:53:00,10.576,12.94,0
1200,141,2025-02-10 23:42:00,18.759,16.27,0
1201,509,2025-01-16 23:32:00,12.165,22.34,0
1202,344,2025-06-03 11:47:00,12.314,44.69,0
1203,746,2025-05-20 23:50:00,9.714,11.74,0
1204,726,2025-04-04 09:34:00,11.171,22.94,0
1205,0,2025-05-30 12:03:00,8.543,12.74,0
1206,799,2025-05-11 16:10:00,17.407,24.98,0
1207,720,2025-02-01 17:12:00,19.919,235.82,0
1208,725,2025-03-16 20:12:00,8.677,90.63,0
1209,398,2025-06-16 01:48:00,11.576,55.38,0
1210,216,2025-05-03 01:01:00,12.847,23.05,0
1211,485,2025-04-22 18:21:00,13.496,14.79,0
1212,706,2025-02-01 21:46:00,19.539,32.66,0
1213,360,2025-04-07 06:55:00,8.6,10.1,0
1214,788,2025-01-30 20:13:00,16.598,58.78,0
1215,208,2025-05-01 20:30:00,15.452,29.87,0
1216,682,2025-02-09 23:45:00,19.739,34.24,0
1217,52,2025-02-21 20:37:00,12.282,9.24,0
1218,671,2025-04-14 05:58:00,9.425,36.42,0
1219,756,2025-01-05 13:46:00,9.828,28.91,0
1220,562,2025-05-06 22:00:00,0.53,16.28,1
1221,499,2025-03-21 13:39:00,15.641,41.88,0
1222,329,2025-04-03 04:59:00,16.292,25.45,0
1223,698,2025-05-14 19:15:00,9.919,44.31,0
1224,101,2025-05-19 16:05:00,8.595,57.4,0
1225,232,2025-06-15 08:34:00,15.931,14.69,0
1226,104,2025-02-02 08:51:00,9.135,38.13,0
1227,222,2025-03-19 10:02:00,21.015,37.56,0
1228,418,2025-01-18 04:04:00,19.246,94.66,0
1229,268,2025-02-17 10:57:00,10.519,68.59,0
1230,336,2025-04-10 07:16:00,16.37,26.49,0
1231,184,2025-01-24 15:11:00,9.848,24.9,0
1232,282,2025-03-22 05:12:00,21.106,39.45,0
1233,398,2025-06-18 09:20:00,16.252,14.25,0
1234,171,2025-01-13 18:20:00,12.449,16.06,0
1235,748,2025-02-11 13:40:00,17.526,24.07,0
1236,717,2025-02-20 20:50:00,8.036,5.21,0
1237,700,2025-06-13 23:49:00,12.03,15.86,0
1238,1,2025-05-13 04:44:00,11.278,26.83,0
1239,396,2025-02-03 01:49:00,12.846,317.39,0
1240,636,2025-05-07 03:23:00,9.194,20.91,0
1241,279,2025-01-04 06:20:00,21.552,59.35,0
1242,185,2025-05-24 15:52:00,14.55,29.87,0
1243,489,2025-02-10 08:37:00,19.99,49.77,0
1244,1,2025-05-09 03:16:00,8.833,14.72,0
1245,489,2025-03-30 16:51:00,19.828,10.16,0
1246,361,2025-05-13 00:43:00,17.142,105.34,0
1247,547,2025-03-04 18:24:00,17.503,12.08,0
1248,546,2025-04-06 13:30:00,19.289,114.69,0
1249,428,2025-06-13 09:21:00,15.365,26.01,0
1250,467,2025-05-25 11:56:00,16.876,18.06,0
1251,21,2025-04-09 02:45:00,20.597,23.16,0
1252,785,2025-06-16 01:45:00,9.751,126.1,0
1253,60,2025-01-22 04:45:00,8.779,20.02,0
1254,781,2025-05-07 01:05:00,21.758,25.78,0
1255,779,2025-04-23 13:26:00,20.341,76.37,0
1256,574,2025-02-16 04:41:00,15.196,51.13,0
1257,596,2025-03-12 00:15:00,18.931,184.44,0
1258,23,2025-03-15 00:53:00,20.347,88.91,0
1259,758,2025-05-03 05:01:00,14.536,20.05,0
1260,422,2025-04-23 10:36:00,9.371,99.23,0
1261,271,2025-05-22 12:16:00,14.729,7.52,0
1262,535,2025-04-29 07:08:00,12.919,64.81,0
1263,427,2025-06-27 09:34:00,8.324,20.73,0
1264,289,2025-05-30 08:55:00,21.427,56.36,0
1265,257,2025-04-14 19:06:00,18.021,168.37,0
1266,94,2025-01-04 08:05:00,19.001,9.2,0
1267,727,2025-03-08 00:21:00,16.355,73.24,0
1268,532,2025-01-23 23:34:00,11.768,68.54,0
1269,230,2025-03-20 01:09:00,16.186,59.36,0
1270,578,2025-06-28 18:49:00,17.524,15.98,0
1271,555,2025-03-14 11:19:00,16.363,32.58,0
1272,111,2025-05-28 02:58:00,9.78,16.2,0
1273,140,2025-03-23 02:19:00,19.39,49.37,0
1274,184,2025-04-14 19:26:00,12.166,12.33,0
1275,84,2025-01-06 09:51:00,13.554,24.67,0
1276,658,2025-05-04 18:28:00,15.71,57.94,0
1277,124,2025-02-14 12:27:00,21.687,19.48,0
1278,649,2025-03-24 19:12:00,12.375,25.49,0
1279,423,2025-06-27 19:07:00,8.586,16.95,0
1280,93,2025-02-10 05:01:00,21.614,42.98,0
1281,675,2025-06-17 01:01:00,21.405,31.35,0
1282,138,2025-05-30 04:56:00,10.776,19.48,0
1283,799,2025-01-09 16:36:00,19.607,21.13,0
1284,11,2025-03-08 11:16:00,20.875,39.72,0
1285,498,2025-06-26 07:47:00,8.182,15.01,0
1286,250,2025-03-23 17:17:00,18.566,33.78,0
1287,426,2025-05-23 13:14:00,10.518,35.94,0
1288,671,2025-06-15 09:15:00,19.581,39.66,0
1289,629,2025-01-01 11:52:00,8.293,22.9,0
1290,225,2025-05-12 15:35:00,17.677,56.79,0
1291,50,2025-06-14 10:09:00,19.435,75.54,0
1292,226,2025-04-14 23:16:00,8.499,58.75,0
1293,647,2025-06-22 20:47:00,18.599,41.4,0
1294,412,2025-05-06 20:38:00,9.663,11.18,0
1295,606,2025-04-24 04:14:00,9.107,133.73,0
1296,395,2025-01-23 06:10:00,20.889,36.68,0
1297,423,2025-05-22 21:34:00,20.922,44.92,0
1298,51,2025-06-03 23:44:00,18.376,19.91,0
1299,18,2025-03-01 20:32:00,20.463,29.47,0
1300,562,2025-01-29 10:47:00,8.234,89.91,0
1301,161,2025-04-14 00:25:00,15.163,65.46,0
1302,288,2025-06-18 23:05:00,20.203,27.28,0
1303,295,2025-05-12 16:17:00,20.499,118.81,0
1304,506,2025-05-26 21:10:00,13.138,15.61,0
1305,752,2025-04-12 00:38:00,12.545,9.12,0
1306,606,2025-03-17 04:29:00,17.8,7.48,0
1307,510,2025-02-24 19:53:00,8.842,66.11,0
1308,667,2025-05-26 07:59:00,18.927,20.06,0
1309,408,2025-04-27 20:32:00,11.496,31.28,0
1310,116,2025-05-15 14:58:00,15.302,84.0,0
1311,390,2025-05-31 21:58:00,10.696,45.53,0
1312,782,2025-06-26 06:55:00,18.281,13.55,0
1313,623,2025-05-31 11:33:00,1.009,128.34,1
1314,279,2025-03-22 08:40:00,15.572,27.73,0
1315,258,2025-01-24 18:58:00,21.31,33.28,0
1316,734,2025-04-11 16:02:00,13.629,19.79,0
1317,75,2025-03-22 04:13:00,12.01,14.34,0
1318,746,2025-06-18 08:03:00,19.741,42.08,0
1319,541,2025-01-07 23:21:00,8.531,11.05,0
1320,646,2025-06-04 02:27:00,11.936,32.75,0
1321,263,2025-04-24 21:33:00,17.667,124.42,0
1322,518,2025-01-13 15:33:00,10.645,1649.04,1
1323,260,2025-02-13 14:08:00,20.466,41.17,0
1324,13,2025-01-12 04:56:00,14.75,14.54,0
1325,363,2025-06-17 11:07:00,11.443,33.34,0
1326,783,2025-04-27 01:54:00,13.198,18.51,0
1327,194,2025-04-22 06:51:00,11.972,110.95,0
1328,129,2025-04-04 14:30:00,17.813,23.96,0
1329,737,2025-03-14 02:40:00,9.539,18.66,0
1330,728,2025-01-31 19:42:00,19.951,29.41,0
1331,677,2025-05-12 15:55:00,10.083,18.73,0
1332,781,2025-01-24 18:10:00,11.955,42.26,0
1333,792,2025-02-07 07:55:00,16.774,150.26,0
1334,734,2025-06-25 20:13:00,12.959,35.2,0
1335,771,2025-01-17 10:59:00,15.141,16.73,0
1336,595,2025-06-21 04:18:00,15.967,30.84,0
1337,251,2025-01-16 17:29:00,11.626,12.66,0
1338,366,2025-03-29 14:02:00,15.484,348.68,0
1339,304,2025-04-15 21:43:00,21.151,147.83,0
1340,407,2025-01-21 10:39:00,8.035,94.91,0
1341,558,2025-06-09 23:54:00,16.347,63.85,0
1342,193,2025-06-22 07:10:00,12.483,30.66,0
1343,12,2025-02-10 02:18:00,20.069,31.21,0
1344,482,2025-02-09 21:39:00,9.352,29.34,0
1345,795,2025-05-17 19:24:00,8.849,234.35,0
1346,689,2025-03-08 21:25:00,13.669,30.01,0
1347,8,2025-01-07 18:32:00,17.432,22.29,0
1348,478,2025-05-16 00:47:00,8.09,32.19,0
1349,425,2025-03-05 14:25:00,19.357,52.93,0
1350,339,2025-03-15 07:01:00,12.711,2.16,0
1351,534,2025-04-28 16:03:00,20.884,47.94,0
1352,341,2025-04-14 21:01:00,20.681,4.58,0
1353,731,2025-05-29 17:24:00,18.693,113.64,0
1354,726,2025-05-24 15:08:00,18.318,8.81,0
1355,515,2025-06-19 18:35:00,16.411,18.41,0
1356,366,2025-06-15 06:16:00,19.123,7.55,0
1357,477,2025-04-24 20:42:00,10.493,147.82,0
1358,720,2025-04-11 04:15:00,19.44,34.66,0
1359,240,2025-03-25 06:45:00,15.913,207.81,0
1360,694,2025-04-30 14:31:00,18.948,171.69,0
1361,472,2025-01-11 21:56:00,14.913,95.08,0
1362,50,2025-03-14 10:18:00,16.833,11.4,0
1363,599,2025-02-19 14:47:00,12.782,39.95,0
1364,161,2025-04-11 04:03:00,13.942,104.41,0
1365,412,2025-06-16 03:50:00,13.107,47.77,0
1366,760,2025-03-28 13:45:00,18.368,26.04,0
1367,623,2025-04-15 22:06:00,10.808,46.37,0
1368,559,2025-03-14 11:53:00,21.027,50.07,0
1369,55,2025-03-03 16:21:00,19.61,10.74,0
1370,687,2025-05-03 14:01:00,20.064,22.24,0
1371,268,2025-02-14 18:53:00,20.796,59.02,0
1372,40,2025-06-08 05:29:00,14.104,70.45,0
1373,767,2025-01-21 10:59:00,20.487,42.52,0
1374,152,2025-02-10 00:00:00,14.217,25.26,0
1375,258,2025-05-16 06:56:00,9.422,30.02,0
1376,113,2025-01-15 21:59:00,8.694,19.14,0
1377,497,2025-03-16 05:27:00,8.89,32.2,0
1378,694,2025-03-10 00:04:00,10.632,69.09,0
1379,415,2025-06-18 13:53:00,13.037,244.18,0
1380,695,2025-01-29 14:05:00,21.71,13.36,0
1381,749,2025-03-23 18:58:00,11.377,96.42,0
1382,698,2025-03-24 17:38:00,20.782,47.54,0
1383,130,2025-05-28 07:23:00,19.346,9.72,0
1384,164,2025-04-08 08:50:00,20.056,32.37,0
1385,239,2025-01-24 10:37:00,18.987,30.26,0
1386,510,2025-06-06 16:19:00,21.623,34.95,0
1387,689,2025-01-28 03:55:00,9.677,80.93,0
1388,250,2025-05-06 02:19:00,14.706,169.91,0
1389,532,2025-02-19 04:16:00,12.8,98.63,0
1390,149,2025-01-22 22:31:00,11.979,41.5,0
1391,434,2025-02-04 10:08:00,14.256,45.35,0
1392,623,2025-06-19 22:40:00,14.733,184.66,0
1393,315,2025-06-25 19:31:00,21.803,15.0,0
1394,130,2025-04-19 01:04:00,11.706,94.54,0
1395,329,2025-05-26 11:10:00,20.764,13.98,0
1396,609,2025-06-12 12:20:00,10.338,10.33,0
1397,747,2025-03-04 17:08:00,17.311,57.99,0
1398,492,2025-05-17 08:45:00,12.276,9.29,0
1399,536,2025-04-04 13:38:00,21.445,25.56,0
1400,335,2025-02-01 03:54:00,16.885,105.08,0
1401,743,2025-04-06 23:37:00,8.899,16.85,0
1402,695,2025-01-09 06:12:00,20.93,147.34,0
1403,777,2025-04-20 07:08:00,12.113,5.75,0
1404,690,2025-02-16 19:40:00,20.984,80.7,0
1405,437,2025-01-19 15:37:00,8.189,11.57,0
1406,768,2025-05-07 22:53:00,11.062,29.96,0
1407,487,2025-03-04 19:35:00,11.898,41.59,0
1408,481,2025-03-22 11:06:00,17.632,27.92,0
1409,525,2025-01-16 11:13:00,19.171,28.49,0
1410,148,2025-01-15 09:15:00,16.821,10.96,0
1411,671,2025-06-15 10:21:00,8.868,108.56,0
1412,290,2025-04-18 23:25:00,14.071,13.09,0
1413,527,2025-03-14 14:55:00,14.916,13.08,0
1414,675,2025-04-30 20:35:00,13.022,32.38,0
1415,91,2025-05-11 20:42:00,13.874,20.04,0
1416,240,2025-01-21 11:28:00,14.757,68.46,0
1417,753,2025-06-15 17:58:00,15.756,22.84,0
1418,288,2025-04-29 00:08:00,16.833,34.97,0
1419,528,2025-02-25 16:46:00,10.942,38.36,0
1420,449,2025-02-18 09:06:00,20.624,76.28,0
1421,695,2025-01-16 19:30:00,19.59,22.95,0
1422,408,2025-02-16 04:09:00,19.013,9.19,0
1423,339,2025-03-02 12:27:00,19.282,18.31,0
1424,13,2025-02-08 08:20:00,15.356,86.94,0
1425,379,2025-05-01 18:39:00,21.343,46.24,0
1426,468,2025-02-15 10:49:00,13.123,26.02,0
1427,551,2025-03-31 23:07:00,13.88,36.75,0
1428,624,2025-04-11 13:44:00,19.428,28.3,0
1429,621,2025-01-14 11:47:00,20.166,65.73,0
1430,367,2025-01-31 08:51:00,14.286,45.85,0
1431,62,2025-01-13 15:14:00,19.872,28.0,0
1432,203,2025-05-05 08:33:00,16.865,72.93,0
1433,325,2025-05-06 22:06:00,13.432,89.73,0
1434,783,2025-01-24 06:46:00,20.677,16.77,0
1435,615,2025-05-13 13:52:00,15.045,17.02,0
1436,715,2025-05-27 00:54:00,19.888,238.92,0
1437,793,2025-01-20 17:04:00,19.374,57.76,0
1438,106,2025-01-22 01:03:00,9.353,133.06,0
1439,9,2025-05-24 01:10:00,20.196,71.47,0
1440,459,2025-02-25 13:18:00,10.274,50.55,0
1441,211,2025-03-04 04:48:00,19.394,6.33,0
1442,695,2025-04-16 21:55:00,18.578,13.18,0
1443,371,2025-01-13 06:39:00,18.32,58.89,0
1444,7,2025-03-20 19:28:00,20.892,16.97,0
1445,178,2025-03-02 02:16:00,16.408,31.09,0
1446,273,2025-05-29 02:11:00,12.74,72.5,0
1447,21,2025-05-12 11:39:00,16.305,39.01,0
1448,253,2025-02-21 14:26:00,17.746,48.15,0
1449,431,2025-04-29 00:57:00,13.105,106.24,0
1450,714,2025-03-14 12:01:00,11.56,115.0,0
1451,519,2025-03-28 15:57:00,14.856,33.46,0
1452,74,2025-05-13 08:08:00,20.576,96.98,0
1453,332,2025-02-20 08:05:00,16.827,16.23,0
1454,614,2025-04-15 01:40:00,20.562,41.96,0
1455,295,2025-03-17 05:27:00,14.652,55.05,0
1456,450,2025-04-28 00:17:00,21.258,32.17,0
1457,788,2025-03-10 16:33:00,19.082,29.3,0
1458,110,2025-06-18 08:37:00,12.964,14.29,0
1459,382,2025-03-12 04:53:00,14.275,34.02,0
1460,487,2025-01-20 17:18:00,21.969,9.67,0
1461,638,2025-03-30 03:28:00,21.352,31.46,0
1462,669,2025-02-12 23:08:00,13.743,36.73,0
1463,229,2025-03-23 22:49:00,19.67,63.53,0
1464,373,2025-06-15 17:16:00,20.736,13.66,0
1465,664,2025-01-19 10:39:00,11.524,45.94,0
1466,671,2025-01-08 15:56:00,15.246,55.21,0
1467,658,2025-02-22 05:31:00,18.599,34.39,0
1468,534,2025-03-20 10:57:00,9.076,50.06,0
1469,214,2025-01-24 05:45:00,19.28,43.43,0
1470,294,2025-05-06 06:08:00,10.955,4.37,0
1471,524,2025-04-19 09:03:00,14.706,16.74,0
1472,203,2025-05-07 07:42:00,13.253,194.33,0
1473,545,2025-03-18 02:33:00,18.362,59.16,0
1474,412,2025-06-17 12:16:00,11.264,21.63,0
1475,354,2025-05-01 22:43:00,14.529,46.93,0
1476,284,2025-06-15 17:03:00,11.718,61.81,0
1477,619,2025-01-16 18:26:00,8.767,120.09,0
1478,372,2025-05-01 02:56:00,19.809,25.63,0
1479,245,2025-03-04 02:00:00,11.143,21.73,0
1480,307,2025-02-04 17:01:00,11.254,23.5,0
1481,387,2025-02-02 11:07:00,8.655,22.16,0
1482,494,2025-02-05 09:02:00,15.038,21.57,0
1483,792,2025-01-17 13:49:00,11.765,40.66,0
1484,272,2025-03-23 19:07:00,15.917,24.99,0
1485,142,2025-05-20 05:17:00,18.129,33.3,0
1486,782,2025-03-25 10:24:00,8.643,156.53,0
1487,118,2025-01-24 13:38:00,10.807,16.27,0
1488,723,2025-05-08 06:55:00,13.472,45.82,0
1489,113,2025-02-01 11:37:00,20.317,14.11,0
1490,291,2025-06-06 09:26:00,9.536,73.48,0
1491,798,2025-03-08 00:28:00,18.414,85.67,0
1492,132,2025-01-01 05:40:00,21.35,17.48,0
1493,127,2025-02-22 16:44:00,9.087,20.06,0
1494,487,2025-05-30 20:09:00,12.662,59.66,0
1495,152,2025-06-15 13:37:00,18.774,28.1,0
1496,19,2025-03-17 22:35:00,21.093,108.75,0
1497,555,2025-06-27 22:57:00,11.454,13.38,0
1498,767,2025-02-11 17:19:00,16.986,82.85,0
1499,607,2025-03-18 00:46:00,18.242,209.64,0
1500,771,2025-03-24 12:17:00,13.656,47.9,0
1501,421,2025-02-06 04:54:00,17.373,21.03,0
1502,491,2025-03-10 23:03:00,15.688,18.8,0
1503,786,2025-03-31 15:50:00,21.12,30.75,0
1504,402,2025-05-06 21:51:00,15.542,60.11,0
1505,31,2025-03-31 05:17:00,15.233,10.6,0
1506,191,2025-01-19 14:52:00,17.37,27.32,0
1507,496,2025-03-25 21:17:00,10.132,38.89,0
1508,685,2025-06-02 17:27:00,15.433,121.35,0
1509,485,2025-01-04 15:51:00,8.71,155.2,0
1510,324,2025-06-29 15:56:00,16.778,31.5,0
1511,256,2025-01-24 02:35:00,15.485,14.42,0
1512,546,2025-01-02 15:21:00,19.752,39.15,0
1513,719,2025-01-26 09:09:00,19.168,40.29,0
1514,222,2025-02-15 01:04:00,14.056,90.4,0
1515,442,2025-03-05 07:36:00,17.226,24.54,0
1516,341,2025-05-30 07:55:00,12.246,15.87,0
1517,197,2025-04-15 13:00:00,13.43,34.68,0
1518,324,2025-04-25 23:04:00,9.092,26.66,0
1519,70,2025-06-08 00:17:00,9.41,26.1,0
1520,424,2025-01-24 16:02:00,19.462,17.47,0
1521,85,2025-02-10 04:53:00,21.607,12.82,0
1522,379,2025-06-24 06:24:00,14.849,57.03,0
1523,717,2025-05-19 19:35:00,9.791,43.23,0
1524,116,2025-01-11 15:48:00,9.237,18.4,0
1525,200,2025-02-10 17:13:00,8.636,67.44,0
1526,576,2025-03-09 05:50:00,20.303,8.01,0
1527,725,2025-01-06 20:54:00,14.191,25.25,0
1528,764,2025-04-15 22:19:00,20.325,41.58,0
1529,96,2025-04-27 23:23:00,13.08,84.91,0
1530,191,2025-03-02 10:43:00,16.233,22.44,0
1531,787,2025-02-08 15:12:00,17.434,86.02,0
1532,404,2025-03-18 13:47:00,8.7,20.78,0
1533,666,2025-06-15 12:54:00,17.542,67.53,0
1534,11,2025-05-10 08:04:00,19.196,134.43,0
1535,92,2025-06-18 00:22:00,8.309,15.73,0
1536,163,2025-04-10 12:45:00,8.824,39.51,0
1537,68,2025-01-19 21:44:00,15.309,53.94,0
1538,712,2025-01-11 18:34:00,21.599,12.94,0
1539,642,2025-02-05 01:11:00,21.625,49.47,0
1540,312,2025-04-04 18:48:00,9.534,22.25,0
1541,62,2025-02-07 20:59:00,18.652,17.83,0
1542,84,2025-02-27 02:33:00,19.106,24.95,0
1543,209,2025-06-14 01:24:00,20.277,23.53,0
1544,581,2025-01-08 19:43:00,8.609,66.41,0
1545,640,2025-01-15 01:03:00,21.614,34.97,0
1546,431,2025-03-12 03:23:00,19.504,222.28,0
1547,726,2025-05-16 05:02:00,16.508,22.79,0
1548,742,2025-05-29 06:34:00,8.936,51.13,0
1549,614,2025-02-21 18:53:00,11.362,31.03,0
1550,63,2025-02-22 07:52:00,12.853,12.61,0
1551,711,2025-04-15 20:07:00,20.003,124.92,0
1552,726,2025-06-05 21:04:00,18.656,38.51,0
1553,447,2025-02-01 21:51:00,21.17,18.74,0
1554,479,2025-06-10 14:49:00,13.916,48.19,0
1555,623,2025-05-26 04:12:00,20.835,80.0,0
1556,473,2025-02-18 04:39:00,20.54,17.75,0
1557,275,2025-05-01 17:44:00,8.259,36.44,0
1558,557,2025-04-24 04:38:00,11.35,80.45,0
1559,628,2025-01-04 19:21:00,19.198,39.94,0
1560,113,2025-03-14 07:24:00,17.311,54.53,0
1561,543,2025-02-12 16:24:00,11.12,28.34,0
1562,138,2025-01-13 05:53:00,18.941,9.94,0
1563,459,2025-03-25 22:37:00,12.432,28.61,0
1564,86,2025-05-07 11:37:00,16.43,22.35,0
1565,793,2025-04-06 14:40:00,21.085,32.08,0
1566,534,2025-01-16 23:10:00,11.355,22.55,0
1567,375,2025-05-29 21:48:00,8.775,734.76,1
1568,403,2025-01-13 16:10:00,17.242,26.52,0
1569,495,2025-03-11 15:41:00,18.198,66.85,0
1570,99,2025-04-13 07:25:00,12.376,57.28,0
1571,407,2025-06-16 19:58:00,14.558,16.71,0
1572,572,2025-05-16 16:58:00,15.015,95.64,0
1573,208,2025-02-04 21:35:00,19.423,19.62,0
1574,383,2025-03-18 23:49:00,17.703,14.24,0
1575,264,2025-06-04 09:19:00,11.822,81.42,0
1576,128,2025-02-14 14:17:00,11.822,21.79,0
1577,783,2025-06-12 18:34:00,12.55,37.85,0
1578,474,2025-04-07 00:25:00,10.043,12.49,0
1579,313,2025-04-23 19:17:00,9.88,26.12,0
1580,270,2025-04-30 07:44:00,19.444,31.91,0
1581,543,2025-06-24 03:42:00,19.644,25.57,0
1582,86,2025-05-04 19:17:00,11.641,23.2,0
1583,453,2025-03-15 21:44:00,19.906,36.17,0
1584,184,2025-04-17 05:00:00,15.99,77.28,0
1585,711,2025-05-06 20:54:00,17.97,16.48,0
1586,627,2025-04-18 15:25:00,20.326,4.63,0
1587,606,2025-01-02 19:37:00,12.317,94.35,0
1588,116,2025-06-12 07:54:00,17.271,20.67,0
1589,64,2025-02-19 10:37:00,12.319,22.13,0
1590,366,2025-04-28 03:46:00,20.641,22.62,0
1591,284,2025-04-12 22:42:00,12.194,12.09,0
1592,579,2025-01-22 14:58:00,16.755,25.52,0
1593,569,2025-06-07 16:02:00,10.674,27.98,0
1594,317,2025-01-15 23:32:00,13.177,49.58,0
1595,129,2025-06-21 12:38:00,12.92,22.58,0
1596,259,2025-06-15 22:08:00,18.505,4.96,0
1597,402,2025-04-15 07:09:00,12.012,12.01,0
1598,202,2025-06-21 18:37:00,12.584,85.43,0
1599,254,2025-06-04 01:21:00,8.132,17.87,0
1600,192,2025-06-11 23:12:00,12.422,54.16,0
1601,51,2025-05-24 20:41:00,11.81,19.78,0
1602,480,2025-06-17 05:56:00,15.625,67.06,0
1603,797,2025-05-20 06:16:00,13.625,37.89,0
1604,761,2025-06-08 10:45:00,21.727,10.96,0
1605,743,2025-01-21 01:30:00,15.646,13.72,0
1606,527,2025-03-18 20:01:00,9.018,10.63,0
1607,598,2025-03-28 03:43:00,19.333,72.63,0
1608,51,2025-06-13 17:10:00,8.746,12.79,0
1609,160,2025-03-29 12:38:00,19.721,26.05,0
1610,564,2025-03-21 04:06:00,13.677,32.82,0
1611,790,2025-05-22 17:49:00,8.863,41.8,0
1612,726,2025-04-28 00:42:00,21.683,24.2,0
1613,504,2025-04-16 11:59:00,14.936,9.92,0
1614,87,2025-06-14 11:15:00,19.967,13.33,0
1615,772,2025-05-28 13:45:00,13.888,15.09,0
1616,254,2025-05-09 00:40:00,14.463,84.29,1
1617,34,2025-06-22 03:51:00,13.073,49.43,0
1618,614,2025-01-09 16:40:00,13.165,52.44,0
1619,138,2025-04-10 20:08:00,19.108,14.85,0
1620,241,2025-01-06 14:09:00,8.431,99.38,0
1621,541,2025-05-23 12:11:00,14.858,32.14,0
1622,772,2025-01-23 21:12:00,11.718,68.95,0
1623,725,2025-04-11 21:37:00,15.794,65.11,0
1624,130,2025-05-21 20:42:00,11.013,31.44,0
1625,140,2025-04-23 15:02:00,12.883,6.9,0
1626,647,2025-01-11 13:33:00,15.466,41.04,0
1627,253,2025-03-27 16:20:00,18.385,53.33,0
1628,62,2025-05-21 08:07:00,21.244,20.77,0
1629,470,2025-06-22 17:27:00,11.404,39.81,0
1630,525,2025-06-11 15:58:00,14.761,34.21,0
1631,799,2025-05-28 03:56:00,12.881,16.33,0
1632,389,2025-02-25 05:52:00,16.485,32.31,0
1633,639,2025-05-16 08:23:00,13.131,23.29,0
1634,427,2025-01-31 00:57:00,9.358,47.25,0
1635,738,2025-03-01 07:47:00,16.602,21.83,0
1636,389,2025-02-21 00:19:00,8.498,19.81,0
1637,540,2025-03-29 08:59:00,8.603,9.44,0
1638,770,2025-06-07 13:13:00,20.379,204.49,0
1639,701,2025-06-05 07:46:00,20.184,24.37,0
1640,320,2025-06-10 16:27:00,15.878,14.17,0
1641,405,2025-06-18 13:10:00,8.252,56.72,0
1642,474,2025-01-06 01:03:00,12.803,40.65,0
1643,99,2025-06-29 13:24:00,12.848,54.27,0
1644,186,2025-06-07 23:13:00,18.092,59.06,0
1645,567,2025-05-13 04:44:00,19.367,84.18,0
1646,57,2025-01-15 11:48:00,12.959,14.93,0
1647,481,2025-05-12 13:13:00,13.904,39.35,0
1648,387,2025-05-02 14:23:00,11.145,9.9,0
1649,388,2025-01-17 21:32:00,18.191,27.38,0
1650,676,2025-02-06 08:06:00,12.888,59.85,0
1651,219,2025-05-16 06:39:00,17.877,17.1,0
1652,632,2025-01-31 01:37:00,17.897,208.52,0
1653,627,2025-03-04 09:55:00,10.187,35.51,0
1654,794,2025-04-20 11:00:00,20.397,8.22,0
1655,656,2025-06-05 15:10:00,19.543,61.53,0
1656,405,2025-02-21 04:48:00,16.162,206.75,0
1657,291,2025-01-03 00:36:00,9.209,5.85,0
1658,624,2025-06-03 05:21:00,10.342,61.99,0
1659,742,2025-06-18 04:32:00,9.29,15.86,0
1660,224,2025-06-03 19:04:00,14.491,33.52,0
1661,295,2025-03-29 02:21:00,11.717,12.28,0
1662,397,2025-05-10 15:13:00,19.631,69.28,0
1663,86,2025-01-24 00:46:00,14.103,27.13,0
1664,251,2025-04-25 17:14:00,14.329,88.56,0
1665,133,2025-04-19 04:18:00,20.907,15.36,0
1666,617,2025-04-25 09:05:00,16.089,29.67,0
1667,395,2025-05-05 13:35:00,13.423,5.5,0
1668,483,2025-06-10 02:28:00,21.768,279.64,0
1669,63,2025-05-21 08:43:00,14.474,162.56,0
1670,458,2025-01-07 14:35:00,16.116,200.09,0
1671,574,2025-05-07 07:58:00,13.348,119.32,0
1672,551,2025-05-12 07:22:00,17.369,21.82,0
1673,636,2025-04-10 14:34:00,18.861,33.79,0
1674,91,2025-04-23 06:45:00,16.801,44.19,0
1675,439,2025-01-15 17:59:00,11.478,47.22,0
1676,385,2025-02-17 02:37:00,21.192,14.57,0
1677,714,2025-06-05 07:43:00,15.164,14.0,0
1678,552,2025-01-01 09:51:00,19.564,12.01,0
1679,763,2025-06-27 00:18:00,8.124,24.88,0
1680,20,2025-02-10 01:42:00,15.249,27.1,0
1681,358,2025-05-21 00:59:00,21.098,24.37,0
1682,562,2025-02-09 13:37:00,17.635,42.79,0
1683,71,2025-01-07 06:05:00,9.599,11.58,0
1684,521,2025-04-19 19:58:00,17.94,17.67,0
1685,185,2025-05-17 00:36:00,8.21,19.05,0
1686,59,2025-01-16 08:28:00,13.162,67.39,0
1687,526,2025-02-18 12:50:00,11.314,40.99,0
1688,341,2025-02-24 19:19:00,11.526,45.87,0
1689,324,2025-06-23 04:16:00,8.581,16.58,0
1690,260,2025-02-25 20:06:00,16.64,36.15,0
1691,548,2025-01-12 10:21:00,18.387,18.84,0
1692,494,2025-06-27 07:48:00,12.086,19.36,0
1693,533,2025-01-17 14:33:00,16.216,47.04,0
1694,630,2025-03-29 17:07:00,14.964,20.86,0
1695,484,2025-02-02 15:31:00,21.904,32.17,0
1696,59,2025-02-15 10:18:00,19.373,28.2,0
1697,126,2025-05-16 13:38:00,21.245,13.68,0
1698,793,2025-01-25 11:42:00,19.541,22.05,0
1699,228,2025-04-28 06:04:00,17.207,22.33,0
1700,342,2025-04-12 22:29:00,8.996,25.79,0
1701,302,2025-05-11 21:39:00,20.011,8.27,0
1702,792,2025-01-29 19:16:00,18.654,19.53,0
1703,659,2025-03-05 16:46:00,11.95,72.59,0
1704,386,2025-01-01 15:14:00,11.771,49.66,0
1705,545,2025-06-08 07:46:00,15.34,25.43,0
1706,441,2025-06-28 00:36:00,11.962,13.62,0
1707,515,2025-03-22 07:49:00,21.589,37.93,0
1708,763,2025-04-06 08:44:00,10.71,75.91,0
1709,537,2025-01-25 03:22:00,10.147,117.8,0
1710,90,2025-06-07 16:59:00,8.609,23.02,0
1711,402,2025-05-19 03:29:00,15.736,14.99,0
1712,655,2025-01-21 16:10:00,18.365,51.46,0
1713,31,2025-04-06 07:36:00,16.209,46.65,0
1714,285,2025-01-31 21:38:00,10.916,35.29,0
1715,160,2025-04-17 19:32:00,20.928,21.06,0
1716,576,2025-04-29 05:18:00,13.31,12.28,0
1717,112,2025-03-11 07:43:00,9.971,60.04,0
1718,499,2025-03-21 11:42:00,10.675,71.71,0
1719,51,2025-05-08 22:18:00,14.135,26.24,0
1720,739,2025-01-29 01:33:00,15.621,137.52,0
1721,255,2025-01-07 09:39:00,16.42,42.28,0
1722,326,2025-03-16 23:34:00,9.025,30.43,0
1723,630,2025-03-30 09:52:00,20.145,13.59,0
1724,303,2025-02-21 12:45:00,12.71,8.98,0
1725,92,2025-03-18 21:19:00,11.632,23.24,0
1726,723,2025-01-19 10:19:00,17.626,47.01,0
1727,89,2025-05-15 08:47:00,16.59,226.38,0
1728,397,2025-05-18 23:03:00,21.899,36.94,0
1729,99,2025-02-17 20:33:00,13.745,56.21,0
1730,558,2025-04-28 07:45:00,10.565,18.06,0
1731,215,2025-02-12 01:38:00,21.619,41.36,0
1732,745,2025-03-13 03:26:00,14.748,37.25,0
1733,161,2025-02-27 13:40:00,17.261,16.43,0
1734,535,2025-06-24 18:10:00,8.592,102.09,0
1735,11,2025-03-28 11:56:00,12.702,31.44,0
1736,90,2025-04-24 22:13:00,21.821,84.74,0
1737,221,2025-02-07 18:40:00,21.501,35.27,0
1738,707,2025-06-16 22:08:00,21.778,26.85,0
1739,797,2025-05-04 03:46:00,19.535,18.73,0
1740,490,2025-01-20 01:00:00,15.007,26.44,0
1741,269,2025-03-01 16:33:00,16.008,112.97,0
1742,249,2025-04-02 01:19:00,9.048,17.05,0
1743,169,2025-03-17 20:59:00,19.106,59.64,0
1744,272,2025-05-25 03:11:00,18.487,27.29,0
1745,396,2025-04-11 08:48:00,17.916,56.09,0
1746,548,2025-04-11 06:59:00,13.356,41.3,0
1747,183,2025-03-09 20:06:00,11.722,12.05,0
1748,28,2025-06-01 23:03:00,19.339,39.96,0
1749,447,2025-05-07 05:18:00,21.644,197.93,0
1750,194,2025-05-08 01:20:00,13.929,44.76,0
1751,320,2025-04-29 02:45:00,8.777,73.48,0
1752,569,2025-04-30 16:46:00,20.61,44.4,0
1753,717,2025-05-17 05:31:00,17.652,65.75,0
1754,427,2025-02-12 02:55:00,17.4,19.71,0
1755,742,2025-04-05 03:22:00,21.22,31.76,0
1756,215,2025-01-24 14:56:00,17.387,70.77,0
1757,570,2025-03-08 03:15:00,16.645,26.45,0
1758,783,2025-02-22 10:25:00,17.942,82.52,0
1759,172,2025-02-06 04:52:00,14.775,15.68,0
1760,590,2025-04-09 12:06:00,12.018,36.69,0
1761,379,2025-03-20 15:20:00,11.525,28.45,0
1762,704,2025-03-23 17:18:00,18.167,288.87,0
1763,244,2025-06-07 03:25:00,11.397,25.62,0
1764,768,2025-03-07 03:21:00,21.036,48.99,0
1765,638,2025-01-22 18:49:00,13.642,7.12,0
1766,564,2025-05-23 09:50:00,16.87,13.75,0
1767,23,2025-02-08 18:32:00,8.599,44.7,0
1768,66,2025-06-25 05:41:00,14.285,28.34,0
1769,529,2025-04-30 17:51:00,13.594,28.78,0
1770,383,2025-02-16 00:24:00,18.565,26.99,0
1771,258,2025-04-14 11:47:00,8.776,30.18,0
1772,673,2025-06-17 20:02:00,13.633,8.9,0
1773,384,2025-06-14 21:55:00,20.014,32.65,0
1774,367,2025-03-13 10:22:00,17.359,29.37,0
1775,258,2025-01-06 05:25:00,18.884,82.15,0
1776,785,2025-01-15 07:54:00,18.686,68.27,0
1777,291,2025-06-08 03:11:00,17.267,3.64,0
1778,207,2025-04-29 23:46:00,13.478,19.45,0
1779,539,2025-05-11 14:06:00,13.592,147.97,0
1780,27,2025-05-10 20:52:00,8.717,72.25,0
1781,476,2025-05-20 14:13:00,10.73,51.83,0
1782,451,2025-04-02 13:18:00,15.813,23.41,0
1783,195,2025-03-10 03:50:00,20.531,63.27,0
1784,615,2025-02-12 08:01:00,16.571,10.41,0
1785,34,2025-02-25 07:38:00,13.419,22.26,0
1786,785,2025-05-16 01:31:00,19.647,46.12,0
1787,684,2025-01-03 14:06:00,14.283,56.91,0
1788,140,2025-01-27 04:30:00,11.638,41.62,0
1789,393,2025-05-22 17:35:00,9.121,47.95,0
1790,157,2025-04-27 17:21:00,19.6,39.91,0
1791,494,2025-01-30 01:54:00,16.624,27.2,0
1792,281,2025-01-07 13:11:00,16.131,102.3,0
1793,390,2025-02-10 16:52:00,18.089,153.92,0
1794,765,2025-01-22 07:42:00,16.471,33.61,0
1795,495,2025-02-19 18:44:00,12.907,13.67,0
1796,693,2025-05-30 22:49:00,16.646,29.0,0
1797,501,2025-06-06 12:59:00,9.961,37.52,0
1798,379,2025-02-21 14:22:00,12.146,5.97,0
1799,12,2025-02-21 19:43:00,15.522,102.12,0
1800,71,2025-05-29 18:38:00,8.968,21.0,0
1801,426,2025-03-18 14:57:00,19.505,18.06,0
1802,403,2025-02-08 10:32:00,8.625,26.67,0
1803,401,2025-05-15 12:31:00,13.213,23.98,0
1804,676,2025-03-30 07:42:00,14.362,36.62,0
1805,76,2025-06-10 14:36:00,17.53,65.83,0
1806,527,2025-06-07 20:57:00,10.168,97.1,0
1807,596,2025-05-23 09:54:00,19.499,65.88,0
1808,516,2025-06-24 23:56:00,13.966,16.46,0
1809,188,2025-04-07 08:59:00,11.516,32.08,0
1810,325,2025-04-09 12:07:00,9.377,38.06,0
1811,43,2025-01-01 09:24:00,20.954,44.75,0
1812,141,2025-01-31 06:42:00,13.647,51.77,0
1813,642,2025-01-29 09:52:00,13.339,37.25,0
1814,493,2025-06-15 20:35:00,10.523,32.66,0
1815,692,2025-02-15 15:33:00,15.089,72.53,0
1816,553,2025-04-22 23:50:00,12.478,31.47,0
1817,192,2025-03-16 11:28:00,10.323,75.26,0
1818,650,2025-05-18 16:40:00,18.54,67.09,0
1819,550,2025-03-07 04:39:00,20.576,111.89,0
1820,153,2025-06-18 19:20:00,12.932,41.66,0
1821,3,2025-04-03 14:14:00,12.011,111.09,0
1822,611,2025-02-13 21:28:00,13.227,27.46,0
1823,576,2025-03-16 03:57:00,20.948,46.15,0
1824,71,2025-03-07 16:54:00,16.17,64.54,0
1825,371,2025-05-11 16:36:00,10.323,15.59,0
1826,731,2025-02-28 07:18:00,16.855,25.56,0
1827,633,2025-01-10 09:38:00,13.618,20.51,0
1828,653,2025-05-22 02:23:00,8.244,33.42,0
1829,314,2025-06-29 01:13:00,21.579,22.86,0
1830,96,2025-02-15 03:53:00,9.609,38.11,0
1831,280,2025-06-01 18:00:00,13.789,32.88,0
1832,549,2025-01-08 02:11:00,17.207,27.99,0
1833,672,2025-03-02 07:03:00,16.204,39.49,0
1834,515,2025-01-03 02:43:00,8.059,20.28,0
1835,30,2025-03-13 10:11:00,16.51,17.56,0
1836,553,2025-04-20 16:09:00,18.182,13.47,1
1837,149,2025-06-23 11:12:00,19.891,8.37,0
1838,487,2025-06-01 07:57:00,10.575,20.32,0
1839,329,2025-06-18 10:40:00,8.515,53.86,0
1840,426,2025-04-28 10:10:00,21.221,29.88,0
1841,477,2025-03-12 18:30:00,17.526,35.34,0
1842,510,2025-06-13 04:11:00,14.369,25.32,0
1843,4,2025-01-11 17:32:00,18.151,164.21,0
1844,772,2025-05-27 16:59:00,10.199,39.96,0
1845,460,2025-06-27 20:00:00,21.418,22.21,0
1846,405,2025-01-04 23:43:00,17.159,15.03,0
1847,302,2025-04-28 16:12:00,20.277,137.81,0
1848,83,2025-06-07 15:38:00,15.794,11.4,0
1849,504,2025-05-05 17:46:00,19.211,18.53,0
1850,290,2025-06-25 15:09:00,12.587,18.54,0
1851,725,2025-02-19 10:15:00,9.863,34.04,0
1852,526,2025-04-25 23:01:00,12.953,46.5,0
1853,352,2025-05-28 08:48:00,20.557,36.97,0
1854,25,2025-01-13 12:32:00,17.773,26.14,0
1855,443,2025-04-11 08:19:00,14.387,11.45,0
1856,676,2025-06-22 20:43:00,11.293,154.57,0
1857,370,2025-03-26 15:26:00,16.373,43.26,0
1858,520,2025-05-27 21:05:00,16.301,55.12,0
1859,94,2025-05-14 09:59:00,15.433,20.38,0
1860,325,2025-02-18 12:38:00,18.329,27.6,0
1861,634,2025-03-08 22:36:00,11.399,89.45,0
1862,338,2025-03-30 07:27:00,15.154,6.0,0
1863,708,2025-03-19 07:01:00,12.318,64.47,0
1864,327,2025-04-18 03:41:00,10.878,28.72,0
1865,649,2025-04-28 10:03:00,12.659,48.82,0
1866,515,2025-03-16 08:53:00,19.241,132.59,0
1867,758,2025-04-26 03:00:00,9.594,23.88,0
1868,426,2025-04-29 15:36:00,11.857,4.03,0
1869,374,2025-06-24 19:31:00,15.462,14.62,0
1870,282,2025-05-27 22:01:00,13.614,35.36,0
1871,521,2025-04-12 07:31:00,19.587,130.93,0
1872,784,2025-02-01 20:05:00,18.909,25.66,0
1873,134,2025-02-27 18:39:00,17.491,120.76,0
1874,749,2025-03-01 15:56:00,11.955,5.45,0
1875,781,2025-02-21 17:44:00,8.297,23.39,0
1876,615,2025-06-20 07:48:00,12.395,80.29,0
1877,464,2025-04-07 02:57:00,16.413,74.47,0
1878,690,2025-06-28 01:56:00,9.42,7.33,0
1879,209,2025-01-22 12:29:00,19.53,17.87,0
1880,507,2025-05-09 07:45:00,21.812,31.33,0
1881,644,2025-04-16 20:35:00,18.326,20.57,0
1882,644,2025-05-18 07:32:00,13.805,89.19,0
1883,469,2025-03-12 05:54:00,19.161,35.36,0
1884,308,2025-04-04 11:23:00,11.816,11.02,0
1885,759,2025-03-05 08:37:00,21.358,50.6,0
1886,538,2025-05-06 10:37:00,13.133,52.79,0
1887,615,2025-02-04 15:30:00,17.659,13.96,0
1888,498,2025-04-29 19:12:00,8.265,17.16,0
1889,701,2025-03-31 04:11:00,16.83,19.81,0
1890,382,2025-05-24 12:09:00,12.144,104.44,0
1891,437,2025-01-07 18:34:00,9.43,32.61,0
1892,643,2025-02-02 19:30:00,14.07,5.98,0
1893,413,2025-04-20 07:02:00,9.482,13.36,0
1894,195,2025-03-09 06:50:00,10.591,62.06,0
1895,605,2025-02-21 09:34:00,20.532,25.25,0
1896,300,2025-06-17 22:16:00,8.888,13.11,0
1897,84,2025-06-12 21:54:00,16.75,25.86,0
1898,298,2025-01-17 12:53:00,8.844,76.74,0
1899,43,2025-04-05 17:53:00,18.053,199.59,0
1900,702,2025-05-01 00:57:00,21.69,33.41,0
1901,786,2025-05-21 12:08:00,14.013,51.78,0
1902,213,2025-02-06 11:15:00,21.554,32.3,0
1903,733,2025-06-03 05:08:00,16.981,41.7,0
1904,569,2025-04-28 23:16:00,16.337,16.7,0
1905,764,2025-06-08 05:12:00,10.396,111.2,0
1906,130,2025-05-03 11:29:00,21.333,24.26,0
1907,49,2025-06-06 17:07:00,20.062,14.52,0
1908,736,2025-01-06 08:38:00,9.845,18.92,0
1909,215,2025-02-10 14:01:00,8.401,59.58,0
1910,477,2025-04-06 18:49:00,0.242,20.01,1
1911,721,2025-02-24 14:19:00,10.232,117.77,0
1912,274,2025-02-05 15:02:00,12.706,58.38,0
1913,71,2025-05-08 10:17:00,21.418,69.73,0
1914,633,2025-06-28 17:26:00,20.067,25.04,0
1915,361,2025-04-07 18:30:00,14.162,21.29,0
1916,18,2025-04-20 12:31:00,11.862,35.93,0
1917,273,2025-04-20 16:18:00,16.089,13.54,0
1918,424,2025-03-17 01:25:00,21.125,51.07,0
1919,703,2025-05-02 23:47:00,19.069,72.9,0
1920,180,2025-05-26 04:30:00,20.149,20.12,0
1921,414,2025-01-21 13:34:00,18.656,60.77,0
1922,145,2025-02-19 13:44:00,15.051,42.91,0
1923,232,2025-01-31 07:05:00,9.981,85.49,0
1924,211,2025-05-23 15:24:00,19.461,130.35,0
1925,419,2025-04-25 19:27:00,17.114,65.41,0
1926,530,2025-05-01 21:33:00,18.817,33.46,0
1927,89,2025-04-23 13:36:00,18.276,91.83,0
1928,60,2025-04-06 19:45:00,11.446,732.82,1
1929,584,2025-05-28 03:18:00,11.999,28.3,0
1930,235,2025-01-29 07:07:00,19.989,21.49,0
1931,494,2025-05-05 21:08:00,13.702,37.85,0
1932,61,2025-05-31 04:37:00,10.488,78.22,0
1933,480,2025-02-07 09:09:00,16.998,15.34,0
1934,727,2025-05-08 17:14:00,12.176,12.98,0
1935,350,2025-01-13 14:42:00,16.997,13.19,0
1936,462,2025-01-30 10:11:00,16.261,79.27,0
1937,235,2025-03-12 09:13:00,17.284,48.13,0
1938,228,2025-06-29 23:12:00,21.908,113.86,0
1939,52,2025-03-08 19:53:00,11.882,23.11,0
1940,383,2025-03-19 04:44:00,21.659,13.16,0
1941,757,2025-05-19 03:14:00,18.688,121.62,0
1942,92,2025-05-24 16:41:00,19.976,19.43,0
1943,333,2025-05-01 20:48:00,19.235,60.1,0
1944,669,2025-01-06 10:51:00,8.321,12.04,0
1945,396,2025-06-06 23:54:00,15.052,40.45,0
1946,608,2025-02-16 23:15:00,9.481,30.72,0
1947,300,2025-04-01 18:24:00,17.429,11.2,0
1948,482,2025-05-12 17:07:00,2.145,159.0,1
1949,790,2025-02-21 23:10:00,8.465,17.2,0
1950,478,2025-05-04 09:35:00,20.694,16.56,0
1951,553,2025-04-01 18:21:00,20.839,20.74,1
1952,554,2025-01-29 03:00:00,16.733,6.12,0
1953,76,2025-02-08 18:58:00,14.439,26.94,0
1954,128,2025-05-18 07:25:00,19.599,20.74,0
1955,486,2025-01-11 21:29:00,21.499,77.42,0
1956,278,2025-03-10 16:46:00,8.76,45.06,0
1957,387,2025-03-31 22:37:00,9.449,12.69,0
1958,386,2025-03-11 02:51:00,20.671,20.75,0
1959,634,2025-03-16 10:46:00,9.392,196.36,0
1960,792,2025-06-24 22:27:00,17.998,16.88,0
1961,797,2025-01-06 19:13:00,15.749,67.64,0
1962,63,2025-06-26 16:20:00,15.303,20.31,0
1963,595,2025-05-10 19:54:00,9.367,15.69,0
1964,580,2025-06-15 05:06:00,18.202,22.69,0
1965,691,2025-04-26 23:35:00,16.428,113.48,0
1966,341,2025-06-19 21:29:00,21.004,10.82,0
1967,402,2025-01-14 06:49:00,14.734,59.18,0
1968,361,2025-05-10 07:32:00,20.774,92.84,0
1969,298,2025-05-08 19:18:00,10.575,22.51,0
1970,197,2025-06-17 17:20:00,10.854,77.71,0
1971,514,2025-01-15 21:47:00,21.286,68.61,0
1972,13,2025-04-02 11:22:00,9.391,18.36,0
1973,599,2025-04-04 04:16:00,11.312,16.37,0
1974,673,2025-01-17 23:39:00,9.979,30.94,0
1975,182,2025-04-23 00:06:00,17.936,38.16,0
1976,170,2025-03-28 13:07:00,18.923,26.04,0
1977,402,2025-03-31 19:37:00,20.621,55.0,0
1978,677,2025-05-03 19:33:00,10.055,18.85,0
1979,91,2025-05-15 12:47:00,12.504,16.88,0
1980,345,2025-04-30 05:10:00,12.441,35.11,0
1981,173,2025-03-11 09:38:00,21.629,42.02,0
1982,681,2025-06-23 10:33:00,16.161,99.97,0
1983,705,2025-02-08 07:58:00,12.725,50.34,0
1984,67,2025-03-03 04:21:00,12.182,61.74,0
1985,115,2025-03-29 13:16:00,12.466,26.56,0
1986,125,2025-02-26 06:14:00,17.971,26.7,0
1987,649,2025-03-03 14:27:00,15.69,21.05,0
1988,720,2025-06-16 20:54:00,16.731,40.51,0
1989,298,2025-01-28 05:30:00,14.587,39.32,0
1990,126,2025-04-03 02:42:00,8.368,37.82,0
1991,530,2025-03-26 19:04:00,17.62,29.76,0
1992,712,2025-01-16 15:15:00,18.138,33.83,0
1993,728,2025-02-06 06:10:00,10.523,131.74,0
1994,356,2025-02-19 01:40:00,17.091,43.59,0
1995,624,2025-03-26 15:40:00,20.286,55.82,0
1996,764,2025-03-16 22:34:00,16.439,50.93,0
1997,660,2025-04-17 15:43:00,17.36,30.45,0
1998,379,2025-03-09 18:52:00,17.81,53.78,0
1999,208,2025-05-21 19:05:00,12.541,35.59,0
2000,297,2025-03-08 00:26:00,10.16,12.87,0
2001,289,2025-06-03 13:40:00,14.617,22.0,0
2002,790,2025-06-29 23:40:00,11.245,172.46,0
2003,586,2025-05-01 06:27:00,17.618,89.02,0
2004,686,2025-01-19 08:03:00,18.009,27.56,0
2005,621,2025-06-10 20:06:00,8.115,60.06,0
2006,381,2025-05-27 23:57:00,21.359,41.69,0
2007,632,2025-04-11 09:38:00,20.95,141.11,0
2008,511,2025-03-03 04:35:00,9.847,31.55,0
2009,592,2025-05-08 21:04:00,14.689,41.88,0
2010,240,2025-04-21 19:16:00,10.926,18.5,0
2011,185,2025-05-19 15:57:00,21.495,31.43,0
2012,144,2025-04-27 03:44:00,15.924,3.91,0
2013,231,2025-05-29 11:20:00,17.802,43.08,0
2014,782,2025-06-24 02:59:00,21.69,78.11,0
2015,753,2025-05-16 07:59:00,17.422,135.52,0
2016,117,2025-02-27 05:23:00,20.191,51.43,0
2017,443,2025-06-12 10:25:00,11.368,26.13,0
2018,752,2025-05-29 19:35:00,11.211,18.14,0
2019,603,2025-03-27 02:43:00,14.177,23.93,0
2020,489,2025-01-11 18:32:00,20.341,9.74,0
2021,479,2025-06-21 15:02:00,8.548,28.61,0
2022,260,2025-04-08 07:04:00,14.179,210.33,1
2023,739,2025-03-14 01:14:00,19.549,21.71,0
2024,66,2025-04-20 06:40:00,10.484,29.72,0
2025,695,2025-01-13 15:13:00,16.62,45.55,0
2026,696,2025-05-29 15:06:00,8.979,9.34,0
2027,209,2025-02-02 18:44:00,8.145,26.6,0
2028,409,2025-02-16 09:03:00,12.465,60.59,0
2029,707,2025-04-11 11:42:00,19.279,107.25,0
2030,379,2025-04-30 13:49:00,8.579,32.98,0
2031,240,2025-01-03 15:01:00,13.107,202.98,0
2032,56,2025-04-15 13:56:00,18.201,61.29,0
2033,352,2025-01-29 07:56:00,13.168,36.77,0
2034,222,2025-06-21 17:41:00,14.703,94.64,0
2035,680,2025-03-09 08:00:00,15.005,23.33,0
2036,688,2025-03-30 06:39:00,20.712,15.14,0
2037,259,2025-04-23 08:57:00,20.262,73.59,0
2038,168,2025-01-29 05:04:00,8.891,53.51,0
2039,232,2025-01-30 19:10:00,17.691,80.7,0
2040,321,2025-06-22 15:06:00,15.601,79.22,0
2041,534,2025-04-14 11:24:00,12.963,174.79,0
2042,121,2025-02-10 19:55:00,14.896,10.96,0
2043,799,2025-04-30 08:47:00,20.317,26.36,0
2044,560,2025-06-10 17:27:00,18.823,27.8,0
2045,104,2025-05-18 11:00:00,15.953,89.01,0
2046,251,2025-03-14 00:58:00,10.458,47.16,0
2047,560,2025-04-29 21:16:00,16.661,89.28,0
2048,403,2025-06-11 05:06:00,14.972,43.9,0
2049,421,2025-02-15 00:21:00,14.256,34.49,0
2050,33,2025-05-23 06:11:00,21.214,60.34,0
2051,328,2025-06-29 12:35:00,2.35,43.14,1
2052,491,2025-03-04 03:09:00,21.319,47.81,0
2053,599,2025-06-09 21:14:00,18.344,58.96,0
2054,357,2025-01-04 23:44:00,16.384,49.52,0
2055,443,2025-03-09 05:36:00,12.472,76.83,0
2056,177,2025-02-19 18:24:00,21.261,36.48,0
2057,638,2025-01-06 06:05:00,14.379,40.09,0
2058,558,2025-04-19 11:45:00,10.823,15.72,0
2059,595,2025-04-06 04:01:00,9.55,76.85,0
2060,534,2025-03-10 06:23:00,19.701,137.61,0
2061,788,2025-06-05 17:37:00,12.594,8.28,0
2062,703,2025-02-14 16:24:00,18.727,58.45,0
2063,648,2025-05-28 22:47:00,16.783,31.14,0
2064,268,2025-04-25 10:38:00,11.969,30.2,0
2065,53,2025-06-11 13:26:00,19.909,57.83,0
2066,0,2025-01-02 06:06:00,19.828,34.18,0
2067,623,2025-06-24 12:18:00,10.406,47.91,0
2068,719,2025-01-01 09:47:00,9.704,26.25,0
2069,519,2025-05-09 08:16:00,16.407,116.65,0
2070,576,2025-05-16 10:56:00,11.268,29.05,0
2071,71,2025-01-30 05:33:00,12.651,19.04,0
2072,452,2025-01-07 08:13:00,21.114,46.2,0
2073,484,2025-01-07 13:18:00,10.458,17.95,0
2074,125,2025-01-24 07:19:00,14.587,42.23,0
2075,600,2025-01-28 06:04:00,12.129,130.71,0
2076,268,2025-06-24 02:14:00,12.871,33.77,0
2077,157,2025-02-06 04:45:00,13.181,11.84,0
2078,556,2025-05-25 22:45:00,11.64,25.11,0
2079,347,2025-01-12 01:12:00,18.689,67.04,0
2080,428,2025-04-28 18:48:00,19.366,38.12,0
2081,433,2025-03-23 14:54:00,15.553,61.34,0
2082,498,2025-04-08 06:19:00,20.59,21.1,0
2083,330,2025-05-22 02:21:00,9.913,25.17,0
2084,651,2025-02-07 18:18:00,15.092,58.11,0
2085,700,2025-01-01 18:22:00,19.598,126.98,0
2086,387,2025-02-09 18:13:00,16.693,25.68,0
2087,135,2025-05-25 15:39:00,21.79,36.06,0
2088,223,2025-04-17 10:52:00,16.34,84.38,0
2089,617,2025-06-16 13:19:00,21.44,38.87,0
2090,205,2025-05-31 04:46:00,9.382,58.3,0
2091,622,2025-01-28 08:34:00,8.597,19.36,0
2092,529,2025-01-11 09:40:00,12.991,35.1,0
2093,358,2025-01-04 20:12:00,19.779,21.29,0
2094,101,2025-02-04 00:54:00,8.707,9.09,0
2095,431,2025-03-28 06:51:00,11.532,17.25,0
2096,554,2025-01-03 23:10:00,21.79,50.09,0
2097,122,2025-06-06 08:03:00,16.974,54.42,0
2098,659,2025-03-28 02:55:00,13.504,64.73,0
2099,156,2025-05-13 15:06:00,9.09,52.59,0
2100,330,2025-06-07 02:30:00,18.573,29.3,0
2101,425,2025-01-07 05:54:00,20.954,8.08,0
2102,591,2025-03-20 02:19:00,18.382,14.01,0
2103,179,2025-05-02 04:30:00,9.63,84.7,0
2104,268,2025-06-29 10:02:00,15.446,17.84,0
2105,645,2025-05-28 04:39:00,13.639,32.97,0
2106,263,2025-02-09 01:12:00,20.657,36.8,0
2107,492,2025-02-18 18:56:00,18.672,11.56,0
2108,318,2025-05-24 21:26:00,19.228,45.66,0
2109,45,2025-04-28 14:44:00,13.792,118.82,0
2110,411,2025-02-14 22:26:00,8.348,34.48,0
2111,286,2025-03-30 21:51:00,18.632,28.22,0
2112,211,2025-06-17 05:00:00,16.866,13.85,0
2113,686,2025-02-07 00:19:00,9.981,28.11,0
2114,619,2025-03-01 08:33:00,3.107,53.97,1
2115,221,2025-06-12 06:31:00,10.09,34.82,0
2116,419,2025-05-02 02:51:00,18.356,24.62,0
2117,575,2025-02-10 03:23:00,17.991,78.26,0
2118,42,2025-02-21 15:51:00,8.105,28.39,0
2119,75,2025-06-01 06:51:00,18.847,24.86,0
2120,431,2025-02-20 10:47:00,13.707,39.19,0
2121,744,2025-05-07 07:09:00,15.092,99.58,0
2122,741,2025-03-31 05:44:00,21.506,30.93,0
2123,359,2025-02-09 18:19:00,20.878,17.23,0
2124,563,2025-03-08 06:39:00,13.357,54.16,0
2125,393,2025-05-09 00:54:00,17.934,26.84,0
2126,723,2025-05-25 09:07:00,15.183,54.56,0
2127,455,2025-01-05 16:20:00,19.511,6.8,0
2128,713,2025-06-13 00:11:00,12.475,36.05,0
2129,290,2025-02-12 12:41:00,14.593,28.69,0
2130,744,2025-04-27 18:44:00,9.574,16.24,0
2131,580,2025-02-21 08:56:00,20.974,13.26,0
2132,614,2025-02-18 04:24:00,20.61,27.97,0
2133,11,2025-06-10 01:18:00,11.865,14.88,0
2134,645,2025-05-07 04:08:00,16.162,3.26,0
2135,129,2025-06-14 18:28:00,13.297,13.67,0
2136,748,2025-01-04 18:07:00,10.181,13.2,0
2137,151,2025-02-18 18:41:00,8.63,35.83,0
2138,660,2025-01-09 17:56:00,19.52,13.52,0
2139,508,2025-03-27 10:31:00,12.048,34.98,0
2140,314,2025-03-25 02:27:00,15.216,16.33,0
2141,712,2025-06-26 16:36:00,20.638,65.45,0
2142,310,2025-02-11 13:45:00,8.278,47.23,0
2143,50,2025-04-30 21:01:00,15.664,27.53,0
2144,60,2025-06-28 23:29:00,21.377,39.27,0
2145,681,2025-01-13 13:09:00,19.33,55.43,0
2146,307,2025-03-22 03:16:00,11.07,36.75,0
2147,655,2025-03-12 10:59:00,10.812,39.18,0
2148,16,2025-01-05 17:31:00,18.675,6.48,0
2149,61,2025-03-17 20:36:00,9.116,23.12,0
2150,790,2025-02-15 15:26:00,16.391,18.77,0
2151,114,2025-02-25 03:38:00,11.277,81.13,0
2152,550,2025-02-08 06:36:00,19.75,25.61,0
2153,280,2025-04-04 14:01:00,13.312,20.4,0
2154,400,2025-03-13 17:16:00,13.81,55.71,0
2155,91,2025-05-13 11:36:00,19.122,10.38,0
2156,213,2025-03-05 14:49:00,9.233,32.67,0
2157,606,2025-05-05 11:16:00,16.413,7.2,0
2158,428,2025-04-05 22:26:00,21.477,19.67,0
2159,403,2025-03-05 06:41:00,17.105,24.17,0
2160,755,2025-05-29 05:33:00,9.145,112.28,0
2161,328,2025-05-13 14:17:00,20.719,31.07,0
2162,642,2025-04-05 15:58:00,9.805,17.17,0
2163,579,2025-04-07 03:11:00,13.164,31.46,0
2164,368,2025-05-18 11:20:00,10.544,110.81,0
2165,234,2025-05-19 12:17:00,18.106,6.76,0
2166,283,2025-05-09 05:03:00,11.708,64.94,0
2167,697,2025-01-21 12:00:00,11.656,47.41,0
2168,244,2025-02-11 09:43:00,13.79,31.88,0
2169,523,2025-03-14 20:33:00,12.005,27.3,0
2170,99,2025-04-14 13:20:00,18.984,110.5,0
2171,277,2025-03-13 00:53:00,15.374,62.18,0
2172,747,2025-05-30 03:47:00,15.783,15.26,0
2173,431,2025-03-05 07:47:00,10.263,35.63,0
2174,657,2025-04-08 22:40:00,20.789,94.78,0
2175,207,2025-05-06 15:30:00,12.884,53.82,0
2176,608,2025-03-09 22:47:00,13.283,43.17,0
2177,787,2025-04-11 06:47:00,11.393,12.34,0
2178,740,2025-05-11 19:37:00,21.443,222.75,0
2179,348,2025-03-11 11:03:00,16.499,62.33,0
2180,545,2025-06-24 18:08:00,8.853,145.78,0
2181,717,2025-04-07 12:49:00,10.697,44.54,0
2182,650,2025-05-22 13:34:00,14.726,34.49,0
2183,782,2025-05-07 18:58:00,10.63,20.9,0
2184,25,2025-05-27 13:46:00,16.47,76.37,0
2185,428,2025-05-02 12:33:00,12.311,115.98,0
2186,633,2025-04-07 23:29:00,12.895,80.51,0
2187,583,2025-05-17 22:06:00,19.013,212.7,0
2188,122,2025-03-25 23:38:00,15.341,38.87,0
2189,457,2025-06-03 06:22:00,9.582,21.3,0
2190,132,2025-04-01 07:37:00,13.207,43.0,0
2191,73,2025-05-14 02:10:00,20.549,66.59,0
2192,89,2025-02-07 04:54:00,19.846,28.36,0
2193,761,2025-02-02 10:12:00,18.638,33.8,0
2194,217,2025-04-12 15:55:00,19.809,41.53,0
2195,365,2025-06-02 09:13:00,9.281,51.95,0
2196,205,2025-05-13 02:39:00,9.71,38.99,0
2197,715,2025-03-01 18:20:00,8.261,41.43,0
2198,711,2025-06-04 01:40:00,9.75,58.21,0
2199,524,2025-04-30 21:00:00,19.53,64.73,0
2200,662,2025-04-11 03:39:00,8.531,23.56,0
2201,84,2025-06-28 08:59:00,14.513,8.06,0
2202,799,2025-05-21 05:58:00,11.46,15.25,0
2203,333,2025-02-23 00:51:00,19.655,50.61,0
2204,320,2025-01-12 16:52:00,19.24,19.51,0
2205,156,2025-02-18 15:18:00,18.724,43.28,0
2206,701,2025-02-01 19:15:00,13.296,33.43,0
2207,135,2025-02-02 18:56:00,20.958,36.93,0
2208,686,2025-04-05 01:48:00,20.542,51.85,0
2209,572,2025-06-27 03:13:00,17.111,90.68,0
2210,617,2025-04-27 19:51:00,16.576,34.54,0
2211,24,2025-03-18 20:21:00,12.717,15.21,0
2212,590,2025-02-14 16:16:00,18.302,44.89,0
2213,772,2025-05-22 02:17:00,21.139,61.91,0
2214,315,2025-04-09 18:16:00,12.427,5.77,0
2215,359,2025-01-09 20:42:00,12.003,19.64,0
2216,89,2025-03-25 21:34:00,11.69,35.83,0
2217,391,2025-02-02 11:25:00,21.764,23.83,0
2218,538,2025-03-31 15:22:00,15.564,38.97,0
2219,239,2025-01-12 08:57:00,21.546,21.24,0
2220,593,2025-02-08 10:20:00,16.643,74.07,0
2221,68,2025-05-27 19:32:00,12.108,36.47,0
2222,539,2025-01-31 10:06:00,16.21,8.29,0
2223,470,2025-01-20 04:18:00,10.176,62.83,0
2224,183,2025-02-09 18:08:00,14.273,66.11,0
2225,275,2025-06-16 04:03:00,14.2,33.97,0
2226,191,2025-06-20 15:34:00,16.072,8.04,0
2227,499,2025-04-30 11:25:00,13.421,72.02,0
2228,509,2025-05-21 11:43:00,14.372,15.45,0
2229,444,2025-06-13 17:12:00,20.266,26.21,0
2230,155,2025-02-23 06:10:00,10.525,22.11,0
2231,173,2025-03-15 14:16:00,20.917,11.06,0
2232,648,2025-01-06 00:12:00,15.54,35.17,0
2233,369,2025-04-05 14:50:00,16.804,41.16,0
2234,348,2025-06-16 15:34:00,9.46,38.32,0
2235,246,2025-01-05 23:06:00,10.034,29.6,0
2236,744,2025-05-09 01:38:00,18.256,19.29,0
2237,191,2025-03-25 20:42:00,20.609,113.37,0
2238,615,2025-06-23 16:53:00,15.264,40.59,0
2239,615,2025-04-17 07:53:00,10.345,16.56,0
2240,194,2025-03-14 22:49:00,19.157,49.78,0
2241,9,2025-01-19 02:32:00,20.845,46.85,0
2242,199,2025-04-11 23:00:00,17.382,57.26,0
2243,215,2025-06-26 14:56:00,10.56,34.11,0
2244,595,2025-01-03 07:33:00,13.775,21.27,0
2245,424,2025-01-01 18:58:00,21.158,11.7,0
2246,344,2025-06-10 06:12:00,10.682,22.9,0
2247,380,2025-02-18 03:23:00,10.391,9.3,0
2248,762,2025-04-20 09:44:00,17.825,44.52,0
2249,752,2025-04-21 19:29:00,15.603,9.68,0
2250,20,2025-03-28 09:53:00,10.866,26.34,0
2251,674,2025-03-31 13:47:00,16.631,62.71,0
2252,288,2025-05-04 20:08:00,21.113,28.84,0
2253,601,2025-02-13 01:20:00,19.973,33.38,0
2254,787,2025-02-02 08:21:00,8.091,49.91,0
2255,411,2025-06-27 14:46:00,20.275,52.77,0
2256,499,2025-01-02 13:24:00,16.777,80.29,0
2257,343,2025-02-03 23:57:00,11.74,54.93,0
2258,59,2025-05-12 07:06:00,9.308,46.6,0
2259,29,2025-04-13 07:16:00,21.597,7.29,0
2260,288,2025-02-27 23:57:00,8.407,42.46,0
2261,657,2025-01-21 20:37:00,10.585,131.92,0
2262,273,2025-03-08 00:59:00,17.397,58.75,0
2263,344,2025-01-11 02:31:00,18.611,76.03,0
2264,424,2025-04-10 15:33:00,11.733,20.41,0
2265,256,2025-03-29 19:36:00,18.319,33.12,0
2266,391,2025-06-15 13:24:00,18.712,54.98,0
2267,485,2025-05-25 20:18:00,19.238,49.89,0
2268,680,2025-03-26 13:27:00,18.555,65.85,0
2269,603,2025-04-06 15:16:00,8.457,14.12,0
2270,654,2025-05-05 01:52:00,20.492,18.56,0
2271,418,2025-02-22 20:29:00,15.879,12.43,0
2272,558,2025-04-19 04:07:00,14.035,43.05,0
2273,119,2025-01-04 00:16:00,8.342,30.13,0
2274,118,2025-06-18 23:29:00,16.271,29.95,0
2275,737,2025-06-19 07:05:00,10.279,20.3,0
2276,483,2025-06-10 02:52:00,15.667,17.82,0
2277,90,2025-02-08 03:20:00,10.649,35.05,0
2278,326,2025-05-22 21:04:00,17.631,84.88,0
2279,775,2025-04-14 10:09:00,9.244,122.64,0
2280,16,2025-06-27 00:12:00,16.405,122.99,0
2281,353,2025-01-03 19:04:00,17.013,24.06,0
2282,669,2025-03-13 12:22:00,13.533,13.58,0
2283,757,2025-01-18 11:55:00,20.84,70.97,0
2284,294,2025-06-20 06:59:00,15.372,97.03,0
2285,731,2025-01-31 15:07:00,18.507,48.88,0
2286,572,2025-01-07 23:18:00,14.223,34.36,0
2287,325,2025-01-21 05:11:00,19.084,21.2,0
2288,623,2025-06-23 17:16:00,20.564,56.81,0
2289,640,2025-04-06 12:51:00,13.782,55.47,0
2290,220,2025-01-20 09:08:00,21.543,43.89,0
2291,71,2025-03-13 11:16:00,10.144,14.44,0
2292,624,2025-03-18 14:55:00,19.846,15.81,0
2293,66,2025-05-25 05:33:00,15.362,32.47,0
2294,622,2025-02-09 12:48:00,9.938,80.55,0
2295,284,2025-01-21 22:00:00,16.755,72.46,0
2296,562,2025-05-15 23:05:00,9.838,25.43,0
2297,487,2025-03-19 14:12:00,20.425,8.12,0
2298,30,2025-01-23 08:06:00,19.424,1529.95,1
2299,7,2025-03-19 02:02:00,17.16,94.45,0
2300,503,2025-03-18 16:45:00,11.262,38.65,0
2301,412,2025-02-11 13:06:00,21.479,24.81,0
2302,34,2025-02-06 02:26:00,19.944,27.37,0
2303,780,2025-01-18 06:33:00,18.013,73.72,0
2304,190,2025-06-01 06:46:00,13.115,53.78,0
2305,686,2025-01-02 22:03:00,14.778,24.85,0
2306,93,2025-04-02 10:47:00,12.733,203.7,0
2307,185,2025-01-04 09:20:00,19.891,10.29,0
2308,423,2025-05-25 17:39:00,12.324,21.63,0
2309,422,2025-03-13 18:03:00,11.336,22.02,0
2310,482,2025-06-26 15:02:00,11.001,38.1,0
2311,137,2025-01-10 18:28:00,13.616,86.6,0
2312,211,2025-03-01 18:17:00,16.722,67.92,0
2313,210,2025-03-13 00:29:00,19.643,38.73,0
2314,352,2025-01-13 08:51:00,20.946,12.11,0
2315,738,2025-03-20 17:36:00,9.121,75.15,0
2316,369,2025-03-24 15:23:00,8.661,14.11,0
2317,798,2025-03-22 04:04:00,13.078,25.38,0
2318,201,2025-04-07 00:17:00,19.341,32.95,0
2319,194,2025-02-04 11:57:00,20.704,18.35,0
2320,80,2025-02-12 23:24:00,10.358,18.06,0
2321,169,2025-03-31 18:27:00,12.001,71.15,0
2322,249,2025-04-26 22:04:00,20.627,112.02,0
2323,307,2025-03-12 14:48:00,16.061,32.99,0
2324,570,2025-03-24 06:00:00,13.708,8.43,0
2325,356,2025-06-28 02:45:00,11.409,43.81,0
2326,548,2025-04-27 06:18:00,9.581,20.05,0
2327,71,2025-01-09 03:59:00,9.518,46.7,0
2328,757,2025-03-06 21:55:00,17.437,44.33,0
2329,118,2025-01-10 16:45:00,18.086,7.77,0
2330,26,2025-06-07 12:53:00,13.12,25.61,0
2331,339,2025-05-29 09:58:00,16.484,57.31,0
2332,521,2025-03-25 20:12:00,10.184,32.49,0
2333,188,2025-02-17 21:12:00,8.293,14.56,0
2334,130,2025-05-10 10:22:00,9.398,59.17,0
2335,675,2025-02-03 01:57:00,9.482,9.23,0
2336,659,2025-05-19 15:08:00,21.787,42.21,0
2337,601,2025-06-07 09:46:00,11.304,22.74,0
2338,176,2025-02-02 08:29:00,9.878,49.53,0
2339,429,2025-04-06 21:23:00,19.135,29.16,0
2340,551,2025-01-28 19:43:00,13.133,51.64,0
2341,346,2025-04-21 20:12:00,10.888,103.98,0
2342,143,2025-05-02 11:14:00,11.085,60.99,0
2343,664,2025-01-02 10:23:00,9.947,60.11,0
2344,750,2025-06-20 01:34:00,9.119,55.79,0
2345,132,2025-02-16 22:26:00,17.522,8.86,0
2346,562,2025-03-25 10:24:00,14.16,37.33,0
2347,709,2025-02-16 15:45:00,10.078,43.43,0
2348,432,2025-06-12 22:40:00,19.094,54.47,0
2349,39,2025-05-17 23:03:00,8.268,32.71,0
2350,552,2025-06-28 03:44:00,14.029,62.04,0
2351,738,2025-03-11 09:35:00,9.782,16.25,0
2352,209,2025-04-12 06:11:00,8.389,172.36,0
2353,111,2025-04-14 22:31:00,15.709,54.7,0
2354,202,2025-02-11 09:40:00,10.176,16.76,0
2355,649,2025-06-17 17:49:00,8.959,103.52,0
2356,445,2025-06-05 13:28:00,14.703,14.33,0
2357,14,2025-06-27 05:48:00,19.811,35.27,0
2358,470,2025-03-24 07:03:00,14.799,38.38,0
2359,652,2025-01-23 22:03:00,9.115,25.21,0
2360,148,2025-01-29 14:09:00,12.261,31.74,0
2361,467,2025-04-11 01:20:00,14.245,36.82,0
2362,183,2025-05-28 07:41:00,11.936,14.83,0
2363,15,2025-05-06 20:17:00,12.726,43.56,0
2364,320,2025-05-12 20:34:00,15.002,35.08,0
2365,619,2025-05-21 18:28:00,21.195,165.75,0
2366,535,2025-06-01 16:49:00,19.268,114.72,0
2367,81,2025-06-15 14:52:00,10.861,19.47,0
2368,148,2025-03-07 08:29:00,18.994,31.27,0
2369,431,2025-05-12 02:25:00,13.524,20.09,0
2370,256,2025-02-20 03:17:00,19.42,28.54,0
2371,265,2025-05-05 04:31:00,16.639,69.61,0
2372,348,2025-01-10 23:24:00,17.506,32.24,0
2373,607,2025-01-10 17:42:00,13.069,23.48,0
2374,460,2025-02-05 23:05:00,17.985,56.81,0
2375,682,2025-04-09 01:37:00,15.92,7.43,0
2376,81,2025-06-13 21:38:00,16.66,25.69,0
2377,371,2025-04-18 18:39:00,15.659,104.72,0
2378,440,2025-04-12 00:46:00,8.781,108.79,0
2379,606,2025-05-06 08:52:00,14.639,99.45,0
2380,412,2025-06-09 13:03:00,8.718,13.07,0
2381,733,2025-04-16 00:07:00,10.359,12.99,0
2382,670,2025-05-13 19:41:00,14.658,23.58,0
2383,551,2025-03-15 16:49:00,13.686,780.18,1
2384,318,2025-06-29 02:45:00,8.671,19.47,0
2385,257,2025-03-29 17:48:00,9.921,9.12,0
2386,426,2025-06-10 17:43:00,14.514,73.52,0
2387,370,2025-06-24 02:49:00,21.547,64.35,0
2388,23,2025-06-08 21:16:00,14.81,21.82,0
2389,183,2025-03-01 05:43:00,18.816,61.86,0
2390,668,2025-03-09 04:53:00,14.203,74.45,0
2391,366,2025-05-22 04:51:00,10.684,5.21,0
2392,759,2025-06-17 04:08:00,8.297,58.56,0
2393,196,2025-04-20 08:08:00,0.504,33.34,1
2394,774,2025-05-20 21:56:00,20.873,4.69,0
2395,645,2025-03-21 21:20:00,12.548,79.03,0
2396,286,2025-06-04 06:30:00,13.159,37.3,0
2397,487,2025-03-16 13:51:00,17.698,9.76,0
2398,790,2025-04-22 22:38:00,18.317,48.1,0
2399,506,2025-04-07 16:49:00,16.517,40.45,0
2400,745,2025-05-31 13:00:00,12.735,53.95,0
2401,88,2025-05-24 23:06:00,21.234,7.45,0
2402,130,2025-06-01 01:35:00,12.935,27.52,0
2403,1,2025-01-22 23:41:00,12.088,15.97,0
2404,260,2025-02-14 04:51:00,19.804,30.72,0
2405,631,2025-06-13 22:02:00,21.093,9.0,0
2406,771,2025-01-24 10:50:00,21.392,14.32,0
2407,433,2025-05-20 08:18:00,15.465,119.94,0
2408,338,2025-04-25 04:13:00,20.173,88.64,0
2409,745,2025-03-04 19:48:00,10.572,76.15,0
2410,470,2025-01-07 19:54:00,20.446,113.51,0
2411,429,2025-01-02 19:59:00,18.615,7.84,0
2412,67,2025-06-10 14:37:00,13.589,33.45,0
2413,171,2025-01-19 22:34:00,11.433,42.54,0
2414,558,2025-05-15 01:59:00,18.635,25.67,0
2415,558,2025-01-26 23:47:00,14.028,7.9,0
2416,396,2025-03-13 10:46:00,21.701,70.97,0
2417,560,2025-01-19 15:27:00,19.964,57.38,0
2418,553,2025-04-25 15:49:00,19.066,21.3,0
2419,52,2025-01-19 12:00:00,12.673,68.84,0
2420,667,2025-04-23 17:30:00,17.963,38.66,0
2421,554,2025-06-22 19:49:00,18.583,58.11,0
2422,175,2025-05-14 13:04:00,13.732,16.84,0
2423,170,2025-04-29 12:32:00,9.324,42.36,0
2424,766,2025-06-13 02:28:00,18.294,42.72,0
2425,203,2025-05-28 17:09:00,12.123,29.08,0
2426,25,2025-05-12 22:25:00,9.859,4.12,0
2427,25,2025-04-12 07:21:00,8.598,40.16,0
2428,182,2025-03-12 04:57:00,12.582,42.4,0
2429,501,2025-04-22 12:10:00,15.139,16.43,0
2430,365,2025-01-20 04:26:00,8.538,55.32,0
2431,585,2025-06-08 13:54:00,15.888,42.57,0
2432,185,2025-06-09 07:34:00,20.535,48.57,0
2433,184,2025-02-17 03:42:00,16.371,25.88,0
2434,323,2025-05-17 06:26:00,15.344,8.92,0
2435,634,2025-05-06 00:20:00,11.252,9.08,0
2436,402,2025-06-03 16:58:00,14.149,60.66,0
2437,609,2025-06-11 21:00:00,16.408,14.59,0
2438,74,2025-05-14 20:31:00,20.111,18.48,0
2439,327,2025-06-18 12:46:00,20.346,68.51,0
2440,349,2025-02-28 12:27:00,14.327,6.34,0
2441,54,2025-03-21 22:17:00,10.571,9.68,0
2442,251,2025-01-27 19:43:00,17.903,65.8,0
2443,224,2025-06-04 04:59:00,21.308,37.44,0
2444,364,2025-02-19 22:28:00,21.411,7.1,0
2445,132,2025-04-01 16:40:00,21.939,24.62,0
2446,215,2025-01-30 07:05:00,11.531,40.29,0
2447,767,2025-02-16 10:04:00,19.717,14.5,0
2448,114,2025-05-02 12:10:00,8.724,11.01,0
2449,654,2025-02-15 04:08:00,8.211,9.07,0
2450,434,2025-04-03 19:02:00,17.433,68.88,0
2451,62,2025-03-23 07:37:00,9.678,80.64,0
2452,320,2025-04-21 15:45:00,13.437,64.01,0
2453,410,2025-02-16 10:04:00,8.174,93.8,0
2454,221,2025-03-29 06:16:00,9.215,97.48,0
2455,213,2025-01-06 09:30:00,10.921,10.41,0
2456,569,2025-04-04 06:57:00,15.763,77.97,0
2457,25,2025-01-19 23:57:00,12.647,38.29,0
2458,742,2025-05-12 02:27:00,15.894,159.97,0
2459,257,2025-06-02 20:37:00,17.086,525.36,0
2460,305,2025-03-14 06:37:00,8.047,29.93,0
2461,102,2025-06-08 20:26:00,19.868,27.42,0
2462,704,2025-03-12 15:07:00,8.808,25.75,0
2463,178,2025-06-07 03:32:00,20.223,37.07,0
2464,642,2025-04-04 13:25:00,21.665,42.14,0
2465,261,2025-04-10 16:02:00,20.649,288.82,0
2466,25,2025-03-15 13:06:00,15.59,39.25,0
2467,327,2025-06-18 08:08:00,18.775,24.82,0
2468,418,2025-05-08 03:23:00,10.418,35.37,0
2469,374,2025-03-31 20:04:00,21.119,18.09,0
2470,789,2025-05-24 05:10:00,8.327,9.14,0
2471,416,2025-03-25 06:11:00,15.721,31.09,0
2472,623,2025-06-07 17:47:00,14.457,226.35,0
2473,296,2025-03-27 09:19:00,19.157,71.24,0
2474,115,2025-05-26 19:08:00,18.43,23.85,0
2475,398,2025-02-15 17:45:00,12.623,46.34,0
2476,447,2025-04-12 22:39:00,10.289,261.57,0
2477,334,2025-04-21 10:20:00,19.12,41.04,0
2478,613,2025-04-05 22:18:00,21.685,17.17,0
2479,771,2025-03-22 19:28:00,9.37,36.97,0
2480,64,2025-01-01 05:44:00,18.26,58.49,0
2481,54,2025-06-25 10:31:00,15.22,48.85,0
2482,219,2025-02-08 20:29:00,12.368,111.89,0
2483,468,2025-01-31 22:57:00,8.202,37.91,0
2484,33,2025-05-27 00:25:00,18.137,5.37,0
2485,154,2025-01-14 19:21:00,9.848,51.05,0
2486,327,2025-05-18 09:54:00,19.911,48.35,0
2487,300,2025-03-05 04:55:00,11.704,45.89,0
2488,677,2025-05-10 15:09:00,16.293,17.75,0
2489,437,2025-02-08 19:10:00,11.979,172.43,0
2490,697,2025-05-07 12:07:00,17.832,14.66,0
2491,607,2025-06-28 13:01:00,9.64,15.96,0
2492,331,2025-04-01 18:34:00,12.802,29.14,0
2493,782,2025-04-11 13:03:00,15.125,101.14,0
2494,674,2025-04-21 07:45:00,16.196,104.7,0
2495,394,2025-03-06 17:58:00,16.114,58.41,0
2496,680,2025-04-10 04:02:00,9.112,71.52,0
2497,205,2025-04-26 16:38:00,8.473,12.35,0
2498,166,2025-01-05 10:38:00,11.321,8.98,0
2499,633,2025-03-23 13:26:00,8.528,25.99,0
2500,631,2025-04-05 20:34:00,11.088,71.08,0
2501,177,2025-02-07 14:07:00,8.83,72.58,0
2502,603,2025-03-26 17:49:00,15.383,17.46,0
2503,406,2025-03-13 00:19:00,9.464,16.02,0
2504,446,2025-04-10 17:52:00,13.813,89.14,0
2505,677,2025-02-21 13:03:00,18.774,40.75,0
2506,128,2025-06-11 15:38:00,18.814,6.67,0
2507,323,2025-04-25 18:23:00,15.871,14.24,0
2508,231,2025-04-23 19:46:00,8.431,51.6,0
2509,445,2025-05-27 23:34:00,15.514,13.55,0
2510,126,2025-01-04 19:56:00,11.537,15.92,0
2511,95,2025-02-17 06:19:00,15.958,16.4,0
2512,556,2025-02-02 12:56:00,20.718,70.48,0
2513,44,2025-04-22 20:07:00,16.384,34.73,0
2514,333,2025-03-03 14:31:00,21.168,133.81,0
2515,789,2025-05-08 12:37:00,10.921,24.83,0
2516,799,2025-06-19 14:05:00,11.757,29.57,0
2517,143,2025-03-08 14:26:00,10.082,45.74,0
2518,741,2025-03-01 12:13:00,9.097,21.23,0
2519,268,2025-03-29 18:09:00,8.147,9.74,0
2520,158,2025-03-30 01:16:00,20.991,26.4,0
2521,403,2025-03-06 14:05:00,14.324,19.23,0
2522,390,2025-03-04 07:11:00,21.144,31.62,0
2523,299,2025-03-09 02:56:00,20.096,21.69,0
2524,341,2025-03-29 17:31:00,18.415,50.2,0
2525,77,2025-03-22 07:39:00,20.85,26.41,0
2526,210,2025-03-24 04:21:00,11.696,9.61,0
2527,157,2025-02-23 04:13:00,19.989,21.27,0
2528,745,2025-04-25 01:33:00,17.52,13.38,0
2529,394,2025-03-29 21:35:00,16.394,162.82,0
2530,436,2025-02-11 06:12:00,16.661,36.31,0
2531,351,2025-05-16 09:41:00,20.686,59.69,0
2532,707,2025-06-08 12:25:00,21.005,32.42,0
2533,592,2025-03-12 23:21:00,10.477,151.78,1
2534,551,2025-04-05 01:27:00,9.131,12.76,0
2535,249,2025-06-20 04:17:00,11.817,18.58,0
2536,246,2025-02-26 20:01:00,19.343,85.26,0
2537,752,2025-02-09 05:44:00,9.359,23.13,0
2538,744,2025-03-04 07:23:00,1.443,19.24,1
2539,226,2025-03-22 21:51:00,13.589,22.34,0
2540,269,2025-03-21 21:20:00,20.773,164.15,0
2541,265,2025-04-19 07:16:00,19.48,179.65,0
2542,627,2025-02-19 18:25:00,15.109,48.58,0
2543,759,2025-04-08 18:54:00,13.329,40.96,0
2544,710,2025-01-20 08:43:00,19.685,65.5,0
2545,672,2025-06-20 10:47:00,11.421,47.91,0
2546,278,2025-02-23 01:13:00,15.607,40.28,0
2547,253,2025-02-28 09:05:00,21.043,24.41,0
2548,711,2025-01-30 00:29:00,16.452,21.39,0
2549,316,2025-03-09 23:22:00,21.021,52.05,0
2550,172,2025-06-25 09:25:00,14.188,39.12,0
2551,673,2025-04-18 05:20:00,16.81,113.31,0
2552,383,2025-05-01 01:56:00,21.166,28.45,0
2553,68,2025-04-18 08:18:00,18.322,16.7,0
2554,716,2025-03-02 03:28:00,20.678,10.87,0
2555,235,2025-05-22 17:44:00,19.649,18.93,0
2556,247,2025-03-03 16:54:00,9.089,11.08,0
2557,425,2025-05-24 00:18:00,11.619,87.66,0
2558,216,2025-06-27 11:20:00,18.381,24.91,0
2559,663,2025-01-02 22:57:00,20.461,18.94,0
2560,553,2025-01-31 02:50:00,19.232,51.38,0
2561,451,2025-05-18 13:20:00,12.384,166.43,0
2562,160,2025-01-22 19:18:00,16.695,24.88,0
2563,391,2025-05-10 05:11:00,17.259,14.13,0
2564,217,2025-02-14 07:20:00,14.122,25.5,0
2565,769,2025-04-16 10:31:00,16.228,7.91,0
2566,634,2025-04-28 09:50:00,21.804,52.83,0
2567,93,2025-02-27 01:22:00,15.626,55.53,0
2568,422,2025-06-04 08:50:00,10.721,24.63,0
2569,624,2025-06-13 06:28:00,15.057,14.28,0
2570,6,2025-02-09 08:02:00,10.461,238.79,1
2571,101,2025-05-13 21:06:00,17.635,13.09,0
2572,111,2025-05-02 03:36:00,20.627,19.21,0
2573,586,2025-02-16 07:28:00,17.462,35.97,0
2574,419,2025-05-27 20:57:00,20.287,69.69,0
2575,434,2025-02-24 22:33:00,18.188,31.03,0
2576,215,2025-02-16 01:34:00,14.124,36.0,0
2577,211,2025-05-08 21:10:00,15.535,57.11,0
2578,325,2025-01-22 11:08:00,15.456,454.82,0
2579,434,2025-06-15 04:15:00,13.495,22.02,0
2580,374,2025-03-11 05:19:00,9.301,23.28,0
2581,703,2025-03-30 07:08:00,17.825,32.11,0
2582,151,2025-05-03 07:01:00,8.66,60.25,0
2583,377,2025-06-08 06:08:00,10.857,263.88,0
2584,592,2025-05-19 14:48:00,14.354,32.03,1
2585,5,2025-03-10 18:44:00,21.819,54.55,0
2586,331,2025-05-15 23:56:00,12.296,6.22,0
2587,45,2025-03-13 03:06:00,19.126,36.86,0
2588,297,2025-04-03 23:55:00,13.873,34.61,0
2589,506,2025-05-04 11:15:00,11.102,79.09,0
2590,300,2025-04-10 02:20:00,8.372,23.14,0
2591,542,2025-01-10 02:19:00,9.238,13.16,0
2592,235,2025-01-09 00:44:00,13.834,42.06,0
2593,321,2025-01-26 00:08:00,13.603,10.06,0
2594,700,2025-01-16 01:39:00,16.769,18.4,0
2595,194,2025-05-12 02:47:00,8.871,36.57,0
2596,400,2025-02-04 14:25:00,11.975,5.14,0
2597,572,2025-02-13 13:48:00,8.328,28.53,0
2598,289,2025-02-26 13:45:00,20.207,123.93,0
2599,243,2025-02-01 12:20:00,13.566,9.65,0
2600,558,2025-06-06 04:48:00,16.18,20.26,0
2601,59,2025-01-17 00:42:00,17.948,56.04,0
2602,212,2025-02-04 12:08:00,11.752,67.2,0
2603,327,2025-02-10 11:22:00,9.889,36.66,0
2604,173,2025-01-16 03:59:00,16.124,30.15,0
2605,431,2025-02-15 02:02:00,20.647,131.38,0
2606,495,2025-02-03 12:37:00,20.496,41.49,0
2607,772,2025-03-03 09:49:00,12.315,15.02,0
2608,481,2025-01-28 13:39:00,11.726,38.53,0
2609,473,2025-06-18 21:35:00,12.95,31.42,0
2610,580,2025-05-22 12:58:00,11.433,24.64,0
2611,166,2025-04-27 00:45:00,21.503,9.12,0
2612,376,2025-04-17 17:14:00,8.485,34.8,0
2613,665,2025-05-05 19:06:00,10.679,55.78,0
2614,140,2025-06-19 10:06:00,8.396,63.8,0
2615,233,2025-01-24 21:28:00,19.956,35.31,0
2616,175,2025-04-06 15:11:00,14.601,36.01,0
2617,767,2025-02-04 16:19:00,11.193,22.36,0
2618,283,2025-03-23 10:32:00,13.536,75.92,0
2619,260,2025-06-11 18:15:00,9.485,13.52,0
2620,652,2025-04-24 14:56:00,9.507,23.07,0
2621,727,2025-04-25 04:12:00,21.256,18.37,0
2622,3,2025-01-18 06:22:00,17.745,32.01,0
2623,703,2025-05-26 17:41:00,16.942,100.04,0
2624,565,2025-05-09 15:49:00,14.619,13.53,0
2625,691,2025-03-06 08:14:00,14.857,43.76,0
2626,69,2025-03-02 01:03:00,18.809,44.55,0
2627,31,2025-04-14 21:32:00,8.733,16.19,0
2628,268,2025-05-17 12:59:00,17.344,30.0,0
2629,679,2025-04-01 09:32:00,15.707,17.08,0
2630,398,2025-06-04 04:04:00,12.294,37.94,0
2631,577,2025-02-06 23:22:00,11.019,31.84,0
2632,196,2025-05-05 05:12:00,20.065,116.65,0
2633,267,2025-05-29 11:00:00,21.042,18.97,0
2634,702,2025-05-08 06:14:00,9.342,30.5,0
2635,392,2025-03-02 01:49:00,10.378,25.96,0
2636,623,2025-03-25 11:39:00,17.34,103.62,0
2637,511,2025-03-26 00:57:00,18.836,23.61,0
2638,140,2025-02-25 13:44:00,14.879,17.16,0
2639,754,2025-01-24 22:31:00,20.976,18.81,0
2640,756,2025-02-03 14:43:00,20.222,18.57,0
2641,624,2025-04-25 21:42:00,9.768,21.99,0
2642,375,2025-02-10 11:16:00,9.994,17.65,0
2643,342,2025-05-23 09:42:00,9.203,35.44,0
2644,238,2025-05-23 15:42:00,20.256,12.38,0
2645,516,2025-03-15 20:52:00,15.807,55.51,0
2646,248,2025-03-07 15:31:00,21.179,36.17,0
2647,148,2025-06-26 01:31:00,18.209,128.09,0
2648,48,2025-01-03 06:58:00,18.248,50.85,0
2649,339,2025-02-16 08:45:00,9.752,46.9,0
2650,652,2025-05-05 08:07:00,9.533,174.69,0
2651,633,2025-06-07 03:42:00,21.033,49.55,0
2652,679,2025-03-24 15:13:00,14.756,29.47,0
2653,485,2025-05-10 19:39:00,21.915,17.46,0
2654,694,2025-02-09 04:50:00,12.522,111.91,0
2655,626,2025-06-16 21:46:00,16.7,15.62,0
2656,645,2025-04-15 20:18:00,16.019,14.07,0
2657,407,2025-05-14 07:36:00,8.953,14.12,0
2658,68,2025-02-01 17:42:00,15.264,19.17,0
2659,304,2025-03-31 01:45:00,20.941,36.24,0
2660,677,2025-05-12 01:07:00,14.354,28.38,0
2661,594,2025-03-16 10:11:00,14.617,53.28,0
2662,10,2025-06-22 21:05:00,17.812,14.63,0
2663,75,2025-05-30 07:00:00,18.93,17.43,0
2664,526,2025-01-24 05:06:00,19.591,39.57,0
2665,782,2025-06-01 06:22:00,14.328,16.18,0
2666,585,2025-03-10 22:18:00,14.216,11.77,0
2667,758,2025-04-17 00:03:00,14.627,10.29,0
2668,53,2025-03-15 12:45:00,21.566,33.67,0
2669,704,2025-05-07 09:10:00,21.009,33.12,0
2670,102,2025-03-19 07:09:00,16.718,31.9,0
2671,707,2025-03-25 07:32:00,11.981,92.66,0
2672,779,2025-04-15 21:07:00,20.606,44.57,0
2673,408,2025-02-09 07:21:00,10.393,35.01,0
2674,426,2025-03-18 19:09:00,9.495,102.9,0
2675,398,2025-01-09 23:54:00,13.804,76.35,0
2676,442,2025-01-11 12:51:00,17.594,19.52,0
2677,656,2025-04-28 16:00:00,8.736,68.24,0
2678,225,2025-02-20 01:29:00,12.38,144.56,0
2679,226,2025-05-01 11:00:00,18.978,144.99,0
2680,774,2025-05-17 18:50:00,17.229,76.46,0
2681,679,2025-04-30 17:56:00,9.183,47.74,0
2682,432,2025-03-17 18:24:00,10.825,44.15,0
2683,160,2025-04-12 05:36:00,18.152,112.29,0
2684,764,2025-05-21 21:58:00,9.633,12.0,0
2685,703,2025-03-03 15:10:00,8.136,96.49,0
2686,262,2025-03-17 03:13:00,21.898,38.85,0
2687,432,2025-02-13 13:35:00,16.595,16.73,0
2688,335,2025-02-06 04:23:00,14.005,13.6,0
2689,674,2025-01-12 19:50:00,16.359,8.94,0
2690,549,2025-01-13 17:38:00,17.383,54.98,0
2691,394,2025-01-27 15:23:00,14.937,162.93,0
2692,774,2025-05-19 09:43:00,17.213,23.48,0
2693,486,2025-04-24 02:14:00,17.92,17.68,0
2694,387,2025-01-16 20:50:00,10.512,92.03,0
2695,741,2025-05-19 06:04:00,13.932,38.33,0
2696,359,2025-05-16 00:36:00,12.265,95.47,0
2697,334,2025-06-13 08:55:00,19.163,16.03,0
2698,310,2025-06-24 08:07:00,18.779,58.99,0
2699,176,2025-01-16 02:31:00,19.348,149.53,0
2700,223,2025-04-05 05:01:00,14.125,15.11,0
2701,72,2025-05-27 12:35:00,16.055,27.08,0
2702,582,2025-02-13 02:16:00,17.879,26.21,0
2703,471,2025-04-18 12:51:00,12.51,63.75,0
2704,746,2025-01-17 08:19:00,21.688,95.95,0
2705,488,2025-02-24 05:41:00,13.301,20.29,0
2706,64,2025-06-26 08:25:00,15.518,258.21,0
2707,496,2025-05-11 15:25:00,19.575,36.62,0
2708,140,2025-02-17 00:21:00,18.459,22.23,0
2709,29,2025-06-28 02:00:00,15.022,109.67,0
2710,530,2025-02-06 11:20:00,13.717,39.15,0
2711,21,2025-03-10 07:05:00,16.919,25.9,0
2712,327,2025-03-21 23:13:00,14.1,22.68,0
2713,716,2025-04-23 22:31:00,16.288,188.13,0
2714,204,2025-02-17 04:59:00,19.2,15.8,0
2715,556,2025-02-16 22:47:00,9.705,86.14,0
2716,301,2025-05-01 17:36:00,17.763,18.28,0
2717,90,2025-02-06 21:43:00,8.754,21.27,0
2718,494,2025-01-26 15:26:00,18.276,32.78,1
2719,59,2025-01-27 20:14:00,10.928,50.79,0
2720,120,2025-03-01 01:31:00,14.907,9.39,0
2721,129,2025-01-06 18:54:00,11.738,22.64,0
2722,706,2025-01-07 07:38:00,12.507,79.73,0
2723,645,2025-05-11 06:51:00,16.802,79.44,0
2724,282,2025-04-08 10:16:00,14.036,27.75,0
2725,578,2025-01-27 06:32:00,14.826,13.67,0
2726,163,2025-02-15 22:53:00,21.985,41.59,0
2727,510,2025-05-02 17:29:00,9.703,68.18,0
2728,161,2025-05-25 08:39:00,13.38,40.47,0
2729,512,2025-06-06 12:42:00,15.423,107.73,0
2730,244,2025-02-09 03:19:00,19.392,28.21,1
2731,687,2025-06-02 09:18:00,11.953,12.19,0
2732,668,2025-03-18 19:18:00,13.514,21.75,0
2733,266,2025-02-23 19:31:00,19.498,35.04,0
2734,32,2025-04-14 20:36:00,15.425,19.94,0
2735,257,2025-01-23 09:26:00,19.985,23.1,0
2736,225,2025-03-25 10:06:00,8.901,75.54,0
2737,340,2025-03-21 18:02:00,12.019,18.27,0
2738,459,2025-04-18 06:08:00,15.809,12.05,0
2739,791,2025-02-02 15:10:00,9.708,66.91,0
2740,50,2025-01-12 03:35:00,14.745,58.65,0
2741,443,2025-03-09 05:33:00,8.247,15.27,0
2742,137,2025-06-27 00:41:00,15.065,61.64,0
2743,437,2025-04-13 09:18:00,20.884,14.17,0
2744,509,2025-04-09 14:26:00,21.276,19.62,0
2745,647,2025-04-26 23:34:00,12.468,14.47,0
2746,447,2025-04-02 10:48:00,8.048,24.26,0
2747,142,2025-02-09 07:09:00,20.77,54.96,0
2748,730,2025-06-27 07:08:00,15.941,43.43,0
2749,324,2025-02-10 21:55:00,16.129,18.25,0
2750,383,2025-04-26 05:09:00,19.411,40.73,0
2751,513,2025-06-05 20:58:00,13.507,47.51,0
2752,211,2025-04-29 11:31:00,13.882,75.17,0
2753,790,2025-06-20 01:54:00,19.921,46.65,0
2754,35,2025-02-02 00:37:00,14.882,63.15,0
2755,123,2025-04-26 15:22:00,18.301,36.86,0
2756,792,2025-01-17 14:38:00,20.67,18.24,0
2757,361,2025-04-11 05:28:00,13.51,39.84,0
2758,714,2025-02-03 00:54:00,20.445,92.56,0
2759,724,2025-04-29 10:52:00,12.584,96.51,0
2760,792,2025-02-28 17:55:00,21.014,4.44,0
2761,580,2025-01-24 03:38:00,12.275,57.89,0
2762,546,2025-06-05 21:10:00,11.279,23.57,0
2763,491,2025-06-11 11:12:00,18.091,48.22,0
2764,546,2025-01-31 16:54:00,20.908,11.74,0
2765,205,2025-02-07 13:07:00,18.754,24.81,0
2766,652,2025-01-07 19:26:00,18.362,9.7,0
2767,149,2025-05-01 13:01:00,21.622,24.76,0
2768,383,2025-06-10 19:50:00,15.804,56.91,0
2769,299,2025-02-09 22:54:00,20.427,49.97,0
2770,609,2025-03-23 06:08:00,8.519,194.82,0
2771,204,2025-05-08 01:01:00,9.85,23.18,0
2772,165,2025-03-21 15:34:00,11.801,17.33,0
2773,646,2025-05-16 14:50:00,21.246,106.07,0
2774,389,2025-05-16 17:31:00,10.757,8.87,0
2775,576,2025-05-14 09:19:00,13.363,40.85,0
2776,703,2025-05-09 15:28:00,8.497,52.33,0
2777,668,2025-03-19 03:58:00,9.095,5.51,0
2778,319,2025-03-12 20:15:00,16.157,14.63,0
2779,136,2025-04-20 06:22:00,9.368,11.74,0
2780,768,2025-01-20 07:20:00,20.589,68.16,0
2781,247,2025-04-18 15:18:00,20.401,20.93,0
2782,615,2025-01-06 19:59:00,16.711,28.42,0
2783,614,2025-05-10 15:45:00,13.548,9.63,0
2784,354,2025-04-19 23:05:00,20.43,18.31,0
2785,130,2025-03-31 19:41:00,14.829,18.6,0
2786,377,2025-02-24 12:38:00,10.669,29.4,0
2787,116,2025-04-02 07:30:00,12.839,27.4,0
2788,281,2025-04-25 09:07:00,13.084,113.47,0
2789,306,2025-05-04 04:38:00,16.117,60.87,0
2790,414,2025-06-16 03:12:00,13.617,8.45,0
2791,149,2025-01-31 15:03:00,19.456,78.99,0
2792,676,2025-01-08 22:26:00,16.771,70.77,0
2793,63,2025-04-28 10:42:00,11.53,36.96,0
2794,788,2025-01-30 07:54:00,13.629,77.01,0
2795,250,2025-01-27 16:21:00,18.125,91.6,0
2796,391,2025-02-19 11:03:00,11.391,23.73,0
2797,700,2025-05-11 11:17:00,9.283,13.19,0
2798,523,2025-01-12 06:14:00,17.956,54.99,0
2799,45,2025-03-12 00:06:00,13.693,18.23,0
2800,483,2025-01-20 00:04:00,9.74,43.24,0
2801,452,2025-06-01 02:59:00,14.713,15.26,0
2802,746,2025-05-18 04:31:00,15.844,76.29,0
2803,450,2025-01-16 21:56:00,8.361,19.06,0
2804,793,2025-02-19 06:53:00,19.076,29.56,0
2805,424,2025-03-24 21:27:00,14.881,28.08,0
2806,153,2025-03-24 06:21:00,8.358,11.27,0
2807,404,2025-01-31 02:22:00,20.065,83.01,0
2808,733,2025-03-25 23:45:00,16.194,97.85,0
2809,13,2025-06-06 09:29:00,21.486,31.21,0
2810,319,2025-02-09 18:09:00,11.937,19.06,0
2811,37,2025-01-23 13:04:00,13.777,29.02,0
2812,673,2025-03-11 10:34:00,17.281,23.35,0
2813,408,2025-03-29 08:02:00,20.796,34.37,0
2814,572,2025-02-21 06:50:00,19.076,27.28,0
2815,774,2025-01-19 22:41:00,17.002,16.94,0
2816,665,2025-01-16 08:08:00,19.137,86.53,0
2817,326,2025-05-24 14:07:00,9.328,29.49,0
2818,747,2025-01-24 16:33:00,18.139,164.13,0
2819,377,2025-02-20 18:24:00,16.101,38.04,0
2820,782,2025-05-18 04:42:00,11.84,25.32,0
2821,785,2025-04-17 22:20:00,11.34,27.93,0
2822,177,2025-01-05 11:38:00,12.036,26.09,0
2823,623,2025-01-31 15:01:00,9.72,32.15,0
2824,558,2025-03-26 19:24:00,11.826,41.87,0
2825,616,2025-03-05 06:56:00,8.998,14.26,0
2826,134,2025-06-28 00:09:00,17.418,15.46,0
2827,403,2025-01-21 11:10:00,15.172,65.33,0
2828,121,2025-01-05 17:48:00,9.788,52.75,0
2829,718,2025-04-10 03:35:00,17.761,9.93,0
2830,698,2025-06-22 14:47:00,10.492,53.17,0
2831,464,2025-01-01 14:55:00,14.928,68.56,0
2832,103,2025-05-30 04:41:00,20.881,42.83,0
2833,525,2025-06-28 18:04:00,18.653,9.32,0
2834,351,2025-03-16 22:10:00,16.178,12.01,0
2835,630,2025-03-16 22:19:00,16.189,33.71,0
2836,79,2025-06-28 15:42:00,8.899,157.78,0
2837,325,2025-04-24 07:12:00,13.978,22.75,0
2838,289,2025-04-09 09:45:00,12.3,56.81,0
2839,762,2025-02-21 14:53:00,14.645,20.91,0
2840,238,2025-06-17 16:34:00,21.32,136.36,0
2841,790,2025-02-15 14:01:00,19.011,36.18,0
2842,737,2025-03-12 16:29:00,16.54,13.27,0
2843,469,2025-06-02 07:18:00,17.866,18.23,0
2844,139,2025-04-02 21:39:00,18.228,17.09,0
2845,177,2025-05-17 11:21:00,14.389,38.41,0
2846,13,2025-06-29 01:36:00,20.129,20.05,0
2847,619,2025-04-26 19:01:00,16.642,23.55,0
2848,580,2025-01-30 06:36:00,18.332,166.07,0
2849,257,2025-05-16 09:57:00,8.155,21.89,0
2850,585,2025-04-18 22:55:00,15.531,40.31,0
2851,461,2025-02-01 13:21:00,13.099,28.13,0
2852,653,2025-01-20 22:11:00,8.776,33.65,0
2853,69,2025-06-18 03:16:00,17.046,59.67,0
2854,159,2025-01-20 01:28:00,21.003,6.03,0
2855,645,2025-03-23 20:30:00,18.259,39.47,0
2856,295,2025-06-27 07:44:00,9.118,25.9,0
2857,767,2025-06-06 08:50:00,8.794,40.28,0
2858,704,2025-06-01 01:04:00,12.83,29.74,0
2859,75,2025-05-13 11:45:00,11.34,29.96,0
2860,322,2025-03-27 21:38:00,8.386,44.34,0
2861,585,2025-02-21 11:10:00,8.561,22.54,0
2862,109,2025-06-11 12:01:00,12.832,168.85,0
2863,688,2025-04-13 11:26:00,9.87,16.21,0
2864,78,2025-03-13 06:10:00,10.725,110.68,0
2865,87,2025-06-23 23:54:00,20.173,12.97,0
2866,434,2025-03-08 14:03:00,21.911,28.35,0
2867,197,2025-01-07 16:13:00,19.264,44.88,0
2868,511,2025-04-19 04:06:00,11.259,16.6,0
2869,313,2025-03-18 18:24:00,10.462,15.7,0
2870,216,2025-04-23 02:09:00,16.099,27.96,0
2871,669,2025-04-22 16:43:00,18.975,71.66,0
2872,127,2025-04-24 09:09:00,17.204,37.37,0
2873,394,2025-03-03 04:21:00,19.253,159.36,0
2874,134,2025-02-15 08:53:00,14.818,54.99,0
2875,109,2025-02-27 05:23:00,21.829,24.28,0
2876,164,2025-06-23 17:11:00,19.016,4.06,0
2877,205,2025-05-15 18:20:00,8.713,10.12,0
2878,329,2025-03-12 15:59:00,13.097,28.31,0
2879,373,2025-06-14 22:31:00,2.234,10.01,1
2880,111,2025-05-18 15:40:00,11.139,30.0,0
2881,31,2025-04-07 18:33:00,13.647,41.85,0
2882,75,2025-05-25 00:06:00,16.815,27.69,0
2883,504,2025-06-20 16:15:00,15.73,28.17,0
2884,779,2025-04-13 05:32:00,20.06,167.58,0
2885,20,2025-01-19 05:31:00,11.675,36.89,0
2886,27,2025-03-19 13:16:00,20.896,31.35,0
2887,624,2025-02-10 22:40:00,12.51,15.8,0
2888,579,2025-05-06 21:18:00,20.886,34.91,0
2889,587,2025-01-16 18:54:00,11.476,23.87,0
2890,138,2025-03-26 05:00:00,15.106,147.93,0
2891,692,2025-03-20 09:30:00,21.051,55.19,0
2892,498,2025-03-11 10:53:00,11.885,109.03,0
2893,126,2025-04-23 19:24:00,19.883,41.35,0
2894,92,2025-04-09 04:31:00,15.017,94.83,0
2895,482,2025-02-06 02:02:00,13.877,15.72,0
2896,623,2025-05-25 00:54:00,17.292,42.74,0
2897,624,2025-03-22 17:41:00,10.78,17.46,0
2898,470,2025-01-29 06:13:00,17.224,24.62,0
2899,412,2025-05-04 04:35:00,10.473,36.19,0
2900,556,2025-03-12 16:50:00,17.952,16.27,0
2901,104,2025-04-26 02:35:00,16.549,10.87,0
2902,291,2025-05-16 20:35:00,9.958,76.88,0
2903,79,2025-04-24 06:29:00,9.41,9.12,0
2904,671,2025-06-19 09:28:00,16.503,135.29,0
2905,484,2025-04-20 02:03:00,9.701,18.23,0
2906,621,2025-03-10 14:12:00,16.751,55.07,0
2907,398,2025-06-27 14:09:00,21.986,57.71,0
2908,743,2025-04-03 15:51:00,9.722,14.45,0
2909,743,2025-05-09 12:08:00,14.633,50.57,0
2910,493,2025-03-01 14:02:00,20.942,40.15,0
2911,667,2025-06-13 09:08:00,21.119,58.0,0
2912,527,2025-06-19 04:39:00,8.419,92.11,0
2913,578,2025-06-21 07:28:00,19.312,67.11,0
2914,197,2025-03-11 20:59:00,11.34,17.47,0
2915,785,2025-06-04 17:48:00,18.452,31.39,0
2916,147,2025-05-01 23:32:00,12.97,18.1,0
2917,555,2025-01-18 03:07:00,11.148,22.08,0
2918,485,2025-06-15 02:27:00,14.59,51.71,0
2919,73,2025-04-06 06:20:00,10.463,56.79,0
2920,619,2025-04-06 20:42:00,13.939,55.76,0
2921,62,2025-03-10 16:08:00,3.006,44.06,1
2922,407,2025-06-03 13:06:00,21.48,49.79,0
2923,652,2025-01-18 11:20:00,15.59,24.33,0
2924,100,2025-03-11 04:55:00,17.759,103.16,0
2925,288,2025-04-12 13:22:00,10.449,59.73,0
2926,406,2025-02-05 06:47:00,21.962,34.42,0
2927,739,2025-02-08 07:24:00,14.968,86.17,0
2928,305,2025-04-21 20:25:00,9.053,23.18,0
2929,94,2025-04-15 17:06:00,16.53,38.51,0
2930,105,2025-05-28 05:16:00,12.454,71.61,0
2931,159,2025-05-28 03:07:00,12.115,13.21,0
2932,693,2025-01-04 05:57:00,12.438,207.16,0
2933,618,2025-03-12 21:22:00,14.306,21.85,0
2934,334,2025-06-02 10:48:00,12.02,24.37,0
2935,677,2025-06-20 23:15:00,18.901,35.57,0
2936,734,2025-01-18 01:31:00,10.505,63.27,0
2937,693,2025-05-18 23:08:00,9.987,68.29,0
2938,3,2025-02-11 19:37:00,9.463,116.13,0
2939,657,2025-05-25 18:29:00,13.745,33.26,1
2940,580,2025-03-22 07:31:00,9.58,45.58,0
2941,305,2025-01-21 05:05:00,8.351,10.22,0
2942,127,2025-02-06 18:07:00,12.122,14.86,0
2943,517,2025-06-19 12:53:00,21.72,32.53,0
2944,284,2025-05-19 04:36:00,8.153,46.6,0
2945,735,2025-01-07 05:09:00,8.894,33.73,0
2946,461,2025-06-20 15:38:00,16.164,53.24,0
2947,191,2025-06-01 21:37:00,14.97,33.45,0
2948,747,2025-04-09 03:35:00,9.46,29.03,0
2949,480,2025-01-06 08:05:00,20.526,238.78,0
2950,237,2025-03-20 06:45:00,17.442,28.35,0
2951,114,2025-01-30 05:48:00,14.926,78.67,0
2952,444,2025-03-07 19:18:00,15.612,12.31,0
2953,597,2025-02-26 18:17:00,19.146,38.63,0
2954,668,2025-05-09 07:41:00,9.373,20.4,0
2955,102,2025-05-13 19:07:00,21.064,170.61,0
2956,345,2025-02-01 02:05:00,9.577,22.4,0
2957,799,2025-06-11 21:29:00,14.42,695.93,1
2958,528,2025-05-01 15:51:00,11.466,18.11,0
2959,73,2025-04-30 23:16:00,17.313,17.26,0
2960,733,2025-05-20 17:03:00,19.758,32.93,0
2961,548,2025-05-11 23:57:00,16.633,46.78,0
2962,368,2025-05-22 23:45:00,11.136,81.57,0
2963,621,2025-02-22 03:49:00,18.911,22.02,0
2964,518,2025-05-04 14:40:00,21.197,21.73,0
2965,206,2025-06-25 13:37:00,10.254,97.85,0
2966,637,2025-05-16 18:43:00,11.549,125.27,0
2967,203,2025-03-15 09:24:00,15.414,32.72,0
2968,183,2025-04-24 18:51:00,18.357,50.8,0
2969,476,2025-06-14 07:47:00,9.778,133.09,0
2970,14,2025-04-28 23:49:00,8.709,291.32,0
2971,504,2025-05-21 06:22:00,15.937,48.93,0
2972,440,2025-06-10 04:40:00,19.161,63.94,0
2973,576,2025-03-08 02:35:00,12.167,38.93,0
2974,127,2025-03-02 08:27:00,16.162,10.71,0
2975,464,2025-03-03 18:20:00,19.248,46.18,0
2976,353,2025-03-08 09:43:00,8.404,104.83,0
2977,139,2025-05-03 07:21:00,12.706,19.16,0
2978,361,2025-03-29 10:39:00,12.245,7.94,0
2979,739,2025-06-19 06:50:00,18.123,56.15,0
2980,659,2025-05-04 13:45:00,17.327,8.59,0
2981,133,2025-05-02 00:31:00,19.575,9.95,0
2982,677,2025-06-21 00:12:00,15.681,9.47,0
2983,452,2025-06-04 08:05:00,11.19,7.05,0
2984,37,2025-01-06 20:25:00,14.063,81.55,0
2985,736,2025-06-23 22:20:00,13.545,39.09,0
2986,420,2025-06-08 17:24:00,17.348,181.4,0
2987,730,2025-03-01 09:36:00,21.355,63.0,0
2988,78,2025-02-12 09:49:00,14.408,182.09,0
2989,134,2025-04-07 22:17:00,16.944,20.91,0
2990,721,2025-06-29 20:42:00,10.488,46.77,0
2991,190,2025-04-20 15:20:00,16.042,12.63,0
2992,439,2025-04-15 04:56:00,18.198,28.04,0
2993,481,2025-02-09 02:12:00,18.692,110.28,0
2994,758,2025-06-11 14:05:00,21.631,33.88,0
2995,269,2025-05-24 13:24:00,21.826,29.01,0
2996,603,2025-01-11 06:12:00,15.216,34.38,0
2997,584,2025-02-17 02:47:00,20.048,39.26,0
2998,560,2025-06-08 15:26:00,18.32,39.3,0
2999,417,2025-05-08 05:41:00,15.344,101.68,0
3000,56,2025-03-14 15:10:00,8.421,19.66,0
3001,212,2025-04-05 06:55:00,21.678,29.67,0
3002,448,2025-01-23 16:44:00,21.513,37.85,0
3003,328,2025-05-31 14:25:00,15.254,16.99,0
3004,147,2025-04-24 14:34:00,12.822,24.48,0
3005,552,2025-04-03 01:55:00,9.565,64.62,0
3006,368,2025-04-21 03:19:00,8.772,18.1,0
3007,628,2025-04-16 14:24:00,19.248,321.94,0
3008,438,2025-03-20 03:35:00,13.732,129.62,0
3009,295,2025-02-02 14:13:00,15.88,40.32,0
3010,87,2025-03-28 13:00:00,12.221,55.47,0
3011,83,2025-05-26 11:22:00,16.596,64.83,0
3012,405,2025-01-10 15:28:00,18.623,54.78,0
3013,282,2025-03-14 09:10:00,20.5,37.78,0
3014,574,2025-05-28 18:04:00,14.945,316.35,0
3015,504,2025-04-15 08:29:00,12.203,19.7,0
3016,227,2025-01-05 10:37:00,9.075,25.68,0
3017,607,2025-06-02 06:58:00,19.956,37.09,0
3018,452,2025-01-10 15:28:00,19.95,58.64,0
3019,703,2025-03-28 06:57:00,12.947,175.0,0
3020,762,2025-01-21 13:00:00,10.902,34.95,0
3021,769,2025-02-19 09:41:00,17.427,55.6,0
3022,101,2025-03-12 19:53:00,18.593,47.65,0
3023,423,2025-02-17 18:33:00,18.106,32.76,0
3024,23,2025-06-07 14:52:00,8.998,94.51,0
3025,704,2025-04-12 22:31:00,21.779,49.31,0
3026,562,2025-03-07 00:47:00,15.623,77.19,0
3027,209,2025-02-22 10:00:00,16.517,27.68,0
3028,485,2025-03-31 13:55:00,8.635,22.71,0
3029,447,2025-03-02 22:32:00,8.165,26.6,0
3030,434,2025-05-26 03:24:00,9.769,44.46,0
3031,431,2025-02-12 06:21:00,13.474,85.58,0
3032,787,2025-05-05 04:04:00,21.227,187.3,0
3033,614,2025-03-22 07:57:00,18.192,40.26,0
3034,321,2025-02-17 11:37:00,21.989,155.4,0
3035,618,2025-03-25 21:28:00,17.518,57.76,0
3036,112,2025-01-22 12:51:00,9.397,20.5,0
3037,228,2025-04-05 15:58:00,17.723,604.7,1
3038,93,2025-05-10 02:10:00,16.979,64.76,0
3039,708,2025-04-17 17:07:00,20.408,68.9,0
3040,19,2025-01-03 17:55:00,15.619,23.85,0
3041,713,2025-04-16 19:44:00,11.438,26.32,0
3042,665,2025-01-05 14:20:00,18.258,26.77,0
3043,758,2025-03-08 02:31:00,18.548,29.88,0
3044,612,2025-04-25 06:34:00,15.199,44.69,0
3045,366,2025-06-12 02:56:00,9.328,158.51,0
3046,649,2025-06-25 18:40:00,13.793,24.99,0
3047,789,2025-04-03 02:21:00,19.759,9.43,0
3048,713,2025-02-08 09:04:00,12.251,8.95,0
3049,627,2025-05-30 18:44:00,18.243,67.28,0
3050,613,2025-03-06 01:04:00,11.549,22.63,0
3051,522,2025-04-11 07:52:00,12.602,43.43,0
3052,713,2025-02-05 16:04:00,12.719,19.87,0
3053,345,2025-03-08 17:02:00,9.897,31.09,0
3054,400,2025-03-28 08:16:00,12.916,26.99,0
3055,673,2025-05-13 22:57:00,18.131,20.2,0
3056,209,2025-06-11 23:01:00,13.618,94.11,0
3057,611,2025-02-01 20:28:00,12.196,99.81,0
3058,88,2025-04-11 15:54:00,17.81,58.39,0
3059,468,2025-06-24 13:01:00,15.217,179.55,0
3060,27,2025-01-03 23:22:00,14.102,12.22,0
3061,797,2025-04-14 00:20:00,19.146,29.56,0
3062,673,2025-05-19 04:30:00,13.347,26.47,0
3063,199,2025-01-19 17:59:00,15.621,61.74,0
3064,120,2025-05-01 06:28:00,8.445,12.77,0
3065,513,2025-03-17 20:16:00,12.752,59.7,0
3066,721,2025-04-19 04:59:00,11.317,11.03,0
3067,256,2025-05-09 06:09:00,20.4,63.67,0
3068,769,2025-01-26 23:36:00,8.295,88.17,0
3069,366,2025-01-13 06:14:00,17.801,14.15,0
3070,353,2025-02-26 22:38:00,18.587,774.38,1
3071,271,2025-02-17 01:09:00,12.655,90.7,0
3072,216,2025-02-21 23:21:00,11.599,106.58,0
3073,267,2025-06-16 09:17:00,10.308,11.17,0
3074,138,2025-05-04 17:58:00,11.879,47.31,0
3075,301,2025-03-06 02:47:00,20.795,59.04,0
3076,231,2025-04-19 23:40:00,8.607,34.74,0
3077,45,2025-01-29 15:34:00,14.394,110.41,0
3078,290,2025-02-02 22:38:00,11.701,22.6,0
3079,31,2025-01-18 17:00:00,17.742,25.11,0
3080,144,2025-03-18 17:49:00,12.675,20.66,0
3081,579,2025-04-22 10:21:00,12.843,42.6,0
3082,20,2025-04-02 12:59:00,8.816,28.23,0
3083,248,2025-04-11 11:08:00,20.747,70.33,0
3084,547,2025-01-30 08:31:00,15.302,26.5,0
3085,16,2025-04-27 14:14:00,8.966,30.65,0
3086,589,2025-04-10 11:44:00,18.524,42.85,0
3087,65,2025-06-22 10:43:00,18.92,18.79,0
3088,44,2025-02-14 11:05:00,14.456,82.35,0
3089,156,2025-01-11 19:42:00,21.708,63.21,0
3090,688,2025-03-23 22:12:00,11.164,61.59,0
3091,38,2025-02-05 13:56:00,19.819,16.15,0
3092,78,2025-02-01 11:28:00,19.85,125.8,0
3093,756,2025-02-12 02:07:00,15.297,8.31,0
3094,488,2025-05-03 09:21:00,15.562,66.07,0
3095,454,2025-03-18 21:01:00,9.572,40.88,0
3096,32,2025-06-07 08:20:00,9.865,62.36,0
3097,315,2025-01-22 18:50:00,13.919,30.78,0
3098,461,2025-06-17 17:54:00,20.853,39.14,0
3099,426,2025-03-15 18:38:00,11.003,64.03,0
3100,417,2025-04-07 01:58:00,14.65,36.56,0
3101,90,2025-05-27 21:57:00,8.899,43.48,0
3102,791,2025-03-30 11:51:00,12.189,44.63,0
3103,561,2025-01-30 11:00:00,13.208,211.76,0
3104,193,2025-02-13 07:17:00,21.48,10.2,0
3105,775,2025-06-14 23:37:00,10.703,103.27,0
3106,241,2025-01-13 13:25:00,9.41,52.59,0
3107,104,2025-06-14 00:36:00,8.753,47.62,0
3108,714,2025-05-02 12:19:00,15.309,13.23,0
3109,122,2025-04-03 08:06:00,15.272,92.06,0
3110,48,2025-02-26 21:19:00,10.742,14.78,0
3111,502,2025-06-04 19:52:00,11.465,118.91,0
3112,211,2025-01-06 20:36:00,12.464,23.69,0
3113,121,2025-05-09 01:41:00,8.132,118.91,0
3114,81,2025-02-07 18:26:00,19.439,20.75,0
3115,100,2025-03-06 05:06:00,18.819,17.34,0
3116,768,2025-01-12 11:52:00,12.484,33.83,0
3117,536,2025-04-12 02:45:00,16.04,20.18,0
3118,674,2025-01-27 13:15:00,12.595,30.24,0
3119,494,2025-01-21 23:47:00,8.375,140.8,0
3120,434,2025-03-01 04:17:00,16.257,23.46,0
3121,174,2025-03-31 05:41:00,18.103,41.99,0
3122,773,2025-06-20 01:34:00,12.674,130.5,0
3123,658,2025-05-30 09:30:00,11.379,44.2,0
3124,422,2025-03-14 02:08:00,11.699,89.89,0
3125,84,2025-04-16 08:14:00,12.887,57.0,0
3126,608,2025-05-19 14:39:00,14.546,81.21,0
3127,266,2025-03-10 18:22:00,18.569,34.61,0
3128,167,2025-05-19 05:35:00,10.786,58.16,0
3129,591,2025-04-30 10:34:00,17.889,155.11,0
3130,669,2025-05-07 13:06:00,21.504,28.02,0
3131,491,2025-06-25 20:00:00,10.524,51.02,0
3132,59,2025-03-09 18:45:00,15.106,21.21,0
3133,480,2025-01-13 03:31:00,13.058,83.67,0
3134,735,2025-04-07 13:12:00,16.406,9.59,0
3135,549,2025-03-01 11:10:00,20.332,28.79,0
3136,212,2025-01-11 14:37:00,20.409,81.61,0
3137,517,2025-01-29 01:39:00,14.203,32.29,0
3138,199,2025-04-07 01:23:00,18.603,8.71,0
3139,699,2025-06-22 06:00:00,15.158,19.69,0
3140,676,2025-03-02 22:06:00,18.808,21.09,0
3141,455,2025-04-09 06:17:00,20.381,128.39,0
3142,108,2025-02-01 21:37:00,17.965,68.6,0
3143,321,2025-01-24 08:10:00,8.851,74.44,0
3144,96,2025-05-21 19:38:00,11.434,13.6,0
3145,612,2025-04-21 04:34:00,19.001,36.54,0
3146,544,2025-02-04 02:49:00,8.275,126.46,0
3147,207,2025-04-01 01:48:00,15.251,74.57,0
3148,685,2025-04-15 10:17:00,16.546,24.25,0
3149,607,2025-01-11 16:15:00,19.48,68.26,0
3150,749,2025-02-24 00:50:00,19.293,155.75,1
3151,223,2025-06-05 14:42:00,9.025,18.34,0
3152,139,2025-03-07 07:27:00,17.516,8.07,0
3153,384,2025-05-08 15:43:00,19.064,33.27,0
3154,212,2025-04-19 23:00:00,9.476,60.42,0
3155,591,2025-01-01 22:37:00,14.796,16.84,0
3156,340,2025-06-20 14:01:00,17.091,33.82,0
3157,502,2025-06-22 17:47:00,12.794,18.6,0
3158,137,2025-05-01 07:11:00,13.187,22.68,0
3159,68,2025-01-29 16:02:00,9.44,15.76,0
3160,750,2025-06-02 00:07:00,18.841,98.23,0
3161,357,2025-01-01 01:07:00,11.32,20.94,0
3162,111,2025-04-02 19:00:00,14.089,29.81,0
3163,649,2025-03-18 21:48:00,15.229,23.91,0
3164,106,2025-05-06 13:39:00,9.221,46.83,0
3165,797,2025-01-26 08:10:00,14.036,266.86,0
3166,308,2025-06-07 13:36:00,10.133,338.09,0
3167,373,2025-04-13 15:02:00,11.255,30.55,0
3168,207,2025-02-16 20:51:00,12.988,50.85,0
3169,68,2025-02-26 01:22:00,14.856,78.63,0
3170,327,2025-05-04 13:17:00,14.079,99.5,0
3171,292,2025-02-03 07:58:00,9.002,60.62,0
3172,358,2025-02-23 09:52:00,12.905,88.32,0
3173,391,2025-06-27 08:41:00,8.549,50.72,0
3174,504,2025-06-08 09:15:00,11.511,22.04,0
3175,58,2025-03-01 21:23:00,9.192,87.88,0
3176,290,2025-04-11 00:16:00,10.343,40.75,0
3177,691,2025-03-16 15:38:00,15.035,47.68,0
3178,761,2025-02-06 03:11:00,20.982,365.69,1
3179,431,2025-02-22 23:07:00,10.727,19.73,0
3180,292,2025-01-20 11:10:00,18.231,26.84,0
3181,332,2025-05-31 15:47:00,8.612,55.66,0
3182,625,2025-02-14 07:39:00,12.702,153.56,0
3183,317,2025-02-05 10:06:00,13.619,68.09,0
3184,755,2025-04-25 20:07:00,9.517,31.54,0
3185,22,2025-01-23 23:28:00,16.915,16.56,0
3186,484,2025-06-22 02:55:00,10.039,99.02,0
3187,415,2025-06-08 15:53:00,19.209,47.1,0
3188,361,2025-03-16 07:14:00,16.281,2.82,0
3189,380,2025-02-03 00:06:00,18.378,84.01,0
3190,127,2025-01-26 05:21:00,10.299,49.21,0
3191,276,2025-06-04 10:17:00,12.439,6.54,0
3192,282,2025-03-21 08:56:00,17.877,60.02,0
3193,526,2025-04-15 01:43:00,14.347,39.04,0
3194,478,2025-01-23 08:01:00,16.853,12.73,0
3195,328,2025-05-29 04:57:00,13.788,186.37,0
3196,413,2025-04-04 04:24:00,17.411,51.8,0
3197,457,2025-01-13 15:04:00,16.981,24.75,0
3198,37,2025-01-14 16:47:00,12.193,19.48,0
3199,708,2025-06-23 10:50:00,20.344,31.27,0
3200,713,2025-01-11 05:36:00,18.253,32.09,0
3201,291,2025-02-23 22:58:00,8.955,57.77,0
3202,608,2025-01-03 07:27:00,8.528,30.08,0
3203,318,2025-01-11 13:16:00,18.026,26.16,0
3204,54,2025-05-27 06:52:00,16.848,41.33,0
3205,692,2025-05-18 16:18:00,20.942,25.68,0
3206,406,2025-03-01 14:04:00,17.457,33.18,1
3207,286,2025-02-02 02:55:00,10.915,109.95,0
3208,460,2025-02-14 18:42:00,8.589,24.72,0
3209,351,2025-03-05 04:48:00,15.454,31.64,0
3210,212,2025-05-20 19:06:00,14.948,19.0,0
3211,640,2025-04-18 00:54:00,21.123,84.73,0
3212,284,2025-03-21 22:33:00,17.917,9.06,0
3213,473,2025-01-13 08:25:00,20.601,18.01,0
3214,532,2025-01-21 19:07:00,18.592,61.95,0
3215,747,2025-02-06 08:21:00,17.249,31.03,0
3216,383,2025-02-08 04:34:00,15.884,70.92,0
3217,376,2025-03-30 00:47:00,1.77,29.99,1
3218,730,2025-06-05 07:20:00,15.104,20.44,0
3219,383,2025-03-17 22:37:00,19.746,31.74,0
3220,238,2025-03-01 05:08:00,11.285,12.45,0
3221,34,2025-04-11 08:43:00,20.813,18.08,0
3222,259,2025-01-14 16:17:00,15.833,72.63,0
3223,157,2025-05-12 03:41:00,14.124,28.46,0
3224,243,2025-01-10 23:52:00,10.954,34.16,0
3225,431,2025-03-05 12:55:00,11.865,38.67,0
3226,419,2025-06-21 12:35:00,16.178,9.98,0
3227,149,2025-03-14 19:01:00,10.124,10.06,0
3228,371,2025-05-15 14:15:00,8.046,47.49,0
3229,362,2025-02-19 00:41:00,11.629,25.2,0
3230,34,2025-06-03 09:14:00,12.257,29.35,0
3231,226,2025-03-03 03:29:00,21.178,57.26,0
3232,578,2025-02-10 22:02:00,16.146,16.57,0
3233,16,2025-01-10 04:26:00,13.681,22.24,0
3234,240,2025-02-25 04:16:00,21.762,26.4,0
3235,380,2025-04-15 10:08:00,13.144,45.82,0
3236,133,2025-01-12 10:13:00,21.414,26.25,0
3237,517,2025-02-01 02:24:00,21.181,21.1,0
3238,572,2025-03-04 10:53:00,17.659,135.67,0
3239,270,2025-05-09 22:21:00,15.353,36.14,0
3240,184,2025-04-18 10:50:00,19.504,59.1,0
3241,621,2025-01-08 14:16:00,12.535,8.23,0
3242,172,2025-01-07 13:59:00,13.15,12.49,0
3243,116,2025-01-11 18:39:00,10.896,55.92,0
3244,26,2025-03-01 12:32:00,11.576,28.86,0
3245,73,2025-02-21 05:51:00,9.91,25.69,0
3246,697,2025-01-22 01:16:00,19.91,16.36,0
3247,747,2025-03-20 21:54:00,8.017,76.31,0
3248,436,2025-04-17 10:38:00,13.943,59.08,0
3249,737,2025-05-05 20:23:00,13.099,33.22,0
3250,565,2025-06-29 04:00:00,13.427,42.61,0
3251,325,2025-05-05 14:13:00,19.813,27.42,0
3252,570,2025-06-27 10:41:00,19.495,20.25,0
3253,335,2025-06-25 04:59:00,17.288,23.11,0
3254,769,2025-06-02 10:21:00,17.648,64.51,0
3255,680,2025-03-05 07:06:00,19.249,25.53,0
3256,675,2025-01-08 19:32:00,13.391,36.64,0
3257,424,2025-01-11 16:23:00,14.307,24.82,0
3258,414,2025-06-06 17:16:00,11.426,74.22,0
3259,93,2025-06-05 00:39:00,11.333,20.81,0
3260,522,2025-02-25 16:49:00,21.085,118.75,0
3261,91,2025-05-12 12:21:00,18.649,22.12,0
3262,432,2025-03-23 18:56:00,14.342,22.14,0
3263,104,2025-01-13 06:17:00,8.546,173.83,0
3264,380,2025-04-28 18:04:00,18.399,14.91,0
3265,624,2025-01-16 00:01:00,21.279,33.97,0
3266,246,2025-01-24 12:55:00,20.974,78.62,0
3267,481,2025-03-27 19:04:00,17.998,10.18,0
3268,207,2025-01-13 14:53:00,17.068,43.03,0
3269,239,2025-03-03 11:54:00,9.692,10.22,0
3270,146,2025-05-16 12:46:00,9.199,36.04,0
3271,129,2025-04-18 08:19:00,11.713,178.41,0
3272,297,2025-01-10 23:26:00,15.892,5.34,0
3273,98,2025-02-09 10:46:00,20.785,32.95,0
3274,713,2025-06-28 20:36:00,20.195,24.32,0
3275,593,2025-06-22 16:20:00,12.285,15.64,0
3276,177,2025-06-15 10:35:00,13.127,10.29,0
3277,708,2025-04-03 04:25:00,12.345,84.31,0
3278,292,2025-03-19 11:41:00,15.422,41.0,0
3279,424,2025-05-16 03:06:00,19.325,7.91,0
3280,559,2025-06-22 05:46:00,18.964,16.48,0
3281,618,2025-01-23 15:23:00,20.408,22.56,0
3282,6,2025-06-11 03:34:00,15.304,9.96,0
3283,226,2025-04-22 01:06:00,17.214,37.54,0
3284,269,2025-01-26 08:44:00,21.355,42.92,0
3285,468,2025-06-05 17:34:00,17.458,42.44,0
3286,697,2025-01-06 18:48:00,10.339,176.26,0
3287,350,2025-01-05 03:19:00,12.576,16.49,0
3288,370,2025-03-08 04:32:00,9.06,23.97,0
3289,70,2025-04-08 04:44:00,9.547,22.96,0
3290,420,2025-03-18 23:32:00,14.886,69.34,0
3291,389,2025-02-14 10:00:00,18.34,63.53,0
3292,509,2025-04-29 07:37:00,10.645,14.17,0
3293,677,2025-03-28 02:38:00,12.48,111.22,0
3294,453,2025-01-22 13:15:00,12.712,16.93,0
3295,41,2025-05-27 21:05:00,19.762,69.3,0
3296,653,2025-02-25 15:15:00,10.576,66.04,0
3297,381,2025-05-05 05:06:00,8.477,48.12,0
3298,389,2025-03-05 04:25:00,16.734,26.89,0
3299,698,2025-05-16 19:26:00,15.376,27.29,0
3300,471,2025-02-20 18:40:00,8.038,51.44,0
3301,632,2025-02-08 02:28:00,18.706,53.33,0
3302,704,2025-01-14 08:31:00,13.934,61.74,0
3303,394,2025-05-30 20:29:00,15.67,61.76,0
3304,785,2025-05-10 20:28:00,17.391,46.03,0
3305,137,2025-04-21 12:26:00,8.719,108.42,0
3306,697,2025-04-20 08:55:00,10.416,21.65,0
3307,678,2025-01-13 11:23:00,14.484,36.21,0
3308,79,2025-03-16 03:57:00,10.407,22.39,0
3309,122,2025-06-05 06:54:00,9.632,247.21,0
3310,29,2025-02-22 02:07:00,12.549,64.51,0
3311,221,2025-01-11 00:51:00,13.973,78.73,0
3312,793,2025-06-01 01:59:00,19.898,50.02,0
3313,99,2025-01-06 04:17:00,16.329,33.45,0
3314,27,2025-05-04 23:43:00,21.012,296.47,0
3315,367,2025-05-31 01:47:00,14.401,92.55,0
3316,282,2025-05-15 03:41:00,14.614,27.08,0
3317,503,2025-01-03 08:15:00,12.36,28.16,0
3318,485,2025-06-11 07:43:00,9.142,41.8,0
3319,661,2025-01-16 22:02:00,10.408,22.71,0
3320,124,2025-06-03 07:03:00,8.948,26.5,1
3321,369,2025-01-04 01:14:00,17.848,10.38,0
3322,18,2025-03-30 08:50:00,12.886,5.15,0
3323,776,2025-06-08 10:48:00,8.441,170.19,0
3324,170,2025-02-17 08:41:00,18.531,23.34,0
3325,476,2025-01-09 01:05:00,11.568,27.44,0
3326,704,2025-01-16 22:40:00,20.509,36.99,0
3327,483,2025-03-09 01:58:00,19.523,61.08,0
3328,500,2025-03-06 21:12:00,12.253,65.11,0
3329,140,2025-02-09 01:24:00,11.3,79.73,0
3330,567,2025-03-24 07:17:00,21.903,55.44,0
3331,152,2025-03-03 11:58:00,19.475,28.25,0
3332,553,2025-04-17 06:56:00,20.973,96.26,0
3333,461,2025-02-22 07:21:00,8.239,30.34,0
3334,391,2025-02-26 14:24:00,16.377,79.89,0
3335,576,2025-06-09 19:36:00,11.733,10.21,0
3336,575,2025-05-22 06:05:00,13.246,99.13,0
3337,163,2025-05-19 08:48:00,9.275,17.15,0
3338,300,2025-03-10 07:46:00,18.477,10.97,0
3339,387,2025-06-09 07:16:00,15.359,12.38,0
3340,121,2025-03-03 09:19:00,19.088,41.17,0
3341,284,2025-05-10 14:35:00,9.631,217.91,0
3342,33,2025-05-16 05:43:00,21.962,29.92,0
3343,351,2025-03-01 11:06:00,12.88,31.99,0
3344,164,2025-04-21 19:05:00,21.32,64.72,0
3345,177,2025-02-03 10:51:00,17.47,22.08,0
3346,654,2025-03-11 03:03:00,9.524,31.05,0
3347,112,2025-04-06 08:38:00,18.948,26.48,0
3348,96,2025-04-30 20:25:00,15.849,168.88,0
3349,256,2025-03-06 04:48:00,10.642,37.18,0
3350,18,2025-05-09 03:13:00,10.621,63.71,0
3351,695,2025-04-26 19:32:00,21.344,19.8,0
3352,789,2025-06-05 12:06:00,21.98,14.07,0
3353,644,2025-01-08 00:11:00,16.066,59.53,0
3354,639,2025-04-03 09:54:00,10.62,42.85,0
3355,81,2025-05-09 08:04:00,12.764,79.79,0
3356,443,2025-03-17 23:57:00,10.967,17.22,0
3357,70,2025-02-23 22:05:00,16.505,32.51,0
3358,240,2025-04-15 16:49:00,13.604,12.49,0
3359,394,2025-03-25 04:52:00,13.293,23.57,0
3360,545,2025-03-19 08:20:00,19.22,11.01,0
3361,221,2025-06-26 03:36:00,21.49,27.88,0
3362,204,2025-03-18 02:32:00,10.758,99.65,0
3363,658,2025-02-08 19:17:00,13.802,17.62,0
3364,179,2025-01-04 00:14:00,15.511,17.44,0
3365,388,2025-01-22 04:16:00,11.442,30.62,0
3366,229,2025-04-07 15:41:00,13.627,30.21,0
3367,682,2025-02-07 18:23:00,8.781,64.81,0
3368,427,2025-01-20 17:21:00,8.577,12.38,0
3369,86,2025-03-05 06:29:00,19.009,4.72,0
3370,118,2025-02-13 06:37:00,12.747,36.82,0
3371,776,2025-04-07 12:32:00,17.904,135.35,0
3372,752,2025-01-11 03:13:00,9.161,29.97,0
3373,613,2025-06-26 10:34:00,17.389,48.05,0
3374,62,2025-06-14 00:42:00,17.147,32.84,0
3375,585,2025-06-06 13:53:00,19.5,63.55,0
3376,528,2025-01-31 20:51:00,0.499,27.66,1
3377,752,2025-05-09 16:36:00,15.716,33.0,0
3378,389,2025-01-03 10:58:00,20.617,129.78,0
3379,376,2025-05-10 16:41:00,11.078,87.41,0
3380,506,2025-05-24 14:13:00,9.748,20.12,0
3381,119,2025-02-21 01:56:00,12.827,20.55,0
3382,596,2025-03-25 11:28:00,21.515,21.73,0
3383,397,2025-06-17 00:49:00,10.203,14.24,0
3384,150,2025-02-05 16:18:00,9.671,22.5,0
3385,652,2025-04-08 02:51:00,21.968,31.76,0
3386,211,2025-02-24 16:39:00,13.504,18.85,0
3387,687,2025-01-30 06:05:00,10.089,52.69,0
3388,218,2025-05-03 17:12:00,15.821,9.18,0
3389,390,2025-06-21 01:18:00,8.194,13.62,0
3390,349,2025-04-12 18:25:00,13.958,59.3,0
3391,585,2025-04-02 04:11:00,8.507,160.15,0
3392,148,2025-04-07 01:47:00,15.915,42.85,0
3393,197,2025-01-28 23:48:00,16.747,17.96,0
3394,153,2025-02-06 05:22:00,8.049,14.37,0
3395,184,2025-05-13 08:12:00,15.178,25.92,0
3396,362,2025-04-16 11:05:00,21.229,96.41,0
3397,469,2025-02-12 01:58:00,13.573,52.81,0
3398,690,2025-01-04 12:05:00,21.363,13.01,0
3399,337,2025-02-03 18:43:00,21.489,46.77,0
3400,327,2025-04-01 21:57:00,11.363,110.29,0
3401,128,2025-02-18 03:59:00,16.083,90.02,0
3402,79,2025-05-12 13:45:00,19.624,101.47,0
3403,609,2025-04-15 02:09:00,17.928,66.39,0
3404,506,2025-01-27 13:02:00,18.642,12.55,0
3405,425,2025-02-22 15:59:00,11.653,18.35,0
3406,355,2025-01-07 10:12:00,20.855,140.75,0
3407,416,2025-01-08 08:18:00,11.299,26.66,0
3408,676,2025-05-16 09:31:00,17.027,7.68,0
3409,151,2025-03-11 17:59:00,20.386,56.85,0
3410,399,2025-06-08 16:57:00,13.033,81.86,0
3411,192,2025-02-12 04:33:00,15.73,32.82,0
3412,83,2025-02-27 21:08:00,17.667,54.33,0
3413,554,2025-04-03 01:27:00,20.999,18.04,0
3414,563,2025-02-20 13:39:00,14.273,24.14,0
3415,681,2025-03-24 17:18:00,16.445,8.23,0
3416,17,2025-01-23 00:58:00,9.985,14.83,0
3417,141,2025-01-15 01:19:00,8.913,110.47,0
3418,459,2025-06-04 22:26:00,8.3,2.47,0
3419,649,2025-02-14 03:45:00,14.672,25.67,0
3420,752,2025-01-19 09:12:00,15.64,22.84,0
3421,630,2025-02-20 16:00:00,9.209,56.31,0
3422,723,2025-03-17 12:14:00,10.535,6.35,0
3423,651,2025-03-29 06:03:00,11.728,19.0,0
3424,252,2025-05-18 20:26:00,20.478,21.86,0
3425,465,2025-05-28 23:59:00,9.39,48.4,0
3426,508,2025-02-22 13:07:00,14.856,34.73,0
3427,281,2025-02-09 08:21:00,19.047,9.3,0
3428,708,2025-01-23 06:43:00,20.182,26.69,0
3429,616,2025-01-29 11:21:00,17.704,18.79,0
3430,413,2025-01-06 03:02:00,11.718,50.71,0
3431,383,2025-01-01 04:24:00,9.7,28.74,0
3432,634,2025-03-17 07:01:00,10.211,141.77,0
3433,177,2025-04-20 04:05:00,18.784,20.58,0
3434,174,2025-05-28 10:58:00,12.151,22.22,0
3435,321,2025-02-28 14:45:00,12.73,22.87,0
3436,102,2025-02-22 00:45:00,10.457,29.99,0
3437,366,2025-05-01 15:04:00,14.085,68.63,0
3438,86,2025-04-25 14:40:00,12.684,24.57,1
3439,404,2025-05-05 05:24:00,12.998,25.51,0
3440,369,2025-01-31 14:27:00,8.473,46.57,0
3441,718,2025-01-09 01:07:00,14.476,16.42,0
3442,219,2025-04-09 02:08:00,9.566,57.97,0
3443,328,2025-03-17 07:32:00,15.499,25.87,0
3444,590,2025-02-16 11:46:00,17.369,17.0,0
3445,227,2025-06-24 05:41:00,15.645,8.04,0
3446,525,2025-01-29 15:25:00,10.051,14.49,0
3447,769,2025-02-19 12:37:00,16.631,29.67,0
3448,300,2025-05-15 23:28:00,13.779,32.51,0
3449,193,2025-04-06 07:39:00,13.032,27.88,0
3450,152,2025-02-11 15:34:00,10.083,10.71,0
3451,8,2025-04-07 19:21:00,21.921,29.54,0
3452,780,2025-03-17 11:06:00,13.497,10.1,1
3453,679,2025-02-16 21:34:00,14.389,12.67,0
3454,203,2025-05-01 19:08:00,9.321,83.38,0
3455,763,2025-05-21 06:23:00,17.457,31.41,0
3456,762,2025-01-13 07:53:00,11.957,49.05,0
3457,545,2025-01-01 15:54:00,18.362,107.29,0
3458,784,2025-06-12 13:56:00,8.94,32.58,0
3459,326,2025-02-10 19:44:00,12.156,73.57,0
3460,765,2025-01-16 12:38:00,18.439,46.5,0
3461,435,2025-04-17 15:43:00,13.544,19.18,0
3462,64,2025-02-28 01:33:00,0.847,30.38,1
3463,665,2025-06-15 02:42:00,19.054,18.69,0
3464,760,2025-06-22 21:19:00,21.518,55.61,0
3465,708,2025-01-02 17:10:00,13.271,75.7,0
3466,333,2025-02-04 11:21:00,16.702,11.42,0
3467,82,2025-04-19 03:44:00,13.217,16.87,0
3468,468,2025-03-02 11:52:00,15.77,25.6,0
3469,694,2025-01-01 14:32:00,18.34,17.75,0
3470,672,2025-03-25 05:57:00,16.861,28.25,0
3471,493,2025-04-23 02:34:00,12.406,45.56,0
3472,629,2025-06-28 04:20:00,10.733,95.35,0
3473,25,2025-03-16 02:05:00,15.621,22.74,0
3474,498,2025-05-23 02:14:00,17.233,21.91,0
3475,86,2025-03-20 04:50:00,16.043,45.89,0
3476,599,2025-05-01 20:42:00,9.794,32.69,0
3477,36,2025-06-24 03:38:00,12.971,9.79,0
3478,475,2025-05-27 05:52:00,18.425,17.08,0
3479,758,2025-05-03 19:18:00,10.054,25.72,0
3480,89,2025-05-29 22:41:00,20.367,63.35,0
3481,341,2025-02-05 08:30:00,14.531,82.61,0
3482,32,2025-05-24 06:47:00,19.076,14.54,0
3483,572,2025-06-29 12:29:00,12.771,18.34,0
3484,740,2025-06-25 04:02:00,13.029,67.71,0
3485,1,2025-02-16 04:50:00,21.538,23.46,0
3486,436,2025-03-18 22:39:00,15.943,45.16,0
3487,634,2025-05-04 11:07:00,9.427,29.12,0
3488,20,2025-01-14 06:09:00,21.407,34.78,0
3489,385,2025-05-03 10:52:00,13.248,24.34,0
3490,103,2025-02-19 14:25:00,17.943,82.81,0
3491,738,2025-06-02 22:48:00,9.8,141.47,1
3492,407,2025-04-21 11:40:00,19.975,24.67,0
3493,416,2025-03-13 19:06:00,21.427,76.87,0
3494,797,2025-01-10 00:08:00,13.36,28.57,0
3495,631,2025-05-06 06:34:00,10.026,30.87,0
3496,251,2025-04-07 12:44:00,15.807,72.58,0
3497,503,2025-04-23 16:03:00,10.265,48.77,0
3498,237,2025-01-04 04:54:00,14.19,66.16,0
3499,416,2025-03-20 13:20:00,16.717,87.59,0
3500,649,2025-05-17 02:32:00,9.95,10.59,0
3501,758,2025-06-14 20:56:00,21.272,23.29,0
3502,761,2025-03-05 04:34:00,17.878,378.52,1
3503,396,2025-02-15 08:20:00,13.058,43.43,0
3504,716,2025-05-08 02:19:00,13.82,76.92,0
3505,713,2025-02-10 08:51:00,19.874,4.53,0
3506,437,2025-06-09 21:15:00,14.664,9.42,0
3507,28,2025-04-24 11:16:00,21.819,6.36,0
3508,95,2025-06-16 14:00:00,8.87,16.71,0
3509,525,2025-02-04 05:57:00,11.799,34.09,0
3510,664,2025-01-16 02:52:00,15.258,119.93,0
3511,729,2025-05-30 09:34:00,9.902,11.51,0
3512,194,2025-02-22 00:05:00,12.987,221.93,0
3513,719,2025-03-03 03:23:00,15.28,49.66,0
3514,661,2025-02-18 06:14:00,11.654,51.13,0
3515,388,2025-03-17 19:08:00,10.305,57.74,0
3516,299,2025-06-11 19:03:00,11.757,10.51,0
3517,377,2025-05-03 19:36:00,9.156,20.28,0
3518,540,2025-01-13 23:34:00,10.743,14.35,0
3519,648,2025-06-09 07:38:00,8.854,54.4,0
3520,137,2025-03-21 10:20:00,21.335,15.7,0
3521,268,2025-05-05 04:39:00,10.254,27.26,0
3522,96,2025-03-07 18:29:00,8.018,18.97,0
3523,749,2025-01-17 22:57:00,21.403,101.34,0
3524,325,2025-03-17 13:15:00,18.62,19.85,0
3525,200,2025-03-02 20:25:00,11.738,13.39,0
3526,162,2025-01-04 05:13:00,20.305,47.45,0
3527,59,2025-05-16 00:16:00,20.203,30.71,0
3528,377,2025-06-05 02:20:00,18.374,99.24,0
3529,617,2025-06-13 09:28:00,16.291,41.28,0
3530,258,2025-02-13 23:09:00,16.186,40.19,0
3531,323,2025-04-25 02:07:00,2.897,65.22,1
3532,509,2025-04-06 18:28:00,14.512,46.67,0
3533,284,2025-04-18 07:23:00,19.32,60.88,0
3534,591,2025-05-24 15:19:00,9.575,56.93,0
3535,256,2025-03-10 06:13:00,17.812,24.85,0
3536,356,2025-02-19 11:20:00,21.854,12.36,0
3537,784,2025-03-28 01:10:00,8.14,28.05,0
3538,668,2025-04-30 19:39:00,11.611,6.49,0
3539,457,2025-03-19 19:13:00,18.989,17.92,0
3540,313,2025-02-24 14:55:00,18.273,23.56,0
3541,793,2025-01-10 22:21:00,18.279,91.29,0
3542,370,2025-04-14 03:29:00,21.754,28.63,0
3543,274,2025-01-04 22:24:00,9.342,131.51,0
3544,476,2025-03-26 17:27:00,17.451,47.14,0
3545,331,2025-04-22 03:11:00,16.977,8.78,0
3546,711,2025-03-25 00:01:00,10.881,80.97,0
3547,169,2025-04-02 18:30:00,10.981,74.51,0
3548,40,2025-02-19 22:30:00,17.103,8.46,0
3549,344,2025-02-14 01:55:00,17.163,57.83,0
3550,758,2025-06-02 01:59:00,16.401,102.77,0
3551,49,2025-06-10 16:41:00,14.466,5.83,0
3552,646,2025-01-29 20:37:00,17.621,13.67,0
3553,0,2025-02-07 04:29:00,12.506,69.26,0
3554,446,2025-03-06 06:54:00,11.301,28.13,0
3555,362,2025-05-07 02:09:00,16.336,106.2,0
3556,127,2025-01-12 03:08:00,16.642,69.48,0
3557,596,2025-05-22 21:43:00,19.372,63.53,0
3558,140,2025-01-02 05:52:00,13.825,83.31,0
3559,349,2025-06-01 05:46:00,18.698,17.01,0
3560,446,2025-01-08 08:46:00,20.848,25.56,0
3561,414,2025-06-01 02:46:00,13.959,155.36,0
3562,25,2025-06-19 20:51:00,15.596,24.75,0
3563,356,2025-05-23 22:51:00,20.744,78.6,0
3564,523,2025-06-27 03:26:00,12.204,27.96,0
3565,421,2025-03-24 09:41:00,18.117,17.74,0
3566,584,2025-04-26 12:03:00,16.081,14.87,0
3567,620,2025-04-23 07:17:00,13.796,50.99,0
3568,143,2025-01-03 02:49:00,20.099,92.99,0
3569,643,2025-06-04 09:18:00,10.194,48.46,0
3570,715,2025-05-07 21:45:00,8.496,40.16,0
3571,670,2025-03-17 15:39:00,10.9,13.08,0
3572,681,2025-02-08 15:33:00,20.268,32.8,0
3573,169,2025-05-01 18:05:00,12.81,37.87,0
3574,521,2025-06-26 16:10:00,17.576,16.21,0
3575,366,2025-01-29 17:11:00,11.232,46.39,0
3576,787,2025-06-15 14:36:00,14.873,18.89,0
3577,664,2025-04-12 15:28:00,15.32,23.95,0
3578,129,2025-05-22 23:33:00,11.435,60.89,0
3579,753,2025-01-26 09:19:00,13.424,117.87,0
3580,557,2025-01-19 19:38:00,11.665,109.94,0
3581,434,2025-04-29 20:27:00,9.409,29.3,0
3582,356,2025-02-21 00:45:00,14.043,50.93,0
3583,394,2025-03-09 19:54:00,15.891,54.58,0
3584,616,2025-04-23 00:02:00,9.261,54.33,0
3585,611,2025-02-11 00:16:00,13.011,36.41,0
3586,441,2025-03-03 11:34:00,14.478,92.78,0
3587,793,2025-03-06 22:24:00,21.055,20.15,0
3588,185,2025-03-05 11:42:00,16.545,13.21,0
3589,340,2025-05-07 06:07:00,21.192,43.7,0
3590,478,2025-01-28 07:29:00,15.341,25.67,0
3591,132,2025-06-13 10:42:00,19.246,152.65,0
3592,399,2025-05-09 21:47:00,9.348,22.7,0
3593,667,2025-01-03 00:44:00,15.902,75.34,0
3594,540,2025-04-12 17:39:00,12.941,48.12,0
3595,568,2025-01-31 05:06:00,18.198,10.76,0
3596,129,2025-01-28 11:46:00,20.286,52.99,0
3597,116,2025-05-08 00:46:00,17.972,19.57,0
3598,353,2025-02-14 20:41:00,9.236,225.35,0
3599,258,2025-04-13 08:56:00,16.695,17.54,0
3600,8,2025-02-21 04:01:00,18.417,15.76,0
3601,442,2025-02-27 10:52:00,8.418,5.75,0
3602,603,2025-05-01 17:43:00,10.376,17.87,0
3603,585,2025-04-28 07:37:00,17.524,58.97,0
3604,82,2025-01-04 20:54:00,12.409,14.45,0
3605,624,2025-06-06 02:15:00,8.871,476.42,1
3606,304,2025-04-16 15:49:00,20.452,40.55,0
3607,124,2025-02-16 10:28:00,21.33,15.11,0
3608,377,2025-01-21 07:15:00,13.229,29.99,0
3609,173,2025-03-29 10:06:00,21.9,15.53,0
3610,538,2025-05-06 05:41:00,19.992,65.58,0
3611,595,2025-01-04 17:42:00,15.782,7.68,0
3612,580,2025-02-22 04:05:00,18.461,59.49,0
3613,92,2025-06-20 06:42:00,21.107,18.52,0
3614,278,2025-01-19 01:11:00,18.182,36.21,0
3615,398,2025-05-25 07:06:00,12.725,47.89,0
3616,787,2025-02-12 21:28:00,10.702,36.93,0
3617,436,2025-04-01 21:59:00,14.045,171.67,0
3618,522,2025-05-18 09:30:00,10.613,23.62,0
3619,271,2025-06-28 13:25:00,8.301,11.04,0
3620,236,2025-04-19 14:55:00,14.383,187.62,0
3621,637,2025-02-09 15:20:00,12.61,44.4,0
3622,667,2025-01-15 17:20:00,9.334,37.32,0
3623,44,2025-05-14 21:57:00,20.2,198.54,0
3624,431,2025-04-15 02:57:00,9.721,11.62,0
3625,621,2025-05-19 12:16:00,16.826,30.99,0
3626,126,2025-06-27 16:46:00,15.97,13.91,0
3627,516,2025-05-30 13:17:00,21.706,30.4,0
3628,378,2025-04-01 06:59:00,11.554,10.56,0
3629,405,2025-05-04 07:36:00,11.297,35.72,0
3630,475,2025-04-23 12:14:00,16.781,33.72,0
3631,697,2025-02-04 07:21:00,15.816,32.37,0
3632,69,2025-02-25 14:28:00,19.365,5.42,0
3633,161,2025-01-17 10:33:00,10.423,61.59,0
3634,276,2025-03-08 07:36:00,12.209,27.72,0
3635,640,2025-02-02 11:08:00,8.07,273.15,0
3636,473,2025-06-11 10:30:00,18.102,22.92,0
3637,150,2025-06-04 11:56:00,12.557,20.09,0
3638,18,2025-05-11 23:58:00,11.305,38.04,0
3639,792,2025-03-14 08:37:00,16.469,12.47,0
3640,110,2025-01-02 08:49:00,11.524,89.22,0
3641,26,2025-04-09 07:26:00,8.794,15.87,0
3642,325,2025-01-05 11:05:00,11.308,17.3,0
3643,442,2025-01-05 13:36:00,19.896,65.82,0
3644,206,2025-01-28 20:36:00,16.335,41.46,0
3645,134,2025-03-30 10:58:00,14.596,40.83,0
3646,69,2025-05-15 20:20:00,14.88,11.79,0
3647,326,2025-03-15 16:02:00,21.957,76.13,0
3648,761,2025-05-20 12:25:00,8.441,15.34,0
3649,118,2025-04-07 05:18:00,10.257,8.8,0
3650,458,2025-06-10 20:25:00,20.117,47.04,0
3651,155,2025-03-09 13:10:00,15.488,29.47,0
3652,538,2025-02-24 01:24:00,21.931,28.9,0
3653,48,2025-01-14 13:54:00,17.575,59.78,0
3654,162,2025-02-09 10:10:00,18.128,27.1,0
3655,6,2025-01-08 21:54:00,16.117,8.64,0
3656,518,2025-02-01 06:19:00,8.243,26.67,0
3657,575,2025-06-20 23:07:00,20.712,44.06,0
3658,137,2025-04-09 00:04:00,15.322,40.36,0
3659,362,2025-04-19 16:29:00,8.127,30.33,0
3660,234,2025-03-11 06:11:00,10.939,240.85,0
3661,36,2025-04-26 19:28:00,12.905,132.04,0
3662,29,2025-04-12 04:49:00,12.007,13.39,0
3663,751,2025-06-14 18:36:00,8.389,11.7,0
3664,517,2025-05-24 04:38:00,11.923,101.11,0
3665,532,2025-04-10 03:43:00,20.548,82.08,0
3666,236,2025-05-21 16:34:00,16.244,114.32,0
3667,211,2025-04-21 19:11:00,12.578,24.53,0
3668,635,2025-06-29 01:23:00,9.234,30.79,0
3669,350,2025-04-05 03:31:00,18.518,8.44,0
3670,81,2025-06-03 04:35:00,18.057,39.27,0
3671,391,2025-02-01 16:12:00,8.033,21.0,0
3672,417,2025-01-31 06:56:00,21.908,18.74,0
3673,455,2025-02-26 01:43:00,11.719,73.28,0
3674,429,2025-05-29 05:25:00,11.674,30.9,0
3675,685,2025-06-09 04:20:00,12.214,67.71,0
3676,195,2025-03-14 04:55:00,21.464,32.11,0
3677,471,2025-03-21 21:29:00,19.776,54.27,0
3678,710,2025-03-30 01:21:00,16.922,12.25,0
3679,782,2025-02-06 17:55:00,14.92,15.89,0
3680,771,2025-04-07 16:05:00,12.578,50.3,0
3681,581,2025-05-30 01:08:00,12.691,135.55,0
3682,85,2025-05-16 04:34:00,12.559,50.83,0
3683,790,2025-01-16 17:09:00,20.076,35.43,0
3684,25,2025-03-05 15:34:00,17.538,116.42,0
3685,440,2025-04-26 02:46:00,13.695,29.4,0
3686,357,2025-04-17 18:14:00,21.91,18.51,0
3687,542,2025-05-07 00:32:00,10.485,35.19,0
3688,626,2025-05-15 12:23:00,9.073,47.16,0
3689,590,2025-02-24 16:16:00,13.154,12.71,0
3690,181,2025-03-26 13:26:00,21.746,38.81,0
3691,603,2025-01-31 00:56:00,8.336,8.81,0
3692,606,2025-05-10 01:32:00,9.134,27.52,0
3693,19,2025-03-22 16:37:00,12.78,30.88,0
3694,509,2025-03-04 18:25:00,21.824,34.11,0
3695,101,2025-05-16 21:44:00,12.808,7.31,0
3696,449,2025-06-18 19:22:00,17.493,37.93,0
3697,182,2025-06-09 14:30:00,20.096,70.42,0
3698,286,2025-01-25 06:55:00,17.388,107.96,0
3699,217,2025-05-27 18:15:00,9.257,111.91,0
3700,689,2025-04-13 01:48:00,10.079,35.72,0
3701,724,2025-01-20 17:09:00,11.624,254.22,0
3702,638,2025-03-11 19:25:00,19.144,19.05,0
3703,578,2025-02-10 02:23:00,19.226,19.54,0
3704,290,2025-02-16 11:17:00,10.384,35.51,0
3705,114,2025-04-22 01:22:00,13.307,67.84,0
3706,454,2025-03-14 15:32:00,9.957,58.55,0
3707,341,2025-05-08 18:48:00,14.623,5.26,0
3708,225,2025-05-26 02:35:00,13.1,16.18,0
3709,194,2025-01-02 13:44:00,21.889,64.66,0
3710,128,2025-05-29 09:50:00,13.442,17.19,0
3711,663,2025-01-26 15:55:00,8.7,31.57,0
3712,257,2025-01-02 01:29:00,15.287,46.65,0
3713,734,2025-01-17 22:09:00,20.701,51.54,0
3714,535,2025-01-10 03:35:00,13.173,69.68,0
3715,131,2025-03-03 09:35:00,19.459,96.76,0
3716,50,2025-06-01 03:01:00,13.834,58.06,0
3717,333,2025-05-03 13:03:00,15.957,13.11,0
3718,65,2025-03-21 13:58:00,15.033,55.95,0
3719,762,2025-06-19 18:35:00,20.238,83.16,0
3720,725,2025-03-29 16:52:00,15.953,50.31,0
3721,525,2025-01-17 02:44:00,13.307,98.21,0
3722,234,2025-01-04 13:11:00,18.738,42.33,0
3723,694,2025-04-02 02:18:00,8.705,31.62,0
3724,517,2025-02-10 11:58:00,11.815,17.77,0
3725,286,2025-03-09 01:03:00,12.01,178.18,0
3726,703,2025-02-25 17:19:00,15.965,15.17,0
3727,167,2025-03-13 16:44:00,19.678,34.87,0
3728,454,2025-06-23 04:54:00,15.753,26.32,0
3729,553,2025-01-13 05:57:00,14.417,12.04,0
3730,726,2025-01-20 15:21:00,8.914,71.23,0
3731,109,2025-02-21 21:32:00,21.581,52.17,0
3732,230,2025-05-14 16:30:00,12.138,42.54,0
3733,671,2025-02-15 10:36:00,9.815,21.19,0
3734,399,2025-02-14 20:02:00,19.66,54.93,0
3735,603,2025-05-10 07:03:00,20.465,28.4,0
3736,618,2025-04-19 07:33:00,12.18,51.43,0
3737,243,2025-04-26 12:49:00,15.68,110.42,0
3738,265,2025-04-29 16:37:00,18.968,4.96,0
3739,398,2025-04-25 12:51:00,8.304,78.03,0
3740,22,2025-04-10 23:51:00,21.817,233.72,0
3741,639,2025-04-04 11:11:00,12.535,138.66,0
3742,92,2025-05-19 01:51:00,14.717,64.96,0
3743,747,2025-03-03 13:48:00,8.708,93.14,0
3744,623,2025-02-27 23:18:00,8.657,17.74,0
3745,281,2025-02-13 21:10:00,9.563,42.42,0
3746,57,2025-05-30 10:59:00,12.496,31.04,0
3747,631,2025-01-03 00:44:00,20.901,24.09,0
3748,358,2025-02-07 15:57:00,15.216,77.17,0
3749,155,2025-01-27 15:02:00,12.56,29.88,0
3750,343,2025-03-09 05:53:00,14.316,7.94,0
3751,722,2025-02-09 13:53:00,11.711,49.71,0
3752,550,2025-04-01 22:46:00,16.736,34.23,0
3753,549,2025-06-25 14:26:00,15.1,60.94,0
3754,411,2025-03-18 22:04:00,13.3,25.22,0
3755,122,2025-06-24 16:21:00,17.606,8.82,0
3756,759,2025-02-25 14:44:00,13.484,16.05,0
3757,591,2025-05-19 04:19:00,19.292,16.83,0
3758,412,2025-01-25 20:17:00,16.378,15.38,0
3759,579,2025-04-20 20:36:00,10.83,22.31,0
3760,290,2025-05-16 06:15:00,10.285,62.62,0
3761,593,2025-05-01 09:15:00,11.583,11.59,0
3762,774,2025-06-18 18:39:00,20.855,70.94,0
3763,275,2025-04-19 02:22:00,19.528,12.67,0
3764,6,2025-04-16 12:56:00,21.611,25.8,0
3765,591,2025-04-27 10:18:00,18.421,34.02,0
3766,681,2025-03-05 15:37:00,20.802,27.54,0
3767,661,2025-02-09 11:06:00,12.975,57.56,0
3768,780,2025-06-12 23:26:00,16.678,32.09,0
3769,277,2025-06-25 19:21:00,13.481,30.87,0
3770,734,2025-06-17 15:41:00,20.108,5.23,0
3771,166,2025-05-17 04:40:00,21.958,48.23,0
3772,469,2025-02-10 05:44:00,18.437,157.32,0
3773,710,2025-02-12 03:55:00,18.942,23.61,0
3774,732,2025-02-25 17:13:00,20.333,59.37,0
3775,496,2025-04-03 10:57:00,9.335,18.11,0
3776,436,2025-02-12 11:29:00,14.745,76.99,0
3777,368,2025-05-23 01:25:00,18.255,53.01,0
3778,694,2025-01-16 04:46:00,16.471,26.1,0
3779,703,2025-06-14 00:12:00,15.565,24.76,0
3780,191,2025-03-23 10:57:00,13.401,58.65,0
3781,108,2025-03-11 02:12:00,11.086,36.16,0
3782,651,2025-03-23 00:48:00,20.914,13.07,0
3783,648,2025-03-29 01:42:00,18.278,10.31,0
3784,79,2025-04-10 06:30:00,16.589,56.03,0
3785,392,2025-02-25 18:41:00,9.195,19.01,0
3786,405,2025-02-24 17:32:00,9.563,36.0,0
3787,34,2025-03-09 18:49:00,14.053,56.03,0
3788,531,2025-01-29 02:12:00,9.76,13.37,0
3789,778,2025-02-10 23:42:00,10.085,15.55,0
3790,169,2025-03-17 08:51:00,9.138,128.18,0
3791,622,2025-01-06 09:13:00,12.117,25.17,0
3792,64,2025-03-17 13:32:00,8.156,79.09,0
3793,171,2025-03-16 22:32:00,18.252,260.13,0
3794,452,2025-01-01 11:14:00,16.391,42.38,0
3795,738,2025-03-26 16:53:00,15.107,17.56,0
3796,708,2025-04-30 02:21:00,21.816,38.74,0
3797,748,2025-05-21 09:09:00,14.746,30.09,0
3798,790,2025-03-11 16:43:00,20.175,36.93,0
3799,640,2025-04-05 01:43:00,10.651,62.12,0
3800,290,2025-01-15 02:34:00,3.252,68.08,1
3801,101,2025-02-28 18:02:00,12.599,7.04,0
3802,657,2025-04-30 10:56:00,21.865,90.68,0
3803,149,2025-03-25 09:12:00,20.707,43.57,0
3804,416,2025-06-21 17:43:00,14.28,22.12,0
3805,603,2025-05-24 07:17:00,19.822,62.97,0
3806,27,2025-06-13 06:34:00,11.265,15.1,0
3807,731,2025-03-28 13:42:00,16.297,15.68,0
3808,242,2025-01-14 19:12:00,10.266,81.66,0
3809,172,2025-04-10 22:23:00,16.053,36.93,0
3810,297,2025-06-20 06:07:00,11.112,122.67,0
3811,368,2025-02-01 03:21:00,16.201,20.22,0
3812,363,2025-06-22 20:39:00,14.001,44.19,0
3813,123,2025-01-02 08:59:00,15.823,47.72,0
3814,151,2025-04-21 13:03:00,10.257,48.43,0
3815,382,2025-06-17 08:12:00,15.091,57.51,0
3816,181,2025-02-08 00:16:00,12.429,50.55,0
3817,514,2025-02-18 05:36:00,10.015,35.54,0
3818,719,2025-05-26 07:39:00,15.006,7.4,0
3819,14,2025-03-04 13:31:00,9.938,69.87,0
3820,28,2025-04-28 22:28:00,13.982,5.24,0
3821,514,2025-01-21 16:08:00,12.524,13.04,0
3822,22,2025-05-01 23:08:00,15.602,19.92,0
3823,511,2025-04-03 08:09:00,14.773,72.09,0
3824,392,2025-04-01 03:06:00,9.884,29.3,0
3825,364,2025-05-13 16:16:00,11.906,156.85,0
3826,485,2025-03-22 14:16:00,15.794,11.54,0
3827,716,2025-05-04 11:48:00,19.675,14.52,0
3828,101,2025-03-18 16:21:00,8.829,5.78,0
3829,107,2025-06-04 00:12:00,9.272,13.98,0
3830,557,2025-04-11 01:39:00,19.157,21.1,0
3831,41,2025-02-21 13:58:00,12.758,112.99,0
3832,343,2025-06-08 04:29:00,11.596,80.8,0
3833,396,2025-02-26 15:20:00,11.215,42.36,0
3834,313,2025-06-19 14:55:00,21.59,27.29,0
3835,426,2025-06-23 19:16:00,15.15,64.53,0
3836,90,2025-04-11 09:59:00,10.253,96.89,0
3837,213,2025-03-24 04:30:00,13.684,20.86,0
3838,4,2025-02-17 19:55:00,11.649,22.59,0
3839,769,2025-05-31 05:05:00,10.362,24.78,0
3840,665,2025-02-18 08:55:00,21.7,8.74,0
3841,202,2025-04-21 01:41:00,14.231,92.21,0
3842,29,2025-05-25 17:42:00,17.677,21.95,0
3843,216,2025-02-02 13:20:00,20.58,27.77,0
3844,764,2025-02-01 01:46:00,10.879,112.18,0
3845,648,2025-06-22 08:07:00,9.792,22.73,0
3846,527,2025-06-27 17:46:00,11.644,96.37,0
3847,738,2025-02-28 09:35:00,17.976,8.64,0
3848,141,2025-02-11 19:13:00,13.348,54.84,0
3849,428,2025-04-26 12:32:00,14.847,24.51,0
3850,635,2025-04-16 00:58:00,8.284,9.89,0
3851,15,2025-02-15 19:30:00,8.06,14.11,0
3852,348,2025-02-08 19:20:00,13.699,39.16,0
3853,284,2025-04-14 14:53:00,10.105,16.24,0
3854,141,2025-02-19 11:33:00,19.075,47.55,0
3855,179,2025-04-08 09:36:00,21.318,19.28,0
3856,774,2025-05-04 17:48:00,20.96,9.58,0
3857,408,2025-02-16 23:41:00,14.518,76.04,0
3858,65,2025-04-13 21:36:00,12.016,44.29,0
3859,546,2025-06-27 23:29:00,14.773,8.27,0
3860,472,2025-04-07 19:04:00,9.456,59.01,0
3861,313,2025-01-26 07:45:00,21.215,38.59,0
3862,317,2025-05-13 07:09:00,17.398,24.78,0
3863,429,2025-03-21 17:48:00,12.012,25.58,0
3864,743,2025-05-09 23:39:00,18.63,102.28,0
3865,607,2025-01-06 15:33:00,11.43,45.18,0
3866,320,2025-05-09 02:09:00,18.52,106.34,0
3867,196,2025-05-03 21:21:00,13.626,51.21,0
3868,86,2025-01-01 16:12:00,20.095,42.23,0
3869,156,2025-03-25 04:17:00,21.857,19.1,0
3870,109,2025-03-26 14:11:00,12.483,39.71,0
3871,644,2025-04-11 19:35:00,15.716,79.21,0
3872,460,2025-04-21 22:34:00,11.331,37.35,0
3873,29,2025-05-06 17:33:00,19.205,164.76,0
3874,740,2025-06-14 10:21:00,14.887,79.12,0
3875,120,2025-05-18 12:31:00,21.773,13.42,0
3876,516,2025-02-25 22:09:00,20.417,503.4,1
3877,9,2025-06-23 20:22:00,11.818,59.98,0
3878,471,2025-03-28 02:05:00,9.673,233.38,1
3879,444,2025-06-05 12:27:00,16.678,31.89,0
3880,727,2025-03-29 08:36:00,12.453,16.6,0
3881,480,2025-02-28 06:50:00,11.552,36.16,0
3882,391,2025-05-11 02:38:00,15.632,16.7,0
3883,424,2025-05-11 21:47:00,15.535,81.29,0
3884,506,2025-01-22 17:15:00,15.526,23.29,0
3885,331,2025-01-14 16:09:00,12.119,59.56,0
3886,571,2025-05-17 09:57:00,10.175,10.6,0
3887,423,2025-01-25 12:24:00,10.571,27.43,0
3888,775,2025-03-24 15:00:00,18.082,12.57,0
3889,155,2025-03-24 17:31:00,14.553,90.93,0
3890,583,2025-03-21 02:16:00,14.571,18.84,0
3891,660,2025-03-24 17:34:00,21.674,32.64,0
3892,574,2025-06-21 03:01:00,20.851,46.38,0
3893,784,2025-04-02 00:50:00,8.909,19.26,0
3894,347,2025-06-06 04:36:00,19.167,13.4,0
3895,432,2025-03-27 12:51:00,11.471,40.6,0
3896,123,2025-03-26 22:08:00,18.112,7.46,0
3897,299,2025-04-26 10:45:00,10.427,102.39,0
3898,127,2025-02-12 02:26:00,10.035,31.37,0
3899,633,2025-06-21 18:46:00,21.149,10.76,0
3900,625,2025-06-17 17:29:00,15.816,28.32,0
3901,154,2025-02-01 02:01:00,12.895,55.57,0
3902,642,2025-01-27 10:10:00,20.476,18.21,0
3903,256,2025-03-06 08:14:00,12.058,7.4,0
3904,583,2025-02-04 05:42:00,8.895,31.71,0
3905,751,2025-01-14 08:49:00,13.527,64.35,0
3906,663,2025-05-26 11:33:00,17.902,42.17,0
3907,149,2025-02-05 23:55:00,17.269,48.31,0
3908,144,2025-03-08 08:07:00,14.632,75.24,0
3909,89,2025-06-27 17:09:00,15.142,124.18,0
3910,673,2025-03-13 19:26:00,15.413,4.06,0
3911,437,2025-01-08 02:53:00,13.243,12.13,0
3912,124,2025-02-13 19:49:00,9.162,40.03,0
3913,469,2025-02-08 11:05:00,10.209,43.68,0
3914,423,2025-04-11 02:06:00,18.14,10.14,0
3915,477,2025-03-18 18:29:00,19.341,18.72,0
3916,507,2025-01-14 20:05:00,13.537,138.8,0
3917,131,2025-02-22 16:19:00,12.61,26.37,0
3918,309,2025-03-26 06:52:00,16.508,41.41,0
3919,576,2025-04-09 03:21:00,8.305,146.64,0
3920,727,2025-03-17 03:25:00,15.973,37.74,0
3921,193,2025-06-28 06:43:00,14.567,65.71,0
3922,456,2025-03-30 10:52:00,14.187,55.27,0
3923,758,2025-05-07 16:59:00,8.02,26.75,0
3924,480,2025-04-13 21:21:00,21.2,25.56,0
3925,182,2025-03-15 01:19:00,10.427,90.07,0
3926,467,2025-01-06 02:23:00,9.582,34.78,0
3927,13,2025-05-03 22:17:00,13.402,15.62,0
3928,391,2025-06-04 16:35:00,18.903,83.2,0
3929,454,2025-06-07 00:08:00,18.71,3.57,0
3930,45,2025-05-23 18:45:00,15.165,123.72,0
3931,162,2025-02-11 05:17:00,15.689,30.15,0
3932,791,2025-03-23 06:53:00,14.373,35.22,0
3933,502,2025-05-10 01:08:00,8.354,37.4,0
3934,366,2025-05-12 16:43:00,11.89,101.48,0
3935,183,2025-04-21 12:15:00,13.445,40.23,0
3936,99,2025-01-09 20:43:00,15.762,34.37,0
3937,342,2025-05-13 02:06:00,17.226,16.34,0
3938,436,2025-04-12 19:20:00,21.827,19.78,0
3939,143,2025-01-16 03:34:00,15.103,58.5,0
3940,640,2025-04-07 23:59:00,17.407,41.82,0
3941,343,2025-05-12 22:18:00,21.449,134.97,0
3942,44,2025-06-18 09:38:00,11.902,18.24,0
3943,109,2025-05-22 20:16:00,14.352,13.9,0
3944,689,2025-02-17 03:20:00,18.094,44.49,0
3945,270,2025-05-04 16:50:00,15.912,32.69,0
3946,298,2025-05-02 12:10:00,20.504,13.42,0
3947,159,2025-02-05 12:04:00,15.925,23.11,0
3948,646,2025-05-30 09:27:00,20.913,61.51,0
3949,652,2025-01-30 01:00:00,10.08,12.17,0
3950,193,2025-05-16 00:26:00,19.249,14.09,0
3951,583,2025-05-13 21:47:00,10.986,19.55,0
3952,361,2025-06-23 01:06:00,8.688,19.87,0
3953,133,2025-04-27 14:06:00,9.563,66.01,0
3954,636,2025-01-13 23:28:00,16.13,22.45,0
3955,66,2025-06-27 01:18:00,12.072,129.08,0
3956,699,2025-03-11 00:54:00,10.015,15.19,0
3957,20,2025-03-23 20:29:00,16.807,46.86,0
3958,258,2025-06-06 04:27:00,14.831,33.89,0
3959,181,2025-02-11 06:38:00,13.328,35.09,0
3960,188,2025-04-30 05:07:00,15.5,4.88,0
3961,384,2025-05-19 13:11:00,20.06,14.55,0
3962,601,2025-04-06 08:26:00,18.146,30.61,0
3963,319,2025-05-15 17:37:00,14.933,7.24,0
3964,412,2025-05-09 08:54:00,19.516,3.38,0
3965,777,2025-04-05 02:04:00,20.076,13.03,0
3966,398,2025-01-17 11:21:00,13.268,45.84,0
3967,633,2025-05-15 06:55:00,10.097,51.27,0
3968,307,2025-05-23 03:30:00,9.611,13.15,0
3969,62,2025-02-25 21:45:00,16.944,29.79,0
3970,204,2025-05-28 07:55:00,21.108,49.12,0
3971,127,2025-02-08 19:54:00,8.54,101.03,0
3972,725,2025-01-31 18:53:00,14.962,97.93,0
3973,21,2025-01-23 16:43:00,10.719,72.56,0
3974,657,2025-04-10 09:38:00,15.441,22.74,0
3975,110,2025-02-22 06:51:00,19.993,33.65,0
3976,120,2025-05-06 00:19:00,19.017,37.05,0
3977,423,2025-04-28 19:43:00,21.598,29.43,0
3978,64,2025-03-18 19:21:00,14.783,11.64,0
3979,61,2025-02-16 12:25:00,17.288,110.85,0
3980,620,2025-06-14 18:04:00,20.579,49.48,0
3981,47,2025-06-09 00:27:00,17.767,70.2,0
3982,477,2025-03-04 11:25:00,21.499,59.37,0
3983,94,2025-02-14 22:58:00,11.438,24.74,0
3984,68,2025-05-25 17:02:00,9.89,10.55,0
3985,535,2025-05-04 04:48:00,10.088,63.81,0
3986,313,2025-03-24 04:59:00,19.934,60.61,0
3987,15,2025-04-05 23:04:00,8.74,44.13,0
3988,545,2025-05-11 12:27:00,19.339,195.84,0
3989,775,2025-02-08 01:53:00,14.497,22.25,0
3990,448,2025-06-29 09:06:00,17.677,27.21,0
3991,304,2025-04-11 02:46:00,18.438,41.29,0
3992,675,2025-01-23 20:47:00,13.942,23.51,0
3993,269,2025-06-21 20:26:00,10.045,29.01,0
3994,490,2025-06-29 09:18:00,16.638,79.95,0
3995,379,2025-06-19 22:50:00,1.685,20.85,1
3996,581,2025-05-06 17:38:00,8.358,22.02,0
3997,414,2025-02-22 11:41:00,11.177,55.56,0
3998,385,2025-04-06 11:59:00,20.242,12.18,0
3999,336,2025-04-07 13:37:00,8.977,32.78,0
4000,236,2025-04-02 15:35:00,8.142,31.43,0
4001,389,2025-01-28 03:41:00,20.289,57.78,0
4002,48,2025-02-25 23:42:00,18.754,66.55,0
4003,271,2025-03-26 10:14:00,11.554,30.8,0
4004,61,2025-04-06 03:02:00,21.53,32.68,0
4005,257,2025-02-27 20:51:00,17.974,34.03,0
4006,281,2025-05-12 11:29:00,9.667,27.36,0
4007,21,2025-06-17 07:22:00,14.447,98.39,0
4008,237,2025-03-26 00:29:00,20.111,52.29,0
4009,537,2025-04-24 21:11:00,17.348,96.38,0
4010,775,2025-02-04 15:20:00,16.201,17.36,0
4011,493,2025-02-03 06:53:00,13.838,95.23,0
4012,569,2025-01-14 03:00:00,11.473,38.51,0
4013,535,2025-06-28 14:54:00,16.59,60.5,0
4014,755,2025-02-24 07:17:00,10.154,7.6,0
4015,752,2025-05-05 22:50:00,19.339,128.57,0
4016,91,2025-04-23 07:05:00,10.934,49.79,0
4017,378,2025-01-25 05:47:00,9.688,155.45,0
4018,726,2025-01-30 23:26:00,9.008,85.18,0
4019,705,2025-05-24 22:03:00,19.409,6.8,0
4020,427,2025-05-24 05:02:00,14.549,118.23,0
4021,355,2025-04-11 08:39:00,13.581,40.64,0
4022,46,2025-03-03 23:34:00,15.297,58.49,0
4023,382,2025-03-14 01:07:00,16.222,53.99,0
4024,405,2025-05-23 08:39:00,20.33,32.34,0
4025,506,2025-02-05 08:05:00,12.813,25.32,0
4026,417,2025-01-16 20:06:00,10.619,61.55,0
4027,172,2025-02-20 00:38:00,20.167,17.99,0
4028,774,2025-02-04 03:28:00,14.728,35.8,0
4029,173,2025-01-31 02:33:00,16.113,107.43,0
4030,306,2025-03-25 11:40:00,10.214,13.19,0
4031,407,2025-05-25 14:29:00,20.07,29.85,0
4032,234,2025-05-05 11:57:00,21.137,89.11,0
4033,54,2025-02-19 03:15:00,14.266,18.19,0
4034,488,2025-03-18 08:23:00,8.282,7.61,0
4035,189,2025-03-26 14:14:00,8.379,7.17,0
4036,703,2025-03-12 02:05:00,12.232,24.03,0
4037,634,2025-06-24 05:23:00,14.886,134.65,0
4038,342,2025-06-20 23:44:00,14.059,19.01,0
4039,370,2025-06-29 00:29:00,15.964,27.8,0
4040,759,2025-03-17 10:40:00,11.603,36.52,0
4041,21,2025-05-23 10:16:00,10.936,84.8,0
4042,302,2025-05-13 10:26:00,21.638,69.47,0
4043,48,2025-05-24 19:17:00,11.928,30.96,0
4044,110,2025-01-30 01:43:00,21.251,56.54,0
4045,735,2025-06-20 01:44:00,16.001,81.79,0
4046,81,2025-06-18 22:30:00,8.98,9.38,0
4047,765,2025-05-24 10:16:00,16.33,25.89,0
4048,627,2025-04-14 01:53:00,21.798,13.39,0
4049,512,2025-03-23 04:06:00,19.755,19.57,0
4050,593,2025-02-14 16:03:00,12.25,58.88,0
4051,147,2025-01-11 20:32:00,9.337,13.4,0
4052,93,2025-06-23 01:03:00,14.446,222.05,0
4053,294,2025-02-07 12:09:00,9.382,59.3,0
4054,611,2025-03-03 11:25:00,12.167,21.93,0
4055,244,2025-03-22 00:27:00,20.854,31.51,0
4056,140,2025-05-02 17:53:00,17.15,12.49,0
4057,628,2025-02-17 18:34:00,18.968,10.76,0
4058,507,2025-02-08 19:12:00,15.568,25.71,0
4059,429,2025-03-01 06:04:00,10.354,99.7,0
4060,329,2025-03-01 09:11:00,10.106,11.36,0
4061,623,2025-01-11 14:34:00,18.721,93.86,0
4062,587,2025-03-12 10:03:00,14.01,30.17,0
4063,288,2025-04-10 09:11:00,15.0,42.36,0
4064,103,2025-03-22 11:40:00,10.505,37.11,0
4065,695,2025-03-05 06:49:00,13.063,65.03,0
4066,109,2025-06-15 02:36:00,9.851,84.22,0
4067,343,2025-02-16 14:11:00,10.863,29.48,0
4068,716,2025-06-01 18:31:00,20.444,52.63,0
4069,333,2025-04-20 20:48:00,18.034,99.08,0
4070,665,2025-04-28 09:26:00,19.927,67.13,0
4071,391,2025-02-19 19:40:00,20.238,25.15,0
4072,596,2025-06-23 21:34:00,16.254,29.94,0
4073,473,2025-03-27 17:27:00,12.259,15.9,0
4074,224,2025-04-02 06:09:00,14.896,149.84,0
4075,715,2025-02-14 08:27:00,8.264,44.72,0
4076,373,2025-03-28 03:29:00,19.443,11.39,0
4077,366,2025-05-03 11:49:00,19.237,17.88,0
4078,526,2025-06-18 15:41:00,15.117,30.95,0
4079,744,2025-06-03 17:56:00,13.286,102.41,0
4080,697,2025-01-29 04:19:00,10.416,30.04,0
4081,314,2025-01-15 16:59:00,9.058,56.74,0
4082,185,2025-06-21 11:02:00,12.55,19.76,0
4083,259,2025-05-28 13:45:00,21.125,58.61,0
4084,210,2025-01-28 05:57:00,8.963,99.12,0
4085,236,2025-06-03 07:20:00,21.288,65.83,0
4086,344,2025-05-18 02:38:00,15.402,4.9,0
4087,16,2025-06-23 16:29:00,14.172,30.98,0
4088,426,2025-01-29 22:24:00,9.721,15.02,0
4089,679,2025-05-30 00:15:00,8.999,59.88,0
4090,344,2025-03-07 17:03:00,15.622,37.02,0
4091,63,2025-04-10 10:19:00,16.381,137.65,0
4092,311,2025-02-16 13:19:00,14.077,26.83,0
4093,267,2025-01-13 15:29:00,12.023,37.1,0
4094,475,2025-05-06 10:18:00,8.185,31.72,0
4095,200,2025-01-14 09:37:00,11.733,62.2,0
4096,240,2025-03-25 18:30:00,18.008,16.09,0
4097,595,2025-02-05 09:44:00,16.484,15.73,0
4098,140,2025-06-15 13:01:00,10.213,22.3,0
4099,746,2025-03-22 11:28:00,19.108,55.88,0
4100,238,2025-02-03 10:39:00,10.079,80.37,0
4101,653,2025-06-21 23:29:00,19.136,32.49,0
4102,65,2025-05-04 20:15:00,15.177,56.18,0
4103,255,2025-02-01 13:31:00,18.037,52.55,0
4104,301,2025-03-05 20:03:00,9.162,33.43,0
4105,364,2025-04-07 23:36:00,18.374,32.8,0
4106,73,2025-05-20 22:50:00,18.1,64.42,0
4107,197,2025-06-29 15:39:00,10.454,162.04,0
4108,701,2025-06-01 08:16:00,9.926,77.15,0
4109,739,2025-01-03 11:31:00,18.482,91.62,0
4110,352,2025-03-27 17:05:00,13.826,178.87,0
4111,94,2025-01-09 10:57:00,17.068,20.02,0
4112,220,2025-02-24 09:14:00,8.127,61.34,0
4113,761,2025-02-18 14:01:00,10.571,112.21,0
4114,735,2025-02-17 21:34:00,18.443,74.2,0
4115,650,2025-02-10 12:38:00,10.784,21.67,0
4116,690,2025-03-14 00:17:00,9.124,18.5,0
4117,569,2025-03-31 17:57:00,10.451,129.26,0
4118,498,2025-06-21 20:04:00,19.654,48.81,0
4119,619,2025-03-17 16:21:00,12.851,44.69,0
4120,517,2025-01-05 05:51:00,15.421,35.55,0
4121,271,2025-04-16 01:20:00,16.085,117.14,0
4122,512,2025-02-24 02:26:00,13.217,76.3,0
4123,236,2025-01-27 11:22:00,9.312,30.16,0
4124,500,2025-05-01 16:39:00,11.595,72.57,0
4125,305,2025-05-04 10:50:00,10.209,40.36,0
4126,389,2025-03-04 19:29:00,20.733,70.3,0
4127,145,2025-02-08 15:28:00,18.361,103.58,0
4128,765,2025-03-30 04:59:00,19.523,94.11,0
4129,597,2025-03-23 08:36:00,19.371,8.8,0
4130,85,2025-06-24 11:44:00,8.03,52.79,0
4131,380,2025-01-07 00:04:00,18.486,114.19,0
4132,363,2025-02-02 07:02:00,14.749,19.69,0
4133,708,2025-05-24 14:45:00,18.845,171.87,0
4134,604,2025-06-20 16:41:00,21.438,57.51,0
4135,702,2025-04-23 21:06:00,13.008,75.35,0
4136,373,2025-02-26 21:56:00,16.467,75.29,0
4137,124,2025-02-07 13:53:00,12.264,11.94,0
4138,577,2025-06-01 22:50:00,20.513,77.61,0
4139,175,2025-04-19 07:34:00,11.556,51.93,0
4140,509,2025-03-15 10:49:00,12.918,24.46,0
4141,328,2025-03-20 15:52:00,20.431,128.27,0
4142,279,2025-01-27 18:15:00,9.412,7.69,0
4143,95,2025-05-29 17:28:00,14.916,21.44,0
4144,640,2025-01-09 17:59:00,16.138,111.95,0
4145,551,2025-06-27 01:40:00,16.106,78.46,0
4146,273,2025-01-31 04:04:00,9.681,22.77,0
4147,590,2025-01-23 09:55:00,8.553,19.8,0
4148,789,2025-01-14 00:58:00,13.833,30.75,0
4149,577,2025-03-30 05:15:00,14.354,47.88,0
4150,759,2025-01-11 03:36:00,21.197,26.59,0
4151,376,2025-02-16 10:39:00,18.579,35.39,0
4152,301,2025-05-24 19:28:00,16.381,40.83,0
4153,674,2025-05-15 22:37:00,10.942,29.3,0
4154,530,2025-03-03 16:12:00,20.62,26.93,0
4155,484,2025-01-07 04:52:00,2.271,15.12,1
4156,513,2025-01-29 11:35:00,21.263,37.94,0
4157,794,2025-04-09 00:33:00,21.243,37.34,0
4158,549,2025-03-25 23:53:00,21.69,18.31,0
4159,652,2025-06-04 06:39:00,11.962,48.56,0
4160,28,2025-03-28 23:33:00,9.925,99.38,0
4161,577,2025-03-12 01:43:00,16.803,40.76,0
4162,254,2025-04-23 14:32:00,13.92,54.62,0
4163,98,2025-05-31 19:42:00,13.439,85.34,0
4164,221,2025-05-28 02:25:00,15.788,37.67,0
4165,666,2025-01-27 10:33:00,17.652,79.08,0
4166,654,2025-03-17 08:45:00,0.833,6.13,1
4167,244,2025-06-15 07:10:00,12.692,21.97,0
4168,153,2025-05-26 10:44:00,16.545,16.03,0
4169,335,2025-05-23 11:04:00,8.998,119.61,0
4170,265,2025-01-21 18:04:00,17.799,64.16,0
4171,370,2025-03-12 09:32:00,19.186,14.71,0
4172,627,2025-05-30 18:25:00,20.317,17.72,0
4173,265,2025-01-24 12:18:00,18.554,12.92,0
4174,138,2025-05-10 04:30:00,15.094,50.27,0
4175,86,2025-04-04 16:13:00,20.233,45.17,0
4176,548,2025-05-12 03:25:00,14.874,27.58,0
4177,159,2025-05-01 16:14:00,19.019,19.18,0
4178,175,2025-01-18 01:28:00,8.891,37.72,0
4179,642,2025-01-24 04:57:00,17.927,303.89,0
4180,74,2025-03-02 14:36:00,9.177,28.45,0
4181,521,2025-06-17 23:18:00,8.388,96.55,0
4182,9,2025-06-18 15:19:00,15.031,30.43,0
4183,754,2025-05-18 06:52:00,9.672,83.91,0
4184,570,2025-02-13 03:39:00,12.552,62.59,0
4185,656,2025-06-21 07:02:00,18.839,37.62,0
4186,533,2025-05-10 03:07:00,15.704,64.39,0
4187,321,2025-02-23 20:43:00,18.267,100.71,0
4188,796,2025-05-09 00:14:00,18.97,40.75,0
4189,628,2025-03-20 00:25:00,14.724,33.4,0
4190,71,2025-03-28 02:10:00,21.799,65.72,0
4191,461,2025-02-13 05:16:00,10.829,142.29,0
4192,434,2025-04-26 19:05:00,9.189,12.69,0
4193,229,2025-02-19 06:44:00,12.459,14.0,0
4194,364,2025-06-16 03:56:00,18.675,119.69,0
4195,780,2025-01-27 03:38:00,9.347,25.03,0
4196,69,2025-02-15 07:15:00,14.534,104.46,0
4197,742,2025-01-23 13:01:00,15.999,22.51,0
4198,560,2025-02-13 08:24:00,19.311,26.53,0
4199,89,2025-05-01 17:47:00,19.843,88.68,0
4200,244,2025-06-20 05:26:00,11.345,69.42,0
4201,671,2025-01-29 05:59:00,11.837,15.58,0
4202,562,2025-02-10 02:48:00,17.576,62.21,0
4203,62,2025-01-25 00:26:00,20.037,22.61,0
4204,117,2025-05-26 10:35:00,10.357,54.69,0
4205,743,2025-04-07 05:24:00,18.117,40.53,0
4206,126,2025-03-07 11:31:00,11.327,33.66,0
4207,499,2025-05-07 17:16:00,10.529,23.57,0
4208,796,2025-01-16 06:03:00,12.726,10.14,0
4209,133,2025-05-21 01:07:00,19.125,23.31,0
4210,35,2025-01-18 02:00:00,18.396,67.32,0
4211,653,2025-04-15 10:37:00,14.702,55.63,0
4212,759,2025-01-06 15:22:00,17.999,19.84,0
4213,412,2025-02-06 06:44:00,13.682,93.63,0
4214,186,2025-04-23 10:56:00,10.947,51.88,0
4215,47,2025-04-14 04:21:00,19.802,63.7,0
4216,729,2025-03-22 14:16:00,8.753,16.98,0
4217,638,2025-04-23 15:26:00,20.614,165.3,0
4218,717,2025-05-31 14:19:00,19.044,57.41,0
4219,630,2025-02-16 10:58:00,18.13,133.95,0
4220,346,2025-06-25 00:25:00,15.968,23.69,0
4221,710,2025-01-27 00:10:00,19.34,9.09,1
4222,305,2025-06-26 02:12:00,8.395,18.45,0
4223,584,2025-06-16 14:48:00,16.274,90.43,0
4224,80,2025-03-19 00:48:00,11.655,15.93,0
4225,32,2025-01-18 06:29:00,16.95,129.78,0
4226,769,2025-03-15 05:28:00,17.446,22.04,0
4227,254,2025-02-19 21:25:00,11.006,53.68,0
4228,27,2025-04-15 07:05:00,10.167,47.49,0
4229,538,2025-02-11 15:51:00,16.224,30.71,0
4230,319,2025-01-13 04:05:00,21.168,30.86,0
4231,184,2025-06-10 13:22:00,17.288,17.89,0
4232,347,2025-06-05 22:16:00,14.778,188.64,0
4233,360,2025-04-01 08:27:00,21.097,59.51,0
4234,489,2025-06-03 05:28:00,19.465,10.72,0
4235,745,2025-06-22 04:25:00,18.259,13.28,0
4236,704,2025-06-15 14:53:00,14.123,60.12,0
4237,661,2025-05-30 01:54:00,14.88,38.96,0
4238,393,2025-01-08 21:27:00,11.705,9.19,0
4239,446,2025-05-16 21:02:00,19.436,299.5,0
4240,105,2025-06-15 08:55:00,11.985,4.22,0
4241,461,2025-02-01 19:41:00,17.853,27.12,0
4242,537,2025-01-12 22:29:00,20.249,39.85,0
4243,709,2025-03-03 23:36:00,15.73,22.75,0
4244,37,2025-05-29 05:20:00,10.191,77.68,0
4245,690,2025-05-28 15:34:00,8.348,59.16,0
4246,414,2025-04-16 03:37:00,17.425,43.97,0
4247,70,2025-06-27 00:51:00,11.145,37.06,0
4248,796,2025-01-30 10:39:00,8.547,60.33,0
4249,372,2025-06-08 00:37:00,12.806,33.19,0
4250,329,2025-06-06 17:36:00,16.15,11.72,0
4251,152,2025-06-20 17:08:00,15.721,85.12,0
4252,58,2025-02-22 13:42:00,10.344,159.19,0
4253,66,2025-04-26 12:47:00,16.456,42.0,0
4254,213,2025-02-19 15:38:00,13.751,42.7,0
4255,233,2025-03-28 21:46:00,14.687,38.16,0
4256,370,2025-06-22 21:14:00,20.242,13.68,0
4257,488,2025-04-03 15:35:00,9.099,25.43,0
4258,793,2025-05-19 09:44:00,15.39,74.28,0
4259,635,2025-03-24 12:41:00,10.431,48.16,0
4260,388,2025-01-01 02:08:00,10.559,155.22,0
4261,729,2025-01-28 21:02:00,16.546,71.51,0
4262,446,2025-05-02 00:13:00,17.376,28.41,0
4263,338,2025-02-25 00:53:00,16.487,67.53,0
4264,173,2025-02-26 03:54:00,20.929,33.66,0
4265,337,2025-01-17 06:24:00,19.125,10.56,0
4266,32,2025-05-28 18:49:00,10.781,91.08,0
4267,122,2025-01-16 22:34:00,16.902,59.24,0
4268,755,2025-04-07 17:55:00,16.685,415.21,0
4269,155,2025-02-26 03:07:00,17.051,25.71,0
4270,453,2025-06-13 03:27:00,14.007,71.05,0
4271,81,2025-04-30 21:39:00,21.267,21.85,0
4272,480,2025-01-13 07:15:00,14.492,19.74,0
4273,780,2025-04-21 11:13:00,19.051,255.13,0
4274,366,2025-01-30 19:20:00,14.738,7.59,0
4275,102,2025-04-11 16:52:00,19.024,38.27,0
4276,18,2025-02-13 19:43:00,13.539,158.51,0
4277,605,2025-05-15 19:23:00,8.011,11.43,0
4278,82,2025-03-27 04:10:00,14.998,26.14,0
4279,254,2025-03-18 02:01:00,15.672,81.16,0
4280,674,2025-06-08 02:17:00,9.619,242.23,1
4281,429,2025-03-21 13:52:00,17.313,51.07,0
4282,698,2025-02-12 07:39:00,19.952,20.84,0
4283,698,2025-04-04 05:50:00,20.157,114.46,0
4284,529,2025-05-26 18:33:00,13.277,111.24,0
4285,748,2025-01-12 23:40:00,13.74,26.72,0
4286,29,2025-02-20 20:01:00,20.017,3.94,0
4287,192,2025-04-15 16:54:00,21.977,59.26,0
4288,221,2025-02-13 10:46:00,8.736,88.91,0
4289,729,2025-05-16 01:02:00,8.865,59.67,0
4290,497,2025-01-11 05:16:00,8.76,53.9,0
4291,201,2025-02-17 10:56:00,14.475,48.46,0
4292,166,2025-04-16 20:47:00,18.984,29.83,0
4293,643,2025-06-03 20:47:00,9.312,21.24,0
4294,687,2025-03-05 14:00:00,17.645,40.28,0
4295,12,2025-02-17 22:03:00,10.396,32.2,0
4296,292,2025-06-16 22:22:00,8.461,67.12,0
4297,428,2025-04-03 09:04:00,16.338,19.53,0
4298,188,2025-02-06 11:01:00,16.314,27.3,0
4299,580,2025-06-07 09:43:00,11.966,41.01,0
4300,606,2025-01-06 03:32:00,12.511,20.83,0
4301,671,2025-05-13 20:42:00,12.956,12.53,0
4302,628,2025-06-13 01:19:00,21.009,63.77,0
4303,672,2025-04-14 16:52:00,20.128,13.39,0
4304,292,2025-06-14 16:50:00,1.519,44.16,1
4305,239,2025-04-23 02:11:00,21.488,58.22,0
4306,252,2025-04-18 13:30:00,16.144,118.47,0
4307,682,2025-01-20 14:23:00,9.421,240.36,0
4308,519,2025-02-02 02:51:00,14.82,108.98,0
4309,258,2025-05-06 21:04:00,20.523,21.57,0
4310,577,2025-05-03 17:20:00,17.277,29.91,0
4311,187,2025-04-21 03:31:00,21.337,48.31,0
4312,213,2025-02-07 15:19:00,15.432,36.1,0
4313,1,2025-01-16 05:11:00,20.766,42.88,0
4314,773,2025-01-16 08:20:00,18.732,2616.49,1
4315,188,2025-01-23 09:00:00,19.518,42.01,0
4316,601,2025-02-09 06:19:00,21.88,78.68,0
4317,94,2025-06-24 18:44:00,12.231,15.31,0
4318,28,2025-05-21 09:03:00,16.793,55.56,0
4319,539,2025-02-02 01:26:00,11.59,9.9,0
4320,78,2025-02-25 06:44:00,19.955,92.35,0
4321,115,2025-06-11 05:44:00,16.202,32.49,0
4322,264,2025-03-22 22:07:00,10.462,12.49,0
4323,468,2025-02-19 15:36:00,13.897,30.12,0
4324,14,2025-03-01 02:15:00,10.544,55.03,0
4325,101,2025-03-13 07:14:00,14.411,13.96,0
4326,270,2025-04-08 17:30:00,9.086,18.62,0
4327,563,2025-04-10 23:42:00,21.514,27.4,0
4328,78,2025-04-06 20:10:00,16.353,73.26,0
4329,228,2025-04-23 15:45:00,21.869,7.52,0
4330,154,2025-02-23 11:22:00,10.433,54.27,0
4331,246,2025-03-31 14:24:00,13.382,30.68,0
4332,206,2025-05-30 07:09:00,21.037,88.64,0
4333,512,2025-03-04 17:15:00,17.688,51.84,0
4334,53,2025-06-26 20:17:00,8.981,111.56,0
4335,751,2025-03-31 18:19:00,20.365,52.24,0
4336,7,2025-03-09 15:51:00,10.644,14.26,1
4337,793,2025-05-07 02:58:00,11.665,53.0,0
4338,583,2025-03-12 10:50:00,18.245,55.74,0
4339,285,2025-03-13 08:48:00,17.95,21.5,0
4340,241,2025-03-09 10:16:00,17.248,24.24,0
4341,757,2025-04-09 03:27:00,8.076,5.45,0
4342,797,2025-01-08 12:32:00,11.491,67.12,0
4343,489,2025-03-10 06:01:00,12.829,33.21,0
4344,37,2025-05-19 06:36:00,13.605,23.49,0
4345,725,2025-03-01 09:17:00,9.035,16.55,0
4346,381,2025-04-08 00:38:00,17.455,24.85,0
4347,22,2025-02-23 18:53:00,20.477,52.43,0
4348,641,2025-06-19 11:12:00,21.855,42.63,0
4349,26,2025-02-10 07:28:00,19.172,28.22,0
4350,297,2025-05-20 21:38:00,10.836,13.82,0
4351,59,2025-05-17 22:31:00,15.158,27.96,0
4352,349,2025-03-15 01:19:00,20.82,18.82,0
4353,643,2025-06-27 02:25:00,8.932,30.72,0
4354,103,2025-06-27 13:46:00,11.197,60.05,0
4355,110,2025-01-06 05:15:00,11.706,23.69,0
4356,765,2025-04-13 08:30:00,16.534,138.81,0
4357,141,2025-02-05 06:59:00,21.321,23.05,0
4358,90,2025-06-29 17:14:00,14.756,9.22,0
4359,468,2025-06-23 13:33:00,15.895,30.37,0
4360,221,2025-03-18 03:44:00,16.958,22.37,0
4361,765,2025-03-03 12:28:00,19.921,555.98,0
4362,130,2025-05-28 09:04:00,12.009,25.02,0
4363,453,2025-03-12 00:22:00,16.767,10.66,0
4364,736,2025-05-12 13:00:00,20.954,36.17,0
4365,586,2025-04-30 08:01:00,21.145,30.72,0
4366,23,2025-02-21 03:25:00,13.357,13.77,0
4367,150,2025-03-05 11:36:00,9.565,46.67,0
4368,100,2025-06-17 21:25:00,20.941,55.05,0
4369,731,2025-03-30 16:27:00,20.894,37.35,0
4370,161,2025-03-17 03:44:00,9.361,28.27,0
4371,44,2025-06-12 03:06:00,9.139,26.07,0
4372,306,2025-04-14 00:05:00,10.592,21.26,0
4373,226,2025-04-12 15:51:00,17.056,12.56,0
4374,131,2025-03-11 23:36:00,12.237,114.82,0
4375,362,2025-05-01 00:55:00,11.363,246.02,0
4376,720,2025-01-08 22:40:00,19.195,15.39,0
4377,180,2025-02-09 01:48:00,11.414,21.61,0
4378,785,2025-05-28 14:46:00,21.446,14.73,0
4379,531,2025-02-17 01:28:00,14.138,71.37,0
4380,305,2025-06-27 03:52:00,13.916,15.54,0
4381,543,2025-06-10 11:31:00,21.211,61.2,0
4382,278,2025-03-10 16:42:00,9.682,49.29,0
4383,169,2025-06-15 03:57:00,9.609,30.96,0
4384,187,2025-05-09 17:12:00,14.07,103.88,0
4385,6,2025-05-26 06:08:00,16.219,26.46,0
4386,518,2025-03-26 14:37:00,15.113,35.06,0
4387,59,2025-01-22 23:19:00,21.369,13.22,0
4388,158,2025-04-09 09:28:00,21.904,4.96,0
4389,0,2025-05-28 08:03:00,8.572,81.73,0
4390,52,2025-01-17 06:51:00,10.317,21.34,0
4391,724,2025-01-04 11:03:00,15.751,88.28,0
4392,19,2025-05-28 18:16:00,21.302,26.4,0
4393,497,2025-04-18 09:06:00,11.919,32.08,0
4394,262,2025-04-04 22:36:00,13.139,41.27,0
4395,110,2025-05-02 13:08:00,11.235,22.73,0
4396,239,2025-05-04 04:11:00,21.544,9.61,0
4397,74,2025-03-18 18:03:00,10.154,17.43,0
4398,250,2025-04-20 22:02:00,15.904,16.37,0
4399,654,2025-03-28 06:12:00,8.321,34.07,0
4400,496,2025-02-07 05:52:00,16.423,85.54,0
4401,648,2025-05-14 12:47:00,13.494,19.59,0
4402,704,2025-03-09 16:08:00,15.919,32.32,1
4403,741,2025-06-11 01:52:00,9.124,42.37,0
4404,86,2025-03-13 11:42:00,9.275,18.54,0
4405,127,2025-02-04 01:56:00,9.291,47.64,0
4406,329,2025-05-30 02:33:00,19.693,84.41,0
4407,417,2025-01-25 22:15:00,18.138,47.95,0
4408,627,2025-06-27 15:53:00,9.797,33.62,0
4409,97,2025-04-24 09:33:00,12.425,17.86,0
4410,88,2025-03-28 16:50:00,14.11,31.83,0
4411,636,2025-02-11 12:52:00,9.381,19.16,0
4412,439,2025-02-06 07:33:00,19.76,21.89,0
4413,329,2025-02-04 23:03:00,13.081,31.74,0
4414,177,2025-05-30 22:35:00,17.387,29.63,0
4415,556,2025-02-06 15:04:00,16.988,79.98,0
4416,641,2025-01-07 10:02:00,20.8,21.87,0
4417,24,2025-02-05 10:20:00,2.283,47.76,1
4418,43,2025-04-20 20:02:00,1.084,24.14,1
4419,622,2025-03-27 21:09:00,10.171,16.89,0
4420,707,2025-03-09 03:25:00,14.228,56.86,0
4421,183,2025-06-23 14:09:00,9.302,48.93,0
4422,564,2025-03-03 19:43:00,13.486,21.66,0
4423,674,2025-05-30 01:15:00,21.684,2.87,0
4424,90,2025-01-23 08:26:00,10.877,85.78,0
4425,148,2025-04-08 19:12:00,17.866,65.18,0
4426,104,2025-01-24 13:49:00,11.639,88.12,0
4427,632,2025-01-15 14:38:00,8.478,91.98,0
4428,617,2025-05-03 09:15:00,9.378,35.41,0
4429,107,2025-05-02 03:03:00,9.455,25.08,0
4430,139,2025-04-14 09:43:00,12.186,8.35,0
4431,530,2025-03-23 04:56:00,21.448,39.01,0
4432,717,2025-02-18 17:21:00,16.689,24.43,0
4433,623,2025-05-21 02:30:00,9.722,18.71,0
4434,134,2025-02-04 02:10:00,8.984,11.8,0
4435,308,2025-03-30 21:53:00,21.591,15.35,0
4436,53,2025-06-19 16:25:00,10.399,11.92,0
4437,195,2025-05-01 06:56:00,11.786,77.45,0
4438,450,2025-06-02 02:23:00,19.784,85.44,0
4439,275,2025-02-06 00:12:00,15.769,19.33,0
4440,485,2025-01-05 14:46:00,11.173,93.23,0
4441,237,2025-05-30 23:29:00,17.302,38.0,0
4442,450,2025-04-12 07:38:00,13.201,113.29,0
4443,506,2025-05-21 07:06:00,16.142,56.4,0
4444,155,2025-06-01 15:49:00,9.355,58.04,0
4445,35,2025-03-09 07:44:00,20.323,42.58,0
4446,270,2025-01-20 21:53:00,16.337,19.65,0
4447,33,2025-06-23 10:56:00,8.061,12.17,0
4448,127,2025-02-24 20:58:00,15.827,41.23,0
4449,230,2025-01-29 20:54:00,13.069,32.43,0
4450,270,2025-04-13 18:17:00,20.677,280.04,0
4451,221,2025-01-04 14:27:00,9.94,63.66,0
4452,42,2025-01-11 18:20:00,12.672,17.81,0
4453,141,2025-05-18 08:45:00,18.704,32.72,0
4454,706,2025-01-16 21:29:00,11.153,26.07,0
4455,573,2025-04-19 02:27:00,12.384,33.92,0
4456,355,2025-03-23 14:48:00,18.797,12.26,0
4457,19,2025-01-20 23:10:00,17.973,72.34,0
4458,286,2025-06-19 17:40:00,13.036,25.51,0
4459,739,2025-01-29 17:04:00,14.544,59.07,0
4460,647,2025-04-28 02:45:00,15.733,21.59,0
4461,605,2025-01-24 13:23:00,20.431,25.47,0
4462,198,2025-04-17 06:07:00,17.261,56.26,0
4463,322,2025-01-31 00:48:00,16.295,6.68,0
4464,22,2025-06-09 21:54:00,19.353,77.11,0
4465,687,2025-03-25 01:16:00,12.261,113.43,0
4466,90,2025-01-02 14:47:00,14.216,111.68,0
4467,494,2025-01-10 04:09:00,17.613,19.98,0
4468,225,2025-04-08 17:39:00,13.654,44.56,0
4469,456,2025-04-04 11:44:00,14.707,24.49,0
4470,661,2025-03-01 12:31:00,10.245,10.66,0
4471,250,2025-04-19 23:12:00,16.54,37.57,0
4472,13,2025-05-24 11:22:00,16.963,10.91,0
4473,530,2025-05-11 22:13:00,19.987,56.54,0
4474,425,2025-05-15 21:18:00,9.196,67.38,0
4475,111,2025-06-20 06:51:00,20.594,98.33,0
4476,38,2025-02-07 03:53:00,9.203,52.74,0
4477,419,2025-01-15 20:18:00,18.434,25.14,0
4478,490,2025-01-22 18:57:00,16.246,30.09,0
4479,92,2025-01-07 07:52:00,13.685,38.61,0
4480,479,2025-02-22 18:44:00,20.929,112.8,0
4481,356,2025-01-26 01:04:00,14.392,113.76,0
4482,109,2025-06-15 19:47:00,8.346,32.72,0
4483,493,2025-03-02 17:11:00,15.288,76.83,0
4484,516,2025-02-09 06:47:00,15.454,23.16,0
4485,124,2025-04-05 13:33:00,18.421,49.62,0
4486,538,2025-03-19 11:48:00,13.015,26.46,0
4487,177,2025-01-01 18:30:00,9.035,42.54,0
4488,477,2025-06-22 17:53:00,12.893,18.13,0
4489,650,2025-05-05 15:02:00,16.437,11.23,0
4490,749,2025-05-29 12:10:00,15.627,12.91,0
4491,204,2025-06-22 05:43:00,19.858,55.8,0
4492,271,2025-06-09 09:37:00,11.783,14.35,0
4493,76,2025-02-14 23:02:00,15.97,26.64,0
4494,775,2025-05-18 09:29:00,21.658,71.35,0
4495,264,2025-01-02 14:00:00,12.391,85.77,0
4496,641,2025-03-07 01:16:00,14.105,15.99,0
4497,748,2025-05-16 14:01:00,21.919,5.13,0
4498,380,2025-05-06 23:00:00,10.022,18.4,0
4499,555,2025-05-19 14:37:00,16.03,41.09,0
4500,494,2025-05-17 06:44:00,13.185,59.88,1
4501,460,2025-01-08 19:57:00,8.646,13.62,0
4502,199,2025-04-15 23:37:00,18.651,8.52,0
4503,672,2025-04-22 02:49:00,10.784,16.93,0
4504,98,2025-01-28 23:12:00,20.489,23.1,0
4505,528,2025-02-13 17:04:00,13.85,185.94,0
4506,735,2025-03-29 17:38:00,10.025,38.21,0
4507,648,2025-04-24 22:01:00,11.444,58.81,0
4508,606,2025-06-03 00:22:00,19.66,84.39,0
4509,525,2025-05-11 17:57:00,13.234,24.43,0
4510,756,2025-06-25 14:33:00,11.588,37.93,0
4511,691,2025-02-10 02:15:00,11.485,42.85,0
4512,219,2025-03-12 15:29:00,16.165,56.85,0
4513,499,2025-02-16 22:28:00,11.596,31.58,0
4514,342,2025-06-10 08:11:00,21.095,80.68,0
4515,211,2025-04-21 02:00:00,8.691,84.62,0
4516,654,2025-04-02 10:04:00,10.182,27.9,0
4517,32,2025-04-15 19:22:00,14.005,64.24,0
4518,102,2025-02-28 19:47:00,10.916,47.79,0
4519,84,2025-06-09 12:14:00,18.901,294.36,0
4520,161,2025-04-21 16:04:00,20.832,71.69,0
4521,409,2025-04-02 20:47:00,16.403,47.67,0
4522,753,2025-05-07 20:10:00,19.956,22.2,0
4523,777,2025-05-24 22:59:00,19.208,15.3,0
4524,720,2025-03-13 03:56:00,10.221,53.39,0
4525,607,2025-05-12 18:16:00,9.094,8.92,0
4526,367,2025-05-24 16:59:00,16.806,128.32,0
4527,620,2025-04-30 19:49:00,21.755,6.74,0
4528,214,2025-01-22 00:01:00,19.647,15.36,0
4529,531,2025-02-04 12:27:00,16.628,77.9,0
4530,6,2025-01-06 14:38:00,9.553,34.02,0
4531,722,2025-02-19 17:52:00,18.916,40.52,0
4532,777,2025-01-30 15:06:00,17.562,20.19,0
4533,588,2025-04-13 00:26:00,21.074,31.6,0
4534,139,2025-06-13 16:50:00,17.932,60.5,0
4535,206,2025-01-12 20:52:00,9.449,17.99,0
4536,591,2025-02-21 05:02:00,16.529,28.38,0
4537,399,2025-01-09 02:36:00,13.653,35.15,0
4538,438,2025-01-16 01:18:00,13.899,28.18,0
4539,323,2025-01-09 23:12:00,16.861,63.82,0
4540,668,2025-04-20 04:51:00,20.595,50.55,0
4541,132,2025-06-15 20:02:00,18.637,32.19,0
4542,353,2025-05-11 10:43:00,8.312,8.94,0
4543,177,2025-05-04 23:57:00,10.058,90.09,0
4544,553,2025-01-29 04:57:00,13.085,16.72,0
4545,228,2025-05-31 14:48:00,17.586,144.92,0
4546,239,2025-04-15 06:36:00,16.879,17.8,0
4547,138,2025-06-23 09:57:00,15.052,42.89,0
4548,690,2025-03-12 07:12:00,14.022,58.21,0
4549,173,2025-05-07 04:11:00,19.054,29.91,0
4550,694,2025-03-28 12:04:00,9.34,44.92,0
4551,733,2025-04-03 18:11:00,16.331,27.92,0
4552,124,2025-01-20 02:38:00,19.319,158.65,1
4553,274,2025-03-28 05:21:00,11.814,41.15,0
4554,523,2025-01-31 01:52:00,10.832,31.89,0
4555,662,2025-05-15 06:50:00,17.428,42.55,0
4556,62,2025-05-08 13:50:00,10.459,86.59,0
4557,51,2025-06-06 05:18:00,14.835,47.83,0
4558,165,2025-03-24 23:16:00,20.92,40.53,0
4559,785,2025-05-30 07:56:00,8.85,11.11,0
4560,71,2025-06-10 05:44:00,20.728,88.2,0
4561,611,2025-03-30 17:31:00,10.665,46.32,0
4562,671,2025-06-20 10:30:00,14.753,24.51,0
4563,725,2025-05-20 05:33:00,9.851,45.45,0
4564,422,2025-02-22 05:50:00,17.938,106.49,0
4565,420,2025-03-27 18:51:00,21.969,62.02,0
4566,593,2025-01-19 04:08:00,12.229,169.05,0
4567,507,2025-03-11 04:32:00,20.946,70.44,0
4568,629,2025-03-06 21:37:00,18.22,7.48,0
4569,288,2025-02-23 13:56:00,21.516,95.98,0
4570,746,2025-03-05 23:43:00,17.405,8.68,0
4571,345,2025-01-10 19:38:00,17.548,103.14,0
4572,198,2025-03-23 14:47:00,21.212,71.05,0
4573,600,2025-02-06 05:01:00,18.184,134.2,0
4574,496,2025-02-11 05:48:00,19.864,49.88,0
4575,39,2025-05-12 09:37:00,11.984,44.01,0
4576,133,2025-06-09 21:15:00,10.364,94.28,0
4577,29,2025-01-31 21:47:00,16.961,13.65,0
4578,460,2025-04-12 00:35:00,11.537,36.15,0
4579,699,2025-06-12 05:05:00,14.018,29.12,0
4580,258,2025-04-20 10:07:00,19.978,24.82,0
4581,88,2025-01-15 03:28:00,16.835,22.17,0
4582,681,2025-05-20 11:50:00,21.214,39.72,0
4583,576,2025-01-10 04:52:00,12.966,62.18,0
4584,436,2025-04-22 01:18:00,11.929,115.03,0
4585,159,2025-03-28 14:16:00,10.992,27.87,0
4586,537,2025-04-05 23:43:00,21.669,26.08,0
4587,292,2025-02-10 01:54:00,14.015,3.66,0
4588,196,2025-06-09 13:00:00,20.881,112.95,0
4589,234,2025-01-19 12:45:00,12.829,11.81,0
4590,49,2025-06-18 18:19:00,12.028,51.4,0
4591,392,2025-01-11 18:37:00,18.792,44.23,0
4592,602,2025-02-24 15:22:00,16.653,77.3,0
4593,661,2025-04-05 21:55:00,15.345,17.32,0
4594,579,2025-04-03 22:14:00,14.163,55.4,0
4595,700,2025-02-16 16:53:00,14.53,128.78,0
4596,770,2025-02-21 20:50:00,19.682,42.16,0
4597,177,2025-04-11 00:54:00,10.144,17.36,0
4598,346,2025-01-04 21:55:00,8.715,10.82,0
4599,270,2025-01-27 16:38:00,8.083,115.18,0
4600,547,2025-03-13 04:37:00,14.93,24.63,0
4601,669,2025-01-05 09:30:00,19.452,28.87,0
4602,711,2025-01-16 13:46:00,17.394,264.58,0
4603,71,2025-01-05 21:45:00,21.866,73.24,0
4604,411,2025-05-28 03:27:00,16.54,87.52,0
4605,93,2025-01-21 06:44:00,15.127,130.14,0
4606,263,2025-02-03 04:08:00,16.143,10.05,0
4607,383,2025-05-24 06:54:00,20.35,119.48,0
4608,495,2025-03-19 20:58:00,8.205,133.23,0
4609,632,2025-03-22 17:34:00,14.531,24.49,0
4610,795,2025-04-29 04:30:00,13.756,63.88,0
4611,268,2025-04-23 07:04:00,21.346,75.9,0
4612,447,2025-03-16 09:44:00,10.622,19.87,0
4613,55,2025-06-07 11:57:00,8.358,72.75,0
4614,89,2025-02-11 00:09:00,16.844,21.06,0
4615,774,2025-02-08 06:27:00,16.75,278.38,0
4616,750,2025-04-03 15:19:00,12.471,39.83,0
4617,751,2025-06-06 20:13:00,15.557,55.09,0
4618,209,2025-06-11 10:22:00,16.353,9.52,0
4619,521,2025-05-15 05:08:00,12.943,48.05,0
4620,183,2025-01-01 15:04:00,13.887,92.88,0
4621,545,2025-05-12 05:21:00,9.985,17.11,0
4622,387,2025-01-30 12:07:00,18.794,23.05,0
4623,746,2025-06-06 17:34:00,13.449,19.82,0
4624,298,2025-01-21 10:20:00,17.037,13.9,0
4625,515,2025-01-23 15:47:00,13.973,12.42,0
4626,527,2025-04-03 18:22:00,10.272,79.74,0
4627,630,2025-04-08 06:57:00,17.809,12.72,0
4628,41,2025-03-03 02:46:00,13.843,8.4,0
4629,370,2025-03-29 00:51:00,10.595,22.87,0
4630,361,2025-05-09 15:15:00,21.069,36.43,0
4631,182,2025-04-30 12:28:00,20.506,55.68,0
4632,643,2025-05-09 04:58:00,18.18,17.21,0
4633,666,2025-02-12 20:06:00,16.065,21.86,0
4634,65,2025-04-11 16:25:00,16.753,53.95,0
4635,547,2025-01-23 22:02:00,13.043,72.17,0
4636,689,2025-02-13 16:13:00,11.681,94.65,0
4637,231,2025-06-25 05:16:00,16.289,51.37,0
4638,505,2025-01-08 16:46:00,18.36,9.29,0
4639,498,2025-03-25 19:44:00,14.932,17.38,0
4640,14,2025-03-30 16:57:00,20.538,95.44,0
4641,653,2025-02-11 18:19:00,0.708,144.31,1
4642,600,2025-01-10 01:30:00,13.271,32.63,0
4643,216,2025-01-24 03:47:00,13.957,30.41,0
4644,251,2025-05-12 12:23:00,17.859,15.71,0
4645,614,2025-04-17 20:20:00,8.384,109.03,0
4646,641,2025-04-11 08:47:00,12.953,15.01,0
4647,57,2025-01-27 14:19:00,18.401,168.13,0
4648,287,2025-04-08 23:59:00,15.767,32.79,0
4649,499,2025-02-02 22:44:00,12.338,17.59,0
4650,101,2025-02-26 05:00:00,17.194,8.41,0
4651,799,2025-06-21 09:17:00,20.616,28.19,0
4652,167,2025-03-22 12:47:00,15.072,31.64,0
4653,693,2025-01-06 05:59:00,18.349,27.12,0
4654,51,2025-04-17 23:24:00,10.778,35.14,0
4655,700,2025-02-03 15:06:00,14.622,106.04,0
4656,32,2025-01-01 21:37:00,12.078,57.42,0
4657,544,2025-05-01 19:39:00,21.899,40.9,0
4658,288,2025-04-25 00:24:00,11.062,87.24,0
4659,368,2025-02-09 00:58:00,21.264,16.82,0
4660,86,2025-05-14 09:08:00,13.722,61.93,0
4661,541,2025-02-02 17:58:00,14.977,61.0,0
4662,497,2025-04-01 07:54:00,15.334,116.18,0
4663,256,2025-04-11 04:04:00,11.385,11.69,0
4664,377,2025-01-21 06:06:00,11.345,17.5,0
4665,442,2025-05-06 06:31:00,13.264,18.31,0
4666,550,2025-04-01 15:57:00,18.433,51.31,0
4667,431,2025-03-19 12:20:00,17.811,41.87,0
4668,47,2025-05-13 17:53:00,21.966,55.12,0
4669,434,2025-05-21 15:09:00,9.237,6.49,0
4670,278,2025-03-30 19:30:00,18.63,113.65,0
4671,329,2025-05-27 17:42:00,10.729,42.24,0
4672,296,2025-01-10 11:37:00,15.154,54.46,0
4673,282,2025-04-23 03:43:00,10.749,47.07,0
4674,188,2025-02-20 02:49:00,21.105,21.18,0
4675,264,2025-04-15 00:10:00,15.101,52.97,0
4676,569,2025-04-23 11:19:00,14.573,37.2,0
4677,179,2025-05-27 22:26:00,12.304,36.81,0
4678,607,2025-04-11 10:10:00,14.285,51.93,0
4679,350,2025-01-03 16:55:00,9.55,32.24,0
4680,488,2025-06-26 01:43:00,17.579,11.78,0
4681,94,2025-04-02 21:56:00,15.989,30.27,0
4682,165,2025-01-23 00:32:00,9.394,128.43,0
4683,721,2025-01-24 04:07:00,9.433,22.48,0
4684,664,2025-01-06 17:02:00,12.101,37.74,0
4685,55,2025-02-09 21:07:00,14.624,68.23,0
4686,722,2025-02-18 03:06:00,11.117,190.72,0
4687,669,2025-06-20 19:40:00,9.839,28.52,0
4688,109,2025-05-27 07:41:00,9.349,13.11,0
4689,192,2025-01-01 16:01:00,12.272,59.94,0
4690,142,2025-03-02 16:19:00,16.815,18.27,0
4691,682,2025-02-25 06:18:00,17.497,44.33,0
4692,682,2025-03-23 00:02:00,11.96,56.84,0
4693,576,2025-01-28 18:50:00,14.168,23.85,0
4694,200,2025-02-18 05:40:00,16.798,28.15,0
4695,736,2025-04-13 16:12:00,13.041,67.41,0
4696,677,2025-04-04 12:34:00,21.701,83.88,0
4697,696,2025-06-01 23:12:00,17.698,36.26,0
4698,287,2025-06-16 12:45:00,16.098,40.05,0
4699,560,2025-03-12 08:38:00,14.971,14.24,0
4700,540,2025-05-27 17:32:00,14.887,38.47,0
4701,121,2025-05-31 16:38:00,12.084,25.59,0
4702,466,2025-03-04 06:30:00,9.081,37.27,0
4703,439,2025-03-21 05:49:00,19.731,108.84,0
4704,467,2025-04-23 22:12:00,20.676,14.22,0
4705,271,2025-06-13 15:04:00,21.643,89.62,0
4706,535,2025-05-20 09:04:00,13.656,40.9,0
4707,708,2025-06-02 10:48:00,21.25,34.25,0
4708,483,2025-05-23 19:14:00,17.833,17.47,0
4709,697,2025-02-02 04:30:00,13.91,43.77,0
4710,617,2025-02-08 12:06:00,20.859,198.84,0
4711,251,2025-06-09 07:28:00,21.559,4.56,0
4712,588,2025-03-22 17:28:00,15.475,7.32,0
4713,537,2025-02-04 15:52:00,18.915,30.38,0
4714,754,2025-02-23 17:09:00,18.872,45.47,0
4715,270,2025-03-30 06:30:00,16.524,74.22,0
4716,131,2025-04-11 00:40:00,13.919,50.25,0
4717,542,2025-02-05 06:44:00,9.881,9.46,0
4718,505,2025-02-15 07:20:00,21.971,57.3,0
4719,491,2025-03-11 13:31:00,9.003,30.49,0
4720,591,2025-02-08 11:16:00,9.888,71.07,0
4721,408,2025-06-27 09:48:00,13.247,19.72,0
4722,24,2025-01-04 15:30:00,13.58,10.28,0
4723,702,2025-05-18 17:24:00,11.74,24.4,0
4724,221,2025-02-22 17:45:00,9.093,51.84,0
4725,196,2025-04-10 17:35:00,20.592,47.55,0
4726,651,2025-02-25 09:45:00,15.186,35.48,0
4727,637,2025-06-18 09:16:00,21.578,21.46,0
4728,404,2025-06-25 02:07:00,20.292,31.49,0
4729,551,2025-03-06 17:55:00,14.916,114.52,0
4730,64,2025-01-06 03:30:00,13.435,269.63,0
4731,225,2025-02-01 04:14:00,11.571,49.2,0
4732,194,2025-05-09 22:07:00,21.903,79.48,0
4733,337,2025-05-30 05:04:00,16.471,19.56,0
4734,285,2025-01-08 05:38:00,19.77,103.33,0
4735,55,2025-01-03 04:35:00,21.785,26.47,0
4736,550,2025-03-30 10:28:00,11.135,12.7,0
4737,478,2025-05-25 19:51:00,20.948,87.99,0
4738,303,2025-05-19 00:44:00,19.123,37.6,0
4739,710,2025-01-04 22:25:00,14.365,106.74,0
4740,288,2025-06-27 21:49:00,21.283,67.79,0
4741,94,2025-02-21 04:31:00,16.259,12.43,0
4742,678,2025-02-11 05:55:00,13.512,40.57,0
4743,105,2025-03-05 23:45:00,10.239,17.08,0
4744,57,2025-05-17 03:14:00,18.191,96.2,0
4745,379,2025-02-27 08:02:00,18.836,37.5,0
4746,463,2025-04-27 10:58:00,10.897,20.67,0
4747,224,2025-02-13 19:37:00,13.206,6.9,0
4748,671,2025-01-22 05:06:00,8.771,88.97,0
4749,221,2025-01-20 11:19:00,15.802,26.61,0
4750,770,2025-03-21 01:05:00,16.401,28.39,0
4751,510,2025-01-01 13:44:00,19.876,51.54,0
4752,147,2025-04-11 15:19:00,8.366,17.25,0
4753,328,2025-05-20 10:45:00,9.675,10.39,0
4754,60,2025-04-12 08:39:00,8.442,40.84,0
4755,675,2025-03-24 05:52:00,21.222,16.62,0
4756,518,2025-01-31 15:36:00,15.18,32.91,0
4757,343,2025-01-30 03:35:00,11.444,17.51,0
4758,543,2025-01-21 22:03:00,8.267,11.8,0
4759,492,2025-01-15 19:00:00,9.351,9.41,0
4760,479,2025-04-12 08:02:00,18.082,37.95,0
4761,318,2025-02-20 02:51:00,14.724,84.15,0
4762,281,2025-04-30 04:11:00,18.282,76.53,0
4763,204,2025-03-05 18:53:00,11.713,35.7,0
4764,629,2025-02-27 23:28:00,14.154,109.42,0
4765,377,2025-03-25 01:19:00,16.734,22.8,0
4766,375,2025-03-07 07:49:00,10.972,67.38,0
4767,576,2025-01-19 04:33:00,12.025,23.61,0
4768,424,2025-01-05 14:14:00,9.983,19.58,0
4769,762,2025-06-26 09:16:00,17.965,66.89,0
4770,192,2025-01-20 08:31:00,16.152,49.47,0
4771,33,2025-02-18 08:59:00,14.225,57.92,0
4772,337,2025-03-15 00:41:00,15.943,276.02,1
4773,425,2025-03-21 10:23:00,10.377,79.72,0
4774,269,2025-05-15 22:24:00,19.38,60.16,1
4775,508,2025-05-08 14:56:00,18.577,25.36,0
4776,751,2025-04-20 03:26:00,10.548,55.8,0
4777,68,2025-02-25 20:01:00,20.4,84.12,0
4778,429,2025-06-21 12:45:00,13.516,19.43,0
4779,663,2025-01-15 20:23:00,14.491,19.53,0
4780,401,2025-02-25 20:58:00,15.438,27.79,0
4781,220,2025-03-09 18:39:00,19.101,5.92,0
4782,614,2025-03-04 22:54:00,10.296,45.58,0
4783,699,2025-04-10 12:24:00,11.71,72.53,0
4784,207,2025-01-10 05:06:00,21.11,55.22,0
4785,442,2025-06-01 12:22:00,21.129,51.35,0
4786,643,2025-01-29 19:49:00,19.326,79.37,0
4787,121,2025-03-08 05:26:00,10.358,32.3,0
4788,8,2025-04-15 14:03:00,16.33,9.95,0
4789,591,2025-06-10 02:43:00,14.244,38.82,0
4790,601,2025-04-11 09:08:00,9.13,99.13,0
4791,125,2025-04-09 07:02:00,1.744,46.73,1
4792,477,2025-02-14 10:40:00,19.996,25.99,0
4793,576,2025-05-10 03:32:00,9.267,65.54,0
4794,770,2025-04-11 19:55:00,11.799,47.67,0
4795,646,2025-01-06 10:18:00,10.11,29.45,0
4796,175,2025-03-17 12:37:00,16.051,38.5,0
4797,460,2025-06-11 05:32:00,18.64,27.15,0
4798,586,2025-06-04 10:43:00,11.713,57.24,0
4799,216,2025-02-08 10:05:00,18.949,17.04,0
4800,130,2025-05-14 07:22:00,10.45,45.57,0
4801,349,2025-02-28 15:45:00,12.994,70.16,0
4802,575,2025-05-18 00:45:00,11.4,42.34,0
4803,422,2025-04-05 06:11:00,14.361,42.72,0
4804,483,2025-02-27 17:56:00,21.734,37.02,0
4805,532,2025-06-22 18:27:00,18.315,53.68,0
4806,764,2025-02-13 12:13:00,10.881,26.26,0
4807,507,2025-03-04 05:18:00,21.53,31.53,0
4808,107,2025-06-17 23:12:00,17.539,17.02,0
4809,320,2025-02-09 16:34:00,14.358,28.2,0
4810,135,2025-02-05 13:25:00,20.828,7.04,0
4811,606,2025-06-22 22:20:00,18.68,35.81,0
4812,797,2025-03-29 00:34:00,18.209,57.29,0
4813,617,2025-05-26 12:33:00,10.813,33.17,0
4814,196,2025-01-16 23:56:00,9.792,73.14,0
4815,557,2025-04-30 09:58:00,0.901,101.86,1
4816,16,2025-01-19 16:45:00,17.522,34.55,0
4817,217,2025-03-15 17:37:00,19.441,15.77,0
4818,242,2025-02-06 13:19:00,18.721,83.81,0
4819,375,2025-03-17 16:21:00,20.644,71.29,0
4820,256,2025-03-12 12:27:00,13.257,50.12,0
4821,346,2025-06-21 02:53:00,12.903,23.01,0
4822,7,2025-04-30 05:49:00,11.316,47.36,0
4823,653,2025-01-13 09:54:00,9.476,27.28,0
4824,316,2025-03-29 16:16:00,14.761,19.46,0
4825,646,2025-05-17 08:24:00,14.975,46.65,0
4826,46,2025-03-30 15:52:00,9.602,16.07,0
4827,692,2025-04-19 04:58:00,16.449,64.07,0
4828,501,2025-04-03 07:21:00,13.087,43.84,0
4829,184,2025-06-24 07:38:00,14.387,32.01,0
4830,602,2025-04-29 05:40:00,15.14,33.85,0
4831,598,2025-04-11 12:18:00,12.348,14.83,0
4832,581,2025-06-19 14:46:00,17.591,15.56,0
4833,696,2025-02-20 11:55:00,15.138,140.0,0
4834,763,2025-05-16 19:20:00,14.18,31.02,0
4835,133,2025-05-21 09:14:00,13.734,11.2,0
4836,225,2025-03-08 14:32:00,8.332,72.98,0
4837,31,2025-06-27 09:54:00,18.797,461.79,1
4838,53,2025-02-23 03:54:00,21.531,55.51,0
4839,84,2025-06-13 08:11:00,9.834,113.83,0
4840,553,2025-01-04 09:08:00,12.052,29.42,0
4841,484,2025-02-23 01:16:00,19.857,88.37,0
4842,27,2025-02-24 23:36:00,17.922,62.95,0
4843,337,2025-03-04 08:13:00,12.374,123.22,0
4844,88,2025-03-20 13:36:00,17.093,55.75,0
4845,156,2025-05-16 20:49:00,20.841,22.93,0
4846,44,2025-03-19 09:44:00,11.075,6.61,0
4847,422,2025-04-18 16:10:00,17.515,18.57,0
4848,65,2025-01-21 14:36:00,19.368,23.42,0
4849,628,2025-01-03 02:10:00,9.334,77.44,0
4850,745,2025-03-12 23:29:00,21.083,92.45,0
4851,684,2025-01-26 12:50:00,21.431,14.56,0
4852,658,2025-01-20 15:29:00,18.263,93.1,0
4853,601,2025-01-16 09:19:00,15.218,18.85,0
4854,728,2025-02-19 02:22:00,16.455,17.97,0
4855,708,2025-02-02 04:06:00,17.078,11.57,0
4856,172,2025-01-27 01:41:00,10.158,45.86,0
4857,483,2025-02-24 21:12:00,12.128,21.91,0
4858,244,2025-02-15 19:56:00,9.412,100.06,0
4859,669,2025-06-24 02:18:00,13.186,16.93,0
4860,8,2025-04-26 01:15:00,18.431,62.87,0
4861,333,2025-05-02 18:20:00,20.397,13.27,0
4862,303,2025-05-04 12:38:00,13.198,79.91,0
4863,681,2025-01-10 20:34:00,16.626,38.44,0
4864,235,2025-03-30 20:52:00,16.328,44.24,0
4865,716,2025-04-20 07:49:00,14.616,26.27,0
4866,397,2025-06-19 00:33:00,17.719,25.11,0
4867,549,2025-03-20 14:23:00,10.111,52.08,0
4868,424,2025-02-19 07:01:00,9.048,148.73,0
4869,344,2025-05-16 17:27:00,12.872,15.11,0
4870,243,2025-02-03 05:47:00,21.57,26.65,0
4871,225,2025-06-09 02:34:00,21.344,21.44,0
4872,512,2025-03-06 04:58:00,16.863,10.44,0
4873,260,2025-01-12 17:43:00,16.102,10.34,0
4874,691,2025-03-05 10:14:00,16.865,19.48,0
4875,105,2025-06-26 09:18:00,14.011,25.5,0
4876,172,2025-03-19 21:01:00,12.037,108.66,0
4877,37,2025-01-11 10:09:00,8.078,77.23,0
4878,690,2025-03-09 02:12:00,8.269,18.16,0
4879,331,2025-05-12 19:51:00,21.61,64.95,0
4880,28,2025-01-10 18:34:00,18.424,18.46,0
4881,34,2025-06-12 13:31:00,17.662,32.63,0
4882,734,2025-05-16 12:44:00,19.822,45.35,0
4883,704,2025-05-16 07:25:00,16.497,189.3,0
4884,221,2025-05-16 12:32:00,17.347,43.4,0
4885,519,2025-01-28 03:24:00,19.062,10.73,0
4886,202,2025-05-25 06:57:00,9.752,63.48,0
4887,674,2025-02-07 10:31:00,10.627,86.93,0
4888,572,2025-01-28 15:55:00,15.784,71.25,0
4889,355,2025-01-08 09:53:00,9.356,15.8,0
4890,742,2025-01-26 19:34:00,17.232,38.66,0
4891,179,2025-01-24 14:13:00,19.651,34.5,0
4892,797,2025-06-09 03:33:00,19.726,144.17,0
4893,232,2025-01-11 23:35:00,12.526,57.33,0
4894,710,2025-04-27 12:15:00,10.838,138.2,0
4895,683,2025-01-10 15:43:00,21.422,19.84,0
4896,450,2025-06-23 00:36:00,20.773,29.43,0
4897,97,2025-04-12 04:19:00,12.389,22.77,0
4898,600,2025-04-03 15:24:00,20.518,76.58,0
4899,558,2025-01-14 19:20:00,20.334,87.1,0
4900,692,2025-06-06 06:23:00,12.732,47.85,0
4901,180,2025-03-18 12:15:00,13.085,37.76,0
4902,191,2025-01-26 04:56:00,21.047,48.89,0
4903,282,2025-05-08 17:44:00,18.386,11.58,0
4904,295,2025-06-19 22:14:00,16.645,25.19,0
4905,2,2025-01-03 17:22:00,21.341,26.86,0
4906,122,2025-02-06 07:58:00,20.109,34.62,0
4907,383,2025-04-25 23:57:00,9.047,20.77,0
4908,773,2025-01-12 04:49:00,14.983,17.74,0
4909,102,2025-05-17 07:02:00,20.54,9.75,0
4910,192,2025-04-20 19:55:00,9.556,49.45,0
4911,687,2025-04-07 14:24:00,9.011,11.68,0
4912,31,2025-03-01 00:57:00,20.027,77.86,0
4913,78,2025-03-27 14:33:00,18.883,45.35,0
4914,711,2025-01-15 20:51:00,10.341,71.13,0
4915,200,2025-05-12 13:13:00,10.535,17.15,0
4916,246,2025-04-21 12:58:00,19.657,155.46,0
4917,11,2025-04-06 08:26:00,10.928,206.67,0
4918,325,2025-05-22 00:35:00,10.016,35.85,0
4919,794,2025-04-02 16:06:00,20.706,47.95,0
4920,788,2025-03-14 13:21:00,19.271,34.64,0
4921,513,2025-05-25 07:50:00,13.653,78.35,0
4922,540,2025-06-18 06:35:00,16.765,65.99,0
4923,514,2025-05-31 18:14:00,14.026,8.46,0
4924,555,2025-04-02 23:52:00,11.842,18.07,0
4925,415,2025-03-08 07:34:00,21.815,47.92,0
4926,164,2025-01-24 12:50:00,15.639,65.0,0
4927,694,2025-03-16 18:52:00,16.926,39.44,0
4928,703,2025-05-30 16:43:00,13.716,9.01,0
4929,115,2025-05-25 03:17:00,15.01,54.63,0
4930,75,2025-01-24 02:13:00,12.028,150.69,0
4931,634,2025-04-09 01:49:00,14.01,5.58,0
4932,38,2025-05-01 10:32:00,16.789,74.2,0
4933,645,2025-05-04 15:02:00,19.37,151.57,0
4934,785,2025-06-07 13:35:00,19.233,74.45,0
4935,28,2025-01-14 12:45:00,8.16,32.81,0
4936,639,2025-03-25 15:55:00,15.489,71.73,0
4937,106,2025-01-18 03:59:00,13.226,32.66,0
4938,232,2025-05-11 11:48:00,16.499,54.0,0
4939,437,2025-04-06 17:22:00,20.343,37.41,0
4940,544,2025-03-19 20:28:00,18.851,38.26,0
4941,72,2025-05-28 11:03:00,12.63,19.03,0
4942,87,2025-06-02 07:45:00,18.348,24.16,0
4943,225,2025-02-26 23:27:00,9.419,128.4,0
4944,545,2025-05-27 19:33:00,9.794,21.32,0
4945,322,2025-06-22 21:55:00,11.158,7.32,0
4946,220,2025-01-10 08:14:00,13.596,582.69,0
4947,125,2025-05-17 20:36:00,15.15,24.68,0
4948,774,2025-01-21 19:23:00,13.57,28.23,0
4949,563,2025-05-21 16:59:00,16.789,25.37,0
4950,788,2025-05-03 08:30:00,9.738,35.45,0
4951,396,2025-05-31 03:01:00,15.301,19.07,0
4952,654,2025-04-14 08:12:00,11.814,115.23,0
4953,511,2025-02-15 19:23:00,13.105,29.84,0
4954,420,2025-05-06 04:42:00,15.124,15.16,0
4955,379,2025-03-01 11:00:00,9.857,3.53,0
4956,400,2025-01-06 14:37:00,13.435,84.04,0
4957,329,2025-01-22 07:37:00,18.65,24.6,0
4958,511,2025-06-06 16:03:00,11.886,47.27,0
4959,393,2025-03-10 11:08:00,18.704,16.65,0
4960,776,2025-01-26 21:53:00,11.233,37.73,0
4961,719,2025-01-07 10:47:00,18.558,34.24,0
4962,371,2025-01-08 09:52:00,10.722,73.12,0
4963,316,2025-05-16 06:25:00,21.317,39.96,0
4964,607,2025-01-24 11:46:00,10.153,14.25,0
4965,513,2025-05-25 11:02:00,21.998,3617.94,1
4966,185,2025-04-11 15:32:00,11.206,49.55,0
4967,667,2025-02-08 10:50:00,17.943,16.44,0
4968,545,2025-06-12 03:29:00,12.272,40.72,0
4969,496,2025-03-30 04:21:00,9.151,47.86,0
4970,625,2025-03-12 23:19:00,8.348,51.55,0
4971,180,2025-05-01 23:00:00,10.062,46.8,0
4972,639,2025-04-29 09:53:00,13.713,42.59,0
4973,97,2025-05-14 15:46:00,16.123,72.93,0
4974,634,2025-04-21 14:47:00,14.699,62.65,0
4975,472,2025-06-24 11:58:00,16.826,63.59,0
4976,465,2025-03-16 20:58:00,9.342,8.45,0
4977,581,2025-02-06 02:49:00,17.47,8.74,0
4978,248,2025-01-23 20:29:00,18.993,18.56,0
4979,614,2025-02-14 09:50:00,11.229,28.69,0
4980,20,2025-05-20 04:21:00,19.087,19.06,0
4981,555,2025-06-03 16:45:00,11.5,15.53,0
4982,635,2025-02-22 12:17:00,14.217,42.37,0
4983,2,2025-01-18 11:57:00,19.281,17.41,0
4984,555,2025-05-10 15:13:00,17.621,5.12,0
4985,619,2025-05-22 11:00:00,15.052,11.81,0
4986,417,2025-01-10 22:04:00,13.175,21.49,0
4987,483,2025-01-25 00:01:00,15.891,28.47,0
4988,47,2025-03-02 08:20:00,15.277,71.83,0
4989,790,2025-03-25 14:30:00,21.6,49.55,0
4990,494,2025-01-20 21:21:00,19.566,7.04,1
4991,611,2025-04-17 14:29:00,9.63,111.88,0
4992,12,2025-03-31 09:46:00,13.773,29.84,0
4993,344,2025-05-19 05:13:00,16.222,36.99,0
4994,654,2025-06-21 12:40:00,17.875,38.56,0
4995,540,2025-01-21 14:46:00,10.483,17.69,0
4996,723,2025-03-23 09:42:00,19.631,54.93,0
4997,492,2025-05-29 07:55:00,16.82,7.36,0
4998,571,2025-01-02 16:03:00,8.944,102.25,0
4999,269,2025-06-03 02:24:00,8.827,40.67,0
5000,650,2025-03-13 09:20:00,17.606,46.8,0
5001,426,2025-05-23 19:55:00,18.578,53.34,0
5002,640,2025-04-19 05:20:00,12.346,24.59,0
5003,163,2025-06-18 17:11:00,10.267,96.76,0
5004,214,2025-01-28 01:33:00,11.078,19.59,0
5005,70,2025-06-07 00:00:00,13.491,15.72,0
5006,540,2025-04-12 22:34:00,16.846,39.43,0
5007,586,2025-05-19 05:40:00,10.628,11.62,0
5008,226,2025-05-20 03:15:00,19.078,22.25,0
5009,307,2025-04-15 06:43:00,11.484,43.12,0
5010,455,2025-03-23 11:37:00,19.334,63.02,0
5011,604,2025-05-26 13:15:00,20.936,33.97,0
5012,242,2025-04-02 01:50:00,10.298,16.98,0
5013,390,2025-06-25 13:26:00,20.848,26.72,0
5014,148,2025-05-01 00:22:00,17.875,20.51,0
5015,647,2025-04-25 17:13:00,20.421,32.37,0
5016,698,2025-04-15 21:00:00,12.855,21.31,0
5017,591,2025-02-13 16:03:00,20.091,16.01,0
5018,652,2025-05-15 18:35:00,14.675,14.5,0
5019,611,2025-02-14 14:41:00,10.655,8.04,0
5020,668,2025-04-21 17:50:00,21.952,83.13,0
5021,343,2025-05-24 06:39:00,21.273,62.05,0
5022,164,2025-03-23 04:39:00,9.747,13.1,0
5023,768,2025-06-28 02:25:00,14.387,58.91,0
5024,1,2025-01-30 11:03:00,21.807,36.21,0
5025,324,2025-02-07 20:32:00,15.678,12.45,0
5026,581,2025-02-24 14:00:00,14.959,15.1,0
5027,634,2025-06-24 14:45:00,10.735,31.07,0
5028,548,2025-04-07 03:13:00,13.873,63.33,0
5029,391,2025-02-18 07:00:00,14.975,56.3,0
5030,737,2025-06-23 19:30:00,2.945,22.75,1
5031,188,2025-03-16 07:18:00,14.3,50.54,0
5032,113,2025-02-17 23:18:00,16.89,30.73,0
5033,503,2025-06-13 11:13:00,9.421,19.44,0
5034,256,2025-01-28 19:39:00,18.693,75.47,0
5035,375,2025-06-23 03:02:00,8.046,39.64,0
5036,365,2025-01-09 04:54:00,16.99,52.67,0
5037,211,2025-04-13 01:14:00,19.568,14.54,0
5038,798,2025-04-15 19:37:00,18.735,23.1,0
5039,306,2025-06-21 00:23:00,10.062,67.46,0
5040,536,2025-06-17 08:19:00,19.819,27.96,0
5041,127,2025-06-01 15:15:00,9.109,29.28,0
5042,792,2025-06-14 20:30:00,8.929,14.98,0
5043,789,2025-06-05 22:49:00,19.516,40.97,0
5044,55,2025-04-03 08:00:00,10.555,14.76,0
5045,514,2025-06-06 06:49:00,14.259,46.9,0
5046,475,2025-05-19 19:49:00,21.113,15.82,0
5047,138,2025-03-11 12:35:00,10.925,29.6,0
5048,615,2025-06-08 11:12:00,18.928,123.39,0
5049,611,2025-01-06 12:28:00,16.182,46.9,0
5050,675,2025-01-19 12:11:00,13.68,26.53,0
5051,481,2025-01-30 15:17:00,14.429,69.46,0
5052,565,2025-04-07 06:25:00,13.744,19.62,0
5053,578,2025-01-14 09:42:00,19.582,15.9,0
5054,613,2025-02-10 11:45:00,19.396,26.14,0
5055,467,2025-02-13 15:09:00,13.228,84.29,0
5056,595,2025-02-13 15:50:00,17.761,80.59,0
5057,48,2025-01-10 22:52:00,15.446,23.52,0
5058,494,2025-02-10 09:04:00,18.475,27.89,0
5059,162,2025-02-19 20:23:00,8.701,48.99,0
5060,325,2025-05-17 13:20:00,12.704,244.18,0
5061,614,2025-04-17 00:18:00,12.701,28.94,0
5062,91,2025-02-26 15:25:00,16.355,105.78,0
5063,603,2025-01-26 09:22:00,10.907,42.73,0
5064,207,2025-04-03 10:13:00,15.444,69.27,0
5065,603,2025-02-26 20:00:00,21.718,78.74,0
5066,613,2025-05-06 11:34:00,8.609,40.29,0
5067,12,2025-02-10 08:16:00,15.048,34.22,0
5068,187,2025-06-29 10:30:00,9.936,29.65,0
5069,644,2025-01-18 02:50:00,16.154,46.33,0
5070,273,2025-05-31 06:43:00,11.372,90.52,0
5071,351,2025-05-02 16:44:00,20.635,100.84,0
5072,12,2025-05-02 03:50:00,12.452,92.19,0
5073,554,2025-06-10 17:52:00,21.416,24.11,0
5074,74,2025-03-23 06:39:00,8.058,22.22,0
5075,217,2025-05-09 21:05:00,19.65,18.05,0
5076,381,2025-04-06 02:26:00,11.664,39.59,0
5077,615,2025-05-04 03:48:00,10.823,73.82,0
5078,398,2025-04-10 12:26:00,20.378,22.27,0
5079,785,2025-06-26 22:38:00,12.261,30.23,0
5080,417,2025-02-28 04:36:00,16.174,58.71,0
5081,202,2025-05-12 15:06:00,18.315,27.07,0
5082,152,2025-01-30 22:08:00,13.869,30.06,0
5083,627,2025-01-09 11:28:00,9.419,85.36,0
5084,367,2025-05-07 14:22:00,20.913,35.67,0
5085,483,2025-02-09 06:49:00,17.065,19.67,0
5086,296,2025-01-03 19:40:00,20.494,37.8,0
5087,218,2025-04-25 17:50:00,18.748,49.5,0
5088,479,2025-04-21 03:09:00,18.836,259.56,0
5089,235,2025-04-26 00:40:00,16.258,117.99,0
5090,799,2025-03-23 17:28:00,8.087,449.99,0
5091,585,2025-05-30 20:49:00,20.357,14.93,0
5092,655,2025-01-03 07:23:00,19.633,106.52,0
5093,227,2025-01-29 14:09:00,18.178,121.23,0
5094,23,2025-03-09 18:26:00,20.294,35.86,0
5095,38,2025-06-26 14:51:00,10.579,25.57,0
5096,687,2025-05-10 16:59:00,11.946,63.13,0
5097,699,2025-04-03 22:22:00,10.2,26.97,0
5098,543,2025-06-20 20:34:00,17.053,14.02,0
5099,471,2025-06-15 16:10:00,14.137,11.26,0
5100,167,2025-01-19 22:23:00,9.437,10.57,0
5101,606,2025-04-06 06:45:00,16.059,42.18,0
5102,413,2025-06-21 05:46:00,12.746,59.88,0
5103,482,2025-02-03 15:28:00,14.867,16.05,0
5104,19,2025-01-29 10:06:00,11.659,51.54,0
5105,413,2025-03-05 04:24:00,10.256,51.25,0
5106,554,2025-06-24 10:04:00,14.311,46.19,0
5107,615,2025-02-09 19:26:00,11.166,60.3,0
5108,116,2025-04-25 09:21:00,13.67,41.59,0
5109,25,2025-02-17 13:27:00,13.352,101.66,0
5110,684,2025-05-13 15:23:00,21.166,57.65,0
5111,249,2025-06-10 06:20:00,10.616,12.83,0
5112,378,2025-01-08 07:43:00,12.01,152.53,0
5113,501,2025-03-09 22:20:00,19.086,16.23,0
5114,393,2025-04-15 04:49:00,12.142,34.55,0
5115,755,2025-02-02 21:08:00,14.724,269.63,0
5116,673,2025-04-25 07:00:00,18.667,51.79,0
5117,314,2025-03-07 14:49:00,8.061,18.13,0
5118,152,2025-01-07 08:15:00,21.392,45.82,0
5119,780,2025-04-22 02:33:00,14.48,53.16,0
5120,566,2025-01-07 20:39:00,18.632,41.11,0
5121,604,2025-02-06 03:49:00,20.891,23.33,0
5122,371,2025-01-30 11:18:00,20.275,12.57,0
5123,387,2025-01-10 04:14:00,11.085,13.79,0
5124,145,2025-03-16 00:38:00,15.773,18.76,0
5125,343,2025-06-06 23:33:00,13.749,98.62,0
5126,434,2025-02-24 23:57:00,15.453,13.2,0
5127,103,2025-02-13 01:25:00,18.915,39.64,0
5128,508,2025-05-26 06:09:00,12.963,107.13,0
5129,492,2025-06-18 13:05:00,14.681,58.91,0
5130,672,2025-02-24 05:27:00,16.512,109.12,0
5131,41,2025-01-09 11:39:00,11.788,21.9,0
5132,180,2025-05-17 21:30:00,16.492,57.85,0
5133,343,2025-04-28 03:37:00,10.085,87.89,0
5134,703,2025-06-29 13:09:00,16.703,74.31,0
5135,190,2025-04-30 17:50:00,10.005,71.33,0
5136,777,2025-06-17 08:47:00,18.859,13.46,0
5137,765,2025-01-29 02:02:00,10.716,59.68,0
5138,75,2025-01-30 16:13:00,17.046,51.7,0
5139,290,2025-04-30 17:48:00,16.137,31.03,0
5140,207,2025-05-15 14:53:00,13.955,21.57,0
5141,391,2025-03-11 18:35:00,17.036,50.18,0
5142,739,2025-03-19 13:42:00,19.851,15.89,0
5143,300,2025-03-10 17:14:00,9.682,24.79,0
5144,530,2025-01-09 14:56:00,17.47,74.37,0
5145,109,2025-06-07 22:42:00,13.742,80.56,0
5146,456,2025-06-13 07:32:00,17.435,51.47,0
5147,282,2025-06-21 10:25:00,20.251,24.23,0
5148,734,2025-04-01 18:58:00,17.14,14.38,0
5149,623,2025-01-31 14:53:00,10.238,18.76,0
5150,172,2025-03-14 17:44:00,13.826,97.89,0
5151,496,2025-05-04 03:18:00,15.692,40.89,0
5152,273,2025-02-01 04:43:00,9.776,32.26,0
5153,349,2025-01-28 20:20:00,17.011,39.89,0
5154,370,2025-06-28 15:15:00,17.985,60.52,0
5155,656,2025-01-07 07:12:00,18.675,227.68,1
5156,232,2025-04-18 16:18:00,9.679,23.72,0
5157,3,2025-01-27 21:58:00,17.872,58.69,0
5158,154,2025-01-04 22:40:00,13.127,42.4,0
5159,661,2025-04-25 05:42:00,10.957,84.8,0
5160,237,2025-02-03 02:45:00,15.341,63.95,0
5161,47,2025-05-11 18:12:00,16.018,18.87,0
5162,320,2025-05-29 10:14:00,14.395,2.42,0
5163,696,2025-04-02 06:23:00,19.772,41.21,0
5164,698,2025-01-31 01:06:00,10.181,15.17,0
5165,758,2025-06-21 07:11:00,13.7,52.53,0
5166,547,2025-03-09 00:19:00,11.738,124.93,0
5167,655,2025-05-18 13:13:00,8.683,15.36,0
5168,618,2025-02-04 17:17:00,12.747,58.7,0
5169,15,2025-01-30 02:11:00,18.053,70.21,0
5170,334,2025-05-02 09:06:00,15.325,46.15,0
5171,420,2025-02-07 10:17:00,13.862,45.5,0
5172,371,2025-04-06 21:52:00,14.646,6.65,0
5173,663,2025-04-18 07:04:00,12.375,36.88,0
5174,785,2025-01-23 00:00:00,9.71,34.76,0
5175,436,2025-03-01 23:51:00,16.266,81.06,0
5176,77,2025-02-04 18:59:00,19.415,75.44,0
5177,287,2025-01-01 03:51:00,0.906,23.27,1
5178,158,2025-06-20 20:10:00,11.267,7.66,0
5179,376,2025-01-05 08:57:00,14.08,9.76,0
5180,187,2025-05-30 07:07:00,15.73,108.02,0
5181,64,2025-03-15 10:59:00,19.234,32.9,0
5182,137,2025-02-19 20:30:00,10.751,141.39,1
5183,397,2025-04-05 06:01:00,9.851,12.15,0
5184,113,2025-06-14 20:59:00,21.043,42.1,0
5185,22,2025-04-28 14:20:00,10.04,38.56,0
5186,224,2025-01-15 12:05:00,21.848,131.64,0
5187,515,2025-05-18 08:45:00,16.386,32.82,0
5188,504,2025-05-18 09:53:00,14.986,47.67,0
5189,312,2025-06-24 09:02:00,10.645,33.85,0
5190,530,2025-02-06 08:44:00,20.047,67.39,0
5191,153,2025-05-31 23:53:00,10.41,143.08,0
5192,578,2025-03-08 14:47:00,13.618,74.51,0
5193,13,2025-03-06 01:39:00,8.672,169.38,0
5194,108,2025-04-24 23:18:00,8.316,53.95,0
5195,737,2025-04-07 05:52:00,18.214,9.84,0
5196,374,2025-02-11 08:15:00,10.908,18.1,0
5197,445,2025-02-08 20:46:00,16.411,67.49,0
5198,317,2025-04-28 01:04:00,18.128,28.86,0
5199,517,2025-06-24 09:00:00,14.885,35.05,0
5200,598,2025-02-11 07:27:00,17.19,18.31,0
5201,623,2025-04-07 09:06:00,11.376,111.15,0
5202,199,2025-02-25 05:24:00,19.45,119.16,0
5203,501,2025-02-14 22:34:00,10.887,29.14,0
5204,627,2025-05-24 03:17:00,16.269,29.37,0
5205,28,2025-05-11 07:52:00,19.702,97.09,1
5206,305,2025-03-28 07:12:00,19.105,80.82,0
5207,502,2025-03-29 19:41:00,8.718,9.49,0
5208,459,2025-03-18 13:53:00,13.141,60.28,0
5209,202,2025-06-29 09:51:00,19.936,52.04,0
5210,766,2025-06-20 06:55:00,19.913,40.64,0
5211,449,2025-01-14 10:44:00,16.91,17.34,0
5212,451,2025-05-27 21:15:00,9.519,17.65,0
5213,164,2025-03-02 09:14:00,13.66,2.93,0
5214,540,2025-04-28 12:58:00,21.456,20.7,0
5215,733,2025-06-19 12:48:00,9.492,7.23,0
5216,580,2025-03-17 21:02:00,19.22,22.71,0
5217,407,2025-03-25 00:23:00,13.849,48.28,0
5218,509,2025-04-23 17:05:00,18.426,13.75,0
5219,187,2025-02-26 02:57:00,8.76,101.58,0
5220,48,2025-02-17 11:02:00,8.144,167.35,0
5221,511,2025-04-19 21:02:00,12.209,42.3,0
5222,145,2025-02-07 09:10:00,20.183,56.95,0
5223,72,2025-04-30 14:36:00,17.517,9.59,0
5224,619,2025-02-14 22:02:00,16.566,40.53,0
5225,347,2025-01-17 16:55:00,21.968,11.37,0
5226,682,2025-01-19 04:47:00,12.862,8.81,0
5227,692,2025-02-16 16:33:00,19.904,381.19,1
5228,98,2025-01-19 09:18:00,9.535,30.93,0
5229,614,2025-02-25 14:46:00,10.39,33.88,0
5230,267,2025-03-17 05:40:00,14.693,33.02,0
5231,562,2025-02-14 05:54:00,21.433,13.8,0
5232,35,2025-04-07 03:40:00,17.848,38.1,0
5233,376,2025-03-10 22:01:00,9.575,20.07,0
5234,502,2025-01-15 09:46:00,21.369,38.8,0
5235,357,2025-03-02 05:56:00,18.72,28.98,0
5236,441,2025-01-03 04:10:00,18.313,8.27,0
5237,9,2025-05-12 15:44:00,15.721,20.33,0
5238,5,2025-03-21 17:17:00,13.509,54.1,0
5239,480,2025-04-18 19:23:00,9.539,68.46,0
5240,332,2025-01-26 15:14:00,16.677,13.06,0
5241,461,2025-03-19 06:07:00,9.788,18.99,0
5242,287,2025-05-26 15:35:00,16.259,24.47,0
5243,4,2025-02-06 00:01:00,15.555,89.35,0
5244,560,2025-06-27 03:01:00,16.351,50.94,0
5245,109,2025-03-17 17:09:00,19.575,12.57,0
5246,627,2025-01-25 13:15:00,13.756,51.88,0
5247,9,2025-02-02 11:41:00,14.112,96.58,0
5248,743,2025-03-25 03:53:00,8.84,41.62,0
5249,202,2025-06-21 09:16:00,12.028,18.83,0
5250,714,2025-03-26 22:17:00,9.134,68.99,0
5251,3,2025-02-01 06:42:00,9.985,40.58,0
5252,360,2025-03-11 20:15:00,13.975,28.66,0
5253,333,2025-06-04 13:29:00,13.701,71.51,0
5254,131,2025-06-27 04:20:00,21.102,34.89,0
5255,381,2025-04-21 19:18:00,9.67,37.33,0
5256,172,2025-06-05 20:44:00,10.09,69.65,0
5257,349,2025-05-26 22:43:00,18.512,23.44,0
5258,299,2025-03-18 08:53:00,8.314,13.88,0
5259,159,2025-06-09 22:35:00,17.113,45.4,0
5260,630,2025-01-14 13:15:00,18.466,121.61,0
5261,418,2025-05-25 17:12:00,16.806,5.67,0
5262,670,2025-04-15 15:04:00,12.029,62.93,0
5263,651,2025-04-17 01:45:00,9.45,35.99,0
5264,209,2025-06-18 07:58:00,21.918,22.83,0
5265,232,2025-02-18 01:24:00,20.031,20.87,0
5266,761,2025-02-05 14:05:00,18.229,72.08,0
5267,250,2025-04-29 19:13:00,10.619,60.3,0
5268,75,2025-05-14 11:46:00,14.033,15.27,0
5269,434,2025-01-01 20:55:00,17.937,44.66,0
5270,773,2025-03-31 23:21:00,9.42,104.92,0
5271,187,2025-03-09 22:39:00,21.403,61.15,0
5272,510,2025-05-28 12:18:00,21.373,9.22,0
5273,270,2025-06-04 10:24:00,10.107,58.68,0
5274,307,2025-01-25 23:51:00,10.759,12.9,0
5275,361,2025-04-15 11:54:00,13.097,41.67,0
5276,114,2025-05-10 23:44:00,14.31,19.24,0
5277,309,2025-02-16 21:53:00,14.17,48.3,0
5278,218,2025-06-18 01:45:00,17.635,20.48,0
5279,654,2025-06-10 14:13:00,14.583,15.15,0
5280,182,2025-01-31 23:47:00,10.58,45.03,0
5281,679,2025-01-03 17:57:00,11.654,38.38,0
5282,13,2025-04-15 01:05:00,13.757,67.53,0
5283,322,2025-06-08 22:14:00,15.27,22.9,0
5284,214,2025-05-03 20:47:00,20.922,10.42,0
5285,358,2025-05-17 16:50:00,9.347,60.11,0
5286,616,2025-05-10 14:01:00,19.261,111.37,0
5287,765,2025-01-27 08:20:00,12.352,22.05,0
5288,582,2025-01-13 02:43:00,18.178,51.64,0
5289,402,2025-01-12 07:44:00,11.616,27.28,0
5290,409,2025-06-27 01:45:00,13.392,164.25,0
5291,794,2025-06-21 05:20:00,14.206,22.98,0
5292,793,2025-05-31 02:14:00,18.511,33.73,0
5293,610,2025-01-13 01:35:00,10.328,6.94,0
5294,131,2025-06-09 23:02:00,12.852,123.2,0
5295,211,2025-06-25 06:39:00,15.4,22.83,0
5296,217,2025-05-22 06:05:00,17.206,98.9,0
5297,183,2025-03-17 17:07:00,9.065,20.48,0
5298,774,2025-01-17 17:50:00,9.326,32.86,0
5299,127,2025-03-05 15:08:00,18.059,18.73,0
5300,682,2025-02-06 17:31:00,13.126,16.57,0
5301,644,2025-04-28 00:11:00,10.319,27.68,0
5302,422,2025-06-08 21:39:00,11.685,31.33,0
5303,245,2025-03-31 06:55:00,16.375,26.14,0
5304,766,2025-01-09 16:02:00,21.346,10.36,1
5305,540,2025-03-12 05:00:00,18.247,43.92,0
5306,536,2025-05-24 22:51:00,19.159,7.31,0
5307,432,2025-04-26 05:29:00,16.518,26.71,0
5308,454,2025-01-08 08:09:00,13.197,9.88,0
5309,660,2025-03-05 00:17:00,21.471,71.92,0
5310,603,2025-03-05 08:09:00,9.138,93.79,0
5311,600,2025-01-07 04:24:00,19.321,56.2,0
5312,224,2025-03-04 22:38:00,11.616,23.91,0
5313,50,2025-05-29 10:26:00,16.51,19.34,0
5314,366,2025-01-24 09:51:00,21.753,28.57,0
5315,270,2025-04-03 15:14:00,19.792,33.5,0
5316,267,2025-04-29 05:04:00,19.902,51.49,0
5317,416,2025-05-04 14:28:00,19.523,48.12,0
5318,740,2025-03-01 08:45:00,14.353,6.85,0
5319,642,2025-04-14 12:45:00,13.503,59.45,0
5320,540,2025-05-11 02:54:00,15.26,47.65,0
5321,571,2025-04-21 13:18:00,11.992,18.73,0
5322,331,2025-05-31 20:07:00,14.694,16.14,0
5323,439,2025-02-09 09:49:00,9.775,36.77,0
5324,346,2025-01-20 09:59:00,20.495,40.42,0
5325,646,2025-06-18 05:44:00,18.299,14.49,0
5326,792,2025-05-13 04:13:00,8.868,36.67,0
5327,347,2025-03-22 14:09:00,17.239,40.57,0
5328,576,2025-04-13 16:49:00,18.622,69.53,0
5329,44,2025-06-15 14:49:00,20.063,32.03,0
5330,321,2025-06-06 00:45:00,12.608,6.91,0
5331,696,2025-05-26 05:53:00,16.83,42.82,0
5332,549,2025-04-17 08:41:00,11.865,9.05,0
5333,421,2025-05-10 14:45:00,19.884,17.73,0
5334,171,2025-04-15 11:07:00,20.252,11.88,0
5335,646,2025-03-24 19:42:00,9.072,51.96,0
5336,776,2025-05-02 06:47:00,11.991,14.68,0
5337,313,2025-01-05 01:49:00,9.439,77.85,0
5338,647,2025-05-29 18:14:00,13.583,13.86,0
5339,470,2025-02-26 17:42:00,8.072,6.99,0
5340,317,2025-04-09 03:09:00,18.96,26.5,0
5341,264,2025-04-30 16:11:00,14.04,12.1,0
5342,402,2025-02-28 23:57:00,15.48,100.34,0
5343,327,2025-03-01 12:25:00,18.397,20.32,0
5344,493,2025-02-01 20:14:00,17.973,88.12,0
5345,117,2025-01-18 20:13:00,12.405,27.4,0
5346,381,2025-06-08 16:35:00,18.959,46.54,0
5347,593,2025-04-04 04:43:00,16.971,22.92,0
5348,676,2025-05-03 06:05:00,11.054,234.41,0
5349,224,2025-01-28 19:21:00,8.41,13.96,0
5350,480,2025-06-03 11:48:00,18.586,3.05,0
5351,241,2025-02-25 02:52:00,10.319,43.1,0
5352,631,2025-03-24 20:39:00,9.577,15.42,0
5353,283,2025-04-01 08:15:00,13.886,41.21,0
5354,538,2025-05-14 21:07:00,20.904,33.11,0
5355,345,2025-01-21 22:19:00,18.054,22.92,0
5356,213,2025-06-13 06:41:00,19.173,25.27,0
5357,460,2025-01-21 06:07:00,11.778,48.56,0
5358,499,2025-04-25 17:13:00,19.691,26.22,0
5359,546,2025-02-07 19:35:00,13.815,30.97,0
5360,633,2025-06-16 04:57:00,21.712,23.5,0
5361,540,2025-04-17 12:36:00,15.977,128.77,0
5362,681,2025-06-20 03:03:00,16.487,99.79,0
5363,338,2025-06-17 23:24:00,20.812,10.78,0
5364,406,2025-02-18 04:34:00,21.278,35.07,0
5365,385,2025-02-13 00:38:00,8.247,18.24,0
5366,462,2025-01-21 06:05:00,11.254,12.92,0
5367,112,2025-05-10 13:38:00,16.599,2.71,0
5368,683,2025-01-05 10:24:00,8.051,26.98,0
5369,417,2025-02-04 02:06:00,12.445,28.69,0
5370,442,2025-06-13 14:41:00,10.748,103.55,0
5371,701,2025-04-25 09:25:00,15.329,80.91,0
5372,371,2025-03-23 03:11:00,16.362,51.87,0
5373,368,2025-01-25 18:56:00,10.646,63.16,0
5374,452,2025-06-02 02:47:00,15.509,69.18,0
5375,750,2025-06-02 04:02:00,13.554,51.7,0
5376,202,2025-01-09 07:30:00,21.873,105.97,0
5377,124,2025-05-14 15:38:00,8.911,12.68,0
5378,86,2025-03-01 05:32:00,19.77,23.7,0
5379,589,2025-05-03 12:44:00,21.993,21.17,0
5380,8,2025-02-23 01:38:00,15.582,22.51,0
5381,566,2025-01-03 15:20:00,17.528,31.0,0
5382,707,2025-05-16 17:09:00,9.791,129.21,0
5383,545,2025-05-31 13:17:00,12.912,71.64,0
5384,136,2025-05-04 02:35:00,10.541,93.12,0
5385,530,2025-01-28 03:40:00,16.166,32.88,0
5386,354,2025-03-23 00:31:00,21.189,31.71,0
5387,17,2025-04-07 00:40:00,8.414,55.59,0
5388,158,2025-05-23 19:58:00,14.922,49.45,0
5389,593,2025-05-20 19:10:00,18.13,49.43,0
5390,448,2025-06-09 19:54:00,14.029,223.65,0
5391,399,2025-04-24 16:48:00,15.544,55.93,0
5392,621,2025-06-19 04:01:00,14.342,18.65,0
5393,419,2025-05-28 10:11:00,16.365,19.93,0
5394,774,2025-02-06 00:36:00,8.96,68.64,0
5395,40,2025-05-08 14:14:00,15.655,64.48,0
5396,229,2025-01-16 07:58:00,15.165,76.58,0
5397,150,2025-05-17 02:14:00,10.546,53.09,0
5398,331,2025-02-09 20:20:00,15.487,15.23,0
5399,728,2025-02-23 18:40:00,14.484,119.66,0
5400,327,2025-04-14 07:54:00,16.304,102.48,0
5401,252,2025-03-10 05:44:00,15.894,25.71,0
5402,67,2025-04-27 13:32:00,13.664,46.92,0
5403,315,2025-04-01 06:16:00,18.936,40.61,0
5404,183,2025-04-25 11:35:00,13.004,26.0,0
5405,151,2025-04-16 12:12:00,14.644,13.85,0
5406,107,2025-02-07 01:59:00,13.97,55.42,0
5407,505,2025-05-05 12:01:00,14.802,10.61,0
5408,567,2025-06-22 13:26:00,19.203,21.74,0
5409,592,2025-04-11 00:04:00,17.935,137.66,0
5410,42,2025-04-20 07:08:00,8.591,48.83,0
5411,737,2025-05-08 21:10:00,14.924,47.55,0
5412,405,2025-01-16 05:33:00,9.747,27.65,0
5413,449,2025-01-28 03:14:00,18.211,10.04,0
5414,701,2025-04-11 11:06:00,21.814,48.75,0
5415,220,2025-03-13 00:52:00,16.663,52.17,0
5416,402,2025-05-05 13:14:00,13.318,66.07,0
5417,56,2025-06-14 09:28:00,9.012,25.57,0
5418,393,2025-05-21 19:40:00,12.656,25.24,0
5419,212,2025-02-09 01:15:00,15.354,55.14,0
5420,145,2025-02-25 07:13:00,20.332,12.8,0
5421,494,2025-01-26 20:36:00,15.182,67.07,0
5422,104,2025-01-18 13:42:00,21.782,30.79,0
5423,779,2025-05-15 01:34:00,13.168,629.29,1
5424,185,2025-05-05 13:28:00,8.007,221.74,0
5425,63,2025-02-04 23:56:00,16.801,28.16,0
5426,357,2025-05-07 20:49:00,11.068,39.13,0
5427,310,2025-03-24 08:52:00,11.413,35.85,0
5428,526,2025-06-07 16:42:00,8.244,7.19,0
5429,533,2025-05-09 03:06:00,15.441,57.08,0
5430,473,2025-02-18 17:00:00,11.465,5.39,0
5431,459,2025-03-29 06:33:00,21.92,64.16,0
5432,621,2025-02-12 00:29:00,19.699,20.13,0
5433,521,2025-06-12 06:31:00,18.097,19.39,0
5434,111,2025-04-03 14:16:00,12.954,33.94,0
5435,370,2025-06-08 01:36:00,9.002,12.12,0
5436,550,2025-04-03 00:09:00,17.365,32.0,0
5437,213,2025-04-01 12:44:00,8.312,14.57,0
5438,690,2025-02-03 06:53:00,14.182,12.48,0
5439,386,2025-06-22 22:52:00,8.739,29.39,0
5440,257,2025-05-02 02:02:00,15.836,93.15,0
5441,305,2025-02-22 12:27:00,15.834,62.37,0
5442,495,2025-06-01 03:21:00,15.429,22.65,0
5443,567,2025-02-12 02:24:00,18.004,30.7,0
5444,204,2025-01-18 10:34:00,11.194,22.67,0
5445,137,2025-05-01 15:27:00,11.39,13.46,0
5446,73,2025-05-15 16:35:00,13.826,15.14,0
5447,396,2025-04-14 02:25:00,17.839,43.25,0
5448,741,2025-05-09 10:22:00,9.635,19.51,0
5449,767,2025-02-15 04:46:00,20.402,33.34,0
5450,391,2025-02-19 23:37:00,11.531,15.47,1
5451,425,2025-03-08 19:17:00,9.79,65.94,0
5452,402,2025-02-07 08:40:00,16.386,58.36,0
5453,189,2025-02-11 22:40:00,11.858,121.59,0
5454,332,2025-01-09 13:41:00,13.723,104.03,0
5455,748,2025-02-12 15:44:00,8.856,16.74,0
5456,492,2025-04-09 12:54:00,14.509,17.59,0
5457,195,2025-03-08 03:54:00,12.252,46.36,0
5458,70,2025-03-19 06:11:00,10.378,17.22,0
5459,600,2025-06-16 08:37:00,13.408,42.25,0
5460,722,2025-01-02 03:39:00,18.781,26.53,0
5461,87,2025-05-31 06:45:00,18.691,72.87,0
5462,300,2025-01-06 23:07:00,13.047,74.56,0
5463,681,2025-04-03 05:38:00,21.639,27.39,0
5464,202,2025-01-24 10:13:00,9.762,8.1,0
5465,144,2025-03-27 23:57:00,19.967,78.54,0
5466,315,2025-06-11 00:48:00,21.705,21.47,0
5467,315,2025-01-06 15:59:00,16.021,34.35,0
5468,385,2025-04-02 05:11:00,8.842,31.37,0
5469,772,2025-03-25 05:07:00,20.895,47.59,0
5470,777,2025-03-23 05:28:00,14.117,21.27,0
5471,463,2025-04-23 06:42:00,10.406,14.3,0
5472,60,2025-02-28 17:34:00,20.48,39.51,0
5473,211,2025-05-21 03:30:00,13.976,67.8,0
5474,144,2025-02-12 20:34:00,14.991,31.71,0
5475,0,2025-03-06 01:49:00,15.994,31.64,0
5476,306,2025-03-26 07:41:00,20.692,13.55,0
5477,5,2025-06-15 11:45:00,15.052,52.8,0
5478,459,2025-04-07 00:55:00,20.435,55.95,0
5479,219,2025-06-01 05:37:00,10.383,32.12,0
5480,579,2025-01-26 03:24:00,16.634,16.05,0
5481,498,2025-01-15 19:14:00,15.357,37.37,1
5482,760,2025-04-01 06:49:00,12.551,39.97,0
5483,387,2025-06-12 12:44:00,10.975,33.87,0
5484,125,2025-02-12 03:10:00,8.979,14.71,0
5485,737,2025-02-10 02:37:00,11.664,42.87,0
5486,247,2025-01-27 16:00:00,17.528,39.86,0
5487,611,2025-06-16 04:44:00,11.895,48.93,0
5488,626,2025-01-17 13:47:00,18.194,31.38,0
5489,739,2025-04-24 12:32:00,20.252,97.73,0
5490,512,2025-03-10 10:47:00,17.72,34.95,0
5491,409,2025-03-16 03:29:00,19.271,106.84,0
5492,307,2025-05-08 22:34:00,16.025,41.83,0
5493,357,2025-03-20 13:28:00,21.252,13.86,0
5494,624,2025-01-05 03:36:00,18.681,68.31,0
5495,452,2025-04-12 07:14:00,12.517,26.15,0
5496,39,2025-01-05 15:02:00,18.127,24.53,0
5497,297,2025-06-01 21:31:00,17.406,80.3,0
5498,731,2025-06-20 05:17:00,18.52,12.88,0
5499,168,2025-05-31 15:30:00,12.471,8.62,0
5500,377,2025-03-16 10:55:00,15.134,29.37,0
5501,669,2025-03-16 16:22:00,20.325,44.55,0
5502,232,2025-04-16 07:24:00,21.66,70.06,0
5503,544,2025-06-02 19:47:00,13.039,39.3,0
5504,628,2025-05-16 13:56:00,14.814,5.78,0
5505,260,2025-03-26 22:50:00,12.632,16.1,0
5506,716,2025-05-27 01:20:00,18.051,12.78,0
5507,357,2025-03-17 03:49:00,8.543,7.75,0
5508,236,2025-05-19 13:09:00,21.353,30.55,0
5509,180,2025-02-13 18:51:00,15.691,52.67,0
5510,213,2025-03-23 15:12:00,11.793,76.12,0
5511,450,2025-05-30 00:39:00,8.522,52.06,0
5512,180,2025-02-14 08:19:00,15.85,22.4,0
5513,286,2025-04-22 14:40:00,16.206,83.2,0
5514,568,2025-02-20 11:05:00,17.733,29.58,0
5515,700,2025-03-19 14:25:00,15.356,36.73,0
5516,543,2025-02-28 08:54:00,15.22,20.61,0
5517,422,2025-04-30 05:28:00,12.258,28.77,0
5518,556,2025-05-16 23:16:00,10.717,24.99,0
5519,329,2025-06-04 23:34:00,11.514,11.59,0
5520,216,2025-03-06 01:20:00,13.247,58.26,0
5521,599,2025-02-05 14:35:00,18.827,40.02,0
5522,108,2025-06-17 13:38:00,9.656,66.11,0
5523,724,2025-03-12 15:20:00,17.012,19.93,0
5524,342,2025-04-28 10:38:00,8.531,61.54,0
5525,653,2025-03-10 10:53:00,8.603,9.98,0
5526,79,2025-05-31 04:12:00,11.831,53.97,0
5527,395,2025-01-14 16:24:00,13.001,60.1,0
5528,337,2025-01-08 04:28:00,10.658,15.25,0
5529,285,2025-03-02 03:10:00,20.407,85.52,0
5530,409,2025-03-16 16:41:00,12.266,121.77,0
5531,529,2025-05-18 02:56:00,14.557,22.1,0
5532,753,2025-03-26 15:50:00,21.918,111.59,0
5533,653,2025-02-15 14:25:00,11.555,8.97,0
5534,185,2025-01-14 15:51:00,16.663,31.39,0
5535,782,2025-05-26 23:09:00,18.451,4.32,0
5536,398,2025-04-02 14:51:00,11.795,73.63,0
5537,365,2025-06-21 22:41:00,8.805,10.29,0
5538,8,2025-03-01 13:32:00,19.079,7.35,0
5539,452,2025-02-10 07:33:00,12.046,43.17,1
5540,709,2025-02-18 20:46:00,12.498,80.19,0
5541,234,2025-03-15 17:45:00,13.806,25.32,0
5542,693,2025-01-26 09:40:00,8.547,39.03,0
5543,69,2025-01-24 15:21:00,19.92,143.29,0
5544,773,2025-05-23 17:46:00,20.087,16.36,0
5545,202,2025-05-05 14:03:00,20.199,15.96,0
5546,385,2025-04-01 07:01:00,10.557,83.42,0
5547,11,2025-03-28 19:06:00,21.667,41.88,0
5548,718,2025-03-31 10:34:00,17.261,109.42,0
5549,407,2025-04-16 23:13:00,16.301,12.41,0
5550,776,2025-02-21 10:56:00,18.112,8.37,0
5551,298,2025-05-21 03:57:00,18.583,11.11,0
5552,47,2025-01-02 10:55:00,13.826,61.6,0
5553,542,2025-05-20 17:05:00,16.175,91.45,0
5554,130,2025-05-23 18:15:00,16.192,82.43,0
5555,492,2025-04-03 21:00:00,8.109,54.58,0
5556,27,2025-02-23 03:29:00,8.137,95.35,0
5557,134,2025-06-08 19:37:00,14.59,21.53,0
5558,510,2025-05-28 08:28:00,15.819,7.15,0
5559,539,2025-06-17 17:56:00,17.901,9.6,0
5560,121,2025-01-03 22:33:00,18.538,10.94,0
5561,149,2025-04-24 12:40:00,16.201,7.44,0
5562,686,2025-01-02 07:11:00,11.982,11.79,0
5563,4,2025-01-07 21:54:00,16.67,16.69,0
5564,184,2025-01-12 05:40:00,11.637,56.87,0
5565,776,2025-05-20 16:10:00,19.446,44.29,0
5566,438,2025-05-11 21:27:00,13.926,116.99,0
5567,21,2025-06-10 13:04:00,20.529,12.98,0
5568,714,2025-04-25 06:12:00,9.791,47.17,0
5569,273,2025-04-11 04:40:00,17.877,100.3,0
5570,572,2025-02-02 17:02:00,14.01,23.26,0
5571,510,2025-05-07 01:32:00,9.783,640.6,1
5572,293,2025-06-13 23:17:00,15.826,105.71,0
5573,296,2025-03-06 02:06:00,10.966,26.33,0
5574,440,2025-05-06 08:38:00,12.093,110.16,0
5575,304,2025-04-01 09:05:00,14.387,10.7,0
5576,139,2025-04-04 20:21:00,13.101,127.83,0
5577,578,2025-05-24 15:49:00,13.442,95.71,0
5578,539,2025-02-22 09:22:00,13.558,16.28,0
5579,481,2025-06-07 16:09:00,8.238,27.35,0
5580,593,2025-06-27 08:30:00,13.142,12.97,0
5581,414,2025-01-21 17:44:00,13.509,23.58,0
5582,742,2025-04-03 00:44:00,16.298,10.02,0
5583,709,2025-01-04 02:14:00,14.733,8.43,0
5584,784,2025-03-02 21:52:00,10.416,12.84,0
5585,86,2025-03-09 05:55:00,16.231,80.22,0
5586,81,2025-04-30 11:37:00,8.491,7.9,0
5587,375,2025-03-12 08:45:00,12.666,104.96,0
5588,554,2025-03-07 05:19:00,16.682,72.75,0
5589,191,2025-05-20 04:47:00,16.736,100.41,0
5590,92,2025-05-17 12:06:00,10.526,46.11,0
5591,29,2025-01-02 13:08:00,12.749,130.93,0
5592,443,2025-03-02 16:13:00,14.408,11.11,0
5593,783,2025-05-18 12:29:00,2.765,104.59,1
5594,371,2025-01-19 12:22:00,17.596,398.82,0
5595,587,2025-04-07 12:55:00,18.363,28.35,0
5596,41,2025-03-30 13:39:00,8.572,33.48,0
5597,172,2025-05-06 14:36:00,18.434,16.75,0
5598,544,2025-05-02 17:14:00,20.299,36.91,0
5599,321,2025-04-02 15:59:00,20.795,40.62,0
5600,21,2025-03-16 09:11:00,8.784,5.29,0
5601,180,2025-05-23 07:55:00,20.372,57.11,0
5602,634,2025-03-10 18:20:00,10.292,85.03,0
5603,547,2025-03-20 16:08:00,12.737,17.29,0
5604,647,2025-03-17 12:08:00,13.343,24.92,0
5605,280,2025-03-04 06:01:00,12.186,68.99,0
5606,743,2025-04-24 08:13:00,12.126,16.64,0
5607,735,2025-04-25 13:45:00,10.372,63.43,0
5608,294,2025-06-11 21:26:00,17.226,44.0,0
5609,166,2025-03-22 00:00:00,16.126,226.62,0
5610,769,2025-05-17 19:16:00,16.589,31.59,0
5611,279,2025-02-24 14:48:00,15.299,22.84,0
5612,396,2025-06-23 07:08:00,11.092,42.65,0
5613,745,2025-06-14 10:31:00,16.208,38.39,0
5614,215,2025-04-17 10:12:00,17.152,129.14,0
5615,707,2025-05-11 04:32:00,8.727,123.83,0
5616,128,2025-04-15 08:49:00,21.828,19.52,0
5617,234,2025-02-05 10:30:00,16.117,30.01,0
5618,310,2025-06-19 09:02:00,16.937,20.08,0
5619,386,2025-05-14 05:15:00,15.976,17.43,0
5620,194,2025-03-17 13:43:00,17.67,2.58,0
5621,706,2025-02-15 10:21:00,17.196,135.15,0
5622,531,2025-05-01 08:49:00,19.188,20.47,0
5623,536,2025-03-19 15:06:00,10.262,24.49,0
5624,585,2025-05-30 02:12:00,2.92,321.01,1
5625,509,2025-02-09 03:15:00,11.074,20.97,0
5626,514,2025-04-04 17:55:00,21.488,30.23,0
5627,528,2025-01-21 09:26:00,12.998,43.34,0
5628,576,2025-05-09 10:25:00,12.426,45.87,0
5629,736,2025-03-13 19:57:00,11.21,21.34,0
5630,157,2025-02-04 17:08:00,14.74,85.97,0
5631,413,2025-04-10 21:57:00,20.674,39.8,0
5632,147,2025-04-13 20:08:00,17.439,38.29,0
5633,145,2025-02-24 09:09:00,10.629,20.42,0
5634,759,2025-06-19 02:36:00,19.723,31.53,0
5635,378,2025-01-14 12:00:00,21.237,76.33,0
5636,563,2025-03-01 20:44:00,17.983,76.54,0
5637,583,2025-02-14 22:25:00,16.311,24.83,0
5638,25,2025-06-16 14:19:00,17.405,18.84,0
5639,393,2025-02-14 05:14:00,18.304,70.68,0
5640,144,2025-02-09 15:38:00,20.032,44.54,0
5641,250,2025-04-17 08:02:00,17.221,70.59,0
5642,150,2025-02-16 21:40:00,15.441,16.12,0
5643,533,2025-02-20 18:52:00,10.554,34.4,0
5644,105,2025-02-14 02:26:00,13.239,70.73,0
5645,360,2025-04-07 01:54:00,9.184,19.8,0
5646,244,2025-05-15 19:37:00,18.199,158.41,0
5647,770,2025-03-26 15:52:00,21.892,128.96,0
5648,630,2025-06-10 04:12:00,9.344,29.73,0
5649,281,2025-02-17 22:39:00,14.163,29.9,0
5650,234,2025-06-02 02:15:00,17.801,45.25,0
5651,573,2025-05-14 10:03:00,8.419,40.1,0
5652,505,2025-01-14 05:52:00,14.154,92.48,0
5653,444,2025-05-01 03:59:00,19.127,17.3,0
5654,57,2025-06-28 16:31:00,12.105,17.45,0
5655,62,2025-05-03 10:46:00,17.236,43.47,0
5656,509,2025-02-16 10:48:00,16.503,52.0,0
5657,375,2025-03-20 01:04:00,17.8,34.01,0
5658,663,2025-06-06 11:54:00,11.362,71.65,0
5659,23,2025-02-26 23:41:00,10.357,104.5,0
5660,148,2025-03-27 15:29:00,8.237,63.63,0
5661,766,2025-04-17 08:00:00,14.725,47.1,1
5662,783,2025-05-29 23:56:00,10.616,29.43,0
5663,587,2025-06-22 15:16:00,17.117,37.16,0
5664,10,2025-05-07 20:49:00,15.688,11.73,0
5665,40,2025-03-20 02:42:00,19.672,13.51,0
5666,702,2025-03-15 21:09:00,19.227,95.81,0
5667,399,2025-04-30 18:01:00,13.057,142.34,0
5668,397,2025-01-14 07:37:00,12.148,11.73,0
5669,769,2025-03-21 14:57:00,9.15,54.19,0
5670,198,2025-03-05 23:57:00,18.589,10.34,0
5671,227,2025-06-17 20:50:00,14.947,130.81,0
5672,548,2025-06-03 23:15:00,12.708,34.54,0
5673,723,2025-02-17 15:34:00,17.85,262.64,0
5674,292,2025-04-28 22:43:00,11.837,21.03,0
5675,120,2025-03-24 12:17:00,14.692,23.28,0
5676,44,2025-05-30 11:35:00,14.103,48.18,0
5677,5,2025-03-30 20:34:00,11.783,72.12,0
5678,299,2025-04-26 11:07:00,19.066,66.98,0
5679,424,2025-05-12 03:45:00,17.903,76.29,0
5680,391,2025-05-29 04:14:00,15.273,29.21,0
5681,191,2025-05-10 20:03:00,17.677,77.0,0
5682,541,2025-02-23 10:05:00,9.252,207.3,0
5683,703,2025-05-14 02:23:00,14.018,66.44,0
5684,186,2025-02-26 23:02:00,16.402,18.19,0
5685,704,2025-05-12 22:18:00,13.513,49.25,1
5686,435,2025-06-20 21:42:00,17.998,7.31,0
5687,549,2025-03-26 13:21:00,15.311,61.39,0
5688,11,2025-06-10 15:30:00,13.36,9.22,0
5689,538,2025-01-29 00:02:00,13.815,62.18,0
5690,597,2025-03-18 12:47:00,18.027,33.89,0
5691,543,2025-06-06 16:17:00,8.921,78.19,0
5692,672,2025-05-12 11:35:00,19.734,36.39,0
5693,597,2025-02-28 11:16:00,8.803,108.42,0
5694,787,2025-04-01 03:52:00,9.857,55.33,0
5695,535,2025-01-20 20:34:00,19.343,84.49,0
5696,357,2025-05-27 21:37:00,13.242,25.74,0
5697,667,2025-01-24 04:20:00,14.432,24.68,0
5698,555,2025-04-12 13:07:00,13.219,11.48,0
5699,446,2025-03-31 01:21:00,9.303,14.09,0
5700,462,2025-04-22 05:27:00,16.52,37.82,0
5701,280,2025-03-18 16:02:00,17.647,36.88,0
5702,490,2025-01-16 09:25:00,10.659,48.28,0
5703,373,2025-04-30 10:26:00,18.529,20.17,0
5704,104,2025-06-11 01:31:00,9.397,40.11,0
5705,352,2025-04-21 03:15:00,18.847,102.78,0
5706,759,2025-01-08 20:38:00,17.819,49.52,0
5707,266,2025-01-20 08:01:00,20.77,36.14,0
5708,541,2025-02-19 10:36:00,19.389,44.0,0
5709,332,2025-02-23 09:57:00,19.823,94.68,0
5710,228,2025-01-23 01:24:00,21.408,40.23,0
5711,307,2025-06-11 07:49:00,19.821,23.1,0
5712,767,2025-05-13 17:13:00,19.15,23.29,0
5713,88,2025-05-19 00:04:00,10.746,22.65,0
5714,534,2025-06-23 09:34:00,18.571,22.2,0
5715,664,2025-06-06 16:44:00,16.858,65.83,0
5716,148,2025-01-31 18:58:00,21.462,136.43,0
5717,605,2025-01-04 22:59:00,18.08,25.24,0
5718,509,2025-05-12 07:20:00,11.634,17.01,0
5719,270,2025-06-14 04:13:00,10.298,12.67,0
5720,141,2025-05-07 04:26:00,11.939,139.28,0
5721,756,2025-06-04 23:51:00,14.722,75.83,0
5722,157,2025-04-20 12:57:00,17.135,20.3,0
5723,759,2025-03-23 09:50:00,11.011,39.16,0
5724,518,2025-01-24 09:54:00,11.259,107.53,0
5725,685,2025-05-02 05:54:00,12.226,33.26,0
5726,237,2025-02-22 12:42:00,19.302,69.79,0
5727,23,2025-02-18 23:00:00,13.116,30.89,0
5728,524,2025-06-07 15:36:00,9.097,27.63,0
5729,296,2025-04-29 13:06:00,15.63,4.21,0
5730,440,2025-03-22 02:07:00,8.083,25.32,0
5731,365,2025-05-24 18:41:00,17.432,22.79,0
5732,257,2025-05-12 22:35:00,19.789,53.07,0
5733,574,2025-03-29 00:57:00,10.329,42.74,0
5734,400,2025-06-25 23:20:00,19.824,41.0,0
5735,507,2025-01-06 02:08:00,17.506,74.99,0
5736,537,2025-03-30 18:13:00,9.38,5.39,0
5737,542,2025-03-16 22:36:00,11.191,33.64,0
5738,264,2025-01-23 00:28:00,11.183,13.73,0
5739,613,2025-05-11 11:54:00,10.88,12.86,0
5740,175,2025-01-19 01:48:00,12.684,27.74,0
5741,758,2025-05-07 16:13:00,20.707,35.61,0
5742,647,2025-05-16 18:13:00,11.138,52.31,0
5743,441,2025-03-29 12:49:00,20.974,49.61,0
5744,144,2025-02-13 23:27:00,15.695,18.07,0
5745,723,2025-06-27 10:15:00,15.239,29.9,0
5746,443,2025-05-07 22:12:00,17.433,110.5,0
5747,651,2025-01-22 01:38:00,19.279,127.29,0
5748,21,2025-05-13 14:00:00,21.407,27.38,0
5749,270,2025-01-29 11:48:00,8.038,37.7,0
5750,239,2025-04-23 03:45:00,13.574,17.09,0
5751,650,2025-02-16 11:58:00,10.506,79.61,0
5752,371,2025-04-25 06:11:00,10.125,223.22,0
5753,93,2025-05-25 15:18:00,10.058,22.81,0
5754,492,2025-05-22 02:05:00,17.937,89.69,0
5755,127,2025-05-18 07:22:00,8.716,63.09,0
5756,357,2025-05-08 07:14:00,19.714,30.6,0
5757,793,2025-05-20 02:19:00,18.536,20.06,0
5758,347,2025-06-12 10:01:00,13.73,254.18,0
5759,342,2025-06-08 07:58:00,13.956,64.6,0
5760,32,2025-05-20 00:06:00,17.497,75.36,0
5761,368,2025-03-21 17:22:00,8.151,29.55,0
5762,766,2025-02-22 18:46:00,13.42,36.75,0
5763,760,2025-02-27 08:14:00,10.522,13.22,0
5764,770,2025-04-21 07:59:00,10.531,64.33,0
5765,289,2025-04-19 01:39:00,15.708,25.94,0
5766,52,2025-03-18 21:30:00,11.443,15.4,0
5767,189,2025-03-15 18:38:00,13.253,17.66,0
5768,169,2025-05-11 12:51:00,18.042,240.77,0
5769,62,2025-04-05 06:59:00,16.689,27.59,0
5770,567,2025-01-04 09:21:00,12.62,46.99,0
5771,418,2025-01-26 05:44:00,8.694,13.46,0
5772,577,2025-03-01 14:46:00,8.373,30.09,0
5773,159,2025-03-13 08:22:00,14.826,11.69,0
5774,556,2025-05-12 20:46:00,13.901,47.13,0
5775,51,2025-03-27 01:46:00,19.15,16.89,0
5776,577,2025-03-18 19:18:00,9.148,66.28,0
5777,650,2025-01-16 17:44:00,19.899,8.36,0
5778,202,2025-01-12 00:07:00,10.975,21.11,0
5779,262,2025-06-29 00:13:00,12.91,89.72,0
5780,348,2025-06-05 00:31:00,20.039,119.32,0
5781,463,2025-01-07 19:14:00,19.727,35.17,0
5782,423,2025-03-23 16:42:00,15.209,25.65,0
5783,83,2025-06-15 12:18:00,9.143,38.42,0
5784,302,2025-05-09 04:03:00,16.267,180.72,0
5785,404,2025-01-15 10:27:00,18.664,28.24,0
5786,491,2025-03-19 06:12:00,11.672,35.1,0
5787,505,2025-06-04 16:09:00,10.563,15.07,0
5788,532,2025-02-23 21:13:00,14.959,20.35,0
5789,359,2025-04-09 16:24:00,18.49,49.79,0
5790,401,2025-02-28 02:48:00,15.068,71.51,0
5791,269,2025-02-05 08:09:00,11.353,44.58,0
5792,217,2025-06-04 19:09:00,20.165,68.03,0
5793,248,2025-02-11 15:20:00,20.208,15.72,0
5794,350,2025-04-15 22:45:00,17.217,14.52,0
5795,87,2025-03-05 06:56:00,9.04,66.08,0
5796,174,2025-04-21 09:07:00,11.25,23.91,0
5797,92,2025-05-23 22:10:00,16.661,13.68,0
5798,326,2025-04-10 11:13:00,18.938,41.17,0
5799,396,2025-01-27 11:40:00,14.64,37.49,0
5800,130,2025-02-21 17:41:00,12.257,30.07,0
5801,111,2025-02-13 14:26:00,20.383,124.58,0
5802,420,2025-05-04 23:16:00,13.339,156.82,0
5803,178,2025-05-05 16:22:00,20.827,75.43,0
5804,694,2025-01-26 19:14:00,15.453,49.35,0
5805,131,2025-04-21 12:26:00,16.6,105.58,0
5806,385,2025-03-25 12:36:00,9.749,39.71,0
5807,641,2025-03-17 17:57:00,11.746,29.97,0
5808,83,2025-06-04 10:54:00,21.646,21.94,0
5809,359,2025-01-11 21:30:00,18.061,18.72,0
5810,377,2025-05-11 17:43:00,14.679,73.54,0
5811,442,2025-04-11 12:42:00,15.3,10.53,0
5812,708,2025-02-16 12:43:00,9.229,21.76,0
5813,466,2025-02-11 06:14:00,18.967,26.37,0
5814,301,2025-01-30 10:54:00,8.999,11.35,0
5815,317,2025-04-21 04:16:00,13.418,25.59,0
5816,499,2025-04-28 22:19:00,13.749,37.73,0
5817,238,2025-02-19 09:54:00,16.443,79.61,0
5818,547,2025-03-10 16:18:00,13.817,23.35,0
5819,305,2025-06-26 11:01:00,21.45,37.94,0
5820,48,2025-05-07 21:45:00,19.171,10.59,0
5821,427,2025-04-17 07:21:00,21.431,13.23,0
5822,201,2025-01-22 12:12:00,15.262,7.63,0
5823,286,2025-04-13 20:02:00,12.231,76.59,0
5824,259,2025-03-12 19:18:00,21.738,26.93,0
5825,109,2025-05-31 14:50:00,9.137,41.77,0
5826,231,2025-02-04 14:17:00,20.979,53.2,0
5827,730,2025-06-28 18:28:00,9.341,66.83,0
5828,256,2025-06-19 10:50:00,19.297,174.1,0
5829,585,2025-05-21 06:01:00,18.919,33.86,0
5830,326,2025-04-01 02:32:00,17.236,19.81,0
5831,53,2025-04-17 21:37:00,18.956,61.19,0
5832,670,2025-06-13 02:58:00,9.233,231.75,0
5833,724,2025-06-05 10:25:00,13.229,22.74,0
5834,188,2025-05-26 15:04:00,12.711,18.53,0
5835,136,2025-02-02 14:49:00,21.741,4.53,0
5836,744,2025-03-15 09:48:00,14.615,6.7,0
5837,78,2025-05-18 13:28:00,8.695,108.95,0
5838,711,2025-01-23 09:13:00,11.63,30.46,0
5839,138,2025-05-03 09:09:00,19.817,14.09,0
5840,693,2025-03-06 11:51:00,20.483,35.09,0
5841,746,2025-04-12 09:14:00,20.983,280.45,0
5842,192,2025-06-15 05:47:00,10.018,35.12,0
5843,177,2025-06-06 00:23:00,17.633,161.92,0
5844,84,2025-03-08 04:54:00,13.633,16.54,0
5845,629,2025-05-08 17:43:00,18.297,112.57,0
5846,279,2025-01-02 23:11:00,19.541,22.34,0
5847,514,2025-05-10 00:17:00,11.658,18.91,0
5848,491,2025-01-25 19:33:00,15.005,16.51,0
5849,414,2025-06-13 18:04:00,12.582,27.01,0
5850,194,2025-02-23 15:21:00,14.383,76.41,0
5851,292,2025-05-06 21:27:00,12.069,23.81,0
5852,400,2025-04-30 22:54:00,12.755,82.36,0
5853,74,2025-02-15 23:25:00,11.812,19.72,0
5854,323,2025-05-31 21:34:00,12.178,32.78,0
5855,568,2025-02-03 01:15:00,16.092,22.89,0
5856,337,2025-06-12 01:16:00,16.404,149.14,0
5857,315,2025-04-03 09:00:00,20.89,52.95,0
5858,672,2025-03-25 23:41:00,13.468,43.94,0
5859,427,2025-02-12 06:49:00,17.205,28.0,0
5860,589,2025-01-02 12:50:00,21.517,21.96,0
5861,41,2025-05-06 22:25:00,14.529,15.64,0
5862,742,2025-05-12 19:50:00,18.908,100.78,0
5863,620,2025-06-01 16:30:00,21.577,9.62,0
5864,661,2025-06-23 13:30:00,19.057,26.19,0
5865,553,2025-02-22 12:38:00,9.127,70.91,0
5866,430,2025-04-13 02:11:00,10.704,9.16,0
5867,423,2025-06-14 10:12:00,12.128,40.37,0
5868,499,2025-04-13 01:41:00,17.607,17.44,0
5869,397,2025-05-15 10:37:00,17.4,35.75,0
5870,583,2025-05-09 10:22:00,9.92,30.58,0
5871,269,2025-06-27 20:46:00,14.291,5.76,0
5872,615,2025-03-03 07:01:00,13.905,58.31,0
5873,273,2025-02-05 18:24:00,17.658,15.88,0
5874,380,2025-06-14 19:56:00,11.653,22.56,0
5875,54,2025-03-25 01:52:00,11.329,36.45,0
5876,720,2025-02-04 22:04:00,16.354,47.27,0
5877,549,2025-04-26 06:07:00,9.16,50.06,0
5878,199,2025-06-03 06:52:00,17.364,65.89,0
5879,35,2025-05-18 07:48:00,14.152,4.86,0
5880,681,2025-03-02 11:44:00,15.509,51.5,0
5881,1,2025-06-14 03:32:00,19.228,35.31,0
5882,385,2025-01-08 05:48:00,10.534,22.48,0
5883,24,2025-06-10 10:17:00,10.939,43.18,0
5884,554,2025-02-02 23:22:00,20.615,73.1,0
5885,162,2025-02-12 12:02:00,18.374,17.36,0
5886,341,2025-02-26 13:45:00,11.678,107.44,0
5887,456,2025-03-18 01:04:00,18.09,87.57,0
5888,296,2025-01-09 14:39:00,14.401,47.06,0
5889,544,2025-05-10 07:04:00,16.642,13.16,0
5890,406,2025-01-24 14:59:00,19.013,196.24,0
5891,336,2025-01-24 19:35:00,8.627,43.94,0
5892,257,2025-01-01 21:00:00,16.557,39.41,0
5893,326,2025-06-22 16:27:00,12.739,38.33,0
5894,256,2025-01-09 16:08:00,15.226,54.46,0
5895,461,2025-05-15 10:50:00,13.093,73.47,0
5896,611,2025-04-25 02:09:00,21.175,34.3,0
5897,477,2025-05-30 04:35:00,16.36,12.95,0
5898,25,2025-03-23 01:08:00,19.852,80.1,0
5899,675,2025-06-13 08:09:00,11.594,18.23,0
5900,628,2025-03-26 21:24:00,13.105,15.67,0
5901,655,2025-02-02 00:45:00,19.019,33.26,0
5902,39,2025-06-12 09:49:00,11.282,24.31,0
5903,658,2025-03-17 23:36:00,22.0,47.44,0
5904,373,2025-01-02 02:50:00,17.241,55.23,0
5905,675,2025-04-28 07:12:00,20.555,24.03,0
5906,625,2025-02-27 17:28:00,9.463,38.57,0
5907,703,2025-05-29 01:01:00,13.794,23.74,0
5908,97,2025-01-28 13:53:00,12.703,64.64,0
5909,444,2025-05-13 20:10:00,21.593,51.81,0
5910,582,2025-05-30 11:05:00,10.026,62.14,0
5911,476,2025-01-22 21:00:00,18.474,27.88,0
5912,649,2025-04-16 06:49:00,16.832,43.03,0
5913,581,2025-04-27 05:18:00,19.919,52.64,0
5914,28,2025-06-15 23:00:00,21.682,63.72,0
5915,159,2025-02-22 22:18:00,19.282,59.48,0
5916,507,2025-03-29 14:17:00,11.53,31.72,0
5917,288,2025-03-15 04:04:00,19.679,13.95,0
5918,285,2025-03-09 06:34:00,15.375,52.28,0
5919,730,2025-06-28 23:04:00,17.146,50.25,0
5920,71,2025-04-29 01:00:00,11.926,14.52,0
5921,418,2025-01-29 06:28:00,19.424,1522.06,1
5922,249,2025-06-05 13:24:00,14.222,39.66,0
5923,41,2025-01-19 18:55:00,19.317,31.57,0
5924,299,2025-06-07 19:37:00,13.982,41.52,0
5925,324,2025-03-15 15:30:00,16.632,73.72,0
5926,363,2025-05-02 17:33:00,9.442,121.77,0
5927,128,2025-06-05 13:01:00,9.295,33.53,0
5928,582,2025-06-06 21:00:00,21.342,29.11,0
5929,285,2025-01-30 04:44:00,18.165,56.92,0
5930,458,2025-03-14 23:36:00,10.418,11.98,0
5931,435,2025-01-15 09:23:00,16.368,69.77,0
5932,451,2025-04-26 19:05:00,18.937,11.84,0
5933,404,2025-03-17 09:25:00,16.382,11.66,0
5934,240,2025-06-29 17:22:00,14.278,121.27,0
5935,392,2025-04-24 19:31:00,19.693,6.61,0
5936,424,2025-03-20 23:14:00,8.711,99.6,0
5937,14,2025-01-28 20:16:00,16.867,121.89,0
5938,579,2025-02-21 17:30:00,14.622,45.92,0
5939,356,2025-05-25 19:49:00,17.074,56.82,0
5940,234,2025-01-26 19:18:00,12.066,9.94,0
5941,23,2025-06-02 06:21:00,10.275,23.6,0
5942,243,2025-04-19 09:40:00,21.639,46.62,0
5943,323,2025-04-05 01:36:00,20.099,45.55,0
5944,669,2025-03-27 19:13:00,20.725,49.94,0
5945,517,2025-01-06 11:36:00,18.763,45.53,0
5946,334,2025-02-10 16:39:00,8.909,35.59,0
5947,100,2025-04-03 21:33:00,16.791,13.17,0
5948,219,2025-03-29 08:17:00,13.34,46.38,0
5949,733,2025-02-08 13:16:00,12.68,14.1,0
5950,102,2025-05-25 12:14:00,11.489,26.14,0
5951,504,2025-03-22 07:08:00,10.529,106.6,0
5952,413,2025-03-11 19:37:00,9.952,10.01,0
5953,174,2025-05-17 18:03:00,9.697,31.69,0
5954,698,2025-01-27 19:14:00,17.962,70.1,0
5955,315,2025-01-10 19:05:00,21.026,58.34,0
5956,528,2025-02-28 02:14:00,13.324,44.69,0
5957,77,2025-01-01 00:39:00,9.484,20.36,0
5958,772,2025-03-08 19:33:00,11.096,99.88,0
5959,17,2025-01-25 00:30:00,18.458,13.15,0
5960,248,2025-04-29 17:21:00,0.974,60.93,1
5961,732,2025-01-09 03:59:00,17.28,39.56,0
5962,510,2025-02-07 04:01:00,10.879,18.65,0
5963,540,2025-02-16 21:00:00,18.595,25.64,0
5964,251,2025-04-18 08:36:00,17.172,149.05,0
5965,623,2025-03-14 18:26:00,11.111,13.81,0
5966,745,2025-05-19 07:37:00,21.048,8.56,0
5967,497,2025-05-21 08:20:00,15.317,21.01,0
5968,174,2025-03-11 08:00:00,11.078,48.7,0
5969,725,2025-01-06 11:00:00,15.934,109.33,0
5970,3,2025-06-22 20:29:00,13.815,35.72,0
5971,716,2025-03-05 04:16:00,20.84,9.51,0
5972,7,2025-04-07 18:51:00,12.338,37.78,0
5973,46,2025-06-17 07:11:00,20.408,69.41,0
5974,33,2025-04-28 08:43:00,18.393,45.23,0
5975,151,2025-04-14 17:57:00,17.518,51.95,0
5976,581,2025-03-03 03:41:00,10.574,7.83,0
5977,316,2025-05-29 19:37:00,9.206,11.96,0
5978,63,2025-02-05 00:31:00,20.102,31.44,0
5979,272,2025-03-29 00:46:00,15.988,86.67,0
5980,798,2025-03-04 23:38:00,21.514,18.61,0
5981,420,2025-01-18 12:04:00,15.23,41.23,0
5982,583,2025-02-19 21:23:00,16.279,39.98,0
5983,213,2025-02-03 15:34:00,21.96,15.2,0
5984,416,2025-01-17 07:03:00,18.022,19.42,0
5985,637,2025-05-17 10:54:00,13.04,34.3,0
5986,539,2025-05-08 23:48:00,19.589,26.12,0
5987,5,2025-06-05 12:56:00,12.137,67.48,0
5988,485,2025-01-06 11:24:00,15.351,25.0,0
5989,633,2025-03-26 03:46:00,11.331,71.17,0
5990,108,2025-04-29 21:57:00,21.926,26.2,0
5991,314,2025-03-30 15:24:00,21.083,35.68,0
5992,515,2025-01-05 15:03:00,20.234,66.37,0
5993,4,2025-03-23 00:31:00,13.616,32.12,0
5994,568,2025-01-23 09:02:00,18.199,24.89,0
5995,677,2025-01-04 07:19:00,11.651,33.12,0
5996,421,2025-05-12 12:59:00,13.46,71.52,0
5997,357,2025-01-18 04:36:00,19.263,45.63,0
5998,73,2025-02-23 19:19:00,8.79,6.29,0
5999,579,2025-06-28 12:57:00,8.693,19.64,0
6000,754,2025-06-20 15:40:00,17.255,19.78,0
6001,702,2025-01-08 13:29:00,18.844,55.82,0
6002,439,2025-03-14 04:34:00,13.37,7.56,0
6003,27,2025-03-04 19:32:00,17.445,43.78,0
6004,228,2025-04-22 22:35:00,20.642,58.22,0
6005,209,2025-05-05 07:45:00,9.4,58.22,0
6006,5,2025-01-14 12:54:00,19.627,32.71,0
6007,95,2025-03-18 11:16:00,16.144,9.61,0
6008,459,2025-02-20 08:59:00,13.913,28.49,0
6009,78,2025-06-26 21:06:00,8.724,113.8,0
6010,30,2025-02-22 13:01:00,13.377,21.73,0
6011,756,2025-01-06 21:25:00,19.114,200.34,0
6012,515,2025-04-23 08:13:00,15.588,66.97,1
6013,644,2025-06-07 10:05:00,10.468,31.22,0
6014,198,2025-05-28 21:33:00,11.251,41.93,0
6015,291,2025-01-25 06:05:00,19.867,47.22,0
6016,488,2025-05-14 15:36:00,14.061,22.06,0
6017,549,2025-02-06 20:49:00,9.337,25.14,0
6018,294,2025-01-27 00:32:00,21.627,172.61,0
6019,735,2025-04-06 02:16:00,11.548,115.44,0
6020,562,2025-05-25 23:24:00,19.151,25.87,0
6021,176,2025-06-06 20:41:00,8.179,18.77,0
6022,78,2025-04-22 07:42:00,11.591,9.78,0
6023,11,2025-03-16 12:49:00,12.72,196.49,0
6024,675,2025-04-16 11:46:00,20.032,79.42,0
6025,659,2025-02-22 20:14:00,18.471,94.87,0
6026,383,2025-01-25 08:41:00,12.312,22.66,0
6027,578,2025-03-14 07:13:00,19.025,21.5,0
6028,706,2025-01-31 10:45:00,19.341,16.75,0
6029,128,2025-01-17 23:33:00,15.168,2.79,0
6030,784,2025-05-15 12:19:00,15.11,17.39,0
6031,391,2025-05-31 21:10:00,15.133,45.2,0
6032,350,2025-05-15 20:17:00,10.344,42.69,0
6033,128,2025-06-14 17:43:00,19.378,21.38,0
6034,537,2025-03-29 06:27:00,18.004,59.09,0
6035,482,2025-05-02 15:20:00,19.891,20.41,0
6036,23,2025-02-06 11:57:00,19.419,64.68,0
6037,518,2025-03-22 00:58:00,18.996,64.02,0
6038,113,2025-01-19 02:13:00,18.925,67.4,0
6039,221,2025-04-21 13:07:00,21.222,37.13,0
6040,489,2025-03-20 12:30:00,16.476,18.22,0
6041,624,2025-04-10 08:03:00,19.591,367.77,1
6042,107,2025-06-03 18:22:00,19.219,6.17,0
6043,378,2025-01-10 06:43:00,11.783,64.14,0
6044,228,2025-03-22 02:53:00,15.92,9.09,0
6045,565,2025-03-12 23:54:00,18.216,31.42,0
6046,662,2025-05-14 05:14:00,9.449,41.67,0
6047,511,2025-04-29 05:29:00,15.428,14.88,0
6048,635,2025-05-10 16:34:00,8.04,31.71,0
6049,360,2025-06-02 14:29:00,11.364,45.17,0
6050,478,2025-02-23 14:59:00,14.809,28.13,0
6051,234,2025-03-06 14:45:00,12.297,50.59,0
6052,790,2025-03-04 10:06:00,18.795,24.52,0
6053,163,2025-05-28 11:15:00,16.924,28.03,0
6054,736,2025-03-25 15:18:00,11.746,17.19,0
6055,596,2025-05-17 05:52:00,8.239,31.4,0
6056,789,2025-02-14 02:31:00,11.566,35.17,0
6057,513,2025-06-17 06:37:00,15.267,16.71,0
6058,281,2025-03-29 02:11:00,18.671,49.33,0
6059,224,2025-06-28 02:20:00,16.447,4.87,0
6060,143,2025-03-22 10:30:00,8.781,83.18,0
6061,773,2025-01-08 12:17:00,14.531,11.26,0
6062,85,2025-02-17 08:43:00,21.433,80.45,0
6063,648,2025-03-20 17:52:00,20.657,57.5,0
6064,558,2025-01-24 21:42:00,18.394,78.68,0
6065,101,2025-05-20 05:46:00,11.973,14.22,0
6066,732,2025-03-04 17:52:00,8.31,29.74,0
6067,130,2025-05-29 04:04:00,14.389,44.27,0
6068,128,2025-06-23 13:51:00,13.242,49.29,0
6069,435,2025-01-15 21:55:00,17.462,68.54,0
6070,82,2025-02-20 04:41:00,8.988,58.93,0
6071,81,2025-04-20 04:28:00,20.927,51.21,0
6072,704,2025-06-05 18:24:00,18.302,51.85,1
6073,771,2025-06-11 17:18:00,21.594,60.48,0
6074,42,2025-02-04 23:47:00,20.114,35.56,0
6075,510,2025-02-10 20:53:00,14.023,87.54,0
6076,481,2025-02-05 18:11:00,17.275,32.91,0
6077,52,2025-03-04 12:35:00,19.839,9.05,0
6078,119,2025-04-21 02:33:00,10.854,94.79,0
6079,354,2025-03-13 01:44:00,8.135,50.89,0
6080,554,2025-05-11 17:57:00,12.306,31.07,0
6081,177,2025-03-13 00:24:00,14.124,38.34,0
6082,347,2025-04-17 03:39:00,16.744,116.86,0
6083,392,2025-04-12 02:34:00,11.688,37.92,0
6084,569,2025-02-15 13:58:00,14.189,117.99,0
6085,197,2025-01-11 22:41:00,17.082,51.04,0
6086,551,2025-02-09 18:00:00,19.542,26.18,0
6087,665,2025-05-21 06:05:00,11.177,12.27,0
6088,466,2025-05-15 11:13:00,19.199,37.65,0
6089,576,2025-01-23 02:49:00,21.149,100.15,0
6090,133,2025-03-11 03:25:00,13.734,22.21,0
6091,725,2025-05-27 09:31:00,15.728,46.93,0
6092,241,2025-05-26 06:52:00,8.14,119.51,0
6093,158,2025-01-04 01:50:00,17.943,8.47,0
6094,438,2025-05-22 11:39:00,20.208,48.11,0
6095,308,2025-05-22 15:57:00,8.28,54.52,0
6096,369,2025-01-21 22:50:00,19.811,46.54,0
6097,644,2025-03-05 22:45:00,10.086,8.95,0
6098,428,2025-01-10 15:50:00,19.789,19.07,0
6099,299,2025-04-29 01:18:00,15.587,6.6,0
6100,640,2025-06-05 03:06:00,13.182,12.2,0
6101,303,2025-02-02 06:01:00,21.178,68.74,0
6102,766,2025-03-05 08:13:00,16.573,26.88,0
6103,788,2025-04-07 15:52:00,8.541,67.41,0
6104,375,2025-01-13 23:19:00,18.724,64.52,0
6105,616,2025-02-23 20:09:00,10.554,14.25,0
6106,566,2025-02-09 02:53:00,20.926,40.08,0
6107,688,2025-01-01 16:57:00,10.33,9.84,0
6108,368,2025-05-01 06:43:00,14.827,43.6,0
6109,325,2025-05-11 12:36:00,15.316,49.12,0
6110,221,2025-01-15 12:38:00,15.893,29.18,0
6111,468,2025-01-24 14:40:00,15.466,9.11,0
6112,492,2025-01-13 16:52:00,14.147,10.65,0
6113,360,2025-06-19 03:31:00,17.98,267.59,0
6114,248,2025-04-13 12:18:00,10.178,57.54,0
6115,360,2025-04-08 20:53:00,19.022,28.0,0
6116,401,2025-01-16 12:19:00,8.524,75.44,0
6117,102,2025-01-01 07:13:00,19.789,113.6,0
6118,528,2025-06-17 01:01:00,18.498,92.18,0
6119,673,2025-06-20 02:04:00,19.136,734.69,1
6120,257,2025-04-09 00:47:00,12.157,26.8,0
6121,312,2025-01-24 21:37:00,19.896,66.16,0
6122,74,2025-01-06 08:27:00,17.676,28.99,0
6123,465,2025-05-31 02:37:00,21.56,91.31,0
6124,342,2025-04-06 04:20:00,8.28,38.28,0
6125,685,2025-03-01 06:28:00,19.067,66.03,0
6126,725,2025-01-03 04:57:00,16.726,80.4,0
6127,618,2025-04-13 06:01:00,21.847,244.64,1
6128,168,2025-06-08 01:19:00,14.203,39.33,0
6129,158,2025-05-31 10:19:00,11.915,87.71,0
6130,388,2025-05-12 15:25:00,20.316,18.36,0
6131,494,2025-01-10 00:40:00,12.56,22.58,0
6132,25,2025-05-17 05:21:00,17.839,91.51,0
6133,396,2025-05-03 09:51:00,12.646,118.83,0
6134,69,2025-06-01 01:08:00,21.24,2.09,0
6135,208,2025-01-27 17:52:00,15.365,91.31,0
6136,287,2025-06-05 05:12:00,12.477,5.45,0
6137,32,2025-05-09 22:49:00,19.514,33.28,0
6138,209,2025-05-18 16:34:00,8.875,11.55,0
6139,503,2025-01-29 22:14:00,9.313,22.59,0
6140,798,2025-06-03 23:20:00,19.714,38.07,0
6141,623,2025-01-04 22:47:00,12.528,53.52,0
6142,245,2025-02-10 01:26:00,10.472,109.82,0
6143,753,2025-01-28 23:29:00,16.22,11.93,0
6144,352,2025-02-11 16:56:00,11.564,88.26,0
6145,283,2025-04-23 15:11:00,21.821,28.03,0
6146,677,2025-06-16 13:35:00,19.488,28.51,0
6147,319,2025-06-27 10:20:00,20.448,136.41,0
6148,591,2025-01-20 13:37:00,19.67,68.67,0
6149,130,2025-06-24 14:55:00,20.402,9.11,0
6150,265,2025-01-20 15:05:00,12.732,32.87,0
6151,787,2025-05-15 05:23:00,17.428,19.24,0
6152,195,2025-02-03 02:08:00,20.698,24.72,0
6153,679,2025-05-29 10:11:00,17.603,31.51,0
6154,373,2025-03-04 20:31:00,21.96,50.7,0
6155,766,2025-06-07 07:31:00,20.117,12.82,0
6156,332,2025-04-08 12:52:00,8.993,29.31,0
6157,396,2025-04-06 02:29:00,15.023,25.52,0
6158,414,2025-03-21 07:24:00,11.858,47.59,1
6159,167,2025-02-11 03:33:00,20.251,33.55,0
6160,675,2025-04-03 18:23:00,21.121,74.11,0
6161,458,2025-04-29 23:56:00,15.933,43.04,0
6162,404,2025-01-26 05:18:00,8.814,56.71,0
6163,297,2025-01-26 11:40:00,12.854,42.17,0
6164,617,2025-03-18 22:04:00,10.64,13.95,0
6165,278,2025-05-30 19:47:00,15.41,25.94,0
6166,190,2025-03-05 13:35:00,21.788,20.5,0
6167,65,2025-03-16 04:13:00,12.806,64.23,0
6168,698,2025-06-22 15:43:00,18.276,69.17,0
6169,58,2025-02-17 23:14:00,19.635,32.78,0
6170,675,2025-03-07 23:16:00,19.622,39.31,0
6171,303,2025-06-01 19:44:00,10.093,9.89,0
6172,2,2025-04-04 07:03:00,11.324,25.62,0
6173,740,2025-01-21 00:21:00,11.126,4.73,0
6174,592,2025-02-08 16:12:00,12.162,66.86,0
6175,578,2025-06-25 11:15:00,8.655,208.2,0
6176,438,2025-05-26 21:50:00,15.551,22.85,0
6177,608,2025-06-21 01:46:00,18.373,42.03,0
6178,106,2025-03-28 10:23:00,11.651,48.87,0
6179,187,2025-04-20 13:57:00,16.958,14.1,0
6180,435,2025-01-25 18:25:00,15.638,31.51,0
6181,587,2025-05-09 04:23:00,9.388,50.88,0
6182,470,2025-04-13 12:14:00,11.357,40.07,0
6183,325,2025-01-07 16:29:00,11.381,36.71,0
6184,537,2025-06-02 11:17:00,14.842,27.61,0
6185,47,2025-03-20 16:11:00,16.79,18.22,0
6186,406,2025-06-28 18:53:00,12.219,60.11,0
6187,315,2025-06-09 05:32:00,9.78,143.11,0
6188,398,2025-03-17 16:16:00,11.769,7.04,0
6189,105,2025-01-03 01:46:00,8.563,6.25,0
6190,722,2025-01-27 09:17:00,18.481,13.25,0
6191,682,2025-02-22 07:28:00,17.79,24.59,0
6192,754,2025-02-23 13:14:00,17.389,28.38,0
6193,672,2025-03-05 16:35:00,16.649,38.75,0
6194,531,2025-06-21 21:56:00,12.168,37.09,0
6195,229,2025-05-02 12:20:00,9.617,31.33,0
6196,91,2025-02-04 09:17:00,16.386,96.84,0
6197,489,2025-05-07 20:54:00,18.256,16.69,0
6198,757,2025-01-11 04:38:00,19.352,72.32,0
6199,291,2025-01-12 17:37:00,18.171,171.3,0
6200,794,2025-04-27 00:05:00,17.221,10.79,0
6201,123,2025-02-09 03:39:00,19.542,7.36,0
6202,226,2025-03-20 17:27:00,18.665,40.6,0
6203,519,2025-05-29 14:08:00,21.229,58.72,0
6204,394,2025-03-11 22:58:00,8.085,36.03,0
6205,608,2025-02-04 12:39:00,10.053,6.39,0
6206,275,2025-06-29 20:56:00,16.117,9.08,0
6207,619,2025-02-21 13:49:00,13.615,23.31,0
6208,240,2025-04-29 14:18:00,12.767,48.81,0
6209,119,2025-01-30 04:53:00,18.443,26.36,0
6210,455,2025-01-30 04:00:00,15.499,41.51,0
6211,410,2025-05-16 18:38:00,15.371,40.59,0
6212,453,2025-06-11 14:39:00,8.698,73.72,0
6213,19,2025-01-05 21:05:00,14.458,13.83,0
6214,328,2025-06-25 12:10:00,16.512,37.56,0
6215,72,2025-02-24 08:15:00,11.921,110.64,0
6216,643,2025-06-27 11:58:00,11.346,18.6,0
6217,64,2025-04-06 19:36:00,15.709,21.2,0
6218,745,2025-05-18 20:10:00,20.767,37.5,0
6219,45,2025-01-02 02:00:00,9.629,15.02,0
6220,488,2025-01-29 09:28:00,12.328,13.79,0
6221,267,2025-06-21 17:13:00,8.814,26.51,0
6222,88,2025-01-30 16:30:00,12.555,28.79,0
6223,286,2025-06-06 11:19:00,17.728,63.85,0
6224,31,2025-01-22 07:21:00,12.461,17.08,0
6225,558,2025-04-27 12:24:00,13.579,35.86,0
6226,696,2025-03-08 22:14:00,21.097,93.95,0
6227,263,2025-03-21 01:02:00,12.859,89.59,0
6228,351,2025-05-08 23:30:00,15.554,32.05,0
6229,112,2025-01-28 22:55:00,21.071,40.71,0
6230,385,2025-03-03 22:58:00,15.119,16.97,0
6231,757,2025-04-10 15:43:00,10.382,44.1,0
6232,430,2025-03-06 19:29:00,10.003,119.06,0
6233,700,2025-02-13 01:22:00,20.585,98.97,0
6234,624,2025-01-08 22:25:00,20.399,34.38,0
6235,99,2025-04-25 20:14:00,11.514,46.16,0
6236,42,2025-01-12 04:17:00,16.725,19.43,0
6237,290,2025-01-27 04:55:00,10.331,16.64,0
6238,752,2025-02-12 18:17:00,11.241,26.15,0
6239,134,2025-05-10 01:57:00,20.889,43.46,0
6240,35,2025-01-22 23:51:00,13.625,62.36,0
6241,767,2025-02-28 02:57:00,10.919,32.85,0
6242,158,2025-01-14 07:23:00,15.338,49.77,0
6243,284,2025-04-01 08:33:00,19.914,4.54,0
6244,624,2025-02-02 12:42:00,19.661,40.11,0
6245,78,2025-01-30 03:05:00,17.268,21.31,0
6246,136,2025-02-27 15:34:00,19.388,12.87,0
6247,581,2025-02-16 03:06:00,18.914,50.33,0
6248,5,2025-01-09 19:23:00,21.491,111.39,0
6249,569,2025-03-23 00:54:00,17.182,34.62,0
6250,433,2025-04-01 12:31:00,16.371,70.75,0
6251,192,2025-03-24 11:20:00,20.679,25.06,0
6252,490,2025-03-21 13:26:00,13.062,180.84,0
6253,257,2025-06-29 23:02:00,14.9,9.92,0
6254,759,2025-02-19 11:10:00,20.028,32.29,0
6255,332,2025-03-02 09:01:00,21.706,63.85,0
6256,598,2025-04-02 22:22:00,13.898,34.15,0
6257,214,2025-01-16 04:30:00,16.257,105.26,0
6258,666,2025-06-27 23:13:00,19.728,6.67,0
6259,231,2025-04-05 08:37:00,15.263,32.02,0
6260,406,2025-05-06 08:41:00,13.664,28.67,0
6261,641,2025-02-27 22:17:00,8.908,32.04,0
6262,740,2025-05-05 12:01:00,10.969,9.87,0
6263,601,2025-06-07 23:59:00,12.64,27.72,0
6264,533,2025-04-15 03:42:00,13.623,26.72,0
6265,554,2025-02-07 20:29:00,18.867,42.52,0
6266,324,2025-05-04 02:56:00,10.335,84.26,0
6267,549,2025-06-04 00:27:00,9.014,38.26,0
6268,459,2025-05-05 20:17:00,16.229,48.89,0
6269,417,2025-04-30 10:39:00,8.113,95.71,0
6270,250,2025-03-25 11:36:00,21.032,90.62,0
6271,280,2025-02-03 20:06:00,11.584,5.2,0
6272,98,2025-05-10 09:36:00,19.671,66.24,0
6273,576,2025-03-14 22:40:00,13.313,65.91,0
6274,17,2025-02-11 12:25:00,21.984,28.38,0
6275,93,2025-03-30 15:18:00,15.018,24.25,0
6276,234,2025-01-05 00:38:00,21.48,14.18,0
6277,112,2025-04-04 22:10:00,14.564,7.41,0
6278,599,2025-04-09 11:45:00,18.0,69.07,0
6279,101,2025-03-13 11:27:00,8.891,64.55,0
6280,365,2025-05-07 14:43:00,14.23,32.31,0
6281,586,2025-04-16 05:35:00,11.791,61.76,0
6282,471,2025-03-07 20:43:00,19.104,79.38,0
6283,473,2025-05-10 00:19:00,15.454,8.32,0
6284,275,2025-01-22 00:07:00,16.96,42.73,0
6285,360,2025-04-02 02:42:00,11.553,28.82,0
6286,613,2025-01-26 06:24:00,9.636,49.46,0
6287,380,2025-04-19 10:30:00,17.528,40.63,0
6288,559,2025-01-04 04:36:00,14.192,64.8,0
6289,662,2025-06-04 17:27:00,13.838,9.87,0
6290,195,2025-01-06 15:37:00,21.495,100.14,0
6291,97,2025-03-31 14:17:00,9.656,23.02,0
6292,370,2025-04-30 22:29:00,17.014,31.44,0
6293,306,2025-03-16 22:24:00,8.844,8.57,0
6294,119,2025-02-08 18:24:00,17.589,32.22,0
6295,608,2025-02-14 14:17:00,15.835,34.49,0
6296,499,2025-06-01 16:36:00,18.177,32.84,0
6297,526,2025-01-24 15:29:00,18.512,19.43,0
6298,567,2025-05-08 22:50:00,9.849,13.19,0
6299,348,2025-02-22 14:33:00,11.846,58.46,0
6300,408,2025-01-03 04:08:00,11.534,8.72,0
6301,179,2025-03-15 02:37:00,16.512,66.62,0
6302,585,2025-01-18 01:10:00,11.617,135.77,0
6303,757,2025-05-18 13:35:00,15.222,206.18,0
6304,699,2025-05-19 10:18:00,14.19,14.71,0
6305,326,2025-02-09 03:17:00,16.199,56.15,0
6306,39,2025-05-20 04:20:00,12.919,22.32,0
6307,702,2025-05-07 09:16:00,20.949,93.22,0
6308,459,2025-05-02 17:37:00,21.51,47.93,0
6309,622,2025-01-15 05:25:00,12.912,27.7,0
6310,240,2025-01-24 00:15:00,20.8,16.9,0
6311,689,2025-01-29 12:15:00,19.102,26.04,0
6312,670,2025-05-28 06:03:00,11.166,20.41,0
6313,13,2025-02-28 17:44:00,15.879,34.33,0
6314,451,2025-04-06 08:19:00,13.287,35.77,0
6315,381,2025-03-26 13:37:00,19.213,22.46,0
6316,526,2025-06-29 23:28:00,20.515,20.91,0
6317,207,2025-02-02 13:36:00,16.714,57.82,0
6318,78,2025-05-21 01:40:00,16.822,61.3,0
6319,219,2025-01-21 03:58:00,18.098,18.27,0
6320,420,2025-06-26 00:29:00,14.931,33.51,0
6321,215,2025-04-12 20:21:00,14.589,17.53,0
6322,371,2025-02-17 10:59:00,15.885,281.93,0
6323,311,2025-03-16 03:47:00,19.457,16.49,0
6324,555,2025-05-12 02:28:00,17.064,42.86,0
6325,328,2025-03-16 20:39:00,10.016,49.97,0
6326,115,2025-01-13 04:13:00,9.966,20.55,0
6327,507,2025-02-25 10:19:00,13.823,17.59,0
6328,170,2025-06-14 19:20:00,17.227,27.99,0
6329,240,2025-03-08 19:47:00,13.476,17.52,0
6330,565,2025-03-30 07:56:00,13.344,40.69,0
6331,218,2025-02-03 03:12:00,20.536,17.74,0
6332,49,2025-01-05 20:25:00,20.155,39.36,0
6333,288,2025-02-18 16:55:00,14.659,6.71,0
6334,310,2025-06-06 06:23:00,18.056,18.35,0
6335,549,2025-04-08 14:37:00,14.329,25.01,0
6336,567,2025-03-09 20:58:00,16.444,77.94,0
6337,0,2025-04-05 00:18:00,11.843,7.98,0
6338,605,2025-05-27 06:04:00,14.965,78.86,0
6339,597,2025-06-13 01:36:00,16.996,59.33,0
6340,138,2025-02-27 04:28:00,14.185,8.39,0
6341,271,2025-05-30 20:34:00,18.631,53.83,0
6342,613,2025-05-25 06:37:00,11.743,16.63,0
6343,460,2025-01-02 06:40:00,8.18,55.27,0
6344,271,2025-06-10 22:07:00,20.8,57.96,0
6345,609,2025-02-11 08:34:00,13.054,66.01,0
6346,505,2025-05-18 20:49:00,11.529,22.16,0
6347,408,2025-06-09 18:50:00,14.665,60.4,0
6348,4,2025-04-14 05:55:00,11.491,119.98,0
6349,517,2025-02-26 15:44:00,18.265,27.72,0
6350,143,2025-06-03 22:43:00,12.295,30.69,0
6351,735,2025-03-27 23:41:00,21.884,61.79,0
6352,151,2025-05-19 06:19:00,11.867,3.59,0
6353,23,2025-05-02 11:56:00,13.066,15.96,0
6354,300,2025-02-27 18:30:00,15.537,78.34,0
6355,279,2025-04-08 19:18:00,8.047,39.58,0
6356,281,2025-02-06 03:50:00,8.058,29.46,0
6357,741,2025-01-01 21:01:00,11.273,16.48,0
6358,219,2025-05-05 02:50:00,9.143,35.75,0
6359,669,2025-02-07 04:21:00,18.641,22.89,0
6360,130,2025-04-04 12:16:00,20.205,8.65,0
6361,493,2025-01-19 01:53:00,13.785,99.23,0
6362,104,2025-04-28 20:27:00,15.231,20.07,0
6363,183,2025-01-31 04:13:00,16.578,28.16,0
6364,118,2025-02-14 18:17:00,9.328,8.41,0
6365,264,2025-01-27 12:37:00,14.577,22.81,0
6366,367,2025-06-15 01:47:00,21.431,78.26,0
6367,686,2025-04-23 02:24:00,10.91,73.71,0
6368,605,2025-04-30 19:37:00,9.177,35.71,0
6369,558,2025-03-15 04:21:00,11.928,21.23,0
6370,391,2025-06-04 12:20:00,15.671,35.73,0
6371,228,2025-01-12 23:30:00,20.159,52.45,0
6372,237,2025-03-16 11:03:00,12.967,10.57,0
6373,105,2025-01-15 19:29:00,12.827,42.77,0
6374,531,2025-05-06 11:45:00,12.803,64.62,0
6375,624,2025-06-21 01:32:00,19.773,33.35,0
6376,438,2025-05-18 22:34:00,14.57,34.46,0
6377,460,2025-01-28 20:34:00,12.639,19.57,0
6378,297,2025-05-22 20:12:00,10.477,44.39,0
6379,770,2025-02-15 16:35:00,9.758,126.72,0
6380,710,2025-03-04 17:59:00,21.638,107.81,0
6381,325,2025-04-14 08:57:00,14.81,22.08,0
6382,604,2025-03-23 13:59:00,9.011,25.94,0
6383,279,2025-02-03 16:17:00,20.689,104.35,0
6384,99,2025-04-06 09:08:00,21.357,56.34,0
6385,232,2025-02-05 13:19:00,11.32,55.44,0
6386,667,2025-05-10 05:59:00,12.425,8.24,0
6387,385,2025-01-14 01:34:00,21.447,72.76,0
6388,692,2025-05-26 19:22:00,8.221,27.97,0
6389,258,2025-06-26 13:08:00,12.54,42.19,0
6390,367,2025-05-15 09:03:00,14.021,19.91,0
6391,58,2025-04-20 02:08:00,18.785,130.98,0
6392,624,2025-03-21 09:12:00,13.149,16.04,0
6393,249,2025-04-06 08:29:00,12.738,166.89,0
6394,72,2025-04-03 04:33:00,18.212,35.81,0
6395,175,2025-06-09 23:03:00,19.89,30.61,0
6396,532,2025-01-23 22:48:00,9.306,17.27,0
6397,652,2025-04-17 23:55:00,9.995,23.04,0
6398,763,2025-04-09 23:40:00,17.237,29.75,0
6399,188,2025-02-17 08:31:00,12.401,38.98,0
6400,472,2025-03-16 07:47:00,17.358,53.89,0
6401,367,2025-03-27 00:09:00,10.435,29.62,0
6402,6,2025-01-07 06:17:00,19.256,53.85,1
6403,538,2025-03-27 23:08:00,12.5,90.16,0
6404,56,2025-01-31 17:31:00,12.692,81.64,0
6405,119,2025-03-13 15:42:00,10.504,57.78,0
6406,472,2025-02-20 01:55:00,10.959,52.23,0
6407,425,2025-05-16 15:41:00,16.378,14.99,0
6408,708,2025-06-22 20:40:00,16.142,41.37,0
6409,677,2025-01-20 17:49:00,19.542,14.7,0
6410,46,2025-02-16 05:25:00,1.668,78.96,1
6411,467,2025-01-29 15:48:00,13.99,44.09,0
6412,325,2025-03-29 00:29:00,19.248,86.41,0
6413,385,2025-03-08 23:53:00,8.232,89.62,0
6414,51,2025-03-23 21:42:00,17.825,49.81,0
6415,671,2025-01-13 19:28:00,15.605,20.37,0
6416,132,2025-06-06 18:41:00,11.093,5.82,0
6417,757,2025-06-27 17:32:00,16.925,54.03,0
6418,745,2025-06-14 02:10:00,21.813,30.6,0
6419,656,2025-03-31 05:49:00,12.851,66.4,0
6420,94,2025-05-01 00:29:00,16.939,61.19,0
6421,326,2025-01-10 00:27:00,14.151,56.49,0
6422,19,2025-04-20 22:37:00,13.494,42.65,0
6423,489,2025-04-20 10:06:00,12.3,9.28,0
6424,691,2025-05-13 06:13:00,11.205,96.2,0
6425,421,2025-05-21 14:22:00,11.298,12.8,0
6426,18,2025-01-01 00:05:00,18.84,20.85,0
6427,242,2025-03-15 09:20:00,12.533,26.87,0
6428,136,2025-03-29 08:43:00,15.414,35.52,0
6429,348,2025-03-28 11:53:00,10.989,27.11,0
6430,297,2025-04-09 20:27:00,10.975,22.44,0
6431,663,2025-05-07 02:35:00,16.219,66.51,0
6432,176,2025-04-16 16:30:00,16.159,12.06,0
6433,240,2025-02-12 02:05:00,15.074,25.12,0
6434,190,2025-04-30 12:44:00,17.705,6.54,0
6435,711,2025-04-18 13:54:00,16.918,15.34,0
6436,235,2025-02-05 23:45:00,10.801,10.02,0
6437,793,2025-04-24 13:41:00,8.777,62.96,0
6438,533,2025-04-04 20:17:00,11.775,40.64,0
6439,245,2025-05-25 20:03:00,14.037,18.32,0
6440,475,2025-03-12 13:05:00,10.916,2.71,0
6441,98,2025-06-10 09:25:00,14.754,10.33,0
6442,723,2025-04-07 13:42:00,8.514,14.53,0
6443,765,2025-06-19 08:38:00,14.68,26.23,0
6444,234,2025-01-19 07:20:00,12.921,64.17,0
6445,136,2025-01-23 17:43:00,21.427,11.07,0
6446,342,2025-02-09 06:50:00,20.274,11.88,0
6447,617,2025-05-27 22:16:00,21.316,9.16,0
6448,501,2025-04-02 05:08:00,17.224,35.08,0
6449,31,2025-05-02 13:51:00,21.607,6.17,0
6450,6,2025-01-04 12:03:00,10.653,8.53,0
6451,188,2025-03-08 17:32:00,15.453,51.03,0
6452,603,2025-03-05 14:34:00,18.405,118.46,0
6453,208,2025-06-16 02:32:00,14.753,36.83,0
6454,715,2025-01-19 20:35:00,10.992,27.23,0
6455,237,2025-06-04 19:42:00,17.153,199.89,0
6456,714,2025-03-08 06:56:00,21.597,23.06,0
6457,735,2025-05-20 09:13:00,15.325,23.12,0
6458,582,2025-02-22 08:54:00,11.474,22.79,0
6459,140,2025-01-11 08:19:00,8.567,116.26,0
6460,57,2025-05-03 07:10:00,9.458,53.87,0
6461,138,2025-02-01 20:40:00,18.881,53.41,0
6462,506,2025-01-27 14:55:00,14.794,45.45,0
6463,553,2025-06-15 07:10:00,10.921,24.29,0
6464,788,2025-02-10 19:07:00,20.041,27.03,0
6465,761,2025-06-26 19:15:00,14.105,16.18,0
6466,246,2025-03-04 16:44:00,19.14,25.49,0
6467,311,2025-02-19 21:57:00,19.358,43.88,0
6468,617,2025-03-23 18:44:00,18.051,29.93,0
6469,618,2025-02-19 22:18:00,21.616,66.87,0
6470,250,2025-06-16 22:46:00,20.557,43.18,0
6471,24,2025-04-20 20:31:00,9.756,40.74,0
6472,77,2025-05-14 18:03:00,12.813,17.48,0
6473,659,2025-01-14 17:06:00,21.359,13.12,0
6474,278,2025-02-13 01:01:00,17.178,14.22,0
6475,578,2025-04-18 03:45:00,14.212,83.57,0
6476,640,2025-03-29 14:42:00,20.07,8.79,0
6477,717,2025-06-24 08:44:00,16.944,40.74,0
6478,393,2025-05-11 03:10:00,13.188,40.76,0
6479,509,2025-02-23 10:50:00,11.797,20.25,0
6480,156,2025-03-23 16:58:00,19.915,34.01,0
6481,753,2025-05-14 16:39:00,19.855,40.14,0
6482,706,2025-03-15 18:02:00,20.856,13.89,0
6483,311,2025-04-05 11:34:00,18.984,18.61,0
6484,293,2025-05-24 21:09:00,10.587,31.44,0
6485,586,2025-02-21 17:11:00,13.439,32.22,0
6486,331,2025-01-18 22:58:00,12.593,11.22,0
6487,580,2025-03-16 05:54:00,11.61,35.09,0
6488,72,2025-02-09 11:29:00,19.126,36.17,0
6489,214,2025-04-10 04:40:00,9.745,72.82,0
6490,624,2025-06-03 13:18:00,14.709,32.17,0
6491,736,2025-05-18 02:04:00,20.119,23.71,0
6492,20,2025-05-12 06:55:00,19.046,60.48,0
6493,623,2025-04-08 08:14:00,11.743,79.79,0
6494,55,2025-06-09 20:30:00,8.498,10.81,0
6495,693,2025-06-16 12:36:00,13.794,528.51,1
6496,202,2025-05-17 10:07:00,16.309,6.02,0
6497,290,2025-01-22 01:13:00,19.966,15.13,0
6498,573,2025-02-23 13:47:00,15.396,107.0,0
6499,673,2025-06-22 09:15:00,11.721,13.81,0
6500,331,2025-01-14 02:00:00,17.671,47.28,0
6501,251,2025-04-10 02:48:00,13.623,45.2,0
6502,783,2025-04-26 00:54:00,19.553,20.4,0
6503,771,2025-03-12 12:38:00,8.332,22.63,0
6504,419,2025-05-07 16:19:00,13.866,99.13,0
6505,19,2025-01-14 16:32:00,13.91,69.22,0
6506,775,2025-02-09 10:38:00,16.226,194.86,0
6507,495,2025-02-23 07:47:00,13.021,4.21,0
6508,442,2025-01-31 18:13:00,13.63,49.88,0
6509,89,2025-03-20 19:52:00,18.288,4.83,0
6510,794,2025-03-26 07:52:00,10.398,31.47,0
6511,574,2025-06-18 16:07:00,11.337,27.16,0
6512,174,2025-03-29 08:59:00,9.433,12.95,0
6513,290,2025-05-17 03:45:00,11.607,19.97,0
6514,274,2025-01-16 20:38:00,15.075,25.49,0
6515,696,2025-01-11 15:04:00,10.648,45.93,0
6516,380,2025-03-13 01:54:00,9.03,12.94,0
6517,698,2025-03-01 00:29:00,21.949,17.94,0
6518,550,2025-06-16 05:02:00,14.373,49.04,0
6519,294,2025-03-30 10:59:00,19.642,57.53,0
6520,324,2025-03-29 17:20:00,18.343,265.24,0
6521,647,2025-06-03 00:22:00,10.316,36.99,0
6522,399,2025-06-05 18:42:00,15.172,53.67,0
6523,544,2025-05-20 18:10:00,15.95,27.02,0
6524,98,2025-03-20 19:57:00,10.21,99.29,0
6525,341,2025-02-08 21:42:00,9.567,15.33,0
6526,461,2025-01-07 08:58:00,11.685,30.64,0
6527,274,2025-01-10 01:59:00,11.658,39.52,0
6528,678,2025-05-27 19:04:00,11.886,47.78,0
6529,168,2025-01-24 19:51:00,11.534,68.35,0
6530,679,2025-03-16 16:00:00,15.655,27.47,0
6531,50,2025-04-01 14:12:00,12.122,66.01,0
6532,341,2025-04-11 01:33:00,18.803,10.42,0
6533,413,2025-01-17 04:16:00,8.733,39.54,0
6534,202,2025-04-05 05:10:00,16.701,7.14,0
6535,432,2025-02-14 22:57:00,18.814,26.97,0
6536,720,2025-03-03 07:47:00,14.12,238.89,0
6537,355,2025-05-28 20:13:00,12.471,39.98,0
6538,431,2025-03-24 20:30:00,12.243,22.06,0
6539,760,2025-03-14 08:26:00,12.589,48.78,0
6540,738,2025-01-03 21:23:00,9.643,31.11,0
6541,10,2025-06-29 07:21:00,16.135,13.14,0
6542,580,2025-04-17 20:21:00,16.729,7.39,0
6543,680,2025-05-17 01:50:00,13.456,31.99,0
6544,753,2025-03-20 01:19:00,21.382,27.65,0
6545,640,2025-02-17 16:26:00,20.76,26.37,0
6546,66,2025-02-19 04:20:00,12.17,63.46,0
6547,607,2025-01-02 08:42:00,18.253,98.4,0
6548,675,2025-06-09 23:26:00,9.628,58.62,0
6549,419,2025-04-05 21:32:00,18.609,25.1,0
6550,16,2025-03-05 10:53:00,18.3,36.55,0
6551,152,2025-05-08 01:17:00,12.993,79.98,0
6552,220,2025-01-24 07:50:00,13.417,66.99,0
6553,690,2025-03-26 13:01:00,16.205,52.6,0
6554,100,2025-03-20 14:36:00,11.923,22.52,0
6555,595,2025-06-13 04:06:00,16.018,80.23,0
6556,143,2025-05-24 15:18:00,20.427,102.68,0
6557,666,2025-05-19 05:32:00,14.228,67.45,0
6558,9,2025-02-16 18:56:00,10.859,368.68,0
6559,188,2025-04-04 15:33:00,15.813,63.72,0
6560,81,2025-06-26 11:21:00,17.14,87.64,0
6561,443,2025-01-04 09:45:00,15.364,58.43,0
6562,624,2025-04-28 06:54:00,8.331,31.55,0
6563,332,2025-03-02 21:13:00,17.37,13.66,0
6564,426,2025-05-14 12:16:00,8.517,18.91,0
6565,511,2025-03-30 23:50:00,13.844,19.07,0
6566,363,2025-05-07 02:34:00,13.802,13.31,0
6567,602,2025-02-15 01:00:00,19.85,27.83,0
6568,227,2025-06-08 19:57:00,20.077,35.09,0
6569,138,2025-05-31 18:39:00,18.851,90.78,0
6570,149,2025-04-25 18:19:00,19.476,13.35,0
6571,139,2025-03-18 09:42:00,11.063,71.44,0
6572,30,2025-01-28 07:47:00,18.028,43.37,0
6573,34,2025-02-06 16:25:00,18.49,47.3,0
6574,42,2025-03-13 19:04:00,18.893,32.41,0
6575,125,2025-05-21 05:42:00,19.127,186.58,0
6576,507,2025-06-20 09:39:00,10.285,18.66,0
6577,192,2025-04-20 11:47:00,11.597,22.39,0
6578,467,2025-06-18 21:32:00,18.972,38.46,0
6579,58,2025-02-05 11:22:00,10.063,48.03,0
6580,640,2025-05-14 16:57:00,9.735,41.9,0
6581,284,2025-04-06 21:27:00,21.678,33.63,0
6582,352,2025-01-26 06:42:00,21.549,53.33,0
6583,540,2025-05-06 00:19:00,12.714,56.64,0
6584,798,2025-06-12 15:09:00,8.12,33.94,0
6585,634,2025-03-22 17:13:00,13.575,152.13,0
6586,321,2025-02-15 23:33:00,3.976,49.83,1
6587,276,2025-02-24 10:17:00,10.008,28.08,0
6588,270,2025-04-19 05:07:00,11.138,94.64,0
6589,67,2025-05-05 03:22:00,19.749,6.9,0
6590,270,2025-02-09 00:49:00,13.254,14.23,0
6591,607,2025-05-04 16:59:00,8.115,29.73,0
6592,220,2025-05-15 11:09:00,16.916,13.64,0
6593,312,2025-01-04 01:10:00,8.989,66.55,0
6594,55,2025-03-11 02:31:00,20.517,64.76,0
6595,201,2025-02-12 03:25:00,11.435,129.05,0
6596,54,2025-05-23 18:27:00,11.328,22.05,0
6597,376,2025-04-27 08:05:00,13.559,55.11,0
6598,237,2025-04-07 00:37:00,9.504,97.43,0
6599,775,2025-02-10 08:18:00,8.324,39.86,0
6600,81,2025-03-28 15:53:00,20.801,77.02,1
6601,298,2025-06-23 06:40:00,20.091,32.31,0
6602,430,2025-06-29 01:20:00,20.828,100.2,0
6603,767,2025-01-30 07:15:00,17.473,19.04,0
6604,144,2025-03-29 04:40:00,8.182,10.12,0
6605,202,2025-05-15 16:17:00,21.625,25.85,0
6606,436,2025-02-23 13:59:00,17.923,32.62,0
6607,84,2025-06-29 16:45:00,13.813,49.67,0
6608,415,2025-03-25 23:18:00,18.255,50.21,0
6609,125,2025-03-04 09:13:00,15.939,542.03,1
6610,691,2025-06-19 11:49:00,17.404,15.74,0
6611,619,2025-04-19 13:30:00,19.537,128.57,0
6612,38,2025-01-12 05:14:00,21.107,31.35,0
6613,430,2025-01-20 00:40:00,19.153,23.92,0
6614,167,2025-06-26 10:53:00,20.542,45.17,0
6615,465,2025-04-22 22:16:00,15.945,16.11,0
6616,435,2025-06-06 14:10:00,12.738,19.76,0
6617,774,2025-06-27 18:05:00,17.376,65.95,0
6618,142,2025-05-15 00:39:00,15.787,15.55,0
6619,403,2025-06-25 02:45:00,8.787,12.09,0
6620,772,2025-06-21 19:06:00,16.062,26.33,0
6621,93,2025-03-16 02:52:00,13.844,43.06,0
6622,553,2025-04-25 23:16:00,13.174,105.12,1
6623,574,2025-05-28 17:04:00,18.142,45.96,0
6624,86,2025-06-20 13:21:00,20.392,1279.16,1
6625,166,2025-05-29 18:54:00,10.76,15.44,0
6626,765,2025-05-26 07:27:00,19.129,40.64,0
6627,465,2025-02-28 21:47:00,10.374,14.3,0
6628,44,2025-03-19 04:01:00,16.07,72.8,0
6629,683,2025-05-29 02:16:00,19.875,38.33,0
6630,418,2025-01-23 19:46:00,20.682,33.58,0
6631,381,2025-01-30 05:35:00,12.318,52.45,0
6632,793,2025-05-22 19:47:00,19.464,23.64,0
6633,251,2025-06-26 04:45:00,20.303,23.74,0
6634,302,2025-03-17 06:37:00,10.419,16.36,0
6635,460,2025-06-05 13:12:00,13.386,145.51,0
6636,193,2025-03-05 23:14:00,18.867,29.17,0
6637,101,2025-04-02 21:45:00,8.206,27.18,0
6638,110,2025-06-25 07:01:00,16.761,60.97,0
6639,246,2025-03-11 08:35:00,13.805,35.33,0
6640,63,2025-06-09 03:15:00,15.245,5.46,0
6641,403,2025-06-20 06:29:00,13.857,176.54,0
6642,794,2025-05-13 21:04:00,10.735,23.85,0
6643,203,2025-01-13 19:15:00,12.878,17.88,0
6644,32,2025-06-22 22:21:00,20.055,30.73,0
6645,31,2025-03-31 17:02:00,16.553,23.16,0
6646,133,2025-02-22 03:21:00,14.682,23.52,0
6647,468,2025-03-29 15:36:00,17.885,38.41,0
6648,376,2025-03-21 06:35:00,10.572,7.9,0
6649,320,2025-03-10 15:19:00,9.169,63.0,0
6650,603,2025-05-02 23:05:00,15.68,75.09,0
6651,312,2025-01-21 06:33:00,8.161,9.06,0
6652,492,2025-04-24 22:34:00,10.075,50.39,0
6653,797,2025-02-15 05:58:00,18.039,17.65,0
6654,135,2025-05-23 12:12:00,20.623,24.66,0
6655,89,2025-06-26 23:04:00,11.994,46.37,0
6656,174,2025-03-27 01:54:00,13.357,70.0,0
6657,123,2025-05-26 10:20:00,17.534,45.61,0
6658,663,2025-02-27 16:57:00,19.268,11.52,0
6659,701,2025-05-31 21:22:00,11.643,36.84,0
6660,447,2025-04-07 00:57:00,19.566,51.77,0
6661,104,2025-04-02 17:10:00,21.618,18.86,0
6662,681,2025-01-19 07:13:00,9.231,17.79,0
6663,734,2025-04-30 03:05:00,11.14,33.06,0
6664,326,2025-05-23 09:17:00,18.166,55.38,0
6665,537,2025-04-01 21:37:00,8.514,22.24,0
6666,486,2025-01-29 17:20:00,11.976,42.42,0
6667,422,2025-05-02 22:11:00,19.823,12.77,0
6668,282,2025-04-23 14:27:00,17.543,43.46,0
6669,222,2025-06-05 10:11:00,16.97,8.15,0
6670,220,2025-06-21 22:08:00,16.568,44.84,0
6671,287,2025-02-13 16:00:00,15.027,70.84,0
6672,607,2025-02-22 14:23:00,18.734,30.63,0
6673,660,2025-06-21 03:51:00,20.114,54.67,0
6674,90,2025-01-22 07:14:00,19.137,42.59,0
6675,46,2025-06-14 10:48:00,14.758,11.63,0
6676,382,2025-01-28 18:14:00,18.899,13.61,0
6677,614,2025-03-17 11:20:00,18.575,26.2,0
6678,448,2025-01-25 21:33:00,14.381,31.08,0
6679,662,2025-06-25 19:50:00,12.678,18.71,0
6680,570,2025-04-01 01:55:00,13.742,13.19,0
6681,564,2025-06-08 20:30:00,14.905,3.56,0
6682,430,2025-01-06 15:15:00,10.057,133.51,0
6683,43,2025-01-08 05:08:00,11.059,136.88,0
6684,143,2025-04-06 19:50:00,9.426,17.8,0
6685,594,2025-01-08 13:55:00,9.012,11.06,0
6686,247,2025-04-08 21:44:00,15.926,112.09,0
6687,578,2025-05-08 07:28:00,17.773,6.42,0
6688,271,2025-03-29 22:00:00,16.591,79.65,0
6689,10,2025-05-22 01:27:00,18.177,58.25,0
6690,541,2025-01-19 08:05:00,13.691,26.46,0
6691,713,2025-02-14 18:19:00,19.188,106.67,0
6692,356,2025-01-29 19:12:00,18.468,20.65,0
6693,105,2025-03-31 18:32:00,17.954,68.56,0
6694,331,2025-03-13 07:47:00,18.724,28.66,0
6695,768,2025-04-08 01:33:00,11.24,13.22,0
6696,254,2025-01-28 13:23:00,15.972,179.41,0
6697,56,2025-03-22 04:58:00,18.849,19.86,0
6698,614,2025-05-18 17:47:00,9.384,24.83,0
6699,190,2025-01-13 10:36:00,11.459,67.09,0
6700,29,2025-05-22 16:40:00,14.872,94.4,0
6701,552,2025-02-09 09:37:00,13.799,12.19,0
6702,270,2025-06-06 07:38:00,20.8,110.83,0
6703,109,2025-05-27 14:41:00,18.509,34.82,0
6704,43,2025-03-22 11:41:00,8.572,32.62,0
6705,147,2025-01-14 03:44:00,14.514,30.61,0
6706,119,2025-03-11 07:31:00,18.676,34.53,0
6707,8,2025-04-22 23:38:00,17.366,10.05,0
6708,296,2025-03-03 02:14:00,15.527,48.45,0
6709,661,2025-04-25 03:33:00,9.193,41.21,0
6710,316,2025-05-29 03:54:00,20.812,26.09,0
6711,30,2025-06-22 04:02:00,13.811,41.26,0
6712,705,2025-03-13 15:09:00,10.032,29.7,0
6713,506,2025-06-27 17:47:00,9.182,32.99,0
6714,771,2025-02-14 18:11:00,18.987,48.88,0
6715,465,2025-06-20 02:35:00,16.578,29.21,0
6716,381,2025-01-26 16:41:00,11.524,18.79,0
6717,408,2025-04-08 10:30:00,15.462,64.23,0
6718,5,2025-05-02 02:34:00,21.251,14.81,0
6719,300,2025-01-08 12:28:00,14.904,81.17,0
6720,353,2025-03-21 20:26:00,13.469,26.59,0
6721,239,2025-02-19 21:56:00,12.31,70.52,0
6722,669,2025-05-27 19:26:00,10.552,110.57,0
6723,765,2025-03-27 14:08:00,20.745,33.38,0
6724,382,2025-01-19 17:08:00,10.404,70.32,0
6725,628,2025-01-08 00:59:00,8.765,57.95,0
6726,178,2025-01-05 06:18:00,9.998,40.51,0
6727,738,2025-01-07 16:15:00,10.555,56.69,0
6728,562,2025-03-29 07:11:00,13.948,27.98,0
6729,587,2025-02-28 07:46:00,20.735,130.17,0
6730,475,2025-02-07 12:59:00,9.887,37.44,0
6731,663,2025-03-11 17:19:00,10.046,19.51,0
6732,427,2025-03-20 17:19:00,14.123,24.73,0
6733,771,2025-04-15 13:14:00,20.653,71.19,0
6734,529,2025-03-31 15:08:00,20.98,16.76,0
6735,362,2025-06-17 21:56:00,21.312,159.01,0
6736,780,2025-03-09 08:06:00,9.776,99.47,1
6737,725,2025-03-12 09:53:00,17.878,13.07,0
6738,44,2025-03-16 04:10:00,17.063,64.98,0
6739,34,2025-01-09 15:45:00,8.427,16.14,0
6740,24,2025-05-15 20:51:00,17.412,17.97,0
6741,86,2025-04-08 04:59:00,17.758,24.05,0
6742,197,2025-03-13 18:25:00,17.193,19.33,0
6743,749,2025-03-06 10:23:00,11.02,62.53,1
6744,221,2025-04-04 08:26:00,12.653,42.87,0
6745,363,2025-06-12 04:46:00,15.753,49.08,0
6746,358,2025-03-13 16:23:00,9.938,35.08,0
6747,350,2025-03-19 16:04:00,10.223,22.94,0
6748,47,2025-01-25 01:09:00,17.782,23.08,0
6749,429,2025-02-27 22:09:00,10.32,84.76,0
6750,414,2025-05-15 20:41:00,8.234,26.48,1
6751,430,2025-05-11 07:09:00,10.591,106.9,0
6752,48,2025-05-25 23:34:00,9.057,21.05,0
6753,696,2025-03-30 18:51:00,11.95,36.31,0
6754,577,2025-06-12 00:37:00,18.645,44.83,0
6755,276,2025-04-10 22:01:00,19.005,90.1,0
6756,287,2025-01-24 12:30:00,8.999,76.01,0
6757,252,2025-01-28 08:55:00,15.984,44.76,0
6758,792,2025-03-31 07:40:00,9.233,37.15,0
6759,561,2025-03-09 12:49:00,10.619,16.92,0
6760,368,2025-01-20 07:34:00,18.979,30.01,0
6761,518,2025-01-09 08:33:00,21.608,213.9,0
6762,51,2025-04-22 08:11:00,11.803,16.26,0
6763,663,2025-05-16 21:04:00,18.875,22.32,0
6764,476,2025-02-09 14:38:00,12.789,11.58,0
6765,247,2025-02-14 04:54:00,18.984,19.25,0
6766,554,2025-04-07 05:39:00,15.984,13.58,0
6767,5,2025-01-22 16:37:00,15.649,13.13,0
6768,392,2025-05-31 18:55:00,19.323,45.31,0
6769,755,2025-04-17 02:41:00,17.746,62.78,0
6770,607,2025-03-07 02:04:00,21.591,46.41,0
6771,35,2025-04-15 07:08:00,13.077,15.46,0
6772,471,2025-01-30 08:02:00,21.371,9.1,0
6773,544,2025-02-26 20:14:00,19.587,6.82,0
6774,421,2025-04-06 17:56:00,14.91,13.2,0
6775,257,2025-06-23 05:21:00,15.011,15.4,0
6776,543,2025-06-01 21:14:00,20.627,24.25,0
6777,338,2025-04-25 09:27:00,16.224,43.17,0
6778,759,2025-03-02 08:39:00,12.729,25.69,0
6779,670,2025-06-16 18:01:00,8.579,124.33,0
6780,727,2025-01-24 03:51:00,12.195,221.57,0
6781,335,2025-02-24 02:34:00,11.043,32.14,0
6782,541,2025-03-19 08:53:00,9.806,7.57,0
6783,115,2025-04-10 07:47:00,17.417,22.78,0
6784,601,2025-05-02 08:06:00,13.54,28.27,0
6785,603,2025-03-16 10:24:00,9.324,60.59,0
6786,620,2025-06-19 16:47:00,12.578,12.02,0
6787,16,2025-03-16 09:23:00,9.966,9.55,0
6788,364,2025-04-24 07:48:00,16.38,43.16,0
6789,219,2025-01-09 14:21:00,13.977,22.6,0
6790,732,2025-01-29 07:01:00,21.079,22.31,0
6791,430,2025-02-09 12:49:00,16.522,17.32,0
6792,489,2025-01-01 04:46:00,18.712,25.34,0
6793,350,2025-06-06 11:29:00,12.691,41.04,0
6794,91,2025-04-23 11:10:00,18.563,5.12,0
6795,496,2025-06-02 23:22:00,18.287,35.46,0
6796,488,2025-03-01 20:55:00,21.873,60.67,0
6797,305,2025-01-19 22:01:00,17.256,50.05,0
6798,503,2025-03-01 00:50:00,20.826,188.88,0
6799,312,2025-01-04 06:23:00,20.137,24.66,0
6800,528,2025-02-24 15:21:00,20.862,32.49,0
6801,278,2025-01-19 08:50:00,16.024,96.95,0
6802,618,2025-02-08 12:34:00,11.136,36.55,0
6803,709,2025-04-25 23:37:00,16.19,116.72,0
6804,387,2025-06-23 04:44:00,20.903,67.28,0
6805,13,2025-02-13 04:02:00,21.622,39.27,0
6806,545,2025-06-26 20:49:00,21.246,34.68,0
6807,751,2025-05-18 06:32:00,14.175,29.01,0
6808,567,2025-01-22 15:48:00,19.261,34.04,0
6809,286,2025-01-02 01:10:00,14.84,17.8,0
6810,451,2025-01-21 07:39:00,17.684,60.18,0
6811,291,2025-05-09 20:08:00,14.042,161.87,0
6812,619,2025-05-01 17:53:00,12.236,8.21,0
6813,580,2025-06-09 13:12:00,14.187,89.88,0
6814,500,2025-04-05 13:32:00,12.298,42.48,0
6815,310,2025-01-09 01:33:00,13.924,80.71,0
6816,138,2025-06-29 23:57:00,17.488,21.88,0
6817,493,2025-06-06 03:08:00,10.81,30.27,0
6818,269,2025-05-09 23:08:00,17.474,96.33,0
6819,722,2025-06-15 05:11:00,9.031,33.65,0
6820,50,2025-02-20 06:42:00,8.022,67.72,0
6821,676,2025-04-07 10:49:00,11.263,21.86,0
6822,623,2025-04-06 19:35:00,10.833,29.87,0
6823,412,2025-02-21 05:09:00,19.664,52.6,0
6824,794,2025-06-29 07:20:00,18.585,48.38,0
6825,573,2025-04-12 07:21:00,17.329,67.82,0
6826,414,2025-06-15 10:13:00,17.888,26.64,1
6827,313,2025-02-25 21:44:00,17.282,35.0,0
6828,672,2025-03-31 04:08:00,19.57,76.0,0
6829,620,2025-06-17 23:28:00,15.475,110.99,0
6830,128,2025-02-02 06:24:00,8.247,17.89,0
6831,136,2025-04-08 20:29:00,20.086,90.54,0
6832,739,2025-05-24 08:22:00,14.586,18.92,0
6833,36,2025-05-24 18:24:00,20.998,41.33,0
6834,759,2025-05-16 06:10:00,20.502,43.86,0
6835,432,2025-04-20 19:04:00,13.591,23.7,0
6836,645,2025-01-02 05:08:00,21.063,30.37,0
6837,172,2025-02-21 21:55:00,8.82,8.5,0
6838,275,2025-05-24 02:48:00,17.273,62.5,0
6839,582,2025-04-01 00:33:00,17.541,28.03,0
6840,129,2025-03-06 14:38:00,19.762,33.85,0
6841,81,2025-06-08 09:07:00,14.6,22.14,0
6842,487,2025-03-03 17:43:00,11.368,62.66,0
6843,6,2025-03-10 22:00:00,8.619,40.59,0
6844,751,2025-03-14 19:01:00,14.542,13.96,0
6845,540,2025-03-03 10:33:00,14.346,31.99,0
6846,570,2025-04-02 00:36:00,12.989,15.29,0
6847,400,2025-06-22 03:46:00,16.91,35.57,0
6848,499,2025-06-29 12:08:00,15.439,60.43,0
6849,761,2025-03-02 03:08:00,9.618,40.83,0
6850,3,2025-03-08 13:08:00,8.674,49.54,0
6851,197,2025-06-04 17:02:00,20.469,81.54,0
6852,557,2025-04-14 13:42:00,18.39,18.18,0
6853,98,2025-02-02 02:10:00,14.485,24.64,0
6854,196,2025-04-09 21:08:00,14.945,8.29,0
6855,18,2025-05-23 12:15:00,9.602,25.84,0
6856,44,2025-03-14 15:25:00,11.689,21.43,0
6857,355,2025-04-21 18:06:00,19.547,59.06,0
6858,528,2025-05-20 11:01:00,9.769,50.62,0
6859,80,2025-01-22 15:14:00,9.46,116.29,0
6860,786,2025-06-25 11:04:00,15.814,23.43,0
6861,620,2025-01-12 12:14:00,19.764,48.07,0
6862,530,2025-01-21 11:59:00,13.308,63.28,0
6863,57,2025-02-23 16:41:00,17.042,218.85,0
6864,415,2025-01-04 14:19:00,20.63,49.59,0
6865,736,2025-04-29 08:12:00,20.478,33.68,0
6866,190,2025-04-05 12:56:00,14.55,38.7,0
6867,432,2025-03-06 19:41:00,12.138,50.78,0
6868,451,2025-06-27 17:57:00,16.027,105.01,0
6869,557,2025-02-18 19:22:00,20.939,24.9,0
6870,734,2025-06-08 06:16:00,17.532,19.82,0
6871,104,2025-04-15 17:39:00,21.372,285.11,0
6872,50,2025-05-05 16:54:00,16.108,14.21,0
6873,71,2025-06-21 11:02:00,8.297,69.4,0
6874,213,2025-02-15 17:26:00,14.271,48.83,0
6875,282,2025-01-22 22:24:00,20.646,45.28,0
6876,702,2025-05-23 16:22:00,8.473,13.11,0
6877,416,2025-04-27 00:35:00,16.652,305.7,0
6878,595,2025-02-05 12:33:00,13.291,40.31,0
6879,460,2025-06-14 05:34:00,13.651,23.18,0
6880,762,2025-05-10 04:18:00,15.946,12.08,0
6881,263,2025-04-08 09:33:00,13.762,7.01,0
6882,535,2025-01-24 19:11:00,20.882,61.48,0
6883,218,2025-06-23 13:17:00,12.252,17.91,0
6884,186,2025-04-05 13:04:00,18.63,28.24,0
6885,785,2025-04-18 14:54:00,9.289,21.62,0
6886,19,2025-01-05 21:54:00,12.66,53.82,0
6887,218,2025-05-02 01:38:00,10.21,47.8,0
6888,308,2025-05-31 08:10:00,11.078,63.88,0
6889,110,2025-05-23 10:19:00,15.903,65.86,0
6890,617,2025-03-09 20:18:00,12.789,19.74,0
6891,287,2025-02-05 22:48:00,8.683,11.92,0
6892,367,2025-03-21 18:47:00,20.088,31.08,0
6893,243,2025-04-11 20:01:00,17.456,52.94,0
6894,713,2025-02-18 10:12:00,21.373,38.17,0
6895,337,2025-04-21 13:37:00,19.206,7.85,0
6896,629,2025-06-16 09:46:00,15.831,36.65,0
6897,498,2025-01-22 15:02:00,0.586,15.72,1
6898,764,2025-02-14 08:31:00,21.253,35.63,0
6899,482,2025-03-23 23:48:00,13.936,75.71,0
6900,788,2025-02-01 05:39:00,15.629,4.76,0
6901,558,2025-05-19 17:19:00,12.672,116.87,0
6902,47,2025-01-11 22:41:00,11.929,15.16,0
6903,125,2025-01-08 07:51:00,19.838,77.64,0
6904,631,2025-03-05 13:16:00,11.458,68.59,0
6905,36,2025-03-16 10:17:00,10.017,27.51,0
6906,152,2025-05-07 23:39:00,18.193,50.35,0
6907,632,2025-01-27 05:30:00,19.776,19.97,0
6908,283,2025-05-22 01:59:00,20.988,8.8,0
6909,173,2025-02-01 15:14:00,17.338,86.97,0
6910,158,2025-06-20 18:58:00,12.877,20.26,0
6911,252,2025-04-03 06:19:00,15.15,147.82,0
6912,670,2025-05-18 23:52:00,10.608,70.94,0
6913,364,2025-01-06 07:21:00,10.969,17.81,0
6914,763,2025-05-10 00:54:00,20.548,56.05,0
6915,573,2025-03-18 11:48:00,19.884,53.39,0
6916,214,2025-04-01 09:27:00,11.906,138.85,0
6917,130,2025-01-05 15:02:00,13.326,23.67,0
6918,755,2025-04-22 18:31:00,21.423,29.06,0
6919,721,2025-06-16 14:25:00,13.488,49.5,0
6920,98,2025-06-29 03:36:00,12.584,35.51,0
6921,257,2025-06-08 22:21:00,10.809,11.51,0
6922,594,2025-05-10 04:05:00,13.707,78.82,0
6923,786,2025-02-08 02:16:00,13.091,125.7,0
6924,722,2025-03-08 10:15:00,18.287,39.57,0
6925,228,2025-01-12 20:16:00,12.858,12.64,0
6926,717,2025-02-10 11:50:00,14.416,31.97,0
6927,580,2025-02-15 02:44:00,12.499,16.91,0
6928,370,2025-05-01 00:53:00,12.471,28.45,0
6929,301,2025-01-06 02:39:00,11.517,40.6,0
6930,650,2025-06-17 06:55:00,14.974,59.16,0
6931,669,2025-05-13 06:17:00,14.006,107.71,0
6932,731,2025-05-02 01:10:00,8.806,57.8,0
6933,369,2025-04-14 07:13:00,21.028,15.01,0
6934,213,2025-02-15 15:48:00,12.883,60.39,0
6935,696,2025-04-08 21:23:00,18.606,27.85,0
6936,242,2025-04-25 18:13:00,20.697,30.48,0
6937,603,2025-06-03 08:31:00,8.16,34.61,0
6938,407,2025-05-03 22:08:00,9.726,38.99,0
6939,468,2025-05-26 16:13:00,10.668,78.68,0
6940,167,2025-03-24 05:09:00,20.401,52.08,0
6941,199,2025-03-15 14:22:00,15.639,13.56,0
6942,522,2025-05-21 13:24:00,12.353,10.52,0
6943,207,2025-04-20 20:39:00,8.618,58.88,0
6944,535,2025-03-12 21:50:00,8.497,53.86,0
6945,793,2025-03-21 12:36:00,16.085,95.99,0
6946,65,2025-04-11 04:01:00,17.844,32.35,0
6947,740,2025-04-23 07:43:00,13.398,43.79,0
6948,137,2025-03-06 22:08:00,12.026,51.28,0
6949,110,2025-01-28 06:35:00,19.292,10.09,0
6950,667,2025-06-11 16:50:00,20.118,9.64,0
6951,163,2025-02-24 00:20:00,13.369,63.06,0
6952,518,2025-01-30 02:55:00,18.475,47.03,0
6953,85,2025-02-15 08:08:00,20.172,102.79,0
6954,69,2025-06-06 09:09:00,13.328,152.99,0
6955,161,2025-01-31 03:27:00,10.25,27.52,0
6956,416,2025-05-06 12:13:00,13.158,26.4,0
6957,232,2025-03-16 11:46:00,8.871,11.82,0
6958,178,2025-04-20 08:14:00,8.498,52.97,0
6959,670,2025-05-11 18:28:00,19.549,6.74,0
6960,139,2025-02-10 00:37:00,19.939,16.1,0
6961,76,2025-03-13 06:57:00,17.063,44.8,0
6962,88,2025-05-23 08:12:00,19.994,20.66,0
6963,705,2025-06-26 20:59:00,21.097,33.7,0
6964,380,2025-06-03 13:00:00,17.61,29.66,0
6965,777,2025-02-24 09:01:00,20.763,14.38,0
6966,645,2025-02-12 16:52:00,20.874,6.7,0
6967,225,2025-06-20 15:55:00,11.842,61.28,0
6968,632,2025-05-04 14:46:00,21.299,30.36,0
6969,364,2025-02-04 20:09:00,21.774,45.92,0
6970,448,2025-04-27 11:25:00,11.917,33.4,0
6971,423,2025-02-27 17:44:00,16.784,32.93,0
6972,606,2025-01-29 04:21:00,11.083,39.89,0
6973,164,2025-01-30 12:49:00,13.513,30.01,0
6974,47,2025-03-10 02:06:00,16.737,26.7,0
6975,585,2025-02-12 19:46:00,8.524,15.66,0
6976,763,2025-05-22 07:18:00,17.05,255.02,0
6977,463,2025-01-29 06:43:00,14.805,78.33,0
6978,93,2025-02-03 16:49:00,9.733,115.37,0
6979,89,2025-04-23 11:15:00,17.584,96.6,0
6980,435,2025-03-20 03:53:00,21.195,27.99,0
6981,716,2025-02-06 02:39:00,8.032,30.26,0
6982,491,2025-01-13 10:40:00,14.129,35.08,0
6983,241,2025-01-16 07:46:00,9.766,26.15,0
6984,496,2025-02-22 10:36:00,10.898,70.65,0
6985,124,2025-02-17 22:56:00,14.882,18.26,0
6986,383,2025-04-15 12:29:00,12.078,14.91,0
6987,785,2025-05-03 02:41:00,17.088,12.41,0
6988,269,2025-01-30 19:29:00,11.697,27.01,1
6989,82,2025-03-19 03:41:00,18.867,24.0,0
6990,161,2025-03-25 22:44:00,10.569,21.33,0
6991,47,2025-01-29 02:36:00,20.701,37.43,0
6992,321,2025-03-29 23:14:00,13.602,13.77,0
6993,190,2025-01-12 10:06:00,8.776,63.38,0
6994,783,2025-02-26 02:20:00,9.396,14.55,0
6995,255,2025-05-12 06:48:00,15.461,13.7,0
6996,27,2025-02-14 00:58:00,20.754,20.91,0
6997,347,2025-05-07 17:45:00,15.215,31.34,0
6998,589,2025-01-20 05:00:00,14.302,69.67,0
6999,548,2025-03-25 01:47:00,18.819,32.97,0
7000,781,2025-06-12 09:03:00,11.175,9.69,0
7001,292,2025-04-05 23:52:00,17.473,51.7,0
7002,418,2025-05-27 23:05:00,11.056,50.91,0
7003,447,2025-02-13 06:55:00,19.835,22.0,0
7004,19,2025-02-03 09:38:00,20.339,40.13,0
7005,4,2025-03-29 08:39:00,10.724,110.28,0
7006,636,2025-02-14 14:53:00,10.01,17.53,0
7007,307,2025-05-12 03:34:00,18.127,75.47,0
7008,710,2025-03-05 08:22:00,17.14,96.33,1
7009,755,2025-05-19 21:01:00,16.703,40.29,0
7010,195,2025-01-07 07:22:00,15.131,13.09,0
7011,619,2025-03-03 06:56:00,9.807,99.57,0
7012,414,2025-02-13 17:10:00,18.073,72.83,1
7013,592,2025-05-03 04:38:00,10.273,54.27,0
7014,127,2025-02-07 01:55:00,15.6,33.56,0
7015,243,2025-03-29 13:36:00,12.853,88.35,0
7016,376,2025-03-06 20:12:00,12.643,17.73,0
7017,390,2025-05-14 01:55:00,19.652,69.48,0
7018,24,2025-03-08 14:22:00,14.387,27.06,0
7019,675,2025-05-05 08:10:00,14.908,9.15,0
7020,4,2025-01-17 01:42:00,20.547,15.67,0
7021,704,2025-05-16 01:32:00,15.818,48.35,0
7022,164,2025-04-26 00:02:00,19.218,41.81,0
7023,568,2025-01-30 16:17:00,20.08,49.9,0
7024,569,2025-01-20 13:52:00,17.733,26.09,0
7025,365,2025-02-27 23:34:00,10.016,41.44,0
7026,429,2025-06-27 20:11:00,9.67,57.73,0
7027,58,2025-02-17 16:43:00,14.079,231.2,0
7028,720,2025-03-27 10:32:00,8.885,25.58,0
7029,95,2025-03-22 11:20:00,12.21,79.45,0
7030,351,2025-02-23 02:19:00,10.919,58.71,1
7031,0,2025-03-25 16:25:00,8.541,38.61,0
7032,596,2025-02-01 14:12:00,13.588,12.36,0
7033,287,2025-05-01 02:46:00,11.487,106.4,0
7034,385,2025-01-29 19:01:00,9.427,42.71,0
7035,18,2025-04-13 12:42:00,18.224,21.82,0
7036,175,2025-02-27 05:56:00,20.776,17.25,0
7037,348,2025-04-15 09:03:00,16.691,43.13,0
7038,574,2025-04-09 14:58:00,21.011,16.53,0
7039,478,2025-04-24 22:29:00,10.33,22.21,0
7040,208,2025-04-19 23:15:00,18.753,21.81,0
7041,476,2025-02-19 02:53:00,13.721,36.32,0
7042,178,2025-04-16 21:25:00,14.853,56.58,0
7043,444,2025-02-10 16:53:00,17.3,27.15,0
7044,432,2025-03-11 20:21:00,18.97,29.53,0
7045,180,2025-02-08 17:36:00,8.837,38.17,0
7046,160,2025-04-07 04:39:00,13.435,19.23,0
7047,415,2025-05-21 07:12:00,18.71,21.88,0
7048,469,2025-04-19 21:56:00,15.489,24.08,0
7049,783,2025-01-18 12:10:00,12.784,44.07,0
7050,396,2025-01-14 20:08:00,8.567,126.77,0
7051,355,2025-02-26 21:31:00,8.103,12.92,0
7052,380,2025-04-16 22:43:00,13.951,42.38,0
7053,699,2025-02-20 10:46:00,14.77,29.13,0
7054,245,2025-06-29 03:04:00,11.209,30.55,0
7055,305,2025-04-17 13:07:00,19.195,23.69,0
7056,295,2025-06-10 22:14:00,18.128,87.21,0
7057,498,2025-06-16 08:30:00,10.635,5.03,0
7058,559,2025-01-18 06:57:00,10.632,14.11,0
7059,385,2025-06-08 03:31:00,20.108,83.71,0
7060,211,2025-01-10 03:32:00,20.868,88.87,0
7061,550,2025-01-19 23:16:00,21.784,4224.16,1
7062,220,2025-04-08 06:02:00,17.609,44.73,0
7063,717,2025-04-08 05:42:00,21.005,51.48,0
7064,499,2025-04-27 17:14:00,10.079,7.88,0
7065,352,2025-01-07 16:41:00,10.18,35.08,0
7066,186,2025-01-20 09:19:00,8.582,54.76,0
7067,605,2025-05-23 15:11:00,15.539,23.69,0
7068,487,2025-04-17 10:47:00,11.098,32.51,0
7069,706,2025-03-09 10:46:00,15.963,93.79,0
7070,565,2025-02-02 18:47:00,8.108,112.25,0
7071,631,2025-02-08 16:12:00,15.405,42.76,0
7072,73,2025-02-25 05:50:00,20.445,33.6,0
7073,19,2025-03-29 03:19:00,18.163,62.71,0
7074,526,2025-05-27 12:35:00,13.138,26.04,0
7075,0,2025-03-20 07:38:00,8.955,80.69,0
7076,712,2025-03-20 17:56:00,11.432,23.0,0
7077,706,2025-06-19 18:18:00,15.047,63.77,0
7078,468,2025-01-17 18:18:00,11.603,34.45,0
7079,583,2025-01-06 23:21:00,18.87,21.33,0
7080,337,2025-06-28 17:08:00,21.092,46.65,0
7081,766,2025-06-20 23:55:00,10.467,25.57,0
7082,28,2025-03-14 15:04:00,8.078,77.54,0
7083,233,2025-02-12 04:29:00,9.177,15.8,0
7084,558,2025-01-23 03:18:00,19.24,41.89,0
7085,630,2025-01-27 02:32:00,8.752,19.49,0
7086,193,2025-06-10 13:39:00,18.448,91.49,0
7087,641,2025-05-14 12:40:00,13.673,62.0,0
7088,368,2025-06-02 00:37:00,13.965,33.77,0
7089,685,2025-04-05 01:31:00,18.231,34.57,0
7090,213,2025-04-29 09:36:00,12.48,134.68,0
7091,553,2025-06-11 05:11:00,19.347,64.24,0
7092,166,2025-03-06 08:46:00,9.321,19.12,0
7093,110,2025-04-08 16:11:00,18.061,73.93,0
7094,564,2025-02-21 21:25:00,20.652,22.31,0
7095,544,2025-04-01 23:37:00,10.3,39.56,0
7096,234,2025-02-08 05:43:00,15.768,6.53,0
7097,483,2025-02-07 02:37:00,16.974,67.17,0
7098,753,2025-03-06 07:07:00,9.859,20.48,0
7099,266,2025-06-20 23:01:00,0.804,29.64,1
7100,401,2025-02-18 20:44:00,11.532,11.48,0
7101,166,2025-04-30 14:35:00,18.55,40.43,0
7102,414,2025-04-13 20:58:00,15.952,37.03,0
7103,708,2025-04-19 06:46:00,13.748,12.63,0
7104,508,2025-01-24 10:43:00,18.395,35.93,0
7105,113,2025-05-23 05:02:00,18.246,28.31,0
7106,592,2025-05-22 06:20:00,10.947,93.18,0
7107,337,2025-01-19 05:29:00,8.359,19.86,0
7108,14,2025-03-12 22:10:00,11.476,51.34,0
7109,498,2025-06-05 22:54:00,20.356,10.79,0
7110,239,2025-02-12 17:21:00,13.556,37.31,0
7111,777,2025-04-01 02:05:00,10.82,46.59,0
7112,796,2025-05-29 22:43:00,13.164,48.49,0
7113,536,2025-05-25 09:33:00,13.364,31.83,0
7114,505,2025-03-11 16:28:00,14.357,139.88,0
7115,243,2025-05-09 06:33:00,14.3,26.23,0
7116,56,2025-06-17 13:19:00,12.173,51.46,0
7117,48,2025-03-23 05:26:00,12.193,27.21,0
7118,371,2025-06-25 07:57:00,19.197,17.9,0
7119,254,2025-05-19 13:08:00,17.282,13.53,0
7120,768,2025-04-27 14:22:00,17.512,16.84,0
7121,710,2025-05-10 17:23:00,10.667,56.76,1
7122,171,2025-02-03 17:55:00,21.886,101.19,0
7123,655,2025-01-01 16:04:00,9.217,56.62,0
7124,668,2025-05-29 22:18:00,17.555,26.77,0
7125,301,2025-05-08 15:56:00,18.408,21.17,0
7126,65,2025-06-18 20:06:00,11.74,39.91,0
7127,78,2025-04-02 13:58:00,9.079,15.22,0
7128,416,2025-03-11 09:35:00,18.324,70.98,0
7129,695,2025-06-01 02:30:00,15.918,47.04,0
7130,309,2025-06-19 11:32:00,21.519,16.14,0
7131,14,2025-05-26 17:39:00,18.188,115.4,0
7132,299,2025-05-29 21:12:00,21.016,13.34,0
7133,2,2025-01-31 17:12:00,16.88,36.48,0
7134,338,2025-06-06 07:44:00,14.972,68.19,0
7135,379,2025-01-04 21:59:00,21.226,62.98,0
7136,584,2025-05-16 23:10:00,19.464,21.23,0
7137,55,2025-02-05 08:07:00,8.491,25.17,0
7138,384,2025-01-08 10:00:00,16.163,16.29,0
7139,141,2025-05-14 09:39:00,10.092,41.69,0
7140,373,2025-03-03 02:20:00,21.272,67.45,0
7141,788,2025-06-06 20:14:00,17.462,7.6,0
7142,592,2025-02-20 21:37:00,14.319,54.6,0
7143,675,2025-05-07 02:28:00,21.438,23.61,0
7144,30,2025-04-26 20:23:00,12.709,32.49,0
7145,611,2025-05-28 16:56:00,14.218,14.93,0
7146,692,2025-06-05 00:06:00,13.587,21.33,0
7147,536,2025-04-16 16:52:00,9.846,172.29,0
7148,625,2025-03-04 06:37:00,10.098,26.7,0
7149,38,2025-04-02 04:10:00,16.274,34.7,0
7150,590,2025-04-19 08:07:00,8.973,16.84,0
7151,668,2025-06-24 15:58:00,21.035,276.34,0
7152,184,2025-02-01 01:05:00,12.587,50.81,0
7153,376,2025-01-15 12:08:00,12.493,34.4,0
7154,338,2025-03-25 14:22:00,9.956,73.09,0
7155,78,2025-03-17 20:15:00,12.913,46.49,0
7156,102,2025-06-12 03:36:00,17.676,30.5,0
7157,240,2025-02-20 01:12:00,21.403,31.59,0
7158,87,2025-01-27 16:51:00,10.696,10.22,0
7159,401,2025-01-22 23:15:00,10.486,26.13,0
7160,44,2025-06-10 22:09:00,9.946,23.36,0
7161,10,2025-04-20 00:05:00,16.036,45.25,0
7162,503,2025-06-25 16:26:00,9.637,29.55,0
7163,201,2025-02-17 09:14:00,9.234,60.58,0
7164,302,2025-01-15 15:16:00,18.415,37.91,0
7165,268,2025-03-25 08:00:00,19.105,17.86,0
7166,375,2025-02-01 02:46:00,12.404,115.16,0
7167,371,2025-01-25 14:03:00,16.14,25.69,0
7168,106,2025-06-08 20:53:00,18.393,54.53,0
7169,1,2025-03-12 04:44:00,8.685,12.26,0
7170,354,2025-01-13 14:42:00,16.886,64.81,0
7171,452,2025-02-06 01:06:00,12.007,9.46,0
7172,614,2025-03-08 01:15:00,13.728,164.85,0
7173,158,2025-06-11 10:46:00,12.987,60.53,0
7174,67,2025-04-25 21:07:00,18.057,29.41,0
7175,704,2025-04-05 00:45:00,14.563,55.28,1
7176,721,2025-04-15 21:05:00,18.641,12.7,0
7177,191,2025-05-24 22:01:00,12.41,29.77,0
7178,68,2025-02-04 21:04:00,15.578,63.52,0
7179,322,2025-03-29 10:20:00,20.698,55.36,0
7180,448,2025-03-11 13:02:00,14.133,34.78,0
7181,498,2025-01-08 15:06:00,16.068,45.05,0
7182,90,2025-04-10 04:11:00,17.387,83.09,0
7183,525,2025-05-06 00:28:00,20.772,62.41,0
7184,274,2025-04-30 21:38:00,16.906,7.79,0
7185,24,2025-01-09 14:35:00,16.574,34.78,0
7186,737,2025-03-13 01:42:00,19.669,35.53,0
7187,428,2025-03-13 02:34:00,21.886,12.87,0
7188,244,2025-01-29 00:18:00,20.585,15.04,0
7189,653,2025-04-09 10:46:00,9.748,115.95,0
7190,637,2025-04-06 13:54:00,17.47,19.58,0
7191,165,2025-05-21 08:51:00,12.6,24.94,0
7192,768,2025-05-18 10:54:00,13.803,18.46,0
7193,425,2025-06-11 17:57:00,17.035,48.72,0
7194,209,2025-03-18 10:37:00,10.032,43.76,0
7195,358,2025-02-06 20:47:00,17.698,165.03,0
7196,150,2025-04-08 10:41:00,12.109,22.79,0
7197,679,2025-04-30 10:37:00,19.469,53.21,0
7198,214,2025-03-01 23:54:00,13.204,7.74,0
7199,351,2025-03-26 15:23:00,8.699,11.25,0
7200,54,2025-06-15 08:00:00,16.383,101.55,0
7201,755,2025-05-19 03:40:00,18.497,84.73,0
7202,242,2025-04-20 17:41:00,1.884,49.92,1
7203,521,2025-06-19 04:07:00,18.903,86.19,0
7204,282,2025-01-03 13:31:00,19.258,14.8,0
7205,449,2025-04-06 22:25:00,8.592,131.3,0
7206,448,2025-02-17 22:01:00,8.026,15.29,0
7207,233,2025-02-21 14:51:00,11.14,45.36,0
7208,345,2025-05-22 02:57:00,11.146,321.46,0
7209,477,2025-05-24 17:33:00,15.881,17.28,0
7210,173,2025-03-29 12:00:00,11.207,102.94,0
7211,104,2025-04-05 19:29:00,13.108,75.83,0
7212,142,2025-04-18 23:35:00,14.351,22.84,0
7213,332,2025-06-08 19:26:00,16.412,186.3,0
7214,171,2025-01-04 22:43:00,21.954,16.88,0
7215,227,2025-04-12 21:26:00,17.639,33.99,0
7216,548,2025-01-13 05:35:00,11.721,58.47,0
7217,536,2025-06-18 16:22:00,12.911,32.42,0
7218,754,2025-02-12 22:14:00,8.611,420.79,0
7219,611,2025-01-04 03:45:00,13.873,12.79,0
7220,339,2025-05-26 15:49:00,16.248,127.7,0
7221,742,2025-05-14 00:18:00,21.292,5.73,0
7222,736,2025-06-12 06:40:00,11.751,3.46,0
7223,177,2025-03-04 09:02:00,11.409,36.51,0
7224,137,2025-02-19 18:37:00,8.241,63.12,0
7225,707,2025-05-01 08:26:00,16.045,115.29,0
7226,712,2025-06-20 05:43:00,21.942,126.73,0
7227,676,2025-06-19 14:56:00,13.195,41.07,0
7228,368,2025-03-13 21:51:00,14.97,52.15,0
7229,689,2025-04-28 16:53:00,8.815,42.51,0
7230,615,2025-05-29 21:06:00,15.995,118.64,0
7231,592,2025-05-15 02:20:00,10.941,13.03,0
7232,481,2025-04-19 02:35:00,8.216,20.56,0
7233,214,2025-01-29 10:46:00,17.574,69.43,0
7234,597,2025-04-24 16:33:00,10.068,81.25,0
7235,702,2025-01-31 16:38:00,9.416,102.72,0
7236,707,2025-03-23 05:49:00,11.194,33.08,0
7237,479,2025-04-14 05:12:00,9.926,23.5,0
7238,31,2025-01-05 17:09:00,16.72,61.46,0
7239,592,2025-03-19 12:12:00,11.739,14.55,0
7240,202,2025-02-26 09:42:00,17.394,132.74,0
7241,164,2025-01-21 00:10:00,15.644,23.41,0
7242,62,2025-04-27 13:09:00,12.951,28.05,0
7243,125,2025-05-12 02:24:00,10.709,63.84,0
7244,392,2025-06-10 20:38:00,17.418,19.58,0
7245,221,2025-05-06 19:29:00,15.342,13.96,0
7246,305,2025-02-02 22:36:00,18.092,88.02,0
7247,409,2025-01-17 11:36:00,15.086,15.19,0
7248,421,2025-05-29 00:10:00,19.229,43.09,0
7249,333,2025-01-09 18:11:00,15.696,35.61,0
7250,362,2025-03-10 10:50:00,19.387,7.66,0
7251,710,2025-03-10 04:28:00,15.696,15.15,0
7252,226,2025-02-02 16:59:00,21.464,46.48,0
7253,10,2025-04-24 22:16:00,19.945,93.85,0
7254,640,2025-05-19 15:45:00,11.558,19.02,0
7255,64,2025-06-10 20:12:00,18.194,17.23,0
7256,619,2025-03-26 11:46:00,9.848,58.0,0
7257,260,2025-03-20 05:03:00,20.755,66.47,0
7258,673,2025-02-06 13:51:00,12.838,73.89,0
7259,134,2025-01-16 03:19:00,14.684,41.76,0
7260,131,2025-06-01 07:34:00,8.288,22.9,0
7261,325,2025-06-01 06:48:00,20.147,65.52,0
7262,335,2025-06-26 14:02:00,21.272,32.73,0
7263,574,2025-01-23 11:34:00,14.587,59.87,0
7264,517,2025-03-17 20:59:00,10.631,23.11,0
7265,794,2025-04-25 17:31:00,17.713,29.59,0
7266,541,2025-06-08 12:48:00,12.157,53.71,0
7267,161,2025-03-16 10:07:00,21.44,6.75,0
7268,70,2025-01-25 22:04:00,12.356,102.14,0
7269,212,2025-06-13 17:20:00,16.06,33.62,0
7270,786,2025-01-15 23:35:00,8.692,3.67,0
7271,614,2025-05-07 21:12:00,21.857,40.07,0
7272,592,2025-03-07 22:01:00,16.066,24.75,0
7273,217,2025-01-01 00:36:00,21.654,15.2,0
7274,375,2025-04-05 15:35:00,12.21,167.6,0
7275,562,2025-03-09 02:19:00,15.38,68.37,0
7276,757,2025-03-20 12:06:00,8.257,30.85,0
7277,466,2025-02-02 10:56:00,18.792,36.56,0
7278,17,2025-05-02 02:45:00,10.331,43.34,0
7279,683,2025-02-21 00:51:00,13.955,9.51,0
7280,747,2025-01-28 10:09:00,17.381,286.69,0
7281,26,2025-03-13 19:29:00,9.15,36.27,0
7282,313,2025-02-03 18:11:00,18.971,148.73,0
7283,783,2025-04-08 10:47:00,19.281,17.76,0
7284,762,2025-04-06 19:48:00,15.438,55.97,0
7285,771,2025-05-24 17:00:00,16.469,13.58,0
7286,780,2025-06-26 07:44:00,9.319,3.49,0
7287,17,2025-01-16 13:22:00,14.283,72.16,0
7288,120,2025-01-07 17:39:00,19.776,40.91,0
7289,399,2025-03-21 09:33:00,9.25,22.9,0
7290,482,2025-01-13 02:14:00,21.842,2.35,0
7291,321,2025-06-03 03:06:00,14.803,24.02,0
7292,214,2025-05-26 10:24:00,8.179,43.56,0
7293,203,2025-03-19 19:01:00,12.759,14.78,0
7294,482,2025-06-22 23:25:00,15.009,38.89,0
7295,782,2025-04-04 11:21:00,21.426,21.06,0
7296,661,2025-04-09 04:28:00,17.873,13.38,0
7297,139,2025-05-21 03:34:00,16.135,31.23,0
7298,118,2025-04-10 04:50:00,21.531,6.17,0
7299,210,2025-05-09 07:42:00,12.13,52.27,0
7300,586,2025-02-13 02:12:00,13.316,37.87,0
7301,6,2025-04-02 19:11:00,18.755,56.79,0
7302,563,2025-05-26 19:54:00,16.323,86.33,0
7303,464,2025-06-24 01:50:00,11.066,28.59,0
7304,527,2025-02-04 14:20:00,18.515,4.08,0
7305,688,2025-01-07 12:26:00,11.741,28.5,0
7306,472,2025-04-17 20:10:00,15.824,14.0,0
7307,497,2025-01-10 19:29:00,19.987,110.11,0
7308,384,2025-05-03 20:25:00,11.851,26.02,0
7309,521,2025-03-18 22:12:00,18.656,68.61,0
7310,304,2025-05-25 02:21:00,20.059,112.64,0
7311,53,2025-01-29 09:54:00,12.44,19.24,0
7312,20,2025-01-09 06:36:00,10.753,37.18,0
7313,571,2025-02-08 23:18:00,20.121,36.12,0
7314,509,2025-01-12 09:24:00,14.53,204.46,0
7315,327,2025-01-28 00:21:00,12.359,96.37,0
7316,597,2025-05-17 08:31:00,8.145,14.94,0
7317,378,2025-05-05 15:02:00,10.716,21.47,0
7318,203,2025-04-22 22:52:00,15.178,24.15,0
7319,468,2025-03-17 19:52:00,19.606,18.27,0
7320,302,2025-02-10 05:28:00,15.032,27.17,0
7321,780,2025-05-31 03:38:00,11.871,22.91,0
7322,576,2025-06-07 17:53:00,21.008,36.03,0
7323,598,2025-02-15 01:39:00,13.169,31.92,0
7324,550,2025-06-11 08:51:00,10.28,88.09,0
7325,547,2025-04-23 05:12:00,21.235,19.03,0
7326,618,2025-03-04 05:33:00,13.55,9.21,0
7327,345,2025-02-08 10:04:00,14.754,23.59,0
7328,657,2025-04-17 07:36:00,19.618,21.43,0
7329,27,2025-01-03 14:34:00,12.028,113.75,0
7330,533,2025-02-26 22:43:00,15.402,68.83,0
7331,430,2025-05-05 00:07:00,20.128,98.85,0
7332,6,2025-03-31 10:06:00,11.586,75.6,0
7333,528,2025-01-27 04:38:00,20.52,7.22,0
7334,1,2025-01-29 15:45:00,10.681,17.7,0
7335,563,2025-05-05 21:15:00,19.962,10.55,0
7336,419,2025-05-31 17:12:00,13.509,122.61,0
7337,486,2025-05-05 07:42:00,15.674,68.54,0
7338,487,2025-01-29 06:45:00,15.72,48.13,0
7339,240,2025-05-01 06:22:00,10.869,22.21,0
7340,497,2025-02-19 19:40:00,10.422,24.31,0
7341,176,2025-04-17 13:15:00,17.96,17.59,0
7342,606,2025-04-17 07:02:00,19.556,58.86,0
7343,72,2025-06-09 06:51:00,9.917,38.03,0
7344,113,2025-05-29 12:52:00,18.522,60.97,0
7345,562,2025-01-14 14:45:00,12.577,48.92,0
7346,46,2025-01-01 00:04:00,16.322,67.75,0
7347,776,2025-06-17 17:27:00,15.485,52.91,0
7348,24,2025-02-25 00:43:00,18.407,84.52,0
7349,420,2025-01-12 20:59:00,15.587,63.25,0
7350,787,2025-02-04 10:06:00,9.308,23.2,0
7351,538,2025-03-31 03:47:00,11.909,51.77,0
7352,505,2025-06-09 22:52:00,13.571,44.83,0
7353,554,2025-06-16 04:21:00,16.008,30.05,0
7354,564,2025-04-29 04:00:00,10.373,34.52,0
7355,129,2025-02-18 09:46:00,12.724,78.32,0
7356,246,2025-05-09 05:43:00,8.885,53.95,0
7357,153,2025-05-31 19:44:00,12.516,73.69,0
7358,169,2025-03-15 21:41:00,15.171,36.14,0
7359,166,2025-04-17 18:34:00,21.11,87.81,0
7360,510,2025-03-30 01:04:00,10.488,64.98,0
7361,746,2025-06-05 00:19:00,8.387,18.36,0
7362,447,2025-04-21 05:51:00,13.281,26.28,0
7363,12,2025-01-09 17:48:00,16.506,17.74,0
7364,553,2025-06-06 21:01:00,16.507,14.76,0
7365,432,2025-04-11 01:39:00,12.838,298.59,0
7366,621,2025-03-19 13:02:00,8.527,132.93,0
7367,301,2025-02-03 22:58:00,20.865,88.22,0
7368,342,2025-05-06 17:39:00,15.025,50.13,0
7369,527,2025-01-04 06:03:00,18.871,22.69,0
7370,566,2025-02-01 05:39:00,13.557,14.42,0
7371,176,2025-05-05 00:16:00,19.64,29.59,0
7372,469,2025-02-19 00:55:00,18.986,19.67,0
7373,768,2025-05-15 22:38:00,9.334,61.96,0
7374,51,2025-02-17 04:33:00,8.718,39.53,0
7375,264,2025-05-13 12:47:00,10.093,69.43,0
7376,426,2025-05-03 05:55:00,19.52,42.49,0
7377,740,2025-05-11 20:32:00,11.773,9.05,0
7378,774,2025-05-13 00:51:00,13.541,30.49,0
7379,471,2025-05-24 23:44:00,16.097,47.72,0
7380,437,2025-03-08 05:02:00,17.126,43.61,0
7381,331,2025-03-26 12:37:00,13.969,22.46,0
7382,356,2025-01-13 14:25:00,14.288,23.65,0
7383,587,2025-03-04 13:31:00,12.594,20.56,0
7384,435,2025-03-24 18:00:00,9.316,9.2,0
7385,442,2025-05-19 18:33:00,10.076,34.2,0
7386,675,2025-06-12 12:25:00,20.459,65.28,0
7387,110,2025-04-30 23:06:00,21.648,23.92,0
7388,766,2025-01-24 01:17:00,19.556,12.96,0
7389,563,2025-02-06 00:01:00,12.281,77.54,0
7390,469,2025-04-07 00:12:00,10.497,104.12,0
7391,463,2025-03-20 08:27:00,2.048,24.61,1
7392,461,2025-06-17 12:49:00,9.325,16.53,0
7393,452,2025-02-02 18:59:00,20.809,31.17,0
7394,280,2025-04-13 18:43:00,18.752,43.82,0
7395,590,2025-05-21 04:51:00,21.631,24.43,0
7396,202,2025-03-20 18:24:00,19.983,9.97,0
7397,522,2025-02-14 11:36:00,13.723,75.48,0
7398,421,2025-01-24 09:52:00,12.399,42.48,0
7399,292,2025-04-23 02:02:00,19.679,120.83,0
7400,643,2025-04-24 13:48:00,16.231,36.21,0
7401,254,2025-05-13 08:47:00,20.302,113.66,0
7402,527,2025-05-31 18:03:00,12.553,29.2,0
7403,200,2025-06-28 11:43:00,15.651,21.58,0
7404,160,2025-02-03 17:49:00,14.473,23.46,0
7405,452,2025-03-19 23:10:00,10.565,150.62,1
7406,780,2025-02-28 07:35:00,15.575,30.12,0
7407,239,2025-06-07 01:01:00,9.168,124.04,0
7408,91,2025-01-22 05:27:00,13.25,24.2,0
7409,96,2025-04-30 14:00:00,15.468,11.56,0
7410,393,2025-02-26 17:05:00,10.033,61.22,0
7411,626,2025-01-02 12:29:00,18.551,20.95,0
7412,569,2025-04-18 13:14:00,10.671,44.62,0
7413,167,2025-03-12 10:19:00,18.2,41.11,0
7414,667,2025-05-05 07:41:00,8.335,40.62,0
7415,131,2025-03-12 22:35:00,17.644,130.87,0
7416,447,2025-02-04 05:29:00,13.606,42.83,0
7417,679,2025-01-22 12:46:00,19.062,38.51,0
7418,646,2025-02-02 13:25:00,15.868,26.35,0
7419,561,2025-03-20 16:13:00,13.321,53.82,0
7420,264,2025-02-18 08:55:00,17.293,50.01,0
7421,612,2025-01-21 23:06:00,13.431,25.39,0
7422,309,2025-02-27 00:53:00,12.987,74.37,0
7423,280,2025-05-31 08:51:00,13.959,29.71,0
7424,426,2025-06-01 03:44:00,17.946,55.67,0
7425,493,2025-03-07 03:23:00,16.609,12.11,0
7426,167,2025-04-04 21:51:00,20.831,72.69,0
7427,745,2025-02-02 23:05:00,8.005,19.71,0
7428,693,2025-03-16 03:47:00,10.253,60.08,0
7429,226,2025-04-19 07:52:00,14.916,97.52,0
7430,193,2025-01-04 10:09:00,17.375,48.59,0
7431,55,2025-06-04 08:45:00,9.255,88.01,0
7432,324,2025-06-12 19:28:00,12.119,14.77,0
7433,136,2025-06-18 06:53:00,21.84,32.76,0
7434,351,2025-02-08 00:21:00,12.587,20.85,1
7435,717,2025-06-10 23:18:00,13.322,20.63,0
7436,662,2025-01-21 11:47:00,11.343,9.9,0
7437,225,2025-06-08 18:28:00,8.244,37.33,0
7438,552,2025-01-25 10:06:00,11.996,74.29,0
7439,393,2025-03-04 15:34:00,10.255,96.39,0
7440,218,2025-06-20 17:59:00,13.334,15.03,0
7441,427,2025-04-01 23:25:00,11.254,23.84,0
7442,132,2025-02-08 23:47:00,13.654,19.35,0
7443,768,2025-03-08 20:03:00,11.772,18.32,0
7444,131,2025-03-01 10:35:00,20.819,27.61,0
7445,241,2025-06-16 00:10:00,12.079,35.56,0
7446,177,2025-03-16 05:07:00,10.641,27.75,0
7447,417,2025-01-17 17:00:00,18.668,11.49,0
7448,537,2025-01-30 19:48:00,19.364,75.99,0
7449,766,2025-04-10 18:39:00,15.882,40.36,0
7450,310,2025-01-03 11:01:00,12.828,47.95,0
7451,161,2025-02-14 10:37:00,19.679,50.22,0
7452,17,2025-04-19 17:36:00,17.378,57.31,0
7453,478,2025-06-03 01:37:00,13.334,39.57,0
7454,783,2025-01-18 08:39:00,13.483,17.97,0
7455,50,2025-03-03 01:25:00,8.034,117.63,0
7456,796,2025-03-12 07:13:00,8.809,58.33,0
7457,210,2025-06-05 11:06:00,9.887,17.07,0
7458,726,2025-05-22 13:22:00,11.462,17.26,0
7459,55,2025-06-17 01:08:00,20.965,171.96,0
7460,713,2025-04-22 18:02:00,19.503,30.73,0
7461,264,2025-01-31 22:54:00,8.571,20.35,0
7462,219,2025-06-18 22:45:00,8.209,22.9,0
7463,165,2025-05-16 18:22:00,16.204,50.21,0
7464,106,2025-04-29 23:01:00,13.271,23.92,0
7465,638,2025-03-04 23:54:00,0.877,38.94,1
7466,55,2025-05-24 03:20:00,21.62,222.03,0
7467,370,2025-03-14 14:09:00,14.92,9.96,0
7468,758,2025-02-28 08:01:00,10.484,25.29,0
7469,324,2025-02-19 09:19:00,20.499,36.76,0
7470,661,2025-04-29 19:09:00,13.911,8.53,0
7471,553,2025-04-21 23:59:00,13.84,52.93,0
7472,636,2025-02-10 21:30:00,17.855,71.63,0
7473,757,2025-03-03 18:28:00,13.179,11.53,0
7474,78,2025-02-10 21:41:00,11.288,32.79,0
7475,241,2025-05-14 07:27:00,18.384,40.52,0
7476,257,2025-03-03 18:57:00,10.602,55.43,0
7477,53,2025-05-21 03:05:00,8.55,296.04,0
7478,84,2025-02-11 18:05:00,14.967,19.34,0
7479,87,2025-03-13 02:58:00,8.475,53.8,0
7480,759,2025-01-05 17:36:00,19.073,31.61,0
7481,685,2025-01-01 20:29:00,21.684,27.57,0
7482,470,2025-01-06 04:18:00,21.281,35.46,0
7483,676,2025-01-12 21:28:00,10.085,48.62,0
7484,275,2025-06-17 00:28:00,21.048,35.27,0
7485,380,2025-02-19 06:52:00,9.566,43.63,0
7486,706,2025-04-06 17:15:00,12.962,32.82,0
7487,81,2025-06-21 16:43:00,9.181,16.54,1
7488,117,2025-03-29 16:50:00,19.517,67.75,0
7489,421,2025-03-12 21:15:00,11.132,79.58,0
7490,202,2025-05-12 05:10:00,17.309,76.73,0
7491,534,2025-05-14 23:05:00,18.678,60.03,0
7492,508,2025-01-19 03:19:00,13.331,18.81,0
7493,265,2025-06-18 11:51:00,19.05,16.32,0
7494,92,2025-01-23 03:37:00,12.558,72.83,0
7495,66,2025-03-03 12:03:00,10.075,13.36,0
7496,354,2025-06-21 13:43:00,14.438,20.23,0
7497,257,2025-04-12 00:46:00,17.944,194.85,0
7498,27,2025-04-13 07:05:00,8.556,52.54,0
7499,552,2025-06-03 10:01:00,19.287,39.76,0
7500,765,2025-03-22 18:11:00,11.579,7.96,0
7501,782,2025-04-21 15:55:00,17.537,20.46,0
7502,94,2025-04-09 04:23:00,9.597,68.32,0
7503,152,2025-01-21 04:47:00,13.452,10.68,0
7504,345,2025-02-24 19:21:00,14.511,48.3,0
7505,731,2025-05-19 12:34:00,14.558,11.58,0
7506,459,2025-03-01 03:47:00,11.825,21.25,0
7507,365,2025-06-12 17:40:00,15.409,9.94,0
7508,740,2025-06-22 16:07:00,11.883,37.77,0
7509,530,2025-05-19 09:06:00,10.331,8.98,0
7510,787,2025-01-01 03:25:00,9.867,32.73,0
7511,690,2025-05-16 10:58:00,20.526,58.34,0
7512,798,2025-06-26 15:03:00,9.829,41.07,0
7513,445,2025-05-17 00:36:00,13.533,50.76,0
7514,299,2025-04-25 18:02:00,11.527,41.93,0
7515,49,2025-04-21 06:10:00,16.625,32.54,0
7516,583,2025-03-31 04:08:00,12.841,33.13,0
7517,212,2025-02-14 14:32:00,12.008,44.25,0
7518,8,2025-03-27 23:43:00,21.566,14.61,0
7519,494,2025-06-13 22:49:00,21.954,25.5,1
7520,339,2025-01-16 09:42:00,9.857,178.14,0
7521,442,2025-01-24 04:52:00,17.699,51.58,0
7522,627,2025-06-07 11:32:00,20.458,95.08,0
7523,263,2025-05-29 21:55:00,21.592,45.95,0
7524,653,2025-04-02 21:23:00,12.173,19.49,0
7525,466,2025-03-06 16:29:00,18.982,27.43,0
7526,454,2025-01-20 23:04:00,12.588,8.68,0
7527,214,2025-05-02 06:54:00,16.702,105.1,0
7528,631,2025-04-08 01:08:00,15.181,71.64,0
7529,192,2025-05-25 22:01:00,17.905,17.93,0
7530,495,2025-03-07 06:38:00,20.778,64.51,0
7531,662,2025-05-24 17:54:00,9.579,60.04,0
7532,93,2025-06-21 19:53:00,11.12,37.23,0
7533,320,2025-01-30 00:08:00,16.201,51.23,0
7534,542,2025-05-18 16:06:00,13.001,55.22,0
7535,219,2025-04-20 23:09:00,15.81,47.61,0
7536,22,2025-03-15 09:45:00,18.959,39.5,0
7537,327,2025-02-08 14:54:00,17.793,37.49,0
7538,397,2025-01-28 20:57:00,18.732,22.23,0
7539,736,2025-01-21 04:17:00,10.257,72.39,0
7540,645,2025-02-17 21:24:00,8.425,170.8,0
7541,144,2025-04-03 10:35:00,20.204,14.29,0
7542,221,2025-04-07 20:53:00,14.321,35.98,0
7543,148,2025-06-27 18:07:00,16.899,20.75,0
7544,728,2025-05-14 10:24:00,9.021,54.36,0
7545,283,2025-06-26 16:47:00,17.908,49.23,0
7546,712,2025-05-16 16:34:00,9.423,38.98,0
7547,48,2025-04-14 05:05:00,19.023,21.81,0
7548,447,2025-05-27 23:23:00,8.85,23.97,0
7549,498,2025-05-19 23:47:00,9.165,19.05,1
7550,443,2025-05-26 09:17:00,12.806,8.83,0
7551,8,2025-02-14 22:36:00,10.968,93.57,0
7552,125,2025-05-11 08:27:00,21.782,59.76,0
7553,116,2025-02-10 09:14:00,14.318,98.26,0
7554,567,2025-02-27 04:27:00,14.564,26.48,0
7555,512,2025-05-08 04:10:00,8.651,51.8,0
7556,446,2025-04-01 22:34:00,14.879,17.77,0
7557,157,2025-05-22 11:31:00,8.895,22.19,0
7558,212,2025-05-10 16:47:00,16.794,180.34,0
7559,302,2025-05-14 12:44:00,21.742,25.97,0
7560,783,2025-01-27 14:25:00,12.614,74.68,0
7561,564,2025-01-19 19:28:00,19.313,42.79,0
7562,25,2025-02-14 16:48:00,21.517,11.47,0
7563,25,2025-03-06 03:05:00,21.552,31.43,0
7564,278,2025-05-28 14:03:00,18.443,47.35,0
7565,167,2025-01-08 22:51:00,20.18,61.75,0
7566,325,2025-04-08 06:06:00,12.92,8.38,0
7567,796,2025-05-22 12:13:00,16.174,16.17,0
7568,156,2025-03-07 08:58:00,17.28,44.87,0
7569,477,2025-02-26 02:44:00,11.043,16.49,0
7570,386,2025-02-06 19:19:00,12.388,92.8,0
7571,527,2025-03-19 08:27:00,13.06,33.3,0
7572,437,2025-04-21 20:14:00,8.92,51.65,0
7573,412,2025-04-15 04:47:00,14.392,98.69,0
7574,220,2025-06-03 01:27:00,18.967,392.25,1
7575,772,2025-01-01 02:23:00,17.097,50.67,0
7576,213,2025-02-22 16:13:00,16.752,38.98,0
7577,115,2025-03-05 17:47:00,16.483,39.94,0
7578,76,2025-03-12 10:49:00,0.102,29.26,1
7579,53,2025-05-11 21:51:00,8.046,39.76,0
7580,282,2025-01-19 04:08:00,10.368,3.37,0
7581,652,2025-02-21 11:48:00,20.786,94.7,0
7582,123,2025-01-10 20:10:00,20.0,12.02,0
7583,3,2025-04-13 16:27:00,16.075,144.74,0
7584,423,2025-06-23 13:18:00,13.396,16.38,0
7585,449,2025-06-25 21:22:00,21.491,15.82,0
7586,450,2025-01-09 15:15:00,8.924,48.4,0
7587,1,2025-01-22 06:26:00,9.36,43.49,0
7588,162,2025-04-13 18:26:00,16.694,50.2,0
7589,278,2025-02-18 06:48:00,15.665,46.75,0
7590,591,2025-02-11 14:42:00,21.738,31.28,0
7591,520,2025-05-04 02:44:00,19.236,26.08,0
7592,651,2025-02-25 08:19:00,21.135,55.77,0
7593,437,2025-04-18 16:59:00,18.104,20.13,0
7594,322,2025-01-08 00:03:00,20.976,38.5,0
7595,447,2025-06-26 00:58:00,17.615,9.02,0
7596,307,2025-01-16 05:01:00,15.359,42.89,0
7597,125,2025-01-07 05:29:00,16.12,37.87,0
7598,460,2025-03-17 04:39:00,20.617,33.87,0
7599,235,2025-06-08 00:56:00,9.465,137.04,0
7600,211,2025-04-25 21:30:00,15.915,115.73,0
7601,568,2025-03-29 22:30:00,13.492,72.74,0
7602,52,2025-02-19 20:13:00,17.281,71.47,0
7603,18,2025-02-10 20:12:00,16.453,38.09,0
7604,284,2025-04-28 13:27:00,13.595,44.76,0
7605,476,2025-04-01 14:32:00,17.65,49.48,0
7606,671,2025-04-21 07:35:00,15.504,56.68,0
7607,413,2025-03-16 04:41:00,10.625,37.06,0
7608,206,2025-02-24 02:49:00,16.933,54.0,0
7609,275,2025-02-02 06:43:00,8.374,36.86,0
7610,302,2025-02-22 14:22:00,19.522,49.04,0
7611,267,2025-02-09 11:47:00,20.691,72.93,0
7612,534,2025-03-29 19:26:00,9.091,20.71,0
7613,639,2025-02-21 20:46:00,11.595,38.91,0
7614,567,2025-05-24 05:12:00,9.775,37.19,0
7615,305,2025-04-10 09:29:00,18.806,15.5,0
7616,230,2025-02-25 00:57:00,8.995,106.51,0
7617,63,2025-01-15 22:59:00,15.576,18.08,0
7618,638,2025-01-22 23:10:00,13.435,110.11,0
7619,769,2025-01-16 23:48:00,18.512,11.96,0
7620,43,2025-02-27 21:44:00,16.948,10.57,0
7621,104,2025-03-01 17:08:00,15.619,26.75,0
7622,171,2025-01-09 20:34:00,15.049,48.11,0
7623,637,2025-05-08 07:29:00,18.85,47.9,0
7624,173,2025-04-06 04:17:00,14.681,98.47,0
7625,11,2025-06-26 02:16:00,13.877,18.9,0
7626,268,2025-06-09 17:51:00,8.354,73.42,0
7627,291,2025-01-03 03:51:00,11.76,9.29,0
7628,316,2025-05-06 23:36:00,13.178,16.15,0
7629,412,2025-06-25 00:30:00,16.103,28.35,0
7630,193,2025-05-25 06:02:00,17.425,14.51,0
7631,23,2025-05-04 11:41:00,21.478,54.22,0
7632,85,2025-01-26 01:28:00,11.874,20.79,0
7633,587,2025-06-12 04:15:00,15.622,78.09,0
7634,527,2025-05-28 22:40:00,18.585,70.12,0
7635,515,2025-04-07 12:58:00,12.347,20.39,1
7636,752,2025-06-15 20:55:00,15.679,26.41,0
7637,432,2025-03-25 07:53:00,13.86,32.59,0
7638,637,2025-04-06 22:24:00,13.561,103.42,0
7639,633,2025-05-22 07:53:00,8.878,16.47,0
7640,240,2025-05-10 15:15:00,8.339,5.24,0
7641,472,2025-04-10 04:47:00,12.135,24.94,0
7642,474,2025-05-21 23:16:00,20.772,16.77,0
7643,364,2025-06-11 12:37:00,10.699,10.28,0
7644,508,2025-04-27 18:28:00,8.882,33.98,0
7645,268,2025-06-10 18:01:00,16.683,13.69,0
7646,78,2025-03-15 23:30:00,21.42,45.86,0
7647,36,2025-04-06 11:34:00,8.8,13.37,0
7648,357,2025-04-27 17:53:00,18.436,371.65,0
7649,730,2025-04-14 06:39:00,9.519,81.67,0
7650,171,2025-02-02 03:41:00,9.895,19.47,0
7651,473,2025-03-24 03:06:00,21.105,18.89,0
7652,131,2025-01-25 05:44:00,17.817,30.06,0
7653,505,2025-05-05 02:14:00,15.83,63.07,0
7654,147,2025-05-24 18:51:00,10.305,24.46,0
7655,352,2025-05-03 19:46:00,15.827,13.82,0
7656,646,2025-06-05 16:42:00,8.872,10.96,0
7657,298,2025-04-28 02:33:00,13.522,34.48,0
7658,747,2025-03-10 06:18:00,17.862,19.6,0
7659,37,2025-01-12 05:21:00,15.957,43.9,0
7660,67,2025-01-06 23:15:00,17.452,6.39,0
7661,135,2025-06-23 10:40:00,9.622,51.08,0
7662,195,2025-05-21 05:27:00,18.62,27.07,0
7663,340,2025-03-02 09:48:00,21.388,8.6,0
7664,731,2025-06-21 23:53:00,20.705,46.76,0
7665,193,2025-02-14 07:39:00,9.231,52.15,0
7666,285,2025-05-19 23:47:00,9.38,18.36,0
7667,35,2025-02-07 23:44:00,15.187,58.7,0
7668,571,2025-05-08 18:41:00,15.337,11.73,0
7669,436,2025-01-13 11:18:00,20.0,5.58,0
7670,36,2025-05-03 22:04:00,13.164,30.55,0
7671,371,2025-03-24 06:24:00,15.203,17.22,0
7672,174,2025-04-15 19:43:00,10.852,12.92,0
7673,337,2025-01-08 11:34:00,21.252,55.25,0
7674,227,2025-03-08 12:51:00,9.693,41.56,0
7675,627,2025-01-29 23:06:00,20.657,130.0,0
7676,45,2025-04-21 23:04:00,20.47,48.86,0
7677,479,2025-01-01 22:47:00,8.707,54.46,0
7678,634,2025-06-12 21:10:00,18.856,17.4,0
7679,1,2025-02-01 10:37:00,12.725,6.32,0
7680,723,2025-04-04 21:32:00,11.146,170.32,0
7681,609,2025-06-29 03:27:00,13.634,51.91,0
7682,223,2025-03-15 18:36:00,20.935,126.27,0
7683,386,2025-04-08 11:04:00,13.585,13.6,0
7684,544,2025-06-22 18:14:00,11.398,78.3,0
7685,413,2025-01-13 02:04:00,15.344,44.1,0
7686,605,2025-04-12 05:28:00,13.735,81.88,0
7687,711,2025-04-12 13:06:00,8.266,55.68,0
7688,286,2025-05-11 06:12:00,10.608,29.14,0
7689,87,2025-04-19 03:25:00,8.241,43.82,0
7690,345,2025-03-28 10:36:00,15.311,26.39,0
7691,479,2025-04-09 14:10:00,16.979,68.38,0
7692,620,2025-02-21 06:31:00,18.057,18.52,0
7693,225,2025-03-02 11:28:00,10.911,19.95,0
7694,742,2025-06-20 23:01:00,19.27,30.78,0
7695,29,2025-04-29 07:16:00,13.755,57.25,0
7696,464,2025-05-03 19:57:00,8.689,36.52,0
7697,349,2025-01-26 16:04:00,20.988,26.94,0
7698,555,2025-03-11 14:19:00,17.708,81.48,0
7699,226,2025-02-09 12:30:00,15.876,56.05,0
7700,745,2025-06-20 16:53:00,8.563,24.24,0
7701,1,2025-06-29 01:11:00,8.196,15.2,0
7702,652,2025-03-02 07:28:00,15.908,30.41,0
7703,394,2025-03-16 19:20:00,20.303,21.25,0
7704,412,2025-05-04 07:21:00,17.064,18.87,0
7705,248,2025-01-27 14:27:00,8.078,63.75,0
7706,313,2025-04-12 00:44:00,16.932,86.24,0
7707,347,2025-02-09 01:32:00,12.881,33.38,0
7708,248,2025-04-05 23:30:00,9.708,34.84,0
7709,9,2025-05-11 08:15:00,19.362,19.37,0
7710,320,2025-05-14 02:10:00,16.07,14.95,0
7711,321,2025-01-21 22:12:00,18.139,66.15,0
7712,577,2025-02-22 03:14:00,10.311,12.67,0
7713,376,2025-03-05 17:11:00,9.626,21.32,0
7714,439,2025-05-11 14:08:00,15.203,20.78,0
7715,372,2025-03-01 02:40:00,15.39,49.14,0
7716,339,2025-03-25 09:38:00,16.149,29.89,0
7717,573,2025-02-11 00:52:00,18.419,22.19,0
7718,540,2025-03-04 02:01:00,17.29,103.83,0
7719,793,2025-03-27 19:56:00,17.468,128.96,0
7720,397,2025-02-07 20:36:00,10.45,47.8,0
7721,22,2025-01-20 19:45:00,13.854,39.26,0
7722,468,2025-01-26 15:00:00,16.4,23.4,0
7723,316,2025-03-24 04:22:00,15.261,34.49,0
7724,76,2025-01-30 11:49:00,12.259,13.35,0
7725,685,2025-01-06 20:55:00,21.22,77.2,0
7726,506,2025-05-31 01:54:00,9.963,31.5,0
7727,500,2025-06-24 15:52:00,21.645,20.19,0
7728,509,2025-04-03 00:15:00,18.949,26.85,0
7729,786,2025-04-19 21:03:00,16.346,61.58,0
7730,550,2025-01-30 23:42:00,9.785,28.51,0
7731,570,2025-01-14 12:18:00,15.895,18.64,0
7732,600,2025-01-15 08:08:00,9.231,6.58,0
7733,579,2025-02-04 07:55:00,21.047,32.88,0
7734,563,2025-01-21 01:24:00,11.998,47.27,0
7735,60,2025-05-13 13:27:00,13.593,23.64,0
7736,321,2025-05-19 16:12:00,16.915,18.54,0
7737,220,2025-05-12 16:49:00,8.262,14.23,0
7738,712,2025-02-21 17:41:00,15.587,25.91,0
7739,467,2025-03-07 16:43:00,18.008,14.35,0
7740,412,2025-03-06 13:13:00,10.902,14.28,0
7741,417,2025-01-27 17:14:00,10.156,23.86,0
7742,545,2025-03-27 02:39:00,14.827,157.96,0
7743,610,2025-04-07 11:12:00,15.512,226.66,0
7744,161,2025-02-06 19:48:00,14.147,89.79,0
7745,794,2025-02-19 18:02:00,12.138,58.6,0
7746,609,2025-03-26 16:19:00,13.738,7.43,0
7747,165,2025-01-18 10:12:00,12.372,297.77,0
7748,484,2025-04-17 00:34:00,11.495,47.89,0
7749,342,2025-03-04 06:42:00,14.61,14.52,0
7750,301,2025-05-08 18:19:00,13.539,300.19,0
7751,693,2025-05-16 04:22:00,14.095,32.35,0
7752,228,2025-03-08 17:32:00,8.003,68.22,0
7753,670,2025-03-05 17:53:00,17.698,27.21,0
7754,509,2025-04-06 00:45:00,8.656,55.12,0
7755,653,2025-01-08 08:10:00,10.894,60.6,0
7756,596,2025-02-04 14:55:00,19.248,69.65,0
7757,496,2025-01-22 16:06:00,21.778,97.72,0
7758,152,2025-02-21 02:42:00,21.881,39.63,0
7759,794,2025-04-18 08:12:00,16.291,41.4,0
7760,513,2025-02-14 01:08:00,11.632,33.68,0
7761,286,2025-04-04 23:42:00,19.688,15.18,0
7762,205,2025-05-05 13:34:00,17.105,16.97,0
7763,93,2025-05-02 11:24:00,21.807,27.35,0
7764,252,2025-04-06 13:58:00,15.687,96.08,0
7765,106,2025-04-13 21:57:00,15.366,411.02,1
7766,710,2025-03-21 13:36:00,8.613,32.49,0
7767,348,2025-03-31 12:01:00,10.722,28.34,0
7768,500,2025-05-24 02:25:00,17.337,13.76,0
7769,643,2025-03-27 12:31:00,21.913,17.05,0
7770,769,2025-03-05 07:50:00,14.659,39.62,0
7771,362,2025-06-23 01:50:00,8.407,35.23,0
7772,41,2025-06-15 01:19:00,13.593,65.23,0
7773,489,2025-06-05 05:05:00,9.768,29.43,0
7774,757,2025-05-28 17:35:00,21.436,55.11,0
7775,286,2025-03-10 22:02:00,9.978,10.28,0
7776,81,2025-06-22 17:07:00,9.65,16.38,0
7777,571,2025-04-28 14:59:00,14.409,43.22,0
7778,496,2025-06-10 08:18:00,15.587,35.46,0
7779,122,2025-01-04 16:16:00,18.042,63.15,0
7780,2,2025-01-20 05:44:00,13.152,89.64,0
7781,416,2025-01-04 18:30:00,20.558,92.98,0
7782,118,2025-06-29 11:43:00,16.38,124.48,0
7783,148,2025-02-27 08:13:00,8.662,150.21,0
7784,247,2025-01-08 01:09:00,8.478,26.32,0
7785,374,2025-05-16 20:35:00,14.563,220.31,0
7786,654,2025-05-23 11:32:00,14.152,353.12,0
7787,344,2025-06-16 13:58:00,14.333,12.35,0
7788,669,2025-04-15 04:56:00,8.801,21.85,0
7789,483,2025-05-03 22:27:00,8.746,46.69,0
7790,314,2025-04-22 05:09:00,8.851,42.14,0
7791,407,2025-05-08 03:36:00,18.275,9.08,0
7792,112,2025-04-04 02:15:00,16.42,16.37,0
7793,780,2025-01-06 18:45:00,9.91,41.63,0
7794,241,2025-01-31 02:52:00,14.034,29.41,0
7795,720,2025-06-17 10:17:00,21.201,57.52,0
7796,516,2025-01-09 16:55:00,8.968,167.33,0
7797,235,2025-01-16 14:56:00,10.648,12.93,0
7798,389,2025-05-25 01:57:00,13.455,222.89,0
7799,96,2025-06-20 10:38:00,11.303,157.64,0
7800,492,2025-03-22 09:54:00,10.219,8.8,0
7801,51,2025-01-26 12:10:00,21.627,13.47,0
7802,511,2025-04-16 22:04:00,18.73,25.34,0
7803,158,2025-01-07 00:13:00,18.208,16.32,0
7804,102,2025-03-06 20:50:00,21.052,55.75,0
7805,177,2025-04-12 10:47:00,10.619,58.17,0
7806,71,2025-06-08 11:20:00,20.456,39.2,0
7807,710,2025-01-21 10:57:00,21.757,47.21,0
7808,748,2025-04-20 04:51:00,16.208,31.45,0
7809,739,2025-01-06 04:28:00,20.645,48.07,0
7810,574,2025-03-25 17:54:00,19.426,161.68,0
7811,184,2025-05-01 05:00:00,12.45,5.19,0
7812,607,2025-01-07 11:35:00,12.653,35.51,0
7813,606,2025-05-13 21:16:00,17.461,50.76,0
7814,189,2025-06-27 09:29:00,15.73,32.34,0
7815,668,2025-02-22 17:30:00,13.389,44.95,0
7816,797,2025-05-17 06:34:00,8.659,91.32,0
7817,302,2025-04-07 00:45:00,8.321,23.16,0
7818,470,2025-06-15 06:21:00,9.372,204.9,0
7819,697,2025-04-16 11:42:00,13.658,10.67,0
7820,209,2025-05-25 13:07:00,8.384,57.5,0
7821,790,2025-01-29 22:51:00,10.074,34.62,0
7822,242,2025-02-16 00:04:00,21.553,43.09,0
7823,774,2025-03-21 05:04:00,14.308,64.36,0
7824,187,2025-06-12 15:35:00,21.066,21.35,0
7825,593,2025-04-25 15:42:00,10.659,84.54,0
7826,420,2025-02-08 03:58:00,13.019,169.93,0
7827,297,2025-06-09 10:11:00,17.397,27.75,0
7828,351,2025-04-22 08:39:00,21.858,23.13,0
7829,181,2025-03-17 09:29:00,17.798,96.32,0
7830,537,2025-03-11 03:54:00,20.631,76.81,0
7831,794,2025-05-06 21:07:00,8.688,10.0,0
7832,468,2025-06-08 15:08:00,12.254,54.46,0
7833,220,2025-04-01 07:15:00,20.359,65.08,0
7834,535,2025-06-01 22:11:00,15.325,33.5,0
7835,350,2025-05-08 06:36:00,10.378,116.26,0
7836,736,2025-01-14 07:15:00,10.377,9.7,0
7837,211,2025-05-23 00:24:00,18.621,6.27,0
7838,414,2025-04-11 21:23:00,10.211,82.05,0
7839,396,2025-04-06 11:58:00,14.967,18.26,0
7840,708,2025-04-21 07:26:00,10.538,34.04,0
7841,88,2025-01-11 23:57:00,10.916,14.14,0
7842,494,2025-06-13 08:09:00,13.562,69.21,0
7843,647,2025-06-07 13:44:00,9.653,45.97,0
7844,289,2025-06-29 17:17:00,17.231,31.48,0
7845,404,2025-04-19 04:17:00,10.326,13.03,0
7846,235,2025-02-13 02:40:00,18.528,30.79,0
7847,335,2025-04-19 02:46:00,15.298,45.71,0
7848,760,2025-02-20 17:39:00,12.851,22.87,0
7849,290,2025-04-02 16:53:00,16.599,23.51,0
7850,161,2025-05-25 05:37:00,13.707,35.29,0
7851,463,2025-02-01 07:33:00,9.155,60.0,0
7852,375,2025-03-23 20:48:00,12.327,49.13,0
7853,623,2025-03-29 12:16:00,15.345,89.68,0
7854,29,2025-06-17 07:47:00,9.459,32.58,0
7855,722,2025-04-07 15:04:00,18.253,78.7,0
7856,561,2025-03-03 08:53:00,12.99,13.77,0
7857,673,2025-03-11 01:52:00,10.867,48.13,0
7858,325,2025-02-24 14:12:00,8.113,46.13,0
7859,356,2025-01-27 20:07:00,9.189,230.77,0
7860,267,2025-05-08 20:41:00,11.322,20.48,0
7861,667,2025-05-18 04:51:00,13.138,13.39,0
7862,56,2025-02-05 18:26:00,10.146,18.9,0
7863,422,2025-03-24 04:27:00,15.63,21.11,0
7864,207,2025-05-16 12:28:00,10.722,48.58,0
7865,510,2025-05-07 02:51:00,21.365,12.77,0
7866,771,2025-01-15 09:31:00,15.907,936.02,1
7867,539,2025-01-09 10:57:00,19.153,35.97,0
7868,35,2025-01-13 19:30:00,13.906,72.74,0
7869,319,2025-04-01 18:54:00,10.868,57.44,0
7870,25,2025-06-14 11:59:00,14.294,67.89,0
7871,388,2025-01-14 06:43:00,13.772,51.85,0
7872,139,2025-05-07 04:39:00,16.731,89.08,0
7873,554,2025-05-13 00:53:00,20.749,10.62,0
7874,426,2025-06-23 10:56:00,11.321,10.92,0
7875,246,2025-04-15 13:45:00,9.352,34.43,0
7876,685,2025-06-21 21:21:00,18.014,37.44,0
7877,597,2025-03-23 06:00:00,8.005,15.43,0
7878,501,2025-02-17 17:46:00,19.124,54.79,0
7879,283,2025-06-25 02:40:00,18.19,12.33,0
7880,217,2025-04-04 20:08:00,19.561,28.25,0
7881,468,2025-02-28 16:23:00,9.269,34.5,0
7882,632,2025-04-26 18:13:00,10.852,55.31,0
7883,670,2025-03-18 02:52:00,15.723,23.39,0
7884,621,2025-05-15 13:25:00,12.582,92.56,0
7885,18,2025-05-13 18:07:00,19.842,134.22,0
7886,787,2025-01-04 09:07:00,14.417,119.79,0
7887,192,2025-04-05 12:13:00,14.013,148.65,0
7888,8,2025-06-03 20:14:00,10.587,82.12,0
7889,448,2025-04-29 12:48:00,15.868,57.25,0
7890,364,2025-05-10 15:16:00,12.843,19.22,0
7891,84,2025-06-25 17:31:00,14.307,22.29,0
7892,171,2025-03-03 21:07:00,11.798,74.77,0
7893,164,2025-05-06 05:19:00,16.524,8.42,0
7894,351,2025-01-06 07:48:00,19.733,100.91,0
7895,599,2025-01-28 03:03:00,8.288,21.55,0
7896,545,2025-05-06 14:52:00,11.233,22.83,0
7897,20,2025-02-07 16:22:00,17.483,65.11,0
7898,138,2025-05-22 16:28:00,17.893,43.8,0
7899,488,2025-06-06 13:46:00,12.12,25.02,0
7900,642,2025-06-10 22:04:00,12.007,16.89,0
7901,27,2025-01-09 15:14:00,18.455,10.53,0
7902,268,2025-02-28 13:45:00,15.817,6.2,0
7903,92,2025-04-02 15:38:00,13.445,112.83,0
7904,388,2025-01-03 20:52:00,8.776,29.43,0
7905,312,2025-06-13 01:43:00,17.142,17.19,0
7906,139,2025-06-23 18:05:00,12.101,63.85,0
7907,771,2025-05-20 17:18:00,16.079,18.76,0
7908,610,2025-02-20 00:26:00,18.113,19.06,0
7909,436,2025-01-21 19:40:00,14.486,90.66,0
7910,612,2025-05-29 18:54:00,11.546,63.34,0
7911,249,2025-05-14 06:48:00,10.998,40.52,0
7912,748,2025-06-20 05:36:00,17.869,22.47,0
7913,329,2025-03-10 18:32:00,20.482,42.19,0
7914,308,2025-01-31 07:36:00,21.72,55.69,0
7915,455,2025-06-12 05:33:00,19.246,43.03,0
7916,462,2025-01-20 09:13:00,16.438,92.47,0
7917,495,2025-04-14 02:28:00,20.101,15.71,0
7918,665,2025-03-26 20:47:00,13.455,28.47,0
7919,214,2025-04-09 18:41:00,20.351,54.65,0
7920,565,2025-03-14 10:25:00,14.023,22.14,0
7921,157,2025-01-02 13:37:00,16.335,75.01,0
7922,192,2025-04-22 22:03:00,10.379,102.47,0
7923,396,2025-02-14 22:30:00,14.961,36.7,0
7924,419,2025-01-22 02:31:00,12.781,47.54,0
7925,515,2025-03-16 07:05:00,13.131,29.62,0
7926,111,2025-02-22 07:55:00,16.375,27.69,0
7927,653,2025-05-11 07:19:00,20.346,97.71,0
7928,445,2025-03-07 04:22:00,0.776,17.93,1
7929,474,2025-04-04 14:36:00,12.885,67.81,0
7930,597,2025-03-29 07:46:00,18.274,23.6,0
7931,553,2025-06-03 10:58:00,15.667,17.8,0
7932,343,2025-01-19 12:26:00,12.876,78.39,0
7933,387,2025-01-07 04:23:00,20.713,61.1,0
7934,186,2025-06-06 01:20:00,10.258,20.75,0
7935,453,2025-02-28 02:52:00,19.272,30.59,0
7936,162,2025-05-10 03:59:00,10.971,31.68,0
7937,508,2025-04-18 13:35:00,20.494,42.24,0
7938,334,2025-05-18 10:10:00,18.099,23.66,0
7939,189,2025-04-29 13:49:00,14.509,140.41,0
7940,380,2025-02-13 23:42:00,9.082,14.42,0
7941,747,2025-04-01 10:24:00,10.522,10.41,0
7942,449,2025-02-25 02:42:00,10.309,31.87,0
7943,276,2025-03-13 19:02:00,18.662,7.14,0
7944,360,2025-04-09 02:16:00,16.708,18.8,0
7945,483,2025-01-13 21:07:00,11.047,21.09,0
7946,122,2025-01-06 14:17:00,13.147,35.43,0
7947,448,2025-05-06 07:46:00,12.331,29.89,0
7948,26,2025-01-16 22:10:00,17.135,42.27,0
7949,682,2025-06-12 16:05:00,12.625,18.75,0
7950,487,2025-04-26 15:36:00,18.76,25.86,0
7951,90,2025-05-26 14:10:00,17.73,55.61,0
7952,372,2025-03-26 20:22:00,11.396,5.7,0
7953,707,2025-05-07 05:18:00,12.534,49.01,0
7954,771,2025-02-03 11:02:00,15.692,6.29,0
7955,109,2025-04-25 03:34:00,20.71,35.3,0
7956,216,2025-02-25 22:25:00,9.561,53.05,0
7957,115,2025-05-19 23:12:00,13.02,44.77,0
7958,295,2025-03-08 02:07:00,16.388,21.31,0
7959,689,2025-05-20 19:28:00,12.544,42.99,0
7960,565,2025-06-10 22:50:00,12.054,16.47,0
7961,205,2025-01-02 05:58:00,14.047,105.74,0
7962,260,2025-01-12 06:10:00,10.697,68.06,0
7963,489,2025-03-06 09:54:00,16.448,16.38,0
7964,477,2025-04-09 10:24:00,20.296,105.3,0
7965,370,2025-06-06 05:59:00,20.751,40.9,0
7966,336,2025-03-21 02:20:00,14.6,14.18,0
7967,747,2025-06-03 03:23:00,12.108,89.07,0
7968,402,2025-05-12 07:41:00,13.354,130.35,0
7969,625,2025-05-08 19:00:00,11.197,28.52,0
7970,767,2025-06-13 18:37:00,16.38,46.91,0
7971,267,2025-02-25 15:11:00,9.886,34.63,0
7972,623,2025-05-01 13:05:00,12.454,55.64,0
7973,650,2025-05-24 14:58:00,3.106,66.1,1
7974,175,2025-06-24 07:24:00,10.874,77.03,0
7975,180,2025-02-11 16:18:00,17.4,7.98,0
7976,129,2025-05-22 15:03:00,21.898,23.12,0
7977,492,2025-02-10 08:06:00,17.456,75.76,0
7978,609,2025-06-23 04:12:00,11.418,20.02,0
7979,601,2025-04-07 10:22:00,13.707,46.21,0
7980,310,2025-06-07 12:48:00,16.791,16.81,0
7981,562,2025-04-13 20:11:00,20.143,60.2,0
7982,23,2025-01-14 13:50:00,18.0,36.07,0
7983,525,2025-03-05 05:44:00,10.035,56.74,0
7984,379,2025-04-20 14:54:00,16.455,48.01,0
7985,663,2025-04-19 16:18:00,10.76,11.37,0
7986,774,2025-04-10 00:03:00,13.241,187.03,0
7987,444,2025-05-08 15:21:00,21.507,12.29,0
7988,497,2025-04-14 21:53:00,20.489,255.61,0
7989,742,2025-02-02 10:32:00,11.595,6.22,0
7990,274,2025-01-15 02:20:00,18.2,36.96,0
7991,115,2025-02-21 22:49:00,12.613,11.35,0
7992,405,2025-01-25 19:23:00,8.11,127.48,0
7993,284,2025-05-06 23:18:00,19.902,15.55,0
7994,507,2025-06-25 21:25:00,19.515,14.58,0
7995,626,2025-06-16 21:43:00,12.118,35.97,0
7996,403,2025-04-12 22:47:00,18.809,109.9,0
7997,246,2025-06-09 04:47:00,8.441,93.85,0
7998,451,2025-04-29 09:43:00,15.557,29.29,0
7999,354,2025-01-24 08:04:00,21.742,27.08,0
8000,148,2025-04-16 13:06:00,19.039,53.12,0
8001,618,2025-04-13 13:12:00,16.058,33.41,0
8002,265,2025-04-10 00:11:00,13.121,37.33,0
8003,430,2025-05-25 00:45:00,18.295,31.25,0
8004,726,2025-06-27 12:34:00,21.656,57.04,0
8005,150,2025-02-12 17:15:00,10.69,50.2,0
8006,341,2025-01-04 02:43:00,8.693,118.21,0
8007,139,2025-04-26 18:35:00,13.282,21.03,0
8008,349,2025-01-20 21:32:00,15.236,20.87,0
8009,240,2025-03-18 23:23:00,11.433,32.5,0
8010,732,2025-06-17 19:56:00,16.632,29.77,0
8011,242,2025-04-30 06:59:00,12.282,69.8,0
8012,491,2025-06-18 18:30:00,21.747,15.05,0
8013,109,2025-01-06 18:41:00,11.715,96.68,0
8014,364,2025-05-08 04:11:00,19.242,557.1,1
8015,667,2025-02-26 07:57:00,21.505,90.05,0
8016,537,2025-01-14 09:17:00,14.994,265.17,0
8017,226,2025-02-25 07:39:00,10.79,79.56,0
8018,777,2025-06-18 00:48:00,20.465,57.7,0
8019,641,2025-03-17 08:40:00,13.633,85.45,0
8020,321,2025-06-15 04:08:00,15.618,27.66,0
8021,778,2025-01-21 14:48:00,8.687,43.2,0
8022,149,2025-04-29 02:59:00,12.873,20.44,0
8023,265,2025-03-20 14:11:00,15.783,21.51,0
8024,744,2025-02-23 21:39:00,17.702,44.79,0
8025,776,2025-04-08 11:16:00,21.316,37.79,0
8026,658,2025-04-21 13:01:00,16.169,49.43,0
8027,152,2025-01-05 19:09:00,11.8,38.97,0
8028,174,2025-04-28 16:35:00,15.8,27.92,0
8029,517,2025-02-24 03:57:00,8.993,73.28,0
8030,44,2025-05-25 15:56:00,10.073,21.36,0
8031,792,2025-02-01 21:53:00,12.926,42.79,0
8032,753,2025-02-21 11:07:00,8.312,87.66,0
8033,646,2025-06-24 23:44:00,9.055,61.74,0
8034,28,2025-02-14 11:32:00,8.103,34.2,1
8035,183,2025-01-24 10:32:00,10.545,8.32,0
8036,705,2025-04-10 01:48:00,19.558,26.66,0
8037,205,2025-04-23 22:26:00,12.92,191.51,0
8038,96,2025-04-13 00:12:00,20.634,28.7,0
8039,209,2025-03-14 08:00:00,20.389,34.86,0
8040,619,2025-01-20 07:45:00,20.088,40.09,0
8041,754,2025-02-21 17:16:00,10.966,49.26,0
8042,489,2025-01-11 03:41:00,12.794,20.72,0
8043,196,2025-06-03 17:36:00,14.557,64.18,0
8044,480,2025-02-16 17:35:00,14.042,48.54,0
8045,407,2025-04-30 12:51:00,9.119,8.82,0
8046,414,2025-02-16 20:11:00,11.344,4.57,0
8047,279,2025-04-22 15:42:00,16.683,22.78,0
8048,110,2025-01-17 10:24:00,17.472,13.29,0
8049,289,2025-01-17 20:36:00,13.105,44.83,0
8050,712,2025-02-26 21:35:00,12.158,25.94,0
8051,326,2025-02-16 14:44:00,16.205,50.98,0
8052,16,2025-02-27 23:25:00,17.289,51.52,0
8053,276,2025-02-19 18:26:00,17.954,15.65,0
8054,368,2025-05-05 22:42:00,19.353,26.15,0
8055,479,2025-03-20 04:31:00,16.174,22.48,0
8056,513,2025-01-28 17:49:00,13.304,73.83,0
8057,340,2025-06-15 20:44:00,12.87,30.41,0
8058,114,2025-04-25 07:20:00,8.481,95.21,0
8059,352,2025-03-14 15:46:00,13.829,99.55,0
8060,2,2025-04-02 17:07:00,20.163,31.4,0
8061,404,2025-03-01 01:03:00,16.787,21.79,0
8062,356,2025-03-12 17:40:00,16.303,17.37,0
8063,284,2025-01-13 18:26:00,11.133,61.76,0
8064,529,2025-05-30 14:29:00,16.345,32.3,0
8065,603,2025-03-11 07:01:00,10.526,19.54,0
8066,211,2025-05-06 07:42:00,12.774,71.74,0
8067,402,2025-01-10 10:11:00,16.183,72.8,0
8068,407,2025-01-17 12:02:00,8.635,16.39,0
8069,407,2025-03-07 17:40:00,12.36,46.74,0
8070,322,2025-01-07 20:13:00,9.239,56.05,0
8071,167,2025-06-24 04:49:00,10.295,136.54,0
8072,137,2025-01-08 01:17:00,12.93,30.67,0
8073,24,2025-04-11 02:10:00,17.699,35.01,0
8074,41,2025-03-05 03:55:00,11.744,59.39,0
8075,647,2025-02-07 14:19:00,8.281,96.59,0
8076,55,2025-01-26 07:21:00,13.587,519.98,1
8077,684,2025-02-23 20:37:00,11.094,41.92,0
8078,717,2025-01-10 05:10:00,18.896,22.34,0
8079,192,2025-04-13 19:09:00,19.508,27.02,0
8080,354,2025-02-12 06:18:00,17.394,31.07,0
8081,288,2025-01-04 11:18:00,16.582,61.34,0
8082,315,2025-01-21 17:53:00,18.229,50.12,0
8083,286,2025-06-11 22:08:00,13.264,20.17,0
8084,273,2025-02-13 03:20:00,17.116,69.07,0
8085,547,2025-04-15 01:33:00,13.876,30.57,0
8086,330,2025-03-15 17:41:00,14.018,30.92,0
8087,149,2025-03-30 14:40:00,19.042,64.7,0
8088,303,2025-06-03 17:32:00,19.075,71.49,0
8089,782,2025-05-09 22:07:00,13.606,46.16,0
8090,790,2025-04-10 04:34:00,21.12,156.43,0
8091,49,2025-02-06 01:07:00,15.582,7.81,0
8092,460,2025-06-02 23:08:00,14.82,75.78,0
8093,779,2025-01-04 21:29:00,15.022,15.73,0
8094,155,2025-04-11 08:22:00,18.911,34.53,0
8095,55,2025-04-21 17:45:00,21.546,35.69,0
8096,169,2025-06-20 06:16:00,17.661,33.64,0
8097,254,2025-01-29 19:12:00,12.778,17.0,0
8098,747,2025-02-21 23:50:00,15.235,11.89,0
8099,200,2025-01-03 04:52:00,12.301,7.57,0
8100,265,2025-02-14 11:04:00,17.151,29.84,0
8101,207,2025-06-17 04:55:00,21.989,39.26,0
8102,313,2025-01-02 13:08:00,20.109,56.7,0
8103,795,2025-05-22 21:58:00,14.618,89.24,0
8104,67,2025-06-18 06:44:00,12.791,69.03,0
8105,366,2025-01-21 13:20:00,14.338,77.69,0
8106,491,2025-03-06 21:43:00,12.427,15.83,0
8107,95,2025-06-11 08:14:00,21.883,85.25,0
8108,35,2025-05-10 15:07:00,10.827,47.54,0
8109,785,2025-01-13 03:55:00,19.337,12.46,0
8110,215,2025-06-05 19:57:00,13.801,83.01,0
8111,194,2025-05-25 12:54:00,17.124,17.4,0
8112,278,2025-02-26 02:51:00,20.92,15.39,0
8113,58,2025-03-16 14:31:00,16.289,121.06,0
8114,117,2025-02-24 20:54:00,16.636,42.68,0
8115,19,2025-04-04 06:32:00,8.504,15.3,0
8116,427,2025-05-21 07:33:00,9.804,22.92,0
8117,370,2025-05-01 07:10:00,15.567,82.14,0
8118,219,2025-06-24 07:36:00,13.189,13.48,0
8119,734,2025-01-18 18:38:00,16.528,31.46,0
8120,244,2025-06-16 07:44:00,13.379,31.44,0
8121,13,2025-06-13 09:30:00,10.449,311.02,0
8122,79,2025-03-10 18:59:00,19.155,10.98,0
8123,580,2025-01-26 20:31:00,19.832,11.34,0
8124,426,2025-02-10 14:52:00,21.552,22.38,0
8125,208,2025-06-19 11:38:00,10.81,21.11,0
8126,197,2025-01-02 17:12:00,12.361,36.22,0
8127,175,2025-01-17 11:12:00,11.931,24.15,0
8128,337,2025-01-14 00:38:00,21.022,69.35,0
8129,563,2025-01-31 23:04:00,16.364,37.79,0
8130,510,2025-05-23 01:57:00,20.914,16.27,0
8131,598,2025-01-11 08:38:00,20.465,29.13,0
8132,32,2025-06-23 15:55:00,11.434,28.38,0
8133,447,2025-03-13 14:25:00,13.99,87.99,0
8134,611,2025-04-06 17:13:00,13.791,70.43,0
8135,161,2025-04-17 08:32:00,14.817,62.4,0
8136,466,2025-05-27 00:18:00,21.968,19.71,0
8137,5,2025-04-23 12:19:00,10.433,45.31,0
8138,727,2025-01-11 23:19:00,18.814,14.04,0
8139,589,2025-05-30 03:12:00,11.187,59.46,0
8140,498,2025-01-16 20:50:00,18.351,93.35,0
8141,479,2025-04-06 02:36:00,10.838,6.64,0
8142,535,2025-06-05 23:15:00,15.379,32.99,0
8143,338,2025-04-02 19:40:00,17.349,32.96,0
8144,773,2025-03-17 11:17:00,14.046,73.18,0
8145,170,2025-02-28 16:57:00,21.526,22.1,0
8146,648,2025-05-22 08:08:00,17.878,21.86,0
8147,609,2025-04-28 04:46:00,10.203,40.38,0
8148,670,2025-05-26 23:10:00,13.21,57.79,0
8149,56,2025-06-13 12:50:00,12.396,41.91,0
8150,356,2025-04-17 14:07:00,12.137,71.95,0
8151,514,2025-03-05 22:53:00,10.965,61.71,0
8152,495,2025-04-17 19:23:00,10.6,23.52,0
8153,550,2025-03-06 03:27:00,20.182,36.26,0
8154,507,2025-02-06 23:37:00,21.851,55.23,0
8155,178,2025-03-03 19:09:00,10.24,18.89,0
8156,662,2025-03-28 05:26:00,19.078,20.67,0
8157,386,2025-02-10 22:25:00,11.186,11.08,0
8158,776,2025-02-26 18:17:00,15.303,91.58,0
8159,416,2025-04-13 00:11:00,10.76,201.89,0
8160,430,2025-01-25 07:11:00,11.796,20.74,0
8161,473,2025-01-20 00:05:00,13.75,56.52,0
8162,696,2025-05-20 09:02:00,17.871,96.88,0
8163,720,2025-05-31 06:19:00,14.636,14.02,0
8164,467,2025-02-26 10:09:00,19.341,47.16,0
8165,437,2025-01-25 19:05:00,9.352,103.29,0
8166,43,2025-03-25 00:53:00,16.006,28.96,0
8167,53,2025-02-01 07:22:00,9.494,33.6,0
8168,589,2025-06-07 20:29:00,9.649,108.29,0
8169,275,2025-01-13 08:14:00,12.325,25.58,0
8170,349,2025-04-01 15:24:00,9.47,22.69,0
8171,502,2025-03-10 15:25:00,18.856,31.01,0
8172,177,2025-03-25 23:25:00,15.103,154.48,0
8173,266,2025-05-17 09:01:00,17.024,68.25,0
8174,34,2025-02-17 03:26:00,8.788,55.54,0
8175,614,2025-06-13 19:36:00,11.147,55.08,0
8176,406,2025-06-26 01:03:00,15.326,14.82,0
8177,151,2025-03-20 04:05:00,9.148,56.88,0
8178,476,2025-03-11 10:05:00,10.248,25.91,0
8179,114,2025-02-12 07:47:00,8.306,31.29,0
8180,624,2025-05-27 11:06:00,20.761,30.03,0
8181,184,2025-05-11 14:49:00,14.037,77.96,0
8182,216,2025-03-22 23:14:00,8.63,158.89,0
8183,700,2025-05-04 20:46:00,14.447,17.73,0
8184,594,2025-03-08 05:36:00,20.426,86.85,0
8185,544,2025-05-03 16:42:00,10.659,32.82,0
8186,481,2025-05-28 14:44:00,11.33,69.74,0
8187,416,2025-03-21 19:35:00,21.751,48.35,0
8188,153,2025-04-30 22:03:00,19.955,23.28,0
8189,240,2025-04-12 18:05:00,15.679,23.0,0
8190,770,2025-01-14 01:05:00,10.604,32.13,0
8191,734,2025-01-12 03:41:00,11.073,50.85,0
8192,581,2025-02-17 09:49:00,20.06,56.81,0
8193,711,2025-02-15 00:03:00,17.457,411.31,0
8194,643,2025-02-04 04:17:00,12.913,59.19,0
8195,319,2025-06-16 20:24:00,8.364,13.57,0
8196,572,2025-04-20 01:42:00,9.904,104.88,0
8197,602,2025-01-08 12:29:00,18.209,61.81,0
8198,110,2025-06-12 15:06:00,17.082,33.7,0
8199,730,2025-02-24 06:54:00,13.023,15.82,0
8200,394,2025-06-27 20:36:00,16.287,30.73,0
8201,250,2025-02-10 19:06:00,18.572,98.03,0
8202,379,2025-01-16 04:28:00,17.014,57.27,0
8203,262,2025-01-24 10:37:00,11.353,113.81,0
8204,266,2025-03-11 12:18:00,21.321,109.08,0
8205,436,2025-06-16 09:11:00,8.331,45.31,0
8206,798,2025-04-10 10:18:00,15.788,3.09,0
8207,326,2025-01-23 15:52:00,11.126,18.66,0
8208,171,2025-02-27 05:29:00,17.905,11.19,0
8209,609,2025-03-30 02:05:00,15.865,119.37,0
8210,235,2025-04-08 23:10:00,10.74,57.95,0
8211,429,2025-06-01 02:40:00,15.082,32.28,0
8212,202,2025-01-09 05:15:00,15.276,25.29,0
8213,169,2025-01-01 16:43:00,13.884,91.29,0
8214,201,2025-05-10 16:42:00,8.59,18.68,0
8215,285,2025-01-20 12:50:00,10.895,13.65,0
8216,764,2025-05-03 23:07:00,21.563,12.74,0
8217,536,2025-03-03 12:58:00,10.639,41.76,0
8218,556,2025-03-11 20:40:00,14.423,19.95,0
8219,42,2025-01-27 13:15:00,12.117,85.01,0
8220,8,2025-05-20 07:19:00,18.596,37.76,0
8221,273,2025-02-02 21:05:00,16.093,12.4,0
8222,710,2025-01-02 11:17:00,18.016,31.11,0
8223,12,2025-04-17 09:47:00,16.918,17.22,0
8224,612,2025-01-28 06:55:00,15.052,33.86,0
8225,656,2025-01-31 17:07:00,21.449,89.3,0
8226,222,2025-02-09 07:10:00,17.845,32.91,0
8227,93,2025-04-25 23:49:00,17.644,21.78,0
8228,122,2025-05-16 08:49:00,17.667,52.9,0
8229,61,2025-06-14 19:02:00,14.535,26.32,0
8230,674,2025-06-26 18:40:00,16.998,56.74,0
8231,629,2025-02-11 07:07:00,16.463,48.05,0
8232,538,2025-02-08 18:16:00,20.436,15.9,0
8233,71,2025-02-08 05:04:00,21.704,12.91,0
8234,760,2025-02-03 16:32:00,14.763,27.43,0
8235,547,2025-01-03 01:13:00,16.412,51.18,0
8236,662,2025-04-16 18:34:00,12.064,146.99,0
8237,303,2025-01-03 15:21:00,19.836,14.86,0
8238,158,2025-01-07 22:19:00,17.949,16.38,0
8239,657,2025-03-13 09:25:00,20.936,79.8,0
8240,41,2025-05-26 20:04:00,16.47,42.5,0
8241,146,2025-03-30 00:39:00,17.921,31.51,0
8242,122,2025-03-13 13:36:00,9.332,62.22,0
8243,67,2025-02-02 21:44:00,16.494,98.04,0
8244,440,2025-05-03 10:22:00,13.275,83.29,0
8245,182,2025-02-28 03:18:00,15.113,20.7,0
8246,772,2025-06-29 08:41:00,12.572,51.58,0
8247,745,2025-01-26 06:08:00,12.021,89.7,0
8248,134,2025-05-22 09:20:00,19.49,28.8,0
8249,663,2025-05-03 14:59:00,15.807,48.96,0
8250,31,2025-03-07 20:15:00,11.545,22.72,0
8251,228,2025-03-12 17:29:00,18.734,16.95,0
8252,527,2025-06-23 03:20:00,9.047,50.63,0
8253,164,2025-05-13 04:19:00,12.104,76.11,0
8254,62,2025-01-08 18:11:00,12.708,67.02,0
8255,125,2025-04-10 01:21:00,10.486,12.49,0
8256,526,2025-05-14 05:10:00,19.798,104.2,0
8257,176,2025-03-09 21:55:00,17.435,58.1,0
8258,196,2025-05-05 07:20:00,17.384,90.04,0
8259,164,2025-04-23 17:54:00,16.298,17.39,0
8260,705,2025-03-01 01:12:00,13.296,71.84,0
8261,710,2025-01-02 06:58:00,17.226,61.21,0
8262,643,2025-01-07 07:59:00,18.308,13.35,0
8263,15,2025-05-05 06:22:00,15.539,52.33,0
8264,200,2025-05-20 13:24:00,14.59,16.13,0
8265,704,2025-03-08 18:55:00,11.129,37.29,0
8266,443,2025-03-27 16:00:00,9.176,235.39,0
8267,33,2025-04-03 10:38:00,8.578,46.47,0
8268,199,2025-06-08 22:46:00,17.999,33.66,0
8269,661,2025-04-05 05:07:00,12.881,11.25,0
8270,703,2025-04-13 17:59:00,17.918,46.5,0
8271,340,2025-04-11 12:20:00,15.111,32.67,0
8272,121,2025-01-24 10:14:00,14.256,7.39,0
8273,61,2025-05-07 10:18:00,16.805,15.41,0
8274,180,2025-06-13 10:33:00,10.566,75.22,0
8275,639,2025-01-20 21:59:00,21.715,103.69,0
8276,661,2025-01-13 19:44:00,12.623,39.15,0
8277,205,2025-03-30 00:23:00,18.769,82.89,0
8278,781,2025-05-18 15:58:00,11.47,37.93,0
8279,702,2025-01-15 23:13:00,14.551,20.17,0
8280,790,2025-05-14 19:52:00,14.99,214.86,0
8281,601,2025-02-12 03:32:00,12.293,11.94,0
8282,458,2025-02-03 00:40:00,12.881,51.83,0
8283,785,2025-02-04 01:37:00,14.094,21.95,0
8284,550,2025-04-05 16:54:00,19.707,31.27,0
8285,665,2025-04-18 18:25:00,15.001,131.69,0
8286,322,2025-03-25 02:40:00,9.24,38.29,0
8287,192,2025-04-20 02:20:00,11.033,28.51,0
8288,458,2025-05-25 21:58:00,21.804,23.87,0
8289,327,2025-05-30 13:29:00,9.258,57.91,0
8290,280,2025-05-12 06:03:00,17.068,17.32,0
8291,557,2025-04-04 22:20:00,10.956,39.84,0
8292,488,2025-02-09 09:18:00,14.047,33.17,0
8293,252,2025-05-15 01:00:00,12.998,357.72,1
8294,193,2025-05-02 03:44:00,21.68,11.75,0
8295,437,2025-06-10 00:49:00,15.718,37.96,0
8296,261,2025-05-09 05:18:00,11.499,27.42,0
8297,190,2025-01-25 00:52:00,16.45,44.18,0
8298,177,2025-04-13 13:04:00,9.0,54.31,1
8299,530,2025-05-10 18:35:00,20.973,25.58,0
8300,332,2025-06-29 12:02:00,12.819,73.07,0
8301,273,2025-03-01 00:41:00,20.367,9.87,0
8302,92,2025-06-04 19:40:00,19.329,165.45,0
8303,44,2025-02-20 01:14:00,10.615,49.36,0
8304,555,2025-03-09 20:07:00,21.472,32.95,0
8305,774,2025-06-23 08:05:00,21.883,40.22,0
8306,259,2025-01-30 13:37:00,19.274,18.65,0
8307,675,2025-02-07 03:53:00,14.321,114.8,0
8308,481,2025-05-31 08:46:00,17.416,42.55,0
8309,242,2025-06-14 14:52:00,9.129,38.88,0
8310,453,2025-01-19 20:38:00,20.896,82.25,0
8311,103,2025-05-29 06:27:00,11.105,50.27,0
8312,270,2025-04-17 00:42:00,18.034,21.41,0
8313,588,2025-06-08 03:41:00,19.221,35.89,0
8314,680,2025-03-31 10:32:00,21.574,58.06,0
8315,176,2025-04-16 11:26:00,19.533,38.64,0
8316,728,2025-02-11 18:17:00,19.453,12.55,0
8317,484,2025-04-16 05:55:00,17.875,112.96,0
8318,183,2025-03-17 07:30:00,16.073,41.89,0
8319,623,2025-03-14 11:09:00,8.586,26.85,0
8320,704,2025-02-20 08:44:00,21.618,61.99,0
8321,217,2025-03-14 03:58:00,14.286,24.8,0
8322,84,2025-01-31 06:00:00,19.155,10.81,0
8323,227,2025-06-03 02:52:00,13.282,36.67,0
8324,605,2025-03-14 21:28:00,14.385,62.83,0
8325,49,2025-03-11 19:06:00,14.473,29.61,0
8326,231,2025-06-26 07:37:00,21.86,30.54,0
8327,255,2025-03-29 14:31:00,10.959,31.66,0
8328,13,2025-05-07 10:40:00,15.025,33.82,0
8329,477,2025-06-29 08:25:00,10.166,41.29,0
8330,644,2025-06-05 04:47:00,14.918,69.5,0
8331,124,2025-03-05 18:38:00,15.644,66.15,0
8332,709,2025-04-06 20:46:00,9.913,186.55,0
8333,762,2025-05-29 01:35:00,17.776,148.08,0
8334,696,2025-04-01 01:07:00,19.592,18.42,0
8335,577,2025-02-19 21:29:00,19.424,30.55,0
8336,358,2025-04-06 03:38:00,18.209,65.32,0
8337,163,2025-01-05 12:19:00,9.972,8.74,0
8338,730,2025-06-08 13:23:00,16.701,47.14,0
8339,424,2025-04-17 19:36:00,17.777,18.47,0
8340,361,2025-02-16 01:53:00,18.631,35.11,0
8341,313,2025-03-28 06:46:00,17.932,36.98,0
8342,174,2025-01-06 16:28:00,16.803,8.89,0
8343,305,2025-05-22 14:25:00,18.188,253.52,0
8344,638,2025-04-06 13:30:00,19.933,23.77,0
8345,447,2025-01-01 17:56:00,15.97,115.73,0
8346,316,2025-03-24 17:49:00,10.034,9.9,0
8347,86,2025-01-13 16:49:00,19.423,21.66,0
8348,331,2025-03-11 16:33:00,17.254,68.45,0
8349,172,2025-06-04 17:48:00,17.613,29.78,0
8350,318,2025-04-28 17:04:00,12.119,68.48,0
8351,119,2025-03-28 13:11:00,10.095,59.98,0
8352,758,2025-04-03 02:44:00,18.93,18.59,0
8353,139,2025-04-02 03:31:00,8.692,96.08,0
8354,99,2025-01-18 12:31:00,13.633,57.13,0
8355,524,2025-02-10 12:27:00,15.124,11.33,0
8356,275,2025-05-27 23:11:00,8.244,39.12,0
8357,796,2025-06-16 15:58:00,16.358,60.64,0
8358,323,2025-01-27 05:22:00,9.675,33.2,0
8359,520,2025-06-14 14:17:00,11.38,37.38,0
8360,667,2025-01-06 10:56:00,21.91,53.05,0
8361,787,2025-04-04 00:07:00,15.844,9.72,0
8362,647,2025-05-29 22:38:00,21.556,30.62,0
8363,461,2025-02-09 04:59:00,14.897,26.64,0
8364,651,2025-06-20 19:19:00,19.248,65.79,0
8365,226,2025-06-26 21:39:00,8.532,22.89,0
8366,696,2025-03-18 09:48:00,12.078,170.69,0
8367,697,2025-06-10 15:24:00,11.965,22.47,0
8368,307,2025-01-15 06:13:00,8.977,14.58,0
8369,53,2025-04-04 20:29:00,21.329,95.82,0
8370,547,2025-02-22 15:40:00,15.066,57.74,0
8371,81,2025-04-23 18:02:00,16.302,48.67,0
8372,13,2025-02-15 02:55:00,15.286,29.42,0
8373,758,2025-03-21 03:21:00,11.48,26.91,0
8374,454,2025-05-12 17:13:00,20.94,51.51,0
8375,520,2025-02-07 02:10:00,17.366,22.65,0
8376,704,2025-06-01 13:39:00,9.73,148.1,0
8377,743,2025-05-03 15:52:00,14.465,43.14,0
8378,765,2025-02-15 03:02:00,8.021,28.71,0
8379,106,2025-05-01 10:39:00,17.446,25.6,0
8380,259,2025-02-27 05:21:00,15.33,13.46,0
8381,614,2025-04-09 12:26:00,20.659,62.75,0
8382,23,2025-04-20 20:41:00,21.263,18.93,0
8383,187,2025-05-27 14:24:00,9.374,31.57,0
8384,411,2025-03-04 17:25:00,9.253,268.62,0
8385,274,2025-03-23 07:56:00,20.587,8.27,0
8386,138,2025-03-21 15:50:00,15.169,32.33,0
8387,719,2025-06-04 23:09:00,14.575,11.71,0
8388,358,2025-06-01 12:31:00,15.991,22.77,0
8389,329,2025-02-09 01:31:00,14.53,31.23,0
8390,525,2025-01-19 22:41:00,16.6,12.33,0
8391,536,2025-06-23 02:59:00,21.287,48.55,0
8392,394,2025-01-31 01:39:00,16.484,113.31,0
8393,709,2025-02-06 21:56:00,12.49,45.68,0
8394,236,2025-01-22 08:52:00,10.987,68.55,0
8395,696,2025-01-29 19:42:00,21.526,128.35,0
8396,694,2025-01-12 09:15:00,16.112,56.89,0
8397,7,2025-04-19 14:40:00,15.933,5.32,0
8398,603,2025-04-02 18:55:00,8.467,40.39,0
8399,126,2025-01-17 18:06:00,20.857,4.73,0
8400,388,2025-04-28 09:09:00,14.574,19.64,0
8401,734,2025-01-31 05:27:00,21.997,10.55,0
8402,156,2025-04-07 20:52:00,10.35,43.54,0
8403,449,2025-05-12 05:25:00,12.567,17.07,0
8404,622,2025-03-18 16:07:00,10.941,44.51,0
8405,384,2025-02-25 11:12:00,13.305,65.39,0
8406,62,2025-06-11 08:25:00,21.673,16.26,0
8407,52,2025-05-25 00:31:00,13.807,42.79,0
8408,414,2025-06-01 23:36:00,19.579,4.31,0
8409,20,2025-01-28 23:59:00,18.574,10.6,0
8410,12,2025-02-19 04:03:00,12.171,96.49,0
8411,762,2025-03-11 08:30:00,16.119,17.28,0
8412,426,2025-01-31 07:23:00,19.924,22.99,0
8413,379,2025-03-11 12:45:00,16.559,18.19,0
8414,80,2025-02-14 14:09:00,11.709,8.75,0
8415,629,2025-03-28 11:18:00,20.084,15.31,0
8416,408,2025-05-08 07:52:00,15.786,34.84,0
8417,176,2025-03-15 20:53:00,21.72,25.72,0
8418,602,2025-05-10 23:07:00,17.179,82.6,0
8419,189,2025-03-11 14:54:00,14.284,21.34,0
8420,402,2025-03-30 23:08:00,14.103,34.66,0
8421,448,2025-03-01 02:51:00,20.321,22.65,0
8422,223,2025-01-16 05:57:00,21.728,73.88,0
8423,700,2025-01-03 17:27:00,13.745,11.12,0
8424,562,2025-02-02 23:51:00,10.282,51.29,0
8425,230,2025-04-21 23:40:00,8.557,48.39,0
8426,125,2025-01-18 23:03:00,12.513,18.14,0
8427,263,2025-03-27 05:28:00,12.788,32.33,0
8428,372,2025-01-24 21:29:00,13.962,47.7,0
8429,440,2025-03-09 04:34:00,10.03,20.12,0
8430,320,2025-02-18 16:19:00,14.897,493.72,1
8431,32,2025-02-08 01:18:00,21.207,13.09,0
8432,540,2025-04-03 18:13:00,11.255,176.48,0
8433,303,2025-06-10 10:48:00,17.587,24.09,0
8434,268,2025-04-28 12:47:00,8.532,13.13,0
8435,445,2025-02-12 19:42:00,17.013,8.51,0
8436,668,2025-06-02 19:41:00,21.125,18.41,0
8437,3,2025-06-15 18:23:00,11.953,43.33,0
8438,768,2025-05-17 04:57:00,19.427,28.53,0
8439,510,2025-02-09 02:34:00,9.154,46.33,0
8440,437,2025-01-31 03:57:00,13.015,62.03,0
8441,40,2025-06-24 20:33:00,8.094,31.02,0
8442,568,2025-06-10 00:09:00,12.972,31.6,0
8443,575,2025-03-17 13:44:00,12.338,122.48,0
8444,448,2025-03-24 06:15:00,17.699,63.1,0
8445,641,2025-04-06 21:20:00,12.123,47.61,0
8446,670,2025-06-09 22:55:00,19.523,26.6,0
8447,671,2025-02-23 18:51:00,12.08,60.08,0
8448,261,2025-05-03 02:26:00,11.126,46.4,0
8449,538,2025-06-19 01:15:00,14.923,45.02,0
8450,45,2025-02-23 21:10:00,17.19,62.12,0
8451,449,2025-02-20 20:42:00,20.442,45.43,0
8452,116,2025-01-25 04:41:00,19.389,10.38,0
8453,246,2025-05-12 10:30:00,15.343,36.56,0
8454,541,2025-02-18 23:46:00,21.696,14.34,0
8455,339,2025-01-04 16:31:00,12.151,58.09,0
8456,690,2025-04-01 11:35:00,21.992,9.98,0
8457,69,2025-04-11 13:39:00,13.393,34.14,0
8458,777,2025-01-04 03:28:00,11.674,36.66,0
8459,565,2025-05-14 11:36:00,13.359,13.98,0
8460,344,2025-04-11 13:49:00,16.201,32.8,0
8461,19,2025-03-26 18:10:00,14.635,64.68,0
8462,33,2025-03-03 20:45:00,8.703,22.42,0
8463,330,2025-04-26 19:07:00,12.984,44.12,0
8464,457,2025-05-16 03:32:00,14.885,52.53,0
8465,404,2025-05-19 06:00:00,17.286,14.9,0
8466,237,2025-03-11 20:20:00,21.343,36.18,0
8467,520,2025-04-01 01:01:00,21.383,29.57,0
8468,491,2025-02-15 16:34:00,15.196,34.59,0
8469,274,2025-02-09 06:09:00,15.967,9.7,0
8470,260,2025-06-05 05:36:00,17.772,11.35,0
8471,354,2025-03-13 10:03:00,19.695,92.89,0
8472,594,2025-02-19 05:47:00,18.433,64.1,0
8473,469,2025-05-12 12:57:00,18.087,41.74,0
8474,101,2025-05-06 09:55:00,14.262,72.0,0
8475,738,2025-02-18 19:07:00,20.165,12.12,0
8476,161,2025-02-01 10:35:00,17.276,29.19,0
8477,537,2025-04-24 18:23:00,10.229,27.07,0
8478,13,2025-06-15 06:06:00,16.377,18.9,0
8479,203,2025-01-27 16:37:00,12.348,14.13,0
8480,451,2025-02-13 02:13:00,1.963,100.31,1
8481,677,2025-06-17 10:52:00,17.084,21.15,0
8482,450,2025-05-12 21:04:00,16.992,50.19,0
8483,44,2025-04-19 12:53:00,21.366,45.66,0
8484,764,2025-03-02 10:58:00,21.667,80.78,0
8485,217,2025-03-26 06:55:00,13.723,62.97,0
8486,291,2025-02-04 01:15:00,10.499,27.37,0
8487,86,2025-05-27 01:46:00,9.966,12.72,0
8488,557,2025-04-01 06:27:00,21.64,71.47,0
8489,357,2025-05-24 11:46:00,13.542,93.03,0
8490,175,2025-06-07 23:32:00,12.799,251.11,0
8491,509,2025-01-18 12:26:00,16.696,76.54,0
8492,156,2025-06-05 05:42:00,8.802,21.0,0
8493,424,2025-02-25 06:30:00,17.055,23.29,0
8494,530,2025-03-01 00:03:00,20.261,6.65,0
8495,649,2025-03-24 13:03:00,18.14,18.28,0
8496,555,2025-02-23 12:20:00,13.844,12.68,0
8497,453,2025-03-03 07:07:00,9.626,56.03,0
8498,27,2025-05-05 19:35:00,11.377,75.29,0
8499,186,2025-02-27 02:44:00,11.716,3184.5,1
8500,622,2025-04-20 09:59:00,13.389,413.74,1
8501,429,2025-03-05 09:27:00,9.867,42.71,0
8502,426,2025-02-28 13:08:00,16.059,21.96,0
8503,588,2025-01-26 13:39:00,13.128,25.6,0
8504,723,2025-06-05 11:35:00,14.949,20.12,0
8505,402,2025-01-22 11:52:00,11.992,228.22,0
8506,107,2025-04-10 16:05:00,14.354,3.82,0
8507,353,2025-02-16 20:32:00,17.977,127.94,0
8508,202,2025-06-27 20:28:00,9.235,16.59,0
8509,423,2025-01-13 14:45:00,15.141,25.59,0
8510,471,2025-03-18 15:18:00,16.657,4.44,0
8511,438,2025-04-02 20:09:00,17.347,81.4,0
8512,465,2025-06-27 14:32:00,20.919,66.01,0
8513,248,2025-01-28 13:32:00,18.936,14.59,0
8514,141,2025-05-30 22:32:00,18.346,84.89,0
8515,683,2025-01-13 03:53:00,20.152,72.77,0
8516,321,2025-02-22 04:48:00,20.802,22.9,0
8517,166,2025-05-31 16:28:00,19.751,6.78,0
8518,796,2025-03-09 19:54:00,16.596,29.37,0
8519,26,2025-04-16 18:02:00,19.803,80.53,0
8520,277,2025-03-12 11:14:00,12.57,16.83,0
8521,593,2025-06-11 16:54:00,21.328,83.13,0
8522,328,2025-01-17 14:03:00,10.428,17.58,0
8523,673,2025-06-27 00:15:00,11.209,32.55,0
8524,287,2025-02-12 02:55:00,10.219,19.42,0
8525,514,2025-04-17 20:03:00,18.878,39.67,0
8526,342,2025-02-17 01:42:00,14.083,67.51,0
8527,375,2025-05-24 06:37:00,18.332,129.02,0
8528,398,2025-05-07 18:44:00,15.141,41.35,0
8529,780,2025-01-29 17:13:00,13.646,10.06,0
8530,607,2025-02-14 08:28:00,20.549,58.03,0
8531,296,2025-05-06 16:57:00,14.05,27.58,0
8532,333,2025-04-01 10:59:00,16.658,27.11,0
8533,324,2025-04-09 22:04:00,20.02,38.09,0
8534,588,2025-03-07 23:11:00,10.976,54.75,0
8535,472,2025-05-02 18:01:00,13.638,25.14,0
8536,427,2025-06-17 05:57:00,10.029,55.71,0
8537,344,2025-01-19 20:24:00,15.598,48.38,0
8538,318,2025-05-05 19:42:00,19.054,55.74,0
8539,444,2025-06-18 10:43:00,8.77,70.76,0
8540,664,2025-02-09 21:39:00,8.845,5.99,0
8541,773,2025-03-17 03:32:00,1.327,25.56,1
8542,48,2025-04-13 00:15:00,17.934,30.98,0
8543,189,2025-05-20 15:27:00,13.631,28.68,0
8544,548,2025-05-04 16:55:00,13.05,17.5,0
8545,118,2025-06-28 07:26:00,11.948,20.77,0
8546,488,2025-04-11 06:35:00,8.865,53.11,0
8547,338,2025-06-07 04:42:00,15.19,50.6,0
8548,152,2025-04-04 14:23:00,16.625,35.92,0
8549,403,2025-02-26 02:34:00,20.115,15.68,0
8550,407,2025-05-02 08:40:00,15.586,69.62,0
8551,570,2025-03-14 08:32:00,10.127,65.71,0
8552,660,2025-04-29 09:17:00,12.314,85.22,0
8553,764,2025-04-27 18:11:00,18.99,18.73,0
8554,351,2025-01-14 06:33:00,16.655,637.12,0
8555,550,2025-04-07 20:15:00,18.796,41.74,0
8556,629,2025-01-03 10:13:00,13.789,19.09,0
8557,789,2025-03-15 20:29:00,8.945,234.75,0
8558,520,2025-04-29 06:21:00,20.49,63.65,0
8559,197,2025-04-28 14:33:00,12.889,41.16,0
8560,273,2025-01-19 14:24:00,9.167,45.34,0
8561,167,2025-06-13 17:09:00,16.216,97.64,0
8562,158,2025-05-13 19:49:00,18.415,42.83,0
8563,245,2025-02-25 17:01:00,14.692,8.81,0
8564,398,2025-03-22 22:36:00,16.594,34.5,0
8565,629,2025-01-24 02:25:00,13.842,71.88,0
8566,232,2025-03-07 06:26:00,19.392,33.69,0
8567,149,2025-05-02 15:14:00,18.972,15.91,0
8568,101,2025-06-08 19:24:00,18.08,34.0,0
8569,156,2025-04-17 03:03:00,8.278,69.88,0
8570,346,2025-02-20 21:33:00,15.229,97.14,0
8571,329,2025-06-13 00:08:00,18.995,14.41,0
8572,319,2025-04-08 23:22:00,11.428,13.65,0
8573,254,2025-05-14 16:17:00,11.629,33.39,0
8574,362,2025-05-08 13:11:00,20.659,20.11,0
8575,517,2025-03-13 11:29:00,19.784,22.04,0
8576,35,2025-01-04 16:38:00,21.834,28.23,0
8577,712,2025-04-24 23:58:00,14.964,64.6,0
8578,244,2025-06-10 13:23:00,9.739,17.82,0
8579,110,2025-06-05 05:25:00,8.116,13.77,0
8580,139,2025-06-04 18:41:00,17.886,19.38,0
8581,437,2025-03-04 13:05:00,19.433,10.43,0
8582,416,2025-06-12 23:55:00,13.996,36.5,0
8583,553,2025-01-03 11:43:00,13.961,38.19,1
8584,399,2025-02-26 23:13:00,19.764,78.52,0
8585,177,2025-04-23 17:47:00,10.605,15.01,0
8586,728,2025-02-26 00:46:00,8.888,38.61,0
8587,247,2025-01-05 15:59:00,21.52,45.76,0
8588,799,2025-02-01 09:10:00,15.594,10.14,0
8589,463,2025-06-18 17:54:00,18.813,41.71,0
8590,771,2025-03-19 01:37:00,21.366,42.97,0
8591,443,2025-01-31 06:37:00,19.346,31.59,0
8592,100,2025-04-22 11:24:00,14.547,12.56,0
8593,514,2025-03-09 08:49:00,17.074,32.93,0
8594,382,2025-03-12 19:09:00,16.851,7.32,0
8595,655,2025-06-20 07:56:00,20.957,45.4,0
8596,313,2025-04-08 16:36:00,9.975,63.35,0
8597,149,2025-01-15 09:18:00,17.74,29.38,0
8598,90,2025-06-19 13:50:00,20.08,97.41,0
8599,594,2025-01-01 18:45:00,13.027,20.04,0
8600,186,2025-05-04 14:43:00,17.916,19.55,0
8601,533,2025-01-19 15:42:00,11.498,28.01,0
8602,107,2025-02-18 22:30:00,9.232,214.05,0
8603,63,2025-06-27 11:41:00,8.356,27.88,0
8604,568,2025-01-31 08:25:00,15.419,194.42,0
8605,275,2025-06-24 21:52:00,8.723,33.94,0
8606,453,2025-02-22 16:06:00,16.294,18.35,0
8607,22,2025-03-11 05:28:00,13.257,166.95,0
8608,150,2025-06-18 17:33:00,8.096,40.57,0
8609,72,2025-05-14 17:15:00,11.171,27.66,0
8610,223,2025-02-22 23:02:00,18.338,69.7,0
8611,227,2025-05-13 11:13:00,13.303,94.93,0
8612,299,2025-03-27 20:46:00,18.158,21.98,0
8613,194,2025-01-18 23:12:00,19.41,72.01,0
8614,365,2025-02-15 09:09:00,19.157,29.2,0
8615,720,2025-02-12 07:43:00,17.388,15.97,0
8616,68,2025-03-27 06:56:00,18.452,19.87,0
8617,715,2025-06-10 00:24:00,15.977,13.71,0
8618,330,2025-04-13 10:42:00,14.507,37.53,0
8619,462,2025-01-30 19:48:00,8.864,37.63,0
8620,537,2025-04-20 07:51:00,21.651,87.28,0
8621,588,2025-04-04 18:05:00,19.763,70.11,0
8622,755,2025-03-11 17:48:00,17.407,25.34,0
8623,799,2025-02-13 22:44:00,17.017,29.99,0
8624,78,2025-05-09 06:48:00,16.075,20.83,0
8625,328,2025-04-11 08:53:00,9.322,38.21,0
8626,431,2025-03-19 07:50:00,12.472,29.33,0
8627,417,2025-02-05 09:00:00,12.755,36.42,0
8628,793,2025-01-22 17:05:00,19.112,112.74,0
8629,520,2025-02-08 20:01:00,16.469,117.49,0
8630,321,2025-04-22 15:14:00,13.574,21.24,0
8631,736,2025-01-09 10:10:00,12.593,65.16,0
8632,584,2025-01-13 21:44:00,1.998,59.03,1
8633,637,2025-06-28 05:32:00,18.999,22.55,0
8634,502,2025-02-18 06:11:00,19.383,108.31,0
8635,51,2025-01-21 08:34:00,13.536,10.72,0
8636,776,2025-06-23 15:26:00,14.709,82.75,0
8637,570,2025-03-16 19:28:00,16.026,31.88,0
8638,119,2025-01-01 04:38:00,10.685,14.85,0
8639,201,2025-03-17 03:51:00,13.072,570.0,1
8640,272,2025-01-04 16:53:00,14.876,157.23,0
8641,203,2025-02-24 15:39:00,17.385,260.87,0
8642,496,2025-06-20 03:18:00,14.293,18.77,0
8643,437,2025-05-23 22:02:00,10.164,33.93,0
8644,169,2025-03-17 05:49:00,13.951,30.16,0
8645,557,2025-03-02 18:49:00,15.439,34.47,0
8646,229,2025-04-16 01:58:00,17.111,128.42,0
8647,127,2025-04-23 13:56:00,19.953,25.6,0
8648,765,2025-05-17 14:44:00,11.255,18.72,0
8649,251,2025-04-08 17:45:00,15.836,24.52,0
8650,186,2025-01-14 22:00:00,13.843,30.13,0
8651,572,2025-06-05 12:36:00,17.617,64.8,0
8652,610,2025-03-02 10:30:00,20.24,38.7,0
8653,121,2025-05-28 12:09:00,14.679,59.6,0
8654,44,2025-05-26 22:58:00,19.818,81.63,0
8655,679,2025-02-09 05:31:00,8.028,27.95,0
8656,403,2025-04-03 15:45:00,20.771,33.1,0
8657,364,2025-05-16 00:28:00,19.039,51.84,0
8658,336,2025-03-06 09:05:00,9.874,21.38,0
8659,468,2025-05-23 15:53:00,17.454,36.26,0
8660,538,2025-04-05 06:26:00,15.199,81.63,0
8661,64,2025-06-15 10:52:00,21.59,38.59,0
8662,212,2025-06-11 09:25:00,12.261,97.09,0
8663,763,2025-06-23 09:06:00,16.526,16.89,0
8664,133,2025-02-09 16:00:00,15.32,45.87,0
8665,726,2025-05-13 15:42:00,11.096,55.58,0
8666,321,2025-05-16 07:00:00,19.391,45.09,0
8667,152,2025-03-22 23:42:00,18.402,27.8,0
8668,475,2025-01-31 07:16:00,15.618,10.89,0
8669,530,2025-02-22 17:37:00,21.217,85.63,0
8670,279,2025-04-03 16:10:00,20.973,11.32,0
8671,634,2025-06-05 15:20:00,19.452,12.02,0
8672,51,2025-06-14 20:58:00,10.133,55.72,0
8673,97,2025-06-14 19:11:00,20.518,26.05,0
8674,497,2025-06-20 08:23:00,12.281,39.26,0
8675,461,2025-01-18 13:27:00,15.981,12.54,0
8676,559,2025-06-29 04:56:00,21.646,44.19,0
8677,680,2025-04-10 18:40:00,11.233,68.33,0
8678,744,2025-01-18 22:14:00,10.797,10.04,0
8679,405,2025-01-24 06:07:00,19.927,42.82,0
8680,401,2025-02-15 22:04:00,8.183,72.04,0
8681,739,2025-02-15 06:49:00,10.439,12.04,0
8682,768,2025-01-20 23:45:00,12.583,39.3,0
8683,38,2025-03-10 23:24:00,18.336,36.47,0
8684,404,2025-04-09 08:58:00,14.727,46.56,0
8685,735,2025-02-26 00:13:00,13.507,28.14,0
8686,40,2025-05-01 05:31:00,20.862,10.91,0
8687,781,2025-05-09 21:06:00,18.583,25.47,0
8688,599,2025-03-13 23:17:00,16.86,22.44,0
8689,124,2025-01-15 05:08:00,12.76,33.15,0
8690,512,2025-02-26 02:22:00,20.024,91.78,0
8691,344,2025-04-21 11:30:00,11.543,10.66,0
8692,267,2025-03-12 14:17:00,21.243,1628.22,1
8693,496,2025-04-15 15:42:00,11.647,144.01,0
8694,588,2025-06-01 16:13:00,19.481,137.13,0
8695,714,2025-05-22 16:40:00,20.799,146.62,0
8696,333,2025-04-23 05:09:00,11.171,40.83,0
8697,127,2025-01-18 09:39:00,11.212,37.08,0
8698,691,2025-05-15 09:43:00,9.1,8.24,0
8699,267,2025-03-01 20:51:00,12.779,29.41,0
8700,607,2025-03-16 17:59:00,15.004,86.61,0
8701,638,2025-05-06 11:29:00,9.203,11.23,0
8702,46,2025-05-30 19:35:00,10.049,17.59,0
8703,328,2025-05-09 02:29:00,13.91,38.21,0
8704,67,2025-02-24 05:19:00,10.522,9.32,0
8705,483,2025-03-22 22:23:00,18.829,150.52,0
8706,635,2025-03-07 05:14:00,12.514,55.83,0
8707,448,2025-03-25 02:50:00,8.649,46.06,0
8708,259,2025-05-17 03:48:00,10.163,66.86,0
8709,778,2025-06-23 16:37:00,12.301,26.69,0
8710,68,2025-03-12 08:27:00,10.041,43.79,0
8711,113,2025-02-28 17:18:00,11.018,16.02,0
8712,292,2025-06-08 23:42:00,10.892,5.49,0
8713,758,2025-01-28 00:29:00,13.862,34.1,0
8714,715,2025-03-12 08:48:00,0.263,124.09,1
8715,451,2025-06-21 12:16:00,16.716,133.63,0
8716,761,2025-06-08 18:09:00,20.731,30.1,0
8717,723,2025-05-26 17:30:00,17.633,28.05,0
8718,469,2025-06-09 23:08:00,10.78,10.08,0
8719,94,2025-02-12 16:06:00,14.289,81.87,0
8720,719,2025-01-11 11:24:00,18.213,49.1,0
8721,513,2025-06-04 07:20:00,15.772,30.09,0
8722,112,2025-03-30 12:41:00,10.371,7.22,0
8723,672,2025-02-15 09:56:00,19.025,8.27,0
8724,319,2025-03-27 22:45:00,10.753,38.82,0
8725,629,2025-05-29 22:34:00,12.82,10.19,0
8726,209,2025-03-30 13:15:00,18.271,53.83,0
8727,7,2025-04-24 03:23:00,21.571,55.97,0
8728,363,2025-04-03 09:47:00,20.465,12.23,0
8729,361,2025-03-28 20:44:00,21.577,36.38,0
8730,690,2025-06-21 12:03:00,13.554,16.51,0
8731,92,2025-06-17 01:16:00,14.102,74.32,0
8732,730,2025-03-18 07:43:00,10.28,486.85,0
8733,122,2025-05-26 16:28:00,14.617,31.82,0
8734,747,2025-05-11 02:24:00,18.926,114.15,0
8735,565,2025-01-24 09:16:00,8.965,79.65,0
8736,287,2025-06-02 10:17:00,12.466,32.89,0
8737,765,2025-05-08 00:03:00,20.958,53.57,0
8738,287,2025-06-04 02:50:00,10.556,12.72,0
8739,507,2025-05-23 02:38:00,12.16,39.08,0
8740,244,2025-06-18 05:36:00,21.091,27.53,1
8741,81,2025-04-08 09:40:00,12.827,103.85,0
8742,282,2025-01-12 00:18:00,19.633,21.2,0
8743,195,2025-02-19 16:36:00,12.019,15.06,0
8744,181,2025-01-27 07:15:00,11.598,15.53,0
8745,303,2025-02-12 04:55:00,10.619,69.4,0
8746,486,2025-04-14 00:46:00,8.877,30.21,0
8747,100,2025-06-25 08:18:00,13.815,9.1,0
8748,601,2025-05-18 07:11:00,17.988,78.81,0
8749,678,2025-03-20 14:56:00,15.075,10.45,0
8750,668,2025-03-30 06:29:00,13.703,22.57,0
8751,155,2025-04-04 09:19:00,10.862,29.57,0
8752,704,2025-03-15 22:04:00,17.569,14.57,0
8753,103,2025-04-18 16:04:00,11.54,9.01,0
8754,85,2025-06-19 12:08:00,8.449,67.09,0
8755,580,2025-01-19 02:43:00,21.504,58.96,0
8756,608,2025-03-06 02:18:00,21.195,36.54,0
8757,101,2025-01-15 15:11:00,11.002,46.88,0
8758,332,2025-06-03 03:35:00,11.34,8.98,0
8759,328,2025-02-05 15:57:00,16.121,53.14,0
8760,578,2025-04-28 14:08:00,13.984,48.73,0
8761,412,2025-01-12 18:13:00,20.429,49.86,0
8762,480,2025-03-27 20:12:00,13.977,49.72,0
8763,64,2025-06-11 17:24:00,9.902,77.54,0
8764,781,2025-06-21 10:27:00,15.653,31.9,0
8765,444,2025-01-27 15:27:00,9.586,36.81,0
8766,534,2025-04-30 01:17:00,14.261,12.03,0
8767,384,2025-02-10 18:46:00,16.082,60.58,0
8768,197,2025-05-12 07:34:00,21.235,20.5,0
8769,534,2025-04-07 17:10:00,12.107,21.71,0
8770,230,2025-05-24 16:17:00,17.092,25.23,0
8771,175,2025-06-11 07:36:00,8.003,14.84,0
8772,441,2025-03-05 17:05:00,20.2,32.14,0
8773,285,2025-01-09 19:48:00,12.439,67.67,0
8774,715,2025-02-27 02:22:00,11.372,14.38,0
8775,527,2025-02-08 21:00:00,9.435,34.54,0
8776,298,2025-01-23 09:59:00,18.993,59.65,0
8777,28,2025-05-10 02:57:00,8.792,4.81,0
8778,272,2025-06-12 11:17:00,16.65,154.29,0
8779,92,2025-04-04 10:51:00,12.417,24.19,0
8780,175,2025-04-06 21:25:00,17.956,16.57,0
8781,226,2025-04-18 00:19:00,21.521,37.36,0
8782,522,2025-06-11 17:01:00,11.848,20.4,0
8783,85,2025-01-04 01:14:00,16.676,33.08,0
8784,129,2025-04-05 19:39:00,13.188,19.22,0
8785,31,2025-06-06 00:35:00,15.132,86.22,0
8786,733,2025-01-30 04:29:00,9.166,299.59,0
8787,789,2025-04-15 04:09:00,10.861,62.41,0
8788,238,2025-01-02 08:35:00,19.119,41.06,0
8789,364,2025-05-31 04:28:00,12.829,22.5,0
8790,240,2025-04-28 21:35:00,8.014,81.81,0
8791,426,2025-06-23 11:22:00,12.492,18.93,0
8792,440,2025-02-23 23:45:00,17.376,45.16,0
8793,203,2025-05-12 18:56:00,21.602,23.09,0
8794,515,2025-05-19 11:22:00,19.958,12.81,0
8795,6,2025-01-06 13:57:00,18.596,29.52,0
8796,515,2025-05-17 16:19:00,21.01,15.91,0
8797,600,2025-05-09 01:48:00,17.232,113.96,0
8798,42,2025-04-21 13:15:00,15.268,19.15,0
8799,579,2025-04-12 10:11:00,15.554,31.54,0
8800,590,2025-05-25 00:59:00,21.219,20.82,0
8801,778,2025-01-19 15:17:00,8.03,13.03,0
8802,644,2025-03-12 16:29:00,15.219,60.51,0
8803,16,2025-02-18 16:14:00,18.767,32.45,0
8804,65,2025-06-02 04:06:00,8.534,228.13,0
8805,109,2025-01-31 09:23:00,19.525,80.91,0
8806,465,2025-01-11 21:56:00,19.816,37.02,0
8807,569,2025-06-16 11:18:00,15.33,46.94,0
8808,526,2025-03-13 07:53:00,19.603,32.57,0
8809,264,2025-05-24 03:37:00,9.997,15.39,0
8810,160,2025-02-11 23:31:00,21.203,11.09,0
8811,51,2025-05-07 03:41:00,8.684,15.04,0
8812,299,2025-06-16 14:31:00,8.522,102.03,0
8813,240,2025-05-18 09:32:00,15.336,42.99,0
8814,242,2025-02-23 00:04:00,18.293,53.79,0
8815,70,2025-04-19 05:22:00,17.801,65.7,0
8816,232,2025-05-30 15:59:00,15.703,29.82,0
8817,670,2025-06-03 22:45:00,18.971,21.56,0
8818,192,2025-02-23 21:35:00,16.508,176.11,0
8819,701,2025-02-11 03:35:00,19.903,53.52,0
8820,69,2025-03-20 00:40:00,9.621,9.24,0
8821,509,2025-02-15 02:10:00,21.74,8.6,0
8822,86,2025-05-10 15:29:00,20.33,63.78,0
8823,308,2025-04-17 12:21:00,20.534,17.26,0
8824,763,2025-03-28 07:51:00,13.091,31.54,0
8825,615,2025-05-26 19:47:00,21.256,6.08,0
8826,410,2025-02-08 11:39:00,9.981,24.16,0
8827,505,2025-05-31 10:36:00,9.09,72.61,0
8828,528,2025-04-12 11:04:00,13.582,22.81,0
8829,633,2025-06-25 17:24:00,21.063,13.72,0
8830,474,2025-04-18 22:39:00,21.55,28.79,0
8831,408,2025-05-18 05:04:00,14.909,35.99,0
8832,60,2025-02-04 03:11:00,18.527,26.4,0
8833,766,2025-02-11 21:26:00,15.535,9.9,0
8834,452,2025-04-11 02:47:00,9.588,47.94,0
8835,232,2025-02-11 12:24:00,17.144,22.12,0
8836,107,2025-01-08 22:46:00,10.056,40.24,0
8837,483,2025-03-22 04:56:00,17.187,16.03,0
8838,625,2025-02-17 10:03:00,11.366,94.83,0
8839,646,2025-04-28 00:39:00,11.687,61.89,0
8840,708,2025-04-14 19:42:00,17.449,26.25,0
8841,715,2025-04-03 08:07:00,14.509,44.64,0
8842,498,2025-05-30 15:33:00,19.623,129.53,0
8843,757,2025-01-13 03:28:00,17.524,89.6,0
8844,59,2025-05-22 02:35:00,12.13,117.07,0
8845,316,2025-03-28 17:48:00,18.88,56.79,0
8846,387,2025-05-06 09:14:00,8.905,22.69,0
8847,559,2025-05-28 01:51:00,18.288,56.04,0
8848,239,2025-02-24 08:52:00,13.395,136.28,0
8849,232,2025-02-13 06:09:00,12.23,56.82,0
8850,722,2025-05-16 12:31:00,15.317,18.06,0
8851,519,2025-04-25 07:20:00,20.7,36.9,0
8852,508,2025-02-03 12:26:00,11.594,64.31,0
8853,147,2025-02-18 13:11:00,21.991,40.16,0
8854,400,2025-06-03 17:25:00,16.244,64.46,0
8855,337,2025-04-11 00:29:00,11.53,21.32,0
8856,496,2025-06-14 00:30:00,17.675,29.47,0
8857,736,2025-05-07 04:13:00,18.295,45.98,0
8858,222,2025-02-07 03:06:00,15.441,47.76,0
8859,648,2025-02-07 07:12:00,9.828,21.1,0
8860,506,2025-06-23 17:43:00,19.411,4.93,0
8861,397,2025-05-14 02:50:00,19.343,3.49,0
8862,760,2025-04-18 00:16:00,18.713,33.71,0
8863,117,2025-05-02 18:33:00,18.58,40.52,0
8864,542,2025-03-16 14:07:00,13.339,29.66,0
8865,318,2025-02-26 07:07:00,14.898,36.0,0
8866,545,2025-05-29 06:14:00,17.26,125.99,0
8867,110,2025-06-11 02:17:00,10.32,23.53,0
8868,589,2025-06-13 03:26:00,16.459,46.87,0
8869,54,2025-05-21 11:49:00,9.543,134.62,0
8870,279,2025-06-06 21:16:00,19.87,15.28,0
8871,725,2025-04-04 19:17:00,9.678,144.26,0
8872,401,2025-02-26 01:03:00,18.814,76.12,1
8873,393,2025-01-15 21:11:00,11.108,27.31,0
8874,264,2025-02-25 13:38:00,20.997,4.61,0
8875,71,2025-03-21 07:29:00,17.211,106.47,0
8876,88,2025-01-16 01:54:00,14.036,144.25,0
8877,573,2025-03-01 08:57:00,8.611,20.08,0
8878,219,2025-06-17 03:25:00,16.5,151.69,0
8879,59,2025-02-17 05:45:00,13.293,9.05,0
8880,350,2025-03-12 18:10:00,19.176,44.2,0
8881,316,2025-04-26 20:14:00,19.098,30.36,0
8882,766,2025-06-09 06:59:00,17.618,12.01,0
8883,184,2025-06-15 21:52:00,11.75,28.66,0
8884,214,2025-05-27 05:08:00,10.421,34.15,0
8885,131,2025-01-27 09:06:00,14.959,13.51,0
8886,150,2025-01-21 01:56:00,14.333,60.07,0
8887,426,2025-05-14 11:52:00,17.421,20.29,0
8888,178,2025-06-09 09:05:00,15.459,26.26,0
8889,575,2025-04-22 21:48:00,14.929,111.37,0
8890,654,2025-06-14 14:12:00,14.731,20.73,0
8891,389,2025-05-01 01:34:00,15.059,5.73,0
8892,191,2025-03-05 03:59:00,20.21,28.62,0
8893,656,2025-06-02 03:12:00,10.392,38.19,0
8894,773,2025-05-17 08:12:00,8.263,28.85,0
8895,733,2025-03-09 13:57:00,11.106,69.66,0
8896,736,2025-04-17 02:14:00,12.344,48.21,0
8897,645,2025-04-15 07:40:00,16.574,21.67,0
8898,590,2025-01-18 19:59:00,19.797,61.1,0
8899,765,2025-02-19 19:52:00,17.983,50.71,0
8900,271,2025-02-11 00:04:00,21.976,49.5,0
8901,743,2025-02-21 03:47:00,8.01,30.8,0
8902,16,2025-04-05 14:44:00,10.662,43.98,0
8903,666,2025-04-03 09:22:00,9.219,38.19,0
8904,267,2025-06-04 11:34:00,17.29,27.53,0
8905,234,2025-01-02 07:32:00,13.978,51.35,0
8906,540,2025-05-29 09:47:00,12.358,54.64,0
8907,139,2025-02-14 15:51:00,12.377,54.66,0
8908,795,2025-03-05 04:59:00,20.502,57.34,0
8909,581,2025-01-28 07:02:00,9.057,5.79,0
8910,15,2025-01-03 09:28:00,12.388,72.15,0
8911,676,2025-01-22 13:49:00,14.998,16.18,0
8912,86,2025-02-10 09:43:00,13.762,85.75,0
8913,658,2025-03-11 05:35:00,17.625,11.79,0
8914,650,2025-02-26 02:32:00,16.505,124.08,0
8915,514,2025-01-19 18:50:00,19.207,6.1,0
8916,480,2025-03-02 19:47:00,19.818,45.33,0
8917,663,2025-01-28 18:31:00,13.599,26.12,0
8918,680,2025-05-04 01:59:00,20.125,50.71,0
8919,565,2025-05-01 08:51:00,16.85,139.17,0
8920,136,2025-01-12 07:04:00,20.045,42.29,0
8921,532,2025-04-28 05:47:00,14.515,74.22,0
8922,657,2025-06-13 12:08:00,8.358,119.47,1
8923,37,2025-06-20 02:28:00,17.212,21.33,0
8924,121,2025-01-11 04:42:00,21.524,46.76,0
8925,368,2025-06-15 15:34:00,21.024,104.56,0
8926,770,2025-03-15 06:10:00,10.129,46.41,0
8927,27,2025-06-07 07:25:00,14.854,21.89,0
8928,59,2025-02-06 16:01:00,20.219,52.85,0
8929,73,2025-05-05 08:55:00,13.831,38.37,0
8930,152,2025-05-25 11:45:00,15.254,52.6,0
8931,432,2025-02-17 23:39:00,21.966,22.93,0
8932,657,2025-05-13 17:58:00,14.757,42.48,0
8933,37,2025-02-02 01:38:00,10.66,31.3,0
8934,643,2025-05-08 17:35:00,8.541,23.56,0
8935,730,2025-06-20 21:29:00,14.459,99.8,0
8936,63,2025-02-23 20:51:00,15.204,23.21,0
8937,360,2025-06-22 17:35:00,0.278,19.13,1
8938,651,2025-05-01 02:13:00,19.088,13.55,0
8939,559,2025-04-01 19:09:00,8.88,33.23,0
8940,148,2025-02-28 21:45:00,19.435,30.99,0
8941,118,2025-04-09 17:08:00,8.973,62.37,0
8942,356,2025-06-27 02:32:00,8.197,13.07,0
8943,678,2025-01-01 23:12:00,15.657,9.1,0
8944,758,2025-06-05 22:13:00,15.417,7.94,0
8945,382,2025-01-27 17:53:00,12.43,50.41,0
8946,423,2025-06-07 17:36:00,14.448,80.08,0
8947,447,2025-04-09 06:41:00,20.885,75.02,0
8948,392,2025-06-11 19:22:00,17.469,23.43,0
8949,518,2025-02-02 17:20:00,12.794,38.84,0
8950,218,2025-01-09 14:23:00,21.075,5.8,0
8951,431,2025-03-28 04:06:00,10.282,127.7,0
8952,490,2025-05-21 01:30:00,10.453,88.31,0
8953,450,2025-05-24 02:02:00,11.262,72.13,0
8954,779,2025-05-18 14:25:00,11.255,17.07,0
8955,595,2025-05-25 03:21:00,8.994,26.17,0
8956,587,2025-05-20 13:56:00,12.335,30.06,0
8957,645,2025-06-05 02:21:00,15.681,136.4,0
8958,422,2025-01-31 16:43:00,0.959,77.89,1
8959,244,2025-02-12 10:16:00,9.496,30.14,0
8960,428,2025-01-01 14:46:00,17.107,55.87,0
8961,737,2025-03-19 17:47:00,13.88,16.88,0
8962,703,2025-02-17 07:40:00,17.147,11.56,0
8963,283,2025-04-23 19:58:00,11.473,33.13,0
8964,386,2025-04-10 12:08:00,18.585,14.09,0
8965,217,2025-04-15 14:17:00,21.619,9.04,0
8966,9,2025-04-29 13:38:00,11.657,35.94,0
8967,249,2025-06-29 19:59:00,16.951,28.32,0
8968,80,2025-01-20 03:57:00,18.711,15.62,0
8969,286,2025-02-19 17:32:00,15.606,25.41,0
8970,42,2025-03-17 03:55:00,12.076,47.39,0
8971,253,2025-01-13 20:11:00,11.002,29.22,0
8972,571,2025-05-28 08:00:00,17.052,39.15,0
8973,675,2025-03-11 19:33:00,14.719,30.55,0
8974,709,2025-01-31 00:12:00,19.722,139.68,0
8975,448,2025-04-04 05:49:00,9.251,101.36,0
8976,437,2025-02-04 13:10:00,8.458,38.41,0
8977,774,2025-03-11 16:52:00,13.192,18.17,0
8978,444,2025-04-27 00:05:00,14.641,22.35,0
8979,67,2025-02-27 11:39:00,16.954,12.46,0
8980,748,2025-05-30 21:29:00,9.597,18.49,0
8981,491,2025-02-16 07:21:00,16.222,59.72,0
8982,533,2025-01-21 16:37:00,19.382,21.77,0
8983,76,2025-03-18 22:43:00,20.734,30.43,0
8984,375,2025-02-04 10:32:00,20.597,90.06,0
8985,367,2025-05-05 01:21:00,15.259,54.48,0
8986,651,2025-04-05 06:58:00,20.589,36.98,0
8987,306,2025-01-27 19:05:00,15.527,31.94,0
8988,274,2025-03-02 13:42:00,9.027,29.87,0
8989,544,2025-06-05 19:06:00,21.631,73.72,0
8990,12,2025-05-28 09:08:00,8.036,44.42,0
8991,596,2025-04-26 09:38:00,12.001,28.51,0
8992,5,2025-06-12 13:17:00,8.649,12.63,0
8993,190,2025-01-20 07:50:00,15.611,51.5,0
8994,397,2025-05-12 18:09:00,15.944,46.03,0
8995,154,2025-01-05 05:36:00,16.931,9.87,0
8996,28,2025-04-18 23:39:00,9.965,30.93,0
8997,335,2025-01-10 05:51:00,8.244,45.76,0
8998,565,2025-03-03 12:41:00,11.72,28.4,0
8999,193,2025-01-17 06:23:00,8.721,149.4,0
9000,219,2025-02-15 17:00:00,8.494,118.75,0
9001,541,2025-04-26 20:05:00,11.695,12.75,0
9002,758,2025-05-21 18:39:00,21.984,28.7,0
9003,414,2025-06-19 08:30:00,19.247,75.98,0
9004,447,2025-06-27 21:05:00,0.474,32.74,1
9005,661,2025-01-24 23:52:00,13.265,63.11,0
9006,52,2025-06-15 12:30:00,21.018,20.84,0
9007,785,2025-02-21 04:18:00,17.268,9.97,0
9008,380,2025-06-09 04:57:00,19.718,60.94,0
9009,302,2025-06-05 20:28:00,20.102,26.83,0
9010,494,2025-06-15 10:46:00,10.37,275.32,0
9011,729,2025-04-02 00:30:00,8.226,74.25,0
9012,749,2025-05-16 02:06:00,11.756,14.99,0
9013,621,2025-03-18 21:12:00,16.322,59.99,0
9014,386,2025-01-15 00:40:00,20.72,33.08,0
9015,119,2025-03-27 04:21:00,12.321,53.3,0
9016,152,2025-02-06 04:30:00,19.902,19.62,0
9017,668,2025-01-19 04:50:00,17.271,44.93,0
9018,100,2025-01-25 02:50:00,17.163,81.67,0
9019,385,2025-02-09 12:37:00,18.028,67.58,0
9020,326,2025-05-24 08:35:00,15.161,84.01,0
9021,567,2025-06-23 03:54:00,17.43,423.23,0
9022,274,2025-06-03 01:34:00,19.106,24.09,0
9023,562,2025-04-26 19:35:00,16.251,148.37,0
9024,406,2025-06-08 19:30:00,8.549,44.34,0
9025,708,2025-02-21 12:45:00,15.148,25.68,0
9026,149,2025-06-13 12:10:00,16.358,34.8,0
9027,608,2025-06-20 10:56:00,20.255,72.07,0
9028,577,2025-01-27 18:03:00,8.073,26.07,0
9029,659,2025-03-13 13:10:00,8.68,7.3,0
9030,392,2025-02-20 11:46:00,13.151,68.52,0
9031,256,2025-01-26 08:31:00,19.242,41.99,0
9032,413,2025-02-01 02:22:00,14.781,23.11,0
9033,778,2025-06-23 18:10:00,12.274,12.76,0
9034,155,2025-02-02 16:02:00,17.706,48.46,0
9035,529,2025-04-30 20:49:00,15.061,98.31,0
9036,179,2025-06-07 02:03:00,16.032,17.08,0
9037,618,2025-05-16 12:09:00,13.997,43.86,0
9038,338,2025-03-23 15:16:00,18.151,205.64,0
9039,687,2025-01-05 01:15:00,8.218,74.77,0
9040,130,2025-03-17 06:37:00,8.024,35.13,0
9041,99,2025-02-20 23:11:00,17.56,32.42,0
9042,760,2025-06-05 14:41:00,8.373,24.08,0
9043,269,2025-06-20 04:14:00,12.721,37.39,0
9044,67,2025-02-11 19:45:00,13.129,25.32,0
9045,668,2025-01-28 23:52:00,16.593,28.49,0
9046,331,2025-05-28 14:46:00,18.814,32.17,0
9047,737,2025-06-07 05:25:00,19.506,9.78,0
9048,350,2025-06-26 23:28:00,11.922,31.6,0
9049,604,2025-05-19 16:25:00,10.272,311.65,0
9050,463,2025-03-25 10:16:00,21.731,11.88,0
9051,385,2025-03-10 03:11:00,8.612,123.48,0
9052,388,2025-01-11 18:52:00,19.393,84.23,0
9053,200,2025-06-09 14:38:00,8.282,61.15,0
9054,589,2025-06-28 18:07:00,14.792,23.93,0
9055,420,2025-06-16 02:05:00,16.981,76.81,0
9056,1,2025-04-14 06:31:00,14.688,160.69,0
9057,317,2025-06-06 00:51:00,15.906,88.67,0
9058,324,2025-01-01 10:43:00,8.355,45.78,0
9059,708,2025-03-15 08:18:00,10.159,38.17,0
9060,341,2025-01-20 08:14:00,15.746,22.57,0
9061,453,2025-04-16 16:25:00,19.588,41.06,0
9062,66,2025-01-01 10:09:00,15.678,58.43,0
9063,313,2025-02-25 02:28:00,14.993,39.16,0
9064,227,2025-03-17 12:03:00,21.835,35.65,0
9065,398,2025-01-24 09:23:00,13.458,36.04,0
9066,718,2025-01-16 12:11:00,13.397,164.75,0
9067,746,2025-06-12 09:07:00,9.036,43.76,0
9068,229,2025-02-19 00:09:00,18.965,45.09,0
9069,490,2025-06-26 14:35:00,8.948,5.58,0
9070,763,2025-03-08 17:26:00,9.906,82.36,0
9071,183,2025-01-11 13:05:00,8.795,60.82,0
9072,350,2025-01-19 14:52:00,10.693,58.56,0
9073,400,2025-05-04 19:01:00,14.144,61.81,0
9074,2,2025-01-03 07:12:00,8.588,17.79,0
9075,372,2025-06-20 20:45:00,13.76,30.14,0
9076,97,2025-02-15 23:57:00,14.735,155.65,0
9077,248,2025-04-20 10:12:00,9.551,12.39,0
9078,92,2025-03-21 21:21:00,8.772,13.01,0
9079,589,2025-01-09 11:27:00,12.402,11.73,0
9080,667,2025-05-07 12:38:00,17.107,32.8,0
9081,214,2025-01-03 16:25:00,16.5,136.14,0
9082,32,2025-05-24 10:26:00,9.773,47.47,0
9083,394,2025-04-01 17:43:00,9.287,90.69,0
9084,91,2025-02-24 10:45:00,10.616,7.68,0
9085,352,2025-06-19 04:33:00,20.241,19.39,0
9086,435,2025-02-06 13:44:00,21.043,22.02,0
9087,373,2025-02-20 04:41:00,15.303,136.85,0
9088,417,2025-04-27 05:41:00,20.632,42.62,0
9089,453,2025-03-05 01:24:00,9.84,36.54,0
9090,130,2025-03-29 14:59:00,17.201,44.44,0
9091,546,2025-05-24 06:41:00,17.083,31.44,0
9092,534,2025-06-14 10:08:00,14.291,186.68,0
9093,114,2025-05-25 07:10:00,18.329,180.82,0
9094,347,2025-01-15 11:32:00,14.65,93.17,0
9095,230,2025-06-19 20:31:00,19.991,85.13,0
9096,317,2025-03-17 17:55:00,9.902,25.27,0
9097,618,2025-05-31 23:03:00,8.242,55.33,0
9098,477,2025-02-21 10:54:00,13.294,7.66,0
9099,726,2025-04-17 21:44:00,9.801,26.97,0
9100,455,2025-06-23 14:41:00,10.508,10.98,0
9101,35,2025-06-18 23:25:00,8.669,56.76,0
9102,569,2025-04-28 18:21:00,14.028,35.07,0
9103,58,2025-04-21 14:17:00,18.321,70.27,0
9104,273,2025-01-06 06:43:00,15.793,64.23,0
9105,747,2025-04-19 06:49:00,12.994,93.54,0
9106,791,2025-03-17 16:09:00,8.164,20.61,0
9107,118,2025-01-03 18:58:00,15.127,9.03,0
9108,788,2025-06-20 03:24:00,12.588,179.88,0
9109,783,2025-03-23 23:34:00,11.344,24.63,0
9110,702,2025-05-19 11:43:00,14.322,36.69,0
9111,662,2025-01-08 17:32:00,10.381,89.7,0
9112,60,2025-02-14 02:36:00,12.503,30.11,0
9113,96,2025-06-11 18:41:00,20.966,15.24,0
9114,490,2025-06-18 15:49:00,16.552,206.92,0
9115,82,2025-01-02 21:13:00,21.857,24.54,0
9116,200,2025-06-10 15:46:00,16.79,167.02,0
9117,781,2025-02-25 06:14:00,9.358,51.22,0
9118,728,2025-02-08 21:29:00,17.321,85.48,0
9119,203,2025-06-29 02:41:00,20.122,84.17,0
9120,430,2025-04-07 05:10:00,20.778,27.52,0
9121,430,2025-05-24 02:40:00,15.763,61.89,0
9122,210,2025-01-25 19:32:00,9.682,185.79,0
9123,188,2025-05-17 09:07:00,17.003,110.23,0
9124,349,2025-03-07 22:35:00,10.002,96.74,0
9125,480,2025-05-09 07:38:00,8.785,66.55,0
9126,643,2025-04-29 00:38:00,10.964,35.45,0
9127,672,2025-01-10 05:21:00,9.358,19.38,0
9128,16,2025-06-07 11:46:00,14.236,137.65,0
9129,525,2025-02-21 21:01:00,21.215,24.39,0
9130,492,2025-03-07 15:42:00,17.246,26.03,0
9131,37,2025-05-24 17:19:00,17.723,39.01,0
9132,667,2025-06-07 20:38:00,19.25,11.92,0
9133,476,2025-06-11 04:47:00,11.349,28.56,0
9134,575,2025-03-23 21:20:00,16.014,21.04,0
9135,528,2025-03-05 00:14:00,17.981,12.2,0
9136,267,2025-05-28 12:22:00,12.257,14.09,0
9137,160,2025-02-16 16:40:00,13.426,37.41,0
9138,302,2025-04-26 18:22:00,17.819,86.67,0
9139,609,2025-02-12 11:04:00,19.318,35.51,0
9140,509,2025-02-07 20:08:00,13.063,15.91,0
9141,501,2025-04-09 15:38:00,16.76,22.53,0
9142,104,2025-06-05 16:42:00,17.3,50.19,0
9143,7,2025-02-22 11:13:00,21.004,95.54,0
9144,534,2025-05-11 17:37:00,19.024,82.22,0
9145,760,2025-01-04 20:10:00,10.723,46.28,0
9146,286,2025-05-06 15:13:00,16.759,128.37,0
9147,356,2025-03-12 08:02:00,21.408,25.0,0
9148,766,2025-01-14 11:26:00,13.296,14.91,0
9149,185,2025-04-10 16:07:00,18.714,30.39,0
9150,417,2025-02-13 01:21:00,15.549,104.78,0
9151,68,2025-04-25 03:55:00,14.129,66.88,0
9152,210,2025-01-08 18:07:00,15.984,91.43,0
9153,299,2025-03-03 17:33:00,13.952,35.6,0
9154,548,2025-02-12 11:32:00,12.452,42.97,0
9155,246,2025-02-26 12:00:00,18.656,32.32,0
9156,368,2025-01-02 09:47:00,15.458,19.26,0
9157,238,2025-02-21 02:20:00,21.088,39.5,0
9158,112,2025-01-16 22:52:00,8.122,32.15,0
9159,634,2025-04-23 04:45:00,18.771,26.12,0
9160,538,2025-03-24 16:56:00,10.203,62.44,0
9161,516,2025-02-21 01:15:00,18.657,42.63,0
9162,466,2025-04-21 23:02:00,20.183,113.44,0
9163,106,2025-06-15 00:48:00,18.977,19.24,0
9164,412,2025-04-08 12:59:00,16.314,27.8,0
9165,566,2025-02-20 16:53:00,9.718,9.34,0
9166,395,2025-03-14 13:54:00,21.445,17.41,0
9167,578,2025-05-23 08:50:00,12.569,63.65,0
9168,263,2025-01-18 20:58:00,8.395,73.78,0
9169,411,2025-02-27 13:14:00,8.026,67.0,0
9170,304,2025-03-26 11:51:00,18.341,108.72,0
9171,796,2025-04-25 06:04:00,19.662,59.5,0
9172,143,2025-04-14 18:46:00,19.243,40.57,0
9173,226,2025-05-06 19:44:00,15.827,65.9,0
9174,544,2025-06-19 04:12:00,16.846,21.07,0
9175,46,2025-02-01 09:17:00,20.695,10.4,0
9176,410,2025-03-28 07:30:00,17.291,28.28,0
9177,23,2025-03-10 09:27:00,12.917,31.11,0
9178,422,2025-01-16 20:45:00,21.306,42.39,0
9179,256,2025-01-23 23:09:00,21.518,20.48,0
9180,151,2025-04-24 03:30:00,16.79,23.98,0
9181,398,2025-04-02 22:01:00,15.925,72.93,0
9182,264,2025-02-22 17:39:00,21.116,14.65,0
9183,62,2025-06-13 16:41:00,18.893,35.97,0
9184,426,2025-02-25 23:35:00,9.662,23.7,0
9185,452,2025-04-18 07:44:00,21.414,10.09,0
9186,529,2025-06-27 22:33:00,18.141,28.12,0
9187,720,2025-05-07 07:10:00,18.346,19.02,0
9188,561,2025-05-12 01:46:00,13.613,27.87,0
9189,637,2025-02-20 22:47:00,8.118,41.59,0
9190,518,2025-06-14 15:39:00,11.804,6.85,0
9191,537,2025-03-26 06:44:00,12.636,89.06,0
9192,634,2025-02-24 06:27:00,14.382,432.15,0
9193,529,2025-05-14 08:09:00,17.819,18.34,0
9194,401,2025-04-06 11:43:00,14.309,24.35,0
9195,584,2025-01-24 15:13:00,13.21,20.23,0
9196,772,2025-01-04 13:53:00,11.474,16.4,0
9197,395,2025-01-22 21:46:00,18.759,192.01,0
9198,180,2025-01-29 16:34:00,19.025,30.4,0
9199,321,2025-02-10 09:33:00,13.085,68.0,0
9200,11,2025-03-04 04:32:00,11.046,99.97,0
9201,245,2025-02-12 14:58:00,11.081,90.03,0
9202,709,2025-06-12 13:28:00,17.279,95.63,0
9203,79,2025-06-23 05:33:00,18.816,13.61,0
9204,710,2025-06-25 00:36:00,18.99,80.95,0
9205,449,2025-01-29 13:11:00,20.189,28.63,0
9206,254,2025-04-07 02:55:00,18.563,145.21,0
9207,378,2025-01-19 22:16:00,14.803,19.24,0
9208,702,2025-05-08 14:49:00,11.743,14.99,0
9209,95,2025-01-25 18:47:00,13.233,37.36,0
9210,452,2025-02-22 04:45:00,11.972,62.44,0
9211,214,2025-02-06 12:34:00,9.393,8.89,0
9212,432,2025-03-28 13:21:00,10.015,26.89,0
9213,629,2025-03-08 08:52:00,8.178,15.46,0
9214,710,2025-04-08 07:42:00,10.754,77.84,1
9215,204,2025-02-05 11:42:00,19.693,23.64,0
9216,530,2025-04-02 11:52:00,15.52,91.52,0
9217,340,2025-01-16 19:17:00,13.452,20.95,0
9218,402,2025-01-08 09:55:00,11.323,47.39,0
9219,129,2025-01-25 14:11:00,16.258,12.31,0
9220,685,2025-02-17 23:51:00,21.627,34.05,0
9221,135,2025-05-23 03:21:00,12.872,15.47,0
9222,31,2025-03-01 12:06:00,19.865,126.17,0
9223,605,2025-04-04 14:43:00,21.148,87.71,0
9224,324,2025-05-03 02:27:00,19.017,44.17,0
9225,53,2025-05-15 06:12:00,16.28,84.28,0
9226,544,2025-04-16 02:06:00,12.228,24.9,0
9227,228,2025-02-01 19:20:00,8.467,60.6,0
9228,780,2025-04-30 07:43:00,18.312,34.86,0
9229,784,2025-02-24 22:20:00,21.384,56.11,0
9230,440,2025-04-17 10:10:00,17.649,41.0,0
9231,380,2025-06-26 19:33:00,8.507,35.53,0
9232,355,2025-01-14 02:17:00,9.952,8.73,0
9233,484,2025-01-16 10:05:00,13.501,22.17,0
9234,727,2025-02-14 23:58:00,21.85,158.71,0
9235,512,2025-03-20 23:03:00,9.189,33.89,0
9236,79,2025-03-28 04:59:00,12.45,21.01,0
9237,156,2025-02-23 05:43:00,15.726,38.68,0
9238,503,2025-06-12 03:39:00,9.567,11.01,0
9239,295,2025-01-02 07:41:00,9.646,25.51,0
9240,383,2025-04-09 00:05:00,8.962,43.27,0
9241,320,2025-04-10 10:35:00,15.039,55.32,0
9242,476,2025-05-19 13:38:00,12.011,49.18,0
9243,184,2025-04-10 00:01:00,8.553,125.13,0
9244,58,2025-01-25 09:33:00,15.026,21.76,0
9245,187,2025-02-27 16:23:00,18.226,11.21,0
9246,534,2025-02-01 02:11:00,17.364,27.96,0
9247,486,2025-03-27 00:09:00,17.58,23.72,0
9248,647,2025-06-14 15:14:00,15.709,43.24,0
9249,86,2025-03-12 13:12:00,18.937,29.57,0
9250,113,2025-03-07 15:22:00,8.873,41.76,0
9251,103,2025-03-25 13:22:00,10.67,40.43,0
9252,450,2025-01-30 21:11:00,17.846,75.58,0
9253,458,2025-06-02 15:34:00,12.7,36.81,0
9254,127,2025-04-30 16:57:00,11.344,43.83,0
9255,359,2025-05-09 12:21:00,8.379,154.69,0
9256,41,2025-03-04 23:08:00,20.159,10.04,0
9257,489,2025-02-20 10:39:00,19.732,43.04,0
9258,455,2025-03-27 07:47:00,8.847,33.9,0
9259,21,2025-02-13 02:49:00,12.261,38.63,0
9260,70,2025-01-04 20:20:00,11.004,59.12,0
9261,563,2025-05-11 12:56:00,10.895,19.07,0
9262,719,2025-06-04 18:49:00,11.613,23.55,0
9263,679,2025-02-10 09:54:00,12.159,66.86,0
9264,453,2025-04-23 20:33:00,17.891,32.81,0
9265,419,2025-06-13 08:46:00,21.578,17.24,0
9266,646,2025-05-14 05:34:00,8.636,69.71,0
9267,672,2025-05-30 21:46:00,12.52,61.64,0
9268,725,2025-06-10 11:36:00,17.344,42.1,0
9269,319,2025-02-15 10:52:00,12.283,51.46,0
9270,380,2025-01-14 04:17:00,10.676,58.15,0
9271,63,2025-05-25 06:28:00,10.35,34.38,0
9272,140,2025-05-23 09:16:00,16.371,47.32,0
9273,302,2025-02-04 10:37:00,10.115,14.23,0
9274,647,2025-06-12 15:42:00,9.352,31.29,0
9275,357,2025-01-05 11:23:00,18.496,79.87,0
9276,469,2025-03-09 20:44:00,12.813,214.19,0
9277,692,2025-06-23 00:02:00,20.524,40.74,0
9278,380,2025-03-05 11:27:00,14.95,17.91,0
9279,267,2025-05-18 01:02:00,9.845,27.8,0
9280,584,2025-01-07 20:23:00,10.699,11.56,0
9281,252,2025-03-30 00:34:00,20.341,63.16,0
9282,310,2025-05-21 16:51:00,9.758,38.3,0
9283,710,2025-06-01 18:39:00,12.417,17.19,0
9284,349,2025-03-20 12:27:00,12.248,31.68,0
9285,200,2025-01-14 15:32:00,21.828,64.92,0
9286,667,2025-04-06 20:20:00,21.642,38.45,0
9287,513,2025-05-14 03:25:00,17.689,21.29,0
9288,614,2025-03-23 03:53:00,11.297,83.69,0
9289,261,2025-06-22 03:19:00,10.51,48.6,0
9290,625,2025-02-26 12:40:00,8.841,20.02,0
9291,761,2025-05-28 08:18:00,8.858,37.68,0
9292,130,2025-05-16 20:55:00,21.171,6.8,0
9293,151,2025-03-19 16:50:00,16.449,45.46,0
9294,451,2025-01-18 14:30:00,10.776,345.46,0
9295,579,2025-03-04 08:03:00,18.939,88.39,0
9296,0,2025-05-19 02:48:00,9.07,32.19,0
9297,440,2025-06-10 15:14:00,15.313,44.93,0
9298,101,2025-03-24 06:20:00,10.741,56.89,0
9299,782,2025-02-22 11:18:00,14.281,59.92,0
9300,581,2025-05-18 19:00:00,11.207,33.51,0
9301,795,2025-06-18 17:46:00,9.911,6.43,0
9302,174,2025-01-26 14:44:00,20.976,27.79,0
9303,634,2025-02-27 13:44:00,20.879,22.77,0
9304,768,2025-05-24 01:18:00,14.906,33.91,1
9305,82,2025-01-23 12:03:00,19.007,20.15,0
9306,384,2025-06-25 07:38:00,10.825,59.65,0
9307,375,2025-02-12 11:02:00,13.557,185.89,0
9308,400,2025-03-29 13:46:00,11.158,80.09,0
9309,683,2025-04-04 12:10:00,9.173,34.72,0
9310,223,2025-03-09 09:00:00,13.934,123.23,0
9311,510,2025-01-24 14:22:00,18.429,78.02,0
9312,159,2025-01-06 10:23:00,18.427,65.72,0
9313,703,2025-03-10 09:24:00,14.207,23.19,0
9314,366,2025-02-18 11:08:00,14.248,32.64,0
9315,639,2025-06-13 01:17:00,16.441,58.51,0
9316,215,2025-04-30 15:11:00,21.064,205.75,0
9317,250,2025-01-17 21:35:00,10.101,115.75,0
9318,786,2025-05-16 21:58:00,13.669,58.86,0
9319,156,2025-04-21 14:49:00,20.68,41.68,0
9320,449,2025-01-23 14:43:00,15.682,67.46,0
9321,258,2025-03-14 16:15:00,19.101,56.21,0
9322,312,2025-05-13 17:40:00,14.477,124.87,0
9323,556,2025-04-27 13:00:00,20.895,15.27,0
9324,625,2025-04-14 04:42:00,20.464,37.68,0
9325,384,2025-03-30 03:06:00,14.243,67.28,0
9326,510,2025-05-05 07:13:00,8.07,114.7,0
9327,35,2025-06-07 19:21:00,15.926,174.96,0
9328,187,2025-01-31 21:20:00,10.855,11.44,0
9329,593,2025-03-14 10:47:00,11.368,20.68,0
9330,532,2025-06-02 18:34:00,14.016,34.75,0
9331,35,2025-04-02 12:24:00,14.3,13.63,0
9332,712,2025-02-01 16:50:00,20.049,139.34,0
9333,327,2025-01-24 10:11:00,8.438,40.59,0
9334,243,2025-05-11 22:10:00,12.131,94.01,0
9335,369,2025-03-30 06:07:00,16.852,31.92,0
9336,315,2025-05-23 07:54:00,16.708,50.98,0
9337,402,2025-01-21 15:38:00,12.449,12.35,0
9338,131,2025-04-20 05:56:00,10.491,15.76,0
9339,111,2025-04-15 23:07:00,11.878,16.0,0
9340,791,2025-03-24 16:50:00,20.493,9.34,0
9341,598,2025-03-18 22:20:00,0.279,83.58,1
9342,288,2025-02-18 19:56:00,14.885,36.34,0
9343,679,2025-05-22 00:09:00,21.192,85.68,0
9344,636,2025-03-01 14:45:00,9.658,33.51,0
9345,558,2025-03-17 07:49:00,20.19,90.53,0
9346,577,2025-06-04 15:48:00,18.407,78.82,0
9347,760,2025-04-24 12:10:00,14.796,33.34,0
9348,667,2025-01-07 23:36:00,21.285,43.08,0
9349,206,2025-01-11 14:50:00,9.042,48.73,0
9350,581,2025-04-07 18:52:00,19.964,89.73,0
9351,128,2025-05-08 19:16:00,10.768,35.81,0
9352,402,2025-03-26 19:23:00,12.959,48.9,0
9353,53,2025-06-22 08:06:00,9.713,11.28,0
9354,135,2025-06-03 02:51:00,14.934,18.16,0
9355,577,2025-03-22 14:24:00,10.367,20.43,0
9356,297,2025-02-12 08:28:00,11.571,55.54,0
9357,129,2025-01-02 18:32:00,8.835,20.92,0
9358,783,2025-01-07 01:24:00,12.271,40.23,0
9359,750,2025-04-19 15:45:00,10.294,32.21,0
9360,183,2025-03-02 06:06:00,17.595,36.81,0
9361,478,2025-01-27 03:09:00,16.934,73.52,0
9362,235,2025-01-14 05:09:00,17.316,41.87,0
9363,643,2025-03-26 05:37:00,17.464,30.05,0
9364,550,2025-04-16 06:48:00,9.444,50.68,0
9365,347,2025-01-06 20:12:00,10.994,133.67,0
9366,744,2025-03-17 09:25:00,18.325,38.28,0
9367,587,2025-03-21 16:56:00,14.751,13.15,0
9368,121,2025-01-11 02:35:00,16.821,12.22,0
9369,354,2025-06-07 09:46:00,8.792,27.97,0
9370,663,2025-02-11 09:30:00,13.408,14.06,0
9371,431,2025-01-25 08:52:00,14.132,5.16,0
9372,79,2025-01-25 02:11:00,17.693,27.69,0
9373,618,2025-03-31 16:46:00,20.769,47.46,0
9374,384,2025-05-08 12:33:00,16.043,105.9,0
9375,190,2025-02-15 16:43:00,18.656,34.51,0
9376,652,2025-05-18 21:01:00,17.009,44.84,0
9377,707,2025-02-16 23:39:00,20.739,52.87,0
9378,470,2025-02-03 15:43:00,19.351,37.4,0
9379,573,2025-04-26 19:04:00,11.462,20.52,0
9380,192,2025-05-20 06:28:00,11.112,198.79,0
9381,597,2025-05-15 16:33:00,20.767,15.87,0
9382,723,2025-04-11 08:18:00,16.364,48.84,0
9383,190,2025-06-07 04:35:00,14.295,18.75,0
9384,754,2025-06-02 19:53:00,17.802,38.31,0
9385,72,2025-02-20 02:01:00,11.944,48.57,0
9386,356,2025-04-23 20:49:00,19.32,29.78,0
9387,58,2025-01-13 17:45:00,15.388,13.26,0
9388,357,2025-01-15 08:17:00,20.194,26.51,0
9389,517,2025-03-21 14:39:00,17.012,1733.34,1
9390,696,2025-05-07 15:36:00,11.643,10.52,0
9391,120,2025-04-16 05:26:00,21.516,129.03,0
9392,709,2025-01-30 13:58:00,13.634,37.76,0
9393,799,2025-05-14 02:59:00,18.723,62.0,0
9394,53,2025-04-20 06:02:00,11.577,15.06,0
9395,768,2025-05-17 02:13:00,13.839,31.07,0
9396,725,2025-04-21 04:48:00,18.336,20.54,0
9397,23,2025-06-05 10:49:00,17.748,44.33,0
9398,50,2025-03-07 04:34:00,21.146,14.61,0
9399,580,2025-01-06 14:37:00,19.17,21.3,0
9400,335,2025-04-18 18:49:00,12.539,182.97,0
9401,208,2025-06-26 13:54:00,20.086,58.73,0
9402,323,2025-01-18 16:44:00,20.895,47.43,0
9403,272,2025-06-24 00:38:00,21.357,46.82,0
9404,780,2025-05-19 14:35:00,20.606,112.42,0
9405,192,2025-01-07 09:33:00,17.735,31.63,0
9406,70,2025-04-08 16:41:00,19.141,74.03,0
9407,664,2025-02-26 09:26:00,17.07,5.3,0
9408,671,2025-04-28 16:37:00,12.476,31.8,0
9409,715,2025-05-18 19:08:00,19.425,27.33,0
9410,776,2025-03-09 06:58:00,11.186,23.01,0
9411,32,2025-03-28 03:09:00,14.038,63.23,0
9412,615,2025-01-08 04:27:00,12.809,31.43,0
9413,216,2025-01-01 20:03:00,10.41,30.78,0
9414,337,2025-05-17 16:26:00,19.185,18.69,0
9415,358,2025-03-05 20:22:00,14.607,25.55,0
9416,788,2025-06-08 01:16:00,15.378,7.03,0
9417,417,2025-04-15 05:00:00,15.029,27.19,0
9418,178,2025-03-13 08:43:00,17.651,11.28,0
9419,70,2025-06-08 07:47:00,10.463,120.43,0
9420,471,2025-01-11 06:51:00,15.011,62.95,0
9421,664,2025-05-30 06:21:00,11.643,72.66,0
9422,568,2025-01-14 07:51:00,21.603,12.17,0
9423,747,2025-06-20 08:05:00,8.842,68.43,0
9424,33,2025-04-12 19:20:00,20.998,20.52,0
9425,322,2025-03-26 05:26:00,8.839,43.68,0
9426,489,2025-04-28 22:03:00,9.53,30.14,0
9427,685,2025-05-24 16:32:00,20.688,11.62,0
9428,250,2025-02-21 08:04:00,17.07,15.26,0
9429,541,2025-01-19 03:10:00,12.542,59.31,0
9430,166,2025-06-24 03:07:00,16.237,57.82,0
9431,473,2025-04-04 07:44:00,10.326,11.67,0
9432,620,2025-02-21 15:41:00,8.908,86.89,0
9433,655,2025-06-14 23:37:00,8.689,25.79,0
9434,361,2025-01-08 03:18:00,11.78,12.55,0
9435,378,2025-05-31 23:49:00,10.512,22.56,0
9436,705,2025-01-04 08:13:00,13.646,11.83,0
9437,438,2025-04-29 00:14:00,20.273,19.59,0
9438,280,2025-01-07 20:03:00,13.3,23.87,0
9439,219,2025-01-27 20:33:00,13.58,52.88,0
9440,569,2025-02-28 17:20:00,9.691,67.05,0
9441,569,2025-02-02 18:35:00,21.842,81.92,0
9442,430,2025-01-09 00:58:00,10.033,65.65,0
9443,127,2025-05-03 03:46:00,12.736,7.63,0
9444,129,2025-05-18 00:28:00,21.24,11.02,0
9445,194,2025-02-28 14:27:00,14.369,84.24,0
9446,9,2025-05-06 14:52:00,12.733,24.11,0
9447,383,2025-03-01 07:12:00,18.012,31.33,0
9448,331,2025-02-08 18:18:00,8.462,58.06,0
9449,308,2025-06-02 13:43:00,12.497,98.27,0
9450,747,2025-04-05 12:45:00,16.123,50.98,0
9451,191,2025-01-04 16:25:00,21.874,17.59,0
9452,647,2025-05-06 20:31:00,21.546,13.18,0
9453,153,2025-03-12 15:40:00,16.767,14.86,0
9454,489,2025-01-14 03:48:00,12.762,93.22,0
9455,688,2025-02-12 21:06:00,15.701,69.67,0
9456,670,2025-02-27 10:15:00,21.074,36.31,0
9457,472,2025-01-05 21:04:00,17.34,11.19,0
9458,165,2025-05-12 01:27:00,10.089,71.44,0
9459,301,2025-02-08 23:35:00,21.602,40.72,0
9460,339,2025-01-29 04:24:00,20.631,18.95,0
9461,676,2025-02-03 03:56:00,11.035,33.51,0
9462,301,2025-05-09 14:20:00,17.196,52.51,0
9463,660,2025-04-01 19:19:00,20.295,24.51,0
9464,761,2025-05-27 09:31:00,11.087,15.28,0
9465,88,2025-03-20 08:01:00,20.931,40.71,0
9466,748,2025-05-03 20:11:00,10.521,42.82,0
9467,453,2025-03-26 21:44:00,13.0,7.69,0
9468,480,2025-04-17 17:11:00,21.204,33.04,0
9469,244,2025-06-08 00:34:00,21.253,17.84,0
9470,267,2025-04-21 12:02:00,8.326,51.25,0
9471,432,2025-03-30 23:55:00,20.13,8.96,0
9472,159,2025-06-05 19:11:00,0.511,12.63,1
9473,574,2025-04-26 00:30:00,20.204,5.37,0
9474,533,2025-06-17 22:34:00,14.467,48.78,0
9475,6,2025-04-27 13:07:00,21.741,10.55,0
9476,168,2025-05-04 15:53:00,18.475,12.11,0
9477,410,2025-04-04 00:53:00,18.631,32.54,0
9478,593,2025-06-02 23:37:00,13.977,30.81,0
9479,233,2025-02-24 20:37:00,13.493,58.26,0
9480,709,2025-04-08 23:14:00,10.878,63.15,0
9481,427,2025-06-12 13:38:00,8.815,86.45,0
9482,431,2025-02-08 06:27:00,20.62,127.37,0
9483,87,2025-03-20 20:55:00,16.27,80.6,0
9484,502,2025-01-05 15:21:00,15.814,45.67,0
9485,654,2025-04-13 19:16:00,12.732,41.65,0
9486,169,2025-03-04 12:42:00,18.356,57.32,0
9487,434,2025-04-11 15:30:00,13.696,6.95,0
9488,5,2025-02-12 12:27:00,19.331,30.93,0
9489,168,2025-05-29 23:23:00,9.118,8.11,0
9490,56,2025-06-27 07:56:00,11.464,19.44,0
9491,615,2025-04-07 05:33:00,11.968,10.75,0
9492,796,2025-04-20 20:11:00,8.327,47.77,0
9493,30,2025-03-24 05:49:00,17.288,56.61,0
9494,561,2025-02-23 17:00:00,17.823,92.59,0
9495,474,2025-03-24 19:27:00,13.787,16.14,0
9496,561,2025-03-30 22:03:00,19.136,20.68,0
9497,401,2025-05-21 09:22:00,21.352,83.23,0
9498,793,2025-05-05 06:38:00,18.314,23.24,0
9499,31,2025-03-01 09:29:00,17.426,19.7,0
9500,119,2025-04-22 01:06:00,14.295,61.89,0
9501,199,2025-06-18 06:33:00,15.749,53.0,0
9502,625,2025-03-17 04:30:00,12.034,75.27,0
9503,61,2025-06-02 09:19:00,11.418,51.48,0
9504,98,2025-03-27 06:12:00,8.367,25.53,0
9505,585,2025-01-25 21:39:00,14.732,105.08,0
9506,334,2025-02-02 18:35:00,11.151,70.95,0
9507,564,2025-02-27 02:28:00,14.543,34.52,0
9508,293,2025-04-15 19:12:00,19.373,71.12,0
9509,71,2025-06-13 00:16:00,13.14,34.63,0
9510,477,2025-03-12 19:33:00,12.507,16.67,0
9511,87,2025-02-20 02:33:00,14.256,38.24,0
9512,383,2025-04-28 20:10:00,14.937,163.43,0
9513,704,2025-02-27 04:17:00,11.817,80.52,0
9514,146,2025-03-20 10:35:00,16.399,48.82,0
9515,160,2025-02-09 03:24:00,8.406,17.08,0
9516,758,2025-02-23 00:17:00,14.806,13.59,0
9517,242,2025-01-10 18:58:00,17.086,28.78,0
9518,298,2025-04-13 07:31:00,14.528,21.53,0
9519,547,2025-03-28 02:55:00,21.696,35.5,0
9520,102,2025-01-31 22:51:00,10.17,39.49,0
9521,48,2025-05-16 20:57:00,14.343,11.22,0
9522,674,2025-02-06 07:48:00,12.085,17.9,0
9523,758,2025-04-29 19:11:00,20.645,26.36,0
9524,789,2025-01-21 04:13:00,10.514,49.62,0
9525,18,2025-01-05 23:20:00,15.3,51.12,0
9526,423,2025-01-23 05:25:00,13.94,15.31,0
9527,679,2025-04-05 05:00:00,20.841,13.14,0
9528,675,2025-02-02 08:33:00,15.806,16.41,0
9529,288,2025-03-01 10:50:00,14.519,66.19,0
9530,392,2025-04-07 18:09:00,16.212,23.96,0
9531,120,2025-04-26 12:31:00,17.96,38.11,0
9532,111,2025-05-22 04:16:00,8.448,48.86,0
9533,301,2025-03-14 22:17:00,11.455,93.45,0
9534,184,2025-01-20 01:48:00,11.3,13.18,0
9535,778,2025-06-26 11:53:00,13.818,92.35,0
9536,64,2025-05-20 23:50:00,16.069,55.57,0
9537,423,2025-05-30 02:54:00,20.822,132.88,0
9538,445,2025-06-16 02:38:00,15.921,107.72,0
9539,47,2025-05-07 01:36:00,10.54,38.21,0
9540,352,2025-06-28 19:44:00,15.362,19.23,0
9541,753,2025-04-03 19:40:00,14.0,59.39,0
9542,87,2025-04-11 20:43:00,17.04,14.29,0
9543,114,2025-04-17 09:36:00,16.916,41.61,0
9544,132,2025-04-02 11:35:00,17.242,19.3,0
9545,43,2025-03-21 14:01:00,21.962,28.86,0
9546,707,2025-03-01 12:35:00,8.386,6.11,0
9547,36,2025-05-24 00:55:00,18.671,32.72,0
9548,224,2025-03-01 03:06:00,19.968,38.53,0
9549,661,2025-06-13 11:34:00,11.432,22.86,0
9550,796,2025-05-15 23:05:00,18.604,32.72,0
9551,122,2025-06-29 20:05:00,9.47,14.71,0
9552,288,2025-04-27 03:45:00,15.595,65.3,0
9553,143,2025-04-18 18:56:00,12.514,35.7,0
9554,153,2025-03-02 06:01:00,11.192,209.8,0
9555,755,2025-05-03 17:44:00,17.06,44.22,0
9556,270,2025-04-15 11:36:00,13.637,47.53,0
9557,489,2025-03-13 23:24:00,10.325,24.04,0
9558,125,2025-01-13 03:45:00,16.492,90.84,0
9559,228,2025-01-02 12:36:00,15.095,24.84,0
9560,288,2025-02-11 13:06:00,8.591,139.54,0
9561,469,2025-05-07 13:58:00,19.491,136.34,0
9562,720,2025-06-15 08:54:00,21.814,23.23,0
9563,194,2025-06-18 03:01:00,12.792,28.04,0
9564,516,2025-04-05 12:52:00,21.822,19.59,0
9565,395,2025-06-04 17:34:00,21.941,12.01,0
9566,636,2025-01-01 18:00:00,14.501,44.27,0
9567,267,2025-06-08 03:38:00,20.889,35.13,0
9568,338,2025-06-23 11:34:00,18.952,59.4,0
9569,498,2025-03-14 09:11:00,19.683,33.62,0
9570,354,2025-01-09 04:24:00,9.715,70.33,0
9571,607,2025-05-09 10:32:00,18.924,33.69,0
9572,11,2025-01-03 11:00:00,11.312,29.95,0
9573,278,2025-04-25 22:01:00,18.465,37.53,0
9574,139,2025-02-27 20:22:00,11.303,64.28,0
9575,115,2025-04-08 08:50:00,18.975,26.04,0
9576,42,2025-06-15 14:12:00,20.513,72.38,0
9577,284,2025-01-28 06:59:00,15.024,19.41,0
9578,174,2025-01-07 03:02:00,14.065,27.22,0
9579,606,2025-04-14 13:54:00,10.04,7.87,0
9580,401,2025-05-06 08:18:00,11.304,26.64,0
9581,629,2025-02-23 17:54:00,21.891,14.27,0
9582,708,2025-01-30 13:28:00,18.231,54.53,0
9583,628,2025-05-07 15:30:00,18.767,52.59,0
9584,336,2025-05-05 00:32:00,19.396,92.64,0
9585,779,2025-06-20 01:45:00,16.171,132.24,0
9586,308,2025-06-05 13:50:00,14.176,30.73,0
9587,659,2025-05-11 23:28:00,12.873,19.4,0
9588,138,2025-01-04 14:11:00,8.382,50.94,0
9589,774,2025-02-16 17:09:00,19.336,25.66,0
9590,242,2025-04-28 22:17:00,20.108,21.57,0
9591,501,2025-03-25 17:52:00,12.801,34.52,0
9592,283,2025-01-10 08:34:00,15.21,21.86,0
9593,183,2025-04-12 16:13:00,16.092,181.81,0
9594,263,2025-05-17 17:23:00,17.204,28.34,0
9595,486,2025-05-11 16:58:00,17.098,34.15,0
9596,89,2025-06-16 03:05:00,10.754,66.88,0
9597,158,2025-01-27 14:42:00,17.613,201.81,0
9598,735,2025-06-21 18:22:00,18.536,29.22,0
9599,68,2025-04-05 14:33:00,8.242,7.83,0
9600,577,2025-02-25 00:17:00,16.65,32.92,0
9601,241,2025-06-04 19:47:00,13.834,8.94,0
9602,255,2025-01-19 14:01:00,20.392,23.16,0
9603,290,2025-01-05 23:10:00,21.212,115.97,0
9604,306,2025-05-12 11:31:00,16.172,18.43,0
9605,567,2025-05-11 23:08:00,13.595,15.16,0
9606,643,2025-01-17 07:24:00,21.133,69.54,0
9607,290,2025-06-08 11:29:00,11.777,29.4,0
9608,137,2025-06-01 07:34:00,14.896,92.14,0
9609,2,2025-05-24 05:41:00,12.944,27.99,0
9610,579,2025-03-12 11:54:00,10.151,58.65,0
9611,733,2025-06-17 17:32:00,20.52,10.19,0
9612,27,2025-01-24 13:53:00,11.507,16.57,0
9613,471,2025-05-21 21:18:00,19.135,30.19,0
9614,174,2025-06-01 09:57:00,18.545,25.34,0
9615,168,2025-04-04 05:51:00,17.336,258.23,0
9616,662,2025-03-04 05:34:00,9.526,759.21,1
9617,201,2025-03-27 20:21:00,13.609,77.24,0
9618,243,2025-01-09 14:21:00,20.976,30.53,0
9619,99,2025-01-06 17:32:00,13.123,11.48,0
9620,723,2025-03-02 19:00:00,8.284,133.48,0
9621,725,2025-01-04 08:20:00,18.158,9.57,0
9622,730,2025-04-25 09:16:00,17.626,22.54,0
9623,184,2025-04-26 02:30:00,16.122,55.37,0
9624,150,2025-06-03 19:34:00,13.08,282.05,0
9625,752,2025-02-19 13:44:00,12.519,140.85,0
9626,490,2025-05-27 16:22:00,11.214,57.61,0
9627,211,2025-02-25 06:39:00,16.284,195.32,0
9628,37,2025-04-08 16:03:00,21.946,23.58,0
9629,639,2025-05-26 06:31:00,18.968,50.2,0
9630,641,2025-03-05 22:59:00,17.168,112.46,0
9631,8,2025-01-21 00:41:00,15.973,11.4,0
9632,382,2025-05-27 17:46:00,17.875,47.29,0
9633,386,2025-02-21 02:09:00,15.027,49.86,0
9634,371,2025-02-09 00:58:00,19.864,48.62,0
9635,295,2025-05-04 07:21:00,16.146,15.19,0
9636,262,2025-04-07 04:04:00,11.464,49.61,0
9637,267,2025-01-06 12:02:00,15.886,44.3,0
9638,736,2025-06-14 14:33:00,11.436,22.55,0
9639,793,2025-04-04 13:29:00,15.499,65.33,0
9640,89,2025-02-18 15:45:00,19.264,103.12,0
9641,576,2025-01-16 09:11:00,18.186,19.94,0
9642,458,2025-05-04 08:26:00,11.785,52.01,0
9643,204,2025-05-18 02:21:00,18.21,105.64,0
9644,148,2025-05-15 18:26:00,9.733,107.21,0
9645,601,2025-04-25 05:23:00,17.035,30.92,0
9646,291,2025-06-07 15:21:00,12.408,82.52,0
9647,103,2025-04-20 12:56:00,16.64,28.82,0
9648,775,2025-02-13 12:32:00,20.073,67.32,0
9649,740,2025-02-09 19:57:00,9.873,19.38,0
9650,334,2025-03-11 05:26:00,17.751,10.36,0
9651,341,2025-05-11 10:41:00,17.566,53.6,0
9652,336,2025-01-05 00:03:00,18.597,70.75,0
9653,152,2025-02-24 07:15:00,21.57,61.58,0
9654,84,2025-03-19 21:04:00,14.761,18.2,0
9655,218,2025-04-13 17:55:00,9.908,4.84,0
9656,309,2025-01-27 11:38:00,17.743,70.4,0
9657,124,2025-01-17 13:34:00,15.634,112.43,0
9658,28,2025-06-13 19:41:00,19.367,7.69,0
9659,744,2025-01-18 07:05:00,19.102,27.41,0
9660,702,2025-01-15 07:43:00,18.264,16.55,0
9661,244,2025-02-04 22:02:00,13.559,42.62,0
9662,491,2025-03-03 18:41:00,14.66,101.98,0
9663,114,2025-02-08 21:08:00,20.825,29.05,0
9664,741,2025-05-27 14:44:00,14.104,23.34,0
9665,650,2025-01-23 18:11:00,16.212,47.85,0
9666,140,2025-01-26 01:17:00,17.569,6.4,0
9667,170,2025-01-22 06:49:00,9.62,68.41,0
9668,266,2025-04-28 12:31:00,18.772,81.58,0
9669,75,2025-06-08 05:24:00,8.209,35.13,0
9670,277,2025-01-30 07:33:00,21.749,24.62,0
9671,534,2025-04-10 20:00:00,15.958,27.94,0
9672,580,2025-03-09 00:27:00,10.353,28.03,0
9673,5,2025-04-22 23:48:00,18.979,33.43,0
9674,281,2025-04-27 23:42:00,19.823,10.04,0
9675,665,2025-02-21 19:23:00,10.867,48.74,0
9676,696,2025-04-19 19:51:00,8.578,26.09,0
9677,450,2025-01-10 23:42:00,15.343,35.58,0
9678,588,2025-03-29 11:59:00,16.968,22.04,0
9679,197,2025-06-24 06:56:00,10.356,47.47,0
9680,694,2025-06-11 19:40:00,15.862,101.38,0
9681,378,2025-01-10 17:24:00,15.369,41.36,0
9682,553,2025-01-11 07:08:00,20.09,9.45,0
9683,209,2025-05-29 01:44:00,19.422,35.12,0
9684,138,2025-02-07 16:21:00,9.847,41.4,0
9685,426,2025-04-30 17:10:00,17.898,881.9,1
9686,417,2025-04-08 18:01:00,15.04,18.96,0
9687,457,2025-03-15 08:29:00,14.528,33.74,0
9688,646,2025-02-25 11:42:00,10.273,68.62,0
9689,617,2025-05-15 09:18:00,18.467,27.62,0
9690,241,2025-02-16 09:53:00,20.157,105.56,0
9691,372,2025-05-18 15:38:00,10.877,20.8,0
9692,68,2025-02-11 21:20:00,8.412,15.34,0
9693,629,2025-06-08 02:13:00,16.528,29.08,0
9694,108,2025-05-07 04:01:00,21.738,6.88,0
9695,55,2025-04-09 02:04:00,17.503,34.76,0
9696,416,2025-01-18 20:41:00,11.538,26.84,0
9697,737,2025-02-08 11:12:00,20.218,60.64,0
9698,301,2025-04-24 17:56:00,15.533,8.92,0
9699,148,2025-04-14 01:32:00,15.137,64.56,0
9700,147,2025-01-19 12:00:00,8.802,39.6,0
9701,669,2025-01-18 21:02:00,8.849,124.41,0
9702,528,2025-04-20 04:29:00,16.11,30.55,0
9703,395,2025-03-09 17:18:00,19.294,45.98,0
9704,741,2025-03-27 06:36:00,18.544,58.15,0
9705,83,2025-04-20 20:47:00,21.171,6.88,0
9706,493,2025-06-02 21:34:00,15.039,85.12,0
9707,287,2025-02-15 08:09:00,16.69,31.57,0
9708,186,2025-05-05 21:09:00,16.781,12.66,0
9709,734,2025-06-05 17:09:00,13.323,32.95,0
9710,765,2025-06-14 11:44:00,8.04,89.32,0
9711,667,2025-06-25 16:32:00,19.745,26.61,0
9712,118,2025-01-01 19:44:00,8.939,38.04,0
9713,577,2025-01-14 15:55:00,21.43,7.06,0
9714,391,2025-06-06 08:46:00,19.814,17.65,1
9715,303,2025-02-07 01:27:00,9.453,61.66,0
9716,154,2025-02-22 04:52:00,9.708,81.63,0
9717,471,2025-03-27 03:24:00,18.32,41.43,0
9718,685,2025-04-29 00:47:00,15.611,55.83,0
9719,185,2025-01-07 19:54:00,1.132,25.41,1
9720,430,2025-04-27 18:49:00,12.059,35.58,0
9721,518,2025-01-17 17:26:00,20.372,14.98,0
9722,504,2025-03-08 14:33:00,15.602,23.64,0
9723,208,2025-06-12 02:45:00,15.917,34.22,0
9724,23,2025-01-23 14:46:00,21.868,10.02,0
9725,663,2025-01-09 04:41:00,18.802,237.65,0
9726,477,2025-03-27 14:04:00,17.643,19.92,0
9727,563,2025-02-14 13:07:00,20.133,41.41,0
9728,425,2025-02-14 05:35:00,21.873,12.87,0
9729,308,2025-03-18 06:05:00,19.375,3.12,0
9730,201,2025-01-31 16:31:00,19.289,137.73,0
9731,527,2025-01-04 16:23:00,10.679,36.61,0
9732,665,2025-06-16 14:08:00,20.227,6.15,0
9733,260,2025-05-26 21:45:00,20.337,15.4,0
9734,19,2025-03-16 02:17:00,16.359,183.12,0
9735,124,2025-05-30 09:38:00,17.109,51.48,0
9736,463,2025-06-29 06:20:00,16.733,4.44,0
9737,188,2025-03-13 00:58:00,15.629,23.24,0
9738,651,2025-01-29 02:52:00,10.567,30.24,0
9739,217,2025-02-06 07:42:00,17.208,53.28,0
9740,395,2025-06-22 23:25:00,13.312,34.75,0
9741,181,2025-06-10 14:59:00,15.511,8.74,0
9742,363,2025-05-06 23:59:00,20.616,21.08,0
9743,542,2025-05-03 03:21:00,9.528,16.94,0
9744,636,2025-02-25 01:59:00,21.376,63.7,0
9745,591,2025-04-05 07:04:00,15.955,22.67,0
9746,405,2025-03-08 06:53:00,21.298,22.45,0
9747,365,2025-03-12 15:09:00,10.809,28.41,0
9748,260,2025-05-11 20:42:00,8.76,17.56,0
9749,790,2025-04-08 01:40:00,16.694,117.01,0
9750,586,2025-03-19 02:52:00,15.376,85.92,0
9751,712,2025-02-14 21:53:00,18.288,89.19,0
9752,591,2025-04-28 22:37:00,16.42,13.05,0
9753,69,2025-03-22 22:16:00,15.2,46.39,0
9754,212,2025-01-10 00:19:00,20.636,65.75,0
9755,368,2025-05-04 11:04:00,12.528,15.4,0
9756,251,2025-03-02 07:49:00,11.802,13.69,0
9757,726,2025-03-16 01:04:00,19.256,15.83,0
9758,393,2025-06-27 23:04:00,12.923,10.87,0
9759,176,2025-05-04 07:00:00,15.883,80.91,0
9760,478,2025-01-13 02:06:00,16.597,75.1,0
9761,302,2025-05-13 23:17:00,12.123,27.01,0
9762,102,2025-02-22 12:46:00,12.98,33.26,0
9763,757,2025-05-16 16:02:00,8.57,20.29,0
9764,756,2025-03-04 22:17:00,11.914,222.91,0
9765,620,2025-04-13 10:50:00,12.565,24.7,0
9766,251,2025-05-06 00:20:00,8.235,22.92,0
9767,665,2025-02-03 04:33:00,19.524,31.59,0
9768,230,2025-01-25 11:04:00,20.395,12.23,0
9769,703,2025-05-07 02:25:00,10.482,43.35,0
9770,707,2025-01-13 22:28:00,16.476,109.53,0
9771,136,2025-05-28 11:17:00,14.188,30.45,0
9772,251,2025-03-19 23:41:00,9.789,66.44,0
9773,559,2025-01-17 23:19:00,8.349,7.29,0
9774,187,2025-05-18 11:42:00,17.29,16.33,0
9775,642,2025-06-11 06:34:00,9.116,37.82,0
9776,543,2025-01-13 02:31:00,20.474,7.98,0
9777,181,2025-06-19 10:25:00,19.055,45.51,0
9778,620,2025-03-16 13:53:00,18.14,27.35,0
9779,34,2025-05-01 06:46:00,19.799,44.36,0
9780,307,2025-02-17 22:51:00,9.493,29.06,0
9781,142,2025-01-20 23:48:00,16.777,30.69,0
9782,0,2025-06-27 15:27:00,10.89,4.35,0
9783,593,2025-04-28 15:56:00,15.277,14.61,0
9784,122,2025-02-15 21:37:00,13.02,52.53,0
9785,555,2025-03-06 02:12:00,9.713,11.27,0
9786,60,2025-05-17 09:54:00,18.283,15.96,0
9787,713,2025-02-24 15:44:00,12.226,24.68,0
9788,782,2025-05-04 19:45:00,9.721,26.56,0
9789,253,2025-01-07 14:49:00,20.312,62.07,0
9790,388,2025-06-27 16:26:00,9.885,42.05,0
9791,497,2025-05-11 11:16:00,10.876,20.62,0
9792,471,2025-03-02 13:57:00,8.332,8.88,0
9793,21,2025-04-13 00:03:00,15.26,403.84,0
9794,783,2025-02-01 07:16:00,19.554,36.07,0
9795,748,2025-03-23 03:25:00,19.917,72.7,0
9796,389,2025-03-05 14:35:00,18.413,71.86,1
9797,443,2025-03-11 23:08:00,14.599,26.0,0
9798,135,2025-05-27 09:08:00,20.452,25.22,0
9799,598,2025-03-16 03:12:00,18.74,24.14,0
9800,411,2025-01-02 03:01:00,20.449,65.23,0
9801,227,2025-03-23 13:22:00,11.353,28.32,0
9802,245,2025-01-10 08:33:00,16.418,24.82,0
9803,65,2025-03-27 22:45:00,8.302,34.63,0
9804,631,2025-05-03 06:52:00,15.301,35.72,0
9805,50,2025-01-18 13:58:00,20.276,13.29,0
9806,450,2025-01-12 09:51:00,18.339,77.27,0
9807,651,2025-03-10 10:59:00,18.866,22.04,0
9808,41,2025-03-28 20:18:00,12.439,32.23,0
9809,121,2025-01-12 12:38:00,13.574,115.91,0
9810,609,2025-02-28 13:57:00,21.808,357.87,0
9811,659,2025-05-20 16:01:00,11.742,50.9,0
9812,64,2025-04-13 18:21:00,9.207,8.69,0
9813,212,2025-04-05 00:04:00,13.446,27.83,0
9814,485,2025-01-19 20:04:00,18.741,138.08,0
9815,433,2025-05-24 21:54:00,15.331,29.11,0
9816,413,2025-04-17 13:41:00,8.612,68.15,0
9817,209,2025-03-19 06:39:00,17.306,1014.12,1
9818,431,2025-04-21 13:51:00,18.298,19.93,0
9819,40,2025-01-28 13:23:00,16.439,159.1,0
9820,698,2025-05-02 22:46:00,10.399,49.33,0
9821,433,2025-02-23 22:09:00,10.675,34.26,0
9822,298,2025-01-08 09:26:00,13.703,30.7,0
9823,293,2025-02-12 02:16:00,13.015,13.7,0
9824,295,2025-03-07 18:08:00,9.426,18.61,0
9825,348,2025-03-21 04:23:00,20.031,15.44,0
9826,154,2025-02-11 04:37:00,20.945,215.84,0
9827,481,2025-05-23 00:05:00,10.013,80.23,0
9828,146,2025-02-17 12:35:00,15.873,15.61,0
9829,250,2025-01-21 23:51:00,14.017,152.93,0
9830,696,2025-02-10 01:04:00,13.726,104.31,0
9831,451,2025-03-14 00:25:00,16.125,20.93,0
9832,722,2025-01-09 01:29:00,14.369,53.53,0
9833,526,2025-01-17 12:32:00,14.321,20.29,0
9834,626,2025-01-29 07:10:00,10.011,79.47,0
9835,71,2025-03-12 11:05:00,17.949,531.99,1
9836,403,2025-06-21 08:21:00,16.119,24.94,0
9837,280,2025-04-15 20:29:00,8.784,13.0,0
9838,13,2025-01-15 17:31:00,13.256,33.23,0
9839,71,2025-01-13 09:58:00,11.049,51.86,0
9840,151,2025-01-19 14:34:00,13.459,99.05,0
9841,5,2025-01-12 23:53:00,9.664,57.89,0
9842,349,2025-04-01 22:28:00,16.548,73.44,0
9843,40,2025-05-12 11:48:00,16.141,19.18,0
9844,659,2025-03-20 04:56:00,16.299,7.19,0
9845,473,2025-03-15 08:23:00,13.125,9.04,0
9846,770,2025-04-18 00:59:00,18.109,27.72,0
9847,67,2025-03-05 05:58:00,19.797,18.86,0
9848,63,2025-05-26 13:55:00,13.829,31.72,0
9849,694,2025-05-04 12:54:00,14.063,62.96,0
9850,313,2025-06-27 00:09:00,20.578,57.82,0
9851,607,2025-01-16 06:10:00,16.472,5.36,0
9852,151,2025-03-20 00:01:00,15.136,275.68,0
9853,7,2025-06-04 17:58:00,18.32,47.87,0
9854,398,2025-05-02 01:12:00,12.342,44.12,0
9855,458,2025-05-20 13:50:00,8.459,31.08,0
9856,89,2025-03-26 07:06:00,17.827,27.98,0
9857,8,2025-03-12 03:15:00,17.045,84.4,0
9858,169,2025-05-16 12:36:00,14.0,16.06,0
9859,87,2025-03-26 08:48:00,8.642,44.73,0
9860,796,2025-03-15 07:03:00,21.161,117.7,0
9861,790,2025-03-13 14:07:00,18.231,40.74,0
9862,12,2025-01-23 05:41:00,13.398,52.77,0
9863,365,2025-05-22 08:11:00,10.815,11.38,0
9864,307,2025-06-03 06:08:00,15.775,67.8,0
9865,21,2025-01-06 05:15:00,8.298,47.03,0
9866,533,2025-03-14 10:05:00,0.36,32.3,1
9867,680,2025-05-01 20:23:00,21.837,62.35,0
9868,489,2025-01-28 00:17:00,18.349,14.02,0
9869,733,2025-02-24 11:00:00,21.789,147.87,0
9870,509,2025-06-23 02:37:00,13.544,353.97,0
9871,438,2025-05-21 07:38:00,9.22,21.64,0
9872,758,2025-06-07 21:03:00,21.512,89.66,0
9873,564,2025-06-27 02:29:00,20.113,31.2,0
9874,611,2025-05-03 15:39:00,15.876,13.08,0
9875,624,2025-02-20 05:11:00,11.218,98.8,0
9876,25,2025-06-21 13:30:00,18.342,27.89,0
9877,587,2025-03-22 06:04:00,8.269,57.1,0
9878,598,2025-04-08 00:47:00,20.802,161.37,0
9879,395,2025-04-09 13:35:00,17.761,53.39,0
9880,451,2025-04-09 17:47:00,10.461,41.36,0
9881,666,2025-04-10 04:31:00,10.304,16.24,0
9882,113,2025-05-20 21:01:00,8.812,16.28,0
9883,421,2025-01-29 04:23:00,18.787,31.39,0
9884,616,2025-03-21 09:33:00,9.79,25.85,0
9885,207,2025-04-15 23:37:00,15.281,60.31,0
9886,210,2025-04-11 07:08:00,13.015,14.65,0
9887,3,2025-05-11 07:18:00,15.687,18.82,0
9888,249,2025-03-02 04:41:00,17.727,31.0,0
9889,286,2025-06-19 22:12:00,10.939,37.8,0
9890,761,2025-01-03 15:27:00,10.807,36.67,0
9891,66,2025-05-11 13:38:00,12.726,29.93,0
9892,498,2025-01-31 12:26:00,21.093,18.69,1
9893,50,2025-04-19 14:17:00,14.216,55.64,0
9894,639,2025-01-05 05:41:00,11.597,90.15,0
9895,375,2025-02-11 23:38:00,15.274,44.86,0
9896,340,2025-03-12 11:23:00,10.525,22.01,0
9897,754,2025-01-18 15:00:00,18.713,7.56,0
9898,599,2025-03-01 01:29:00,12.47,132.08,0
9899,84,2025-04-25 04:19:00,21.757,30.43,0
9900,212,2025-01-30 02:55:00,16.819,100.78,0
9901,218,2025-04-23 12:47:00,16.562,130.17,0
9902,487,2025-03-26 05:00:00,12.067,66.57,0
9903,664,2025-06-01 02:01:00,10.498,75.12,0
9904,510,2025-04-25 19:09:00,9.089,70.49,0
9905,321,2025-03-22 07:09:00,19.979,29.32,0
9906,597,2025-05-29 12:38:00,21.715,13.97,0
9907,607,2025-01-31 23:13:00,11.014,66.27,0
9908,64,2025-04-13 02:03:00,21.908,10.29,0
9909,433,2025-02-10 10:49:00,16.623,25.56,0
9910,568,2025-03-23 02:41:00,19.014,20.98,0
9911,483,2025-03-27 18:02:00,21.837,55.36,0
9912,195,2025-04-18 17:16:00,21.654,42.16,0
9913,128,2025-02-26 04:04:00,15.952,20.95,0
9914,232,2025-04-30 03:49:00,15.379,24.98,0
9915,281,2025-02-02 10:45:00,17.461,167.67,0
9916,737,2025-01-31 01:59:00,11.077,18.68,0
9917,497,2025-01-20 09:55:00,13.443,30.23,0
9918,668,2025-03-28 13:42:00,19.586,55.62,0
9919,21,2025-03-16 05:21:00,9.537,37.03,0
9920,627,2025-05-29 14:19:00,14.427,56.97,0
9921,150,2025-03-02 18:04:00,12.42,84.29,0
9922,452,2025-04-15 13:34:00,16.155,110.69,0
9923,309,2025-06-23 17:59:00,10.652,36.29,0
9924,691,2025-04-21 20:11:00,20.993,48.4,0
9925,539,2025-06-04 03:42:00,19.084,41.41,0
9926,368,2025-04-02 17:14:00,9.138,17.1,0
9927,407,2025-02-03 00:40:00,12.562,40.91,0
9928,565,2025-03-22 21:35:00,8.605,9.37,0
9929,574,2025-05-16 14:29:00,9.725,47.24,0
9930,458,2025-01-21 19:05:00,13.931,6.36,0
9931,581,2025-03-28 10:27:00,12.612,15.86,0
9932,631,2025-04-04 05:06:00,15.289,69.38,0
9933,24,2025-06-16 16:44:00,12.073,50.78,0
9934,293,2025-06-25 21:38:00,12.651,34.52,0
9935,721,2025-04-20 11:26:00,21.414,24.41,0
9936,256,2025-02-08 02:37:00,20.249,17.53,0
9937,659,2025-02-06 17:15:00,8.187,22.16,0
9938,439,2025-04-18 18:36:00,16.432,60.55,0
9939,216,2025-02-05 06:34:00,9.99,28.56,0
9940,280,2025-05-02 05:43:00,19.052,6.6,0
9941,387,2025-06-24 02:43:00,19.703,13.07,0
9942,99,2025-02-03 16:28:00,17.245,18.28,0
9943,246,2025-06-15 06:57:00,17.424,28.33,0
9944,544,2025-01-07 23:24:00,19.92,27.68,0
9945,725,2025-03-28 21:57:00,9.426,15.04,0
9946,760,2025-03-11 10:33:00,17.907,57.24,0
9947,306,2025-04-12 12:13:00,9.679,7.18,0
9948,635,2025-03-29 00:44:00,8.592,19.27,0
9949,316,2025-04-09 11:27:00,16.94,65.57,0
9950,645,2025-01-22 16:46:00,11.809,887.3,1
9951,729,2025-05-18 10:13:00,8.642,28.2,0
9952,356,2025-06-19 22:00:00,8.884,74.17,0
9953,480,2025-03-27 09:46:00,21.716,43.11,0
9954,693,2025-06-04 05:49:00,11.123,37.03,0
9955,110,2025-01-23 01:45:00,13.71,56.6,0
9956,197,2025-05-12 18:55:00,11.731,48.44,0
9957,500,2025-02-28 08:54:00,21.095,101.56,0
9958,143,2025-05-01 12:47:00,9.034,28.07,0
9959,635,2025-04-13 06:57:00,15.605,28.82,0
9960,213,2025-01-08 22:22:00,14.689,40.97,0
9961,270,2025-03-05 04:38:00,17.69,35.6,0
9962,648,2025-03-20 06:05:00,20.576,154.6,0
9963,421,2025-05-27 10:31:00,8.006,53.24,0
9964,736,2025-01-20 18:50:00,8.232,19.63,1
9965,310,2025-06-20 14:56:00,13.282,10.62,1
9966,411,2025-01-09 15:28:00,13.623,123.0,0
9967,408,2025-02-13 13:25:00,20.467,25.93,0
9968,642,2025-01-26 15:14:00,11.904,45.6,0
9969,799,2025-06-10 01:06:00,19.877,34.48,0
9970,19,2025-04-13 03:33:00,9.25,66.72,0
9971,405,2025-05-09 19:51:00,9.084,22.49,0
9972,626,2025-05-04 20:22:00,18.432,38.49,0
9973,514,2025-04-16 15:38:00,18.677,22.62,0
9974,387,2025-02-23 21:53:00,9.323,323.96,0
9975,634,2025-01-24 11:17:00,21.903,19.17,0
9976,374,2025-03-20 11:11:00,9.126,54.79,0
9977,109,2025-03-15 23:18:00,20.379,340.93,0
9978,217,2025-03-20 15:00:00,10.715,84.29,0
9979,35,2025-06-29 03:55:00,8.308,34.41,0
9980,561,2025-01-24 02:54:00,19.967,40.0,0
9981,778,2025-04-27 16:52:00,10.581,430.52,1
9982,303,2025-01-29 02:42:00,15.412,134.19,0
9983,585,2025-04-17 12:04:00,19.575,29.22,0
9984,785,2025-05-02 17:23:00,10.166,33.0,0
9985,314,2025-01-07 09:51:00,18.375,17.34,0
9986,705,2025-03-24 21:42:00,15.442,27.26,0
9987,14,2025-02-27 18:14:00,11.582,36.88,0
9988,542,2025-03-29 18:32:00,8.582,83.67,0
9989,133,2025-03-29 20:49:00,11.681,43.31,0
9990,625,2025-03-27 00:17:00,13.947,84.04,0
9991,7,2025-04-26 11:59:00,13.151,5.63,0
9992,666,2025-02-06 04:02:00,18.037,107.33,0
9993,317,2025-06-04 06:44:00,13.738,11.97,0
9994,189,2025-06-01 10:23:00,13.325,64.76,0
9995,443,2025-03-24 10:51:00,19.371,2.91,0
9996,791,2025-06-13 11:19:00,14.495,36.89,0
9997,128,2025-02-19 09:38:00,21.797,74.7,0
9998,248,2025-02-06 23:53:00,16.042,17.86,0
9999,511,2025-02-20 15:08:00,21.121,36.02,0
10000,74,2025-05-21 13:44:00,20.351,73.44,0
10001,763,2025-01-25 19:20:00,13.796,62.98,0
10002,418,2025-02-24 19:35:00,16.577,10.05,0
10003,792,2025-01-27 04:43:00,9.971,77.83,0
10004,332,2025-03-21 23:30:00,15.378,137.32,0
10005,666,2025-02-24 22:58:00,13.936,92.52,0
10006,264,2025-05-28 01:50:00,14.772,13.08,0
10007,355,2025-05-18 23:38:00,10.58,14.69,0
10008,277,2025-06-09 06:32:00,20.127,37.2,0
10009,437,2025-03-16 09:06:00,9.12,55.91,0
10010,178,2025-04-06 14:56:00,18.937,70.25,0
10011,402,2025-06-04 17:19:00,21.218,18.58,0
10012,671,2025-05-09 07:48:00,9.489,32.98,0
10013,124,2025-06-20 20:20:00,14.072,18.19,0
10014,634,2025-06-26 13:12:00,16.189,15.64,0
10015,683,2025-01-14 13:48:00,21.879,48.45,0
10016,27,2025-02-12 07:26:00,20.115,33.0,0
10017,540,2025-05-08 22:45:00,13.799,50.39,0
10018,388,2025-01-18 16:54:00,21.551,22.15,0
10019,510,2025-01-16 08:20:00,12.638,59.8,0
10020,235,2025-01-25 18:03:00,12.76,14.2,0
10021,176,2025-01-13 21:51:00,15.088,24.31,0
10022,229,2025-04-30 19:35:00,18.914,14.44,0
10023,122,2025-02-19 15:19:00,10.69,43.95,0
10024,324,2025-06-19 16:05:00,18.395,149.21,0
10025,698,2025-01-19 06:55:00,8.038,47.01,0
10026,622,2025-03-24 03:38:00,11.675,32.27,0
10027,143,2025-04-30 08:02:00,21.643,29.89,0
10028,446,2025-03-06 20:18:00,17.191,22.01,0
10029,58,2025-05-09 21:38:00,14.476,84.73,0
10030,47,2025-06-01 06:38:00,18.245,48.66,0
10031,500,2025-04-26 01:37:00,14.094,9.18,0
10032,242,2025-04-20 05:07:00,9.494,83.6,0
10033,563,2025-04-14 13:32:00,14.966,17.44,0
10034,124,2025-06-28 19:55:00,21.376,20.71,0
10035,95,2025-05-21 14:57:00,11.816,48.29,0
10036,572,2025-01-11 19:54:00,8.74,21.69,0
10037,165,2025-05-20 01:32:00,18.379,210.53,0
10038,46,2025-01-30 16:27:00,14.362,28.92,0
10039,631,2025-06-06 15:30:00,12.686,58.08,0
10040,564,2025-02-28 09:38:00,14.826,258.37,1
10041,743,2025-05-05 18:36:00,21.02,21.38,0
10042,479,2025-05-13 23:35:00,11.503,31.52,0
10043,381,2025-03-06 01:22:00,10.807,77.7,0
10044,536,2025-06-23 10:09:00,15.475,14.8,0
10045,633,2025-04-05 10:37:00,14.486,91.37,0
10046,503,2025-03-18 02:05:00,10.097,38.75,0
10047,255,2025-03-30 07:23:00,16.129,45.48,0
10048,711,2025-02-25 09:45:00,16.043,19.28,0
10049,562,2025-01-20 09:59:00,16.476,16.17,0
10050,780,2025-06-26 16:33:00,13.79,6.13,1
10051,445,2025-05-27 02:43:00,12.061,44.48,0
10052,359,2025-05-27 13:43:00,12.597,57.81,0
10053,674,2025-06-14 07:31:00,19.681,26.2,0
10054,489,2025-04-21 03:54:00,16.751,9.86,0
10055,620,2025-06-27 04:38:00,13.572,22.43,0
10056,711,2025-06-27 08:22:00,2.3,47.17,1
10057,227,2025-02-14 15:13:00,12.895,40.55,0
10058,154,2025-03-21 06:58:00,20.077,59.91,0
10059,119,2025-01-18 05:09:00,18.187,9.6,0
10060,479,2025-05-07 09:40:00,9.413,25.31,0
10061,646,2025-01-20 23:42:00,8.786,32.3,0
10062,780,2025-05-18 08:36:00,8.468,58.08,0
10063,26,2025-05-25 18:33:00,8.385,21.6,0
10064,1,2025-03-16 00:40:00,14.957,53.69,0
10065,543,2025-04-24 17:07:00,10.532,16.38,0
10066,215,2025-06-20 20:16:00,17.443,41.64,0
10067,380,2025-05-17 02:26:00,14.759,27.68,0
10068,62,2025-03-21 07:51:00,9.309,26.42,0
10069,60,2025-06-12 22:26:00,8.082,241.26,0
10070,422,2025-01-08 04:57:00,8.514,26.82,0
10071,550,2025-02-10 17:28:00,15.467,24.96,0
10072,708,2025-02-28 23:02:00,16.212,11.2,0
10073,386,2025-03-07 12:50:00,12.942,77.28,0
10074,516,2025-05-02 00:06:00,9.105,22.66,0
10075,688,2025-05-23 15:02:00,21.086,34.11,0
10076,345,2025-01-10 13:55:00,13.68,17.81,0
10077,166,2025-02-16 16:34:00,14.01,48.81,0
10078,660,2025-05-28 05:29:00,13.34,73.79,0
10079,1,2025-04-02 02:05:00,8.833,99.71,0
10080,220,2025-02-25 19:46:00,17.946,31.88,0
10081,104,2025-03-21 19:42:00,17.307,21.77,0
10082,514,2025-04-20 01:39:00,10.303,20.67,0
10083,215,2025-04-18 03:43:00,11.76,35.5,0
10084,275,2025-05-30 06:17:00,15.657,42.87,0
10085,521,2025-06-27 21:02:00,13.275,54.1,0
10086,236,2025-05-26 10:17:00,21.971,17.78,0
10087,290,2025-01-19 16:02:00,14.951,38.97,0
10088,399,2025-03-17 21:16:00,20.351,15.49,0
10089,94,2025-03-29 05:39:00,10.865,31.56,0
10090,748,2025-04-24 07:05:00,15.787,106.89,0
10091,785,2025-06-22 14:49:00,12.505,29.16,0
10092,570,2025-03-22 10:39:00,21.083,17.25,0
10093,86,2025-03-04 14:49:00,15.717,46.33,0
10094,377,2025-06-11 23:56:00,17.155,71.59,0
10095,284,2025-05-14 07:22:00,9.064,18.92,0
10096,133,2025-03-24 13:38:00,14.828,11.84,0
10097,701,2025-06-17 06:26:00,16.113,18.28,0
10098,332,2025-02-24 11:25:00,12.066,24.62,0
10099,522,2025-02-13 07:25:00,18.301,117.9,0
10100,552,2025-01-04 20:29:00,14.532,11.38,0
10101,255,2025-01-15 15:33:00,15.858,9.03,0
10102,278,2025-06-05 14:45:00,13.053,43.51,0
10103,776,2025-01-14 14:59:00,17.471,19.8,0
10104,659,2025-05-18 16:02:00,9.444,15.83,0
10105,400,2025-01-14 03:19:00,15.087,58.86,0
10106,426,2025-02-11 10:43:00,20.539,37.65,0
10107,6,2025-03-05 02:15:00,11.293,78.23,0
10108,163,2025-02-08 15:48:00,20.158,62.99,0
10109,4,2025-01-23 17:14:00,20.391,13.31,0
10110,644,2025-06-27 22:56:00,11.226,9.13,0
10111,752,2025-03-14 21:42:00,9.13,85.68,0
10112,129,2025-03-18 03:42:00,18.702,31.69,0
10113,224,2025-05-16 17:49:00,21.42,390.4,0
10114,281,2025-06-14 12:26:00,3.942,75.86,1
10115,649,2025-02-23 16:20:00,20.782,104.83,0
10116,325,2025-03-23 13:58:00,10.914,16.44,0
10117,34,2025-03-28 07:05:00,13.03,32.73,0
10118,468,2025-02-16 22:07:00,20.403,66.84,0
10119,117,2025-01-23 22:13:00,12.257,32.72,0
10120,516,2025-06-15 18:52:00,18.58,36.6,0
10121,685,2025-05-06 16:36:00,10.058,42.53,0
10122,54,2025-05-03 05:51:00,13.303,19.61,0
10123,795,2025-02-27 04:21:00,21.17,17.26,0
10124,530,2025-04-29 21:11:00,11.168,30.23,0
10125,41,2025-01-25 08:10:00,17.824,25.12,0
10126,298,2025-01-22 06:07:00,20.874,17.35,1
10127,134,2025-06-21 20:10:00,18.989,31.62,0
10128,706,2025-02-11 03:54:00,21.272,12.31,0
10129,578,2025-05-19 12:46:00,21.212,64.41,0
10130,298,2025-02-20 01:44:00,9.591,56.1,0
10131,423,2025-04-28 10:03:00,16.423,60.48,0
10132,278,2025-04-21 04:06:00,13.977,17.89,0
10133,324,2025-05-11 03:21:00,17.558,16.17,0
10134,510,2025-06-21 16:08:00,18.396,100.72,0
10135,155,2025-03-18 14:07:00,11.433,29.93,0
10136,607,2025-06-05 20:45:00,19.198,55.23,0
10137,756,2025-02-23 16:47:00,13.729,13.92,0
10138,779,2025-06-23 11:21:00,17.194,27.85,0
10139,137,2025-03-31 23:56:00,13.988,90.81,0
10140,329,2025-06-01 22:34:00,2.016,38.95,1
10141,212,2025-05-29 13:06:00,17.715,28.66,0
10142,507,2025-04-25 05:27:00,15.587,55.06,0
10143,259,2025-06-23 11:35:00,19.941,45.07,0
10144,315,2025-05-02 13:19:00,19.004,185.48,0
10145,110,2025-04-19 22:48:00,20.157,36.16,0
10146,447,2025-02-15 13:36:00,18.721,1563.75,1
10147,428,2025-03-09 17:52:00,20.836,31.42,0
10148,441,2025-01-02 02:35:00,10.193,15.87,0
10149,273,2025-05-10 06:38:00,16.967,49.05,0
10150,604,2025-04-20 05:29:00,9.154,10.83,0
10151,486,2025-05-06 11:19:00,14.995,77.06,0
10152,141,2025-04-24 03:59:00,20.059,12.21,0
10153,294,2025-02-14 13:02:00,18.158,17.24,0
10154,528,2025-06-29 23:46:00,16.161,16.12,0
10155,93,2025-03-20 09:25:00,17.716,57.52,0
10156,281,2025-05-06 21:54:00,10.426,14.29,0
10157,698,2025-01-25 02:56:00,21.031,52.61,0
10158,353,2025-04-18 10:06:00,10.975,20.42,0
10159,407,2025-03-14 09:50:00,10.338,31.87,0
10160,545,2025-06-16 23:45:00,9.96,22.78,0
10161,257,2025-05-18 07:04:00,21.107,225.2,0
10162,661,2025-06-18 05:35:00,14.452,9.25,0
10163,13,2025-02-26 12:03:00,15.463,51.78,0
10164,378,2025-04-29 19:29:00,13.306,34.73,0
10165,478,2025-04-24 22:42:00,8.382,18.76,0
10166,191,2025-02-15 04:31:00,8.933,48.0,0
10167,626,2025-02-28 23:26:00,8.221,16.23,0
10168,63,2025-05-02 11:26:00,15.546,14.83,0
10169,520,2025-01-27 11:29:00,10.709,13.99,0
10170,506,2025-03-14 00:07:00,13.63,37.38,0
10171,630,2025-05-14 10:47:00,14.445,21.67,0
10172,165,2025-06-01 09:50:00,15.456,17.49,0
10173,123,2025-04-17 01:49:00,20.499,46.05,0
10174,464,2025-05-01 11:46:00,8.605,82.93,0
10175,777,2025-05-29 13:58:00,14.919,11.25,0
10176,627,2025-02-11 14:32:00,9.846,45.61,0
10177,169,2025-05-03 05:04:00,20.971,53.22,0
10178,326,2025-05-13 10:35:00,20.844,96.96,0
10179,213,2025-05-28 02:16:00,9.959,27.77,0
10180,623,2025-04-20 11:28:00,9.643,120.44,0
10181,409,2025-01-28 21:22:00,9.538,55.83,0
10182,349,2025-01-10 02:08:00,9.373,7.78,0
10183,4,2025-04-21 15:00:00,10.213,44.5,0
10184,506,2025-02-19 19:56:00,10.18,34.51,0
10185,353,2025-03-08 03:04:00,10.289,76.91,0
10186,31,2025-03-25 03:17:00,10.08,89.94,0
10187,156,2025-05-15 08:54:00,13.291,16.09,0
10188,581,2025-03-05 18:48:00,11.555,72.27,0
10189,599,2025-04-15 09:58:00,13.839,31.56,0
10190,395,2025-03-31 14:51:00,20.512,19.85,0
10191,606,2025-01-10 18:03:00,12.928,111.55,0
10192,590,2025-05-05 10:53:00,12.011,23.92,0
10193,492,2025-04-07 00:55:00,20.801,35.91,0
10194,166,2025-02-09 17:35:00,12.503,484.83,1
10195,337,2025-05-14 23:20:00,9.708,52.83,0
10196,653,2025-01-18 22:43:00,16.666,100.59,0
10197,248,2025-02-17 07:14:00,11.945,126.84,0
10198,528,2025-02-13 00:31:00,15.279,72.18,0
10199,661,2025-04-28 19:33:00,18.752,9.06,0
10200,426,2025-06-28 04:40:00,15.918,112.31,0
10201,405,2025-06-01 08:47:00,19.323,56.6,0
10202,150,2025-01-25 21:43:00,12.826,84.2,0
10203,397,2025-01-12 17:31:00,10.361,27.5,0
10204,33,2025-05-23 00:41:00,13.525,34.65,0
10205,90,2025-04-15 01:03:00,13.767,74.83,0
10206,433,2025-03-06 13:33:00,18.024,174.97,0
10207,174,2025-06-09 18:26:00,17.616,40.86,0
10208,277,2025-02-02 02:34:00,12.331,12.9,0
10209,288,2025-01-23 18:08:00,21.011,56.42,0
10210,378,2025-03-31 22:54:00,11.858,885.37,1
10211,559,2025-02-18 11:08:00,21.95,15.04,0
10212,356,2025-02-11 19:28:00,8.458,745.31,1
10213,676,2025-04-23 15:59:00,17.432,51.27,0
10214,385,2025-02-24 20:42:00,16.683,81.25,0
10215,794,2025-04-16 07:59:00,16.189,23.78,0
10216,799,2025-04-13 00:53:00,18.908,24.61,0
10217,341,2025-05-23 19:28:00,16.272,778.4,1
10218,612,2025-06-25 16:16:00,16.539,142.62,0
10219,362,2025-04-24 05:30:00,20.283,102.42,0
10220,700,2025-02-21 15:35:00,10.614,54.98,0
10221,612,2025-04-14 15:39:00,15.436,53.35,0
10222,270,2025-03-28 19:41:00,17.969,27.21,0
10223,256,2025-03-23 07:59:00,12.31,64.92,0
10224,704,2025-03-04 01:47:00,11.073,15.81,0
10225,432,2025-01-15 02:02:00,9.805,51.35,0
10226,555,2025-02-14 09:23:00,11.678,6.89,0
10227,541,2025-04-17 09:30:00,17.325,9.42,0
10228,132,2025-01-13 17:01:00,16.61,7.45,0
10229,188,2025-01-29 04:37:00,10.405,157.72,0
10230,720,2025-04-13 16:04:00,14.876,30.84,0
10231,223,2025-06-29 06:04:00,10.993,11.86,0
10232,694,2025-01-31 01:04:00,21.104,245.98,0
10233,284,2025-01-15 03:07:00,18.138,18.83,0
10234,677,2025-03-04 22:28:00,10.427,53.31,0
10235,462,2025-01-14 15:05:00,12.056,18.7,0
10236,79,2025-06-11 07:20:00,19.943,66.05,0
10237,216,2025-05-22 17:15:00,15.8,34.58,0
10238,762,2025-01-22 00:29:00,12.983,19.26,0
10239,166,2025-01-19 05:02:00,16.378,12.02,0
10240,182,2025-04-08 08:54:00,13.453,19.84,0
10241,300,2025-03-14 21:55:00,20.76,15.66,1
10242,487,2025-05-05 19:36:00,20.23,8.55,0
10243,647,2025-06-16 22:47:00,10.245,62.98,0
10244,748,2025-03-02 03:32:00,17.484,85.48,0
10245,708,2025-05-22 19:39:00,19.726,20.3,0
10246,707,2025-03-01 22:19:00,10.957,6.61,0
10247,723,2025-02-11 21:52:00,20.201,46.8,0
10248,454,2025-06-24 16:53:00,13.874,39.63,0
10249,657,2025-02-15 04:26:00,12.308,15.72,0
10250,507,2025-01-26 18:55:00,21.777,33.38,0
10251,109,2025-04-17 14:36:00,17.632,3.85,0
10252,19,2025-04-18 05:07:00,12.067,35.23,0
10253,78,2025-03-29 13:25:00,15.416,30.97,0
10254,276,2025-01-16 16:53:00,17.009,101.38,0
10255,399,2025-01-22 00:20:00,17.967,42.88,0
10256,510,2025-05-17 09:14:00,10.931,37.64,0
10257,417,2025-01-29 13:21:00,16.632,168.45,0
10258,293,2025-02-19 16:05:00,19.862,18.55,0
10259,586,2025-05-25 12:30:00,19.251,10.58,0
10260,689,2025-03-02 21:40:00,12.12,72.65,0
10261,178,2025-03-04 01:29:00,21.583,80.77,0
10262,209,2025-06-14 22:17:00,8.176,82.33,0
10263,744,2025-05-24 19:43:00,18.906,29.05,0
10264,776,2025-05-08 12:15:00,12.44,19.82,0
10265,247,2025-02-04 04:03:00,21.177,12.95,0
10266,407,2025-02-21 05:13:00,20.055,17.21,0
10267,462,2025-04-18 21:32:00,20.336,10.5,0
10268,507,2025-05-31 23:30:00,11.526,24.62,0
10269,691,2025-04-01 22:04:00,19.15,131.99,0
10270,84,2025-05-14 20:49:00,12.657,22.64,0
10271,418,2025-02-28 17:59:00,14.261,38.79,0
10272,173,2025-03-07 18:59:00,20.661,54.22,0
10273,602,2025-04-20 13:03:00,18.086,26.22,0
10274,477,2025-04-13 00:45:00,16.968,26.06,0
10275,599,2025-01-23 09:59:00,9.806,97.91,0
10276,724,2025-03-11 22:43:00,15.536,40.63,0
10277,632,2025-06-04 03:56:00,9.729,86.38,0
10278,683,2025-04-07 00:37:00,9.05,236.42,0
10279,648,2025-05-14 19:24:00,21.252,17.45,0
10280,500,2025-05-29 18:36:00,16.294,30.9,0
10281,313,2025-02-21 15:43:00,8.086,30.62,0
10282,268,2025-02-12 06:26:00,14.566,23.54,0
10283,290,2025-04-15 10:15:00,12.014,24.78,0
10284,485,2025-03-28 08:16:00,10.155,107.52,0
10285,642,2025-06-12 09:22:00,19.468,37.89,0
10286,293,2025-02-02 20:53:00,10.151,256.45,0
10287,463,2025-03-18 00:21:00,10.329,25.29,0
10288,331,2025-01-09 18:01:00,11.256,116.77,0
10289,486,2025-03-07 09:38:00,17.974,142.95,0
10290,655,2025-04-16 17:21:00,10.67,32.75,0
10291,329,2025-05-24 19:27:00,12.499,50.06,0
10292,317,2025-06-01 22:47:00,20.633,70.92,0
10293,161,2025-01-01 05:07:00,15.912,22.42,0
10294,398,2025-06-06 23:37:00,10.422,132.47,0
10295,365,2025-05-04 13:07:00,20.039,18.29,0
10296,128,2025-02-06 06:49:00,15.17,23.08,0
10297,775,2025-02-08 20:16:00,19.679,23.28,0
10298,687,2025-05-20 20:34:00,9.102,41.91,0
10299,232,2025-05-05 23:08:00,10.266,45.5,0
10300,755,2025-02-07 01:55:00,9.285,21.04,0
10301,217,2025-03-20 19:43:00,14.737,31.97,0
10302,335,2025-06-04 12:50:00,13.423,14.35,0
10303,104,2025-01-04 15:40:00,13.824,88.85,0
10304,489,2025-04-03 00:55:00,13.132,61.03,0
10305,384,2025-06-07 08:48:00,13.938,26.51,0
10306,213,2025-01-01 17:07:00,13.337,30.01,0
10307,230,2025-04-09 09:03:00,10.235,20.59,0
10308,748,2025-04-11 13:14:00,15.967,16.64,0
10309,549,2025-02-26 10:45:00,20.168,14.74,0
10310,122,2025-04-08 01:43:00,21.917,16.69,0
10311,108,2025-05-07 14:36:00,9.642,75.35,0
10312,56,2025-02-21 01:32:00,13.757,80.15,0
10313,197,2025-03-31 06:27:00,11.375,11.7,0
10314,590,2025-04-07 14:05:00,15.937,61.21,0
10315,49,2025-01-07 06:58:00,13.045,13.18,0
10316,199,2025-02-08 06:44:00,20.289,64.52,0
10317,33,2025-04-28 01:06:00,21.093,37.43,0
10318,519,2025-03-30 00:34:00,12.551,23.07,0
10319,651,2025-06-24 12:22:00,12.99,50.0,0
10320,423,2025-06-03 00:55:00,15.489,102.95,0
10321,724,2025-02-09 22:57:00,16.897,7.81,0
10322,550,2025-06-29 11:57:00,18.534,86.98,0
10323,611,2025-06-05 07:50:00,9.401,18.52,0
10324,250,2025-03-17 16:44:00,8.715,109.32,0
10325,768,2025-04-22 18:41:00,17.495,70.01,1
10326,504,2025-02-20 08:20:00,14.702,14.27,0
10327,69,2025-01-15 00:31:00,17.419,21.97,0
10328,66,2025-02-12 17:42:00,12.222,51.4,0
10329,718,2025-05-12 09:29:00,10.41,74.65,0
10330,220,2025-04-13 18:19:00,9.558,51.23,0
10331,372,2025-03-21 11:14:00,19.009,47.82,0
10332,608,2025-03-28 13:25:00,13.642,21.0,0
10333,614,2025-05-23 20:55:00,3.888,35.96,1
10334,21,2025-05-06 06:44:00,11.455,33.0,0
10335,492,2025-04-25 10:25:00,20.061,10.53,0
10336,730,2025-04-01 05:43:00,14.742,45.78,0
10337,279,2025-01-01 12:01:00,19.947,26.09,0
10338,434,2025-03-02 01:23:00,21.235,105.22,0
10339,211,2025-01-23 17:36:00,8.937,89.22,0
10340,576,2025-05-20 08:31:00,21.205,40.56,0
10341,94,2025-03-05 10:32:00,13.195,84.67,0
10342,415,2025-02-14 02:19:00,17.776,1690.84,1
10343,330,2025-03-28 17:36:00,13.644,34.38,0
10344,512,2025-03-28 09:23:00,16.605,11.28,0
10345,395,2025-06-17 18:47:00,17.377,30.81,0
10346,785,2025-02-02 04:13:00,9.862,26.8,0
10347,786,2025-05-28 22:55:00,14.036,32.04,0
10348,227,2025-02-08 20:28:00,10.892,29.14,0
10349,29,2025-05-25 06:58:00,9.67,84.61,0
10350,394,2025-04-07 21:21:00,16.287,92.44,0
10351,472,2025-04-08 02:58:00,17.524,23.68,0
10352,601,2025-05-07 21:15:00,11.606,12.13,0
10353,419,2025-01-17 17:10:00,8.103,16.1,0
10354,469,2025-05-24 11:46:00,21.591,94.51,0
10355,18,2025-05-15 05:53:00,14.648,75.26,0
10356,610,2025-02-05 17:22:00,17.126,14.06,0
10357,263,2025-01-16 13:53:00,9.053,10.83,0
10358,307,2025-05-11 04:45:00,16.683,21.81,0
10359,338,2025-01-17 11:03:00,18.676,147.23,0
10360,57,2025-04-15 09:12:00,8.663,48.95,0
10361,395,2025-02-15 21:58:00,15.33,28.97,0
10362,304,2025-05-10 06:26:00,9.988,31.65,0
10363,186,2025-06-16 01:28:00,10.057,7.77,0
10364,196,2025-06-01 11:45:00,16.607,27.71,0
10365,27,2025-05-15 23:38:00,16.67,94.39,0
10366,710,2025-04-26 16:09:00,15.753,25.53,0
10367,235,2025-01-14 19:08:00,15.142,28.79,0
10368,699,2025-06-20 23:59:00,14.58,45.54,0
10369,669,2025-06-15 09:41:00,14.737,14.24,0
10370,365,2025-01-12 05:27:00,12.682,45.68,0
10371,646,2025-05-22 00:10:00,2.493,18.05,1
10372,169,2025-01-20 06:06:00,11.719,23.47,0
10373,144,2025-04-19 15:44:00,20.713,25.86,0
10374,719,2025-02-14 22:41:00,11.734,25.88,0
10375,517,2025-01-23 20:28:00,13.243,37.98,0
10376,551,2025-02-11 11:12:00,15.057,33.0,0
10377,738,2025-02-27 14:55:00,18.398,30.26,0
10378,11,2025-03-04 20:43:00,18.879,38.58,0
10379,137,2025-02-24 02:56:00,2.253,16.93,1
10380,769,2025-03-25 07:50:00,12.242,6.23,0
10381,102,2025-04-26 05:00:00,10.283,34.76,0
10382,358,2025-03-25 12:34:00,19.438,20.19,0
10383,17,2025-04-16 19:35:00,20.243,50.35,0
10384,260,2025-03-11 06:57:00,20.781,22.51,0
10385,137,2025-02-19 21:40:00,20.017,7.67,0
10386,204,2025-01-27 15:36:00,13.059,31.8,0
10387,651,2025-02-25 23:56:00,10.149,81.17,0
10388,220,2025-02-04 14:19:00,17.386,44.95,0
10389,651,2025-04-04 07:40:00,17.092,11.23,0
10390,715,2025-04-28 19:46:00,11.471,21.22,0
10391,432,2025-06-02 04:09:00,16.683,23.52,0
10392,430,2025-02-23 01:32:00,21.975,30.21,0
10393,266,2025-01-23 17:17:00,10.359,21.88,0
10394,533,2025-05-27 18:25:00,13.3,8.59,0
10395,645,2025-05-11 15:11:00,13.475,31.35,0
10396,690,2025-02-26 23:43:00,10.989,110.08,0
10397,156,2025-06-29 05:18:00,19.033,20.75,0
10398,548,2025-04-26 11:55:00,17.902,12.94,0
10399,111,2025-05-15 22:50:00,11.038,109.4,0
10400,392,2025-03-05 05:36:00,20.009,162.73,0
10401,71,2025-03-21 11:35:00,13.961,25.26,0
10402,440,2025-03-04 20:14:00,15.713,42.33,0
10403,681,2025-05-12 16:50:00,17.589,41.76,0
10404,653,2025-05-27 16:42:00,20.238,71.26,0
10405,571,2025-06-04 22:09:00,11.176,14.32,0
10406,462,2025-03-01 19:32:00,16.293,34.17,0
10407,499,2025-05-19 07:55:00,17.402,14.63,0
10408,79,2025-05-04 00:45:00,20.409,46.14,0
10409,581,2025-01-03 07:06:00,18.812,117.42,0
10410,545,2025-05-24 02:25:00,20.802,45.7,0
10411,114,2025-01-24 16:03:00,9.053,17.73,0
10412,505,2025-01-24 03:22:00,13.956,77.63,0
10413,307,2025-01-20 06:51:00,12.289,21.47,0
10414,407,2025-04-09 20:12:00,14.961,51.12,0
10415,651,2025-01-06 17:29:00,19.351,18.81,0
10416,257,2025-04-01 19:47:00,14.896,12.09,0
10417,733,2025-05-09 14:44:00,8.492,19.06,0
10418,333,2025-04-07 09:22:00,17.391,78.86,1
10419,410,2025-02-18 03:03:00,8.144,14.71,0
10420,23,2025-03-02 02:49:00,9.369,194.11,0
10421,97,2025-05-10 22:51:00,18.188,3.67,0
10422,225,2025-03-03 02:48:00,19.634,9.96,0
10423,782,2025-04-30 21:32:00,12.454,140.99,0
10424,207,2025-05-04 18:27:00,15.966,16.24,0
10425,316,2025-04-05 06:00:00,15.661,25.35,0
10426,683,2025-03-08 23:02:00,8.778,34.57,0
10427,255,2025-01-11 17:57:00,15.628,9.36,0
10428,650,2025-05-15 00:04:00,8.154,80.67,0
10429,95,2025-02-24 22:55:00,19.48,31.78,0
10430,106,2025-03-23 20:39:00,18.474,423.11,1
10431,10,2025-01-05 21:08:00,11.972,74.48,0
10432,99,2025-05-14 14:14:00,11.673,12.07,0
10433,482,2025-06-13 19:17:00,10.662,36.09,0
10434,72,2025-06-08 02:54:00,21.339,15.54,0
10435,489,2025-02-25 13:17:00,19.841,12.82,0
10436,479,2025-01-17 00:26:00,19.728,173.71,0
10437,187,2025-01-18 02:10:00,14.527,38.71,0
10438,29,2025-03-10 10:03:00,19.361,74.7,0
10439,129,2025-01-01 10:52:00,16.282,23.09,0
10440,114,2025-02-02 05:14:00,12.192,15.37,0
10441,422,2025-04-21 01:44:00,14.026,2.89,0
10442,744,2025-01-08 13:04:00,13.727,27.16,0
10443,348,2025-04-22 18:35:00,12.926,9.29,0
10444,506,2025-06-06 04:48:00,11.392,37.75,0
10445,242,2025-06-29 02:04:00,13.575,12.44,0
10446,73,2025-06-24 21:38:00,16.39,50.89,0
10447,174,2025-02-21 22:47:00,10.747,181.67,0
10448,383,2025-04-27 05:17:00,9.986,335.68,0
10449,687,2025-01-09 08:59:00,17.663,45.23,0
10450,198,2025-02-12 22:00:00,15.369,34.68,0
10451,787,2025-05-21 06:55:00,12.93,19.98,0
10452,511,2025-02-06 21:27:00,20.711,18.73,0
10453,284,2025-02-24 19:47:00,14.458,16.78,0
10454,497,2025-03-15 21:05:00,12.644,114.59,0
10455,558,2025-03-01 12:26:00,11.028,25.58,0
10456,548,2025-05-14 02:26:00,12.524,197.08,0
10457,692,2025-06-13 09:24:00,11.832,16.65,0
10458,529,2025-04-07 21:57:00,20.135,31.27,0
10459,21,2025-04-14 13:35:00,20.488,12.69,0
10460,301,2025-05-12 17:32:00,13.776,53.58,0
10461,726,2025-03-14 01:30:00,11.653,29.76,0
10462,553,2025-03-23 19:31:00,9.825,34.08,1
10463,399,2025-06-21 02:24:00,18.026,27.32,0
10464,400,2025-03-11 08:07:00,20.307,54.63,0
10465,445,2025-02-17 18:03:00,13.756,59.84,0
10466,695,2025-01-04 19:05:00,20.249,68.05,0
10467,431,2025-01-04 20:47:00,11.465,16.49,0
10468,0,2025-05-19 09:11:00,16.522,45.25,0
10469,194,2025-02-11 13:22:00,9.135,23.51,0
10470,504,2025-05-14 06:27:00,15.884,101.31,0
10471,625,2025-01-08 22:37:00,16.942,42.66,0
10472,517,2025-05-24 02:47:00,17.021,44.5,0
10473,585,2025-03-15 09:28:00,18.903,28.05,0
10474,192,2025-05-27 20:45:00,9.326,18.26,0
10475,76,2025-05-30 14:12:00,11.9,37.12,0
10476,758,2025-04-13 16:26:00,17.703,93.25,0
10477,450,2025-06-25 12:46:00,16.289,18.91,0
10478,590,2025-06-20 05:46:00,21.292,100.6,0
10479,765,2025-05-07 01:23:00,18.979,55.19,0
10480,146,2025-03-30 13:48:00,14.594,6.9,0
10481,696,2025-06-16 16:48:00,15.472,16.82,0
10482,293,2025-06-24 12:12:00,17.236,218.34,0
10483,500,2025-03-15 12:51:00,8.143,31.76,0
10484,309,2025-02-28 09:21:00,13.099,16.98,0
10485,158,2025-02-24 11:42:00,9.707,17.42,0
10486,703,2025-06-18 08:25:00,11.352,31.39,0
10487,277,2025-01-28 18:15:00,19.613,72.96,0
10488,19,2025-01-01 13:40:00,15.679,26.71,0
10489,120,2025-04-01 03:48:00,20.046,18.82,0
10490,769,2025-06-21 05:49:00,20.443,5.71,0
10491,657,2025-02-28 20:22:00,19.283,16.9,0
10492,531,2025-04-01 19:31:00,18.669,20.02,0
10493,622,2025-01-20 08:33:00,10.325,45.26,0
10494,518,2025-05-28 15:57:00,11.77,48.41,0
10495,728,2025-06-17 17:52:00,17.857,110.65,0
10496,79,2025-04-25 03:20:00,12.215,13.5,0
10497,50,2025-01-23 06:24:00,13.252,38.94,0
10498,555,2025-01-18 14:51:00,21.109,39.8,0
10499,771,2025-05-14 03:40:00,17.882,15.73,0
10500,465,2025-01-24 02:29:00,9.493,72.65,0
10501,773,2025-01-13 06:05:00,18.097,136.83,0
10502,320,2025-06-10 05:24:00,19.113,35.67,0
10503,539,2025-04-05 21:08:00,20.786,23.89,0
10504,407,2025-04-18 02:38:00,17.592,115.64,0
10505,705,2025-05-02 11:08:00,9.34,49.64,0
10506,517,2025-03-04 00:48:00,18.714,13.24,0
10507,350,2025-02-12 05:11:00,17.188,29.97,0
10508,391,2025-04-04 10:55:00,14.386,26.2,1
10509,250,2025-01-14 14:48:00,18.648,17.79,0
10510,59,2025-02-23 03:09:00,15.352,18.47,0
10511,123,2025-04-17 19:20:00,21.052,20.49,0
10512,407,2025-06-19 17:44:00,21.042,66.95,0
10513,25,2025-04-19 12:33:00,11.156,27.66,0
10514,377,2025-05-16 06:22:00,14.168,37.49,0
10515,33,2025-02-26 03:45:00,10.779,75.9,0
10516,129,2025-01-11 06:28:00,12.63,27.56,0
10517,553,2025-03-09 17:09:00,11.123,13.37,0
10518,23,2025-05-05 09:41:00,15.167,74.49,0
10519,269,2025-01-09 05:01:00,8.009,25.82,0
10520,152,2025-06-05 21:23:00,19.08,145.57,0
10521,43,2025-02-23 05:48:00,10.225,78.44,0
10522,622,2025-05-04 18:39:00,11.838,53.45,1
10523,89,2025-06-08 20:50:00,10.449,41.95,0
10524,64,2025-04-21 01:25:00,12.955,85.92,0
10525,532,2025-01-31 19:59:00,9.078,42.72,0
10526,99,2025-02-16 00:27:00,20.025,6.16,0
10527,750,2025-03-26 05:59:00,13.809,32.26,0
10528,389,2025-06-26 05:22:00,20.939,55.29,0
10529,326,2025-05-02 19:53:00,8.657,15.67,0
10530,700,2025-04-21 23:29:00,10.416,278.43,0
10531,622,2025-05-25 12:27:00,19.702,31.13,0
10532,336,2025-01-26 11:02:00,14.493,54.86,0
10533,778,2025-01-15 14:33:00,8.832,89.4,0
10534,424,2025-04-16 00:06:00,8.654,56.75,0
10535,566,2025-04-17 12:43:00,20.528,32.14,0
10536,775,2025-02-16 08:04:00,11.664,48.23,0
10537,578,2025-04-23 21:53:00,13.752,29.99,0
10538,472,2025-01-28 13:17:00,20.558,32.46,0
10539,492,2025-02-05 12:41:00,17.347,13.98,0
10540,523,2025-06-10 21:46:00,18.786,28.42,0
10541,782,2025-01-06 13:15:00,14.601,13.37,0
10542,560,2025-04-11 09:36:00,17.733,34.87,0
10543,239,2025-06-01 23:39:00,16.18,25.27,0
10544,17,2025-05-09 08:02:00,10.384,52.28,0
10545,626,2025-03-21 05:06:00,16.018,10.58,0
10546,390,2025-02-26 14:18:00,20.958,16.65,0
10547,332,2025-01-11 22:33:00,12.833,16.76,0
10548,748,2025-01-23 08:52:00,14.914,34.59,0
10549,124,2025-04-15 01:05:00,13.825,28.77,0
10550,30,2025-04-06 03:03:00,17.641,84.15,0
10551,591,2025-03-09 20:15:00,16.778,36.19,0
10552,739,2025-02-22 15:27:00,14.679,35.0,0
10553,663,2025-01-15 10:28:00,8.662,15.05,0
10554,696,2025-01-23 04:13:00,11.704,27.78,0
10555,690,2025-02-21 16:19:00,12.403,12.03,0
10556,548,2025-06-16 06:30:00,18.255,51.95,0
10557,737,2025-02-28 19:54:00,13.548,68.03,0
10558,273,2025-01-21 19:54:00,13.296,10.48,0
10559,595,2025-04-14 11:35:00,14.242,36.27,0
10560,73,2025-01-23 18:32:00,14.048,32.19,0
10561,422,2025-03-14 14:24:00,18.047,91.72,0
10562,232,2025-05-12 00:51:00,17.384,15.73,0
10563,750,2025-01-20 06:12:00,18.68,19.06,0
10564,348,2025-06-16 02:50:00,10.904,43.23,0
10565,167,2025-04-25 08:38:00,18.38,23.69,0
10566,455,2025-06-14 14:00:00,12.147,24.71,0
10567,61,2025-05-12 04:24:00,8.001,24.34,0
10568,101,2025-06-23 20:28:00,16.954,53.17,0
10569,345,2025-04-02 07:32:00,8.165,86.86,0
10570,504,2025-01-03 22:28:00,9.372,32.77,0
10571,465,2025-01-12 09:40:00,8.576,28.19,0
10572,44,2025-02-02 23:40:00,16.489,59.55,0
10573,543,2025-01-19 13:55:00,10.91,41.29,0
10574,46,2025-05-26 09:56:00,19.328,39.74,0
10575,652,2025-06-20 00:52:00,12.988,86.68,0
10576,31,2025-04-22 21:34:00,12.692,14.91,0
10577,21,2025-02-04 02:03:00,15.207,28.35,0
10578,414,2025-06-26 05:50:00,18.851,15.97,0
10579,641,2025-02-25 08:22:00,17.75,22.79,0
10580,612,2025-06-08 19:02:00,10.892,12.62,0
10581,480,2025-05-04 18:03:00,18.689,25.86,0
10582,142,2025-03-20 19:27:00,15.095,47.06,0
10583,762,2025-05-23 12:43:00,21.824,4.27,0
10584,16,2025-04-30 12:10:00,15.235,26.96,0
10585,278,2025-06-13 23:36:00,12.007,32.57,0
10586,603,2025-04-20 09:16:00,18.656,28.07,0
10587,493,2025-03-13 03:12:00,8.41,9.16,0
10588,632,2025-01-18 01:05:00,18.145,75.17,0
10589,613,2025-06-28 14:42:00,15.605,74.39,0
10590,751,2025-05-21 10:47:00,10.459,87.37,0
10591,413,2025-01-19 16:48:00,8.337,22.39,0
10592,656,2025-04-20 05:26:00,8.652,40.18,0
10593,124,2025-05-29 18:37:00,9.145,19.52,0
10594,139,2025-05-06 23:30:00,14.828,14.84,0
10595,39,2025-02-18 23:29:00,17.906,14.23,0
10596,163,2025-01-25 20:51:00,9.873,41.09,0
10597,89,2025-06-18 16:13:00,10.226,68.31,0
10598,659,2025-03-08 15:53:00,19.396,97.95,0
10599,395,2025-06-06 10:55:00,11.191,33.64,0
10600,355,2025-03-25 18:59:00,19.591,20.28,0
10601,511,2025-05-18 05:00:00,9.331,32.4,0
10602,287,2025-02-13 17:34:00,19.717,76.12,0
10603,456,2025-04-19 16:11:00,18.256,128.16,0
10604,2,2025-04-11 20:21:00,10.067,89.75,0
10605,570,2025-02-08 14:27:00,12.731,82.96,0
10606,697,2025-05-03 13:55:00,12.664,104.02,0
10607,31,2025-03-25 03:31:00,9.874,37.12,0
10608,64,2025-04-28 15:12:00,13.28,43.85,0
10609,109,2025-01-07 06:16:00,17.49,81.73,0
10610,486,2025-01-23 03:05:00,18.228,52.84,0
10611,608,2025-05-08 16:37:00,10.841,70.04,0
10612,658,2025-06-29 06:31:00,18.105,21.52,0
10613,624,2025-01-21 20:35:00,11.733,107.15,0
10614,461,2025-01-05 13:36:00,8.595,23.48,0
10615,561,2025-02-16 11:48:00,10.725,85.21,0
10616,223,2025-01-08 16:25:00,12.791,32.58,0
10617,596,2025-02-14 02:36:00,8.503,22.84,0
10618,146,2025-05-05 13:41:00,9.334,7.1,0
10619,770,2025-05-22 19:56:00,12.987,29.4,0
10620,33,2025-04-24 13:22:00,20.944,12.9,0
10621,755,2025-03-14 02:47:00,16.901,16.73,0
10622,368,2025-01-28 21:17:00,21.081,52.6,0
10623,515,2025-04-07 05:13:00,8.521,10.39,0
10624,127,2025-06-23 16:20:00,20.153,93.66,0
10625,255,2025-02-07 13:13:00,9.9,262.87,0
10626,689,2025-04-08 15:43:00,11.317,23.78,0
10627,11,2025-03-02 03:19:00,9.404,91.74,0
10628,153,2025-03-06 09:47:00,13.757,11.45,0
10629,505,2025-04-03 03:24:00,10.834,48.2,0
10630,643,2025-01-31 10:47:00,18.351,46.5,0
10631,345,2025-02-04 22:57:00,18.569,409.71,0
10632,70,2025-01-08 09:12:00,12.067,25.99,0
10633,117,2025-05-05 03:59:00,19.197,50.66,0
10634,712,2025-06-13 14:34:00,10.291,30.2,0
10635,172,2025-03-22 20:50:00,8.564,26.0,0
10636,462,2025-04-22 15:26:00,10.311,31.34,0
10637,749,2025-06-27 01:22:00,11.441,30.1,0
10638,300,2025-05-17 16:08:00,8.705,21.09,0
10639,52,2025-02-14 09:00:00,9.537,43.36,0
10640,650,2025-05-20 15:23:00,12.238,17.09,0
10641,629,2025-03-13 06:58:00,19.934,25.43,0
10642,520,2025-06-22 15:42:00,19.977,162.8,0
10643,721,2025-06-16 10:32:00,21.91,31.9,0
10644,620,2025-01-08 11:05:00,9.372,71.14,0
10645,550,2025-06-09 11:30:00,8.026,32.93,0
10646,266,2025-02-13 05:49:00,15.919,64.72,0
10647,49,2025-03-29 03:36:00,16.445,30.43,0
10648,580,2025-05-15 20:12:00,11.306,4.42,0
10649,676,2025-01-23 05:55:00,19.159,34.14,0
10650,556,2025-01-03 21:06:00,21.383,15.71,0
10651,522,2025-03-15 13:56:00,12.644,27.53,0
10652,574,2025-04-15 16:48:00,21.242,60.7,0
10653,221,2025-04-16 17:16:00,9.46,149.68,0
10654,93,2025-06-21 09:57:00,14.659,11.34,0
10655,503,2025-02-15 18:16:00,10.76,28.91,0
10656,754,2025-05-09 04:48:00,16.182,35.48,0
10657,109,2025-02-04 09:41:00,8.996,36.4,0
10658,56,2025-03-22 23:29:00,15.061,36.59,0
10659,566,2025-04-06 15:48:00,10.424,54.93,0
10660,338,2025-03-19 07:07:00,13.844,24.66,0
10661,722,2025-02-01 16:25:00,17.633,29.86,0
10662,377,2025-02-04 06:44:00,12.673,47.98,0
10663,417,2025-06-07 09:59:00,15.566,20.01,0
10664,49,2025-06-21 02:19:00,21.601,21.81,0
10665,761,2025-01-14 08:43:00,20.254,33.19,0
10666,264,2025-02-11 20:24:00,21.958,21.81,0
10667,350,2025-06-27 17:34:00,10.479,16.01,0
10668,503,2025-01-22 00:25:00,14.918,14.58,0
10669,686,2025-04-07 19:54:00,18.979,33.8,0
10670,636,2025-02-22 02:28:00,21.006,104.75,0
10671,618,2025-06-27 00:59:00,11.372,47.91,0
10672,84,2025-05-15 01:32:00,21.829,16.34,0
10673,70,2025-05-16 06:32:00,14.179,120.79,0
10674,665,2025-01-12 19:26:00,18.809,23.44,0
10675,730,2025-01-28 12:31:00,15.257,124.59,0
10676,498,2025-05-24 01:31:00,12.166,32.98,0
10677,728,2025-02-10 22:31:00,9.525,43.3,0
10678,254,2025-03-20 04:09:00,10.266,26.12,0
10679,281,2025-01-20 06:00:00,17.064,27.56,0
10680,136,2025-01-04 23:56:00,15.754,105.76,0
10681,634,2025-05-12 05:38:00,14.059,30.32,0
10682,535,2025-02-01 22:35:00,16.765,74.41,0
10683,179,2025-01-31 08:36:00,15.103,36.35,0
10684,799,2025-06-01 18:20:00,9.978,31.9,0
10685,24,2025-05-09 14:59:00,11.662,57.66,0
10686,616,2025-02-08 11:45:00,14.045,31.84,0
10687,166,2025-06-04 17:02:00,13.57,18.64,0
10688,627,2025-06-24 16:14:00,20.635,19.08,0
10689,387,2025-03-16 02:36:00,21.187,55.62,0
10690,187,2025-03-23 18:41:00,15.477,5.98,0
10691,46,2025-04-29 23:40:00,11.719,47.29,0
10692,497,2025-01-27 11:30:00,19.184,11.08,0
10693,128,2025-06-11 03:14:00,10.546,40.26,0
10694,359,2025-01-23 12:41:00,14.89,102.13,0
10695,760,2025-05-16 13:30:00,21.919,17.25,0
10696,710,2025-04-14 20:33:00,20.247,53.23,0
10697,395,2025-01-24 12:53:00,21.014,86.03,0
10698,585,2025-03-21 13:02:00,9.37,22.08,0
10699,658,2025-02-22 15:39:00,14.47,20.86,0
10700,485,2025-06-18 17:12:00,18.767,47.25,0
10701,165,2025-04-07 09:57:00,10.184,95.14,0
10702,649,2025-03-08 05:24:00,18.765,217.3,0
10703,70,2025-02-17 13:38:00,12.785,19.36,0
10704,417,2025-01-26 16:25:00,20.421,58.76,0
10705,624,2025-04-02 01:35:00,13.846,23.83,0
10706,456,2025-04-02 17:12:00,11.504,14.18,0
10707,279,2025-06-21 12:13:00,20.836,29.03,0
10708,333,2025-04-27 15:54:00,17.979,29.1,0
10709,367,2025-03-23 13:40:00,14.482,37.51,0
10710,595,2025-03-09 00:55:00,21.454,48.93,0
10711,793,2025-02-17 02:24:00,16.433,42.16,0
10712,622,2025-04-27 09:51:00,16.219,92.52,0
10713,253,2025-01-27 09:13:00,13.057,157.27,0
10714,88,2025-01-02 02:04:00,19.686,35.44,0
10715,378,2025-06-12 04:44:00,16.194,23.61,0
10716,686,2025-01-07 00:57:00,16.703,29.84,0
10717,507,2025-02-11 08:42:00,21.107,29.11,0
10718,257,2025-04-11 12:21:00,11.779,540.59,1
10719,71,2025-02-04 20:26:00,19.073,10.55,0
10720,201,2025-05-01 14:55:00,19.351,11.91,0
10721,573,2025-04-10 04:54:00,8.887,60.48,0
10722,535,2025-01-14 12:22:00,18.113,63.77,0
10723,361,2025-03-25 02:35:00,19.625,45.41,0
10724,267,2025-05-30 11:43:00,15.509,28.84,0
10725,140,2025-03-11 10:04:00,9.557,23.37,0
10726,777,2025-05-02 22:50:00,9.105,11.67,0
10727,344,2025-04-15 03:46:00,8.33,20.78,0
10728,613,2025-03-24 21:38:00,13.126,19.49,0
10729,368,2025-04-13 11:50:00,16.697,11.29,0
10730,455,2025-03-29 16:02:00,15.982,41.66,0
10731,512,2025-01-13 07:29:00,15.137,19.38,0
10732,284,2025-03-20 13:06:00,13.842,36.15,0
10733,749,2025-03-16 16:26:00,17.532,10.72,0
10734,365,2025-05-21 04:37:00,20.365,56.0,0
10735,612,2025-05-10 18:39:00,19.571,49.34,0
10736,733,2025-04-14 06:37:00,18.011,23.21,0
10737,305,2025-03-10 16:51:00,12.093,105.01,0
10738,187,2025-04-24 09:39:00,21.166,32.81,0
10739,775,2025-06-29 13:53:00,20.057,39.01,0
10740,628,2025-05-31 15:54:00,21.269,10.03,0
10741,632,2025-02-12 08:51:00,16.667,18.71,0
10742,756,2025-02-20 11:22:00,12.662,20.79,0
10743,22,2025-03-31 08:17:00,14.33,65.43,0
10744,755,2025-04-29 21:03:00,12.583,75.66,0
10745,93,2025-05-02 07:22:00,12.913,22.18,0
10746,116,2025-05-21 23:13:00,13.958,40.11,0
10747,174,2025-04-09 14:46:00,21.09,69.46,0
10748,90,2025-05-29 09:06:00,14.965,26.67,0
10749,66,2025-01-08 00:47:00,13.661,10.87,0
10750,100,2025-02-09 02:39:00,16.951,61.81,0
10751,388,2025-04-03 11:02:00,12.009,49.17,0
10752,298,2025-04-05 00:47:00,8.123,44.18,0
10753,272,2025-06-23 22:57:00,18.219,75.42,0
10754,137,2025-04-29 17:01:00,12.654,80.55,0
10755,778,2025-03-15 04:47:00,11.325,57.53,0
10756,265,2025-04-16 14:01:00,15.49,13.72,0
10757,378,2025-01-21 21:53:00,10.255,10.43,0
10758,113,2025-03-12 10:54:00,11.892,46.33,0
10759,169,2025-01-04 19:50:00,15.172,36.88,0
10760,187,2025-01-28 00:28:00,21.641,39.16,0
10761,776,2025-03-16 04:59:00,11.415,135.38,0
10762,141,2025-01-01 21:37:00,14.538,72.92,0
10763,411,2025-02-03 08:28:00,15.392,30.2,0
10764,435,2025-06-10 22:34:00,17.981,19.42,0
10765,58,2025-05-31 05:53:00,15.308,58.63,0
10766,280,2025-04-13 08:11:00,18.268,50.67,0
10767,64,2025-06-21 09:45:00,20.099,29.47,0
10768,139,2025-01-06 13:25:00,11.959,3.92,0
10769,540,2025-06-19 07:05:00,19.699,16.26,0
10770,454,2025-03-31 07:22:00,11.678,68.94,0
10771,395,2025-03-09 09:58:00,19.331,12.45,0
10772,170,2025-05-23 07:42:00,16.913,55.62,0
10773,499,2025-03-23 20:33:00,15.959,49.91,0
10774,723,2025-04-19 05:51:00,14.495,15.84,0
10775,679,2025-02-26 17:08:00,15.636,71.9,0
10776,138,2025-04-05 08:05:00,11.284,32.84,0
10777,545,2025-01-24 05:30:00,14.973,31.08,0
10778,195,2025-02-08 16:30:00,16.519,13.95,0
10779,689,2025-04-11 15:02:00,13.342,98.83,0
10780,378,2025-06-19 20:56:00,13.346,13.49,0
10781,594,2025-02-03 12:24:00,12.864,13.36,0
10782,431,2025-04-15 02:58:00,19.451,39.2,0
10783,539,2025-01-11 16:38:00,13.382,15.98,0
10784,747,2025-04-02 02:54:00,16.125,183.05,0
10785,107,2025-06-02 21:33:00,21.611,15.88,0
10786,722,2025-03-03 01:56:00,8.421,66.02,0
10787,386,2025-05-24 17:35:00,11.079,130.28,0
10788,113,2025-03-12 18:03:00,20.953,62.05,0
10789,346,2025-06-16 17:32:00,18.034,19.13,0
10790,44,2025-04-24 04:09:00,13.27,46.06,0
10791,432,2025-02-28 22:23:00,9.257,103.5,0
10792,377,2025-02-17 17:41:00,15.195,10.55,0
10793,312,2025-06-06 17:30:00,18.974,84.22,0
10794,355,2025-03-28 13:30:00,13.92,51.84,0
10795,496,2025-03-13 17:18:00,19.816,158.75,0
10796,661,2025-04-16 14:35:00,12.067,49.31,0
10797,313,2025-01-14 02:24:00,14.932,39.53,0
10798,13,2025-02-03 02:17:00,9.263,60.48,0
10799,446,2025-03-24 09:52:00,15.358,12.98,0
10800,755,2025-02-22 09:38:00,20.055,18.23,0
10801,315,2025-04-10 16:21:00,10.131,37.0,0
10802,98,2025-03-04 16:56:00,16.534,23.02,0
10803,721,2025-03-19 18:38:00,12.4,21.46,0
10804,335,2025-05-21 06:12:00,12.948,178.69,0
10805,298,2025-05-22 09:04:00,8.12,147.01,0
10806,236,2025-02-22 15:26:00,15.462,4.58,0
10807,584,2025-03-05 07:53:00,21.795,36.14,0
10808,116,2025-04-26 04:09:00,10.056,13.49,0
10809,490,2025-06-15 18:59:00,11.28,87.87,0
10810,278,2025-04-08 23:54:00,11.168,41.82,0
10811,308,2025-01-14 08:23:00,15.87,113.01,0
10812,172,2025-04-18 06:56:00,10.659,17.57,0
10813,646,2025-05-10 16:09:00,21.323,16.37,0
10814,362,2025-06-18 14:10:00,17.749,29.38,0
10815,742,2025-06-17 05:11:00,16.754,21.71,0
10816,662,2025-05-05 07:06:00,8.056,32.51,0
10817,608,2025-04-10 13:39:00,14.588,90.46,0
10818,360,2025-01-31 03:40:00,19.332,50.87,0
10819,758,2025-06-08 03:53:00,15.098,27.61,0
10820,467,2025-03-27 19:09:00,18.336,36.54,0
10821,349,2025-05-05 12:42:00,17.549,9.87,0
10822,277,2025-05-13 07:36:00,21.013,7.34,0
10823,730,2025-01-03 14:46:00,13.133,92.22,0
10824,203,2025-03-09 04:21:00,19.555,19.03,0
10825,700,2025-05-01 19:46:00,11.646,110.22,0
10826,182,2025-03-27 05:37:00,15.805,27.39,0
10827,609,2025-04-29 04:20:00,16.651,38.97,0
10828,225,2025-04-12 05:23:00,14.198,68.02,0
10829,668,2025-01-01 00:07:00,9.433,74.7,0
10830,668,2025-02-25 00:51:00,14.079,23.19,0
10831,584,2025-03-15 15:34:00,10.758,37.05,0
10832,793,2025-03-11 06:09:00,14.822,34.49,0
10833,409,2025-01-07 23:36:00,8.289,47.37,0
10834,670,2025-01-04 08:13:00,14.768,40.85,0
10835,441,2025-02-22 17:45:00,13.283,19.52,0
10836,30,2025-06-03 04:58:00,8.189,39.45,0
10837,334,2025-06-27 14:02:00,16.719,10.86,0
10838,25,2025-05-31 14:51:00,12.382,35.09,0
10839,531,2025-06-19 06:01:00,16.153,38.48,0
10840,121,2025-06-16 17:00:00,20.403,15.97,0
10841,259,2025-05-04 06:35:00,20.102,27.93,0
10842,697,2025-01-23 02:29:00,15.05,23.21,0
10843,591,2025-03-08 00:48:00,14.598,23.56,0
10844,268,2025-05-13 11:46:00,15.466,64.17,0
10845,404,2025-03-13 08:40:00,13.465,50.66,0
10846,464,2025-02-18 09:19:00,12.131,75.52,0
10847,282,2025-01-07 21:05:00,10.207,184.56,0
10848,599,2025-03-02 22:57:00,20.811,84.2,0
10849,117,2025-03-02 21:23:00,8.863,10.24,0
10850,341,2025-05-27 11:11:00,12.832,20.72,0
10851,204,2025-05-22 04:32:00,10.33,102.41,0
10852,543,2025-01-21 08:38:00,8.847,25.52,0
10853,512,2025-04-04 11:36:00,10.419,24.2,0
10854,645,2025-06-12 12:32:00,14.384,45.73,0
10855,295,2025-03-27 19:14:00,15.825,27.87,0
10856,184,2025-06-22 03:36:00,20.521,137.39,0
10857,26,2025-01-17 09:32:00,17.574,30.76,0
10858,688,2025-02-27 23:14:00,19.227,241.0,0
10859,263,2025-06-15 10:04:00,15.746,22.36,0
10860,603,2025-05-09 20:44:00,10.818,20.69,0
10861,293,2025-02-20 22:52:00,19.898,17.94,0
10862,265,2025-06-10 12:23:00,14.643,18.65,0
10863,187,2025-03-10 22:08:00,18.797,62.43,0
10864,625,2025-05-23 15:54:00,8.089,11.94,0
10865,229,2025-03-01 12:39:00,14.239,15.67,0
10866,237,2025-03-03 00:10:00,12.744,53.04,0
10867,563,2025-03-01 04:07:00,12.161,6.17,0
10868,414,2025-03-07 17:36:00,17.448,10.78,0
10869,597,2025-04-18 21:04:00,19.544,33.57,0
10870,82,2025-05-26 16:02:00,20.095,48.51,0
10871,767,2025-04-23 20:46:00,19.21,26.75,0
10872,189,2025-01-05 15:30:00,19.363,49.59,0
10873,94,2025-04-18 17:47:00,19.691,17.58,0
10874,87,2025-03-19 15:45:00,17.71,117.5,0
10875,249,2025-01-13 07:54:00,18.639,72.54,0
10876,338,2025-03-01 11:18:00,11.096,18.25,0
10877,61,2025-06-24 12:24:00,21.401,30.1,0
10878,498,2025-03-04 18:10:00,15.044,7.27,0
10879,490,2025-05-09 12:25:00,11.679,73.63,0
10880,621,2025-02-05 21:51:00,14.364,12.58,0
10881,13,2025-06-08 21:23:00,19.526,22.75,0
10882,77,2025-05-27 12:25:00,17.695,27.69,0
10883,164,2025-01-29 17:46:00,10.136,11.64,0
10884,350,2025-05-05 09:52:00,14.141,17.98,0
10885,469,2025-06-17 18:42:00,18.572,47.15,0
10886,161,2025-06-12 19:46:00,17.716,23.5,0
10887,286,2025-05-10 21:39:00,10.654,70.3,0
10888,410,2025-05-12 08:08:00,18.4,63.35,0
10889,435,2025-04-01 03:05:00,17.448,17.75,0
10890,421,2025-01-27 20:40:00,11.421,24.35,0
10891,512,2025-01-05 03:55:00,12.306,24.36,0
10892,604,2025-02-22 19:06:00,13.872,25.34,0
10893,671,2025-02-15 13:45:00,17.432,113.88,0
10894,772,2025-06-14 11:43:00,21.32,40.8,0
10895,314,2025-05-31 23:21:00,21.926,9.28,0
10896,262,2025-02-28 10:15:00,17.649,20.73,0
10897,223,2025-03-10 06:03:00,13.774,24.18,0
10898,280,2025-05-14 18:43:00,8.958,49.11,0
10899,431,2025-05-03 02:09:00,16.302,147.98,0
10900,483,2025-06-09 13:51:00,14.744,65.71,0
10901,55,2025-05-12 13:01:00,17.39,32.26,0
10902,799,2025-05-05 12:33:00,21.503,17.72,0
10903,33,2025-05-20 14:48:00,10.335,109.09,0
10904,320,2025-06-10 21:51:00,13.189,27.6,0
10905,361,2025-03-10 19:45:00,16.066,11.23,0
10906,276,2025-02-15 05:53:00,12.91,46.59,0
10907,174,2025-06-13 18:28:00,10.465,13.02,0
10908,424,2025-01-30 01:51:00,16.38,59.33,0
10909,5,2025-02-22 14:18:00,8.551,25.54,0
10910,594,2025-01-25 12:05:00,13.279,27.41,0
10911,543,2025-05-31 11:47:00,21.618,3.89,0
10912,616,2025-06-15 01:40:00,14.695,82.88,0
10913,652,2025-03-18 10:50:00,9.422,13.63,0
10914,710,2025-01-18 21:59:00,19.68,19.64,0
10915,118,2025-02-12 03:52:00,10.507,40.77,0
10916,668,2025-04-15 04:45:00,11.512,31.14,0
10917,451,2025-03-03 19:42:00,21.474,219.72,0
10918,98,2025-05-16 00:22:00,18.851,8.81,0
10919,787,2025-05-24 22:06:00,12.507,400.11,1
10920,649,2025-03-20 14:32:00,17.062,65.65,0
10921,215,2025-04-21 16:14:00,14.829,24.56,0
10922,712,2025-01-12 11:15:00,20.495,34.91,0
10923,584,2025-01-25 14:27:00,15.844,276.76,0
10924,357,2025-03-02 11:23:00,17.251,36.89,0
10925,129,2025-01-23 07:32:00,10.088,107.33,0
10926,584,2025-01-03 16:17:00,11.498,58.86,0
10927,745,2025-05-04 16:42:00,8.372,63.14,0
10928,154,2025-01-05 05:37:00,16.235,29.86,0
10929,0,2025-02-13 02:36:00,15.875,9.51,0
10930,183,2025-05-10 20:04:00,12.309,83.55,0
10931,235,2025-02-07 13:24:00,11.25,54.64,0
10932,303,2025-02-10 22:55:00,14.342,53.72,0
10933,781,2025-05-15 21:50:00,9.453,31.04,0
10934,770,2025-01-04 23:51:00,19.941,20.84,0
10935,536,2025-02-28 01:51:00,19.646,100.83,0
10936,173,2025-04-07 11:42:00,16.346,45.45,0
10937,169,2025-01-13 07:04:00,20.622,8.1,0
10938,65,2025-04-28 09:20:00,16.589,33.53,0
10939,633,2025-03-18 11:17:00,14.873,27.44,0
10940,176,2025-02-25 21:34:00,16.4,4.28,0
10941,718,2025-04-13 10:51:00,9.196,19.24,0
10942,480,2025-01-07 23:14:00,11.045,279.28,0
10943,389,2025-04-19 06:25:00,15.816,5.3,0
10944,743,2025-03-25 10:38:00,9.571,13.9,0
10945,124,2025-01-11 12:44:00,19.334,5.0,0
10946,370,2025-05-22 10:05:00,10.383,9.87,0
10947,206,2025-03-23 15:22:00,13.858,8.04,0
10948,144,2025-01-13 08:19:00,14.784,13.57,0
10949,754,2025-03-06 17:18:00,10.211,138.12,0
10950,484,2025-05-15 03:06:00,11.39,72.25,0
10951,128,2025-03-22 19:23:00,14.781,28.45,0
10952,85,2025-03-11 17:25:00,9.495,133.54,0
10953,249,2025-01-08 12:07:00,10.62,23.91,0
10954,666,2025-01-12 14:48:00,8.325,16.3,0
10955,116,2025-02-23 05:01:00,15.09,24.75,0
10956,593,2025-02-18 20:05:00,19.512,9.86,0
10957,84,2025-04-26 19:44:00,19.351,7.74,0
10958,269,2025-03-26 16:00:00,12.969,59.33,0
10959,417,2025-01-23 15:57:00,17.624,45.63,0
10960,103,2025-04-28 07:01:00,21.859,12.5,0
10961,317,2025-06-22 15:49:00,13.928,50.87,0
10962,214,2025-06-04 12:48:00,20.794,52.52,0
10963,36,2025-06-28 21:41:00,18.9,21.58,0
10964,0,2025-03-28 09:41:00,10.476,16.33,0
10965,116,2025-03-06 21:06:00,14.219,65.93,0
10966,598,2025-01-11 00:19:00,21.031,50.08,0
10967,30,2025-05-03 13:43:00,10.346,140.8,0
10968,404,2025-03-21 05:09:00,8.807,49.61,0
10969,19,2025-04-25 08:41:00,11.742,8.48,0
10970,172,2025-02-24 04:48:00,8.068,10.27,0
10971,142,2025-01-31 02:09:00,9.779,29.41,0
10972,271,2025-05-05 05:00:00,13.968,66.85,0
10973,594,2025-03-11 20:59:00,18.702,45.24,0
10974,336,2025-04-06 04:33:00,10.992,21.37,0
10975,11,2025-06-26 12:23:00,19.895,9.11,0
10976,115,2025-02-20 15:31:00,21.831,113.34,0
10977,243,2025-01-23 23:33:00,14.499,109.09,0
10978,222,2025-05-09 03:49:00,21.89,11.35,0
10979,451,2025-04-14 12:45:00,16.089,59.56,0
10980,280,2025-03-13 16:05:00,8.843,42.93,0
10981,594,2025-04-18 20:27:00,9.548,60.5,0
10982,201,2025-06-16 03:55:00,15.181,117.88,0
10983,542,2025-01-31 03:42:00,20.905,109.46,0
10984,80,2025-05-23 08:22:00,9.379,52.48,0
10985,790,2025-04-07 08:16:00,16.004,28.8,0
10986,789,2025-05-25 23:43:00,19.354,27.54,0
10987,220,2025-06-15 03:26:00,21.763,29.38,0
10988,187,2025-01-29 19:04:00,20.712,310.85,0
10989,0,2025-01-21 19:38:00,9.485,36.29,0
10990,780,2025-01-01 16:33:00,9.075,65.31,0
10991,30,2025-02-04 03:41:00,10.874,48.82,0
10992,1,2025-03-04 09:19:00,11.918,15.86,0
10993,78,2025-02-16 00:18:00,20.121,51.29,0
10994,235,2025-05-29 05:16:00,17.033,20.6,0
10995,780,2025-05-16 04:13:00,21.191,16.41,0
10996,133,2025-03-05 07:11:00,13.864,56.3,0
10997,456,2025-04-14 21:43:00,13.742,12.73,0
10998,520,2025-02-26 07:05:00,11.915,70.62,0
10999,639,2025-04-01 15:19:00,14.125,55.23,0
11000,559,2025-02-22 07:54:00,19.073,96.28,0
11001,788,2025-05-23 13:43:00,17.754,51.38,0
11002,529,2025-02-11 00:27:00,19.056,16.3,0
11003,675,2025-06-26 02:06:00,19.63,85.35,0
11004,255,2025-06-17 19:46:00,8.06,88.94,0
11005,326,2025-02-05 06:32:00,11.322,71.53,0
11006,589,2025-04-13 18:12:00,17.16,62.92,0
11007,700,2025-05-27 04:03:00,14.247,10.73,0
11008,4,2025-06-01 21:37:00,9.644,69.42,0
11009,347,2025-03-08 14:46:00,8.907,12.88,0
11010,641,2025-04-09 13:21:00,21.207,21.29,0
11011,91,2025-01-27 06:40:00,19.878,17.99,0
11012,282,2025-02-15 06:30:00,12.467,9.98,0
11013,438,2025-02-16 04:10:00,16.95,40.34,0
11014,66,2025-02-21 10:07:00,10.055,34.14,0
11015,732,2025-03-13 20:57:00,9.89,101.28,0
11016,294,2025-05-04 18:55:00,12.671,91.8,0
11017,627,2025-06-11 20:22:00,11.937,40.32,0
11018,341,2025-04-15 16:10:00,21.711,65.75,0
11019,321,2025-03-28 02:43:00,8.341,32.2,0
11020,772,2025-05-07 12:46:00,15.662,32.04,0
11021,683,2025-04-21 13:47:00,19.958,38.7,0
11022,412,2025-03-22 08:53:00,8.363,31.02,0
11023,371,2025-01-06 23:34:00,15.752,41.47,0
11024,624,2025-04-08 12:36:00,13.32,59.51,0
11025,547,2025-01-12 12:30:00,11.023,13.19,0
11026,783,2025-04-20 22:27:00,11.295,25.25,0
11027,266,2025-06-18 21:35:00,19.402,65.11,0
11028,90,2025-05-24 13:38:00,14.502,22.46,0
11029,155,2025-05-31 21:31:00,8.642,22.85,0
11030,422,2025-03-25 02:28:00,13.724,78.86,0
11031,250,2025-03-30 03:14:00,19.434,19.36,0
11032,647,2025-04-05 13:37:00,17.648,49.51,0
11033,700,2025-02-06 01:43:00,21.369,39.46,0
11034,149,2025-06-26 12:43:00,18.823,71.19,0
11035,791,2025-01-08 05:33:00,10.393,33.2,0
11036,504,2025-06-28 05:07:00,8.936,18.6,0
11037,211,2025-06-25 13:30:00,14.476,20.77,0
11038,160,2025-06-19 05:16:00,14.227,131.64,0
11039,132,2025-01-02 00:30:00,15.668,22.84,0
11040,376,2025-06-21 18:26:00,17.403,21.68,0
11041,56,2025-02-12 18:38:00,11.561,24.19,0
11042,104,2025-02-16 22:29:00,21.836,28.19,0
11043,603,2025-05-04 02:27:00,14.927,25.25,0
11044,391,2025-03-13 13:59:00,18.01,54.99,0
11045,422,2025-06-18 19:43:00,13.718,37.96,0
11046,259,2025-03-31 08:36:00,17.582,21.83,0
11047,444,2025-01-22 01:41:00,21.768,62.39,0
11048,274,2025-02-13 02:39:00,10.15,43.85,0
11049,36,2025-05-20 07:12:00,14.103,101.18,0
11050,454,2025-04-14 14:44:00,17.758,45.08,0
11051,64,2025-03-01 17:14:00,19.996,31.59,0
11052,551,2025-02-09 11:48:00,16.921,29.74,0
11053,731,2025-05-03 08:23:00,11.238,39.31,0
11054,533,2025-02-17 23:44:00,17.032,46.94,0
11055,461,2025-01-18 09:27:00,16.718,34.94,0
11056,771,2025-04-11 02:49:00,8.611,24.6,0
11057,175,2025-06-05 16:00:00,16.497,57.78,0
11058,619,2025-02-25 12:13:00,15.456,49.49,0
11059,165,2025-05-08 07:12:00,12.053,35.53,0
11060,0,2025-03-22 08:50:00,11.345,59.74,0
11061,192,2025-06-22 00:11:00,18.75,32.93,0
11062,401,2025-04-20 07:01:00,8.909,35.34,0
11063,51,2025-04-01 10:27:00,11.983,58.01,0
11064,222,2025-02-11 00:54:00,17.815,66.42,0
11065,39,2025-06-09 18:49:00,10.929,59.03,0
11066,194,2025-01-09 05:37:00,9.646,18.99,0
11067,575,2025-04-08 06:31:00,21.761,47.28,0
11068,121,2025-02-17 21:50:00,15.919,36.24,0
11069,211,2025-04-03 07:14:00,11.763,47.89,0
11070,108,2025-06-26 23:31:00,10.156,150.54,0
11071,307,2025-01-18 00:43:00,8.099,29.58,0
11072,608,2025-01-10 10:44:00,18.497,35.62,0
11073,429,2025-05-27 13:12:00,13.005,22.31,0
11074,160,2025-05-06 16:57:00,10.724,30.02,0
11075,256,2025-03-16 04:42:00,20.649,20.36,0
11076,536,2025-02-10 01:04:00,17.749,14.83,0
11077,383,2025-04-19 00:06:00,19.346,7.32,0
11078,367,2025-02-16 06:48:00,17.18,20.07,0
11079,692,2025-04-28 02:59:00,20.834,21.2,0
11080,655,2025-03-14 21:28:00,12.822,33.39,0
11081,195,2025-05-20 11:11:00,10.19,22.74,0
11082,563,2025-04-29 12:14:00,8.093,79.95,0
11083,633,2025-04-14 13:29:00,8.473,41.96,0
11084,719,2025-01-18 13:26:00,19.954,63.37,0
11085,211,2025-04-22 14:00:00,16.608,76.84,0
11086,582,2025-05-06 16:27:00,8.638,106.16,0
11087,149,2025-04-04 17:39:00,9.494,76.23,0
11088,355,2025-04-17 17:16:00,17.751,17.26,0
11089,58,2025-04-21 12:16:00,13.388,69.6,0
11090,483,2025-02-12 01:22:00,18.842,45.22,0
11091,547,2025-03-21 23:04:00,21.112,102.78,0
11092,357,2025-01-23 16:41:00,18.584,35.73,0
11093,329,2025-05-20 18:05:00,10.542,87.44,0
11094,193,2025-01-27 05:16:00,17.095,37.91,0
11095,616,2025-05-26 21:23:00,16.335,39.14,0
11096,728,2025-04-25 13:03:00,19.871,59.63,0
11097,106,2025-04-04 01:54:00,10.804,27.21,0
11098,220,2025-04-01 21:05:00,18.065,54.46,0
11099,482,2025-01-27 09:25:00,16.397,10.39,0
11100,292,2025-04-28 07:28:00,14.686,51.53,0
11101,10,2025-03-09 05:30:00,12.075,12.65,0
11102,16,2025-05-22 00:56:00,8.364,54.53,0
11103,187,2025-06-01 04:32:00,19.278,2.88,0
11104,774,2025-06-15 03:04:00,9.504,8.2,0
11105,487,2025-06-15 00:21:00,13.283,36.51,0
11106,204,2025-05-18 03:23:00,14.946,37.03,0
11107,44,2025-02-18 01:40:00,12.616,28.59,0
11108,604,2025-02-19 06:36:00,17.274,62.38,0
11109,301,2025-06-19 09:33:00,12.599,73.8,0
11110,314,2025-06-23 10:57:00,15.228,265.09,0
11111,449,2025-02-19 19:24:00,9.333,36.25,0
11112,182,2025-04-27 15:52:00,14.083,80.07,0
11113,582,2025-06-15 09:32:00,16.162,18.04,0
11114,250,2025-06-02 13:55:00,20.066,22.6,0
11115,564,2025-06-18 09:04:00,10.542,18.15,0
11116,413,2025-03-05 07:01:00,12.741,32.05,0
11117,118,2025-04-01 20:52:00,11.63,41.84,0
11118,498,2025-04-18 17:35:00,10.137,80.55,0
11119,60,2025-06-21 02:23:00,13.399,46.15,0
11120,572,2025-06-26 22:31:00,20.717,101.98,0
11121,301,2025-04-09 20:51:00,13.221,103.32,0
11122,536,2025-06-03 10:56:00,11.81,36.15,0
11123,192,2025-03-10 04:48:00,21.413,32.2,0
11124,325,2025-04-19 16:34:00,18.017,10.33,0
11125,244,2025-05-26 19:53:00,13.175,22.67,0
11126,200,2025-06-09 16:36:00,18.49,18.32,0
11127,273,2025-01-20 12:48:00,16.94,18.97,0
11128,43,2025-01-14 03:21:00,19.968,24.94,0
11129,317,2025-02-08 23:56:00,9.554,53.32,0
11130,98,2025-01-19 08:16:00,15.558,44.14,0
11131,414,2025-02-08 09:14:00,17.83,77.17,0
11132,72,2025-06-20 18:26:00,21.967,47.61,0
11133,7,2025-04-22 23:21:00,16.424,21.81,0
11134,351,2025-01-18 11:10:00,9.97,64.13,0
11135,238,2025-05-08 14:19:00,21.602,11.69,0
11136,701,2025-06-19 01:24:00,14.423,76.48,0
11137,211,2025-05-31 17:40:00,14.835,18.97,0
11138,319,2025-06-03 23:42:00,11.544,5.58,0
11139,188,2025-06-11 23:24:00,19.391,54.11,0
11140,711,2025-05-16 04:20:00,15.41,27.33,0
11141,630,2025-06-07 12:12:00,21.635,89.58,0
11142,137,2025-05-24 11:41:00,15.266,75.61,0
11143,201,2025-05-03 18:12:00,10.528,15.9,0
11144,149,2025-02-05 21:39:00,18.784,118.37,0
11145,120,2025-06-14 16:03:00,10.068,7.75,0
11146,192,2025-01-17 03:52:00,11.967,50.77,0
11147,681,2025-02-19 14:21:00,21.153,109.4,0
11148,367,2025-05-11 00:15:00,21.669,15.53,0
11149,306,2025-05-11 13:11:00,18.873,189.6,0
11150,152,2025-06-08 22:54:00,10.897,39.85,0
11151,147,2025-01-14 19:12:00,18.387,47.16,0
11152,444,2025-05-22 18:09:00,16.317,89.56,0
11153,600,2025-01-23 12:59:00,14.254,48.9,0
11154,446,2025-04-20 14:32:00,14.246,12.13,0
11155,525,2025-02-10 16:50:00,14.343,2.67,0
11156,209,2025-04-13 08:03:00,12.513,16.03,0
11157,756,2025-01-19 11:33:00,15.532,17.21,0
11158,658,2025-01-07 03:18:00,8.512,16.39,0
11159,702,2025-06-23 19:40:00,19.879,21.1,0
11160,534,2025-04-03 00:10:00,20.559,3.59,0
11161,555,2025-03-25 22:10:00,13.471,13.49,0
11162,56,2025-03-12 16:39:00,21.28,54.18,0
11163,128,2025-06-13 04:57:00,18.866,80.56,0
11164,105,2025-05-21 23:24:00,19.87,19.54,0
11165,386,2025-03-27 19:03:00,20.478,60.82,0
11166,749,2025-01-23 02:46:00,12.764,4.41,1
11167,95,2025-05-06 22:36:00,19.378,43.44,0
11168,601,2025-02-06 16:51:00,10.032,90.3,0
11169,439,2025-02-27 21:48:00,21.679,52.87,0
11170,476,2025-04-29 22:54:00,16.334,34.27,0
11171,733,2025-06-21 02:52:00,17.718,4.55,0
11172,467,2025-02-09 22:18:00,12.29,158.81,0
11173,3,2025-01-07 06:44:00,8.446,165.36,0
11174,615,2025-03-18 10:29:00,10.283,61.32,0
11175,700,2025-05-06 12:47:00,9.989,101.58,0
11176,66,2025-04-29 09:44:00,14.194,35.06,0
11177,431,2025-06-21 01:38:00,12.096,64.35,0
11178,375,2025-02-07 10:11:00,21.221,68.49,0
11179,120,2025-05-22 20:48:00,19.781,33.27,0
11180,220,2025-05-20 06:36:00,15.558,18.06,0
11181,684,2025-05-29 23:12:00,19.933,2068.5,1
11182,313,2025-06-12 10:14:00,16.191,157.32,0
11183,429,2025-02-23 20:23:00,20.88,94.53,0
11184,621,2025-02-25 17:21:00,18.432,45.97,0
11185,358,2025-03-23 07:58:00,18.293,43.22,0
11186,712,2025-03-04 23:25:00,11.849,45.26,0
11187,399,2025-01-25 12:18:00,19.123,5.63,0
11188,788,2025-03-01 07:15:00,18.813,32.14,0
11189,117,2025-03-09 18:04:00,9.133,29.45,0
11190,710,2025-05-17 11:52:00,8.811,13.32,0
11191,90,2025-01-02 12:26:00,20.338,81.35,0
11192,650,2025-05-16 03:41:00,21.704,43.85,0
11193,529,2025-05-21 04:17:00,16.465,4.31,0
11194,447,2025-01-24 22:18:00,10.391,42.23,0
11195,704,2025-06-21 13:00:00,13.897,97.17,0
11196,512,2025-05-11 06:17:00,0.081,21.73,1
11197,555,2025-05-07 03:40:00,19.504,15.42,0
11198,603,2025-05-19 00:57:00,9.444,12.48,0
11199,672,2025-05-26 20:29:00,12.692,37.91,0
11200,185,2025-03-14 10:46:00,15.878,19.58,0
11201,675,2025-04-03 10:11:00,17.773,10.79,0
11202,471,2025-04-20 21:15:00,20.699,127.92,0
11203,25,2025-02-04 12:00:00,13.905,41.2,0
11204,734,2025-01-12 00:14:00,10.674,23.01,0
11205,616,2025-05-10 17:55:00,9.525,133.53,0
11206,713,2025-02-14 22:18:00,17.22,43.59,0
11207,617,2025-02-23 20:54:00,9.803,31.42,0
11208,276,2025-01-19 14:05:00,17.215,41.67,0
11209,279,2025-03-24 17:08:00,14.387,22.93,0
11210,221,2025-04-13 07:45:00,13.831,31.3,0
11211,327,2025-06-12 02:53:00,11.653,55.85,0
11212,27,2025-03-30 11:20:00,20.625,134.34,0
11213,596,2025-03-09 03:05:00,18.027,22.56,0
11214,601,2025-05-23 23:43:00,15.345,57.84,0
11215,789,2025-02-22 02:04:00,13.933,10.76,0
11216,440,2025-01-03 00:05:00,13.046,52.46,0
11217,790,2025-01-06 16:55:00,13.588,148.16,0
11218,167,2025-06-02 00:44:00,19.951,35.67,0
11219,379,2025-05-07 06:17:00,13.9,22.05,0
11220,625,2025-02-02 10:09:00,8.062,22.88,0
11221,631,2025-02-08 17:45:00,20.925,51.55,0
11222,618,2025-05-31 15:36:00,16.3,36.73,0
11223,372,2025-04-26 02:16:00,10.319,25.32,0
11224,58,2025-03-28 18:16:00,9.772,59.03,0
11225,692,2025-03-07 23:43:00,13.272,17.34,0
11226,305,2025-03-10 16:32:00,16.571,69.92,0
11227,519,2025-05-22 18:45:00,21.148,27.2,0
11228,106,2025-02-05 12:36:00,8.762,59.29,0
11229,749,2025-06-10 04:20:00,12.939,68.52,0
11230,205,2025-02-12 21:00:00,11.6,7.4,0
11231,797,2025-02-12 10:14:00,13.897,33.07,0
11232,572,2025-03-09 21:43:00,19.089,10.3,0
11233,264,2025-05-23 14:47:00,10.22,8.76,0
11234,295,2025-01-01 21:42:00,21.09,29.01,0
11235,783,2025-01-28 12:09:00,11.59,44.75,0
11236,475,2025-03-09 13:54:00,18.538,10.17,0
11237,554,2025-01-26 08:48:00,16.953,43.48,0
11238,490,2025-03-11 00:04:00,15.669,17.39,0
11239,190,2025-03-19 02:53:00,19.814,36.95,0
11240,105,2025-04-22 07:31:00,16.5,264.79,0
11241,2,2025-02-28 09:52:00,18.955,27.15,0
11242,323,2025-04-07 20:57:00,16.248,14.08,0
11243,547,2025-06-27 16:31:00,18.087,34.5,0
11244,241,2025-03-25 02:34:00,8.665,30.06,0
11245,177,2025-05-25 17:11:00,17.032,26.55,0
11246,310,2025-02-19 06:50:00,20.446,35.97,0
11247,185,2025-06-10 05:49:00,17.105,30.19,0
11248,347,2025-04-13 08:12:00,19.454,13.0,0
11249,441,2025-01-25 11:30:00,21.874,67.68,0
11250,217,2025-06-13 03:33:00,10.188,100.1,0
11251,24,2025-05-09 12:18:00,17.648,25.99,0
11252,81,2025-03-03 17:04:00,20.561,46.33,0
11253,333,2025-04-19 18:30:00,8.402,6.81,0
11254,141,2025-06-20 12:15:00,10.431,34.49,0
11255,639,2025-01-18 20:42:00,11.495,163.06,0
11256,131,2025-01-08 01:32:00,20.324,66.38,0
11257,21,2025-05-23 20:37:00,21.681,39.59,0
11258,495,2025-02-21 20:19:00,20.789,33.78,0
11259,499,2025-06-03 16:20:00,14.636,27.55,0
11260,537,2025-05-19 18:26:00,17.347,48.97,0
11261,126,2025-06-14 12:52:00,9.455,79.69,0
11262,544,2025-05-17 15:37:00,21.707,23.43,0
11263,690,2025-06-19 04:01:00,21.217,63.83,0
11264,483,2025-04-22 12:45:00,16.348,18.33,0
11265,312,2025-01-20 09:44:00,10.004,24.67,0
11266,385,2025-02-07 15:06:00,21.264,14.38,0
11267,649,2025-06-08 18:59:00,20.541,39.79,0
11268,114,2025-02-22 11:07:00,21.87,37.42,0
11269,579,2025-06-20 03:57:00,15.11,48.07,0
11270,215,2025-06-07 07:20:00,12.874,44.8,0
11271,702,2025-05-05 08:13:00,13.28,62.42,0
11272,111,2025-01-25 13:00:00,14.959,185.54,0
11273,413,2025-02-03 02:14:00,20.772,62.91,0
11274,320,2025-05-14 21:23:00,9.802,7.22,0
11275,388,2025-03-14 03:37:00,17.079,28.7,0
11276,305,2025-03-14 07:06:00,20.812,34.03,0
11277,29,2025-01-17 05:16:00,11.833,9.85,0
11278,686,2025-03-24 15:38:00,15.353,67.99,0
11279,427,2025-01-01 18:20:00,19.122,146.38,0
11280,480,2025-01-26 12:26:00,15.207,17.5,0
11281,417,2025-06-15 14:40:00,15.385,96.15,0
11282,423,2025-05-16 19:36:00,18.733,82.6,0
11283,485,2025-06-25 00:30:00,10.306,43.59,0
11284,335,2025-06-14 01:21:00,18.009,68.02,0
11285,104,2025-06-15 11:20:00,20.794,18.99,0
11286,23,2025-03-15 07:36:00,9.427,87.89,0
11287,431,2025-02-15 17:07:00,8.843,96.37,0
11288,148,2025-05-04 07:46:00,9.225,51.27,0
11289,363,2025-04-22 19:11:00,18.296,44.69,0
11290,484,2025-03-19 21:17:00,13.477,18.55,0
11291,476,2025-03-31 22:41:00,14.503,74.62,0
11292,134,2025-02-06 04:03:00,18.197,35.4,0
11293,528,2025-03-31 06:55:00,15.323,31.38,0
11294,752,2025-06-23 14:02:00,16.402,74.49,0
11295,289,2025-03-19 02:24:00,19.909,27.78,0
11296,94,2025-04-04 03:33:00,14.318,19.9,0
11297,403,2025-06-19 09:53:00,20.248,83.56,0
11298,493,2025-06-03 14:07:00,15.325,10.46,0
11299,316,2025-05-23 08:38:00,13.626,62.66,0
11300,479,2025-01-01 23:01:00,11.655,13.07,0
11301,612,2025-06-02 10:28:00,18.224,8.22,0
11302,462,2025-01-14 20:00:00,16.707,59.21,0
11303,637,2025-01-07 05:31:00,19.315,45.37,0
11304,116,2025-03-05 13:10:00,15.654,21.11,0
11305,234,2025-03-16 03:37:00,20.136,13.88,0
11306,444,2025-01-22 17:21:00,12.024,45.88,0
11307,207,2025-04-18 15:15:00,18.227,24.07,0
11308,124,2025-06-15 17:25:00,13.507,65.9,1
11309,542,2025-04-29 13:40:00,9.595,22.08,0
11310,329,2025-06-22 22:43:00,15.396,24.91,0
11311,619,2025-06-11 01:52:00,11.239,84.98,0
11312,786,2025-05-27 18:31:00,8.864,15.38,0
11313,8,2025-01-31 01:27:00,13.085,10.92,0
11314,445,2025-04-25 20:33:00,21.686,16.57,0
11315,341,2025-01-17 04:57:00,20.517,42.47,0
11316,604,2025-05-20 01:10:00,21.717,161.48,0
11317,246,2025-06-10 18:37:00,8.4,466.48,1
11318,260,2025-01-22 13:04:00,10.14,17.42,0
11319,613,2025-04-02 04:35:00,11.291,18.03,0
11320,712,2025-01-23 22:26:00,18.314,48.6,0
11321,114,2025-04-08 01:24:00,21.694,8.75,0
11322,491,2025-03-23 06:10:00,13.689,7.77,0
11323,622,2025-06-10 04:48:00,16.17,40.95,0
11324,131,2025-02-19 00:31:00,9.238,71.03,0
11325,529,2025-05-15 23:10:00,16.809,72.48,0
11326,783,2025-04-29 08:34:00,20.6,46.17,0
11327,674,2025-05-12 12:51:00,17.229,91.19,0
11328,155,2025-06-23 00:17:00,17.147,30.09,0
11329,792,2025-02-03 11:38:00,14.825,25.85,0
11330,285,2025-01-03 10:24:00,14.3,33.59,0
11331,381,2025-04-22 20:29:00,13.178,44.33,0
11332,233,2025-01-23 00:37:00,19.483,786.84,0
11333,559,2025-03-23 00:18:00,17.026,29.9,0
11334,100,2025-04-04 19:29:00,12.195,40.39,0
11335,567,2025-04-20 23:41:00,15.25,140.51,0
11336,44,2025-01-03 04:26:00,9.62,54.53,0
11337,675,2025-04-14 14:55:00,8.641,9.13,0
11338,260,2025-05-21 04:27:00,9.908,138.46,0
11339,414,2025-01-05 17:31:00,20.146,45.36,0
11340,182,2025-03-13 02:23:00,11.601,3.61,0
11341,86,2025-03-03 21:32:00,21.483,25.27,0
11342,18,2025-03-03 07:26:00,12.736,19.67,0
11343,783,2025-03-24 09:42:00,13.736,23.94,0
11344,109,2025-01-26 11:14:00,19.369,34.03,0
11345,45,2025-04-01 00:57:00,11.135,62.39,0
11346,411,2025-01-14 20:34:00,20.732,96.46,0
11347,769,2025-01-18 21:42:00,17.148,99.31,0
11348,66,2025-04-07 14:39:00,8.87,126.16,0
11349,204,2025-06-11 17:41:00,21.393,29.82,0
11350,444,2025-05-08 09:51:00,12.025,6.58,0
11351,393,2025-03-02 04:14:00,11.247,4.73,0
11352,116,2025-03-04 06:07:00,20.575,65.02,0
11353,760,2025-03-30 02:18:00,12.556,33.36,0
11354,286,2025-01-07 06:03:00,18.117,115.95,0
11355,541,2025-04-30 11:18:00,8.478,50.72,0
11356,366,2025-01-25 02:22:00,20.895,8.6,0
11357,468,2025-05-10 10:25:00,13.729,21.58,0
11358,723,2025-03-09 06:41:00,10.5,49.29,0
11359,260,2025-03-10 01:04:00,21.737,14.36,0
11360,651,2025-03-21 04:48:00,18.385,116.68,0
11361,233,2025-01-24 05:46:00,19.108,24.6,0
11362,253,2025-02-13 03:18:00,15.012,27.05,0
11363,26,2025-02-07 07:36:00,17.639,9.7,0
11364,277,2025-06-02 12:05:00,12.072,178.68,0
11365,469,2025-01-30 17:01:00,15.253,29.93,0
11366,511,2025-01-24 05:16:00,13.329,44.16,0
11367,344,2025-02-13 22:40:00,13.952,18.86,0
11368,285,2025-03-18 10:55:00,8.06,25.52,0
11369,179,2025-04-19 15:45:00,19.352,44.76,0
11370,723,2025-03-18 05:15:00,11.051,49.52,0
11371,307,2025-04-07 10:28:00,14.63,55.49,0
11372,244,2025-04-04 03:44:00,17.225,78.59,0
11373,752,2025-01-31 08:29:00,8.482,60.94,0
11374,509,2025-01-02 07:42:00,12.794,54.15,0
11375,678,2025-05-03 16:09:00,11.694,20.68,0
11376,310,2025-06-19 20:39:00,9.86,29.22,0
11377,344,2025-01-12 11:12:00,19.388,13.11,0
11378,583,2025-06-15 06:25:00,15.583,23.46,0
11379,783,2025-06-13 17:30:00,14.388,49.25,0
11380,630,2025-05-22 22:17:00,9.855,48.24,0
11381,369,2025-04-12 21:56:00,15.197,59.47,0
11382,478,2025-03-03 04:32:00,11.743,113.56,0
11383,279,2025-04-17 06:36:00,9.772,12.24,0
11384,365,2025-01-03 00:47:00,15.376,7.86,0
11385,310,2025-02-21 11:03:00,17.545,28.36,0
11386,79,2025-03-12 20:57:00,8.795,113.87,0
11387,699,2025-04-03 02:16:00,8.787,110.93,0
11388,109,2025-02-19 01:57:00,18.34,41.03,0
11389,214,2025-03-18 17:25:00,10.895,27.86,0
11390,202,2025-05-11 12:45:00,10.151,43.15,0
11391,177,2025-06-21 03:13:00,21.47,85.77,0
11392,398,2025-05-29 01:18:00,10.52,18.76,0
11393,768,2025-01-14 17:16:00,17.584,22.17,0
11394,262,2025-04-17 01:48:00,19.41,37.78,0
11395,587,2025-03-24 13:44:00,12.603,85.7,0
11396,586,2025-04-04 23:45:00,14.483,68.28,0
11397,611,2025-05-23 11:21:00,15.758,7.24,0
11398,497,2025-02-28 20:12:00,10.808,68.41,0
11399,592,2025-04-09 00:34:00,12.144,34.6,0
11400,609,2025-06-09 16:07:00,21.483,58.24,0
11401,546,2025-04-12 17:44:00,11.83,29.46,0
11402,446,2025-04-10 22:38:00,19.372,52.19,0
11403,72,2025-06-14 00:27:00,15.492,36.33,0
11404,406,2025-01-06 05:18:00,17.04,22.65,0
11405,602,2025-03-09 14:59:00,14.402,19.08,0
11406,273,2025-03-30 16:04:00,16.236,30.03,0
11407,199,2025-01-01 08:55:00,15.561,12.43,0
11408,475,2025-03-27 10:18:00,14.747,24.56,0
11409,105,2025-06-16 14:54:00,19.24,27.06,0
11410,575,2025-05-22 21:08:00,20.323,80.2,0
11411,786,2025-01-06 22:49:00,11.578,59.5,0
11412,387,2025-06-07 18:19:00,9.902,175.14,0
11413,22,2025-05-24 12:47:00,19.357,9.14,0
11414,217,2025-06-07 21:48:00,10.967,28.5,0
11415,25,2025-01-26 03:02:00,20.127,93.84,0
11416,367,2025-06-11 10:42:00,9.436,43.59,0
11417,247,2025-01-04 17:21:00,9.274,29.4,0
11418,618,2025-01-07 06:40:00,10.543,16.6,0
11419,675,2025-03-05 20:10:00,8.166,60.99,0
11420,347,2025-05-27 18:47:00,18.467,40.63,0
11421,782,2025-06-05 12:43:00,13.56,26.71,0
11422,359,2025-04-25 00:05:00,21.234,78.42,0
11423,94,2025-01-07 15:34:00,13.114,209.78,0
11424,726,2025-06-07 07:45:00,17.842,17.19,0
11425,316,2025-02-17 06:46:00,17.564,55.81,0
11426,708,2025-05-15 01:11:00,12.546,39.1,0
11427,587,2025-02-20 05:29:00,20.497,58.85,0
11428,751,2025-04-12 20:08:00,13.57,100.66,0
11429,516,2025-01-18 01:33:00,15.719,109.19,0
11430,474,2025-06-29 14:04:00,13.575,23.49,0
11431,186,2025-01-17 15:51:00,14.095,9.29,0
11432,223,2025-06-22 01:47:00,8.766,32.47,0
11433,263,2025-06-13 11:20:00,12.343,32.63,0
11434,247,2025-01-28 00:44:00,21.277,3.87,0
11435,475,2025-05-06 03:40:00,19.64,78.72,0
11436,696,2025-03-03 21:49:00,20.322,23.0,0
11437,28,2025-02-26 00:06:00,17.98,33.58,0
11438,494,2025-02-28 22:34:00,17.145,22.17,0
11439,606,2025-02-12 21:32:00,20.58,29.65,0
11440,354,2025-06-23 00:57:00,15.53,97.16,0
11441,220,2025-01-08 17:14:00,20.823,37.44,0
11442,345,2025-03-05 18:30:00,13.813,191.05,0
11443,662,2025-03-06 13:57:00,16.367,57.89,0
11444,731,2025-03-17 09:38:00,14.603,61.34,0
11445,546,2025-02-24 04:54:00,8.267,29.72,0
11446,388,2025-04-30 11:02:00,10.785,33.36,0
11447,516,2025-06-15 01:47:00,20.99,79.94,0
11448,541,2025-05-01 00:00:00,16.373,90.48,0
11449,613,2025-02-09 16:35:00,8.652,43.31,0
11450,115,2025-06-29 10:49:00,21.541,54.64,0
11451,60,2025-03-14 22:14:00,20.992,31.29,0
11452,276,2025-02-25 19:36:00,17.968,41.74,0
11453,207,2025-05-03 18:18:00,11.964,37.53,0
11454,491,2025-06-25 10:52:00,12.13,36.12,0
11455,417,2025-02-27 19:29:00,20.114,78.01,0
11456,734,2025-02-06 03:04:00,8.848,33.63,0
11457,621,2025-05-21 17:18:00,11.323,21.16,0
11458,118,2025-03-27 21:23:00,10.33,28.21,0
11459,679,2025-05-11 17:25:00,18.029,648.65,1
11460,616,2025-03-23 16:55:00,13.345,49.81,0
11461,305,2025-01-07 09:13:00,20.823,22.4,0
11462,46,2025-03-07 02:30:00,19.241,86.11,0
11463,634,2025-06-04 01:11:00,21.785,28.22,0
11464,154,2025-06-18 11:56:00,12.186,122.81,0
11465,176,2025-03-07 12:02:00,14.649,35.74,0
11466,376,2025-05-05 18:41:00,17.237,53.41,0
11467,65,2025-01-18 06:05:00,21.646,77.5,0
11468,319,2025-02-09 02:41:00,12.825,93.15,0
11469,197,2025-05-06 16:51:00,12.576,57.8,0
11470,42,2025-01-08 11:24:00,16.775,285.05,0
11471,722,2025-05-15 11:40:00,17.314,35.1,0
11472,208,2025-06-23 08:39:00,10.645,10.47,0
11473,435,2025-01-13 18:45:00,14.363,34.04,0
11474,653,2025-04-15 19:02:00,13.283,66.1,0
11475,385,2025-03-05 16:56:00,13.896,50.36,0
11476,234,2025-04-26 18:33:00,9.966,15.5,0
11477,594,2025-06-11 04:28:00,17.074,26.71,0
11478,553,2025-01-15 12:36:00,10.625,18.31,0
11479,8,2025-05-01 11:58:00,8.356,20.58,0
11480,655,2025-02-02 21:38:00,14.944,32.48,0
11481,94,2025-04-07 02:32:00,8.54,50.84,0
11482,590,2025-03-21 14:13:00,17.325,19.54,0
11483,79,2025-04-01 17:46:00,16.321,21.07,0
11484,52,2025-05-18 19:57:00,15.934,61.8,0
11485,97,2025-04-20 12:21:00,9.333,17.64,0
11486,592,2025-03-04 08:14:00,9.734,17.02,0
11487,362,2025-04-28 13:03:00,17.315,203.17,0
11488,481,2025-04-18 11:34:00,8.451,22.96,0
11489,224,2025-01-13 09:22:00,9.623,8.13,0
11490,95,2025-04-21 10:01:00,18.693,12.98,0
11491,628,2025-03-02 03:31:00,10.338,7.11,0
11492,666,2025-01-27 08:06:00,14.94,130.97,0
11493,671,2025-04-05 19:08:00,9.379,33.03,0
11494,51,2025-04-03 23:45:00,11.291,15.22,0
11495,739,2025-05-12 11:04:00,20.311,54.83,0
11496,433,2025-03-19 20:20:00,18.545,3267.4,1
11497,156,2025-05-14 16:47:00,10.639,30.52,0
11498,159,2025-02-20 18:43:00,11.004,129.25,0
11499,402,2025-04-19 23:48:00,14.633,26.75,0
11500,482,2025-06-23 07:21:00,16.852,13.65,0
11501,38,2025-04-16 13:47:00,16.152,148.9,0
11502,396,2025-05-03 15:45:00,11.985,19.66,0
11503,191,2025-03-08 04:41:00,21.254,22.26,0
11504,734,2025-05-02 13:37:00,19.692,80.37,0
11505,492,2025-05-31 05:54:00,17.123,36.01,0
11506,297,2025-06-07 04:09:00,20.711,32.04,0
11507,337,2025-06-14 22:50:00,0.343,28.55,1
11508,669,2025-02-25 05:01:00,12.197,20.54,0
11509,552,2025-06-02 08:05:00,12.326,40.45,0
11510,309,2025-03-04 17:16:00,10.246,51.69,0
11511,671,2025-06-06 22:41:00,9.959,29.28,0
11512,497,2025-01-02 01:29:00,20.73,55.07,0
11513,47,2025-06-13 14:03:00,20.008,48.67,0
11514,504,2025-02-08 21:34:00,15.685,47.71,0
11515,750,2025-02-06 08:54:00,17.249,27.88,0
11516,690,2025-04-11 16:44:00,11.339,26.0,0
11517,33,2025-04-03 11:56:00,8.32,47.08,0
11518,705,2025-01-29 07:37:00,14.182,13.41,0
11519,785,2025-04-07 05:12:00,17.374,356.05,0
11520,130,2025-05-25 05:20:00,17.518,4.68,0
11521,510,2025-03-29 09:02:00,16.46,22.35,0
11522,604,2025-04-15 14:27:00,20.955,52.81,0
11523,34,2025-06-02 17:28:00,10.931,965.5,1
11524,662,2025-02-02 09:03:00,11.691,17.81,0
11525,314,2025-02-28 12:10:00,9.115,20.8,0
11526,239,2025-06-10 22:44:00,21.11,36.43,0
11527,206,2025-01-30 00:52:00,14.365,11.81,0
11528,404,2025-02-15 16:55:00,13.624,13.38,0
11529,638,2025-02-19 08:58:00,21.799,70.57,0
11530,657,2025-05-29 09:43:00,13.988,67.29,0
11531,180,2025-01-26 18:18:00,12.688,35.33,0
11532,661,2025-03-09 09:52:00,10.922,64.79,0
11533,660,2025-03-14 20:41:00,14.158,37.71,0
11534,49,2025-01-15 15:05:00,17.599,18.84,0
11535,249,2025-01-22 00:37:00,20.797,13.85,0
11536,12,2025-03-09 17:28:00,10.678,57.68,0
11537,791,2025-01-16 18:19:00,17.693,20.4,0
11538,377,2025-06-26 06:26:00,8.093,66.86,0
11539,216,2025-03-23 04:20:00,19.212,27.41,0
11540,715,2025-01-02 05:10:00,11.922,98.96,0
11541,547,2025-04-19 04:55:00,8.549,16.28,0
11542,752,2025-05-16 22:04:00,13.519,14.07,0
11543,640,2025-04-20 09:00:00,20.495,41.27,0
11544,764,2025-04-13 20:12:00,11.26,26.49,0
11545,173,2025-01-17 14:40:00,12.022,39.39,0
11546,163,2025-05-12 08:13:00,10.349,33.01,0
11547,60,2025-06-24 21:12:00,21.743,23.17,0
11548,274,2025-03-07 13:34:00,14.058,28.23,0
11549,440,2025-01-22 21:56:00,21.269,6.07,0
11550,452,2025-02-08 12:20:00,9.286,115.27,0
11551,541,2025-04-29 21:12:00,14.281,20.95,0
11552,586,2025-04-26 15:48:00,14.64,49.59,0
11553,653,2025-06-09 22:55:00,11.583,6.63,0
11554,415,2025-03-15 02:26:00,14.963,17.21,0
11555,218,2025-06-09 06:11:00,12.908,42.74,0
11556,351,2025-02-19 14:27:00,11.452,148.48,0
11557,697,2025-04-03 04:23:00,13.114,49.83,0
11558,652,2025-04-29 11:47:00,16.892,54.3,0
11559,732,2025-02-19 22:35:00,14.554,23.49,0
11560,432,2025-03-08 09:20:00,13.73,34.39,0
11561,623,2025-05-30 00:23:00,19.95,29.65,0
11562,330,2025-04-15 00:41:00,17.029,44.4,0
11563,6,2025-04-21 06:23:00,16.918,93.66,0
11564,595,2025-04-23 06:06:00,11.112,26.22,0
11565,69,2025-05-23 09:19:00,18.501,35.43,0
11566,508,2025-06-24 21:05:00,8.516,25.33,0
11567,798,2025-03-13 23:57:00,10.99,28.2,0
11568,20,2025-03-05 19:27:00,13.779,85.97,0
11569,587,2025-06-14 10:00:00,20.448,49.66,0
11570,694,2025-03-28 06:25:00,8.393,44.78,0
11571,501,2025-06-17 07:50:00,14.228,31.38,0
11572,551,2025-06-08 16:49:00,9.677,17.4,0
11573,721,2025-05-13 17:20:00,11.221,60.61,0
11574,621,2025-05-10 15:16:00,13.675,67.96,0
11575,31,2025-06-19 15:53:00,9.379,70.32,0
11576,619,2025-02-19 06:28:00,19.613,34.33,0
11577,605,2025-03-23 15:06:00,9.161,18.66,0
11578,182,2025-04-09 06:04:00,16.195,58.04,0
11579,523,2025-02-05 00:04:00,10.286,82.5,0
11580,673,2025-04-04 03:23:00,9.491,68.05,0
11581,678,2025-04-29 01:30:00,14.478,18.63,0
11582,696,2025-04-01 14:01:00,12.836,47.01,0
11583,622,2025-04-28 14:32:00,8.633,7.34,0
11584,97,2025-01-19 06:30:00,8.909,101.6,0
11585,387,2025-03-30 10:30:00,12.189,39.89,0
11586,186,2025-06-17 06:31:00,18.96,40.82,0
11587,56,2025-02-16 21:52:00,19.92,120.16,0
11588,210,2025-03-24 00:45:00,8.929,21.78,0
11589,727,2025-04-23 09:09:00,10.404,38.4,0
11590,478,2025-04-23 14:25:00,12.747,17.56,0
11591,610,2025-02-02 12:58:00,17.101,10.57,0
11592,402,2025-01-21 08:07:00,11.992,43.75,0
11593,285,2025-05-16 14:15:00,11.106,42.17,0
11594,386,2025-04-06 23:13:00,16.236,6.4,0
11595,787,2025-06-13 05:25:00,17.54,62.72,0
11596,229,2025-06-28 05:27:00,14.825,33.84,0
11597,248,2025-01-30 23:48:00,17.359,63.89,0
11598,677,2025-03-06 23:20:00,8.057,42.24,0
11599,296,2025-05-28 15:34:00,12.59,80.8,0
11600,723,2025-02-22 23:36:00,16.533,88.56,0
11601,779,2025-02-05 17:23:00,17.113,41.05,0
11602,52,2025-01-29 02:25:00,10.722,73.23,0
11603,534,2025-04-01 01:49:00,12.649,70.9,0
11604,75,2025-03-10 17:59:00,11.169,13.6,0
11605,703,2025-06-17 06:20:00,20.579,17.27,0
11606,92,2025-06-23 16:31:00,12.145,15.6,0
11607,710,2025-01-15 21:18:00,20.348,59.53,0
11608,615,2025-06-12 13:50:00,20.371,19.87,0
11609,622,2025-01-17 03:47:00,15.36,6.89,1
11610,166,2025-05-10 09:38:00,20.191,15.62,0
11611,213,2025-06-22 13:41:00,9.073,25.77,0
11612,344,2025-03-04 05:21:00,9.766,50.56,0
11613,677,2025-01-29 14:13:00,13.694,98.45,0
11614,718,2025-01-12 20:56:00,17.685,74.98,0
11615,401,2025-03-03 13:38:00,21.588,40.36,0
11616,186,2025-06-21 10:35:00,14.536,18.06,0
11617,451,2025-03-24 14:51:00,8.103,7.04,0
11618,665,2025-03-17 05:23:00,10.541,23.71,0
11619,433,2025-01-02 04:55:00,14.132,27.83,0
11620,712,2025-04-30 23:08:00,17.66,37.92,0
11621,7,2025-02-03 20:30:00,16.211,71.61,0
11622,401,2025-05-05 00:38:00,20.265,59.88,0
11623,36,2025-05-30 02:42:00,11.718,37.72,0
11624,489,2025-05-20 09:16:00,15.56,25.45,0
11625,493,2025-04-04 09:26:00,10.02,10.35,0
11626,249,2025-04-28 00:07:00,17.033,18.45,0
11627,635,2025-03-12 21:38:00,18.673,16.18,0
11628,760,2025-05-08 14:47:00,15.188,278.51,0
11629,365,2025-05-03 18:06:00,14.274,172.64,0
11630,347,2025-02-03 21:01:00,10.602,12.79,0
11631,152,2025-02-28 11:00:00,21.077,47.92,0
11632,22,2025-05-20 13:52:00,16.486,11.88,0
11633,325,2025-03-20 22:29:00,19.412,41.86,0
11634,353,2025-02-12 10:09:00,8.34,23.64,0
11635,614,2025-06-28 20:53:00,11.518,31.24,0
11636,689,2025-06-06 05:39:00,14.754,81.17,0
11637,86,2025-05-20 08:54:00,15.507,47.15,0
11638,122,2025-03-17 22:19:00,13.67,70.2,0
11639,448,2025-04-10 17:09:00,12.722,52.32,0
11640,300,2025-06-20 05:18:00,14.305,19.48,0
11641,561,2025-04-05 19:32:00,13.124,12.26,0
11642,257,2025-05-29 12:27:00,8.561,27.54,0
11643,332,2025-06-01 23:15:00,17.698,27.5,0
11644,355,2025-05-25 19:44:00,18.798,23.04,0
11645,481,2025-04-19 03:44:00,12.357,19.92,0
11646,55,2025-03-04 02:41:00,21.523,36.91,0
11647,706,2025-03-03 01:41:00,21.817,100.72,0
11648,271,2025-05-27 00:24:00,15.96,6.52,0
11649,170,2025-03-17 04:51:00,19.117,12.95,0
11650,512,2025-02-14 12:13:00,15.637,43.14,0
11651,108,2025-02-03 00:14:00,11.655,7.92,0
11652,472,2025-04-21 19:20:00,8.98,11.03,0
11653,48,2025-06-22 17:07:00,12.822,190.15,0
11654,211,2025-03-10 03:34:00,10.595,54.88,0
11655,580,2025-04-28 09:31:00,20.912,296.15,0
11656,297,2025-02-25 14:04:00,21.597,8.93,0
11657,720,2025-03-13 17:49:00,15.444,185.54,0
11658,284,2025-03-15 11:37:00,15.885,12.26,0
11659,552,2025-03-06 18:42:00,21.027,71.63,0
11660,23,2025-06-02 12:56:00,18.464,6.13,0
11661,781,2025-06-13 06:12:00,10.268,44.16,0
11662,492,2025-02-18 10:24:00,21.327,46.72,0
11663,566,2025-03-06 20:33:00,15.999,24.45,0
11664,260,2025-01-04 14:18:00,8.289,11.49,0
11665,230,2025-05-17 03:29:00,10.747,27.96,0
11666,349,2025-05-08 10:00:00,19.156,42.41,0
11667,204,2025-05-31 09:02:00,9.789,13.93,0
11668,16,2025-04-11 18:18:00,19.918,29.67,0
11669,533,2025-06-13 18:20:00,19.009,33.27,0
11670,573,2025-01-26 09:28:00,8.494,50.24,0
11671,540,2025-03-09 03:35:00,12.635,9.79,0
11672,443,2025-03-22 15:04:00,15.096,21.75,0
11673,419,2025-05-18 18:12:00,9.064,40.29,0
11674,351,2025-02-09 11:23:00,16.115,25.47,1
11675,421,2025-02-28 20:07:00,21.724,14.54,0
11676,564,2025-01-17 22:33:00,16.402,73.99,0
11677,333,2025-06-19 22:09:00,14.912,75.97,0
11678,26,2025-03-23 13:58:00,20.136,63.94,0
11679,279,2025-01-03 00:12:00,21.496,26.11,0
11680,577,2025-02-12 08:21:00,20.617,29.68,0
11681,507,2025-04-13 15:13:00,8.517,95.02,0
11682,554,2025-03-30 10:20:00,9.395,66.46,0
11683,598,2025-04-02 18:59:00,16.616,96.21,0
11684,174,2025-01-12 05:31:00,11.174,37.43,0
11685,650,2025-06-07 23:19:00,15.295,56.99,0
11686,571,2025-05-30 07:20:00,19.739,59.54,0
11687,246,2025-02-08 22:28:00,21.138,111.0,0
11688,402,2025-03-07 23:45:00,12.67,5.65,0
11689,686,2025-01-16 17:05:00,19.882,38.61,0
11690,133,2025-01-23 23:53:00,15.056,75.04,0
11691,242,2025-06-02 08:37:00,17.22,89.73,0
11692,153,2025-01-21 10:57:00,9.756,24.37,0
11693,243,2025-03-05 00:26:00,8.887,47.81,0
11694,163,2025-06-28 19:38:00,18.926,63.04,0
11695,644,2025-02-28 11:39:00,16.378,95.48,0
11696,792,2025-05-04 15:25:00,19.534,46.52,0
11697,775,2025-01-19 22:56:00,9.621,43.0,0
11698,286,2025-06-07 06:32:00,10.406,28.18,0
11699,745,2025-06-15 14:39:00,8.882,85.84,0
11700,65,2025-06-14 07:02:00,17.102,94.66,0
11701,88,2025-04-24 22:22:00,16.618,80.66,0
11702,260,2025-06-24 23:29:00,13.958,63.36,0
11703,230,2025-05-05 14:14:00,9.894,42.58,0
11704,734,2025-03-09 17:08:00,8.334,21.88,0
11705,607,2025-06-11 15:05:00,11.626,19.36,0
11706,602,2025-02-19 04:14:00,8.039,79.78,0
11707,644,2025-06-01 21:27:00,21.283,86.61,0
11708,580,2025-06-17 12:46:00,10.383,42.6,0
11709,403,2025-03-23 07:50:00,11.717,42.57,0
11710,47,2025-02-11 19:01:00,19.18,41.51,0
11711,12,2025-01-29 18:12:00,21.929,91.3,0
11712,780,2025-04-07 17:32:00,16.688,64.11,0
11713,401,2025-05-02 00:23:00,11.546,24.8,0
11714,762,2025-04-17 05:02:00,14.341,52.59,0
11715,24,2025-04-28 03:05:00,8.835,9.86,0
11716,508,2025-01-05 13:38:00,9.526,21.36,0
11717,225,2025-01-09 11:23:00,17.934,8.64,0
11718,291,2025-02-17 08:31:00,19.613,17.64,0
11719,525,2025-06-11 21:24:00,11.782,19.0,0
11720,396,2025-04-01 17:24:00,18.338,6.61,0
11721,107,2025-03-02 08:14:00,16.965,89.41,0
11722,799,2025-04-30 18:32:00,15.135,23.3,0
11723,569,2025-03-19 04:19:00,12.05,27.03,0
11724,288,2025-01-26 20:18:00,21.793,17.58,0
11725,497,2025-04-03 11:32:00,11.472,55.02,0
11726,121,2025-05-06 13:08:00,10.921,105.63,0
11727,343,2025-06-14 03:55:00,9.539,53.17,0
11728,339,2025-03-08 05:53:00,17.226,46.24,0
11729,297,2025-01-31 16:30:00,20.617,7.21,0
11730,387,2025-06-05 19:10:00,9.878,32.27,0
11731,731,2025-03-08 08:44:00,9.462,58.74,0
11732,5,2025-01-29 09:38:00,20.662,91.35,0
11733,442,2025-04-01 05:47:00,17.248,56.86,0
11734,752,2025-01-11 18:22:00,21.566,185.98,0
11735,711,2025-06-28 13:00:00,17.944,19.54,0
11736,718,2025-05-21 07:50:00,18.804,19.54,0
11737,329,2025-03-21 03:43:00,14.464,47.56,0
11738,453,2025-04-09 03:30:00,11.336,97.27,0
11739,475,2025-03-13 17:41:00,15.968,110.66,0
11740,670,2025-03-26 09:33:00,13.015,6.87,0
11741,763,2025-06-18 07:18:00,14.576,38.23,0
11742,203,2025-05-11 17:24:00,15.22,74.99,0
11743,99,2025-04-30 01:39:00,8.372,73.34,0
11744,211,2025-06-25 19:34:00,16.52,54.99,0
11745,210,2025-01-30 10:38:00,13.019,32.69,0
11746,240,2025-06-13 11:44:00,19.369,3.09,0
11747,733,2025-02-01 15:27:00,8.788,181.34,0
11748,172,2025-02-16 16:44:00,15.787,57.11,0
11749,337,2025-04-27 00:02:00,13.04,17.29,0
11750,286,2025-01-25 13:47:00,9.306,27.01,0
11751,217,2025-03-26 01:40:00,13.792,43.11,0
11752,157,2025-03-02 11:36:00,13.73,51.19,0
11753,797,2025-01-02 14:44:00,18.546,11.51,0
11754,501,2025-02-03 01:09:00,10.128,15.84,0
11755,81,2025-03-22 17:55:00,19.625,52.22,0
11756,523,2025-01-16 04:11:00,8.671,22.06,0
11757,489,2025-06-19 03:29:00,15.22,8.44,0
11758,287,2025-03-19 04:56:00,17.086,18.58,0
11759,630,2025-05-15 12:40:00,8.201,34.66,0
11760,641,2025-02-06 19:25:00,8.968,9.43,0
11761,629,2025-04-11 13:09:00,11.829,129.45,0
11762,511,2025-01-21 10:28:00,13.34,90.55,0
11763,353,2025-02-05 03:14:00,12.851,72.86,0
11764,165,2025-05-04 03:40:00,21.598,37.64,0
11765,35,2025-03-02 09:57:00,10.337,13.02,0
11766,734,2025-06-26 20:54:00,20.47,17.88,0
11767,672,2025-06-29 09:28:00,21.224,100.87,0
11768,161,2025-01-24 17:03:00,10.458,549.17,1
11769,642,2025-04-29 15:06:00,18.62,34.1,0
11770,38,2025-05-21 21:41:00,21.975,27.76,0
11771,189,2025-02-19 17:33:00,11.47,30.88,0
11772,120,2025-06-01 10:41:00,15.038,31.65,0
11773,272,2025-05-13 20:07:00,18.624,28.92,0
11774,255,2025-02-28 10:30:00,18.287,24.39,0
11775,410,2025-01-17 10:41:00,19.664,27.11,0
11776,366,2025-03-21 18:56:00,12.875,444.53,1
11777,91,2025-03-08 16:54:00,9.689,16.44,0
11778,119,2025-04-06 00:49:00,17.47,11.41,0
11779,656,2025-02-11 05:50:00,12.754,26.03,0
11780,438,2025-02-26 02:57:00,17.045,17.38,0
11781,737,2025-06-11 06:45:00,14.628,33.2,0
11782,104,2025-06-01 14:53:00,14.421,14.91,0
11783,246,2025-05-13 07:49:00,20.341,7.7,0
11784,126,2025-03-05 11:51:00,16.966,112.06,0
11785,272,2025-03-31 13:11:00,16.743,21.1,1
11786,127,2025-02-22 17:13:00,21.592,5.91,0
11787,640,2025-03-15 09:41:00,11.776,63.43,0
11788,153,2025-04-04 02:11:00,17.639,23.61,0
11789,582,2025-06-04 13:05:00,12.977,33.15,0
11790,364,2025-05-24 06:22:00,16.385,38.44,0
11791,775,2025-02-05 04:15:00,19.44,73.08,0
11792,55,2025-06-20 04:14:00,20.919,41.54,0
11793,259,2025-01-14 10:58:00,13.979,10.61,0
11794,578,2025-01-09 14:42:00,19.649,12.49,0
11795,732,2025-06-03 07:38:00,12.691,10.31,0
11796,431,2025-02-21 00:08:00,17.254,21.85,0
11797,78,2025-06-04 04:03:00,20.287,44.43,0
11798,503,2025-01-13 09:45:00,17.596,16.99,0
11799,382,2025-02-13 18:05:00,17.88,18.91,0
11800,619,2025-05-29 12:57:00,19.727,18.3,0
11801,441,2025-02-05 03:37:00,11.534,20.39,0
11802,718,2025-04-04 11:09:00,18.457,56.12,0
11803,98,2025-05-10 20:02:00,16.927,25.93,0
11804,499,2025-03-04 18:59:00,15.642,79.39,0
11805,589,2025-01-26 19:25:00,21.651,21.43,0
11806,324,2025-05-30 23:39:00,13.775,33.63,0
11807,380,2025-04-22 22:49:00,11.288,28.17,0
11808,556,2025-06-14 04:06:00,19.75,41.46,0
11809,364,2025-05-07 05:20:00,10.592,50.58,0
11810,314,2025-05-14 23:41:00,18.434,33.76,0
11811,465,2025-04-22 22:57:00,20.995,285.73,0
11812,642,2025-05-01 14:29:00,19.502,112.52,0
11813,107,2025-03-18 20:19:00,16.864,21.58,0
11814,699,2025-06-16 19:26:00,20.924,98.08,0
11815,160,2025-05-27 21:53:00,14.845,89.94,0
11816,78,2025-02-13 15:06:00,9.059,11.94,0
11817,144,2025-06-17 09:31:00,18.289,6.3,0
11818,61,2025-02-12 02:52:00,18.036,40.65,0
11819,761,2025-05-08 00:39:00,20.115,30.78,0
11820,233,2025-06-15 18:05:00,13.685,4.71,0
11821,618,2025-03-17 09:52:00,10.031,37.96,0
11822,145,2025-02-03 06:58:00,9.437,35.58,0
11823,423,2025-06-29 05:25:00,12.836,21.06,0
11824,340,2025-05-23 20:57:00,19.102,121.15,0
11825,527,2025-03-22 21:28:00,15.299,28.66,0
11826,790,2025-06-28 09:44:00,10.386,25.0,0
11827,519,2025-01-21 22:15:00,11.385,34.29,0
11828,561,2025-04-05 21:31:00,12.878,11.52,0
11829,209,2025-02-02 20:45:00,14.724,16.47,0
11830,97,2025-02-03 06:49:00,19.752,3.6,0
11831,69,2025-03-04 15:07:00,21.893,46.69,0
11832,240,2025-04-14 08:19:00,16.39,71.34,0
11833,443,2025-01-31 19:13:00,13.449,42.96,0
11834,48,2025-04-04 15:40:00,10.567,40.37,0
11835,210,2025-05-21 02:13:00,15.154,31.87,0
11836,505,2025-01-27 10:02:00,16.584,113.76,0
11837,698,2025-01-03 12:56:00,12.577,30.19,0
11838,791,2025-05-15 10:38:00,12.535,69.45,0
11839,406,2025-03-15 01:24:00,19.599,64.0,1
11840,81,2025-02-04 05:25:00,17.239,11.26,0
11841,458,2025-06-08 01:51:00,14.304,57.18,0
11842,750,2025-03-18 21:17:00,15.808,13.86,0
11843,336,2025-01-22 04:37:00,15.066,21.58,0
11844,723,2025-02-25 14:26:00,10.441,29.27,0
11845,594,2025-04-14 16:40:00,20.185,92.11,0
11846,719,2025-02-22 09:38:00,9.274,19.07,0
11847,760,2025-06-18 02:13:00,10.982,44.09,0
11848,85,2025-04-23 22:15:00,15.864,9.71,0
11849,329,2025-01-13 21:17:00,14.456,29.13,0
11850,39,2025-03-04 11:16:00,16.335,23.08,0
11851,35,2025-03-04 22:48:00,20.876,92.84,0
11852,380,2025-01-27 06:28:00,12.004,18.58,0
11853,529,2025-01-07 18:41:00,10.11,9.69,0
11854,708,2025-01-21 04:25:00,9.698,23.98,0
11855,103,2025-05-03 19:04:00,8.827,20.7,0
11856,26,2025-02-14 16:28:00,19.071,41.21,0
11857,83,2025-03-17 03:35:00,14.405,97.62,0
11858,741,2025-01-26 16:25:00,11.581,25.96,0
11859,529,2025-06-20 12:25:00,17.437,45.53,0
11860,385,2025-06-27 13:42:00,18.883,31.41,0
11861,82,2025-05-05 10:22:00,21.12,50.77,0
11862,296,2025-03-01 16:35:00,13.592,15.57,0
11863,103,2025-04-19 08:22:00,17.652,33.42,0
11864,24,2025-03-11 11:18:00,11.789,72.49,0
11865,351,2025-06-13 20:35:00,20.117,18.51,0
11866,402,2025-04-19 21:51:00,20.722,29.63,0
11867,361,2025-01-24 08:08:00,16.824,32.22,0
11868,697,2025-01-18 09:41:00,17.225,10.39,0
11869,730,2025-05-22 00:28:00,17.235,60.6,0
11870,97,2025-05-11 23:50:00,16.282,21.57,0
11871,220,2025-05-12 08:45:00,14.143,32.78,0
11872,400,2025-03-01 23:09:00,18.365,55.61,0
11873,320,2025-05-02 04:26:00,21.673,1560.84,1
11874,348,2025-02-18 19:22:00,18.441,13.15,0
11875,566,2025-04-25 20:29:00,12.334,47.41,0
11876,143,2025-03-01 03:29:00,15.006,74.8,0
11877,661,2025-01-23 09:17:00,16.359,20.13,0
11878,211,2025-05-30 18:46:00,9.151,64.28,0
11879,279,2025-05-27 12:40:00,14.888,47.39,0
11880,177,2025-05-22 01:20:00,9.434,50.56,0
11881,504,2025-04-25 07:51:00,15.147,68.06,0
11882,556,2025-04-26 00:22:00,9.218,16.83,0
11883,499,2025-05-19 20:45:00,13.059,16.05,0
11884,394,2025-04-12 10:21:00,21.363,86.64,0
11885,242,2025-06-07 16:42:00,8.104,26.76,0
11886,550,2025-05-18 22:16:00,11.84,10.76,0
11887,94,2025-04-08 15:16:00,13.204,30.3,0
11888,249,2025-04-16 15:50:00,16.26,31.7,0
11889,86,2025-06-22 05:44:00,21.516,42.06,1
11890,553,2025-04-01 20:42:00,16.956,25.42,0
11891,214,2025-01-20 15:44:00,20.513,138.94,0
11892,272,2025-06-01 19:06:00,10.276,16.9,0
11893,254,2025-01-01 17:26:00,12.04,7.32,0
11894,709,2025-02-14 11:03:00,20.419,10.7,0
11895,457,2025-03-01 09:21:00,8.072,19.2,0
11896,94,2025-01-05 15:40:00,14.353,50.61,0
11897,128,2025-02-08 23:29:00,14.34,29.34,0
11898,55,2025-02-01 16:29:00,21.248,45.61,0
11899,193,2025-04-10 15:35:00,14.289,20.2,0
11900,177,2025-06-08 11:33:00,20.689,47.99,0
11901,356,2025-02-20 10:52:00,16.194,9.72,0
11902,597,2025-03-12 08:42:00,12.2,39.18,0
11903,702,2025-05-04 20:45:00,10.076,55.6,0
11904,446,2025-05-02 08:47:00,14.863,16.47,0
11905,617,2025-06-20 03:49:00,8.247,132.15,0
11906,523,2025-04-05 01:22:00,12.693,7.68,0
11907,254,2025-05-19 11:11:00,15.323,60.31,0
11908,489,2025-06-02 04:11:00,15.816,67.13,0
11909,241,2025-03-17 15:29:00,14.215,17.22,0
11910,247,2025-05-31 14:16:00,21.496,44.32,0
11911,789,2025-06-27 09:22:00,10.075,17.3,0
11912,728,2025-01-22 12:16:00,21.965,43.48,0
11913,522,2025-05-19 19:30:00,17.679,28.77,0
11914,474,2025-04-23 04:21:00,19.55,34.4,0
11915,548,2025-05-26 23:00:00,16.881,21.52,0
11916,602,2025-04-09 20:41:00,11.009,21.62,0
11917,44,2025-02-06 20:30:00,18.509,18.51,0
11918,286,2025-03-19 04:41:00,19.875,57.45,0
11919,83,2025-05-04 15:24:00,18.527,130.5,0
11920,423,2025-06-11 09:07:00,20.235,212.45,0
11921,235,2025-01-13 17:08:00,8.889,72.64,0
11922,264,2025-02-03 18:48:00,21.467,34.24,0
11923,673,2025-02-12 08:32:00,21.149,76.37,0
11924,163,2025-04-17 10:50:00,20.558,45.57,0
11925,728,2025-01-03 23:00:00,16.924,26.16,0
11926,336,2025-06-21 10:08:00,19.854,166.89,0
11927,152,2025-05-07 22:37:00,16.469,75.38,0
11928,114,2025-06-12 22:45:00,14.891,19.05,0
11929,571,2025-01-04 18:29:00,21.034,74.62,0
11930,722,2025-02-19 10:06:00,10.906,54.82,0
11931,699,2025-03-22 20:26:00,19.922,16.34,0
11932,136,2025-05-19 17:14:00,14.168,36.74,0
11933,703,2025-04-27 19:06:00,12.087,33.08,0
11934,180,2025-03-17 05:32:00,15.087,4.34,0
11935,367,2025-02-24 21:34:00,16.922,11.22,0
11936,4,2025-03-01 12:27:00,10.558,83.02,0
11937,207,2025-03-08 02:39:00,18.516,19.55,0
11938,255,2025-05-05 02:50:00,13.525,55.75,0
11939,765,2025-06-06 06:26:00,17.852,96.12,0
11940,222,2025-03-27 18:21:00,10.2,6.66,0
11941,221,2025-06-12 06:06:00,8.784,126.8,0
11942,218,2025-02-23 23:50:00,10.262,30.47,0
11943,202,2025-06-04 13:35:00,10.528,47.66,0
11944,431,2025-01-01 03:53:00,18.661,164.83,0
11945,164,2025-05-15 23:43:00,14.896,75.64,0
11946,232,2025-06-20 21:59:00,18.696,30.34,0
11947,426,2025-02-19 22:55:00,18.458,22.83,0
11948,605,2025-05-03 16:53:00,11.434,24.43,0
11949,85,2025-01-14 10:36:00,20.753,22.26,0
11950,278,2025-06-03 05:45:00,18.767,96.07,0
11951,456,2025-03-29 23:09:00,9.195,53.9,0
11952,733,2025-03-18 10:49:00,16.013,41.38,0
11953,754,2025-06-16 09:22:00,13.778,29.37,0
11954,697,2025-06-16 14:25:00,14.433,62.67,0
11955,403,2025-02-10 04:58:00,13.14,7.75,0
11956,78,2025-06-22 17:47:00,14.948,155.31,0
11957,772,2025-02-07 17:15:00,12.978,28.25,0
11958,497,2025-05-27 04:37:00,14.48,16.34,0
11959,724,2025-05-21 08:04:00,15.626,87.58,0
11960,736,2025-04-01 16:43:00,18.228,85.96,0
11961,633,2025-04-17 13:23:00,10.121,32.98,0
11962,336,2025-03-12 22:39:00,9.869,101.23,0
11963,486,2025-03-14 18:34:00,14.97,78.08,0
11964,552,2025-04-03 17:01:00,14.65,47.43,0
11965,704,2025-06-05 06:44:00,15.894,9.42,0
11966,180,2025-03-28 22:11:00,16.587,38.72,0
11967,443,2025-04-15 20:31:00,11.838,35.25,0
11968,476,2025-05-08 08:19:00,17.068,28.68,0
11969,165,2025-06-15 15:33:00,14.939,26.02,0
11970,321,2025-06-04 21:17:00,14.942,63.85,0
11971,740,2025-03-08 06:24:00,16.315,12.93,0
11972,12,2025-06-05 10:30:00,16.57,90.97,0
11973,401,2025-03-21 22:24:00,16.637,33.62,0
11974,487,2025-01-17 21:48:00,19.629,17.84,0
11975,726,2025-01-14 08:59:00,14.993,27.75,0
11976,226,2025-02-06 23:12:00,21.175,41.04,0
11977,314,2025-03-08 04:25:00,21.25,110.96,0
11978,64,2025-03-14 00:39:00,12.695,61.78,0
11979,268,2025-02-02 08:21:00,20.338,90.05,0
11980,797,2025-02-02 01:42:00,13.893,33.28,0
11981,612,2025-01-06 21:50:00,21.64,29.54,0
11982,342,2025-06-14 02:04:00,20.984,154.6,0
11983,507,2025-02-16 00:53:00,14.153,31.35,0
11984,771,2025-04-27 19:49:00,12.892,22.58,0
11985,351,2025-03-30 07:30:00,17.604,20.81,0
11986,235,2025-03-06 20:35:00,13.146,44.31,0
11987,702,2025-02-14 12:35:00,17.245,14.7,0
11988,680,2025-01-12 13:16:00,13.899,40.52,0
11989,413,2025-01-20 15:15:00,15.026,39.9,0
11990,9,2025-05-02 21:30:00,13.302,56.16,0
11991,10,2025-03-23 06:37:00,19.154,8.63,0
11992,94,2025-06-24 05:30:00,16.419,7.08,0
11993,554,2025-01-27 14:42:00,17.565,24.66,0
11994,140,2025-06-17 10:42:00,19.493,31.31,0
11995,50,2025-01-16 11:29:00,19.147,14.32,0
11996,545,2025-05-12 21:46:00,15.133,11.71,0
11997,384,2025-06-22 19:59:00,11.559,49.46,0
11998,424,2025-01-28 17:05:00,13.088,27.27,0
11999,153,2025-03-27 16:07:00,15.728,66.84,0
12000,171,2025-06-15 15:49:00,11.343,11.64,0
12001,193,2025-05-25 10:03:00,18.932,32.1,0
12002,515,2025-02-09 07:08:00,11.211,133.4,0
12003,783,2025-01-31 17:47:00,12.693,27.59,0
12004,732,2025-03-02 18:51:00,16.858,21.95,0
12005,90,2025-03-25 01:53:00,17.768,72.6,0
12006,543,2025-02-22 21:59:00,13.525,92.78,0
12007,606,2025-01-17 04:28:00,18.58,21.06,0
12008,32,2025-03-31 14:27:00,20.628,22.33,0
12009,509,2025-03-16 02:58:00,10.302,69.94,0
12010,355,2025-02-24 23:45:00,20.823,44.49,0
12011,156,2025-05-29 18:02:00,15.533,45.3,0
12012,631,2025-02-22 04:32:00,14.284,42.3,0
12013,748,2025-06-10 16:40:00,19.142,33.61,0
12014,478,2025-01-03 00:21:00,18.977,78.06,0
12015,161,2025-04-04 10:06:00,17.555,106.29,0
12016,343,2025-06-21 00:53:00,13.719,15.36,0
12017,412,2025-02-21 13:15:00,11.742,71.17,0
12018,721,2025-04-28 22:14:00,13.045,33.79,0
12019,632,2025-05-13 00:35:00,16.026,12.51,0
12020,536,2025-03-03 15:01:00,15.896,16.71,0
12021,610,2025-04-26 00:10:00,20.935,25.22,0
12022,555,2025-04-28 10:01:00,14.393,81.6,0
12023,255,2025-03-26 16:27:00,17.333,15.3,0
12024,106,2025-03-09 18:42:00,17.241,8.29,0
12025,671,2025-03-27 13:34:00,18.244,28.32,0
12026,443,2025-01-27 19:28:00,21.88,23.89,0
12027,769,2025-03-30 18:41:00,19.228,82.42,0
12028,544,2025-02-28 12:42:00,8.555,42.99,0
12029,379,2025-03-03 01:31:00,19.363,61.89,0
12030,517,2025-02-14 05:01:00,21.998,25.55,0
12031,521,2025-04-04 09:57:00,8.531,13.21,0
12032,785,2025-01-02 08:43:00,16.361,99.99,0
12033,291,2025-01-11 07:51:00,16.392,21.83,0
12034,304,2025-02-07 14:08:00,15.349,58.75,0
12035,283,2025-04-13 15:11:00,20.254,26.07,0
12036,86,2025-02-16 06:01:00,19.401,59.23,0
12037,375,2025-03-31 07:36:00,10.409,44.57,0
12038,356,2025-01-27 15:07:00,9.442,38.78,0
12039,157,2025-03-17 16:49:00,10.332,48.71,0
12040,652,2025-03-23 15:23:00,20.414,28.86,0
12041,551,2025-02-28 07:39:00,9.378,8.95,0
12042,193,2025-01-09 22:34:00,17.046,44.1,0
12043,132,2025-04-22 22:05:00,17.566,87.51,0
12044,494,2025-02-06 15:38:00,11.054,33.78,0
12045,4,2025-03-29 07:05:00,11.217,27.23,0
12046,120,2025-05-08 16:46:00,19.7,43.13,0
12047,351,2025-01-19 03:37:00,13.881,76.61,0
12048,792,2025-05-03 03:47:00,14.993,27.95,0
12049,61,2025-03-09 09:38:00,13.56,10.59,0
12050,422,2025-04-01 15:22:00,10.565,39.71,0
12051,449,2025-01-14 18:30:00,14.15,46.85,0
12052,201,2025-03-31 21:09:00,11.77,40.23,0
12053,416,2025-03-10 06:00:00,12.202,23.56,0
12054,507,2025-02-02 01:40:00,10.824,45.74,0
12055,109,2025-04-06 21:50:00,16.772,29.1,0
12056,763,2025-04-28 02:59:00,12.016,24.67,0
12057,196,2025-03-12 09:14:00,10.319,27.85,0
12058,294,2025-04-25 04:23:00,19.318,40.2,0
12059,19,2025-03-03 11:50:00,16.062,43.82,0
12060,474,2025-05-30 11:44:00,20.024,23.21,0
12061,475,2025-02-20 14:33:00,18.94,41.04,0
12062,92,2025-05-24 16:57:00,13.205,47.5,0
12063,234,2025-03-10 17:15:00,15.863,54.67,0
12064,613,2025-04-11 10:37:00,21.818,51.46,0
12065,570,2025-01-13 11:25:00,13.012,99.24,0
12066,245,2025-01-14 09:22:00,11.353,60.6,0
12067,503,2025-06-28 21:39:00,10.284,173.94,0
12068,597,2025-01-02 09:22:00,21.159,79.88,0
12069,298,2025-04-10 23:03:00,11.494,77.88,0
12070,140,2025-03-24 07:19:00,20.987,13.12,0
12071,17,2025-04-25 12:16:00,16.286,64.1,0
12072,763,2025-01-01 16:07:00,16.261,69.14,0
12073,256,2025-02-02 23:10:00,13.603,33.78,0
12074,644,2025-03-02 23:39:00,13.543,6.8,0
12075,259,2025-06-16 05:06:00,12.491,5.43,0
12076,569,2025-03-04 22:45:00,18.212,27.99,0
12077,266,2025-04-13 19:25:00,18.343,22.76,0
12078,485,2025-04-14 04:35:00,15.437,10.61,0
12079,762,2025-03-16 14:05:00,14.285,47.71,0
12080,602,2025-05-30 05:42:00,16.899,14.13,0
12081,131,2025-05-09 09:05:00,14.88,9.23,0
12082,418,2025-03-21 22:26:00,19.538,182.37,0
12083,216,2025-02-24 18:47:00,8.912,52.41,0
12084,175,2025-02-20 00:06:00,20.637,24.89,0
12085,665,2025-06-18 05:38:00,15.343,11.31,0
12086,786,2025-01-23 15:51:00,15.129,17.23,0
12087,740,2025-01-31 11:26:00,13.474,21.27,0
12088,671,2025-02-17 03:07:00,15.452,22.66,0
12089,374,2025-05-30 23:02:00,11.085,27.04,0
12090,420,2025-05-04 20:32:00,14.962,13.61,0
12091,432,2025-06-23 23:44:00,13.575,17.4,0
12092,588,2025-05-10 22:23:00,12.116,8.9,0
12093,42,2025-03-30 12:19:00,10.971,7.18,0
12094,661,2025-01-08 05:54:00,20.043,10.25,0
12095,646,2025-06-07 19:10:00,19.902,21.49,0
12096,796,2025-05-01 13:19:00,14.792,27.36,0
12097,475,2025-01-13 21:09:00,11.24,50.79,0
12098,365,2025-06-24 17:48:00,14.305,48.79,0
12099,383,2025-04-22 16:56:00,20.959,57.65,0
12100,496,2025-04-22 13:39:00,18.912,27.42,0
12101,242,2025-03-06 02:55:00,19.306,59.12,0
12102,621,2025-03-01 12:39:00,17.838,6.3,0
12103,355,2025-03-07 13:49:00,18.136,56.73,0
12104,225,2025-01-10 00:27:00,10.095,33.9,0
12105,588,2025-03-23 01:34:00,12.856,75.54,0
12106,269,2025-01-12 05:20:00,19.647,4.1,0
12107,64,2025-04-18 10:04:00,10.482,72.6,0
12108,417,2025-02-07 06:27:00,9.052,9.53,0
12109,405,2025-04-21 21:10:00,19.85,1249.32,1
12110,233,2025-03-09 04:46:00,18.931,17.83,0
12111,27,2025-02-20 02:08:00,10.214,48.8,0
12112,380,2025-01-27 01:23:00,15.394,32.67,0
12113,617,2025-03-11 02:38:00,8.584,78.82,0
12114,641,2025-01-13 10:32:00,10.079,39.5,0
12115,168,2025-02-14 21:57:00,11.602,122.93,0
12116,344,2025-03-25 11:26:00,17.856,19.67,0
12117,722,2025-04-24 20:34:00,12.269,15.29,0
12118,275,2025-03-24 18:02:00,19.347,20.75,0
12119,380,2025-01-19 08:47:00,8.33,58.09,0
12120,543,2025-05-10 18:22:00,8.061,60.05,0
12121,365,2025-03-18 05:50:00,12.197,12.5,0
12122,673,2025-04-23 19:38:00,18.233,17.76,0
12123,288,2025-06-26 03:03:00,21.322,44.08,0
12124,393,2025-01-09 17:51:00,12.416,94.79,0
12125,413,2025-06-27 23:31:00,15.797,19.96,0
12126,595,2025-06-21 07:01:00,8.579,11.18,0
12127,270,2025-04-04 05:36:00,8.018,78.09,0
12128,220,2025-01-05 21:11:00,8.221,8.64,0
12129,287,2025-02-14 13:01:00,9.363,53.91,0
12130,185,2025-02-10 16:17:00,20.241,6.17,0
12131,156,2025-04-16 00:42:00,16.98,31.79,0
12132,655,2025-05-05 11:18:00,20.576,26.38,0
12133,276,2025-03-29 22:09:00,19.689,18.72,0
12134,216,2025-03-06 01:15:00,18.711,110.72,0
12135,649,2025-01-08 15:32:00,12.952,32.74,0
12136,630,2025-06-19 01:11:00,9.876,30.59,0
12137,196,2025-06-28 00:53:00,9.447,28.5,0
12138,243,2025-01-06 21:37:00,8.35,18.93,0
12139,657,2025-02-28 21:21:00,10.489,151.03,0
12140,222,2025-06-26 21:48:00,8.268,25.89,0
12141,689,2025-03-13 20:53:00,17.629,154.34,0
12142,494,2025-04-23 01:59:00,13.444,18.08,0
12143,533,2025-04-03 10:35:00,15.394,35.51,0
12144,427,2025-04-24 23:36:00,14.704,23.87,0
12145,24,2025-06-08 11:11:00,11.968,18.4,0
12146,659,2025-03-10 08:16:00,9.603,30.09,0
12147,448,2025-05-24 20:11:00,15.592,132.57,0
12148,138,2025-03-24 03:32:00,20.092,98.05,0
12149,666,2025-02-06 23:58:00,18.496,35.69,0
12150,234,2025-01-14 11:27:00,21.041,11.73,0
12151,292,2025-05-09 23:02:00,12.984,45.28,0
12152,511,2025-04-19 11:09:00,19.84,22.92,0
12153,226,2025-06-07 10:07:00,18.116,16.17,0
12154,5,2025-02-12 08:38:00,21.202,58.34,0
12155,257,2025-05-09 13:37:00,12.029,12.56,0
12156,546,2025-01-05 05:11:00,19.251,38.03,0
12157,338,2025-01-26 01:16:00,15.114,50.03,0
12158,569,2025-04-17 23:51:00,14.114,59.29,0
12159,56,2025-04-08 00:02:00,14.521,12.54,0
12160,205,2025-04-17 14:38:00,14.056,133.34,0
12161,190,2025-05-31 22:34:00,20.279,43.32,0
12162,51,2025-05-31 01:24:00,21.222,34.26,0
12163,517,2025-02-05 05:03:00,17.282,11.86,0
12164,168,2025-02-06 11:14:00,10.699,17.71,0
12165,377,2025-04-07 22:28:00,13.887,25.7,0
12166,792,2025-06-22 07:57:00,12.978,33.43,0
12167,197,2025-05-01 12:27:00,17.394,45.0,0
12168,155,2025-01-27 07:10:00,8.985,25.76,0
12169,744,2025-04-25 08:47:00,17.158,108.83,0
12170,285,2025-03-02 20:50:00,14.535,25.24,0
12171,236,2025-01-20 04:31:00,11.655,39.89,0
12172,575,2025-05-09 04:51:00,8.889,84.84,0
12173,103,2025-02-19 22:36:00,8.742,22.02,0
12174,302,2025-05-20 15:26:00,20.491,11.45,0
12175,159,2025-04-10 09:12:00,16.074,24.52,0
12176,713,2025-03-22 10:03:00,15.722,70.9,0
12177,237,2025-02-07 13:51:00,8.245,36.09,0
12178,453,2025-02-22 15:11:00,18.794,58.69,0
12179,418,2025-03-02 01:38:00,10.949,11.96,0
12180,394,2025-05-05 18:57:00,13.368,9.4,0
12181,53,2025-03-16 17:07:00,17.052,54.37,0
12182,210,2025-01-07 02:51:00,9.883,45.23,0
12183,683,2025-01-03 10:51:00,19.154,16.44,0
12184,438,2025-02-19 10:04:00,19.694,13.67,0
12185,701,2025-04-02 21:01:00,15.273,29.98,0
12186,310,2025-03-01 23:50:00,13.116,33.0,1
12187,254,2025-06-29 01:20:00,11.527,12.9,0
12188,276,2025-02-11 15:01:00,18.135,32.36,0
12189,620,2025-03-15 11:43:00,12.768,10.72,0
12190,190,2025-03-13 14:09:00,19.333,20.56,0
12191,479,2025-02-19 08:58:00,18.254,11.96,0
12192,748,2025-06-08 21:57:00,12.941,31.38,0
12193,676,2025-02-15 12:56:00,11.204,20.52,0
12194,309,2025-01-02 22:15:00,13.008,100.81,0
12195,221,2025-04-03 17:33:00,12.792,43.71,0
12196,497,2025-04-25 06:27:00,21.393,11.99,0
12197,488,2025-03-24 01:57:00,16.782,70.99,0
12198,577,2025-03-17 19:49:00,17.206,29.24,0
12199,58,2025-06-05 03:46:00,11.97,62.7,0
12200,431,2025-03-09 07:34:00,13.1,12.16,0
12201,7,2025-04-26 01:32:00,14.526,55.37,0
12202,792,2025-05-31 17:59:00,21.674,176.49,0
12203,699,2025-03-13 18:10:00,17.346,54.63,0
12204,591,2025-04-08 07:36:00,10.157,21.31,0
12205,235,2025-03-11 10:25:00,21.873,85.93,0
12206,597,2025-04-21 14:23:00,11.77,19.82,0
12207,356,2025-04-09 11:51:00,16.704,50.41,0
12208,519,2025-06-03 09:35:00,20.252,206.69,0
12209,185,2025-02-15 14:33:00,16.621,21.57,0
12210,379,2025-01-30 02:37:00,20.963,51.63,0
12211,701,2025-03-18 02:41:00,19.873,170.54,0
12212,151,2025-04-21 05:35:00,8.49,75.34,0
12213,307,2025-02-21 07:22:00,17.615,60.68,0
12214,233,2025-06-29 16:06:00,18.092,7.12,0
12215,143,2025-04-03 18:48:00,13.205,15.87,0
12216,317,2025-05-27 02:50:00,20.733,68.62,0
12217,486,2025-04-09 09:19:00,19.213,26.77,0
12218,43,2025-03-12 17:10:00,13.139,23.09,0
12219,164,2025-06-02 10:12:00,11.123,87.91,0
12220,653,2025-01-29 08:42:00,10.976,58.22,0
12221,208,2025-02-15 05:05:00,11.088,17.77,0
12222,268,2025-05-18 17:13:00,16.249,63.07,0
12223,538,2025-06-12 20:24:00,16.999,15.88,0
12224,597,2025-02-22 08:53:00,10.084,9.6,0
12225,767,2025-04-07 08:21:00,15.679,44.09,0
12226,452,2025-03-29 12:27:00,11.504,12.68,1
12227,603,2025-05-11 19:55:00,20.746,12.5,0
12228,579,2025-03-31 21:18:00,19.988,15.07,0
12229,99,2025-04-21 02:25:00,9.619,38.83,0
12230,701,2025-05-01 10:39:00,11.532,63.75,0
12231,250,2025-05-30 05:26:00,21.223,26.86,0
12232,338,2025-01-25 23:25:00,12.186,12.95,0
12233,637,2025-04-30 08:45:00,19.422,13.77,0
12234,419,2025-02-02 12:45:00,8.706,9.78,0
12235,220,2025-01-02 23:50:00,13.429,60.1,0
12236,257,2025-05-09 23:01:00,16.607,16.44,0
12237,592,2025-03-12 05:59:00,13.594,40.54,0
12238,146,2025-05-10 00:07:00,19.069,7.97,0
12239,377,2025-06-18 21:44:00,21.719,93.38,0
12240,597,2025-01-24 04:46:00,15.189,33.44,0
12241,707,2025-03-23 06:16:00,14.491,9.62,0
12242,660,2025-01-18 19:00:00,17.863,20.8,0
12243,287,2025-05-30 02:37:00,18.552,39.05,0
12244,158,2025-06-29 21:50:00,8.837,16.61,0
12245,747,2025-06-06 09:54:00,14.126,45.11,0
12246,477,2025-06-28 20:39:00,14.996,93.77,0
12247,325,2025-03-01 20:44:00,12.304,70.06,0
12248,721,2025-02-20 01:27:00,18.627,33.05,0
12249,580,2025-06-04 09:22:00,20.418,105.66,0
12250,381,2025-04-28 07:29:00,19.835,39.38,0
12251,156,2025-03-09 22:31:00,16.873,30.43,0
12252,65,2025-02-07 20:47:00,19.119,31.08,0
12253,424,2025-01-05 13:33:00,11.257,36.11,0
12254,91,2025-01-07 20:42:00,8.36,47.66,0
12255,248,2025-05-05 23:50:00,15.188,16.45,0
12256,545,2025-02-17 11:56:00,13.74,83.28,0
12257,10,2025-05-28 15:38:00,20.344,878.89,1
12258,791,2025-06-02 07:30:00,19.047,242.89,0
12259,349,2025-03-23 06:56:00,13.346,8.52,0
12260,696,2025-02-23 23:23:00,8.244,34.59,0
12261,137,2025-02-01 05:07:00,11.848,17.73,0
12262,368,2025-02-16 04:31:00,13.046,56.57,0
12263,766,2025-04-21 18:01:00,17.462,89.62,0
12264,505,2025-05-17 01:55:00,20.646,34.82,0
12265,646,2025-05-13 21:16:00,11.093,26.43,0
12266,548,2025-06-22 13:32:00,19.003,23.01,0
12267,591,2025-04-28 20:48:00,18.2,29.06,0
12268,291,2025-04-02 10:32:00,12.944,45.86,0
12269,362,2025-03-06 01:01:00,8.226,45.62,0
12270,39,2025-03-02 13:01:00,8.458,112.49,0
12271,207,2025-03-08 07:10:00,16.669,29.93,0
12272,51,2025-06-08 08:04:00,19.86,70.78,0
12273,259,2025-04-09 20:06:00,16.847,16.8,0
12274,580,2025-02-09 18:40:00,18.831,12.44,0
12275,163,2025-02-04 19:27:00,15.04,76.83,0
12276,382,2025-01-06 02:40:00,11.68,47.93,0
12277,441,2025-06-02 07:28:00,8.557,22.72,0
12278,131,2025-02-09 12:56:00,19.443,16.61,0
12279,649,2025-01-19 10:01:00,14.639,23.73,0
12280,616,2025-02-22 02:54:00,20.271,41.34,0
12281,149,2025-03-29 13:53:00,13.183,39.4,0
12282,28,2025-06-22 17:17:00,11.864,10.93,0
12283,3,2025-06-04 16:46:00,17.339,12.59,0
12284,234,2025-01-31 18:38:00,16.461,38.85,0
12285,100,2025-04-06 07:05:00,17.859,55.63,0
12286,13,2025-05-29 08:36:00,9.275,18.55,0
12287,368,2025-05-17 23:18:00,9.167,11.19,0
12288,420,2025-03-26 13:11:00,15.993,35.82,0
12289,14,2025-02-13 02:58:00,15.676,5.98,0
12290,478,2025-05-22 08:08:00,9.301,25.61,0
12291,322,2025-03-22 04:36:00,14.023,56.27,0
12292,160,2025-02-12 16:05:00,16.87,28.73,0
12293,88,2025-05-09 08:25:00,15.588,9.98,0
12294,607,2025-06-08 20:48:00,10.611,116.76,0
12295,86,2025-06-09 21:35:00,20.989,35.16,0
12296,160,2025-06-18 17:38:00,8.481,41.35,0
12297,570,2025-04-26 17:57:00,11.816,70.65,0
12298,503,2025-05-19 05:15:00,8.946,30.27,0
12299,799,2025-02-13 16:45:00,11.967,28.08,0
12300,32,2025-02-28 07:24:00,17.594,93.4,0
12301,155,2025-01-27 07:59:00,8.333,18.19,0
12302,529,2025-01-15 14:29:00,8.543,72.75,0
12303,183,2025-06-01 11:27:00,10.882,14.17,0
12304,304,2025-03-24 07:11:00,8.388,19.54,0
12305,237,2025-04-10 17:26:00,13.461,44.18,0
12306,646,2025-01-16 17:18:00,11.222,109.73,0
12307,628,2025-02-03 02:19:00,12.51,39.38,0
12308,644,2025-01-14 17:19:00,19.721,11.42,0
12309,404,2025-03-29 10:07:00,14.051,61.82,0
12310,390,2025-04-15 13:10:00,8.211,18.54,0
12311,456,2025-01-23 17:42:00,15.655,58.08,0
12312,53,2025-05-08 12:16:00,9.531,44.05,0
12313,437,2025-01-19 22:20:00,8.831,10.53,0
12314,221,2025-05-31 23:27:00,12.582,46.69,0
12315,749,2025-06-15 14:18:00,11.809,13.03,0
12316,147,2025-04-26 05:26:00,9.564,103.24,0
12317,27,2025-04-09 00:47:00,12.178,9.95,0
12318,770,2025-05-12 17:26:00,14.777,30.81,0
12319,126,2025-02-14 19:18:00,11.516,16.42,0
12320,413,2025-06-15 19:34:00,8.452,108.2,0
12321,305,2025-06-08 15:04:00,20.496,10.14,0
12322,215,2025-05-06 04:45:00,17.12,225.82,0
12323,390,2025-06-29 19:10:00,17.893,26.22,0
12324,585,2025-02-24 12:17:00,13.713,22.28,0
12325,91,2025-06-09 03:45:00,16.027,64.94,0
12326,529,2025-01-07 02:49:00,17.842,34.05,0
12327,714,2025-05-15 13:35:00,12.994,17.73,0
12328,232,2025-02-22 02:28:00,19.638,18.99,0
12329,542,2025-06-23 04:07:00,18.813,23.51,0
12330,736,2025-04-13 02:22:00,12.019,20.1,0
12331,745,2025-02-05 12:42:00,12.659,66.93,0
12332,518,2025-02-26 16:14:00,10.575,37.49,0
12333,752,2025-06-07 23:38:00,15.037,50.68,0
12334,621,2025-05-25 19:33:00,19.358,25.04,0
12335,410,2025-03-06 13:45:00,15.896,58.6,0
12336,100,2025-02-17 06:05:00,12.966,20.09,0
12337,682,2025-01-06 19:16:00,13.743,16.75,0
12338,229,2025-01-23 05:15:00,17.696,23.29,0
12339,589,2025-01-06 19:52:00,15.2,109.4,0
12340,515,2025-03-01 09:29:00,15.738,22.08,0
12341,288,2025-02-03 19:26:00,16.535,22.89,0
12342,619,2025-01-04 15:16:00,18.34,41.68,0
12343,525,2025-05-21 07:23:00,16.759,31.53,0
12344,596,2025-06-08 06:10:00,17.581,14.66,0
12345,762,2025-06-11 09:37:00,17.326,13.6,0
12346,219,2025-05-31 15:08:00,20.971,63.72,0
12347,611,2025-01-24 00:47:00,18.31,13.53,0
12348,31,2025-01-30 14:11:00,15.652,71.01,0
12349,567,2025-06-02 04:03:00,20.571,24.09,0
12350,124,2025-01-03 17:09:00,20.606,5.46,0
12351,177,2025-05-16 23:38:00,12.921,58.73,0
12352,156,2025-01-23 16:24:00,19.274,66.46,0
12353,664,2025-01-10 09:36:00,21.755,55.76,0
12354,299,2025-05-21 11:23:00,10.896,24.1,0
12355,311,2025-05-12 15:36:00,13.558,26.34,0
12356,289,2025-01-16 07:53:00,13.816,24.32,0
12357,499,2025-01-07 21:47:00,16.548,19.66,0
12358,732,2025-06-09 00:00:00,21.477,43.81,0
12359,542,2025-02-17 06:21:00,12.279,29.7,0
12360,80,2025-06-24 10:31:00,18.552,24.14,0
12361,412,2025-04-06 13:31:00,18.9,19.8,0
12362,86,2025-06-26 04:18:00,17.746,39.39,0
12363,132,2025-06-13 15:59:00,16.236,96.5,0
12364,157,2025-04-21 20:15:00,16.004,38.5,0
12365,557,2025-01-19 23:07:00,11.949,11.84,0
12366,700,2025-06-11 11:47:00,9.922,34.32,0
12367,197,2025-03-04 16:40:00,12.677,51.44,0
12368,753,2025-02-15 08:45:00,11.214,61.76,0
12369,212,2025-04-14 20:16:00,17.137,52.88,0
12370,245,2025-03-06 07:19:00,19.944,38.95,0
12371,101,2025-05-14 05:41:00,10.222,306.15,0
12372,37,2025-02-17 16:47:00,17.233,13.5,0
12373,495,2025-06-14 18:28:00,9.706,2657.39,1
12374,325,2025-01-18 22:14:00,13.321,54.5,0
12375,93,2025-03-26 09:25:00,10.425,219.31,0
12376,451,2025-06-22 21:13:00,12.194,10.98,0
12377,276,2025-06-01 08:41:00,20.02,119.68,0
12378,314,2025-05-28 15:45:00,13.876,129.77,0
12379,711,2025-04-22 01:32:00,9.52,30.86,0
12380,322,2025-04-13 11:36:00,10.785,17.73,0
12381,362,2025-02-06 17:30:00,19.811,191.28,0
12382,549,2025-02-23 14:38:00,13.742,18.1,0
12383,715,2025-04-15 07:49:00,21.104,80.86,0
12384,590,2025-02-25 04:37:00,15.857,115.76,0
12385,394,2025-02-26 11:41:00,15.099,30.78,0
12386,244,2025-05-03 05:22:00,14.386,30.61,0
12387,143,2025-05-07 15:44:00,18.828,143.68,0
12388,98,2025-03-31 07:04:00,19.7,27.37,0
12389,607,2025-02-21 05:12:00,9.779,22.41,0
12390,589,2025-02-01 17:37:00,13.718,4.04,0
12391,282,2025-02-17 07:29:00,11.959,85.85,0
12392,750,2025-03-01 08:34:00,20.591,25.96,0
12393,773,2025-06-20 03:58:00,18.286,65.47,0
12394,496,2025-02-28 01:34:00,12.093,31.11,0
12395,209,2025-06-13 13:34:00,13.717,101.87,0
12396,405,2025-04-07 22:03:00,13.869,105.16,0
12397,657,2025-03-23 07:32:00,21.045,15.78,0
12398,405,2025-02-18 04:36:00,14.632,24.15,0
12399,395,2025-05-18 18:49:00,8.258,55.72,0
12400,426,2025-06-01 15:44:00,18.221,107.89,0
12401,673,2025-06-26 18:30:00,9.352,38.31,0
12402,328,2025-05-28 16:02:00,16.83,41.54,0
12403,146,2025-01-16 22:51:00,15.189,46.26,0
12404,411,2025-06-08 06:44:00,18.678,17.37,0
12405,506,2025-04-20 02:38:00,15.702,24.35,0
12406,747,2025-04-03 08:43:00,10.453,30.18,0
12407,90,2025-02-15 15:06:00,20.515,77.95,0
12408,754,2025-04-02 04:06:00,20.647,147.13,0
12409,644,2025-05-25 00:03:00,13.89,16.9,0
12410,568,2025-04-17 01:15:00,16.532,62.34,0
12411,188,2025-01-19 06:05:00,15.734,41.68,0
12412,165,2025-05-17 00:15:00,15.479,23.43,0
12413,342,2025-05-22 23:39:00,9.263,16.24,0
12414,146,2025-05-02 00:15:00,14.916,42.02,0
12415,524,2025-02-06 02:37:00,11.152,21.92,0
12416,601,2025-02-23 03:30:00,19.17,47.17,0
12417,766,2025-03-24 02:00:00,19.883,15.7,1
12418,553,2025-06-06 11:13:00,8.262,14.47,0
12419,623,2025-05-27 11:42:00,18.314,82.72,0
12420,730,2025-01-18 04:21:00,9.608,40.92,0
12421,550,2025-01-13 03:26:00,8.138,40.17,0
12422,186,2025-01-09 22:28:00,8.192,23.35,0
12423,104,2025-06-17 01:41:00,14.524,756.67,1
12424,752,2025-06-05 11:47:00,19.398,30.24,0
12425,618,2025-02-09 02:56:00,12.36,65.23,0
12426,679,2025-06-14 21:54:00,20.945,24.35,0
12427,338,2025-04-01 03:08:00,13.896,14.96,0
12428,126,2025-02-26 09:19:00,10.641,19.57,0
12429,478,2025-05-13 05:20:00,14.427,49.11,0
12430,511,2025-01-13 10:05:00,16.777,15.88,0
12431,173,2025-01-23 05:30:00,15.08,149.12,0
12432,375,2025-02-16 02:13:00,14.169,11.78,0
12433,338,2025-04-20 13:46:00,10.638,31.05,0
12434,207,2025-05-31 22:09:00,17.791,90.75,0
12435,653,2025-04-03 19:15:00,12.906,43.98,0
12436,388,2025-03-21 02:50:00,21.588,26.39,0
12437,741,2025-04-16 10:48:00,3.659,87.86,1
12438,1,2025-01-03 02:32:00,11.102,16.65,0
12439,750,2025-04-30 05:58:00,20.035,27.79,0
12440,529,2025-05-25 21:32:00,10.922,9.6,0
12441,560,2025-03-17 17:06:00,10.354,70.98,0
12442,230,2025-04-27 14:24:00,18.059,54.79,0
12443,63,2025-02-23 18:40:00,12.174,54.89,0
12444,185,2025-06-18 13:30:00,13.843,38.84,0
12445,354,2025-02-03 02:14:00,14.315,37.35,0
12446,270,2025-01-25 18:57:00,18.97,38.16,0
12447,154,2025-06-19 00:45:00,16.04,44.67,0
12448,10,2025-04-02 06:51:00,18.379,38.84,0
12449,558,2025-03-14 05:56:00,21.825,16.61,0
12450,533,2025-05-27 20:50:00,17.953,5.75,0
12451,129,2025-02-20 19:12:00,11.904,186.0,0
12452,626,2025-02-23 05:02:00,18.737,20.83,0
12453,782,2025-01-10 11:00:00,19.899,30.41,0
12454,799,2025-04-04 06:38:00,14.031,85.3,0
12455,155,2025-05-16 05:12:00,17.234,45.83,0
12456,341,2025-06-27 13:05:00,14.866,11.15,0
12457,42,2025-04-05 23:51:00,9.786,13.78,0
12458,9,2025-01-14 10:57:00,18.203,70.78,0
12459,674,2025-02-04 08:57:00,14.211,56.42,0
12460,774,2025-02-20 15:33:00,12.85,23.16,0
12461,161,2025-06-10 19:22:00,14.548,33.86,0
12462,370,2025-04-15 12:36:00,16.149,36.09,0
12463,19,2025-06-18 01:55:00,18.596,42.67,0
12464,652,2025-06-01 22:49:00,20.722,49.01,0
12465,438,2025-06-08 12:31:00,17.58,25.64,0
12466,233,2025-02-20 08:36:00,21.92,61.32,0
12467,775,2025-04-11 23:23:00,10.205,56.29,0
12468,108,2025-01-11 20:27:00,10.161,70.3,0
12469,213,2025-03-09 04:34:00,19.066,64.84,0
12470,598,2025-02-26 08:30:00,16.869,63.54,0
12471,326,2025-01-30 03:20:00,20.07,24.33,0
12472,560,2025-01-12 02:44:00,17.505,31.69,0
12473,189,2025-03-09 21:41:00,8.176,17.71,0
12474,526,2025-01-13 15:20:00,17.418,41.11,0
12475,446,2025-04-21 04:34:00,10.963,18.43,0
12476,37,2025-02-19 22:19:00,14.257,50.97,0
12477,258,2025-02-10 18:42:00,17.681,91.37,0
12478,237,2025-01-20 22:19:00,17.188,34.98,0
12479,473,2025-03-25 12:19:00,13.356,22.7,0
12480,350,2025-01-31 09:54:00,17.983,51.97,0
12481,382,2025-04-14 03:45:00,21.218,79.93,0
12482,135,2025-06-27 12:32:00,11.231,19.24,0
12483,743,2025-05-12 15:47:00,9.672,38.39,0
12484,599,2025-01-21 21:21:00,9.89,44.98,0
12485,536,2025-01-17 10:38:00,14.407,28.02,0
12486,220,2025-06-07 12:56:00,12.175,52.75,0
12487,546,2025-06-06 01:25:00,14.545,9.44,0
12488,187,2025-03-07 06:21:00,9.181,46.08,0
12489,389,2025-03-24 02:14:00,11.457,146.96,0
12490,657,2025-03-09 21:03:00,12.86,54.8,1
12491,242,2025-04-15 17:56:00,21.074,36.09,0
12492,519,2025-02-07 13:11:00,12.159,13.23,0
12493,251,2025-06-19 06:10:00,8.675,26.6,0
12494,584,2025-03-14 16:56:00,12.354,44.81,0
12495,403,2025-01-31 05:40:00,21.116,37.71,0
12496,784,2025-02-24 04:23:00,13.981,13.04,0
12497,153,2025-06-09 04:58:00,19.46,42.72,0
12498,755,2025-02-22 00:27:00,11.742,17.63,0
12499,105,2025-05-25 19:08:00,9.901,22.1,0
12500,439,2025-05-18 20:55:00,14.953,71.73,0
12501,297,2025-06-28 22:11:00,17.825,28.92,0
12502,601,2025-01-28 13:26:00,19.833,20.87,0
12503,104,2025-03-12 17:56:00,11.375,15.92,0
12504,203,2025-06-01 10:07:00,21.813,19.75,0
12505,184,2025-01-23 19:58:00,14.849,22.73,0
12506,736,2025-01-07 03:54:00,15.032,69.53,0
12507,428,2025-01-03 13:14:00,20.02,34.11,0
12508,131,2025-01-15 19:04:00,13.702,91.72,0
12509,632,2025-05-23 16:00:00,18.603,13.75,0
12510,228,2025-03-04 19:25:00,3.902,98.3,1
12511,179,2025-01-25 14:05:00,9.896,31.05,0
12512,395,2025-05-07 16:51:00,8.461,29.21,0
12513,633,2025-02-25 01:58:00,21.079,28.94,0
12514,671,2025-01-25 23:10:00,20.131,213.37,0
12515,12,2025-06-27 17:12:00,21.77,23.9,0
12516,718,2025-04-16 03:19:00,17.439,183.46,0
12517,797,2025-03-21 13:51:00,17.04,69.84,0
12518,256,2025-06-15 19:29:00,10.919,14.46,0
12519,413,2025-02-11 14:48:00,16.992,16.22,0
12520,301,2025-04-17 03:47:00,14.838,40.81,0
12521,380,2025-05-16 13:58:00,13.283,38.03,0
12522,521,2025-01-02 01:22:00,17.554,25.45,0
12523,520,2025-02-18 21:06:00,9.19,22.81,0
12524,379,2025-01-18 06:08:00,15.054,120.83,0
12525,380,2025-04-06 14:00:00,18.614,39.59,0
12526,390,2025-05-03 11:40:00,19.62,50.99,0
12527,326,2025-01-29 07:40:00,0.274,38.44,1
12528,98,2025-01-26 13:53:00,12.936,36.23,0
12529,296,2025-03-24 22:47:00,16.013,196.16,0
12530,572,2025-03-13 11:45:00,9.795,55.36,0
12531,782,2025-01-20 13:13:00,9.281,287.03,0
12532,650,2025-05-03 15:44:00,19.468,65.24,0
12533,689,2025-05-20 03:46:00,9.771,20.77,0
12534,626,2025-03-19 02:52:00,13.842,94.67,0
12535,401,2025-03-07 17:24:00,13.764,32.91,0
12536,545,2025-01-29 20:12:00,21.763,118.53,0
12537,669,2025-02-27 09:13:00,17.873,20.38,0
12538,178,2025-04-02 07:19:00,18.732,9.85,0
12539,119,2025-06-28 21:09:00,17.379,37.98,0
12540,213,2025-02-03 09:38:00,11.815,113.26,0
12541,423,2025-05-30 08:18:00,13.056,21.13,0
12542,628,2025-04-01 09:22:00,10.565,55.66,0
12543,360,2025-04-10 16:57:00,15.59,20.41,0
12544,786,2025-02-24 00:25:00,9.091,74.49,0
12545,259,2025-06-19 22:59:00,20.654,26.14,0
12546,369,2025-01-12 14:07:00,10.75,43.38,0
12547,734,2025-02-08 01:14:00,10.989,26.81,0
12548,136,2025-02-27 01:38:00,14.784,19.2,0
12549,665,2025-04-14 05:27:00,12.477,7.52,0
12550,120,2025-03-18 04:18:00,10.332,12.37,0
12551,725,2025-06-17 05:31:00,21.799,28.01,0
12552,258,2025-02-03 05:15:00,11.915,50.12,0
12553,508,2025-04-13 13:07:00,18.353,154.25,0
12554,569,2025-03-29 04:17:00,18.165,23.09,0
12555,300,2025-02-25 10:30:00,11.424,21.03,0
12556,440,2025-01-05 03:41:00,11.888,12.13,0
12557,605,2025-05-27 02:21:00,15.486,69.39,0
12558,700,2025-02-06 02:06:00,20.054,55.29,0
12559,86,2025-01-25 23:39:00,18.353,50.06,0
12560,396,2025-04-13 15:35:00,12.243,46.11,0
12561,682,2025-01-28 08:38:00,8.605,25.97,0
12562,444,2025-04-26 01:48:00,16.504,103.76,0
12563,23,2025-05-12 14:27:00,14.66,18.8,0
12564,100,2025-02-11 08:26:00,12.814,23.96,0
12565,654,2025-01-13 11:30:00,17.047,15.52,0
12566,338,2025-01-18 10:23:00,21.324,31.57,0
12567,563,2025-01-10 02:43:00,20.649,18.82,0
12568,714,2025-03-29 04:27:00,17.319,21.15,0
12569,70,2025-03-10 05:36:00,21.43,13.4,0
12570,364,2025-05-20 23:29:00,13.539,16.26,0
12571,117,2025-03-13 14:57:00,9.415,9.66,0
12572,673,2025-04-28 04:08:00,14.332,46.61,0
12573,361,2025-03-26 12:53:00,17.245,17.56,0
12574,701,2025-03-19 01:35:00,19.22,127.02,0
12575,239,2025-05-14 07:57:00,21.132,74.66,0
12576,116,2025-04-02 13:05:00,15.24,37.01,0
12577,693,2025-04-13 09:26:00,13.223,55.23,0
12578,490,2025-03-23 00:46:00,11.943,69.56,0
12579,154,2025-05-09 10:31:00,16.496,23.56,0
12580,555,2025-02-24 19:43:00,17.699,29.74,0
12581,333,2025-01-09 23:32:00,16.854,82.92,0
12582,37,2025-03-18 06:01:00,10.732,87.32,0
12583,208,2025-02-26 19:50:00,14.247,18.88,0
12584,600,2025-06-11 10:11:00,9.04,219.67,0
12585,101,2025-06-23 22:52:00,15.285,11.86,0
12586,270,2025-02-09 04:04:00,10.999,5.62,0
12587,207,2025-03-18 23:56:00,20.448,138.85,0
12588,586,2025-03-19 19:54:00,19.315,62.7,0
12589,687,2025-02-10 01:09:00,18.24,40.6,0
12590,630,2025-01-02 18:58:00,9.574,66.91,0
12591,572,2025-06-28 13:48:00,14.255,20.33,0
12592,71,2025-04-28 08:55:00,10.523,8.71,0
12593,731,2025-03-16 00:53:00,8.613,24.42,0
12594,129,2025-02-03 01:44:00,13.635,20.04,0
12595,324,2025-03-28 04:20:00,12.392,15.87,0
12596,662,2025-02-19 00:59:00,20.855,21.61,0
12597,192,2025-02-10 06:48:00,20.965,21.85,0
12598,173,2025-06-22 08:54:00,21.088,23.99,0
12599,21,2025-04-29 03:26:00,8.201,47.48,0
12600,286,2025-02-25 12:36:00,15.264,54.69,0
12601,396,2025-02-07 07:14:00,8.255,44.48,0
12602,373,2025-05-19 09:43:00,16.463,4.58,0
12603,31,2025-04-20 18:52:00,15.118,15.51,0
12604,163,2025-06-03 20:31:00,14.025,15.68,0
12605,3,2025-05-17 08:08:00,8.737,91.17,0
12606,179,2025-03-14 09:56:00,9.468,17.75,0
12607,483,2025-04-28 10:21:00,12.382,7.67,0
12608,6,2025-03-10 12:29:00,11.388,60.74,0
12609,131,2025-01-17 06:27:00,10.504,37.65,0
12610,435,2025-01-06 17:41:00,19.918,261.61,0
12611,447,2025-01-15 08:37:00,8.399,11.59,0
12612,716,2025-06-15 12:13:00,11.05,29.4,0
12613,458,2025-06-01 14:57:00,20.838,15.27,0
12614,740,2025-03-12 09:20:00,20.204,15.29,0
12615,579,2025-06-12 19:41:00,12.973,18.12,0
12616,440,2025-05-13 17:36:00,19.262,14.54,0
12617,306,2025-01-25 10:03:00,10.131,40.61,0
12618,89,2025-02-10 15:01:00,16.966,36.81,0
12619,564,2025-03-09 13:59:00,20.365,34.13,0
12620,750,2025-05-25 20:29:00,14.608,96.54,0
12621,292,2025-04-28 17:34:00,10.336,54.7,0
12622,284,2025-03-12 18:12:00,16.103,68.29,0
12623,78,2025-05-31 09:16:00,18.474,39.82,0
12624,478,2025-02-28 12:07:00,20.119,44.82,0
12625,247,2025-06-13 14:48:00,13.308,73.52,0
12626,8,2025-05-10 20:07:00,11.977,14.02,0
12627,6,2025-05-06 18:18:00,17.598,20.74,0
12628,268,2025-01-16 18:38:00,11.498,37.11,0
12629,369,2025-01-27 13:05:00,11.399,36.18,0
12630,365,2025-06-27 00:40:00,10.553,11.23,0
12631,592,2025-05-19 07:16:00,13.145,64.39,0
12632,422,2025-02-16 06:54:00,14.15,110.71,0
12633,627,2025-06-04 14:59:00,18.148,104.2,0
12634,237,2025-02-25 10:28:00,9.508,20.1,0
12635,185,2025-03-05 05:38:00,13.963,69.08,0
12636,431,2025-02-24 17:23:00,0.263,25.35,1
12637,84,2025-03-30 22:44:00,15.629,37.03,0
12638,611,2025-05-18 02:25:00,19.031,84.52,0
12639,148,2025-01-30 22:46:00,20.492,102.29,0
12640,732,2025-06-24 03:31:00,10.978,24.58,0
12641,786,2025-02-24 19:31:00,20.721,23.1,0
12642,429,2025-06-24 07:48:00,20.395,116.05,0
12643,249,2025-06-06 13:32:00,13.094,32.29,0
12644,270,2025-04-09 13:45:00,19.386,3.17,0
12645,343,2025-01-16 23:49:00,15.213,49.77,0
12646,383,2025-04-14 06:46:00,19.352,18.44,0
12647,60,2025-05-18 05:40:00,18.472,27.88,0
12648,158,2025-06-26 18:30:00,21.474,56.25,0
12649,631,2025-01-18 13:47:00,11.095,7.97,0
12650,42,2025-05-15 01:11:00,18.305,64.51,0
12651,358,2025-02-22 16:07:00,8.195,10.42,0
12652,700,2025-05-15 23:27:00,20.904,19.32,0
12653,69,2025-04-15 20:01:00,10.785,45.15,0
12654,740,2025-06-05 23:15:00,13.228,13.08,0
12655,378,2025-01-01 14:18:00,19.803,13.12,0
12656,338,2025-04-01 23:31:00,14.687,45.76,0
12657,570,2025-05-02 13:36:00,17.293,53.45,0
12658,621,2025-03-10 06:16:00,13.06,30.36,0
12659,378,2025-02-26 21:57:00,15.776,57.45,0
12660,66,2025-02-28 22:42:00,19.836,878.33,0
12661,774,2025-05-15 17:49:00,20.495,10.63,0
12662,7,2025-02-07 08:54:00,14.388,5.83,0
12663,697,2025-06-25 13:01:00,18.082,85.97,0
12664,347,2025-02-07 15:31:00,14.541,13.59,0
12665,411,2025-03-16 23:13:00,21.155,47.04,0
12666,612,2025-06-28 18:23:00,18.186,56.89,0
12667,752,2025-01-06 09:34:00,14.038,34.04,0
12668,120,2025-03-02 13:35:00,14.974,43.71,0
12669,649,2025-06-02 19:12:00,10.564,137.39,0
12670,528,2025-02-26 22:33:00,21.174,21.45,0
12671,294,2025-02-19 10:10:00,11.571,97.2,0
12672,340,2025-01-01 04:24:00,10.539,12.27,0
12673,617,2025-01-27 18:01:00,14.33,46.34,0
12674,112,2025-02-05 06:36:00,18.166,51.67,0
12675,404,2025-06-08 06:11:00,17.558,32.93,0
12676,577,2025-04-09 07:47:00,11.564,76.06,0
12677,431,2025-02-11 20:31:00,11.709,36.23,0
12678,358,2025-05-26 16:07:00,11.299,45.67,0
12679,416,2025-04-19 22:49:00,16.445,19.9,0
12680,409,2025-02-26 19:53:00,21.399,15.75,0
12681,642,2025-02-15 17:12:00,20.452,15.44,0
12682,656,2025-02-09 17:10:00,15.063,21.43,0
12683,734,2025-05-09 05:49:00,13.29,12.56,0
12684,57,2025-05-09 22:14:00,13.54,155.95,0
12685,255,2025-04-27 18:35:00,19.287,27.36,0
12686,701,2025-03-22 12:18:00,17.108,34.75,0
12687,513,2025-04-02 15:36:00,8.578,13.97,0
12688,301,2025-06-11 15:06:00,9.059,179.62,0
12689,502,2025-04-10 21:42:00,14.739,28.55,0
12690,370,2025-04-21 14:12:00,15.453,21.85,0
12691,709,2025-02-10 21:41:00,21.449,23.52,0
12692,446,2025-03-23 23:18:00,9.975,29.56,0
12693,357,2025-01-04 22:43:00,19.308,27.45,0
12694,498,2025-03-25 01:36:00,20.537,11.92,0
12695,152,2025-05-25 03:03:00,13.287,69.65,0
12696,616,2025-05-01 17:38:00,10.265,14.36,0
12697,162,2025-06-10 01:46:00,11.448,66.88,0
12698,18,2025-03-03 05:50:00,17.279,12.07,0
12699,41,2025-05-21 00:23:00,8.977,40.2,0
12700,52,2025-05-12 19:14:00,20.398,15.42,0
12701,80,2025-05-08 10:14:00,18.593,19.55,0
12702,40,2025-05-24 20:46:00,19.122,51.43,0
12703,240,2025-03-26 22:42:00,18.365,90.03,0
12704,768,2025-03-03 12:29:00,9.802,150.41,0
12705,82,2025-04-16 02:27:00,18.232,47.17,0
12706,540,2025-03-11 04:02:00,16.389,34.85,0
12707,696,2025-05-05 11:49:00,8.714,16.19,0
12708,647,2025-06-05 20:25:00,11.985,8.36,0
12709,289,2025-01-05 17:18:00,13.923,57.49,0
12710,42,2025-04-22 18:16:00,15.601,28.58,0
12711,294,2025-03-18 06:15:00,10.527,35.25,0
12712,481,2025-01-19 21:04:00,15.381,25.45,0
12713,606,2025-02-10 10:38:00,21.406,19.71,0
12714,113,2025-05-29 14:10:00,12.965,60.14,0
12715,241,2025-03-07 14:25:00,10.121,136.91,0
12716,481,2025-01-16 17:35:00,14.562,13.4,0
12717,572,2025-05-15 20:40:00,14.308,7.82,0
12718,248,2025-02-12 16:42:00,20.841,29.0,0
12719,657,2025-03-07 09:49:00,14.473,19.71,0
12720,641,2025-02-05 07:31:00,11.407,90.22,0
12721,288,2025-05-14 00:53:00,11.143,52.47,0
12722,428,2025-06-15 07:07:00,8.484,159.47,0
12723,382,2025-06-24 22:18:00,18.379,82.9,0
12724,535,2025-01-14 11:30:00,11.749,38.06,0
12725,257,2025-06-16 05:00:00,19.031,39.39,0
12726,263,2025-04-25 06:23:00,15.705,47.86,0
12727,338,2025-05-29 23:46:00,17.963,16.9,0
12728,172,2025-01-14 12:00:00,10.845,49.58,0
12729,464,2025-06-03 12:55:00,10.17,104.78,0
12730,766,2025-02-28 23:32:00,13.854,21.11,0
12731,279,2025-03-12 21:47:00,12.995,28.84,0
12732,688,2025-06-11 06:20:00,15.086,59.19,0
12733,371,2025-05-12 16:26:00,18.476,116.1,0
12734,132,2025-04-03 04:48:00,20.724,19.33,0
12735,396,2025-05-01 01:29:00,16.32,42.56,0
12736,399,2025-03-06 00:38:00,11.162,34.13,0
12737,19,2025-06-26 22:05:00,12.136,28.11,0
12738,383,2025-01-13 13:37:00,20.679,7.91,0
12739,130,2025-04-14 11:33:00,10.935,19.3,0
12740,635,2025-01-08 23:38:00,9.329,13.11,0
12741,433,2025-03-19 08:35:00,20.896,31.43,0
12742,243,2025-04-02 12:16:00,8.373,24.36,0
12743,2,2025-05-31 16:59:00,18.485,13.52,0
12744,456,2025-06-18 22:16:00,10.038,28.28,0
12745,563,2025-05-15 22:09:00,17.329,155.69,0
12746,339,2025-06-23 12:53:00,10.61,20.59,0
12747,724,2025-01-23 11:24:00,20.56,25.67,0
12748,157,2025-04-05 15:43:00,8.698,29.21,0
12749,603,2025-04-18 07:55:00,12.263,19.54,0
12750,396,2025-01-14 21:53:00,18.963,9.91,0
12751,251,2025-04-17 14:45:00,15.942,148.83,0
12752,230,2025-01-08 15:38:00,13.906,8.09,0
12753,359,2025-04-24 16:37:00,14.098,8.88,0
12754,64,2025-02-09 20:41:00,15.032,63.72,0
12755,520,2025-06-19 11:16:00,21.928,6.79,0
12756,327,2025-02-28 18:11:00,17.431,64.86,0
12757,544,2025-04-19 08:47:00,14.819,69.71,0
12758,412,2025-04-20 16:06:00,12.506,18.43,0
12759,781,2025-06-06 14:28:00,15.053,36.18,0
12760,66,2025-03-02 15:38:00,20.917,33.61,0
12761,394,2025-03-06 12:12:00,11.066,18.38,0
12762,429,2025-05-03 22:39:00,12.837,21.4,0
12763,199,2025-01-11 07:52:00,8.91,30.87,0
12764,537,2025-04-10 16:28:00,16.809,24.09,0
12765,289,2025-03-09 12:57:00,18.738,55.47,0
12766,610,2025-06-26 00:50:00,16.848,31.03,0
12767,737,2025-04-06 21:07:00,19.366,50.22,0
12768,682,2025-05-19 20:07:00,18.79,25.66,0
12769,506,2025-05-30 23:56:00,21.615,58.41,0
12770,574,2025-01-27 08:28:00,14.334,70.98,0
12771,691,2025-04-24 17:35:00,9.177,7.18,0
12772,784,2025-05-03 08:47:00,15.496,47.36,0
12773,579,2025-03-21 14:18:00,18.794,20.08,0
12774,730,2025-02-05 17:05:00,13.697,24.64,0
12775,772,2025-03-25 03:17:00,14.289,44.96,0
12776,140,2025-01-10 04:26:00,18.323,38.6,0
12777,400,2025-06-29 09:33:00,1.341,29.03,1
12778,285,2025-01-16 23:46:00,17.202,59.4,0
12779,759,2025-01-26 10:36:00,17.901,40.4,0
12780,595,2025-01-25 15:08:00,21.589,19.08,0
12781,708,2025-02-06 23:49:00,18.219,84.29,0
12782,279,2025-02-03 01:56:00,9.832,82.02,0
12783,674,2025-04-23 13:12:00,14.976,35.37,0
12784,64,2025-01-21 02:20:00,13.683,22.39,0
12785,751,2025-05-07 06:04:00,13.613,18.88,0
12786,183,2025-03-15 08:27:00,18.991,133.44,0
12787,420,2025-03-13 02:18:00,16.135,30.2,0
12788,573,2025-04-02 17:16:00,18.232,39.32,0
12789,594,2025-01-06 18:48:00,18.441,49.06,0
12790,169,2025-04-01 00:49:00,17.637,3.84,0
12791,444,2025-04-04 23:05:00,18.609,16.82,0
12792,424,2025-05-15 20:03:00,11.06,203.69,0
12793,244,2025-01-26 23:38:00,9.382,3.74,1
12794,256,2025-01-10 05:29:00,10.258,10.57,0
12795,611,2025-01-11 02:07:00,19.323,24.43,0
12796,493,2025-06-22 14:42:00,21.385,15.83,0
12797,606,2025-03-04 01:21:00,21.116,19.19,0
12798,700,2025-02-12 11:28:00,8.18,13.89,0
12799,342,2025-01-25 10:01:00,21.931,30.5,0
12800,345,2025-02-16 03:22:00,20.411,46.58,0
12801,637,2025-03-21 00:28:00,10.784,48.22,0
12802,625,2025-06-24 14:19:00,15.804,18.13,0
12803,701,2025-05-18 02:31:00,21.785,76.2,0
12804,440,2025-06-03 06:16:00,14.594,39.24,0
12805,509,2025-01-09 11:14:00,21.348,82.45,0
12806,47,2025-04-14 09:08:00,15.613,44.08,0
12807,363,2025-03-31 23:31:00,12.821,28.39,0
12808,197,2025-02-05 03:16:00,10.247,28.96,0
12809,682,2025-03-31 10:57:00,9.457,46.39,0
12810,97,2025-04-16 05:10:00,17.894,96.09,0
12811,622,2025-01-01 07:40:00,12.586,38.68,0
12812,669,2025-06-26 13:52:00,13.708,41.37,0
12813,375,2025-05-13 21:14:00,21.121,55.01,0
12814,534,2025-06-16 14:34:00,10.798,8.46,0
12815,463,2025-01-17 03:39:00,13.226,11.15,0
12816,551,2025-01-11 19:33:00,20.734,41.66,0
12817,548,2025-06-17 18:28:00,21.168,16.29,0
12818,202,2025-06-17 22:07:00,19.239,28.33,0
12819,550,2025-04-26 02:03:00,13.364,34.63,0
12820,721,2025-02-06 02:25:00,9.756,241.17,0
12821,248,2025-02-21 19:21:00,19.052,30.39,0
12822,245,2025-05-23 23:23:00,19.747,6.45,0
12823,234,2025-06-16 13:12:00,18.008,41.2,0
12824,729,2025-05-01 21:07:00,12.723,78.99,0
12825,709,2025-03-14 01:59:00,17.134,53.58,0
12826,278,2025-05-28 22:06:00,17.832,50.76,0
12827,749,2025-02-16 20:19:00,20.424,19.41,0
12828,609,2025-01-24 06:13:00,9.948,25.0,0
12829,321,2025-03-11 05:02:00,11.694,17.74,0
12830,660,2025-03-26 03:38:00,13.652,19.44,0
12831,730,2025-04-21 02:03:00,19.363,29.63,0
12832,694,2025-05-04 21:15:00,20.512,73.07,0
12833,376,2025-05-11 05:56:00,11.898,350.73,0
12834,173,2025-02-06 19:35:00,15.058,39.35,0
12835,133,2025-04-30 03:04:00,16.508,53.93,0
12836,661,2025-01-09 02:14:00,10.317,5.08,0
12837,586,2025-06-15 19:44:00,19.093,24.62,0
12838,567,2025-03-21 13:24:00,14.593,119.19,0
12839,36,2025-06-22 02:39:00,20.526,37.72,0
12840,772,2025-06-06 04:56:00,15.677,32.18,0
12841,91,2025-02-05 11:18:00,19.663,356.4,0
12842,464,2025-01-21 01:44:00,8.687,90.66,0
12843,752,2025-06-14 06:10:00,14.144,64.89,0
12844,193,2025-03-30 10:49:00,13.868,33.26,0
12845,414,2025-01-20 04:51:00,10.715,43.51,0
12846,672,2025-04-20 14:38:00,15.863,193.58,0
12847,213,2025-06-22 05:46:00,18.507,208.77,0
12848,81,2025-04-19 04:53:00,14.906,22.77,0
12849,384,2025-02-16 16:22:00,19.647,9.55,0
12850,636,2025-03-02 16:10:00,12.102,36.41,0
12851,462,2025-02-17 20:12:00,12.177,64.48,0
12852,354,2025-04-07 21:35:00,10.336,148.46,0
12853,511,2025-03-17 21:04:00,18.978,32.18,0
12854,41,2025-03-03 17:17:00,10.072,26.48,0
12855,278,2025-02-02 17:07:00,10.097,85.2,0
12856,702,2025-01-06 05:15:00,8.098,16.73,0
12857,309,2025-05-29 23:44:00,13.436,28.94,0
12858,772,2025-05-25 13:43:00,14.117,35.15,0
12859,439,2025-01-23 10:51:00,14.316,33.05,0
12860,747,2025-02-11 00:31:00,18.726,97.39,0
12861,501,2025-03-21 01:43:00,13.806,53.72,0
12862,335,2025-04-18 06:14:00,8.06,22.72,0
12863,737,2025-06-13 06:54:00,16.532,28.99,0
12864,215,2025-05-06 12:04:00,10.397,328.18,0
12865,313,2025-04-25 08:52:00,8.35,11.03,0
12866,577,2025-05-14 21:31:00,18.883,7.79,0
12867,699,2025-04-20 06:57:00,11.442,12.97,0
12868,154,2025-06-17 08:46:00,18.574,44.64,0
12869,794,2025-06-29 00:51:00,16.984,86.91,0
12870,344,2025-03-23 06:22:00,20.366,31.92,0
12871,271,2025-01-05 01:24:00,13.014,22.29,0
12872,102,2025-06-28 22:39:00,17.101,19.45,0
12873,21,2025-02-27 13:30:00,15.955,8.75,0
12874,445,2025-02-18 06:17:00,18.959,125.82,0
12875,483,2025-01-23 12:04:00,12.611,29.77,0
12876,75,2025-05-18 05:30:00,16.393,41.82,0
12877,722,2025-02-03 05:22:00,15.572,69.25,0
12878,435,2025-06-23 14:31:00,8.61,106.15,0
12879,42,2025-02-08 21:08:00,8.476,29.21,0
12880,673,2025-01-14 00:43:00,20.642,16.87,0
12881,157,2025-04-23 20:09:00,16.971,34.4,0
12882,538,2025-02-07 01:32:00,16.584,31.5,0
12883,540,2025-02-18 23:30:00,18.403,22.4,0
12884,648,2025-01-19 22:29:00,8.219,12.75,0
12885,647,2025-04-30 13:16:00,11.249,47.78,0
12886,788,2025-02-09 14:58:00,17.102,101.05,0
12887,69,2025-05-13 20:27:00,18.057,142.13,0
12888,291,2025-02-16 16:54:00,16.815,19.11,0
12889,290,2025-03-14 08:15:00,13.754,142.92,0
12890,300,2025-03-30 13:08:00,16.244,14.51,0
12891,190,2025-04-07 12:56:00,17.798,39.44,0
12892,187,2025-05-30 00:31:00,13.69,80.79,0
12893,771,2025-01-24 18:38:00,15.896,54.45,0
12894,719,2025-02-11 00:16:00,9.106,108.3,0
12895,545,2025-05-16 11:24:00,10.374,15.42,0
12896,443,2025-06-03 23:45:00,18.816,30.24,0
12897,380,2025-03-17 10:35:00,13.32,29.75,0
12898,545,2025-01-02 00:42:00,18.893,87.07,0
12899,689,2025-05-31 05:37:00,17.44,29.08,0
12900,341,2025-04-21 01:53:00,13.077,42.2,0
12901,430,2025-04-05 17:16:00,18.792,28.47,0
12902,729,2025-03-12 01:02:00,9.769,46.75,0
12903,729,2025-05-06 10:01:00,10.248,19.19,0
12904,183,2025-02-21 22:30:00,13.728,14.29,0
12905,191,2025-03-06 13:04:00,17.181,23.49,0
12906,163,2025-05-19 09:40:00,12.169,16.79,0
12907,21,2025-03-08 22:02:00,12.525,29.76,0
12908,555,2025-06-20 08:52:00,20.064,65.41,0
12909,342,2025-03-20 13:42:00,20.598,12.0,0
12910,25,2025-04-12 05:34:00,20.776,25.13,0
12911,163,2025-04-25 11:40:00,8.308,198.67,0
12912,425,2025-05-06 19:38:00,19.178,8.33,0
12913,668,2025-04-02 04:13:00,18.665,14.32,0
12914,530,2025-03-07 08:10:00,11.614,44.57,0
12915,426,2025-05-25 18:28:00,11.173,9.7,0
12916,149,2025-05-09 21:33:00,8.488,31.52,0
12917,230,2025-01-10 20:43:00,19.509,133.46,0
12918,625,2025-04-23 12:56:00,16.505,21.21,0
12919,618,2025-06-12 02:20:00,8.222,17.1,0
12920,694,2025-04-11 19:11:00,11.154,9.51,0
12921,421,2025-06-16 16:28:00,19.631,17.3,0
12922,218,2025-03-12 05:50:00,16.43,28.88,0
12923,402,2025-02-13 22:24:00,19.981,193.08,0
12924,716,2025-03-31 18:40:00,10.054,30.15,0
12925,144,2025-01-19 03:21:00,21.336,31.31,0
12926,677,2025-01-12 15:22:00,10.904,33.66,0
12927,796,2025-04-13 22:25:00,12.249,17.41,0
12928,655,2025-01-06 08:02:00,20.965,5.3,0
12929,527,2025-01-12 13:12:00,12.381,111.03,0
12930,327,2025-03-23 22:52:00,16.333,56.72,0
12931,683,2025-02-11 08:22:00,12.817,85.09,0
12932,128,2025-02-02 08:06:00,18.356,42.23,0
12933,607,2025-04-02 08:41:00,12.359,88.45,0
12934,321,2025-02-28 23:52:00,14.178,10.18,0
12935,402,2025-04-21 11:39:00,9.173,36.45,0
12936,370,2025-03-18 14:33:00,20.893,52.89,0
12937,7,2025-02-04 23:23:00,20.684,100.5,0
12938,789,2025-05-07 18:37:00,19.259,48.83,0
12939,533,2025-06-17 21:25:00,20.223,48.86,0
12940,480,2025-05-11 20:26:00,16.438,41.94,0
12941,80,2025-02-02 15:18:00,9.196,10.73,0
12942,623,2025-04-11 08:44:00,8.988,21.77,0
12943,769,2025-01-28 15:47:00,19.005,23.37,0
12944,651,2025-01-05 16:20:00,15.239,68.16,0
12945,199,2025-01-30 05:13:00,11.878,52.79,0
12946,145,2025-05-26 17:07:00,8.525,116.77,0
12947,293,2025-06-17 07:32:00,21.777,51.72,0
12948,18,2025-04-18 11:55:00,9.354,29.51,0
12949,441,2025-06-08 04:17:00,13.1,97.65,0
12950,366,2025-03-15 17:37:00,17.523,12.93,0
12951,402,2025-01-06 22:44:00,16.723,27.73,0
12952,791,2025-06-12 18:16:00,9.769,16.41,0
12953,524,2025-05-11 18:58:00,16.686,14.28,0
12954,333,2025-04-29 14:03:00,12.71,14.67,0
12955,626,2025-01-14 05:28:00,10.388,20.62,0
12956,295,2025-06-23 06:24:00,16.639,40.76,0
12957,606,2025-01-14 13:20:00,20.606,26.44,0
12958,746,2025-01-03 18:52:00,18.521,43.08,0
12959,726,2025-01-14 16:24:00,10.275,41.77,0
12960,415,2025-06-19 09:23:00,10.438,5.4,0
12961,375,2025-05-30 07:57:00,14.571,39.61,0
12962,318,2025-01-21 08:55:00,8.296,19.21,0
12963,427,2025-03-18 22:31:00,8.29,9.41,0
12964,748,2025-04-06 02:54:00,11.527,41.95,0
12965,699,2025-04-11 06:22:00,9.494,36.83,0
12966,485,2025-02-06 07:54:00,15.654,39.37,0
12967,225,2025-01-06 13:06:00,8.608,60.95,0
12968,301,2025-01-06 13:33:00,11.409,20.29,0
12969,196,2025-06-12 03:51:00,8.815,15.82,0
12970,149,2025-04-22 21:58:00,15.426,33.87,0
12971,7,2025-06-26 18:20:00,12.937,24.18,0
12972,619,2025-06-04 20:32:00,9.162,303.13,0
12973,590,2025-02-12 07:58:00,12.961,30.81,0
12974,143,2025-01-17 03:49:00,8.009,34.12,0
12975,550,2025-04-29 04:08:00,19.556,16.83,0
12976,132,2025-02-10 11:35:00,13.092,14.71,0
12977,221,2025-05-03 04:25:00,17.323,8.86,0
12978,206,2025-06-24 03:48:00,17.923,25.62,0
12979,103,2025-06-23 22:19:00,15.769,28.12,0
12980,583,2025-02-15 05:17:00,16.244,79.57,0
12981,34,2025-03-29 01:52:00,14.001,27.0,0
12982,324,2025-05-08 07:14:00,13.704,23.78,0
12983,390,2025-02-12 19:47:00,12.283,39.62,0
12984,461,2025-04-12 08:08:00,8.997,29.98,0
12985,154,2025-03-06 20:25:00,12.893,69.99,0
12986,377,2025-04-14 07:11:00,14.475,102.41,0
12987,634,2025-04-26 03:07:00,9.872,31.43,0
12988,299,2025-06-07 17:55:00,20.713,14.86,0
12989,760,2025-03-27 01:08:00,8.117,28.76,0
12990,343,2025-02-21 16:33:00,11.133,38.24,0
12991,621,2025-01-15 07:02:00,17.517,10.97,0
12992,91,2025-05-06 21:59:00,19.529,25.56,0
12993,681,2025-05-26 07:49:00,14.632,9.73,0
12994,383,2025-03-15 21:55:00,16.241,45.07,0
12995,792,2025-06-05 13:38:00,11.822,13.3,0
12996,560,2025-03-27 08:34:00,21.361,24.89,0
12997,592,2025-03-28 02:23:00,17.018,28.54,0
12998,118,2025-01-09 08:31:00,9.841,11.53,0
12999,453,2025-04-05 05:23:00,18.31,33.47,0
13000,590,2025-04-18 01:41:00,9.789,13.63,0
13001,648,2025-03-30 11:35:00,13.647,106.29,0
13002,301,2025-04-07 19:13:00,14.877,94.18,0
13003,451,2025-04-06 08:30:00,18.114,83.26,0
13004,138,2025-05-06 20:21:00,21.949,36.6,0
13005,346,2025-01-19 11:19:00,13.201,42.69,0
13006,380,2025-04-06 11:37:00,17.46,28.26,0
13007,26,2025-03-20 01:17:00,17.414,50.02,0
13008,733,2025-03-04 09:22:00,10.579,120.7,0
13009,514,2025-03-22 14:49:00,17.0,14.88,0
13010,146,2025-05-03 05:54:00,20.312,46.33,0
13011,718,2025-06-29 14:07:00,15.78,8.28,0
13012,553,2025-02-09 19:23:00,14.717,23.42,0
13013,554,2025-01-09 18:10:00,17.066,30.99,0
13014,746,2025-03-04 21:41:00,19.296,42.01,0
13015,323,2025-02-26 04:26:00,11.154,55.98,0
13016,284,2025-01-13 11:30:00,10.283,92.9,0
13017,493,2025-03-31 06:41:00,17.117,10.62,0
13018,710,2025-04-04 06:19:00,8.484,65.34,0
13019,650,2025-06-02 12:03:00,19.554,137.97,0
13020,629,2025-05-06 18:00:00,12.229,24.17,0
13021,611,2025-03-25 00:32:00,9.554,21.87,0
13022,27,2025-04-29 08:55:00,18.705,38.52,0
13023,392,2025-02-22 09:08:00,11.12,31.02,0
13024,284,2025-01-29 04:52:00,13.62,29.4,0
13025,289,2025-04-07 08:21:00,13.794,110.31,0
13026,684,2025-03-31 10:24:00,19.483,234.36,0
13027,317,2025-02-23 11:09:00,11.702,26.98,0
13028,669,2025-06-11 22:28:00,16.865,222.54,0
13029,726,2025-04-09 16:44:00,21.981,26.33,0
13030,364,2025-04-13 03:48:00,0.612,64.12,1
13031,135,2025-05-05 04:11:00,9.974,15.16,0
13032,558,2025-02-22 05:44:00,11.966,17.26,0
13033,690,2025-04-06 12:58:00,15.492,26.98,0
13034,324,2025-06-11 09:18:00,3.349,68.06,1
13035,156,2025-04-20 17:37:00,15.232,41.33,0
13036,416,2025-06-03 07:51:00,15.605,9.39,0
13037,784,2025-01-07 23:15:00,18.297,12.04,0
13038,413,2025-05-10 15:32:00,16.721,8.78,0
13039,358,2025-04-29 14:00:00,17.771,45.11,0
13040,351,2025-06-11 13:57:00,11.056,39.37,0
13041,586,2025-06-24 12:59:00,13.925,38.77,0
13042,272,2025-01-26 01:16:00,19.552,38.44,0
13043,583,2025-03-30 11:54:00,18.531,19.07,0
13044,789,2025-06-17 20:40:00,10.549,40.05,0
13045,618,2025-05-25 11:41:00,8.896,110.11,0
13046,742,2025-01-19 05:18:00,17.144,55.14,0
13047,631,2025-04-09 19:16:00,14.217,13.72,0
13048,674,2025-03-04 17:26:00,13.747,26.76,0
13049,31,2025-05-07 17:16:00,8.35,21.16,0
13050,282,2025-04-03 06:56:00,13.343,70.82,0
13051,218,2025-02-25 18:49:00,10.502,15.01,0
13052,690,2025-03-17 02:38:00,8.481,40.45,0
13053,183,2025-06-24 00:51:00,13.585,26.58,0
13054,774,2025-03-07 20:03:00,19.547,18.77,0
13055,558,2025-02-08 17:25:00,20.479,41.29,0
13056,99,2025-01-21 05:43:00,11.335,29.3,0
13057,546,2025-01-29 15:18:00,11.85,63.45,0
13058,274,2025-01-10 13:53:00,9.38,23.67,0
13059,237,2025-01-09 04:39:00,20.73,13.58,0
13060,795,2025-04-06 23:57:00,8.913,29.65,0
13061,634,2025-04-08 09:56:00,21.122,42.75,0
13062,610,2025-05-24 05:18:00,16.98,57.03,0
13063,249,2025-04-22 09:39:00,19.011,30.15,0
13064,530,2025-02-04 11:10:00,11.08,68.7,0
13065,406,2025-04-27 21:56:00,16.505,11.97,1
13066,482,2025-03-21 19:46:00,9.523,76.64,0
13067,319,2025-02-01 00:02:00,17.221,55.18,0
13068,487,2025-04-28 00:34:00,16.405,24.55,0
13069,595,2025-04-28 06:12:00,19.535,80.95,0
13070,252,2025-03-18 03:32:00,17.029,44.89,0
13071,9,2025-01-30 17:15:00,21.601,97.24,0
13072,77,2025-01-06 07:59:00,14.865,18.8,0
13073,725,2025-05-16 21:34:00,15.727,20.27,0
13074,780,2025-01-29 00:55:00,9.062,54.33,1
13075,553,2025-02-19 13:03:00,9.515,36.94,0
13076,85,2025-05-02 14:15:00,10.429,11.06,0
13077,469,2025-03-17 23:14:00,9.658,156.24,0
13078,345,2025-05-28 18:28:00,9.922,142.14,0
13079,189,2025-03-08 02:25:00,11.647,40.79,0
13080,303,2025-06-10 13:46:00,11.898,20.2,0
13081,628,2025-03-08 04:33:00,17.738,20.57,0
13082,797,2025-01-15 20:48:00,14.81,47.69,0
13083,698,2025-05-10 18:28:00,20.979,110.45,0
13084,163,2025-04-29 19:33:00,12.801,290.48,0
13085,401,2025-06-29 14:22:00,8.888,27.5,0
13086,422,2025-01-18 20:42:00,19.819,26.33,0
13087,233,2025-04-05 22:03:00,19.797,30.66,0
13088,348,2025-05-08 17:48:00,13.086,48.53,0
13089,304,2025-03-14 04:29:00,8.986,17.67,0
13090,55,2025-02-17 04:49:00,20.332,11.77,0
13091,333,2025-02-22 20:46:00,21.07,29.05,0
13092,291,2025-01-02 22:11:00,21.96,44.85,0
13093,244,2025-04-23 09:44:00,13.475,137.93,0
13094,491,2025-05-21 02:23:00,9.78,14.76,0
13095,569,2025-03-23 05:06:00,13.289,86.39,0
13096,37,2025-01-08 01:46:00,16.198,32.25,0
13097,273,2025-05-20 02:39:00,8.606,28.79,0
13098,24,2025-06-13 11:43:00,11.839,10.11,0
13099,656,2025-04-20 04:53:00,21.187,47.89,0
13100,741,2025-01-16 16:11:00,8.619,43.61,0
13101,370,2025-03-16 03:30:00,10.113,214.77,0
13102,756,2025-04-13 10:13:00,16.134,28.47,0
13103,503,2025-06-21 13:00:00,21.408,121.29,0
13104,695,2025-03-31 20:15:00,21.164,27.43,0
13105,758,2025-01-03 00:39:00,11.605,26.63,0
13106,469,2025-05-07 18:44:00,16.593,9.12,0
13107,356,2025-05-05 02:35:00,21.51,87.81,0
13108,593,2025-02-12 09:10:00,16.816,39.08,0
13109,136,2025-03-15 22:37:00,11.102,34.86,0
13110,237,2025-01-08 17:27:00,17.711,27.75,0
13111,439,2025-01-22 21:24:00,15.157,42.26,0
13112,161,2025-02-25 23:44:00,14.913,19.81,0
13113,397,2025-01-17 16:26:00,14.837,50.15,0
13114,684,2025-02-19 16:33:00,9.575,16.31,0
13115,626,2025-04-27 21:03:00,19.052,31.44,0
13116,713,2025-03-10 21:18:00,12.857,52.1,0
13117,688,2025-01-27 14:22:00,10.587,107.93,0
13118,265,2025-04-23 09:28:00,14.172,41.4,0
13119,570,2025-06-04 02:14:00,17.003,98.76,0
13120,297,2025-04-17 06:48:00,15.748,34.65,0
13121,777,2025-02-25 23:12:00,19.467,16.56,0
13122,141,2025-05-26 04:44:00,19.806,185.05,0
13123,215,2025-03-03 21:24:00,16.688,31.91,0
13124,753,2025-01-03 17:39:00,15.724,74.65,0
13125,191,2025-04-29 19:44:00,15.934,21.3,0
13126,495,2025-05-10 08:35:00,13.503,53.09,0
13127,233,2025-02-09 15:06:00,14.57,46.11,0
13128,227,2025-03-09 20:27:00,15.374,34.99,0
13129,536,2025-01-02 06:24:00,19.212,177.43,0
13130,635,2025-03-26 14:20:00,18.442,49.32,0
13131,186,2025-03-22 05:58:00,10.738,26.01,0
13132,786,2025-02-16 11:06:00,21.69,123.29,0
13133,70,2025-04-06 00:26:00,21.515,8.22,0
13134,80,2025-05-03 05:01:00,11.909,10.9,0
13135,782,2025-03-22 06:16:00,21.984,70.77,0
13136,44,2025-05-24 05:18:00,15.352,41.96,0
13137,251,2025-03-24 10:31:00,11.174,22.61,0
13138,96,2025-03-15 16:11:00,18.087,47.9,0
13139,177,2025-04-30 19:59:00,8.671,82.14,0
13140,59,2025-01-31 20:06:00,17.627,15.03,0
13141,768,2025-06-02 05:22:00,19.69,32.63,1
13142,236,2025-04-19 21:26:00,12.908,36.09,0
13143,126,2025-03-07 18:59:00,12.685,44.72,0
13144,574,2025-02-12 04:56:00,11.814,58.6,0
13145,28,2025-05-23 05:12:00,13.705,7.25,0
13146,379,2025-01-03 12:07:00,16.028,53.75,0
13147,244,2025-01-12 06:47:00,18.669,7.6,0
13148,520,2025-04-20 09:12:00,20.413,33.98,0
13149,270,2025-03-28 10:43:00,15.68,15.05,0
13150,378,2025-01-31 22:19:00,14.65,40.96,0
13151,648,2025-03-09 16:58:00,13.246,59.61,0
13152,115,2025-05-21 22:06:00,16.335,36.64,0
13153,348,2025-03-25 20:51:00,10.028,20.76,0
13154,449,2025-04-06 01:29:00,14.537,12.21,0
13155,589,2025-01-17 11:11:00,15.123,33.98,0
13156,429,2025-05-10 19:23:00,16.81,25.27,0
13157,588,2025-01-25 23:44:00,8.959,45.81,0
13158,636,2025-02-12 00:38:00,14.016,24.8,0
13159,631,2025-02-22 19:50:00,18.665,107.45,0
13160,492,2025-03-19 13:36:00,18.977,36.33,0
13161,734,2025-02-19 05:39:00,15.605,73.03,0
13162,18,2025-05-27 20:02:00,20.206,23.48,0
13163,398,2025-03-11 07:37:00,18.567,63.02,0
13164,641,2025-01-07 09:43:00,19.162,57.66,0
13165,83,2025-03-24 07:21:00,19.102,20.3,0
13166,654,2025-01-23 04:32:00,18.2,10.56,0
13167,30,2025-02-09 19:27:00,19.987,96.54,0
13168,629,2025-04-17 10:31:00,9.356,25.01,0
13169,149,2025-04-22 11:01:00,15.053,20.87,0
13170,534,2025-04-30 23:38:00,19.556,27.52,0
13171,663,2025-03-09 15:32:00,9.53,16.41,0
13172,651,2025-05-31 19:35:00,10.173,57.94,0
13173,459,2025-01-11 19:47:00,13.623,34.75,0
13174,726,2025-03-10 05:54:00,15.897,36.5,0
13175,112,2025-02-13 20:46:00,18.135,87.01,0
13176,189,2025-01-08 10:48:00,15.852,37.91,0
13177,106,2025-04-11 19:50:00,11.033,123.45,0
13178,575,2025-01-11 05:25:00,19.871,34.45,0
13179,713,2025-04-20 05:42:00,11.71,10.49,0
13180,744,2025-06-03 20:56:00,20.012,17.22,0
13181,416,2025-05-24 22:32:00,14.931,19.56,0
13182,105,2025-05-03 14:51:00,8.567,38.3,0
13183,137,2025-02-14 04:28:00,14.714,118.28,0
13184,501,2025-04-28 15:14:00,17.157,40.7,0
13185,717,2025-04-12 04:46:00,20.319,29.15,0
13186,790,2025-03-30 22:58:00,16.15,27.46,0
13187,576,2025-03-27 16:46:00,21.88,54.15,0
13188,704,2025-01-26 12:28:00,13.33,48.8,0
13189,382,2025-06-02 17:35:00,11.44,66.25,0
13190,156,2025-05-31 13:33:00,14.207,19.93,0
13191,372,2025-05-12 09:33:00,17.218,211.88,0
13192,79,2025-04-09 14:07:00,9.33,26.57,0
13193,538,2025-01-24 18:10:00,9.26,21.05,0
13194,263,2025-04-25 05:17:00,16.74,91.02,0
13195,270,2025-06-22 13:54:00,13.374,72.05,0
13196,2,2025-01-24 20:46:00,18.965,20.91,0
13197,799,2025-03-05 22:31:00,11.692,60.2,0
13198,341,2025-06-13 01:09:00,14.068,364.13,1
13199,627,2025-06-21 19:50:00,15.21,48.93,0
13200,415,2025-03-22 05:32:00,21.193,42.23,0
13201,512,2025-02-21 08:09:00,0.665,268.26,1
13202,374,2025-02-21 15:12:00,11.038,106.44,0
13203,549,2025-03-26 09:48:00,9.288,82.16,0
13204,159,2025-02-27 12:17:00,21.878,64.57,0
13205,796,2025-04-10 02:00:00,9.851,12.84,0
13206,342,2025-01-15 08:16:00,19.525,40.58,0
13207,8,2025-01-12 10:42:00,15.281,24.64,0
13208,762,2025-01-01 20:36:00,18.954,33.59,0
13209,18,2025-05-09 19:40:00,12.224,37.49,0
13210,377,2025-06-16 05:59:00,14.656,8.88,0
13211,628,2025-01-19 20:20:00,21.69,27.89,0
13212,296,2025-06-14 16:12:00,9.333,38.74,0
13213,167,2025-01-30 13:10:00,16.689,73.38,0
13214,192,2025-01-09 16:08:00,21.417,18.7,0
13215,548,2025-02-22 05:50:00,9.773,18.6,0
13216,459,2025-02-22 15:54:00,19.761,17.64,0
13217,402,2025-06-22 22:25:00,11.866,27.14,0
13218,411,2025-01-21 06:02:00,10.809,14.2,0
13219,254,2025-06-25 03:51:00,10.331,101.18,0
13220,748,2025-06-05 03:11:00,18.299,65.11,0
13221,185,2025-03-30 01:50:00,8.501,307.17,0
13222,670,2025-05-02 03:23:00,13.887,22.88,0
13223,621,2025-04-06 23:56:00,17.757,69.67,0
13224,5,2025-06-13 19:20:00,9.955,13.26,0
13225,136,2025-02-08 03:09:00,11.137,113.41,0
13226,441,2025-06-22 00:21:00,10.135,29.48,0
13227,126,2025-03-17 05:56:00,8.365,32.72,0
13228,682,2025-06-17 18:31:00,14.391,97.1,0
13229,353,2025-06-27 04:41:00,14.955,92.48,0
13230,669,2025-06-02 15:28:00,21.24,15.98,0
13231,95,2025-05-23 08:13:00,18.193,32.15,0
13232,19,2025-03-20 06:06:00,21.582,109.43,0
13233,513,2025-05-06 12:45:00,18.597,26.08,0
13234,641,2025-02-14 01:12:00,21.703,44.71,0
13235,793,2025-02-20 02:45:00,11.475,53.83,0
13236,630,2025-05-14 11:03:00,10.346,108.04,0
13237,598,2025-05-18 08:24:00,13.478,59.71,0
13238,46,2025-02-17 01:36:00,14.885,28.81,0
13239,482,2025-06-23 23:30:00,19.545,7.28,0
13240,570,2025-05-03 18:40:00,15.58,61.45,0
13241,315,2025-06-27 19:57:00,21.335,40.17,0
13242,799,2025-03-28 04:29:00,12.039,144.9,0
13243,790,2025-04-18 23:06:00,16.105,55.48,0
13244,684,2025-04-28 10:00:00,17.123,22.24,0
13245,703,2025-01-29 22:21:00,10.182,12.91,0
13246,454,2025-02-20 07:50:00,18.997,30.49,0
13247,656,2025-06-23 12:46:00,16.952,46.79,0
13248,56,2025-05-02 06:45:00,10.687,38.06,0
13249,184,2025-04-08 10:45:00,13.789,12.75,0
13250,531,2025-01-01 11:51:00,16.971,3.77,0
13251,98,2025-01-07 21:37:00,18.268,472.62,1
13252,650,2025-04-11 04:27:00,13.843,4.97,0
13253,142,2025-01-15 16:04:00,18.115,15.96,0
13254,279,2025-01-26 14:41:00,11.649,42.46,0
13255,206,2025-04-14 21:45:00,12.27,2202.32,1
13256,432,2025-06-22 23:02:00,8.165,4.94,0
13257,65,2025-05-31 08:28:00,14.826,15.41,0
13258,649,2025-03-25 18:54:00,10.637,48.02,0
13259,710,2025-06-19 11:22:00,16.429,24.41,0
13260,597,2025-04-20 01:41:00,21.519,39.86,0
13261,148,2025-06-19 23:57:00,21.995,47.33,0
13262,232,2025-02-12 18:50:00,13.242,25.18,0
13263,181,2025-04-15 03:36:00,18.271,91.75,0
13264,481,2025-06-16 00:57:00,21.45,244.33,0
13265,710,2025-06-26 15:41:00,15.328,14.9,0
13266,703,2025-06-04 19:25:00,12.675,73.47,0
13267,766,2025-01-27 22:15:00,10.181,188.97,0
13268,551,2025-04-22 09:42:00,10.465,111.39,0
13269,177,2025-01-18 00:57:00,19.957,20.17,0
13270,318,2025-03-10 21:26:00,11.626,26.92,0
13271,235,2025-01-06 10:48:00,11.789,8.75,0
13272,50,2025-05-17 16:28:00,18.453,22.18,0
13273,640,2025-05-20 08:15:00,19.715,22.73,0
13274,462,2025-01-17 15:23:00,10.918,50.47,0
13275,776,2025-06-14 23:41:00,17.641,14.1,0
13276,672,2025-06-01 02:05:00,14.252,37.08,0
13277,519,2025-06-01 04:04:00,11.874,41.35,0
13278,34,2025-03-22 12:09:00,15.283,24.11,0
13279,354,2025-06-19 03:13:00,18.885,68.44,0
13280,379,2025-06-26 23:01:00,9.393,24.38,0
13281,539,2025-04-09 15:39:00,1.485,45.41,1
13282,453,2025-03-10 03:10:00,20.764,12.38,0
13283,624,2025-05-18 08:20:00,21.488,18.78,0
13284,17,2025-01-08 22:41:00,15.4,75.46,0
13285,90,2025-03-02 14:35:00,10.011,9.19,0
13286,762,2025-01-01 18:56:00,9.1,63.91,0
13287,348,2025-05-18 23:37:00,10.184,26.93,0
13288,658,2025-01-08 17:46:00,11.957,6.89,0
13289,685,2025-05-16 13:09:00,17.574,24.52,0
13290,96,2025-04-12 19:37:00,9.543,62.97,0
13291,564,2025-03-20 09:48:00,9.917,221.59,0
13292,139,2025-04-24 13:49:00,17.982,155.69,0
13293,123,2025-01-08 21:04:00,11.604,16.63,0
13294,195,2025-05-27 00:00:00,1.4,66.33,1
13295,604,2025-02-17 22:15:00,16.157,24.46,0
13296,74,2025-06-01 15:39:00,9.103,21.46,0
13297,533,2025-06-09 07:59:00,16.807,78.27,0
13298,305,2025-04-10 03:17:00,8.269,41.98,0
13299,211,2025-04-16 16:59:00,11.262,42.1,0
13300,191,2025-06-16 05:35:00,14.307,9.15,0
13301,275,2025-03-14 22:00:00,16.833,16.16,0
13302,279,2025-03-13 13:41:00,10.854,17.03,0
13303,251,2025-06-20 12:44:00,20.309,52.75,0
13304,414,2025-03-14 16:49:00,20.866,62.86,0
13305,794,2025-03-07 23:01:00,14.73,140.29,0
13306,361,2025-01-02 01:37:00,11.814,16.49,0
13307,146,2025-03-01 01:19:00,9.547,142.98,0
13308,489,2025-02-14 22:34:00,21.142,28.42,0
13309,663,2025-05-19 16:32:00,9.87,37.28,0
13310,479,2025-04-01 00:53:00,12.182,31.88,0
13311,424,2025-03-05 22:54:00,12.605,42.87,0
13312,535,2025-06-18 02:06:00,11.757,1109.66,1
13313,704,2025-03-22 07:43:00,8.029,80.27,0
13314,61,2025-03-16 20:20:00,10.899,28.78,0
13315,785,2025-05-11 01:01:00,18.479,37.58,0
13316,714,2025-02-17 00:17:00,10.876,16.89,0
13317,768,2025-03-19 10:07:00,18.697,60.2,0
13318,398,2025-05-08 02:02:00,13.822,43.3,0
13319,683,2025-02-28 00:17:00,9.134,18.8,0
13320,65,2025-03-19 06:46:00,19.578,12.94,0
13321,330,2025-01-03 18:28:00,16.892,39.8,0
13322,703,2025-05-23 22:52:00,16.57,99.54,0
13323,217,2025-06-04 21:39:00,10.103,124.5,0
13324,610,2025-05-01 07:25:00,16.727,12.43,0
13325,255,2025-04-05 19:21:00,19.152,73.92,0
13326,471,2025-06-10 19:54:00,21.949,66.24,0
13327,522,2025-06-03 05:45:00,17.392,105.98,0
13328,702,2025-03-26 09:37:00,14.05,51.2,0
13329,273,2025-04-22 05:04:00,19.464,26.79,0
13330,629,2025-06-18 23:00:00,8.705,65.63,0
13331,347,2025-02-06 02:52:00,13.87,4.45,0
13332,314,2025-05-21 01:58:00,18.251,15.83,0
13333,63,2025-03-07 08:51:00,13.032,17.46,0
13334,61,2025-01-17 17:11:00,8.825,20.43,0
13335,616,2025-03-17 02:33:00,9.553,10.37,0
13336,83,2025-04-04 06:31:00,10.341,22.28,0
13337,89,2025-05-14 03:36:00,19.638,22.48,0
13338,148,2025-01-28 07:21:00,18.092,28.35,0
13339,269,2025-04-09 16:06:00,18.694,43.92,0
13340,130,2025-04-30 01:09:00,20.731,12.86,0
13341,472,2025-04-25 13:41:00,12.236,24.36,0
13342,657,2025-05-30 20:14:00,18.403,32.53,0
13343,424,2025-05-16 13:18:00,13.104,7.94,0
13344,532,2025-03-25 18:04:00,19.0,33.0,0
13345,714,2025-02-19 07:04:00,17.743,42.37,0
13346,715,2025-06-08 12:12:00,21.857,64.19,0
13347,526,2025-06-08 18:12:00,18.599,12.18,0
13348,54,2025-01-24 08:31:00,8.083,31.0,0
13349,631,2025-03-23 14:09:00,17.797,94.36,0
13350,606,2025-05-16 08:31:00,9.423,8.73,0
13351,242,2025-04-30 00:02:00,15.645,34.81,0
13352,129,2025-06-07 11:36:00,10.203,10.35,0
13353,105,2025-02-09 06:38:00,14.926,24.82,0
13354,221,2025-06-19 10:33:00,19.097,18.38,0
13355,594,2025-02-12 00:10:00,12.048,47.22,0
13356,756,2025-01-18 06:04:00,10.138,27.64,0
13357,122,2025-05-13 07:09:00,12.403,12.6,0
13358,331,2025-06-17 00:55:00,10.431,118.38,0
13359,667,2025-03-05 01:45:00,10.57,40.36,0
13360,68,2025-01-29 18:24:00,17.761,77.08,0
13361,754,2025-06-07 16:08:00,17.861,14.57,0
13362,14,2025-01-18 03:03:00,15.408,25.55,0
13363,226,2025-04-30 15:42:00,11.531,77.84,0
13364,25,2025-01-23 19:18:00,15.415,19.21,0
13365,608,2025-04-30 18:39:00,21.28,34.86,0
13366,341,2025-01-21 12:07:00,13.372,33.21,0
13367,349,2025-03-10 10:45:00,13.93,5.29,0
13368,437,2025-03-25 16:18:00,14.92,33.13,0
13369,239,2025-06-12 11:32:00,10.498,25.03,0
13370,605,2025-05-08 23:43:00,11.426,30.65,0
13371,344,2025-06-20 00:50:00,17.673,19.68,0
13372,636,2025-04-08 04:41:00,10.262,12.48,0
13373,517,2025-02-16 10:17:00,16.463,18.26,0
13374,539,2025-03-18 10:16:00,13.402,22.96,0
13375,790,2025-04-03 14:54:00,12.288,56.88,0
13376,405,2025-04-12 11:53:00,15.697,22.36,0
13377,240,2025-06-13 05:56:00,11.16,38.22,0
13378,582,2025-06-11 11:06:00,12.335,41.11,0
13379,564,2025-01-19 05:31:00,15.344,22.71,0
13380,386,2025-05-23 22:21:00,17.202,76.13,0
13381,267,2025-02-23 13:32:00,19.709,25.93,0
13382,744,2025-04-16 18:29:00,19.545,22.34,0
13383,201,2025-06-21 19:07:00,14.968,84.71,0
13384,63,2025-06-08 19:53:00,9.039,39.05,0
13385,505,2025-03-29 07:05:00,10.633,5.17,0
13386,65,2025-01-09 05:55:00,8.007,4.17,0
13387,609,2025-06-21 06:38:00,10.598,125.22,0
13388,673,2025-06-13 08:09:00,8.43,37.4,0
13389,573,2025-03-10 10:19:00,18.006,30.45,0
13390,188,2025-01-25 17:19:00,15.646,5.93,0
13391,754,2025-04-05 22:47:00,8.5,31.14,0
13392,70,2025-05-25 07:15:00,16.647,15.05,0
13393,85,2025-03-23 17:48:00,19.398,27.19,0
13394,243,2025-01-04 18:51:00,8.399,19.54,0
13395,432,2025-03-24 07:09:00,9.779,27.76,0
13396,568,2025-04-03 16:05:00,14.597,40.86,0
13397,232,2025-06-15 04:31:00,8.592,47.16,0
13398,732,2025-05-26 08:52:00,8.298,33.22,0
13399,653,2025-05-06 00:51:00,16.154,38.12,0
13400,184,2025-03-14 20:00:00,15.876,8.4,0
13401,49,2025-06-20 05:33:00,19.293,32.73,0
13402,561,2025-02-11 16:26:00,9.091,41.3,0
13403,140,2025-03-01 07:34:00,20.561,32.85,0
13404,225,2025-06-02 07:47:00,8.261,114.9,0
13405,617,2025-06-28 21:37:00,12.219,28.33,0
13406,151,2025-05-27 15:34:00,8.681,12.13,0
13407,283,2025-05-08 09:06:00,11.42,34.99,0
13408,741,2025-06-18 19:00:00,19.412,22.11,0
13409,545,2025-01-24 15:15:00,9.752,8.81,0
13410,496,2025-05-01 10:38:00,10.826,27.43,0
13411,798,2025-03-16 07:54:00,16.559,113.98,0
13412,616,2025-04-18 15:37:00,8.303,26.06,0
13413,367,2025-02-14 18:14:00,16.434,83.26,0
13414,531,2025-03-29 23:59:00,20.521,62.14,0
13415,426,2025-02-12 09:11:00,8.974,232.49,0
13416,290,2025-04-26 19:51:00,8.083,50.32,0
13417,780,2025-06-17 07:40:00,13.683,37.21,0
13418,474,2025-01-11 14:00:00,19.887,37.59,0
13419,597,2025-06-22 18:58:00,21.093,43.73,0
13420,327,2025-04-29 16:12:00,19.216,28.43,0
13421,157,2025-01-03 13:12:00,17.091,23.3,0
13422,97,2025-04-15 05:50:00,13.972,50.61,0
13423,643,2025-01-25 20:19:00,19.046,21.1,0
13424,416,2025-05-25 11:19:00,18.594,7.86,0
13425,412,2025-02-20 00:17:00,10.571,12.27,0
13426,96,2025-01-11 08:15:00,18.021,130.69,0
13427,629,2025-06-02 14:13:00,19.096,27.12,0
13428,210,2025-04-07 14:15:00,20.612,64.72,0
13429,478,2025-04-20 23:58:00,18.215,20.03,0
13430,280,2025-05-30 16:31:00,18.253,71.29,0
13431,181,2025-04-12 18:38:00,20.623,48.29,0
13432,130,2025-05-24 08:13:00,10.72,172.12,0
13433,651,2025-04-18 16:32:00,15.7,100.35,0
13434,75,2025-01-06 00:13:00,20.509,63.05,0
13435,1,2025-06-21 02:32:00,16.843,21.85,0
13436,245,2025-06-22 16:48:00,21.039,13.66,0
13437,710,2025-02-19 15:24:00,8.706,31.28,0
13438,561,2025-04-28 02:10:00,10.995,35.54,0
13439,654,2025-01-23 04:45:00,11.099,25.23,0
13440,163,2025-02-21 06:44:00,9.099,61.53,0
13441,776,2025-04-20 09:45:00,16.718,37.24,0
13442,94,2025-03-04 14:47:00,13.62,34.93,0
13443,28,2025-06-24 09:30:00,11.395,118.47,0
13444,381,2025-01-15 02:53:00,18.188,38.06,0
13445,350,2025-05-08 19:13:00,17.466,11.84,0
13446,232,2025-04-21 07:13:00,8.549,79.4,0
13447,135,2025-06-10 13:56:00,14.153,41.39,0
13448,256,2025-05-26 15:10:00,18.083,28.14,0
13449,299,2025-06-11 07:32:00,9.447,16.29,0
13450,481,2025-05-23 21:24:00,19.129,96.0,0
13451,287,2025-02-09 11:11:00,16.625,135.31,0
13452,195,2025-03-18 10:42:00,18.054,20.44,0
13453,478,2025-05-04 09:47:00,11.506,44.41,0
13454,466,2025-06-29 19:41:00,18.468,49.73,0
13455,349,2025-06-05 04:47:00,10.432,8.68,0
13456,88,2025-04-27 22:27:00,20.045,33.8,0
13457,772,2025-01-19 05:47:00,10.884,8.69,0
13458,415,2025-03-17 18:00:00,11.755,34.49,0
13459,222,2025-04-28 06:23:00,17.392,213.95,0
13460,580,2025-05-19 22:01:00,12.67,10.98,0
13461,335,2025-02-18 23:03:00,12.327,157.02,0
13462,131,2025-03-26 02:53:00,8.876,144.96,0
13463,560,2025-05-28 21:36:00,19.481,34.84,0
13464,74,2025-05-31 02:09:00,14.431,52.85,0
13465,221,2025-02-10 04:15:00,13.503,27.9,0
13466,530,2025-02-15 16:01:00,11.438,24.47,0
13467,579,2025-03-09 05:10:00,15.773,41.18,0
13468,792,2025-04-26 21:18:00,15.834,18.83,0
13469,566,2025-05-02 19:31:00,8.033,51.1,0
13470,185,2025-05-17 15:46:00,9.198,36.18,0
13471,569,2025-04-11 01:10:00,16.581,14.9,0
13472,601,2025-06-15 04:47:00,11.976,61.74,0
13473,540,2025-01-22 14:17:00,21.773,63.05,0
13474,596,2025-04-05 10:44:00,11.48,85.95,0
13475,653,2025-02-10 13:16:00,10.129,23.85,0
13476,454,2025-04-08 00:27:00,8.625,79.72,0
13477,795,2025-06-09 10:49:00,17.611,198.09,0
13478,515,2025-06-09 08:17:00,12.069,35.84,0
13479,44,2025-06-27 23:31:00,11.836,38.49,0
13480,138,2025-03-30 03:33:00,9.546,60.24,0
13481,397,2025-05-05 21:57:00,8.735,6.19,0
13482,348,2025-03-27 20:00:00,11.225,11.73,0
13483,650,2025-01-02 18:11:00,13.553,22.53,0
13484,538,2025-02-21 00:11:00,17.269,26.64,0
13485,0,2025-05-14 19:29:00,9.417,38.29,0
13486,364,2025-01-10 16:52:00,13.126,43.34,0
13487,436,2025-04-26 17:00:00,21.894,11.67,0
13488,784,2025-03-24 12:51:00,17.536,87.98,0
13489,527,2025-03-16 03:03:00,21.989,45.69,0
13490,144,2025-05-13 09:43:00,9.112,36.72,0
13491,153,2025-02-11 01:09:00,13.668,51.82,0
13492,252,2025-02-16 14:54:00,11.223,21.39,0
13493,320,2025-01-30 19:48:00,21.182,28.92,0
13494,86,2025-01-20 12:30:00,20.674,14.72,0
13495,631,2025-01-16 00:52:00,15.966,6.0,0
13496,54,2025-01-19 17:00:00,12.3,28.97,0
13497,53,2025-04-26 01:38:00,15.628,139.08,0
13498,101,2025-02-23 23:41:00,20.196,22.21,0
13499,107,2025-03-02 17:01:00,16.034,10.07,0
13500,451,2025-05-16 13:00:00,18.714,54.99,0
13501,654,2025-04-04 05:49:00,17.629,23.86,0
13502,754,2025-01-14 21:48:00,9.365,49.66,0
13503,647,2025-04-05 12:54:00,18.61,59.38,0
13504,548,2025-04-29 23:52:00,10.92,23.34,0
13505,472,2025-04-20 07:32:00,20.188,48.77,0
13506,247,2025-06-06 06:53:00,12.335,34.02,0
13507,332,2025-04-18 00:26:00,15.9,7.25,0
13508,697,2025-05-27 05:50:00,12.0,23.0,0
13509,84,2025-04-04 10:24:00,8.119,18.02,0
13510,660,2025-04-25 14:06:00,18.922,10.47,0
13511,649,2025-01-28 22:06:00,18.008,17.77,0
13512,46,2025-06-28 14:46:00,20.931,59.88,0
13513,193,2025-01-05 20:49:00,16.015,35.39,0
13514,248,2025-06-24 06:39:00,10.634,7.93,0
13515,730,2025-04-14 17:07:00,10.392,14.39,0
13516,351,2025-03-02 17:49:00,13.45,35.43,0
13517,620,2025-03-18 04:18:00,12.629,34.92,0
13518,480,2025-01-14 18:48:00,13.712,27.09,0
13519,64,2025-03-15 19:42:00,11.149,63.95,0
13520,533,2025-01-13 19:00:00,21.841,47.02,0
13521,508,2025-03-19 09:53:00,9.2,22.16,0
13522,696,2025-01-25 13:12:00,18.348,20.39,0
13523,736,2025-01-21 10:30:00,15.947,29.79,0
13524,469,2025-05-09 05:55:00,15.779,6.61,0
13525,703,2025-02-02 06:26:00,16.587,44.21,0
13526,111,2025-03-02 07:52:00,20.657,12.81,0
13527,490,2025-04-30 04:30:00,17.452,92.11,0
13528,462,2025-04-01 20:19:00,11.792,8.9,0
13529,137,2025-04-03 11:32:00,11.769,47.04,0
13530,431,2025-03-21 12:55:00,19.594,7.12,0
13531,544,2025-04-20 17:44:00,14.693,20.88,0
13532,332,2025-04-28 11:57:00,17.868,48.03,0
13533,532,2025-01-24 06:45:00,13.263,72.91,0
13534,596,2025-06-23 08:42:00,18.335,70.03,0
13535,470,2025-05-27 13:04:00,13.937,60.65,0
13536,318,2025-03-18 08:17:00,14.904,66.28,0
13537,212,2025-03-09 01:48:00,20.998,70.92,0
13538,528,2025-05-11 15:27:00,14.928,22.25,0
13539,720,2025-04-21 08:28:00,11.148,25.65,0
13540,369,2025-05-25 12:27:00,15.44,59.8,0
13541,402,2025-03-25 19:37:00,8.12,83.51,0
13542,729,2025-03-21 10:01:00,11.905,30.57,0
13543,237,2025-03-26 07:09:00,16.458,22.42,0
13544,646,2025-02-23 05:00:00,8.993,21.83,0
13545,204,2025-05-21 03:28:00,14.376,17.69,0
13546,206,2025-05-24 07:50:00,16.384,49.93,0
13547,224,2025-01-20 20:42:00,11.171,84.89,0
13548,42,2025-01-17 19:36:00,11.049,50.54,0
13549,368,2025-01-14 11:05:00,17.363,33.79,0
13550,282,2025-03-01 06:39:00,21.639,159.0,0
13551,184,2025-01-19 04:34:00,12.303,34.48,0
13552,605,2025-04-13 12:52:00,10.908,104.68,0
13553,413,2025-06-29 03:41:00,21.776,14.54,0
13554,156,2025-05-07 21:01:00,19.685,41.36,0
13555,153,2025-06-16 21:16:00,21.104,15.86,0
13556,647,2025-01-27 17:56:00,8.645,16.67,0
13557,216,2025-05-07 02:23:00,21.07,18.25,0
13558,315,2025-05-12 03:18:00,19.737,36.75,0
13559,95,2025-03-22 13:23:00,12.196,24.15,0
13560,643,2025-05-15 05:06:00,16.739,6.68,0
13561,285,2025-01-16 07:30:00,10.41,24.69,0
13562,563,2025-04-21 19:01:00,13.848,21.21,0
13563,324,2025-05-28 18:16:00,16.434,8.64,0
13564,641,2025-03-12 18:30:00,9.544,50.28,0
13565,322,2025-02-04 02:23:00,21.531,59.59,0
13566,716,2025-01-02 20:08:00,21.008,57.32,0
13567,579,2025-02-19 02:40:00,20.143,136.72,0
13568,384,2025-05-28 19:44:00,9.8,14.26,0
13569,386,2025-06-01 08:13:00,17.368,14.55,0
13570,496,2025-04-22 00:55:00,20.466,34.05,0
13571,554,2025-02-16 07:41:00,9.927,31.82,0
13572,565,2025-02-16 18:52:00,17.062,38.95,0
13573,26,2025-06-02 00:34:00,10.859,68.31,0
13574,211,2025-04-16 01:14:00,17.658,28.52,0
13575,349,2025-05-22 11:15:00,17.065,79.97,0
13576,429,2025-03-08 16:00:00,20.203,18.88,0
13577,71,2025-05-31 17:05:00,14.8,23.33,0
13578,159,2025-03-26 17:41:00,18.624,14.39,0
13579,369,2025-05-02 08:56:00,10.686,2.28,0
13580,357,2025-06-03 05:26:00,16.997,8.63,0
13581,492,2025-03-05 09:11:00,20.276,71.61,0
13582,55,2025-05-22 19:39:00,18.122,84.55,0
13583,637,2025-04-28 13:41:00,20.3,12.58,0
13584,240,2025-03-31 12:10:00,16.817,73.74,0
13585,440,2025-05-30 05:44:00,15.72,5.02,0
13586,757,2025-03-21 04:15:00,20.811,15.34,0
13587,303,2025-05-15 21:29:00,12.528,24.08,0
13588,250,2025-01-14 17:54:00,18.477,81.31,0
13589,211,2025-06-05 03:57:00,17.703,148.49,0
13590,521,2025-06-23 14:51:00,19.4,24.16,0
13591,765,2025-06-27 00:51:00,14.967,33.14,0
13592,447,2025-06-01 23:04:00,14.91,80.47,0
13593,158,2025-05-05 05:25:00,8.479,211.37,0
13594,756,2025-05-14 09:56:00,21.04,90.53,0
13595,33,2025-06-17 01:30:00,13.422,13.29,0
13596,328,2025-05-12 10:17:00,15.728,70.53,0
13597,100,2025-02-18 22:04:00,10.775,20.87,0
13598,26,2025-01-29 17:35:00,16.627,107.35,0
13599,798,2025-06-25 05:26:00,12.846,58.08,0
13600,68,2025-01-26 00:59:00,16.191,15.44,0
13601,724,2025-06-13 20:36:00,18.295,84.73,0
13602,435,2025-06-18 11:16:00,16.54,53.44,0
13603,256,2025-01-08 10:10:00,8.429,48.14,0
13604,690,2025-05-26 07:30:00,19.285,35.85,0
13605,3,2025-04-17 06:44:00,15.852,23.02,0
13606,552,2025-03-12 02:56:00,11.338,692.03,1
13607,613,2025-04-01 12:50:00,12.531,203.69,0
13608,291,2025-03-19 03:06:00,19.355,161.08,0
13609,240,2025-05-27 19:24:00,21.108,30.2,0
13610,7,2025-03-16 02:02:00,19.388,6.5,0
13611,17,2025-01-23 17:47:00,20.408,22.58,0
13612,35,2025-03-13 10:25:00,14.858,39.34,0
13613,365,2025-04-05 23:24:00,13.835,43.97,0
13614,424,2025-03-23 01:36:00,19.464,71.82,0
13615,339,2025-04-01 05:27:00,13.524,62.57,0
13616,562,2025-06-27 16:05:00,17.882,63.31,0
13617,289,2025-03-13 04:43:00,16.583,21.09,0
13618,632,2025-05-28 05:39:00,0.221,23.03,1
13619,522,2025-06-28 14:13:00,12.321,14.73,0
13620,749,2025-05-30 11:58:00,10.975,43.09,0
13621,580,2025-04-08 02:50:00,9.757,69.93,0
13622,102,2025-06-28 02:25:00,13.883,82.32,0
13623,447,2025-03-16 09:12:00,10.778,4.71,0
13624,525,2025-02-20 06:54:00,9.0,51.0,0
13625,11,2025-06-04 03:39:00,10.897,15.21,0
13626,35,2025-06-15 09:25:00,16.664,56.12,0
13627,17,2025-01-26 00:42:00,19.318,15.13,0
13628,137,2025-02-27 11:54:00,14.481,62.99,0
13629,705,2025-02-21 18:16:00,16.531,20.85,0
13630,192,2025-05-28 14:05:00,17.106,21.21,0
13631,149,2025-02-20 04:48:00,17.12,66.56,0
13632,356,2025-04-30 09:21:00,21.816,22.51,0
13633,318,2025-06-18 01:35:00,16.526,75.37,0
13634,794,2025-06-13 18:51:00,15.647,63.36,0
13635,82,2025-06-08 11:01:00,20.134,32.02,0
13636,672,2025-04-06 06:37:00,16.693,431.26,1
13637,183,2025-04-20 04:52:00,14.414,97.16,0
13638,247,2025-05-11 13:51:00,18.394,67.99,0
13639,388,2025-02-27 12:47:00,11.139,130.23,0
13640,780,2025-04-01 04:48:00,17.416,8.68,0
13641,188,2025-03-26 06:12:00,18.741,27.77,0
13642,275,2025-05-25 02:34:00,16.94,24.31,0
13643,527,2025-04-13 19:21:00,10.628,52.73,0
13644,536,2025-03-22 04:04:00,15.21,16.38,0
13645,293,2025-04-08 05:10:00,19.339,18.34,0
13646,105,2025-01-31 23:38:00,13.638,36.17,0
13647,630,2025-02-16 01:38:00,20.989,7.81,0
13648,720,2025-05-25 02:47:00,8.674,7.0,0
13649,481,2025-01-24 11:42:00,17.311,31.92,0
13650,698,2025-05-03 21:02:00,11.26,292.55,0
13651,203,2025-06-13 08:59:00,17.082,38.33,0
13652,691,2025-05-04 01:15:00,21.291,25.9,0
13653,646,2025-04-26 08:27:00,16.05,49.43,0
13654,721,2025-05-10 03:11:00,14.117,55.59,0
13655,745,2025-01-27 02:47:00,20.021,31.59,0
13656,276,2025-01-25 15:49:00,14.49,20.38,0
13657,96,2025-06-28 04:07:00,15.899,9.98,0
13658,599,2025-03-18 19:39:00,12.299,71.94,0
13659,535,2025-03-16 00:43:00,15.691,24.02,0
13660,518,2025-01-29 12:11:00,18.021,51.15,0
13661,504,2025-05-12 22:25:00,15.13,81.51,0
13662,32,2025-01-07 02:58:00,10.952,27.38,0
13663,535,2025-02-01 19:24:00,8.275,10.84,0
13664,387,2025-02-10 09:52:00,11.052,29.2,0
13665,24,2025-06-17 21:32:00,19.904,30.91,0
13666,684,2025-06-21 00:25:00,21.429,52.01,0
13667,22,2025-01-15 06:10:00,15.874,22.15,0
13668,186,2025-01-26 02:27:00,19.607,21.26,0
13669,235,2025-06-22 01:08:00,8.658,25.71,0
13670,626,2025-04-25 04:22:00,19.95,47.13,0
13671,64,2025-05-11 21:10:00,12.021,71.9,0
13672,307,2025-04-13 03:56:00,10.456,226.33,0
13673,292,2025-02-10 21:41:00,11.879,163.77,0
13674,331,2025-05-12 11:13:00,14.972,31.45,0
13675,697,2025-02-02 13:30:00,16.226,19.69,0
13676,260,2025-01-06 05:52:00,8.097,21.26,0
13677,283,2025-05-31 16:16:00,12.802,12.25,0
13678,327,2025-03-10 09:01:00,17.863,38.66,0
13679,314,2025-01-08 04:28:00,18.504,15.85,0
13680,763,2025-03-20 04:40:00,11.281,14.44,0
13681,214,2025-01-21 13:41:00,11.451,15.22,0
13682,90,2025-03-26 18:37:00,17.515,71.24,0
13683,337,2025-05-02 02:44:00,16.534,32.76,0
13684,66,2025-03-02 20:42:00,14.96,11.77,0
13685,638,2025-01-14 22:13:00,15.651,70.83,0
13686,713,2025-06-10 06:02:00,14.992,90.77,0
13687,664,2025-04-08 10:10:00,13.701,24.23,0
13688,643,2025-01-05 03:50:00,19.03,18.7,0
13689,336,2025-04-14 07:54:00,20.44,17.42,0
13690,558,2025-06-16 06:41:00,3.629,43.27,1
13691,317,2025-01-04 05:12:00,11.776,72.57,0
13692,683,2025-05-22 14:32:00,21.642,40.05,0
13693,156,2025-03-09 21:20:00,9.235,11.93,0
13694,112,2025-05-08 08:41:00,21.329,82.0,0
13695,780,2025-01-06 03:15:00,15.784,33.51,0
13696,288,2025-06-13 05:59:00,17.942,29.8,0
13697,248,2025-06-24 00:56:00,13.93,49.41,0
13698,534,2025-04-09 23:31:00,12.999,80.65,0
13699,274,2025-02-08 18:11:00,11.126,14.08,0
13700,597,2025-01-28 05:10:00,9.571,11.97,0
13701,343,2025-05-05 03:32:00,12.379,33.68,0
13702,627,2025-05-23 19:50:00,11.563,34.0,0
13703,64,2025-05-02 06:40:00,15.472,72.04,0
13704,582,2025-03-30 19:21:00,20.001,96.51,0
13705,262,2025-05-20 00:02:00,9.17,23.4,0
13706,338,2025-05-13 17:38:00,18.458,45.51,0
13707,744,2025-03-02 08:36:00,11.746,50.55,0
13708,385,2025-05-20 19:42:00,16.975,54.64,0
13709,59,2025-02-03 04:35:00,16.782,9.57,0
13710,366,2025-05-28 15:32:00,18.325,53.13,0
13711,192,2025-04-06 11:46:00,8.213,18.0,0
13712,379,2025-05-15 11:42:00,8.019,55.31,0
13713,174,2025-05-05 23:32:00,10.362,13.87,0
13714,514,2025-01-18 06:32:00,21.725,36.68,0
13715,188,2025-05-16 22:54:00,12.783,27.32,0
13716,372,2025-05-22 02:26:00,16.754,192.3,0
13717,763,2025-01-09 19:18:00,12.312,17.08,0
13718,510,2025-02-10 15:55:00,14.83,16.08,0
13719,566,2025-05-16 11:29:00,14.131,112.9,0
13720,617,2025-03-06 23:10:00,10.633,68.94,0
13721,735,2025-01-21 05:42:00,13.015,42.32,0
13722,708,2025-06-03 19:28:00,10.669,23.09,0
13723,686,2025-04-05 10:28:00,11.915,13.48,0
13724,272,2025-03-12 22:54:00,13.842,23.96,0
13725,499,2025-04-10 23:22:00,19.138,22.01,0
13726,654,2025-03-13 22:53:00,10.75,19.28,0
13727,447,2025-01-23 20:51:00,10.74,22.42,0
13728,101,2025-04-12 02:52:00,3.196,21.6,1
13729,407,2025-06-23 12:28:00,19.051,73.08,0
13730,172,2025-06-21 07:13:00,11.462,11.1,0
13731,551,2025-04-25 20:13:00,19.472,46.35,0
13732,687,2025-01-30 06:20:00,12.517,41.95,0
13733,561,2025-02-10 07:12:00,12.241,32.12,0
13734,440,2025-02-26 18:43:00,13.296,57.75,0
13735,479,2025-01-10 03:52:00,14.274,47.75,0
13736,430,2025-01-26 04:51:00,13.877,36.73,0
13737,359,2025-05-20 12:06:00,13.521,81.92,0
13738,181,2025-03-19 05:35:00,21.969,4.75,0
13739,540,2025-06-01 10:29:00,17.704,195.63,0
13740,279,2025-01-12 02:23:00,20.343,86.7,0
13741,125,2025-01-17 07:31:00,20.511,134.95,0
13742,640,2025-05-05 03:50:00,13.977,16.89,0
13743,441,2025-02-16 08:06:00,18.853,36.09,0
13744,416,2025-02-10 16:15:00,14.591,43.79,0
13745,415,2025-04-26 15:04:00,16.326,25.39,0
13746,62,2025-06-14 09:00:00,18.283,39.48,0
13747,427,2025-03-17 09:58:00,16.145,42.23,0
13748,434,2025-05-18 06:22:00,15.101,13.12,0
13749,408,2025-03-03 15:39:00,8.166,62.02,0
13750,5,2025-06-01 00:56:00,21.577,58.06,0
13751,600,2025-03-18 09:37:00,8.532,19.95,0
13752,491,2025-01-28 07:16:00,9.684,12.13,0
13753,605,2025-04-01 22:54:00,8.595,38.05,0
13754,403,2025-02-22 15:31:00,16.767,17.81,0
13755,263,2025-02-03 05:44:00,12.237,43.4,0
13756,666,2025-02-03 02:11:00,20.513,18.55,0
13757,280,2025-03-11 20:25:00,16.298,115.98,0
13758,362,2025-01-02 18:21:00,18.941,20.19,0
13759,13,2025-01-13 13:38:00,10.033,17.12,0
13760,130,2025-04-17 02:53:00,13.749,35.68,0
13761,90,2025-01-02 02:09:00,16.742,9.74,0
13762,338,2025-05-19 23:47:00,10.629,17.51,0
13763,209,2025-06-25 12:50:00,13.348,9.3,0
13764,265,2025-02-03 01:45:00,18.562,41.48,0
13765,612,2025-01-10 20:46:00,17.551,73.52,0
13766,546,2025-02-07 21:19:00,20.627,24.82,0
13767,638,2025-01-08 19:49:00,15.815,95.47,0
13768,652,2025-02-18 10:56:00,10.896,17.73,0
13769,198,2025-06-10 04:38:00,20.302,24.1,0
13770,492,2025-05-28 13:30:00,21.468,71.61,0
13771,695,2025-06-25 16:28:00,14.799,62.07,0
13772,243,2025-05-27 02:28:00,9.183,50.42,0
13773,300,2025-06-02 00:23:00,11.541,85.06,0
13774,425,2025-04-17 14:11:00,18.53,33.59,0
13775,638,2025-01-26 02:51:00,8.003,44.6,0
13776,117,2025-05-19 09:08:00,12.127,20.3,0
13777,373,2025-04-26 02:46:00,13.166,163.4,0
13778,193,2025-06-23 04:07:00,19.038,24.42,0
13779,570,2025-05-06 10:42:00,14.119,29.52,0
13780,193,2025-04-09 04:45:00,15.358,41.39,0
13781,285,2025-05-19 21:34:00,17.402,59.68,0
13782,277,2025-04-29 02:21:00,18.989,59.2,0
13783,56,2025-01-21 07:40:00,2.027,4.01,1
13784,534,2025-04-21 01:11:00,10.406,143.88,0
13785,203,2025-03-12 08:03:00,10.548,126.88,0
13786,392,2025-01-30 07:02:00,10.242,95.32,0
13787,557,2025-02-19 16:44:00,9.602,39.35,0
13788,629,2025-05-31 05:49:00,14.173,94.96,0
13789,734,2025-04-28 19:30:00,10.564,43.16,0
13790,100,2025-01-11 11:01:00,18.955,42.74,0
13791,502,2025-03-03 20:21:00,8.001,61.18,0
13792,262,2025-05-04 09:42:00,21.349,54.06,0
13793,615,2025-04-02 14:06:00,8.185,79.4,0
13794,310,2025-05-20 16:49:00,12.555,6.26,0
13795,11,2025-04-23 18:12:00,18.557,32.6,0
13796,684,2025-01-07 16:20:00,20.209,13.18,0
13797,608,2025-06-05 20:18:00,9.221,73.71,0
13798,264,2025-04-13 16:15:00,19.215,16.87,0
13799,668,2025-06-15 18:21:00,18.521,27.91,0
13800,328,2025-02-09 15:47:00,14.438,74.02,0
13801,330,2025-05-05 19:41:00,16.777,99.68,0
13802,239,2025-01-06 06:48:00,13.14,70.93,0
13803,395,2025-01-29 03:36:00,12.366,63.93,0
13804,795,2025-06-08 21:55:00,8.463,13.54,0
13805,41,2025-06-10 00:07:00,8.096,15.51,0
13806,474,2025-06-21 18:18:00,15.366,11.98,0
13807,139,2025-02-06 19:30:00,8.162,15.04,0
13808,99,2025-06-10 13:36:00,9.72,39.72,0
13809,45,2025-01-10 13:46:00,9.351,78.24,0
13810,218,2025-03-14 02:44:00,16.863,78.01,0
13811,585,2025-03-20 17:00:00,17.365,7.96,0
13812,588,2025-05-23 15:32:00,18.56,34.0,0
13813,639,2025-05-04 05:38:00,21.625,28.11,0
13814,116,2025-03-06 15:16:00,21.718,5.48,0
13815,86,2025-01-27 21:15:00,10.906,67.98,0
13816,785,2025-03-07 17:53:00,12.924,66.48,0
13817,737,2025-02-23 21:15:00,15.861,21.52,0
13818,560,2025-05-01 14:43:00,8.619,27.32,0
13819,671,2025-01-15 09:51:00,10.694,39.32,0
13820,643,2025-03-16 00:30:00,19.95,48.73,0
13821,461,2025-04-22 06:39:00,13.714,20.83,0
13822,380,2025-04-27 08:22:00,14.785,17.6,0
13823,782,2025-05-08 11:35:00,18.311,14.68,0
13824,541,2025-02-21 12:36:00,19.322,115.18,0
13825,705,2025-04-04 13:02:00,20.109,92.85,0
13826,165,2025-01-18 17:28:00,20.528,14.61,0
13827,178,2025-03-21 23:56:00,12.123,17.09,0
13828,503,2025-06-26 18:25:00,17.087,14.98,0
13829,763,2025-06-02 14:04:00,9.557,228.45,1
13830,496,2025-04-23 01:31:00,21.564,166.7,0
13831,354,2025-03-17 10:52:00,11.747,19.45,0
13832,19,2025-06-12 03:22:00,13.465,64.26,0
13833,123,2025-03-21 12:26:00,21.03,26.69,0
13834,184,2025-05-18 09:48:00,16.822,29.36,0
13835,160,2025-04-14 22:03:00,12.036,27.78,0
13836,561,2025-01-04 20:21:00,9.208,46.96,0
13837,547,2025-05-07 16:37:00,14.842,30.19,0
13838,303,2025-06-10 19:23:00,16.27,63.54,0
13839,790,2025-05-20 20:46:00,17.358,88.21,0
13840,314,2025-04-21 15:40:00,10.305,21.31,0
13841,356,2025-01-08 08:20:00,17.883,41.21,0
13842,420,2025-01-05 04:15:00,13.076,9.47,0
13843,458,2025-06-03 04:59:00,21.216,23.05,0
13844,152,2025-03-27 11:45:00,17.148,35.51,0
13845,240,2025-03-23 05:42:00,20.853,29.85,0
13846,550,2025-04-26 08:50:00,8.422,32.08,0
13847,676,2025-06-13 01:22:00,20.647,52.91,0
13848,338,2025-03-20 14:45:00,20.29,62.53,0
13849,92,2025-04-07 13:00:00,15.151,6.39,0
13850,681,2025-04-11 13:43:00,21.67,40.52,0
13851,465,2025-03-27 15:35:00,18.489,27.21,0
13852,349,2025-04-29 04:21:00,21.931,23.81,0
13853,468,2025-02-05 04:04:00,18.589,106.92,0
13854,658,2025-03-09 03:51:00,20.813,8.58,0
13855,0,2025-03-26 12:41:00,10.76,33.54,0
13856,288,2025-04-04 11:46:00,10.758,110.67,0
13857,752,2025-03-30 17:27:00,15.108,37.07,0
13858,240,2025-03-17 07:47:00,18.21,16.37,0
13859,779,2025-06-11 00:08:00,11.71,29.44,0
13860,225,2025-05-25 03:17:00,13.837,144.35,0
13861,373,2025-06-09 16:12:00,10.414,89.38,0
13862,55,2025-04-18 01:12:00,20.957,23.13,0
13863,580,2025-03-29 13:18:00,18.422,119.49,0
13864,191,2025-03-19 13:30:00,8.537,58.27,0
13865,678,2025-06-06 03:53:00,8.315,4.58,0
13866,103,2025-04-30 20:21:00,21.913,32.15,0
13867,93,2025-06-03 18:58:00,13.545,150.73,0
13868,375,2025-06-02 23:49:00,16.432,30.88,0
13869,67,2025-06-20 17:01:00,21.27,118.14,0
13870,263,2025-04-09 03:37:00,21.381,11.11,0
13871,551,2025-03-07 02:07:00,9.343,12.28,0
13872,403,2025-06-13 13:07:00,16.896,86.61,0
13873,447,2025-02-08 04:49:00,21.9,69.2,0
13874,72,2025-02-28 03:18:00,10.515,34.28,0
13875,543,2025-06-19 21:45:00,17.28,70.14,0
13876,72,2025-05-09 12:21:00,18.836,21.78,0
13877,457,2025-04-16 06:36:00,9.058,14.21,0
13878,632,2025-04-06 11:15:00,13.418,47.69,0
13879,581,2025-03-25 23:57:00,10.874,27.82,0
13880,282,2025-06-11 08:13:00,8.795,48.85,0
13881,123,2025-03-16 01:29:00,9.39,41.28,0
13882,664,2025-03-28 07:06:00,12.785,26.77,0
13883,172,2025-01-16 06:07:00,16.108,158.02,0
13884,396,2025-01-21 15:05:00,21.351,15.26,0
13885,189,2025-02-06 17:41:00,21.099,39.56,0
13886,23,2025-02-23 22:21:00,20.214,32.48,0
13887,333,2025-02-22 11:38:00,18.8,44.76,0
13888,440,2025-05-01 00:45:00,8.57,36.33,0
13889,607,2025-04-10 05:41:00,13.679,83.02,0
13890,580,2025-01-01 18:10:00,18.911,44.95,0
13891,665,2025-04-04 00:11:00,21.545,20.8,0
13892,651,2025-01-15 18:48:00,14.471,15.39,0
13893,321,2025-04-08 17:10:00,17.818,18.91,0
13894,272,2025-01-10 00:36:00,21.935,18.26,0
13895,481,2025-01-14 18:18:00,16.722,60.23,0
13896,383,2025-05-29 16:49:00,18.903,32.76,0
13897,236,2025-01-02 18:13:00,21.528,48.03,0
13898,25,2025-06-25 01:08:00,17.941,11.63,0
13899,380,2025-03-25 08:48:00,9.847,27.18,0
13900,375,2025-05-29 17:08:00,21.708,51.51,0
13901,752,2025-02-04 19:50:00,19.256,80.43,0
13902,650,2025-03-26 00:39:00,11.704,10.67,0
13903,215,2025-06-10 12:03:00,21.822,122.69,0
13904,88,2025-01-14 21:03:00,9.115,110.85,0
13905,630,2025-03-19 13:32:00,21.158,79.01,0
13906,389,2025-01-23 02:39:00,19.776,96.32,0
13907,33,2025-03-05 08:36:00,11.849,25.86,0
13908,603,2025-06-24 17:11:00,20.046,18.49,0
13909,276,2025-04-08 22:06:00,8.846,37.46,0
13910,136,2025-03-02 02:23:00,21.331,44.53,0
13911,527,2025-04-24 03:33:00,16.468,476.67,1
13912,628,2025-02-20 16:31:00,15.295,56.08,0
13913,620,2025-01-15 18:05:00,21.875,108.09,0
13914,219,2025-04-12 17:49:00,8.369,71.64,0
13915,473,2025-05-14 10:34:00,15.174,36.35,0
13916,372,2025-02-02 04:15:00,18.293,4.97,0
13917,695,2025-01-25 18:20:00,9.572,10.24,0
13918,151,2025-04-18 14:48:00,8.21,32.46,0
13919,656,2025-03-11 14:41:00,16.613,58.5,0
13920,277,2025-06-18 09:44:00,12.732,11.22,0
13921,494,2025-03-06 05:40:00,14.745,37.79,0
13922,401,2025-03-12 14:49:00,16.712,61.83,0
13923,278,2025-04-13 10:46:00,13.406,33.23,0
13924,185,2025-06-26 00:56:00,11.004,21.29,0
13925,290,2025-05-05 02:30:00,11.34,10.69,0
13926,485,2025-04-30 22:11:00,10.623,64.93,0
13927,492,2025-05-25 03:32:00,18.024,20.73,0
13928,498,2025-05-27 20:46:00,9.88,130.63,0
13929,525,2025-04-05 21:16:00,21.611,40.33,0
13930,40,2025-02-21 13:41:00,8.067,47.03,0
13931,315,2025-01-28 23:17:00,12.251,68.13,0
13932,251,2025-04-13 02:27:00,19.238,26.15,0
13933,318,2025-05-06 06:31:00,9.261,50.97,0
13934,305,2025-03-07 22:29:00,16.232,20.88,0
13935,141,2025-03-28 04:24:00,12.069,18.45,0
13936,771,2025-03-22 04:06:00,21.516,16.88,0
13937,0,2025-04-17 00:11:00,11.066,23.66,0
13938,476,2025-05-28 08:59:00,8.994,181.66,0
13939,369,2025-03-21 20:48:00,16.592,16.99,0
13940,562,2025-04-04 11:16:00,13.265,57.19,0
13941,664,2025-03-16 22:23:00,20.655,29.19,0
13942,519,2025-02-24 07:59:00,20.81,14.11,0
13943,613,2025-05-07 05:52:00,19.131,65.92,0
13944,219,2025-04-22 00:32:00,9.801,23.4,0
13945,795,2025-04-05 08:08:00,17.213,24.49,0
13946,69,2025-02-23 01:23:00,9.291,83.25,0
13947,535,2025-06-06 04:53:00,8.353,28.38,0
13948,117,2025-05-25 20:26:00,10.761,41.87,0
13949,187,2025-05-14 19:41:00,14.922,34.23,0
13950,660,2025-05-27 19:04:00,14.315,32.47,0
13951,541,2025-03-27 17:40:00,18.864,12.18,0
13952,506,2025-04-24 00:57:00,15.328,69.53,0
13953,662,2025-02-08 13:22:00,11.699,41.8,0
13954,222,2025-05-21 22:29:00,9.956,67.11,0
13955,512,2025-01-04 03:55:00,15.976,38.38,0
13956,161,2025-04-02 12:51:00,17.448,81.47,0
13957,385,2025-02-06 23:19:00,10.981,39.51,0
13958,323,2025-04-18 05:00:00,16.846,104.91,0
13959,494,2025-02-20 15:05:00,20.043,16.96,0
13960,51,2025-06-23 14:01:00,11.391,18.59,0
13961,20,2025-01-22 06:14:00,19.472,146.21,0
13962,25,2025-05-29 00:49:00,21.305,67.83,0
13963,212,2025-05-01 10:28:00,21.111,155.68,0
13964,460,2025-06-29 06:21:00,9.977,57.15,0
13965,126,2025-02-28 16:39:00,8.685,28.02,0
13966,792,2025-05-07 21:45:00,18.172,155.9,0
13967,330,2025-01-06 10:39:00,13.349,8.17,0
13968,242,2025-05-02 20:16:00,10.488,66.37,0
13969,714,2025-03-20 15:18:00,14.259,4.59,0
13970,140,2025-05-11 18:12:00,15.598,116.79,0
13971,150,2025-05-22 04:14:00,10.265,15.38,0
13972,304,2025-03-29 13:53:00,8.53,27.4,0
13973,56,2025-03-03 03:42:00,18.945,16.15,0
13974,545,2025-05-09 08:12:00,14.385,56.21,0
13975,621,2025-06-12 10:04:00,11.421,30.19,0
13976,282,2025-03-06 16:32:00,21.373,105.75,0
13977,694,2025-06-03 12:04:00,18.627,20.66,0
13978,5,2025-03-21 21:01:00,13.637,13.61,0
13979,425,2025-06-10 02:06:00,11.82,24.01,0
13980,584,2025-04-27 19:30:00,18.209,129.76,0
13981,301,2025-05-01 04:51:00,18.141,80.62,0
13982,757,2025-05-04 21:09:00,20.376,88.3,0
13983,344,2025-05-26 04:29:00,8.184,22.52,0
13984,734,2025-06-05 00:39:00,16.815,12.18,0
13985,527,2025-03-12 00:22:00,11.944,109.14,0
13986,184,2025-05-15 06:13:00,21.645,11.63,0
13987,665,2025-05-05 18:42:00,8.347,35.17,0
13988,24,2025-04-17 11:43:00,14.824,20.56,0
13989,151,2025-02-10 07:15:00,17.951,37.18,0
13990,623,2025-03-25 18:56:00,18.518,8.92,0
13991,721,2025-02-06 20:23:00,16.863,1069.13,1
13992,310,2025-01-25 14:11:00,14.61,104.77,0
13993,525,2025-06-19 20:25:00,20.732,80.73,0
13994,557,2025-05-11 07:21:00,16.075,14.37,0
13995,590,2025-04-09 18:53:00,15.297,49.54,0
13996,724,2025-03-21 12:52:00,20.0,30.52,0
13997,69,2025-01-13 21:38:00,14.205,34.98,0
13998,154,2025-03-05 04:43:00,16.51,132.01,0
13999,734,2025-02-05 12:20:00,12.606,24.71,0
14000,435,2025-04-07 21:02:00,10.97,60.27,0
14001,422,2025-03-25 00:59:00,14.445,8.66,0
14002,322,2025-06-23 09:44:00,12.704,37.07,0
14003,289,2025-06-02 06:15:00,8.528,73.71,0
14004,195,2025-04-19 04:16:00,14.814,31.04,0
14005,319,2025-06-11 06:31:00,17.187,57.24,0
14006,58,2025-03-01 07:02:00,8.728,18.3,0
14007,234,2025-01-21 10:08:00,15.942,24.1,0
14008,794,2025-04-11 21:32:00,12.341,31.43,0
14009,130,2025-01-12 03:57:00,8.571,22.68,0
14010,585,2025-06-19 17:18:00,9.356,71.81,0
14011,27,2025-01-22 21:41:00,18.028,83.92,0
14012,587,2025-06-04 03:28:00,15.548,58.76,0
14013,211,2025-05-01 20:25:00,21.383,4.62,0
14014,561,2025-02-14 09:56:00,17.542,27.14,0
14015,397,2025-04-06 21:49:00,21.476,68.65,0
14016,620,2025-04-08 21:43:00,11.992,30.71,0
14017,533,2025-05-13 19:41:00,16.155,29.29,0
14018,446,2025-03-18 19:58:00,15.821,73.96,0
14019,586,2025-04-17 19:18:00,15.331,77.06,0
14020,772,2025-03-16 19:30:00,20.564,56.5,0
14021,476,2025-01-18 06:13:00,15.388,10.64,0
14022,139,2025-05-08 22:40:00,11.691,14.3,0
14023,92,2025-02-16 08:58:00,17.828,47.94,0
14024,438,2025-02-20 04:54:00,11.708,6.63,0
14025,345,2025-03-01 16:18:00,9.167,129.95,0
14026,486,2025-04-12 23:34:00,16.241,39.03,0
14027,533,2025-05-08 09:14:00,9.925,19.93,0
14028,149,2025-05-27 15:26:00,17.999,22.88,0
14029,594,2025-04-18 10:24:00,14.135,91.92,0
14030,793,2025-03-13 14:39:00,20.127,12.78,0
14031,259,2025-06-20 10:16:00,13.666,7.52,0
14032,742,2025-03-27 12:04:00,13.547,15.81,0
14033,742,2025-01-27 04:39:00,14.004,44.33,0
14034,334,2025-05-25 07:00:00,17.992,126.09,0
14035,636,2025-06-18 22:51:00,10.173,92.68,0
14036,745,2025-02-22 07:56:00,12.778,24.69,0
14037,681,2025-02-09 15:02:00,11.75,43.9,0
14038,310,2025-03-05 08:43:00,13.431,46.23,0
14039,533,2025-03-03 19:46:00,20.763,41.79,0
14040,474,2025-02-04 15:31:00,16.839,7.24,0
14041,331,2025-01-07 05:22:00,15.046,27.23,0
14042,511,2025-02-03 18:36:00,9.806,65.86,0
14043,747,2025-02-23 08:59:00,16.068,155.69,0
14044,20,2025-02-03 21:52:00,19.182,48.11,0
14045,721,2025-02-05 22:43:00,13.053,83.9,0
14046,294,2025-06-19 19:01:00,20.64,70.92,0
14047,662,2025-02-09 02:31:00,12.921,25.83,0
14048,86,2025-05-28 21:20:00,10.246,12.02,0
14049,712,2025-04-13 23:55:00,19.588,86.55,0
14050,358,2025-03-20 12:11:00,15.918,154.06,0
14051,733,2025-05-21 13:00:00,15.235,24.97,0
14052,342,2025-01-04 01:09:00,20.96,90.79,0
14053,597,2025-05-15 02:12:00,19.547,39.48,0
14054,476,2025-03-16 21:29:00,21.898,11.61,0
14055,160,2025-05-30 05:55:00,17.683,36.34,0
14056,199,2025-06-23 05:14:00,16.115,22.21,0
14057,430,2025-05-12 15:22:00,15.544,49.88,0
14058,389,2025-01-21 14:26:00,12.984,48.18,0
14059,492,2025-06-25 18:30:00,10.533,20.89,0
14060,645,2025-05-17 18:41:00,19.552,12.29,0
14061,618,2025-01-04 07:48:00,8.093,24.26,0
14062,46,2025-02-04 05:58:00,20.43,120.93,0
14063,396,2025-06-27 19:42:00,11.675,13.69,0
14064,118,2025-05-31 14:12:00,11.352,62.49,0
14065,410,2025-03-15 18:27:00,8.099,56.5,0
14066,428,2025-06-22 04:04:00,13.04,22.51,0
14067,796,2025-03-28 00:06:00,9.243,17.83,0
14068,310,2025-06-06 02:49:00,10.584,56.29,0
14069,361,2025-04-14 22:09:00,17.636,34.22,0
14070,409,2025-04-29 20:03:00,13.815,23.4,0
14071,104,2025-01-02 12:49:00,8.153,51.04,0
14072,47,2025-06-24 15:10:00,12.436,128.53,0
14073,567,2025-02-02 16:59:00,8.086,94.36,0
14074,240,2025-02-08 09:17:00,20.813,38.79,0
14075,290,2025-03-22 06:35:00,20.047,2.34,0
14076,793,2025-05-16 22:36:00,12.946,28.91,0
14077,198,2025-05-19 12:18:00,11.366,15.68,0
14078,723,2025-04-23 18:52:00,9.497,29.74,0
14079,502,2025-06-06 14:46:00,17.873,26.47,0
14080,212,2025-05-05 20:12:00,9.686,27.19,0
14081,763,2025-01-27 14:12:00,17.374,82.81,0
14082,497,2025-05-22 01:02:00,11.617,29.17,0
14083,250,2025-02-17 08:06:00,18.21,28.17,0
14084,361,2025-04-04 12:48:00,13.505,51.25,0
14085,297,2025-04-20 07:50:00,9.916,15.02,0
14086,406,2025-03-12 13:57:00,11.883,26.71,1
14087,372,2025-03-06 23:26:00,17.661,11.69,0
14088,29,2025-02-18 05:24:00,17.591,57.6,0
14089,550,2025-02-23 14:59:00,16.362,42.12,0
14090,605,2025-06-27 11:54:00,12.525,183.15,0
14091,316,2025-03-10 23:56:00,16.894,9.47,0
14092,737,2025-03-27 02:40:00,8.591,76.05,0
14093,340,2025-05-07 06:53:00,16.46,8.61,0
14094,211,2025-02-14 18:14:00,18.938,15.78,0
14095,560,2025-02-05 17:57:00,9.935,6.29,0
14096,102,2025-02-07 19:35:00,19.431,36.99,0
14097,788,2025-01-12 03:26:00,20.67,43.53,0
14098,546,2025-03-23 05:34:00,21.426,27.05,0
14099,253,2025-01-01 14:56:00,8.421,6.09,0
14100,65,2025-03-10 03:46:00,20.539,22.86,0
14101,468,2025-04-05 19:12:00,8.888,38.81,0
14102,469,2025-02-16 10:49:00,13.312,16.84,0
14103,635,2025-02-15 00:04:00,15.677,34.22,0
14104,226,2025-04-19 02:51:00,11.104,83.09,0
14105,169,2025-04-12 02:16:00,12.824,22.11,0
14106,330,2025-05-22 23:25:00,20.713,14.67,0
14107,654,2025-06-08 13:53:00,10.451,32.81,0
14108,726,2025-02-14 16:34:00,15.543,149.57,0
14109,283,2025-02-22 20:36:00,19.578,52.43,0
14110,38,2025-04-05 09:43:00,11.375,10.46,0
14111,88,2025-02-03 01:01:00,21.091,103.55,0
14112,435,2025-05-12 01:44:00,21.722,25.13,0
14113,19,2025-01-01 06:48:00,11.725,29.03,0
14114,579,2025-03-08 03:33:00,14.622,12.48,0
14115,26,2025-06-26 15:26:00,8.157,39.41,0
14116,338,2025-05-13 02:26:00,21.451,7.33,0
14117,638,2025-04-04 00:41:00,9.922,14.21,0
14118,374,2025-01-01 16:03:00,13.989,56.92,0
14119,539,2025-05-25 09:02:00,17.417,38.73,0
14120,267,2025-03-22 05:51:00,17.108,19.15,0
14121,634,2025-06-04 10:59:00,17.136,29.97,0
14122,341,2025-05-22 01:46:00,8.24,61.14,0
14123,602,2025-06-29 03:19:00,18.279,47.54,0
14124,761,2025-01-22 05:13:00,18.444,59.45,0
14125,304,2025-06-04 17:36:00,15.635,13.53,0
14126,185,2025-05-09 02:21:00,18.239,19.87,0
14127,746,2025-02-22 22:20:00,8.008,164.62,0
14128,544,2025-06-02 00:14:00,10.327,25.48,0
14129,702,2025-04-12 14:03:00,9.039,24.23,0
14130,302,2025-04-29 18:29:00,12.38,38.61,0
14131,278,2025-06-23 07:01:00,10.85,41.75,0
14132,99,2025-04-14 02:51:00,10.605,15.76,0
14133,618,2025-04-25 00:11:00,13.874,4.78,0
14134,675,2025-06-05 18:49:00,16.731,27.06,0
14135,655,2025-05-19 10:21:00,15.608,34.46,0
14136,232,2025-04-26 09:24:00,19.717,8.5,0
14137,390,2025-06-13 04:46:00,13.513,43.32,0
14138,394,2025-06-13 20:58:00,13.709,45.78,0
14139,96,2025-04-21 10:58:00,8.15,76.21,0
14140,0,2025-01-18 17:10:00,18.643,14.54,0
14141,267,2025-05-05 15:27:00,16.431,46.96,0
14142,408,2025-03-01 21:03:00,9.761,54.42,0
14143,791,2025-04-16 21:20:00,10.683,114.15,0
14144,699,2025-03-09 21:06:00,10.396,69.19,0
14145,572,2025-03-02 22:54:00,13.705,81.47,0
14146,770,2025-06-25 10:45:00,8.532,39.54,0
14147,619,2025-02-14 18:47:00,18.901,24.38,0
14148,420,2025-01-29 21:30:00,12.454,96.66,0
14149,729,2025-04-25 00:52:00,20.862,12.68,0
14150,735,2025-04-26 23:43:00,11.803,118.6,0
14151,162,2025-06-26 14:27:00,13.129,65.94,0
14152,226,2025-01-11 08:14:00,20.894,26.74,0
14153,774,2025-06-14 21:42:00,10.358,9.81,0
14154,4,2025-06-01 03:11:00,19.839,33.08,0
14155,414,2025-02-07 18:35:00,10.12,21.06,0
14156,306,2025-05-28 08:49:00,14.936,9.87,0
14157,595,2025-06-01 16:42:00,20.236,22.16,0
14158,766,2025-01-21 16:35:00,10.237,72.08,0
14159,254,2025-01-04 19:11:00,8.524,34.72,0
14160,176,2025-04-29 22:37:00,11.351,28.85,0
14161,263,2025-04-17 02:25:00,11.67,9.98,0
14162,572,2025-06-05 09:01:00,13.699,30.25,0
14163,287,2025-06-17 11:03:00,18.413,123.26,0
14164,513,2025-01-19 17:21:00,8.671,36.07,0
14165,278,2025-06-22 16:19:00,16.006,26.21,0
14166,592,2025-06-03 13:51:00,18.154,63.66,0
14167,50,2025-04-19 13:12:00,19.301,96.32,0
14168,274,2025-03-06 23:34:00,21.532,105.61,0
14169,247,2025-04-24 13:07:00,19.555,46.1,0
14170,478,2025-04-12 15:28:00,9.445,9.41,0
14171,517,2025-03-12 04:23:00,10.461,77.4,0
14172,581,2025-01-15 01:49:00,18.088,25.57,0
14173,721,2025-05-11 06:07:00,10.964,22.97,0
14174,637,2025-02-25 00:16:00,11.458,16.06,0
14175,33,2025-02-14 05:27:00,19.888,54.01,0
14176,542,2025-03-09 12:34:00,14.463,75.26,0
14177,13,2025-01-07 02:19:00,13.556,20.52,0
14178,330,2025-03-12 11:56:00,14.571,58.53,0
14179,473,2025-05-31 08:30:00,11.594,84.33,0
14180,255,2025-05-12 15:23:00,9.225,46.91,0
14181,559,2025-01-11 20:45:00,21.681,35.02,0
14182,636,2025-03-01 09:56:00,12.087,30.98,0
14183,486,2025-04-30 15:32:00,15.169,20.71,0
14184,419,2025-06-17 14:28:00,8.821,64.34,0
14185,778,2025-03-20 15:32:00,10.089,87.09,0
14186,521,2025-06-27 21:34:00,9.43,38.89,0
14187,183,2025-01-08 18:52:00,8.716,24.52,0
14188,525,2025-06-13 20:43:00,17.114,51.87,0
14189,384,2025-01-29 18:24:00,8.237,16.99,0
14190,19,2025-05-12 06:46:00,14.396,95.71,0
14191,732,2025-01-19 03:06:00,17.31,87.22,0
14192,636,2025-06-28 02:16:00,13.083,52.09,0
14193,493,2025-02-08 14:13:00,10.103,24.85,0
14194,538,2025-03-08 06:00:00,11.127,30.03,0
14195,461,2025-04-25 08:23:00,10.151,8.7,0
14196,274,2025-01-10 00:42:00,12.135,18.96,0
14197,746,2025-04-13 17:05:00,12.988,63.01,0
14198,442,2025-02-22 14:09:00,13.553,18.86,0
14199,271,2025-03-19 22:17:00,11.123,236.27,0
14200,547,2025-03-01 22:30:00,11.279,23.53,0
14201,125,2025-06-01 17:59:00,16.951,16.66,0
14202,255,2025-03-24 04:20:00,8.323,45.83,0
14203,103,2025-05-16 13:17:00,14.18,47.51,0
14204,68,2025-01-08 11:40:00,21.009,104.33,0
14205,657,2025-05-03 21:17:00,18.66,28.51,0
14206,349,2025-03-11 00:20:00,12.661,17.19,0
14207,685,2025-04-18 19:05:00,15.679,21.95,0
14208,509,2025-06-02 09:19:00,21.747,91.65,0
14209,187,2025-05-06 07:11:00,18.029,130.09,0
14210,169,2025-03-05 15:16:00,16.255,21.72,0
14211,365,2025-02-10 18:53:00,15.829,31.04,0
14212,75,2025-06-09 17:17:00,20.52,105.82,0
14213,467,2025-02-16 18:25:00,10.727,63.03,0
14214,367,2025-01-07 08:41:00,16.102,21.86,0
14215,111,2025-02-23 15:51:00,12.902,13.54,0
14216,419,2025-01-02 22:16:00,14.555,20.37,0
14217,679,2025-05-14 09:23:00,8.559,67.61,0
14218,726,2025-06-10 03:17:00,19.105,10.38,0
14219,335,2025-03-19 19:25:00,10.58,750.71,1
14220,58,2025-04-21 11:45:00,15.878,25.56,0
14221,690,2025-06-22 17:03:00,20.927,19.07,0
14222,440,2025-06-16 12:22:00,11.604,23.2,0
14223,608,2025-01-08 05:40:00,12.588,68.98,0
14224,36,2025-01-13 10:16:00,13.686,52.45,0
14225,235,2025-03-10 23:16:00,15.616,78.4,0
14226,228,2025-02-20 05:20:00,11.222,299.65,1
14227,573,2025-01-28 20:25:00,18.338,8.94,0
14228,544,2025-01-28 05:09:00,16.816,39.68,0
14229,592,2025-05-27 22:30:00,9.305,33.88,0
14230,317,2025-02-04 21:35:00,15.135,23.13,0
14231,249,2025-03-28 07:54:00,13.037,7.03,0
14232,151,2025-01-09 02:20:00,12.909,68.22,0
14233,202,2025-04-22 14:28:00,21.763,3.23,0
14234,131,2025-05-14 10:25:00,13.677,60.49,0
14235,658,2025-04-18 15:08:00,8.336,58.32,0
14236,542,2025-02-21 06:54:00,12.969,55.48,0
14237,542,2025-01-15 05:33:00,16.394,32.46,0
14238,708,2025-03-14 01:30:00,15.389,5.55,0
14239,86,2025-05-22 01:44:00,9.079,9.47,1
14240,256,2025-01-22 13:11:00,10.355,17.53,0
14241,250,2025-05-28 22:56:00,18.771,150.06,0
14242,101,2025-06-14 09:18:00,8.101,73.42,0
14243,577,2025-04-20 08:08:00,11.227,29.56,0
14244,699,2025-06-01 22:39:00,21.73,20.92,0
14245,571,2025-02-20 13:41:00,17.179,38.0,0
14246,376,2025-04-22 19:51:00,11.437,67.28,0
14247,266,2025-05-11 08:04:00,10.716,43.47,0
14248,350,2025-05-09 16:34:00,1.886,11.23,1
14249,216,2025-05-07 02:52:00,17.038,107.75,0
14250,132,2025-02-04 22:45:00,10.395,50.24,0
14251,345,2025-06-14 06:10:00,18.471,22.8,0
14252,189,2025-05-03 18:07:00,8.587,45.33,0
14253,591,2025-01-22 02:52:00,10.716,992.7,1
14254,725,2025-04-26 02:28:00,16.264,46.53,0
14255,154,2025-06-13 18:21:00,17.887,48.66,0
14256,4,2025-01-05 07:02:00,0.295,116.59,1
14257,699,2025-06-09 16:09:00,11.665,20.76,0
14258,235,2025-03-01 10:39:00,13.397,15.91,0
14259,204,2025-02-23 13:19:00,8.527,24.04,0
14260,684,2025-03-29 18:29:00,8.007,68.67,0
14261,671,2025-05-09 21:58:00,13.831,75.33,0
14262,464,2025-01-19 13:00:00,15.607,39.83,0
14263,124,2025-02-17 11:13:00,19.496,17.77,0
14264,564,2025-05-26 08:23:00,21.477,145.4,0
14265,591,2025-02-12 07:36:00,16.388,13.82,0
14266,354,2025-03-04 21:40:00,19.432,24.26,0
14267,449,2025-04-26 11:25:00,9.827,19.92,0
14268,429,2025-02-15 02:39:00,19.433,81.8,0
14269,529,2025-01-10 00:08:00,11.547,30.38,0
14270,412,2025-04-05 22:59:00,13.737,130.53,0
14271,779,2025-01-18 08:46:00,8.299,66.42,0
14272,28,2025-03-11 12:41:00,14.553,16.62,0
14273,42,2025-04-29 19:49:00,17.118,27.16,0
14274,120,2025-05-14 02:38:00,11.529,22.83,0
14275,119,2025-06-21 08:04:00,19.321,105.9,0
14276,398,2025-06-06 21:41:00,20.967,68.87,0
14277,63,2025-01-07 03:02:00,15.99,9.84,0
14278,152,2025-03-29 13:56:00,11.417,53.27,0
14279,415,2025-01-05 03:00:00,17.874,33.28,0
14280,719,2025-05-25 05:12:00,12.124,12.62,0
14281,642,2025-01-14 11:00:00,10.279,18.06,0
14282,173,2025-05-20 21:48:00,11.993,29.45,0
14283,43,2025-01-01 07:11:00,14.146,5.96,0
14284,591,2025-01-20 23:29:00,11.16,41.78,0
14285,623,2025-06-17 02:18:00,12.722,37.46,0
14286,743,2025-02-03 12:06:00,13.539,28.56,0
14287,346,2025-03-27 07:51:00,18.554,36.03,0
14288,46,2025-04-04 16:04:00,20.007,29.21,0
14289,753,2025-05-05 13:55:00,19.549,14.24,0
14290,229,2025-06-18 07:34:00,10.705,20.97,0
14291,306,2025-03-16 22:47:00,19.337,18.8,0
14292,331,2025-04-19 15:03:00,16.967,57.93,0
14293,787,2025-06-29 12:05:00,11.329,14.92,0
14294,288,2025-01-20 11:32:00,13.264,22.49,0
14295,445,2025-03-28 09:18:00,12.837,35.75,0
14296,403,2025-02-24 14:55:00,14.092,10.34,0
14297,791,2025-06-19 01:37:00,19.828,24.31,0
14298,761,2025-04-21 16:34:00,13.762,35.65,0
14299,505,2025-04-27 22:19:00,8.765,39.6,0
14300,84,2025-02-03 17:02:00,18.323,45.87,0
14301,277,2025-06-20 14:13:00,19.018,18.85,0
14302,532,2025-01-13 02:53:00,16.012,14.46,0
14303,642,2025-03-31 03:00:00,14.652,23.85,0
14304,601,2025-05-06 21:46:00,18.809,40.51,0
14305,389,2025-06-08 04:45:00,8.309,27.49,0
14306,536,2025-02-19 04:57:00,16.179,14.2,0
14307,247,2025-03-02 02:23:00,21.327,204.03,0
14308,508,2025-01-07 19:59:00,19.12,18.43,0
14309,382,2025-04-30 00:22:00,11.857,12.01,0
14310,547,2025-02-05 10:52:00,20.848,19.92,0
14311,697,2025-04-22 02:14:00,10.834,69.83,0
14312,656,2025-01-16 06:41:00,15.657,55.2,0
14313,585,2025-03-29 15:07:00,16.75,145.87,0
14314,614,2025-03-28 03:20:00,8.477,15.58,0
14315,139,2025-04-01 06:24:00,9.781,27.48,0
14316,147,2025-02-25 13:26:00,15.621,78.71,0
14317,670,2025-01-31 14:55:00,10.533,15.12,0
14318,432,2025-05-20 15:37:00,13.868,88.49,0
14319,345,2025-06-13 02:02:00,17.881,35.98,0
14320,532,2025-02-19 19:58:00,16.755,18.48,0
14321,66,2025-03-23 18:11:00,20.239,8.87,0
14322,132,2025-01-20 14:48:00,20.896,53.15,0
14323,117,2025-01-28 06:20:00,20.972,114.02,0
14324,452,2025-03-05 10:59:00,13.493,45.94,0
14325,52,2025-05-07 18:41:00,9.707,48.07,0
14326,35,2025-05-02 02:48:00,17.34,43.22,0
14327,541,2025-05-11 21:20:00,20.866,73.2,0
14328,587,2025-01-17 00:24:00,18.77,93.37,0
14329,206,2025-01-09 02:54:00,17.758,3.48,0
14330,552,2025-02-19 12:24:00,19.236,27.1,0
14331,77,2025-03-01 21:47:00,13.737,21.34,0
14332,327,2025-04-03 12:32:00,15.025,40.7,0
14333,292,2025-04-16 04:00:00,10.798,25.49,0
14334,277,2025-02-03 20:14:00,17.402,49.98,0
14335,693,2025-05-28 21:14:00,12.872,45.72,0
14336,62,2025-05-15 09:29:00,11.744,7.56,0
14337,502,2025-02-25 21:48:00,11.509,6.14,0
14338,218,2025-04-27 05:56:00,15.15,64.1,0
14339,388,2025-02-23 22:30:00,15.56,18.0,0
14340,160,2025-01-11 21:42:00,19.567,138.42,0
14341,586,2025-05-13 13:58:00,20.829,69.22,0
14342,48,2025-01-16 12:13:00,12.328,8.37,0
14343,60,2025-02-09 10:57:00,12.646,18.49,0
14344,263,2025-02-24 12:30:00,11.937,42.4,0
14345,706,2025-06-11 06:42:00,12.229,24.49,0
14346,300,2025-04-16 11:54:00,18.199,30.47,1
14347,142,2025-05-23 06:35:00,16.807,14.42,0
14348,393,2025-06-13 10:47:00,9.09,46.14,0
14349,17,2025-06-10 17:59:00,16.016,35.55,0
14350,427,2025-04-20 15:41:00,19.868,1187.88,1
14351,289,2025-03-05 16:10:00,8.843,33.67,0
14352,516,2025-03-14 15:52:00,20.677,21.17,0
14353,46,2025-01-30 19:58:00,11.595,39.06,0
14354,141,2025-04-16 22:53:00,12.589,46.79,0
14355,133,2025-04-16 07:26:00,13.593,35.05,0
14356,589,2025-06-25 00:20:00,9.992,93.49,0
14357,591,2025-02-04 04:39:00,9.379,14.68,0
14358,93,2025-05-17 05:37:00,11.369,72.4,0
14359,323,2025-02-17 21:36:00,8.075,13.19,0
14360,563,2025-01-15 03:42:00,16.082,59.01,0
14361,5,2025-03-14 02:27:00,9.883,6.76,0
14362,80,2025-06-23 11:45:00,9.307,27.55,0
14363,515,2025-03-25 06:59:00,15.885,75.06,0
14364,451,2025-02-03 11:01:00,16.297,25.12,0
14365,565,2025-02-28 00:49:00,17.238,32.2,0
14366,373,2025-05-06 01:25:00,15.053,43.21,0
14367,721,2025-02-21 05:59:00,20.381,5.4,0
14368,100,2025-02-11 16:11:00,9.748,43.86,0
14369,123,2025-02-14 09:51:00,19.008,16.1,0
14370,508,2025-01-15 18:08:00,13.757,73.21,0
14371,685,2025-05-05 05:23:00,20.648,31.69,0
14372,18,2025-02-27 16:55:00,11.283,42.52,0
14373,566,2025-02-25 01:23:00,21.269,13.17,0
14374,778,2025-03-01 02:44:00,20.14,64.42,0
14375,450,2025-05-05 23:47:00,10.424,33.1,0
14376,664,2025-06-07 08:11:00,14.089,10.11,0
14377,209,2025-05-14 17:15:00,11.403,22.4,0
14378,643,2025-04-13 04:34:00,9.989,57.5,0
14379,366,2025-05-09 13:28:00,13.432,37.4,0
14380,238,2025-02-10 20:32:00,15.492,59.23,0
14381,158,2025-06-14 14:22:00,13.622,25.08,0
14382,682,2025-04-21 06:09:00,12.644,88.33,0
14383,574,2025-06-21 19:22:00,12.59,103.52,0
14384,630,2025-02-18 05:10:00,10.254,8.24,0
14385,562,2025-01-27 10:26:00,11.118,53.69,0
14386,204,2025-05-09 15:40:00,15.412,112.47,0
14387,153,2025-02-27 16:56:00,10.227,49.14,0
14388,518,2025-02-07 09:48:00,19.613,32.42,0
14389,202,2025-05-22 18:43:00,18.306,11.61,0
14390,518,2025-04-06 22:24:00,21.844,26.14,0
14391,720,2025-05-21 17:23:00,12.434,22.3,0
14392,599,2025-02-13 20:41:00,10.554,67.8,0
14393,377,2025-01-13 18:28:00,9.057,74.37,0
14394,727,2025-03-15 18:06:00,12.899,29.34,0
14395,440,2025-06-23 04:00:00,20.893,15.68,0
14396,375,2025-04-16 10:36:00,16.277,6.11,0
14397,766,2025-06-04 02:48:00,21.42,53.68,0
14398,268,2025-06-01 17:56:00,20.796,50.15,0
14399,165,2025-06-11 20:33:00,13.316,6.31,0
14400,111,2025-03-24 14:20:00,14.131,50.83,0
14401,501,2025-02-06 18:56:00,12.191,67.36,0
14402,407,2025-06-11 23:02:00,18.387,3.71,0
14403,619,2025-04-01 03:58:00,15.971,14.96,0
14404,117,2025-02-27 14:24:00,8.888,245.32,0
14405,255,2025-03-21 07:08:00,20.861,35.64,0
14406,96,2025-05-21 20:30:00,18.997,211.1,0
14407,247,2025-03-06 20:29:00,21.061,40.85,0
14408,768,2025-05-30 16:18:00,11.492,82.7,0
14409,717,2025-02-10 22:10:00,18.542,26.86,0
14410,396,2025-02-27 04:32:00,16.874,20.13,0
14411,391,2025-01-26 03:06:00,9.725,9.58,1
14412,795,2025-06-06 19:38:00,11.634,53.05,0
14413,125,2025-06-06 16:35:00,10.685,17.47,0
14414,80,2025-02-07 06:43:00,10.147,16.02,0
14415,328,2025-04-06 11:28:00,17.091,9.92,0
14416,752,2025-05-23 11:25:00,20.125,35.56,0
14417,638,2025-04-19 03:34:00,21.83,63.75,0
14418,287,2025-04-27 03:55:00,11.01,28.68,0
14419,363,2025-02-17 02:07:00,17.439,26.76,0
14420,48,2025-01-06 06:15:00,9.096,118.18,0
14421,216,2025-06-18 07:25:00,11.346,9.56,0
14422,536,2025-06-14 08:59:00,19.863,148.09,0
14423,336,2025-06-18 13:08:00,21.181,11.83,0
14424,783,2025-01-08 18:29:00,21.589,31.69,0
14425,356,2025-05-01 20:39:00,14.503,46.87,0
14426,677,2025-02-15 03:55:00,18.301,76.45,0
14427,581,2025-02-27 16:47:00,13.168,9.72,0
14428,406,2025-03-16 07:15:00,17.814,39.88,0
14429,695,2025-02-11 21:53:00,10.131,21.37,0
14430,696,2025-04-18 01:40:00,9.71,77.43,0
14431,257,2025-04-18 03:34:00,21.773,21.16,0
14432,222,2025-06-17 01:47:00,12.361,7.42,0
14433,566,2025-05-30 22:02:00,20.56,46.84,0
14434,21,2025-05-07 09:59:00,8.318,34.1,0
14435,561,2025-06-24 01:22:00,19.641,144.68,0
14436,348,2025-03-19 01:58:00,21.114,75.49,0
14437,613,2025-01-13 06:34:00,8.218,17.32,0
14438,104,2025-06-08 05:59:00,13.45,76.16,0
14439,460,2025-03-02 03:43:00,19.316,37.8,0
14440,428,2025-03-22 08:23:00,8.063,61.88,0
14441,11,2025-03-12 09:45:00,12.268,19.08,0
14442,419,2025-06-13 23:58:00,11.615,25.83,0
14443,524,2025-03-08 10:11:00,9.872,58.87,0
14444,324,2025-05-04 02:39:00,9.232,62.75,0
14445,489,2025-05-01 04:47:00,11.486,6.48,0
14446,261,2025-04-11 01:50:00,10.799,55.61,0
14447,489,2025-04-09 11:55:00,21.642,17.8,0
14448,194,2025-01-13 23:57:00,8.309,42.22,0
14449,225,2025-06-10 10:44:00,9.813,9.32,0
14450,56,2025-03-02 00:46:00,19.3,70.94,0
14451,78,2025-02-10 01:25:00,18.675,60.09,0
14452,107,2025-02-09 11:58:00,14.556,18.08,0
14453,151,2025-03-13 21:06:00,13.394,48.27,0
14454,574,2025-04-23 06:56:00,12.849,33.98,0
14455,172,2025-04-08 09:48:00,21.629,56.78,0
14456,284,2025-05-31 07:46:00,20.138,11.57,0
14457,138,2025-05-28 00:33:00,11.665,13.27,0
14458,339,2025-03-02 09:34:00,14.456,19.49,0
14459,195,2025-05-29 04:23:00,18.443,33.59,0
14460,263,2025-05-03 17:31:00,19.547,129.12,0
14461,54,2025-06-04 16:29:00,9.708,40.17,0
14462,403,2025-01-01 01:21:00,21.381,74.56,0
14463,215,2025-04-04 10:39:00,19.471,17.36,0
14464,520,2025-04-23 13:58:00,15.05,22.14,0
14465,798,2025-02-13 11:42:00,15.009,20.38,0
14466,388,2025-04-28 23:25:00,15.099,29.87,0
14467,409,2025-05-11 17:25:00,19.421,59.66,0
14468,664,2025-01-26 00:09:00,15.65,26.76,0
14469,275,2025-06-21 20:11:00,19.376,27.47,0
14470,112,2025-06-20 05:42:00,20.09,55.7,0
14471,576,2025-02-21 08:29:00,17.835,483.47,1
14472,519,2025-02-05 22:50:00,8.656,18.84,0
14473,375,2025-02-05 17:00:00,14.27,26.76,0
14474,309,2025-01-07 13:45:00,11.579,150.71,0
14475,23,2025-01-05 01:05:00,8.609,70.8,0
14476,445,2025-02-26 05:27:00,17.08,159.74,0
14477,437,2025-04-30 23:08:00,15.18,12.35,0
14478,412,2025-05-03 14:21:00,8.856,47.82,0
14479,243,2025-04-09 02:27:00,16.705,25.98,0
14480,121,2025-04-28 00:16:00,10.661,27.26,0
14481,456,2025-01-25 05:57:00,21.122,10.2,0
14482,496,2025-06-29 02:02:00,17.76,99.04,0
14483,138,2025-02-05 21:54:00,8.053,9.56,0
14484,96,2025-03-08 00:40:00,20.2,71.31,0
14485,386,2025-04-30 04:48:00,8.911,25.54,0
14486,38,2025-01-23 22:17:00,8.162,16.88,0
14487,154,2025-03-20 11:35:00,13.533,16.3,0
14488,509,2025-06-18 02:48:00,10.18,36.43,0
14489,239,2025-02-11 23:33:00,19.45,26.11,0
14490,368,2025-04-22 12:41:00,21.226,35.13,0
14491,549,2025-04-20 01:09:00,18.968,7.15,0
14492,141,2025-01-14 20:45:00,13.155,6.71,0
14493,182,2025-01-10 11:30:00,12.09,8.16,0
14494,237,2025-01-27 08:24:00,12.797,66.5,0
14495,333,2025-01-03 21:59:00,9.212,111.49,0
14496,447,2025-04-06 16:38:00,20.65,28.34,0
14497,58,2025-02-16 22:59:00,11.417,63.47,0
14498,379,2025-04-18 16:55:00,11.503,46.19,0
14499,549,2025-02-22 02:43:00,18.022,89.16,0
14500,681,2025-03-05 00:32:00,16.648,91.79,0
14501,431,2025-01-19 18:52:00,21.424,13.02,0
14502,500,2025-05-24 03:22:00,21.738,40.83,0
14503,651,2025-01-21 16:13:00,13.842,69.46,0
14504,581,2025-06-14 07:17:00,20.893,69.68,0
14505,428,2025-01-31 04:54:00,21.372,64.64,0
14506,453,2025-06-28 07:20:00,19.986,34.09,0
14507,795,2025-05-11 10:18:00,21.055,60.13,0
14508,605,2025-05-29 04:56:00,16.4,11.23,0
14509,192,2025-05-26 02:38:00,9.601,11.68,0
14510,362,2025-03-22 04:55:00,20.034,117.0,0
14511,593,2025-02-02 16:32:00,12.306,83.6,0
14512,417,2025-05-02 18:44:00,20.952,124.15,0
14513,345,2025-04-29 05:14:00,15.269,30.95,0
14514,486,2025-05-26 07:07:00,14.856,16.01,0
14515,300,2025-02-12 01:22:00,19.638,30.14,0
14516,542,2025-05-28 10:18:00,13.436,164.97,0
14517,585,2025-06-08 09:51:00,9.487,17.9,0
14518,718,2025-05-12 14:24:00,18.972,30.47,0
14519,764,2025-02-18 09:46:00,12.068,92.71,0
14520,569,2025-02-14 10:19:00,19.843,37.33,0
14521,604,2025-01-24 08:36:00,20.821,25.66,0
14522,617,2025-05-30 07:22:00,13.487,64.06,0
14523,264,2025-03-21 01:06:00,17.386,23.9,0
14524,732,2025-02-25 04:44:00,8.246,51.28,0
14525,407,2025-01-28 18:11:00,19.116,5.07,0
14526,694,2025-03-30 22:12:00,14.431,8.62,0
14527,173,2025-02-05 16:56:00,11.701,29.03,0
14528,248,2025-05-31 10:58:00,20.254,101.77,0
14529,496,2025-03-03 00:45:00,13.73,30.7,0
14530,462,2025-03-22 06:03:00,19.528,33.57,0
14531,322,2025-04-29 22:18:00,13.888,42.74,0
14532,176,2025-05-06 20:33:00,21.293,25.18,0
14533,182,2025-01-22 00:48:00,17.386,9.66,0
14534,581,2025-01-14 17:49:00,17.341,60.72,0
14535,16,2025-02-21 03:21:00,9.733,43.29,0
14536,95,2025-05-15 10:29:00,18.465,46.04,0
14537,740,2025-06-04 12:08:00,15.283,14.35,0
14538,783,2025-06-25 00:16:00,18.057,118.7,0
14539,63,2025-02-19 06:41:00,20.144,24.82,0
14540,113,2025-05-18 10:41:00,17.844,109.92,0
14541,263,2025-01-31 07:41:00,14.988,6.47,0
14542,468,2025-02-04 01:30:00,19.929,24.88,0
14543,152,2025-04-07 01:13:00,18.334,118.35,0
14544,785,2025-01-18 14:07:00,18.707,31.23,0
14545,395,2025-01-06 23:55:00,20.761,4.91,0
14546,429,2025-06-29 03:22:00,9.934,16.24,0
14547,155,2025-05-25 17:04:00,14.986,43.8,0
14548,246,2025-05-02 15:36:00,9.735,110.37,0
14549,588,2025-02-10 01:02:00,18.495,27.81,0
14550,506,2025-01-14 17:59:00,14.048,84.07,0
14551,179,2025-01-24 21:56:00,18.085,48.0,0
14552,353,2025-03-17 20:46:00,9.705,25.18,0
14553,148,2025-05-26 11:26:00,16.683,65.69,0
14554,326,2025-04-17 20:21:00,9.58,75.47,0
14555,173,2025-06-01 16:42:00,12.944,27.81,0
14556,783,2025-06-13 15:18:00,15.5,19.68,0
14557,238,2025-05-13 06:02:00,17.682,9.6,0
14558,379,2025-01-18 23:46:00,15.015,48.89,0
14559,513,2025-02-12 05:27:00,18.23,22.07,0
14560,32,2025-03-02 17:16:00,10.434,53.15,0
14561,167,2025-04-05 20:35:00,16.987,44.24,0
14562,791,2025-05-23 17:20:00,13.401,46.39,0
14563,557,2025-06-24 10:21:00,10.159,30.69,0
14564,193,2025-06-26 23:44:00,19.948,12.62,0
14565,344,2025-03-27 23:56:00,21.663,51.09,0
14566,685,2025-06-28 11:37:00,11.354,68.42,0
14567,157,2025-06-20 22:26:00,10.206,224.85,0
14568,239,2025-01-30 23:57:00,18.703,21.76,0
14569,192,2025-05-02 17:54:00,21.869,15.14,0
14570,531,2025-03-20 23:57:00,13.86,13.75,0
14571,421,2025-06-02 02:22:00,19.073,33.63,0
14572,400,2025-06-06 06:04:00,10.06,66.52,0
14573,302,2025-02-04 15:10:00,11.193,71.38,0
14574,262,2025-04-19 16:16:00,9.973,122.79,0
14575,410,2025-06-16 19:29:00,17.326,47.64,0
14576,639,2025-05-01 02:54:00,16.225,13.41,0
14577,650,2025-06-03 14:26:00,17.267,42.4,0
14578,627,2025-05-11 04:30:00,10.365,6.53,0
14579,36,2025-05-22 07:24:00,9.137,26.53,0
14580,392,2025-06-02 12:20:00,15.476,24.92,0
14581,314,2025-06-19 10:05:00,15.417,50.57,0
14582,748,2025-02-05 15:53:00,13.902,49.76,0
14583,332,2025-05-22 23:57:00,17.561,19.37,0
14584,197,2025-03-11 02:15:00,13.863,19.84,0
14585,200,2025-04-14 19:32:00,19.991,36.85,0
14586,155,2025-04-29 07:04:00,18.888,51.24,0
14587,353,2025-04-27 18:20:00,12.701,63.05,0
14588,211,2025-02-05 10:18:00,20.519,23.73,0
14589,453,2025-05-28 18:15:00,14.889,33.65,0
14590,184,2025-05-09 17:15:00,14.502,15.21,0
14591,467,2025-05-15 20:21:00,18.094,15.37,0
14592,492,2025-04-21 23:14:00,21.388,7.45,0
14593,535,2025-04-17 12:32:00,8.466,21.1,0
14594,706,2025-02-19 22:56:00,10.453,97.36,0
14595,61,2025-04-18 15:42:00,19.274,108.73,0
14596,42,2025-02-20 12:45:00,14.185,55.11,0
14597,368,2025-06-08 10:49:00,20.021,78.24,0
14598,412,2025-01-10 00:41:00,12.921,66.91,0
14599,606,2025-01-02 18:49:00,21.657,40.21,0
14600,181,2025-05-12 04:22:00,11.023,4.99,0
14601,364,2025-05-10 05:33:00,21.285,214.4,0
14602,489,2025-04-11 17:15:00,19.056,29.65,0
14603,525,2025-04-12 19:39:00,21.637,29.53,0
14604,434,2025-01-07 06:23:00,10.265,112.61,0
14605,472,2025-05-31 21:25:00,12.946,39.77,0
14606,131,2025-06-02 11:54:00,10.766,262.4,0
14607,371,2025-02-06 23:29:00,19.617,18.0,0
14608,433,2025-01-03 19:18:00,11.756,80.19,0
14609,63,2025-04-05 13:29:00,15.361,28.76,0
14610,774,2025-02-15 11:47:00,10.706,975.34,1
14611,506,2025-01-23 23:25:00,17.904,17.3,0
14612,574,2025-01-21 06:57:00,18.402,21.15,0
14613,427,2025-04-29 16:29:00,9.612,98.26,0
14614,744,2025-03-06 15:31:00,17.602,52.97,0
14615,4,2025-05-18 11:28:00,10.317,49.11,0
14616,766,2025-02-26 13:51:00,21.359,9.48,0
14617,165,2025-04-23 05:39:00,20.319,9.7,0
14618,707,2025-02-18 23:36:00,10.822,16.73,0
14619,49,2025-04-10 20:36:00,12.761,25.5,0
14620,250,2025-05-06 19:29:00,16.341,32.24,0
14621,456,2025-03-03 19:23:00,19.296,45.08,0
14622,526,2025-06-09 20:05:00,21.206,79.3,0
14623,12,2025-04-26 03:52:00,13.866,113.47,0
14624,287,2025-02-06 06:21:00,14.844,40.89,0
14625,673,2025-06-11 21:51:00,10.192,17.79,0
14626,146,2025-03-31 18:14:00,12.892,62.74,0
14627,757,2025-05-10 20:31:00,21.887,40.56,0
14628,568,2025-03-04 05:40:00,21.124,50.84,0
14629,780,2025-01-05 03:09:00,13.793,91.85,0
14630,722,2025-04-12 09:13:00,11.126,25.67,0
14631,181,2025-04-02 13:40:00,16.021,112.2,0
14632,752,2025-05-11 07:05:00,13.926,11.2,0
14633,396,2025-05-13 13:19:00,18.536,62.69,0
14634,206,2025-05-04 21:26:00,16.819,20.8,0
14635,712,2025-04-01 17:59:00,17.251,41.89,0
14636,376,2025-01-02 02:20:00,13.24,45.53,0
14637,549,2025-04-17 10:37:00,16.64,26.44,0
14638,488,2025-06-20 23:05:00,17.654,20.95,0
14639,238,2025-06-14 02:02:00,17.072,17.74,0
14640,786,2025-01-15 15:31:00,17.737,44.03,0
14641,667,2025-06-07 07:27:00,20.463,58.14,0
14642,423,2025-01-26 23:58:00,11.755,150.18,0
14643,459,2025-01-15 15:16:00,10.188,28.52,0
14644,55,2025-01-05 18:07:00,8.485,10.25,0
14645,583,2025-04-02 21:35:00,17.801,51.08,0
14646,727,2025-02-01 19:30:00,12.696,8.7,0
14647,775,2025-04-23 00:24:00,15.083,126.06,0
14648,447,2025-03-26 00:54:00,9.027,64.18,0
14649,798,2025-06-03 08:46:00,20.977,15.62,0
14650,638,2025-02-07 21:32:00,16.239,9.85,0
14651,403,2025-02-17 18:57:00,9.746,17.56,0
14652,640,2025-04-04 04:04:00,13.689,53.53,0
14653,125,2025-01-26 04:10:00,12.38,18.92,0
14654,540,2025-03-24 11:32:00,20.134,63.44,0
14655,495,2025-04-18 11:42:00,20.267,74.13,0
14656,394,2025-04-22 02:30:00,19.067,22.16,0
14657,515,2025-03-26 04:05:00,13.434,70.97,0
14658,681,2025-01-19 04:20:00,21.204,92.0,0
14659,457,2025-02-16 09:17:00,11.854,55.03,0
14660,303,2025-01-13 20:29:00,17.261,54.14,0
14661,337,2025-06-19 17:26:00,15.329,22.32,0
14662,454,2025-04-15 15:24:00,14.127,177.67,0
14663,465,2025-02-27 03:50:00,10.639,15.96,0
14664,250,2025-02-24 08:18:00,1.637,24.56,1
14665,427,2025-01-10 22:50:00,19.505,74.16,0
14666,230,2025-03-27 03:01:00,17.362,25.91,0
14667,755,2025-01-11 14:00:00,21.037,27.53,0
14668,427,2025-05-07 07:55:00,17.538,11.78,0
14669,670,2025-02-06 04:40:00,8.851,24.05,0
14670,303,2025-01-19 00:55:00,9.628,241.52,0
14671,314,2025-01-22 00:17:00,18.129,26.25,0
14672,230,2025-01-06 02:42:00,11.513,97.37,0
14673,456,2025-03-13 01:03:00,11.481,23.48,0
14674,493,2025-01-11 14:06:00,13.689,14.92,0
14675,452,2025-01-15 11:36:00,18.433,18.76,0
14676,669,2025-02-09 09:51:00,16.943,62.52,0
14677,408,2025-04-12 00:14:00,10.72,6.11,0
14678,656,2025-02-09 15:05:00,20.548,136.87,0
14679,46,2025-03-15 12:15:00,21.611,51.27,0
14680,288,2025-03-19 06:33:00,19.087,25.95,0
14681,570,2025-04-18 15:02:00,10.703,18.55,0
14682,306,2025-01-09 09:33:00,19.112,23.06,0
14683,585,2025-06-28 01:30:00,15.303,87.87,0
14684,473,2025-01-17 15:49:00,8.4,9.91,0
14685,387,2025-06-28 13:00:00,17.345,33.49,0
14686,446,2025-02-21 07:33:00,21.677,86.36,0
14687,721,2025-03-17 01:33:00,14.042,6.92,0
14688,542,2025-01-13 01:16:00,8.886,21.17,0
14689,787,2025-03-08 01:40:00,11.228,10.43,0
14690,76,2025-06-11 19:11:00,15.819,12.48,0
14691,650,2025-05-03 16:18:00,19.075,41.62,0
14692,713,2025-04-23 04:09:00,10.597,58.83,0
14693,742,2025-03-08 04:22:00,11.071,25.21,0
14694,431,2025-06-16 16:09:00,20.913,10.55,0
14695,390,2025-05-21 02:10:00,20.344,17.51,0
14696,466,2025-02-15 09:05:00,20.819,48.08,0
14697,731,2025-04-19 07:06:00,10.461,34.02,0
14698,693,2025-03-13 08:45:00,21.058,13.61,0
14699,748,2025-02-05 21:47:00,12.759,23.69,0
14700,775,2025-04-29 00:52:00,15.236,65.31,0
14701,498,2025-03-16 16:04:00,14.39,41.1,0
14702,207,2025-01-18 14:42:00,21.69,15.17,0
14703,120,2025-06-05 11:00:00,11.677,1054.27,1
14704,718,2025-04-20 02:45:00,21.409,22.33,0
14705,121,2025-04-10 14:29:00,21.428,20.88,0
14706,56,2025-06-29 21:57:00,20.844,38.9,0
14707,377,2025-05-08 18:50:00,13.001,14.54,0
14708,594,2025-06-26 06:02:00,13.25,24.61,0
14709,588,2025-05-08 18:33:00,10.857,80.88,0
14710,203,2025-01-31 11:21:00,14.657,252.4,0
14711,401,2025-03-28 18:54:00,11.481,8.89,0
14712,715,2025-04-02 15:34:00,16.78,17.34,0
14713,639,2025-02-23 04:31:00,20.148,86.45,0
14714,733,2025-02-25 16:06:00,21.295,12.82,0
14715,615,2025-04-18 08:11:00,14.127,31.6,0
14716,72,2025-03-16 02:20:00,14.042,147.38,0
14717,162,2025-01-21 08:24:00,15.204,19.55,0
14718,135,2025-04-15 15:06:00,20.763,28.63,0
14719,106,2025-04-18 12:38:00,9.102,12.49,0
14720,686,2025-05-28 00:25:00,12.288,60.61,0
14721,564,2025-01-19 11:49:00,10.76,8.37,0
14722,730,2025-03-24 07:23:00,18.853,20.13,0
14723,256,2025-06-12 07:46:00,13.296,12.39,0
14724,783,2025-02-17 15:56:00,21.5,27.07,0
14725,745,2025-05-14 21:31:00,21.709,154.44,0
14726,84,2025-03-03 20:33:00,20.332,47.66,0
14727,694,2025-02-02 14:49:00,15.126,42.36,0
14728,88,2025-05-08 23:26:00,21.033,44.34,0
14729,360,2025-05-22 05:43:00,13.277,34.36,0
14730,144,2025-06-14 16:27:00,13.499,97.76,0
14731,464,2025-05-11 15:41:00,14.621,65.0,0
14732,14,2025-02-25 04:41:00,17.76,12.36,0
14733,677,2025-05-12 02:52:00,8.889,76.34,0
14734,381,2025-01-06 20:01:00,15.502,42.25,0
14735,697,2025-03-02 08:25:00,21.522,50.36,0
14736,346,2025-02-08 08:16:00,8.942,7.02,0
14737,445,2025-04-05 02:14:00,9.208,35.02,0
14738,590,2025-05-05 05:39:00,21.213,31.32,0
14739,777,2025-04-16 10:32:00,19.637,20.1,0
14740,299,2025-02-02 14:18:00,8.009,82.59,0
14741,416,2025-03-09 20:32:00,14.319,9.46,0
14742,259,2025-01-17 06:43:00,12.333,394.24,0
14743,32,2025-04-11 20:55:00,10.346,14.31,0
14744,698,2025-05-14 18:02:00,8.732,50.98,0
14745,450,2025-02-13 22:09:00,11.499,41.55,0
14746,297,2025-04-06 00:23:00,17.138,89.12,0
14747,621,2025-06-07 11:30:00,12.255,133.26,0
14748,654,2025-01-21 13:47:00,12.307,24.71,0
14749,787,2025-06-22 20:39:00,11.675,40.29,0
14750,349,2025-03-01 17:57:00,9.36,24.87,0
14751,84,2025-02-28 19:29:00,16.302,16.15,0
14752,388,2025-05-09 13:21:00,18.239,35.97,0
14753,352,2025-03-03 15:09:00,21.72,34.25,0
14754,165,2025-03-15 02:39:00,11.172,35.31,0
14755,469,2025-02-08 22:01:00,10.281,25.86,0
14756,331,2025-01-25 07:09:00,17.902,45.95,0
14757,705,2025-06-05 15:50:00,12.525,65.42,0
14758,38,2025-01-18 12:33:00,15.12,13.34,0
14759,572,2025-01-30 09:43:00,17.919,57.33,0
14760,481,2025-05-29 11:36:00,13.874,122.06,0
14761,184,2025-05-24 19:04:00,13.199,12.61,0
14762,281,2025-02-08 19:33:00,14.155,39.61,0
14763,687,2025-05-30 19:39:00,14.397,50.35,0
14764,291,2025-05-11 12:51:00,8.011,65.5,0
14765,531,2025-02-26 22:03:00,10.641,71.7,0
14766,410,2025-01-15 06:08:00,16.531,91.73,0
14767,716,2025-05-20 19:44:00,8.244,39.02,0
14768,528,2025-05-03 12:25:00,11.87,15.76,0
14769,667,2025-03-23 12:50:00,14.166,26.28,0
14770,722,2025-02-19 07:42:00,14.186,111.06,0
14771,103,2025-03-04 17:18:00,8.669,17.32,0
14772,666,2025-02-19 03:05:00,20.255,53.01,0
14773,768,2025-06-10 19:23:00,9.267,68.82,0
14774,28,2025-02-06 16:42:00,20.26,57.11,0
14775,363,2025-03-23 15:14:00,21.871,73.62,0
14776,203,2025-04-26 08:42:00,10.501,34.12,0
14777,786,2025-01-10 22:35:00,8.988,32.27,0
14778,281,2025-04-01 08:13:00,9.696,149.62,0
14779,149,2025-04-25 05:07:00,19.936,4878.47,1
14780,76,2025-04-05 23:36:00,21.613,111.33,0
14781,634,2025-04-29 10:34:00,16.281,54.31,0
14782,47,2025-03-29 20:50:00,21.262,22.08,0
14783,243,2025-04-25 05:41:00,18.776,39.04,0
14784,443,2025-06-25 22:51:00,15.962,31.56,0
14785,35,2025-03-06 20:34:00,20.8,84.43,0
14786,139,2025-03-06 05:40:00,14.556,47.83,0
14787,795,2025-05-03 03:36:00,13.763,55.83,0
14788,366,2025-01-17 02:40:00,18.079,34.08,0
14789,242,2025-02-22 09:31:00,18.481,4.76,0
14790,695,2025-01-30 23:51:00,12.963,100.01,0
14791,64,2025-03-25 14:02:00,14.658,33.24,0
14792,211,2025-01-22 21:22:00,11.022,75.93,0
14793,688,2025-02-09 00:10:00,9.677,26.7,0
14794,602,2025-03-18 12:01:00,12.925,128.14,0
14795,345,2025-04-21 09:15:00,14.899,22.82,0
14796,784,2025-03-19 10:35:00,10.202,33.07,0
14797,461,2025-05-26 21:21:00,10.282,35.45,0
14798,596,2025-05-24 23:08:00,9.736,10.47,0
14799,787,2025-01-18 13:55:00,20.261,48.6,0
14800,403,2025-05-06 04:16:00,17.717,67.85,0
14801,384,2025-01-05 20:41:00,10.037,48.97,0
14802,530,2025-02-01 05:29:00,17.258,223.48,0
14803,53,2025-05-18 00:06:00,14.802,17.16,0
14804,342,2025-04-15 21:28:00,15.917,8.81,0
14805,552,2025-02-28 02:50:00,19.601,13.5,0
14806,303,2025-01-28 15:28:00,14.664,37.44,0
14807,568,2025-02-28 06:55:00,12.033,1946.47,1
14808,322,2025-05-21 06:46:00,18.922,40.24,0
14809,155,2025-04-12 15:40:00,10.232,231.04,1
14810,117,2025-01-24 10:27:00,20.946,115.94,0
14811,436,2025-03-29 14:42:00,21.181,31.91,0
14812,154,2025-02-06 05:05:00,12.829,11.66,0
14813,86,2025-01-22 21:08:00,18.812,77.81,1
14814,415,2025-01-16 13:44:00,20.908,58.64,0
14815,39,2025-05-17 21:04:00,20.869,42.33,0
14816,336,2025-01-29 20:27:00,9.601,128.07,0
14817,249,2025-02-01 17:29:00,10.349,32.2,0
14818,251,2025-06-05 21:52:00,14.866,43.78,0
14819,727,2025-05-29 16:26:00,15.729,16.04,0
14820,739,2025-04-01 10:06:00,12.817,19.93,0
14821,240,2025-05-18 13:58:00,9.073,23.96,0
14822,704,2025-01-05 03:16:00,14.013,60.94,0
14823,178,2025-01-31 02:25:00,11.936,20.38,0
14824,277,2025-03-05 15:11:00,14.267,32.4,0
14825,752,2025-05-17 11:28:00,11.826,29.28,0
14826,81,2025-01-17 07:19:00,14.103,33.56,0
14827,305,2025-04-29 23:15:00,16.233,18.99,0
14828,644,2025-01-13 15:14:00,13.045,29.66,0
14829,752,2025-06-26 17:27:00,10.949,13.92,0
14830,758,2025-02-07 13:48:00,13.552,33.91,0
14831,704,2025-05-09 03:06:00,11.647,34.22,0
14832,771,2025-04-23 01:38:00,8.899,37.09,0
14833,376,2025-03-12 05:44:00,16.873,54.76,0
14834,258,2025-05-18 09:14:00,16.874,148.82,0
14835,307,2025-04-22 14:38:00,12.452,9.28,0
14836,96,2025-03-23 01:46:00,21.429,26.01,0
14837,110,2025-04-30 03:17:00,19.046,16.86,0
14838,778,2025-02-21 15:45:00,20.634,44.91,0
14839,152,2025-05-15 05:12:00,14.572,61.66,0
14840,493,2025-05-07 03:04:00,15.333,13.26,0
14841,185,2025-03-26 08:27:00,17.68,45.14,0
14842,531,2025-04-29 10:23:00,16.233,69.94,0
14843,376,2025-05-29 23:38:00,17.355,49.17,0
14844,84,2025-04-26 13:44:00,14.054,26.71,0
14845,297,2025-02-21 15:35:00,9.86,60.11,0
14846,584,2025-02-19 19:30:00,19.369,28.54,0
14847,640,2025-06-23 09:37:00,13.423,72.22,0
14848,231,2025-05-26 12:18:00,16.517,46.41,0
14849,237,2025-02-25 21:03:00,13.166,30.11,0
14850,583,2025-05-10 00:04:00,14.75,12.79,0
14851,339,2025-01-07 18:11:00,16.946,35.48,0
14852,56,2025-05-05 15:31:00,16.099,14.85,0
14853,98,2025-02-06 00:34:00,9.973,14.67,0
14854,298,2025-02-26 00:46:00,11.296,26.49,0
14855,216,2025-06-16 22:32:00,10.434,32.93,0
14856,95,2025-01-26 00:37:00,16.062,13.46,0
14857,626,2025-05-23 05:01:00,13.524,30.67,0
14858,367,2025-03-14 13:08:00,11.45,28.94,0
14859,565,2025-03-21 02:04:00,8.617,21.66,0
14860,1,2025-03-25 02:21:00,18.745,28.5,0
14861,321,2025-06-12 22:16:00,8.757,58.62,0
14862,382,2025-04-01 00:39:00,13.331,25.67,0
14863,461,2025-02-14 09:27:00,14.381,55.73,0
14864,774,2025-01-02 07:22:00,14.343,32.84,0
14865,366,2025-02-12 00:58:00,9.939,79.05,0
14866,391,2025-01-29 12:45:00,17.932,67.0,0
14867,452,2025-01-24 05:05:00,11.18,29.53,1
14868,318,2025-06-28 17:25:00,16.807,20.3,0
14869,315,2025-03-21 15:18:00,13.292,51.59,0
14870,127,2025-06-29 19:54:00,15.296,23.0,0
14871,577,2025-04-03 13:01:00,14.331,9.99,0
14872,15,2025-02-09 11:12:00,21.374,63.04,0
14873,174,2025-01-27 03:00:00,12.851,21.45,0
14874,334,2025-05-17 18:19:00,10.142,6.68,0
14875,347,2025-01-21 15:05:00,13.052,32.92,0
14876,30,2025-01-10 08:14:00,14.987,74.01,0
14877,423,2025-03-12 06:45:00,8.927,21.84,0
14878,777,2025-02-26 18:29:00,20.858,26.49,0
14879,83,2025-02-11 20:54:00,10.782,52.16,0
14880,394,2025-04-03 12:19:00,0.918,24.32,1
14881,469,2025-04-14 08:49:00,13.659,32.21,0
14882,259,2025-03-20 03:07:00,15.776,71.62,0
14883,459,2025-04-05 09:07:00,17.562,60.18,0
14884,272,2025-05-01 06:56:00,8.909,41.94,0
14885,127,2025-01-30 05:55:00,13.795,9.22,0
14886,672,2025-03-08 12:43:00,11.943,55.85,0
14887,798,2025-01-03 09:21:00,10.359,25.51,0
14888,308,2025-06-24 09:06:00,17.366,51.78,0
14889,73,2025-04-27 01:29:00,10.319,10.4,0
14890,130,2025-05-25 12:20:00,16.16,74.11,0
14891,716,2025-05-20 02:51:00,13.466,17.87,0
14892,704,2025-01-02 02:21:00,21.667,49.41,0
14893,393,2025-03-29 21:20:00,20.692,73.84,0
14894,697,2025-06-06 13:41:00,8.106,47.84,0
14895,178,2025-04-14 14:09:00,19.352,47.67,0
14896,320,2025-04-18 14:42:00,10.361,37.56,0
14897,90,2025-06-23 02:35:00,14.587,13.19,0
14898,435,2025-05-15 21:55:00,19.368,101.06,0
14899,559,2025-05-19 04:28:00,12.025,84.08,0
14900,769,2025-05-24 18:49:00,18.274,25.77,0
14901,603,2025-03-02 02:03:00,11.373,2.25,0
14902,531,2025-06-25 04:52:00,20.222,78.31,0
14903,538,2025-06-03 01:18:00,14.146,8.16,0
14904,503,2025-01-06 22:21:00,10.79,53.57,0
14905,335,2025-04-09 17:29:00,8.747,19.54,0
14906,400,2025-02-14 13:00:00,16.491,51.4,0
14907,138,2025-04-04 22:45:00,17.56,15.63,0
14908,16,2025-05-26 12:12:00,17.527,35.16,0
14909,631,2025-05-05 12:53:00,14.965,8.94,0
14910,396,2025-05-24 22:46:00,13.639,35.43,0
14911,696,2025-03-19 07:22:00,16.666,34.88,0
14912,97,2025-01-14 22:28:00,8.467,62.16,0
14913,313,2025-06-08 12:56:00,11.352,23.87,0
14914,205,2025-01-15 05:36:00,11.577,43.89,0
14915,672,2025-01-31 02:40:00,18.898,25.49,0
14916,301,2025-05-11 01:27:00,14.179,50.31,0
14917,508,2025-03-17 22:39:00,8.641,47.86,0
14918,67,2025-03-27 18:15:00,20.531,70.74,0
14919,421,2025-01-12 16:12:00,13.395,13.7,0
14920,353,2025-01-31 18:25:00,9.078,32.53,0
14921,488,2025-05-07 23:18:00,13.858,43.92,0
14922,468,2025-04-12 22:08:00,21.293,150.03,0
14923,86,2025-02-18 15:40:00,19.22,170.97,0
14924,40,2025-03-14 00:20:00,16.309,11.8,0
14925,100,2025-03-18 13:50:00,18.628,21.4,0
14926,174,2025-06-16 03:08:00,15.23,4.74,0
14927,581,2025-06-09 13:05:00,19.256,202.82,0
14928,215,2025-03-28 09:28:00,19.763,45.12,0
14929,775,2025-02-03 12:45:00,12.723,55.69,0
14930,69,2025-04-13 03:54:00,14.235,27.18,0
14931,406,2025-01-01 09:43:00,11.171,34.89,0
14932,572,2025-04-27 10:56:00,17.59,86.38,0
14933,43,2025-04-15 01:28:00,9.919,15.16,0
14934,411,2025-06-11 19:00:00,14.609,14.18,0
14935,54,2025-03-20 18:11:00,21.532,28.87,0
14936,631,2025-04-12 03:11:00,14.523,35.28,0
14937,373,2025-01-10 21:25:00,8.956,54.58,0
14938,691,2025-05-29 10:34:00,8.257,35.56,0
14939,526,2025-02-23 07:46:00,21.302,17.8,0
14940,253,2025-05-17 07:29:00,17.9,25.81,0
14941,123,2025-02-13 00:56:00,17.935,40.32,0
14942,126,2025-03-04 13:23:00,13.179,59.37,0
14943,26,2025-02-16 21:52:00,15.016,77.86,0
14944,240,2025-06-11 18:32:00,15.818,28.1,0
14945,583,2025-05-23 03:20:00,18.738,19.87,0
14946,283,2025-05-07 17:39:00,15.131,437.33,1
14947,116,2025-02-24 20:31:00,12.294,89.01,0
14948,64,2025-05-13 01:09:00,15.456,24.69,0
14949,350,2025-03-30 03:11:00,17.537,19.0,0
14950,167,2025-05-09 16:46:00,8.811,40.01,0
14951,587,2025-02-17 19:02:00,14.631,127.33,0
14952,269,2025-04-08 02:08:00,12.824,16.71,0
14953,100,2025-06-21 02:20:00,20.546,56.17,0
14954,218,2025-01-15 02:51:00,13.437,24.32,0
14955,354,2025-05-20 08:36:00,16.805,38.25,0
14956,30,2025-05-06 15:16:00,14.377,66.97,0
14957,89,2025-03-18 04:34:00,19.386,92.59,0
14958,768,2025-06-13 18:42:00,21.017,22.91,0
14959,278,2025-05-11 20:34:00,9.17,63.79,0
14960,598,2025-04-05 22:51:00,8.275,42.32,0
14961,729,2025-02-26 16:02:00,17.865,48.31,0
14962,90,2025-05-04 13:43:00,16.841,94.05,0
14963,548,2025-01-15 19:13:00,15.762,19.82,0
14964,666,2025-02-16 06:46:00,14.031,65.06,0
14965,18,2025-03-19 11:51:00,18.497,39.68,0
14966,248,2025-02-10 09:33:00,17.851,90.23,0
14967,107,2025-04-12 15:00:00,13.833,48.59,0
14968,25,2025-06-06 22:06:00,12.55,31.01,0
14969,235,2025-03-04 21:12:00,21.466,70.27,0
14970,146,2025-03-15 06:46:00,13.681,22.22,0
14971,716,2025-03-14 06:38:00,10.926,25.41,0
14972,189,2025-05-11 10:45:00,21.442,19.19,0
14973,597,2025-05-09 14:19:00,17.887,21.2,0
14974,41,2025-02-12 04:25:00,15.817,3.92,0
14975,493,2025-06-11 04:19:00,18.748,23.26,0
14976,555,2025-04-27 13:08:00,11.107,33.0,0
14977,122,2025-06-10 22:32:00,15.812,64.3,0
14978,344,2025-06-07 13:36:00,11.83,16.75,0
14979,743,2025-04-14 14:59:00,20.081,23.45,0
14980,491,2025-05-07 16:04:00,9.914,30.4,0
14981,646,2025-04-24 07:23:00,11.045,64.57,0
14982,339,2025-04-20 16:39:00,11.413,40.42,0
14983,191,2025-04-06 21:44:00,14.127,47.23,0
14984,375,2025-02-11 14:31:00,9.862,70.88,0
14985,323,2025-03-08 19:44:00,15.622,52.33,0
14986,786,2025-05-07 23:00:00,18.259,21.61,0
14987,342,2025-05-13 20:50:00,8.114,137.51,0
14988,501,2025-03-26 03:32:00,20.421,7.64,0
14989,470,2025-01-21 00:34:00,19.931,71.81,0
14990,297,2025-01-25 03:29:00,8.712,49.77,0
14991,299,2025-06-10 22:08:00,8.957,94.7,0
14992,675,2025-01-23 16:12:00,16.035,29.04,0
14993,168,2025-02-21 01:40:00,12.39,23.53,0
14994,332,2025-01-12 07:08:00,14.866,14.49,0
14995,533,2025-02-09 09:18:00,15.944,14.95,0
14996,45,2025-06-01 02:19:00,16.929,30.62,0
14997,542,2025-02-19 07:39:00,18.243,17.84,0
14998,666,2025-05-31 07:39:00,19.999,19.81,0
14999,353,2025-05-27 02:37:00,16.493,14.99,0
15000,466,2025-05-07 00:22:00,9.471,80.04,0
15001,389,2025-02-18 09:37:00,9.907,19.63,0
15002,532,2025-06-29 11:55:00,16.592,48.27,0
15003,40,2025-04-20 17:12:00,17.923,31.64,0
15004,493,2025-05-19 13:58:00,18.557,46.2,0
15005,364,2025-03-03 18:26:00,15.261,28.37,0
15006,28,2025-04-30 08:39:00,16.405,65.06,0
15007,640,2025-04-29 03:39:00,21.644,57.18,0
15008,121,2025-04-18 11:46:00,12.875,92.1,0
15009,473,2025-04-17 11:49:00,10.998,20.63,0
15010,680,2025-05-07 13:03:00,21.566,17.78,0
15011,736,2025-06-29 14:21:00,20.863,25.64,0
15012,502,2025-06-06 10:51:00,8.099,38.33,0
15013,573,2025-02-25 23:19:00,13.626,53.35,0
15014,467,2025-06-10 00:16:00,18.288,21.2,0
15015,622,2025-03-04 23:10:00,10.485,41.07,0
15016,780,2025-02-14 18:48:00,8.447,30.24,0
15017,366,2025-02-05 18:40:00,8.51,28.29,0
15018,330,2025-05-07 15:23:00,15.907,34.76,0
15019,138,2025-03-25 12:04:00,11.224,116.29,0
15020,783,2025-05-30 00:54:00,11.61,65.88,0
15021,729,2025-05-31 17:23:00,8.212,81.01,0
15022,565,2025-04-07 21:04:00,18.163,46.77,0
15023,527,2025-02-07 23:30:00,19.811,143.2,0
15024,163,2025-01-21 03:19:00,18.269,71.32,0
15025,727,2025-06-23 01:17:00,9.908,11.19,0
15026,46,2025-02-25 06:56:00,21.401,62.64,0
15027,494,2025-01-03 08:50:00,21.47,45.88,0
15028,202,2025-03-13 10:33:00,11.628,57.58,0
15029,363,2025-05-25 22:14:00,21.763,10.54,0
15030,76,2025-01-17 10:53:00,14.219,10.85,0
15031,107,2025-05-05 11:49:00,8.584,32.44,0
15032,301,2025-03-16 20:27:00,16.056,8.59,0
15033,318,2025-06-12 22:41:00,15.374,61.44,0
15034,705,2025-03-22 18:41:00,20.016,39.39,0
15035,478,2025-04-04 22:13:00,12.979,2007.09,1
15036,25,2025-03-24 05:22:00,18.733,47.23,0
15037,744,2025-05-03 13:45:00,19.014,60.97,0
15038,488,2025-01-13 18:10:00,8.489,55.62,0
15039,663,2025-01-09 21:30:00,17.424,37.27,0
15040,739,2025-04-15 19:08:00,14.713,38.45,0
15041,410,2025-03-12 23:36:00,10.834,33.46,0
15042,143,2025-01-31 02:39:00,13.837,5.19,0
15043,358,2025-05-19 17:25:00,20.001,85.89,0
15044,549,2025-05-15 21:26:00,17.657,86.58,0
15045,26,2025-01-20 14:48:00,16.781,69.85,0
15046,756,2025-02-03 03:29:00,9.141,37.58,0
15047,280,2025-05-21 19:57:00,17.333,31.42,0
15048,527,2025-03-28 01:23:00,18.619,14.12,0
15049,785,2025-02-25 11:44:00,21.3,12.85,0
15050,692,2025-04-06 06:27:00,19.173,21.76,0
15051,592,2025-03-05 12:54:00,9.119,41.18,0
15052,239,2025-01-17 20:28:00,21.209,47.19,0
15053,419,2025-04-27 12:39:00,19.087,23.18,0
15054,401,2025-05-06 08:07:00,8.047,12.34,0
15055,689,2025-01-15 01:40:00,17.978,20.53,0
15056,31,2025-02-14 21:04:00,12.256,31.81,0
15057,18,2025-04-23 10:23:00,16.47,10.03,0
15058,94,2025-05-17 07:12:00,11.959,40.52,0
15059,766,2025-06-14 11:17:00,18.221,127.11,0
15060,432,2025-04-19 16:40:00,10.614,18.41,0
15061,559,2025-01-17 21:03:00,19.683,190.71,0
15062,75,2025-03-05 11:42:00,9.021,19.92,0
15063,10,2025-02-15 12:56:00,8.337,29.28,0
15064,520,2025-06-27 18:26:00,9.847,51.52,0
15065,564,2025-01-03 11:06:00,13.384,33.73,0
15066,341,2025-03-09 14:34:00,17.194,9.02,0
15067,66,2025-04-04 05:43:00,14.728,42.76,0
15068,391,2025-02-23 20:54:00,14.66,37.25,0
15069,511,2025-05-12 13:44:00,20.118,28.36,0
15070,170,2025-01-24 15:10:00,15.83,37.07,0
15071,240,2025-06-16 18:02:00,15.106,49.86,0
15072,597,2025-03-14 01:04:00,13.872,17.22,0
15073,169,2025-03-08 05:53:00,21.698,53.74,0
15074,79,2025-06-16 04:41:00,11.399,21.5,0
15075,502,2025-01-27 18:36:00,10.178,119.54,0
15076,18,2025-03-26 10:20:00,14.893,80.44,0
15077,347,2025-01-06 05:38:00,17.489,15.77,0
15078,455,2025-04-03 01:57:00,8.303,93.63,0
15079,51,2025-02-28 12:01:00,19.998,48.49,0
15080,522,2025-05-14 06:07:00,11.964,53.49,0
15081,657,2025-04-03 04:49:00,17.035,30.27,0
15082,778,2025-04-23 13:01:00,10.426,26.6,0
15083,212,2025-06-12 03:20:00,20.207,28.19,0
15084,261,2025-06-21 01:56:00,13.024,16.33,0
15085,494,2025-02-08 23:04:00,10.617,7.83,0
15086,479,2025-04-01 08:54:00,8.276,21.01,0
15087,487,2025-05-21 15:12:00,12.323,20.93,0
15088,251,2025-01-23 22:11:00,13.309,14.64,0
15089,44,2025-03-28 13:34:00,8.492,55.76,0
15090,19,2025-04-11 06:54:00,15.775,42.55,0
15091,797,2025-06-06 03:45:00,14.366,21.79,0
15092,325,2025-01-16 21:20:00,14.903,27.28,0
15093,358,2025-06-05 08:26:00,9.869,41.84,0
15094,500,2025-02-12 19:31:00,13.363,19.57,0
15095,164,2025-06-04 09:14:00,21.55,4.54,0
15096,305,2025-04-28 20:23:00,13.004,91.15,0
15097,349,2025-03-14 05:48:00,19.101,31.93,0
15098,75,2025-01-25 02:14:00,9.738,43.45,0
15099,482,2025-03-04 07:37:00,9.72,40.16,0
15100,155,2025-05-14 04:47:00,21.985,11.03,0
15101,2,2025-02-07 07:29:00,17.077,20.2,0
15102,496,2025-05-01 12:55:00,17.308,34.63,0
15103,240,2025-02-11 02:48:00,13.963,29.84,0
15104,574,2025-01-15 14:46:00,18.656,14.12,0
15105,429,2025-04-21 22:06:00,20.994,46.04,0
15106,23,2025-05-27 05:59:00,9.148,55.19,0
15107,555,2025-06-23 03:35:00,10.414,25.81,0
15108,32,2025-04-01 08:09:00,20.125,78.05,0
15109,250,2025-04-20 01:44:00,9.108,53.61,0
15110,548,2025-05-03 15:30:00,13.028,47.68,0
15111,323,2025-03-16 05:12:00,9.165,23.47,0
15112,307,2025-01-07 12:56:00,13.712,30.56,0
15113,176,2025-02-13 15:15:00,14.26,68.17,0
15114,355,2025-03-10 06:06:00,10.522,10.98,0
15115,234,2025-04-28 08:30:00,9.143,11.56,0
15116,756,2025-02-24 21:13:00,13.843,25.26,0
15117,549,2025-02-07 23:17:00,15.203,34.44,0
15118,727,2025-06-12 22:27:00,18.318,32.37,0
15119,269,2025-01-17 19:23:00,18.164,53.14,0
15120,760,2025-05-22 20:59:00,8.979,42.46,0
15121,223,2025-01-17 20:05:00,14.132,35.59,0
15122,247,2025-02-27 16:32:00,19.813,27.49,0
15123,238,2025-06-03 01:59:00,16.358,67.27,0
15124,471,2025-06-01 12:31:00,19.968,91.42,0
15125,490,2025-03-10 19:20:00,21.312,27.62,0
15126,51,2025-01-04 04:01:00,12.68,47.79,0
15127,448,2025-06-19 06:16:00,9.861,28.48,0
15128,762,2025-06-09 22:40:00,9.175,13.3,0
15129,325,2025-03-31 09:55:00,9.77,9.22,0
15130,559,2025-01-06 03:21:00,17.555,89.67,0
15131,505,2025-05-05 11:18:00,9.674,66.36,0
15132,783,2025-05-21 22:49:00,21.334,48.29,0
15133,514,2025-05-29 20:25:00,17.226,77.78,0
15134,376,2025-05-12 13:36:00,21.377,18.44,0
15135,10,2025-06-07 09:47:00,15.889,71.37,0
15136,643,2025-04-02 20:45:00,10.832,46.25,0
15137,271,2025-01-30 06:12:00,10.354,24.8,0
15138,739,2025-05-05 02:09:00,18.75,5.54,0
15139,195,2025-02-09 00:01:00,8.002,11.15,0
15140,349,2025-04-24 09:09:00,20.254,138.53,0
15141,663,2025-01-28 00:23:00,8.413,134.78,0
15142,121,2025-01-08 01:36:00,16.462,11.26,0
15143,220,2025-03-22 04:46:00,13.444,7.08,0
15144,633,2025-04-17 13:32:00,16.562,99.26,0
15145,253,2025-01-28 21:44:00,18.95,32.8,0
15146,766,2025-05-22 06:38:00,9.567,19.67,0
15147,430,2025-04-28 03:44:00,21.248,13.04,0
15148,660,2025-05-25 01:50:00,16.341,12.96,0
15149,437,2025-03-07 07:24:00,13.347,99.38,0
15150,36,2025-04-29 15:46:00,21.707,42.73,0
15151,648,2025-06-23 12:47:00,19.363,8.34,0
15152,335,2025-02-02 19:21:00,10.269,19.96,0
15153,310,2025-05-27 23:39:00,9.24,124.14,0
15154,589,2025-04-24 05:17:00,20.92,44.55,0
15155,224,2025-05-11 08:53:00,16.188,11.45,0
15156,342,2025-04-23 15:14:00,14.488,20.81,0
15157,486,2025-05-04 23:14:00,9.082,32.06,0
15158,474,2025-05-21 08:27:00,15.585,74.81,0
15159,582,2025-01-08 03:05:00,11.801,32.35,0
15160,65,2025-01-06 17:18:00,10.703,105.34,0
15161,794,2025-01-16 01:31:00,13.475,43.18,0
15162,486,2025-06-17 07:41:00,8.5,5.6,0
15163,494,2025-03-19 18:43:00,16.37,53.69,0
15164,706,2025-06-28 10:18:00,16.695,30.25,0
15165,392,2025-06-14 15:30:00,17.73,23.36,0
15166,24,2025-03-04 02:23:00,8.32,47.98,0
15167,106,2025-01-17 22:12:00,10.458,28.69,0
15168,757,2025-06-01 17:20:00,18.813,41.11,0
15169,789,2025-03-17 15:00:00,16.046,23.03,0
15170,67,2025-02-23 14:47:00,8.127,22.31,0
15171,547,2025-05-23 21:42:00,18.23,84.87,0
15172,528,2025-03-28 18:20:00,13.832,38.35,0
15173,132,2025-02-27 13:30:00,11.683,48.57,0
15174,629,2025-03-13 08:45:00,18.56,22.05,0
15175,367,2025-06-17 06:55:00,13.045,81.99,0
15176,184,2025-02-24 10:28:00,14.351,41.27,0
15177,448,2025-06-18 05:54:00,20.051,26.71,0
15178,724,2025-04-17 01:22:00,10.096,96.41,0
15179,173,2025-01-11 06:07:00,15.919,26.7,0
15180,495,2025-01-21 07:36:00,9.455,40.44,0
15181,585,2025-04-21 22:51:00,21.69,13.37,0
15182,500,2025-01-25 15:09:00,12.366,21.22,0
15183,520,2025-01-27 04:52:00,20.743,65.15,0
15184,580,2025-03-25 07:44:00,13.138,33.61,0
15185,186,2025-03-21 09:09:00,19.846,37.68,0
15186,81,2025-06-19 10:36:00,18.704,32.57,0
15187,791,2025-06-11 14:30:00,11.256,33.66,0
15188,255,2025-06-17 09:18:00,17.057,22.72,0
15189,758,2025-01-14 04:56:00,11.267,24.02,0
15190,214,2025-05-25 15:52:00,8.266,27.66,0
15191,212,2025-06-18 17:23:00,12.207,27.75,0
15192,19,2025-04-21 02:55:00,17.948,50.66,0
15193,353,2025-06-29 00:04:00,10.5,49.33,0
15194,755,2025-05-25 12:26:00,16.789,100.43,0
15195,715,2025-05-01 15:27:00,18.708,60.91,0
15196,243,2025-03-15 00:45:00,12.345,17.23,0
15197,325,2025-03-06 03:05:00,9.429,20.48,0
15198,535,2025-03-13 02:28:00,16.352,73.68,0
15199,763,2025-02-15 04:22:00,9.839,59.35,0
15200,483,2025-04-15 03:28:00,8.036,80.37,0
15201,160,2025-03-19 20:51:00,9.83,34.89,0
15202,284,2025-02-23 12:40:00,11.733,28.43,0
15203,579,2025-02-02 08:51:00,17.483,46.03,0
15204,18,2025-04-03 21:22:00,12.656,11.66,0
15205,479,2025-01-04 14:38:00,20.86,29.88,0
15206,615,2025-03-09 05:42:00,18.392,167.79,0
15207,276,2025-01-12 07:01:00,21.825,26.88,0
15208,431,2025-03-02 09:42:00,17.314,34.57,0
15209,574,2025-04-30 10:36:00,8.299,29.75,0
15210,476,2025-04-25 18:48:00,10.084,116.47,0
15211,19,2025-01-04 17:39:00,11.774,13.57,0
15212,468,2025-05-08 10:56:00,17.847,60.04,0
15213,184,2025-02-24 06:18:00,17.034,25.42,0
15214,591,2025-03-27 15:37:00,10.873,20.81,0
15215,209,2025-05-02 18:00:00,17.773,9.16,0
15216,782,2025-01-07 13:00:00,11.907,137.95,0
15217,93,2025-02-01 11:02:00,17.358,62.44,0
15218,712,2025-01-30 18:09:00,2.514,12.11,1
15219,27,2025-03-01 19:26:00,10.944,12.78,0
15220,546,2025-01-03 20:36:00,14.928,20.88,0
15221,282,2025-01-06 15:49:00,21.73,52.18,0
15222,156,2025-04-03 05:16:00,17.052,31.59,0
15223,174,2025-01-21 05:39:00,12.923,16.86,0
15224,30,2025-03-20 09:21:00,15.258,32.81,0
15225,106,2025-02-10 15:59:00,14.141,96.51,0
15226,313,2025-06-29 03:51:00,8.439,56.34,0
15227,125,2025-01-23 17:05:00,17.44,8.25,0
15228,774,2025-03-28 10:11:00,10.877,15.09,0
15229,661,2025-03-26 23:17:00,15.479,31.52,0
15230,377,2025-05-13 22:53:00,8.993,38.96,0
15231,75,2025-01-23 20:24:00,19.064,99.74,0
15232,788,2025-06-23 14:18:00,8.244,34.72,0
15233,579,2025-02-24 22:23:00,12.5,53.88,0
15234,146,2025-01-07 06:49:00,13.366,6.08,0
15235,43,2025-05-11 05:48:00,18.813,25.47,0
15236,495,2025-04-08 14:56:00,21.63,61.22,0
15237,32,2025-04-28 16:38:00,10.679,158.56,0
15238,491,2025-06-14 01:35:00,9.947,11.98,0
15239,353,2025-03-10 22:33:00,16.704,30.51,0
15240,704,2025-06-13 10:15:00,11.042,8.55,0
15241,305,2025-06-17 14:18:00,8.339,29.73,0
15242,358,2025-04-09 13:55:00,11.245,80.54,0
15243,436,2025-05-22 16:48:00,11.283,73.25,0
15244,786,2025-01-07 01:49:00,15.721,33.66,0
15245,562,2025-04-20 07:00:00,14.3,28.46,0
15246,535,2025-01-15 11:28:00,12.668,280.34,0
15247,247,2025-03-20 14:53:00,12.047,29.4,0
15248,386,2025-05-15 23:24:00,11.75,22.52,0
15249,155,2025-01-11 19:21:00,20.065,22.29,0
15250,313,2025-03-15 03:57:00,14.451,10.81,0
15251,657,2025-03-16 07:31:00,19.969,49.69,0
15252,79,2025-02-12 20:47:00,21.941,58.76,0
15253,132,2025-04-09 03:33:00,14.938,57.13,0
15254,468,2025-05-26 11:22:00,20.999,64.98,0
15255,638,2025-06-28 09:11:00,10.444,21.71,0
15256,780,2025-06-13 02:43:00,12.337,30.65,0
15257,469,2025-06-21 06:56:00,17.225,87.85,0
15258,525,2025-02-06 15:28:00,11.332,24.0,0
15259,231,2025-01-21 04:45:00,16.285,22.3,0
15260,327,2025-02-02 21:42:00,20.585,77.48,0
15261,251,2025-06-26 06:25:00,21.631,18.49,0
15262,87,2025-02-09 07:58:00,15.488,13.99,0
15263,296,2025-05-16 19:56:00,18.314,15.1,0
15264,174,2025-03-15 00:29:00,16.445,303.72,0
15265,736,2025-05-03 17:57:00,13.879,78.22,1
15266,602,2025-05-16 12:56:00,12.991,57.49,0
15267,783,2025-06-12 15:23:00,16.598,16.5,0
15268,704,2025-01-16 15:15:00,12.839,52.11,0
15269,254,2025-02-28 12:14:00,18.486,135.66,0
15270,750,2025-01-22 06:37:00,9.766,46.7,0
15271,753,2025-03-13 20:59:00,18.06,14.44,0
15272,402,2025-03-07 16:25:00,15.155,53.65,0
15273,164,2025-06-06 18:29:00,9.145,30.78,0
15274,622,2025-05-07 15:03:00,19.754,39.05,0
15275,90,2025-01-19 17:14:00,15.698,16.16,0
15276,288,2025-03-22 04:58:00,18.288,19.02,0
15277,425,2025-05-08 15:34:00,9.732,23.97,0
15278,690,2025-05-14 08:57:00,10.172,18.78,0
15279,781,2025-05-26 18:25:00,20.301,33.38,0
15280,654,2025-02-10 10:20:00,14.536,20.25,0
15281,387,2025-06-09 07:28:00,12.142,129.64,0
15282,67,2025-06-12 15:17:00,15.264,51.87,0
15283,639,2025-02-09 10:49:00,13.201,64.19,0
15284,685,2025-04-29 19:54:00,21.633,31.32,0
15285,378,2025-05-03 06:20:00,10.758,7.04,0
15286,443,2025-06-08 07:04:00,15.421,68.5,0
15287,680,2025-01-16 10:18:00,12.654,32.06,0
15288,105,2025-02-11 20:05:00,10.312,48.84,0
15289,650,2025-06-04 23:21:00,17.541,33.06,0
15290,410,2025-01-07 10:43:00,9.918,5.89,0
15291,548,2025-03-28 17:22:00,11.843,24.8,0
15292,152,2025-02-22 20:02:00,14.823,18.07,0
15293,492,2025-04-23 08:23:00,13.933,41.32,0
15294,214,2025-03-27 04:10:00,20.748,50.5,0
15295,414,2025-06-03 05:56:00,17.114,196.19,0
15296,419,2025-01-14 22:16:00,8.972,50.84,0
15297,765,2025-04-02 02:01:00,10.005,22.35,0
15298,536,2025-04-04 08:09:00,16.207,24.95,0
15299,445,2025-04-02 13:24:00,11.157,52.87,0
15300,321,2025-01-14 22:15:00,10.74,68.8,0
15301,269,2025-03-25 15:18:00,21.826,12.92,0
15302,521,2025-06-08 12:38:00,17.933,28.72,0
15303,705,2025-04-19 02:59:00,12.235,30.92,0
15304,457,2025-01-20 14:55:00,8.39,9.61,0
15305,528,2025-05-10 02:50:00,19.131,62.27,0
15306,262,2025-06-17 03:31:00,16.081,41.91,0
15307,446,2025-05-25 22:19:00,12.359,29.91,0
15308,457,2025-01-17 20:23:00,15.383,42.53,0
15309,545,2025-01-06 08:45:00,20.551,59.03,0
15310,252,2025-02-01 17:27:00,8.888,164.44,0
15311,279,2025-03-04 15:41:00,18.248,59.1,0
15312,287,2025-06-16 12:54:00,20.079,14.0,0
15313,336,2025-03-19 20:31:00,15.287,334.08,0
15314,233,2025-06-24 15:11:00,21.453,14.26,0
15315,156,2025-01-18 18:21:00,11.243,47.8,0
15316,400,2025-05-18 01:47:00,18.097,29.66,0
15317,684,2025-05-16 07:00:00,13.948,31.83,0
15318,25,2025-06-22 16:49:00,13.307,47.4,0
15319,532,2025-04-05 02:49:00,16.908,50.37,0
15320,653,2025-04-20 00:06:00,16.532,105.6,0
15321,659,2025-01-01 08:08:00,13.14,20.67,0
15322,682,2025-06-08 16:13:00,13.257,48.19,0
15323,253,2025-04-24 15:31:00,14.718,56.92,0
15324,80,2025-05-07 03:49:00,21.9,229.99,0
15325,796,2025-03-03 00:34:00,19.179,52.2,0
15326,559,2025-01-14 23:15:00,13.128,13.95,0
15327,285,2025-05-11 20:00:00,13.084,105.1,0
15328,681,2025-05-12 21:40:00,20.555,24.55,0
15329,282,2025-02-02 08:16:00,18.91,17.58,0
15330,599,2025-05-29 10:26:00,17.15,101.15,0
15331,768,2025-01-01 05:13:00,17.998,38.92,0
15332,592,2025-04-28 12:35:00,8.798,29.84,1
15333,524,2025-01-16 15:04:00,9.297,134.84,0
15334,152,2025-05-16 08:21:00,12.42,23.23,0
15335,7,2025-03-21 06:31:00,14.616,23.09,1
15336,340,2025-02-28 22:14:00,17.954,52.07,0
15337,498,2025-05-15 15:24:00,18.95,5.75,0
15338,489,2025-05-25 14:35:00,20.387,39.82,0
15339,197,2025-04-19 16:54:00,11.793,37.3,0
15340,482,2025-05-13 00:02:00,18.472,17.68,0
15341,312,2025-01-03 16:39:00,21.926,34.52,0
15342,279,2025-05-28 20:57:00,10.915,43.07,0
15343,687,2025-04-17 11:44:00,8.976,33.81,0
15344,577,2025-01-29 06:46:00,20.551,67.25,0
15345,391,2025-03-28 18:59:00,9.889,43.43,0
15346,15,2025-04-23 20:40:00,18.077,30.56,0
15347,567,2025-05-24 09:04:00,13.423,61.34,0
15348,590,2025-04-04 06:02:00,12.977,43.38,0
15349,133,2025-02-16 04:47:00,21.168,386.25,0
15350,605,2025-02-15 18:45:00,12.916,79.36,0
15351,319,2025-05-10 09:46:00,13.707,22.91,0
15352,586,2025-06-05 05:15:00,8.22,8.84,0
15353,671,2025-04-24 17:16:00,10.57,20.35,0
15354,560,2025-05-24 19:55:00,13.061,6.83,0
15355,752,2025-04-23 03:19:00,17.323,59.58,0
15356,780,2025-03-30 10:17:00,8.895,27.73,1
15357,259,2025-03-14 23:59:00,12.893,18.92,0
15358,47,2025-03-30 01:22:00,13.114,56.47,0
15359,138,2025-01-03 07:30:00,19.074,26.05,0
15360,298,2025-04-15 03:24:00,11.85,47.97,0
15361,18,2025-02-03 18:36:00,20.487,28.29,0
15362,316,2025-06-12 00:49:00,21.216,37.22,0
15363,101,2025-06-01 23:09:00,11.102,98.26,0
15364,90,2025-03-30 22:28:00,13.289,72.77,0
15365,668,2025-04-22 00:46:00,18.268,110.13,0
15366,595,2025-01-07 18:45:00,11.761,46.1,0
15367,364,2025-04-15 01:34:00,19.564,8.23,0
15368,453,2025-06-03 00:35:00,21.634,20.24,0
15369,233,2025-04-05 14:59:00,16.839,9.61,0
15370,388,2025-06-04 22:12:00,10.258,72.98,0
15371,620,2025-01-14 20:20:00,8.027,35.43,0
15372,417,2025-06-25 10:56:00,13.738,95.86,0
15373,634,2025-03-04 13:55:00,11.176,80.29,0
15374,387,2025-01-05 21:24:00,18.835,31.65,0
15375,289,2025-04-22 10:43:00,14.577,141.46,0
15376,715,2025-04-21 14:38:00,16.851,75.4,0
15377,721,2025-01-23 14:22:00,16.488,37.36,0
15378,182,2025-03-04 10:46:00,8.508,49.56,0
15379,370,2025-06-15 18:41:00,17.912,108.47,0
15380,617,2025-02-04 00:56:00,19.56,50.07,0
15381,208,2025-01-14 01:50:00,14.597,20.54,0
15382,599,2025-05-28 21:38:00,16.149,13.65,0
15383,719,2025-05-03 08:40:00,10.013,28.32,0
15384,188,2025-03-31 19:26:00,17.222,20.3,0
15385,122,2025-02-24 05:21:00,21.155,41.21,0
15386,755,2025-06-06 19:42:00,17.967,23.18,0
15387,796,2025-06-05 11:04:00,8.203,25.75,0
15388,686,2025-01-01 03:33:00,12.332,92.34,0
15389,490,2025-05-29 19:56:00,21.355,131.65,0
15390,68,2025-03-27 02:56:00,17.355,18.79,0
15391,732,2025-03-01 23:28:00,12.546,26.26,0
15392,159,2025-03-04 16:54:00,16.406,29.12,0
15393,143,2025-03-25 04:19:00,10.286,44.99,0
15394,573,2025-04-14 06:38:00,20.945,46.09,0
15395,311,2025-06-22 15:21:00,13.46,23.32,0
15396,694,2025-01-05 12:16:00,10.689,52.62,0
15397,698,2025-04-20 10:08:00,9.049,24.19,0
15398,644,2025-01-12 19:52:00,8.49,25.96,0
15399,669,2025-01-02 01:55:00,17.031,16.91,0
15400,436,2025-02-24 13:15:00,17.54,80.14,0
15401,697,2025-05-20 21:40:00,17.22,72.42,0
15402,732,2025-03-04 05:03:00,12.398,46.19,0
15403,224,2025-03-07 00:52:00,19.095,59.48,0
15404,340,2025-06-12 10:49:00,19.759,84.96,0
15405,494,2025-02-19 15:37:00,16.443,63.88,0
15406,687,2025-05-19 04:58:00,16.617,62.65,0
15407,311,2025-05-30 18:50:00,10.694,24.83,0
15408,208,2025-04-27 14:35:00,20.013,10.51,0
15409,256,2025-06-24 03:43:00,9.184,18.6,0
15410,639,2025-06-27 01:43:00,19.233,202.61,0
15411,416,2025-01-12 04:00:00,13.861,28.95,0
15412,203,2025-01-31 15:10:00,9.374,125.95,0
15413,572,2025-03-12 06:20:00,8.86,53.98,0
15414,528,2025-04-30 21:31:00,21.839,34.17,0
15415,414,2025-02-20 08:22:00,15.967,17.01,0
15416,495,2025-04-25 17:20:00,14.222,19.94,0
15417,184,2025-06-11 14:17:00,20.956,31.5,0
15418,146,2025-01-02 02:53:00,14.482,31.43,0
15419,645,2025-06-06 04:26:00,2.829,54.19,1
15420,544,2025-03-29 11:58:00,19.952,20.34,0
15421,782,2025-06-12 04:49:00,18.501,20.94,0
15422,751,2025-05-03 10:40:00,9.332,70.34,0
15423,290,2025-01-08 16:17:00,3.274,159.85,1
15424,370,2025-06-12 09:58:00,16.782,37.48,0
15425,679,2025-01-10 00:28:00,13.719,49.9,0
15426,2,2025-02-15 01:17:00,18.73,31.12,0
15427,691,2025-04-10 06:02:00,9.035,33.25,0
15428,134,2025-06-12 17:08:00,10.499,29.55,0
15429,208,2025-01-31 01:00:00,17.487,26.46,0
15430,385,2025-04-07 21:01:00,16.814,54.56,0
15431,564,2025-01-21 06:41:00,15.342,57.34,0
15432,283,2025-03-03 03:28:00,17.444,28.8,0
15433,750,2025-02-16 20:44:00,21.299,22.11,0
15434,626,2025-03-19 00:23:00,9.824,23.89,0
15435,591,2025-05-08 16:36:00,12.8,58.95,0
15436,618,2025-05-10 17:04:00,12.108,18.42,0
15437,24,2025-05-01 21:32:00,21.093,15.52,0
15438,658,2025-01-05 22:41:00,10.621,43.87,0
15439,483,2025-05-22 08:01:00,13.149,33.18,0
15440,148,2025-04-27 09:59:00,20.682,31.32,0
15441,622,2025-01-12 07:05:00,17.381,68.17,0
15442,84,2025-06-20 09:55:00,8.436,33.58,0
15443,494,2025-05-18 22:54:00,21.443,20.73,0
15444,455,2025-05-05 12:34:00,8.842,40.12,0
15445,22,2025-03-30 07:28:00,15.307,20.77,0
15446,299,2025-05-24 01:18:00,11.39,71.06,0
15447,96,2025-02-26 08:08:00,16.846,35.64,0
15448,757,2025-05-11 11:07:00,11.971,15.37,0
15449,641,2025-04-20 20:25:00,19.446,39.64,0
15450,796,2025-04-20 20:14:00,15.913,18.53,0
15451,390,2025-05-24 21:58:00,12.381,79.62,0
15452,263,2025-02-01 04:13:00,20.119,32.34,0
15453,766,2025-01-19 16:44:00,18.881,57.92,0
15454,245,2025-04-10 22:47:00,14.904,21.34,0
15455,331,2025-05-26 07:30:00,14.877,29.98,0
15456,106,2025-02-15 15:16:00,14.55,48.77,0
15457,657,2025-04-13 11:58:00,15.561,30.86,0
15458,95,2025-06-22 07:05:00,20.014,17.15,0
15459,28,2025-04-22 14:38:00,9.033,62.16,0
15460,666,2025-01-15 03:51:00,13.438,43.88,0
15461,672,2025-06-08 05:04:00,18.502,14.81,0
15462,682,2025-06-25 16:43:00,21.497,26.18,0
15463,687,2025-05-08 19:08:00,10.144,18.16,0
15464,113,2025-04-20 21:41:00,8.609,23.73,0
15465,289,2025-04-16 00:49:00,19.271,24.39,0
15466,612,2025-04-23 04:29:00,21.586,28.95,0
15467,247,2025-03-02 11:37:00,18.006,11.25,0
15468,622,2025-04-27 01:13:00,15.757,25.1,0
15469,727,2025-04-02 20:32:00,11.267,75.65,0
15470,769,2025-05-23 13:27:00,21.417,139.02,0
15471,622,2025-05-31 13:58:00,18.112,14.05,0
15472,637,2025-05-08 18:24:00,17.718,82.95,0
15473,478,2025-06-29 05:01:00,20.347,209.36,0
15474,62,2025-03-22 18:22:00,20.259,29.91,0
15475,349,2025-05-17 02:34:00,9.13,52.67,0
15476,762,2025-03-03 16:25:00,8.279,78.82,0
15477,729,2025-05-23 05:30:00,11.118,24.7,0
15478,190,2025-02-18 03:08:00,20.744,74.87,0
15479,597,2025-05-06 21:29:00,15.471,30.04,0
15480,245,2025-01-03 13:40:00,17.065,75.31,0
15481,333,2025-05-19 01:13:00,12.844,117.77,0
15482,519,2025-02-22 07:01:00,13.948,95.79,0
15483,397,2025-02-13 18:32:00,12.2,27.23,0
15484,483,2025-03-02 02:53:00,21.165,56.5,0
15485,78,2025-03-18 06:57:00,13.769,24.06,0
15486,237,2025-01-24 02:23:00,19.703,14.06,0
15487,648,2025-04-11 01:54:00,10.176,29.33,0
15488,495,2025-01-23 07:20:00,12.441,67.33,0
15489,673,2025-04-09 21:41:00,10.54,28.16,0
15490,772,2025-03-08 08:52:00,12.108,112.17,0
15491,284,2025-04-18 12:11:00,17.346,37.24,0
15492,211,2025-01-28 05:56:00,9.98,14.87,0
15493,247,2025-06-25 05:40:00,15.504,28.11,0
15494,457,2025-01-03 16:43:00,8.044,20.98,0
15495,201,2025-06-03 22:46:00,21.763,100.42,0
15496,312,2025-03-05 08:26:00,8.498,52.43,0
15497,138,2025-05-30 00:14:00,18.562,33.31,0
15498,308,2025-04-18 08:09:00,20.17,63.51,0
15499,758,2025-05-30 11:11:00,21.947,18.86,0
15500,339,2025-04-10 21:41:00,17.102,14.11,0
15501,607,2025-05-23 19:11:00,16.492,12.81,0
15502,344,2025-04-29 00:07:00,15.806,8.11,0
15503,346,2025-05-03 06:09:00,18.705,14.98,0
15504,526,2025-04-13 20:41:00,20.19,54.98,0
15505,88,2025-02-16 04:15:00,15.388,62.78,0
15506,284,2025-06-02 19:13:00,18.082,17.48,0
15507,111,2025-06-04 00:54:00,21.474,7.02,0
15508,159,2025-05-11 03:39:00,9.566,25.32,0
15509,567,2025-02-20 08:26:00,16.256,52.2,0
15510,139,2025-03-15 07:44:00,8.943,68.19,0
15511,162,2025-05-11 11:31:00,14.099,42.52,0
15512,458,2025-02-03 14:51:00,18.166,15.65,0
15513,278,2025-01-20 23:26:00,13.324,62.67,0
15514,98,2025-03-14 11:35:00,9.401,47.99,0
15515,765,2025-04-09 12:14:00,19.619,63.25,0
15516,738,2025-06-10 20:38:00,11.416,17.16,0
15517,464,2025-02-27 09:13:00,15.033,52.78,0
15518,419,2025-02-08 22:07:00,10.097,70.11,0
15519,646,2025-05-07 19:15:00,21.851,11.88,0
15520,779,2025-06-07 12:13:00,13.358,21.39,0
15521,83,2025-06-03 22:50:00,19.503,10.37,0
15522,78,2025-04-24 20:28:00,13.384,18.27,0
15523,264,2025-01-03 19:04:00,12.895,32.22,0
15524,243,2025-04-28 12:20:00,11.367,10.99,0
15525,716,2025-01-21 13:52:00,13.664,85.21,0
15526,406,2025-05-22 17:50:00,20.254,86.2,0
15527,648,2025-06-16 14:13:00,17.263,31.53,0
15528,533,2025-04-20 22:28:00,8.743,20.7,0
15529,578,2025-02-13 01:39:00,15.575,33.79,0
15530,765,2025-02-23 18:11:00,14.969,112.46,0
15531,469,2025-05-12 13:00:00,17.617,57.69,0
15532,621,2025-05-17 19:01:00,18.574,8.3,0
15533,215,2025-05-27 06:12:00,15.92,5.77,0
15534,207,2025-01-19 07:13:00,20.263,16.96,0
15535,468,2025-05-14 07:10:00,16.988,33.81,0
15536,721,2025-06-22 20:58:00,12.732,8.97,0
15537,40,2025-01-06 18:42:00,13.269,29.68,0
15538,400,2025-03-19 14:18:00,20.02,9.15,0
15539,161,2025-05-13 09:01:00,11.638,35.22,0
15540,707,2025-04-06 05:59:00,9.996,41.65,0
15541,414,2025-06-23 01:59:00,18.532,136.82,0
15542,33,2025-05-02 17:21:00,13.985,31.49,0
15543,1,2025-03-08 09:11:00,11.173,26.34,0
15544,511,2025-04-22 23:29:00,19.614,101.72,0
15545,185,2025-05-08 20:18:00,10.589,59.02,0
15546,32,2025-05-21 16:28:00,18.254,36.21,0
15547,121,2025-02-19 18:20:00,12.763,27.44,0
15548,123,2025-06-14 21:23:00,17.973,136.46,0
15549,276,2025-06-29 13:00:00,18.82,19.48,0
15550,574,2025-02-08 19:36:00,10.202,10.74,0
15551,686,2025-02-07 12:01:00,19.547,30.02,0
15552,425,2025-03-11 05:54:00,16.658,27.18,0
15553,757,2025-02-25 00:02:00,20.027,91.81,0
15554,633,2025-02-03 13:20:00,8.44,39.64,0
15555,132,2025-01-31 05:21:00,18.596,72.78,0
15556,588,2025-05-08 18:43:00,21.803,4.51,0
15557,184,2025-06-21 22:21:00,17.84,26.79,0
15558,770,2025-01-18 05:30:00,20.849,113.97,0
15559,677,2025-04-13 20:33:00,13.807,14.76,0
15560,51,2025-02-20 08:43:00,17.822,27.99,0
15561,138,2025-02-14 10:58:00,15.941,68.48,0
15562,353,2025-04-13 23:29:00,12.693,23.37,0
15563,593,2025-01-25 05:03:00,16.725,65.45,0
15564,441,2025-01-15 23:08:00,13.052,21.59,0
15565,68,2025-06-07 11:09:00,21.291,33.97,0
15566,502,2025-03-22 07:01:00,19.167,59.87,0
15567,518,2025-01-12 06:41:00,20.192,14.61,0
15568,743,2025-06-07 18:52:00,16.9,18.25,0
15569,244,2025-04-26 18:53:00,19.766,72.73,1
15570,30,2025-05-13 21:57:00,13.136,18.64,0
15571,599,2025-04-20 19:45:00,17.26,38.72,0
15572,562,2025-03-27 07:03:00,12.673,76.28,0
15573,415,2025-05-19 22:09:00,16.323,37.68,0
15574,553,2025-03-04 01:27:00,9.0,43.54,0
15575,143,2025-05-03 17:34:00,19.089,120.9,0
15576,100,2025-06-08 20:05:00,13.904,220.5,0
15577,321,2025-05-31 13:34:00,21.776,39.03,0
15578,715,2025-04-10 19:40:00,20.015,24.93,0
15579,411,2025-01-07 20:17:00,16.601,68.17,0
15580,511,2025-01-03 18:25:00,11.722,18.8,0
15581,796,2025-03-19 10:51:00,16.818,100.06,0
15582,242,2025-04-30 07:39:00,18.594,22.59,0
15583,384,2025-01-15 13:46:00,14.611,24.95,0
15584,548,2025-03-15 22:29:00,16.295,15.4,0
15585,120,2025-03-14 22:32:00,20.268,17.74,0
15586,321,2025-03-24 14:03:00,9.921,89.99,0
15587,444,2025-04-11 22:46:00,14.993,46.03,0
15588,243,2025-02-20 05:55:00,20.122,33.56,0
15589,176,2025-04-17 21:06:00,13.476,180.48,0
15590,350,2025-03-23 11:31:00,20.377,38.48,0
15591,583,2025-06-16 10:59:00,15.815,34.51,1
15592,332,2025-02-28 10:11:00,13.619,14.37,0
15593,667,2025-06-15 21:50:00,21.882,18.32,0
15594,541,2025-06-23 04:28:00,10.266,16.56,0
15595,102,2025-02-25 18:16:00,12.862,20.22,0
15596,731,2025-03-15 08:10:00,11.077,24.07,0
15597,470,2025-05-06 19:58:00,21.763,27.86,0
15598,455,2025-03-24 12:54:00,10.103,61.25,0
15599,557,2025-05-09 06:53:00,9.671,34.3,0
15600,33,2025-02-16 15:23:00,11.695,146.33,0
15601,201,2025-06-22 06:53:00,16.52,57.95,0
15602,635,2025-05-06 15:59:00,11.707,19.89,0
15603,501,2025-01-16 02:35:00,12.579,50.25,0
15604,311,2025-02-13 18:26:00,15.477,39.5,0
15605,370,2025-04-22 02:05:00,16.905,106.97,0
15606,495,2025-02-22 17:51:00,16.117,67.52,0
15607,385,2025-03-15 07:22:00,16.61,36.95,0
15608,365,2025-04-27 09:08:00,17.393,141.77,0
15609,441,2025-03-04 12:27:00,20.282,54.66,0
15610,225,2025-06-12 17:49:00,17.451,56.62,0
15611,456,2025-04-22 03:34:00,18.093,116.5,0
15612,553,2025-03-17 12:20:00,13.551,69.46,0
15613,567,2025-02-20 07:35:00,21.225,41.6,0
15614,496,2025-02-23 05:16:00,19.316,32.88,0
15615,361,2025-01-07 10:56:00,16.159,6.96,0
15616,524,2025-01-16 12:09:00,14.278,7.99,0
15617,578,2025-05-21 00:03:00,8.265,31.86,0
15618,248,2025-05-19 08:27:00,21.811,22.45,0
15619,388,2025-01-16 14:57:00,9.981,35.53,0
15620,542,2025-04-10 10:42:00,15.127,78.96,0
15621,530,2025-03-01 01:48:00,12.785,18.86,0
15622,396,2025-05-06 13:26:00,12.565,9.92,0
15623,210,2025-04-18 02:04:00,13.872,12.38,0
15624,728,2025-05-24 22:06:00,16.014,15.93,0
15625,433,2025-04-23 06:32:00,8.14,14.06,0
15626,432,2025-02-05 23:33:00,10.157,36.23,0
15627,374,2025-04-30 22:15:00,16.585,119.89,0
15628,608,2025-05-31 06:29:00,18.351,57.24,0
15629,241,2025-06-29 00:15:00,17.451,60.73,0
15630,749,2025-05-07 15:52:00,21.874,41.71,0
15631,49,2025-03-14 05:59:00,8.668,12.99,0
15632,10,2025-04-02 15:12:00,15.213,210.16,0
15633,408,2025-01-25 17:58:00,13.859,27.14,0
15634,687,2025-04-25 15:32:00,10.785,65.11,0
15635,7,2025-01-25 19:56:00,20.467,5.84,0
15636,543,2025-02-16 20:14:00,10.009,32.59,0
15637,311,2025-04-02 20:16:00,15.064,30.5,0
15638,17,2025-03-28 03:01:00,10.69,28.27,0
15639,296,2025-03-11 01:45:00,14.111,11.41,0
15640,517,2025-04-27 12:11:00,19.067,41.02,0
15641,507,2025-06-14 08:52:00,17.808,92.87,0
15642,679,2025-06-16 02:45:00,17.806,187.77,0
15643,704,2025-04-02 23:13:00,11.011,130.9,1
15644,43,2025-04-10 07:19:00,8.32,96.26,0
15645,686,2025-03-23 08:26:00,18.081,137.34,0
15646,7,2025-06-11 11:09:00,9.486,150.83,0
15647,780,2025-06-05 05:22:00,13.463,16.72,0
15648,619,2025-01-10 18:35:00,19.815,42.8,0
15649,760,2025-05-24 07:11:00,13.733,12.61,0
15650,54,2025-01-06 09:22:00,14.516,53.85,0
15651,59,2025-05-09 11:57:00,21.411,28.75,0
15652,788,2025-03-02 23:08:00,20.727,30.93,0
15653,225,2025-04-05 22:10:00,9.272,28.12,0
15654,305,2025-05-21 22:03:00,20.136,4.75,0
15655,237,2025-02-12 05:47:00,14.924,7.6,0
15656,125,2025-01-24 22:12:00,19.172,69.41,0
15657,56,2025-04-13 03:29:00,12.93,20.42,0
15658,108,2025-05-31 20:07:00,21.401,79.33,0
15659,677,2025-01-21 20:06:00,19.152,30.76,0
15660,21,2025-03-11 18:26:00,14.292,9.84,0
15661,716,2025-04-07 15:01:00,13.05,11.41,0
15662,176,2025-02-10 22:15:00,10.955,20.45,0
15663,483,2025-06-03 06:13:00,11.856,16.66,0
15664,205,2025-04-18 17:13:00,14.189,32.61,0
15665,712,2025-04-03 16:51:00,12.959,42.82,0
15666,32,2025-01-25 23:35:00,17.018,45.94,0
15667,571,2025-01-13 07:49:00,16.898,42.01,0
15668,747,2025-01-30 19:11:00,10.709,70.99,0
15669,352,2025-01-06 15:17:00,11.651,78.06,0
15670,360,2025-04-07 05:57:00,8.633,16.64,0
15671,119,2025-06-04 21:18:00,13.354,7.87,0
15672,702,2025-05-17 10:45:00,14.628,20.34,0
15673,766,2025-02-10 08:54:00,9.471,37.41,0
15674,397,2025-02-05 07:16:00,9.192,22.99,0
15675,553,2025-04-05 15:01:00,11.749,58.08,0
15676,606,2025-05-20 22:51:00,14.88,12.06,0
15677,283,2025-05-20 19:43:00,21.768,2643.35,1
15678,3,2025-04-04 22:15:00,20.811,65.55,0
15679,102,2025-02-15 13:52:00,13.578,25.72,0
15680,717,2025-03-28 23:12:00,15.785,19.0,0
15681,639,2025-05-13 17:46:00,15.835,30.99,0
15682,75,2025-06-08 08:10:00,12.803,87.67,0
15683,641,2025-01-14 13:15:00,19.996,25.43,0
15684,706,2025-05-20 08:38:00,12.083,21.98,0
15685,434,2025-05-15 18:00:00,13.979,34.86,0
15686,361,2025-02-08 09:41:00,20.697,12.82,0
15687,799,2025-01-12 12:26:00,12.843,82.75,0
15688,697,2025-02-25 14:25:00,15.155,57.54,0
15689,309,2025-02-19 21:14:00,20.188,72.23,0
15690,381,2025-01-21 09:32:00,12.585,106.03,0
15691,753,2025-02-16 04:57:00,21.464,18.59,0
15692,737,2025-02-05 04:57:00,10.85,35.44,0
15693,504,2025-06-10 10:54:00,17.578,32.45,0
15694,518,2025-01-16 10:59:00,8.841,124.31,0
15695,589,2025-04-07 04:57:00,15.519,25.12,0
15696,231,2025-02-28 18:13:00,10.232,8.36,0
15697,780,2025-06-01 18:05:00,16.799,24.22,1
15698,235,2025-03-27 09:46:00,16.636,71.1,0
15699,664,2025-04-15 19:26:00,13.83,53.61,0
15700,656,2025-03-13 06:37:00,20.948,32.48,0
15701,230,2025-05-26 05:49:00,20.48,25.82,0
15702,646,2025-05-01 05:14:00,18.29,45.98,0
15703,693,2025-04-10 05:47:00,18.075,55.05,0
15704,397,2025-03-13 08:32:00,8.955,41.64,0
15705,431,2025-03-22 23:37:00,12.53,26.48,0
15706,407,2025-02-15 11:53:00,10.844,34.14,0
15707,35,2025-04-29 10:27:00,13.44,22.6,0
15708,432,2025-02-23 02:47:00,9.528,80.04,0
15709,768,2025-02-21 13:27:00,12.456,31.5,1
15710,448,2025-03-25 23:18:00,15.993,16.57,0
15711,399,2025-06-15 08:56:00,10.327,213.34,0
15712,401,2025-03-21 02:34:00,9.481,19.54,0
15713,429,2025-06-13 11:09:00,17.894,17.13,0
15714,743,2025-04-05 19:37:00,11.457,13.36,0
15715,329,2025-01-14 02:12:00,14.695,20.2,0
15716,179,2025-04-16 02:52:00,19.738,63.58,0
15717,51,2025-06-15 00:31:00,13.3,9.88,0
15718,696,2025-06-08 19:03:00,9.38,39.81,0
15719,144,2025-02-02 17:39:00,18.995,21.96,0
15720,333,2025-02-18 05:44:00,18.339,18.29,0
15721,704,2025-05-03 15:05:00,16.543,8.71,1
15722,142,2025-03-20 15:48:00,15.531,33.78,0
15723,187,2025-05-29 03:48:00,18.531,8.89,0
15724,508,2025-04-04 16:17:00,12.946,27.96,0
15725,502,2025-02-13 10:09:00,12.616,45.99,0
15726,194,2025-03-01 17:18:00,16.784,5.74,0
15727,433,2025-01-21 06:40:00,10.33,60.97,0
15728,563,2025-02-21 11:53:00,16.865,7.2,0
15729,177,2025-05-17 02:41:00,20.139,149.62,0
15730,354,2025-02-09 23:30:00,15.212,29.96,0
15731,224,2025-03-21 15:17:00,9.161,17.55,0
15732,752,2025-02-02 09:00:00,17.28,41.23,0
15733,306,2025-03-29 14:28:00,20.171,17.02,0
15734,684,2025-06-23 19:54:00,10.756,5.01,0
15735,704,2025-05-18 03:14:00,16.571,87.01,0
15736,134,2025-05-18 13:50:00,10.76,26.51,0
15737,753,2025-02-15 16:23:00,19.476,37.19,0
15738,39,2025-02-25 07:55:00,11.54,30.66,0
15739,309,2025-01-18 11:41:00,16.812,18.01,0
15740,127,2025-06-15 19:23:00,16.25,14.32,0
15741,36,2025-06-22 09:26:00,13.247,62.74,0
15742,441,2025-03-03 00:27:00,20.607,52.73,0
15743,480,2025-05-06 22:31:00,20.618,33.81,0
15744,465,2025-02-07 23:50:00,12.761,79.26,0
15745,334,2025-04-28 09:13:00,12.873,32.98,0
15746,629,2025-01-18 02:53:00,17.168,85.58,0
15747,393,2025-03-01 22:18:00,11.976,113.99,0
15748,428,2025-03-12 18:44:00,12.254,83.21,0
15749,353,2025-06-29 05:27:00,8.288,48.6,0
15750,165,2025-03-26 02:18:00,9.315,15.61,0
15751,523,2025-02-10 01:23:00,17.212,49.9,0
15752,663,2025-01-09 11:36:00,12.491,23.95,0
15753,243,2025-02-02 01:23:00,9.137,62.27,0
15754,370,2025-02-13 14:39:00,21.023,127.43,0
15755,714,2025-02-27 06:59:00,12.14,32.56,0
15756,165,2025-01-25 12:35:00,10.927,14.29,0
15757,336,2025-05-14 00:17:00,15.313,61.34,0
15758,215,2025-03-11 15:05:00,19.63,34.77,0
15759,273,2025-02-12 15:53:00,20.217,119.63,0
15760,367,2025-04-05 15:11:00,12.271,36.55,0
15761,738,2025-02-26 07:07:00,18.39,33.09,0
15762,10,2025-05-04 02:39:00,15.324,37.79,0
15763,286,2025-04-06 07:59:00,16.334,44.78,0
15764,692,2025-06-17 19:28:00,14.16,7.17,0
15765,66,2025-04-27 23:46:00,10.481,18.28,0
15766,405,2025-03-08 00:54:00,2.225,84.86,1
15767,124,2025-01-27 20:36:00,15.618,20.77,0
15768,447,2025-01-19 06:55:00,13.626,34.19,0
15769,571,2025-04-28 20:02:00,17.455,29.14,0
15770,508,2025-01-06 22:25:00,13.959,20.2,0
15771,449,2025-03-10 14:09:00,19.888,662.02,1
15772,594,2025-01-04 16:32:00,9.9,15.46,0
15773,427,2025-03-04 07:23:00,8.419,10.7,0
15774,490,2025-06-09 01:00:00,15.972,41.27,0
15775,65,2025-01-15 05:21:00,11.596,127.07,0
15776,17,2025-06-25 09:35:00,9.655,63.63,0
15777,131,2025-06-25 07:30:00,8.425,64.7,0
15778,431,2025-06-05 10:48:00,18.785,81.35,0
15779,316,2025-05-05 18:16:00,21.437,41.26,0
15780,269,2025-02-02 02:49:00,16.62,35.67,1
15781,358,2025-01-18 23:29:00,18.817,17.6,0
15782,791,2025-06-15 10:52:00,19.739,65.75,0
15783,301,2025-03-07 22:08:00,19.276,43.69,0
15784,355,2025-03-22 22:19:00,12.575,20.18,0
15785,406,2025-01-15 09:53:00,8.033,27.2,1
15786,619,2025-01-11 18:26:00,16.794,14.21,0
15787,586,2025-04-08 11:25:00,21.266,53.28,0
15788,783,2025-03-14 23:56:00,20.425,120.44,0
15789,508,2025-05-07 00:37:00,8.067,14.18,0
15790,763,2025-05-31 03:30:00,20.659,80.75,0
15791,489,2025-01-11 04:18:00,8.152,92.08,0
15792,430,2025-06-24 15:58:00,15.44,13.8,0
15793,446,2025-06-15 23:46:00,19.937,6.7,0
15794,384,2025-04-14 04:48:00,13.825,36.81,0
15795,160,2025-03-09 08:15:00,17.574,30.46,0
15796,293,2025-01-30 23:57:00,11.255,29.35,0
15797,483,2025-02-12 06:18:00,21.582,86.2,0
15798,732,2025-05-07 04:56:00,8.617,26.41,1
15799,126,2025-01-24 08:58:00,16.852,242.45,0
15800,642,2025-06-23 19:05:00,8.487,10.24,0
15801,570,2025-01-27 05:06:00,8.585,17.49,0
15802,420,2025-05-16 20:04:00,11.784,17.41,0
15803,361,2025-06-02 23:07:00,8.213,30.13,0
15804,446,2025-02-23 05:44:00,10.903,109.03,0
15805,465,2025-03-28 09:48:00,10.155,14.32,0
15806,342,2025-04-14 19:48:00,20.767,16.99,0
15807,690,2025-05-24 17:17:00,8.58,21.06,0
15808,126,2025-01-10 05:00:00,16.565,32.57,0
15809,298,2025-02-10 20:58:00,17.388,39.83,0
15810,318,2025-01-27 23:24:00,19.494,25.62,0
15811,79,2025-02-27 05:33:00,13.143,12.48,0
15812,71,2025-05-02 03:20:00,10.543,32.38,0
15813,713,2025-03-16 06:29:00,9.705,110.19,0
15814,619,2025-03-30 14:17:00,9.995,72.8,0
15815,291,2025-03-23 19:31:00,15.336,24.28,0
15816,212,2025-01-01 23:02:00,16.355,37.06,0
15817,325,2025-01-18 13:58:00,19.038,52.18,0
15818,563,2025-02-10 21:18:00,19.262,71.05,0
15819,236,2025-01-09 02:24:00,19.799,119.46,0
15820,53,2025-05-29 00:01:00,10.236,43.39,0
15821,336,2025-06-29 06:16:00,18.434,13.7,0
15822,478,2025-03-29 06:14:00,9.018,10.29,0
15823,416,2025-04-30 23:27:00,20.328,56.69,0
15824,137,2025-01-11 03:14:00,15.355,10.99,0
15825,674,2025-01-10 20:36:00,16.981,67.22,0
15826,505,2025-04-19 21:11:00,16.677,21.72,0
15827,576,2025-05-20 01:28:00,15.812,13.24,0
15828,766,2025-06-17 06:19:00,15.327,52.77,0
15829,410,2025-03-07 00:00:00,20.909,15.44,0
15830,463,2025-03-17 07:57:00,12.877,51.06,0
15831,611,2025-05-24 08:42:00,18.903,40.51,0
15832,619,2025-01-26 08:04:00,13.067,7.65,0
15833,678,2025-06-20 23:08:00,8.642,108.66,0
15834,563,2025-02-23 13:51:00,13.292,98.52,0
15835,46,2025-01-05 18:47:00,10.112,74.93,0
15836,280,2025-05-23 06:30:00,14.168,76.22,0
15837,473,2025-06-23 13:44:00,9.148,19.54,0
15838,355,2025-03-28 16:48:00,18.996,88.47,0
15839,34,2025-01-30 20:05:00,16.272,64.18,0
15840,214,2025-01-28 06:05:00,8.53,6.56,0
15841,246,2025-02-23 12:02:00,17.037,16.17,0
15842,28,2025-04-07 01:58:00,21.365,19.09,0
15843,609,2025-04-23 20:24:00,8.886,114.16,0
15844,302,2025-05-06 16:22:00,12.994,16.16,0
15845,633,2025-05-09 20:48:00,20.527,21.89,0
15846,696,2025-02-13 08:23:00,8.468,12.53,0
15847,707,2025-01-31 15:23:00,20.86,23.89,0
15848,726,2025-06-21 05:56:00,21.842,80.07,0
15849,398,2025-01-25 15:05:00,13.46,11.21,0
15850,194,2025-04-02 17:36:00,14.51,51.05,0
15851,67,2025-02-21 13:52:00,21.834,17.35,0
15852,499,2025-05-12 15:02:00,8.839,157.94,0
15853,101,2025-02-28 14:35:00,12.454,38.37,0
15854,193,2025-01-19 01:52:00,8.889,32.72,0
15855,195,2025-02-27 06:43:00,18.449,21.99,0
15856,218,2025-01-19 02:27:00,17.117,41.57,0
15857,297,2025-01-31 20:04:00,20.088,10.79,0
15858,265,2025-03-27 02:32:00,10.664,37.84,0
15859,421,2025-06-24 17:53:00,15.631,21.89,0
15860,765,2025-02-06 14:37:00,17.982,21.14,0
15861,516,2025-05-24 15:40:00,11.946,181.84,0
15862,540,2025-04-04 16:29:00,20.455,107.61,0
15863,130,2025-06-26 09:41:00,10.77,112.57,0
15864,91,2025-04-04 16:26:00,9.655,69.1,0
15865,151,2025-01-19 15:48:00,11.934,48.51,0
15866,678,2025-03-15 20:22:00,19.167,113.25,0
15867,138,2025-01-14 14:29:00,17.998,45.51,0
15868,787,2025-02-09 22:41:00,20.476,57.4,0
15869,603,2025-04-07 11:24:00,16.635,106.15,0
15870,663,2025-06-12 00:02:00,20.854,67.24,0
15871,241,2025-04-21 14:30:00,15.605,49.9,0
15872,125,2025-03-07 15:37:00,20.857,66.15,0
15873,133,2025-04-25 07:52:00,20.183,38.25,0
15874,686,2025-02-13 23:28:00,14.628,52.54,0
15875,345,2025-01-17 18:52:00,8.091,56.75,0
15876,327,2025-05-13 01:55:00,21.801,13.04,0
15877,198,2025-06-01 21:11:00,14.959,19.42,0
15878,284,2025-04-21 05:21:00,18.373,62.66,0
15879,295,2025-03-30 03:33:00,14.332,38.89,0
15880,599,2025-03-24 10:15:00,13.069,34.51,0
15881,659,2025-03-08 06:21:00,13.015,44.26,0
15882,373,2025-06-24 14:01:00,12.974,7.16,0
15883,267,2025-04-01 19:10:00,16.112,30.56,0
15884,361,2025-06-06 22:31:00,19.309,30.77,0
15885,139,2025-01-08 06:47:00,15.967,40.42,0
15886,54,2025-03-05 11:02:00,15.364,69.36,0
15887,185,2025-02-08 17:07:00,12.293,26.13,0
15888,19,2025-01-21 23:08:00,14.479,102.6,0
15889,27,2025-06-29 17:28:00,10.517,16.06,0
15890,190,2025-01-10 08:48:00,18.425,60.97,0
15891,720,2025-04-10 11:03:00,18.964,23.11,0
15892,148,2025-02-09 03:18:00,11.339,89.09,0
15893,557,2025-01-15 03:17:00,15.938,41.76,0
15894,117,2025-06-26 20:33:00,11.987,13.34,0
15895,370,2025-02-22 17:02:00,21.684,38.01,0
15896,485,2025-03-05 06:30:00,12.184,48.22,0
15897,448,2025-02-03 06:13:00,20.097,41.92,0
15898,639,2025-05-04 12:50:00,17.804,45.53,0
15899,203,2025-06-16 10:42:00,21.518,29.24,0
15900,594,2025-03-03 01:22:00,18.073,22.38,0
15901,322,2025-05-26 02:49:00,16.528,9.4,0
15902,356,2025-03-15 14:55:00,14.446,55.8,0
15903,255,2025-04-09 10:37:00,14.596,52.54,0
15904,797,2025-05-25 01:39:00,8.017,161.32,0
15905,659,2025-06-21 07:41:00,1.157,33.86,1
15906,370,2025-04-20 14:17:00,15.947,43.7,0
15907,594,2025-03-09 02:47:00,16.218,39.49,0
15908,732,2025-03-26 09:40:00,10.526,70.0,0
15909,227,2025-06-05 16:39:00,14.048,23.19,0
15910,260,2025-03-05 14:32:00,11.067,39.48,0
15911,609,2025-03-26 03:46:00,11.064,35.77,0
15912,227,2025-05-20 13:22:00,15.666,63.45,0
15913,75,2025-06-02 18:05:00,11.373,207.01,0
15914,476,2025-03-22 09:47:00,17.332,45.61,0
15915,162,2025-06-12 02:58:00,13.273,11.02,0
15916,469,2025-06-05 05:07:00,13.274,13.7,0
15917,85,2025-03-25 08:00:00,17.831,81.41,0
15918,382,2025-02-19 22:18:00,17.39,9.25,0
15919,190,2025-02-02 00:57:00,13.651,45.08,0
15920,422,2025-01-22 17:22:00,21.021,568.19,1
15921,180,2025-02-04 15:03:00,12.596,303.0,0
15922,201,2025-01-13 08:33:00,18.057,13.27,0
15923,720,2025-02-21 23:53:00,19.112,20.61,0
15924,785,2025-06-28 10:59:00,11.056,65.39,0
15925,261,2025-02-10 03:06:00,14.639,29.08,0
15926,516,2025-03-11 05:44:00,8.293,19.69,0
15927,284,2025-03-11 21:15:00,12.621,16.17,0
15928,136,2025-04-04 12:52:00,11.78,20.69,0
15929,79,2025-04-02 04:51:00,18.801,16.95,0
15930,712,2025-04-15 14:12:00,11.09,34.65,0
15931,52,2025-01-16 16:19:00,8.356,163.27,0
15932,393,2025-02-27 19:20:00,8.331,182.24,0
15933,175,2025-06-13 17:39:00,18.692,179.74,0
15934,608,2025-06-25 16:44:00,10.007,31.54,0
15935,732,2025-01-01 10:30:00,17.017,62.06,1
15936,461,2025-04-24 10:46:00,10.822,38.74,0
15937,275,2025-01-25 21:24:00,11.103,18.15,0
15938,416,2025-04-07 09:49:00,19.29,8.26,0
15939,148,2025-01-02 12:19:00,17.549,8.55,0
15940,93,2025-05-17 02:36:00,17.163,39.62,0
15941,142,2025-06-27 13:48:00,21.001,11.76,0
15942,461,2025-01-23 04:08:00,20.183,18.52,0
15943,518,2025-03-15 22:00:00,19.856,47.02,0
15944,723,2025-02-04 22:37:00,9.906,5.42,0
15945,753,2025-02-05 06:49:00,10.324,113.25,0
15946,602,2025-05-23 16:57:00,21.749,488.15,1
15947,9,2025-01-22 08:39:00,16.071,25.9,0
15948,562,2025-01-23 07:44:00,15.692,21.0,0
15949,564,2025-03-08 16:10:00,15.08,51.09,0
15950,564,2025-02-25 14:47:00,18.301,16.18,0
15951,527,2025-06-25 15:53:00,16.325,100.68,0
15952,550,2025-03-13 00:13:00,10.098,70.06,0
15953,468,2025-04-09 18:29:00,9.434,19.6,0
15954,495,2025-01-19 13:33:00,12.24,29.92,0
15955,553,2025-03-05 18:13:00,20.181,92.36,0
15956,34,2025-02-07 02:24:00,13.631,48.42,0
15957,406,2025-03-07 14:48:00,20.212,29.21,0
15958,102,2025-02-24 15:47:00,16.019,19.29,0
15959,741,2025-01-22 02:53:00,21.013,31.99,0
15960,791,2025-04-10 19:55:00,20.382,25.14,0
15961,126,2025-04-04 01:28:00,13.264,44.82,0
15962,713,2025-04-04 08:45:00,15.716,27.23,0
15963,378,2025-03-18 08:30:00,17.936,16.14,0
15964,537,2025-04-05 11:40:00,8.639,84.21,0
15965,522,2025-05-12 04:38:00,10.239,54.06,0
15966,94,2025-02-17 01:26:00,18.221,15.76,0
15967,726,2025-02-04 13:12:00,20.804,21.84,0
15968,512,2025-05-02 23:35:00,12.251,61.76,0
15969,389,2025-01-25 17:17:00,13.516,17.89,0
15970,491,2025-03-05 06:18:00,20.242,30.55,0
15971,781,2025-04-15 15:54:00,11.727,27.74,0
15972,517,2025-04-16 04:46:00,20.965,19.62,0
15973,525,2025-05-14 13:28:00,9.975,14.97,0
15974,701,2025-03-26 21:54:00,11.529,33.5,0
15975,559,2025-03-31 13:12:00,8.496,16.63,0
15976,114,2025-01-08 23:47:00,9.309,21.72,0
15977,654,2025-05-23 04:56:00,11.571,69.06,0
15978,719,2025-02-12 15:36:00,17.172,19.72,0
15979,587,2025-06-01 09:29:00,10.812,50.46,0
15980,121,2025-04-27 00:31:00,21.15,75.28,0
15981,418,2025-06-14 23:50:00,12.881,32.13,0
15982,43,2025-06-07 12:34:00,15.261,52.63,0
15983,618,2025-03-10 01:44:00,17.309,17.63,0
15984,765,2025-03-12 21:35:00,9.909,63.33,0
15985,28,2025-06-12 18:46:00,17.628,58.64,0
15986,87,2025-06-08 23:42:00,9.688,112.1,0
15987,746,2025-05-08 15:06:00,19.568,89.38,0
15988,639,2025-06-16 05:32:00,14.833,43.25,0
15989,658,2025-04-23 11:37:00,9.252,318.5,0
15990,166,2025-01-05 10:46:00,17.907,70.98,0
15991,510,2025-04-10 16:18:00,9.072,96.9,0
15992,663,2025-03-08 14:32:00,21.644,24.2,0
15993,55,2025-01-04 13:11:00,14.351,26.06,0
15994,226,2025-04-11 01:09:00,13.361,37.08,0
15995,235,2025-04-11 20:37:00,12.404,15.7,0
15996,433,2025-05-12 17:46:00,14.299,36.08,0
15997,202,2025-05-21 05:14:00,18.936,33.92,0
15998,273,2025-02-28 01:21:00,15.282,83.99,0
15999,205,2025-06-27 21:44:00,17.006,89.04,0
16000,50,2025-03-21 12:03:00,8.803,38.56,0
16001,537,2025-03-19 23:03:00,19.924,25.98,0
16002,510,2025-02-02 12:28:00,15.398,146.61,0
16003,700,2025-06-28 05:28:00,15.335,10.37,0
16004,460,2025-03-12 22:23:00,11.533,10.11,0
16005,545,2025-01-31 19:06:00,9.082,51.41,0
16006,287,2025-06-02 08:28:00,12.705,33.11,0
16007,311,2025-06-22 11:25:00,19.459,27.37,0
16008,329,2025-02-08 12:49:00,15.659,8.1,0
16009,775,2025-04-17 03:18:00,11.691,17.34,0
16010,377,2025-06-12 22:12:00,16.303,114.17,0
16011,690,2025-04-30 06:18:00,12.918,99.61,0
16012,256,2025-03-20 14:36:00,11.132,65.88,0
16013,548,2025-04-14 06:17:00,18.358,18.22,0
16014,219,2025-01-19 07:11:00,10.342,26.81,0
16015,317,2025-06-26 21:53:00,16.188,25.37,0
16016,687,2025-04-03 08:37:00,18.271,174.91,1
16017,547,2025-01-08 23:21:00,8.863,22.65,0
16018,389,2025-03-02 19:57:00,17.74,32.29,0
16019,326,2025-03-15 21:12:00,8.16,10.75,0
16020,639,2025-06-29 00:22:00,19.365,90.02,0
16021,124,2025-06-07 13:00:00,11.894,31.4,0
16022,678,2025-02-24 17:08:00,10.151,23.42,0
16023,495,2025-01-31 01:50:00,9.825,9.92,0
16024,263,2025-01-08 16:31:00,14.1,65.47,0
16025,558,2025-04-13 12:38:00,12.034,15.21,0
16026,792,2025-03-22 04:25:00,14.563,51.47,0
16027,279,2025-04-05 05:51:00,19.838,17.3,0
16028,314,2025-02-19 02:15:00,9.47,38.34,0
16029,743,2025-05-26 08:05:00,11.647,12.55,0
16030,275,2025-04-03 23:29:00,9.586,30.54,0
16031,683,2025-06-15 06:51:00,16.919,32.89,0
16032,719,2025-02-13 03:38:00,16.723,39.83,0
16033,466,2025-02-16 14:10:00,19.879,70.96,0
16034,65,2025-04-16 11:58:00,18.213,52.91,0
16035,48,2025-05-05 18:22:00,17.792,122.21,0
16036,224,2025-02-23 03:05:00,10.247,11.14,0
16037,13,2025-04-09 14:00:00,19.469,186.5,0
16038,610,2025-04-02 23:25:00,8.102,74.26,0
16039,511,2025-04-30 07:14:00,18.009,24.57,0
16040,363,2025-04-25 13:01:00,19.404,77.21,0
16041,651,2025-02-06 01:37:00,11.172,143.82,0
16042,106,2025-01-21 11:24:00,12.365,85.24,0
16043,400,2025-02-19 01:56:00,11.389,15.89,0
16044,270,2025-01-23 17:49:00,19.473,36.17,0
16045,18,2025-04-09 23:20:00,13.892,64.02,0
16046,382,2025-04-03 04:30:00,13.088,34.13,0
16047,115,2025-01-01 12:43:00,15.032,49.76,0
16048,36,2025-05-29 11:06:00,18.227,52.62,0
16049,168,2025-05-09 22:57:00,17.247,15.9,0
16050,155,2025-03-25 23:16:00,17.909,95.8,0
16051,502,2025-01-30 01:58:00,21.264,37.66,0
16052,634,2025-01-29 23:21:00,11.572,33.77,0
16053,388,2025-06-17 15:13:00,10.897,17.04,0
16054,512,2025-02-12 11:35:00,17.098,28.84,0
16055,81,2025-06-04 21:49:00,10.045,74.05,0
16056,629,2025-04-30 10:15:00,17.008,42.4,0
16057,401,2025-04-23 04:52:00,21.384,61.65,0
16058,342,2025-05-31 10:55:00,14.418,34.06,0
16059,695,2025-06-10 09:22:00,11.006,37.55,0
16060,251,2025-02-18 16:30:00,21.928,9.41,0
16061,351,2025-06-27 16:53:00,13.361,47.87,0
16062,740,2025-01-24 01:33:00,9.594,29.95,0
16063,119,2025-05-20 11:48:00,13.826,45.11,0
16064,417,2025-03-11 12:22:00,9.227,6.26,0
16065,462,2025-04-23 19:03:00,9.165,265.6,0
16066,560,2025-05-31 07:17:00,8.665,37.12,0
16067,743,2025-03-22 20:53:00,14.359,50.64,0
16068,275,2025-01-15 16:29:00,14.426,47.71,0
16069,92,2025-05-27 10:35:00,18.268,27.18,0
16070,319,2025-01-24 16:29:00,15.618,49.04,0
16071,125,2025-05-07 19:09:00,20.042,90.48,0
16072,582,2025-03-21 05:01:00,20.221,40.37,0
16073,453,2025-03-27 01:48:00,10.393,69.55,0
16074,605,2025-02-17 04:47:00,8.578,64.75,0
16075,271,2025-04-01 00:08:00,17.889,61.59,0
16076,763,2025-02-03 16:30:00,8.14,153.86,0
16077,716,2025-02-11 05:00:00,13.514,46.41,0
16078,732,2025-03-27 04:16:00,8.756,32.91,0
16079,570,2025-05-22 22:42:00,14.424,33.83,0
16080,149,2025-04-03 11:13:00,14.296,48.53,0
16081,117,2025-06-08 02:23:00,19.84,11.86,0
16082,765,2025-02-19 09:20:00,17.038,107.22,0
16083,696,2025-01-03 23:12:00,13.635,28.8,0
16084,704,2025-02-25 10:50:00,15.131,32.52,0
16085,513,2025-01-21 03:24:00,15.688,12.34,0
16086,685,2025-04-05 03:44:00,11.166,38.2,0
16087,394,2025-06-28 10:08:00,18.856,183.77,1
16088,129,2025-03-29 23:22:00,14.541,9.11,0
16089,205,2025-02-02 01:25:00,16.93,19.52,0
16090,681,2025-04-16 01:51:00,8.446,28.73,0
16091,519,2025-05-13 13:48:00,9.552,17.62,0
16092,797,2025-06-06 16:57:00,16.254,43.99,0
16093,718,2025-03-28 13:14:00,18.419,93.35,0
16094,607,2025-03-18 09:12:00,12.491,41.68,0
16095,30,2025-04-04 20:14:00,21.24,5.94,0
16096,148,2025-02-08 11:55:00,19.89,34.49,0
16097,300,2025-01-20 12:11:00,15.343,55.7,0
16098,28,2025-05-19 21:49:00,16.959,26.03,0
16099,748,2025-01-25 19:30:00,16.304,45.05,0
16100,182,2025-05-05 00:35:00,12.279,43.26,0
16101,306,2025-04-15 00:34:00,8.877,14.52,0
16102,539,2025-03-26 20:32:00,19.264,91.74,0
16103,28,2025-03-09 23:21:00,14.448,27.76,0
16104,509,2025-06-27 02:04:00,19.786,26.9,0
16105,81,2025-05-24 13:02:00,13.244,50.25,0
16106,721,2025-01-30 11:16:00,8.2,9.69,0
16107,552,2025-06-24 22:56:00,9.777,96.37,0
16108,268,2025-01-24 08:23:00,10.201,15.95,0
16109,560,2025-05-27 05:12:00,18.234,148.82,0
16110,251,2025-03-18 19:02:00,8.449,86.19,0
16111,92,2025-03-15 01:33:00,19.471,15.6,0
16112,7,2025-04-01 18:30:00,17.669,45.69,0
16113,175,2025-03-28 19:01:00,12.527,16.29,0
16114,566,2025-01-23 16:36:00,15.308,14.59,0
16115,451,2025-01-29 04:53:00,21.05,4.74,0
16116,218,2025-05-13 10:09:00,8.976,58.14,0
16117,549,2025-05-06 05:23:00,13.087,24.29,0
16118,310,2025-03-12 17:44:00,13.474,65.59,0
16119,125,2025-03-22 12:35:00,21.484,41.92,0
16120,543,2025-03-10 23:28:00,21.653,13.22,0
16121,365,2025-06-04 07:53:00,19.779,68.59,0
16122,531,2025-01-13 11:33:00,13.348,53.02,0
16123,449,2025-04-28 08:46:00,20.452,23.85,0
16124,81,2025-02-25 10:44:00,14.777,76.36,0
16125,39,2025-01-31 16:44:00,17.017,28.19,0
16126,80,2025-01-29 06:46:00,20.991,18.66,0
16127,179,2025-03-15 23:26:00,11.473,30.05,0
16128,179,2025-01-27 02:57:00,20.051,26.04,0
16129,735,2025-05-02 20:25:00,13.589,10.68,0
16130,626,2025-03-01 00:57:00,20.197,4.25,0
16131,703,2025-06-04 10:13:00,15.678,130.69,0
16132,379,2025-01-27 06:05:00,11.462,86.59,0
16133,257,2025-03-05 03:29:00,18.717,114.19,0
16134,322,2025-03-10 20:43:00,9.612,72.02,0
16135,694,2025-05-01 12:12:00,10.007,25.13,0
16136,284,2025-02-23 07:02:00,10.074,30.4,0
16137,506,2025-02-01 05:55:00,19.765,21.38,0
16138,115,2025-03-15 00:53:00,20.198,53.96,0
16139,785,2025-06-12 20:21:00,16.016,51.1,0
16140,513,2025-05-27 14:09:00,11.911,26.6,0
16141,772,2025-04-14 12:44:00,13.519,49.69,0
16142,235,2025-06-29 05:34:00,10.57,88.54,0
16143,493,2025-05-19 08:21:00,8.053,34.92,0
16144,219,2025-05-18 19:17:00,19.755,13.8,0
16145,374,2025-03-13 10:23:00,10.725,50.43,0
16146,258,2025-03-31 05:11:00,9.107,13.16,0
16147,113,2025-06-19 07:08:00,9.845,18.32,0
16148,353,2025-06-16 16:42:00,20.965,43.65,0
16149,424,2025-05-10 14:51:00,13.085,57.41,0
16150,125,2025-01-18 12:08:00,17.073,37.77,0
16151,318,2025-01-28 15:48:00,8.438,15.56,0
16152,74,2025-03-24 05:47:00,15.408,324.87,0
16153,516,2025-04-10 00:48:00,18.453,23.06,0
16154,250,2025-04-23 05:31:00,8.918,50.37,0
16155,71,2025-02-18 21:58:00,12.185,21.93,0
16156,410,2025-05-21 10:27:00,12.508,16.5,0
16157,667,2025-05-31 00:06:00,20.422,36.49,0
16158,793,2025-02-07 12:45:00,17.312,24.57,0
16159,773,2025-05-21 21:48:00,20.115,37.77,0
16160,138,2025-01-28 03:21:00,13.258,20.71,0
16161,167,2025-03-31 00:26:00,16.276,38.98,0
16162,714,2025-06-08 00:09:00,15.248,19.2,0
16163,506,2025-02-24 08:19:00,11.865,82.81,0
16164,434,2025-05-04 07:16:00,13.914,44.42,0
16165,641,2025-06-03 11:36:00,11.43,31.66,0
16166,51,2025-03-30 08:15:00,8.227,34.54,0
16167,443,2025-06-03 02:05:00,21.554,25.89,0
16168,457,2025-04-25 19:07:00,21.413,38.51,0
16169,748,2025-04-01 22:37:00,19.539,115.98,0
16170,373,2025-01-22 06:52:00,10.444,22.16,0
16171,409,2025-05-10 02:32:00,8.282,39.79,0
16172,640,2025-02-25 22:46:00,10.743,18.94,0
16173,216,2025-02-21 09:21:00,20.202,4.81,0
16174,55,2025-06-15 12:34:00,10.145,57.15,0
16175,377,2025-03-04 19:01:00,11.269,82.93,0
16176,488,2025-03-06 18:05:00,17.678,49.59,0
16177,390,2025-06-19 22:19:00,14.684,226.58,0
16178,565,2025-02-22 02:44:00,17.156,26.25,0
16179,202,2025-05-13 12:42:00,15.883,17.1,0
16180,11,2025-04-04 14:39:00,16.015,90.24,0
16181,629,2025-01-13 23:33:00,20.218,94.84,0
16182,680,2025-04-15 16:49:00,11.049,84.26,0
16183,494,2025-03-24 09:24:00,9.949,14.74,0
16184,251,2025-05-11 15:15:00,13.669,20.01,0
16185,296,2025-03-13 05:37:00,15.485,9.41,0
16186,383,2025-02-13 06:11:00,14.866,169.65,0
16187,337,2025-02-11 13:52:00,15.558,16.76,0
16188,179,2025-04-06 01:05:00,14.807,13.33,0
16189,297,2025-06-29 02:08:00,15.25,32.2,0
16190,238,2025-03-23 02:58:00,21.047,38.45,0
16191,358,2025-01-25 10:37:00,8.698,59.64,0
16192,300,2025-05-29 00:07:00,21.183,31.54,0
16193,422,2025-02-26 13:38:00,16.221,20.33,0
16194,645,2025-03-18 09:40:00,8.67,25.5,0
16195,264,2025-06-02 18:27:00,8.748,21.6,0
16196,46,2025-01-20 22:59:00,16.001,106.72,0
16197,654,2025-01-24 19:25:00,17.647,34.82,0
16198,149,2025-02-06 06:27:00,15.284,58.16,0
16199,742,2025-03-09 16:55:00,14.284,29.6,0
16200,422,2025-06-04 09:05:00,11.879,8.12,0
16201,418,2025-04-25 03:42:00,16.492,130.29,0
16202,327,2025-05-20 14:11:00,20.566,55.69,0
16203,569,2025-03-02 15:23:00,13.914,47.73,0
16204,522,2025-03-16 06:10:00,17.74,6.42,0
16205,744,2025-03-15 14:06:00,8.243,31.31,0
16206,13,2025-01-21 10:33:00,14.299,120.21,0
16207,153,2025-04-10 00:29:00,18.664,98.68,0
16208,222,2025-03-01 19:24:00,19.787,29.41,0
16209,151,2025-06-21 11:36:00,15.519,849.19,1
16210,758,2025-05-05 10:35:00,15.931,122.92,0
16211,58,2025-06-06 18:19:00,9.938,30.93,0
16212,97,2025-02-05 02:49:00,12.137,100.46,0
16213,473,2025-01-21 03:40:00,17.344,96.91,1
16214,211,2025-03-20 14:31:00,18.736,68.47,0
16215,264,2025-04-13 11:56:00,9.147,73.99,0
16216,483,2025-04-11 18:30:00,21.453,17.41,0
16217,448,2025-04-28 14:14:00,21.35,65.58,0
16218,691,2025-05-30 19:52:00,10.626,31.66,0
16219,360,2025-02-28 15:17:00,8.633,16.98,0
16220,749,2025-02-22 11:41:00,12.775,118.14,0
16221,152,2025-02-17 13:19:00,21.422,31.85,0
16222,155,2025-03-07 08:41:00,14.202,42.22,0
16223,312,2025-04-18 14:12:00,12.392,39.18,0
16224,93,2025-05-25 12:45:00,20.526,10.08,0
16225,23,2025-03-16 16:42:00,9.88,27.63,0
16226,297,2025-03-17 06:24:00,21.175,64.99,0
16227,429,2025-06-12 21:52:00,19.326,35.4,0
16228,222,2025-03-03 18:26:00,13.37,26.39,0
16229,216,2025-01-30 10:33:00,19.023,45.7,0
16230,77,2025-03-04 01:16:00,18.586,82.65,0
16231,89,2025-01-08 09:28:00,16.118,9.47,0
16232,706,2025-03-07 20:35:00,18.94,32.19,0
16233,52,2025-06-11 22:20:00,15.001,35.54,0
16234,562,2025-05-26 19:40:00,19.794,144.16,0
16235,571,2025-06-11 07:15:00,19.106,91.88,0
16236,162,2025-02-24 00:40:00,20.689,11.6,0
16237,197,2025-03-17 00:26:00,19.165,102.23,0
16238,294,2025-06-02 17:20:00,20.893,31.02,0
16239,527,2025-05-16 16:48:00,10.494,9.66,0
16240,29,2025-02-03 07:45:00,11.882,11.95,0
16241,652,2025-06-02 05:29:00,14.335,104.33,0
16242,272,2025-01-19 12:32:00,11.399,50.35,0
16243,399,2025-02-15 21:07:00,2.279,15.94,1
16244,727,2025-04-06 21:59:00,10.517,124.18,0
16245,106,2025-04-28 19:11:00,14.424,61.76,0
16246,758,2025-05-24 15:45:00,15.303,28.52,0
16247,491,2025-05-13 16:29:00,20.223,44.46,0
16248,341,2025-02-21 03:57:00,11.628,17.35,0
16249,57,2025-03-06 08:21:00,21.574,173.23,0
16250,54,2025-05-10 23:00:00,12.087,13.55,0
16251,653,2025-06-20 06:41:00,10.282,12.49,0
16252,321,2025-06-06 04:43:00,11.55,40.9,0
16253,609,2025-06-24 02:05:00,20.335,350.72,0
16254,666,2025-05-02 13:32:00,10.134,11.37,0
16255,321,2025-03-29 14:39:00,8.447,67.19,0
16256,253,2025-05-19 00:02:00,12.082,37.01,0
16257,215,2025-01-14 16:19:00,15.624,48.18,0
16258,509,2025-06-18 12:34:00,12.993,87.27,0
16259,567,2025-06-15 09:56:00,10.25,20.23,0
16260,279,2025-04-01 20:09:00,13.099,28.48,0
16261,453,2025-04-05 03:14:00,17.696,20.16,0
16262,431,2025-04-06 08:13:00,14.105,107.41,0
16263,116,2025-01-25 23:43:00,16.018,96.85,0
16264,420,2025-02-07 00:56:00,21.259,14.24,0
16265,607,2025-05-12 18:39:00,18.475,47.47,0
16266,769,2025-01-06 21:30:00,19.254,80.99,0
16267,267,2025-05-04 16:30:00,12.032,9.81,0
16268,190,2025-02-24 22:11:00,15.159,106.26,0
16269,715,2025-01-26 04:11:00,12.824,33.22,0
16270,735,2025-04-18 07:49:00,14.783,24.35,0
16271,663,2025-02-19 11:22:00,9.566,106.99,0
16272,268,2025-03-22 12:01:00,15.259,86.49,0
16273,220,2025-06-05 13:36:00,15.361,11.71,0
16274,499,2025-05-06 15:01:00,16.05,62.31,0
16275,204,2025-06-24 12:36:00,11.285,60.34,0
16276,615,2025-03-13 11:12:00,11.1,6.12,0
16277,318,2025-03-14 22:41:00,13.148,54.83,0
16278,261,2025-05-04 16:33:00,15.528,25.17,0
16279,643,2025-01-25 05:24:00,12.715,86.36,0
16280,284,2025-06-04 06:23:00,17.886,17.66,0
16281,104,2025-03-05 08:33:00,16.192,38.61,0
16282,635,2025-03-26 14:02:00,9.58,22.81,0
16283,252,2025-04-02 08:54:00,11.135,21.05,0
16284,524,2025-01-13 00:10:00,16.465,6.08,0
16285,527,2025-02-24 01:49:00,15.447,82.08,0
16286,66,2025-01-26 03:15:00,12.749,88.58,0
16287,26,2025-04-21 00:49:00,10.406,37.08,0
16288,656,2025-05-08 03:47:00,20.886,47.08,0
16289,44,2025-01-02 10:13:00,14.292,19.46,0
16290,265,2025-01-02 10:36:00,10.976,82.7,0
16291,609,2025-05-27 23:10:00,18.093,42.63,0
16292,142,2025-03-02 05:53:00,11.583,36.79,0
16293,417,2025-06-02 00:54:00,11.719,113.57,0
16294,92,2025-04-29 11:58:00,19.579,12.36,0
16295,446,2025-05-22 00:44:00,20.71,7.4,0
16296,570,2025-03-11 04:30:00,14.553,49.95,0
16297,199,2025-02-24 14:50:00,16.852,29.62,0
16298,225,2025-05-11 01:23:00,13.054,14.12,0
16299,425,2025-04-24 19:50:00,16.871,40.16,0
16300,633,2025-04-13 15:11:00,18.192,46.81,0
16301,436,2025-03-07 17:43:00,18.094,70.72,0
16302,561,2025-04-21 11:26:00,8.57,14.48,0
16303,331,2025-03-12 01:39:00,9.381,25.23,0
16304,102,2025-06-10 05:40:00,17.911,44.46,0
16305,771,2025-05-08 15:18:00,15.446,84.96,0
16306,637,2025-03-13 11:06:00,21.207,72.48,0
16307,39,2025-06-01 20:05:00,9.45,23.6,0
16308,220,2025-01-13 18:58:00,21.855,53.02,0
16309,331,2025-05-30 13:53:00,9.869,23.08,0
16310,65,2025-03-16 16:04:00,8.44,25.16,0
16311,685,2025-02-11 14:17:00,20.586,27.28,0
16312,138,2025-05-30 10:57:00,15.057,20.93,0
16313,165,2025-04-29 10:41:00,12.014,63.01,0
16314,253,2025-01-14 08:28:00,16.005,73.7,0
16315,747,2025-02-18 01:44:00,13.285,25.41,0
16316,180,2025-03-23 04:48:00,21.841,40.22,0
16317,340,2025-04-24 02:51:00,18.836,25.73,0
16318,545,2025-05-26 04:04:00,17.183,16.54,0
16319,125,2025-03-08 02:19:00,12.509,14.63,0
16320,71,2025-05-26 13:29:00,8.362,141.74,0
16321,74,2025-05-23 04:37:00,19.163,19.3,0
16322,146,2025-03-10 01:47:00,8.669,58.17,0
16323,261,2025-06-18 17:51:00,9.584,47.82,0
16324,752,2025-06-19 22:53:00,16.246,13.5,0
16325,735,2025-02-22 04:43:00,18.597,49.13,0
16326,455,2025-04-11 04:07:00,13.725,44.32,0
16327,751,2025-06-06 09:16:00,16.247,34.33,0
16328,23,2025-04-07 23:51:00,21.631,24.7,0
16329,450,2025-05-14 04:48:00,11.938,34.92,0
16330,355,2025-05-24 21:07:00,8.616,51.09,0
16331,94,2025-04-12 21:13:00,11.106,17.57,0
16332,442,2025-03-06 17:40:00,14.251,110.5,0
16333,365,2025-04-05 11:52:00,18.883,60.65,0
16334,610,2025-05-30 19:31:00,13.87,5.11,0
16335,334,2025-02-27 11:23:00,16.245,29.25,0
16336,343,2025-06-01 23:39:00,15.921,192.29,0
16337,184,2025-02-06 14:11:00,14.83,46.59,0
16338,377,2025-03-25 04:09:00,10.226,19.6,0
16339,60,2025-01-16 00:13:00,8.952,58.39,0
16340,453,2025-06-03 17:24:00,10.842,6.43,0
16341,305,2025-05-09 05:46:00,11.783,43.4,0
16342,218,2025-01-22 06:51:00,10.626,23.43,0
16343,297,2025-02-10 00:56:00,10.694,1036.93,1
16344,713,2025-04-06 00:00:00,16.517,12.08,0
16345,563,2025-03-31 04:04:00,14.363,24.8,0
16346,681,2025-01-21 06:10:00,11.503,4.33,0
16347,315,2025-06-10 04:00:00,11.301,21.33,0
16348,314,2025-03-24 23:15:00,10.005,38.56,0
16349,10,2025-05-01 19:10:00,17.685,85.32,0
16350,545,2025-05-16 11:13:00,14.663,251.34,0
16351,16,2025-01-31 11:05:00,17.304,18.18,0
16352,777,2025-03-02 00:31:00,13.299,52.45,0
16353,550,2025-05-13 04:50:00,9.19,26.75,0
16354,372,2025-05-20 06:23:00,19.523,27.55,0
16355,528,2025-02-08 16:04:00,8.582,37.58,0
16356,794,2025-02-27 12:49:00,13.145,30.83,0
16357,128,2025-05-21 09:12:00,16.192,155.9,0
16358,596,2025-03-03 21:43:00,17.303,27.57,0
16359,692,2025-01-14 23:43:00,14.745,14.02,0
16360,469,2025-03-31 14:46:00,19.185,40.54,0
16361,530,2025-01-26 12:11:00,14.714,14.82,0
16362,404,2025-04-17 21:51:00,19.701,26.06,0
16363,123,2025-06-18 03:42:00,11.456,81.71,0
16364,784,2025-01-19 03:56:00,14.616,28.7,0
16365,230,2025-02-20 10:49:00,8.433,53.07,0
16366,308,2025-04-12 22:40:00,16.094,29.6,0
16367,778,2025-01-28 02:44:00,13.636,43.13,0
16368,45,2025-04-07 07:03:00,17.537,20.05,0
16369,326,2025-02-08 16:24:00,18.393,66.98,0
16370,444,2025-04-25 10:55:00,14.062,12.2,0
16371,189,2025-03-06 23:57:00,16.518,18.44,0
16372,536,2025-06-16 14:19:00,18.248,37.35,0
16373,419,2025-05-31 18:30:00,19.715,67.7,0
16374,209,2025-06-28 20:06:00,9.472,41.45,0
16375,164,2025-01-28 10:53:00,15.671,52.74,0
16376,229,2025-06-20 16:12:00,20.948,13.21,0
16377,633,2025-01-03 20:02:00,11.976,27.18,0
16378,416,2025-02-09 10:38:00,16.801,42.36,0
16379,635,2025-06-05 16:45:00,11.952,36.6,0
16380,574,2025-06-05 05:14:00,19.254,14.73,0
16381,640,2025-02-23 22:31:00,18.407,17.83,0
16382,684,2025-06-01 12:02:00,21.293,31.51,0
16383,493,2025-01-14 20:16:00,17.785,63.6,0
16384,288,2025-03-02 12:09:00,14.848,187.82,0
16385,555,2025-01-05 23:57:00,15.576,14.63,0
16386,755,2025-04-04 02:21:00,18.912,36.44,0
16387,257,2025-06-11 22:10:00,18.33,15.48,0
16388,390,2025-04-21 09:58:00,9.649,34.33,0
16389,703,2025-04-05 03:57:00,12.188,25.72,0
16390,477,2025-02-05 15:31:00,17.555,48.52,0
16391,115,2025-04-20 21:21:00,9.412,7.13,0
16392,280,2025-02-28 08:39:00,17.238,26.83,0
16393,203,2025-04-21 21:21:00,20.088,38.17,0
16394,381,2025-01-24 11:48:00,13.148,41.23,0
16395,794,2025-04-04 23:52:00,11.052,45.51,0
16396,671,2025-03-31 13:35:00,19.956,39.72,0
16397,768,2025-05-19 11:12:00,14.741,95.67,0
16398,593,2025-06-13 15:28:00,19.652,101.42,0
16399,406,2025-06-13 02:17:00,9.093,29.61,0
16400,527,2025-03-03 11:53:00,10.965,23.08,0
16401,399,2025-04-26 09:27:00,8.015,41.1,0
16402,32,2025-04-28 13:58:00,14.274,66.79,0
16403,93,2025-06-01 21:34:00,20.349,36.18,0
16404,443,2025-05-26 06:42:00,17.034,14.65,0
16405,527,2025-01-02 17:32:00,8.25,75.4,0
16406,202,2025-05-25 03:53:00,8.346,48.01,0
16407,24,2025-03-28 10:24:00,18.084,142.93,0
16408,55,2025-06-21 02:04:00,9.299,19.24,0
16409,251,2025-04-19 17:29:00,11.084,42.33,0
16410,688,2025-03-11 15:32:00,17.778,49.48,0
16411,334,2025-02-06 05:19:00,11.484,29.27,0
16412,778,2025-06-20 20:54:00,14.863,16.4,0
16413,715,2025-01-29 20:28:00,13.534,43.83,0
16414,686,2025-01-17 05:32:00,12.813,24.82,0
16415,774,2025-01-25 12:34:00,11.536,35.79,0
16416,193,2025-04-10 06:49:00,13.705,36.18,0
16417,779,2025-02-21 06:25:00,10.559,15.02,0
16418,739,2025-04-15 13:13:00,21.366,24.73,0
16419,639,2025-05-29 05:08:00,12.43,25.23,0
16420,154,2025-02-22 09:22:00,18.206,36.93,0
16421,231,2025-01-05 23:26:00,12.097,51.18,0
16422,521,2025-03-06 15:22:00,11.671,45.26,0
16423,36,2025-04-19 10:29:00,14.758,70.28,0
16424,657,2025-05-12 02:33:00,18.255,39.67,0
16425,340,2025-01-13 06:25:00,8.055,173.02,0
16426,17,2025-06-08 02:56:00,10.396,47.83,0
16427,237,2025-04-17 18:36:00,18.841,12.04,0
16428,316,2025-03-28 16:33:00,12.942,25.67,0
16429,524,2025-02-15 09:32:00,19.976,450.54,0
16430,481,2025-06-22 13:57:00,9.865,11.98,0
16431,296,2025-01-29 07:43:00,19.382,51.31,0
16432,495,2025-03-22 19:03:00,16.71,213.32,0
16433,712,2025-03-25 20:23:00,10.359,13.13,0
16434,280,2025-04-09 10:59:00,8.173,124.7,0
16435,299,2025-02-11 14:22:00,20.339,124.54,0
16436,81,2025-06-19 19:55:00,12.044,28.33,0
16437,302,2025-03-10 02:06:00,11.379,7.86,0
16438,227,2025-05-09 04:51:00,10.574,57.87,0
16439,607,2025-04-24 22:46:00,12.97,33.14,0
16440,90,2025-02-06 12:30:00,15.334,30.65,0
16441,472,2025-06-18 12:30:00,14.688,60.92,0
16442,617,2025-03-24 19:15:00,19.917,35.96,0
16443,204,2025-04-22 04:59:00,10.763,10.02,0
16444,54,2025-04-27 06:01:00,18.451,32.48,0
16445,541,2025-04-02 06:32:00,20.729,47.62,0
16446,470,2025-04-25 20:19:00,8.516,52.85,0
16447,450,2025-04-11 06:14:00,18.517,99.01,0
16448,703,2025-05-14 07:01:00,11.843,7.54,0
16449,83,2025-03-26 23:26:00,14.268,79.87,0
16450,158,2025-05-27 05:36:00,8.855,26.21,0
16451,373,2025-04-12 07:20:00,12.121,41.31,0
16452,449,2025-06-29 17:41:00,9.569,71.28,0
16453,734,2025-04-13 15:09:00,11.26,19.37,0
16454,494,2025-04-17 04:49:00,8.459,26.16,0
16455,169,2025-03-30 14:16:00,21.144,55.82,0
16456,681,2025-03-13 12:27:00,20.535,22.14,0
16457,331,2025-05-22 21:46:00,17.114,46.33,0
16458,694,2025-04-25 05:03:00,12.553,15.02,0
16459,220,2025-03-12 08:01:00,21.206,93.58,0
16460,633,2025-05-26 06:08:00,21.605,64.88,0
16461,429,2025-01-20 12:55:00,19.123,19.27,0
16462,444,2025-01-12 04:55:00,17.542,84.95,0
16463,780,2025-04-26 17:59:00,12.603,49.74,0
16464,123,2025-03-24 10:55:00,20.366,16.54,0
16465,247,2025-05-24 07:08:00,14.999,61.43,0
16466,146,2025-04-30 12:47:00,16.853,62.72,0
16467,666,2025-05-21 09:40:00,10.425,9.98,0
16468,680,2025-02-17 18:45:00,8.3,5.07,0
16469,670,2025-02-15 09:12:00,21.825,25.62,0
16470,190,2025-02-15 05:48:00,16.701,19.62,0
16471,207,2025-04-27 11:07:00,17.594,58.84,0
16472,321,2025-05-02 09:02:00,8.705,20.77,0
16473,618,2025-06-29 17:53:00,13.901,21.86,0
16474,601,2025-02-09 01:10:00,11.98,150.95,0
16475,790,2025-01-19 19:43:00,19.699,97.0,0
16476,627,2025-06-22 10:43:00,14.797,10.47,0
16477,763,2025-04-05 02:18:00,13.383,104.45,0
16478,212,2025-03-08 00:17:00,10.07,124.45,0
16479,484,2025-02-24 23:16:00,13.37,31.78,0
16480,426,2025-06-09 00:57:00,13.069,26.0,0
16481,121,2025-05-23 10:05:00,19.018,7.84,0
16482,757,2025-02-01 11:52:00,19.865,12.14,0
16483,95,2025-02-28 10:49:00,13.309,32.56,0
16484,683,2025-06-06 15:29:00,13.744,24.42,0
16485,213,2025-05-13 01:04:00,21.653,27.05,0
16486,177,2025-05-27 17:18:00,13.295,47.39,0
16487,481,2025-01-29 21:09:00,16.801,147.41,0
16488,373,2025-04-15 06:47:00,9.887,22.22,0
16489,308,2025-01-13 01:17:00,14.004,22.25,0
16490,722,2025-03-23 02:00:00,11.382,32.01,0
16491,559,2025-01-19 17:43:00,11.401,28.89,0
16492,487,2025-02-18 07:29:00,11.277,138.17,0
16493,630,2025-02-16 20:27:00,14.646,30.44,0
16494,642,2025-02-03 22:44:00,12.118,73.79,0
16495,144,2025-06-02 21:54:00,19.435,282.49,0
16496,353,2025-03-08 19:22:00,14.282,142.97,0
16497,724,2025-01-28 01:52:00,8.768,30.8,0
16498,651,2025-06-27 21:36:00,14.141,24.52,0
16499,48,2025-01-07 00:14:00,9.389,16.58,0
16500,197,2025-01-27 16:28:00,10.06,38.72,0
16501,211,2025-06-03 14:57:00,9.894,10.09,0
16502,410,2025-03-23 05:14:00,19.099,213.74,0
16503,651,2025-03-09 11:29:00,14.014,23.03,0
16504,386,2025-02-24 22:20:00,8.014,36.76,0
16505,146,2025-04-16 23:19:00,15.164,44.32,0
16506,445,2025-03-06 14:10:00,10.817,13.66,0
16507,176,2025-01-16 02:00:00,18.043,79.42,0
16508,542,2025-06-23 11:48:00,21.183,52.09,0
16509,780,2025-06-13 07:43:00,10.385,28.66,0
16510,505,2025-02-01 17:00:00,11.87,48.39,0
16511,729,2025-04-01 19:11:00,17.972,33.4,0
16512,435,2025-03-23 15:26:00,16.853,35.32,0
16513,650,2025-01-17 02:56:00,19.597,20.91,0
16514,752,2025-03-13 18:27:00,17.089,39.34,0
16515,139,2025-04-25 02:03:00,10.673,50.03,0
16516,532,2025-01-19 17:43:00,19.695,18.47,0
16517,204,2025-03-07 19:14:00,10.251,44.96,0
16518,67,2025-02-15 06:02:00,9.174,7.65,0
16519,188,2025-03-05 14:43:00,21.153,96.51,0
16520,114,2025-04-24 09:14:00,16.173,13.42,0
16521,151,2025-03-15 11:30:00,12.636,9.0,0
16522,5,2025-05-19 05:30:00,11.589,23.94,0
16523,776,2025-04-02 11:05:00,9.186,42.95,0
16524,352,2025-05-05 13:13:00,15.839,28.26,0
16525,132,2025-04-22 11:29:00,20.184,68.74,0
16526,274,2025-05-28 01:22:00,17.519,29.68,0
16527,597,2025-01-27 08:30:00,18.668,30.66,0
16528,505,2025-06-28 08:51:00,16.378,32.43,0
16529,40,2025-05-16 18:51:00,8.138,142.13,0
16530,118,2025-02-05 15:30:00,14.231,26.1,0
16531,435,2025-01-05 21:15:00,8.501,272.35,0
16532,775,2025-01-05 14:33:00,9.138,178.91,0
16533,56,2025-05-06 20:25:00,10.46,14.19,0
16534,689,2025-03-18 03:07:00,20.451,77.08,0
16535,49,2025-02-02 23:50:00,11.012,22.44,0
16536,396,2025-02-27 04:46:00,14.325,41.38,0
16537,184,2025-03-22 10:16:00,20.271,10.23,0
16538,338,2025-01-08 10:19:00,17.494,34.41,0
16539,740,2025-04-12 01:54:00,9.857,343.69,0
16540,172,2025-01-07 12:38:00,14.473,19.83,0
16541,511,2025-04-27 12:40:00,18.793,68.24,0
16542,266,2025-01-11 23:38:00,14.214,41.7,0
16543,521,2025-05-23 09:16:00,11.044,24.72,0
16544,43,2025-02-15 13:12:00,17.009,100.08,0
16545,238,2025-04-03 21:58:00,13.706,26.23,0
16546,766,2025-03-11 10:50:00,15.193,36.76,0
16547,578,2025-06-08 10:08:00,9.75,45.85,0
16548,749,2025-05-23 23:38:00,20.671,100.61,0
16549,545,2025-06-21 21:49:00,20.895,27.77,0
16550,148,2025-05-09 18:35:00,12.245,231.45,0
16551,369,2025-06-25 16:31:00,12.097,9.03,0
16552,702,2025-02-10 13:15:00,10.388,23.45,0
16553,546,2025-02-27 12:30:00,16.202,101.94,0
16554,416,2025-05-26 17:11:00,10.787,24.04,0
16555,693,2025-01-06 18:59:00,16.603,43.47,0
16556,90,2025-02-02 05:03:00,21.24,17.52,0
16557,768,2025-05-09 20:14:00,10.532,12.15,0
16558,100,2025-03-13 23:33:00,11.163,25.03,0
16559,797,2025-02-15 08:11:00,9.277,584.63,1
16560,643,2025-02-24 14:59:00,12.409,23.34,0
16561,390,2025-05-19 04:24:00,20.343,35.2,0
16562,381,2025-03-28 10:18:00,8.223,25.32,0
16563,26,2025-01-01 21:36:00,16.908,65.22,0
16564,253,2025-04-03 23:37:00,13.376,10.49,0
16565,183,2025-05-20 21:25:00,12.446,34.56,0
16566,565,2025-01-30 22:55:00,10.411,28.61,0
16567,157,2025-01-13 15:01:00,19.658,18.26,0
16568,644,2025-04-23 23:41:00,19.519,100.08,0
16569,240,2025-06-08 06:46:00,8.573,9.44,0
16570,680,2025-01-13 17:38:00,16.072,50.54,0
16571,288,2025-04-28 05:40:00,13.809,54.37,0
16572,602,2025-05-21 04:17:00,8.087,27.6,0
16573,534,2025-01-30 02:35:00,12.275,179.32,0
16574,791,2025-02-16 20:45:00,10.632,53.38,0
16575,420,2025-04-02 09:47:00,18.688,21.29,0
16576,282,2025-04-20 22:39:00,14.262,61.8,0
16577,519,2025-04-01 22:28:00,19.172,25.92,0
16578,23,2025-02-03 01:38:00,21.563,27.33,0
16579,777,2025-06-08 05:26:00,13.619,93.09,0
16580,542,2025-03-17 18:22:00,15.776,58.33,0
16581,39,2025-04-06 19:41:00,21.62,89.27,0
16582,657,2025-04-07 10:23:00,10.328,5.18,1
16583,11,2025-04-10 02:03:00,8.758,50.37,0
16584,533,2025-02-22 04:41:00,14.575,127.93,0
16585,532,2025-02-27 10:04:00,14.83,15.5,0
16586,130,2025-01-25 23:45:00,21.006,43.63,0
16587,437,2025-05-12 03:08:00,14.379,31.83,0
16588,391,2025-02-26 10:58:00,14.216,67.77,0
16589,386,2025-01-10 01:17:00,14.974,24.66,0
16590,494,2025-01-09 09:10:00,14.239,72.09,0
16591,682,2025-06-24 05:33:00,20.583,30.32,0
16592,731,2025-03-19 00:23:00,16.649,336.25,0
16593,127,2025-04-20 03:00:00,19.148,51.18,0
16594,755,2025-04-07 02:59:00,10.165,239.03,0
16595,458,2025-06-02 05:16:00,20.264,64.35,0
16596,144,2025-06-09 19:47:00,21.581,28.29,0
16597,745,2025-05-21 14:12:00,21.396,39.63,0
16598,295,2025-06-26 18:19:00,21.759,52.28,0
16599,356,2025-02-09 06:25:00,17.763,6.11,0
16600,773,2025-03-22 21:13:00,17.401,82.78,0
16601,463,2025-02-22 00:48:00,8.943,43.9,0
16602,114,2025-05-30 22:09:00,11.961,59.33,0
16603,55,2025-02-20 01:00:00,19.019,62.88,0
16604,656,2025-05-23 23:28:00,13.055,13.61,0
16605,279,2025-02-10 14:14:00,16.687,41.1,0
16606,79,2025-05-05 17:39:00,16.211,38.53,0
16607,33,2025-01-03 20:43:00,16.13,14.15,0
16608,756,2025-05-22 23:06:00,13.186,122.26,0
16609,457,2025-05-29 20:25:00,20.388,171.2,0
16610,419,2025-04-12 08:48:00,11.485,28.06,0
16611,472,2025-04-07 19:31:00,18.785,57.5,0
16612,334,2025-03-24 16:09:00,8.355,36.4,0
16613,760,2025-04-17 09:54:00,19.738,28.55,0
16614,481,2025-04-12 18:49:00,18.614,26.61,0
16615,510,2025-03-30 12:09:00,21.705,13.85,0
16616,714,2025-04-04 17:06:00,9.691,50.77,0
16617,2,2025-01-23 09:15:00,19.251,22.76,0
16618,255,2025-03-25 20:44:00,12.326,61.15,0
16619,666,2025-03-20 11:57:00,11.471,26.38,0
16620,77,2025-06-11 03:43:00,10.87,14.68,0
16621,263,2025-02-22 20:29:00,18.058,21.66,0
16622,130,2025-06-24 05:53:00,21.194,49.71,0
16623,571,2025-06-10 13:41:00,17.13,28.26,0
16624,675,2025-05-21 22:42:00,11.721,371.44,1
16625,211,2025-05-07 05:13:00,13.598,134.51,0
16626,550,2025-02-27 00:55:00,11.374,12.52,0
16627,608,2025-01-30 06:40:00,8.977,105.22,0
16628,724,2025-05-23 04:01:00,18.743,91.34,0
16629,741,2025-05-07 08:16:00,9.463,75.26,0
16630,364,2025-05-30 16:28:00,2.272,68.31,1
16631,63,2025-04-09 16:56:00,13.996,20.0,0
16632,494,2025-06-11 16:22:00,9.017,23.83,1
16633,435,2025-01-15 16:50:00,12.221,172.79,0
16634,367,2025-01-20 17:46:00,9.056,86.43,0
16635,432,2025-01-13 12:27:00,16.81,55.48,0
16636,515,2025-02-27 21:01:00,17.341,23.61,0
16637,229,2025-01-27 12:55:00,20.527,18.34,0
16638,262,2025-01-08 07:24:00,12.006,14.72,0
16639,273,2025-05-26 21:20:00,10.466,21.41,0
16640,394,2025-01-29 02:03:00,14.644,30.15,0
16641,540,2025-05-30 09:22:00,19.402,42.76,0
16642,33,2025-04-26 16:16:00,15.922,98.02,0
16643,234,2025-04-20 11:20:00,21.216,207.08,0
16644,582,2025-01-22 01:23:00,9.242,124.93,0
16645,24,2025-01-03 19:30:00,18.07,13.65,0
16646,636,2025-01-26 03:04:00,17.283,20.45,0
16647,615,2025-02-27 01:57:00,11.408,17.48,0
16648,255,2025-06-22 03:47:00,10.911,90.54,0
16649,500,2025-03-14 03:55:00,13.348,71.03,0
16650,392,2025-02-11 23:36:00,12.515,25.7,0
16651,200,2025-02-21 04:32:00,12.69,35.01,0
16652,119,2025-03-02 06:37:00,18.111,45.85,0
16653,769,2025-04-15 14:28:00,9.264,59.85,0
16654,687,2025-05-26 02:47:00,18.477,104.27,0
16655,718,2025-01-12 04:45:00,14.992,45.62,0
16656,112,2025-05-20 10:39:00,10.436,32.76,0
16657,771,2025-01-04 14:16:00,17.373,53.79,0
16658,500,2025-02-27 21:46:00,13.233,32.74,0
16659,409,2025-04-16 19:35:00,9.861,53.34,0
16660,273,2025-01-19 21:03:00,16.23,33.37,0
16661,188,2025-02-17 14:46:00,12.479,100.52,0
16662,260,2025-04-25 22:29:00,11.97,107.64,0
16663,139,2025-05-04 13:48:00,14.689,33.06,0
16664,632,2025-01-15 21:57:00,15.278,204.1,0
16665,758,2025-05-20 23:12:00,17.84,45.52,0
16666,773,2025-03-15 10:57:00,14.89,54.17,0
16667,712,2025-04-20 23:46:00,15.469,122.17,0
16668,105,2025-02-08 06:27:00,15.986,195.05,0
16669,592,2025-06-28 03:29:00,20.982,99.17,0
16670,686,2025-05-18 00:02:00,9.418,50.29,0
16671,408,2025-04-26 17:26:00,17.288,28.55,0
16672,446,2025-02-03 11:05:00,8.523,49.75,0
16673,307,2025-05-20 02:16:00,11.628,62.39,0
16674,657,2025-03-09 22:28:00,19.073,53.92,0
16675,562,2025-04-26 09:11:00,13.059,32.17,0
16676,503,2025-04-28 00:15:00,8.374,21.04,0
16677,7,2025-05-25 23:30:00,15.187,45.24,0
16678,768,2025-05-31 12:02:00,14.128,22.59,0
16679,419,2025-03-12 07:24:00,20.976,9.92,0
16680,764,2025-01-15 14:13:00,21.191,18.6,0
16681,542,2025-03-20 04:25:00,11.903,26.3,0
16682,416,2025-03-14 00:50:00,19.484,19.97,0
16683,603,2025-03-02 08:00:00,15.206,44.42,0
16684,197,2025-03-29 22:57:00,15.562,13.53,0
16685,360,2025-04-14 18:23:00,9.598,14.72,0
16686,20,2025-04-23 04:51:00,19.711,100.79,0
16687,596,2025-03-09 10:27:00,16.483,77.5,0
16688,259,2025-04-21 22:56:00,21.373,46.85,0
16689,76,2025-06-27 19:33:00,18.961,112.17,0
16690,637,2025-04-28 03:09:00,14.533,20.64,0
16691,186,2025-04-19 12:58:00,20.002,65.76,0
16692,179,2025-02-21 09:52:00,12.455,31.18,0
16693,115,2025-03-02 10:13:00,20.082,119.21,0
16694,482,2025-01-10 07:07:00,9.622,43.57,0
16695,271,2025-04-02 11:16:00,12.711,17.86,0
16696,456,2025-01-14 09:39:00,20.155,107.55,0
16697,275,2025-05-21 12:14:00,8.336,26.27,0
16698,602,2025-06-22 06:14:00,20.16,14.05,0
16699,299,2025-05-26 02:25:00,8.561,121.87,0
16700,634,2025-01-29 04:43:00,17.225,60.02,0
16701,372,2025-04-25 16:16:00,16.934,18.02,0
16702,11,2025-03-19 12:03:00,8.805,33.1,0
16703,349,2025-01-01 10:04:00,19.735,32.35,0
16704,196,2025-05-09 23:20:00,9.203,17.59,0
16705,392,2025-06-06 08:24:00,19.919,18.1,0
16706,99,2025-03-25 02:41:00,21.764,33.2,0
16707,602,2025-06-13 18:20:00,17.41,78.92,0
16708,499,2025-01-10 23:49:00,21.024,70.05,0
16709,113,2025-06-06 21:31:00,16.754,23.14,0
16710,782,2025-05-03 14:45:00,21.735,69.96,0
16711,280,2025-05-01 19:13:00,19.156,118.38,0
16712,167,2025-04-01 13:11:00,17.51,18.08,0
16713,0,2025-01-05 21:04:00,21.845,64.64,0
16714,197,2025-03-23 09:36:00,14.774,36.35,0
16715,22,2025-06-21 03:22:00,14.771,28.88,0
16716,386,2025-03-25 05:49:00,19.923,36.38,0
16717,485,2025-01-13 04:55:00,17.44,68.77,0
16718,296,2025-03-30 22:36:00,10.019,13.09,0
16719,700,2025-01-27 21:46:00,12.312,35.95,0
16720,772,2025-03-17 20:20:00,16.186,26.8,0
16721,244,2025-04-24 00:31:00,8.224,36.52,0
16722,510,2025-01-13 01:21:00,15.146,30.97,0
16723,321,2025-03-25 03:00:00,11.275,19.69,0
16724,219,2025-04-02 00:19:00,11.315,162.31,0
16725,167,2025-05-16 20:33:00,20.535,4.42,0
16726,417,2025-01-13 05:40:00,11.951,56.68,0
16727,114,2025-04-24 23:10:00,20.575,57.05,0
16728,537,2025-04-22 22:01:00,15.472,38.23,0
16729,707,2025-01-01 18:06:00,20.99,44.85,0
16730,294,2025-01-22 12:26:00,18.209,59.73,0
16731,457,2025-04-26 16:57:00,13.796,23.57,0
16732,780,2025-06-04 19:47:00,8.493,26.81,0
16733,563,2025-06-04 11:30:00,20.483,27.91,0
16734,323,2025-05-19 08:53:00,17.903,52.66,0
16735,705,2025-06-03 09:16:00,9.887,54.25,0
16736,33,2025-04-20 04:46:00,21.092,15.53,0
16737,470,2025-01-29 08:00:00,14.841,34.31,0
16738,201,2025-04-06 15:46:00,8.414,22.1,0
16739,144,2025-03-04 12:36:00,12.142,17.08,0
16740,413,2025-02-15 22:05:00,20.037,24.78,0
16741,570,2025-01-22 12:22:00,13.868,14.79,0
16742,590,2025-01-04 13:34:00,19.309,8.56,0
16743,598,2025-05-16 06:24:00,13.639,38.74,0
16744,230,2025-01-31 15:31:00,9.875,76.92,0
16745,331,2025-04-23 23:03:00,10.725,28.31,0
16746,90,2025-02-24 10:58:00,20.337,75.77,0
16747,493,2025-03-29 04:45:00,10.537,67.12,0
16748,643,2025-03-13 12:47:00,21.096,18.06,0
16749,387,2025-02-23 22:57:00,12.04,18.7,0
16750,250,2025-03-28 12:26:00,21.603,11.49,0
16751,266,2025-05-22 16:15:00,9.356,43.7,0
16752,520,2025-04-01 17:23:00,15.678,54.34,0
16753,537,2025-05-23 10:59:00,8.498,35.95,0
16754,381,2025-06-13 22:29:00,11.592,19.42,0
16755,197,2025-03-30 09:53:00,19.975,33.78,0
16756,328,2025-05-25 11:26:00,10.618,62.63,0
16757,261,2025-01-23 09:29:00,20.481,57.69,0
16758,78,2025-04-12 20:44:00,16.257,54.19,0
16759,324,2025-03-25 18:21:00,18.172,46.16,0
16760,679,2025-01-02 00:22:00,13.032,89.64,0
16761,491,2025-06-11 07:00:00,21.789,16.39,0
16762,106,2025-05-14 11:18:00,19.572,22.05,0
16763,681,2025-04-16 03:14:00,20.764,16.93,0
16764,170,2025-05-06 05:11:00,10.042,25.83,0
16765,491,2025-05-16 17:17:00,11.735,115.26,0
16766,454,2025-05-20 23:25:00,19.774,19.45,0
16767,580,2025-02-23 00:57:00,17.373,19.72,0
16768,613,2025-03-17 05:00:00,13.388,9.13,0
16769,234,2025-03-03 18:27:00,14.501,59.25,0
16770,622,2025-06-13 23:37:00,14.14,34.54,0
16771,469,2025-01-22 01:57:00,15.81,107.77,0
16772,279,2025-06-13 07:13:00,14.846,108.33,0
16773,83,2025-03-03 16:55:00,14.366,14.48,0
16774,454,2025-05-21 03:31:00,12.588,33.37,0
16775,370,2025-01-31 12:43:00,14.284,97.37,0
16776,376,2025-06-01 19:39:00,10.485,19.58,0
16777,551,2025-04-08 00:23:00,10.672,77.35,0
16778,567,2025-06-27 06:35:00,17.636,4.82,0
16779,143,2025-03-12 21:14:00,21.504,33.58,0
16780,237,2025-06-29 00:18:00,10.973,21.33,0
16781,721,2025-05-31 10:26:00,20.781,82.43,0
16782,475,2025-01-02 11:22:00,16.758,274.62,1
16783,333,2025-03-10 21:23:00,21.34,67.8,0
16784,778,2025-03-15 00:59:00,13.534,53.52,0
16785,536,2025-02-08 05:18:00,17.664,19.25,0
16786,679,2025-06-08 01:44:00,15.614,71.68,0
16787,375,2025-01-16 03:53:00,21.685,54.43,0
16788,130,2025-02-16 13:34:00,8.847,10.53,0
16789,585,2025-02-15 11:06:00,8.822,53.52,0
16790,653,2025-03-17 07:46:00,20.098,24.15,0
16791,467,2025-05-06 12:36:00,8.749,51.15,0
16792,346,2025-01-02 05:51:00,20.703,43.16,0
16793,98,2025-04-23 17:19:00,9.316,79.15,0
16794,196,2025-03-14 21:07:00,9.574,75.28,0
16795,739,2025-04-22 14:09:00,12.631,18.83,0
16796,134,2025-01-12 02:38:00,18.175,23.33,0
16797,528,2025-06-04 11:17:00,16.078,28.8,0
16798,530,2025-04-14 22:19:00,20.725,82.74,0
16799,377,2025-02-15 12:08:00,16.815,25.52,0
16800,797,2025-05-23 02:45:00,16.34,45.55,0
16801,541,2025-03-26 17:49:00,15.985,72.63,0
16802,773,2025-03-12 06:06:00,13.685,36.56,0
16803,208,2025-01-31 06:33:00,16.949,140.64,0
16804,592,2025-03-30 06:59:00,21.623,22.79,0
16805,615,2025-02-09 09:11:00,21.61,54.11,0
16806,735,2025-05-13 01:23:00,9.552,48.21,0
16807,328,2025-03-08 18:22:00,14.378,38.87,0
16808,265,2025-01-22 07:31:00,16.293,6.37,0
16809,644,2025-05-08 06:35:00,18.023,28.17,0
16810,575,2025-06-02 02:36:00,12.207,8.71,0
16811,219,2025-05-31 01:37:00,21.761,23.58,0
16812,243,2025-03-29 06:45:00,13.814,33.0,0
16813,632,2025-02-25 07:09:00,11.995,221.15,0
16814,455,2025-02-09 20:32:00,18.921,64.09,0
16815,725,2025-03-13 14:20:00,16.233,15.36,0
16816,504,2025-01-19 06:08:00,20.664,41.1,0
16817,784,2025-06-09 18:41:00,9.489,49.05,0
16818,261,2025-02-14 19:52:00,8.765,37.94,0
16819,621,2025-05-21 10:38:00,21.204,35.52,0
16820,152,2025-03-11 07:52:00,14.244,22.46,0
16821,563,2025-05-05 06:14:00,11.026,46.72,0
16822,334,2025-06-13 22:18:00,18.403,43.14,0
16823,415,2025-03-15 06:51:00,21.964,60.28,0
16824,646,2025-06-23 16:02:00,21.982,1669.1,1
16825,84,2025-03-03 09:22:00,21.484,66.74,0
16826,178,2025-02-15 19:32:00,10.192,38.13,0
16827,447,2025-05-11 05:12:00,3.925,30.75,1
16828,331,2025-01-26 07:24:00,9.739,63.34,0
16829,450,2025-01-17 19:10:00,12.995,18.13,0
16830,344,2025-03-08 06:06:00,10.497,4.84,0
16831,51,2025-04-08 19:46:00,12.984,8.72,0
16832,749,2025-03-26 06:16:00,11.471,7.81,0
16833,552,2025-01-11 22:40:00,20.555,54.88,0
16834,488,2025-04-09 16:26:00,21.828,38.92,0
16835,119,2025-04-23 04:49:00,10.433,65.71,0
16836,157,2025-02-21 05:54:00,9.815,52.95,0
16837,477,2025-04-13 07:32:00,10.301,80.29,0
16838,42,2025-03-05 20:45:00,15.92,86.45,0
16839,378,2025-01-11 18:18:00,20.349,74.56,0
16840,711,2025-05-14 22:30:00,18.437,75.84,0
16841,700,2025-03-17 13:49:00,13.909,129.79,0
16842,411,2025-06-27 01:16:00,21.427,185.12,0
16843,185,2025-02-04 15:23:00,15.54,37.16,0
16844,59,2025-01-02 08:39:00,18.988,119.67,0
16845,136,2025-05-24 15:53:00,15.0,21.95,0
16846,224,2025-06-05 05:04:00,17.327,22.94,0
16847,440,2025-06-14 09:22:00,13.269,131.88,0
16848,580,2025-06-28 02:52:00,8.736,37.97,0
16849,368,2025-02-26 15:24:00,16.577,9.23,0
16850,661,2025-05-03 04:29:00,12.044,13.42,0
16851,129,2025-01-06 06:39:00,15.709,18.86,0
16852,338,2025-03-17 03:27:00,17.12,13.67,0
16853,490,2025-06-11 13:52:00,14.324,53.73,0
16854,43,2025-04-25 04:22:00,10.199,17.54,0
16855,724,2025-06-02 00:20:00,19.273,27.99,0
16856,796,2025-06-20 07:08:00,10.414,21.53,0
16857,592,2025-05-24 10:23:00,9.811,11.74,0
16858,562,2025-05-04 17:15:00,12.443,12.21,0
16859,167,2025-03-06 03:33:00,8.815,72.57,0
16860,146,2025-04-06 16:18:00,12.945,45.46,0
16861,190,2025-01-15 08:19:00,18.606,2.71,0
16862,108,2025-04-14 21:13:00,19.064,21.06,0
16863,446,2025-06-25 11:26:00,14.394,71.49,0
16864,765,2025-01-27 14:59:00,10.571,54.99,0
16865,542,2025-03-30 19:32:00,21.632,191.62,0
16866,705,2025-06-11 21:45:00,19.533,28.48,0
16867,783,2025-03-06 04:33:00,8.073,47.27,0
16868,529,2025-04-17 01:11:00,16.498,17.27,0
16869,83,2025-05-20 21:32:00,21.234,10.16,0
16870,744,2025-05-22 20:43:00,21.009,46.85,0
16871,437,2025-05-01 17:25:00,13.592,25.56,0
16872,437,2025-01-12 06:52:00,16.559,295.2,0
16873,789,2025-01-08 12:51:00,16.629,21.86,0
16874,547,2025-05-16 19:58:00,18.22,24.99,0
16875,88,2025-06-22 12:16:00,21.181,37.34,0
16876,611,2025-02-18 04:34:00,14.53,74.28,0
16877,778,2025-04-11 02:11:00,8.864,69.41,0
16878,190,2025-01-13 20:18:00,18.108,9.27,0
16879,369,2025-02-03 21:11:00,21.246,99.59,0
16880,82,2025-03-29 05:19:00,20.188,30.71,0
16881,573,2025-01-03 20:59:00,8.343,4.11,0
16882,114,2025-04-16 23:25:00,20.357,35.07,0
16883,340,2025-04-10 09:39:00,10.062,15.5,0
16884,520,2025-01-17 16:24:00,21.704,90.19,0
16885,672,2025-04-17 22:15:00,18.378,46.12,0
16886,255,2025-03-23 23:30:00,9.766,82.77,0
16887,726,2025-01-18 22:22:00,9.411,90.97,0
16888,19,2025-02-09 08:42:00,11.89,24.29,0
16889,133,2025-04-09 02:05:00,11.212,42.74,0
16890,95,2025-05-26 23:07:00,8.056,86.9,0
16891,597,2025-03-19 17:02:00,20.465,41.82,0
16892,289,2025-04-24 18:35:00,9.771,18.11,0
16893,16,2025-03-20 18:32:00,21.851,111.15,0
16894,630,2025-06-05 01:26:00,11.695,35.71,0
16895,221,2025-06-25 13:07:00,16.042,18.64,0
16896,545,2025-03-18 01:35:00,17.777,162.03,0
16897,441,2025-02-23 06:13:00,12.217,7.62,0
16898,89,2025-04-14 15:34:00,14.384,20.53,0
16899,482,2025-06-09 03:34:00,18.821,22.12,0
16900,688,2025-04-18 21:35:00,8.905,70.63,0
16901,292,2025-03-04 00:19:00,13.064,522.68,1
16902,666,2025-05-20 17:14:00,19.06,20.23,0
16903,216,2025-02-02 07:26:00,12.648,80.65,0
16904,226,2025-02-19 02:55:00,8.83,65.41,0
16905,137,2025-01-28 09:47:00,10.629,27.81,0
16906,169,2025-06-14 07:30:00,17.479,42.18,0
16907,191,2025-06-19 07:33:00,21.545,14.2,0
16908,519,2025-06-22 12:46:00,11.203,29.14,0
16909,104,2025-01-05 04:37:00,15.245,33.09,0
16910,435,2025-06-11 20:42:00,11.367,12.42,0
16911,208,2025-02-09 10:46:00,20.926,9.32,0
16912,117,2025-06-21 10:37:00,20.602,25.44,0
16913,657,2025-03-03 06:50:00,13.477,81.42,0
16914,431,2025-02-25 02:21:00,8.519,55.67,0
16915,230,2025-04-29 05:22:00,16.505,21.67,0
16916,510,2025-05-23 05:25:00,16.788,278.87,0
16917,726,2025-03-09 15:27:00,16.648,14.85,0
16918,226,2025-05-29 09:15:00,12.144,497.9,1
16919,196,2025-01-04 16:11:00,8.335,22.93,0
16920,546,2025-06-11 17:51:00,8.45,92.42,0
16921,393,2025-04-04 01:15:00,18.905,31.96,0
16922,538,2025-04-07 14:56:00,15.435,28.91,0
16923,134,2025-06-09 04:53:00,11.797,75.67,0
16924,746,2025-01-10 21:30:00,20.803,30.67,0
16925,13,2025-06-09 13:59:00,20.381,63.2,0
16926,218,2025-02-06 13:26:00,19.426,32.06,0
16927,500,2025-06-28 11:41:00,16.705,4.28,0
16928,416,2025-05-10 10:12:00,16.61,196.4,0
16929,270,2025-03-03 15:08:00,15.431,52.99,0
16930,781,2025-01-12 22:21:00,10.565,27.34,0
16931,276,2025-01-23 01:02:00,18.183,104.25,0
16932,542,2025-01-22 22:42:00,15.29,16.15,0
16933,326,2025-01-13 12:24:00,15.644,16.88,0
16934,352,2025-04-21 20:45:00,17.638,11.29,0
16935,622,2025-06-06 01:50:00,13.208,29.82,0
16936,283,2025-05-24 22:38:00,17.861,20.62,0
16937,319,2025-05-15 16:17:00,11.474,27.74,0
16938,625,2025-06-26 11:45:00,20.117,10.8,0
16939,69,2025-04-23 23:07:00,21.805,20.22,0
16940,345,2025-01-18 02:23:00,16.286,50.38,0
16941,223,2025-03-31 10:00:00,13.342,104.36,0
16942,385,2025-05-17 10:47:00,12.037,36.27,0
16943,460,2025-03-24 07:42:00,20.498,23.5,0
16944,343,2025-02-25 06:57:00,12.574,57.94,0
16945,794,2025-03-30 21:52:00,19.397,89.78,0
16946,730,2025-05-21 14:22:00,13.72,85.93,0
16947,114,2025-03-07 11:48:00,20.316,52.69,0
16948,514,2025-03-05 13:20:00,14.046,19.15,0
16949,258,2025-03-27 10:36:00,16.091,33.49,0
16950,572,2025-03-17 11:44:00,9.717,42.5,0
16951,388,2025-02-07 20:37:00,21.658,4.91,0
16952,762,2025-02-20 08:59:00,15.882,35.78,0
16953,755,2025-01-22 04:45:00,16.671,139.08,0
16954,45,2025-05-16 06:35:00,9.756,20.98,0
16955,86,2025-02-08 00:47:00,17.668,8.19,0
16956,18,2025-06-26 03:14:00,13.97,20.55,0
16957,635,2025-06-24 18:33:00,13.924,19.96,0
16958,182,2025-05-02 00:08:00,14.626,84.5,0
16959,578,2025-06-28 07:45:00,15.503,287.81,0
16960,265,2025-06-05 10:57:00,19.249,39.64,0
16961,245,2025-05-16 06:31:00,12.787,17.69,0
16962,483,2025-03-06 00:31:00,20.33,13.29,0
16963,619,2025-05-31 16:39:00,9.551,79.86,0
16964,453,2025-03-03 08:21:00,15.428,62.44,0
16965,459,2025-01-19 15:24:00,17.493,89.36,0
16966,589,2025-04-12 20:07:00,21.585,22.93,0
16967,137,2025-01-23 03:28:00,13.574,129.09,0
16968,473,2025-01-17 14:21:00,0.388,40.24,1
16969,228,2025-01-17 16:16:00,19.008,19.79,0
16970,123,2025-06-14 01:35:00,19.656,6.77,0
16971,262,2025-01-12 09:00:00,20.837,23.2,0
16972,153,2025-03-13 00:27:00,12.842,22.99,0
16973,258,2025-05-15 12:30:00,19.795,14.86,0
16974,18,2025-05-25 08:42:00,21.397,50.06,0
16975,597,2025-01-11 03:39:00,14.571,20.11,0
16976,278,2025-06-10 21:16:00,17.677,16.35,0
16977,528,2025-06-20 19:51:00,12.522,16.81,0
16978,599,2025-06-24 14:13:00,11.588,11.25,0
16979,655,2025-04-28 17:26:00,11.892,22.16,0
16980,62,2025-04-03 05:09:00,8.72,22.63,0
16981,408,2025-01-31 18:11:00,16.098,28.77,0
16982,333,2025-01-23 05:40:00,20.065,47.51,0
16983,280,2025-05-28 03:41:00,12.02,119.12,0
16984,645,2025-06-03 01:29:00,8.444,78.54,0
16985,54,2025-05-29 06:21:00,11.964,10.02,0
16986,248,2025-04-22 06:44:00,18.808,71.54,0
16987,635,2025-04-12 11:59:00,14.267,83.23,0
16988,315,2025-02-04 19:56:00,18.74,64.17,0
16989,59,2025-01-17 09:03:00,11.038,24.39,0
16990,138,2025-02-06 03:45:00,16.987,112.95,0
16991,241,2025-03-14 03:21:00,18.234,17.07,0
16992,198,2025-02-24 05:56:00,19.329,82.17,0
16993,535,2025-04-09 17:40:00,17.577,80.21,0
16994,137,2025-05-21 17:16:00,20.751,52.19,0
16995,86,2025-05-14 21:11:00,9.764,8.31,1
16996,249,2025-05-30 01:09:00,15.709,41.14,0
16997,54,2025-02-23 17:32:00,14.297,68.13,0
16998,9,2025-06-18 10:31:00,21.99,36.38,0
16999,486,2025-06-07 04:02:00,15.691,32.77,0
17000,587,2025-03-04 19:14:00,17.594,25.95,0
17001,109,2025-02-15 03:11:00,20.866,22.96,0
17002,247,2025-06-09 19:45:00,9.995,32.43,0
17003,605,2025-06-29 16:13:00,12.75,91.29,0
17004,694,2025-03-25 16:51:00,12.526,19.94,0
17005,583,2025-01-21 17:02:00,9.637,47.91,0
17006,494,2025-04-20 03:50:00,15.84,4.07,0
17007,598,2025-05-30 22:20:00,12.292,22.99,0
17008,237,2025-03-26 09:16:00,10.312,61.94,0
17009,51,2025-01-24 19:10:00,8.306,78.24,0
17010,451,2025-05-13 09:42:00,8.351,14.37,0
17011,447,2025-05-17 16:13:00,13.471,43.9,0
17012,642,2025-06-07 11:45:00,16.553,65.26,0
17013,192,2025-06-05 05:08:00,10.976,18.31,0
17014,711,2025-03-28 00:12:00,20.742,9.15,0
17015,396,2025-02-26 07:48:00,10.943,11.84,0
17016,353,2025-01-30 19:00:00,11.786,9.72,0
17017,791,2025-01-19 05:45:00,12.258,61.39,0
17018,434,2025-05-29 20:15:00,10.209,37.71,0
17019,72,2025-06-29 23:36:00,21.987,24.62,0
17020,202,2025-04-26 18:57:00,18.037,17.02,0
17021,475,2025-06-24 18:56:00,12.205,83.76,0
17022,184,2025-02-25 08:18:00,21.625,29.26,0
17023,131,2025-05-17 05:28:00,16.887,44.73,0
17024,237,2025-03-13 11:00:00,18.771,16.73,0
17025,408,2025-03-11 13:38:00,12.812,387.45,1
17026,74,2025-04-26 04:54:00,11.034,77.9,0
17027,416,2025-01-25 04:36:00,14.297,37.01,0
17028,581,2025-03-16 04:55:00,13.834,39.68,0
17029,364,2025-03-17 05:58:00,21.784,44.91,0
17030,555,2025-03-19 11:55:00,10.032,76.32,0
17031,511,2025-05-10 15:52:00,9.892,87.93,0
17032,397,2025-02-20 01:26:00,16.697,14.16,0
17033,779,2025-01-28 10:12:00,15.867,28.12,0
17034,489,2025-04-20 23:19:00,15.647,15.18,0
17035,644,2025-01-04 00:34:00,13.768,39.93,0
17036,512,2025-06-27 20:41:00,13.056,25.37,0
17037,766,2025-06-12 17:25:00,9.22,26.99,0
17038,344,2025-03-10 22:24:00,19.095,28.95,0
17039,151,2025-05-06 23:57:00,14.251,27.77,0
17040,145,2025-04-04 09:55:00,20.562,260.87,0
17041,794,2025-05-05 21:23:00,14.938,7.38,0
17042,638,2025-02-09 11:19:00,20.65,30.69,0
17043,244,2025-06-20 11:50:00,20.936,10.47,0
17044,358,2025-06-08 15:47:00,15.829,39.56,0
17045,27,2025-04-04 17:26:00,19.164,11.17,0
17046,762,2025-06-07 22:47:00,9.455,32.94,0
17047,348,2025-02-27 06:05:00,9.641,19.33,0
17048,307,2025-05-22 09:57:00,17.804,82.11,0
17049,196,2025-06-13 16:43:00,1.24,10.56,1
17050,65,2025-05-06 06:57:00,17.96,11.73,0
17051,609,2025-06-27 10:42:00,11.229,13.88,0
17052,178,2025-02-08 13:01:00,11.287,46.79,0
17053,69,2025-01-04 16:23:00,13.043,40.91,0
17054,782,2025-04-05 18:58:00,20.942,27.28,0
17055,438,2025-03-01 12:30:00,17.949,57.66,0
17056,61,2025-04-26 01:24:00,18.521,5.64,0
17057,231,2025-03-07 05:35:00,18.963,28.42,0
17058,442,2025-06-06 08:55:00,19.643,34.02,0
17059,165,2025-01-21 00:30:00,10.385,39.81,0
17060,792,2025-06-23 11:22:00,21.186,36.38,0
17061,700,2025-02-09 21:11:00,13.558,42.23,0
17062,708,2025-02-28 19:48:00,15.864,49.45,0
17063,412,2025-01-05 09:39:00,19.344,164.08,0
17064,790,2025-05-03 03:57:00,19.936,61.26,0
17065,260,2025-05-06 08:31:00,15.085,10.36,0
17066,444,2025-06-17 07:20:00,15.626,67.67,0
17067,596,2025-01-20 05:49:00,13.734,30.71,0
17068,404,2025-03-28 20:01:00,2.508,21.91,1
17069,682,2025-06-09 18:33:00,17.067,10.86,0
17070,83,2025-01-06 10:06:00,17.481,27.34,0
17071,353,2025-04-16 02:46:00,14.622,40.54,0
17072,28,2025-02-11 08:52:00,8.674,63.05,1
17073,145,2025-03-06 02:36:00,15.922,14.34,0
17074,308,2025-05-17 00:47:00,9.443,24.8,0
17075,795,2025-05-26 14:23:00,14.356,23.28,0
17076,490,2025-01-02 00:54:00,19.178,21.95,0
17077,287,2025-04-28 02:53:00,11.178,10.24,0
17078,290,2025-03-12 23:01:00,20.864,14.79,0
17079,164,2025-05-16 13:03:00,17.916,27.2,0
17080,587,2025-06-01 11:06:00,11.605,57.23,0
17081,82,2025-06-07 23:59:00,11.217,28.77,0
17082,166,2025-01-19 09:51:00,9.045,13.3,0
17083,99,2025-05-26 09:06:00,20.234,28.09,0
17084,603,2025-06-23 14:20:00,8.882,12.83,0
17085,754,2025-05-21 05:53:00,16.768,62.76,0
17086,69,2025-03-09 20:28:00,18.52,114.79,0
17087,757,2025-05-12 08:55:00,11.572,37.35,0
17088,733,2025-01-13 04:27:00,13.326,59.38,0
17089,406,2025-03-09 22:44:00,12.114,19.56,0
17090,29,2025-05-29 08:33:00,19.224,41.62,0
17091,553,2025-04-28 07:54:00,21.936,32.94,0
17092,419,2025-02-17 17:32:00,21.588,74.86,0
17093,666,2025-04-12 19:49:00,8.973,20.95,0
17094,235,2025-01-01 07:44:00,17.489,31.53,0
17095,445,2025-06-23 10:05:00,16.19,13.91,0
17096,713,2025-04-10 02:45:00,21.021,56.03,0
17097,533,2025-04-01 04:02:00,16.091,20.14,0
17098,517,2025-03-02 00:14:00,14.404,25.91,0
17099,773,2025-02-09 22:15:00,14.285,16.35,0
17100,391,2025-03-01 03:51:00,19.951,28.64,0
17101,138,2025-03-24 09:23:00,17.409,59.06,0
17102,780,2025-03-18 15:24:00,9.037,44.28,0
17103,111,2025-03-16 15:17:00,21.069,92.51,0
17104,440,2025-04-02 10:45:00,17.502,19.72,0
17105,602,2025-03-26 07:59:00,10.171,33.5,0
17106,629,2025-02-25 19:07:00,14.571,83.51,0
17107,622,2025-04-15 14:03:00,11.509,15.73,1
17108,340,2025-02-14 07:37:00,16.279,87.23,0
17109,148,2025-06-20 15:27:00,15.787,113.32,0
17110,30,2025-05-01 01:55:00,21.584,13.86,0
17111,241,2025-02-20 14:16:00,8.772,235.56,0
17112,777,2025-05-05 16:17:00,14.304,26.94,0
17113,548,2025-06-24 10:38:00,10.56,8.7,0
17114,325,2025-05-18 16:06:00,8.308,13.94,0
17115,395,2025-05-21 07:47:00,18.894,29.61,0
17116,267,2025-02-09 06:16:00,18.607,24.16,0
17117,714,2025-02-02 22:13:00,21.079,17.86,0
17118,362,2025-04-12 01:44:00,16.236,12.45,0
17119,669,2025-02-20 11:30:00,11.581,10.91,0
17120,40,2025-01-22 15:45:00,13.082,125.95,0
17121,389,2025-06-13 16:17:00,16.464,44.63,0
17122,482,2025-03-04 03:21:00,16.803,74.91,0
17123,533,2025-05-25 05:48:00,8.596,15.89,0
17124,19,2025-05-12 16:36:00,20.75,24.52,0
17125,514,2025-01-26 19:19:00,20.965,14.94,0
17126,671,2025-02-03 18:45:00,19.179,22.6,0
17127,73,2025-04-16 05:20:00,11.497,78.98,0
17128,264,2025-04-23 06:51:00,12.873,23.84,0
17129,340,2025-02-19 20:36:00,17.834,31.09,0
17130,203,2025-01-28 14:39:00,12.28,19.76,0
17131,351,2025-04-24 08:31:00,13.428,62.66,0
17132,714,2025-02-12 12:05:00,17.355,21.49,0
17133,717,2025-02-01 05:52:00,8.476,93.4,0
17134,480,2025-03-10 02:45:00,9.93,25.62,0
17135,708,2025-03-05 08:15:00,8.504,243.18,0
17136,652,2025-03-14 09:46:00,11.72,91.26,0
17137,46,2025-03-11 22:26:00,14.735,33.56,0
17138,309,2025-04-12 20:11:00,19.817,36.97,0
17139,676,2025-04-07 18:54:00,10.505,104.79,0
17140,353,2025-01-07 17:18:00,12.996,45.42,0
17141,489,2025-02-13 01:50:00,8.132,56.56,0
17142,329,2025-04-01 19:45:00,14.488,189.93,0
17143,12,2025-05-11 23:51:00,8.355,41.28,0
17144,451,2025-01-06 10:42:00,12.512,6.52,0
17145,305,2025-05-26 16:01:00,19.632,40.18,0
17146,619,2025-01-17 23:16:00,21.105,89.43,0
17147,710,2025-04-26 04:45:00,13.141,45.02,0
17148,83,2025-02-09 09:10:00,11.962,13.86,0
17149,286,2025-06-12 13:18:00,18.619,32.7,0
17150,314,2025-05-05 18:01:00,17.772,114.72,0
17151,541,2025-05-23 06:56:00,13.293,11.25,0
17152,316,2025-05-27 01:45:00,20.675,8.84,0
17153,452,2025-01-08 22:08:00,14.352,17.91,0
17154,726,2025-06-02 10:38:00,21.102,87.58,0
17155,471,2025-01-16 05:59:00,20.374,6.8,0
17156,78,2025-04-08 16:48:00,21.278,38.55,0
17157,384,2025-04-29 19:03:00,9.523,52.06,0
17158,709,2025-06-11 23:49:00,11.739,35.05,0
17159,385,2025-05-10 22:30:00,13.195,10.7,0
17160,786,2025-05-09 03:39:00,18.408,38.86,0
17161,722,2025-06-24 05:20:00,12.112,14.63,0
17162,211,2025-01-03 22:11:00,10.898,39.33,0
17163,331,2025-01-01 14:23:00,12.812,17.16,0
17164,148,2025-02-04 05:57:00,12.353,45.64,0
17165,153,2025-02-12 15:40:00,19.405,33.64,0
17166,294,2025-03-31 23:16:00,21.857,12.74,0
17167,335,2025-05-30 17:09:00,12.254,54.45,0
17168,280,2025-03-12 16:45:00,8.726,31.12,0
17169,586,2025-06-10 11:25:00,18.104,45.14,0
17170,121,2025-04-26 08:34:00,14.728,40.94,0
17171,380,2025-03-25 14:20:00,14.073,78.01,0
17172,710,2025-05-23 18:17:00,12.917,55.46,0
17173,585,2025-03-29 01:49:00,14.585,48.36,0
17174,163,2025-01-08 16:28:00,9.906,7.64,0
17175,191,2025-06-03 15:38:00,16.57,24.66,0
17176,740,2025-01-24 21:30:00,21.017,4.24,0
17177,466,2025-03-24 19:03:00,20.869,10.53,0
17178,703,2025-01-29 01:12:00,18.334,80.7,0
17179,691,2025-05-22 17:41:00,13.452,21.93,0
17180,353,2025-04-25 16:45:00,20.897,79.18,0
17181,423,2025-06-20 18:30:00,17.237,16.89,0
17182,294,2025-06-05 23:10:00,15.052,28.36,0
17183,509,2025-02-17 03:10:00,11.977,35.66,0
17184,519,2025-02-15 10:55:00,18.573,109.15,0
17185,543,2025-02-19 09:24:00,19.163,70.66,0
17186,688,2025-01-28 16:22:00,15.826,21.31,0
17187,591,2025-06-18 22:45:00,12.005,21.42,0
17188,81,2025-01-15 21:17:00,13.448,37.01,0
17189,280,2025-03-18 08:58:00,16.727,215.26,0
17190,455,2025-02-20 17:01:00,11.122,34.11,0
17191,501,2025-01-03 19:56:00,14.593,16.66,0
17192,691,2025-05-30 13:00:00,8.591,17.32,0
17193,332,2025-04-01 10:45:00,19.273,27.83,0
17194,657,2025-06-07 23:34:00,13.344,41.63,0
17195,312,2025-04-22 00:24:00,14.233,15.65,0
17196,116,2025-03-31 06:15:00,20.395,69.05,0
17197,380,2025-02-14 01:16:00,13.548,19.13,0
17198,119,2025-04-17 09:51:00,14.652,91.38,0
17199,326,2025-05-11 22:24:00,12.136,39.81,0
17200,193,2025-01-06 00:28:00,19.299,24.8,0
17201,20,2025-02-11 22:18:00,14.107,3.41,0
17202,530,2025-03-07 02:24:00,14.747,24.41,0
17203,593,2025-01-22 12:53:00,14.893,32.91,0
17204,105,2025-01-16 03:54:00,17.471,34.1,0
17205,467,2025-02-14 21:15:00,15.58,52.62,0
17206,401,2025-03-03 08:34:00,14.087,24.1,0
17207,110,2025-04-07 02:29:00,17.167,53.18,0
17208,486,2025-05-27 10:46:00,16.925,15.91,0
17209,209,2025-06-04 01:00:00,17.947,73.65,0
17210,657,2025-03-10 16:18:00,14.575,74.48,0
17211,488,2025-04-06 06:42:00,21.728,43.19,0
17212,89,2025-01-03 13:03:00,16.056,61.53,0
17213,414,2025-06-02 19:37:00,19.172,26.26,0
17214,93,2025-02-12 06:00:00,14.521,29.0,0
17215,578,2025-01-12 13:17:00,12.718,27.65,0
17216,237,2025-04-19 10:25:00,15.341,94.69,0
17217,391,2025-03-09 01:34:00,16.081,39.31,0
17218,556,2025-03-16 00:01:00,12.322,18.16,0
17219,675,2025-03-20 07:58:00,18.56,31.97,0
17220,409,2025-04-24 01:24:00,13.988,22.92,0
17221,61,2025-05-25 07:27:00,17.248,38.67,0
17222,207,2025-04-13 22:01:00,12.033,29.39,0
17223,490,2025-04-20 21:59:00,14.78,11.36,0
17224,33,2025-05-26 13:29:00,12.935,14.22,0
17225,297,2025-05-22 07:21:00,13.865,24.92,0
17226,258,2025-02-01 01:11:00,17.463,101.17,0
17227,245,2025-03-02 22:33:00,10.191,7.77,0
17228,763,2025-03-30 20:41:00,11.436,46.22,0
17229,754,2025-06-18 03:01:00,13.037,121.74,0
17230,717,2025-04-20 05:41:00,11.824,75.77,0
17231,691,2025-05-27 10:59:00,10.443,34.3,0
17232,714,2025-05-24 02:04:00,19.438,29.18,0
17233,146,2025-06-14 18:53:00,10.273,58.45,0
17234,314,2025-04-04 06:46:00,16.984,116.96,0
17235,45,2025-02-17 07:16:00,14.318,62.17,0
17236,637,2025-03-16 00:34:00,10.288,40.61,0
17237,693,2025-01-02 04:22:00,12.151,92.16,0
17238,23,2025-05-04 01:53:00,9.532,40.36,0
17239,135,2025-04-21 18:52:00,1.623,37.68,1
17240,135,2025-01-30 17:20:00,13.025,58.16,0
17241,742,2025-03-30 15:56:00,18.572,21.01,0
17242,632,2025-05-09 21:31:00,13.568,382.98,0
17243,221,2025-05-21 05:04:00,15.965,39.71,0
17244,36,2025-05-20 15:54:00,9.794,30.19,0
17245,329,2025-01-18 13:10:00,20.339,68.77,0
17246,467,2025-03-09 06:15:00,12.625,84.14,0
17247,35,2025-04-18 04:19:00,10.65,20.24,0
17248,375,2025-01-19 22:43:00,12.95,8.92,0
17249,430,2025-02-05 19:14:00,21.575,26.86,0
17250,784,2025-06-19 17:22:00,16.82,43.95,0
17251,150,2025-04-03 15:04:00,9.694,19.34,0
17252,146,2025-04-15 02:11:00,10.267,34.3,0
17253,344,2025-01-29 11:56:00,18.678,31.59,0
17254,255,2025-04-25 02:51:00,19.835,9.46,0
17255,735,2025-06-14 05:19:00,9.154,59.4,0
17256,629,2025-06-22 18:38:00,12.113,71.81,0
17257,202,2025-02-02 23:45:00,8.662,40.97,0
17258,267,2025-02-09 22:45:00,9.74,47.74,0
17259,507,2025-04-14 12:19:00,9.929,20.75,0
17260,697,2025-06-09 14:50:00,14.121,31.81,0
17261,161,2025-01-02 00:14:00,8.177,59.95,0
17262,236,2025-02-10 12:51:00,17.986,11.73,0
17263,487,2025-01-29 03:48:00,13.646,15.45,0
17264,687,2025-05-23 02:56:00,13.618,11.19,0
17265,231,2025-03-31 21:07:00,21.467,134.65,0
17266,373,2025-05-09 14:37:00,12.636,311.57,1
17267,545,2025-01-08 08:57:00,8.578,110.48,0
17268,340,2025-01-24 19:13:00,13.668,32.99,0
17269,616,2025-04-08 16:49:00,14.539,146.99,0
17270,412,2025-03-17 13:57:00,0.631,93.81,1
17271,704,2025-02-03 04:19:00,14.492,20.24,0
17272,485,2025-02-16 22:54:00,12.68,38.32,0
17273,734,2025-05-11 18:38:00,15.647,15.68,0
17274,687,2025-01-03 11:21:00,20.19,59.44,0
17275,193,2025-06-06 07:01:00,13.016,82.89,0
17276,717,2025-01-29 16:54:00,15.49,157.44,0
17277,103,2025-05-17 12:55:00,19.866,105.38,0
17278,226,2025-04-24 08:23:00,13.58,49.48,0
17279,38,2025-01-12 09:50:00,9.908,46.45,0
17280,83,2025-05-18 14:24:00,14.055,28.74,0
17281,576,2025-03-31 08:12:00,15.064,150.55,0
17282,88,2025-02-24 04:31:00,20.16,17.53,0
17283,149,2025-01-21 00:17:00,0.483,15.26,1
17284,326,2025-01-21 18:34:00,18.759,14.55,0
17285,640,2025-03-15 15:07:00,13.357,82.69,0
17286,648,2025-02-23 00:28:00,11.877,75.62,0
17287,771,2025-06-01 02:50:00,14.18,49.96,0
17288,44,2025-04-08 17:18:00,12.474,44.96,0
17289,118,2025-01-08 09:48:00,21.719,13.58,0
17290,319,2025-06-07 20:26:00,9.182,43.49,0
17291,226,2025-02-15 07:08:00,15.081,93.87,0
17292,77,2025-04-20 04:05:00,13.378,14.73,0
17293,419,2025-05-29 18:46:00,18.814,13.18,0
17294,592,2025-05-01 05:21:00,16.349,44.9,1
17295,344,2025-03-15 01:36:00,8.842,64.61,0
17296,18,2025-01-02 08:14:00,17.426,67.22,0
17297,340,2025-02-12 08:44:00,14.897,92.18,0
17298,366,2025-04-13 12:01:00,16.627,39.79,0
17299,173,2025-06-20 21:27:00,9.282,9.3,0
17300,635,2025-01-07 10:58:00,15.137,52.89,0
17301,711,2025-01-29 00:45:00,15.397,90.57,0
17302,743,2025-03-06 11:28:00,10.047,21.28,0
17303,545,2025-05-22 22:47:00,16.605,31.36,0
17304,540,2025-06-21 00:05:00,20.725,6.14,0
17305,123,2025-02-02 01:17:00,8.356,27.98,0
17306,315,2025-04-15 11:42:00,11.54,125.66,0
17307,3,2025-06-23 08:23:00,12.607,24.53,0
17308,447,2025-06-29 17:40:00,15.619,15.04,0
17309,610,2025-05-22 11:49:00,18.361,167.91,0
17310,535,2025-05-21 03:45:00,17.254,57.25,0
17311,12,2025-02-19 18:10:00,14.466,51.22,0
17312,445,2025-02-25 17:00:00,21.44,39.65,0
17313,704,2025-06-27 01:12:00,12.786,20.41,0
17314,81,2025-04-23 02:18:00,18.977,28.35,0
17315,423,2025-01-21 14:27:00,19.566,132.22,0
17316,200,2025-01-13 10:34:00,9.413,20.21,0
17317,744,2025-06-04 17:27:00,8.613,104.34,0
17318,440,2025-01-24 08:27:00,21.809,46.28,0
17319,617,2025-05-06 21:32:00,13.019,46.47,0
17320,419,2025-02-27 21:53:00,17.357,158.75,1
17321,715,2025-02-01 07:10:00,8.41,49.18,0
17322,229,2025-01-21 13:17:00,18.694,33.24,0
17323,595,2025-04-09 08:19:00,12.93,9.63,0
17324,343,2025-05-25 16:11:00,16.138,36.19,0
17325,461,2025-01-03 03:30:00,8.672,24.9,0
17326,548,2025-05-07 16:34:00,9.511,43.26,0
17327,138,2025-04-14 03:54:00,19.523,17.68,0
17328,694,2025-05-23 23:23:00,15.758,15.54,0
17329,582,2025-04-15 19:07:00,18.878,37.76,0
17330,327,2025-01-23 16:24:00,10.258,25.51,0
17331,473,2025-03-15 12:49:00,12.589,26.72,0
17332,530,2025-06-27 16:03:00,19.916,13.18,0
17333,363,2025-05-29 09:28:00,16.203,33.43,0
17334,508,2025-03-05 06:06:00,17.367,58.45,0
17335,446,2025-06-17 12:49:00,10.89,43.6,0
17336,623,2025-01-02 07:48:00,15.781,26.06,0
17337,185,2025-04-07 01:51:00,18.276,9.41,0
17338,3,2025-05-20 07:22:00,10.418,17.7,0
17339,323,2025-05-02 07:28:00,12.191,19.3,0
17340,659,2025-02-02 04:57:00,8.125,68.48,0
17341,99,2025-01-27 06:05:00,21.481,66.51,0
17342,688,2025-05-14 20:06:00,20.541,44.9,0
17343,327,2025-06-29 15:47:00,9.291,26.52,0
17344,300,2025-05-18 13:08:00,19.652,99.29,1
17345,373,2025-06-04 10:11:00,15.644,57.89,0
17346,649,2025-06-13 20:56:00,21.503,6.65,0
17347,686,2025-06-20 19:47:00,15.133,124.08,0
17348,490,2025-05-23 04:39:00,10.895,30.73,0
17349,421,2025-05-21 01:14:00,19.987,880.68,1
17350,645,2025-05-23 03:34:00,21.133,51.0,0
17351,727,2025-02-28 02:59:00,15.429,12.47,0
17352,636,2025-04-08 06:43:00,13.708,24.08,0
17353,774,2025-02-09 21:39:00,18.851,7.5,0
17354,664,2025-04-06 13:21:00,9.178,18.84,0
17355,39,2025-04-02 23:43:00,19.798,39.21,0
17356,15,2025-01-13 07:48:00,20.051,36.97,0
17357,477,2025-01-15 20:49:00,12.142,20.48,0
17358,765,2025-06-21 03:16:00,8.158,28.59,0
17359,239,2025-04-10 07:51:00,8.137,38.22,0
17360,772,2025-01-06 21:31:00,21.693,59.89,0
17361,681,2025-03-08 14:03:00,18.926,21.2,0
17362,112,2025-06-10 10:22:00,13.022,31.03,0
17363,395,2025-05-12 00:40:00,20.452,12.84,0
17364,176,2025-05-29 05:49:00,20.492,13.2,0
17365,62,2025-04-23 14:59:00,20.715,86.44,0
17366,552,2025-05-07 01:40:00,15.025,118.94,0
17367,172,2025-02-14 08:58:00,19.486,41.25,0
17368,447,2025-06-01 12:59:00,8.527,26.98,0
17369,539,2025-05-13 00:28:00,10.24,24.01,0
17370,345,2025-02-13 02:06:00,16.855,92.93,0
17371,63,2025-02-26 00:00:00,9.456,1.56,0
17372,55,2025-05-19 01:53:00,8.607,215.82,0
17373,303,2025-02-14 17:55:00,9.517,37.34,0
17374,34,2025-05-01 10:22:00,14.362,4.57,0
17375,697,2025-03-17 08:09:00,14.836,250.58,0
17376,133,2025-02-21 16:17:00,20.964,5.12,0
17377,23,2025-01-29 09:55:00,13.905,5.75,0
17378,112,2025-05-10 21:22:00,15.201,17.09,0
17379,556,2025-02-28 12:41:00,19.427,30.85,0
17380,470,2025-04-11 02:45:00,19.406,91.51,0
17381,540,2025-02-16 18:32:00,12.572,26.56,0
17382,277,2025-01-27 12:31:00,18.144,18.37,0
17383,256,2025-01-04 21:52:00,20.402,27.35,0
17384,537,2025-06-19 02:23:00,19.528,27.24,0
17385,90,2025-02-24 03:47:00,12.597,110.67,0
17386,315,2025-04-14 16:52:00,18.36,81.41,0
17387,81,2025-03-26 00:43:00,18.329,21.59,0
17388,339,2025-03-08 13:57:00,11.388,26.57,0
17389,775,2025-05-30 08:28:00,17.376,7.91,0
17390,680,2025-06-13 22:53:00,9.231,58.02,0
17391,541,2025-02-02 11:39:00,11.838,33.58,0
17392,525,2025-01-06 14:00:00,8.397,47.73,0
17393,300,2025-02-28 22:19:00,9.833,58.02,0
17394,564,2025-01-19 13:14:00,9.49,121.54,0
17395,666,2025-01-06 06:53:00,21.255,25.63,0
17396,473,2025-05-25 21:41:00,10.294,36.55,1
17397,82,2025-01-14 12:28:00,9.015,122.54,0
17398,555,2025-01-13 16:03:00,18.504,30.46,0
17399,101,2025-03-06 02:24:00,17.079,32.56,0
17400,259,2025-04-13 05:33:00,16.905,289.16,0
17401,158,2025-03-31 23:41:00,20.487,33.76,0
17402,40,2025-05-15 05:35:00,17.33,140.27,0
17403,610,2025-05-15 16:29:00,17.356,22.39,0
17404,516,2025-01-03 23:38:00,14.397,24.34,0
17405,327,2025-05-18 08:56:00,15.92,7.03,0
17406,305,2025-01-08 16:32:00,18.723,57.09,0
17407,514,2025-06-14 12:23:00,13.028,62.12,0
17408,425,2025-02-25 01:30:00,8.505,37.59,0
17409,185,2025-06-13 09:40:00,13.971,50.51,0
17410,384,2025-06-29 20:39:00,13.277,70.48,0
17411,621,2025-01-19 06:28:00,10.545,10.7,0
17412,441,2025-03-10 13:44:00,1.027,37.02,1
17413,641,2025-01-21 04:04:00,19.263,131.95,0
17414,406,2025-06-24 07:47:00,10.22,27.91,0
17415,330,2025-03-31 10:08:00,14.737,11.64,0
17416,593,2025-05-31 18:08:00,12.566,83.16,0
17417,167,2025-04-17 02:31:00,15.952,39.41,0
17418,501,2025-06-02 14:14:00,9.315,34.25,0
17419,504,2025-04-18 14:53:00,21.078,25.27,0
17420,221,2025-01-09 17:26:00,8.891,73.08,0
17421,204,2025-03-29 12:42:00,19.515,22.54,0
17422,66,2025-04-28 20:49:00,10.724,111.29,0
17423,118,2025-06-26 14:46:00,18.793,37.46,0
17424,76,2025-05-30 21:54:00,11.949,78.72,0
17425,492,2025-04-02 14:41:00,19.057,71.69,0
17426,97,2025-05-26 01:29:00,20.82,13.6,0
17427,410,2025-06-18 08:32:00,21.099,51.29,0
17428,89,2025-06-07 16:01:00,20.09,28.24,0
17429,626,2025-06-27 20:59:00,13.955,59.18,0
17430,542,2025-03-06 16:14:00,14.002,33.35,0
17431,233,2025-03-21 22:10:00,21.335,7.76,0
17432,588,2025-01-03 13:54:00,20.478,65.87,0
17433,180,2025-01-25 01:51:00,14.789,5.87,0
17434,508,2025-05-27 23:32:00,13.571,39.2,0
17435,512,2025-02-28 15:57:00,9.319,159.39,0
17436,349,2025-03-20 23:58:00,13.061,107.36,0
17437,560,2025-03-06 12:53:00,14.594,48.29,0
17438,758,2025-06-16 19:16:00,19.629,23.25,0
17439,330,2025-06-09 21:34:00,12.537,33.29,0
17440,226,2025-05-14 02:17:00,12.236,81.16,0
17441,353,2025-06-23 02:31:00,8.37,18.62,0
17442,454,2025-04-09 09:45:00,8.554,48.9,0
17443,98,2025-01-31 12:54:00,19.313,17.72,0
17444,767,2025-04-25 05:48:00,10.298,27.94,0
17445,375,2025-01-04 14:43:00,21.53,23.99,0
17446,771,2025-03-17 13:29:00,8.842,48.75,0
17447,769,2025-05-30 12:27:00,19.288,54.28,0
17448,51,2025-02-02 10:31:00,9.611,196.01,0
17449,90,2025-04-11 13:21:00,16.889,30.98,0
17450,145,2025-05-20 21:55:00,18.595,45.31,0
17451,6,2025-05-16 05:03:00,11.166,89.61,1
17452,282,2025-04-17 13:01:00,15.853,34.31,0
17453,14,2025-03-01 16:49:00,18.93,37.83,0
17454,451,2025-02-13 13:30:00,10.391,56.98,0
17455,260,2025-01-29 12:48:00,15.315,20.37,0
17456,674,2025-05-13 14:23:00,15.457,41.1,0
17457,608,2025-02-17 15:19:00,18.748,18.29,0
17458,675,2025-04-27 23:25:00,13.06,27.12,0
17459,453,2025-01-09 17:25:00,17.034,194.94,0
17460,556,2025-02-22 12:23:00,21.3,31.18,0
17461,64,2025-03-11 10:51:00,17.925,41.79,0
17462,607,2025-05-20 02:50:00,8.251,4.21,0
17463,361,2025-01-18 20:39:00,10.112,49.79,0
17464,3,2025-03-26 15:53:00,13.574,170.06,0
17465,63,2025-03-25 11:29:00,13.661,17.75,0
17466,246,2025-02-27 20:58:00,12.628,83.31,0
17467,298,2025-05-24 20:38:00,14.204,21.32,0
17468,166,2025-06-26 11:05:00,21.207,9.31,0
17469,615,2025-01-09 13:45:00,19.263,24.66,0
17470,357,2025-06-17 19:50:00,9.944,20.26,0
17471,206,2025-06-11 09:47:00,14.22,38.38,0
17472,538,2025-06-01 15:06:00,17.542,27.47,0
17473,362,2025-01-23 04:01:00,10.293,15.74,0
17474,623,2025-03-11 19:42:00,8.71,53.6,0
17475,400,2025-04-29 01:50:00,21.408,89.5,0
17476,599,2025-02-06 18:02:00,18.985,58.84,0
17477,682,2025-02-13 07:06:00,20.393,40.36,0
17478,63,2025-04-12 08:46:00,18.939,32.9,0
17479,97,2025-06-02 02:02:00,17.506,55.91,0
17480,584,2025-01-30 07:10:00,18.711,22.53,0
17481,440,2025-01-02 20:43:00,15.354,68.61,0
17482,192,2025-06-29 06:30:00,11.6,12.56,0
17483,24,2025-03-17 20:23:00,9.322,8.67,0
17484,764,2025-01-14 17:06:00,16.365,57.18,0
17485,74,2025-06-23 03:25:00,11.071,14.83,0
17486,370,2025-02-19 04:50:00,19.523,19.12,0
17487,176,2025-01-21 07:42:00,15.491,15.26,0
17488,316,2025-05-01 07:53:00,21.935,56.4,0
17489,575,2025-05-17 21:59:00,13.395,18.49,0
17490,407,2025-01-23 18:46:00,13.871,106.42,0
17491,32,2025-05-11 18:59:00,11.773,64.7,0
17492,69,2025-03-10 00:23:00,12.004,43.24,0
17493,756,2025-02-27 10:50:00,14.684,125.82,0
17494,201,2025-05-01 00:37:00,8.904,16.58,0
17495,342,2025-01-11 21:09:00,19.668,38.84,0
17496,628,2025-01-31 05:58:00,9.381,5.61,0
17497,670,2025-05-30 22:58:00,20.692,22.95,0
17498,227,2025-06-27 09:52:00,13.587,12.2,0
17499,177,2025-06-12 21:04:00,14.438,72.48,0
17500,349,2025-05-21 23:47:00,21.498,95.95,0
17501,270,2025-01-24 00:13:00,18.346,28.17,0
17502,560,2025-02-25 14:13:00,11.904,217.85,0
17503,581,2025-06-02 14:36:00,12.278,17.81,0
17504,208,2025-05-09 08:38:00,10.097,13.54,0
17505,303,2025-05-30 23:31:00,16.943,22.71,0
17506,584,2025-03-15 22:35:00,17.252,47.51,0
17507,405,2025-04-14 20:44:00,20.45,74.62,0
17508,440,2025-05-13 15:10:00,11.978,66.01,0
17509,647,2025-05-22 00:51:00,8.942,26.69,0
17510,521,2025-05-11 15:13:00,11.08,85.96,0
17511,520,2025-01-08 02:32:00,21.484,23.1,0
17512,385,2025-02-06 10:52:00,21.835,358.74,0
17513,668,2025-03-31 07:29:00,12.948,82.66,0
17514,18,2025-05-06 19:45:00,14.859,6.98,0
17515,69,2025-06-24 01:24:00,19.848,23.7,0
17516,541,2025-02-24 04:17:00,14.689,19.12,0
17517,269,2025-05-20 12:55:00,21.426,190.72,1
17518,223,2025-04-30 13:10:00,19.727,16.6,0
17519,480,2025-02-18 06:20:00,18.38,5.78,0
17520,85,2025-02-01 04:10:00,16.8,78.99,0
17521,485,2025-04-23 05:39:00,10.89,3.51,0
17522,288,2025-03-01 01:46:00,10.56,26.48,0
17523,471,2025-02-08 06:12:00,20.132,67.13,0
17524,272,2025-02-09 08:26:00,11.372,25.88,0
17525,579,2025-02-09 23:34:00,11.41,110.31,0
17526,89,2025-01-17 10:27:00,19.845,48.41,0
17527,675,2025-02-04 01:58:00,8.649,17.04,0
17528,395,2025-06-25 15:09:00,18.049,42.09,0
17529,183,2025-02-04 04:43:00,16.622,142.89,0
17530,769,2025-03-15 14:07:00,8.531,43.05,0
17531,83,2025-03-31 20:56:00,10.537,53.95,0
17532,429,2025-05-07 09:07:00,12.199,51.36,0
17533,59,2025-02-25 18:19:00,11.179,19.87,0
17534,719,2025-05-29 19:49:00,10.369,9.37,0
17535,126,2025-05-21 00:47:00,19.953,48.24,0
17536,201,2025-04-02 12:34:00,20.949,113.29,0
17537,524,2025-06-10 22:33:00,10.451,57.09,0
17538,707,2025-03-04 16:44:00,16.096,12.08,0
17539,333,2025-03-29 18:23:00,14.065,49.76,0
17540,208,2025-04-18 16:36:00,13.269,75.43,0
17541,279,2025-02-04 10:28:00,21.343,92.16,0
17542,734,2025-01-15 17:50:00,8.641,58.27,0
17543,727,2025-06-29 15:21:00,21.646,43.64,0
17544,98,2025-01-09 17:21:00,12.447,21.34,0
17545,720,2025-01-09 11:10:00,15.973,30.67,0
17546,672,2025-01-19 06:32:00,21.039,79.02,0
17547,431,2025-04-09 22:27:00,17.032,18.09,0
17548,204,2025-02-18 07:00:00,18.739,17.55,0
17549,366,2025-02-09 12:53:00,9.355,63.03,0
17550,620,2025-06-04 20:48:00,15.977,48.1,0
17551,216,2025-06-18 18:40:00,12.349,114.63,0
17552,275,2025-06-07 16:07:00,13.872,73.57,0
17553,367,2025-02-28 11:50:00,11.324,22.84,0
17554,53,2025-01-16 08:30:00,16.619,122.59,0
17555,328,2025-06-22 10:44:00,15.503,45.38,0
17556,107,2025-04-09 05:33:00,9.796,62.56,0
17557,5,2025-06-25 02:30:00,18.211,26.86,0
17558,309,2025-01-31 02:54:00,3.514,53.69,1
17559,606,2025-06-19 17:39:00,16.213,23.51,0
17560,786,2025-02-25 17:44:00,20.157,6.52,0
17561,350,2025-05-23 16:34:00,13.567,152.91,0
17562,603,2025-01-20 19:40:00,16.955,17.88,0
17563,178,2025-05-14 10:03:00,20.071,22.88,0
17564,509,2025-03-27 05:12:00,16.712,21.73,0
17565,533,2025-06-21 11:58:00,21.762,153.59,0
17566,265,2025-01-27 14:16:00,9.139,52.9,0
17567,358,2025-02-10 06:15:00,13.078,59.68,0
17568,536,2025-04-25 12:25:00,17.836,77.93,0
17569,250,2025-05-26 18:46:00,14.837,65.87,0
17570,482,2025-06-09 21:27:00,11.619,42.95,0
17571,184,2025-01-21 10:16:00,12.686,41.84,0
17572,428,2025-01-02 06:00:00,18.139,119.3,0
17573,47,2025-03-07 03:18:00,19.01,13.65,0
17574,357,2025-01-18 13:20:00,16.886,17.74,0
17575,402,2025-03-14 07:54:00,20.442,60.46,0
17576,661,2025-03-27 19:36:00,15.303,46.85,0
17577,300,2025-06-29 03:48:00,19.532,559.95,1
17578,4,2025-01-07 00:16:00,9.502,240.85,0
17579,32,2025-02-27 18:37:00,21.8,13.91,0
17580,431,2025-03-02 22:33:00,20.244,37.31,0
17581,649,2025-04-10 20:26:00,20.508,44.91,0
17582,712,2025-02-27 16:05:00,20.324,25.88,0
17583,646,2025-04-25 00:40:00,19.792,20.99,0
17584,271,2025-06-02 20:12:00,9.192,27.97,0
17585,392,2025-05-03 00:15:00,20.745,127.5,0
17586,710,2025-04-29 21:32:00,10.363,26.3,0
17587,671,2025-01-22 15:02:00,20.149,48.81,0
17588,363,2025-06-09 16:11:00,15.819,21.95,0
17589,384,2025-04-11 15:25:00,11.961,62.98,0
17590,55,2025-01-30 16:31:00,12.408,84.34,0
17591,135,2025-04-25 05:59:00,11.776,30.57,0
17592,423,2025-03-29 15:17:00,18.155,61.64,0
17593,414,2025-06-12 14:27:00,18.299,32.06,0
17594,459,2025-04-27 13:57:00,13.987,36.36,0
17595,250,2025-06-22 07:30:00,13.983,50.34,0
17596,181,2025-06-25 11:10:00,10.987,45.12,0
17597,361,2025-02-12 07:19:00,13.574,42.37,0
17598,702,2025-02-22 13:31:00,17.278,10.78,0
17599,776,2025-02-07 21:26:00,16.754,13.03,0
17600,41,2025-02-11 12:22:00,9.818,8.78,0
17601,284,2025-05-04 01:47:00,18.24,11.41,0
17602,417,2025-06-20 20:18:00,21.857,50.57,0
17603,172,2025-03-30 02:34:00,19.353,26.39,0
17604,282,2025-05-26 12:29:00,8.111,21.11,0
17605,102,2025-05-14 20:12:00,19.51,148.03,0
17606,371,2025-02-16 22:43:00,8.42,91.59,0
17607,707,2025-06-02 17:23:00,9.88,9.81,0
17608,742,2025-03-28 05:07:00,11.395,17.48,0
17609,11,2025-01-02 22:09:00,14.889,16.39,0
17610,509,2025-05-09 19:16:00,19.825,36.79,0
17611,725,2025-06-08 04:06:00,19.397,12.46,0
17612,614,2025-02-14 03:39:00,13.214,20.3,0
17613,49,2025-02-17 18:40:00,14.635,48.88,0
17614,311,2025-05-12 19:44:00,10.385,31.45,0
17615,602,2025-06-24 11:47:00,21.327,12.27,0
17616,783,2025-02-16 19:13:00,11.824,37.96,0
17617,234,2025-03-19 10:43:00,10.869,38.82,0
17618,226,2025-05-03 05:57:00,21.825,41.56,0
17619,199,2025-06-03 10:34:00,10.963,11.35,0
17620,715,2025-01-07 01:19:00,10.543,76.71,0
17621,143,2025-02-05 23:43:00,21.76,23.51,0
17622,292,2025-06-10 22:04:00,9.072,13.93,0
17623,107,2025-04-05 12:40:00,8.464,37.02,0
17624,751,2025-05-17 11:25:00,14.383,59.46,0
17625,52,2025-01-12 09:24:00,12.153,56.39,0
17626,405,2025-01-17 08:46:00,20.18,98.01,0
17627,124,2025-05-13 06:31:00,18.29,21.06,0
17628,325,2025-03-09 15:59:00,15.569,9.58,0
17629,470,2025-06-19 13:52:00,8.141,26.93,0
17630,558,2025-03-19 13:40:00,11.718,3.65,0
17631,455,2025-06-01 18:17:00,20.467,17.97,0
17632,341,2025-04-08 19:50:00,11.476,26.78,0
17633,224,2025-05-03 11:07:00,8.388,23.59,0
17634,642,2025-04-28 16:13:00,11.234,52.62,0
17635,543,2025-01-22 09:48:00,18.592,34.41,0
17636,537,2025-05-24 00:09:00,20.036,50.07,0
17637,615,2025-06-27 02:42:00,11.994,43.82,0
17638,176,2025-03-11 15:39:00,11.251,10.67,0
17639,784,2025-03-03 21:55:00,19.724,56.63,0
17640,735,2025-04-18 12:01:00,10.747,22.73,0
17641,351,2025-04-24 21:34:00,13.086,41.57,0
17642,163,2025-03-10 23:27:00,13.329,50.64,0
17643,299,2025-02-19 03:16:00,13.544,18.52,0
17644,310,2025-06-24 19:59:00,9.05,20.14,0
17645,778,2025-05-29 22:01:00,19.813,35.96,0
17646,231,2025-04-13 22:26:00,11.01,23.81,0
17647,753,2025-03-10 02:46:00,13.137,138.55,0
17648,184,2025-03-05 09:15:00,16.922,35.29,0
17649,741,2025-03-12 07:43:00,19.251,13.81,0
17650,744,2025-04-17 17:35:00,16.219,185.53,0
17651,487,2025-01-01 19:21:00,13.063,46.36,0
17652,86,2025-04-29 06:17:00,8.074,33.97,0
17653,494,2025-04-14 13:26:00,14.931,117.88,0
17654,729,2025-01-27 00:37:00,15.871,44.78,0
17655,742,2025-02-15 03:09:00,13.033,32.79,0
17656,365,2025-02-19 21:26:00,16.813,9.74,0
17657,383,2025-06-15 22:23:00,19.03,5.6,0
17658,307,2025-06-18 06:07:00,8.498,92.92,0
17659,170,2025-05-21 23:12:00,19.36,44.47,0
17660,522,2025-05-03 16:38:00,16.267,29.8,0
17661,788,2025-06-21 08:57:00,12.558,31.26,0
17662,213,2025-05-13 04:37:00,17.714,44.73,0
17663,673,2025-03-12 03:41:00,17.854,58.16,0
17664,76,2025-03-06 12:37:00,18.611,18.79,0
17665,44,2025-04-30 02:40:00,13.777,40.84,0
17666,720,2025-03-15 13:26:00,16.07,53.33,0
17667,89,2025-03-23 07:47:00,14.669,23.44,0
17668,331,2025-06-25 00:29:00,13.095,5.9,0
17669,705,2025-06-13 16:20:00,9.809,18.9,0
17670,279,2025-04-20 03:40:00,20.866,12.34,0
17671,240,2025-02-28 08:48:00,9.784,90.34,0
17672,32,2025-03-21 14:40:00,17.082,16.21,0
17673,557,2025-03-01 03:13:00,13.599,15.77,0
17674,256,2025-03-17 10:16:00,19.5,20.84,0
17675,94,2025-03-07 20:52:00,14.599,68.27,0
17676,379,2025-03-22 03:10:00,10.611,70.71,0
17677,136,2025-03-31 14:26:00,10.109,18.38,0
17678,679,2025-04-26 16:20:00,13.482,24.4,0
17679,597,2025-06-09 18:56:00,15.489,30.4,0
17680,783,2025-04-06 03:36:00,16.812,106.5,0
17681,783,2025-02-07 08:15:00,19.884,6.78,0
17682,669,2025-02-03 08:22:00,13.24,11.24,0
17683,401,2025-04-28 05:39:00,18.937,244.73,0
17684,136,2025-06-29 15:35:00,11.147,89.8,0
17685,34,2025-02-25 01:44:00,20.296,10.62,0
17686,73,2025-01-16 21:18:00,9.362,430.05,0
17687,187,2025-01-15 21:05:00,19.253,58.31,0
17688,706,2025-02-19 08:00:00,11.753,38.32,0
17689,170,2025-06-21 15:47:00,17.194,114.14,0
17690,74,2025-05-21 12:25:00,3.01,17.39,1
17691,81,2025-05-22 10:33:00,16.094,23.73,1
17692,348,2025-03-01 21:52:00,21.726,37.21,0
17693,335,2025-06-21 08:43:00,16.379,52.42,0
17694,241,2025-03-15 08:55:00,11.012,45.85,0
17695,758,2025-03-14 01:09:00,13.747,41.24,0
17696,278,2025-06-18 19:31:00,9.354,25.5,0
17697,687,2025-05-17 06:09:00,12.696,46.41,0
17698,793,2025-02-21 23:41:00,12.101,43.4,0
17699,360,2025-04-28 04:56:00,17.011,34.71,0
17700,560,2025-03-05 01:33:00,20.794,28.31,0
17701,19,2025-04-22 10:09:00,11.94,23.1,0
17702,625,2025-01-25 16:35:00,19.866,10.85,0
17703,583,2025-01-08 05:58:00,20.265,109.34,1
17704,156,2025-06-23 11:35:00,16.857,63.77,0
17705,8,2025-01-13 21:52:00,17.784,78.32,0
17706,35,2025-03-14 05:31:00,19.175,13.85,0
17707,684,2025-02-05 03:32:00,13.21,23.46,0
17708,195,2025-01-03 16:39:00,21.811,33.09,0
17709,330,2025-05-15 22:30:00,13.345,46.58,0
17710,268,2025-02-20 22:53:00,9.188,18.91,0
17711,241,2025-05-24 16:50:00,18.26,140.13,0
17712,132,2025-04-09 22:40:00,12.69,70.76,0
17713,326,2025-04-27 11:59:00,8.388,40.46,0
17714,739,2025-05-01 08:37:00,10.507,44.61,0
17715,285,2025-02-04 13:44:00,13.171,29.33,0
17716,641,2025-03-24 01:21:00,10.979,20.29,0
17717,551,2025-05-20 23:18:00,9.91,5.09,0
17718,637,2025-02-12 03:50:00,10.276,70.55,0
17719,458,2025-01-21 10:11:00,16.771,36.68,0
17720,297,2025-03-16 14:59:00,9.797,90.21,0
17721,205,2025-06-10 22:10:00,18.966,55.74,0
17722,224,2025-02-27 22:35:00,19.784,34.21,0
17723,422,2025-03-11 06:13:00,18.129,37.62,0
17724,323,2025-01-23 17:32:00,11.432,19.43,0
17725,323,2025-05-11 21:01:00,16.07,13.46,0
17726,295,2025-03-02 18:09:00,8.855,15.86,0
17727,736,2025-01-31 12:13:00,21.198,16.23,0
17728,514,2025-01-19 08:50:00,8.103,29.97,0
17729,713,2025-02-26 13:42:00,11.101,65.48,0
17730,742,2025-02-06 14:55:00,9.162,60.53,0
17731,493,2025-03-31 03:34:00,21.926,10.39,0
17732,73,2025-03-18 18:04:00,8.57,69.66,0
17733,772,2025-03-31 08:15:00,8.024,39.2,0
17734,382,2025-03-08 00:41:00,9.409,61.3,0
17735,300,2025-01-18 11:54:00,20.338,52.82,0
17736,330,2025-05-20 21:35:00,13.61,9.17,0
17737,70,2025-04-09 16:44:00,21.226,41.01,0
17738,531,2025-02-03 04:34:00,21.433,113.58,0
17739,38,2025-01-14 12:30:00,18.165,13.54,0
17740,576,2025-06-19 03:32:00,10.364,16.71,0
17741,666,2025-06-16 06:17:00,21.595,7.13,0
17742,337,2025-02-03 23:21:00,14.135,24.41,0
17743,306,2025-03-17 22:02:00,14.503,10.78,0
17744,538,2025-04-15 19:49:00,16.916,17.58,0
17745,688,2025-03-21 00:49:00,18.026,42.63,0
17746,76,2025-05-31 12:52:00,21.475,67.22,0
17747,366,2025-04-14 20:36:00,21.593,7.41,0
17748,258,2025-02-17 18:33:00,13.791,24.23,0
17749,8,2025-05-21 16:50:00,9.99,29.05,0
17750,6,2025-06-07 11:11:00,20.818,31.55,0
17751,422,2025-01-13 12:23:00,9.665,66.35,0
17752,610,2025-06-03 05:49:00,15.737,66.48,0
17753,475,2025-05-07 12:51:00,10.327,71.09,0
17754,199,2025-06-15 05:02:00,13.016,42.5,0
17755,361,2025-06-13 21:29:00,15.416,28.63,0
17756,772,2025-01-09 21:52:00,17.87,23.29,0
17757,670,2025-03-21 01:19:00,21.653,56.72,0
17758,95,2025-01-13 20:50:00,20.86,17.84,0
17759,515,2025-01-03 09:18:00,15.286,17.94,0
17760,499,2025-06-15 02:27:00,12.374,52.17,0
17761,291,2025-02-14 12:37:00,15.517,63.65,0
17762,291,2025-01-11 22:13:00,13.133,35.04,0
17763,575,2025-06-19 09:19:00,14.433,58.16,0
17764,747,2025-03-15 09:37:00,20.801,28.25,0
17765,255,2025-01-22 05:50:00,15.2,31.07,0
17766,741,2025-02-15 20:49:00,8.583,46.93,0
17767,670,2025-01-03 10:48:00,17.577,18.69,0
17768,42,2025-05-02 20:54:00,11.934,62.17,0
17769,224,2025-06-18 10:54:00,10.994,28.85,0
17770,352,2025-03-12 09:39:00,18.731,30.37,0
17771,533,2025-06-05 08:16:00,10.318,37.56,0
17772,181,2025-03-03 17:47:00,16.53,68.05,0
17773,332,2025-03-24 20:53:00,19.44,5.99,0
17774,74,2025-02-08 12:15:00,12.208,12.7,0
17775,80,2025-01-01 23:18:00,14.611,79.57,0
17776,347,2025-01-30 08:59:00,16.087,51.74,0
17777,503,2025-04-16 01:53:00,16.975,24.6,0
17778,361,2025-01-18 20:50:00,21.607,36.96,0
17779,306,2025-05-28 00:24:00,20.444,56.43,0
17780,398,2025-06-15 02:40:00,10.926,121.24,0
17781,507,2025-02-21 11:49:00,15.641,25.02,0
17782,571,2025-02-18 16:42:00,10.21,100.39,0
17783,431,2025-02-01 02:13:00,8.84,55.13,0
17784,73,2025-03-15 18:59:00,13.153,16.72,0
17785,33,2025-06-12 20:07:00,12.477,21.53,0
17786,274,2025-03-12 06:00:00,15.987,92.1,0
17787,163,2025-05-19 05:26:00,16.978,108.52,0
17788,429,2025-02-27 21:45:00,13.398,33.65,0
17789,560,2025-03-22 15:42:00,20.141,84.4,0
17790,201,2025-03-30 19:51:00,19.784,46.47,0
17791,374,2025-06-12 21:39:00,18.096,33.18,0
17792,174,2025-03-31 18:16:00,12.91,40.73,0
17793,373,2025-04-20 11:14:00,11.391,11.47,0
17794,302,2025-06-03 18:26:00,9.625,28.18,0
17795,1,2025-06-19 22:27:00,11.506,22.98,0
17796,532,2025-06-11 02:14:00,21.428,78.02,0
17797,242,2025-01-19 13:39:00,13.847,42.72,0
17798,598,2025-01-21 04:00:00,13.82,28.96,0
17799,535,2025-03-20 13:18:00,14.59,85.28,0
17800,156,2025-03-05 05:29:00,17.072,10.44,0
17801,709,2025-05-03 06:12:00,20.88,16.32,0
17802,17,2025-03-19 19:02:00,9.598,96.21,0
17803,459,2025-03-15 10:07:00,19.484,58.48,0
17804,642,2025-01-17 06:15:00,14.285,9.86,0
17805,432,2025-03-04 22:59:00,11.846,41.67,0
17806,446,2025-04-13 20:31:00,15.614,12.7,0
17807,376,2025-05-06 04:13:00,15.565,24.89,0
17808,48,2025-01-31 09:23:00,9.867,50.48,0
17809,542,2025-04-20 00:34:00,9.358,34.06,0
17810,762,2025-04-14 02:56:00,16.776,33.12,0
17811,638,2025-02-20 20:34:00,18.295,18.11,0
17812,46,2025-06-10 03:23:00,16.608,88.09,0
17813,176,2025-03-21 22:05:00,12.941,52.07,0
17814,666,2025-02-17 12:13:00,15.782,18.38,0
17815,571,2025-05-08 05:48:00,20.689,38.6,0
17816,293,2025-02-03 22:56:00,20.934,27.32,0
17817,195,2025-04-23 20:13:00,11.252,22.58,0
17818,369,2025-05-03 18:56:00,9.331,39.28,0
17819,25,2025-03-23 13:04:00,17.146,133.35,0
17820,71,2025-02-06 16:44:00,10.442,17.49,0
17821,59,2025-02-16 19:13:00,19.215,54.89,0
17822,660,2025-02-09 21:44:00,11.932,69.38,0
17823,37,2025-01-21 15:01:00,10.107,51.72,0
17824,442,2025-06-29 15:09:00,19.425,72.64,0
17825,224,2025-06-01 05:33:00,10.919,33.13,0
17826,605,2025-04-04 22:24:00,8.124,51.86,0
17827,101,2025-05-28 15:45:00,19.505,38.61,0
17828,728,2025-04-29 07:54:00,9.313,12.54,0
17829,68,2025-04-21 09:28:00,13.876,15.22,0
17830,677,2025-05-10 02:22:00,13.541,81.39,0
17831,118,2025-04-13 20:11:00,10.002,24.24,0
17832,23,2025-04-11 20:30:00,8.493,26.99,0
17833,30,2025-01-25 12:56:00,9.186,64.56,0
17834,624,2025-04-20 20:49:00,13.985,31.72,0
17835,274,2025-03-22 09:52:00,21.399,61.8,0
17836,333,2025-02-14 06:48:00,18.149,514.67,1
17837,658,2025-03-29 02:17:00,18.007,15.35,0
17838,209,2025-05-31 00:14:00,17.376,78.95,0
17839,443,2025-03-25 01:18:00,18.768,18.11,0
17840,238,2025-03-27 18:09:00,15.412,96.02,0
17841,51,2025-02-13 13:50:00,21.798,55.35,0
17842,794,2025-05-26 01:37:00,16.508,23.05,0
17843,299,2025-01-23 06:51:00,16.832,56.31,0
17844,677,2025-05-31 17:33:00,8.296,24.14,0
17845,343,2025-06-17 15:33:00,18.565,18.99,0
17846,693,2025-02-01 22:18:00,12.982,41.46,0
17847,137,2025-04-11 03:24:00,18.833,65.22,0
17848,432,2025-04-16 11:14:00,19.865,43.69,0
17849,298,2025-06-05 06:17:00,8.312,19.41,0
17850,793,2025-02-28 16:46:00,13.387,11.91,0
17851,269,2025-05-01 22:58:00,20.669,30.4,0
17852,617,2025-01-18 21:08:00,9.791,14.58,0
17853,395,2025-05-28 15:44:00,18.42,32.34,0
17854,320,2025-05-17 10:23:00,12.525,34.05,0
17855,557,2025-02-08 21:06:00,15.131,61.87,0
17856,515,2025-01-23 12:16:00,20.651,58.68,0
17857,383,2025-01-20 02:04:00,16.861,76.81,0
17858,44,2025-05-30 06:34:00,14.072,34.51,0
17859,59,2025-04-21 11:55:00,17.759,25.38,0
17860,478,2025-03-08 19:25:00,11.12,49.73,0
17861,44,2025-04-09 21:10:00,8.172,49.11,0
17862,300,2025-04-11 12:17:00,16.661,47.4,1
17863,710,2025-01-18 08:43:00,20.056,161.31,0
17864,631,2025-03-21 02:56:00,17.794,59.56,0
17865,555,2025-04-21 00:47:00,15.272,90.21,0
17866,218,2025-04-20 07:46:00,10.007,14.7,0
17867,525,2025-02-02 17:48:00,9.189,16.06,0
17868,146,2025-06-17 01:25:00,11.918,18.84,0
17869,730,2025-01-20 11:16:00,21.485,35.43,0
17870,72,2025-06-05 04:15:00,14.467,31.22,0
17871,433,2025-06-27 08:11:00,19.266,43.22,0
17872,389,2025-05-16 04:12:00,8.181,131.29,0
17873,58,2025-04-11 00:41:00,14.616,32.58,0
17874,149,2025-02-04 16:41:00,11.456,51.55,0
17875,571,2025-03-01 08:35:00,21.338,37.21,0
17876,476,2025-04-09 18:58:00,10.781,83.19,0
17877,129,2025-01-18 15:36:00,8.696,58.27,0
17878,112,2025-05-08 09:21:00,10.268,33.62,0
17879,532,2025-06-15 00:14:00,8.883,75.52,0
17880,528,2025-05-14 15:10:00,12.415,57.04,0
17881,320,2025-06-19 15:56:00,21.94,69.85,0
17882,16,2025-03-27 08:55:00,21.028,36.27,0
17883,22,2025-02-16 06:02:00,2.353,59.57,1
17884,120,2025-01-04 00:27:00,19.634,29.18,0
17885,44,2025-03-20 07:18:00,13.599,15.51,0
17886,445,2025-01-21 18:03:00,20.474,24.26,0
17887,314,2025-04-27 04:45:00,10.942,57.12,0
17888,173,2025-05-25 09:41:00,13.644,53.66,0
17889,475,2025-01-21 00:11:00,9.689,20.21,0
17890,563,2025-04-03 23:22:00,21.112,105.24,0
17891,136,2025-04-07 15:39:00,12.734,15.81,0
17892,500,2025-02-26 00:21:00,11.444,39.93,0
17893,85,2025-02-09 08:32:00,11.106,25.14,0
17894,479,2025-05-09 10:46:00,14.635,40.91,0
17895,300,2025-02-10 13:08:00,15.057,12.86,0
17896,87,2025-01-06 17:55:00,17.419,9.23,0
17897,643,2025-04-19 13:13:00,19.328,21.5,0
17898,146,2025-01-13 03:37:00,17.838,60.26,0
17899,627,2025-02-25 19:31:00,14.896,40.66,0
17900,292,2025-01-16 17:38:00,15.5,11.84,0
17901,547,2025-04-10 01:31:00,21.655,75.92,0
17902,565,2025-02-09 04:02:00,14.259,41.77,0
17903,340,2025-02-17 05:10:00,12.501,63.96,0
17904,533,2025-03-13 21:55:00,17.039,26.7,0
17905,353,2025-03-29 18:49:00,1.421,8.34,1
17906,484,2025-05-10 10:32:00,21.124,115.05,0
17907,180,2025-06-17 19:14:00,12.931,30.52,0
17908,340,2025-04-19 13:39:00,15.136,77.18,0
17909,109,2025-03-29 06:00:00,16.74,25.74,0
17910,332,2025-04-16 02:20:00,17.923,37.7,0
17911,12,2025-04-01 05:50:00,8.561,9.52,0
17912,327,2025-01-02 00:08:00,20.605,18.05,0
17913,688,2025-03-30 17:04:00,10.487,114.56,0
17914,289,2025-05-14 21:45:00,11.153,70.37,0
17915,396,2025-06-04 04:20:00,17.721,90.27,0
17916,684,2025-01-17 13:22:00,10.784,51.65,0
17917,2,2025-05-03 17:06:00,9.87,42.79,0
17918,536,2025-01-20 20:12:00,21.291,75.12,0
17919,423,2025-01-06 12:18:00,17.003,72.76,0
17920,274,2025-01-09 06:35:00,21.263,44.57,0
17921,206,2025-01-22 05:33:00,8.883,37.79,0
17922,474,2025-01-16 02:56:00,8.496,75.32,0
17923,341,2025-04-15 00:28:00,11.911,15.28,0
17924,316,2025-06-15 16:43:00,8.538,27.52,0
17925,537,2025-05-17 19:58:00,14.14,11.47,0
17926,319,2025-05-12 14:07:00,21.461,16.35,0
17927,647,2025-01-22 01:28:00,12.996,41.41,0
17928,227,2025-06-18 21:10:00,18.251,65.03,0
17929,560,2025-04-01 12:01:00,17.05,150.74,0
17930,450,2025-01-06 15:21:00,8.451,31.99,0
17931,717,2025-04-26 15:34:00,11.249,25.35,0
17932,320,2025-05-07 20:09:00,16.821,33.0,0
17933,187,2025-03-14 03:27:00,9.289,42.48,0
17934,318,2025-05-09 18:30:00,14.403,148.0,0
17935,529,2025-05-05 19:57:00,17.486,35.24,0
17936,343,2025-04-15 13:27:00,12.757,14.58,0
17937,711,2025-03-03 16:08:00,12.37,47.67,0
17938,124,2025-06-29 18:06:00,18.125,37.45,0
17939,246,2025-04-23 03:26:00,13.864,33.96,0
17940,786,2025-03-25 03:53:00,15.448,28.26,0
17941,639,2025-05-18 19:52:00,10.797,183.47,0
17942,61,2025-02-13 16:35:00,19.054,421.74,1
17943,752,2025-06-22 01:07:00,16.396,10.25,0
17944,340,2025-05-13 11:01:00,21.621,21.66,0
17945,515,2025-04-26 00:01:00,18.584,23.65,0
17946,13,2025-02-17 22:48:00,16.391,12.71,0
17947,131,2025-03-05 06:49:00,16.602,30.09,0
17948,558,2025-06-20 22:13:00,12.662,127.22,0
17949,208,2025-05-10 19:45:00,14.236,12.66,0
17950,94,2025-01-21 00:12:00,17.426,11.55,0
17951,543,2025-05-25 19:21:00,15.21,63.55,0
17952,173,2025-01-22 08:41:00,21.36,29.81,0
17953,692,2025-03-16 15:13:00,15.748,25.79,0
17954,142,2025-03-17 01:30:00,8.178,83.04,0
17955,19,2025-03-07 06:17:00,9.767,22.46,0
17956,312,2025-03-31 04:07:00,8.646,10.0,0
17957,261,2025-01-28 10:39:00,20.644,66.41,0
17958,510,2025-04-30 00:44:00,12.412,33.34,0
17959,186,2025-05-02 20:12:00,19.706,31.94,0
17960,784,2025-06-03 07:12:00,14.238,7.36,0
17961,337,2025-03-22 01:50:00,20.887,15.72,0
17962,567,2025-04-06 12:26:00,14.751,29.85,0
17963,614,2025-01-24 22:09:00,20.042,14.93,0
17964,707,2025-03-04 12:45:00,17.404,75.17,0
17965,402,2025-04-12 01:29:00,11.727,33.24,0
17966,181,2025-03-16 23:12:00,16.072,28.88,0
17967,414,2025-06-28 04:16:00,11.752,76.32,0
17968,340,2025-02-19 22:02:00,10.799,21.95,0
17969,487,2025-01-10 05:44:00,12.469,47.65,0
17970,189,2025-06-06 03:30:00,12.154,35.02,0
17971,412,2025-04-03 19:02:00,14.952,68.51,0
17972,766,2025-01-13 18:53:00,16.919,49.69,0
17973,550,2025-06-18 10:45:00,21.544,57.79,0
17974,765,2025-02-07 08:06:00,14.568,23.29,0
17975,85,2025-06-22 15:25:00,18.654,22.37,0
17976,523,2025-03-03 23:25:00,14.875,32.57,0
17977,18,2025-03-03 12:14:00,14.073,57.51,0
17978,162,2025-02-08 02:41:00,13.773,47.49,0
17979,661,2025-01-31 21:20:00,20.26,65.3,0
17980,80,2025-05-25 01:40:00,10.047,17.87,0
17981,383,2025-03-17 17:32:00,12.063,12.08,0
17982,55,2025-04-11 03:33:00,18.092,23.88,0
17983,238,2025-02-27 08:02:00,12.141,20.82,0
17984,98,2025-03-18 05:58:00,8.031,16.48,0
17985,363,2025-03-28 20:46:00,11.034,29.63,0
17986,514,2025-02-25 20:51:00,8.411,12.61,0
17987,520,2025-04-18 06:32:00,12.093,22.44,0
17988,745,2025-03-25 18:28:00,12.574,16.16,0
17989,97,2025-05-19 06:47:00,21.345,13.76,0
17990,320,2025-05-20 23:05:00,19.312,149.52,1
17991,418,2025-04-25 03:33:00,9.712,15.98,0
17992,68,2025-01-19 14:42:00,9.72,52.87,0
17993,88,2025-06-10 13:40:00,21.958,27.92,0
17994,248,2025-05-06 04:51:00,17.401,38.25,0
17995,687,2025-05-13 10:16:00,16.757,29.71,0
17996,468,2025-04-27 21:16:00,16.239,58.21,0
17997,449,2025-04-04 08:33:00,10.096,52.27,0
17998,440,2025-04-12 11:26:00,11.701,53.51,0
17999,648,2025-01-22 11:22:00,14.053,30.16,0
18000,435,2025-06-15 09:13:00,14.249,34.0,0
18001,576,2025-05-25 16:12:00,21.591,13.62,0
18002,247,2025-06-13 17:16:00,8.613,19.95,0
18003,652,2025-05-09 13:11:00,8.206,63.02,0
18004,25,2025-02-17 16:44:00,20.808,22.49,0
18005,273,2025-03-02 12:15:00,20.286,28.53,0
18006,200,2025-06-06 00:28:00,12.054,56.41,0
18007,111,2025-02-11 18:03:00,12.499,42.24,0
18008,429,2025-04-21 15:54:00,16.288,35.11,0
18009,713,2025-04-29 10:54:00,10.829,28.7,0
18010,129,2025-02-02 23:07:00,20.257,66.72,0
18011,707,2025-01-16 03:51:00,11.774,20.54,0
18012,685,2025-01-07 01:20:00,8.839,44.98,0
18013,706,2025-05-22 16:55:00,15.458,27.86,0
18014,4,2025-02-22 08:16:00,18.268,53.57,0
18015,791,2025-02-10 20:08:00,21.387,57.41,0
18016,342,2025-06-13 15:00:00,16.748,38.05,0
18017,476,2025-04-17 19:48:00,9.426,80.66,0
18018,243,2025-01-05 09:25:00,17.273,60.6,0
18019,409,2025-02-24 15:23:00,9.295,27.63,0
18020,440,2025-03-27 12:56:00,10.719,41.38,0
18021,637,2025-03-27 21:40:00,12.153,42.8,0
18022,273,2025-05-22 01:33:00,8.777,74.46,0
18023,88,2025-05-25 02:43:00,13.122,10.85,0
18024,469,2025-01-06 16:56:00,18.738,82.13,0
18025,626,2025-02-21 15:57:00,8.752,10.05,0
18026,12,2025-04-19 01:53:00,14.942,49.68,0
18027,649,2025-01-06 22:57:00,11.168,49.4,0
18028,642,2025-04-13 17:38:00,15.929,29.72,0
18029,461,2025-01-14 22:20:00,14.893,55.62,0
18030,758,2025-04-14 03:21:00,10.325,13.52,0
18031,310,2025-01-14 09:43:00,19.937,18.49,0
18032,106,2025-05-13 23:06:00,15.007,14.99,0
18033,524,2025-03-24 14:57:00,21.799,20.6,0
18034,487,2025-06-21 05:31:00,21.786,79.83,0
18035,414,2025-01-15 23:46:00,11.515,93.2,1
18036,179,2025-06-06 13:14:00,20.363,32.42,0
18037,126,2025-03-16 06:43:00,18.074,40.43,0
18038,543,2025-03-29 18:34:00,14.051,160.72,0
18039,248,2025-05-06 14:44:00,19.412,25.05,0
18040,147,2025-04-22 23:38:00,13.886,20.38,0
18041,537,2025-06-08 09:01:00,14.894,72.44,0
18042,148,2025-05-30 15:49:00,13.205,22.95,0
18043,666,2025-02-09 20:35:00,19.81,16.12,0
18044,248,2025-02-19 10:44:00,20.694,69.97,0
18045,521,2025-06-07 19:12:00,10.118,103.44,0
18046,461,2025-05-26 19:29:00,16.257,23.56,0
18047,472,2025-06-26 01:19:00,9.637,34.03,0
18048,243,2025-06-14 20:43:00,20.396,71.07,0
18049,68,2025-04-23 15:03:00,11.083,19.06,0
18050,511,2025-06-23 05:40:00,8.505,73.99,0
18051,346,2025-05-13 16:47:00,18.439,111.41,0
18052,781,2025-06-09 17:51:00,17.327,13.03,0
18053,712,2025-03-28 22:43:00,3.565,11.97,1
18054,59,2025-06-23 18:17:00,16.668,9.63,0
18055,289,2025-01-14 11:20:00,18.797,23.11,0
18056,332,2025-06-13 09:07:00,10.382,12.79,0
18057,304,2025-06-22 18:56:00,12.264,83.34,0
18058,578,2025-05-23 00:54:00,14.798,16.19,0
18059,286,2025-06-20 03:33:00,16.864,25.29,0
18060,122,2025-03-17 17:11:00,16.591,46.67,0
18061,780,2025-02-28 02:23:00,14.912,18.08,1
18062,629,2025-01-25 02:27:00,17.26,35.2,0
18063,323,2025-02-05 05:36:00,8.294,58.64,0
18064,228,2025-06-05 23:25:00,12.53,416.88,0
18065,618,2025-01-12 18:53:00,16.014,47.35,0
18066,52,2025-02-06 00:49:00,12.287,9.88,0
18067,364,2025-03-31 14:34:00,21.182,60.77,0
18068,82,2025-03-06 17:42:00,21.491,44.72,0
18069,485,2025-06-16 11:00:00,13.199,52.19,0
18070,719,2025-01-06 08:36:00,11.241,32.34,0
18071,353,2025-01-08 08:52:00,11.139,70.67,0
18072,785,2025-02-18 23:08:00,14.216,28.62,0
18073,699,2025-04-21 01:53:00,21.405,44.69,0
18074,582,2025-03-06 01:34:00,11.311,41.17,0
18075,142,2025-05-31 09:37:00,12.635,38.06,0
18076,26,2025-01-18 06:37:00,15.828,26.93,0
18077,98,2025-03-10 08:18:00,15.978,85.5,0
18078,278,2025-04-27 20:01:00,17.276,105.3,0
18079,326,2025-04-21 03:44:00,18.192,164.29,0
18080,168,2025-04-04 04:18:00,19.078,38.85,0
18081,779,2025-03-21 21:16:00,14.877,42.02,0
18082,594,2025-01-17 22:16:00,8.996,44.13,0
18083,559,2025-01-12 18:31:00,17.468,18.63,0
18084,520,2025-01-10 19:58:00,16.296,71.15,0
18085,493,2025-04-01 19:16:00,10.997,28.34,0
18086,705,2025-06-09 06:57:00,19.954,56.33,0
18087,312,2025-01-17 00:43:00,18.381,13.95,0
18088,112,2025-01-12 17:42:00,13.907,55.23,0
18089,236,2025-05-04 07:04:00,21.563,98.15,0
18090,183,2025-04-01 02:00:00,17.475,20.94,0
18091,765,2025-02-25 19:37:00,21.019,24.94,0
18092,453,2025-01-04 05:23:00,18.202,24.39,0
18093,341,2025-05-25 10:48:00,17.947,24.41,0
18094,20,2025-04-29 16:09:00,11.051,104.34,0
18095,568,2025-04-16 15:59:00,13.868,39.45,0
18096,517,2025-02-12 03:37:00,16.903,16.68,0
18097,648,2025-06-18 07:19:00,19.596,18.78,0
18098,104,2025-01-12 07:17:00,20.757,7.03,0
18099,526,2025-05-13 19:02:00,9.145,19.58,0
18100,289,2025-05-11 23:25:00,18.007,13.26,0
18101,186,2025-05-11 11:22:00,11.724,13.75,0
18102,179,2025-04-19 08:22:00,17.939,25.83,0
18103,230,2025-02-24 19:55:00,12.444,15.21,0
18104,586,2025-03-24 00:44:00,15.993,31.76,0
18105,18,2025-03-21 13:04:00,15.375,48.11,0
18106,757,2025-06-05 22:19:00,20.209,45.67,0
18107,775,2025-05-15 04:51:00,17.154,42.65,0
18108,774,2025-03-27 17:47:00,11.402,4.72,0
18109,667,2025-05-10 23:04:00,16.805,23.98,0
18110,259,2025-06-24 12:03:00,16.971,97.36,0
18111,323,2025-05-05 14:41:00,13.1,193.27,0
18112,101,2025-03-06 03:25:00,11.679,66.84,0
18113,713,2025-01-02 10:20:00,20.735,36.69,0
18114,616,2025-06-08 02:20:00,10.155,17.98,0
18115,122,2025-01-04 02:49:00,9.984,95.16,0
18116,792,2025-04-02 15:17:00,16.248,30.94,0
18117,33,2025-01-13 03:27:00,12.317,28.7,0
18118,613,2025-06-08 07:17:00,15.059,87.74,0
18119,108,2025-01-06 16:26:00,11.749,2.97,0
18120,599,2025-05-04 00:51:00,13.153,33.08,0
18121,706,2025-05-20 02:42:00,13.715,10.76,0
18122,760,2025-05-12 20:34:00,15.868,54.47,0
18123,128,2025-04-09 10:35:00,9.103,127.69,0
18124,131,2025-04-17 08:24:00,14.051,51.95,0
18125,54,2025-04-01 21:08:00,17.622,169.27,0
18126,657,2025-05-17 06:47:00,17.928,41.36,0
18127,148,2025-01-16 09:47:00,11.793,111.06,0
18128,312,2025-06-10 05:16:00,15.609,9.81,0
18129,332,2025-05-20 10:22:00,13.379,41.41,0
18130,280,2025-06-24 08:37:00,8.515,12.13,0
18131,269,2025-01-17 17:05:00,14.046,47.56,1
18132,279,2025-02-07 15:25:00,17.431,27.1,0
18133,188,2025-02-09 22:14:00,21.236,29.88,0
18134,310,2025-03-16 05:57:00,9.57,29.5,0
18135,644,2025-05-28 09:41:00,13.984,81.03,0
18136,94,2025-05-22 14:45:00,21.176,40.85,0
18137,767,2025-05-05 15:55:00,14.572,40.68,0
18138,327,2025-03-13 07:19:00,20.512,35.47,0
18139,232,2025-01-17 16:05:00,17.55,62.17,0
18140,355,2025-05-05 23:55:00,20.124,29.36,0
18141,744,2025-01-14 07:13:00,18.616,14.46,0
18142,647,2025-02-06 17:38:00,9.011,75.48,0
18143,654,2025-03-15 04:04:00,18.675,24.61,0
18144,176,2025-05-20 18:45:00,9.79,43.77,0
18145,708,2025-04-19 14:39:00,18.48,64.45,0
18146,564,2025-01-19 16:07:00,13.867,14.87,0
18147,47,2025-02-14 10:00:00,17.587,18.21,0
18148,341,2025-06-02 20:40:00,8.847,11.14,0
18149,667,2025-04-16 07:57:00,9.596,26.48,0
18150,425,2025-04-29 08:31:00,9.492,81.59,0
18151,468,2025-03-06 16:37:00,13.257,34.31,0
18152,299,2025-05-27 17:05:00,10.375,108.41,0
18153,30,2025-04-16 22:53:00,8.111,45.43,0
18154,708,2025-01-15 14:28:00,20.308,22.19,0
18155,602,2025-05-11 14:12:00,18.523,20.29,0
18156,217,2025-02-21 21:55:00,15.959,124.11,0
18157,193,2025-06-01 18:27:00,18.139,65.38,0
18158,414,2025-04-25 21:40:00,12.233,30.3,0
18159,637,2025-02-05 06:03:00,17.878,39.0,0
18160,69,2025-01-06 06:36:00,15.28,24.52,0
18161,500,2025-01-16 07:43:00,9.244,4.64,0
18162,677,2025-02-14 08:08:00,17.305,37.52,0
18163,393,2025-01-22 07:24:00,21.909,12.93,0
18164,42,2025-04-29 12:24:00,11.585,26.21,0
18165,18,2025-01-30 18:26:00,8.064,260.44,1
18166,129,2025-03-22 08:28:00,18.51,30.16,0
18167,711,2025-02-28 09:12:00,11.904,15.78,0
18168,366,2025-04-29 09:37:00,13.673,36.97,0
18169,118,2025-01-06 03:42:00,8.109,61.01,0
18170,723,2025-03-14 09:36:00,8.903,44.96,0
18171,663,2025-05-30 20:34:00,17.925,10.77,0
18172,117,2025-02-14 07:45:00,21.497,9.24,0
18173,550,2025-06-02 19:55:00,16.267,12.55,0
18174,264,2025-01-31 22:23:00,19.793,79.51,0
18175,55,2025-05-09 08:49:00,10.881,201.61,0
18176,49,2025-02-20 18:22:00,8.947,20.44,0
18177,433,2025-03-06 04:00:00,12.859,15.43,0
18178,674,2025-04-04 23:21:00,10.915,106.14,0
18179,769,2025-05-08 05:09:00,16.633,25.04,0
18180,564,2025-04-05 19:10:00,21.388,32.86,0
18181,738,2025-04-14 10:18:00,11.237,39.87,0
18182,188,2025-02-22 01:32:00,20.625,20.25,0
18183,117,2025-04-30 05:19:00,15.52,18.82,0
18184,88,2025-01-13 18:01:00,9.429,32.89,0
18185,138,2025-01-16 19:39:00,15.504,25.19,0
18186,603,2025-01-29 17:16:00,14.539,8.42,0
18187,122,2025-06-07 10:46:00,18.486,17.06,0
18188,345,2025-04-21 08:36:00,18.482,31.33,0
18189,604,2025-03-04 18:17:00,16.974,22.46,0
18190,741,2025-04-23 12:54:00,17.35,52.08,0
18191,128,2025-02-18 11:03:00,16.502,18.77,0
18192,149,2025-05-12 20:54:00,11.315,149.21,0
18193,51,2025-03-12 08:19:00,20.958,36.49,0
18194,89,2025-04-22 09:10:00,10.965,37.15,0
18195,312,2025-02-14 12:19:00,16.332,23.19,0
18196,251,2025-01-07 08:50:00,18.833,28.3,0
18197,773,2025-06-28 22:48:00,9.172,7.72,0
18198,355,2025-04-28 14:06:00,14.302,35.01,0
18199,246,2025-04-27 07:38:00,8.418,168.99,0
18200,375,2025-04-19 13:57:00,11.167,71.71,0
18201,579,2025-06-11 08:29:00,16.906,9.49,0
18202,270,2025-01-04 08:28:00,20.787,44.14,0
18203,115,2025-06-21 04:26:00,12.259,50.0,0
18204,336,2025-03-24 15:31:00,19.689,3181.47,1
18205,496,2025-04-15 14:57:00,15.348,18.63,0
18206,253,2025-06-18 19:41:00,18.652,217.81,0
18207,464,2025-05-25 02:14:00,19.342,38.3,0
18208,259,2025-03-05 00:16:00,16.903,18.03,0
18209,723,2025-06-12 22:51:00,13.918,9.49,0
18210,710,2025-01-15 23:37:00,16.177,31.82,0
18211,573,2025-01-28 00:02:00,17.676,41.29,0
18212,670,2025-02-10 21:46:00,20.056,14.03,0
18213,96,2025-02-18 10:45:00,15.677,57.66,0
18214,522,2025-05-02 04:48:00,20.231,53.32,0
18215,323,2025-03-14 06:58:00,13.441,35.24,0
18216,621,2025-06-03 01:15:00,18.631,17.61,0
18217,0,2025-04-23 02:40:00,16.535,35.54,0
18218,150,2025-04-19 23:08:00,9.085,152.76,0
18219,192,2025-05-19 07:02:00,15.029,16.7,0
18220,445,2025-03-15 20:54:00,18.692,8.58,0
18221,777,2025-03-04 02:25:00,17.412,25.99,0
18222,717,2025-01-20 10:52:00,15.889,18.31,0
18223,364,2025-06-01 16:24:00,19.099,7.94,0
18224,0,2025-02-11 22:16:00,20.645,48.48,0
18225,694,2025-04-28 18:50:00,10.008,12.18,0
18226,457,2025-05-23 07:13:00,11.575,11.21,0
18227,18,2025-03-08 23:08:00,21.844,67.45,0
18228,300,2025-01-30 10:33:00,11.383,107.36,1
18229,704,2025-05-03 12:41:00,19.583,277.27,0
18230,696,2025-02-28 13:07:00,15.45,10.07,0
18231,711,2025-06-03 08:47:00,13.389,47.93,0
18232,780,2025-03-22 04:31:00,18.183,11.4,0
18233,522,2025-03-02 11:18:00,18.546,37.06,0
18234,489,2025-05-11 20:54:00,11.81,30.88,0
18235,93,2025-03-11 15:45:00,8.154,6.31,0
18236,505,2025-05-24 10:49:00,18.897,53.4,0
18237,700,2025-05-05 12:43:00,17.653,34.96,0
18238,650,2025-06-09 04:36:00,9.685,56.77,0
18239,719,2025-03-19 08:49:00,8.516,12.77,0
18240,136,2025-01-16 15:12:00,17.248,190.01,0
18241,160,2025-02-01 23:31:00,16.417,43.23,0
18242,686,2025-01-01 21:46:00,18.684,45.71,0
18243,752,2025-06-03 17:59:00,20.225,105.63,0
18244,420,2025-02-13 18:53:00,17.296,34.62,0
18245,704,2025-02-06 06:40:00,16.899,17.11,0
18246,545,2025-04-20 02:19:00,15.289,83.7,0
18247,163,2025-02-14 08:12:00,15.928,31.02,0
18248,405,2025-06-26 05:51:00,21.636,75.8,0
18249,315,2025-06-06 04:57:00,8.652,31.88,0
18250,631,2025-03-23 03:43:00,15.611,198.8,0
18251,269,2025-04-26 13:14:00,11.465,33.47,0
18252,140,2025-03-11 15:03:00,18.155,20.99,0
18253,398,2025-03-19 16:32:00,18.481,45.38,0
18254,395,2025-03-28 11:43:00,11.715,23.72,0
18255,711,2025-03-10 17:24:00,18.617,17.26,0
18256,6,2025-03-20 13:48:00,17.016,101.54,0
18257,699,2025-02-02 23:34:00,21.253,12.46,0
18258,168,2025-04-28 07:41:00,19.418,78.82,0
18259,140,2025-01-13 05:23:00,18.807,124.52,0
18260,334,2025-06-13 16:31:00,9.967,26.29,0
18261,440,2025-06-13 16:42:00,21.814,42.84,0
18262,743,2025-02-07 10:40:00,19.147,17.71,0
18263,427,2025-01-09 01:14:00,19.796,86.18,0
18264,116,2025-03-28 07:15:00,18.523,12.28,0
18265,360,2025-01-12 02:27:00,19.964,76.49,0
18266,736,2025-03-14 14:29:00,16.524,34.62,0
18267,571,2025-05-16 09:04:00,8.184,17.46,0
18268,174,2025-02-25 17:23:00,14.488,19.68,0
18269,516,2025-06-10 20:58:00,11.477,50.85,0
18270,586,2025-01-03 14:28:00,12.357,13.25,0
18271,220,2025-05-08 17:57:00,11.858,53.28,0
18272,422,2025-04-01 15:28:00,16.838,39.36,0
18273,278,2025-02-13 13:46:00,19.031,25.02,0
18274,144,2025-03-19 09:58:00,20.173,50.71,0
18275,710,2025-02-18 17:12:00,20.237,18.1,0
18276,256,2025-04-22 14:25:00,8.283,27.48,0
18277,260,2025-06-23 01:09:00,18.559,25.16,0
18278,81,2025-04-01 05:06:00,21.02,12.42,0
18279,355,2025-05-07 00:21:00,18.831,26.23,0
18280,514,2025-04-21 01:01:00,9.631,9.78,0
18281,778,2025-05-30 00:06:00,21.404,21.93,0
18282,620,2025-04-12 06:28:00,15.03,8.59,0
18283,685,2025-03-22 08:18:00,16.038,15.13,0
18284,789,2025-01-22 11:35:00,11.961,16.38,0
18285,559,2025-05-20 18:34:00,19.853,47.79,0
18286,685,2025-06-11 15:05:00,20.279,15.9,0
18287,243,2025-06-26 12:55:00,19.423,12.6,0
18288,572,2025-05-12 09:17:00,10.9,25.22,0
18289,502,2025-03-06 05:01:00,9.781,156.5,0
18290,361,2025-05-07 14:42:00,21.67,9.08,0
18291,513,2025-02-27 16:39:00,20.213,59.98,0
18292,576,2025-06-11 18:50:00,19.991,45.51,0
18293,329,2025-01-08 17:32:00,18.918,182.71,0
18294,674,2025-06-11 16:22:00,9.491,43.47,0
18295,28,2025-05-13 15:56:00,15.206,35.62,0
18296,259,2025-06-10 01:20:00,9.616,35.47,0
18297,293,2025-02-13 07:41:00,13.917,33.43,0
18298,664,2025-04-02 11:10:00,10.262,60.37,0
18299,406,2025-02-15 16:53:00,14.713,22.44,0
18300,746,2025-05-08 22:37:00,17.403,390.96,0
18301,760,2025-04-24 18:16:00,19.774,68.5,0
18302,366,2025-05-05 11:38:00,9.129,29.57,0
18303,581,2025-05-13 23:44:00,20.489,28.22,0
18304,196,2025-01-09 02:13:00,10.655,34.01,0
18305,86,2025-03-15 08:17:00,21.209,33.26,0
18306,392,2025-02-15 11:18:00,14.745,57.68,0
18307,241,2025-06-20 00:25:00,8.795,43.79,0
18308,584,2025-04-06 07:11:00,19.072,111.4,0
18309,417,2025-01-30 02:35:00,8.661,16.04,0
18310,108,2025-03-12 14:31:00,16.784,33.68,0
18311,360,2025-04-05 22:09:00,19.157,15.91,0
18312,321,2025-02-28 11:17:00,14.481,23.73,0
18313,4,2025-04-22 02:51:00,17.536,22.98,0
18314,435,2025-05-19 11:13:00,16.015,64.95,0
18315,748,2025-04-22 03:05:00,8.984,20.86,0
18316,717,2025-04-15 04:24:00,17.708,106.55,0
18317,723,2025-04-29 05:35:00,21.337,111.45,0
18318,715,2025-02-21 18:36:00,12.8,61.82,0
18319,406,2025-04-25 02:22:00,9.766,14.0,1
18320,78,2025-01-10 05:38:00,11.589,110.15,0
18321,342,2025-05-23 12:09:00,16.898,24.75,0
18322,436,2025-03-10 10:16:00,21.768,26.74,0
18323,666,2025-05-27 12:50:00,19.364,52.8,0
18324,298,2025-02-15 16:12:00,18.935,17.58,0
18325,566,2025-06-25 22:35:00,13.045,94.77,0
18326,624,2025-04-04 15:55:00,16.54,66.15,0
18327,409,2025-06-19 03:29:00,13.658,376.51,0
18328,192,2025-02-22 15:13:00,8.822,44.45,0
18329,61,2025-04-04 14:05:00,14.879,31.45,0
18330,355,2025-05-09 12:17:00,15.67,174.01,0
18331,134,2025-05-08 01:41:00,19.866,7.87,0
18332,515,2025-02-15 12:06:00,18.684,42.0,0
18333,190,2025-03-14 10:29:00,14.358,31.38,0
18334,701,2025-02-11 10:35:00,14.966,93.7,0
18335,716,2025-04-28 02:47:00,19.096,420.33,0
18336,669,2025-03-16 17:10:00,12.047,20.4,0
18337,532,2025-01-02 08:09:00,13.039,88.27,0
18338,92,2025-02-22 16:09:00,20.651,106.62,0
18339,786,2025-03-08 04:00:00,18.643,100.19,0
18340,52,2025-04-11 22:02:00,21.206,42.56,0
18341,453,2025-06-14 14:47:00,20.304,62.04,0
18342,643,2025-06-27 00:43:00,18.675,16.35,0
18343,67,2025-05-02 12:00:00,11.66,144.8,0
18344,397,2025-06-12 19:11:00,15.294,14.76,0
18345,382,2025-01-04 02:38:00,13.834,16.1,0
18346,157,2025-06-04 20:27:00,13.464,27.91,0
18347,89,2025-04-05 02:00:00,18.908,22.18,0
18348,727,2025-03-09 01:41:00,13.426,49.55,0
18349,721,2025-03-07 20:38:00,10.068,27.19,0
18350,75,2025-03-04 21:03:00,12.88,17.46,0
18351,222,2025-05-26 13:54:00,19.301,14.28,0
18352,313,2025-03-24 14:21:00,15.109,90.54,0
18353,157,2025-01-21 16:07:00,8.177,53.39,0
18354,53,2025-06-12 04:40:00,16.724,12.36,0
18355,401,2025-04-19 17:33:00,10.448,58.33,1
18356,353,2025-03-12 08:50:00,9.508,27.09,0
18357,645,2025-05-09 04:08:00,12.261,9.91,0
18358,237,2025-03-05 03:53:00,18.783,12.97,0
18359,408,2025-04-18 04:21:00,8.701,78.92,0
18360,251,2025-01-02 10:10:00,10.901,103.13,0
18361,30,2025-02-19 09:33:00,10.838,61.45,0
18362,582,2025-03-03 14:07:00,19.519,19.48,0
18363,594,2025-05-23 18:34:00,11.502,52.83,0
18364,531,2025-05-16 19:24:00,16.111,51.88,0
18365,27,2025-05-23 20:19:00,9.768,4.74,0
18366,557,2025-03-28 04:09:00,19.074,55.79,0
18367,483,2025-03-06 23:12:00,11.651,40.83,0
18368,352,2025-04-06 02:23:00,14.456,228.44,0
18369,493,2025-02-18 00:01:00,12.647,171.83,0
18370,88,2025-04-06 03:48:00,17.204,32.87,0
18371,166,2025-04-30 12:01:00,11.618,49.98,0
18372,103,2025-06-24 11:14:00,8.006,38.65,0
18373,357,2025-03-08 04:58:00,15.357,24.09,0
18374,716,2025-01-21 09:16:00,21.649,11.76,0
18375,4,2025-03-04 03:54:00,19.632,20.5,0
18376,356,2025-05-29 18:17:00,21.901,24.33,0
18377,226,2025-03-23 02:24:00,14.226,91.03,0
18378,750,2025-03-16 23:40:00,15.949,41.5,0
18379,495,2025-03-24 10:57:00,19.167,22.27,0
18380,177,2025-02-15 12:13:00,12.722,19.42,0
18381,227,2025-05-30 07:58:00,9.581,49.79,0
18382,464,2025-05-01 20:21:00,10.364,27.24,0
18383,38,2025-06-21 12:10:00,21.475,15.07,0
18384,53,2025-01-18 15:59:00,19.064,16.64,0
18385,539,2025-05-09 10:09:00,12.045,143.41,0
18386,641,2025-01-15 13:07:00,18.931,31.62,0
18387,593,2025-01-16 21:10:00,17.869,84.46,0
18388,137,2025-06-02 04:24:00,14.57,8.53,0
18389,690,2025-03-02 19:13:00,8.319,90.15,0
18390,179,2025-02-26 20:28:00,18.192,65.24,0
18391,700,2025-02-04 03:07:00,12.066,71.4,0
18392,236,2025-01-20 12:38:00,11.802,9.74,0
18393,397,2025-04-30 09:18:00,15.365,35.91,0
18394,765,2025-04-05 04:51:00,11.723,18.19,0
18395,325,2025-04-18 15:58:00,18.03,13.72,0
18396,534,2025-01-28 18:30:00,12.088,7.78,0
18397,468,2025-06-26 20:12:00,19.294,14.79,0
18398,59,2025-01-02 09:58:00,14.122,13.95,0
18399,634,2025-03-22 14:02:00,15.231,65.62,0
18400,286,2025-04-04 22:33:00,8.49,21.54,0
18401,380,2025-01-19 23:34:00,8.285,30.91,0
18402,243,2025-04-15 04:17:00,10.965,91.5,0
18403,796,2025-04-18 17:03:00,12.871,37.06,0
18404,440,2025-04-06 12:10:00,10.467,19.74,0
18405,510,2025-03-08 01:11:00,15.034,41.21,0
18406,418,2025-06-17 09:30:00,16.417,18.7,0
18407,246,2025-02-02 00:53:00,19.246,8.59,0
18408,468,2025-05-14 22:44:00,15.194,47.2,0
18409,634,2025-03-08 18:40:00,13.142,58.76,0
18410,76,2025-03-11 16:49:00,20.933,29.97,0
18411,120,2025-02-12 20:57:00,14.1,31.53,0
18412,131,2025-05-02 10:21:00,11.933,24.94,0
18413,748,2025-02-05 11:57:00,2.643,120.67,1
18414,461,2025-03-09 02:18:00,3.605,44.49,1
18415,272,2025-03-29 01:19:00,17.676,31.6,0
18416,159,2025-01-02 17:45:00,10.779,75.96,0
18417,548,2025-05-26 19:14:00,13.109,81.63,0
18418,419,2025-03-01 15:39:00,8.385,49.92,0
18419,500,2025-06-09 10:04:00,13.293,75.86,0
18420,572,2025-04-27 17:45:00,17.072,54.62,0
18421,76,2025-02-16 20:33:00,11.071,36.41,0
18422,543,2025-04-30 04:28:00,8.054,77.47,0
18423,577,2025-03-22 17:07:00,19.667,16.57,0
18424,221,2025-03-29 13:44:00,18.094,16.31,0
18425,249,2025-06-01 17:17:00,21.898,52.05,0
18426,473,2025-04-26 09:25:00,9.897,20.34,0
18427,304,2025-06-27 23:05:00,17.485,67.54,0
18428,744,2025-06-17 01:06:00,11.603,42.77,0
18429,77,2025-06-02 23:42:00,15.032,183.4,0
18430,135,2025-03-25 20:04:00,18.454,15.88,0
18431,648,2025-03-30 22:14:00,10.357,73.76,0
18432,544,2025-06-08 19:05:00,14.517,23.55,0
18433,688,2025-06-06 14:59:00,11.767,44.24,0
18434,19,2025-03-08 16:54:00,10.169,62.68,0
18435,107,2025-05-08 04:37:00,18.119,48.04,0
18436,669,2025-04-18 21:10:00,11.618,52.51,0
18437,650,2025-01-21 10:23:00,15.413,49.03,0
18438,660,2025-01-23 04:54:00,17.697,28.91,0
18439,718,2025-01-16 03:29:00,14.203,69.51,0
18440,184,2025-02-16 02:41:00,9.867,72.53,0
18441,77,2025-06-18 12:39:00,8.171,26.83,0
18442,237,2025-02-27 02:08:00,13.35,18.73,0
18443,797,2025-06-16 09:35:00,21.867,43.65,0
18444,413,2025-03-21 06:37:00,21.619,41.47,0
18445,3,2025-03-24 12:08:00,14.276,9.72,0
18446,594,2025-02-16 01:43:00,13.823,42.09,0
18447,673,2025-04-30 03:04:00,17.046,18.44,0
18448,97,2025-04-17 01:44:00,19.656,7.56,0
18449,446,2025-02-24 20:42:00,16.095,47.97,0
18450,595,2025-05-22 06:29:00,18.138,13.32,0
18451,765,2025-05-07 06:02:00,8.336,98.24,0
18452,485,2025-05-09 00:14:00,20.299,65.61,0
18453,270,2025-03-22 07:30:00,15.544,42.65,0
18454,728,2025-04-27 12:24:00,14.894,106.58,0
18455,288,2025-03-04 17:26:00,11.025,75.73,0
18456,506,2025-06-29 21:18:00,9.902,17.13,0
18457,672,2025-03-21 07:24:00,13.154,78.72,0
18458,424,2025-02-19 08:07:00,20.881,20.25,0
18459,568,2025-03-23 23:59:00,15.829,73.04,0
18460,673,2025-06-19 10:46:00,13.768,25.02,0
18461,480,2025-06-19 16:43:00,9.949,12.76,0
18462,336,2025-03-06 00:23:00,8.866,49.24,0
18463,515,2025-06-09 07:06:00,16.488,23.81,0
18464,320,2025-02-25 00:35:00,21.415,83.06,0
18465,546,2025-02-04 23:57:00,14.271,99.54,0
18466,65,2025-02-09 21:35:00,11.318,8.79,0
18467,38,2025-02-20 02:58:00,13.275,34.99,0
18468,379,2025-02-22 16:42:00,15.143,58.89,0
18469,94,2025-02-23 21:17:00,18.551,38.69,0
18470,584,2025-03-10 23:55:00,14.349,39.33,0
18471,145,2025-01-03 01:59:00,20.972,43.44,0
18472,399,2025-03-09 22:20:00,16.971,9.72,0
18473,141,2025-04-06 11:27:00,9.688,125.66,0
18474,737,2025-03-14 02:57:00,9.6,59.4,0
18475,674,2025-03-28 21:13:00,15.721,20.8,0
18476,1,2025-02-10 12:25:00,19.239,19.22,0
18477,315,2025-01-23 10:17:00,15.466,70.0,0
18478,753,2025-06-12 00:59:00,19.255,43.17,0
18479,391,2025-06-28 05:49:00,9.125,46.83,0
18480,675,2025-03-15 09:15:00,12.605,54.53,0
18481,71,2025-05-18 00:45:00,8.673,41.99,0
18482,343,2025-01-26 07:03:00,12.985,7.78,0
18483,696,2025-02-02 22:56:00,15.963,25.22,0
18484,155,2025-04-04 13:29:00,20.958,54.73,0
18485,8,2025-05-07 23:01:00,14.442,58.62,0
18486,587,2025-05-07 06:07:00,13.256,23.95,0
18487,66,2025-03-03 07:32:00,17.513,34.02,0
18488,240,2025-06-07 18:59:00,18.054,88.77,0
18489,649,2025-04-24 21:54:00,10.396,107.77,0
18490,713,2025-02-27 00:04:00,17.808,45.61,0
18491,104,2025-03-26 16:31:00,15.555,71.26,0
18492,452,2025-02-23 15:53:00,15.128,46.51,1
18493,634,2025-01-25 23:51:00,21.739,61.56,0
18494,313,2025-01-02 00:54:00,18.796,34.73,0
18495,280,2025-03-24 19:34:00,19.408,21.62,0
18496,434,2025-01-02 02:53:00,19.499,153.76,0
18497,620,2025-06-23 02:29:00,17.066,147.68,0
18498,32,2025-06-07 23:14:00,8.359,35.79,0
18499,40,2025-05-15 15:55:00,13.159,48.06,0
18500,85,2025-05-16 01:02:00,18.736,40.15,0
18501,273,2025-04-23 18:50:00,10.517,36.53,0
18502,222,2025-05-12 20:13:00,21.404,37.81,0
18503,385,2025-06-01 20:02:00,8.099,89.52,0
18504,240,2025-04-03 06:35:00,15.818,14.89,0
18505,500,2025-05-30 04:04:00,9.183,21.48,0
18506,257,2025-02-12 17:22:00,18.646,73.9,0
18507,668,2025-06-09 21:02:00,16.636,40.65,0
18508,247,2025-05-08 04:13:00,13.668,98.71,0
18509,195,2025-01-20 14:16:00,9.419,38.24,0
18510,688,2025-02-02 18:12:00,14.324,48.04,0
18511,527,2025-01-24 07:13:00,12.895,30.66,0
18512,38,2025-02-13 15:22:00,10.631,106.67,0
18513,121,2025-05-24 19:13:00,10.572,72.57,0
18514,38,2025-05-29 18:52:00,19.865,14.67,0
18515,636,2025-06-29 03:52:00,12.602,59.51,0
18516,502,2025-01-24 04:37:00,9.391,82.86,0
18517,746,2025-04-12 06:11:00,10.214,35.21,0
18518,262,2025-05-28 21:27:00,17.255,63.2,0
18519,37,2025-06-23 13:37:00,13.175,102.57,0
18520,367,2025-01-18 16:04:00,8.789,33.48,0
18521,63,2025-04-30 07:21:00,8.768,47.7,0
18522,115,2025-01-15 09:22:00,8.832,24.73,0
18523,630,2025-01-16 08:34:00,18.322,55.72,0
18524,303,2025-05-31 06:11:00,19.9,17.09,0
18525,704,2025-06-16 17:24:00,19.833,61.98,0
18526,410,2025-02-03 08:47:00,15.639,124.46,0
18527,518,2025-06-01 01:23:00,13.491,17.99,0
18528,667,2025-06-14 02:07:00,12.442,106.32,0
18529,368,2025-04-07 10:51:00,18.435,36.04,0
18530,255,2025-01-31 20:27:00,19.31,22.18,0
18531,615,2025-05-14 21:40:00,21.145,31.38,0
18532,664,2025-04-09 17:22:00,21.788,38.12,0
18533,239,2025-03-05 06:42:00,17.87,27.14,0
18534,658,2025-06-05 17:42:00,10.693,92.63,0
18535,793,2025-04-21 20:10:00,21.47,29.9,0
18536,155,2025-02-17 13:47:00,9.718,48.01,0
18537,678,2025-03-16 09:11:00,11.909,202.93,0
18538,69,2025-02-25 15:37:00,19.652,32.47,0
18539,709,2025-04-05 21:12:00,15.213,25.24,0
18540,712,2025-02-18 18:46:00,11.42,27.48,0
18541,683,2025-04-25 13:54:00,15.334,90.84,0
18542,279,2025-03-22 15:48:00,18.786,34.46,0
18543,746,2025-01-10 16:42:00,11.832,45.77,0
18544,443,2025-01-02 00:25:00,15.014,21.16,0
18545,51,2025-01-18 06:49:00,12.021,29.17,0
18546,679,2025-01-29 21:58:00,13.57,79.9,0
18547,726,2025-01-15 20:01:00,10.968,11.48,0
18548,242,2025-04-30 01:46:00,17.906,8.89,0
18549,198,2025-04-18 02:05:00,12.398,24.65,0
18550,455,2025-01-04 18:42:00,15.095,26.68,0
18551,287,2025-03-16 07:45:00,19.264,29.58,0
18552,511,2025-02-22 20:59:00,9.982,30.23,0
18553,296,2025-04-01 00:15:00,17.263,36.97,0
18554,174,2025-04-16 07:51:00,12.628,26.31,0
18555,185,2025-04-01 01:12:00,14.832,108.61,0
18556,526,2025-03-13 18:47:00,18.025,70.67,0
18557,350,2025-01-08 06:49:00,20.93,33.24,0
18558,12,2025-05-23 15:44:00,20.049,75.74,0
18559,404,2025-05-24 06:58:00,20.601,4.61,0
18560,630,2025-06-04 17:29:00,8.695,47.86,0
18561,118,2025-05-07 02:58:00,13.894,72.62,0
18562,195,2025-02-28 22:20:00,19.218,23.26,0
18563,768,2025-05-04 19:43:00,19.361,55.9,1
18564,741,2025-06-12 06:24:00,13.876,22.02,0
18565,278,2025-01-07 03:57:00,11.996,47.77,0
18566,670,2025-04-02 06:57:00,15.683,12.84,0
18567,539,2025-04-28 07:25:00,18.452,75.2,0
18568,793,2025-06-27 07:38:00,17.682,36.62,0
18569,464,2025-04-01 01:58:00,11.509,43.98,0
18570,253,2025-06-08 07:42:00,8.004,34.48,0
18571,572,2025-05-17 21:39:00,20.407,86.97,0
18572,72,2025-05-23 04:31:00,14.235,44.68,0
18573,627,2025-01-18 10:29:00,19.655,77.65,0
18574,187,2025-04-01 18:08:00,20.199,23.64,0
18575,533,2025-05-15 09:46:00,21.143,57.41,0
18576,464,2025-01-23 10:45:00,12.939,128.56,0
18577,192,2025-06-23 02:29:00,17.236,133.06,0
18578,385,2025-05-04 04:02:00,16.348,4.71,0
18579,401,2025-06-03 04:15:00,10.298,41.57,0
18580,613,2025-04-24 21:42:00,14.117,11.2,0
18581,373,2025-06-10 22:49:00,14.028,26.74,0
18582,46,2025-06-12 00:47:00,10.672,23.53,0
18583,59,2025-01-14 15:27:00,13.249,59.09,0
18584,531,2025-06-18 16:59:00,14.108,32.62,0
18585,715,2025-04-06 08:03:00,19.197,20.16,0
18586,348,2025-03-29 23:36:00,20.016,55.7,0
18587,73,2025-02-14 09:34:00,18.04,15.88,0
18588,136,2025-03-14 18:37:00,19.272,19.62,0
18589,310,2025-04-09 02:04:00,9.379,26.82,1
18590,562,2025-04-06 21:40:00,15.798,30.99,0
18591,25,2025-05-08 04:26:00,11.623,41.93,0
18592,207,2025-05-03 06:08:00,13.861,42.34,0
18593,583,2025-05-15 10:16:00,17.843,22.12,0
18594,505,2025-04-15 02:59:00,21.257,43.98,0
18595,230,2025-06-28 11:41:00,12.996,38.72,0
18596,556,2025-06-08 03:12:00,16.085,36.44,0
18597,723,2025-06-22 08:56:00,9.499,10.59,0
18598,720,2025-05-11 08:11:00,17.556,51.77,0
18599,659,2025-02-14 11:42:00,11.333,57.32,0
18600,283,2025-06-23 15:18:00,14.566,65.22,0
18601,20,2025-06-14 19:27:00,12.561,40.14,0
18602,312,2025-02-23 10:00:00,8.709,83.47,0
18603,17,2025-06-09 02:56:00,18.37,52.26,0
18604,456,2025-04-04 23:30:00,16.671,25.47,0
18605,482,2025-05-11 05:14:00,19.447,33.71,0
18606,273,2025-03-03 14:02:00,21.248,22.4,0
18607,119,2025-02-16 09:04:00,13.752,16.05,0
18608,419,2025-03-14 09:05:00,18.588,61.9,0
18609,11,2025-02-03 21:14:00,12.338,28.81,0
18610,221,2025-01-26 10:14:00,14.06,61.42,0
18611,774,2025-03-20 09:49:00,19.703,156.99,0
18612,731,2025-06-20 14:22:00,20.579,81.46,0
18613,506,2025-01-08 00:43:00,13.263,16.34,0
18614,299,2025-02-28 21:22:00,19.239,22.48,0
18615,8,2025-02-21 02:31:00,18.722,55.76,0
18616,520,2025-02-07 09:12:00,10.611,1055.2,1
18617,392,2025-01-14 05:01:00,16.758,101.94,0
18618,570,2025-02-01 15:22:00,14.946,26.35,0
18619,126,2025-04-05 09:52:00,8.88,12.85,0
18620,664,2025-03-18 20:23:00,15.66,16.8,0
18621,644,2025-04-21 23:29:00,21.713,91.38,0
18622,81,2025-06-04 03:16:00,18.919,40.13,1
18623,22,2025-01-21 00:50:00,10.813,68.79,0
18624,373,2025-03-01 10:51:00,11.095,26.96,0
18625,296,2025-06-07 07:23:00,12.466,19.68,0
18626,608,2025-02-12 10:43:00,8.252,59.78,0
18627,190,2025-01-18 10:10:00,9.031,12.21,0
18628,14,2025-02-13 02:39:00,18.069,52.24,0
18629,784,2025-03-13 07:37:00,15.653,129.39,0
18630,193,2025-02-16 01:24:00,17.745,5.79,0
18631,62,2025-04-01 04:14:00,18.016,16.66,0
18632,685,2025-02-06 17:44:00,9.031,34.68,0
18633,575,2025-04-15 18:46:00,21.242,24.3,0
18634,214,2025-06-05 19:38:00,21.571,31.9,0
18635,382,2025-02-27 10:32:00,8.478,206.96,0
18636,550,2025-04-08 15:00:00,8.949,20.92,0
18637,653,2025-05-09 08:31:00,19.476,29.76,0
18638,298,2025-01-12 22:38:00,16.512,15.99,0
18639,171,2025-03-03 10:40:00,21.884,11.44,0
18640,11,2025-04-25 04:15:00,11.457,49.98,0
18641,684,2025-02-15 11:37:00,19.137,9.61,0
18642,651,2025-03-16 03:18:00,15.345,12.39,0
18643,760,2025-03-23 13:43:00,15.773,36.3,0
18644,598,2025-06-18 13:50:00,10.924,56.01,0
18645,170,2025-01-21 10:01:00,16.494,17.49,0
18646,192,2025-04-25 03:39:00,13.749,19.37,0
18647,194,2025-06-23 21:48:00,11.089,9.47,0
18648,366,2025-06-12 23:13:00,19.719,52.62,0
18649,770,2025-04-10 00:25:00,10.999,36.0,0
18650,552,2025-03-11 20:58:00,12.204,35.28,0
18651,347,2025-01-26 22:18:00,9.216,12.26,0
18652,590,2025-02-17 02:35:00,17.467,67.0,0
18653,668,2025-05-24 07:00:00,11.974,23.45,0
18654,322,2025-01-05 19:55:00,21.41,71.3,0
18655,673,2025-05-10 16:02:00,18.381,20.71,0
18656,14,2025-06-17 07:49:00,20.616,45.44,0
18657,248,2025-03-19 11:47:00,10.75,19.14,0
18658,135,2025-05-26 15:16:00,16.957,75.55,0
18659,143,2025-06-27 01:35:00,20.318,13.3,0
18660,162,2025-05-18 02:40:00,21.461,44.54,0
18661,293,2025-04-01 02:39:00,17.103,13.18,0
18662,579,2025-04-12 13:44:00,21.266,24.86,0
18663,473,2025-02-08 07:05:00,10.067,58.37,0
18664,352,2025-01-24 17:37:00,8.568,14.05,0
18665,397,2025-05-23 10:13:00,14.511,50.93,0
18666,146,2025-04-04 12:04:00,12.442,64.05,0
18667,589,2025-06-17 04:10:00,20.964,7.06,0
18668,604,2025-05-14 17:22:00,8.225,51.21,0
18669,439,2025-02-17 05:27:00,12.439,86.13,0
18670,651,2025-06-23 06:34:00,12.896,19.23,0
18671,644,2025-01-02 05:02:00,17.982,17.6,0
18672,643,2025-01-18 05:09:00,8.026,9.53,0
18673,83,2025-04-20 16:05:00,19.899,16.22,0
18674,68,2025-04-19 18:32:00,21.082,79.08,0
18675,351,2025-05-12 21:36:00,14.778,25.06,0
18676,45,2025-04-27 11:22:00,9.514,52.21,0
18677,12,2025-02-16 22:53:00,8.71,21.24,0
18678,104,2025-01-27 17:28:00,11.618,32.0,0
18679,96,2025-06-23 10:59:00,9.884,94.83,0
18680,260,2025-03-02 21:18:00,15.041,102.79,0
18681,265,2025-01-31 04:11:00,13.742,39.55,0
18682,655,2025-01-13 10:49:00,3.437,29.64,1
18683,721,2025-05-25 04:59:00,19.664,18.6,0
18684,136,2025-06-02 01:01:00,16.404,66.49,0
18685,304,2025-06-07 17:39:00,16.768,31.8,0
18686,406,2025-06-03 11:39:00,17.567,98.65,0
18687,218,2025-01-31 18:13:00,20.107,9.11,0
18688,264,2025-01-03 14:00:00,17.449,24.78,0
18689,536,2025-04-01 05:48:00,9.862,31.11,0
18690,340,2025-04-02 09:39:00,13.363,52.71,0
18691,562,2025-01-06 01:09:00,15.302,12.44,0
18692,59,2025-06-07 18:14:00,10.593,31.39,0
18693,385,2025-04-26 12:57:00,21.163,76.3,0
18694,248,2025-05-03 17:05:00,11.532,45.02,0
18695,230,2025-04-09 08:47:00,18.809,45.74,0
18696,374,2025-06-28 19:30:00,21.322,18.26,0
18697,241,2025-05-21 02:08:00,11.847,29.41,0
18698,606,2025-04-15 02:01:00,14.379,15.42,0
18699,148,2025-04-01 05:31:00,11.483,78.7,0
18700,714,2025-05-31 06:04:00,19.515,49.1,0
18701,290,2025-03-05 16:46:00,19.133,38.77,0
18702,421,2025-06-04 23:42:00,20.507,40.35,0
18703,134,2025-01-25 14:25:00,8.878,92.45,0
18704,735,2025-01-07 11:31:00,18.361,175.84,0
18705,514,2025-01-10 04:38:00,16.115,37.37,0
18706,615,2025-03-07 23:20:00,13.929,37.4,0
18707,715,2025-04-06 04:33:00,20.453,48.09,0
18708,796,2025-06-11 07:58:00,20.143,111.92,0
18709,203,2025-06-15 09:34:00,17.796,65.11,0
18710,263,2025-01-06 15:13:00,10.409,48.17,0
18711,193,2025-05-18 21:08:00,11.635,64.95,0
18712,401,2025-02-06 05:37:00,10.185,48.88,0
18713,718,2025-03-12 18:16:00,11.587,11.46,0
18714,590,2025-06-04 11:54:00,18.824,82.41,0
18715,454,2025-06-27 01:41:00,12.67,18.52,0
18716,378,2025-05-23 21:07:00,11.957,32.69,0
18717,583,2025-02-03 02:52:00,11.485,18.85,0
18718,373,2025-01-07 20:02:00,8.707,28.38,0
18719,711,2025-06-29 13:45:00,12.763,42.4,0
18720,447,2025-02-12 08:59:00,9.322,103.79,0
18721,531,2025-02-11 10:11:00,15.867,24.99,0
18722,543,2025-04-04 21:43:00,10.589,112.85,0
18723,593,2025-01-31 06:42:00,11.804,9.72,0
18724,382,2025-04-30 20:30:00,14.697,13.07,0
18725,309,2025-06-04 11:59:00,13.335,17.77,0
18726,331,2025-03-04 07:09:00,12.501,64.55,0
18727,750,2025-03-26 09:26:00,21.392,16.62,0
18728,87,2025-06-11 23:10:00,8.817,12.91,0
18729,563,2025-06-10 12:49:00,20.325,147.32,0
18730,768,2025-01-17 19:38:00,20.999,31.48,0
18731,57,2025-05-15 15:32:00,21.551,115.07,0
18732,494,2025-01-04 14:17:00,20.069,79.9,0
18733,476,2025-01-29 05:04:00,19.338,66.72,0
18734,267,2025-04-23 22:01:00,11.314,95.78,0
18735,75,2025-01-22 22:42:00,2.233,28.22,1
18736,542,2025-02-03 02:57:00,16.438,13.89,0
18737,417,2025-03-22 10:01:00,15.497,52.97,0
18738,601,2025-03-16 19:41:00,18.092,26.41,0
18739,70,2025-04-12 01:52:00,9.645,56.62,0
18740,747,2025-06-15 16:16:00,12.005,72.04,0
18741,501,2025-03-18 04:17:00,17.411,18.37,0
18742,354,2025-02-25 02:59:00,16.566,21.81,0
18743,365,2025-02-08 03:47:00,12.881,32.6,0
18744,761,2025-06-07 20:30:00,10.073,96.67,0
18745,442,2025-02-09 03:43:00,20.01,18.67,0
18746,464,2025-01-01 17:36:00,19.636,151.81,0
18747,519,2025-04-02 18:48:00,10.047,9.39,0
18748,250,2025-05-12 16:53:00,18.49,127.8,0
18749,200,2025-01-03 13:46:00,9.987,42.4,0
18750,600,2025-04-25 14:17:00,14.32,53.67,0
18751,255,2025-03-21 00:15:00,14.526,55.47,0
18752,27,2025-05-20 18:36:00,13.625,5.49,0
18753,385,2025-01-06 23:31:00,12.79,27.9,0
18754,8,2025-06-11 11:32:00,14.546,31.12,0
18755,453,2025-06-07 03:56:00,17.964,92.3,0
18756,515,2025-05-04 13:42:00,12.635,32.77,0
18757,738,2025-04-22 14:52:00,16.122,109.47,0
18758,485,2025-05-07 17:42:00,13.021,150.29,0
18759,281,2025-01-29 20:00:00,21.595,55.99,0
18760,513,2025-06-11 10:20:00,17.572,40.88,0
18761,97,2025-05-19 08:12:00,19.932,15.46,1
18762,592,2025-05-16 22:44:00,14.049,58.69,0
18763,738,2025-03-30 16:06:00,11.589,27.47,0
18764,77,2025-01-26 08:40:00,9.106,108.21,0
18765,574,2025-04-02 22:15:00,19.439,11.02,0
18766,643,2025-04-09 02:14:00,17.774,20.75,0
18767,262,2025-02-16 02:28:00,19.497,74.9,0
18768,322,2025-06-16 08:30:00,17.508,141.21,0
18769,331,2025-03-12 21:01:00,8.529,63.64,0
18770,298,2025-06-21 17:26:00,13.948,99.31,0
18771,703,2025-06-08 01:37:00,12.641,41.45,0
18772,260,2025-01-14 11:03:00,14.069,140.52,0
18773,350,2025-01-27 11:54:00,17.352,43.89,0
18774,467,2025-03-12 16:08:00,15.927,54.7,0
18775,201,2025-04-23 06:24:00,16.899,43.0,0
18776,558,2025-01-21 10:32:00,10.947,29.57,0
18777,418,2025-02-09 01:00:00,14.947,51.48,0
18778,136,2025-06-04 03:03:00,11.292,662.01,1
18779,148,2025-03-22 01:33:00,15.156,52.7,0
18780,21,2025-04-11 01:47:00,12.13,6.1,0
18781,465,2025-04-06 22:39:00,11.04,18.29,0
18782,640,2025-06-24 10:11:00,21.164,24.17,0
18783,793,2025-01-22 22:07:00,11.752,11.1,0
18784,527,2025-04-04 20:04:00,16.763,17.34,0
18785,775,2025-01-15 03:09:00,16.77,64.4,0
18786,790,2025-01-09 08:47:00,16.074,47.08,0
18787,491,2025-03-29 03:08:00,2.963,79.86,1
18788,300,2025-06-12 15:10:00,16.517,75.59,0
18789,709,2025-03-15 16:21:00,19.895,80.54,0
18790,506,2025-05-10 01:37:00,8.357,37.74,0
18791,652,2025-06-15 18:42:00,9.033,107.3,0
18792,181,2025-01-02 02:35:00,15.758,23.13,0
18793,760,2025-05-06 15:20:00,13.595,102.98,0
18794,343,2025-06-11 17:35:00,10.969,74.02,0
18795,698,2025-06-11 10:13:00,12.939,61.35,0
18796,300,2025-05-13 10:50:00,17.092,35.85,0
18797,719,2025-06-17 02:16:00,19.944,21.12,0
18798,538,2025-04-19 08:29:00,10.542,36.33,0
18799,183,2025-01-04 10:21:00,12.092,10.76,0
18800,118,2025-06-26 18:16:00,9.96,83.26,0
18801,126,2025-06-08 09:00:00,21.953,24.71,0
18802,299,2025-02-04 05:25:00,8.279,25.96,0
18803,35,2025-06-22 12:36:00,10.208,8.4,0
18804,438,2025-04-28 07:01:00,13.387,15.61,0
18805,527,2025-03-23 11:25:00,10.785,294.27,0
18806,595,2025-05-28 08:14:00,17.523,21.58,0
18807,704,2025-04-25 11:27:00,8.32,81.59,1
18808,640,2025-05-23 00:15:00,15.208,12.79,0
18809,795,2025-03-04 06:37:00,10.753,12.13,0
18810,482,2025-03-12 04:00:00,16.847,34.73,0
18811,681,2025-01-18 18:12:00,9.642,37.12,0
18812,619,2025-06-10 01:30:00,10.765,21.77,0
18813,664,2025-02-17 06:27:00,19.62,35.09,0
18814,328,2025-01-25 17:54:00,20.601,18.95,0
18815,415,2025-01-15 11:57:00,13.059,93.03,0
18816,731,2025-03-11 11:47:00,16.226,176.05,0
18817,361,2025-03-29 14:56:00,17.455,81.31,0
18818,485,2025-05-31 04:56:00,18.652,11.81,0
18819,512,2025-04-28 15:29:00,15.5,50.32,0
18820,147,2025-05-26 02:35:00,16.101,22.11,0
18821,18,2025-01-01 22:34:00,18.97,22.1,0
18822,556,2025-01-06 06:25:00,15.65,62.08,0
18823,635,2025-02-11 04:41:00,15.53,38.34,0
18824,465,2025-03-11 10:10:00,11.962,38.54,0
18825,525,2025-01-14 06:40:00,19.735,36.49,0
18826,53,2025-06-06 04:33:00,14.186,17.11,0
18827,136,2025-06-23 20:00:00,15.738,15.57,0
18828,590,2025-03-29 06:46:00,16.854,28.0,0
18829,508,2025-05-25 13:26:00,15.569,30.03,0
18830,158,2025-02-04 07:44:00,14.193,48.83,0
18831,479,2025-01-06 13:52:00,14.798,71.26,0
18832,28,2025-06-11 18:14:00,9.399,30.42,0
18833,630,2025-05-27 12:25:00,19.512,40.33,0
18834,21,2025-05-17 09:05:00,9.132,73.06,0
18835,669,2025-05-29 21:46:00,21.819,28.65,0
18836,178,2025-05-08 20:19:00,21.577,49.46,0
18837,202,2025-05-25 22:38:00,20.353,41.65,0
18838,740,2025-06-24 02:17:00,9.073,27.11,0
18839,651,2025-06-08 02:46:00,8.363,12.67,0
18840,269,2025-06-10 05:28:00,16.643,16.42,0
18841,145,2025-03-26 07:36:00,10.316,80.42,0
18842,87,2025-05-28 07:55:00,21.168,9.61,0
18843,315,2025-02-13 02:15:00,17.201,144.9,0
18844,464,2025-02-26 12:30:00,20.027,20.37,0
18845,394,2025-06-06 16:20:00,21.918,8.5,0
18846,717,2025-03-07 09:57:00,21.136,22.7,0
18847,643,2025-05-31 05:40:00,9.472,5.77,0
18848,208,2025-03-31 04:19:00,21.755,8.94,0
18849,720,2025-02-19 10:44:00,8.984,37.9,0
18850,369,2025-03-16 02:11:00,18.898,10.0,0
18851,13,2025-04-15 12:42:00,18.491,10.42,0
18852,681,2025-01-12 09:48:00,10.981,36.55,0
18853,589,2025-04-11 05:58:00,13.352,37.11,0
18854,284,2025-01-19 21:58:00,16.829,52.11,0
18855,702,2025-03-29 18:07:00,14.967,42.08,0
18856,724,2025-02-28 04:37:00,17.854,33.43,0
18857,763,2025-04-20 13:12:00,9.835,55.21,0
18858,730,2025-06-01 00:59:00,13.699,72.3,0
18859,214,2025-01-16 02:44:00,18.042,36.79,0
18860,446,2025-01-16 07:32:00,8.112,52.47,0
18861,138,2025-03-23 20:03:00,17.104,4.32,0
18862,545,2025-05-16 16:49:00,15.572,24.61,0
18863,399,2025-02-20 09:02:00,20.949,110.44,0
18864,703,2025-05-21 20:26:00,21.47,22.3,0
18865,720,2025-01-01 10:14:00,17.647,52.26,0
18866,254,2025-02-23 02:05:00,15.543,42.11,0
18867,252,2025-04-04 10:50:00,15.428,21.12,0
18868,25,2025-04-23 16:56:00,14.224,50.17,0
18869,404,2025-03-07 15:31:00,18.898,24.24,0
18870,307,2025-06-08 18:24:00,12.68,23.59,0
18871,796,2025-03-19 14:56:00,3.245,23.38,1
18872,654,2025-04-25 10:23:00,14.181,17.43,0
18873,364,2025-01-21 01:02:00,12.656,15.66,0
18874,454,2025-06-17 06:33:00,19.399,23.63,0
18875,502,2025-04-02 00:16:00,11.853,36.83,0
18876,722,2025-03-26 14:55:00,13.629,25.79,0
18877,796,2025-02-18 14:56:00,11.782,24.47,0
18878,334,2025-04-20 09:10:00,15.536,272.31,0
18879,293,2025-01-01 02:30:00,12.286,62.35,0
18880,570,2025-03-23 08:12:00,16.774,9.33,0
18881,218,2025-05-21 09:38:00,19.288,42.76,0
18882,112,2025-05-20 23:39:00,18.496,44.13,0
18883,226,2025-04-24 00:15:00,12.222,579.56,0
18884,253,2025-03-09 09:49:00,15.917,45.87,0
18885,493,2025-04-06 00:35:00,13.357,188.74,0
18886,588,2025-01-31 09:56:00,17.103,25.36,0
18887,130,2025-04-22 23:17:00,20.202,18.79,0
18888,35,2025-02-08 22:14:00,19.764,13.87,0
18889,131,2025-02-28 06:14:00,20.421,70.92,0
18890,729,2025-05-13 03:22:00,13.637,16.82,0
18891,208,2025-01-23 03:31:00,19.358,20.84,0
18892,422,2025-03-01 09:48:00,13.273,52.81,0
18893,432,2025-03-06 05:55:00,9.422,26.95,0
18894,222,2025-06-20 08:01:00,16.243,39.51,0
18895,675,2025-05-22 23:57:00,16.351,12.8,0
18896,52,2025-03-09 01:05:00,18.653,5.2,0
18897,423,2025-04-20 11:42:00,19.767,97.84,0
18898,330,2025-02-13 04:29:00,20.533,88.44,0
18899,626,2025-05-23 10:10:00,17.83,28.73,0
18900,157,2025-03-04 01:24:00,16.774,38.07,0
18901,766,2025-06-12 09:51:00,8.218,16.5,0
18902,633,2025-06-10 08:33:00,9.59,28.4,0
18903,592,2025-02-14 22:31:00,9.96,243.19,0
18904,395,2025-03-15 15:57:00,11.628,146.84,0
18905,514,2025-06-14 14:19:00,20.505,43.84,0
18906,166,2025-01-18 07:11:00,18.165,7.64,0
18907,6,2025-04-30 06:25:00,16.865,53.19,0
18908,596,2025-04-03 22:10:00,9.742,28.34,0
18909,358,2025-04-11 22:33:00,17.172,25.15,0
18910,282,2025-04-14 00:39:00,18.222,34.84,0
18911,214,2025-04-01 13:51:00,12.311,163.74,0
18912,496,2025-03-03 17:01:00,11.412,39.41,0
18913,409,2025-03-26 08:52:00,17.611,77.77,0
18914,540,2025-06-26 02:05:00,9.686,49.31,0
18915,760,2025-01-14 07:14:00,16.143,48.08,0
18916,668,2025-01-29 21:28:00,21.655,59.79,0
18917,256,2025-01-10 20:02:00,8.345,25.13,0
18918,193,2025-04-23 14:30:00,10.554,11.86,0
18919,128,2025-03-01 13:48:00,15.422,125.85,0
18920,455,2025-01-09 02:02:00,8.993,10.38,0
18921,660,2025-02-06 15:21:00,17.909,44.25,0
18922,202,2025-02-16 19:37:00,9.13,149.95,0
18923,792,2025-01-16 14:09:00,10.683,46.29,0
18924,343,2025-05-19 01:24:00,15.668,56.83,0
18925,624,2025-01-05 09:34:00,19.415,56.84,0
18926,238,2025-06-08 21:37:00,13.137,89.28,0
18927,110,2025-06-26 02:38:00,8.789,104.11,0
18928,410,2025-06-15 02:01:00,12.87,11.16,0
18929,440,2025-02-08 04:14:00,9.031,100.41,0
18930,382,2025-02-11 02:38:00,10.637,33.37,0
18931,324,2025-06-27 05:51:00,14.554,19.13,0
18932,519,2025-04-23 02:57:00,20.332,14.83,0
18933,506,2025-04-09 00:14:00,20.51,43.06,0
18934,121,2025-06-05 16:01:00,17.858,22.41,0
18935,534,2025-02-04 12:42:00,19.793,37.23,0
18936,266,2025-03-15 02:30:00,15.488,34.96,0
18937,645,2025-01-27 03:42:00,21.378,44.26,0
18938,398,2025-05-24 19:32:00,19.685,66.28,0
18939,192,2025-02-06 03:28:00,17.199,89.87,0
18940,144,2025-01-24 17:03:00,11.275,88.35,0
18941,771,2025-03-07 11:31:00,18.655,117.97,0
18942,574,2025-04-12 14:13:00,20.251,28.42,0
18943,171,2025-02-06 21:33:00,14.701,19.5,0
18944,401,2025-06-12 00:05:00,13.089,32.71,0
18945,99,2025-05-30 01:03:00,13.107,23.66,0
18946,667,2025-06-15 13:58:00,18.531,12.25,0
18947,663,2025-03-08 01:34:00,21.3,28.5,0
18948,642,2025-03-11 22:38:00,13.607,60.66,0
18949,370,2025-04-05 20:24:00,9.491,92.18,0
18950,132,2025-06-13 17:45:00,8.59,32.46,0
18951,392,2025-04-01 05:19:00,19.642,83.12,0
18952,408,2025-03-11 22:08:00,12.35,35.18,0
18953,254,2025-04-29 17:12:00,19.522,5.2,0
18954,302,2025-01-24 20:51:00,9.623,11.79,0
18955,37,2025-06-29 12:46:00,8.552,48.49,0
18956,418,2025-05-04 23:18:00,12.335,8.22,0
18957,154,2025-03-21 20:11:00,12.419,198.59,1
18958,672,2025-01-17 05:59:00,21.965,10.34,0
18959,609,2025-02-28 01:50:00,11.343,29.58,0
18960,482,2025-04-14 03:28:00,18.379,42.3,0
18961,179,2025-06-25 08:00:00,20.893,8.91,0
18962,534,2025-03-29 16:21:00,18.956,64.01,0
18963,794,2025-06-29 13:43:00,21.639,35.25,0
18964,504,2025-04-04 05:25:00,10.344,12.15,0
18965,628,2025-05-21 13:37:00,17.569,36.07,0
18966,720,2025-01-18 15:29:00,15.308,19.09,0
18967,678,2025-05-24 13:56:00,20.18,18.87,0
18968,129,2025-02-13 13:59:00,18.401,12.68,0
18969,698,2025-03-15 07:38:00,18.906,34.46,0
18970,612,2025-02-28 05:03:00,13.408,28.59,0
18971,575,2025-04-08 00:03:00,17.477,28.37,0
18972,182,2025-04-21 14:30:00,20.338,31.58,0
18973,372,2025-03-05 07:49:00,10.761,42.2,0
18974,723,2025-01-11 07:45:00,8.44,29.78,0
18975,733,2025-04-22 09:26:00,12.361,7.13,0
18976,92,2025-03-17 14:50:00,20.084,33.63,0
18977,341,2025-05-29 15:11:00,14.507,16.11,0
18978,484,2025-05-06 03:23:00,11.597,85.82,0
18979,76,2025-03-09 07:57:00,20.751,49.18,0
18980,196,2025-01-10 08:10:00,8.591,77.04,0
18981,477,2025-04-07 08:02:00,19.292,22.56,0
18982,524,2025-05-24 02:34:00,19.187,71.3,0
18983,272,2025-05-20 11:52:00,15.266,14.26,1
18984,338,2025-03-02 06:21:00,11.694,34.38,0
18985,524,2025-02-07 14:17:00,14.084,16.87,0
18986,792,2025-01-14 05:37:00,12.958,56.29,0
18987,798,2025-04-20 20:47:00,9.984,138.52,0
18988,248,2025-02-17 06:09:00,16.331,46.25,0
18989,540,2025-05-20 15:16:00,10.74,10.57,0
18990,442,2025-04-18 11:11:00,21.946,20.35,0
18991,168,2025-01-10 09:16:00,16.042,404.12,0
18992,406,2025-05-05 09:36:00,9.637,67.38,0
18993,110,2025-02-15 16:01:00,16.604,18.84,0
18994,96,2025-06-06 23:11:00,13.322,73.01,0
18995,285,2025-01-05 13:06:00,10.599,38.62,0
18996,209,2025-03-07 23:27:00,12.161,285.91,0
18997,116,2025-01-02 03:42:00,11.583,37.02,0
18998,41,2025-04-24 22:56:00,16.158,28.52,0
18999,455,2025-03-27 23:18:00,11.86,33.03,0
19000,4,2025-04-06 22:35:00,1.609,25.65,1
19001,626,2025-05-07 02:54:00,19.451,19.74,0
19002,58,2025-06-11 06:27:00,11.996,14.23,0
19003,526,2025-03-10 22:43:00,12.265,23.85,0
19004,118,2025-04-13 15:39:00,14.066,64.75,0
19005,493,2025-04-22 19:05:00,19.106,28.5,0
19006,114,2025-06-08 15:28:00,16.612,22.06,0
19007,348,2025-02-04 11:13:00,9.227,12.12,0
19008,527,2025-04-05 05:45:00,3.597,61.49,1
19009,138,2025-05-31 13:21:00,18.594,126.82,0
19010,106,2025-02-20 15:44:00,8.57,17.76,0
19011,510,2025-03-07 06:23:00,8.566,21.02,0
19012,512,2025-03-22 19:43:00,17.828,16.75,0
19013,335,2025-05-08 07:08:00,15.022,67.37,0
19014,97,2025-05-01 16:43:00,10.293,80.54,0
19015,244,2025-01-24 09:20:00,17.384,39.56,0
19016,173,2025-02-07 01:49:00,9.145,13.52,0
19017,527,2025-05-28 06:13:00,14.225,47.82,0
19018,240,2025-05-02 06:15:00,19.478,42.22,0
19019,302,2025-04-04 06:01:00,10.48,45.71,0
19020,209,2025-03-17 16:00:00,16.255,15.18,0
19021,134,2025-06-24 15:33:00,13.191,14.38,0
19022,649,2025-06-08 20:17:00,20.507,9.55,0
19023,386,2025-03-14 23:12:00,17.053,88.01,0
19024,456,2025-03-05 06:42:00,13.029,90.28,0
19025,231,2025-06-07 03:21:00,14.849,9.59,0
19026,69,2025-03-04 06:27:00,15.365,18.49,0
19027,586,2025-03-16 04:16:00,21.782,18.56,0
19028,577,2025-06-15 01:03:00,0.562,72.44,1
19029,37,2025-01-20 10:05:00,17.995,37.51,0
19030,709,2025-05-07 14:54:00,21.772,120.2,0
19031,682,2025-05-04 18:34:00,10.145,27.72,0
19032,678,2025-03-10 06:02:00,14.54,11.98,0
19033,369,2025-02-02 22:24:00,21.465,19.42,0
19034,555,2025-06-04 23:36:00,19.933,16.9,0
19035,12,2025-05-24 23:21:00,10.869,81.18,0
19036,478,2025-06-04 11:44:00,13.9,162.95,0
19037,106,2025-03-02 06:36:00,10.631,51.81,0
19038,727,2025-06-23 07:43:00,17.81,20.04,0
19039,756,2025-05-17 03:45:00,16.642,42.98,0
19040,120,2025-02-13 04:41:00,16.137,9.49,0
19041,429,2025-03-28 15:49:00,20.643,29.81,0
19042,473,2025-02-26 23:03:00,9.405,9.17,0
19043,614,2025-04-07 15:51:00,21.167,51.42,0
19044,391,2025-02-03 21:31:00,14.784,30.64,0
19045,706,2025-05-13 05:36:00,8.378,67.43,0
19046,276,2025-03-24 17:07:00,20.807,63.36,0
19047,256,2025-04-30 17:02:00,21.037,22.45,0
19048,583,2025-04-26 12:16:00,21.212,78.82,0
19049,437,2025-04-30 13:24:00,19.687,13.58,0
19050,65,2025-05-17 19:08:00,11.898,288.19,0
19051,520,2025-04-29 14:38:00,12.011,11.98,0
19052,223,2025-04-03 19:23:00,12.593,63.54,0
19053,673,2025-04-16 08:21:00,11.158,94.65,0
19054,766,2025-04-24 14:23:00,20.716,40.42,1
19055,336,2025-05-26 07:00:00,15.487,15.32,0
19056,682,2025-03-27 15:22:00,11.727,18.84,0
19057,761,2025-02-24 00:05:00,18.811,15.45,0
19058,583,2025-02-15 10:47:00,16.788,34.86,0
19059,485,2025-02-02 16:21:00,13.31,65.95,0
19060,746,2025-04-19 11:40:00,20.798,51.54,0
19061,699,2025-05-13 07:53:00,15.777,36.59,0
19062,382,2025-02-27 01:54:00,16.795,11.45,0
19063,66,2025-04-08 04:03:00,8.457,136.49,0
19064,480,2025-03-08 23:26:00,16.818,30.43,0
19065,370,2025-06-12 02:38:00,13.78,25.82,0
19066,292,2025-06-13 02:32:00,18.473,42.09,0
19067,143,2025-06-23 17:10:00,8.613,9.29,0
19068,573,2025-06-04 23:46:00,13.402,33.41,0
19069,729,2025-06-06 02:01:00,8.918,29.61,0
19070,478,2025-04-11 07:14:00,21.039,30.52,0
19071,187,2025-04-09 13:27:00,13.878,92.91,0
19072,0,2025-02-24 07:00:00,9.949,12.87,0
19073,570,2025-05-16 17:49:00,18.405,33.93,0
19074,126,2025-02-27 14:29:00,20.346,21.38,0
19075,50,2025-03-02 04:19:00,3.698,29.45,1
19076,157,2025-06-20 05:15:00,19.907,68.09,0
19077,160,2025-01-03 15:46:00,19.857,31.58,0
19078,271,2025-01-22 06:22:00,21.851,28.1,0
19079,255,2025-05-21 11:37:00,13.087,5.34,0
19080,157,2025-05-04 07:50:00,12.88,65.56,0
19081,625,2025-05-21 16:04:00,9.563,9.55,0
19082,660,2025-03-26 00:51:00,20.006,24.02,0
19083,200,2025-01-02 10:43:00,21.028,17.64,0
19084,294,2025-02-23 13:12:00,11.953,5.64,0
19085,653,2025-06-05 10:44:00,16.611,39.12,0
19086,762,2025-04-30 21:24:00,11.429,24.98,0
19087,630,2025-06-08 15:48:00,20.068,52.78,0
19088,442,2025-01-02 16:33:00,8.096,54.1,0
19089,793,2025-02-27 17:11:00,17.732,57.25,0
19090,581,2025-05-04 15:52:00,15.601,52.51,0
19091,541,2025-01-04 02:30:00,12.005,51.92,0
19092,23,2025-03-22 22:10:00,20.922,75.13,0
19093,509,2025-06-07 16:24:00,14.714,46.64,0
19094,230,2025-01-30 02:23:00,15.343,41.55,0
19095,481,2025-01-13 16:38:00,9.166,30.62,0
19096,458,2025-04-25 15:46:00,13.766,43.02,0
19097,87,2025-02-11 19:07:00,10.226,53.05,0
19098,369,2025-02-03 02:29:00,15.76,51.83,0
19099,410,2025-04-08 15:55:00,16.098,30.31,0
19100,38,2025-04-20 02:40:00,11.418,191.12,0
19101,681,2025-05-27 23:25:00,21.208,119.15,0
19102,750,2025-01-19 17:15:00,12.24,18.16,0
19103,16,2025-05-21 17:27:00,17.159,34.76,0
19104,96,2025-05-01 15:10:00,21.708,126.98,0
19105,101,2025-05-03 14:40:00,19.251,17.22,0
19106,352,2025-02-12 22:45:00,18.447,13.02,0
19107,480,2025-05-30 03:52:00,8.829,297.67,0
19108,193,2025-01-23 04:14:00,15.338,23.71,0
19109,677,2025-05-04 09:03:00,18.554,6.95,0
19110,248,2025-01-25 05:23:00,17.247,18.12,0
19111,245,2025-04-25 18:48:00,15.948,24.83,0
19112,470,2025-03-23 06:47:00,20.895,66.85,0
19113,697,2025-01-31 04:27:00,15.834,35.93,0
19114,199,2025-02-04 23:56:00,19.727,11.32,0
19115,270,2025-03-21 04:27:00,20.402,3.33,0
19116,270,2025-03-07 21:39:00,19.007,51.71,0
19117,372,2025-03-23 05:58:00,10.098,36.7,0
19118,343,2025-03-19 23:26:00,18.851,91.75,0
19119,762,2025-01-04 07:54:00,19.021,21.0,0
19120,117,2025-03-19 06:49:00,17.432,28.11,0
19121,334,2025-03-14 23:50:00,13.2,22.65,0
19122,203,2025-03-12 09:57:00,12.046,21.35,0
19123,479,2025-02-10 21:01:00,17.111,611.17,1
19124,624,2025-02-04 15:03:00,18.216,24.17,0
19125,748,2025-01-17 03:21:00,20.879,9.06,0
19126,350,2025-04-23 11:54:00,12.78,99.55,0
19127,211,2025-04-09 08:06:00,12.047,41.54,0
19128,771,2025-05-27 03:11:00,18.38,58.98,0
19129,73,2025-02-12 15:53:00,21.698,99.39,0
19130,105,2025-03-15 10:02:00,12.067,29.48,0
19131,766,2025-02-04 06:26:00,11.84,29.6,0
19132,709,2025-06-19 06:12:00,20.512,14.69,0
19133,447,2025-05-22 14:57:00,11.706,69.19,0
19134,262,2025-01-27 18:38:00,13.815,10.06,0
19135,772,2025-05-26 19:36:00,21.889,40.91,0
19136,766,2025-06-16 05:39:00,19.211,52.9,0
19137,693,2025-04-29 22:54:00,11.498,12.14,0
19138,617,2025-06-28 07:45:00,21.334,93.5,0
19139,475,2025-02-04 03:22:00,19.81,7.14,0
19140,297,2025-02-21 23:23:00,21.637,12.09,0
19141,377,2025-04-24 21:14:00,13.644,34.05,0
19142,434,2025-04-07 21:48:00,17.341,61.91,0
19143,384,2025-05-09 09:33:00,13.345,11.72,0
19144,689,2025-06-23 18:49:00,14.189,62.44,0
19145,132,2025-02-11 23:53:00,17.397,67.32,0
19146,66,2025-06-07 00:46:00,13.806,25.51,0
19147,362,2025-01-24 22:18:00,13.866,38.86,0
19148,165,2025-03-24 16:40:00,15.585,89.08,0
19149,657,2025-03-20 00:50:00,9.501,118.66,0
19150,678,2025-05-26 03:09:00,21.802,23.16,0
19151,791,2025-03-18 09:00:00,19.577,17.97,0
19152,308,2025-05-30 11:15:00,14.754,30.8,0
19153,768,2025-01-28 14:16:00,18.582,14.74,0
19154,81,2025-06-28 19:25:00,21.965,95.23,0
19155,769,2025-02-04 12:12:00,15.23,51.75,0
19156,196,2025-04-17 12:07:00,18.132,34.89,0
19157,15,2025-03-31 22:20:00,9.19,85.61,0
19158,660,2025-01-17 07:05:00,21.387,64.97,0
19159,412,2025-04-05 22:27:00,10.322,76.31,0
19160,330,2025-06-07 05:19:00,19.214,54.56,0
19161,160,2025-04-07 19:32:00,14.828,108.6,0
19162,332,2025-05-07 12:12:00,17.022,11.69,0
19163,492,2025-06-26 18:23:00,16.344,53.16,0
19164,114,2025-02-24 12:42:00,13.817,123.02,0
19165,756,2025-01-08 03:06:00,21.33,27.15,0
19166,578,2025-05-05 01:02:00,12.343,22.15,0
19167,701,2025-05-22 12:46:00,11.236,26.05,0
19168,35,2025-01-26 16:04:00,20.519,35.06,0
19169,693,2025-03-05 07:48:00,12.119,83.1,0
19170,692,2025-03-06 12:17:00,9.509,35.16,0
19171,292,2025-05-16 12:33:00,10.193,86.6,0
19172,455,2025-06-07 15:54:00,13.0,51.51,0
19173,400,2025-05-13 09:06:00,20.298,74.06,0
19174,660,2025-02-23 09:20:00,17.293,36.39,0
19175,225,2025-04-22 13:43:00,9.774,28.81,0
19176,735,2025-02-18 10:25:00,15.494,12.09,0
19177,443,2025-04-24 14:35:00,16.719,5.0,0
19178,0,2025-06-23 17:12:00,19.313,25.57,0
19179,242,2025-04-30 10:44:00,15.891,4.64,0
19180,114,2025-05-22 07:44:00,12.809,32.46,0
19181,646,2025-05-15 13:38:00,21.942,59.4,0
19182,327,2025-03-27 18:30:00,11.634,35.67,0
19183,371,2025-01-24 16:35:00,21.504,3.65,0
19184,280,2025-06-25 14:50:00,10.93,24.92,0
19185,560,2025-03-06 22:49:00,15.252,53.12,0
19186,794,2025-06-09 13:45:00,9.547,95.08,0
19187,698,2025-06-01 13:28:00,20.502,52.3,0
19188,791,2025-05-04 02:04:00,14.851,34.28,0
19189,239,2025-04-09 14:51:00,20.376,50.07,0
19190,531,2025-02-19 07:14:00,19.549,150.35,0
19191,497,2025-01-25 15:33:00,10.661,35.14,0
19192,241,2025-06-07 02:30:00,8.819,10.46,0
19193,676,2025-06-23 02:19:00,20.834,23.62,0
19194,735,2025-05-02 03:13:00,15.87,18.92,0
19195,760,2025-06-27 19:27:00,19.936,13.55,0
19196,790,2025-02-08 23:08:00,17.658,19.45,0
19197,130,2025-04-03 06:45:00,18.774,312.47,0
19198,117,2025-02-01 10:15:00,14.766,15.17,0
19199,545,2025-04-06 23:23:00,18.266,22.93,0
19200,580,2025-06-10 10:14:00,20.862,319.85,0
19201,348,2025-02-22 13:32:00,17.93,54.02,0
19202,130,2025-03-17 18:43:00,21.045,44.92,0
19203,228,2025-04-03 21:49:00,11.38,52.34,0
19204,102,2025-03-25 11:45:00,19.241,39.59,0
19205,126,2025-06-24 09:09:00,15.417,23.42,0
19206,150,2025-03-18 18:04:00,8.851,407.7,1
19207,468,2025-02-15 19:44:00,17.035,52.68,0
19208,410,2025-02-28 22:53:00,16.782,8.78,0
19209,267,2025-02-24 19:56:00,21.873,23.53,0
19210,434,2025-02-26 16:57:00,17.097,8.72,0
19211,534,2025-06-11 13:12:00,9.83,16.5,0
19212,78,2025-04-03 07:08:00,21.876,51.45,0
19213,224,2025-03-11 04:35:00,12.408,24.01,0
19214,160,2025-01-26 10:40:00,17.762,27.98,0
19215,0,2025-06-25 01:19:00,16.376,3.84,0
19216,92,2025-01-28 13:51:00,12.976,11.5,0
19217,613,2025-03-04 22:13:00,13.693,13.36,0
19218,700,2025-05-06 21:08:00,17.142,8.58,0
19219,129,2025-01-01 20:00:00,20.204,39.45,0
19220,613,2025-02-26 22:31:00,21.253,36.23,0
19221,202,2025-06-21 16:05:00,21.874,66.42,0
19222,111,2025-01-05 07:52:00,9.634,96.68,0
19223,188,2025-02-12 15:47:00,10.631,104.95,0
19224,735,2025-01-16 11:52:00,10.878,46.45,0
19225,273,2025-05-05 22:36:00,21.626,40.75,0
19226,592,2025-01-03 02:09:00,9.364,43.84,0
19227,388,2025-01-09 12:41:00,17.759,15.55,0
19228,348,2025-03-27 01:35:00,21.408,43.47,0
19229,649,2025-05-15 16:27:00,16.054,23.18,0
19230,793,2025-06-12 19:48:00,8.11,13.09,0
19231,520,2025-02-09 14:41:00,8.919,8.31,0
19232,679,2025-04-13 22:18:00,17.937,5.04,0
19233,116,2025-05-25 01:05:00,13.577,28.5,0
19234,720,2025-05-12 07:38:00,15.08,20.28,0
19235,146,2025-06-23 23:42:00,8.633,19.18,0
19236,152,2025-01-14 15:10:00,20.577,13.87,0
19237,677,2025-01-09 03:22:00,20.675,22.3,0
19238,386,2025-05-04 11:55:00,16.43,14.54,0
19239,199,2025-03-08 05:43:00,14.668,37.67,0
19240,21,2025-05-13 22:07:00,13.511,63.1,0
19241,174,2025-05-09 20:09:00,10.77,23.67,0
19242,659,2025-03-21 15:43:00,21.156,83.59,0
19243,2,2025-06-29 08:36:00,14.85,18.8,0
19244,736,2025-06-08 17:09:00,9.513,7.47,0
19245,619,2025-03-07 08:21:00,19.098,104.05,0
19246,163,2025-01-01 22:43:00,21.606,6.82,0
19247,590,2025-06-29 02:18:00,11.954,22.35,0
19248,414,2025-06-24 07:03:00,17.62,65.49,0
19249,278,2025-06-11 20:28:00,21.956,94.3,0
19250,404,2025-01-11 01:23:00,9.608,30.73,0
19251,5,2025-05-10 11:25:00,19.377,22.12,0
19252,704,2025-06-22 21:42:00,14.977,187.76,0
19253,628,2025-03-10 17:47:00,17.37,73.01,0
19254,143,2025-05-16 19:14:00,10.53,82.77,0
19255,494,2025-04-07 15:28:00,11.051,51.15,1
19256,338,2025-03-25 09:28:00,15.784,56.74,0
19257,368,2025-05-10 15:53:00,11.507,43.0,0
19258,617,2025-04-15 11:06:00,16.355,31.49,0
19259,672,2025-05-04 10:20:00,9.228,7.94,0
19260,50,2025-02-10 06:27:00,18.947,11.98,0
19261,195,2025-02-21 21:53:00,11.836,60.14,0
19262,469,2025-04-26 04:47:00,18.318,91.48,0
19263,303,2025-04-11 07:10:00,10.282,40.4,0
19264,792,2025-03-10 23:24:00,19.194,14.49,0
19265,528,2025-05-31 07:18:00,8.189,41.09,0
19266,258,2025-03-03 11:01:00,10.391,47.33,0
19267,538,2025-03-27 12:19:00,12.73,7.62,0
19268,344,2025-02-26 21:20:00,18.919,116.25,0
19269,370,2025-04-12 22:10:00,8.444,69.7,0
19270,571,2025-04-12 05:24:00,18.364,14.95,0
19271,347,2025-02-28 22:56:00,11.295,32.69,0
19272,557,2025-05-20 06:12:00,21.953,26.8,0
19273,335,2025-01-29 19:38:00,12.016,98.05,0
19274,475,2025-05-19 14:44:00,10.04,22.2,0
19275,388,2025-01-12 21:01:00,17.566,205.06,1
19276,459,2025-02-15 02:50:00,11.873,31.8,0
19277,277,2025-03-15 02:09:00,15.563,15.15,0
19278,95,2025-03-18 05:38:00,18.81,75.59,0
19279,205,2025-04-24 17:14:00,19.199,32.39,0
19280,284,2025-06-18 22:20:00,11.089,13.48,0
19281,252,2025-05-17 19:15:00,10.937,19.38,0
19282,337,2025-04-08 23:32:00,11.799,23.97,0
19283,382,2025-01-16 03:06:00,13.526,26.99,0
19284,201,2025-06-28 14:21:00,18.458,9.31,0
19285,305,2025-02-27 07:52:00,15.588,13.62,0
19286,225,2025-04-22 14:45:00,20.318,42.85,0
19287,468,2025-05-26 10:09:00,17.779,96.07,0
19288,380,2025-05-06 21:50:00,16.586,22.8,0
19289,504,2025-01-21 04:56:00,15.289,37.13,0
19290,345,2025-02-16 18:00:00,13.777,222.93,0
19291,796,2025-06-28 18:58:00,12.843,41.79,0
19292,387,2025-05-19 05:23:00,10.449,7.25,0
19293,492,2025-04-24 21:12:00,11.782,54.01,0
19294,353,2025-03-22 06:50:00,20.614,40.93,0
19295,587,2025-06-19 04:52:00,19.612,24.32,0
19296,446,2025-05-11 20:12:00,8.063,13.91,0
19297,78,2025-05-12 10:48:00,11.137,66.39,0
19298,583,2025-06-14 22:22:00,19.302,3.92,0
19299,608,2025-06-23 11:57:00,16.198,24.46,0
19300,321,2025-06-04 17:03:00,8.998,25.88,0
19301,407,2025-04-30 18:14:00,19.304,19.57,0
19302,8,2025-02-11 03:58:00,18.547,31.61,0
19303,693,2025-02-18 06:05:00,11.942,12.71,0
19304,622,2025-01-28 17:32:00,18.415,53.71,0
19305,776,2025-05-25 01:10:00,20.414,356.77,0
19306,479,2025-03-02 05:15:00,17.061,16.74,0
19307,184,2025-02-10 16:37:00,18.411,48.12,0
19308,231,2025-05-11 15:56:00,8.686,39.28,0
19309,742,2025-04-12 16:49:00,15.911,40.92,0
19310,34,2025-02-14 06:26:00,18.551,23.94,0
19311,537,2025-03-09 03:32:00,14.476,35.08,0
19312,54,2025-03-28 14:00:00,13.664,41.27,0
19313,591,2025-05-24 20:08:00,15.882,66.21,0
19314,464,2025-01-02 04:49:00,17.447,62.6,0
19315,377,2025-05-17 16:59:00,19.433,97.45,0
19316,560,2025-01-15 04:28:00,19.429,19.38,0
19317,283,2025-06-05 12:01:00,17.843,40.43,0
19318,458,2025-01-22 05:19:00,21.77,30.84,0
19319,640,2025-02-14 10:48:00,15.533,69.24,0
19320,366,2025-03-08 10:48:00,14.206,9.99,0
19321,17,2025-06-29 13:26:00,12.631,83.86,0
19322,795,2025-03-13 16:04:00,9.741,45.06,0
19323,432,2025-05-25 23:12:00,11.115,91.37,0
19324,343,2025-02-16 03:46:00,12.285,36.32,0
19325,59,2025-03-11 14:33:00,15.091,296.85,1
19326,72,2025-04-04 02:05:00,21.969,20.62,0
19327,203,2025-01-23 23:30:00,18.856,471.69,1
19328,738,2025-01-06 09:54:00,20.429,6.9,0
19329,580,2025-03-04 21:31:00,10.539,30.69,0
19330,330,2025-05-22 12:29:00,8.337,22.89,0
19331,603,2025-01-20 02:42:00,8.038,37.59,0
19332,313,2025-05-28 07:23:00,15.037,19.91,0
19333,711,2025-04-21 18:24:00,9.645,46.21,0
19334,261,2025-02-19 08:20:00,10.651,31.35,0
19335,572,2025-01-21 07:49:00,10.487,8.09,0
19336,349,2025-04-10 02:49:00,17.992,36.24,0
19337,539,2025-03-19 11:48:00,21.345,67.36,0
19338,149,2025-01-20 13:37:00,9.696,71.44,0
19339,756,2025-05-01 03:53:00,9.496,17.1,0
19340,229,2025-05-31 16:19:00,12.616,10.44,0
19341,429,2025-03-23 13:15:00,16.927,83.47,0
19342,549,2025-03-23 06:13:00,13.17,48.56,0
19343,523,2025-06-08 16:43:00,11.898,16.06,0
19344,443,2025-03-11 17:33:00,9.613,17.89,0
19345,694,2025-02-13 09:05:00,14.412,35.73,0
19346,775,2025-06-02 11:37:00,8.494,69.36,0
19347,610,2025-04-05 07:12:00,16.795,26.67,0
19348,147,2025-06-18 19:06:00,19.529,10.58,0
19349,615,2025-06-14 08:56:00,21.56,7.59,0
19350,402,2025-05-26 23:09:00,12.512,18.13,0
19351,429,2025-03-05 13:49:00,19.551,17.88,0
19352,753,2025-05-10 04:30:00,15.097,14.25,0
19353,422,2025-03-27 02:06:00,11.747,107.99,0
19354,680,2025-05-18 13:41:00,9.35,9.95,0
19355,518,2025-06-17 21:53:00,14.258,246.41,1
19356,69,2025-05-12 20:39:00,20.141,194.11,0
19357,560,2025-03-31 21:02:00,21.265,18.36,0
19358,395,2025-06-28 16:02:00,14.468,34.47,0
19359,436,2025-06-05 13:31:00,18.824,108.18,0
19360,242,2025-02-14 01:33:00,10.982,31.77,0
19361,148,2025-06-19 06:47:00,18.417,47.58,0
19362,595,2025-03-28 08:13:00,8.301,20.44,0
19363,198,2025-02-16 02:21:00,13.855,17.42,0
19364,74,2025-02-23 01:53:00,18.773,9.64,0
19365,394,2025-05-22 10:49:00,13.133,29.42,0
19366,569,2025-03-11 08:10:00,9.445,47.26,0
19367,163,2025-04-28 16:13:00,21.595,164.67,0
19368,289,2025-03-22 01:29:00,12.185,22.68,0
19369,338,2025-06-27 14:37:00,8.591,90.96,0
19370,738,2025-01-25 13:40:00,13.713,73.87,0
19371,117,2025-04-16 09:39:00,17.758,19.36,0
19372,734,2025-03-06 00:39:00,13.372,35.82,0
19373,116,2025-05-23 16:47:00,20.609,36.16,0
19374,462,2025-06-19 17:34:00,10.983,11.54,0
19375,674,2025-03-04 05:23:00,16.102,28.6,0
19376,723,2025-06-13 09:19:00,9.498,17.83,0
19377,433,2025-04-20 03:36:00,9.653,29.08,0
19378,394,2025-01-10 22:03:00,10.734,30.7,0
19379,624,2025-05-21 03:28:00,11.047,33.56,0
19380,727,2025-04-10 06:10:00,17.234,21.57,0
19381,9,2025-06-24 01:03:00,19.88,14.97,0
19382,209,2025-03-24 14:41:00,20.117,8.49,0
19383,228,2025-02-15 07:57:00,16.796,73.59,0
19384,666,2025-02-01 02:30:00,13.696,35.55,0
19385,14,2025-01-15 04:49:00,11.706,79.16,0
19386,100,2025-05-07 23:48:00,12.105,30.81,0
19387,2,2025-06-25 17:38:00,14.34,34.36,0
19388,762,2025-04-27 10:41:00,16.806,28.03,0
19389,25,2025-04-19 11:24:00,15.774,25.98,0
19390,212,2025-01-06 02:02:00,18.663,42.15,0
19391,417,2025-01-04 02:31:00,9.796,27.35,0
19392,278,2025-03-31 20:12:00,9.581,75.28,0
19393,72,2025-04-04 14:21:00,21.871,105.79,0
19394,330,2025-03-18 14:50:00,12.424,98.86,0
19395,638,2025-06-18 11:42:00,21.599,120.03,0
19396,231,2025-03-01 09:41:00,12.052,13.97,0
19397,412,2025-06-27 04:42:00,8.905,91.39,0
19398,375,2025-02-17 10:21:00,15.105,37.52,0
19399,196,2025-02-28 15:04:00,10.763,37.93,0
19400,2,2025-02-23 20:49:00,20.593,19.68,0
19401,670,2025-05-21 17:50:00,14.054,25.88,0
19402,795,2025-03-01 14:08:00,14.174,5.99,0
19403,407,2025-03-24 13:34:00,13.454,54.6,0
19404,664,2025-01-21 01:40:00,9.555,29.72,0
19405,280,2025-03-13 15:24:00,16.726,23.11,0
19406,754,2025-02-05 23:52:00,10.165,101.84,0
19407,454,2025-05-17 11:23:00,16.956,35.27,0
19408,640,2025-05-27 07:25:00,13.603,16.71,0
19409,538,2025-02-18 14:15:00,19.942,34.5,0
19410,738,2025-06-27 20:40:00,15.286,137.76,0
19411,447,2025-03-18 17:56:00,20.437,31.53,0
19412,677,2025-05-31 06:24:00,8.354,66.77,0
19413,746,2025-02-14 09:01:00,18.156,19.65,0
19414,608,2025-06-04 14:50:00,15.824,51.98,0
19415,283,2025-01-26 16:11:00,10.365,41.27,0
19416,72,2025-03-07 02:44:00,9.48,35.04,0
19417,327,2025-03-10 06:34:00,18.32,23.68,0
19418,554,2025-02-03 12:35:00,13.257,27.91,0
19419,687,2025-06-22 15:51:00,9.069,7.74,0
19420,615,2025-02-22 21:12:00,17.731,9.62,0
19421,509,2025-03-17 09:34:00,12.073,10.07,0
19422,429,2025-01-04 00:06:00,12.2,10.33,0
19423,773,2025-05-03 23:31:00,9.149,27.87,0
19424,195,2025-02-02 07:37:00,13.916,23.37,0
19425,633,2025-02-21 07:30:00,20.784,15.03,0
19426,441,2025-06-15 01:49:00,20.043,91.32,0
19427,410,2025-06-05 18:20:00,12.635,28.11,0
19428,319,2025-01-21 15:43:00,12.295,71.12,0
19429,507,2025-04-23 11:34:00,20.129,10.72,0
19430,799,2025-05-15 12:31:00,18.354,48.8,0
19431,324,2025-06-21 01:57:00,10.853,76.65,0
19432,90,2025-02-13 08:35:00,20.576,47.95,0
19433,102,2025-02-28 16:06:00,20.768,24.41,0
19434,141,2025-02-12 15:24:00,12.766,27.75,0
19435,325,2025-04-07 20:18:00,20.5,45.71,0
19436,3,2025-04-19 13:47:00,17.291,36.47,0
19437,225,2025-02-04 09:19:00,20.259,83.5,0
19438,556,2025-01-05 01:58:00,13.396,16.41,0
19439,542,2025-01-25 11:01:00,13.574,75.25,0
19440,535,2025-02-07 13:33:00,15.039,44.14,0
19441,535,2025-04-16 08:45:00,11.69,40.86,0
19442,60,2025-02-06 01:38:00,15.523,30.16,0
19443,749,2025-05-25 14:45:00,15.128,81.51,0
19444,238,2025-04-26 14:23:00,10.633,17.16,0
19445,63,2025-02-05 23:06:00,20.538,13.89,0
19446,649,2025-06-28 07:01:00,9.464,35.57,0
19447,374,2025-05-07 12:35:00,20.352,20.08,0
19448,277,2025-06-06 14:27:00,15.53,44.07,0
19449,318,2025-05-01 21:07:00,14.749,159.12,0
19450,466,2025-04-29 20:20:00,20.019,37.09,0
19451,421,2025-03-28 20:36:00,14.345,40.87,0
19452,11,2025-04-29 02:11:00,12.241,123.51,0
19453,95,2025-05-19 01:03:00,10.211,47.38,0
19454,757,2025-06-27 12:53:00,17.63,81.32,0
19455,393,2025-04-17 21:40:00,19.663,28.05,0
19456,790,2025-05-16 16:06:00,15.143,33.29,0
19457,525,2025-06-20 08:52:00,11.955,20.39,0
19458,589,2025-04-20 21:02:00,21.172,50.1,0
19459,251,2025-05-18 11:12:00,17.052,51.14,0
19460,670,2025-02-03 23:55:00,15.628,61.59,0
19461,520,2025-06-09 14:04:00,19.09,49.07,0
19462,601,2025-06-26 05:09:00,12.677,31.12,0
19463,212,2025-03-07 01:06:00,18.308,54.07,0
19464,469,2025-06-09 17:46:00,12.91,113.27,0
19465,295,2025-05-26 23:30:00,11.613,38.64,0
19466,727,2025-02-11 22:26:00,11.258,12.04,0
19467,725,2025-06-28 13:32:00,20.37,15.85,0
19468,282,2025-04-16 05:42:00,19.277,42.33,0
19469,20,2025-01-30 10:10:00,10.915,17.52,0
19470,199,2025-01-20 10:57:00,8.983,23.39,0
19471,218,2025-04-03 00:17:00,10.164,22.88,0
19472,15,2025-04-04 17:08:00,12.306,48.01,0
19473,748,2025-06-05 05:17:00,16.538,124.42,0
19474,372,2025-04-02 21:08:00,17.316,10.62,0
19475,117,2025-03-13 09:25:00,9.595,79.34,0
19476,487,2025-02-27 00:04:00,14.365,76.62,0
19477,317,2025-04-02 11:34:00,15.294,43.31,0
19478,139,2025-02-17 21:09:00,11.629,29.63,0
19479,363,2025-05-15 13:45:00,18.217,64.35,0
19480,479,2025-01-25 10:29:00,16.333,36.62,0
19481,522,2025-05-29 10:41:00,18.232,30.76,0
19482,180,2025-02-08 21:35:00,17.779,8.23,0
19483,489,2025-02-05 21:58:00,20.557,50.54,0
19484,634,2025-06-25 08:00:00,17.423,106.84,0
19485,501,2025-03-12 09:35:00,19.202,11.45,0
19486,761,2025-05-03 09:43:00,15.132,17.23,0
19487,752,2025-03-13 00:15:00,11.321,24.02,0
19488,396,2025-06-26 17:30:00,9.272,27.97,0
19489,314,2025-01-28 12:12:00,14.852,19.7,0
19490,365,2025-03-25 20:09:00,19.177,96.39,0
19491,391,2025-01-17 09:46:00,16.167,172.44,0
19492,138,2025-04-13 19:48:00,8.361,41.7,0
19493,771,2025-05-15 01:04:00,11.349,20.54,0
19494,454,2025-03-26 07:51:00,14.175,39.72,0
19495,102,2025-06-03 08:36:00,13.631,14.24,0
19496,722,2025-05-19 07:33:00,17.762,29.48,0
19497,758,2025-06-21 08:17:00,10.46,54.05,0
19498,448,2025-06-29 05:38:00,13.177,58.91,0
19499,758,2025-06-22 03:11:00,15.504,54.52,0
19500,776,2025-03-19 23:10:00,21.772,23.97,0
19501,762,2025-06-29 01:02:00,20.953,38.76,0
19502,771,2025-04-29 23:31:00,13.344,26.34,0
19503,53,2025-01-15 22:31:00,12.677,70.45,0
19504,24,2025-01-15 19:45:00,21.296,48.71,0
19505,462,2025-03-13 10:09:00,20.062,131.49,0
19506,598,2025-04-11 03:52:00,17.943,45.38,0
19507,670,2025-01-15 18:54:00,16.703,17.62,0
19508,513,2025-04-14 18:59:00,18.204,13.26,0
19509,250,2025-05-03 00:29:00,17.936,39.67,0
19510,746,2025-05-05 19:23:00,19.714,5.41,0
19511,472,2025-06-25 00:43:00,18.13,25.24,0
19512,545,2025-03-07 12:36:00,17.103,21.88,0
19513,205,2025-01-07 14:28:00,21.115,18.37,0
19514,607,2025-06-22 09:41:00,21.17,39.02,0
19515,103,2025-04-05 17:44:00,13.836,15.23,0
19516,696,2025-04-24 11:22:00,2.693,9.85,1
19517,681,2025-04-06 23:41:00,13.504,51.58,0
19518,546,2025-03-29 15:15:00,11.486,25.98,0
19519,784,2025-01-30 09:20:00,10.903,45.53,0
19520,728,2025-04-12 12:29:00,9.665,40.04,0
19521,55,2025-05-31 00:35:00,13.109,53.21,0
19522,176,2025-01-21 09:25:00,21.553,41.3,0
19523,97,2025-03-13 01:12:00,12.543,55.48,0
19524,256,2025-06-18 07:44:00,20.874,135.07,0
19525,470,2025-03-17 16:24:00,9.501,45.43,0
19526,115,2025-01-30 02:23:00,10.05,54.5,0
19527,69,2025-06-23 03:39:00,10.283,38.09,0
19528,515,2025-01-25 15:26:00,15.693,7.67,0
19529,504,2025-02-14 12:41:00,21.886,31.28,0
19530,292,2025-03-25 16:58:00,10.856,102.18,0
19531,575,2025-03-11 09:13:00,12.673,51.45,0
19532,473,2025-03-16 22:47:00,19.947,23.71,0
19533,331,2025-05-19 15:02:00,15.437,46.99,0
19534,54,2025-04-11 05:08:00,12.828,14.35,0
19535,604,2025-03-28 09:31:00,13.918,60.68,0
19536,499,2025-05-07 14:29:00,18.291,23.68,0
19537,90,2025-04-19 14:46:00,13.073,40.05,0
19538,150,2025-04-24 04:06:00,17.273,15.47,0
19539,240,2025-03-28 00:09:00,19.213,41.54,0
19540,143,2025-04-10 19:04:00,8.796,5.11,0
19541,646,2025-02-20 23:57:00,18.498,24.73,0
19542,746,2025-03-16 11:04:00,21.22,18.95,0
19543,70,2025-01-30 06:58:00,9.125,19.5,0
19544,191,2025-01-15 19:02:00,9.144,2.23,0
19545,228,2025-06-03 00:34:00,16.616,20.11,0
19546,793,2025-05-26 06:28:00,17.47,43.01,0
19547,496,2025-02-19 12:55:00,14.472,17.07,0
19548,763,2025-03-24 23:23:00,21.098,50.49,0
19549,197,2025-06-29 12:37:00,9.773,71.55,0
19550,54,2025-04-06 13:55:00,9.659,44.08,0
19551,384,2025-01-02 19:28:00,8.144,47.38,0
19552,653,2025-04-14 22:05:00,19.509,43.11,0
19553,669,2025-06-08 18:00:00,9.262,53.86,0
19554,377,2025-02-11 12:33:00,16.447,20.31,0
19555,215,2025-06-20 12:37:00,21.015,17.5,0
19556,37,2025-05-18 08:48:00,8.737,279.25,1
19557,348,2025-01-11 13:36:00,9.643,59.5,0
19558,428,2025-06-27 18:59:00,20.195,17.66,0
19559,14,2025-04-23 23:07:00,11.886,27.4,0
19560,747,2025-02-08 20:23:00,13.913,24.62,0
19561,566,2025-05-21 21:10:00,16.124,39.91,0
19562,261,2025-05-28 20:16:00,18.032,1120.4,1
19563,284,2025-04-21 18:22:00,10.575,57.08,0
19564,285,2025-06-23 13:08:00,20.232,8.28,0
19565,688,2025-06-08 10:06:00,18.838,45.68,0
19566,579,2025-02-26 02:12:00,9.268,33.37,0
19567,70,2025-01-24 20:18:00,9.515,39.79,0
19568,245,2025-05-26 07:59:00,17.901,26.45,0
19569,625,2025-06-20 18:37:00,14.618,18.26,0
19570,285,2025-02-22 23:28:00,14.335,75.06,0
19571,651,2025-04-10 02:11:00,11.046,29.42,0
19572,405,2025-04-02 20:52:00,17.973,91.9,0
19573,620,2025-03-03 23:41:00,9.597,33.74,0
19574,422,2025-04-07 21:03:00,13.226,34.45,0
19575,587,2025-04-05 12:47:00,18.111,19.89,0
19576,345,2025-06-27 08:37:00,21.729,34.2,0
19577,190,2025-03-03 01:50:00,10.973,72.58,0
19578,705,2025-01-27 19:29:00,16.903,31.3,0
19579,333,2025-03-23 23:30:00,8.898,41.01,0
19580,7,2025-01-26 11:50:00,11.738,127.71,0
19581,308,2025-01-29 03:54:00,9.351,13.33,0
19582,328,2025-04-25 07:21:00,19.63,16.5,0
19583,192,2025-06-02 00:52:00,13.853,44.46,0
19584,702,2025-01-21 19:50:00,20.48,8.87,0
19585,393,2025-03-12 03:09:00,8.563,52.63,0
19586,296,2025-02-02 23:36:00,17.777,18.42,0
19587,558,2025-03-26 01:29:00,15.202,24.35,0
19588,511,2025-04-17 07:49:00,17.709,68.84,0
19589,382,2025-06-13 17:22:00,21.535,12.79,0
19590,779,2025-06-10 23:15:00,21.618,7.1,0
19591,779,2025-06-13 06:14:00,19.63,6.42,0
19592,380,2025-03-18 00:55:00,10.949,43.84,0
19593,567,2025-05-22 20:30:00,18.631,68.46,0
19594,41,2025-02-22 07:36:00,21.402,14.8,0
19595,354,2025-01-06 09:40:00,12.848,81.75,0
19596,353,2025-06-17 09:06:00,12.891,33.08,0
19597,323,2025-06-13 03:32:00,14.691,35.93,0
19598,672,2025-02-02 14:03:00,17.731,72.86,0
19599,466,2025-02-03 23:20:00,11.469,8.35,0
19600,376,2025-06-13 06:25:00,10.214,58.2,0
19601,345,2025-03-20 21:25:00,12.011,7.93,0
19602,494,2025-05-23 03:57:00,17.038,9.41,0
19603,177,2025-06-12 12:55:00,8.589,10.68,0
19604,196,2025-04-09 04:45:00,20.986,54.83,0
19605,416,2025-01-18 02:35:00,15.806,57.44,0
19606,255,2025-04-19 00:03:00,9.487,68.13,0
19607,538,2025-01-24 23:00:00,18.124,32.48,0
19608,721,2025-05-04 19:56:00,12.014,24.74,0
19609,286,2025-04-14 16:34:00,18.732,49.79,0
19610,462,2025-03-20 17:02:00,20.323,29.58,0
19611,226,2025-03-26 04:31:00,15.052,39.19,0
19612,634,2025-06-23 04:39:00,10.584,31.27,0
19613,173,2025-03-12 03:24:00,14.615,31.69,0
19614,417,2025-06-02 19:34:00,15.997,168.51,0
19615,290,2025-05-26 17:44:00,13.036,68.29,0
19616,611,2025-06-29 07:05:00,18.771,48.61,0
19617,195,2025-06-11 01:00:00,11.8,24.39,0
19618,160,2025-04-22 19:55:00,19.78,34.8,0
19619,610,2025-06-28 10:58:00,14.125,72.67,0
19620,445,2025-05-07 01:49:00,16.211,38.36,0
19621,510,2025-01-23 03:11:00,8.784,24.05,0
19622,635,2025-01-18 08:12:00,10.942,8.74,0
19623,229,2025-05-02 17:22:00,14.14,24.7,0
19624,298,2025-04-06 08:09:00,18.345,57.34,1
19625,793,2025-06-06 20:12:00,21.598,12.1,0
19626,89,2025-04-07 20:18:00,9.016,107.05,0
19627,516,2025-02-13 07:02:00,21.117,40.4,0
19628,311,2025-06-04 06:50:00,12.313,101.81,0
19629,113,2025-03-28 09:45:00,21.758,31.11,0
19630,762,2025-06-21 17:38:00,8.626,5.7,0
19631,663,2025-01-02 06:57:00,15.125,24.09,0
19632,177,2025-01-04 06:57:00,18.885,19.38,0
19633,602,2025-01-25 05:31:00,12.906,16.58,0
19634,614,2025-06-22 06:31:00,21.633,48.22,0
19635,400,2025-01-23 14:26:00,20.947,15.87,0
19636,764,2025-05-09 06:45:00,12.637,10.35,0
19637,186,2025-05-08 08:40:00,8.057,19.71,0
19638,58,2025-06-08 09:03:00,10.455,63.5,0
19639,648,2025-04-23 00:06:00,8.456,26.34,0
19640,285,2025-01-04 18:28:00,17.516,15.75,0
19641,99,2025-01-07 23:10:00,9.974,23.42,0
19642,774,2025-01-03 12:55:00,14.716,77.51,0
19643,334,2025-04-18 05:24:00,10.624,47.65,0
19644,692,2025-03-19 10:34:00,20.137,49.47,0
19645,653,2025-01-13 06:22:00,12.123,47.08,0
19646,242,2025-01-04 18:04:00,17.77,8.6,0
19647,641,2025-02-06 09:30:00,16.203,29.21,0
19648,375,2025-03-28 08:42:00,13.257,72.03,0
19649,503,2025-06-12 05:53:00,18.638,112.92,1
19650,229,2025-05-29 21:32:00,9.602,6.78,0
19651,6,2025-03-22 12:10:00,17.954,13.55,0
19652,152,2025-02-21 14:54:00,10.512,17.64,0
19653,266,2025-05-21 15:24:00,9.146,33.09,0
19654,437,2025-06-18 16:35:00,21.551,11.36,0
19655,682,2025-02-26 13:49:00,10.408,47.89,0
19656,141,2025-03-31 14:37:00,11.706,191.01,0
19657,577,2025-01-20 22:32:00,8.143,20.29,0
19658,599,2025-01-24 08:18:00,17.478,10.37,0
19659,648,2025-06-09 20:59:00,18.639,22.73,0
19660,651,2025-02-10 16:33:00,8.289,49.48,0
19661,50,2025-01-30 11:43:00,15.239,36.18,0
19662,174,2025-02-27 10:01:00,19.873,57.82,0
19663,752,2025-03-04 22:27:00,19.02,25.66,0
19664,505,2025-02-06 16:21:00,19.254,41.67,0
19665,183,2025-05-07 05:19:00,8.955,249.78,0
19666,796,2025-04-14 07:23:00,11.962,23.29,0
19667,265,2025-04-17 12:35:00,15.295,31.81,0
19668,230,2025-06-27 09:18:00,15.152,46.01,0
19669,672,2025-06-17 00:55:00,18.606,236.73,0
19670,768,2025-02-20 19:22:00,20.876,63.66,0
19671,324,2025-06-27 18:44:00,18.035,34.91,0
19672,516,2025-05-03 02:58:00,14.743,22.2,0
19673,514,2025-01-27 09:26:00,16.266,94.27,0
19674,180,2025-02-27 10:44:00,8.053,29.96,0
19675,441,2025-02-10 18:51:00,14.309,108.7,0
19676,44,2025-05-24 20:36:00,9.591,26.02,0
19677,692,2025-04-26 01:11:00,18.242,19.91,0
19678,662,2025-05-21 05:28:00,18.938,10.01,0
19679,124,2025-01-27 09:52:00,21.995,48.39,0
19680,486,2025-04-03 19:48:00,14.48,7.53,0
19681,78,2025-04-08 14:23:00,9.219,87.43,0
19682,70,2025-05-03 13:30:00,9.943,10.16,0
19683,505,2025-03-09 02:37:00,20.707,7.47,0
19684,637,2025-01-12 07:58:00,10.742,30.93,0
19685,675,2025-06-09 20:43:00,13.083,68.88,0
19686,265,2025-03-18 17:46:00,9.868,29.18,0
19687,738,2025-06-15 06:10:00,19.465,59.12,0
19688,431,2025-03-16 13:37:00,12.217,41.43,0
19689,319,2025-02-16 14:08:00,13.212,55.45,0
19690,275,2025-03-25 13:14:00,18.394,113.25,0
19691,587,2025-01-18 05:17:00,16.364,18.26,0
19692,296,2025-04-11 13:58:00,16.336,36.33,0
19693,312,2025-06-28 09:27:00,8.709,6.73,0
19694,310,2025-02-16 02:52:00,11.056,95.94,0
19695,255,2025-01-27 23:32:00,11.858,24.46,0
19696,318,2025-01-25 15:08:00,21.929,33.58,0
19697,19,2025-02-01 05:14:00,11.146,588.65,1
19698,699,2025-03-12 16:40:00,13.226,18.66,0
19699,200,2025-02-15 09:23:00,10.696,58.74,0
19700,357,2025-05-09 12:55:00,14.636,50.59,0
19701,136,2025-03-03 08:29:00,8.001,20.63,0
19702,429,2025-03-07 08:47:00,19.249,128.59,0
19703,214,2025-01-27 14:24:00,20.359,63.67,0
19704,135,2025-04-14 04:19:00,14.866,116.63,0
19705,230,2025-02-28 00:02:00,19.831,7.22,0
19706,723,2025-05-08 00:24:00,8.07,19.44,0
19707,687,2025-01-04 23:08:00,14.123,69.98,0
19708,631,2025-04-26 16:52:00,10.383,12.09,0
19709,162,2025-05-25 04:14:00,13.466,23.13,0
19710,519,2025-05-09 03:03:00,13.909,14.15,0
19711,655,2025-02-17 10:32:00,3.774,44.39,1
19712,519,2025-05-06 09:55:00,19.231,24.58,0
19713,687,2025-05-28 04:49:00,21.185,14.39,0
19714,160,2025-04-05 19:52:00,12.195,129.55,0
19715,371,2025-04-27 10:42:00,17.649,54.53,0
19716,264,2025-05-27 20:33:00,19.724,53.64,0
19717,579,2025-03-28 11:57:00,13.6,38.02,0
19718,102,2025-01-27 19:38:00,15.85,64.38,0
19719,254,2025-06-25 00:18:00,17.615,50.65,0
19720,561,2025-02-28 19:10:00,9.106,7.59,0
19721,14,2025-03-11 14:24:00,16.701,155.65,0
19722,204,2025-04-21 08:00:00,15.599,136.43,0
19723,567,2025-02-02 02:38:00,12.321,23.35,0
19724,191,2025-03-04 08:27:00,21.93,8.9,0
19725,485,2025-04-14 22:32:00,9.143,14.13,0
19726,320,2025-05-13 00:41:00,21.309,14.5,0
19727,369,2025-01-26 05:26:00,16.926,42.93,0
19728,286,2025-05-30 01:25:00,8.831,24.41,0
19729,718,2025-02-19 19:50:00,10.532,20.81,0
19730,576,2025-06-14 10:31:00,18.947,56.03,0
19731,581,2025-06-13 09:25:00,10.744,31.12,0
19732,633,2025-05-09 00:45:00,8.654,73.28,0
19733,340,2025-06-10 14:07:00,15.661,32.74,0
19734,82,2025-01-29 18:41:00,21.98,132.7,0
19735,42,2025-03-25 19:55:00,13.311,206.18,0
19736,385,2025-01-26 08:58:00,14.187,41.55,0
19737,700,2025-03-28 02:07:00,18.835,26.67,0
19738,386,2025-04-15 19:27:00,16.383,32.64,0
19739,787,2025-04-13 00:30:00,11.783,80.3,0
19740,418,2025-01-14 15:48:00,15.667,69.14,0
19741,507,2025-01-16 03:39:00,14.443,7.49,0
19742,62,2025-06-29 16:01:00,8.228,53.68,0
19743,614,2025-02-15 13:38:00,9.505,25.22,0
19744,711,2025-03-31 00:32:00,16.469,42.93,0
19745,404,2025-04-15 09:32:00,10.084,34.34,0
19746,723,2025-01-29 16:18:00,18.767,25.0,0
19747,189,2025-02-27 19:26:00,14.876,9.06,0
19748,391,2025-04-19 06:38:00,9.203,9.66,0
19749,729,2025-02-08 09:50:00,21.324,27.51,0
19750,482,2025-05-23 15:23:00,19.737,30.84,0
19751,550,2025-04-27 12:35:00,16.945,32.67,0
19752,322,2025-06-27 23:54:00,18.438,42.45,0
19753,438,2025-04-12 23:00:00,17.313,17.84,0
19754,297,2025-05-25 01:21:00,8.181,11.25,0
19755,545,2025-02-28 20:57:00,16.689,75.83,0
19756,44,2025-05-05 22:48:00,11.425,53.86,0
19757,409,2025-06-18 17:31:00,21.27,19.64,0
19758,743,2025-05-29 00:22:00,13.727,69.15,0
19759,46,2025-05-20 23:37:00,17.866,15.42,0
19760,360,2025-03-23 02:15:00,10.084,41.29,0
19761,528,2025-04-18 07:19:00,14.623,41.7,0
19762,67,2025-04-17 16:24:00,9.461,20.77,0
19763,4,2025-02-07 16:53:00,13.691,51.31,0
19764,132,2025-02-17 07:56:00,15.845,12.23,0
19765,176,2025-04-27 15:46:00,16.855,33.82,0
19766,702,2025-04-25 14:53:00,13.537,33.91,0
19767,124,2025-05-04 19:01:00,10.224,14.29,0
19768,512,2025-04-19 15:54:00,17.235,57.52,0
19769,272,2025-04-15 15:04:00,8.167,2342.8,1
19770,428,2025-04-04 14:22:00,19.321,32.99,0
19771,726,2025-04-25 19:59:00,17.454,37.0,0
19772,686,2025-03-07 05:18:00,18.839,27.7,0
19773,63,2025-01-30 04:49:00,21.631,32.15,0
19774,191,2025-05-02 20:31:00,12.579,22.99,1
19775,285,2025-03-02 07:10:00,15.458,34.81,0
19776,647,2025-05-17 09:44:00,16.856,28.1,0
19777,607,2025-06-10 08:01:00,16.202,127.64,0
19778,494,2025-03-12 10:20:00,16.872,28.73,0
19779,690,2025-01-25 16:19:00,21.188,16.01,0
19780,145,2025-01-01 04:10:00,14.775,8.59,0
19781,588,2025-04-17 03:27:00,20.064,76.49,0
19782,775,2025-06-08 19:17:00,16.837,108.33,0
19783,772,2025-06-11 13:52:00,18.955,13.38,0
19784,568,2025-06-11 18:39:00,12.591,55.68,0
19785,556,2025-01-03 13:09:00,12.608,52.08,0
19786,178,2025-01-10 18:54:00,21.094,34.5,0
19787,595,2025-06-24 01:57:00,19.662,13.95,0
19788,197,2025-05-02 08:35:00,15.088,51.11,0
19789,337,2025-06-09 00:02:00,14.45,97.89,0
19790,93,2025-06-26 09:43:00,11.516,105.07,0
19791,241,2025-05-09 17:04:00,10.905,51.72,0
19792,60,2025-03-14 05:29:00,11.159,68.56,0
19793,369,2025-05-08 15:27:00,21.184,8.0,0
19794,57,2025-04-23 18:58:00,11.732,55.55,0
19795,614,2025-06-06 04:33:00,14.249,56.2,0
19796,524,2025-06-05 00:48:00,17.547,26.41,0
19797,520,2025-01-31 18:41:00,17.037,36.86,0
19798,562,2025-06-08 12:19:00,18.794,22.52,0
19799,617,2025-05-06 23:43:00,13.308,9.92,0
19800,540,2025-05-13 06:53:00,12.654,56.23,0
19801,502,2025-03-03 19:40:00,15.037,156.06,0
19802,146,2025-03-29 11:34:00,16.886,17.14,0
19803,586,2025-06-07 14:45:00,21.924,36.62,0
19804,389,2025-01-25 22:52:00,16.224,11.92,0
19805,124,2025-04-06 23:59:00,18.748,41.42,0
19806,384,2025-06-24 01:52:00,20.943,20.74,0
19807,258,2025-05-18 20:19:00,8.047,30.87,0
19808,159,2025-01-27 19:05:00,11.556,76.45,0
19809,448,2025-01-31 01:33:00,8.045,43.77,0
19810,715,2025-04-01 16:35:00,20.648,31.5,0
19811,13,2025-02-13 13:36:00,13.424,16.46,0
19812,107,2025-06-08 16:06:00,16.121,60.48,0
19813,729,2025-05-31 20:53:00,14.767,14.25,0
19814,552,2025-06-21 16:49:00,18.546,100.61,0
19815,191,2025-03-13 03:24:00,13.155,38.06,0
19816,295,2025-02-21 09:40:00,8.171,15.27,0
19817,70,2025-04-06 00:12:00,13.025,10.4,0
19818,674,2025-01-21 16:55:00,14.585,26.84,0
19819,531,2025-05-11 14:18:00,13.676,26.22,0
19820,185,2025-06-06 12:42:00,11.822,50.35,0
19821,154,2025-01-31 13:02:00,9.351,15.38,0
19822,552,2025-02-05 14:24:00,8.393,65.65,0
19823,449,2025-02-24 10:54:00,20.754,4.61,0
19824,599,2025-05-25 03:51:00,8.923,37.37,0
19825,199,2025-02-28 14:48:00,13.558,19.61,0
19826,795,2025-05-12 06:28:00,9.096,37.68,0
19827,132,2025-06-15 00:03:00,9.556,91.73,0
19828,142,2025-03-20 21:09:00,17.064,72.14,0
19829,587,2025-01-25 18:22:00,20.934,45.71,0
19830,451,2025-06-14 20:28:00,12.875,101.3,0
19831,310,2025-03-08 20:05:00,18.439,104.67,0
19832,589,2025-04-18 19:57:00,18.927,119.57,0
19833,459,2025-06-22 16:14:00,16.965,21.52,0
19834,322,2025-06-11 12:38:00,20.162,63.53,0
19835,172,2025-05-31 06:38:00,10.614,64.62,0
19836,573,2025-03-05 15:02:00,9.052,35.23,0
19837,441,2025-05-01 16:24:00,14.385,79.98,0
19838,715,2025-03-02 02:53:00,15.476,36.02,0
19839,336,2025-04-09 19:23:00,13.208,10.63,0
19840,212,2025-03-02 17:18:00,20.907,96.64,0
19841,40,2025-05-31 23:18:00,9.728,21.45,0
19842,216,2025-05-16 05:04:00,21.061,8.6,0
19843,581,2025-06-20 08:25:00,13.915,449.05,0
19844,229,2025-02-17 22:39:00,19.666,14.73,0
19845,441,2025-06-16 07:59:00,13.29,58.35,0
19846,171,2025-02-14 13:17:00,15.112,15.0,0
19847,741,2025-04-26 01:01:00,17.634,24.94,0
19848,721,2025-02-01 06:44:00,14.633,20.0,0
19849,646,2025-05-12 00:25:00,20.237,15.78,0
19850,586,2025-05-20 11:45:00,15.519,70.04,0
19851,456,2025-05-20 13:19:00,8.254,215.37,0
19852,6,2025-02-19 21:57:00,19.18,35.16,0
19853,34,2025-05-26 16:22:00,14.918,8.45,0
19854,354,2025-01-29 15:05:00,17.428,15.17,0
19855,601,2025-05-12 22:52:00,12.529,17.94,0
19856,104,2025-03-26 15:02:00,17.785,37.95,0
19857,439,2025-02-02 09:22:00,18.113,25.09,0
19858,763,2025-06-25 08:49:00,21.98,190.15,0
19859,668,2025-05-17 17:23:00,13.107,32.38,0
19860,441,2025-01-27 07:46:00,11.075,66.75,0
19861,462,2025-03-12 06:25:00,14.746,30.53,0
19862,50,2025-05-13 20:50:00,17.685,33.87,0
19863,1,2025-02-05 23:07:00,14.744,26.26,0
19864,252,2025-03-27 03:25:00,20.064,34.85,0
19865,651,2025-01-19 10:56:00,21.484,23.53,0
19866,4,2025-01-05 01:12:00,21.719,36.05,0
19867,639,2025-02-13 06:09:00,9.763,22.43,0
19868,205,2025-05-09 01:05:00,11.409,214.88,0
19869,79,2025-04-02 09:28:00,12.124,47.93,0
19870,76,2025-02-25 14:02:00,21.001,55.64,0
19871,547,2025-02-14 10:31:00,18.937,30.56,0
19872,35,2025-05-25 16:12:00,9.699,10.75,0
19873,420,2025-04-30 20:43:00,14.137,11.89,0
19874,747,2025-06-05 09:39:00,21.009,30.45,0
19875,471,2025-06-23 14:10:00,10.887,29.65,0
19876,267,2025-04-24 21:20:00,15.749,47.84,0
19877,711,2025-01-08 22:16:00,17.649,40.6,0
19878,58,2025-06-18 20:05:00,8.907,24.02,0
19879,199,2025-01-24 12:25:00,14.046,291.72,0
19880,137,2025-05-08 15:06:00,20.854,46.22,0
19881,10,2025-02-14 12:15:00,8.165,24.58,0
19882,763,2025-05-19 00:27:00,16.867,25.91,0
19883,166,2025-05-25 18:50:00,20.237,62.33,0
19884,58,2025-05-23 18:13:00,14.019,29.25,0
19885,732,2025-02-18 19:53:00,11.626,75.02,0
19886,769,2025-04-26 12:06:00,18.173,32.67,0
19887,169,2025-02-04 11:24:00,13.137,25.71,0
19888,321,2025-06-09 16:22:00,12.682,11.08,0
19889,539,2025-01-28 12:22:00,11.646,80.37,0
19890,341,2025-06-01 10:53:00,21.451,14.68,0
19891,631,2025-01-27 23:38:00,18.435,63.79,0
19892,198,2025-02-21 22:40:00,9.941,21.7,0
19893,650,2025-05-10 13:37:00,12.164,69.66,0
19894,446,2025-06-22 12:35:00,20.553,97.7,0
19895,8,2025-05-08 11:05:00,19.615,19.16,0
19896,496,2025-03-03 17:17:00,12.93,17.87,0
19897,7,2025-02-26 00:05:00,17.928,206.45,0
19898,676,2025-04-24 11:57:00,9.411,50.52,0
19899,791,2025-03-22 21:35:00,10.085,62.39,0
19900,123,2025-02-07 06:24:00,20.612,11.86,0
19901,421,2025-04-24 01:47:00,15.607,15.5,0
19902,269,2025-03-20 04:40:00,9.907,41.46,0
19903,50,2025-06-25 12:15:00,14.868,25.83,0
19904,542,2025-01-06 06:54:00,14.496,15.67,0
19905,21,2025-05-14 18:23:00,21.956,43.76,0
19906,19,2025-05-24 15:52:00,8.205,8.92,0
19907,648,2025-05-25 13:05:00,18.355,44.62,0
19908,225,2025-05-07 00:25:00,18.589,17.03,0
19909,723,2025-06-25 23:47:00,18.851,61.7,0
19910,475,2025-02-25 16:17:00,18.886,37.95,0
19911,419,2025-03-10 14:20:00,17.935,53.39,0
19912,327,2025-06-18 04:06:00,13.933,102.23,0
19913,297,2025-01-13 10:30:00,8.692,20.52,0
19914,179,2025-05-29 18:57:00,21.546,16.0,0
19915,561,2025-05-15 10:36:00,11.391,91.52,0
19916,484,2025-04-16 23:47:00,12.273,135.57,0
19917,17,2025-01-22 19:08:00,10.138,97.56,0
19918,258,2025-04-21 00:14:00,12.645,5.42,0
19919,719,2025-03-20 22:43:00,12.589,56.65,0
19920,394,2025-01-16 18:41:00,13.036,16.58,0
19921,204,2025-05-13 21:46:00,13.65,71.67,0
19922,183,2025-05-27 05:36:00,17.35,28.59,0
19923,152,2025-04-11 12:05:00,21.592,26.75,0
19924,688,2025-01-30 07:44:00,15.314,25.56,0
19925,248,2025-03-08 02:04:00,21.917,21.66,0
19926,238,2025-04-08 07:42:00,8.771,12.58,0
19927,50,2025-04-03 14:00:00,13.26,25.77,0
19928,711,2025-04-17 11:30:00,8.422,38.88,0
19929,311,2025-02-14 03:22:00,16.362,115.77,0
19930,563,2025-05-24 07:54:00,21.708,52.73,0
19931,571,2025-01-14 08:16:00,10.971,27.76,0
19932,280,2025-06-27 13:23:00,18.047,26.17,0
19933,398,2025-03-16 05:56:00,18.684,3.21,0
19934,81,2025-05-30 05:30:00,9.45,25.58,0
19935,534,2025-01-11 11:55:00,14.058,38.97,0
19936,539,2025-05-01 11:16:00,9.956,21.46,0
19937,171,2025-06-26 08:07:00,12.931,22.96,0
19938,156,2025-06-22 21:24:00,19.296,4.81,0
19939,318,2025-03-22 13:47:00,12.069,11.51,0
19940,553,2025-03-09 07:42:00,21.067,14.52,0
19941,415,2025-06-08 19:49:00,18.867,19.63,0
19942,49,2025-04-25 18:44:00,11.685,3.07,0
19943,458,2025-06-21 07:43:00,13.967,30.07,0
19944,565,2025-02-12 04:08:00,16.648,32.57,0
19945,149,2025-03-22 21:16:00,16.494,48.62,0
19946,355,2025-02-26 07:24:00,15.882,24.81,0
19947,646,2025-03-17 15:56:00,13.267,67.7,0
19948,259,2025-06-07 02:37:00,21.217,145.89,0
19949,72,2025-06-10 19:35:00,9.231,11.35,0
19950,740,2025-04-18 03:47:00,16.863,12.9,0
19951,78,2025-01-07 05:49:00,8.498,45.76,0
19952,49,2025-03-21 12:15:00,15.78,55.94,0
19953,199,2025-03-29 16:43:00,10.58,13.2,0
19954,601,2025-05-09 11:15:00,9.18,134.94,0
19955,523,2025-02-18 08:24:00,8.739,16.47,0
19956,188,2025-04-15 03:40:00,21.378,28.76,0
19957,61,2025-05-16 11:54:00,9.798,59.7,0
19958,763,2025-04-13 12:46:00,13.032,110.32,0
19959,6,2025-05-31 14:38:00,14.584,15.78,0
19960,739,2025-02-15 11:07:00,8.341,63.32,0
19961,377,2025-04-22 14:24:00,20.945,32.06,0
19962,155,2025-03-24 00:19:00,8.214,10.82,0
19963,277,2025-03-15 05:57:00,20.761,21.44,0
19964,248,2025-03-18 08:41:00,8.445,13.35,0
19965,125,2025-04-10 21:35:00,13.744,60.41,0
19966,345,2025-04-03 08:34:00,18.961,11.2,0
19967,191,2025-04-14 08:17:00,8.347,49.6,1
19968,378,2025-06-22 19:47:00,19.337,34.55,0
19969,513,2025-04-25 07:46:00,14.586,45.61,0
19970,776,2025-04-09 10:17:00,14.598,34.83,0
19971,97,2025-06-15 23:52:00,10.606,17.27,0
19972,591,2025-02-12 19:48:00,11.27,47.29,0
19973,183,2025-02-14 20:12:00,19.18,38.62,0
19974,15,2025-01-21 22:54:00,8.146,23.06,0
19975,291,2025-02-06 06:47:00,12.463,270.47,0
19976,314,2025-01-15 01:14:00,12.485,13.53,0
19977,792,2025-02-04 05:46:00,11.792,52.22,0
19978,275,2025-04-29 00:50:00,12.351,56.0,0
19979,614,2025-05-06 12:07:00,9.716,27.68,0
19980,748,2025-04-27 14:14:00,10.334,42.52,0
19981,269,2025-06-12 21:07:00,15.8,49.83,0
19982,143,2025-06-04 08:31:00,15.864,32.88,0
19983,772,2025-02-28 19:43:00,21.015,22.31,0
19984,366,2025-02-04 03:51:00,15.451,32.72,0
19985,363,2025-03-17 17:18:00,14.13,21.48,0
19986,582,2025-06-16 22:41:00,9.332,104.51,0
19987,304,2025-06-24 06:34:00,18.305,70.27,0
19988,433,2025-02-06 20:40:00,14.245,37.08,0
19989,755,2025-01-27 03:36:00,18.628,19.24,0
19990,38,2025-05-13 18:25:00,10.709,27.07,0
19991,588,2025-06-08 07:40:00,16.613,21.76,0
19992,317,2025-06-21 00:51:00,18.139,32.24,0
19993,438,2025-06-22 16:06:00,13.064,9.65,0
19994,728,2025-02-20 21:37:00,14.719,22.32,0
19995,480,2025-05-24 21:51:00,8.901,14.49,0
19996,335,2025-05-02 07:32:00,11.784,19.88,0
19997,778,2025-03-02 13:16:00,10.303,150.57,0
19998,484,2025-01-03 21:00:00,13.245,26.92,0
19999,122,2025-04-28 15:28:00,9.249,40.7,0
