customer_id,segment,frequency,avg_tx_value,total_spend,lifetime_months
0,Dormant,0,0.0,0.0,2.2
1,Casual,1,28.6,28.6,1.0
2,Dormant,1,6.64,6.64,1.0
3,Dormant,0,0.0,0.0,1.6
4,Power,49,108.56,5319.52,20.4
5,Dormant,0,0.0,0.0,1.0
6,Dormant,1,20.43,20.43,1.0
7,Dormant,0,0.0,0.0,2.2
8,Growth,0,0.0,0.0,1.0
9,Casual,3,29.11,87.33,2.5
10,Casual,4,52.63,210.53,3.2
11,Dormant,0,0.0,0.0,1.6
12,Casual,1,15.49,15.49,3.5
13,Dormant,1,11.29,11.29,3.6
14,Casual,1,23.7,23.7,1.8
15,Growth,1,55.01,55.01,1.8
16,Casual,2,24.67,49.34,2.7
17,Power,4,146.65,586.62,1.6
18,Dormant,0,0.0,0.0,1.0
19,Casual,1,17.99,17.99,1.0
20,Dormant,0,0.0,0.0,1.4
21,Growth,5,50.11,250.54,1.7
22,Dormant,0,0.0,0.0,1.0
23,Dormant,0,0.0,0.0,1.0
24,Dormant,1,11.97,11.97,1.0
25,Growth,0,0.0,0.0,1.2
26,Casual,1,11.93,11.93,1.0
27,Power,3,231.5,694.51,1.0
28,Growth,3,70.9,212.7,1.5
29,Dormant,1,15.64,15.64,1.0
30,Dormant,0,0.0,0.0,1.0
31,Dormant,0,0.0,0.0,2.5
32,Growth,2,26.04,52.08,3.8
33,Casual,0,0.0,0.0,2.9
34,Casual,0,0.0,0.0,1.0
35,Growth,0,0.0,0.0,1.0
36,Growth,1,42.75,42.75,1.0
37,Casual,6,24.6,147.59,6.5
38,Growth,1,15.74,15.74,1.0
39,Casual,1,71.42,71.42,1.9
40,Casual,0,0.0,0.0,1.4
41,Dormant,0,0.0,0.0,1.0
42,Dormant,1,15.02,15.02,1.2
43,Growth,5,80.44,402.19,4.1
44,Dormant,1,12.16,12.16,1.5
45,Dormant,0,0.0,0.0,3.9
46,Casual,0,0.0,0.0,2.7
47,Growth,1,55.06,55.06,1.0
48,Dormant,0,0.0,0.0,1.0
49,Growth,1,70.73,70.73,1.0
50,Growth,4,37.16,148.66,3.6
51,Power,5,85.8,429.01,1.4
52,Dormant,0,0.0,0.0,1.0
53,Casual,3,41.65,124.95,2.1
54,Dormant,0,0.0,0.0,1.0
55,Dormant,1,7.58,7.58,1.0
56,Casual,0,0.0,0.0,1.0
57,Casual,4,39.9,159.6,6.3
58,Growth,2,73.99,147.97,1.9
59,Power,10,109.45,1094.47,3.1
60,Casual,1,50.69,50.69,1.1
61,Casual,0,0.0,0.0,1.0
62,Casual,0,0.0,0.0,1.0
63,Dormant,0,0.0,0.0,1.0
64,Casual,1,29.08,29.08,2.4
65,Casual,1,23.86,23.86,3.3
66,Casual,3,28.71,86.12,5.6
67,Growth,10,33.95,339.46,6.3
68,Power,4,91.93,367.72,1.0
69,Casual,2,33.8,67.6,3.9
70,Growth,1,156.52,156.52,1.0
71,Casual,1,20.95,20.95,1.0
72,Dormant,1,12.2,12.2,1.0
73,Growth,3,49.1,147.29,1.0
74,Power,26,80.36,2089.27,6.0
75,Growth,0,0.0,0.0,1.0
76,Growth,17,36.97,628.49,11.0
77,Casual,0,0.0,0.0,1.0
78,Casual,1,39.98,39.98,1.0
79,Dormant,0,0.0,0.0,1.0
80,Casual,5,46.69,233.44,4.0
81,Casual,1,27.99,27.99,1.0
82,Dormant,0,0.0,0.0,1.0
83,Growth,26,38.32,996.36,19.0
84,Power,19,101.46,1927.68,7.9
85,Power,24,105.83,2539.89,9.1
86,Dormant,0,0.0,0.0,1.1
87,Casual,2,51.88,103.75,2.5
88,Growth,3,51.17,153.5,1.0
89,Casual,6,39.25,235.51,5.2
90,Growth,7,64.8,453.61,3.1
91,Dormant,1,23.71,23.71,1.9
92,Casual,1,22.14,22.14,2.9
93,Casual,0,0.0,0.0,1.0
94,Growth,4,33.99,135.97,5.3
95,Casual,1,21.22,21.22,2.6
96,Casual,0,0.0,0.0,3.2
97,Power,7,73.97,517.8,2.8
98,Power,20,101.76,2035.12,7.7
99,Dormant,0,0.0,0.0,4.4
100,Dormant,0,0.0,0.0,1.1
101,Dormant,0,0.0,0.0,1.0
102,Growth,30,46.34,1390.29,21.6
103,Dormant,0,0.0,0.0,1.0
104,Dormant,0,0.0,0.0,1.7
105,Dormant,0,0.0,0.0,1.0
106,Casual,4,23.12,92.49,5.1
107,Growth,12,54.8,657.54,9.9
108,Power,16,103.39,1654.25,5.2
109,Dormant,0,0.0,0.0,2.3
110,Casual,5,25.99,129.94,5.1
111,Growth,7,56.52,395.61,5.4
112,Growth,7,54.99,384.95,7.3
113,Casual,2,53.95,107.9,1.5
114,Growth,1,50.17,50.17,1.0
115,Dormant,0,0.0,0.0,1.0
116,Dormant,0,0.0,0.0,2.1
117,Dormant,2,8.4,16.79,4.1
118,Casual,1,18.6,18.6,1.3
119,Casual,1,54.91,54.91,1.0
120,Casual,0,0.0,0.0,1.0
121,Casual,1,18.85,18.85,2.4
122,Power,10,118.66,1186.61,3.0
123,Casual,1,115.39,115.39,1.0
124,Power,80,113.4,9071.86,21.8
125,Casual,2,29.11,58.22,1.0
126,Growth,3,54.23,162.68,2.9
127,Growth,0,0.0,0.0,2.0
128,Power,25,112.68,2816.97,9.2
129,Casual,0,0.0,0.0,1.3
130,Growth,3,43.36,130.09,2.2
131,Dormant,0,0.0,0.0,1.0
132,Casual,0,0.0,0.0,1.9
133,Growth,0,0.0,0.0,1.3
134,Casual,0,0.0,0.0,1.0
135,Power,11,86.37,950.02,2.3
136,Dormant,0,0.0,0.0,1.0
137,Casual,3,24.38,73.15,7.5
138,Dormant,0,0.0,0.0,1.0
139,Power,2,104.71,209.41,1.4
140,Casual,4,43.14,172.56,5.8
141,Casual,2,39.89,79.78,1.0
142,Dormant,0,0.0,0.0,1.4
143,Casual,0,0.0,0.0,1.7
144,Casual,1,36.35,36.35,1.0
145,Growth,2,192.93,385.86,1.4
146,Growth,3,68.62,205.85,3.3
147,Casual,5,19.36,96.8,7.1
148,Casual,1,32.98,32.98,1.8
149,Power,23,100.86,2319.71,7.9
150,Dormant,1,19.11,19.11,1.2
151,Dormant,0,0.0,0.0,1.0
152,Growth,1,28.52,28.52,1.0
153,Casual,0,0.0,0.0,1.0
154,Power,23,123.61,2843.14,5.6
155,Casual,1,20.13,20.13,1.1
156,Growth,7,54.09,378.6,3.2
157,Casual,0,0.0,0.0,1.0
158,Dormant,1,11.9,11.9,4.2
159,Dormant,0,0.0,0.0,1.0
160,Power,8,75.18,601.4,2.4
161,Dormant,1,15.53,15.53,3.8
162,Growth,1,30.28,30.28,1.0
163,Power,1,36.94,36.94,1.2
164,Casual,0,0.0,0.0,2.4
165,Casual,3,35.33,106.0,10.6
166,Dormant,0,0.0,0.0,1.0
167,Dormant,0,0.0,0.0,2.6
168,Growth,6,44.55,267.27,2.8
169,Dormant,2,14.56,29.12,1.7
170,Growth,0,0.0,0.0,1.0
171,Casual,0,0.0,0.0,1.0
172,Growth,6,54.14,324.85,1.4
173,Dormant,0,0.0,0.0,1.7
174,Growth,6,40.13,240.75,6.3
175,Power,1,93.67,93.67,1.0
176,Casual,1,110.5,110.5,2.1
177,Dormant,0,0.0,0.0,3.3
178,Dormant,0,0.0,0.0,2.4
179,Dormant,0,0.0,0.0,1.0
180,Dormant,0,0.0,0.0,1.0
181,Dormant,0,0.0,0.0,1.0
182,Casual,2,13.54,27.09,1.7
183,Growth,5,58.18,290.9,2.4
184,Dormant,0,0.0,0.0,2.1
185,Casual,0,0.0,0.0,1.0
186,Casual,1,31.97,31.97,1.0
187,Power,17,129.69,2204.73,6.7
188,Dormant,0,0.0,0.0,1.0
189,Growth,2,50.61,101.23,1.6
190,Dormant,0,0.0,0.0,1.0
191,Growth,5,32.21,161.03,4.9
192,Growth,8,53.24,425.93,3.5
193,Dormant,0,0.0,0.0,1.0
194,Growth,1,49.18,49.18,1.0
195,Growth,29,61.76,1790.96,21.8
196,Casual,3,28.56,85.69,3.4
197,Dormant,0,0.0,0.0,1.5
198,Growth,2,41.01,82.02,1.0
199,Growth,2,46.61,93.21,1.0
200,Dormant,1,9.8,9.8,2.2
201,Dormant,0,0.0,0.0,1.0
202,Casual,0,0.0,0.0,2.0
203,Growth,2,67.82,135.63,1.3
204,Power,3,71.38,214.15,1.5
205,Growth,5,44.4,222.02,5.8
206,Growth,11,52.58,578.33,7.5
207,Casual,0,0.0,0.0,1.2
208,Growth,2,63.18,126.35,1.8
209,Casual,0,0.0,0.0,1.0
210,Dormant,0,0.0,0.0,1.0
211,Casual,1,20.39,20.39,1.0
212,Growth,1,41.53,41.53,1.0
213,Dormant,0,0.0,0.0,1.2
214,Dormant,1,18.54,18.54,1.0
215,Dormant,0,0.0,0.0,5.1
216,Growth,2,40.98,81.95,2.0
217,Growth,10,46.02,460.23,6.2
218,Dormant,1,26.79,26.79,1.0
219,Casual,3,55.96,167.87,3.2
220,Growth,2,148.93,297.86,1.0
221,Casual,1,15.11,15.11,1.0
222,Casual,0,0.0,0.0,1.0
223,Dormant,0,0.0,0.0,1.0
224,Growth,0,0.0,0.0,1.1
225,Dormant,0,0.0,0.0,4.1
226,Power,2,63.13,126.26,1.0
227,Casual,0,0.0,0.0,3.4
228,Casual,2,25.5,51.01,1.6
229,Power,8,126.22,1009.74,3.2
230,Growth,4,50.72,202.88,1.8
231,Casual,0,0.0,0.0,1.6
232,Dormant,0,0.0,0.0,1.0
233,Casual,1,13.56,13.56,3.8
234,Dormant,0,0.0,0.0,1.0
235,Dormant,0,0.0,0.0,1.0
236,Casual,0,0.0,0.0,1.0
237,Dormant,0,0.0,0.0,1.0
238,Power,1,24.37,24.37,1.7
239,Power,5,158.47,792.34,2.5
240,Dormant,0,0.0,0.0,1.0
241,Dormant,1,36.95,36.95,1.0
242,Growth,2,36.49,72.98,1.0
243,Casual,1,32.32,32.32,1.0
244,Casual,1,10.64,10.64,1.2
245,Dormant,0,0.0,0.0,2.6
246,Casual,7,35.3,247.07,7.1
247,Casual,4,41.02,164.06,6.8
248,Casual,1,48.0,48.0,1.6
249,Casual,0,0.0,0.0,1.0
250,Casual,1,39.55,39.55,3.3
251,Dormant,0,0.0,0.0,2.6
252,Casual,0,0.0,0.0,1.0
253,Growth,5,43.82,219.12,2.2
254,Growth,6,42.06,252.38,6.3
255,Dormant,0,0.0,0.0,2.5
256,Dormant,0,0.0,0.0,2.5
257,Power,26,101.96,2651.08,9.2
258,Power,8,67.34,538.75,5.6
259,Casual,2,43.22,86.44,2.4
260,Growth,5,85.75,428.75,3.9
261,Dormant,0,0.0,0.0,1.0
262,Growth,5,47.09,235.46,4.0
263,Growth,1,38.92,38.92,1.0
264,Dormant,0,0.0,0.0,2.6
265,Growth,0,0.0,0.0,1.0
266,Growth,5,55.42,277.09,1.8
267,Growth,2,41.48,82.96,1.0
268,Power,40,104.98,4199.31,11.6
269,Power,50,101.65,5082.63,13.7
270,Power,26,113.77,2958.05,7.9
271,Growth,5,72.37,361.86,2.5
272,Power,30,114.52,3435.5,6.6
273,Casual,1,35.2,35.2,2.3
274,Dormant,1,14.16,14.16,2.4
275,Casual,0,0.0,0.0,1.0
276,Growth,3,53.35,160.06,1.0
277,Casual,1,68.79,68.79,1.0
278,Dormant,2,20.85,41.71,1.0
279,Dormant,0,0.0,0.0,1.0
280,Power,25,144.6,3615.06,4.5
281,Growth,8,45.03,360.22,7.7
282,Growth,2,24.34,48.67,1.5
283,Growth,5,45.92,229.6,1.0
284,Casual,6,27.36,164.17,7.3
285,Casual,3,25.8,77.4,4.1
286,Power,30,110.22,3306.7,7.2
287,Casual,0,0.0,0.0,1.8
288,Casual,0,0.0,0.0,1.0
289,Power,6,120.36,722.14,2.6
290,Dormant,0,0.0,0.0,1.0
291,Power,4,201.61,806.44,1.0
292,Dormant,1,38.31,38.31,1.5
293,Power,3,139.64,418.92,1.1
294,Dormant,1,23.68,23.68,1.9
295,Dormant,0,0.0,0.0,1.0
296,Dormant,0,0.0,0.0,2.0
297,Dormant,0,0.0,0.0,1.0
298,Dormant,1,18.93,18.93,3.0
299,Casual,0,0.0,0.0,1.3
300,Dormant,0,0.0,0.0,2.0
301,Growth,7,42.89,300.25,3.9
302,Casual,1,83.73,83.73,1.0
303,Casual,0,0.0,0.0,1.0
304,Dormant,0,0.0,0.0,4.0
305,Casual,0,0.0,0.0,4.2
306,Casual,2,28.95,57.9,2.0
307,Casual,4,55.22,220.89,9.5
308,Growth,0,0.0,0.0,1.0
309,Growth,0,0.0,0.0,1.0
310,Casual,1,22.21,22.21,1.2
311,Casual,2,29.6,59.21,4.9
312,Growth,3,42.54,127.61,1.0
313,Casual,3,27.5,82.5,5.8
314,Casual,6,46.15,276.93,2.3
315,Growth,8,34.53,276.28,6.4
316,Casual,0,0.0,0.0,1.0
317,Dormant,0,0.0,0.0,1.0
318,Growth,2,55.44,110.88,1.0
319,Dormant,0,0.0,0.0,1.3
320,Dormant,0,0.0,0.0,1.5
321,Casual,0,0.0,0.0,1.0
322,Growth,1,16.17,16.17,1.0
323,Casual,7,28.91,202.4,11.1
324,Dormant,0,0.0,0.0,1.0
325,Casual,1,66.83,66.83,1.7
326,Dormant,0,0.0,0.0,2.2
327,Casual,0,0.0,0.0,1.0
328,Casual,0,0.0,0.0,1.9
329,Growth,4,49.65,198.61,1.0
330,Dormant,0,0.0,0.0,1.0
331,Growth,2,39.05,78.09,1.1
332,Dormant,1,10.57,10.57,3.6
333,Dormant,1,18.07,18.07,1.0
334,Growth,0,0.0,0.0,1.0
335,Casual,1,39.82,39.82,1.9
336,Power,5,91.58,457.91,1.0
337,Dormant,0,0.0,0.0,1.0
338,Power,45,97.04,4366.93,11.3
339,Dormant,0,0.0,0.0,2.4
340,Growth,4,57.12,228.47,7.3
341,Dormant,0,0.0,0.0,1.0
342,Dormant,0,0.0,0.0,1.2
343,Casual,1,12.54,12.54,1.0
344,Dormant,0,0.0,0.0,1.0
345,Dormant,2,9.51,19.02,1.3
346,Dormant,0,0.0,0.0,2.0
347,Growth,4,85.14,340.55,2.5
348,Casual,0,0.0,0.0,1.0
349,Power,27,102.44,2765.94,9.3
350,Casual,0,0.0,0.0,1.0
351,Growth,3,46.48,139.44,3.7
352,Casual,4,23.18,92.73,2.2
353,Casual,0,0.0,0.0,1.0
354,Casual,1,23.17,23.17,1.1
355,Casual,0,0.0,0.0,1.0
356,Dormant,1,6.96,6.96,2.4
357,Dormant,0,0.0,0.0,1.0
358,Casual,1,10.35,10.35,1.0
359,Casual,3,11.58,34.73,6.8
360,Dormant,0,0.0,0.0,1.5
361,Power,13,142.4,1851.26,3.5
362,Power,3,143.7,431.09,1.0
363,Power,40,121.43,4857.32,14.4
364,Casual,1,24.74,24.74,1.0
365,Casual,4,19.41,77.65,6.1
366,Dormant,1,21.44,21.44,1.8
367,Casual,2,49.36,98.73,1.0
368,Growth,14,60.43,846.02,11.8
369,Dormant,0,0.0,0.0,3.4
370,Dormant,0,0.0,0.0,1.0
371,Growth,29,55.41,1606.83,19.1
372,Casual,0,0.0,0.0,1.0
373,Growth,4,58.25,233.0,2.2
374,Growth,1,105.84,105.84,1.0
375,Growth,3,55.64,166.93,2.0
376,Dormant,0,0.0,0.0,1.5
377,Casual,0,0.0,0.0,1.0
378,Casual,0,0.0,0.0,1.0
379,Dormant,0,0.0,0.0,1.0
380,Casual,0,0.0,0.0,1.5
381,Dormant,0,0.0,0.0,4.1
382,Dormant,0,0.0,0.0,1.0
383,Casual,1,15.7,15.7,1.7
384,Casual,2,21.68,43.36,5.8
385,Dormant,0,0.0,0.0,1.4
386,Dormant,0,0.0,0.0,1.0
387,Dormant,0,0.0,0.0,1.0
388,Power,6,113.17,679.04,1.0
389,Dormant,0,0.0,0.0,2.2
390,Casual,1,39.88,39.88,1.0
391,Growth,5,65.87,329.33,2.8
392,Casual,0,0.0,0.0,1.0
393,Dormant,0,0.0,0.0,1.0
394,Power,2,103.05,206.1,1.1
395,Casual,1,19.92,19.92,1.4
396,Dormant,0,0.0,0.0,1.0
397,Growth,6,64.24,385.43,3.4
398,Casual,1,33.99,33.99,1.0
399,Casual,0,0.0,0.0,1.0
400,Growth,1,53.22,53.22,1.0
401,Dormant,0,0.0,0.0,1.0
402,Dormant,0,0.0,0.0,1.3
403,Power,33,96.59,3187.36,8.7
404,Dormant,2,24.37,48.74,3.3
405,Dormant,0,0.0,0.0,1.0
406,Growth,2,44.87,89.75,1.0
407,Dormant,0,0.0,0.0,1.0
408,Power,6,101.59,609.53,3.4
409,Dormant,0,0.0,0.0,1.0
410,Casual,2,25.46,50.92,1.1
411,Casual,0,0.0,0.0,3.4
412,Power,44,114.03,5017.45,12.1
413,Dormant,0,0.0,0.0,1.0
414,Power,4,92.78,371.14,1.0
415,Growth,5,55.59,277.96,2.9
416,Growth,4,69.41,277.64,1.0
417,Dormant,0,0.0,0.0,5.6
418,Growth,5,49.09,245.44,3.4
419,Dormant,1,11.5,11.5,1.0
420,Casual,0,0.0,0.0,1.0
421,Power,8,92.22,737.77,2.3
422,Power,2,55.89,111.77,1.0
423,Power,8,71.16,569.24,2.3
424,Casual,1,22.02,22.02,1.0
425,Dormant,0,0.0,0.0,1.0
426,Growth,1,60.81,60.81,1.0
427,Dormant,0,0.0,0.0,1.7
428,Power,21,105.84,2222.59,6.9
429,Dormant,0,0.0,0.0,1.8
430,Dormant,1,10.3,10.3,2.8
431,Dormant,1,14.87,14.87,2.1
432,Dormant,0,0.0,0.0,1.0
433,Dormant,0,0.0,0.0,2.8
434,Power,12,112.37,1348.5,4.6
435,Growth,6,53.88,323.28,2.9
436,Growth,2,40.92,81.84,3.5
437,Casual,1,24.36,24.36,3.4
438,Dormant,0,0.0,0.0,1.0
439,Casual,0,0.0,0.0,1.0
440,Dormant,0,0.0,0.0,1.0
441,Growth,3,60.68,182.04,1.0
442,Dormant,0,0.0,0.0,4.8
443,Growth,34,52.1,1771.55,28.2
444,Growth,2,34.38,68.76,2.1
445,Dormant,0,0.0,0.0,1.4
446,Dormant,1,10.62,10.62,3.4
447,Casual,0,0.0,0.0,2.0
448,Power,5,73.21,366.06,1.4
449,Casual,0,0.0,0.0,2.3
450,Power,5,157.88,789.38,1.4
451,Dormant,1,14.31,14.31,1.4
452,Dormant,0,0.0,0.0,1.0
453,Growth,2,27.64,55.27,2.1
454,Power,41,113.1,4637.12,10.4
455,Growth,0,0.0,0.0,1.3
456,Dormant,0,0.0,0.0,1.0
457,Casual,1,31.48,31.48,1.4
458,Dormant,0,0.0,0.0,2.4
459,Casual,1,29.73,29.73,1.0
460,Casual,0,0.0,0.0,1.0
461,Growth,14,49.72,696.03,6.7
462,Dormant,0,0.0,0.0,1.0
463,Growth,4,83.42,333.68,1.6
464,Casual,0,0.0,0.0,1.0
465,Dormant,0,0.0,0.0,4.6
466,Casual,1,6.11,6.11,1.0
467,Dormant,1,23.15,23.15,1.0
468,Growth,6,45.66,273.96,4.7
469,Casual,1,54.23,54.23,4.1
470,Casual,0,0.0,0.0,1.0
471,Casual,0,0.0,0.0,1.0
472,Power,40,103.14,4125.68,12.0
473,Growth,9,53.37,480.32,5.5
474,Growth,3,48.69,146.06,4.6
475,Growth,0,0.0,0.0,1.0
476,Casual,1,19.75,19.75,2.1
477,Casual,1,20.23,20.23,1.2
478,Casual,1,24.26,24.26,1.4
479,Casual,1,16.67,16.67,1.0
480,Casual,0,0.0,0.0,2.3
481,Growth,2,42.86,85.72,1.6
482,Casual,1,14.03,14.03,1.0
483,Growth,0,0.0,0.0,1.0
484,Power,4,132.13,528.53,1.5
485,Casual,0,0.0,0.0,3.1
486,Casual,3,21.59,64.76,3.5
487,Growth,1,59.99,59.99,1.9
488,Casual,0,0.0,0.0,1.0
489,Casual,1,13.86,13.86,1.7
490,Dormant,1,22.16,22.16,2.4
491,Casual,2,21.42,42.85,3.6
492,Casual,2,39.99,79.98,1.6
493,Growth,3,41.99,125.97,2.2
494,Dormant,0,0.0,0.0,1.0
495,Casual,1,25.19,25.19,1.0
496,Casual,0,0.0,0.0,1.7
497,Casual,1,15.73,15.73,4.8
498,Casual,0,0.0,0.0,1.0
499,Casual,0,0.0,0.0,2.6
500,Dormant,0,0.0,0.0,1.0
501,Dormant,1,17.66,17.66,2.3
502,Dormant,0,0.0,0.0,1.0
503,Casual,2,45.22,90.44,2.6
504,Casual,2,45.64,91.29,3.6
505,Dormant,0,0.0,0.0,1.0
506,Growth,1,36.45,36.45,1.0
507,Dormant,0,0.0,0.0,1.7
508,Casual,0,0.0,0.0,3.6
509,Power,56,116.65,6532.43,19.6
510,Power,25,108.57,2714.15,6.6
511,Dormant,0,0.0,0.0,2.1
512,Power,5,54.0,270.02,1.0
513,Growth,21,51.71,1085.98,16.7
514,Growth,2,19.18,38.37,1.6
515,Growth,4,81.92,327.7,1.7
516,Growth,1,32.46,32.46,1.3
517,Dormant,0,0.0,0.0,1.7
518,Power,5,148.83,744.15,1.9
519,Dormant,0,0.0,0.0,3.8
520,Dormant,0,0.0,0.0,1.0
521,Casual,1,38.06,38.06,1.0
522,Growth,0,0.0,0.0,1.0
523,Casual,0,0.0,0.0,1.0
524,Power,5,127.22,636.12,2.9
525,Casual,2,35.53,71.05,1.7
526,Dormant,1,8.54,8.54,1.0
527,Dormant,0,0.0,0.0,1.0
528,Dormant,2,11.33,22.66,3.1
529,Growth,1,17.61,17.61,1.4
530,Dormant,0,0.0,0.0,1.0
531,Dormant,0,0.0,0.0,1.1
532,Casual,0,0.0,0.0,1.5
533,Casual,1,12.89,12.89,2.8
534,Power,11,79.11,870.24,4.7
535,Growth,2,57.12,114.25,2.0
536,Casual,1,65.91,65.91,1.4
537,Growth,1,31.96,31.96,1.0
538,Growth,3,30.16,90.49,1.6
539,Dormant,0,0.0,0.0,1.0
540,Dormant,0,0.0,0.0,1.0
541,Casual,0,0.0,0.0,2.2
542,Dormant,0,0.0,0.0,1.0
543,Dormant,0,0.0,0.0,1.0
544,Growth,1,18.66,18.66,1.0
545,Casual,2,60.57,121.13,2.1
546,Casual,0,0.0,0.0,1.0
547,Power,5,86.2,430.99,1.0
548,Dormant,0,0.0,0.0,1.0
549,Casual,4,34.37,137.48,4.2
550,Casual,3,57.51,172.52,4.4
551,Growth,1,23.38,23.38,1.2
552,Growth,16,54.16,866.61,6.6
553,Dormant,0,0.0,0.0,1.0
554,Power,1,181.59,181.59,1.0
555,Growth,5,44.15,220.76,1.4
556,Growth,0,0.0,0.0,2.0
557,Casual,2,40.95,81.89,4.3
558,Casual,1,83.95,83.95,2.3
559,Casual,0,0.0,0.0,1.5
560,Power,7,73.05,511.37,1.0
561,Growth,0,0.0,0.0,1.0
562,Dormant,0,0.0,0.0,1.1
563,Casual,0,0.0,0.0,1.3
564,Casual,1,19.98,19.98,3.4
565,Casual,0,0.0,0.0,1.4
566,Dormant,0,0.0,0.0,1.7
567,Power,11,113.1,1244.1,4.6
568,Casual,0,0.0,0.0,1.0
569,Casual,6,18.49,110.93,6.6
570,Growth,4,64.15,256.61,1.7
571,Dormant,0,0.0,0.0,2.5
572,Casual,3,29.13,87.39,1.0
573,Dormant,0,0.0,0.0,1.0
574,Dormant,0,0.0,0.0,3.1
575,Casual,0,0.0,0.0,1.2
576,Dormant,1,8.09,8.09,2.1
577,Casual,0,0.0,0.0,1.0
578,Dormant,0,0.0,0.0,1.0
579,Growth,3,26.99,80.96,1.6
580,Casual,0,0.0,0.0,2.3
581,Casual,1,28.2,28.2,2.3
582,Power,7,117.34,821.4,1.7
583,Casual,1,44.45,44.45,1.6
584,Dormant,0,0.0,0.0,1.0
585,Casual,0,0.0,0.0,4.2
586,Growth,17,66.32,1127.5,8.7
587,Growth,3,42.67,128.02,2.8
588,Growth,6,45.56,273.38,8.6
589,Power,17,104.27,1772.51,4.0
590,Dormant,0,0.0,0.0,1.9
591,Casual,2,25.36,50.73,1.0
592,Growth,7,59.22,414.57,2.7
593,Casual,2,43.93,87.86,3.9
594,Power,7,124.62,872.33,1.5
595,Growth,15,47.89,718.31,9.2
596,Dormant,1,17.19,17.19,1.0
597,Casual,0,0.0,0.0,1.7
598,Dormant,0,0.0,0.0,1.0
599,Casual,1,80.63,80.63,1.6
600,Casual,0,0.0,0.0,1.0
601,Dormant,0,0.0,0.0,1.0
602,Dormant,0,0.0,0.0,1.3
603,Dormant,0,0.0,0.0,1.0
604,Dormant,0,0.0,0.0,1.0
605,Dormant,0,0.0,0.0,1.0
606,Dormant,0,0.0,0.0,1.0
607,Power,12,133.87,1606.46,2.7
608,Dormant,0,0.0,0.0,1.4
609,Casual,0,0.0,0.0,1.0
610,Casual,0,0.0,0.0,1.0
611,Casual,1,47.72,47.72,1.0
612,Dormant,0,0.0,0.0,7.1
613,Dormant,0,0.0,0.0,1.0
614,Growth,6,58.14,348.86,4.2
615,Dormant,0,0.0,0.0,2.5
616,Dormant,0,0.0,0.0,1.0
617,Growth,4,46.58,186.33,1.9
618,Growth,8,65.51,524.11,4.1
619,Power,11,113.77,1251.42,3.4
620,Dormant,0,0.0,0.0,1.0
621,Casual,2,43.82,87.65,3.0
622,Dormant,0,0.0,0.0,1.0
623,Casual,0,0.0,0.0,1.0
624,Dormant,0,0.0,0.0,4.6
625,Casual,0,0.0,0.0,1.0
626,Dormant,0,0.0,0.0,1.0
627,Power,21,99.3,2085.32,5.1
628,Casual,1,16.08,16.08,2.4
629,Dormant,0,0.0,0.0,1.0
630,Dormant,0,0.0,0.0,1.0
631,Dormant,2,25.89,51.77,1.7
632,Power,3,83.77,251.31,2.4
633,Casual,0,0.0,0.0,1.0
634,Power,10,95.2,951.97,5.9
635,Power,32,113.09,3618.98,4.9
636,Casual,5,55.4,276.99,5.2
637,Dormant,0,0.0,0.0,1.0
638,Dormant,0,0.0,0.0,1.0
639,Dormant,0,0.0,0.0,1.5
640,Dormant,1,18.8,18.8,3.9
641,Dormant,0,0.0,0.0,1.2
642,Power,30,126.98,3809.34,8.7
643,Growth,4,37.07,148.27,1.9
644,Casual,0,0.0,0.0,1.0
645,Dormant,0,0.0,0.0,1.0
646,Power,16,87.4,1398.42,4.8
647,Casual,0,0.0,0.0,1.4
648,Casual,1,35.86,35.86,2.2
649,Power,34,127.57,4337.49,11.9
650,Casual,2,28.38,56.76,3.4
651,Dormant,1,25.17,25.17,1.4
652,Casual,2,35.62,71.25,1.0
653,Growth,3,52.39,157.17,1.4
654,Dormant,0,0.0,0.0,1.1
655,Growth,2,44.98,89.97,1.0
656,Dormant,0,0.0,0.0,1.0
657,Growth,1,50.62,50.62,1.0
658,Casual,2,12.26,24.51,3.4
659,Casual,0,0.0,0.0,1.0
660,Growth,2,37.62,75.24,1.6
661,Dormant,0,0.0,0.0,2.5
662,Growth,1,25.96,25.96,1.0
663,Power,42,96.74,4063.03,10.9
664,Growth,3,53.5,160.49,1.0
665,Dormant,0,0.0,0.0,1.0
666,Dormant,0,0.0,0.0,1.0
667,Dormant,0,0.0,0.0,1.0
668,Growth,2,49.23,98.46,1.7
669,Casual,1,47.95,47.95,1.0
670,Growth,5,53.44,267.19,3.9
671,Casual,3,37.81,113.44,1.0
672,Dormant,0,0.0,0.0,1.0
673,Dormant,0,0.0,0.0,1.0
674,Casual,1,13.15,13.15,1.1
675,Casual,2,22.17,44.34,3.9
676,Dormant,0,0.0,0.0,1.0
677,Casual,0,0.0,0.0,1.0
678,Growth,6,47.62,285.74,1.4
679,Casual,2,41.26,82.51,2.1
680,Power,64,113.17,7243.14,19.2
681,Growth,0,0.0,0.0,1.3
682,Power,6,88.88,533.26,1.8
683,Casual,0,0.0,0.0,1.0
684,Casual,2,18.86,37.71,1.4
685,Growth,2,33.15,66.3,1.0
686,Casual,1,20.82,20.82,1.4
687,Dormant,1,10.88,10.88,2.0
688,Dormant,0,0.0,0.0,3.3
689,Casual,0,0.0,0.0,1.9
690,Growth,12,57.05,684.64,6.1
691,Dormant,0,0.0,0.0,5.6
692,Growth,7,69.42,485.95,3.6
693,Growth,7,50.18,351.26,3.4
694,Dormant,0,0.0,0.0,1.0
695,Casual,1,43.19,43.19,1.0
696,Dormant,1,18.94,18.94,3.5
697,Casual,1,42.03,42.03,2.4
698,Casual,1,36.24,36.24,1.0
699,Growth,2,42.46,84.93,2.2
700,Growth,0,0.0,0.0,1.0
701,Growth,2,41.74,83.48,3.2
702,Growth,6,72.89,437.35,3.7
703,Dormant,0,0.0,0.0,2.3
704,Growth,4,95.18,380.72,3.3
705,Casual,1,27.63,27.63,1.3
706,Dormant,0,0.0,0.0,1.2
707,Dormant,0,0.0,0.0,1.4
708,Casual,2,37.01,74.02,8.9
709,Casual,0,0.0,0.0,1.1
710,Dormant,1,15.74,15.74,1.4
711,Casual,1,77.55,77.55,3.6
712,Dormant,1,4.34,4.34,1.1
713,Dormant,1,6.11,6.11,1.0
714,Dormant,0,0.0,0.0,2.6
715,Growth,2,42.15,84.31,1.0
716,Casual,1,29.08,29.08,2.1
717,Power,22,101.55,2234.13,5.5
718,Casual,0,0.0,0.0,1.1
719,Dormant,0,0.0,0.0,1.0
720,Casual,0,0.0,0.0,1.0
721,Casual,0,0.0,0.0,1.0
722,Power,18,127.47,2294.39,5.2
723,Dormant,0,0.0,0.0,1.0
724,Power,6,99.84,599.05,3.2
725,Power,12,102.61,1231.37,5.2
726,Growth,5,64.86,324.29,2.1
727,Power,5,99.16,495.78,1.0
728,Casual,0,0.0,0.0,1.0
729,Casual,0,0.0,0.0,1.0
730,Growth,0,0.0,0.0,1.0
731,Power,3,104.48,313.45,1.0
732,Power,8,118.86,950.9,4.0
733,Casual,0,0.0,0.0,1.0
734,Power,4,199.63,798.54,1.0
735,Dormant,0,0.0,0.0,1.0
736,Growth,1,59.02,59.02,1.0
737,Growth,1,113.48,113.48,1.0
738,Casual,1,16.4,16.4,1.5
739,Casual,5,21.31,106.54,4.1
740,Power,5,96.58,482.91,1.0
741,Power,4,96.45,385.79,1.0
742,Dormant,1,16.14,16.14,2.1
743,Power,2,67.22,134.45,1.0
744,Casual,2,27.52,55.04,3.2
745,Casual,1,73.71,73.71,3.2
746,Growth,0,0.0,0.0,1.0
747,Casual,0,0.0,0.0,1.0
748,Dormant,0,0.0,0.0,1.0
749,Dormant,0,0.0,0.0,1.0
750,Growth,2,124.06,248.12,2.7
751,Growth,2,76.66,153.33,1.0
752,Growth,1,32.08,32.08,1.2
753,Casual,0,0.0,0.0,1.0
754,Dormant,2,11.31,22.62,8.0
755,Growth,7,61.41,429.84,5.2
756,Growth,3,23.53,70.6,1.7
757,Dormant,0,0.0,0.0,1.0
758,Power,16,112.13,1794.06,4.7
759,Casual,1,57.05,57.05,3.3
760,Dormant,0,0.0,0.0,2.5
761,Growth,2,40.96,81.92,2.0
762,Power,17,125.03,2125.57,4.1
763,Growth,5,36.3,181.52,3.6
764,Dormant,0,0.0,0.0,1.0
765,Power,17,130.19,2213.31,7.5
766,Growth,6,50.23,301.4,5.9
767,Power,5,91.09,455.45,1.5
768,Power,6,73.37,440.21,3.0
769,Casual,1,34.09,34.09,2.0
770,Growth,0,0.0,0.0,1.0
771,Casual,1,84.88,84.88,1.0
772,Casual,6,45.19,271.14,4.9
773,Dormant,1,22.17,22.17,3.0
774,Power,7,141.95,993.65,2.8
775,Dormant,0,0.0,0.0,1.0
776,Casual,0,0.0,0.0,1.1
777,Growth,1,32.21,32.21,1.0
778,Dormant,0,0.0,0.0,1.0
779,Dormant,0,0.0,0.0,1.0
780,Growth,12,64.45,773.45,5.7
781,Dormant,0,0.0,0.0,1.0
782,Casual,6,40.36,242.19,8.1
783,Casual,0,0.0,0.0,1.1
784,Dormant,0,0.0,0.0,1.9
785,Casual,1,12.86,12.86,3.8
786,Dormant,2,10.63,21.26,2.2
787,Growth,0,0.0,0.0,1.0
788,Dormant,1,6.63,6.63,2.3
789,Casual,1,50.63,50.63,2.9
790,Growth,3,59.49,178.46,1.0
791,Casual,0,0.0,0.0,1.1
792,Growth,14,43.3,606.15,12.1
793,Power,15,99.56,1493.46,3.2
794,Power,15,91.06,1365.88,3.5
795,Growth,5,104.97,524.84,2.5
796,Power,16,91.34,1461.52,4.3
797,Growth,1,36.35,36.35,2.0
798,Dormant,0,0.0,0.0,2.3
799,Dormant,0,0.0,0.0,2.5
800,Dormant,0,0.0,0.0,1.0
801,Growth,3,29.28,87.84,1.4
802,Dormant,0,0.0,0.0,1.0
803,Casual,2,30.94,61.89,1.0
804,Growth,8,64.74,517.92,4.1
805,Growth,0,0.0,0.0,4.1
806,Dormant,0,0.0,0.0,3.1
807,Growth,7,47.89,335.26,5.3
808,Casual,0,0.0,0.0,1.0
809,Dormant,0,0.0,0.0,1.0
810,Power,50,112.83,5641.41,12.3
811,Power,36,108.52,3906.72,8.7
812,Dormant,1,22.91,22.91,1.0
813,Casual,0,0.0,0.0,1.5
814,Growth,3,51.72,155.15,1.0
815,Dormant,0,0.0,0.0,1.3
816,Dormant,2,31.08,62.17,2.1
817,Casual,1,61.64,61.64,3.2
818,Casual,0,0.0,0.0,2.6
819,Growth,11,53.05,583.52,8.7
820,Power,5,119.43,597.14,1.0
821,Casual,1,11.98,11.98,1.0
822,Growth,13,63.33,823.23,6.3
823,Casual,0,0.0,0.0,1.8
824,Dormant,0,0.0,0.0,2.2
825,Power,5,128.11,640.53,1.3
826,Casual,2,27.65,55.31,1.8
827,Growth,0,0.0,0.0,1.0
828,Dormant,0,0.0,0.0,1.0
829,Growth,2,32.13,64.26,1.0
830,Casual,0,0.0,0.0,1.0
831,Casual,1,34.88,34.88,3.0
832,Casual,0,0.0,0.0,1.0
833,Casual,0,0.0,0.0,1.0
834,Dormant,1,18.57,18.57,1.0
835,Casual,3,35.52,106.57,5.5
836,Dormant,0,0.0,0.0,1.0
837,Dormant,1,6.96,6.96,1.6
838,Casual,0,0.0,0.0,1.0
839,Casual,1,19.79,19.79,1.9
840,Power,27,106.29,2869.79,7.2
841,Dormant,1,7.81,7.81,1.0
842,Casual,0,0.0,0.0,1.0
843,Casual,0,0.0,0.0,3.3
844,Power,3,92.46,277.37,1.0
845,Dormant,2,14.6,29.2,2.0
846,Casual,4,40.93,163.73,6.6
847,Dormant,0,0.0,0.0,7.2
848,Growth,2,27.29,54.57,1.0
849,Dormant,0,0.0,0.0,2.1
850,Growth,8,32.21,257.7,5.1
851,Growth,1,30.35,30.35,1.0
852,Dormant,1,4.38,4.38,1.3
853,Dormant,0,0.0,0.0,1.8
854,Growth,10,57.41,574.07,6.2
855,Casual,1,20.64,20.64,1.5
856,Dormant,0,0.0,0.0,1.3
857,Dormant,0,0.0,0.0,1.7
858,Casual,1,23.9,23.9,2.9
859,Casual,2,28.94,57.89,1.0
860,Dormant,0,0.0,0.0,1.0
861,Dormant,0,0.0,0.0,1.0
862,Dormant,0,0.0,0.0,1.0
863,Casual,1,23.68,23.68,3.1
864,Power,3,141.06,423.19,1.0
865,Dormant,0,0.0,0.0,1.8
866,Dormant,1,32.56,32.56,1.0
867,Dormant,0,0.0,0.0,1.3
868,Power,6,126.48,758.91,2.1
869,Growth,2,45.13,90.27,2.0
870,Dormant,0,0.0,0.0,1.1
871,Power,16,93.2,1491.18,7.3
872,Dormant,0,0.0,0.0,1.5
873,Casual,0,0.0,0.0,1.0
874,Dormant,0,0.0,0.0,1.4
875,Dormant,0,0.0,0.0,3.8
876,Casual,0,0.0,0.0,1.0
877,Growth,4,36.69,146.76,3.2
878,Casual,4,45.23,180.91,7.9
879,Casual,2,14.48,28.95,3.1
880,Casual,0,0.0,0.0,1.0
881,Casual,1,20.89,20.89,1.5
882,Dormant,0,0.0,0.0,1.0
883,Casual,2,30.71,61.42,2.7
884,Growth,2,42.83,85.67,1.0
885,Casual,0,0.0,0.0,1.0
886,Casual,0,0.0,0.0,1.0
887,Growth,9,50.49,454.38,3.6
888,Growth,10,51.36,513.62,5.8
889,Dormant,0,0.0,0.0,1.7
890,Growth,4,51.4,205.58,1.2
891,Dormant,0,0.0,0.0,1.1
892,Growth,6,48.54,291.23,3.1
893,Power,6,109.66,657.96,1.0
894,Dormant,0,0.0,0.0,2.3
895,Dormant,0,0.0,0.0,2.4
896,Growth,4,66.51,266.05,1.5
897,Growth,4,106.34,425.38,5.3
898,Growth,0,0.0,0.0,1.0
899,Casual,2,39.82,79.64,1.8
900,Casual,3,42.22,126.66,2.9
901,Growth,2,105.7,211.4,2.3
902,Power,12,131.74,1580.93,5.0
903,Casual,1,38.34,38.34,2.5
904,Dormant,0,0.0,0.0,1.0
905,Casual,1,73.17,73.17,1.0
906,Casual,0,0.0,0.0,2.3
907,Power,8,67.6,540.84,5.1
908,Growth,1,26.57,26.57,1.0
909,Growth,6,36.79,220.73,5.4
910,Dormant,0,0.0,0.0,1.0
911,Dormant,0,0.0,0.0,1.0
912,Dormant,0,0.0,0.0,1.0
913,Dormant,0,0.0,0.0,1.0
914,Dormant,0,0.0,0.0,1.0
915,Dormant,0,0.0,0.0,1.2
916,Power,3,93.65,280.95,1.3
917,Growth,9,40.36,363.2,6.5
918,Growth,6,51.45,308.69,9.2
919,Casual,0,0.0,0.0,1.0
920,Power,32,85.97,2751.12,9.5
921,Dormant,0,0.0,0.0,3.6
922,Casual,0,0.0,0.0,1.0
923,Casual,0,0.0,0.0,1.0
924,Growth,3,60.17,180.51,2.9
925,Growth,0,0.0,0.0,1.0
926,Growth,4,57.29,229.16,1.8
927,Dormant,0,0.0,0.0,1.0
928,Casual,0,0.0,0.0,3.8
929,Dormant,2,20.72,41.44,1.2
930,Growth,2,55.52,111.04,4.3
931,Casual,1,62.55,62.55,1.0
932,Casual,0,0.0,0.0,1.0
933,Dormant,2,9.25,18.51,2.3
934,Dormant,0,0.0,0.0,1.1
935,Growth,2,45.74,91.48,3.3
936,Dormant,0,0.0,0.0,1.1
937,Growth,4,46.78,187.11,1.1
938,Dormant,0,0.0,0.0,1.0
939,Power,3,99.67,299.0,1.0
940,Growth,10,48.36,483.6,7.1
941,Dormant,0,0.0,0.0,1.5
942,Growth,9,70.65,635.87,5.7
943,Casual,3,16.59,49.77,3.7
944,Casual,0,0.0,0.0,1.0
945,Growth,1,20.58,20.58,1.0
946,Dormant,0,0.0,0.0,1.0
947,Dormant,2,23.91,47.82,2.0
948,Dormant,0,0.0,0.0,1.3
949,Growth,10,51.87,518.67,4.8
950,Casual,0,0.0,0.0,1.0
951,Growth,3,40.9,122.71,1.9
952,Growth,6,59.49,356.96,4.6
953,Growth,5,54.28,271.42,4.8
954,Dormant,2,16.74,33.48,3.4
955,Dormant,0,0.0,0.0,1.0
956,Dormant,0,0.0,0.0,1.3
957,Casual,1,43.16,43.16,5.3
958,Casual,2,57.8,115.6,1.9
959,Casual,3,14.07,42.22,4.8
960,Casual,0,0.0,0.0,2.5
961,Casual,0,0.0,0.0,1.0
962,Growth,8,43.72,349.74,3.4
963,Growth,5,54.65,273.27,2.5
964,Dormant,0,0.0,0.0,1.7
965,Casual,1,16.45,16.45,1.0
966,Dormant,0,0.0,0.0,1.0
967,Growth,0,0.0,0.0,1.0
968,Casual,1,15.25,15.25,1.8
969,Growth,7,50.62,354.32,3.7
970,Growth,9,66.56,599.08,6.7
971,Power,20,89.73,1794.69,6.2
972,Power,21,118.34,2485.1,7.0
973,Dormant,0,0.0,0.0,2.0
974,Growth,1,105.4,105.4,1.0
975,Casual,0,0.0,0.0,1.0
976,Casual,0,0.0,0.0,2.6
977,Casual,0,0.0,0.0,1.0
978,Casual,1,59.35,59.35,2.0
979,Growth,1,24.27,24.27,1.2
980,Dormant,0,0.0,0.0,1.0
981,Dormant,0,0.0,0.0,1.0
982,Dormant,0,0.0,0.0,1.0
983,Casual,0,0.0,0.0,1.0
984,Growth,2,43.59,87.18,3.0
985,Dormant,0,0.0,0.0,1.7
986,Growth,1,8.41,8.41,1.0
987,Power,5,108.9,544.48,1.9
988,Growth,1,57.07,57.07,1.1
989,Dormant,0,0.0,0.0,1.0
990,Casual,1,36.03,36.03,1.6
991,Dormant,1,9.72,9.72,2.3
992,Dormant,1,10.53,10.53,1.3
993,Growth,13,51.07,663.89,6.4
994,Dormant,0,0.0,0.0,1.0
995,Casual,0,0.0,0.0,1.0
996,Casual,0,0.0,0.0,1.0
997,Power,20,129.72,2594.42,6.0
998,Dormant,0,0.0,0.0,1.0
999,Growth,5,57.05,285.26,6.0
1000,Power,11,107.91,1186.97,4.0
1001,Casual,2,16.28,32.57,1.0
1002,Growth,7,40.66,284.63,3.7
1003,Growth,0,0.0,0.0,1.0
1004,Casual,0,0.0,0.0,1.0
1005,Casual,3,38.2,114.6,5.8
1006,Dormant,0,0.0,0.0,1.0
1007,Growth,2,92.84,185.69,6.4
1008,Dormant,0,0.0,0.0,1.0
1009,Casual,0,0.0,0.0,1.0
1010,Casual,0,0.0,0.0,1.0
1011,Casual,0,0.0,0.0,1.0
1012,Casual,1,85.76,85.76,4.4
1013,Dormant,0,0.0,0.0,1.3
1014,Growth,0,0.0,0.0,1.0
1015,Growth,2,38.99,77.98,1.0
1016,Casual,0,0.0,0.0,1.0
1017,Dormant,1,18.86,18.86,1.0
1018,Power,21,117.96,2477.07,7.4
1019,Casual,2,20.61,41.22,1.0
1020,Dormant,0,0.0,0.0,6.8
1021,Dormant,2,18.51,37.02,2.9
1022,Dormant,1,12.36,12.36,1.0
1023,Casual,0,0.0,0.0,2.0
1024,Casual,1,35.38,35.38,3.0
1025,Growth,4,66.61,266.43,6.6
1026,Dormant,0,0.0,0.0,2.6
1027,Casual,1,32.04,32.04,1.0
1028,Dormant,0,0.0,0.0,1.2
1029,Casual,4,32.36,129.43,3.1
1030,Casual,1,12.93,12.93,1.0
1031,Dormant,1,20.36,20.36,1.0
1032,Casual,0,0.0,0.0,1.9
1033,Dormant,0,0.0,0.0,1.0
1034,Casual,1,15.51,15.51,2.5
1035,Casual,0,0.0,0.0,1.4
1036,Growth,3,58.74,176.23,1.0
1037,Casual,0,0.0,0.0,2.7
1038,Casual,2,46.07,92.14,2.3
1039,Growth,2,22.5,45.01,1.0
1040,Power,19,111.67,2121.76,3.5
1041,Casual,0,0.0,0.0,1.0
1042,Casual,0,0.0,0.0,1.6
1043,Casual,2,17.68,35.36,2.1
1044,Power,44,126.45,5563.86,11.2
1045,Growth,4,98.87,395.49,1.0
1046,Growth,4,49.02,196.08,4.3
1047,Dormant,0,0.0,0.0,3.6
1048,Dormant,1,10.09,10.09,1.8
1049,Growth,4,60.99,243.98,1.9
1050,Casual,0,0.0,0.0,1.0
1051,Growth,4,32.03,128.13,4.0
1052,Growth,1,30.48,30.48,1.0
1053,Growth,0,0.0,0.0,1.1
1054,Growth,0,0.0,0.0,1.0
1055,Casual,1,18.4,18.4,3.8
1056,Dormant,0,0.0,0.0,1.0
1057,Growth,7,67.76,474.35,3.5
1058,Casual,0,0.0,0.0,1.2
1059,Dormant,0,0.0,0.0,1.0
1060,Dormant,0,0.0,0.0,1.0
1061,Casual,1,48.59,48.59,6.1
1062,Growth,2,49.25,98.49,3.1
1063,Casual,1,38.35,38.35,4.3
1064,Growth,5,79.09,395.45,3.1
1065,Dormant,0,0.0,0.0,1.0
1066,Casual,0,0.0,0.0,1.0
1067,Dormant,1,35.64,35.64,1.0
1068,Power,37,106.54,3941.99,10.8
1069,Casual,0,0.0,0.0,1.0
1070,Dormant,0,0.0,0.0,1.0
1071,Casual,2,20.18,40.36,3.5
1072,Casual,0,0.0,0.0,1.0
1073,Dormant,0,0.0,0.0,2.4
1074,Dormant,0,0.0,0.0,1.5
1075,Growth,6,44.14,264.83,5.3
1076,Casual,1,32.03,32.03,1.7
1077,Casual,0,0.0,0.0,9.3
1078,Casual,1,11.26,11.26,1.0
1079,Growth,1,73.26,73.26,1.0
1080,Growth,3,75.59,226.77,2.6
1081,Dormant,0,0.0,0.0,1.0
1082,Dormant,1,30.54,30.54,1.0
1083,Dormant,0,0.0,0.0,4.3
1084,Dormant,0,0.0,0.0,1.1
1085,Dormant,0,0.0,0.0,1.3
1086,Dormant,0,0.0,0.0,1.0
1087,Dormant,0,0.0,0.0,1.0
1088,Casual,0,0.0,0.0,1.0
1089,Casual,2,33.55,67.1,2.6
1090,Growth,1,17.81,17.81,1.8
1091,Casual,1,41.26,41.26,2.8
1092,Growth,0,0.0,0.0,2.2
1093,Growth,3,46.73,140.18,2.1
1094,Casual,1,54.28,54.28,1.0
1095,Casual,3,29.12,87.36,5.4
1096,Growth,2,40.77,81.53,1.0
1097,Dormant,0,0.0,0.0,1.2
1098,Dormant,1,25.49,25.49,1.1
1099,Growth,0,0.0,0.0,1.0
1100,Power,7,109.55,766.82,2.0
1101,Growth,2,64.42,128.85,1.7
1102,Dormant,0,0.0,0.0,1.0
1103,Dormant,0,0.0,0.0,1.0
1104,Growth,27,51.89,1401.15,26.1
1105,Dormant,0,0.0,0.0,1.1
1106,Power,25,130.29,3257.17,7.2
1107,Casual,2,25.28,50.56,1.0
1108,Dormant,0,0.0,0.0,1.0
1109,Growth,1,21.65,21.65,1.0
1110,Growth,4,62.44,249.75,3.1
1111,Casual,1,18.31,18.31,2.5
1112,Casual,0,0.0,0.0,1.3
1113,Dormant,0,0.0,0.0,2.0
1114,Dormant,2,43.51,87.02,6.3
1115,Power,3,66.21,198.64,1.0
1116,Growth,1,20.05,20.05,1.0
1117,Dormant,1,41.78,41.78,3.8
1118,Growth,12,54.47,653.65,8.0
1119,Dormant,0,0.0,0.0,1.4
1120,Casual,0,0.0,0.0,1.0
1121,Power,15,108.75,1631.18,4.2
1122,Dormant,0,0.0,0.0,4.2
1123,Growth,1,58.62,58.62,2.3
1124,Casual,3,26.57,79.7,1.0
1125,Casual,1,17.37,17.37,1.5
1126,Casual,1,30.52,30.52,1.0
1127,Dormant,0,0.0,0.0,1.0
1128,Casual,1,38.97,38.97,1.4
1129,Dormant,0,0.0,0.0,1.0
1130,Dormant,0,0.0,0.0,1.0
1131,Casual,3,13.76,41.27,6.1
1132,Power,11,106.12,1167.28,3.8
1133,Dormant,0,0.0,0.0,1.1
1134,Dormant,1,11.84,11.84,5.7
1135,Growth,6,30.6,183.61,5.3
1136,Casual,0,0.0,0.0,1.0
1137,Casual,0,0.0,0.0,2.8
1138,Power,15,116.31,1744.6,6.7
1139,Casual,0,0.0,0.0,1.0
1140,Growth,0,0.0,0.0,1.0
1141,Dormant,0,0.0,0.0,2.0
1142,Dormant,0,0.0,0.0,1.0
1143,Dormant,0,0.0,0.0,1.0
1144,Casual,1,16.1,16.1,1.0
1145,Growth,1,38.26,38.26,1.0
1146,Dormant,0,0.0,0.0,1.0
1147,Dormant,0,0.0,0.0,1.2
1148,Casual,0,0.0,0.0,1.0
1149,Dormant,0,0.0,0.0,2.8
1150,Growth,8,56.11,448.85,8.2
1151,Dormant,0,0.0,0.0,1.0
1152,Power,18,126.42,2275.6,4.8
1153,Growth,2,64.96,129.92,3.6
1154,Casual,3,33.78,101.34,3.7
1155,Power,13,139.02,1807.22,5.0
1156,Power,24,105.78,2538.64,8.3
1157,Power,6,88.32,529.9,1.3
1158,Casual,0,0.0,0.0,2.0
1159,Dormant,1,11.38,11.38,2.8
1160,Power,46,118.86,5467.75,14.0
1161,Casual,1,90.67,90.67,1.0
1162,Dormant,1,12.55,12.55,2.4
1163,Growth,8,30.89,247.15,7.1
1164,Growth,12,64.36,772.28,7.5
1165,Dormant,2,21.0,42.0,1.0
1166,Dormant,1,20.19,20.19,1.0
1167,Casual,0,0.0,0.0,1.0
1168,Dormant,0,0.0,0.0,2.7
1169,Power,4,140.81,563.26,1.0
1170,Casual,2,31.83,63.66,2.2
1171,Dormant,0,0.0,0.0,1.0
1172,Growth,7,53.06,371.45,6.8
1173,Dormant,1,9.14,9.14,2.0
1174,Casual,0,0.0,0.0,1.0
1175,Dormant,0,0.0,0.0,2.3
1176,Casual,0,0.0,0.0,1.0
1177,Casual,0,0.0,0.0,1.0
1178,Growth,3,64.43,193.28,1.6
1179,Growth,2,64.78,129.56,1.7
1180,Dormant,0,0.0,0.0,1.1
1181,Power,13,145.89,1896.63,4.3
1182,Power,7,119.09,833.66,1.2
1183,Growth,3,65.87,197.6,2.6
1184,Growth,6,76.4,458.43,2.1
1185,Dormant,0,0.0,0.0,1.0
1186,Casual,1,22.72,22.72,1.0
1187,Dormant,0,0.0,0.0,1.6
1188,Growth,5,66.33,331.63,3.9
1189,Casual,0,0.0,0.0,1.6
1190,Casual,1,14.32,14.32,1.6
1191,Casual,2,15.35,30.69,1.0
1192,Dormant,0,0.0,0.0,3.1
1193,Dormant,0,0.0,0.0,4.8
1194,Dormant,0,0.0,0.0,1.0
1195,Growth,0,0.0,0.0,1.0
1196,Growth,21,58.91,1237.15,8.1
1197,Casual,4,55.74,222.97,7.8
1198,Growth,2,55.26,110.53,1.0
1199,Dormant,0,0.0,0.0,2.4
1200,Casual,0,0.0,0.0,1.6
1201,Casual,3,51.77,155.3,1.0
1202,Dormant,2,23.64,47.28,2.9
1203,Dormant,0,0.0,0.0,3.7
1204,Power,13,137.57,1788.38,4.9
1205,Power,14,112.82,1579.52,4.3
1206,Casual,3,28.79,86.37,4.6
1207,Casual,0,0.0,0.0,1.0
1208,Growth,0,0.0,0.0,1.1
1209,Casual,0,0.0,0.0,2.1
1210,Dormant,0,0.0,0.0,2.4
1211,Dormant,0,0.0,0.0,1.0
1212,Casual,0,0.0,0.0,1.0
1213,Casual,0,0.0,0.0,5.2
1214,Growth,1,31.97,31.97,1.0
1215,Casual,6,36.44,218.62,4.7
1216,Growth,3,59.81,179.42,1.3
1217,Casual,2,47.37,94.74,3.2
1218,Casual,2,26.62,53.23,8.9
1219,Power,7,99.41,695.87,2.0
1220,Power,3,73.94,221.82,1.0
1221,Growth,11,84.62,930.86,7.6
1222,Dormant,0,0.0,0.0,1.3
1223,Casual,1,69.11,69.11,2.2
1224,Growth,3,24.38,73.14,1.0
1225,Dormant,0,0.0,0.0,1.6
1226,Casual,0,0.0,0.0,1.3
1227,Casual,1,13.09,13.09,1.3
1228,Dormant,1,22.12,22.12,1.0
1229,Power,8,80.49,643.89,1.1
1230,Growth,7,44.75,313.26,5.4
1231,Casual,3,39.21,117.62,3.2
1232,Growth,2,115.6,231.21,1.0
1233,Casual,0,0.0,0.0,1.0
1234,Growth,1,48.14,48.14,1.1
1235,Power,9,150.82,1357.41,2.9
1236,Growth,1,79.98,79.98,2.7
1237,Casual,11,28.88,317.65,10.7
1238,Growth,2,22.45,44.89,2.1
1239,Growth,5,30.68,153.39,4.9
1240,Dormant,0,0.0,0.0,1.0
1241,Growth,5,72.58,362.89,4.0
1242,Casual,0,0.0,0.0,1.0
1243,Power,3,82.38,247.13,1.0
1244,Growth,0,0.0,0.0,1.0
1245,Growth,4,43.14,172.55,1.6
1246,Casual,2,24.59,49.17,3.5
1247,Growth,2,55.93,111.86,1.0
1248,Dormant,0,0.0,0.0,1.0
1249,Dormant,1,9.56,9.56,1.0
1250,Power,8,105.3,842.39,3.5
1251,Power,10,161.84,1618.39,3.3
1252,Power,3,103.78,311.33,1.9
1253,Casual,1,37.47,37.47,1.4
1254,Growth,3,31.19,93.56,1.0
1255,Dormant,0,0.0,0.0,1.0
1256,Dormant,0,0.0,0.0,1.2
1257,Dormant,0,0.0,0.0,1.0
1258,Casual,1,16.09,16.09,1.0
1259,Dormant,0,0.0,0.0,1.0
1260,Power,34,114.61,3896.62,7.2
1261,Casual,1,69.9,69.9,1.0
1262,Growth,3,69.95,209.86,2.1
1263,Dormant,1,34.31,34.31,1.0
1264,Casual,2,63.39,126.78,4.5
1265,Dormant,0,0.0,0.0,2.8
1266,Growth,5,60.88,304.39,2.3
1267,Dormant,0,0.0,0.0,1.0
1268,Casual,0,0.0,0.0,1.0
1269,Casual,3,27.77,83.31,2.4
1270,Dormant,1,10.4,10.4,8.7
1271,Casual,1,33.59,33.59,1.6
1272,Casual,2,28.12,56.25,1.3
1273,Casual,0,0.0,0.0,1.0
1274,Growth,5,41.44,207.19,3.2
1275,Growth,1,30.28,30.28,1.0
1276,Growth,1,149.81,149.81,2.5
1277,Power,8,70.97,567.72,2.2
1278,Dormant,0,0.0,0.0,1.0
1279,Casual,1,35.57,35.57,1.0
1280,Growth,3,41.0,122.99,1.3
1281,Casual,1,70.15,70.15,1.0
1282,Casual,0,0.0,0.0,1.3
1283,Casual,3,41.77,125.3,4.8
1284,Dormant,0,0.0,0.0,2.9
1285,Dormant,0,0.0,0.0,2.8
1286,Casual,0,0.0,0.0,1.3
1287,Growth,1,76.07,76.07,1.0
1288,Casual,0,0.0,0.0,1.0
1289,Casual,1,24.53,24.53,1.0
1290,Casual,5,22.08,110.39,4.3
1291,Casual,1,48.38,48.38,1.8
1292,Casual,1,19.21,19.21,1.0
1293,Growth,2,88.51,177.01,2.0
1294,Growth,0,0.0,0.0,3.2
1295,Casual,2,22.0,44.0,1.0
1296,Power,15,108.51,1627.67,5.8
1297,Growth,1,73.63,73.63,1.0
1298,Dormant,0,0.0,0.0,3.4
1299,Casual,1,10.9,10.9,5.6
1300,Growth,4,41.68,166.71,1.0
1301,Casual,2,24.01,48.03,1.6
1302,Dormant,0,0.0,0.0,3.8
1303,Growth,8,33.21,265.71,7.1
1304,Dormant,1,10.76,10.76,1.0
1305,Dormant,0,0.0,0.0,1.0
1306,Casual,0,0.0,0.0,1.0
1307,Casual,0,0.0,0.0,1.1
1308,Power,25,108.68,2717.07,8.3
1309,Dormant,0,0.0,0.0,1.0
1310,Casual,0,0.0,0.0,1.0
1311,Dormant,0,0.0,0.0,1.3
1312,Casual,6,26.18,157.07,8.3
1313,Power,4,85.69,342.75,1.4
1314,Power,25,107.71,2692.7,8.0
1315,Dormant,1,28.33,28.33,1.0
1316,Casual,0,0.0,0.0,1.5
1317,Power,13,94.09,1223.17,3.2
1318,Dormant,1,21.98,21.98,1.0
1319,Dormant,0,0.0,0.0,1.0
1320,Casual,2,79.24,158.48,5.2
1321,Casual,0,0.0,0.0,2.1
1322,Power,3,85.96,257.87,1.0
1323,Dormant,0,0.0,0.0,2.2
1324,Growth,2,60.39,120.78,1.8
1325,Dormant,0,0.0,0.0,1.0
1326,Casual,0,0.0,0.0,1.0
1327,Casual,1,60.49,60.49,1.9
1328,Growth,3,63.76,191.29,2.3
1329,Growth,5,50.93,254.67,5.4
1330,Dormant,0,0.0,0.0,2.2
1331,Casual,1,22.24,22.24,1.5
1332,Casual,1,16.27,16.27,1.0
1333,Dormant,0,0.0,0.0,1.3
1334,Dormant,2,16.73,33.47,6.7
1335,Dormant,2,27.07,54.14,1.0
1336,Growth,1,31.33,31.33,1.2
1337,Casual,1,9.62,9.62,4.9
1338,Dormant,0,0.0,0.0,1.0
1339,Casual,1,27.31,27.31,1.0
1340,Power,11,113.91,1253.06,3.4
1341,Dormant,0,0.0,0.0,2.8
1342,Casual,5,35.67,178.34,7.5
1343,Casual,3,15.99,47.97,5.4
1344,Dormant,0,0.0,0.0,1.4
1345,Casual,0,0.0,0.0,2.2
1346,Casual,1,28.65,28.65,1.4
1347,Casual,3,32.24,96.71,4.6
1348,Casual,1,63.97,63.97,2.9
1349,Power,22,97.68,2148.97,7.7
1350,Dormant,0,0.0,0.0,1.0
1351,Dormant,1,7.86,7.86,3.3
1352,Growth,3,36.71,110.14,1.0
1353,Growth,3,35.92,107.75,3.9
1354,Dormant,0,0.0,0.0,1.0
1355,Power,4,85.78,343.11,1.0
1356,Casual,1,46.94,46.94,5.2
1357,Casual,5,28.48,142.39,10.8
1358,Dormant,0,0.0,0.0,1.0
1359,Growth,2,79.49,158.98,1.4
1360,Casual,0,0.0,0.0,1.0
1361,Casual,2,25.06,50.13,4.1
1362,Casual,1,18.67,18.67,1.0
1363,Power,15,113.5,1702.53,4.9
1364,Casual,0,0.0,0.0,1.0
1365,Casual,0,0.0,0.0,1.0
1366,Growth,2,37.88,75.76,3.5
1367,Growth,0,0.0,0.0,1.0
1368,Growth,5,32.86,164.28,2.6
1369,Growth,3,37.22,111.67,2.0
1370,Power,9,86.39,777.5,3.1
1371,Dormant,0,0.0,0.0,1.0
1372,Casual,0,0.0,0.0,2.7
1373,Dormant,0,0.0,0.0,2.5
1374,Dormant,0,0.0,0.0,1.0
1375,Power,5,129.79,648.96,2.0
1376,Casual,5,33.46,167.29,7.9
1377,Dormant,0,0.0,0.0,1.0
1378,Casual,0,0.0,0.0,1.0
1379,Casual,2,58.21,116.42,5.5
1380,Casual,0,0.0,0.0,1.0
1381,Power,19,104.17,1979.29,5.5
1382,Casual,1,32.19,32.19,1.0
1383,Dormant,0,0.0,0.0,1.0
1384,Dormant,0,0.0,0.0,1.0
1385,Power,15,96.33,1444.97,4.9
1386,Dormant,0,0.0,0.0,1.8
1387,Growth,2,93.4,186.79,1.0
1388,Dormant,1,12.14,12.14,1.0
1389,Power,2,116.13,232.25,1.1
1390,Dormant,0,0.0,0.0,1.4
1391,Dormant,0,0.0,0.0,1.0
1392,Power,8,86.19,689.5,1.4
1393,Power,39,127.04,4954.58,10.7
1394,Dormant,1,15.4,15.4,2.5
1395,Growth,5,65.9,329.5,4.0
1396,Casual,1,35.98,35.98,1.6
1397,Dormant,0,0.0,0.0,1.6
1398,Casual,1,76.63,76.63,1.6
1399,Casual,1,39.91,39.91,1.6
1400,Casual,2,51.96,103.91,1.0
1401,Power,26,103.77,2697.9,9.0
1402,Dormant,0,0.0,0.0,1.0
1403,Growth,11,38.04,418.43,8.1
1404,Growth,1,41.62,41.62,1.0
1405,Growth,4,52.45,209.8,2.5
1406,Dormant,0,0.0,0.0,2.9
1407,Power,3,42.01,126.03,1.0
1408,Dormant,0,0.0,0.0,1.1
1409,Dormant,1,9.24,9.24,1.4
1410,Dormant,0,0.0,0.0,1.3
1411,Dormant,0,0.0,0.0,1.3
1412,Dormant,0,0.0,0.0,6.7
1413,Dormant,0,0.0,0.0,4.1
1414,Growth,1,46.82,46.82,1.0
1415,Dormant,0,0.0,0.0,1.0
1416,Casual,0,0.0,0.0,1.0
1417,Casual,0,0.0,0.0,1.3
1418,Dormant,0,0.0,0.0,1.0
1419,Dormant,0,0.0,0.0,2.2
1420,Dormant,0,0.0,0.0,1.0
1421,Casual,1,12.21,12.21,2.5
1422,Casual,0,0.0,0.0,3.5
1423,Casual,0,0.0,0.0,1.1
1424,Casual,0,0.0,0.0,1.0
1425,Casual,0,0.0,0.0,1.0
1426,Power,1,161.46,161.46,1.0
1427,Power,15,96.0,1439.94,5.5
1428,Dormant,0,0.0,0.0,1.0
1429,Casual,0,0.0,0.0,3.5
1430,Dormant,0,0.0,0.0,1.0
1431,Casual,0,0.0,0.0,1.0
1432,Power,4,109.11,436.43,1.0
1433,Growth,9,39.03,351.23,4.3
1434,Growth,8,60.8,486.44,3.8
1435,Dormant,0,0.0,0.0,1.0
1436,Growth,3,51.29,153.87,1.0
1437,Casual,1,25.71,25.71,4.0
1438,Dormant,0,0.0,0.0,1.0
1439,Dormant,0,0.0,0.0,1.0
1440,Growth,9,56.33,507.01,2.8
1441,Power,7,133.39,933.73,2.5
1442,Growth,1,65.0,65.0,2.4
1443,Power,5,94.4,472.0,1.5
1444,Growth,4,53.81,215.26,1.8
1445,Casual,1,12.44,12.44,2.0
1446,Dormant,0,0.0,0.0,1.0
1447,Casual,0,0.0,0.0,1.0
1448,Casual,1,13.89,13.89,1.0
1449,Growth,1,29.93,29.93,1.1
1450,Dormant,2,9.2,18.39,1.0
1451,Casual,0,0.0,0.0,3.2
1452,Dormant,0,0.0,0.0,1.0
1453,Dormant,0,0.0,0.0,6.3
1454,Growth,3,64.22,192.65,1.0
1455,Power,5,112.74,563.68,2.5
1456,Growth,3,43.31,129.94,1.0
1457,Casual,1,34.68,34.68,1.7
1458,Dormant,1,14.06,14.06,1.2
1459,Casual,1,25.42,25.42,1.3
1460,Dormant,0,0.0,0.0,1.0
1461,Casual,1,17.49,17.49,1.1
1462,Growth,1,76.27,76.27,1.0
1463,Growth,3,29.42,88.26,1.0
1464,Casual,0,0.0,0.0,3.6
1465,Casual,0,0.0,0.0,1.0
1466,Casual,1,18.8,18.8,1.0
1467,Growth,4,72.75,290.99,3.5
1468,Dormant,2,34.65,69.3,4.1
1469,Growth,9,62.28,560.48,3.3
1470,Dormant,1,16.09,16.09,1.0
1471,Growth,2,65.3,130.59,1.1
1472,Power,4,75.88,303.54,1.0
1473,Casual,0,0.0,0.0,1.0
1474,Casual,1,32.95,32.95,6.0
1475,Casual,3,58.21,174.63,2.3
1476,Casual,2,24.05,48.11,1.4
1477,Dormant,3,14.26,42.78,2.9
1478,Casual,3,11.94,35.82,6.3
1479,Casual,1,12.01,12.01,1.1
1480,Casual,2,31.74,63.48,1.0
1481,Power,11,103.81,1141.89,2.2
1482,Casual,1,17.95,17.95,1.0
1483,Growth,4,41.69,166.74,2.6
1484,Casual,1,32.35,32.35,1.0
1485,Power,12,87.88,1054.61,5.2
1486,Dormant,0,0.0,0.0,1.0
1487,Casual,3,29.24,87.72,4.1
1488,Dormant,0,0.0,0.0,1.0
1489,Casual,0,0.0,0.0,1.3
1490,Power,12,87.82,1053.82,1.9
1491,Dormant,0,0.0,0.0,2.2
1492,Casual,0,0.0,0.0,3.5
1493,Dormant,0,0.0,0.0,1.3
1494,Casual,0,0.0,0.0,1.0
1495,Casual,0,0.0,0.0,3.1
1496,Dormant,0,0.0,0.0,2.6
1497,Casual,0,0.0,0.0,1.0
1498,Growth,4,50.33,201.31,4.6
1499,Casual,1,24.47,24.47,1.4
1500,Casual,1,30.03,30.03,1.0
1501,Dormant,0,0.0,0.0,2.3
1502,Casual,0,0.0,0.0,1.0
1503,Casual,3,21.4,64.2,3.2
1504,Dormant,0,0.0,0.0,3.6
1505,Casual,1,39.75,39.75,1.0
1506,Dormant,0,0.0,0.0,1.0
1507,Casual,1,37.36,37.36,2.3
1508,Growth,6,51.84,311.04,2.1
1509,Dormant,0,0.0,0.0,6.2
1510,Growth,13,43.65,567.49,8.7
1511,Growth,5,74.38,371.91,2.7
1512,Casual,1,42.29,42.29,1.0
1513,Dormant,1,7.38,7.38,1.0
1514,Dormant,0,0.0,0.0,1.3
1515,Growth,0,0.0,0.0,1.0
1516,Power,6,125.48,752.88,4.4
1517,Dormant,0,0.0,0.0,1.0
1518,Growth,4,54.41,217.64,6.0
1519,Growth,7,44.59,312.15,6.8
1520,Growth,2,57.8,115.61,1.7
1521,Casual,3,55.95,167.85,7.8
1522,Dormant,0,0.0,0.0,1.9
1523,Dormant,0,0.0,0.0,1.1
1524,Dormant,0,0.0,0.0,1.0
1525,Growth,0,0.0,0.0,1.0
1526,Growth,1,56.58,56.58,1.0
1527,Casual,0,0.0,0.0,1.0
1528,Growth,2,49.28,98.55,1.0
1529,Growth,8,37.04,296.29,3.6
1530,Growth,3,52.13,156.4,3.0
1531,Growth,8,58.14,465.12,4.8
1532,Casual,3,24.73,74.2,4.8
1533,Dormant,0,0.0,0.0,1.6
1534,Power,3,82.56,247.67,1.0
1535,Casual,1,58.06,58.06,4.0
1536,Dormant,0,0.0,0.0,1.0
1537,Dormant,0,0.0,0.0,1.0
1538,Dormant,0,0.0,0.0,1.0
1539,Casual,1,70.02,70.02,1.0
1540,Dormant,0,0.0,0.0,1.0
1541,Growth,4,46.3,185.21,2.7
1542,Casual,0,0.0,0.0,1.3
1543,Growth,5,53.25,266.23,4.4
1544,Casual,0,0.0,0.0,1.0
1545,Casual,3,26.93,80.79,1.0
1546,Growth,2,24.77,49.53,1.2
1547,Dormant,0,0.0,0.0,1.0
1548,Growth,14,60.22,843.09,9.9
1549,Growth,4,33.33,133.32,5.7
1550,Growth,5,62.3,311.49,2.2
1551,Casual,0,0.0,0.0,1.0
1552,Growth,3,26.61,79.82,1.7
1553,Casual,0,0.0,0.0,1.3
1554,Growth,11,43.16,474.72,5.2
1555,Dormant,1,15.67,15.67,1.2
1556,Dormant,0,0.0,0.0,1.0
1557,Casual,8,25.45,203.56,6.7
1558,Casual,3,40.71,122.14,1.5
1559,Dormant,0,0.0,0.0,1.6
1560,Dormant,1,10.91,10.91,1.0
1561,Casual,0,0.0,0.0,1.0
1562,Dormant,0,0.0,0.0,3.5
1563,Dormant,1,32.68,32.68,1.0
1564,Dormant,0,0.0,0.0,1.5
1565,Casual,0,0.0,0.0,1.0
1566,Power,22,114.51,2519.16,8.4
1567,Power,4,116.63,466.54,1.8
1568,Casual,0,0.0,0.0,1.8
1569,Casual,2,30.92,61.83,3.2
1570,Casual,0,0.0,0.0,1.0
1571,Casual,1,32.84,32.84,1.0
1572,Casual,1,21.57,21.57,3.7
1573,Dormant,0,0.0,0.0,1.1
1574,Power,0,0.0,0.0,1.0
1575,Growth,3,61.0,182.99,1.8
1576,Dormant,1,15.94,15.94,2.1
1577,Dormant,2,13.52,27.04,5.7
1578,Dormant,0,0.0,0.0,1.0
1579,Dormant,0,0.0,0.0,1.0
1580,Dormant,0,0.0,0.0,1.0
1581,Growth,3,44.58,133.74,5.6
1582,Casual,2,27.77,55.55,5.6
1583,Growth,20,48.67,973.49,10.4
1584,Casual,2,13.12,26.25,3.3
1585,Dormant,0,0.0,0.0,1.0
1586,Growth,4,43.07,172.28,2.0
1587,Casual,1,31.79,31.79,1.0
1588,Growth,2,49.38,98.76,2.6
1589,Growth,3,86.42,259.25,3.4
1590,Growth,1,43.92,43.92,1.0
1591,Power,10,124.58,1245.78,3.7
1592,Dormant,1,5.85,5.85,1.6
1593,Casual,1,38.4,38.4,2.1
1594,Dormant,0,0.0,0.0,1.0
1595,Dormant,0,0.0,0.0,1.0
1596,Growth,5,59.35,296.74,2.8
1597,Growth,5,51.15,255.77,1.8
1598,Dormant,0,0.0,0.0,1.0
1599,Growth,1,42.78,42.78,1.5
1600,Dormant,0,0.0,0.0,1.0
1601,Growth,1,31.16,31.16,3.2
1602,Casual,0,0.0,0.0,1.0
1603,Dormant,0,0.0,0.0,1.0
1604,Growth,1,45.09,45.09,1.4
1605,Growth,1,99.74,99.74,1.0
1606,Dormant,0,0.0,0.0,1.0
1607,Growth,1,71.94,71.94,1.2
1608,Casual,0,0.0,0.0,2.5
1609,Casual,1,10.94,10.94,1.0
1610,Growth,3,50.7,152.11,2.6
1611,Dormant,0,0.0,0.0,1.0
1612,Dormant,0,0.0,0.0,1.2
1613,Casual,4,40.68,162.74,6.3
1614,Dormant,0,0.0,0.0,1.0
1615,Growth,1,63.28,63.28,1.0
1616,Power,3,186.19,558.56,1.1
1617,Casual,1,24.38,24.38,1.0
1618,Dormant,0,0.0,0.0,1.0
1619,Power,8,171.11,1368.88,2.2
1620,Growth,2,48.66,97.31,1.2
1621,Casual,2,28.51,57.02,2.7
1622,Dormant,1,12.43,12.43,8.4
1623,Power,5,84.77,423.84,1.0
1624,Casual,0,0.0,0.0,1.1
1625,Dormant,1,27.2,27.2,1.0
1626,Casual,3,40.42,121.25,3.4
1627,Growth,7,43.2,302.4,2.4
1628,Growth,10,59.52,595.21,6.9
1629,Casual,1,18.39,18.39,1.6
1630,Casual,1,24.74,24.74,1.0
1631,Dormant,0,0.0,0.0,1.0
1632,Casual,0,0.0,0.0,1.0
1633,Dormant,0,0.0,0.0,1.0
1634,Dormant,1,26.93,26.93,3.7
1635,Casual,0,0.0,0.0,1.2
1636,Casual,1,75.64,75.64,1.5
1637,Dormant,0,0.0,0.0,3.8
1638,Growth,0,0.0,0.0,1.0
1639,Dormant,0,0.0,0.0,1.0
1640,Dormant,1,22.55,22.55,1.4
1641,Power,17,76.38,1298.52,6.6
1642,Casual,2,33.24,66.47,4.4
1643,Growth,3,49.7,149.09,1.0
1644,Growth,3,50.25,150.74,4.0
1645,Casual,1,26.11,26.11,1.0
1646,Growth,2,30.3,60.61,1.3
1647,Dormant,3,26.55,79.66,3.6
1648,Dormant,0,0.0,0.0,1.0
1649,Dormant,0,0.0,0.0,1.0
1650,Growth,7,38.36,268.5,6.0
1651,Growth,1,54.62,54.62,1.0
1652,Growth,6,89.17,535.0,4.6
1653,Growth,3,49.76,149.28,1.0
1654,Dormant,0,0.0,0.0,1.0
1655,Casual,1,37.34,37.34,4.8
1656,Growth,2,40.49,80.98,1.3
1657,Dormant,0,0.0,0.0,1.0
1658,Casual,1,24.1,24.1,1.0
1659,Power,1,77.0,77.0,1.0
1660,Growth,5,83.49,417.44,4.3
1661,Casual,0,0.0,0.0,1.0
1662,Dormant,0,0.0,0.0,1.0
1663,Growth,2,29.69,59.38,1.3
1664,Dormant,0,0.0,0.0,2.3
1665,Dormant,0,0.0,0.0,2.4
1666,Dormant,2,9.53,19.06,6.3
1667,Growth,5,44.77,223.86,6.2
1668,Power,13,92.66,1204.56,5.4
1669,Dormant,0,0.0,0.0,1.0
1670,Growth,9,78.25,704.26,4.6
1671,Casual,3,59.37,178.12,2.5
1672,Dormant,0,0.0,0.0,2.3
1673,Growth,19,56.49,1073.33,10.0
1674,Dormant,0,0.0,0.0,1.6
1675,Dormant,0,0.0,0.0,1.0
1676,Dormant,0,0.0,0.0,1.4
1677,Casual,0,0.0,0.0,1.6
1678,Dormant,1,14.81,14.81,1.0
1679,Casual,0,0.0,0.0,1.0
1680,Dormant,1,16.12,16.12,1.0
1681,Dormant,0,0.0,0.0,4.4
1682,Dormant,0,0.0,0.0,1.0
1683,Growth,1,48.59,48.59,1.0
1684,Power,9,97.42,876.79,3.2
1685,Growth,1,38.43,38.43,1.2
1686,Casual,3,30.24,90.71,2.2
1687,Casual,0,0.0,0.0,1.1
1688,Casual,2,22.33,44.65,2.2
1689,Casual,1,27.27,27.27,1.0
1690,Dormant,0,0.0,0.0,1.0
1691,Dormant,0,0.0,0.0,1.2
1692,Growth,3,81.71,245.12,2.2
1693,Dormant,2,16.03,32.06,4.7
1694,Casual,1,73.6,73.6,1.1
1695,Casual,2,19.89,39.77,1.0
1696,Growth,2,57.43,114.86,3.5
1697,Dormant,0,0.0,0.0,1.0
1698,Dormant,0,0.0,0.0,1.0
1699,Dormant,0,0.0,0.0,1.0
1700,Dormant,2,20.64,41.29,2.8
1701,Dormant,0,0.0,0.0,1.5
1702,Growth,12,57.09,685.08,8.0
1703,Casual,1,10.52,10.52,3.1
1704,Casual,1,38.04,38.04,1.0
1705,Dormant,0,0.0,0.0,3.2
1706,Power,7,107.12,749.86,1.5
1707,Casual,4,29.31,117.23,5.8
1708,Dormant,0,0.0,0.0,1.0
1709,Growth,5,39.47,197.36,3.8
1710,Dormant,0,0.0,0.0,1.0
1711,Casual,1,20.05,20.05,1.0
1712,Dormant,0,0.0,0.0,1.0
1713,Dormant,0,0.0,0.0,2.3
1714,Growth,2,70.34,140.68,1.0
1715,Dormant,1,19.47,19.47,3.0
1716,Growth,3,48.86,146.57,1.0
1717,Casual,0,0.0,0.0,1.0
1718,Casual,0,0.0,0.0,1.0
1719,Dormant,0,0.0,0.0,1.0
1720,Power,6,94.62,567.7,2.9
1721,Growth,0,0.0,0.0,1.0
1722,Dormant,2,12.84,25.67,5.7
1723,Casual,0,0.0,0.0,1.0
1724,Casual,0,0.0,0.0,1.0
1725,Power,16,116.76,1868.17,4.7
1726,Growth,2,66.2,132.4,3.5
1727,Dormant,0,0.0,0.0,1.2
1728,Power,3,173.84,521.52,1.3
1729,Casual,0,0.0,0.0,1.0
1730,Dormant,0,0.0,0.0,1.1
1731,Power,11,98.2,1080.19,3.4
1732,Dormant,0,0.0,0.0,1.0
1733,Growth,2,78.18,156.35,3.8
1734,Dormant,0,0.0,0.0,2.2
1735,Dormant,0,0.0,0.0,3.1
1736,Dormant,0,0.0,0.0,1.0
1737,Growth,9,57.58,518.19,5.0
1738,Casual,1,62.95,62.95,2.1
1739,Dormant,0,0.0,0.0,1.0
1740,Growth,7,35.55,248.85,3.3
1741,Growth,10,54.95,549.52,4.0
1742,Power,34,115.87,3939.47,11.0
1743,Dormant,0,0.0,0.0,1.9
1744,Dormant,0,0.0,0.0,1.8
1745,Casual,1,12.07,12.07,1.0
1746,Dormant,0,0.0,0.0,1.0
1747,Casual,1,33.47,33.47,1.0
1748,Casual,2,25.78,51.55,3.7
1749,Casual,1,167.51,167.51,1.0
1750,Casual,3,50.93,152.78,2.1
1751,Growth,1,39.83,39.83,1.0
1752,Dormant,0,0.0,0.0,1.0
1753,Dormant,0,0.0,0.0,1.0
1754,Growth,2,71.68,143.37,1.6
1755,Casual,1,35.32,35.32,1.6
1756,Growth,1,27.02,27.02,1.0
1757,Dormant,0,0.0,0.0,1.1
1758,Dormant,0,0.0,0.0,1.1
1759,Dormant,0,0.0,0.0,1.0
1760,Growth,7,76.44,535.09,3.6
1761,Growth,1,150.69,150.69,1.0
1762,Growth,1,43.65,43.65,1.0
1763,Power,2,112.3,224.6,1.0
1764,Growth,5,95.31,476.55,5.6
1765,Power,9,66.77,600.9,3.8
1766,Dormant,0,0.0,0.0,1.0
1767,Power,11,127.46,1402.1,2.9
1768,Growth,1,24.78,24.78,1.0
1769,Dormant,0,0.0,0.0,1.0
1770,Casual,0,0.0,0.0,2.8
1771,Dormant,0,0.0,0.0,1.0
1772,Casual,1,42.16,42.16,7.8
1773,Dormant,1,27.13,27.13,1.6
1774,Casual,0,0.0,0.0,1.0
1775,Casual,1,27.74,27.74,1.0
1776,Dormant,0,0.0,0.0,1.0
1777,Casual,0,0.0,0.0,1.0
1778,Growth,8,41.32,330.58,3.4
1779,Casual,1,9.09,9.09,1.0
1780,Growth,2,63.98,127.95,3.1
1781,Dormant,1,24.61,24.61,1.0
1782,Growth,3,36.53,109.6,2.9
1783,Growth,4,61.37,245.49,1.0
1784,Growth,17,55.38,941.47,8.0
1785,Dormant,0,0.0,0.0,1.0
1786,Growth,20,44.24,884.83,10.3
1787,Dormant,0,0.0,0.0,1.3
1788,Dormant,0,0.0,0.0,1.0
1789,Power,32,122.07,3906.19,9.1
1790,Dormant,0,0.0,0.0,1.0
1791,Growth,9,56.74,510.69,5.3
1792,Growth,6,58.21,349.28,2.9
1793,Dormant,0,0.0,0.0,1.0
1794,Dormant,1,15.85,15.85,3.7
1795,Growth,4,35.23,140.92,3.1
1796,Casual,1,106.48,106.48,1.4
1797,Growth,1,122.91,122.91,1.7
1798,Casual,0,0.0,0.0,3.1
1799,Casual,1,37.46,37.46,1.5
1800,Casual,2,27.47,54.95,2.7
1801,Casual,0,0.0,0.0,1.0
1802,Growth,1,77.91,77.91,1.0
1803,Dormant,0,0.0,0.0,1.0
1804,Casual,0,0.0,0.0,1.0
1805,Dormant,1,17.34,17.34,1.0
1806,Power,3,107.56,322.68,1.0
1807,Casual,3,39.34,118.02,6.2
1808,Casual,0,0.0,0.0,1.0
1809,Power,2,98.58,197.16,1.0
1810,Growth,1,23.37,23.37,1.1
1811,Casual,0,0.0,0.0,3.6
1812,Dormant,0,0.0,0.0,1.0
1813,Growth,0,0.0,0.0,1.0
1814,Dormant,0,0.0,0.0,4.2
1815,Casual,0,0.0,0.0,1.0
1816,Dormant,0,0.0,0.0,1.0
1817,Casual,1,23.64,23.64,4.4
1818,Casual,1,19.14,19.14,2.3
1819,Casual,2,29.47,58.94,1.0
1820,Dormant,0,0.0,0.0,1.2
1821,Casual,1,108.35,108.35,1.0
1822,Casual,3,42.45,127.35,2.3
1823,Casual,4,32.05,128.22,5.9
1824,Dormant,0,0.0,0.0,1.0
1825,Power,2,53.03,106.05,1.0
1826,Casual,4,30.12,120.47,1.2
1827,Casual,1,12.74,12.74,1.1
1828,Dormant,1,7.97,7.97,3.1
1829,Casual,0,0.0,0.0,1.0
1830,Casual,0,0.0,0.0,3.3
1831,Dormant,0,0.0,0.0,1.0
1832,Casual,2,33.29,66.59,4.3
1833,Growth,3,63.34,190.03,1.3
1834,Growth,5,37.27,186.35,2.2
1835,Power,10,122.24,1222.38,4.2
1836,Power,17,90.02,1530.35,2.8
1837,Casual,1,34.44,34.44,3.8
1838,Dormant,1,23.26,23.26,3.3
1839,Dormant,0,0.0,0.0,3.1
1840,Power,2,60.35,120.7,1.0
1841,Casual,1,21.73,21.73,1.0
1842,Growth,1,41.74,41.74,1.0
1843,Dormant,0,0.0,0.0,1.1
1844,Growth,14,46.52,651.27,10.6
1845,Casual,0,0.0,0.0,1.0
1846,Growth,10,68.86,688.63,6.5
1847,Casual,2,41.76,83.52,3.2
1848,Casual,0,0.0,0.0,1.0
1849,Dormant,0,0.0,0.0,1.0
1850,Growth,2,28.39,56.79,1.2
1851,Dormant,1,19.82,19.82,4.4
1852,Casual,0,0.0,0.0,1.0
1853,Dormant,1,19.16,19.16,1.0
1854,Dormant,0,0.0,0.0,3.1
1855,Dormant,0,0.0,0.0,1.2
1856,Growth,13,52.26,679.38,5.7
1857,Growth,13,56.64,736.34,11.2
1858,Growth,20,61.64,1232.73,11.8
1859,Growth,4,59.92,239.67,1.0
1860,Casual,0,0.0,0.0,1.0
1861,Dormant,0,0.0,0.0,1.0
1862,Dormant,0,0.0,0.0,1.2
1863,Casual,2,28.53,57.05,1.0
1864,Casual,1,26.07,26.07,4.3
1865,Dormant,0,0.0,0.0,1.0
1866,Dormant,0,0.0,0.0,1.0
1867,Growth,2,31.24,62.48,2.3
1868,Casual,0,0.0,0.0,1.0
1869,Dormant,0,0.0,0.0,1.0
1870,Growth,5,56.55,282.76,5.4
1871,Casual,0,0.0,0.0,1.0
1872,Dormant,0,0.0,0.0,3.4
1873,Dormant,1,10.88,10.88,1.0
1874,Dormant,0,0.0,0.0,1.0
1875,Dormant,0,0.0,0.0,1.0
1876,Growth,6,52.8,316.81,3.9
1877,Growth,9,65.0,585.03,8.3
1878,Casual,0,0.0,0.0,1.0
1879,Casual,1,17.97,17.97,1.0
1880,Casual,1,85.85,85.85,1.0
1881,Casual,2,27.38,54.77,2.3
1882,Casual,1,61.79,61.79,1.1
1883,Dormant,0,0.0,0.0,1.3
1884,Growth,6,49.28,295.7,7.0
1885,Growth,3,51.75,155.24,1.0
1886,Growth,7,67.66,473.64,3.9
1887,Growth,1,134.67,134.67,1.0
1888,Dormant,1,7.61,7.61,4.7
1889,Casual,0,0.0,0.0,1.0
1890,Growth,0,0.0,0.0,1.0
1891,Dormant,1,9.07,9.07,1.0
1892,Casual,0,0.0,0.0,1.0
1893,Power,49,114.36,5603.86,13.2
1894,Growth,19,39.45,749.47,13.5
1895,Growth,2,75.08,150.17,1.0
1896,Casual,2,13.85,27.71,1.0
1897,Growth,12,42.08,504.91,5.9
1898,Power,7,113.2,792.39,1.0
1899,Power,3,102.83,308.5,1.0
1900,Casual,0,0.0,0.0,1.0
1901,Power,12,149.76,1797.14,3.6
1902,Dormant,0,0.0,0.0,1.0
1903,Growth,2,53.83,107.66,1.3
1904,Casual,1,37.63,37.63,1.0
1905,Casual,1,29.38,29.38,5.0
1906,Casual,3,67.06,201.17,12.2
1907,Power,3,59.14,177.41,1.0
1908,Dormant,0,0.0,0.0,1.0
1909,Dormant,0,0.0,0.0,1.5
1910,Power,14,118.42,1657.82,4.9
1911,Growth,0,0.0,0.0,1.0
1912,Dormant,1,20.59,20.59,1.9
1913,Casual,1,62.64,62.64,1.0
1914,Growth,0,0.0,0.0,1.0
1915,Growth,7,49.7,347.87,2.9
1916,Casual,3,34.59,103.78,1.0
1917,Dormant,1,27.09,27.09,1.0
1918,Casual,5,23.07,115.36,3.5
1919,Dormant,1,12.69,12.69,1.0
1920,Casual,0,0.0,0.0,1.0
1921,Growth,2,28.48,56.96,1.7
1922,Casual,3,35.81,107.43,5.7
1923,Growth,1,16.29,16.29,1.0
1924,Growth,2,68.29,136.59,1.2
1925,Power,3,97.38,292.14,1.0
1926,Growth,3,46.94,140.81,2.1
1927,Dormant,0,0.0,0.0,1.2
1928,Power,4,119.37,477.5,2.0
1929,Casual,3,19.18,57.55,2.2
1930,Casual,0,0.0,0.0,1.0
1931,Casual,2,28.64,57.29,4.5
1932,Dormant,0,0.0,0.0,1.0
1933,Dormant,1,43.42,43.42,1.5
1934,Dormant,0,0.0,0.0,1.4
1935,Power,113,110.04,12434.43,34.9
1936,Casual,3,36.04,108.13,5.3
1937,Casual,1,45.0,45.0,1.0
1938,Growth,0,0.0,0.0,1.0
1939,Power,33,122.17,4031.74,10.6
1940,Growth,2,17.99,35.99,1.0
1941,Casual,2,33.22,66.43,1.0
1942,Casual,7,35.91,251.4,6.1
1943,Growth,0,0.0,0.0,1.3
1944,Dormant,0,0.0,0.0,1.0
1945,Dormant,0,0.0,0.0,1.0
1946,Growth,3,44.17,132.52,2.5
1947,Dormant,0,0.0,0.0,1.0
1948,Power,6,109.7,658.19,1.7
1949,Dormant,0,0.0,0.0,1.0
1950,Dormant,1,17.34,17.34,7.2
1951,Power,4,83.12,332.47,1.0
1952,Dormant,0,0.0,0.0,1.6
1953,Dormant,0,0.0,0.0,1.0
1954,Dormant,0,0.0,0.0,1.0
1955,Dormant,0,0.0,0.0,1.0
1956,Casual,0,0.0,0.0,1.0
1957,Power,2,114.79,229.59,1.0
1958,Dormant,0,0.0,0.0,1.6
1959,Casual,0,0.0,0.0,2.5
1960,Casual,0,0.0,0.0,1.0
1961,Casual,1,41.42,41.42,1.0
1962,Casual,3,40.56,121.67,3.1
1963,Growth,12,65.65,787.85,9.7
1964,Dormant,0,0.0,0.0,3.2
1965,Power,3,50.56,151.69,1.0
1966,Dormant,0,0.0,0.0,3.5
1967,Dormant,0,0.0,0.0,1.3
1968,Casual,0,0.0,0.0,1.0
1969,Casual,0,0.0,0.0,2.7
1970,Growth,4,49.34,197.34,4.5
1971,Dormant,0,0.0,0.0,1.0
1972,Dormant,0,0.0,0.0,1.0
1973,Casual,2,19.25,38.51,3.5
1974,Growth,4,49.19,196.75,3.2
1975,Growth,2,36.82,73.65,1.5
1976,Casual,3,51.21,153.63,2.9
1977,Dormant,0,0.0,0.0,1.0
1978,Dormant,0,0.0,0.0,1.9
1979,Growth,2,25.33,50.66,1.0
1980,Dormant,1,9.36,9.36,1.0
1981,Casual,0,0.0,0.0,4.1
1982,Dormant,0,0.0,0.0,1.0
1983,Growth,4,42.76,171.04,1.0
1984,Casual,3,27.79,83.36,2.3
1985,Dormant,0,0.0,0.0,1.7
1986,Growth,0,0.0,0.0,1.4
1987,Dormant,1,7.55,7.55,1.5
1988,Dormant,1,9.28,9.28,1.0
1989,Growth,4,37.81,151.23,3.7
1990,Power,58,101.78,5903.25,17.5
1991,Casual,0,0.0,0.0,1.0
1992,Growth,6,57.72,346.34,4.4
1993,Power,9,98.51,886.6,2.9
1994,Casual,4,52.49,209.97,5.9
1995,Dormant,0,0.0,0.0,2.6
1996,Growth,0,0.0,0.0,1.5
1997,Growth,1,74.77,74.77,1.0
1998,Dormant,0,0.0,0.0,1.0
1999,Casual,1,14.11,14.11,1.2
2000,Dormant,0,0.0,0.0,1.0
2001,Casual,0,0.0,0.0,1.0
2002,Dormant,1,35.37,35.37,2.6
2003,Casual,1,38.5,38.5,3.6
2004,Power,39,111.54,4349.95,9.5
2005,Dormant,2,13.65,27.3,6.4
2006,Casual,3,41.67,125.02,6.1
2007,Growth,2,94.78,189.55,1.0
2008,Growth,6,40.99,245.92,8.0
2009,Dormant,0,0.0,0.0,1.9
2010,Power,14,94.79,1327.03,3.6
2011,Growth,3,109.51,328.52,1.0
2012,Growth,1,22.65,22.65,1.0
2013,Casual,1,15.7,15.7,1.0
2014,Casual,2,17.5,35.01,1.9
2015,Casual,1,88.03,88.03,1.6
2016,Growth,2,72.79,145.58,1.0
2017,Power,37,137.15,5074.4,10.1
2018,Casual,2,43.58,87.16,1.7
2019,Casual,1,36.93,36.93,4.0
2020,Casual,2,13.0,25.99,1.2
2021,Power,28,97.68,2735.15,9.1
2022,Power,2,39.42,78.85,1.0
2023,Growth,13,62.69,814.96,8.3
2024,Casual,1,30.01,30.01,1.0
2025,Casual,0,0.0,0.0,1.6
2026,Dormant,0,0.0,0.0,1.4
2027,Casual,0,0.0,0.0,1.0
2028,Casual,0,0.0,0.0,1.0
2029,Casual,1,76.55,76.55,1.0
2030,Power,2,100.99,201.98,1.0
2031,Casual,2,18.94,37.87,1.0
2032,Growth,7,34.71,242.96,5.8
2033,Casual,0,0.0,0.0,2.0
2034,Power,9,135.55,1219.97,2.6
2035,Dormant,0,0.0,0.0,1.0
2036,Dormant,0,0.0,0.0,1.0
2037,Power,38,132.3,5027.3,16.1
2038,Casual,1,48.91,48.91,3.2
2039,Dormant,0,0.0,0.0,1.0
2040,Growth,9,69.79,628.09,9.3
2041,Dormant,0,0.0,0.0,1.0
2042,Casual,2,28.52,57.05,2.4
2043,Dormant,0,0.0,0.0,1.0
2044,Dormant,2,47.83,95.67,2.2
2045,Power,12,120.38,1444.6,4.8
2046,Casual,3,26.55,79.65,4.0
2047,Casual,1,18.23,18.23,1.0
2048,Growth,3,54.0,162.01,2.8
2049,Growth,14,49.64,694.96,8.6
2050,Dormant,0,0.0,0.0,2.4
2051,Power,2,137.87,275.74,1.0
2052,Casual,0,0.0,0.0,1.2
2053,Dormant,0,0.0,0.0,1.0
2054,Growth,6,62.33,373.96,2.1
2055,Casual,0,0.0,0.0,1.0
2056,Dormant,0,0.0,0.0,1.0
2057,Casual,0,0.0,0.0,1.4
2058,Growth,10,45.93,459.26,5.2
2059,Power,64,122.93,7867.46,18.7
2060,Dormant,0,0.0,0.0,1.0
2061,Growth,10,52.58,525.81,6.3
2062,Casual,1,72.71,72.71,1.0
2063,Power,17,109.52,1861.77,5.5
2064,Casual,4,41.28,165.13,3.8
2065,Dormant,1,13.19,13.19,1.0
2066,Casual,1,8.8,8.8,2.9
2067,Dormant,0,0.0,0.0,1.0
2068,Growth,2,54.17,108.33,1.0
2069,Casual,2,42.3,84.6,2.7
2070,Dormant,1,32.81,32.81,1.0
2071,Casual,1,7.25,7.25,5.0
2072,Growth,6,55.57,333.42,2.4
2073,Dormant,1,22.06,22.06,4.3
2074,Casual,1,26.62,26.62,1.0
2075,Casual,0,0.0,0.0,2.5
2076,Dormant,0,0.0,0.0,1.0
2077,Growth,2,50.27,100.54,1.0
2078,Growth,4,84.73,338.94,2.7
2079,Power,12,63.23,758.73,2.7
2080,Casual,1,11.83,11.83,1.3
2081,Growth,5,46.38,231.92,3.1
2082,Dormant,0,0.0,0.0,1.7
2083,Growth,5,73.31,366.56,5.0
2084,Casual,0,0.0,0.0,1.5
2085,Growth,5,60.88,304.41,2.4
2086,Growth,35,55.43,1940.0,14.8
2087,Growth,5,38.91,194.55,1.0
2088,Dormant,0,0.0,0.0,1.3
2089,Casual,0,0.0,0.0,2.8
2090,Casual,0,0.0,0.0,1.0
2091,Dormant,0,0.0,0.0,1.0
2092,Casual,5,19.27,96.34,5.7
2093,Growth,0,0.0,0.0,1.0
2094,Dormant,1,16.98,16.98,2.1
2095,Growth,7,54.13,378.92,3.6
2096,Power,53,112.23,5948.23,14.4
2097,Casual,0,0.0,0.0,2.2
2098,Growth,5,44.78,223.9,3.0
2099,Growth,3,73.63,220.9,2.0
2100,Dormant,0,0.0,0.0,1.1
2101,Growth,23,55.85,1284.66,14.1
2102,Dormant,0,0.0,0.0,1.0
2103,Dormant,0,0.0,0.0,2.2
2104,Casual,2,32.49,64.98,2.1
2105,Dormant,0,0.0,0.0,1.2
2106,Dormant,0,0.0,0.0,1.0
2107,Dormant,0,0.0,0.0,1.0
2108,Growth,1,26.29,26.29,1.1
2109,Growth,4,21.07,84.28,3.3
2110,Casual,2,31.58,63.17,3.9
2111,Casual,0,0.0,0.0,1.0
2112,Growth,0,0.0,0.0,1.0
2113,Casual,0,0.0,0.0,1.0
2114,Power,4,99.13,396.52,1.0
2115,Dormant,0,0.0,0.0,1.0
2116,Growth,0,0.0,0.0,1.0
2117,Power,12,129.59,1555.03,3.1
2118,Power,18,111.21,2001.73,6.6
2119,Growth,6,44.17,265.05,2.4
2120,Growth,10,59.6,596.0,5.7
2121,Power,40,127.29,5091.67,15.7
2122,Growth,2,59.54,119.08,1.0
2123,Growth,19,55.7,1058.24,11.2
2124,Casual,2,24.43,48.87,3.5
2125,Casual,1,40.68,40.68,2.7
2126,Growth,17,51.62,877.47,9.1
2127,Growth,3,73.15,219.46,2.3
2128,Power,11,98.19,1080.14,1.2
2129,Power,7,107.43,752.04,1.4
2130,Growth,4,60.91,243.63,1.0
2131,Dormant,0,0.0,0.0,1.7
2132,Dormant,0,0.0,0.0,1.0
2133,Dormant,1,9.4,9.4,3.1
2134,Casual,1,38.04,38.04,1.5
2135,Casual,0,0.0,0.0,1.0
2136,Growth,1,36.06,36.06,1.0
2137,Dormant,0,0.0,0.0,1.0
2138,Dormant,0,0.0,0.0,1.3
2139,Dormant,1,8.85,8.85,2.0
2140,Dormant,1,10.43,10.43,1.3
2141,Casual,2,14.56,29.12,1.0
2142,Dormant,0,0.0,0.0,1.0
2143,Dormant,1,9.71,9.71,1.2
2144,Growth,3,59.95,179.85,2.1
2145,Dormant,0,0.0,0.0,1.6
2146,Power,3,161.55,484.64,1.1
2147,Dormant,0,0.0,0.0,1.0
2148,Dormant,0,0.0,0.0,1.0
2149,Power,4,132.55,530.19,2.4
2150,Casual,6,39.8,238.8,6.9
2151,Power,1,43.95,43.95,1.1
2152,Dormant,0,0.0,0.0,1.0
2153,Dormant,1,5.65,5.65,1.0
2154,Casual,0,0.0,0.0,1.6
2155,Dormant,0,0.0,0.0,1.0
2156,Power,1,79.71,79.71,1.0
2157,Growth,5,42.63,213.17,6.1
2158,Casual,1,57.17,57.17,1.0
2159,Power,7,93.43,654.04,1.3
2160,Casual,0,0.0,0.0,1.0
2161,Growth,2,22.56,45.13,1.0
2162,Casual,0,0.0,0.0,1.1
2163,Casual,1,13.51,13.51,1.0
2164,Dormant,0,0.0,0.0,1.1
2165,Growth,0,0.0,0.0,1.0
2166,Dormant,0,0.0,0.0,1.0
2167,Casual,0,0.0,0.0,1.0
2168,Growth,6,54.42,326.54,6.1
2169,Casual,1,16.37,16.37,1.0
2170,Casual,2,38.72,77.44,3.0
2171,Growth,8,55.43,443.44,6.6
2172,Casual,0,0.0,0.0,1.6
2173,Growth,1,69.15,69.15,1.4
2174,Growth,6,45.39,272.32,5.5
2175,Casual,0,0.0,0.0,2.4
2176,Casual,1,19.71,19.71,1.8
2177,Dormant,0,0.0,0.0,1.8
2178,Growth,2,68.44,136.88,1.0
2179,Dormant,0,0.0,0.0,2.2
2180,Dormant,2,27.64,55.28,1.0
2181,Dormant,0,0.0,0.0,1.4
2182,Dormant,0,0.0,0.0,1.3
2183,Growth,16,58.04,928.56,7.0
2184,Casual,1,26.79,26.79,2.1
2185,Growth,14,59.39,831.53,7.3
2186,Dormant,0,0.0,0.0,1.0
2187,Casual,3,22.54,67.63,1.6
2188,Growth,1,65.94,65.94,1.0
2189,Dormant,0,0.0,0.0,1.0
2190,Power,9,104.58,941.18,2.7
2191,Casual,0,0.0,0.0,1.0
2192,Dormant,0,0.0,0.0,1.0
2193,Power,16,107.1,1713.6,5.7
2194,Casual,1,123.0,123.0,3.6
2195,Dormant,1,22.19,22.19,1.0
2196,Power,4,152.15,608.59,1.0
2197,Casual,2,17.53,35.07,2.7
2198,Growth,0,0.0,0.0,1.0
2199,Casual,0,0.0,0.0,1.0
2200,Power,63,140.68,8862.89,22.8
2201,Dormant,0,0.0,0.0,1.0
2202,Dormant,0,0.0,0.0,1.0
2203,Growth,1,141.98,141.98,1.0
2204,Growth,2,26.8,53.59,1.0
2205,Casual,0,0.0,0.0,1.0
2206,Dormant,0,0.0,0.0,1.2
2207,Casual,0,0.0,0.0,1.0
2208,Growth,3,61.24,183.73,2.2
2209,Power,3,131.28,393.83,1.0
2210,Dormant,0,0.0,0.0,2.5
2211,Casual,1,63.88,63.88,1.2
2212,Dormant,0,0.0,0.0,1.0
2213,Casual,2,44.2,88.4,1.0
2214,Dormant,0,0.0,0.0,1.0
2215,Power,13,102.52,1332.77,2.8
2216,Power,9,101.76,915.82,2.7
2217,Dormant,0,0.0,0.0,3.4
2218,Dormant,2,14.72,29.45,4.4
2219,Growth,8,51.32,410.57,4.4
2220,Growth,10,49.54,495.35,5.9
2221,Casual,1,56.79,56.79,1.0
2222,Casual,1,32.8,32.8,3.0
2223,Growth,13,70.11,911.47,11.0
2224,Dormant,1,11.89,11.89,7.1
2225,Growth,15,58.79,881.85,10.1
2226,Dormant,1,136.67,136.67,2.7
2227,Power,20,106.44,2128.88,6.8
2228,Power,53,105.91,5613.49,22.5
2229,Casual,0,0.0,0.0,1.0
2230,Growth,1,21.87,21.87,1.0
2231,Casual,1,15.09,15.09,1.2
2232,Power,11,88.33,971.65,2.4
2233,Dormant,0,0.0,0.0,2.9
2234,Dormant,0,0.0,0.0,3.0
2235,Dormant,0,0.0,0.0,1.0
2236,Growth,3,87.85,263.54,1.0
2237,Growth,7,47.87,335.11,4.6
2238,Casual,0,0.0,0.0,1.0
2239,Casual,2,26.15,52.3,2.0
2240,Growth,7,58.61,410.25,7.5
2241,Power,11,106.76,1174.4,4.4
2242,Casual,1,47.99,47.99,1.5
2243,Growth,0,0.0,0.0,1.0
2244,Casual,0,0.0,0.0,1.0
2245,Growth,2,52.03,104.07,2.8
2246,Growth,1,109.68,109.68,1.0
2247,Casual,1,7.03,7.03,5.1
2248,Casual,2,22.21,44.41,1.0
2249,Growth,5,35.97,179.83,3.3
2250,Casual,0,0.0,0.0,1.0
2251,Dormant,0,0.0,0.0,1.0
2252,Casual,0,0.0,0.0,1.5
2253,Casual,0,0.0,0.0,1.4
2254,Dormant,0,0.0,0.0,1.0
2255,Casual,0,0.0,0.0,1.0
2256,Dormant,1,23.28,23.28,2.9
2257,Dormant,1,26.08,26.08,3.0
2258,Power,23,102.13,2348.94,5.2
2259,Casual,0,0.0,0.0,1.8
2260,Dormant,0,0.0,0.0,1.0
2261,Dormant,1,22.64,22.64,1.5
2262,Casual,0,0.0,0.0,1.0
2263,Power,64,100.47,6430.35,17.5
2264,Casual,0,0.0,0.0,1.4
2265,Growth,13,55.74,724.68,11.3
2266,Dormant,0,0.0,0.0,1.0
2267,Casual,1,48.93,48.93,2.3
2268,Dormant,0,0.0,0.0,1.0
2269,Dormant,0,0.0,0.0,1.0
2270,Casual,0,0.0,0.0,1.0
2271,Casual,1,40.65,40.65,1.0
2272,Dormant,0,0.0,0.0,1.0
2273,Dormant,0,0.0,0.0,1.0
2274,Dormant,0,0.0,0.0,1.0
2275,Power,41,102.86,4217.32,13.4
2276,Casual,0,0.0,0.0,1.3
2277,Growth,2,40.86,81.73,5.7
2278,Dormant,1,17.78,17.78,1.0
2279,Casual,2,40.14,80.28,3.0
2280,Casual,3,32.97,98.92,2.6
2281,Growth,3,51.97,155.91,1.0
2282,Growth,5,67.43,337.17,1.3
2283,Dormant,0,0.0,0.0,1.4
2284,Growth,3,29.74,89.21,1.8
2285,Power,17,95.82,1628.99,6.7
2286,Dormant,0,0.0,0.0,4.7
2287,Dormant,0,0.0,0.0,2.6
2288,Growth,1,26.05,26.05,1.3
2289,Growth,4,67.95,271.79,2.6
2290,Dormant,0,0.0,0.0,1.0
2291,Dormant,0,0.0,0.0,1.0
2292,Casual,1,38.24,38.24,1.0
2293,Growth,3,47.84,143.51,1.2
2294,Growth,2,64.16,128.32,4.2
2295,Power,3,121.31,363.94,1.1
2296,Dormant,1,8.13,8.13,2.9
2297,Power,135,111.26,15020.57,41.4
2298,Power,6,158.48,950.85,1.0
2299,Dormant,0,0.0,0.0,1.0
2300,Dormant,0,0.0,0.0,1.0
2301,Dormant,1,20.77,20.77,2.0
2302,Casual,0,0.0,0.0,1.0
2303,Casual,0,0.0,0.0,1.0
2304,Casual,1,34.79,34.79,4.1
2305,Growth,1,59.0,59.0,2.2
2306,Casual,1,11.24,11.24,1.1
2307,Casual,1,44.59,44.59,1.0
2308,Casual,1,47.92,47.92,2.8
2309,Dormant,0,0.0,0.0,1.0
2310,Dormant,0,0.0,0.0,1.4
2311,Power,4,55.47,221.88,1.1
2312,Casual,1,29.92,29.92,5.7
2313,Growth,2,20.12,40.24,1.0
2314,Growth,1,105.06,105.06,1.7
2315,Growth,2,32.8,65.6,1.0
2316,Growth,1,21.27,21.27,1.0
2317,Dormant,0,0.0,0.0,1.0
2318,Casual,0,0.0,0.0,1.0
2319,Dormant,0,0.0,0.0,2.0
2320,Power,9,101.35,912.18,3.5
2321,Power,1,57.83,57.83,1.0
2322,Casual,0,0.0,0.0,1.3
2323,Power,18,100.36,1806.45,4.3
2324,Growth,29,54.01,1566.19,15.8
2325,Dormant,0,0.0,0.0,1.0
2326,Growth,2,25.65,51.29,1.0
2327,Growth,3,91.56,274.69,1.0
2328,Casual,2,21.43,42.86,6.5
2329,Casual,3,16.94,50.82,10.9
2330,Casual,1,54.2,54.2,1.1
2331,Casual,4,41.72,166.87,2.1
2332,Dormant,1,11.57,11.57,3.3
2333,Growth,6,46.67,280.03,4.0
2334,Casual,2,15.17,30.34,3.7
2335,Dormant,0,0.0,0.0,1.0
2336,Dormant,0,0.0,0.0,1.0
2337,Casual,0,0.0,0.0,1.0
2338,Casual,1,23.76,23.76,1.0
2339,Power,15,104.52,1567.85,5.5
2340,Growth,6,34.98,209.86,6.1
2341,Power,4,74.55,298.18,1.0
2342,Dormant,0,0.0,0.0,1.0
2343,Growth,4,39.5,158.01,5.8
2344,Dormant,0,0.0,0.0,1.5
2345,Power,14,142.7,1997.83,4.7
2346,Dormant,0,0.0,0.0,1.0
2347,Dormant,0,0.0,0.0,2.6
2348,Power,61,96.29,5873.63,23.7
2349,Power,53,114.65,6076.58,15.9
2350,Power,17,119.4,2029.82,4.5
2351,Dormant,0,0.0,0.0,1.6
2352,Growth,3,76.86,230.58,1.4
2353,Casual,0,0.0,0.0,1.0
2354,Casual,0,0.0,0.0,1.0
2355,Dormant,0,0.0,0.0,1.0
2356,Casual,0,0.0,0.0,1.0
2357,Casual,1,23.37,23.37,1.5
2358,Dormant,0,0.0,0.0,2.3
2359,Growth,2,50.09,100.17,1.0
2360,Dormant,2,15.23,30.46,4.2
2361,Power,3,62.33,186.99,2.1
2362,Casual,0,0.0,0.0,1.0
2363,Dormant,0,0.0,0.0,1.3
2364,Casual,0,0.0,0.0,1.0
2365,Dormant,0,0.0,0.0,1.0
2366,Growth,0,0.0,0.0,1.1
2367,Casual,1,20.77,20.77,2.8
2368,Casual,0,0.0,0.0,1.0
2369,Casual,1,26.38,26.38,1.0
2370,Casual,2,16.53,33.05,1.8
2371,Growth,1,69.35,69.35,2.1
2372,Growth,17,57.55,978.28,15.3
2373,Growth,7,41.95,293.66,2.6
2374,Casual,3,77.34,232.03,6.8
2375,Growth,2,84.29,168.58,1.0
2376,Dormant,0,0.0,0.0,1.0
2377,Casual,2,80.45,160.91,3.0
2378,Growth,3,75.19,225.56,1.0
2379,Dormant,0,0.0,0.0,1.1
2380,Dormant,0,0.0,0.0,1.5
2381,Growth,6,60.79,364.73,4.5
2382,Growth,1,82.35,82.35,1.0
2383,Power,32,106.0,3392.03,11.2
2384,Power,39,106.47,4152.22,9.6
2385,Dormant,0,0.0,0.0,1.0
2386,Dormant,1,40.03,40.03,1.9
2387,Power,2,94.34,188.68,1.0
2388,Dormant,0,0.0,0.0,4.3
2389,Power,9,86.94,782.43,3.1
2390,Casual,0,0.0,0.0,3.8
2391,Dormant,0,0.0,0.0,1.0
2392,Growth,1,35.42,35.42,2.0
2393,Power,11,107.87,1186.6,4.4
2394,Casual,1,41.08,41.08,1.0
2395,Dormant,0,0.0,0.0,1.0
2396,Growth,0,0.0,0.0,1.6
2397,Growth,1,68.88,68.88,1.0
2398,Growth,6,54.42,326.51,4.9
2399,Casual,3,42.12,126.35,3.3
2400,Casual,1,10.14,10.14,2.2
2401,Dormant,0,0.0,0.0,1.0
2402,Dormant,0,0.0,0.0,1.0
2403,Dormant,0,0.0,0.0,1.0
2404,Dormant,1,22.17,22.17,3.0
2405,Growth,2,55.94,111.88,1.0
2406,Casual,1,81.62,81.62,5.0
2407,Growth,4,75.19,300.76,1.6
2408,Growth,2,55.13,110.26,2.1
2409,Dormant,0,0.0,0.0,1.0
2410,Dormant,0,0.0,0.0,1.0
2411,Dormant,0,0.0,0.0,1.0
2412,Casual,1,19.38,19.38,1.6
2413,Casual,2,18.15,36.31,4.5
2414,Casual,1,46.91,46.91,1.0
2415,Power,12,90.43,1085.14,3.3
2416,Growth,11,56.61,622.74,6.9
2417,Casual,0,0.0,0.0,1.0
2418,Power,4,121.01,484.05,1.1
2419,Dormant,0,0.0,0.0,1.0
2420,Growth,12,62.09,745.08,7.0
2421,Growth,14,47.81,669.4,11.5
2422,Dormant,0,0.0,0.0,1.0
2423,Power,8,91.98,735.86,1.0
2424,Dormant,0,0.0,0.0,1.0
2425,Dormant,2,11.9,23.81,2.4
2426,Power,15,84.2,1263.05,5.8
2427,Dormant,3,22.1,66.3,6.1
2428,Casual,1,12.07,12.07,3.2
2429,Dormant,0,0.0,0.0,1.0
2430,Dormant,0,0.0,0.0,1.0
2431,Dormant,0,0.0,0.0,1.0
2432,Casual,1,12.45,12.45,1.0
2433,Growth,3,77.96,233.87,2.2
2434,Dormant,1,12.95,12.95,1.9
2435,Dormant,0,0.0,0.0,1.0
2436,Casual,0,0.0,0.0,1.0
2437,Casual,2,46.82,93.65,1.0
2438,Casual,0,0.0,0.0,1.0
2439,Dormant,0,0.0,0.0,1.0
2440,Dormant,0,0.0,0.0,3.2
2441,Growth,7,62.13,434.89,5.7
2442,Growth,17,56.07,953.2,11.7
2443,Casual,1,13.28,13.28,1.0
2444,Casual,4,36.63,146.52,2.8
2445,Casual,1,97.81,97.81,1.7
2446,Power,5,80.69,403.46,1.0
2447,Casual,0,0.0,0.0,1.4
2448,Casual,0,0.0,0.0,1.8
2449,Casual,4,26.75,107.0,1.0
2450,Casual,2,27.79,55.57,3.0
2451,Dormant,1,30.23,30.23,3.5
2452,Casual,4,30.15,120.59,4.0
2453,Dormant,0,0.0,0.0,1.0
2454,Casual,0,0.0,0.0,1.0
2455,Casual,1,27.65,27.65,1.0
2456,Casual,0,0.0,0.0,1.0
2457,Power,5,114.21,571.06,1.6
2458,Growth,1,24.78,24.78,1.0
2459,Casual,1,45.52,45.52,4.3
2460,Dormant,0,0.0,0.0,1.0
2461,Casual,0,0.0,0.0,1.2
2462,Power,18,118.81,2138.58,6.2
2463,Casual,1,37.62,37.62,3.2
2464,Growth,1,45.96,45.96,1.0
2465,Dormant,1,9.49,9.49,2.5
2466,Dormant,0,0.0,0.0,1.7
2467,Casual,4,23.97,95.89,4.3
2468,Casual,0,0.0,0.0,1.0
2469,Growth,8,47.88,383.04,8.8
2470,Casual,0,0.0,0.0,1.0
2471,Dormant,0,0.0,0.0,2.1
2472,Dormant,0,0.0,0.0,1.0
2473,Casual,2,16.68,33.37,3.8
2474,Casual,2,28.07,56.14,2.3
2475,Power,8,91.04,728.31,2.0
2476,Growth,2,40.72,81.43,1.8
2477,Growth,8,62.38,499.05,3.3
2478,Casual,0,0.0,0.0,1.0
2479,Dormant,1,29.14,29.14,2.3
2480,Casual,0,0.0,0.0,3.4
2481,Growth,3,61.1,183.31,1.2
2482,Power,16,99.44,1591.12,4.6
2483,Growth,2,46.15,92.31,1.2
2484,Dormant,0,0.0,0.0,1.0
2485,Casual,1,21.41,21.41,2.2
2486,Dormant,0,0.0,0.0,1.1
2487,Dormant,0,0.0,0.0,1.0
2488,Power,14,119.08,1667.07,5.4
2489,Casual,0,0.0,0.0,1.0
2490,Dormant,0,0.0,0.0,2.0
2491,Casual,0,0.0,0.0,1.2
2492,Power,27,94.04,2538.99,10.1
2493,Dormant,0,0.0,0.0,2.4
2494,Dormant,1,22.72,22.72,2.6
2495,Casual,2,26.3,52.61,1.0
2496,Casual,2,21.2,42.39,1.0
2497,Growth,1,94.95,94.95,1.5
2498,Dormant,0,0.0,0.0,1.0
2499,Casual,0,0.0,0.0,3.5
2500,Power,21,101.66,2134.94,5.8
2501,Dormant,0,0.0,0.0,1.0
2502,Dormant,0,0.0,0.0,2.5
2503,Dormant,0,0.0,0.0,1.0
2504,Growth,3,33.45,100.34,1.7
2505,Power,17,101.25,1721.21,4.3
2506,Dormant,1,33.88,33.88,3.3
2507,Dormant,0,0.0,0.0,3.4
2508,Casual,0,0.0,0.0,2.5
2509,Casual,0,0.0,0.0,1.0
2510,Casual,0,0.0,0.0,1.0
2511,Casual,2,33.02,66.04,3.9
2512,Power,7,97.56,682.92,3.2
2513,Power,19,112.29,2133.59,5.4
2514,Growth,2,110.4,220.79,1.0
2515,Dormant,0,0.0,0.0,6.2
2516,Growth,3,65.6,196.8,3.6
2517,Growth,1,47.6,47.6,1.0
2518,Casual,4,36.92,147.7,2.3
2519,Growth,3,76.81,230.44,1.0
2520,Growth,1,11.02,11.02,1.0
2521,Casual,1,26.01,26.01,1.2
2522,Casual,0,0.0,0.0,1.0
2523,Casual,1,40.67,40.67,2.6
2524,Dormant,1,11.65,11.65,1.0
2525,Growth,0,0.0,0.0,2.8
2526,Dormant,1,25.27,25.27,1.5
2527,Dormant,0,0.0,0.0,1.0
2528,Dormant,0,0.0,0.0,1.0
2529,Casual,1,10.47,10.47,1.0
2530,Casual,2,26.44,52.88,7.9
2531,Casual,0,0.0,0.0,1.0
2532,Dormant,0,0.0,0.0,1.0
2533,Power,3,111.74,335.23,1.0
2534,Dormant,0,0.0,0.0,1.4
2535,Casual,1,18.81,18.81,1.0
2536,Dormant,1,9.32,9.32,1.0
2537,Casual,3,37.77,113.31,1.2
2538,Power,1,153.59,153.59,2.1
2539,Casual,6,37.87,227.25,1.0
2540,Casual,1,103.7,103.7,1.0
2541,Casual,3,40.91,122.72,4.1
2542,Growth,7,74.41,520.89,4.6
2543,Growth,0,0.0,0.0,1.0
2544,Casual,0,0.0,0.0,1.9
2545,Casual,1,11.72,11.72,1.0
2546,Dormant,0,0.0,0.0,1.0
2547,Growth,10,61.12,611.19,7.8
2548,Growth,2,100.29,200.58,1.0
2549,Growth,10,58.14,581.36,5.5
2550,Casual,4,34.96,139.83,13.9
2551,Casual,1,13.34,13.34,1.9
2552,Casual,3,29.83,89.5,3.6
2553,Dormant,1,6.22,6.22,3.3
2554,Growth,0,0.0,0.0,1.0
2555,Dormant,2,24.28,48.56,2.3
2556,Power,13,105.65,1373.41,4.2
2557,Growth,3,60.35,181.04,1.0
2558,Casual,0,0.0,0.0,1.2
2559,Power,18,88.62,1595.2,6.3
2560,Casual,1,17.22,17.22,1.4
2561,Casual,1,9.52,9.52,2.2
2562,Dormant,1,15.69,15.69,1.0
2563,Casual,0,0.0,0.0,1.0
2564,Casual,2,22.28,44.56,2.4
2565,Casual,2,68.66,137.33,1.0
2566,Power,2,102.18,204.36,1.0
2567,Power,12,102.02,1224.26,4.3
2568,Casual,0,0.0,0.0,1.0
2569,Dormant,1,19.2,19.2,1.1
2570,Power,4,130.38,521.5,1.1
2571,Casual,0,0.0,0.0,1.1
2572,Dormant,0,0.0,0.0,2.0
2573,Dormant,0,0.0,0.0,2.3
2574,Casual,2,13.24,26.47,1.0
2575,Casual,1,15.46,15.46,1.4
2576,Dormant,1,8.36,8.36,1.0
2577,Dormant,1,19.11,19.11,1.0
2578,Growth,13,61.11,794.48,9.1
2579,Dormant,0,0.0,0.0,1.0
2580,Power,32,102.12,3267.8,12.6
2581,Dormant,0,0.0,0.0,1.0
2582,Power,6,66.06,396.36,1.5
2583,Growth,4,35.08,140.33,3.2
2584,Power,12,84.49,1013.93,4.7
2585,Casual,1,20.43,20.43,2.1
2586,Growth,7,48.96,342.69,2.3
2587,Growth,1,22.77,22.77,1.0
2588,Casual,0,0.0,0.0,1.0
2589,Casual,1,24.94,24.94,2.0
2590,Dormant,1,16.58,16.58,1.9
2591,Dormant,0,0.0,0.0,1.0
2592,Casual,0,0.0,0.0,1.0
2593,Growth,3,93.55,280.66,1.0
2594,Growth,7,64.72,453.02,4.2
2595,Dormant,0,0.0,0.0,1.7
2596,Power,9,96.08,864.73,2.2
2597,Casual,2,40.32,80.64,1.0
2598,Dormant,0,0.0,0.0,1.0
2599,Dormant,0,0.0,0.0,1.0
2600,Casual,1,11.33,11.33,4.3
2601,Casual,1,7.11,7.11,3.2
2602,Casual,1,27.93,27.93,4.0
2603,Dormant,0,0.0,0.0,1.0
2604,Power,19,98.59,1873.28,8.6
2605,Growth,0,0.0,0.0,1.0
2606,Casual,2,59.54,119.08,3.5
2607,Growth,13,73.27,952.57,6.6
2608,Casual,1,18.06,18.06,1.7
2609,Growth,2,88.67,177.33,1.0
2610,Dormant,0,0.0,0.0,1.4
2611,Dormant,0,0.0,0.0,2.6
2612,Casual,1,61.88,61.88,1.0
2613,Dormant,0,0.0,0.0,1.0
2614,Growth,2,97.3,194.6,3.0
2615,Casual,3,29.74,89.23,3.8
2616,Growth,1,44.52,44.52,2.3
2617,Dormant,1,24.66,24.66,1.4
2618,Dormant,0,0.0,0.0,1.0
2619,Dormant,0,0.0,0.0,1.0
2620,Dormant,1,17.18,17.18,3.8
2621,Dormant,0,0.0,0.0,1.0
2622,Growth,1,39.37,39.37,1.0
2623,Dormant,0,0.0,0.0,1.3
2624,Casual,4,37.8,151.21,11.3
2625,Casual,1,44.01,44.01,1.0
2626,Casual,2,43.94,87.88,2.1
2627,Growth,1,30.11,30.11,1.0
2628,Growth,1,17.13,17.13,1.2
2629,Growth,4,69.12,276.49,4.1
2630,Power,8,158.63,1269.04,2.7
2631,Casual,0,0.0,0.0,1.2
2632,Dormant,1,32.09,32.09,5.7
2633,Casual,1,27.89,27.89,1.0
2634,Casual,0,0.0,0.0,1.0
2635,Casual,1,33.36,33.36,1.0
2636,Casual,1,47.2,47.2,2.5
2637,Growth,1,28.51,28.51,1.0
2638,Dormant,0,0.0,0.0,1.1
2639,Growth,2,39.67,79.33,3.4
2640,Dormant,1,12.19,12.19,2.9
2641,Dormant,0,0.0,0.0,1.0
2642,Casual,0,0.0,0.0,1.0
2643,Dormant,0,0.0,0.0,1.0
2644,Growth,4,86.24,344.97,1.1
2645,Dormant,0,0.0,0.0,1.0
2646,Dormant,3,17.47,52.42,1.7
2647,Dormant,1,19.08,19.08,1.0
2648,Casual,0,0.0,0.0,1.5
2649,Dormant,0,0.0,0.0,1.4
2650,Dormant,0,0.0,0.0,1.6
2651,Casual,0,0.0,0.0,3.8
2652,Dormant,2,15.92,31.83,3.2
2653,Dormant,0,0.0,0.0,2.9
2654,Casual,0,0.0,0.0,1.0
2655,Dormant,1,36.65,36.65,4.4
2656,Casual,0,0.0,0.0,1.0
2657,Casual,1,14.76,14.76,1.4
2658,Power,4,102.62,410.48,1.7
2659,Growth,4,67.49,269.96,2.4
2660,Dormant,0,0.0,0.0,1.2
2661,Casual,1,15.65,15.65,2.8
2662,Casual,2,33.46,66.93,1.7
2663,Growth,2,37.21,74.42,2.5
2664,Casual,0,0.0,0.0,1.0
2665,Dormant,0,0.0,0.0,1.0
2666,Dormant,0,0.0,0.0,1.9
2667,Power,16,121.93,1950.95,4.0
2668,Casual,2,36.05,72.11,1.0
2669,Casual,2,32.34,64.68,3.3
2670,Casual,2,28.69,57.37,2.2
2671,Casual,0,0.0,0.0,1.0
2672,Casual,1,73.68,73.68,4.6
2673,Casual,1,42.08,42.08,1.0
2674,Casual,2,17.65,35.3,1.0
2675,Casual,3,28.75,86.25,4.6
2676,Casual,1,48.36,48.36,1.1
2677,Dormant,0,0.0,0.0,1.0
2678,Dormant,0,0.0,0.0,2.2
2679,Growth,3,62.8,188.4,2.8
2680,Dormant,0,0.0,0.0,1.0
2681,Dormant,0,0.0,0.0,1.0
2682,Growth,2,71.69,143.38,1.1
2683,Casual,0,0.0,0.0,1.0
2684,Growth,0,0.0,0.0,1.0
2685,Dormant,0,0.0,0.0,1.9
2686,Growth,9,53.24,479.15,2.2
2687,Casual,1,52.45,52.45,1.0
2688,Growth,14,70.16,982.26,7.9
2689,Casual,0,0.0,0.0,1.0
2690,Dormant,0,0.0,0.0,1.1
2691,Casual,1,23.86,23.86,2.1
2692,Dormant,1,11.69,11.69,1.0
2693,Dormant,0,0.0,0.0,1.0
2694,Dormant,0,0.0,0.0,1.0
2695,Growth,1,61.99,61.99,1.0
2696,Dormant,0,0.0,0.0,2.2
2697,Power,26,113.35,2947.08,9.3
2698,Casual,6,24.86,149.16,8.2
2699,Dormant,0,0.0,0.0,1.0
2700,Dormant,0,0.0,0.0,5.3
2701,Casual,2,24.35,48.69,1.8
2702,Casual,1,58.59,58.59,2.8
2703,Dormant,0,0.0,0.0,1.0
2704,Dormant,0,0.0,0.0,1.0
2705,Casual,1,12.13,12.13,1.0
2706,Dormant,0,0.0,0.0,1.0
2707,Growth,2,48.89,97.78,1.4
2708,Growth,1,17.86,17.86,1.0
2709,Casual,0,0.0,0.0,1.0
2710,Dormant,0,0.0,0.0,1.0
2711,Growth,11,51.68,568.52,12.1
2712,Growth,2,34.5,69.01,1.7
2713,Growth,3,45.66,136.98,2.1
2714,Dormant,0,0.0,0.0,3.2
2715,Growth,12,61.19,734.33,5.9
2716,Casual,2,43.72,87.43,8.2
2717,Dormant,0,0.0,0.0,1.0
2718,Power,23,102.06,2347.36,6.4
2719,Casual,1,34.66,34.66,2.7
2720,Casual,0,0.0,0.0,1.1
2721,Dormant,0,0.0,0.0,1.0
2722,Growth,4,89.87,359.47,1.8
2723,Casual,0,0.0,0.0,1.0
2724,Growth,2,57.05,114.1,1.0
2725,Dormant,0,0.0,0.0,1.0
2726,Dormant,0,0.0,0.0,1.0
2727,Growth,2,41.15,82.3,1.7
2728,Casual,1,9.44,9.44,2.5
2729,Dormant,0,0.0,0.0,1.4
2730,Power,58,106.12,6155.03,16.7
2731,Growth,3,50.09,150.28,1.0
2732,Casual,4,38.18,152.73,6.1
2733,Growth,3,56.69,170.08,1.5
2734,Growth,5,34.15,170.76,2.9
2735,Casual,0,0.0,0.0,2.1
2736,Growth,9,42.47,382.27,4.2
2737,Casual,0,0.0,0.0,1.0
2738,Dormant,0,0.0,0.0,1.0
2739,Casual,1,51.06,51.06,1.1
2740,Power,4,104.07,416.28,2.4
2741,Dormant,0,0.0,0.0,1.0
2742,Growth,7,67.49,472.46,2.7
2743,Dormant,0,0.0,0.0,1.5
2744,Casual,0,0.0,0.0,1.3
2745,Dormant,0,0.0,0.0,1.1
2746,Growth,2,32.44,64.88,1.0
2747,Growth,5,77.17,385.86,3.6
2748,Casual,2,27.97,55.93,2.9
2749,Power,23,127.08,2922.84,8.2
2750,Growth,8,66.96,535.66,4.6
2751,Dormant,0,0.0,0.0,1.0
2752,Dormant,1,10.27,10.27,1.0
2753,Power,20,159.61,3192.22,6.9
2754,Dormant,0,0.0,0.0,1.0
2755,Dormant,0,0.0,0.0,3.3
2756,Dormant,1,27.62,27.62,1.2
2757,Dormant,0,0.0,0.0,3.1
2758,Casual,1,47.21,47.21,4.4
2759,Casual,3,34.47,103.4,8.1
2760,Casual,2,25.15,50.29,5.2
2761,Dormant,0,0.0,0.0,3.8
2762,Power,14,120.89,1692.44,6.0
2763,Growth,13,66.61,865.87,8.5
2764,Power,18,101.12,1820.23,6.1
2765,Dormant,0,0.0,0.0,1.0
2766,Casual,1,10.35,10.35,2.2
2767,Casual,1,8.3,8.3,1.4
2768,Dormant,0,0.0,0.0,5.2
2769,Dormant,0,0.0,0.0,1.0
2770,Growth,6,44.59,267.54,3.4
2771,Dormant,1,27.34,27.34,1.0
2772,Dormant,0,0.0,0.0,1.0
2773,Power,6,112.64,675.86,1.1
2774,Dormant,0,0.0,0.0,1.7
2775,Growth,0,0.0,0.0,1.0
2776,Casual,0,0.0,0.0,1.1
2777,Casual,1,36.79,36.79,1.0
2778,Growth,0,0.0,0.0,1.1
2779,Growth,3,67.24,201.71,2.5
2780,Power,9,127.28,1145.51,3.8
2781,Power,17,94.74,1610.66,6.0
2782,Casual,1,12.54,12.54,1.9
2783,Growth,6,33.61,201.64,2.4
2784,Growth,3,51.2,153.61,1.0
2785,Dormant,1,14.79,14.79,3.2
2786,Dormant,0,0.0,0.0,1.0
2787,Casual,0,0.0,0.0,1.0
2788,Dormant,0,0.0,0.0,1.0
2789,Casual,1,35.75,35.75,1.4
2790,Dormant,1,28.51,28.51,2.0
2791,Power,15,97.17,1457.57,4.3
2792,Dormant,0,0.0,0.0,1.0
2793,Dormant,0,0.0,0.0,1.0
2794,Dormant,0,0.0,0.0,1.0
2795,Casual,3,31.36,94.08,4.3
2796,Casual,0,0.0,0.0,1.7
2797,Growth,0,0.0,0.0,1.0
2798,Casual,1,37.04,37.04,2.1
2799,Dormant,0,0.0,0.0,1.0
2800,Dormant,0,0.0,0.0,1.4
2801,Casual,0,0.0,0.0,1.0
2802,Power,49,102.61,5027.79,14.6
2803,Casual,2,18.47,36.94,3.1
2804,Power,5,89.76,448.79,1.0
2805,Growth,1,29.73,29.73,1.0
2806,Growth,5,61.62,308.09,5.8
2807,Dormant,0,0.0,0.0,6.1
2808,Growth,4,33.69,134.75,1.5
2809,Growth,3,47.58,142.75,2.5
2810,Power,11,85.49,940.34,2.9
2811,Dormant,0,0.0,0.0,1.1
2812,Dormant,0,0.0,0.0,1.3
2813,Power,30,130.76,3922.78,7.4
2814,Power,14,89.59,1254.33,4.2
2815,Casual,0,0.0,0.0,1.0
2816,Growth,7,46.9,328.29,3.4
2817,Casual,0,0.0,0.0,1.0
2818,Casual,0,0.0,0.0,1.9
2819,Dormant,1,44.22,44.22,2.1
2820,Growth,11,44.0,483.96,7.3
2821,Casual,0,0.0,0.0,1.0
2822,Power,6,101.21,607.27,3.2
2823,Dormant,0,0.0,0.0,1.0
2824,Dormant,1,21.44,21.44,4.2
2825,Dormant,0,0.0,0.0,1.0
2826,Casual,0,0.0,0.0,1.0
2827,Growth,9,64.95,584.58,5.8
2828,Dormant,0,0.0,0.0,1.0
2829,Dormant,0,0.0,0.0,1.0
2830,Growth,4,34.47,137.86,2.6
2831,Casual,3,33.15,99.45,1.4
2832,Casual,5,40.96,204.81,5.9
2833,Dormant,0,0.0,0.0,1.3
2834,Dormant,0,0.0,0.0,4.3
2835,Casual,0,0.0,0.0,1.0
2836,Casual,0,0.0,0.0,1.0
2837,Growth,8,50.56,404.44,4.0
2838,Casual,0,0.0,0.0,1.2
2839,Power,10,114.83,1148.34,3.3
2840,Dormant,0,0.0,0.0,1.8
2841,Casual,1,11.63,11.63,1.2
2842,Casual,3,26.61,79.82,6.2
2843,Growth,1,175.32,175.32,1.0
2844,Growth,5,42.68,213.41,3.9
2845,Casual,2,16.53,33.05,1.0
2846,Growth,3,83.23,249.7,1.1
2847,Power,9,86.07,774.59,4.1
2848,Dormant,0,0.0,0.0,1.6
2849,Casual,0,0.0,0.0,3.5
2850,Casual,0,0.0,0.0,1.0
2851,Casual,0,0.0,0.0,1.0
2852,Dormant,0,0.0,0.0,1.0
2853,Growth,0,0.0,0.0,1.0
2854,Dormant,1,47.69,47.69,2.9
2855,Dormant,0,0.0,0.0,1.0
2856,Casual,0,0.0,0.0,2.2
2857,Casual,1,28.89,28.89,1.0
2858,Dormant,0,0.0,0.0,1.0
2859,Casual,1,18.62,18.62,1.6
2860,Casual,0,0.0,0.0,1.6
2861,Casual,0,0.0,0.0,1.0
2862,Growth,4,65.97,263.87,1.0
2863,Power,32,113.81,3642.05,8.5
2864,Casual,1,16.01,16.01,1.0
2865,Growth,1,38.06,38.06,1.0
2866,Casual,0,0.0,0.0,1.2
2867,Casual,1,39.36,39.36,1.0
2868,Dormant,0,0.0,0.0,1.0
2869,Power,15,75.91,1138.59,4.4
2870,Casual,1,17.26,17.26,1.8
2871,Casual,0,0.0,0.0,1.0
2872,Power,27,135.82,3667.17,7.3
2873,Growth,6,46.24,277.45,2.0
2874,Power,8,91.88,735.02,1.7
2875,Growth,2,57.47,114.95,3.9
2876,Growth,7,51.5,360.51,3.7
2877,Casual,0,0.0,0.0,1.0
2878,Casual,0,0.0,0.0,1.0
2879,Power,13,106.89,1389.61,6.5
2880,Growth,2,25.51,51.02,2.4
2881,Power,34,96.85,3293.01,11.7
2882,Casual,0,0.0,0.0,1.7
2883,Growth,2,71.76,143.53,1.0
2884,Casual,2,87.79,175.59,1.0
2885,Growth,19,48.27,917.2,9.8
2886,Power,31,92.33,2862.2,9.1
2887,Dormant,0,0.0,0.0,1.0
2888,Power,7,89.2,624.4,2.0
2889,Growth,10,44.89,448.91,8.5
2890,Growth,4,83.88,335.52,4.0
2891,Dormant,0,0.0,0.0,2.4
2892,Casual,0,0.0,0.0,1.0
2893,Casual,0,0.0,0.0,2.3
2894,Dormant,3,10.73,32.18,6.3
2895,Power,5,104.99,524.97,1.0
2896,Dormant,1,41.42,41.42,1.0
2897,Growth,10,69.43,694.27,7.3
2898,Casual,3,35.13,105.39,1.9
2899,Casual,0,0.0,0.0,1.0
2900,Casual,0,0.0,0.0,2.8
2901,Dormant,0,0.0,0.0,1.0
2902,Growth,0,0.0,0.0,1.0
2903,Dormant,1,27.7,27.7,1.4
2904,Casual,1,47.82,47.82,1.2
2905,Casual,1,12.59,12.59,2.2
2906,Dormant,0,0.0,0.0,1.0
2907,Power,36,119.27,4293.55,10.4
2908,Dormant,0,0.0,0.0,1.0
2909,Casual,3,26.56,79.67,3.1
2910,Dormant,0,0.0,0.0,1.1
2911,Growth,6,69.75,418.49,2.0
2912,Casual,1,26.89,26.89,3.8
2913,Casual,0,0.0,0.0,1.0
2914,Casual,0,0.0,0.0,2.7
2915,Growth,18,45.14,812.45,7.5
2916,Growth,2,108.11,216.22,1.8
2917,Dormant,0,0.0,0.0,2.2
2918,Power,37,99.35,3676.09,11.3
2919,Dormant,0,0.0,0.0,1.0
2920,Dormant,0,0.0,0.0,1.2
2921,Power,16,91.54,1464.57,4.1
2922,Growth,6,69.85,419.13,2.8
2923,Casual,0,0.0,0.0,1.1
2924,Power,31,107.07,3319.05,8.5
2925,Casual,0,0.0,0.0,1.0
2926,Dormant,2,19.6,39.21,3.4
2927,Casual,2,48.93,97.86,1.9
2928,Casual,1,16.39,16.39,1.5
2929,Dormant,0,0.0,0.0,1.0
2930,Casual,1,23.48,23.48,1.0
2931,Growth,7,69.38,485.68,3.4
2932,Casual,0,0.0,0.0,1.0
2933,Dormant,1,44.87,44.87,1.5
2934,Casual,3,25.77,77.31,5.4
2935,Casual,0,0.0,0.0,1.2
2936,Growth,7,41.93,293.53,6.4
2937,Power,6,119.45,716.69,2.0
2938,Growth,0,0.0,0.0,1.7
2939,Power,8,97.57,780.54,2.9
2940,Dormant,0,0.0,0.0,1.0
2941,Growth,2,42.55,85.1,2.5
2942,Dormant,0,0.0,0.0,2.2
2943,Growth,12,41.14,493.66,9.1
2944,Growth,2,31.17,62.34,3.6
2945,Casual,0,0.0,0.0,1.7
2946,Growth,1,80.44,80.44,1.0
2947,Dormant,0,0.0,0.0,1.0
2948,Dormant,0,0.0,0.0,7.4
2949,Dormant,0,0.0,0.0,1.0
2950,Growth,3,35.57,106.72,2.8
2951,Dormant,0,0.0,0.0,1.0
2952,Growth,5,49.15,245.75,2.7
2953,Dormant,1,11.25,11.25,2.0
2954,Casual,0,0.0,0.0,1.0
2955,Growth,5,60.1,300.49,5.9
2956,Growth,2,83.76,167.51,3.6
2957,Power,63,108.16,6814.23,18.5
2958,Growth,1,32.09,32.09,1.7
2959,Dormant,0,0.0,0.0,1.7
2960,Dormant,0,0.0,0.0,1.0
2961,Dormant,0,0.0,0.0,2.6
2962,Power,8,127.81,1022.46,2.4
2963,Casual,1,35.36,35.36,1.0
2964,Growth,4,63.58,254.33,1.8
2965,Casual,3,24.27,72.81,6.2
2966,Growth,0,0.0,0.0,1.0
2967,Growth,11,66.0,725.95,7.0
2968,Casual,2,68.66,137.32,6.8
2969,Growth,1,48.57,48.57,2.2
2970,Casual,0,0.0,0.0,1.6
2971,Casual,4,56.5,226.01,3.1
2972,Growth,2,21.59,43.19,2.3
2973,Dormant,0,0.0,0.0,1.0
2974,Casual,0,0.0,0.0,1.0
2975,Dormant,0,0.0,0.0,2.4
2976,Casual,0,0.0,0.0,1.0
2977,Dormant,0,0.0,0.0,1.0
2978,Dormant,0,0.0,0.0,1.2
2979,Dormant,0,0.0,0.0,2.2
2980,Casual,1,47.7,47.7,2.5
2981,Growth,4,59.42,237.66,1.6
2982,Power,27,108.5,2929.6,6.8
2983,Casual,0,0.0,0.0,1.0
2984,Power,25,116.05,2901.18,6.6
2985,Growth,3,30.82,92.46,1.6
2986,Power,12,82.59,991.06,4.9
2987,Casual,1,31.19,31.19,2.4
2988,Growth,1,48.47,48.47,1.0
2989,Casual,2,18.91,37.82,1.0
2990,Dormant,0,0.0,0.0,1.8
2991,Dormant,0,0.0,0.0,1.5
2992,Growth,3,45.17,135.51,1.0
2993,Casual,3,74.65,223.95,3.6
2994,Casual,0,0.0,0.0,1.0
2995,Casual,1,37.92,37.92,3.9
2996,Casual,0,0.0,0.0,1.7
2997,Growth,21,48.36,1015.57,10.6
2998,Dormant,0,0.0,0.0,1.0
2999,Power,6,129.6,777.58,1.0
3000,Dormant,0,0.0,0.0,2.1
3001,Casual,3,42.85,128.54,2.6
3002,Growth,1,89.18,89.18,1.0
3003,Dormant,0,0.0,0.0,1.0
3004,Power,6,170.73,1024.39,2.1
3005,Dormant,1,11.34,11.34,4.3
3006,Casual,0,0.0,0.0,1.4
3007,Power,21,150.22,3154.52,6.8
3008,Power,4,70.56,282.25,1.0
3009,Dormant,1,9.75,9.75,1.8
3010,Growth,3,48.47,145.41,1.0
3011,Dormant,1,17.34,17.34,1.5
3012,Dormant,0,0.0,0.0,1.0
3013,Dormant,1,37.2,37.2,1.5
3014,Growth,2,42.78,85.56,1.4
3015,Dormant,0,0.0,0.0,1.0
3016,Dormant,0,0.0,0.0,1.3
3017,Power,3,86.24,258.72,1.0
3018,Growth,11,57.94,637.36,6.4
3019,Growth,1,72.7,72.7,1.8
3020,Casual,0,0.0,0.0,1.2
3021,Dormant,0,0.0,0.0,1.0
3022,Casual,0,0.0,0.0,1.2
3023,Casual,2,19.96,39.92,2.3
3024,Growth,0,0.0,0.0,2.2
3025,Growth,1,58.52,58.52,1.4
3026,Growth,2,20.03,40.07,2.2
3027,Dormant,1,16.08,16.08,2.6
3028,Casual,0,0.0,0.0,5.1
3029,Casual,0,0.0,0.0,1.0
3030,Dormant,0,0.0,0.0,1.0
3031,Power,4,125.99,503.94,1.0
3032,Growth,7,53.39,373.73,4.9
3033,Growth,0,0.0,0.0,1.0
3034,Dormant,0,0.0,0.0,1.5
3035,Dormant,0,0.0,0.0,1.9
3036,Casual,4,38.68,154.73,7.6
3037,Power,6,69.87,419.2,2.1
3038,Growth,5,46.95,234.77,1.0
3039,Casual,1,49.67,49.67,1.0
3040,Casual,1,21.19,21.19,1.0
3041,Dormant,0,0.0,0.0,1.0
3042,Dormant,0,0.0,0.0,1.0
3043,Casual,1,12.4,12.4,3.2
3044,Dormant,1,22.56,22.56,1.0
3045,Dormant,0,0.0,0.0,2.2
3046,Casual,0,0.0,0.0,1.0
3047,Casual,3,62.09,186.27,1.6
3048,Dormant,0,0.0,0.0,1.0
3049,Growth,6,80.8,484.81,4.4
3050,Dormant,1,27.83,27.83,3.4
3051,Power,15,106.66,1599.96,5.3
3052,Casual,0,0.0,0.0,1.5
3053,Dormant,0,0.0,0.0,1.0
3054,Casual,0,0.0,0.0,1.0
3055,Casual,0,0.0,0.0,1.0
3056,Casual,2,48.64,97.27,2.1
3057,Growth,12,58.26,699.09,5.7
3058,Growth,2,57.33,114.66,1.0
3059,Growth,0,0.0,0.0,1.0
3060,Casual,1,11.98,11.98,4.0
3061,Casual,0,0.0,0.0,1.0
3062,Growth,1,21.69,21.69,1.1
3063,Dormant,0,0.0,0.0,1.0
3064,Casual,1,49.04,49.04,1.2
3065,Casual,3,49.11,147.32,7.4
3066,Casual,0,0.0,0.0,2.0
3067,Growth,0,0.0,0.0,1.0
3068,Dormant,0,0.0,0.0,1.0
3069,Casual,2,40.19,80.38,3.1
3070,Power,12,81.4,976.81,3.4
3071,Dormant,0,0.0,0.0,1.1
3072,Dormant,0,0.0,0.0,1.0
3073,Dormant,0,0.0,0.0,1.3
3074,Dormant,0,0.0,0.0,2.5
3075,Dormant,0,0.0,0.0,1.0
3076,Growth,6,74.74,448.46,2.1
3077,Casual,2,32.41,64.81,6.0
3078,Casual,0,0.0,0.0,2.1
3079,Growth,9,55.49,499.38,11.6
3080,Growth,0,0.0,0.0,1.0
3081,Power,2,99.54,199.07,1.1
3082,Casual,1,21.02,21.02,1.0
3083,Dormant,0,0.0,0.0,1.8
3084,Dormant,0,0.0,0.0,1.0
3085,Growth,3,66.98,200.93,2.2
3086,Growth,9,44.78,403.02,4.5
3087,Casual,1,17.47,17.47,2.1
3088,Casual,0,0.0,0.0,1.0
3089,Dormant,2,7.57,15.14,3.8
3090,Dormant,0,0.0,0.0,1.0
3091,Dormant,0,0.0,0.0,1.0
3092,Dormant,0,0.0,0.0,1.0
3093,Dormant,0,0.0,0.0,1.0
3094,Casual,0,0.0,0.0,1.0
3095,Power,14,118.98,1665.75,6.2
3096,Power,4,134.15,536.62,1.0
3097,Casual,1,32.21,32.21,1.0
3098,Growth,0,0.0,0.0,1.0
3099,Growth,2,67.83,135.66,1.0
3100,Dormant,0,0.0,0.0,1.2
3101,Growth,1,59.36,59.36,1.0
3102,Dormant,1,10.45,10.45,1.0
3103,Dormant,0,0.0,0.0,1.0
3104,Casual,1,35.74,35.74,1.0
3105,Casual,0,0.0,0.0,1.9
3106,Growth,2,47.94,95.88,1.5
3107,Casual,0,0.0,0.0,1.8
3108,Growth,0,0.0,0.0,1.0
3109,Dormant,0,0.0,0.0,1.0
3110,Growth,8,38.58,308.62,4.4
3111,Growth,1,18.12,18.12,2.4
3112,Dormant,0,0.0,0.0,1.1
3113,Casual,0,0.0,0.0,1.0
3114,Casual,1,10.97,10.97,1.0
3115,Casual,0,0.0,0.0,1.0
3116,Growth,1,78.15,78.15,1.0
3117,Casual,0,0.0,0.0,1.3
3118,Growth,2,44.94,89.88,1.0
3119,Growth,2,43.74,87.48,1.0
3120,Growth,0,0.0,0.0,1.0
3121,Growth,2,101.96,203.92,3.1
3122,Growth,15,62.46,936.87,10.8
3123,Casual,2,33.62,67.24,2.0
3124,Growth,2,34.16,68.31,1.0
3125,Growth,1,82.15,82.15,1.0
3126,Casual,2,64.08,128.17,1.7
3127,Growth,2,35.08,70.15,1.5
3128,Dormant,0,0.0,0.0,1.2
3129,Dormant,1,6.95,6.95,1.0
3130,Casual,0,0.0,0.0,1.0
3131,Dormant,0,0.0,0.0,2.2
3132,Power,4,117.02,468.08,1.1
3133,Power,10,91.64,916.37,3.3
3134,Dormant,0,0.0,0.0,1.0
3135,Dormant,0,0.0,0.0,1.0
3136,Dormant,0,0.0,0.0,1.0
3137,Power,46,109.94,5057.06,12.6
3138,Dormant,0,0.0,0.0,1.0
3139,Casual,1,33.65,33.65,1.0
3140,Growth,11,34.43,378.71,8.7
3141,Growth,4,68.65,274.58,1.0
3142,Dormant,0,0.0,0.0,1.3
3143,Power,2,124.45,248.9,1.3
3144,Dormant,0,0.0,0.0,1.7
3145,Casual,1,27.91,27.91,1.0
3146,Dormant,1,4.12,4.12,1.0
3147,Dormant,3,12.54,37.62,2.4
3148,Dormant,0,0.0,0.0,1.0
3149,Growth,1,47.51,47.51,1.7
3150,Power,6,125.04,750.23,2.3
3151,Casual,2,21.55,43.1,1.0
3152,Growth,13,57.45,746.88,6.5
3153,Growth,6,66.03,396.21,5.0
3154,Growth,6,68.58,411.46,3.3
3155,Growth,2,119.58,239.16,2.7
3156,Power,17,94.19,1601.16,4.7
3157,Power,7,120.62,844.34,2.1
3158,Dormant,2,12.23,24.45,1.0
3159,Growth,4,39.78,159.12,1.0
3160,Dormant,2,13.06,26.12,2.8
3161,Dormant,1,20.73,20.73,1.5
3162,Growth,1,17.38,17.38,1.0
3163,Dormant,0,0.0,0.0,1.0
3164,Casual,0,0.0,0.0,2.1
3165,Dormant,1,13.16,13.16,5.7
3166,Power,3,64.45,193.35,1.0
3167,Growth,1,15.27,15.27,1.9
3168,Power,43,104.49,4493.04,12.5
3169,Casual,0,0.0,0.0,4.6
3170,Dormant,1,15.74,15.74,1.0
3171,Casual,0,0.0,0.0,1.6
3172,Dormant,0,0.0,0.0,1.0
3173,Dormant,0,0.0,0.0,1.6
3174,Casual,0,0.0,0.0,1.0
3175,Power,13,97.81,1271.48,4.9
3176,Dormant,0,0.0,0.0,2.0
3177,Casual,0,0.0,0.0,2.0
3178,Power,28,85.98,2407.53,6.5
3179,Casual,0,0.0,0.0,1.9
3180,Dormant,0,0.0,0.0,1.0
3181,Growth,8,70.28,562.25,4.7
3182,Casual,2,49.57,99.15,1.0
3183,Growth,5,47.04,235.21,4.5
3184,Power,11,112.12,1233.34,3.1
3185,Power,9,117.19,1054.72,3.6
3186,Dormant,0,0.0,0.0,5.3
3187,Dormant,1,6.54,6.54,2.1
3188,Growth,1,88.29,88.29,2.1
3189,Growth,5,54.76,273.79,1.2
3190,Growth,1,26.99,26.99,1.0
3191,Power,12,79.01,948.08,4.9
3192,Casual,1,80.17,80.17,1.3
3193,Dormant,0,0.0,0.0,3.9
3194,Casual,1,33.72,33.72,1.0
3195,Casual,0,0.0,0.0,1.0
3196,Casual,1,42.06,42.06,2.1
3197,Power,7,122.93,860.52,3.1
3198,Growth,5,38.95,194.74,1.5
3199,Dormant,2,20.96,41.92,8.3
3200,Dormant,1,13.89,13.89,1.8
3201,Dormant,0,0.0,0.0,2.6
3202,Dormant,0,0.0,0.0,1.7
3203,Casual,1,12.76,12.76,1.9
3204,Dormant,3,15.86,47.57,3.7
3205,Casual,0,0.0,0.0,1.0
3206,Power,27,127.3,3437.22,11.2
3207,Power,26,115.03,2990.91,7.9
3208,Power,14,79.03,1106.47,3.1
3209,Power,44,112.66,4957.2,13.6
3210,Growth,1,17.02,17.02,1.4
3211,Dormant,0,0.0,0.0,1.0
3212,Dormant,0,0.0,0.0,1.0
3213,Casual,2,34.61,69.21,1.0
3214,Growth,19,50.57,960.9,12.9
3215,Dormant,1,26.5,26.5,1.0
3216,Growth,1,42.06,42.06,1.0
3217,Power,4,69.28,277.1,2.0
3218,Growth,2,32.44,64.88,3.3
3219,Growth,3,30.41,91.23,1.0
3220,Growth,15,71.35,1070.26,11.8
3221,Dormant,0,0.0,0.0,1.0
3222,Dormant,0,0.0,0.0,1.9
3223,Dormant,0,0.0,0.0,2.4
3224,Growth,5,40.03,200.16,2.6
3225,Dormant,0,0.0,0.0,1.6
3226,Casual,0,0.0,0.0,1.3
3227,Growth,8,76.48,611.86,4.8
3228,Casual,0,0.0,0.0,1.0
3229,Casual,2,68.8,137.59,5.2
3230,Casual,3,34.17,102.5,5.2
3231,Power,1,29.84,29.84,1.0
3232,Casual,1,48.58,48.58,1.0
3233,Power,11,117.02,1287.27,3.0
3234,Growth,1,36.59,36.59,2.5
3235,Growth,6,39.4,236.39,3.7
3236,Dormant,1,7.08,7.08,2.0
3237,Growth,2,83.84,167.67,1.6
3238,Growth,2,30.55,61.11,1.0
3239,Growth,2,65.68,131.37,1.0
3240,Dormant,1,14.89,14.89,3.5
3241,Casual,0,0.0,0.0,1.0
3242,Dormant,2,31.04,62.08,3.9
3243,Growth,0,0.0,0.0,1.0
3244,Power,4,94.84,379.37,1.0
3245,Casual,2,60.79,121.58,4.5
3246,Growth,3,71.78,215.33,1.0
3247,Dormant,0,0.0,0.0,1.0
3248,Dormant,0,0.0,0.0,1.0
3249,Casual,4,33.42,133.66,6.4
3250,Dormant,0,0.0,0.0,1.0
3251,Casual,2,33.74,67.47,2.2
3252,Growth,2,40.57,81.14,1.0
3253,Casual,0,0.0,0.0,1.0
3254,Power,16,84.91,1358.56,5.4
3255,Dormant,0,0.0,0.0,1.0
3256,Power,10,96.32,963.2,4.3
3257,Growth,1,43.31,43.31,1.0
3258,Casual,1,27.22,27.22,3.0
3259,Power,51,103.93,5300.23,16.1
3260,Power,2,42.87,85.75,1.0
3261,Dormant,0,0.0,0.0,1.0
3262,Power,56,104.41,5847.07,15.6
3263,Casual,2,21.26,42.53,1.6
3264,Growth,1,25.56,25.56,1.0
3265,Growth,3,72.16,216.48,1.0
3266,Growth,5,54.0,270.02,3.1
3267,Dormant,0,0.0,0.0,1.0
3268,Dormant,0,0.0,0.0,1.0
3269,Growth,4,36.12,144.5,3.0
3270,Dormant,1,21.4,21.4,5.5
3271,Casual,1,80.21,80.21,1.0
3272,Casual,1,26.27,26.27,1.0
3273,Dormant,0,0.0,0.0,1.0
3274,Dormant,0,0.0,0.0,1.0
3275,Dormant,0,0.0,0.0,1.6
3276,Casual,0,0.0,0.0,1.0
3277,Casual,0,0.0,0.0,1.0
3278,Growth,1,40.65,40.65,1.0
3279,Power,2,197.92,395.85,1.0
3280,Casual,1,36.48,36.48,1.0
3281,Power,36,115.85,4170.7,11.0
3282,Growth,5,74.2,371.01,1.0
3283,Power,13,104.14,1353.85,2.5
3284,Growth,7,46.56,325.9,2.4
3285,Casual,1,16.54,16.54,1.0
3286,Casual,2,23.98,47.96,2.9
3287,Casual,0,0.0,0.0,1.0
3288,Power,42,100.5,4220.8,11.2
3289,Casual,1,56.37,56.37,1.0
3290,Growth,5,47.76,238.8,3.4
3291,Dormant,0,0.0,0.0,1.0
3292,Casual,3,37.93,113.79,5.2
3293,Casual,0,0.0,0.0,1.0
3294,Casual,1,25.02,25.02,1.7
3295,Dormant,0,0.0,0.0,1.3
3296,Dormant,0,0.0,0.0,1.6
3297,Casual,0,0.0,0.0,1.0
3298,Casual,0,0.0,0.0,1.0
3299,Power,15,89.49,1342.31,4.4
3300,Dormant,0,0.0,0.0,1.2
3301,Growth,1,30.24,30.24,1.0
3302,Growth,0,0.0,0.0,1.0
3303,Dormant,1,16.71,16.71,1.2
3304,Dormant,0,0.0,0.0,1.1
3305,Power,4,115.46,461.82,1.0
3306,Power,4,41.72,166.9,1.1
3307,Power,9,130.53,1174.77,5.3
3308,Casual,2,25.19,50.38,2.0
3309,Power,64,98.96,6333.64,16.4
3310,Dormant,1,12.35,12.35,1.0
3311,Dormant,1,15.13,15.13,1.0
3312,Casual,3,34.03,102.08,3.1
3313,Casual,1,71.43,71.43,1.6
3314,Growth,1,15.22,15.22,1.2
3315,Power,30,98.36,2950.88,8.8
3316,Dormant,1,20.5,20.5,2.0
3317,Power,32,98.78,3160.83,13.5
3318,Power,3,80.7,242.09,2.1
3319,Growth,13,55.83,725.75,7.5
3320,Power,8,92.44,739.52,3.4
3321,Casual,3,40.51,121.52,1.3
3322,Dormant,0,0.0,0.0,2.3
3323,Dormant,0,0.0,0.0,1.3
3324,Casual,0,0.0,0.0,1.0
3325,Dormant,1,10.08,10.08,4.1
3326,Casual,0,0.0,0.0,3.7
3327,Dormant,0,0.0,0.0,1.0
3328,Casual,0,0.0,0.0,1.0
3329,Growth,1,62.45,62.45,2.2
3330,Dormant,0,0.0,0.0,1.0
3331,Growth,31,59.52,1845.26,18.7
3332,Power,35,124.6,4360.9,10.7
3333,Growth,4,52.03,208.11,2.3
3334,Casual,1,66.87,66.87,1.2
3335,Growth,5,35.18,175.88,5.4
3336,Casual,0,0.0,0.0,1.0
3337,Dormant,0,0.0,0.0,1.2
3338,Growth,3,55.05,165.15,1.8
3339,Casual,1,26.24,26.24,1.0
3340,Growth,4,29.13,116.53,1.0
3341,Dormant,0,0.0,0.0,2.4
3342,Growth,3,105.48,316.45,1.4
3343,Power,11,70.35,773.8,2.7
3344,Casual,2,18.73,37.45,1.8
3345,Casual,0,0.0,0.0,1.0
3346,Dormant,0,0.0,0.0,1.0
3347,Casual,0,0.0,0.0,3.3
3348,Dormant,1,42.2,42.2,4.7
3349,Casual,0,0.0,0.0,1.0
3350,Power,2,216.58,433.16,1.0
3351,Power,11,91.32,1004.57,2.4
3352,Power,4,75.77,303.08,1.0
3353,Growth,8,51.03,408.24,6.7
3354,Casual,0,0.0,0.0,1.1
3355,Growth,4,58.38,233.5,2.7
3356,Casual,0,0.0,0.0,4.0
3357,Casual,1,25.09,25.09,1.0
3358,Casual,1,32.47,32.47,1.0
3359,Casual,0,0.0,0.0,1.0
3360,Growth,2,84.88,169.77,1.0
3361,Growth,10,29.68,296.8,7.1
3362,Casual,0,0.0,0.0,1.0
3363,Casual,1,67.2,67.2,3.1
3364,Growth,5,44.39,221.96,5.3
3365,Growth,20,61.18,1223.55,12.4
3366,Dormant,0,0.0,0.0,1.0
3367,Casual,4,29.68,118.7,8.0
3368,Growth,6,33.79,202.75,3.0
3369,Casual,7,57.57,403.02,6.3
3370,Dormant,0,0.0,0.0,2.8
3371,Power,5,65.87,329.36,1.0
3372,Dormant,0,0.0,0.0,1.0
3373,Growth,6,63.87,383.2,6.5
3374,Casual,1,25.87,25.87,3.3
3375,Casual,4,40.45,161.81,2.3
3376,Power,3,108.3,324.89,1.0
3377,Dormant,1,10.09,10.09,1.6
3378,Casual,0,0.0,0.0,1.0
3379,Dormant,0,0.0,0.0,1.0
3380,Growth,4,35.57,142.27,2.4
3381,Dormant,0,0.0,0.0,2.3
3382,Dormant,0,0.0,0.0,1.9
3383,Casual,1,21.94,21.94,1.7
3384,Growth,5,39.13,195.63,6.0
3385,Dormant,0,0.0,0.0,1.0
3386,Casual,1,15.35,15.35,1.9
3387,Dormant,0,0.0,0.0,1.0
3388,Casual,1,14.15,14.15,1.0
3389,Growth,2,49.15,98.3,1.0
3390,Growth,18,46.17,831.15,13.0
3391,Dormant,0,0.0,0.0,1.0
3392,Dormant,0,0.0,0.0,1.0
3393,Power,12,114.68,1376.12,3.0
3394,Dormant,0,0.0,0.0,1.0
3395,Dormant,0,0.0,0.0,1.0
3396,Power,30,118.08,3542.41,9.8
3397,Power,5,121.12,605.61,1.7
3398,Dormant,0,0.0,0.0,1.0
3399,Casual,2,76.73,153.47,1.7
3400,Power,36,120.72,4345.98,12.7
3401,Dormant,1,18.62,18.62,1.0
3402,Casual,3,38.2,114.6,3.0
3403,Dormant,1,34.36,34.36,1.0
3404,Dormant,0,0.0,0.0,1.0
3405,Dormant,0,0.0,0.0,1.4
3406,Casual,0,0.0,0.0,1.0
3407,Growth,3,151.43,454.28,1.0
3408,Casual,3,26.02,78.05,3.8
3409,Power,4,127.01,508.04,1.0
3410,Casual,2,56.61,113.21,1.6
3411,Growth,2,84.43,168.87,1.1
3412,Casual,2,17.73,35.46,2.8
3413,Power,5,71.63,358.15,1.9
3414,Growth,2,44.21,88.43,1.0
3415,Growth,5,38.54,192.7,3.0
3416,Casual,0,0.0,0.0,1.0
3417,Dormant,2,18.14,36.28,1.0
3418,Power,12,118.86,1426.34,5.4
3419,Dormant,0,0.0,0.0,1.0
3420,Dormant,0,0.0,0.0,1.0
3421,Growth,5,49.04,245.2,3.5
3422,Casual,0,0.0,0.0,1.3
3423,Casual,1,21.3,21.3,1.0
3424,Growth,17,47.4,805.81,7.1
3425,Casual,3,28.93,86.78,5.1
3426,Power,30,98.75,2962.61,9.9
3427,Dormant,0,0.0,0.0,1.4
3428,Dormant,1,10.19,10.19,1.0
3429,Dormant,0,0.0,0.0,1.0
3430,Casual,6,38.8,232.79,14.6
3431,Casual,3,29.22,87.67,1.0
3432,Dormant,0,0.0,0.0,1.0
3433,Growth,2,68.09,136.18,1.4
3434,Power,42,95.27,4001.34,12.1
3435,Casual,0,0.0,0.0,1.0
3436,Growth,1,34.89,34.89,3.7
3437,Growth,2,41.89,83.77,1.1
3438,Power,2,84.15,168.3,1.0
3439,Casual,2,33.29,66.58,2.8
3440,Growth,8,64.56,516.45,6.1
3441,Growth,6,60.33,361.98,1.4
3442,Power,3,207.11,621.33,1.1
3443,Casual,1,30.01,30.01,2.6
3444,Dormant,0,0.0,0.0,1.0
3445,Growth,1,38.05,38.05,1.3
3446,Casual,0,0.0,0.0,1.0
3447,Dormant,0,0.0,0.0,1.0
3448,Growth,1,59.18,59.18,1.3
3449,Dormant,1,36.45,36.45,2.3
3450,Dormant,1,26.8,26.8,1.0
3451,Casual,0,0.0,0.0,2.6
3452,Power,6,109.94,659.66,1.6
3453,Power,30,146.65,4399.58,10.8
3454,Dormant,0,0.0,0.0,1.1
3455,Dormant,0,0.0,0.0,1.0
3456,Dormant,0,0.0,0.0,1.0
3457,Dormant,0,0.0,0.0,1.0
3458,Power,28,122.66,3434.43,9.0
3459,Dormant,0,0.0,0.0,1.0
3460,Casual,1,39.22,39.22,1.4
3461,Dormant,0,0.0,0.0,1.5
3462,Power,13,102.99,1338.88,4.9
3463,Growth,9,53.45,481.05,4.0
3464,Dormant,0,0.0,0.0,2.9
3465,Dormant,0,0.0,0.0,8.5
3466,Casual,2,14.38,28.77,1.0
3467,Growth,1,25.73,25.73,1.0
3468,Growth,1,60.95,60.95,1.4
3469,Dormant,0,0.0,0.0,2.0
3470,Casual,3,24.35,73.04,1.6
3471,Casual,3,40.2,120.6,1.0
3472,Casual,0,0.0,0.0,1.0
3473,Casual,2,55.8,111.6,3.1
3474,Casual,0,0.0,0.0,1.0
3475,Casual,0,0.0,0.0,1.0
3476,Dormant,1,12.44,12.44,2.0
3477,Dormant,0,0.0,0.0,1.0
3478,Dormant,0,0.0,0.0,1.5
3479,Casual,0,0.0,0.0,1.5
3480,Casual,5,42.41,212.03,4.9
3481,Dormant,0,0.0,0.0,1.1
3482,Dormant,0,0.0,0.0,1.0
3483,Casual,1,59.83,59.83,3.5
3484,Dormant,0,0.0,0.0,1.0
3485,Dormant,0,0.0,0.0,1.0
3486,Casual,0,0.0,0.0,1.0
3487,Dormant,0,0.0,0.0,1.0
3488,Growth,0,0.0,0.0,1.0
3489,Casual,0,0.0,0.0,1.9
3490,Casual,2,48.44,96.88,6.7
3491,Power,6,108.38,650.25,2.3
3492,Dormant,0,0.0,0.0,1.3
3493,Casual,1,19.72,19.72,1.0
3494,Growth,1,77.07,77.07,1.0
3495,Dormant,2,22.21,44.42,2.3
3496,Dormant,1,10.66,10.66,3.6
3497,Dormant,0,0.0,0.0,1.8
3498,Casual,0,0.0,0.0,1.0
3499,Dormant,0,0.0,0.0,1.0
3500,Casual,0,0.0,0.0,1.0
3501,Casual,3,32.66,97.99,4.1
3502,Power,28,114.04,3193.0,7.7
3503,Casual,1,22.58,22.58,1.6
3504,Dormant,1,4.75,4.75,4.4
3505,Casual,0,0.0,0.0,1.0
3506,Casual,0,0.0,0.0,2.3
3507,Dormant,0,0.0,0.0,1.6
3508,Dormant,0,0.0,0.0,1.0
3509,Growth,3,38.01,114.04,1.0
3510,Dormant,0,0.0,0.0,1.1
3511,Dormant,1,47.75,47.75,1.0
3512,Dormant,1,20.25,20.25,1.0
3513,Dormant,2,16.4,32.79,9.7
3514,Dormant,0,0.0,0.0,2.4
3515,Dormant,1,6.44,6.44,5.0
3516,Casual,1,57.42,57.42,3.5
3517,Growth,7,35.89,251.23,6.7
3518,Casual,2,21.51,43.02,1.1
3519,Dormant,0,0.0,0.0,1.0
3520,Casual,3,22.49,67.47,6.3
3521,Dormant,1,45.13,45.13,1.0
3522,Power,2,70.43,140.85,1.0
3523,Casual,0,0.0,0.0,1.0
3524,Casual,0,0.0,0.0,1.0
3525,Casual,1,87.39,87.39,1.0
3526,Power,11,114.84,1263.19,4.2
3527,Growth,3,32.56,97.69,6.4
3528,Dormant,0,0.0,0.0,1.0
3529,Casual,0,0.0,0.0,1.2
3530,Power,6,130.97,785.85,1.7
3531,Power,14,86.32,1208.44,3.9
3532,Casual,0,0.0,0.0,1.0
3533,Growth,8,49.81,398.46,5.4
3534,Dormant,0,0.0,0.0,1.0
3535,Dormant,0,0.0,0.0,1.8
3536,Growth,0,0.0,0.0,2.1
3537,Casual,2,35.69,71.38,1.2
3538,Growth,8,64.15,513.19,3.3
3539,Growth,7,37.67,263.67,5.9
3540,Dormant,1,3.91,3.91,1.0
3541,Casual,0,0.0,0.0,2.4
3542,Dormant,0,0.0,0.0,1.0
3543,Growth,8,47.4,379.17,5.9
3544,Growth,1,91.37,91.37,1.9
3545,Casual,0,0.0,0.0,1.0
3546,Casual,1,38.46,38.46,2.1
3547,Dormant,0,0.0,0.0,1.0
3548,Power,12,109.81,1317.69,5.7
3549,Dormant,1,32.34,32.34,2.3
3550,Dormant,0,0.0,0.0,1.4
3551,Casual,0,0.0,0.0,1.2
3552,Growth,7,78.45,549.17,4.1
3553,Casual,2,31.77,63.54,1.2
3554,Growth,2,67.88,135.75,1.0
3555,Dormant,0,0.0,0.0,1.5
3556,Casual,0,0.0,0.0,1.0
3557,Dormant,1,13.56,13.56,2.2
3558,Casual,0,0.0,0.0,1.0
3559,Casual,0,0.0,0.0,1.1
3560,Dormant,0,0.0,0.0,1.0
3561,Casual,0,0.0,0.0,1.0
3562,Dormant,0,0.0,0.0,1.2
3563,Growth,6,41.36,248.14,5.4
3564,Dormant,0,0.0,0.0,1.0
3565,Dormant,0,0.0,0.0,1.0
3566,Dormant,0,0.0,0.0,1.3
3567,Casual,2,23.98,47.97,6.4
3568,Dormant,1,11.19,11.19,3.8
3569,Growth,1,40.73,40.73,1.5
3570,Dormant,0,0.0,0.0,2.4
3571,Growth,3,38.29,114.87,3.4
3572,Growth,4,45.24,180.95,1.4
3573,Casual,4,35.08,140.34,4.7
3574,Growth,4,88.18,352.72,1.6
3575,Casual,1,30.72,30.72,1.0
3576,Dormant,1,19.63,19.63,1.0
3577,Growth,9,41.18,370.63,6.6
3578,Dormant,1,10.27,10.27,2.1
3579,Power,12,102.94,1235.23,2.5
3580,Dormant,0,0.0,0.0,1.0
3581,Dormant,1,8.76,8.76,1.0
3582,Casual,5,28.99,144.95,8.2
3583,Dormant,0,0.0,0.0,1.0
3584,Dormant,0,0.0,0.0,1.2
3585,Dormant,0,0.0,0.0,1.4
3586,Casual,1,26.2,26.2,1.0
3587,Casual,1,49.75,49.75,1.0
3588,Dormant,0,0.0,0.0,1.0
3589,Growth,5,37.6,188.02,2.8
3590,Dormant,0,0.0,0.0,1.0
3591,Growth,2,85.98,171.95,1.3
3592,Dormant,0,0.0,0.0,1.3
3593,Power,7,98.98,692.88,2.3
3594,Power,5,94.21,471.05,2.7
3595,Dormant,0,0.0,0.0,1.0
3596,Dormant,0,0.0,0.0,1.0
3597,Dormant,0,0.0,0.0,1.0
3598,Dormant,0,0.0,0.0,1.0
3599,Casual,1,17.19,17.19,1.0
3600,Growth,10,58.77,587.67,10.0
3601,Growth,1,40.45,40.45,2.9
3602,Casual,1,40.4,40.4,5.5
3603,Growth,1,40.76,40.76,1.0
3604,Dormant,1,50.59,50.59,1.0
3605,Power,18,103.75,1867.54,4.4
3606,Growth,7,58.11,406.78,5.4
3607,Growth,9,57.39,516.52,3.1
3608,Growth,4,50.52,202.08,3.4
3609,Growth,3,45.51,136.54,2.1
3610,Casual,10,32.73,327.28,9.3
3611,Growth,1,47.09,47.09,1.0
3612,Casual,6,26.89,161.35,6.3
3613,Dormant,1,12.03,12.03,2.0
3614,Casual,1,24.31,24.31,1.0
3615,Dormant,1,18.41,18.41,1.0
3616,Casual,0,0.0,0.0,1.7
3617,Growth,11,57.93,637.21,5.1
3618,Growth,7,60.68,424.76,4.5
3619,Dormant,0,0.0,0.0,1.0
3620,Casual,3,50.0,150.0,5.9
3621,Growth,2,45.03,90.06,1.0
3622,Casual,0,0.0,0.0,1.0
3623,Dormant,1,16.03,16.03,4.7
3624,Casual,0,0.0,0.0,1.0
3625,Casual,1,54.09,54.09,1.0
3626,Dormant,0,0.0,0.0,1.0
3627,Casual,1,25.53,25.53,1.1
3628,Casual,2,24.26,48.51,1.0
3629,Growth,3,19.84,59.53,1.0
3630,Power,12,72.44,869.27,4.4
3631,Dormant,0,0.0,0.0,2.3
3632,Casual,0,0.0,0.0,1.0
3633,Casual,1,23.51,23.51,1.0
3634,Casual,0,0.0,0.0,1.0
3635,Power,0,0.0,0.0,1.0
3636,Dormant,0,0.0,0.0,4.1
3637,Growth,6,59.0,354.01,3.0
3638,Dormant,0,0.0,0.0,2.1
3639,Casual,0,0.0,0.0,1.0
3640,Growth,4,48.49,193.95,4.5
3641,Power,13,126.71,1647.27,3.0
3642,Dormant,0,0.0,0.0,1.0
3643,Growth,1,18.28,18.28,1.0
3644,Power,15,95.76,1436.45,4.6
3645,Dormant,0,0.0,0.0,4.0
3646,Growth,14,42.54,595.62,8.8
3647,Casual,1,10.67,10.67,3.0
3648,Growth,9,41.55,373.93,5.8
3649,Dormant,0,0.0,0.0,2.0
3650,Growth,1,71.39,71.39,1.0
3651,Growth,6,56.34,338.03,1.8
3652,Growth,2,107.94,215.88,4.7
3653,Growth,16,50.47,807.5,10.3
3654,Growth,4,73.44,293.75,2.4
3655,Power,14,87.86,1230.07,5.0
3656,Growth,0,0.0,0.0,1.0
3657,Casual,0,0.0,0.0,1.2
3658,Dormant,0,0.0,0.0,1.0
3659,Power,9,129.21,1162.86,3.1
3660,Growth,5,33.96,169.8,8.4
3661,Dormant,1,24.83,24.83,2.4
3662,Dormant,1,38.42,38.42,1.0
3663,Casual,1,13.07,13.07,1.4
3664,Growth,0,0.0,0.0,1.0
3665,Casual,0,0.0,0.0,1.0
3666,Growth,8,60.2,481.59,6.0
3667,Growth,4,101.85,407.4,1.9
3668,Casual,0,0.0,0.0,1.0
3669,Casual,1,61.25,61.25,3.2
3670,Growth,0,0.0,0.0,1.0
3671,Casual,3,65.64,196.92,4.9
3672,Growth,2,26.99,53.98,1.0
3673,Growth,1,61.69,61.69,2.2
3674,Dormant,0,0.0,0.0,2.0
3675,Dormant,0,0.0,0.0,2.6
3676,Growth,10,32.46,324.59,6.5
3677,Casual,2,45.75,91.49,8.3
3678,Growth,0,0.0,0.0,1.0
3679,Power,10,110.13,1101.31,1.7
3680,Dormant,0,0.0,0.0,3.9
3681,Growth,2,56.58,113.17,1.7
3682,Casual,0,0.0,0.0,1.0
3683,Casual,1,9.49,9.49,1.0
3684,Growth,1,27.22,27.22,1.0
3685,Power,35,123.78,4332.29,9.3
3686,Growth,17,66.48,1130.15,14.5
3687,Dormant,1,4.48,4.48,2.6
3688,Casual,0,0.0,0.0,1.0
3689,Casual,0,0.0,0.0,6.2
3690,Power,9,87.48,787.29,2.1
3691,Casual,2,26.27,52.53,1.0
3692,Power,44,99.09,4359.94,12.1
3693,Casual,1,20.72,20.72,1.0
3694,Dormant,0,0.0,0.0,1.0
3695,Casual,0,0.0,0.0,1.7
3696,Growth,1,42.67,42.67,1.1
3697,Power,3,125.34,376.03,1.0
3698,Power,10,129.53,1295.28,2.5
3699,Casual,1,31.61,31.61,1.0
3700,Dormant,1,22.8,22.8,1.0
3701,Growth,6,57.22,343.33,2.2
3702,Casual,0,0.0,0.0,3.0
3703,Dormant,0,0.0,0.0,2.3
3704,Power,26,92.16,2396.24,5.1
3705,Growth,4,63.06,252.24,1.0
3706,Growth,2,48.19,96.38,1.0
3707,Casual,3,51.8,155.39,1.0
3708,Casual,0,0.0,0.0,1.0
3709,Dormant,0,0.0,0.0,1.0
3710,Dormant,1,16.31,16.31,4.9
3711,Dormant,1,7.48,7.48,1.0
3712,Dormant,0,0.0,0.0,1.0
3713,Dormant,0,0.0,0.0,1.2
3714,Dormant,0,0.0,0.0,1.0
3715,Dormant,1,37.49,37.49,1.0
3716,Dormant,1,33.89,33.89,2.5
3717,Dormant,0,0.0,0.0,1.0
3718,Dormant,0,0.0,0.0,1.0
3719,Casual,0,0.0,0.0,2.6
3720,Casual,2,21.65,43.3,1.0
3721,Casual,1,20.47,20.47,4.5
3722,Dormant,0,0.0,0.0,3.1
3723,Casual,2,18.88,37.76,2.0
3724,Dormant,0,0.0,0.0,1.2
3725,Dormant,0,0.0,0.0,1.0
3726,Dormant,0,0.0,0.0,1.0
3727,Growth,16,67.07,1073.1,10.2
3728,Dormant,0,0.0,0.0,1.7
3729,Dormant,0,0.0,0.0,1.0
3730,Dormant,0,0.0,0.0,1.0
3731,Dormant,0,0.0,0.0,1.5
3732,Casual,1,17.38,17.38,1.0
3733,Casual,2,24.55,49.1,1.0
3734,Growth,1,30.11,30.11,1.0
3735,Dormant,0,0.0,0.0,1.0
3736,Growth,8,33.56,268.5,4.8
3737,Dormant,0,0.0,0.0,1.0
3738,Dormant,1,31.4,31.4,1.0
3739,Casual,2,40.23,80.46,3.4
3740,Growth,0,0.0,0.0,1.0
3741,Growth,1,58.18,58.18,2.1
3742,Dormant,1,8.14,8.14,2.5
3743,Casual,0,0.0,0.0,1.0
3744,Power,18,117.91,2122.42,5.4
3745,Dormant,0,0.0,0.0,1.0
3746,Growth,1,66.99,66.99,1.0
3747,Dormant,1,14.84,14.84,1.5
3748,Growth,13,51.74,672.62,8.7
3749,Growth,1,43.24,43.24,1.6
3750,Power,7,129.24,904.69,1.2
3751,Casual,1,26.87,26.87,1.0
3752,Casual,1,50.44,50.44,1.0
3753,Dormant,1,10.2,10.2,3.3
3754,Casual,1,19.59,19.59,2.4
3755,Growth,4,53.49,213.95,2.6
3756,Growth,4,61.48,245.91,1.5
3757,Growth,1,55.1,55.1,1.0
3758,Dormant,1,16.68,16.68,1.9
3759,Growth,12,64.95,779.44,12.0
3760,Dormant,0,0.0,0.0,1.1
3761,Growth,5,75.66,378.31,3.7
3762,Power,51,94.74,4831.83,13.0
3763,Growth,1,22.16,22.16,1.0
3764,Power,9,130.22,1171.99,3.0
3765,Dormant,0,0.0,0.0,1.1
3766,Casual,3,60.0,180.0,2.2
3767,Growth,19,57.56,1093.56,13.7
3768,Casual,0,0.0,0.0,1.0
3769,Casual,2,44.99,89.98,1.0
3770,Dormant,0,0.0,0.0,1.0
3771,Dormant,0,0.0,0.0,1.0
3772,Dormant,2,19.31,38.63,3.3
3773,Dormant,0,0.0,0.0,1.1
3774,Dormant,0,0.0,0.0,3.0
3775,Casual,2,38.58,77.16,2.9
3776,Dormant,0,0.0,0.0,2.9
3777,Power,5,66.16,330.79,1.6
3778,Dormant,0,0.0,0.0,1.2
3779,Dormant,0,0.0,0.0,1.8
3780,Power,13,118.56,1541.26,3.4
3781,Dormant,0,0.0,0.0,1.0
3782,Dormant,0,0.0,0.0,1.4
3783,Growth,5,45.2,225.98,3.6
3784,Casual,1,68.59,68.59,1.5
3785,Dormant,0,0.0,0.0,1.0
3786,Dormant,1,14.25,14.25,1.4
3787,Growth,1,31.16,31.16,1.0
3788,Growth,2,49.5,98.99,1.4
3789,Dormant,0,0.0,0.0,1.2
3790,Growth,2,51.87,103.73,1.3
3791,Growth,8,72.26,578.09,4.7
3792,Power,3,150.87,452.61,2.8
3793,Growth,2,40.92,81.85,1.3
3794,Casual,1,49.54,49.54,1.0
3795,Casual,0,0.0,0.0,2.5
3796,Casual,0,0.0,0.0,1.0
3797,Dormant,1,12.47,12.47,1.0
3798,Casual,0,0.0,0.0,2.4
3799,Growth,6,47.75,286.47,5.4
3800,Power,57,125.51,7154.32,14.8
3801,Growth,14,54.21,758.88,7.6
3802,Growth,3,95.73,287.18,1.7
3803,Growth,3,23.26,69.77,1.0
3804,Power,11,116.39,1280.29,4.8
3805,Growth,5,45.56,227.79,1.0
3806,Casual,2,26.5,53.0,1.0
3807,Casual,0,0.0,0.0,1.0
3808,Dormant,1,8.71,8.71,2.8
3809,Dormant,0,0.0,0.0,2.1
3810,Casual,0,0.0,0.0,2.3
3811,Growth,1,33.31,33.31,2.9
3812,Casual,0,0.0,0.0,2.8
3813,Power,19,110.86,2106.35,7.3
3814,Casual,4,19.66,78.65,3.8
3815,Casual,1,22.69,22.69,1.3
3816,Casual,0,0.0,0.0,1.0
3817,Growth,12,77.72,932.63,10.5
3818,Dormant,0,0.0,0.0,1.1
3819,Dormant,0,0.0,0.0,1.7
3820,Dormant,2,17.03,34.06,2.6
3821,Casual,1,16.68,16.68,1.0
3822,Casual,2,27.79,55.58,3.1
3823,Power,5,128.28,641.38,2.1
3824,Dormant,0,0.0,0.0,1.9
3825,Casual,0,0.0,0.0,1.0
3826,Growth,2,49.04,98.08,1.0
3827,Growth,0,0.0,0.0,1.4
3828,Dormant,0,0.0,0.0,1.0
3829,Casual,0,0.0,0.0,4.1
3830,Casual,1,29.44,29.44,1.4
3831,Casual,0,0.0,0.0,1.0
3832,Casual,3,32.92,98.75,4.4
3833,Casual,2,42.96,85.92,1.0
3834,Growth,3,29.42,88.27,3.0
3835,Casual,5,26.01,130.05,4.5
3836,Dormant,1,24.04,24.04,1.0
3837,Power,5,109.55,547.76,1.0
3838,Dormant,0,0.0,0.0,1.3
3839,Growth,14,52.43,734.01,11.4
3840,Dormant,3,15.54,46.63,2.0
3841,Casual,0,0.0,0.0,3.5
3842,Casual,1,89.28,89.28,1.8
3843,Casual,0,0.0,0.0,1.4
3844,Dormant,0,0.0,0.0,1.0
3845,Casual,1,16.01,16.01,2.1
3846,Dormant,0,0.0,0.0,1.0
3847,Dormant,0,0.0,0.0,1.0
3848,Growth,2,54.29,108.57,1.4
3849,Growth,8,44.59,356.75,5.0
3850,Casual,0,0.0,0.0,1.0
3851,Growth,6,47.35,284.09,8.0
3852,Casual,1,10.5,10.5,1.0
3853,Casual,0,0.0,0.0,1.0
3854,Casual,0,0.0,0.0,1.0
3855,Growth,2,24.35,48.7,3.0
3856,Dormant,2,26.37,52.73,9.3
3857,Casual,0,0.0,0.0,1.0
3858,Dormant,0,0.0,0.0,1.2
3859,Power,10,92.4,924.01,2.8
3860,Casual,3,22.73,68.18,3.9
3861,Power,7,146.58,1026.04,2.1
3862,Casual,0,0.0,0.0,2.0
3863,Growth,3,39.37,118.12,1.1
3864,Dormant,1,17.4,17.4,1.3
3865,Growth,21,49.08,1030.76,13.1
3866,Casual,0,0.0,0.0,1.1
3867,Growth,6,49.18,295.09,1.0
3868,Casual,0,0.0,0.0,1.0
3869,Casual,1,29.36,29.36,1.0
3870,Casual,1,21.66,21.66,1.0
3871,Growth,0,0.0,0.0,1.0
3872,Power,66,86.66,5719.84,19.2
3873,Power,16,108.47,1735.49,5.2
3874,Dormant,0,0.0,0.0,1.7
3875,Casual,0,0.0,0.0,1.0
3876,Power,31,112.67,3492.8,6.7
3877,Dormant,0,0.0,0.0,2.2
3878,Power,1,260.5,260.5,1.0
3879,Casual,0,0.0,0.0,1.0
3880,Dormant,0,0.0,0.0,1.0
3881,Dormant,0,0.0,0.0,1.0
3882,Dormant,1,10.4,10.4,1.0
3883,Casual,0,0.0,0.0,1.5
3884,Dormant,1,14.83,14.83,1.0
3885,Power,46,101.0,4646.14,13.0
3886,Dormant,0,0.0,0.0,1.0
3887,Dormant,0,0.0,0.0,1.0
3888,Dormant,0,0.0,0.0,1.2
3889,Growth,2,33.03,66.07,1.0
3890,Growth,0,0.0,0.0,2.0
3891,Casual,3,16.68,50.05,2.2
3892,Casual,2,18.44,36.88,1.0
3893,Casual,1,15.2,15.2,1.6
3894,Dormant,0,0.0,0.0,1.7
3895,Casual,4,33.13,132.5,5.6
3896,Growth,5,31.54,157.71,3.5
3897,Casual,1,18.16,18.16,2.8
3898,Growth,7,59.01,413.04,4.8
3899,Growth,3,70.66,211.97,3.5
3900,Growth,7,68.24,477.65,1.6
3901,Dormant,0,0.0,0.0,1.2
3902,Dormant,0,0.0,0.0,1.0
3903,Casual,1,39.87,39.87,1.0
3904,Casual,1,15.67,15.67,1.0
3905,Casual,8,25.76,206.08,10.7
3906,Dormant,0,0.0,0.0,3.6
3907,Dormant,0,0.0,0.0,4.5
3908,Casual,0,0.0,0.0,2.2
3909,Dormant,0,0.0,0.0,1.0
3910,Casual,0,0.0,0.0,1.0
3911,Casual,0,0.0,0.0,3.6
3912,Dormant,0,0.0,0.0,1.0
3913,Casual,0,0.0,0.0,2.5
3914,Casual,0,0.0,0.0,1.1
3915,Growth,2,32.79,65.58,3.3
3916,Casual,1,6.24,6.24,2.7
3917,Casual,1,27.73,27.73,1.0
3918,Casual,0,0.0,0.0,1.8
3919,Casual,1,24.12,24.12,1.0
3920,Growth,3,55.58,166.74,2.5
3921,Dormant,0,0.0,0.0,1.0
3922,Growth,2,67.55,135.1,1.1
3923,Dormant,1,16.08,16.08,1.0
3924,Growth,14,59.7,835.81,8.0
3925,Casual,1,89.86,89.86,1.6
3926,Casual,0,0.0,0.0,1.0
3927,Dormant,0,0.0,0.0,1.4
3928,Growth,6,50.66,303.95,7.2
3929,Dormant,1,17.86,17.86,2.3
3930,Casual,2,13.39,26.77,4.6
3931,Casual,1,39.47,39.47,1.0
3932,Casual,1,44.36,44.36,1.0
3933,Power,20,93.52,1870.49,8.0
3934,Casual,2,69.93,139.86,4.0
3935,Growth,1,55.77,55.77,1.0
3936,Growth,3,49.69,149.06,1.0
3937,Casual,0,0.0,0.0,1.0
3938,Casual,0,0.0,0.0,1.0
3939,Power,45,89.88,4044.61,13.6
3940,Power,66,114.37,7548.3,20.8
3941,Growth,0,0.0,0.0,1.0
3942,Growth,3,63.23,189.69,1.4
3943,Casual,0,0.0,0.0,1.2
3944,Growth,10,46.68,466.77,5.8
3945,Dormant,4,18.2,72.79,6.3
3946,Growth,1,41.29,41.29,2.6
3947,Power,5,50.24,251.18,1.0
3948,Dormant,1,8.99,8.99,2.6
3949,Growth,3,89.59,268.77,1.9
3950,Casual,0,0.0,0.0,1.0
3951,Dormant,1,21.72,21.72,1.3
3952,Dormant,0,0.0,0.0,1.1
3953,Dormant,0,0.0,0.0,1.2
3954,Power,41,86.32,3538.92,14.4
3955,Casual,0,0.0,0.0,1.0
3956,Dormant,0,0.0,0.0,1.0
3957,Dormant,1,42.69,42.69,1.8
3958,Power,5,133.55,667.73,1.0
3959,Casual,1,57.07,57.07,1.0
3960,Growth,4,78.94,315.76,3.2
3961,Growth,3,30.55,91.64,1.8
3962,Dormant,0,0.0,0.0,1.0
3963,Growth,3,19.26,57.77,2.7
3964,Growth,5,73.67,368.36,5.0
3965,Power,29,110.92,3216.6,8.0
3966,Casual,1,23.52,23.52,1.0
3967,Growth,7,61.37,429.57,7.6
3968,Casual,2,42.3,84.61,5.6
3969,Growth,1,29.41,29.41,1.0
3970,Dormant,0,0.0,0.0,1.0
3971,Growth,0,0.0,0.0,1.5
3972,Casual,0,0.0,0.0,1.0
3973,Growth,3,42.49,127.48,4.4
3974,Power,1,106.4,106.4,2.4
3975,Growth,18,37.66,677.84,12.5
3976,Power,7,114.26,799.83,1.0
3977,Growth,12,51.7,620.36,6.2
3978,Casual,1,16.32,16.32,2.3
3979,Casual,0,0.0,0.0,1.0
3980,Power,21,78.37,1645.86,9.0
3981,Casual,0,0.0,0.0,1.1
3982,Casual,4,25.25,100.99,8.2
3983,Growth,8,79.3,634.41,4.1
3984,Casual,1,87.52,87.52,1.0
3985,Power,17,118.01,2006.19,7.6
3986,Growth,0,0.0,0.0,1.8
3987,Casual,2,36.08,72.17,2.8
3988,Dormant,0,0.0,0.0,2.4
3989,Dormant,2,18.7,37.4,5.6
3990,Dormant,0,0.0,0.0,1.0
3991,Casual,0,0.0,0.0,1.0
3992,Power,6,100.24,601.47,1.8
3993,Growth,10,56.51,565.14,6.7
3994,Growth,6,53.55,321.28,3.4
3995,Power,3,81.34,244.02,1.0
3996,Power,11,107.59,1183.54,4.0
3997,Casual,1,56.92,56.92,1.0
3998,Growth,4,83.89,335.54,2.2
3999,Growth,0,0.0,0.0,2.0
4000,Dormant,0,0.0,0.0,1.0
4001,Growth,0,0.0,0.0,1.5
4002,Dormant,0,0.0,0.0,2.0
4003,Growth,3,52.15,156.46,1.5
4004,Casual,0,0.0,0.0,1.8
4005,Growth,2,85.85,171.7,2.1
4006,Casual,1,56.37,56.37,1.4
4007,Growth,1,66.29,66.29,1.0
4008,Growth,2,61.45,122.89,1.5
4009,Casual,1,23.53,23.53,3.5
4010,Growth,1,50.63,50.63,1.4
4011,Growth,4,70.12,280.48,1.3
4012,Dormant,1,10.43,10.43,1.5
4013,Power,3,87.27,261.8,1.4
4014,Casual,1,19.93,19.93,1.5
4015,Casual,0,0.0,0.0,1.0
4016,Growth,2,97.75,195.49,3.0
4017,Casual,1,59.89,59.89,1.0
4018,Power,21,106.1,2228.19,6.2
4019,Dormant,0,0.0,0.0,1.0
4020,Growth,0,0.0,0.0,1.5
4021,Growth,2,65.26,130.52,3.3
4022,Growth,2,90.64,181.29,2.2
4023,Dormant,1,14.54,14.54,3.3
4024,Dormant,0,0.0,0.0,1.0
4025,Dormant,0,0.0,0.0,3.0
4026,Casual,2,22.53,45.05,2.5
4027,Casual,3,17.83,53.5,6.4
4028,Casual,1,29.7,29.7,3.7
4029,Dormant,0,0.0,0.0,3.0
4030,Casual,1,19.99,19.99,2.5
4031,Growth,5,50.87,254.37,3.3
4032,Casual,1,22.72,22.72,2.3
4033,Casual,3,54.95,164.85,2.4
4034,Growth,9,51.93,467.39,4.8
4035,Casual,0,0.0,0.0,4.5
4036,Growth,5,55.32,276.59,5.7
4037,Dormant,1,16.21,16.21,1.7
4038,Casual,4,34.41,137.65,7.8
4039,Dormant,0,0.0,0.0,1.3
4040,Casual,1,10.93,10.93,3.4
4041,Dormant,0,0.0,0.0,1.0
4042,Growth,6,59.96,359.75,4.4
4043,Dormant,0,0.0,0.0,1.7
4044,Casual,0,0.0,0.0,1.0
4045,Growth,0,0.0,0.0,2.1
4046,Growth,2,40.71,81.42,1.4
4047,Growth,0,0.0,0.0,1.4
4048,Casual,0,0.0,0.0,1.0
4049,Dormant,1,47.53,47.53,1.5
4050,Dormant,0,0.0,0.0,1.2
4051,Casual,1,22.44,22.44,1.2
4052,Casual,1,22.52,22.52,2.1
4053,Casual,1,38.38,38.38,1.0
4054,Dormant,2,21.62,43.24,4.2
4055,Dormant,0,0.0,0.0,1.0
4056,Growth,0,0.0,0.0,1.0
4057,Dormant,1,23.09,23.09,1.0
4058,Casual,5,21.26,106.29,6.7
4059,Dormant,0,0.0,0.0,2.5
4060,Dormant,0,0.0,0.0,1.0
4061,Dormant,0,0.0,0.0,2.9
4062,Growth,3,77.02,231.07,1.0
4063,Casual,1,16.62,16.62,1.0
4064,Power,17,105.48,1793.21,6.0
4065,Dormant,1,19.3,19.3,1.0
4066,Growth,20,53.97,1079.38,9.8
4067,Dormant,0,0.0,0.0,1.0
4068,Dormant,0,0.0,0.0,1.0
4069,Growth,1,13.5,13.5,1.0
4070,Casual,1,20.36,20.36,1.7
4071,Casual,0,0.0,0.0,1.4
4072,Casual,0,0.0,0.0,1.0
4073,Growth,5,89.92,449.59,5.2
4074,Power,30,105.17,3155.23,10.8
4075,Casual,0,0.0,0.0,1.0
4076,Casual,0,0.0,0.0,2.5
4077,Casual,1,20.38,20.38,2.6
4078,Growth,6,31.44,188.63,3.8
4079,Casual,2,23.49,46.98,1.3
4080,Casual,0,0.0,0.0,1.0
4081,Growth,7,64.71,452.99,4.2
4082,Dormant,0,0.0,0.0,1.0
4083,Growth,1,88.88,88.88,1.6
4084,Casual,2,39.2,78.41,3.3
4085,Dormant,0,0.0,0.0,1.0
4086,Casual,1,27.93,27.93,1.0
4087,Casual,0,0.0,0.0,1.4
4088,Power,23,97.95,2252.77,6.0
4089,Growth,2,140.67,281.33,1.9
4090,Power,6,97.24,583.45,2.0
4091,Dormant,0,0.0,0.0,1.0
4092,Dormant,0,0.0,0.0,2.5
4093,Growth,0,0.0,0.0,1.0
4094,Growth,3,49.15,147.46,2.1
4095,Growth,0,0.0,0.0,1.1
4096,Casual,0,0.0,0.0,1.0
4097,Casual,1,56.11,56.11,1.3
4098,Dormant,1,9.98,9.98,4.6
4099,Dormant,0,0.0,0.0,1.0
4100,Growth,7,50.94,356.55,3.1
4101,Casual,0,0.0,0.0,2.1
4102,Casual,1,32.31,32.31,1.0
4103,Growth,5,61.3,306.51,1.0
4104,Dormant,0,0.0,0.0,1.0
4105,Power,39,105.72,4122.97,14.4
4106,Dormant,0,0.0,0.0,1.6
4107,Dormant,1,10.75,10.75,1.0
4108,Dormant,0,0.0,0.0,1.0
4109,Casual,1,22.12,22.12,1.3
4110,Growth,5,57.06,285.28,2.4
4111,Dormant,0,0.0,0.0,2.2
4112,Dormant,1,13.22,13.22,1.9
4113,Casual,0,0.0,0.0,1.0
4114,Dormant,0,0.0,0.0,1.0
4115,Growth,11,54.54,599.92,6.5
4116,Casual,2,22.32,44.65,5.6
4117,Dormant,0,0.0,0.0,1.2
4118,Growth,1,44.16,44.16,1.1
4119,Casual,2,59.02,118.03,4.9
4120,Dormant,0,0.0,0.0,1.1
4121,Dormant,0,0.0,0.0,1.0
4122,Dormant,0,0.0,0.0,5.4
4123,Casual,2,30.14,60.29,2.4
4124,Dormant,0,0.0,0.0,1.5
4125,Growth,3,85.38,256.13,1.0
4126,Casual,2,56.73,113.47,2.7
4127,Casual,7,36.78,257.43,10.2
4128,Dormant,0,0.0,0.0,1.0
4129,Dormant,0,0.0,0.0,1.0
4130,Dormant,0,0.0,0.0,1.5
4131,Casual,0,0.0,0.0,1.0
4132,Casual,0,0.0,0.0,1.8
4133,Casual,4,19.37,77.49,3.7
4134,Casual,0,0.0,0.0,2.0
4135,Power,2,62.56,125.12,1.0
4136,Casual,0,0.0,0.0,1.3
4137,Dormant,1,7.97,7.97,1.1
4138,Dormant,0,0.0,0.0,1.0
4139,Dormant,1,15.36,15.36,1.0
4140,Casual,0,0.0,0.0,1.0
4141,Casual,0,0.0,0.0,1.9
4142,Power,26,108.72,2826.63,6.3
4143,Casual,0,0.0,0.0,4.9
4144,Casual,0,0.0,0.0,1.7
4145,Growth,1,57.57,57.57,4.1
4146,Power,21,105.15,2208.25,6.1
4147,Dormant,2,16.97,33.95,4.6
4148,Casual,1,57.6,57.6,2.3
4149,Casual,1,10.86,10.86,1.0
4150,Growth,3,33.24,99.71,3.4
4151,Casual,1,21.72,21.72,1.7
4152,Casual,0,0.0,0.0,1.3
4153,Casual,1,48.18,48.18,3.6
4154,Casual,0,0.0,0.0,3.7
4155,Power,18,138.11,2485.9,5.3
4156,Dormant,0,0.0,0.0,1.0
4157,Power,20,102.55,2051.01,6.3
4158,Casual,0,0.0,0.0,1.0
4159,Growth,2,39.22,78.45,1.0
4160,Casual,2,8.77,17.54,4.3
4161,Growth,2,97.63,195.26,1.4
4162,Dormant,0,0.0,0.0,1.7
4163,Casual,1,25.49,25.49,1.4
4164,Casual,0,0.0,0.0,1.0
4165,Growth,4,51.06,204.24,1.9
4166,Power,12,96.72,1160.66,4.2
4167,Casual,0,0.0,0.0,1.0
4168,Casual,0,0.0,0.0,1.2
4169,Casual,1,21.98,21.98,2.0
4170,Dormant,0,0.0,0.0,1.0
4171,Dormant,1,26.35,26.35,1.5
4172,Dormant,1,4.8,4.8,2.3
4173,Growth,2,73.96,147.92,1.0
4174,Dormant,0,0.0,0.0,1.0
4175,Casual,0,0.0,0.0,1.2
4176,Casual,1,20.86,20.86,2.1
4177,Dormant,0,0.0,0.0,1.0
4178,Casual,0,0.0,0.0,1.0
4179,Dormant,0,0.0,0.0,2.0
4180,Dormant,0,0.0,0.0,1.7
4181,Growth,6,36.87,221.25,3.8
4182,Dormant,0,0.0,0.0,1.0
4183,Casual,0,0.0,0.0,1.0
4184,Dormant,0,0.0,0.0,3.8
4185,Dormant,0,0.0,0.0,2.1
4186,Power,5,96.71,483.54,1.8
4187,Growth,2,93.53,187.07,1.3
4188,Power,24,116.49,2795.86,10.4
4189,Casual,1,16.65,16.65,1.5
4190,Power,4,114.86,459.44,1.0
4191,Dormant,0,0.0,0.0,1.0
4192,Casual,1,21.18,21.18,2.3
4193,Dormant,1,10.45,10.45,2.9
4194,Growth,15,60.63,909.41,13.6
4195,Casual,0,0.0,0.0,2.3
4196,Power,29,97.83,2837.06,7.8
4197,Dormant,1,12.21,12.21,12.5
4198,Growth,6,37.24,223.45,3.8
4199,Power,4,141.23,564.9,1.0
4200,Growth,0,0.0,0.0,1.4
4201,Dormant,1,77.38,77.38,2.8
4202,Power,0,0.0,0.0,1.0
4203,Casual,0,0.0,0.0,1.2
4204,Dormant,0,0.0,0.0,3.4
4205,Dormant,0,0.0,0.0,1.0
4206,Growth,0,0.0,0.0,1.0
4207,Power,3,105.29,315.88,1.7
4208,Casual,0,0.0,0.0,1.6
4209,Growth,1,36.93,36.93,1.0
4210,Dormant,1,21.88,21.88,1.9
4211,Growth,6,47.97,287.83,3.0
4212,Casual,0,0.0,0.0,1.0
4213,Power,1,137.65,137.65,1.0
4214,Casual,0,0.0,0.0,1.0
4215,Growth,0,0.0,0.0,1.0
4216,Casual,1,33.8,33.8,1.0
4217,Power,0,0.0,0.0,1.0
4218,Dormant,1,44.08,44.08,1.0
4219,Dormant,1,5.05,5.05,4.9
4220,Growth,9,61.68,555.13,7.2
4221,Power,16,68.78,1100.43,4.1
4222,Growth,0,0.0,0.0,1.0
4223,Growth,4,60.75,243.01,1.7
4224,Growth,1,39.01,39.01,1.7
4225,Dormant,0,0.0,0.0,2.6
4226,Casual,0,0.0,0.0,2.3
4227,Growth,0,0.0,0.0,1.0
4228,Casual,3,30.49,91.47,4.4
4229,Growth,6,64.8,388.8,4.9
4230,Dormant,0,0.0,0.0,2.5
4231,Power,15,78.65,1179.72,4.7
4232,Dormant,0,0.0,0.0,1.0
4233,Dormant,0,0.0,0.0,1.0
4234,Power,10,88.04,880.44,5.1
4235,Growth,1,43.77,43.77,1.6
4236,Casual,5,32.86,164.29,4.4
4237,Dormant,0,0.0,0.0,1.0
4238,Casual,0,0.0,0.0,1.0
4239,Casual,1,20.77,20.77,5.3
4240,Dormant,1,14.27,14.27,1.8
4241,Dormant,0,0.0,0.0,1.7
4242,Casual,2,37.8,75.59,1.2
4243,Casual,3,22.6,67.81,2.5
4244,Dormant,0,0.0,0.0,1.0
4245,Growth,15,42.47,637.02,7.0
4246,Dormant,0,0.0,0.0,1.0
4247,Power,3,68.84,206.53,1.5
4248,Growth,3,67.75,203.25,1.3
4249,Dormant,0,0.0,0.0,1.0
4250,Growth,2,31.88,63.76,1.0
4251,Growth,3,33.53,100.6,1.0
4252,Growth,2,30.14,60.29,2.3
4253,Casual,0,0.0,0.0,1.0
4254,Dormant,1,10.39,10.39,1.9
4255,Power,6,163.41,980.45,3.2
4256,Power,7,119.47,836.29,1.7
4257,Casual,0,0.0,0.0,1.0
4258,Dormant,1,13.14,13.14,1.2
4259,Growth,4,56.8,227.21,3.9
4260,Dormant,0,0.0,0.0,1.0
4261,Dormant,0,0.0,0.0,1.0
4262,Growth,8,63.25,506.0,4.2
4263,Dormant,0,0.0,0.0,2.3
4264,Dormant,1,11.71,11.71,5.3
4265,Casual,2,39.0,78.01,3.1
4266,Casual,1,30.76,30.76,3.7
4267,Dormant,0,0.0,0.0,1.4
4268,Dormant,0,0.0,0.0,1.1
4269,Dormant,0,0.0,0.0,3.7
4270,Dormant,0,0.0,0.0,1.0
4271,Casual,0,0.0,0.0,1.0
4272,Dormant,0,0.0,0.0,2.7
4273,Dormant,0,0.0,0.0,2.2
4274,Growth,1,16.68,16.68,1.0
4275,Power,4,118.71,474.85,1.0
4276,Casual,1,49.08,49.08,1.8
4277,Dormant,1,13.66,13.66,4.0
4278,Growth,10,47.97,479.66,4.6
4279,Dormant,0,0.0,0.0,1.0
4280,Power,34,93.38,3175.02,8.5
4281,Growth,1,77.37,77.37,1.4
4282,Casual,0,0.0,0.0,1.3
4283,Growth,3,72.46,217.37,2.8
4284,Dormant,0,0.0,0.0,1.0
4285,Growth,1,81.38,81.38,1.0
4286,Dormant,0,0.0,0.0,1.0
4287,Growth,4,67.5,270.0,1.4
4288,Dormant,0,0.0,0.0,1.0
4289,Casual,1,18.2,18.2,1.5
4290,Power,2,65.8,131.61,2.3
4291,Power,4,96.91,387.63,1.0
4292,Power,3,91.06,273.19,1.1
4293,Casual,2,31.61,63.21,2.0
4294,Dormant,0,0.0,0.0,3.7
4295,Casual,1,78.2,78.2,1.2
4296,Casual,0,0.0,0.0,1.0
4297,Casual,2,41.75,83.51,4.2
4298,Casual,0,0.0,0.0,1.0
4299,Dormant,0,0.0,0.0,2.3
4300,Casual,1,43.66,43.66,4.0
4301,Dormant,1,21.75,21.75,3.1
4302,Dormant,0,0.0,0.0,1.0
4303,Growth,1,29.1,29.1,1.5
4304,Power,23,102.26,2351.89,7.1
4305,Growth,8,67.3,538.4,6.0
4306,Casual,1,55.62,55.62,1.0
4307,Growth,6,48.29,289.72,5.2
4308,Dormant,0,0.0,0.0,1.2
4309,Casual,2,19.81,39.63,3.2
4310,Casual,2,29.38,58.77,1.2
4311,Dormant,0,0.0,0.0,1.1
4312,Growth,2,41.41,82.82,3.8
4313,Dormant,0,0.0,0.0,2.4
4314,Power,68,103.42,7032.39,21.3
4315,Casual,3,23.07,69.21,3.3
4316,Dormant,0,0.0,0.0,2.2
4317,Dormant,0,0.0,0.0,1.0
4318,Dormant,0,0.0,0.0,3.8
4319,Casual,0,0.0,0.0,3.0
4320,Dormant,0,0.0,0.0,1.0
4321,Casual,0,0.0,0.0,1.6
4322,Casual,0,0.0,0.0,1.0
4323,Power,38,103.82,3945.22,11.9
4324,Growth,8,36.82,294.55,5.8
4325,Casual,0,0.0,0.0,1.0
4326,Power,22,92.83,2042.36,7.1
4327,Dormant,0,0.0,0.0,1.7
4328,Dormant,0,0.0,0.0,2.4
4329,Dormant,1,21.16,21.16,1.0
4330,Power,5,194.89,974.46,1.0
4331,Dormant,1,25.17,25.17,3.1
4332,Power,8,92.99,743.88,2.6
4333,Casual,4,22.68,90.72,2.9
4334,Dormant,0,0.0,0.0,1.0
4335,Power,7,125.75,880.24,1.3
4336,Power,33,100.93,3330.57,9.1
4337,Power,5,90.22,451.12,2.4
4338,Casual,1,57.5,57.5,1.7
4339,Dormant,0,0.0,0.0,1.0
4340,Growth,2,41.4,82.79,3.3
4341,Growth,8,49.36,394.86,7.2
4342,Casual,5,36.53,182.64,8.4
4343,Growth,1,22.69,22.69,1.6
4344,Dormant,0,0.0,0.0,1.0
4345,Dormant,1,20.51,20.51,2.6
4346,Dormant,0,0.0,0.0,1.6
4347,Dormant,0,0.0,0.0,2.0
4348,Casual,1,13.49,13.49,1.0
4349,Dormant,0,0.0,0.0,1.0
4350,Growth,8,35.48,283.88,6.1
4351,Power,34,104.33,3547.12,10.0
4352,Casual,0,0.0,0.0,1.0
4353,Power,5,120.97,604.84,2.0
4354,Dormant,0,0.0,0.0,2.0
4355,Dormant,0,0.0,0.0,1.0
4356,Dormant,0,0.0,0.0,2.7
4357,Growth,4,40.89,163.54,3.0
4358,Casual,1,40.0,40.0,1.0
4359,Dormant,1,28.81,28.81,2.6
4360,Growth,8,64.1,512.78,4.2
4361,Casual,0,0.0,0.0,1.6
4362,Casual,2,45.11,90.22,3.3
4363,Dormant,0,0.0,0.0,1.1
4364,Dormant,0,0.0,0.0,2.1
4365,Power,4,127.96,511.83,1.2
4366,Casual,0,0.0,0.0,1.9
4367,Casual,0,0.0,0.0,1.0
4368,Growth,2,30.14,60.28,3.5
4369,Casual,0,0.0,0.0,1.4
4370,Growth,2,32.33,64.66,1.0
4371,Power,28,125.37,3510.43,8.4
4372,Casual,9,31.03,279.24,10.6
4373,Growth,1,31.37,31.37,1.0
4374,Casual,0,0.0,0.0,3.3
4375,Growth,6,51.39,308.35,2.4
4376,Dormant,0,0.0,0.0,1.0
4377,Growth,0,0.0,0.0,1.0
4378,Dormant,0,0.0,0.0,4.4
4379,Power,12,96.23,1154.74,2.0
4380,Casual,1,39.48,39.48,1.2
4381,Growth,1,13.49,13.49,1.0
4382,Growth,8,44.58,356.66,6.3
4383,Casual,1,9.49,9.49,6.9
4384,Dormant,0,0.0,0.0,1.0
4385,Dormant,0,0.0,0.0,1.0
4386,Growth,5,34.45,172.25,4.0
4387,Growth,10,55.7,557.02,7.0
4388,Dormant,0,0.0,0.0,1.0
4389,Casual,2,28.18,56.35,1.5
4390,Growth,3,27.48,82.44,3.3
4391,Dormant,0,0.0,0.0,1.0
4392,Casual,0,0.0,0.0,1.0
4393,Casual,0,0.0,0.0,1.0
4394,Growth,2,56.4,112.81,2.6
4395,Casual,2,45.74,91.47,3.5
4396,Growth,5,35.76,178.81,2.1
4397,Dormant,1,11.0,11.0,1.0
4398,Growth,5,64.19,320.97,2.8
4399,Dormant,4,14.44,57.78,5.3
4400,Dormant,0,0.0,0.0,1.1
4401,Dormant,0,0.0,0.0,1.0
4402,Power,13,127.73,1660.49,3.4
4403,Growth,2,96.3,192.6,1.0
4404,Casual,2,60.25,120.51,6.3
4405,Casual,0,0.0,0.0,1.0
4406,Dormant,0,0.0,0.0,1.0
4407,Casual,0,0.0,0.0,1.0
4408,Dormant,0,0.0,0.0,1.1
4409,Growth,1,48.27,48.27,1.0
4410,Casual,1,13.93,13.93,4.8
4411,Power,17,111.09,1888.55,5.5
4412,Dormant,0,0.0,0.0,1.0
4413,Growth,2,75.64,151.28,1.8
4414,Growth,1,76.75,76.75,1.0
4415,Dormant,1,10.52,10.52,1.8
4416,Casual,0,0.0,0.0,1.0
4417,Power,50,103.39,5169.65,14.5
4418,Power,36,109.54,3943.39,10.7
4419,Casual,1,28.4,28.4,1.3
4420,Growth,6,50.09,300.51,1.9
4421,Growth,8,57.53,460.21,1.8
4422,Casual,0,0.0,0.0,1.1
4423,Growth,2,59.77,119.55,3.5
4424,Casual,1,16.66,16.66,1.0
4425,Casual,0,0.0,0.0,1.2
4426,Growth,3,59.89,179.66,1.3
4427,Growth,0,0.0,0.0,1.0
4428,Growth,2,62.15,124.3,1.0
4429,Power,11,72.33,795.64,4.1
4430,Growth,2,81.58,163.16,1.5
4431,Dormant,0,0.0,0.0,2.8
4432,Dormant,0,0.0,0.0,1.0
4433,Casual,2,18.0,36.0,6.0
4434,Casual,2,37.23,74.46,1.3
4435,Casual,1,11.59,11.59,1.0
4436,Dormant,0,0.0,0.0,1.0
4437,Growth,6,38.75,232.47,3.7
4438,Growth,1,56.05,56.05,1.4
4439,Growth,1,89.79,89.79,1.4
4440,Power,3,97.92,293.75,2.0
4441,Growth,1,66.98,66.98,1.0
4442,Dormant,1,31.17,31.17,2.5
4443,Dormant,0,0.0,0.0,2.9
4444,Power,3,97.57,292.7,1.3
4445,Casual,0,0.0,0.0,1.0
4446,Casual,2,75.21,150.42,4.2
4447,Casual,0,0.0,0.0,1.7
4448,Casual,3,31.18,93.55,2.3
4449,Power,25,98.76,2469.01,8.6
4450,Dormant,0,0.0,0.0,2.4
4451,Dormant,0,0.0,0.0,1.0
4452,Casual,0,0.0,0.0,1.1
4453,Casual,0,0.0,0.0,3.1
4454,Casual,3,33.35,100.06,2.0
4455,Growth,1,56.27,56.27,1.0
4456,Growth,0,0.0,0.0,1.4
4457,Casual,2,16.1,32.2,2.0
4458,Power,24,103.42,2482.03,9.1
4459,Dormant,0,0.0,0.0,1.2
4460,Casual,1,35.26,35.26,1.2
4461,Casual,1,40.13,40.13,2.7
4462,Growth,0,0.0,0.0,1.0
4463,Dormant,1,30.71,30.71,1.8
4464,Growth,4,56.11,224.43,2.3
4465,Growth,1,32.83,32.83,1.0
4466,Growth,2,29.39,58.79,1.8
4467,Casual,1,24.25,24.25,3.6
4468,Dormant,0,0.0,0.0,1.0
4469,Growth,7,64.75,453.27,2.7
4470,Dormant,0,0.0,0.0,1.0
4471,Growth,4,47.56,190.26,2.5
4472,Casual,0,0.0,0.0,1.0
4473,Power,22,99.53,2189.56,5.8
4474,Casual,1,76.9,76.9,2.3
4475,Casual,0,0.0,0.0,1.6
4476,Casual,0,0.0,0.0,1.7
4477,Growth,2,57.8,115.6,2.0
4478,Dormant,1,25.96,25.96,1.0
4479,Dormant,0,0.0,0.0,3.7
4480,Casual,2,52.51,105.02,1.8
4481,Casual,0,0.0,0.0,1.2
4482,Dormant,0,0.0,0.0,1.0
4483,Growth,7,48.93,342.52,5.5
4484,Dormant,2,15.44,30.88,1.8
4485,Growth,0,0.0,0.0,1.2
4486,Dormant,0,0.0,0.0,1.0
4487,Power,22,111.86,2461.03,7.9
4488,Growth,4,62.86,251.43,4.6
4489,Casual,0,0.0,0.0,1.0
4490,Casual,0,0.0,0.0,2.8
4491,Dormant,0,0.0,0.0,1.8
4492,Dormant,0,0.0,0.0,1.0
4493,Power,5,107.01,535.05,3.0
4494,Growth,0,0.0,0.0,1.0
4495,Growth,2,85.19,170.39,1.1
4496,Casual,0,0.0,0.0,1.0
4497,Casual,5,49.3,246.5,8.5
4498,Dormant,0,0.0,0.0,1.0
4499,Dormant,0,0.0,0.0,1.2
4500,Power,4,64.35,257.42,1.0
4501,Casual,1,20.66,20.66,2.6
4502,Casual,1,57.05,57.05,2.0
4503,Casual,2,32.64,65.28,5.3
4504,Growth,8,74.62,596.95,5.9
4505,Casual,1,12.2,12.2,1.0
4506,Casual,0,0.0,0.0,1.6
4507,Growth,2,30.12,60.24,1.0
4508,Dormant,0,0.0,0.0,1.0
4509,Growth,1,51.0,51.0,1.0
4510,Casual,0,0.0,0.0,1.0
4511,Casual,4,29.75,119.0,2.6
4512,Dormant,0,0.0,0.0,1.0
4513,Growth,10,52.95,529.55,5.7
4514,Power,7,167.26,1170.84,2.4
4515,Growth,6,56.48,338.86,2.5
4516,Casual,0,0.0,0.0,1.0
4517,Growth,3,40.19,120.57,1.0
4518,Dormant,0,0.0,0.0,2.9
4519,Growth,10,41.74,417.38,10.9
4520,Power,25,98.49,2462.23,8.3
4521,Casual,1,33.95,33.95,1.0
4522,Dormant,0,0.0,0.0,1.5
4523,Dormant,0,0.0,0.0,1.0
4524,Dormant,0,0.0,0.0,1.0
4525,Casual,1,21.61,21.61,1.4
4526,Dormant,0,0.0,0.0,2.3
4527,Dormant,0,0.0,0.0,4.1
4528,Growth,2,75.66,151.33,1.0
4529,Casual,1,62.49,62.49,2.2
4530,Dormant,0,0.0,0.0,1.1
4531,Growth,3,44.39,133.17,2.5
4532,Casual,0,0.0,0.0,1.0
4533,Casual,0,0.0,0.0,1.0
4534,Casual,1,12.88,12.88,1.0
4535,Power,3,70.8,212.4,1.5
4536,Casual,0,0.0,0.0,1.3
4537,Dormant,0,0.0,0.0,1.0
4538,Growth,6,42.22,253.34,3.3
4539,Casual,3,20.73,62.19,1.6
4540,Power,4,98.97,395.87,1.9
4541,Power,18,105.03,1890.51,6.1
4542,Dormant,1,10.43,10.43,1.7
4543,Casual,1,121.71,121.71,1.0
4544,Growth,0,0.0,0.0,1.0
4545,Growth,3,34.2,102.61,2.1
4546,Dormant,0,0.0,0.0,3.5
4547,Growth,1,25.9,25.9,1.5
4548,Dormant,0,0.0,0.0,1.0
4549,Growth,1,73.04,73.04,1.0
4550,Power,4,106.38,425.51,1.0
4551,Dormant,0,0.0,0.0,1.0
4552,Power,13,112.57,1463.4,5.5
4553,Casual,2,22.42,44.85,1.4
4554,Growth,7,31.43,220.03,5.0
4555,Dormant,1,16.66,16.66,5.9
4556,Dormant,0,0.0,0.0,1.0
4557,Dormant,0,0.0,0.0,1.2
4558,Power,8,99.29,794.28,1.4
4559,Dormant,0,0.0,0.0,1.0
4560,Dormant,1,37.09,37.09,1.3
4561,Growth,13,39.08,507.99,9.8
4562,Growth,10,51.89,518.9,6.3
4563,Dormant,0,0.0,0.0,1.0
4564,Growth,2,25.71,51.42,1.9
4565,Casual,0,0.0,0.0,1.0
4566,Dormant,1,24.1,24.1,4.0
4567,Power,11,117.78,1295.55,2.8
4568,Casual,2,52.74,105.48,2.9
4569,Casual,0,0.0,0.0,1.2
4570,Growth,7,52.92,370.41,6.0
4571,Dormant,1,8.23,8.23,1.0
4572,Growth,0,0.0,0.0,1.0
4573,Casual,0,0.0,0.0,1.0
4574,Dormant,0,0.0,0.0,1.0
4575,Growth,6,55.92,335.52,3.7
4576,Dormant,1,20.99,20.99,1.0
4577,Power,5,96.61,483.07,1.3
4578,Casual,0,0.0,0.0,1.0
4579,Power,13,100.49,1306.42,5.5
4580,Casual,1,29.35,29.35,2.0
4581,Dormant,0,0.0,0.0,1.0
4582,Dormant,0,0.0,0.0,1.0
4583,Dormant,0,0.0,0.0,1.0
4584,Casual,1,12.65,12.65,1.0
4585,Dormant,0,0.0,0.0,1.0
4586,Casual,1,34.43,34.43,1.0
4587,Dormant,0,0.0,0.0,2.4
4588,Casual,0,0.0,0.0,1.2
4589,Dormant,0,0.0,0.0,1.2
4590,Growth,3,35.13,105.4,1.3
4591,Casual,0,0.0,0.0,1.0
4592,Dormant,0,0.0,0.0,5.0
4593,Growth,0,0.0,0.0,1.3
4594,Growth,4,59.18,236.7,3.1
4595,Dormant,0,0.0,0.0,1.0
4596,Casual,1,36.64,36.64,3.3
4597,Growth,4,83.82,335.3,2.9
4598,Growth,1,39.83,39.83,1.0
4599,Casual,0,0.0,0.0,1.5
4600,Casual,0,0.0,0.0,2.1
4601,Dormant,0,0.0,0.0,1.0
4602,Dormant,0,0.0,0.0,1.0
4603,Casual,0,0.0,0.0,1.0
4604,Dormant,1,9.78,9.78,1.0
4605,Growth,3,29.63,88.9,5.4
4606,Dormant,1,18.72,18.72,13.1
4607,Growth,5,49.27,246.33,2.9
4608,Power,17,133.84,2275.2,5.2
4609,Dormant,0,0.0,0.0,1.1
4610,Dormant,0,0.0,0.0,1.0
4611,Growth,1,39.75,39.75,1.1
4612,Casual,2,14.03,28.06,2.8
4613,Casual,0,0.0,0.0,1.0
4614,Growth,5,35.1,175.49,2.8
4615,Growth,4,66.06,264.24,4.8
4616,Growth,4,59.21,236.82,2.1
4617,Casual,3,30.88,92.65,2.1
4618,Casual,0,0.0,0.0,1.1
4619,Casual,0,0.0,0.0,1.2
4620,Growth,2,22.6,45.2,1.0
4621,Dormant,0,0.0,0.0,1.0
4622,Casual,0,0.0,0.0,1.0
4623,Dormant,1,7.92,7.92,1.0
4624,Power,28,94.58,2648.2,7.4
4625,Casual,1,16.57,16.57,1.0
4626,Dormant,0,0.0,0.0,1.0
4627,Growth,3,63.39,190.16,2.9
4628,Growth,0,0.0,0.0,1.0
4629,Growth,5,46.14,230.72,3.6
4630,Growth,1,33.92,33.92,1.0
4631,Casual,0,0.0,0.0,1.0
4632,Growth,12,53.03,636.34,9.5
4633,Growth,6,68.9,413.39,3.6
4634,Casual,1,53.93,53.93,3.3
4635,Power,16,102.3,1636.78,7.6
4636,Growth,8,70.78,566.24,2.8
4637,Dormant,0,0.0,0.0,1.0
4638,Growth,1,132.23,132.23,1.0
4639,Growth,4,21.2,84.82,1.0
4640,Growth,2,56.09,112.17,1.0
4641,Power,13,128.2,1666.56,6.9
4642,Casual,0,0.0,0.0,2.0
4643,Power,6,143.8,862.81,3.2
4644,Growth,13,41.14,534.79,10.5
4645,Dormant,0,0.0,0.0,1.2
4646,Dormant,0,0.0,0.0,1.3
4647,Growth,1,17.76,17.76,1.0
4648,Growth,6,42.06,252.35,4.8
4649,Casual,3,49.55,148.65,2.9
4650,Dormant,1,23.19,23.19,1.0
4651,Dormant,0,0.0,0.0,1.0
4652,Growth,3,78.34,235.03,1.0
4653,Growth,2,68.98,137.97,3.6
4654,Casual,3,27.62,82.85,1.9
4655,Dormant,1,31.57,31.57,3.8
4656,Dormant,1,41.49,41.49,1.0
4657,Power,20,104.92,2098.31,7.1
4658,Casual,0,0.0,0.0,1.0
4659,Growth,5,38.44,192.19,4.1
4660,Dormant,1,11.58,11.58,1.0
4661,Dormant,0,0.0,0.0,1.0
4662,Casual,2,54.53,109.07,2.9
4663,Power,0,0.0,0.0,1.0
4664,Casual,0,0.0,0.0,1.0
4665,Casual,1,20.37,20.37,1.6
4666,Dormant,0,0.0,0.0,1.0
4667,Growth,2,91.74,183.48,1.9
4668,Dormant,0,0.0,0.0,1.0
4669,Growth,2,37.55,75.09,1.6
4670,Growth,1,18.34,18.34,1.0
4671,Growth,1,62.17,62.17,1.4
4672,Power,8,102.08,816.61,2.0
4673,Growth,1,36.88,36.88,1.9
4674,Casual,2,23.48,46.95,2.5
4675,Growth,3,53.07,159.2,1.0
4676,Power,1,229.06,229.06,1.0
4677,Growth,1,33.68,33.68,1.0
4678,Power,21,85.55,1796.52,5.7
4679,Dormant,0,0.0,0.0,2.2
4680,Dormant,0,0.0,0.0,2.5
4681,Power,6,127.52,765.14,2.4
4682,Dormant,0,0.0,0.0,1.1
4683,Dormant,0,0.0,0.0,1.7
4684,Dormant,0,0.0,0.0,1.0
4685,Growth,4,35.58,142.31,3.1
4686,Growth,1,13.43,13.43,1.0
4687,Casual,0,0.0,0.0,1.0
4688,Dormant,0,0.0,0.0,3.1
4689,Dormant,0,0.0,0.0,1.6
4690,Casual,1,16.43,16.43,1.0
4691,Growth,14,39.2,548.77,4.7
4692,Dormant,0,0.0,0.0,1.0
4693,Dormant,0,0.0,0.0,1.7
4694,Casual,0,0.0,0.0,1.9
4695,Casual,0,0.0,0.0,1.0
4696,Casual,2,32.1,64.19,3.4
4697,Casual,1,32.76,32.76,1.6
4698,Casual,0,0.0,0.0,1.0
4699,Dormant,0,0.0,0.0,1.0
4700,Dormant,0,0.0,0.0,1.0
4701,Casual,3,27.67,83.01,7.4
4702,Growth,0,0.0,0.0,1.0
4703,Casual,1,18.02,18.02,1.2
4704,Growth,0,0.0,0.0,1.0
4705,Growth,4,59.05,236.22,3.6
4706,Power,3,194.89,584.66,1.0
4707,Casual,2,7.83,15.65,4.2
4708,Growth,7,43.23,302.62,4.2
4709,Growth,1,110.03,110.03,1.0
4710,Dormant,1,6.61,6.61,1.0
4711,Growth,2,146.7,293.41,1.0
4712,Casual,3,67.82,203.45,4.0
4713,Dormant,0,0.0,0.0,2.3
4714,Casual,3,57.23,171.69,2.6
4715,Growth,7,44.72,313.07,5.8
4716,Growth,6,63.64,381.82,4.4
4717,Casual,0,0.0,0.0,1.0
4718,Casual,1,20.45,20.45,2.9
4719,Growth,4,56.36,225.45,2.4
4720,Casual,2,29.24,58.49,4.3
4721,Casual,3,25.0,75.0,5.4
4722,Growth,1,11.92,11.92,1.1
4723,Casual,9,29.93,269.37,9.7
4724,Power,40,118.99,4759.42,11.8
4725,Growth,3,52.38,157.13,1.0
4726,Dormant,0,0.0,0.0,4.6
4727,Growth,9,62.74,564.62,4.7
4728,Casual,0,0.0,0.0,1.3
4729,Casual,1,17.84,17.84,1.0
4730,Growth,2,35.97,71.94,2.0
4731,Dormant,0,0.0,0.0,1.0
4732,Growth,6,52.39,314.35,2.4
4733,Growth,8,62.3,498.4,3.9
4734,Dormant,0,0.0,0.0,1.0
4735,Dormant,0,0.0,0.0,1.2
4736,Dormant,0,0.0,0.0,1.0
4737,Power,17,131.54,2236.1,3.8
4738,Growth,5,71.57,357.85,3.1
4739,Casual,0,0.0,0.0,4.7
4740,Growth,6,44.75,268.51,4.6
4741,Growth,2,48.22,96.44,1.3
4742,Dormant,0,0.0,0.0,1.0
4743,Growth,25,44.68,1116.98,14.6
4744,Power,15,82.41,1236.19,2.7
4745,Power,14,85.26,1193.6,4.1
4746,Casual,2,34.0,68.0,1.1
4747,Casual,0,0.0,0.0,4.6
4748,Dormant,0,0.0,0.0,1.0
4749,Power,9,157.26,1415.36,3.0
4750,Growth,3,41.6,124.81,1.0
4751,Casual,1,34.5,34.5,1.0
4752,Casual,1,20.64,20.64,2.8
4753,Casual,8,61.34,490.74,4.6
4754,Dormant,0,0.0,0.0,1.0
4755,Casual,0,0.0,0.0,1.0
4756,Casual,0,0.0,0.0,2.0
4757,Dormant,0,0.0,0.0,1.0
4758,Power,5,113.66,568.3,1.0
4759,Dormant,0,0.0,0.0,1.0
4760,Casual,1,9.94,9.94,1.0
4761,Casual,0,0.0,0.0,1.2
4762,Dormant,0,0.0,0.0,1.0
4763,Casual,1,50.64,50.64,1.0
4764,Casual,0,0.0,0.0,3.8
4765,Growth,1,43.03,43.03,1.0
4766,Casual,2,25.19,50.39,4.2
4767,Casual,2,29.88,59.76,1.0
4768,Growth,26,63.32,1646.33,14.1
4769,Dormant,0,0.0,0.0,1.0
4770,Casual,1,157.17,157.17,1.8
4771,Casual,1,11.31,11.31,1.0
4772,Power,15,120.14,1802.07,6.0
4773,Casual,1,24.56,24.56,1.0
4774,Power,10,125.33,1253.26,3.2
4775,Power,7,133.65,935.55,2.4
4776,Casual,3,35.03,105.09,3.9
4777,Power,5,151.93,759.63,1.3
4778,Growth,4,58.45,233.8,2.5
4779,Casual,0,0.0,0.0,2.3
4780,Growth,0,0.0,0.0,1.9
4781,Dormant,0,0.0,0.0,1.2
4782,Dormant,1,19.57,19.57,1.0
4783,Casual,1,5.42,5.42,3.6
4784,Dormant,0,0.0,0.0,1.2
4785,Dormant,1,31.32,31.32,1.9
4786,Growth,0,0.0,0.0,1.0
4787,Dormant,0,0.0,0.0,3.9
4788,Growth,11,62.32,685.54,4.3
4789,Dormant,0,0.0,0.0,1.0
4790,Casual,0,0.0,0.0,1.0
4791,Power,26,112.97,2937.31,6.8
4792,Growth,1,23.47,23.47,1.5
4793,Dormant,0,0.0,0.0,1.0
4794,Growth,4,38.2,152.81,4.0
4795,Growth,6,33.56,201.36,5.2
4796,Growth,11,47.95,527.5,9.1
4797,Casual,0,0.0,0.0,1.0
4798,Dormant,1,6.66,6.66,1.1
4799,Dormant,0,0.0,0.0,1.0
4800,Casual,2,23.22,46.44,3.2
4801,Growth,0,0.0,0.0,1.0
4802,Power,17,105.4,1791.8,6.5
4803,Casual,1,54.04,54.04,1.4
4804,Dormant,2,19.93,39.87,2.5
4805,Dormant,0,0.0,0.0,1.0
4806,Casual,0,0.0,0.0,1.0
4807,Casual,0,0.0,0.0,1.7
4808,Casual,3,35.56,106.69,5.5
4809,Casual,2,23.69,47.39,1.9
4810,Casual,1,31.16,31.16,1.0
4811,Dormant,0,0.0,0.0,1.0
4812,Casual,1,91.44,91.44,1.0
4813,Dormant,0,0.0,0.0,4.1
4814,Casual,0,0.0,0.0,1.2
4815,Power,3,114.36,343.08,1.0
4816,Growth,2,43.28,86.57,1.8
4817,Casual,0,0.0,0.0,1.0
4818,Casual,3,31.97,95.92,3.9
4819,Casual,3,26.29,78.86,2.9
4820,Dormant,0,0.0,0.0,1.0
4821,Growth,2,42.45,84.9,1.0
4822,Casual,6,22.77,136.64,8.5
4823,Dormant,0,0.0,0.0,1.0
4824,Casual,1,23.32,23.32,1.0
4825,Casual,1,27.17,27.17,1.0
4826,Growth,6,43.42,260.54,3.9
4827,Casual,3,29.14,87.42,1.0
4828,Dormant,0,0.0,0.0,1.7
4829,Dormant,0,0.0,0.0,3.5
4830,Casual,0,0.0,0.0,1.0
4831,Growth,0,0.0,0.0,1.2
4832,Dormant,0,0.0,0.0,1.3
4833,Dormant,0,0.0,0.0,1.0
4834,Growth,1,55.1,55.1,1.0
4835,Dormant,0,0.0,0.0,1.0
4836,Power,3,112.64,337.91,1.0
4837,Power,26,101.28,2633.27,8.1
4838,Growth,16,55.4,886.46,4.8
4839,Growth,0,0.0,0.0,1.0
4840,Dormant,0,0.0,0.0,1.4
4841,Casual,2,30.35,60.69,2.2
4842,Growth,3,59.83,179.5,3.5
4843,Casual,1,23.62,23.62,5.5
4844,Casual,2,18.11,36.22,2.3
4845,Growth,8,36.97,295.8,4.9
4846,Growth,3,37.08,111.25,3.5
4847,Casual,1,14.47,14.47,2.2
4848,Growth,0,0.0,0.0,1.0
4849,Dormant,0,0.0,0.0,1.0
4850,Growth,5,26.61,133.06,1.0
4851,Dormant,0,0.0,0.0,4.8
4852,Dormant,0,0.0,0.0,1.0
4853,Growth,7,41.11,287.74,4.1
4854,Power,8,97.67,781.39,2.5
4855,Dormant,0,0.0,0.0,1.0
4856,Casual,0,0.0,0.0,1.0
4857,Casual,1,37.82,37.82,1.2
4858,Power,7,88.58,620.06,2.1
4859,Growth,16,67.56,1080.91,7.4
4860,Casual,0,0.0,0.0,1.2
4861,Dormant,0,0.0,0.0,1.4
4862,Growth,3,54.32,162.97,3.2
4863,Dormant,0,0.0,0.0,1.2
4864,Casual,0,0.0,0.0,2.6
4865,Power,16,94.42,1510.79,3.5
4866,Growth,2,16.12,32.24,1.0
4867,Growth,0,0.0,0.0,1.0
4868,Casual,0,0.0,0.0,1.0
4869,Casual,2,44.12,88.24,1.0
4870,Casual,1,40.88,40.88,2.4
4871,Growth,0,0.0,0.0,1.0
4872,Dormant,0,0.0,0.0,1.0
4873,Casual,0,0.0,0.0,1.0
4874,Casual,0,0.0,0.0,1.0
4875,Casual,1,22.45,22.45,3.1
4876,Growth,2,23.38,46.75,2.5
4877,Dormant,0,0.0,0.0,1.0
4878,Casual,0,0.0,0.0,1.0
4879,Casual,0,0.0,0.0,1.0
4880,Growth,3,86.04,258.11,1.0
4881,Casual,2,19.69,39.37,1.0
4882,Casual,0,0.0,0.0,2.8
4883,Growth,13,57.52,747.78,10.4
4884,Dormant,0,0.0,0.0,1.4
4885,Dormant,0,0.0,0.0,1.4
4886,Power,0,0.0,0.0,1.1
4887,Dormant,1,7.9,7.9,1.0
4888,Casual,0,0.0,0.0,1.0
4889,Dormant,0,0.0,0.0,2.0
4890,Growth,6,81.16,486.95,3.9
4891,Growth,16,62.49,999.87,10.7
4892,Casual,1,23.26,23.26,3.4
4893,Growth,3,62.85,188.55,2.4
4894,Dormant,0,0.0,0.0,1.0
4895,Casual,0,0.0,0.0,1.4
4896,Growth,4,50.85,203.39,4.2
4897,Casual,0,0.0,0.0,1.0
4898,Dormant,0,0.0,0.0,1.0
4899,Dormant,0,0.0,0.0,1.6
4900,Casual,4,31.75,127.0,2.3
4901,Growth,6,54.23,325.37,4.7
4902,Growth,1,30.34,30.34,1.0
4903,Dormant,0,0.0,0.0,1.0
4904,Dormant,0,0.0,0.0,1.0
4905,Casual,1,69.17,69.17,2.5
4906,Dormant,0,0.0,0.0,1.0
4907,Growth,0,0.0,0.0,1.2
4908,Dormant,0,0.0,0.0,5.3
4909,Growth,1,73.81,73.81,1.0
4910,Growth,0,0.0,0.0,1.1
4911,Casual,1,10.03,10.03,1.0
4912,Casual,1,106.03,106.03,1.0
4913,Dormant,0,0.0,0.0,1.3
4914,Growth,4,42.74,170.94,1.2
4915,Dormant,0,0.0,0.0,1.7
4916,Dormant,1,10.58,10.58,1.0
4917,Casual,2,33.22,66.44,3.8
4918,Dormant,1,17.27,17.27,1.3
4919,Casual,1,16.76,16.76,1.0
4920,Casual,0,0.0,0.0,3.8
4921,Growth,3,41.05,123.16,2.5
4922,Growth,9,66.95,602.59,7.0
4923,Dormant,0,0.0,0.0,4.3
4924,Casual,1,34.67,34.67,1.0
4925,Growth,0,0.0,0.0,1.0
4926,Growth,4,43.7,174.81,2.0
4927,Casual,3,40.26,120.77,4.8
4928,Dormant,0,0.0,0.0,1.0
4929,Growth,4,72.48,289.93,3.4
4930,Dormant,0,0.0,0.0,1.0
4931,Casual,0,0.0,0.0,1.0
4932,Dormant,0,0.0,0.0,1.0
4933,Growth,1,25.93,25.93,1.0
4934,Casual,1,22.34,22.34,1.4
4935,Growth,2,49.75,99.51,1.0
4936,Casual,1,19.1,19.1,2.3
4937,Dormant,0,0.0,0.0,2.7
4938,Casual,0,0.0,0.0,1.0
4939,Growth,7,44.98,314.88,4.5
4940,Dormant,1,2.66,2.66,1.0
4941,Power,24,79.13,1899.08,8.1
4942,Casual,1,19.04,19.04,3.0
4943,Dormant,0,0.0,0.0,1.0
4944,Casual,0,0.0,0.0,1.0
4945,Dormant,0,0.0,0.0,2.9
4946,Casual,0,0.0,0.0,2.6
4947,Dormant,0,0.0,0.0,1.0
4948,Casual,0,0.0,0.0,1.0
4949,Dormant,0,0.0,0.0,1.0
4950,Growth,2,51.17,102.35,1.0
4951,Dormant,0,0.0,0.0,1.4
4952,Growth,4,58.91,235.65,6.0
4953,Dormant,0,0.0,0.0,1.0
4954,Growth,11,48.23,530.58,6.1
4955,Growth,1,90.61,90.61,1.0
4956,Dormant,0,0.0,0.0,3.4
4957,Growth,1,117.97,117.97,1.3
4958,Casual,4,28.88,115.54,10.9
4959,Dormant,0,0.0,0.0,4.0
4960,Growth,0,0.0,0.0,1.0
4961,Growth,2,64.87,129.74,2.2
4962,Casual,2,18.72,37.45,1.0
4963,Growth,7,50.88,356.14,4.5
4964,Growth,0,0.0,0.0,1.0
4965,Power,3,117.03,351.1,1.3
4966,Casual,0,0.0,0.0,1.0
4967,Growth,3,26.2,78.61,1.2
4968,Power,49,115.53,5661.0,16.6
4969,Casual,0,0.0,0.0,4.5
4970,Casual,0,0.0,0.0,2.0
4971,Power,38,94.69,3598.07,16.0
4972,Growth,2,68.07,136.14,1.0
4973,Dormant,2,9.78,19.55,1.0
4974,Casual,1,26.03,26.03,2.0
4975,Casual,1,35.44,35.44,1.0
4976,Casual,0,0.0,0.0,4.4
4977,Growth,10,52.13,521.25,8.6
4978,Dormant,1,9.49,9.49,3.3
4979,Dormant,0,0.0,0.0,1.3
4980,Dormant,0,0.0,0.0,1.2
4981,Growth,1,26.07,26.07,3.5
4982,Growth,6,59.34,356.01,7.0
4983,Growth,12,50.1,601.18,6.3
4984,Growth,2,64.21,128.42,2.0
4985,Growth,1,58.44,58.44,3.1
4986,Casual,0,0.0,0.0,1.0
4987,Growth,10,65.27,652.67,5.5
4988,Dormant,1,22.37,22.37,1.9
4989,Power,3,197.91,593.73,1.0
4990,Power,5,172.72,863.6,2.4
4991,Dormant,0,0.0,0.0,1.9
4992,Dormant,1,14.33,14.33,3.0
4993,Growth,6,71.25,427.48,6.2
4994,Casual,0,0.0,0.0,1.0
4995,Growth,4,59.21,236.82,2.2
4996,Growth,1,29.57,29.57,1.3
4997,Casual,0,0.0,0.0,1.4
4998,Growth,2,43.27,86.54,2.5
4999,Casual,1,42.7,42.7,1.0
5000,Growth,1,26.51,26.51,1.7
5001,Casual,0,0.0,0.0,2.2
5002,Dormant,0,0.0,0.0,1.0
5003,Growth,2,24.55,49.11,2.3
5004,Power,7,111.9,783.33,1.8
5005,Casual,0,0.0,0.0,1.0
5006,Dormant,0,0.0,0.0,1.0
5007,Casual,0,0.0,0.0,1.3
5008,Dormant,0,0.0,0.0,1.0
5009,Casual,1,77.71,77.71,3.6
5010,Growth,5,74.04,370.21,5.7
5011,Casual,0,0.0,0.0,1.0
5012,Growth,13,64.94,844.17,5.7
5013,Dormant,1,9.38,9.38,1.0
5014,Growth,0,0.0,0.0,1.0
5015,Growth,2,57.52,115.05,1.1
5016,Casual,0,0.0,0.0,1.3
5017,Casual,1,16.09,16.09,2.2
5018,Casual,1,10.11,10.11,1.0
5019,Casual,1,11.6,11.6,2.3
5020,Dormant,0,0.0,0.0,1.0
5021,Dormant,1,23.31,23.31,3.3
5022,Dormant,0,0.0,0.0,1.3
5023,Casual,1,17.17,17.17,4.8
5024,Casual,2,20.44,40.89,1.0
5025,Casual,2,67.66,135.32,3.0
5026,Casual,2,57.25,114.51,2.2
5027,Growth,2,39.62,79.24,1.0
5028,Casual,3,39.91,119.74,3.5
5029,Power,3,65.88,197.64,1.0
5030,Power,39,108.82,4243.99,8.0
5031,Dormant,0,0.0,0.0,1.0
5032,Power,12,100.53,1206.3,3.2
5033,Casual,0,0.0,0.0,1.0
5034,Casual,2,48.97,97.94,1.0
5035,Growth,2,32.6,65.21,1.1
5036,Dormant,1,50.64,50.64,1.0
5037,Growth,4,86.62,346.46,1.3
5038,Dormant,0,0.0,0.0,1.8
5039,Dormant,0,0.0,0.0,1.0
5040,Growth,4,69.96,279.84,1.3
5041,Growth,1,23.93,23.93,1.0
5042,Growth,6,61.45,368.72,3.1
5043,Casual,3,23.68,71.04,5.5
5044,Growth,4,65.27,261.1,3.6
5045,Dormant,0,0.0,0.0,1.0
5046,Growth,2,30.64,61.29,2.1
5047,Dormant,0,0.0,0.0,1.0
5048,Growth,1,25.87,25.87,1.0
5049,Dormant,0,0.0,0.0,1.0
5050,Growth,3,74.9,224.7,3.7
5051,Casual,1,16.89,16.89,1.0
5052,Casual,1,72.71,72.71,1.0
5053,Growth,5,53.44,267.2,5.2
5054,Dormant,0,0.0,0.0,1.0
5055,Growth,1,66.06,66.06,1.0
5056,Casual,1,40.82,40.82,1.0
5057,Casual,1,39.64,39.64,1.3
5058,Casual,1,87.11,87.11,1.0
5059,Power,14,131.83,1845.61,1.8
5060,Growth,3,43.78,131.33,3.3
5061,Growth,7,55.32,387.26,3.1
5062,Growth,9,54.86,493.75,7.4
5063,Growth,5,68.14,340.7,3.4
5064,Dormant,0,0.0,0.0,2.3
5065,Casual,2,33.66,67.32,1.1
5066,Casual,0,0.0,0.0,2.1
5067,Growth,6,81.12,486.73,2.8
5068,Growth,6,78.62,471.71,5.4
5069,Casual,9,25.9,233.13,9.8
5070,Growth,6,44.05,264.32,5.9
5071,Growth,2,54.84,109.68,5.7
5072,Casual,2,29.95,59.9,4.8
5073,Casual,1,60.83,60.83,1.5
5074,Dormant,0,0.0,0.0,3.2
5075,Growth,2,71.24,142.47,1.4
5076,Casual,0,0.0,0.0,1.2
5077,Growth,0,0.0,0.0,1.0
5078,Growth,8,48.55,388.4,2.9
5079,Dormant,0,0.0,0.0,2.7
5080,Growth,1,30.21,30.21,1.0
5081,Casual,0,0.0,0.0,1.0
5082,Casual,0,0.0,0.0,1.5
5083,Power,59,109.54,6463.09,14.2
5084,Dormant,0,0.0,0.0,1.0
5085,Casual,0,0.0,0.0,1.0
5086,Dormant,0,0.0,0.0,1.0
5087,Casual,0,0.0,0.0,1.0
5088,Dormant,0,0.0,0.0,1.2
5089,Growth,8,39.67,317.39,1.6
5090,Casual,0,0.0,0.0,1.2
5091,Dormant,1,23.4,23.4,1.1
5092,Growth,1,55.41,55.41,1.4
5093,Casual,1,35.65,35.65,1.0
5094,Dormant,0,0.0,0.0,1.0
5095,Casual,1,16.08,16.08,2.1
5096,Dormant,0,0.0,0.0,1.0
5097,Casual,1,17.12,17.12,2.6
5098,Dormant,0,0.0,0.0,2.8
5099,Dormant,0,0.0,0.0,1.5
5100,Casual,1,18.56,18.56,1.0
5101,Growth,4,57.41,229.63,1.8
5102,Power,13,90.18,1172.31,5.0
5103,Casual,8,32.13,257.02,6.5
5104,Dormant,0,0.0,0.0,1.0
5105,Casual,1,74.77,74.77,1.0
5106,Growth,5,91.6,458.01,3.4
5107,Growth,3,31.7,95.1,1.8
5108,Casual,2,27.0,53.99,2.8
5109,Dormant,0,0.0,0.0,1.0
5110,Growth,7,48.15,337.05,4.8
5111,Casual,2,22.35,44.7,2.0
5112,Dormant,0,0.0,0.0,1.0
5113,Dormant,0,0.0,0.0,1.0
5114,Power,97,102.24,9917.64,25.1
5115,Dormant,0,0.0,0.0,2.7
5116,Casual,1,246.26,246.26,1.0
5117,Dormant,0,0.0,0.0,1.0
5118,Power,4,109.27,437.09,1.0
5119,Casual,1,27.73,27.73,1.0
5120,Casual,3,30.3,90.91,1.6
5121,Growth,4,29.14,116.57,5.5
5122,Casual,1,30.42,30.42,1.0
5123,Casual,2,70.76,141.52,1.5
5124,Casual,6,23.26,139.54,7.4
5125,Power,42,81.16,3408.77,16.5
5126,Casual,2,29.19,58.38,1.0
5127,Growth,7,57.43,401.98,2.9
5128,Dormant,0,0.0,0.0,1.0
5129,Dormant,0,0.0,0.0,1.0
5130,Growth,3,54.28,162.85,2.3
5131,Growth,12,43.1,517.19,6.8
5132,Growth,0,0.0,0.0,1.0
5133,Casual,0,0.0,0.0,1.2
5134,Dormant,0,0.0,0.0,1.0
5135,Casual,3,21.09,63.26,3.7
5136,Power,3,94.78,284.33,1.6
5137,Power,6,101.69,610.15,1.0
5138,Growth,3,45.7,137.11,2.8
5139,Dormant,1,6.62,6.62,2.3
5140,Casual,0,0.0,0.0,1.1
5141,Casual,0,0.0,0.0,1.1
5142,Growth,21,61.19,1285.03,14.2
5143,Dormant,0,0.0,0.0,3.5
5144,Growth,3,97.71,293.12,3.1
5145,Dormant,0,0.0,0.0,1.0
5146,Dormant,1,26.39,26.39,5.4
5147,Casual,0,0.0,0.0,1.0
5148,Dormant,0,0.0,0.0,1.0
5149,Growth,0,0.0,0.0,1.0
5150,Casual,0,0.0,0.0,5.2
5151,Power,11,92.28,1015.08,4.0
5152,Casual,0,0.0,0.0,1.0
5153,Growth,3,31.86,95.59,1.0
5154,Power,2,97.06,194.11,1.0
5155,Power,24,88.85,2132.43,7.7
5156,Growth,11,44.18,485.98,7.5
5157,Casual,1,15.84,15.84,1.0
5158,Casual,0,0.0,0.0,1.5
5159,Growth,1,115.87,115.87,1.7
5160,Dormant,0,0.0,0.0,1.0
5161,Dormant,0,0.0,0.0,1.0
5162,Growth,13,48.28,627.67,5.3
5163,Casual,0,0.0,0.0,2.7
5164,Casual,3,36.91,110.72,3.4
5165,Dormant,0,0.0,0.0,1.0
5166,Casual,1,28.64,28.64,1.0
5167,Dormant,1,9.58,9.58,3.5
5168,Growth,7,47.06,329.45,3.5
5169,Growth,4,33.91,135.63,3.1
5170,Dormant,0,0.0,0.0,1.8
5171,Casual,0,0.0,0.0,1.7
5172,Dormant,0,0.0,0.0,1.0
5173,Power,3,144.82,434.47,1.0
5174,Growth,5,41.48,207.38,3.8
5175,Power,31,101.58,3148.93,10.8
5176,Growth,1,95.34,95.34,1.4
5177,Power,2,68.47,136.94,1.0
5178,Casual,0,0.0,0.0,1.0
5179,Casual,1,41.73,41.73,6.4
5180,Casual,2,53.26,106.51,3.3
5181,Casual,1,18.15,18.15,1.0
5182,Power,6,78.07,468.41,2.9
5183,Casual,0,0.0,0.0,1.0
5184,Power,31,103.02,3193.59,8.4
5185,Dormant,1,35.3,35.3,2.8
5186,Power,3,156.24,468.73,1.0
5187,Casual,0,0.0,0.0,1.0
5188,Dormant,0,0.0,0.0,1.0
5189,Casual,2,63.57,127.14,2.5
5190,Casual,1,30.49,30.49,1.3
5191,Dormant,0,0.0,0.0,1.0
5192,Growth,9,59.04,531.4,3.9
5193,Casual,0,0.0,0.0,1.7
5194,Dormant,1,32.27,32.27,2.6
5195,Dormant,0,0.0,0.0,1.1
5196,Casual,3,29.29,87.88,1.1
5197,Growth,1,28.9,28.9,1.3
5198,Dormant,0,0.0,0.0,1.0
5199,Casual,1,14.97,14.97,2.5
5200,Growth,3,73.82,221.47,2.1
5201,Growth,4,45.76,183.04,3.2
5202,Growth,5,31.25,156.24,4.9
5203,Casual,0,0.0,0.0,1.0
5204,Growth,9,56.0,504.03,3.9
5205,Power,44,108.27,4763.84,12.7
5206,Power,3,78.83,236.5,1.0
5207,Dormant,1,21.19,21.19,1.0
5208,Power,34,117.3,3988.12,9.6
5209,Power,8,95.77,766.18,3.5
5210,Casual,2,41.96,83.92,1.0
5211,Growth,2,29.65,59.29,1.0
5212,Dormant,0,0.0,0.0,1.7
5213,Dormant,0,0.0,0.0,1.0
5214,Casual,0,0.0,0.0,3.0
5215,Casual,0,0.0,0.0,1.1
5216,Casual,5,39.28,196.38,5.8
5217,Power,110,96.24,10586.9,32.8
5218,Growth,4,49.56,198.22,1.7
5219,Growth,13,54.95,714.36,10.2
5220,Power,8,128.41,1027.31,2.9
5221,Casual,1,21.85,21.85,1.0
5222,Power,40,104.02,4160.87,11.3
5223,Power,2,104.57,209.14,1.0
5224,Casual,0,0.0,0.0,1.0
5225,Casual,0,0.0,0.0,1.0
5226,Growth,5,45.38,226.92,4.3
5227,Power,10,92.11,921.13,2.4
5228,Growth,4,57.95,231.78,1.1
5229,Growth,0,0.0,0.0,1.6
5230,Dormant,0,0.0,0.0,1.0
5231,Dormant,0,0.0,0.0,1.0
5232,Casual,1,23.33,23.33,1.0
5233,Casual,0,0.0,0.0,1.1
5234,Dormant,0,0.0,0.0,1.0
5235,Casual,0,0.0,0.0,1.0
5236,Growth,23,50.65,1164.84,17.2
5237,Power,6,144.04,864.27,3.3
5238,Casual,0,0.0,0.0,1.3
5239,Casual,0,0.0,0.0,1.0
5240,Growth,1,77.59,77.59,1.0
5241,Growth,21,64.85,1361.83,11.1
5242,Growth,3,52.06,156.17,1.0
5243,Growth,3,83.65,250.96,4.0
5244,Casual,1,25.1,25.1,3.5
5245,Casual,0,0.0,0.0,2.2
5246,Casual,1,4.85,4.85,1.2
5247,Growth,2,66.12,132.24,3.6
5248,Power,12,114.44,1373.33,3.9
5249,Dormant,1,13.68,13.68,1.0
5250,Casual,0,0.0,0.0,2.8
5251,Power,6,78.28,469.67,1.0
5252,Growth,4,43.82,175.27,2.9
5253,Dormant,0,0.0,0.0,3.6
5254,Dormant,0,0.0,0.0,1.3
5255,Dormant,0,0.0,0.0,5.9
5256,Casual,0,0.0,0.0,1.0
5257,Casual,0,0.0,0.0,2.1
5258,Casual,0,0.0,0.0,1.0
5259,Growth,5,96.89,484.43,3.1
5260,Casual,0,0.0,0.0,1.0
5261,Casual,0,0.0,0.0,1.0
5262,Growth,2,46.52,93.05,1.0
5263,Dormant,0,0.0,0.0,1.5
5264,Casual,0,0.0,0.0,2.1
5265,Power,66,106.44,7024.92,21.3
5266,Growth,2,62.09,124.18,1.0
5267,Dormant,1,25.17,25.17,1.4
5268,Dormant,0,0.0,0.0,1.9
5269,Casual,1,34.59,34.59,6.2
5270,Dormant,0,0.0,0.0,2.9
5271,Dormant,0,0.0,0.0,1.0
5272,Dormant,0,0.0,0.0,1.0
5273,Dormant,0,0.0,0.0,1.0
5274,Casual,0,0.0,0.0,1.0
5275,Dormant,0,0.0,0.0,1.7
5276,Casual,0,0.0,0.0,5.1
5277,Dormant,0,0.0,0.0,2.4
5278,Growth,4,44.41,177.63,5.0
5279,Dormant,0,0.0,0.0,1.0
5280,Dormant,1,20.45,20.45,1.1
5281,Growth,1,22.09,22.09,2.2
5282,Dormant,0,0.0,0.0,1.0
5283,Casual,2,20.31,40.62,2.0
5284,Growth,4,50.67,202.68,1.9
5285,Power,9,110.1,990.92,2.6
5286,Dormant,0,0.0,0.0,1.0
5287,Casual,0,0.0,0.0,1.0
5288,Growth,2,24.14,48.28,1.0
5289,Casual,1,40.83,40.83,1.9
5290,Growth,11,59.15,650.61,7.0
5291,Casual,2,39.35,78.71,5.4
5292,Dormant,0,0.0,0.0,1.4
5293,Casual,0,0.0,0.0,1.0
5294,Dormant,0,0.0,0.0,1.0
5295,Casual,0,0.0,0.0,1.0
5296,Dormant,0,0.0,0.0,1.0
5297,Growth,2,111.52,223.04,1.0
5298,Growth,3,58.86,176.59,3.8
5299,Power,7,77.8,544.59,2.2
5300,Casual,1,50.1,50.1,1.0
5301,Casual,1,21.08,21.08,1.0
5302,Dormant,0,0.0,0.0,1.0
5303,Growth,2,68.59,137.17,1.0
5304,Power,15,75.37,1130.51,5.3
5305,Casual,1,33.01,33.01,1.0
5306,Dormant,0,0.0,0.0,1.0
5307,Growth,6,53.94,323.66,3.1
5308,Growth,7,41.18,288.25,3.5
5309,Growth,3,25.14,75.43,2.1
5310,Casual,1,53.83,53.83,1.4
5311,Growth,17,54.12,920.08,8.9
5312,Growth,10,51.15,511.46,4.7
5313,Casual,3,26.03,78.1,4.1
5314,Growth,1,47.37,47.37,1.0
5315,Casual,3,24.26,72.78,2.3
5316,Power,22,116.42,2561.14,6.4
5317,Dormant,0,0.0,0.0,1.0
5318,Casual,1,46.13,46.13,2.9
5319,Growth,12,48.13,577.58,7.4
5320,Power,2,39.0,78.0,1.0
5321,Casual,1,49.3,49.3,1.0
5322,Dormant,0,0.0,0.0,1.0
5323,Power,2,81.28,162.56,1.0
5324,Growth,10,48.02,480.23,5.0
5325,Growth,5,52.01,260.03,6.2
5326,Casual,1,45.42,45.42,2.4
5327,Dormant,0,0.0,0.0,1.0
5328,Casual,4,38.25,153.02,5.1
5329,Growth,1,66.17,66.17,2.7
5330,Dormant,0,0.0,0.0,1.0
5331,Dormant,0,0.0,0.0,1.8
5332,Growth,1,61.02,61.02,1.0
5333,Growth,2,16.81,33.61,1.0
5334,Growth,3,48.37,145.11,1.6
5335,Dormant,0,0.0,0.0,1.8
5336,Dormant,0,0.0,0.0,1.0
5337,Casual,3,56.18,168.54,2.3
5338,Dormant,0,0.0,0.0,1.0
5339,Growth,2,41.13,82.26,1.0
5340,Growth,0,0.0,0.0,1.0
5341,Power,6,146.04,876.22,4.3
5342,Dormant,0,0.0,0.0,2.4
5343,Casual,2,74.43,148.87,1.0
5344,Growth,0,0.0,0.0,1.0
5345,Power,10,96.88,968.77,2.9
5346,Dormant,0,0.0,0.0,1.0
5347,Dormant,0,0.0,0.0,2.0
5348,Casual,0,0.0,0.0,1.1
5349,Growth,1,35.18,35.18,1.0
5350,Dormant,1,16.71,16.71,1.7
5351,Dormant,0,0.0,0.0,2.3
5352,Casual,3,17.75,53.26,2.8
5353,Casual,3,27.37,82.1,4.3
5354,Dormant,0,0.0,0.0,1.2
5355,Dormant,0,0.0,0.0,1.2
5356,Casual,6,32.38,194.26,7.1
5357,Casual,1,32.02,32.02,1.8
5358,Casual,3,25.64,76.91,1.7
5359,Dormant,0,0.0,0.0,2.3
5360,Casual,0,0.0,0.0,1.1
5361,Power,7,67.72,474.07,2.4
5362,Growth,13,59.12,768.6,11.9
5363,Dormant,0,0.0,0.0,1.0
5364,Dormant,0,0.0,0.0,1.5
5365,Dormant,0,0.0,0.0,4.4
5366,Casual,0,0.0,0.0,1.2
5367,Dormant,1,8.95,8.95,3.5
5368,Dormant,1,27.51,27.51,2.9
5369,Growth,3,46.34,139.02,1.7
5370,Growth,3,37.93,113.8,3.2
5371,Dormant,0,0.0,0.0,1.0
5372,Power,5,89.77,448.85,2.5
5373,Casual,2,41.53,83.05,4.3
5374,Casual,0,0.0,0.0,2.1
5375,Dormant,0,0.0,0.0,1.0
5376,Growth,0,0.0,0.0,1.8
5377,Dormant,0,0.0,0.0,1.3
5378,Growth,1,56.7,56.7,1.0
5379,Dormant,1,8.52,8.52,4.9
5380,Growth,1,38.03,38.03,1.0
5381,Dormant,0,0.0,0.0,1.8
5382,Dormant,0,0.0,0.0,1.0
5383,Growth,0,0.0,0.0,1.0
5384,Growth,9,53.71,483.42,3.4
5385,Dormant,1,41.04,41.04,3.7
5386,Power,8,168.3,1346.37,2.1
5387,Growth,6,28.78,172.67,4.4
5388,Casual,2,26.16,52.33,2.5
5389,Dormant,1,10.02,10.02,1.2
5390,Casual,0,0.0,0.0,1.0
5391,Casual,2,17.4,34.8,3.1
5392,Dormant,0,0.0,0.0,1.0
5393,Casual,0,0.0,0.0,1.0
5394,Casual,2,18.35,36.7,1.0
5395,Casual,1,11.76,11.76,2.3
5396,Growth,6,54.63,327.76,6.4
5397,Growth,10,48.1,481.01,6.1
5398,Dormant,0,0.0,0.0,3.2
5399,Power,3,49.85,149.54,1.0
5400,Dormant,0,0.0,0.0,1.0
5401,Growth,1,36.27,36.27,1.0
5402,Casual,0,0.0,0.0,1.6
5403,Growth,6,63.66,381.95,3.5
5404,Casual,0,0.0,0.0,1.0
5405,Dormant,0,0.0,0.0,1.0
5406,Growth,1,18.27,18.27,1.0
5407,Growth,2,37.29,74.59,1.0
5408,Growth,2,37.82,75.65,1.4
5409,Dormant,0,0.0,0.0,1.0
5410,Growth,4,37.75,150.99,4.1
5411,Dormant,0,0.0,0.0,1.0
5412,Growth,10,50.36,503.61,4.7
5413,Growth,12,42.64,511.74,7.9
5414,Dormant,0,0.0,0.0,1.3
5415,Casual,0,0.0,0.0,1.0
5416,Power,32,108.31,3465.99,10.7
5417,Dormant,0,0.0,0.0,1.0
5418,Growth,2,13.43,26.86,1.7
5419,Growth,10,54.05,540.48,7.5
5420,Casual,1,11.74,11.74,3.2
5421,Casual,3,25.28,75.84,6.2
5422,Dormant,0,0.0,0.0,3.3
5423,Power,35,111.29,3895.23,8.6
5424,Dormant,0,0.0,0.0,3.4
5425,Casual,0,0.0,0.0,1.0
5426,Dormant,0,0.0,0.0,2.8
5427,Dormant,0,0.0,0.0,1.0
5428,Dormant,0,0.0,0.0,1.0
5429,Casual,2,18.81,37.63,3.3
5430,Growth,1,26.27,26.27,2.8
5431,Casual,0,0.0,0.0,2.9
5432,Casual,0,0.0,0.0,1.0
5433,Casual,1,5.71,5.71,1.0
5434,Dormant,0,0.0,0.0,1.1
5435,Power,30,100.4,3012.09,10.7
5436,Dormant,0,0.0,0.0,1.0
5437,Growth,2,65.91,131.83,1.0
5438,Dormant,0,0.0,0.0,1.0
5439,Growth,6,45.58,273.47,3.9
5440,Growth,5,91.39,456.95,2.0
5441,Dormant,0,0.0,0.0,2.2
5442,Dormant,0,0.0,0.0,1.0
5443,Dormant,0,0.0,0.0,1.0
5444,Dormant,0,0.0,0.0,1.0
5445,Growth,3,20.89,62.68,1.0
5446,Dormant,0,0.0,0.0,1.0
5447,Growth,3,58.53,175.59,1.0
5448,Casual,2,20.29,40.59,5.1
5449,Casual,3,30.39,91.18,6.3
5450,Power,24,109.9,2637.65,8.6
5451,Casual,1,76.89,76.89,1.0
5452,Dormant,0,0.0,0.0,1.0
5453,Growth,2,82.59,165.18,2.2
5454,Dormant,0,0.0,0.0,1.0
5455,Casual,1,41.17,41.17,1.0
5456,Growth,7,47.71,333.99,4.8
5457,Casual,0,0.0,0.0,1.8
5458,Growth,1,24.21,24.21,1.0
5459,Power,2,112.41,224.82,1.4
5460,Dormant,0,0.0,0.0,3.7
5461,Power,4,83.16,332.66,1.0
5462,Power,116,105.02,12182.76,32.0
5463,Dormant,0,0.0,0.0,1.0
5464,Power,13,120.31,1564.02,3.6
5465,Dormant,0,0.0,0.0,1.0
5466,Dormant,0,0.0,0.0,1.0
5467,Growth,1,31.25,31.25,1.0
5468,Casual,1,19.24,19.24,3.3
5469,Power,8,125.53,1004.26,4.8
5470,Casual,0,0.0,0.0,1.0
5471,Power,28,123.86,3468.15,8.1
5472,Dormant,2,11.49,22.99,7.1
5473,Growth,7,40.05,280.32,6.2
5474,Dormant,0,0.0,0.0,1.0
5475,Growth,22,64.13,1410.96,13.1
5476,Growth,3,66.42,199.27,1.4
5477,Casual,0,0.0,0.0,1.0
5478,Casual,2,20.75,41.49,2.3
5479,Dormant,0,0.0,0.0,2.7
5480,Power,2,156.13,312.27,2.0
5481,Power,10,136.65,1366.54,3.1
5482,Growth,5,50.64,253.18,1.0
5483,Casual,1,17.07,17.07,1.0
5484,Dormant,0,0.0,0.0,1.0
5485,Dormant,0,0.0,0.0,1.0
5486,Dormant,0,0.0,0.0,1.6
5487,Growth,3,43.63,130.88,3.8
5488,Casual,3,36.1,108.29,4.8
5489,Dormant,1,14.77,14.77,2.1
5490,Growth,9,61.02,549.17,8.0
5491,Casual,2,25.0,50.01,1.5
5492,Growth,5,39.42,197.08,1.1
5493,Growth,8,64.81,518.51,3.5
5494,Dormant,0,0.0,0.0,1.0
5495,Growth,1,79.56,79.56,1.0
5496,Dormant,0,0.0,0.0,1.9
5497,Growth,1,103.67,103.67,1.0
5498,Power,31,117.22,3633.72,8.9
5499,Growth,8,38.19,305.53,6.5
5500,Growth,1,51.99,51.99,1.4
5501,Casual,0,0.0,0.0,1.0
5502,Power,21,78.33,1645.03,4.3
5503,Casual,5,52.46,262.28,3.0
5504,Dormant,0,0.0,0.0,1.0
5505,Casual,1,75.72,75.72,1.0
5506,Growth,0,0.0,0.0,1.0
5507,Casual,0,0.0,0.0,1.0
5508,Dormant,0,0.0,0.0,3.4
5509,Casual,4,27.05,108.19,5.1
5510,Power,7,75.8,530.59,2.3
5511,Casual,2,42.42,84.84,2.6
5512,Casual,1,5.41,5.41,1.0
5513,Growth,3,47.99,143.97,1.9
5514,Power,22,105.63,2323.95,5.5
5515,Dormant,0,0.0,0.0,1.0
5516,Growth,10,62.42,624.17,5.2
5517,Growth,11,61.73,679.08,12.1
5518,Growth,5,51.47,257.36,3.0
5519,Casual,1,47.04,47.04,1.3
5520,Casual,1,36.96,36.96,1.7
5521,Growth,3,39.54,118.61,1.0
5522,Casual,1,29.05,29.05,1.0
5523,Casual,1,156.81,156.81,1.3
5524,Growth,2,48.31,96.62,2.1
5525,Dormant,0,0.0,0.0,1.0
5526,Growth,11,42.26,464.91,6.8
5527,Growth,2,42.87,85.73,1.5
5528,Dormant,1,12.81,12.81,1.0
5529,Dormant,1,13.84,13.84,3.0
5530,Growth,0,0.0,0.0,1.0
5531,Dormant,0,0.0,0.0,1.0
5532,Casual,2,13.21,26.41,4.2
5533,Growth,7,62.11,434.8,1.7
5534,Dormant,0,0.0,0.0,1.0
5535,Dormant,0,0.0,0.0,1.0
5536,Growth,3,38.17,114.5,3.4
5537,Casual,1,24.4,24.4,3.9
5538,Casual,0,0.0,0.0,1.1
5539,Power,9,118.33,1064.96,2.3
5540,Dormant,1,18.69,18.69,1.5
5541,Casual,1,48.08,48.08,1.0
5542,Casual,0,0.0,0.0,4.0
5543,Casual,1,21.51,21.51,2.1
5544,Casual,2,43.3,86.61,7.6
5545,Growth,2,31.87,63.74,2.5
5546,Dormant,0,0.0,0.0,1.0
5547,Casual,1,20.67,20.67,2.6
5548,Casual,1,20.25,20.25,1.7
5549,Casual,4,24.04,96.14,8.1
5550,Growth,5,41.07,205.34,4.9
5551,Power,13,107.95,1403.31,5.2
5552,Growth,5,30.88,154.41,3.1
5553,Growth,5,37.25,186.25,6.5
5554,Casual,0,0.0,0.0,1.0
5555,Dormant,0,0.0,0.0,1.0
5556,Growth,1,58.14,58.14,1.0
5557,Growth,0,0.0,0.0,1.0
5558,Casual,0,0.0,0.0,1.0
5559,Growth,1,44.8,44.8,1.0
5560,Dormant,1,17.6,17.6,1.0
5561,Casual,2,24.97,49.93,2.2
5562,Power,2,94.08,188.16,1.0
5563,Growth,10,53.81,538.13,3.4
5564,Dormant,0,0.0,0.0,3.3
5565,Growth,6,65.09,390.52,3.9
5566,Casual,0,0.0,0.0,1.4
5567,Growth,2,66.92,133.85,1.6
5568,Growth,3,35.73,107.2,1.1
5569,Dormant,0,0.0,0.0,2.5
5570,Growth,6,48.84,293.07,3.3
5571,Power,6,119.98,719.88,1.0
5572,Casual,0,0.0,0.0,1.0
5573,Dormant,0,0.0,0.0,1.0
5574,Growth,4,49.72,198.87,3.2
5575,Growth,3,93.48,280.45,1.5
5576,Dormant,0,0.0,0.0,1.7
5577,Casual,0,0.0,0.0,1.0
5578,Dormant,0,0.0,0.0,1.8
5579,Dormant,1,13.26,13.26,1.8
5580,Dormant,0,0.0,0.0,1.0
5581,Casual,1,27.34,27.34,1.6
5582,Growth,14,69.89,978.4,6.6
5583,Dormant,0,0.0,0.0,1.0
5584,Dormant,1,10.43,10.43,1.0
5585,Dormant,1,23.68,23.68,1.7
5586,Casual,0,0.0,0.0,1.0
5587,Growth,8,49.94,399.55,3.2
5588,Casual,1,27.49,27.49,1.0
5589,Casual,0,0.0,0.0,2.9
5590,Casual,2,46.0,92.0,2.3
5591,Dormant,0,0.0,0.0,1.0
5592,Casual,0,0.0,0.0,1.1
5593,Power,14,100.27,1403.82,3.8
5594,Casual,1,35.53,35.53,1.4
5595,Casual,2,26.79,53.58,2.9
5596,Dormant,0,0.0,0.0,1.0
5597,Casual,4,23.48,93.91,2.1
5598,Casual,3,32.7,98.09,5.8
5599,Casual,0,0.0,0.0,1.6
5600,Casual,0,0.0,0.0,1.4
5601,Power,5,73.97,369.84,2.5
5602,Dormant,0,0.0,0.0,1.0
5603,Dormant,0,0.0,0.0,1.0
5604,Casual,0,0.0,0.0,1.0
5605,Casual,0,0.0,0.0,1.0
5606,Power,7,96.37,674.58,2.9
5607,Casual,4,35.98,143.93,8.2
5608,Casual,0,0.0,0.0,1.8
5609,Dormant,0,0.0,0.0,1.0
5610,Power,25,107.76,2694.11,6.0
5611,Dormant,1,7.94,7.94,1.0
5612,Growth,4,42.27,169.06,2.7
5613,Casual,0,0.0,0.0,1.3
5614,Casual,1,16.51,16.51,3.9
5615,Growth,4,51.81,207.26,2.9
5616,Casual,0,0.0,0.0,1.3
5617,Dormant,0,0.0,0.0,1.4
5618,Casual,0,0.0,0.0,1.0
5619,Power,17,127.04,2159.71,5.1
5620,Casual,0,0.0,0.0,1.0
5621,Growth,4,82.77,331.07,2.2
5622,Casual,0,0.0,0.0,3.0
5623,Casual,0,0.0,0.0,1.8
5624,Power,31,100.01,3100.41,11.5
5625,Casual,2,17.94,35.87,2.4
5626,Dormant,1,26.2,26.2,4.9
5627,Dormant,0,0.0,0.0,1.6
5628,Power,5,73.41,367.06,1.9
5629,Growth,7,62.44,437.07,5.4
5630,Casual,2,18.67,37.34,1.0
5631,Growth,2,68.18,136.36,1.6
5632,Casual,3,44.75,134.25,5.4
5633,Power,19,101.88,1935.81,4.5
5634,Power,2,213.36,426.71,1.0
5635,Casual,3,52.99,158.98,3.4
5636,Growth,1,56.01,56.01,1.0
5637,Dormant,0,0.0,0.0,1.7
5638,Power,19,113.49,2156.34,5.0
5639,Casual,1,14.22,14.22,1.6
5640,Casual,2,36.12,72.23,4.2
5641,Dormant,0,0.0,0.0,1.0
5642,Dormant,0,0.0,0.0,1.0
5643,Casual,0,0.0,0.0,2.3
5644,Casual,1,33.87,33.87,1.0
5645,Growth,1,54.38,54.38,1.0
5646,Casual,1,67.94,67.94,2.4
5647,Power,19,104.15,1978.94,6.8
5648,Casual,2,65.73,131.45,1.9
5649,Growth,0,0.0,0.0,1.0
5650,Dormant,0,0.0,0.0,1.0
5651,Casual,0,0.0,0.0,1.9
5652,Casual,0,0.0,0.0,1.0
5653,Casual,1,12.63,12.63,2.5
5654,Growth,2,56.11,112.23,1.0
5655,Growth,2,30.59,61.18,1.7
5656,Dormant,1,27.61,27.61,1.0
5657,Dormant,1,8.2,8.2,1.6
5658,Growth,2,72.38,144.76,1.0
5659,Dormant,0,0.0,0.0,1.0
5660,Casual,2,15.26,30.53,2.3
5661,Power,8,72.23,577.86,2.2
5662,Casual,2,24.15,48.29,1.0
5663,Growth,5,62.9,314.52,2.5
5664,Growth,2,50.24,100.49,1.0
5665,Dormant,0,0.0,0.0,1.0
5666,Growth,4,62.6,250.39,2.8
5667,Dormant,0,0.0,0.0,4.3
5668,Casual,0,0.0,0.0,1.1
5669,Dormant,0,0.0,0.0,1.3
5670,Casual,2,27.75,55.49,1.1
5671,Dormant,0,0.0,0.0,1.0
5672,Casual,0,0.0,0.0,1.0
5673,Casual,0,0.0,0.0,1.0
5674,Casual,0,0.0,0.0,1.2
5675,Dormant,0,0.0,0.0,5.0
5676,Growth,3,32.32,96.95,1.0
5677,Casual,0,0.0,0.0,1.6
5678,Dormant,0,0.0,0.0,1.0
5679,Casual,0,0.0,0.0,1.0
5680,Dormant,0,0.0,0.0,1.7
5681,Casual,0,0.0,0.0,1.0
5682,Growth,8,62.26,498.11,4.0
5683,Casual,3,33.68,101.04,2.8
5684,Casual,1,76.1,76.1,1.0
5685,Power,81,108.95,8824.64,25.0
5686,Power,13,109.75,1426.76,3.5
5687,Growth,3,65.95,197.84,1.4
5688,Dormant,1,17.15,17.15,3.3
5689,Dormant,1,6.09,6.09,2.6
5690,Casual,0,0.0,0.0,1.0
5691,Power,5,121.2,606.01,1.0
5692,Casual,1,30.8,30.8,1.0
5693,Dormant,0,0.0,0.0,1.0
5694,Dormant,0,0.0,0.0,1.0
5695,Growth,1,40.42,40.42,1.0
5696,Growth,0,0.0,0.0,1.0
5697,Dormant,1,12.26,12.26,3.5
5698,Dormant,0,0.0,0.0,1.0
5699,Power,2,197.21,394.41,1.0
5700,Dormant,0,0.0,0.0,1.0
5701,Power,1,57.51,57.51,1.0
5702,Power,30,106.41,3192.44,8.6
5703,Dormant,0,0.0,0.0,1.0
5704,Casual,0,0.0,0.0,1.0
5705,Casual,6,19.39,116.33,6.4
5706,Dormant,0,0.0,0.0,1.0
5707,Dormant,0,0.0,0.0,1.0
5708,Power,2,191.34,382.67,1.0
5709,Casual,1,23.88,23.88,3.0
5710,Dormant,0,0.0,0.0,1.0
5711,Casual,1,23.61,23.61,2.1
5712,Dormant,0,0.0,0.0,1.0
5713,Dormant,0,0.0,0.0,1.0
5714,Power,8,84.21,673.68,2.5
5715,Growth,1,54.56,54.56,1.0
5716,Dormant,0,0.0,0.0,2.9
5717,Dormant,0,0.0,0.0,4.7
5718,Power,4,119.62,478.47,3.8
5719,Power,59,113.32,6686.07,15.2
5720,Dormant,0,0.0,0.0,1.1
5721,Power,4,73.82,295.28,2.5
5722,Power,44,104.18,4583.9,14.2
5723,Dormant,0,0.0,0.0,3.1
5724,Dormant,0,0.0,0.0,1.0
5725,Dormant,0,0.0,0.0,1.0
5726,Casual,0,0.0,0.0,2.1
5727,Growth,1,30.37,30.37,1.0
5728,Dormant,1,8.26,8.26,3.5
5729,Growth,8,52.73,421.8,5.6
5730,Growth,1,20.71,20.71,1.0
5731,Dormant,1,14.07,14.07,3.6
5732,Dormant,0,0.0,0.0,1.0
5733,Dormant,0,0.0,0.0,1.4
5734,Growth,2,44.97,89.93,1.0
5735,Dormant,0,0.0,0.0,3.7
5736,Casual,0,0.0,0.0,1.8
5737,Casual,1,48.73,48.73,3.0
5738,Dormant,0,0.0,0.0,1.1
5739,Casual,1,43.38,43.38,1.0
5740,Dormant,0,0.0,0.0,2.3
5741,Casual,0,0.0,0.0,1.0
5742,Dormant,2,15.04,30.09,2.1
5743,Dormant,0,0.0,0.0,1.0
5744,Dormant,0,0.0,0.0,1.0
5745,Power,4,146.49,585.95,2.4
5746,Growth,13,60.56,787.28,5.5
5747,Dormant,0,0.0,0.0,1.0
5748,Dormant,0,0.0,0.0,1.0
5749,Dormant,0,0.0,0.0,1.0
5750,Power,5,108.8,543.98,1.0
5751,Casual,0,0.0,0.0,1.0
5752,Dormant,1,22.4,22.4,3.7
5753,Dormant,0,0.0,0.0,1.2
5754,Power,11,110.2,1212.2,3.2
5755,Casual,0,0.0,0.0,1.0
5756,Growth,1,54.3,54.3,1.0
5757,Casual,0,0.0,0.0,1.4
5758,Growth,4,42.38,169.53,2.3
5759,Power,20,109.2,2184.04,7.3
5760,Power,15,106.47,1597.03,5.0
5761,Dormant,0,0.0,0.0,1.0
5762,Dormant,0,0.0,0.0,1.0
5763,Dormant,0,0.0,0.0,1.0
5764,Casual,1,27.31,27.31,1.3
5765,Casual,3,48.08,144.23,13.4
5766,Growth,4,61.62,246.47,3.5
5767,Casual,1,93.02,93.02,1.0
5768,Growth,7,69.51,486.54,4.3
5769,Dormant,3,24.53,73.59,2.6
5770,Dormant,0,0.0,0.0,1.0
5771,Dormant,1,18.17,18.17,2.0
5772,Growth,1,40.84,40.84,1.6
5773,Casual,2,32.29,64.58,1.8
5774,Growth,7,56.92,398.45,4.3
5775,Power,28,96.24,2694.76,10.6
5776,Dormant,1,11.73,11.73,1.0
5777,Casual,2,52.37,104.74,2.0
5778,Dormant,0,0.0,0.0,1.0
5779,Power,21,111.11,2333.27,5.8
5780,Dormant,0,0.0,0.0,1.7
5781,Dormant,0,0.0,0.0,1.0
5782,Casual,0,0.0,0.0,1.5
5783,Dormant,0,0.0,0.0,1.0
5784,Growth,1,32.5,32.5,3.9
5785,Dormant,0,0.0,0.0,1.0
5786,Dormant,0,0.0,0.0,1.0
5787,Dormant,0,0.0,0.0,1.0
5788,Dormant,1,14.49,14.49,1.0
5789,Casual,0,0.0,0.0,1.1
5790,Dormant,0,0.0,0.0,1.0
5791,Dormant,0,0.0,0.0,2.5
5792,Growth,12,44.09,529.06,6.7
5793,Power,11,132.07,1452.79,3.9
5794,Dormant,0,0.0,0.0,2.5
5795,Casual,2,27.73,55.47,2.6
5796,Casual,0,0.0,0.0,2.3
5797,Dormant,0,0.0,0.0,1.3
5798,Casual,0,0.0,0.0,1.0
5799,Casual,0,0.0,0.0,4.0
5800,Casual,1,19.36,19.36,4.0
5801,Casual,4,35.68,142.73,2.4
5802,Dormant,0,0.0,0.0,2.1
5803,Casual,1,13.78,13.78,2.8
5804,Casual,1,41.39,41.39,1.0
5805,Dormant,0,0.0,0.0,1.0
5806,Dormant,0,0.0,0.0,1.0
5807,Dormant,0,0.0,0.0,1.0
5808,Power,13,117.88,1532.48,3.1
5809,Dormant,0,0.0,0.0,1.0
5810,Casual,0,0.0,0.0,1.0
5811,Power,30,129.37,3880.99,9.8
5812,Casual,0,0.0,0.0,1.0
5813,Dormant,0,0.0,0.0,1.5
5814,Casual,0,0.0,0.0,1.0
5815,Dormant,0,0.0,0.0,1.0
5816,Growth,4,33.81,135.23,2.4
5817,Growth,17,53.27,905.59,10.7
5818,Growth,3,57.72,173.15,4.0
5819,Casual,3,63.27,189.82,5.4
5820,Dormant,0,0.0,0.0,2.9
5821,Dormant,0,0.0,0.0,1.0
5822,Dormant,0,0.0,0.0,1.0
5823,Growth,7,45.87,321.11,5.7
5824,Casual,0,0.0,0.0,1.0
5825,Growth,27,45.27,1222.26,19.0
5826,Dormant,0,0.0,0.0,1.1
5827,Growth,7,31.87,223.08,5.7
5828,Casual,1,138.66,138.66,3.0
5829,Dormant,0,0.0,0.0,1.0
5830,Casual,2,27.94,55.88,3.2
5831,Growth,0,0.0,0.0,1.0
5832,Growth,14,61.52,861.29,8.6
5833,Casual,0,0.0,0.0,1.0
5834,Casual,3,33.45,100.34,4.3
5835,Power,5,101.34,506.71,1.0
5836,Dormant,0,0.0,0.0,1.5
5837,Casual,0,0.0,0.0,1.0
5838,Casual,2,31.93,63.86,2.9
5839,Growth,1,62.54,62.54,1.0
5840,Casual,1,9.95,9.95,7.6
5841,Growth,3,77.17,231.5,1.6
5842,Growth,4,51.05,204.2,3.6
5843,Casual,1,22.8,22.8,1.0
5844,Casual,1,36.23,36.23,4.6
5845,Dormant,0,0.0,0.0,1.0
5846,Dormant,0,0.0,0.0,1.0
5847,Growth,3,43.89,131.67,2.4
5848,Power,57,109.7,6253.18,19.3
5849,Dormant,0,0.0,0.0,2.9
5850,Dormant,0,0.0,0.0,1.3
5851,Dormant,0,0.0,0.0,1.3
5852,Power,14,136.5,1910.97,3.8
5853,Growth,7,50.25,351.77,6.1
5854,Power,2,165.59,331.18,1.6
5855,Dormant,0,0.0,0.0,1.0
5856,Casual,2,69.57,139.13,4.9
5857,Casual,0,0.0,0.0,1.0
5858,Casual,1,70.11,70.11,1.0
5859,Growth,4,60.45,241.82,1.8
5860,Casual,0,0.0,0.0,1.4
5861,Power,2,152.39,304.79,1.0
5862,Casual,1,36.69,36.69,6.0
5863,Dormant,0,0.0,0.0,1.0
5864,Casual,2,59.37,118.75,1.0
5865,Growth,0,0.0,0.0,1.0
5866,Dormant,0,0.0,0.0,6.2
5867,Dormant,0,0.0,0.0,1.0
5868,Growth,8,52.04,416.33,2.3
5869,Growth,1,55.86,55.86,1.0
5870,Casual,1,42.39,42.39,1.2
5871,Growth,16,49.57,793.17,6.5
5872,Power,6,94.74,568.45,1.3
5873,Growth,4,34.88,139.54,4.0
5874,Growth,2,53.06,106.12,1.0
5875,Casual,0,0.0,0.0,1.0
5876,Casual,6,28.59,171.53,7.5
5877,Growth,0,0.0,0.0,1.0
5878,Dormant,0,0.0,0.0,1.0
5879,Growth,1,28.54,28.54,1.0
5880,Growth,2,64.32,128.63,2.1
5881,Growth,1,27.15,27.15,1.2
5882,Dormant,0,0.0,0.0,2.9
5883,Dormant,0,0.0,0.0,1.1
5884,Casual,3,39.77,119.31,4.3
5885,Power,52,107.51,5590.74,17.9
5886,Growth,7,28.28,197.94,3.3
5887,Growth,4,31.82,127.27,4.0
5888,Dormant,1,17.61,17.61,1.0
5889,Power,2,57.24,114.48,1.0
5890,Dormant,1,14.94,14.94,1.0
5891,Casual,0,0.0,0.0,1.0
5892,Casual,0,0.0,0.0,1.0
5893,Dormant,0,0.0,0.0,1.0
5894,Power,6,92.36,554.15,1.9
5895,Dormant,0,0.0,0.0,1.0
5896,Power,0,0.0,0.0,1.4
5897,Dormant,0,0.0,0.0,1.0
5898,Casual,0,0.0,0.0,1.0
5899,Power,6,107.67,646.0,2.5
5900,Dormant,0,0.0,0.0,1.1
5901,Power,31,123.51,3828.66,9.9
5902,Growth,3,45.41,136.22,3.7
5903,Dormant,0,0.0,0.0,1.0
5904,Casual,0,0.0,0.0,1.0
5905,Dormant,0,0.0,0.0,1.0
5906,Casual,5,26.72,133.6,4.7
5907,Casual,1,40.58,40.58,1.0
5908,Growth,2,55.1,110.21,1.0
5909,Growth,1,12.56,12.56,1.0
5910,Dormant,0,0.0,0.0,1.0
5911,Power,3,104.51,313.54,1.0
5912,Casual,0,0.0,0.0,1.0
5913,Growth,2,97.02,194.03,1.7
5914,Growth,1,96.47,96.47,1.0
5915,Casual,2,18.21,36.43,2.1
5916,Dormant,0,0.0,0.0,1.0
5917,Dormant,0,0.0,0.0,1.0
5918,Dormant,2,9.89,19.77,1.9
5919,Growth,6,43.48,260.89,3.9
5920,Casual,0,0.0,0.0,1.8
5921,Power,7,110.34,772.35,2.9
5922,Dormant,0,0.0,0.0,1.0
5923,Growth,1,23.28,23.28,1.2
5924,Casual,1,23.59,23.59,2.7
5925,Growth,7,75.38,527.64,3.5
5926,Dormant,0,0.0,0.0,1.0
5927,Dormant,1,16.53,16.53,1.4
5928,Dormant,0,0.0,0.0,1.0
5929,Power,75,110.14,8260.22,24.1
5930,Dormant,0,0.0,0.0,1.0
5931,Growth,5,42.71,213.55,3.8
5932,Growth,4,50.09,200.35,3.0
5933,Growth,7,38.67,270.68,4.4
5934,Growth,14,54.39,761.53,11.5
5935,Casual,3,16.11,48.33,4.6
5936,Growth,0,0.0,0.0,1.0
5937,Casual,0,0.0,0.0,1.0
5938,Casual,0,0.0,0.0,1.0
5939,Dormant,0,0.0,0.0,1.0
5940,Dormant,1,8.89,8.89,3.6
5941,Casual,5,19.03,95.17,7.8
5942,Growth,2,42.78,85.57,2.8
5943,Dormant,0,0.0,0.0,1.7
5944,Power,11,92.11,1013.16,3.9
5945,Growth,0,0.0,0.0,1.2
5946,Power,3,118.23,354.68,1.2
5947,Casual,0,0.0,0.0,1.0
5948,Casual,1,17.11,17.11,3.7
5949,Casual,0,0.0,0.0,1.0
5950,Growth,4,53.37,213.47,2.8
5951,Casual,2,25.55,51.11,1.9
5952,Casual,0,0.0,0.0,1.0
5953,Power,15,123.39,1850.87,6.1
5954,Casual,0,0.0,0.0,1.0
5955,Casual,1,15.68,15.68,2.8
5956,Casual,1,13.61,13.61,1.0
5957,Power,27,106.22,2868.04,9.4
5958,Casual,1,56.18,56.18,1.0
5959,Growth,5,27.03,135.17,2.1
5960,Power,3,97.2,291.59,1.0
5961,Growth,0,0.0,0.0,1.0
5962,Casual,3,28.05,84.15,6.7
5963,Growth,2,76.31,152.61,1.6
5964,Dormant,1,19.33,19.33,2.9
5965,Growth,2,99.25,198.51,2.0
5966,Dormant,0,0.0,0.0,1.1
5967,Growth,7,39.66,277.62,4.5
5968,Casual,0,0.0,0.0,1.2
5969,Dormant,2,20.95,41.9,1.7
5970,Casual,2,47.15,94.29,3.5
5971,Power,11,98.39,1082.32,2.9
5972,Casual,4,26.02,104.1,6.5
5973,Dormant,0,0.0,0.0,1.0
5974,Dormant,0,0.0,0.0,1.0
5975,Growth,4,55.11,220.43,3.0
5976,Dormant,0,0.0,0.0,1.0
5977,Growth,1,89.91,89.91,1.0
5978,Growth,20,54.39,1087.78,12.8
5979,Casual,0,0.0,0.0,1.0
5980,Casual,4,44.51,178.02,2.7
5981,Casual,0,0.0,0.0,4.2
5982,Dormant,0,0.0,0.0,1.0
5983,Growth,8,51.4,411.21,5.8
5984,Casual,1,20.94,20.94,1.0
5985,Casual,2,50.45,100.91,2.4
5986,Power,72,94.44,6799.66,27.8
5987,Casual,2,57.98,115.96,2.3
5988,Dormant,0,0.0,0.0,1.0
5989,Casual,1,9.86,9.86,1.8
5990,Power,4,127.39,509.54,1.0
5991,Dormant,1,21.25,21.25,1.0
5992,Dormant,0,0.0,0.0,1.0
5993,Dormant,0,0.0,0.0,1.7
5994,Casual,0,0.0,0.0,1.3
5995,Casual,6,26.91,161.43,5.1
5996,Casual,0,0.0,0.0,1.0
5997,Dormant,0,0.0,0.0,1.0
5998,Dormant,0,0.0,0.0,1.2
5999,Dormant,0,0.0,0.0,1.0
6000,Casual,1,29.75,29.75,2.1
6001,Power,24,130.16,3123.9,9.5
6002,Casual,0,0.0,0.0,1.0
6003,Growth,2,103.28,206.55,3.4
6004,Power,41,95.55,3917.45,13.2
6005,Casual,2,23.98,47.96,1.0
6006,Casual,1,18.94,18.94,2.5
6007,Dormant,0,0.0,0.0,1.0
6008,Dormant,1,25.63,25.63,1.3
6009,Dormant,0,0.0,0.0,1.0
6010,Dormant,0,0.0,0.0,1.0
6011,Dormant,0,0.0,0.0,1.0
6012,Power,31,106.46,3300.37,10.1
6013,Casual,1,35.94,35.94,1.0
6014,Growth,1,43.88,43.88,1.0
6015,Power,20,105.3,2106.01,6.8
6016,Growth,2,56.7,113.4,1.0
6017,Dormant,0,0.0,0.0,4.3
6018,Dormant,0,0.0,0.0,1.0
6019,Dormant,0,0.0,0.0,1.0
6020,Dormant,0,0.0,0.0,1.0
6021,Dormant,0,0.0,0.0,2.4
6022,Growth,12,67.73,812.8,10.0
6023,Dormant,0,0.0,0.0,1.0
6024,Dormant,0,0.0,0.0,1.0
6025,Dormant,0,0.0,0.0,1.0
6026,Growth,2,25.98,51.97,1.6
6027,Power,17,98.41,1672.91,5.9
6028,Dormant,0,0.0,0.0,1.2
6029,Growth,0,0.0,0.0,1.9
6030,Casual,0,0.0,0.0,1.0
6031,Casual,1,16.15,16.15,1.0
6032,Growth,4,46.28,185.12,4.7
6033,Power,10,114.57,1145.67,3.8
6034,Dormant,0,0.0,0.0,1.0
6035,Dormant,1,21.06,21.06,1.4
6036,Dormant,1,19.08,19.08,1.0
6037,Growth,3,119.1,357.31,1.0
6038,Growth,26,44.81,1165.17,15.1
6039,Casual,0,0.0,0.0,1.7
6040,Casual,2,32.19,64.37,2.9
6041,Power,22,101.42,2231.21,5.7
6042,Dormant,0,0.0,0.0,2.0
6043,Dormant,0,0.0,0.0,1.5
6044,Casual,0,0.0,0.0,3.0
6045,Casual,0,0.0,0.0,1.0
6046,Casual,2,40.17,80.33,2.4
6047,Power,2,82.48,164.96,1.0
6048,Growth,1,122.29,122.29,1.3
6049,Casual,1,28.22,28.22,1.0
6050,Casual,0,0.0,0.0,1.0
6051,Casual,1,33.17,33.17,1.0
6052,Dormant,0,0.0,0.0,1.0
6053,Growth,0,0.0,0.0,1.2
6054,Power,5,131.45,657.26,2.6
6055,Power,16,126.01,2016.11,4.8
6056,Growth,4,35.91,143.63,6.1
6057,Casual,1,29.03,29.03,1.5
6058,Dormant,0,0.0,0.0,1.0
6059,Dormant,2,23.83,47.66,3.5
6060,Casual,1,114.84,114.84,1.0
6061,Casual,0,0.0,0.0,1.7
6062,Growth,2,99.46,198.92,1.5
6063,Casual,1,87.35,87.35,1.9
6064,Growth,1,23.6,23.6,1.4
6065,Dormant,0,0.0,0.0,1.0
6066,Casual,1,51.64,51.64,5.3
6067,Growth,0,0.0,0.0,1.0
6068,Growth,5,44.81,224.06,2.2
6069,Growth,6,33.72,202.35,2.7
6070,Dormant,1,3.23,3.23,7.6
6071,Power,19,123.29,2342.45,5.3
6072,Power,20,121.49,2429.77,6.9
6073,Growth,0,0.0,0.0,1.3
6074,Dormant,1,12.73,12.73,1.0
6075,Casual,0,0.0,0.0,1.0
6076,Casual,0,0.0,0.0,2.4
6077,Growth,6,42.15,252.89,2.5
6078,Power,28,98.97,2771.27,10.8
6079,Dormant,1,7.09,7.09,2.8
6080,Growth,7,45.55,318.83,4.7
6081,Power,20,99.3,1985.96,4.5
6082,Casual,1,12.37,12.37,2.9
6083,Power,2,87.28,174.55,1.0
6084,Power,2,153.92,307.84,1.0
6085,Dormant,0,0.0,0.0,2.0
6086,Casual,4,30.43,121.71,5.4
6087,Growth,0,0.0,0.0,1.0
6088,Growth,1,30.25,30.25,1.0
6089,Dormant,0,0.0,0.0,1.5
6090,Power,4,44.63,178.53,1.2
6091,Power,9,120.11,1080.98,2.1
6092,Casual,0,0.0,0.0,1.6
6093,Casual,2,30.67,61.33,2.3
6094,Dormant,0,0.0,0.0,1.0
6095,Casual,0,0.0,0.0,1.0
6096,Power,67,109.48,7335.06,19.1
6097,Casual,1,11.06,11.06,1.0
6098,Casual,0,0.0,0.0,1.0
6099,Growth,3,70.83,212.49,1.0
6100,Casual,1,8.9,8.9,1.0
6101,Growth,3,62.84,188.51,3.4
6102,Dormant,0,0.0,0.0,1.0
6103,Dormant,0,0.0,0.0,1.0
6104,Casual,0,0.0,0.0,1.0
6105,Dormant,0,0.0,0.0,5.7
6106,Dormant,0,0.0,0.0,1.7
6107,Growth,14,55.36,775.09,9.0
6108,Casual,0,0.0,0.0,1.5
6109,Casual,0,0.0,0.0,1.0
6110,Power,1,39.86,39.86,1.5
6111,Casual,1,19.04,19.04,1.0
6112,Growth,22,59.85,1316.77,12.6
6113,Dormant,0,0.0,0.0,2.2
6114,Casual,0,0.0,0.0,1.2
6115,Dormant,0,0.0,0.0,1.0
6116,Casual,0,0.0,0.0,2.3
6117,Growth,2,84.46,168.92,3.1
6118,Dormant,0,0.0,0.0,1.0
6119,Power,17,110.64,1880.88,3.4
6120,Power,15,121.06,1815.94,4.3
6121,Casual,1,21.99,21.99,5.3
6122,Dormant,0,0.0,0.0,1.2
6123,Growth,3,20.96,62.89,3.0
6124,Power,2,97.47,194.94,1.0
6125,Growth,0,0.0,0.0,1.0
6126,Growth,1,73.12,73.12,1.7
6127,Power,12,146.89,1762.71,5.2
6128,Casual,3,29.57,88.7,3.5
6129,Power,25,103.25,2581.2,7.0
6130,Growth,10,46.42,464.22,7.4
6131,Casual,3,57.48,172.44,8.9
6132,Dormant,0,0.0,0.0,1.3
6133,Growth,2,42.59,85.18,1.0
6134,Growth,3,60.14,180.42,2.3
6135,Growth,4,49.54,198.15,3.1
6136,Dormant,0,0.0,0.0,1.2
6137,Growth,3,54.21,162.64,1.4
6138,Growth,11,49.05,539.54,7.8
6139,Casual,0,0.0,0.0,2.0
6140,Growth,15,66.49,997.42,5.2
6141,Growth,7,36.0,252.03,6.9
6142,Power,3,144.68,434.03,1.0
6143,Casual,2,23.21,46.43,3.8
6144,Casual,1,66.23,66.23,2.0
6145,Casual,1,12.11,12.11,2.0
6146,Dormant,0,0.0,0.0,1.2
6147,Growth,2,51.54,103.09,1.0
6148,Dormant,0,0.0,0.0,1.0
6149,Dormant,0,0.0,0.0,1.2
6150,Dormant,0,0.0,0.0,3.9
6151,Dormant,1,12.19,12.19,1.0
6152,Growth,0,0.0,0.0,1.0
6153,Growth,4,57.76,231.05,1.2
6154,Casual,0,0.0,0.0,1.0
6155,Power,21,119.8,2515.83,5.6
6156,Casual,1,24.71,24.71,6.6
6157,Power,46,99.33,4569.14,11.7
6158,Power,0,0.0,0.0,1.0
6159,Dormant,0,0.0,0.0,2.5
6160,Dormant,0,0.0,0.0,1.8
6161,Casual,1,72.35,72.35,2.1
6162,Growth,3,26.13,78.4,2.9
6163,Casual,3,22.73,68.18,3.3
6164,Dormant,0,0.0,0.0,1.6
6165,Casual,0,0.0,0.0,1.0
6166,Casual,7,35.22,246.51,7.4
6167,Casual,5,38.63,193.13,8.7
6168,Growth,6,60.5,363.01,4.3
6169,Dormant,0,0.0,0.0,1.4
6170,Dormant,0,0.0,0.0,1.0
6171,Casual,5,32.52,162.58,4.7
6172,Casual,0,0.0,0.0,2.0
6173,Casual,0,0.0,0.0,1.0
6174,Casual,6,33.02,198.1,7.8
6175,Dormant,1,32.87,32.87,1.0
6176,Dormant,0,0.0,0.0,1.0
6177,Growth,10,57.25,572.49,8.5
6178,Casual,2,53.75,107.5,1.0
6179,Casual,0,0.0,0.0,1.7
6180,Power,25,116.01,2900.24,10.2
6181,Casual,1,37.06,37.06,1.1
6182,Dormant,0,0.0,0.0,1.7
6183,Casual,2,29.6,59.2,2.4
6184,Growth,4,56.98,227.93,3.6
6185,Dormant,0,0.0,0.0,1.3
6186,Dormant,0,0.0,0.0,1.5
6187,Growth,1,45.39,45.39,2.1
6188,Casual,0,0.0,0.0,1.0
6189,Casual,3,25.03,75.09,2.5
6190,Dormant,0,0.0,0.0,1.0
6191,Growth,2,32.76,65.52,1.5
6192,Growth,1,24.48,24.48,1.0
6193,Casual,1,43.38,43.38,1.0
6194,Power,0,0.0,0.0,1.0
6195,Casual,4,28.1,112.41,5.6
6196,Dormant,0,0.0,0.0,1.0
6197,Growth,1,40.19,40.19,1.0
6198,Casual,0,0.0,0.0,1.0
6199,Dormant,0,0.0,0.0,1.0
6200,Casual,0,0.0,0.0,1.0
6201,Casual,0,0.0,0.0,2.0
6202,Casual,0,0.0,0.0,1.7
6203,Growth,1,87.62,87.62,2.7
6204,Growth,9,42.51,382.59,7.6
6205,Casual,0,0.0,0.0,1.0
6206,Casual,0,0.0,0.0,1.7
6207,Growth,4,28.29,113.15,1.8
6208,Power,15,90.99,1364.89,3.0
6209,Dormant,0,0.0,0.0,2.3
6210,Power,7,91.3,639.11,1.0
6211,Dormant,0,0.0,0.0,1.0
6212,Casual,0,0.0,0.0,1.6
6213,Casual,0,0.0,0.0,1.7
6214,Growth,1,27.5,27.5,1.0
6215,Growth,4,45.87,183.49,3.8
6216,Casual,0,0.0,0.0,1.0
6217,Dormant,1,9.06,9.06,1.3
6218,Growth,3,37.45,112.34,2.1
6219,Casual,0,0.0,0.0,2.2
6220,Casual,0,0.0,0.0,1.0
6221,Growth,5,42.15,210.75,5.2
6222,Casual,2,25.33,50.67,3.3
6223,Growth,0,0.0,0.0,1.3
6224,Casual,4,45.83,183.3,3.3
6225,Power,4,114.7,458.82,1.0
6226,Casual,0,0.0,0.0,1.0
6227,Growth,2,36.29,72.58,1.0
6228,Casual,1,14.98,14.98,1.0
6229,Casual,1,9.59,9.59,2.6
6230,Dormant,0,0.0,0.0,1.0
6231,Casual,3,35.81,107.42,9.3
6232,Dormant,0,0.0,0.0,2.0
6233,Growth,5,53.68,268.38,3.0
6234,Growth,3,19.78,59.35,1.0
6235,Power,20,103.41,2068.15,6.6
6236,Casual,2,23.9,47.8,2.2
6237,Casual,0,0.0,0.0,1.9
6238,Dormant,1,29.01,29.01,1.4
6239,Casual,2,26.82,53.64,3.6
6240,Casual,0,0.0,0.0,1.0
6241,Growth,1,78.65,78.65,1.0
6242,Power,17,113.16,1923.71,4.8
6243,Dormant,1,26.54,26.54,1.0
6244,Growth,1,53.63,53.63,1.0
6245,Power,17,98.21,1669.52,3.5
6246,Dormant,0,0.0,0.0,1.0
6247,Dormant,0,0.0,0.0,1.0
6248,Casual,4,38.39,153.55,8.6
6249,Casual,1,22.39,22.39,5.6
6250,Dormant,0,0.0,0.0,1.0
6251,Growth,3,38.42,115.27,2.0
6252,Casual,3,34.47,103.4,1.0
6253,Growth,3,29.68,89.05,3.2
6254,Dormant,0,0.0,0.0,1.0
6255,Dormant,0,0.0,0.0,1.0
6256,Casual,1,30.59,30.59,1.0
6257,Power,10,131.41,1314.07,2.9
6258,Casual,0,0.0,0.0,1.9
6259,Growth,2,70.95,141.91,2.0
6260,Dormant,0,0.0,0.0,2.1
6261,Growth,0,0.0,0.0,1.0
6262,Power,10,83.76,837.61,4.1
6263,Dormant,1,13.59,13.59,1.7
6264,Casual,0,0.0,0.0,1.0
6265,Dormant,0,0.0,0.0,1.0
6266,Power,4,94.34,377.38,1.3
6267,Dormant,0,0.0,0.0,1.5
6268,Power,9,93.38,840.39,4.9
6269,Power,43,104.68,4501.43,16.0
6270,Casual,1,50.39,50.39,4.9
6271,Growth,19,50.25,954.81,10.2
6272,Casual,0,0.0,0.0,3.1
6273,Power,19,73.66,1399.5,5.5
6274,Power,18,90.46,1628.23,8.0
6275,Dormant,0,0.0,0.0,1.9
6276,Growth,2,61.87,123.74,2.3
6277,Casual,0,0.0,0.0,1.5
6278,Dormant,0,0.0,0.0,1.0
6279,Power,8,122.46,979.7,2.9
6280,Dormant,2,5.01,10.02,4.5
6281,Growth,5,59.57,297.85,2.2
6282,Casual,3,43.66,130.97,2.0
6283,Power,2,120.43,240.86,1.0
6284,Dormant,1,11.76,11.76,2.0
6285,Casual,0,0.0,0.0,1.0
6286,Casual,0,0.0,0.0,1.0
6287,Dormant,2,10.26,20.53,1.7
6288,Growth,1,64.03,64.03,1.0
6289,Dormant,0,0.0,0.0,2.6
6290,Dormant,1,22.99,22.99,3.1
6291,Dormant,0,0.0,0.0,1.0
6292,Dormant,1,8.69,8.69,1.0
6293,Dormant,0,0.0,0.0,1.6
6294,Growth,9,35.42,318.79,10.2
6295,Dormant,0,0.0,0.0,1.0
6296,Dormant,1,10.46,10.46,13.7
6297,Casual,1,25.44,25.44,1.0
6298,Growth,3,43.48,130.43,5.6
6299,Dormant,0,0.0,0.0,1.0
6300,Growth,9,49.21,442.91,2.4
6301,Casual,2,29.23,58.46,1.8
6302,Casual,0,0.0,0.0,1.0
6303,Growth,9,44.06,396.55,6.6
6304,Dormant,0,0.0,0.0,1.9
6305,Power,24,114.53,2748.71,8.0
6306,Dormant,0,0.0,0.0,4.3
6307,Dormant,0,0.0,0.0,1.0
6308,Growth,1,37.07,37.07,1.5
6309,Dormant,0,0.0,0.0,1.0
6310,Growth,1,33.64,33.64,1.0
6311,Dormant,0,0.0,0.0,2.6
6312,Dormant,1,27.65,27.65,3.2
6313,Growth,0,0.0,0.0,1.0
6314,Dormant,0,0.0,0.0,1.3
6315,Casual,0,0.0,0.0,1.0
6316,Casual,1,53.7,53.7,2.9
6317,Dormant,0,0.0,0.0,1.0
6318,Casual,4,31.47,125.86,5.0
6319,Casual,0,0.0,0.0,1.0
6320,Growth,2,33.52,67.05,1.0
6321,Casual,2,40.3,80.61,1.5
6322,Dormant,0,0.0,0.0,1.2
6323,Power,9,75.43,678.84,1.8
6324,Casual,0,0.0,0.0,1.7
6325,Growth,4,58.93,235.72,1.3
6326,Dormant,0,0.0,0.0,1.0
6327,Casual,1,15.63,15.63,1.9
6328,Casual,0,0.0,0.0,3.2
6329,Growth,1,39.35,39.35,1.6
6330,Casual,2,69.97,139.94,3.9
6331,Dormant,0,0.0,0.0,1.0
6332,Casual,0,0.0,0.0,1.0
6333,Casual,0,0.0,0.0,1.7
6334,Dormant,0,0.0,0.0,1.0
6335,Casual,0,0.0,0.0,1.0
6336,Casual,1,10.14,10.14,1.0
6337,Growth,6,59.01,354.07,3.0
6338,Growth,1,27.76,27.76,2.3
6339,Dormant,0,0.0,0.0,1.4
6340,Dormant,0,0.0,0.0,1.0
6341,Dormant,0,0.0,0.0,1.0
6342,Dormant,0,0.0,0.0,1.0
6343,Casual,0,0.0,0.0,1.0
6344,Growth,1,21.1,21.1,3.2
6345,Casual,2,72.69,145.38,1.0
6346,Dormant,1,37.46,37.46,1.0
6347,Dormant,0,0.0,0.0,1.0
6348,Casual,3,26.67,80.0,3.1
6349,Dormant,0,0.0,0.0,1.8
6350,Dormant,1,28.57,28.57,1.0
6351,Dormant,0,0.0,0.0,2.2
6352,Dormant,0,0.0,0.0,1.0
6353,Casual,2,34.02,68.05,3.5
6354,Growth,1,57.1,57.1,1.0
6355,Casual,1,28.6,28.6,1.0
6356,Growth,4,42.2,168.79,4.1
6357,Dormant,0,0.0,0.0,1.9
6358,Casual,0,0.0,0.0,1.5
6359,Casual,2,22.47,44.94,3.6
6360,Growth,3,69.33,207.98,1.0
6361,Casual,3,46.0,138.01,4.3
6362,Casual,1,6.46,6.46,1.7
6363,Growth,1,48.5,48.5,1.0
6364,Dormant,0,0.0,0.0,1.3
6365,Growth,4,66.6,266.38,2.7
6366,Casual,0,0.0,0.0,1.0
6367,Growth,0,0.0,0.0,3.1
6368,Casual,2,45.42,90.85,1.0
6369,Dormant,0,0.0,0.0,1.0
6370,Dormant,0,0.0,0.0,1.0
6371,Power,25,101.09,2527.22,7.6
6372,Dormant,0,0.0,0.0,1.4
6373,Dormant,0,0.0,0.0,2.3
6374,Growth,1,45.91,45.91,1.9
6375,Growth,4,57.06,228.25,1.7
6376,Growth,4,66.69,266.77,2.5
6377,Dormant,0,0.0,0.0,1.8
6378,Growth,6,57.23,343.36,2.3
6379,Casual,1,64.03,64.03,3.5
6380,Dormant,1,34.76,34.76,2.2
6381,Dormant,0,0.0,0.0,1.3
6382,Casual,0,0.0,0.0,1.0
6383,Dormant,0,0.0,0.0,1.3
6384,Growth,12,101.19,1214.33,7.0
6385,Dormant,1,16.43,16.43,3.3
6386,Growth,2,49.28,98.57,1.0
6387,Growth,9,57.76,519.83,6.5
6388,Dormant,0,0.0,0.0,1.0
6389,Growth,10,49.63,496.3,3.9
6390,Growth,1,74.77,74.77,2.6
6391,Casual,0,0.0,0.0,1.0
6392,Growth,0,0.0,0.0,1.0
6393,Growth,1,44.62,44.62,1.0
6394,Casual,1,47.56,47.56,3.7
6395,Dormant,0,0.0,0.0,2.0
6396,Dormant,0,0.0,0.0,1.0
6397,Growth,14,39.92,558.87,7.1
6398,Casual,0,0.0,0.0,1.0
6399,Dormant,1,6.01,6.01,1.8
6400,Growth,3,50.63,151.89,4.3
6401,Growth,1,177.35,177.35,1.0
6402,Power,5,118.66,593.32,1.0
6403,Casual,1,32.27,32.27,1.0
6404,Growth,2,69.23,138.47,3.9
6405,Dormant,0,0.0,0.0,1.0
6406,Dormant,0,0.0,0.0,1.0
6407,Growth,4,97.74,390.97,3.6
6408,Casual,1,16.1,16.1,3.6
6409,Growth,2,47.55,95.11,1.2
6410,Power,9,122.11,1098.98,2.8
6411,Dormant,0,0.0,0.0,1.0
6412,Casual,3,36.41,109.22,2.2
6413,Dormant,0,0.0,0.0,1.0
6414,Casual,1,53.73,53.73,1.0
6415,Growth,3,93.08,279.23,1.3
6416,Casual,1,76.75,76.75,1.0
6417,Growth,1,85.01,85.01,1.0
6418,Dormant,0,0.0,0.0,1.0
6419,Dormant,0,0.0,0.0,1.0
6420,Growth,8,49.23,393.87,3.0
6421,Casual,0,0.0,0.0,1.0
6422,Casual,0,0.0,0.0,1.0
6423,Dormant,0,0.0,0.0,1.0
6424,Power,12,100.3,1203.54,3.7
6425,Power,13,115.08,1496.07,4.9
6426,Power,15,130.41,1956.16,5.1
6427,Casual,0,0.0,0.0,1.0
6428,Casual,1,16.75,16.75,1.0
6429,Growth,39,50.57,1972.06,24.7
6430,Casual,0,0.0,0.0,1.7
6431,Casual,1,40.78,40.78,1.0
6432,Power,10,89.17,891.75,3.0
6433,Dormant,0,0.0,0.0,1.0
6434,Casual,0,0.0,0.0,1.0
6435,Casual,0,0.0,0.0,1.0
6436,Casual,5,28.48,142.38,5.1
6437,Growth,5,62.88,314.41,2.7
6438,Dormant,1,8.19,8.19,1.0
6439,Casual,0,0.0,0.0,1.1
6440,Casual,1,31.12,31.12,1.0
6441,Dormant,0,0.0,0.0,1.0
6442,Dormant,0,0.0,0.0,1.0
6443,Dormant,0,0.0,0.0,1.0
6444,Growth,9,45.35,408.14,4.3
6445,Growth,2,135.87,271.73,1.0
6446,Dormant,0,0.0,0.0,1.0
6447,Casual,0,0.0,0.0,1.2
6448,Dormant,0,0.0,0.0,1.1
6449,Dormant,0,0.0,0.0,1.0
6450,Growth,3,88.28,264.84,1.9
6451,Growth,2,47.49,94.98,2.7
6452,Casual,2,15.24,30.48,2.6
6453,Growth,6,70.61,423.66,3.8
6454,Casual,0,0.0,0.0,1.0
6455,Dormant,0,0.0,0.0,1.0
6456,Casual,0,0.0,0.0,1.3
6457,Dormant,0,0.0,0.0,1.0
6458,Casual,0,0.0,0.0,3.0
6459,Dormant,0,0.0,0.0,1.6
6460,Growth,2,28.05,56.09,4.2
6461,Dormant,0,0.0,0.0,1.0
6462,Dormant,0,0.0,0.0,1.8
6463,Growth,7,64.84,453.85,2.4
6464,Casual,1,11.03,11.03,1.0
6465,Dormant,1,11.78,11.78,2.0
6466,Growth,6,53.95,323.71,3.1
6467,Dormant,0,0.0,0.0,1.0
6468,Dormant,0,0.0,0.0,1.0
6469,Dormant,1,19.86,19.86,3.0
6470,Casual,4,34.08,136.31,2.4
6471,Casual,2,27.64,55.27,2.7
6472,Dormant,0,0.0,0.0,1.0
6473,Casual,2,32.16,64.32,2.3
6474,Power,20,103.09,2061.75,4.6
6475,Power,6,90.01,540.06,2.7
6476,Dormant,0,0.0,0.0,1.0
6477,Casual,0,0.0,0.0,1.0
6478,Growth,11,44.41,488.53,3.1
6479,Growth,1,24.15,24.15,1.0
6480,Dormant,0,0.0,0.0,1.6
6481,Casual,2,42.31,84.61,1.4
6482,Dormant,1,16.45,16.45,2.3
6483,Dormant,1,12.01,12.01,3.7
6484,Dormant,1,16.18,16.18,1.3
6485,Dormant,0,0.0,0.0,2.3
6486,Growth,17,52.47,891.93,9.9
6487,Casual,3,29.81,89.42,3.2
6488,Power,3,76.94,230.82,1.0
6489,Dormant,0,0.0,0.0,1.0
6490,Growth,3,63.92,191.76,1.4
6491,Casual,1,6.09,6.09,3.0
6492,Dormant,1,9.38,9.38,1.2
6493,Growth,3,88.41,265.22,1.0
6494,Dormant,1,27.44,27.44,1.0
6495,Power,35,103.84,3634.5,12.2
6496,Casual,0,0.0,0.0,1.8
6497,Casual,1,33.37,33.37,2.3
6498,Casual,1,22.3,22.3,2.7
6499,Casual,0,0.0,0.0,1.0
6500,Dormant,0,0.0,0.0,2.3
6501,Growth,15,75.63,1134.5,12.5
6502,Casual,1,34.72,34.72,2.6
6503,Dormant,1,13.82,13.82,2.1
6504,Dormant,1,12.21,12.21,2.0
6505,Power,37,114.15,4223.7,12.9
6506,Dormant,0,0.0,0.0,3.5
6507,Power,9,81.28,731.52,2.4
6508,Casual,2,18.29,36.59,2.4
6509,Casual,2,21.08,42.16,4.2
6510,Dormant,1,16.06,16.06,1.8
6511,Growth,8,85.72,685.77,7.5
6512,Growth,0,0.0,0.0,1.0
6513,Dormant,0,0.0,0.0,2.8
6514,Growth,2,82.73,165.47,1.3
6515,Casual,1,23.67,23.67,1.4
6516,Dormant,1,17.35,17.35,6.4
6517,Casual,1,107.28,107.28,1.1
6518,Growth,4,28.69,114.75,2.2
6519,Growth,5,57.18,285.9,3.7
6520,Dormant,0,0.0,0.0,1.0
6521,Casual,1,145.54,145.54,1.0
6522,Power,2,85.51,171.02,1.0
6523,Growth,1,48.97,48.97,2.2
6524,Growth,7,42.49,297.4,2.7
6525,Dormant,0,0.0,0.0,1.6
6526,Growth,10,68.21,682.14,5.6
6527,Power,24,111.09,2666.05,8.6
6528,Casual,1,32.68,32.68,1.4
6529,Power,7,121.7,851.89,1.9
6530,Growth,2,25.62,51.23,1.0
6531,Dormant,0,0.0,0.0,1.0
6532,Dormant,0,0.0,0.0,1.1
6533,Power,19,85.59,1626.16,5.6
6534,Casual,1,31.5,31.5,1.0
6535,Growth,3,44.47,133.42,1.5
6536,Growth,2,44.56,89.11,1.0
6537,Casual,0,0.0,0.0,1.0
6538,Casual,3,22.73,68.18,3.6
6539,Dormant,1,13.38,13.38,1.5
6540,Dormant,1,12.15,12.15,1.3
6541,Growth,1,47.2,47.2,1.0
6542,Dormant,1,14.77,14.77,1.0
6543,Casual,2,22.31,44.63,2.0
6544,Growth,2,58.04,116.09,1.1
6545,Dormant,1,7.65,7.65,2.1
6546,Power,5,78.19,390.97,1.8
6547,Casual,1,81.1,81.1,1.9
6548,Dormant,0,0.0,0.0,1.0
6549,Growth,9,36.17,325.5,6.7
6550,Dormant,0,0.0,0.0,1.0
6551,Growth,14,62.2,870.78,4.8
6552,Dormant,0,0.0,0.0,1.7
6553,Power,28,106.07,2969.84,9.5
6554,Growth,3,45.82,137.45,2.1
6555,Casual,1,31.78,31.78,2.0
6556,Dormant,0,0.0,0.0,1.0
6557,Growth,2,31.5,63.0,2.5
6558,Dormant,2,24.65,49.31,2.7
6559,Growth,3,35.38,106.14,2.0
6560,Casual,1,12.54,12.54,1.0
6561,Growth,5,58.87,294.33,3.0
6562,Power,23,127.65,2935.84,6.9
6563,Dormant,0,0.0,0.0,1.0
6564,Casual,0,0.0,0.0,1.6
6565,Dormant,0,0.0,0.0,1.0
6566,Casual,0,0.0,0.0,1.1
6567,Casual,1,33.97,33.97,1.0
6568,Casual,1,24.11,24.11,1.0
6569,Dormant,0,0.0,0.0,1.0
6570,Dormant,0,0.0,0.0,1.0
6571,Casual,0,0.0,0.0,1.0
6572,Casual,5,31.72,158.61,4.7
6573,Casual,0,0.0,0.0,1.0
6574,Casual,0,0.0,0.0,2.0
6575,Casual,0,0.0,0.0,1.0
6576,Casual,1,46.77,46.77,4.1
6577,Dormant,0,0.0,0.0,1.0
6578,Dormant,0,0.0,0.0,1.0
6579,Dormant,1,3.85,3.85,1.0
6580,Dormant,0,0.0,0.0,1.4
6581,Casual,2,30.19,60.38,1.0
6582,Dormant,0,0.0,0.0,1.0
6583,Growth,7,39.17,274.16,2.9
6584,Casual,1,41.35,41.35,1.0
6585,Growth,2,22.2,44.4,2.0
6586,Power,6,178.46,1070.75,1.8
6587,Dormant,1,8.95,8.95,1.8
6588,Dormant,0,0.0,0.0,2.0
6589,Casual,3,33.97,101.9,5.4
6590,Growth,4,58.8,235.2,2.8
6591,Dormant,0,0.0,0.0,2.2
6592,Casual,4,31.33,125.3,4.4
6593,Dormant,1,15.97,15.97,1.0
6594,Dormant,0,0.0,0.0,1.0
6595,Growth,2,42.59,85.17,1.2
6596,Growth,9,44.01,396.11,3.7
6597,Growth,2,122.83,245.67,1.3
6598,Power,32,93.53,2992.81,13.9
6599,Casual,0,0.0,0.0,1.0
6600,Power,21,94.79,1990.52,6.6
6601,Power,20,148.3,2965.99,6.7
6602,Growth,5,60.32,301.61,3.6
6603,Growth,4,48.43,193.71,1.9
6604,Dormant,0,0.0,0.0,1.0
6605,Power,20,110.06,2201.11,8.6
6606,Dormant,0,0.0,0.0,1.5
6607,Growth,1,27.65,27.65,2.2
6608,Power,1,116.73,116.73,1.0
6609,Power,24,114.37,2744.91,7.8
6610,Dormant,0,0.0,0.0,1.3
6611,Growth,0,0.0,0.0,1.7
6612,Casual,3,31.37,94.12,1.8
6613,Power,14,86.67,1213.39,3.6
6614,Dormant,0,0.0,0.0,1.0
6615,Growth,2,59.67,119.34,1.3
6616,Casual,1,43.86,43.86,1.2
6617,Dormant,0,0.0,0.0,1.0
6618,Growth,0,0.0,0.0,1.0
6619,Growth,11,49.45,544.0,6.3
6620,Dormant,1,10.0,10.0,1.0
6621,Growth,4,63.62,254.49,1.0
6622,Power,36,107.98,3887.18,11.2
6623,Casual,0,0.0,0.0,1.2
6624,Power,24,109.65,2631.69,8.5
6625,Dormant,1,10.77,10.77,2.8
6626,Casual,1,69.25,69.25,4.7
6627,Casual,0,0.0,0.0,1.0
6628,Growth,2,29.71,59.43,1.9
6629,Dormant,1,11.36,11.36,1.0
6630,Casual,1,26.0,26.0,2.1
6631,Power,15,103.45,1551.69,4.3
6632,Dormant,0,0.0,0.0,1.0
6633,Casual,0,0.0,0.0,1.3
6634,Dormant,1,18.68,18.68,4.1
6635,Growth,2,36.53,73.06,1.3
6636,Growth,5,26.51,132.56,4.9
6637,Dormant,0,0.0,0.0,2.6
6638,Dormant,0,0.0,0.0,1.0
6639,Casual,2,26.6,53.21,1.0
6640,Power,6,114.28,685.67,2.3
6641,Dormant,0,0.0,0.0,1.0
6642,Growth,5,53.78,268.91,1.9
6643,Growth,0,0.0,0.0,1.0
6644,Casual,0,0.0,0.0,3.1
6645,Power,11,98.92,1088.07,4.6
6646,Power,6,86.99,521.97,2.2
6647,Power,24,121.0,2903.93,7.8
6648,Dormant,0,0.0,0.0,1.0
6649,Growth,3,66.78,200.35,3.7
6650,Casual,6,37.9,227.42,3.4
6651,Dormant,1,30.79,30.79,3.6
6652,Casual,3,20.31,60.93,4.7
6653,Casual,0,0.0,0.0,2.6
6654,Casual,3,30.69,92.07,1.0
6655,Casual,0,0.0,0.0,1.0
6656,Casual,1,13.56,13.56,1.8
6657,Dormant,1,18.24,18.24,1.3
6658,Dormant,0,0.0,0.0,1.0
6659,Casual,1,63.5,63.5,1.0
6660,Growth,0,0.0,0.0,2.2
6661,Dormant,0,0.0,0.0,2.1
6662,Growth,6,62.6,375.58,3.1
6663,Dormant,0,0.0,0.0,1.8
6664,Growth,6,71.58,429.5,3.8
6665,Dormant,0,0.0,0.0,1.1
6666,Dormant,0,0.0,0.0,1.0
6667,Casual,0,0.0,0.0,1.5
6668,Growth,2,40.18,80.37,1.0
6669,Dormant,0,0.0,0.0,2.3
6670,Casual,2,57.63,115.26,1.0
6671,Growth,2,70.22,140.44,1.0
6672,Casual,0,0.0,0.0,1.0
6673,Casual,1,30.14,30.14,3.0
6674,Dormant,0,0.0,0.0,1.0
6675,Growth,8,54.39,435.13,6.2
6676,Casual,3,26.02,78.06,4.8
6677,Dormant,1,12.78,12.78,1.0
6678,Power,3,223.97,671.91,1.0
6679,Casual,1,14.98,14.98,1.0
6680,Casual,1,56.96,56.96,1.0
6681,Dormant,0,0.0,0.0,1.3
6682,Casual,0,0.0,0.0,1.0
6683,Dormant,0,0.0,0.0,1.4
6684,Growth,1,22.9,22.9,1.8
6685,Growth,2,72.78,145.55,1.7
6686,Dormant,0,0.0,0.0,1.3
6687,Dormant,0,0.0,0.0,1.0
6688,Casual,2,39.73,79.46,1.0
6689,Casual,0,0.0,0.0,2.5
6690,Casual,2,50.13,100.26,5.6
6691,Power,7,108.41,758.87,3.0
6692,Dormant,0,0.0,0.0,2.6
6693,Dormant,0,0.0,0.0,1.0
6694,Casual,0,0.0,0.0,1.5
6695,Growth,3,78.66,235.99,1.0
6696,Growth,0,0.0,0.0,1.0
6697,Growth,2,73.1,146.2,1.5
6698,Dormant,0,0.0,0.0,1.5
6699,Casual,2,45.16,90.32,3.6
6700,Growth,7,55.27,386.91,4.2
6701,Casual,5,61.2,306.01,14.2
6702,Dormant,1,13.99,13.99,1.5
6703,Growth,4,50.19,200.77,4.4
6704,Casual,3,18.96,56.88,2.6
6705,Casual,1,59.38,59.38,2.4
6706,Growth,4,156.02,624.09,3.7
6707,Casual,2,22.61,45.23,2.3
6708,Casual,1,41.53,41.53,1.0
6709,Growth,5,43.11,215.53,3.9
6710,Growth,4,75.24,300.96,1.0
6711,Dormant,0,0.0,0.0,1.0
6712,Growth,1,15.07,15.07,2.0
6713,Casual,1,51.78,51.78,1.1
6714,Casual,0,0.0,0.0,2.0
6715,Dormant,0,0.0,0.0,1.0
6716,Dormant,0,0.0,0.0,2.5
6717,Dormant,2,11.27,22.55,1.7
6718,Casual,4,33.16,132.64,5.7
6719,Casual,6,40.47,242.85,4.0
6720,Casual,1,51.37,51.37,4.1
6721,Casual,1,31.45,31.45,1.8
6722,Casual,0,0.0,0.0,1.0
6723,Growth,3,82.73,248.2,3.5
6724,Casual,0,0.0,0.0,1.0
6725,Casual,0,0.0,0.0,1.4
6726,Power,37,103.5,3829.56,10.6
6727,Growth,0,0.0,0.0,1.0
6728,Dormant,0,0.0,0.0,1.0
6729,Casual,1,12.89,12.89,1.0
6730,Dormant,0,0.0,0.0,1.2
6731,Casual,0,0.0,0.0,2.6
6732,Dormant,0,0.0,0.0,1.1
6733,Dormant,0,0.0,0.0,1.0
6734,Power,4,82.07,328.26,1.6
6735,Dormant,0,0.0,0.0,1.0
6736,Power,7,121.81,852.67,1.6
6737,Casual,0,0.0,0.0,1.0
6738,Dormant,0,0.0,0.0,1.0
6739,Growth,0,0.0,0.0,1.6
6740,Casual,2,17.77,35.54,4.6
6741,Casual,1,22.62,22.62,1.0
6742,Power,19,114.94,2183.83,6.3
6743,Power,0,0.0,0.0,1.0
6744,Power,18,84.88,1527.77,7.2
6745,Power,22,121.99,2683.72,7.9
6746,Casual,0,0.0,0.0,1.0
6747,Casual,4,20.86,83.45,5.2
6748,Casual,0,0.0,0.0,1.0
6749,Dormant,0,0.0,0.0,4.2
6750,Power,22,82.45,1813.86,7.9
6751,Growth,1,42.6,42.6,1.0
6752,Dormant,1,17.5,17.5,5.3
6753,Dormant,0,0.0,0.0,1.3
6754,Casual,0,0.0,0.0,1.0
6755,Power,14,88.03,1232.36,4.3
6756,Dormant,0,0.0,0.0,2.2
6757,Dormant,0,0.0,0.0,1.0
6758,Casual,0,0.0,0.0,3.9
6759,Growth,10,58.64,586.35,11.3
6760,Power,3,93.11,279.33,1.4
6761,Casual,0,0.0,0.0,1.0
6762,Dormant,2,11.63,23.25,1.4
6763,Casual,0,0.0,0.0,1.4
6764,Growth,2,45.86,91.71,1.0
6765,Casual,0,0.0,0.0,1.7
6766,Dormant,1,7.03,7.03,1.0
6767,Casual,1,34.53,34.53,3.4
6768,Dormant,0,0.0,0.0,1.0
6769,Casual,1,28.05,28.05,2.2
6770,Growth,5,80.0,400.0,4.1
6771,Casual,7,33.27,232.89,8.8
6772,Casual,1,19.97,19.97,1.0
6773,Dormant,0,0.0,0.0,2.3
6774,Casual,1,39.63,39.63,4.1
6775,Casual,1,42.2,42.2,3.6
6776,Casual,0,0.0,0.0,1.0
6777,Casual,4,22.96,91.83,2.7
6778,Growth,3,50.47,151.41,3.3
6779,Dormant,0,0.0,0.0,1.3
6780,Casual,1,33.51,33.51,1.0
6781,Casual,0,0.0,0.0,1.0
6782,Casual,2,43.16,86.32,7.4
6783,Power,67,114.4,7664.7,20.7
6784,Casual,2,22.65,45.3,8.1
6785,Casual,1,23.84,23.84,1.0
6786,Casual,1,40.59,40.59,1.0
6787,Dormant,0,0.0,0.0,1.0
6788,Dormant,1,33.11,33.11,1.0
6789,Dormant,0,0.0,0.0,1.3
6790,Casual,1,19.99,19.99,1.1
6791,Growth,2,111.57,223.14,1.6
6792,Dormant,0,0.0,0.0,1.0
6793,Casual,0,0.0,0.0,1.0
6794,Casual,1,24.86,24.86,2.2
6795,Casual,0,0.0,0.0,1.0
6796,Dormant,0,0.0,0.0,1.0
6797,Growth,15,43.03,645.49,7.7
6798,Casual,1,41.61,41.61,1.0
6799,Growth,9,66.13,595.17,4.5
6800,Casual,2,29.5,58.99,1.0
6801,Casual,1,26.54,26.54,1.0
6802,Casual,3,18.79,56.37,1.7
6803,Casual,2,22.81,45.63,3.0
6804,Dormant,0,0.0,0.0,1.6
6805,Dormant,1,26.71,26.71,4.9
6806,Casual,0,0.0,0.0,2.9
6807,Dormant,0,0.0,0.0,1.0
6808,Casual,0,0.0,0.0,1.0
6809,Dormant,0,0.0,0.0,1.0
6810,Growth,4,53.15,212.59,1.0
6811,Growth,13,49.07,637.87,7.4
6812,Growth,0,0.0,0.0,1.0
6813,Power,9,112.53,1012.77,2.4
6814,Casual,0,0.0,0.0,1.0
6815,Growth,1,132.58,132.58,1.6
6816,Casual,1,59.25,59.25,1.0
6817,Growth,5,46.32,231.6,2.3
6818,Growth,0,0.0,0.0,1.0
6819,Dormant,1,14.09,14.09,2.3
6820,Casual,4,33.0,131.99,5.1
6821,Dormant,0,0.0,0.0,2.0
6822,Casual,0,0.0,0.0,1.0
6823,Power,48,104.18,5000.75,14.8
6824,Casual,4,54.98,219.93,4.1
6825,Casual,2,19.41,38.81,1.0
6826,Power,11,107.83,1186.15,4.3
6827,Dormant,0,0.0,0.0,1.0
6828,Casual,2,19.67,39.35,1.1
6829,Dormant,0,0.0,0.0,1.2
6830,Casual,7,48.68,340.73,3.9
6831,Casual,0,0.0,0.0,1.0
6832,Growth,15,53.12,796.84,10.0
6833,Dormant,1,9.26,9.26,3.6
6834,Casual,0,0.0,0.0,1.0
6835,Growth,0,0.0,0.0,1.0
6836,Power,8,99.63,797.04,3.2
6837,Casual,0,0.0,0.0,1.0
6838,Dormant,0,0.0,0.0,2.3
6839,Dormant,0,0.0,0.0,1.0
6840,Dormant,0,0.0,0.0,3.0
6841,Dormant,0,0.0,0.0,1.4
6842,Dormant,0,0.0,0.0,1.0
6843,Growth,3,60.02,180.07,1.9
6844,Casual,0,0.0,0.0,1.0
6845,Power,21,91.18,1914.85,7.8
6846,Growth,10,39.96,399.57,5.1
6847,Casual,0,0.0,0.0,1.1
6848,Growth,1,51.41,51.41,1.0
6849,Dormant,1,7.98,7.98,2.9
6850,Dormant,0,0.0,0.0,1.0
6851,Casual,1,26.27,26.27,1.0
6852,Dormant,1,4.44,4.44,4.0
6853,Casual,0,0.0,0.0,1.0
6854,Growth,1,25.4,25.4,1.0
6855,Growth,11,55.39,609.26,7.0
6856,Growth,3,44.26,132.78,1.0
6857,Growth,7,36.39,254.72,5.6
6858,Growth,5,41.17,205.86,3.4
6859,Power,4,57.5,229.99,2.2
6860,Growth,1,35.41,35.41,1.4
6861,Dormant,0,0.0,0.0,1.0
6862,Power,6,126.24,757.46,3.1
6863,Growth,6,48.84,293.03,3.5
6864,Casual,1,17.52,17.52,1.0
6865,Growth,10,50.53,505.27,5.0
6866,Casual,3,27.24,81.72,4.3
6867,Power,11,118.73,1306.0,3.2
6868,Casual,0,0.0,0.0,1.0
6869,Casual,0,0.0,0.0,1.0
6870,Dormant,0,0.0,0.0,2.3
6871,Casual,0,0.0,0.0,1.0
6872,Casual,0,0.0,0.0,1.1
6873,Growth,2,56.2,112.41,1.0
6874,Growth,3,80.44,241.32,1.2
6875,Casual,0,0.0,0.0,1.0
6876,Power,4,151.18,604.72,1.0
6877,Growth,0,0.0,0.0,1.0
6878,Casual,1,15.27,15.27,4.9
6879,Power,15,88.15,1322.32,7.5
6880,Power,9,89.63,806.65,3.4
6881,Casual,1,18.66,18.66,1.0
6882,Casual,3,44.33,132.99,7.0
6883,Dormant,0,0.0,0.0,1.0
6884,Dormant,1,11.09,11.09,1.5
6885,Dormant,0,0.0,0.0,1.0
6886,Casual,4,25.21,100.84,4.3
6887,Growth,4,34.55,138.18,2.8
6888,Casual,1,103.32,103.32,1.4
6889,Casual,0,0.0,0.0,1.1
6890,Casual,0,0.0,0.0,1.0
6891,Growth,1,107.09,107.09,1.0
6892,Power,4,103.75,415.01,1.0
6893,Growth,2,48.89,97.78,1.0
6894,Growth,0,0.0,0.0,1.0
6895,Growth,1,92.77,92.77,1.0
6896,Dormant,0,0.0,0.0,1.0
6897,Power,6,124.85,749.09,2.1
6898,Casual,0,0.0,0.0,1.0
6899,Dormant,1,8.8,8.8,2.2
6900,Casual,0,0.0,0.0,1.0
6901,Casual,1,50.78,50.78,3.8
6902,Dormant,0,0.0,0.0,1.0
6903,Growth,5,63.99,319.97,2.5
6904,Casual,0,0.0,0.0,1.0
6905,Dormant,0,0.0,0.0,1.0
6906,Dormant,0,0.0,0.0,1.0
6907,Dormant,0,0.0,0.0,2.2
6908,Dormant,0,0.0,0.0,1.1
6909,Casual,1,42.86,42.86,1.0
6910,Dormant,1,47.57,47.57,1.2
6911,Casual,1,75.67,75.67,1.0
6912,Casual,0,0.0,0.0,1.0
6913,Dormant,0,0.0,0.0,1.0
6914,Dormant,0,0.0,0.0,2.2
6915,Dormant,0,0.0,0.0,1.3
6916,Growth,3,40.3,120.9,3.0
6917,Casual,4,18.24,72.96,7.5
6918,Growth,19,66.95,1272.02,9.5
6919,Casual,0,0.0,0.0,1.0
6920,Dormant,0,0.0,0.0,1.0
6921,Dormant,0,0.0,0.0,3.9
6922,Casual,2,29.94,59.88,1.0
6923,Casual,1,9.5,9.5,4.0
6924,Growth,3,68.07,204.22,5.6
6925,Growth,0,0.0,0.0,1.8
6926,Growth,1,120.89,120.89,1.0
6927,Dormant,1,24.42,24.42,1.0
6928,Growth,5,55.32,276.6,2.7
6929,Dormant,0,0.0,0.0,1.1
6930,Growth,1,62.66,62.66,2.1
6931,Dormant,0,0.0,0.0,1.0
6932,Casual,3,22.68,68.05,1.9
6933,Dormant,0,0.0,0.0,1.0
6934,Casual,0,0.0,0.0,1.0
6935,Dormant,0,0.0,0.0,1.0
6936,Dormant,0,0.0,0.0,1.0
6937,Casual,0,0.0,0.0,1.0
6938,Power,38,78.44,2980.55,12.5
6939,Growth,4,45.78,183.11,4.0
6940,Dormant,0,0.0,0.0,1.0
6941,Casual,1,59.11,59.11,1.0
6942,Casual,1,112.19,112.19,1.8
6943,Casual,1,27.7,27.7,2.0
6944,Casual,2,69.33,138.67,3.6
6945,Dormant,3,17.83,53.49,4.3
6946,Dormant,0,0.0,0.0,1.0
6947,Dormant,0,0.0,0.0,1.0
6948,Dormant,0,0.0,0.0,2.5
6949,Dormant,0,0.0,0.0,1.0
6950,Casual,0,0.0,0.0,1.0
6951,Dormant,0,0.0,0.0,1.0
6952,Power,6,84.7,508.22,1.5
6953,Casual,1,9.29,9.29,2.7
6954,Dormant,0,0.0,0.0,1.7
6955,Casual,1,28.1,28.1,1.4
6956,Growth,1,28.78,28.78,1.5
6957,Casual,0,0.0,0.0,1.0
6958,Casual,3,17.32,51.95,6.3
6959,Dormant,0,0.0,0.0,5.7
6960,Growth,2,51.08,102.15,2.6
6961,Growth,2,86.88,173.75,1.0
6962,Casual,0,0.0,0.0,1.0
6963,Casual,1,36.53,36.53,3.6
6964,Power,2,92.77,185.54,1.0
6965,Casual,3,54.9,164.71,11.5
6966,Casual,0,0.0,0.0,2.3
6967,Growth,1,63.57,63.57,1.0
6968,Casual,2,50.32,100.65,1.6
6969,Casual,1,58.95,58.95,1.8
6970,Dormant,0,0.0,0.0,1.0
6971,Casual,0,0.0,0.0,1.5
6972,Growth,9,51.49,463.41,5.4
6973,Dormant,1,18.62,18.62,1.0
6974,Casual,4,26.08,104.3,5.5
6975,Power,2,135.76,271.53,1.0
6976,Dormant,0,0.0,0.0,1.4
6977,Growth,6,62.47,374.79,7.3
6978,Dormant,0,0.0,0.0,1.5
6979,Dormant,0,0.0,0.0,1.2
6980,Dormant,1,7.88,7.88,2.0
6981,Dormant,0,0.0,0.0,1.0
6982,Growth,12,56.78,681.36,8.8
6983,Dormant,0,0.0,0.0,1.0
6984,Growth,3,57.2,171.6,1.0
6985,Casual,0,0.0,0.0,1.0
6986,Casual,2,20.06,40.11,1.8
6987,Power,3,54.69,164.07,1.0
6988,Power,11,89.96,989.61,2.7
6989,Power,4,96.84,387.34,1.0
6990,Growth,1,47.33,47.33,2.0
6991,Growth,2,17.62,35.24,1.0
6992,Dormant,0,0.0,0.0,1.4
6993,Casual,4,90.32,361.27,3.5
6994,Dormant,1,15.66,15.66,1.0
6995,Dormant,1,11.59,11.59,1.5
6996,Dormant,0,0.0,0.0,1.0
6997,Casual,0,0.0,0.0,1.0
6998,Dormant,0,0.0,0.0,1.0
6999,Dormant,0,0.0,0.0,1.0
7000,Dormant,0,0.0,0.0,1.0
7001,Dormant,0,0.0,0.0,2.0
7002,Casual,0,0.0,0.0,1.0
7003,Casual,0,0.0,0.0,1.0
7004,Dormant,0,0.0,0.0,1.0
7005,Casual,1,16.83,16.83,1.0
7006,Dormant,0,0.0,0.0,1.0
7007,Power,11,100.66,1107.24,2.1
7008,Power,10,98.88,988.82,3.5
7009,Casual,2,37.56,75.12,1.7
7010,Power,26,106.27,2763.05,10.0
7011,Dormant,0,0.0,0.0,1.0
7012,Power,12,164.93,1979.15,4.1
7013,Dormant,0,0.0,0.0,1.0
7014,Growth,0,0.0,0.0,1.0
7015,Dormant,0,0.0,0.0,2.2
7016,Casual,0,0.0,0.0,1.3
7017,Power,7,120.18,841.25,1.7
7018,Power,26,96.15,2499.85,3.9
7019,Casual,3,27.04,81.12,3.4
7020,Dormant,0,0.0,0.0,1.0
7021,Dormant,0,0.0,0.0,1.1
7022,Growth,3,24.71,74.14,2.8
7023,Casual,0,0.0,0.0,1.2
7024,Power,16,130.36,2085.71,5.0
7025,Casual,2,23.19,46.38,2.0
7026,Casual,2,18.76,37.53,4.0
7027,Growth,4,41.97,167.87,1.0
7028,Casual,0,0.0,0.0,2.4
7029,Dormant,0,0.0,0.0,2.3
7030,Power,3,144.09,432.28,1.9
7031,Growth,11,43.67,480.42,6.5
7032,Growth,7,56.18,393.25,5.2
7033,Growth,13,50.1,651.25,4.6
7034,Growth,2,73.09,146.17,2.2
7035,Casual,0,0.0,0.0,1.0
7036,Power,12,96.56,1158.74,2.5
7037,Dormant,0,0.0,0.0,1.0
7038,Dormant,1,12.03,12.03,2.8
7039,Dormant,0,0.0,0.0,2.2
7040,Casual,0,0.0,0.0,4.5
7041,Growth,8,46.8,374.4,2.6
7042,Power,3,99.35,298.06,1.0
7043,Growth,3,42.04,126.12,2.7
7044,Dormant,0,0.0,0.0,3.9
7045,Dormant,0,0.0,0.0,2.0
7046,Casual,1,15.35,15.35,1.0
7047,Growth,0,0.0,0.0,1.0
7048,Casual,0,0.0,0.0,1.3
7049,Growth,3,36.38,109.14,3.8
7050,Dormant,0,0.0,0.0,1.0
7051,Growth,2,39.34,78.68,1.0
7052,Casual,1,31.73,31.73,2.4
7053,Casual,2,25.11,50.22,3.0
7054,Growth,4,52.8,211.18,3.5
7055,Casual,0,0.0,0.0,1.0
7056,Dormant,0,0.0,0.0,1.0
7057,Growth,25,58.57,1464.22,17.8
7058,Casual,1,38.35,38.35,1.1
7059,Casual,2,32.1,64.19,5.7
7060,Growth,6,69.75,418.47,2.5
7061,Power,22,124.19,2732.23,5.5
7062,Growth,6,41.42,248.53,2.8
7063,Power,4,187.22,748.88,1.6
7064,Casual,2,33.8,67.59,1.9
7065,Dormant,0,0.0,0.0,1.6
7066,Dormant,0,0.0,0.0,1.0
7067,Dormant,0,0.0,0.0,1.4
7068,Casual,2,64.81,129.62,4.5
7069,Dormant,0,0.0,0.0,3.3
7070,Casual,1,46.53,46.53,1.0
7071,Growth,8,52.0,416.02,5.4
7072,Growth,2,52.68,105.37,1.3
7073,Casual,5,42.03,210.16,4.1
7074,Dormant,0,0.0,0.0,5.4
7075,Casual,2,35.54,71.09,2.3
7076,Growth,2,77.8,155.6,1.7
7077,Dormant,0,0.0,0.0,1.0
7078,Power,17,128.86,2190.66,5.9
7079,Dormant,0,0.0,0.0,1.0
7080,Dormant,0,0.0,0.0,1.7
7081,Dormant,0,0.0,0.0,1.0
7082,Dormant,0,0.0,0.0,1.0
7083,Growth,13,62.57,813.42,8.3
7084,Casual,1,18.19,18.19,1.0
7085,Dormant,2,11.44,22.88,4.3
7086,Dormant,0,0.0,0.0,1.0
7087,Growth,11,87.51,962.57,6.7
7088,Growth,4,37.62,150.47,3.2
7089,Growth,3,49.94,149.81,1.3
7090,Casual,3,52.44,157.31,2.4
7091,Casual,3,25.47,76.42,5.3
7092,Dormant,0,0.0,0.0,1.0
7093,Dormant,0,0.0,0.0,1.3
7094,Casual,2,34.28,68.55,1.0
7095,Growth,1,41.82,41.82,1.0
7096,Casual,2,28.84,57.67,2.9
7097,Growth,2,52.26,104.53,2.2
7098,Growth,3,67.06,201.19,1.5
7099,Power,15,92.69,1390.35,5.2
7100,Growth,8,46.89,375.14,5.4
7101,Growth,2,20.17,40.33,1.0
7102,Casual,0,0.0,0.0,1.0
7103,Power,5,120.62,603.1,1.0
7104,Growth,1,36.93,36.93,1.0
7105,Power,3,127.82,383.46,2.0
7106,Casual,1,44.29,44.29,1.0
7107,Casual,0,0.0,0.0,1.0
7108,Growth,1,37.12,37.12,1.0
7109,Growth,3,63.75,191.25,1.0
7110,Dormant,0,0.0,0.0,1.0
7111,Casual,0,0.0,0.0,1.0
7112,Casual,2,38.58,77.15,2.6
7113,Casual,0,0.0,0.0,2.7
7114,Dormant,0,0.0,0.0,1.0
7115,Dormant,0,0.0,0.0,1.0
7116,Casual,0,0.0,0.0,2.2
7117,Dormant,0,0.0,0.0,1.0
7118,Growth,3,40.86,122.59,1.2
7119,Casual,2,19.71,39.42,1.0
7120,Casual,0,0.0,0.0,1.0
7121,Power,4,74.42,297.67,1.0
7122,Dormant,0,0.0,0.0,1.0
7123,Dormant,0,0.0,0.0,1.0
7124,Growth,6,33.84,203.01,2.0
7125,Dormant,1,17.46,17.46,3.1
7126,Growth,0,0.0,0.0,1.0
7127,Casual,0,0.0,0.0,1.0
7128,Dormant,0,0.0,0.0,1.0
7129,Growth,3,58.79,176.36,2.6
7130,Casual,0,0.0,0.0,2.5
7131,Casual,3,15.12,45.35,4.0
7132,Growth,11,51.1,562.06,5.0
7133,Casual,1,16.29,16.29,2.0
7134,Growth,5,44.9,224.48,5.6
7135,Casual,2,21.51,43.02,1.0
7136,Growth,1,19.43,19.43,1.0
7137,Growth,0,0.0,0.0,1.0
7138,Dormant,0,0.0,0.0,1.4
7139,Growth,2,48.94,97.89,2.7
7140,Casual,0,0.0,0.0,1.1
7141,Dormant,0,0.0,0.0,1.0
7142,Dormant,0,0.0,0.0,1.0
7143,Power,14,109.84,1537.71,5.2
7144,Dormant,0,0.0,0.0,1.0
7145,Dormant,0,0.0,0.0,1.0
7146,Growth,2,34.98,69.97,2.0
7147,Dormant,0,0.0,0.0,1.0
7148,Dormant,0,0.0,0.0,1.0
7149,Casual,3,25.85,77.54,1.0
7150,Casual,2,30.28,60.56,1.0
7151,Dormant,0,0.0,0.0,1.0
7152,Dormant,0,0.0,0.0,1.0
7153,Casual,0,0.0,0.0,1.7
7154,Dormant,0,0.0,0.0,1.5
7155,Dormant,0,0.0,0.0,1.0
7156,Dormant,0,0.0,0.0,1.0
7157,Dormant,0,0.0,0.0,1.0
7158,Growth,9,71.99,647.95,6.2
7159,Growth,5,56.43,282.15,3.5
7160,Casual,0,0.0,0.0,1.4
7161,Casual,0,0.0,0.0,1.0
7162,Casual,1,69.61,69.61,3.5
7163,Dormant,0,0.0,0.0,1.0
7164,Dormant,0,0.0,0.0,1.0
7165,Casual,4,44.17,176.69,5.0
7166,Dormant,0,0.0,0.0,1.0
7167,Growth,8,37.68,301.46,7.6
7168,Casual,0,0.0,0.0,1.7
7169,Power,4,139.24,556.96,2.4
7170,Casual,2,18.3,36.59,4.2
7171,Casual,3,58.21,174.64,5.0
7172,Dormant,0,0.0,0.0,1.0
7173,Casual,1,16.5,16.5,2.6
7174,Growth,1,19.9,19.9,1.5
7175,Power,2,78.54,157.08,1.3
7176,Power,0,0.0,0.0,1.0
7177,Dormant,0,0.0,0.0,2.9
7178,Dormant,0,0.0,0.0,1.0
7179,Growth,1,21.89,21.89,1.9
7180,Growth,0,0.0,0.0,1.0
7181,Casual,4,19.19,76.77,4.4
7182,Dormant,0,0.0,0.0,1.0
7183,Growth,2,41.98,83.96,2.7
7184,Power,1,221.67,221.67,1.0
7185,Casual,1,35.02,35.02,2.0
7186,Growth,2,42.55,85.1,1.1
7187,Growth,0,0.0,0.0,1.3
7188,Growth,1,45.69,45.69,1.2
7189,Casual,0,0.0,0.0,1.0
7190,Casual,2,11.23,22.46,3.2
7191,Growth,3,79.22,237.67,1.1
7192,Casual,2,46.5,93.0,1.0
7193,Casual,3,27.63,82.89,3.0
7194,Dormant,0,0.0,0.0,1.3
7195,Dormant,1,20.02,20.02,1.0
7196,Growth,6,43.88,263.29,3.5
7197,Dormant,1,11.73,11.73,1.0
7198,Dormant,1,8.1,8.1,2.1
7199,Dormant,0,0.0,0.0,1.1
7200,Casual,0,0.0,0.0,1.8
7201,Growth,23,48.29,1110.68,13.5
7202,Power,8,112.6,900.8,2.5
7203,Dormant,1,15.62,15.62,1.4
7204,Casual,1,35.33,35.33,2.1
7205,Casual,1,28.32,28.32,1.0
7206,Casual,1,13.36,13.36,1.0
7207,Power,9,103.03,927.3,2.9
7208,Growth,1,107.8,107.8,1.1
7209,Casual,0,0.0,0.0,1.3
7210,Casual,1,10.85,10.85,1.0
7211,Dormant,1,18.88,18.88,1.4
7212,Casual,4,34.11,136.46,4.0
7213,Casual,0,0.0,0.0,1.2
7214,Dormant,1,9.52,9.52,1.6
7215,Power,4,80.5,322.01,1.0
7216,Dormant,0,0.0,0.0,2.9
7217,Dormant,0,0.0,0.0,1.0
7218,Growth,1,20.88,20.88,2.6
7219,Growth,0,0.0,0.0,1.0
7220,Growth,2,32.21,64.42,1.0
7221,Growth,3,27.79,83.38,1.2
7222,Casual,0,0.0,0.0,1.0
7223,Growth,1,8.94,8.94,1.6
7224,Casual,1,11.06,11.06,1.8
7225,Power,47,97.61,4587.9,16.8
7226,Power,1,43.19,43.19,1.4
7227,Growth,3,41.07,123.22,4.5
7228,Growth,7,62.69,438.82,3.4
7229,Dormant,1,10.6,10.6,1.0
7230,Growth,0,0.0,0.0,1.0
7231,Growth,9,61.02,549.18,7.7
7232,Growth,1,58.61,58.61,1.0
7233,Casual,2,36.24,72.48,2.4
7234,Casual,0,0.0,0.0,1.0
7235,Dormant,0,0.0,0.0,1.5
7236,Casual,1,24.85,24.85,2.7
7237,Casual,8,35.18,281.45,10.7
7238,Casual,1,13.63,13.63,2.5
7239,Dormant,1,13.86,13.86,4.6
7240,Casual,1,61.39,61.39,1.0
7241,Growth,4,71.46,285.82,3.4
7242,Dormant,0,0.0,0.0,2.7
7243,Dormant,0,0.0,0.0,1.0
7244,Casual,0,0.0,0.0,1.0
7245,Dormant,0,0.0,0.0,1.9
7246,Dormant,0,0.0,0.0,1.0
7247,Growth,3,25.07,75.22,3.0
7248,Dormant,0,0.0,0.0,2.2
7249,Casual,4,31.83,127.33,2.1
7250,Casual,0,0.0,0.0,1.2
7251,Casual,0,0.0,0.0,1.0
7252,Dormant,0,0.0,0.0,1.0
7253,Casual,4,38.3,153.18,2.4
7254,Casual,0,0.0,0.0,1.0
7255,Power,3,151.69,455.08,1.0
7256,Casual,2,45.2,90.4,3.9
7257,Dormant,1,20.17,20.17,1.0
7258,Dormant,1,10.39,10.39,4.1
7259,Power,5,78.15,390.74,2.1
7260,Dormant,0,0.0,0.0,1.0
7261,Dormant,0,0.0,0.0,1.0
7262,Casual,2,13.67,27.33,3.2
7263,Power,12,134.67,1615.99,3.3
7264,Casual,0,0.0,0.0,1.0
7265,Power,20,103.31,2066.2,4.2
7266,Growth,9,55.14,496.23,6.8
7267,Casual,2,12.53,25.07,1.0
7268,Dormant,1,75.05,75.05,2.0
7269,Growth,18,57.52,1035.41,14.6
7270,Dormant,0,0.0,0.0,1.0
7271,Dormant,0,0.0,0.0,1.0
7272,Power,13,165.71,2154.19,3.7
7273,Growth,3,50.87,152.62,3.2
7274,Dormant,0,0.0,0.0,1.0
7275,Dormant,0,0.0,0.0,1.3
7276,Casual,2,35.97,71.93,1.0
7277,Casual,0,0.0,0.0,1.4
7278,Casual,0,0.0,0.0,1.0
7279,Dormant,0,0.0,0.0,1.0
7280,Dormant,0,0.0,0.0,1.0
7281,Power,2,97.3,194.59,1.0
7282,Growth,27,49.95,1348.61,23.2
7283,Growth,3,37.63,112.89,1.0
7284,Dormant,0,0.0,0.0,1.0
7285,Dormant,0,0.0,0.0,2.3
7286,Dormant,0,0.0,0.0,2.1
7287,Power,3,274.33,822.98,1.0
7288,Casual,0,0.0,0.0,1.0
7289,Growth,3,29.3,87.9,1.0
7290,Casual,1,19.5,19.5,3.4
7291,Growth,1,68.42,68.42,1.5
7292,Dormant,0,0.0,0.0,1.1
7293,Growth,2,58.03,116.06,1.3
7294,Casual,0,0.0,0.0,1.0
7295,Dormant,1,5.69,5.69,7.7
7296,Dormant,1,29.32,29.32,4.5
7297,Power,2,143.8,287.59,2.2
7298,Dormant,0,0.0,0.0,1.0
7299,Casual,0,0.0,0.0,1.0
7300,Casual,0,0.0,0.0,1.3
7301,Casual,0,0.0,0.0,3.9
7302,Dormant,0,0.0,0.0,2.8
7303,Casual,2,27.77,55.53,5.4
7304,Casual,2,43.02,86.04,6.1
7305,Casual,5,38.86,194.29,6.4
7306,Power,2,81.31,162.62,1.0
7307,Dormant,0,0.0,0.0,1.5
7308,Growth,7,46.79,327.52,5.6
7309,Casual,0,0.0,0.0,2.8
7310,Casual,1,11.68,11.68,3.7
7311,Growth,9,62.12,559.06,7.2
7312,Casual,1,17.1,17.1,1.0
7313,Casual,5,22.59,112.94,9.5
7314,Growth,5,57.27,286.35,3.0
7315,Growth,7,41.52,290.65,6.5
7316,Dormant,0,0.0,0.0,1.0
7317,Dormant,0,0.0,0.0,1.0
7318,Casual,3,34.87,104.62,4.9
7319,Growth,1,25.85,25.85,1.6
7320,Power,59,127.84,7542.49,16.8
7321,Power,4,185.67,742.69,1.6
7322,Casual,4,24.27,97.08,3.0
7323,Dormant,1,15.46,15.46,2.6
7324,Dormant,0,0.0,0.0,1.1
7325,Growth,7,66.65,466.55,7.5
7326,Dormant,1,7.95,7.95,3.9
7327,Casual,4,39.03,156.1,4.9
7328,Growth,2,89.46,178.92,1.0
7329,Casual,0,0.0,0.0,1.0
7330,Growth,9,50.68,456.1,4.9
7331,Dormant,0,0.0,0.0,1.0
7332,Casual,5,36.65,183.23,6.6
7333,Casual,0,0.0,0.0,1.0
7334,Casual,0,0.0,0.0,4.1
7335,Dormant,1,16.86,16.86,1.0
7336,Casual,1,103.04,103.04,4.1
7337,Casual,0,0.0,0.0,1.2
7338,Growth,1,59.02,59.02,3.1
7339,Dormant,0,0.0,0.0,1.5
7340,Casual,2,29.48,58.95,4.9
7341,Growth,2,158.78,317.56,1.0
7342,Dormant,1,33.78,33.78,2.2
7343,Power,2,177.73,355.46,1.1
7344,Growth,3,44.74,134.22,1.0
7345,Casual,0,0.0,0.0,1.1
7346,Growth,21,52.99,1112.8,6.0
7347,Casual,0,0.0,0.0,1.0
7348,Growth,0,0.0,0.0,1.0
7349,Growth,1,46.93,46.93,1.0
7350,Power,10,96.71,967.06,2.2
7351,Growth,2,24.07,48.14,3.8
7352,Dormant,0,0.0,0.0,1.6
7353,Casual,0,0.0,0.0,1.0
7354,Casual,1,24.58,24.58,1.2
7355,Casual,0,0.0,0.0,1.0
7356,Dormant,1,4.3,4.3,1.0
7357,Growth,11,51.56,567.12,8.5
7358,Growth,2,35.69,71.37,1.0
7359,Casual,3,13.52,40.56,3.3
7360,Casual,3,25.97,77.9,1.0
7361,Dormant,1,23.44,23.44,1.4
7362,Dormant,0,0.0,0.0,3.5
7363,Dormant,3,21.66,64.99,2.7
7364,Growth,3,41.7,125.09,3.4
7365,Power,3,63.55,190.66,1.2
7366,Growth,3,91.09,273.26,2.6
7367,Dormant,0,0.0,0.0,4.8
7368,Dormant,1,18.99,18.99,1.1
7369,Dormant,0,0.0,0.0,1.3
7370,Growth,2,107.07,214.15,1.0
7371,Dormant,0,0.0,0.0,1.0
7372,Casual,0,0.0,0.0,1.3
7373,Dormant,0,0.0,0.0,1.4
7374,Casual,1,74.22,74.22,1.0
7375,Growth,5,42.1,210.52,6.6
7376,Power,1,51.54,51.54,1.4
7377,Dormant,0,0.0,0.0,1.9
7378,Casual,2,26.11,52.22,3.6
7379,Growth,3,72.7,218.11,1.5
7380,Growth,1,38.77,38.77,1.1
7381,Casual,0,0.0,0.0,1.0
7382,Dormant,0,0.0,0.0,1.0
7383,Power,20,97.31,1946.27,4.9
7384,Power,13,79.87,1038.26,3.4
7385,Dormant,0,0.0,0.0,1.1
7386,Casual,0,0.0,0.0,1.0
7387,Growth,14,52.83,739.67,5.6
7388,Power,72,130.86,9422.13,21.4
7389,Growth,12,48.12,577.48,6.0
7390,Growth,4,56.54,226.17,2.2
7391,Power,37,116.68,4317.23,11.8
7392,Growth,3,17.05,51.16,1.9
7393,Dormant,0,0.0,0.0,1.3
7394,Dormant,0,0.0,0.0,1.1
7395,Dormant,0,0.0,0.0,1.0
7396,Casual,0,0.0,0.0,1.0
7397,Growth,8,39.95,319.61,4.1
7398,Dormant,0,0.0,0.0,1.0
7399,Dormant,0,0.0,0.0,2.1
7400,Casual,4,32.32,129.28,3.5
7401,Growth,1,54.7,54.7,1.0
7402,Growth,11,53.28,586.09,10.0
7403,Casual,7,31.55,220.88,10.4
7404,Casual,0,0.0,0.0,1.0
7405,Power,71,89.86,6379.77,21.3
7406,Dormant,0,0.0,0.0,1.0
7407,Casual,1,43.6,43.6,3.3
7408,Casual,1,13.07,13.07,1.0
7409,Growth,1,41.09,41.09,1.1
7410,Dormant,0,0.0,0.0,1.0
7411,Dormant,0,0.0,0.0,1.0
7412,Power,8,130.63,1045.05,2.0
7413,Casual,2,48.9,97.79,1.0
7414,Casual,0,0.0,0.0,1.0
7415,Dormant,0,0.0,0.0,1.0
7416,Growth,0,0.0,0.0,1.0
7417,Dormant,0,0.0,0.0,1.0
7418,Casual,3,56.33,168.98,5.0
7419,Power,9,84.88,763.95,3.8
7420,Power,9,99.66,896.9,3.7
7421,Growth,0,0.0,0.0,1.1
7422,Growth,8,43.85,350.83,5.0
7423,Casual,3,23.76,71.27,3.0
7424,Dormant,0,0.0,0.0,1.0
7425,Growth,1,57.85,57.85,1.8
7426,Dormant,0,0.0,0.0,1.0
7427,Growth,1,22.46,22.46,1.0
7428,Casual,0,0.0,0.0,1.0
7429,Dormant,0,0.0,0.0,1.0
7430,Dormant,0,0.0,0.0,1.0
7431,Casual,3,12.61,37.82,2.9
7432,Dormant,0,0.0,0.0,1.2
7433,Growth,5,41.83,209.15,3.1
7434,Power,9,111.23,1001.03,4.0
7435,Casual,1,21.97,21.97,1.0
7436,Power,13,116.91,1519.89,3.8
7437,Growth,7,54.83,383.82,2.3
7438,Growth,1,95.69,95.69,1.0
7439,Dormant,0,0.0,0.0,1.2
7440,Dormant,0,0.0,0.0,5.4
7441,Dormant,0,0.0,0.0,1.0
7442,Dormant,0,0.0,0.0,1.0
7443,Growth,1,102.55,102.55,2.1
7444,Power,12,121.79,1461.46,2.0
7445,Casual,0,0.0,0.0,1.0
7446,Casual,0,0.0,0.0,4.9
7447,Casual,4,51.7,206.79,4.6
7448,Casual,0,0.0,0.0,1.2
7449,Casual,0,0.0,0.0,1.2
7450,Growth,6,50.7,304.17,2.8
7451,Growth,2,39.9,79.81,1.0
7452,Casual,0,0.0,0.0,1.0
7453,Casual,1,32.94,32.94,1.0
7454,Dormant,0,0.0,0.0,1.0
7455,Casual,0,0.0,0.0,1.0
7456,Dormant,0,0.0,0.0,1.0
7457,Dormant,0,0.0,0.0,3.2
7458,Power,13,146.32,1902.2,3.6
7459,Casual,0,0.0,0.0,1.0
7460,Casual,2,25.66,51.33,4.2
7461,Casual,1,51.17,51.17,1.0
7462,Power,21,98.83,2075.36,7.1
7463,Dormant,0,0.0,0.0,1.0
7464,Dormant,1,26.79,26.79,3.9
7465,Power,21,84.48,1774.16,7.0
7466,Growth,4,93.6,374.39,2.6
7467,Growth,2,59.81,119.62,1.0
7468,Dormant,0,0.0,0.0,2.2
7469,Casual,2,71.18,142.36,3.5
7470,Growth,8,53.12,424.96,8.0
7471,Dormant,0,0.0,0.0,3.2
7472,Growth,0,0.0,0.0,1.0
7473,Casual,0,0.0,0.0,3.4
7474,Casual,3,25.31,75.93,3.4
7475,Casual,1,31.62,31.62,1.9
7476,Casual,0,0.0,0.0,2.2
7477,Growth,4,44.61,178.44,3.0
7478,Casual,0,0.0,0.0,2.2
7479,Dormant,3,11.04,33.13,3.5
7480,Casual,1,23.0,23.0,3.6
7481,Dormant,1,49.96,49.96,1.0
7482,Casual,3,10.51,31.52,2.9
7483,Dormant,0,0.0,0.0,2.2
7484,Growth,2,83.8,167.6,1.0
7485,Dormant,0,0.0,0.0,1.0
7486,Growth,0,0.0,0.0,1.0
7487,Power,7,85.86,601.02,2.3
7488,Growth,0,0.0,0.0,1.0
7489,Power,22,109.45,2407.8,7.7
7490,Dormant,0,0.0,0.0,1.0
7491,Dormant,0,0.0,0.0,1.0
7492,Dormant,0,0.0,0.0,1.0
7493,Power,9,90.96,818.62,3.5
7494,Dormant,1,17.51,17.51,1.0
7495,Dormant,0,0.0,0.0,1.2
7496,Growth,2,41.14,82.28,1.1
7497,Casual,0,0.0,0.0,1.0
7498,Casual,2,25.75,51.5,3.3
7499,Power,7,97.22,680.52,1.7
7500,Casual,2,18.33,36.65,2.7
7501,Dormant,0,0.0,0.0,2.6
7502,Growth,2,64.39,128.78,1.9
7503,Casual,2,52.59,105.17,3.4
7504,Casual,1,35.87,35.87,2.8
7505,Dormant,0,0.0,0.0,2.5
7506,Dormant,1,18.18,18.18,1.0
7507,Dormant,0,0.0,0.0,1.3
7508,Casual,0,0.0,0.0,1.0
7509,Casual,1,30.94,30.94,2.9
7510,Casual,0,0.0,0.0,1.0
7511,Casual,0,0.0,0.0,1.0
7512,Power,3,99.84,299.53,1.8
7513,Dormant,1,4.14,4.14,1.0
7514,Dormant,0,0.0,0.0,2.5
7515,Casual,0,0.0,0.0,1.9
7516,Dormant,0,0.0,0.0,1.5
7517,Casual,0,0.0,0.0,1.0
7518,Casual,2,74.59,149.17,2.4
7519,Power,17,115.23,1958.94,5.2
7520,Power,12,88.04,1056.53,3.9
7521,Growth,0,0.0,0.0,1.0
7522,Casual,1,23.7,23.7,2.9
7523,Growth,1,25.85,25.85,1.0
7524,Growth,4,49.75,199.01,3.8
7525,Growth,1,59.87,59.87,1.7
7526,Dormant,0,0.0,0.0,1.0
7527,Dormant,0,0.0,0.0,1.0
7528,Casual,1,37.08,37.08,1.0
7529,Growth,4,50.81,203.24,1.8
7530,Power,6,82.32,493.92,1.0
7531,Power,50,111.82,5590.99,14.1
7532,Casual,3,28.82,86.46,6.2
7533,Power,6,113.43,680.59,2.9
7534,Growth,1,41.59,41.59,1.0
7535,Dormant,0,0.0,0.0,1.0
7536,Casual,1,42.01,42.01,1.0
7537,Dormant,0,0.0,0.0,1.0
7538,Growth,11,57.65,634.2,8.5
7539,Growth,1,33.18,33.18,1.0
7540,Dormant,0,0.0,0.0,1.0
7541,Casual,1,13.95,13.95,1.0
7542,Casual,2,22.17,44.34,1.0
7543,Dormant,0,0.0,0.0,1.0
7544,Casual,1,28.52,28.52,3.2
7545,Growth,5,50.52,252.61,4.8
7546,Casual,0,0.0,0.0,1.0
7547,Power,7,107.01,749.05,3.1
7548,Power,25,103.15,2578.71,10.4
7549,Power,14,126.09,1765.22,2.8
7550,Dormant,0,0.0,0.0,2.7
7551,Casual,1,13.27,13.27,2.6
7552,Growth,0,0.0,0.0,1.0
7553,Growth,2,35.17,70.34,1.0
7554,Dormant,0,0.0,0.0,1.0
7555,Dormant,0,0.0,0.0,1.0
7556,Growth,0,0.0,0.0,1.2
7557,Growth,12,51.74,620.94,5.3
7558,Dormant,0,0.0,0.0,1.4
7559,Dormant,0,0.0,0.0,1.0
7560,Dormant,0,0.0,0.0,1.0
7561,Growth,4,59.39,237.57,4.0
7562,Growth,4,61.37,245.47,3.9
7563,Casual,0,0.0,0.0,2.3
7564,Growth,3,55.9,167.71,1.8
7565,Dormant,1,48.4,48.4,3.0
7566,Power,16,113.95,1823.18,3.4
7567,Casual,0,0.0,0.0,2.0
7568,Dormant,1,13.56,13.56,1.0
7569,Dormant,0,0.0,0.0,1.0
7570,Casual,1,59.77,59.77,2.2
7571,Dormant,0,0.0,0.0,1.0
7572,Power,10,56.65,566.53,2.9
7573,Growth,0,0.0,0.0,1.0
7574,Power,4,119.25,476.99,1.0
7575,Dormant,0,0.0,0.0,3.6
7576,Dormant,0,0.0,0.0,1.0
7577,Power,4,75.7,302.8,1.0
7578,Power,19,79.94,1518.94,4.9
7579,Casual,0,0.0,0.0,1.0
7580,Growth,10,56.59,565.86,4.9
7581,Dormant,0,0.0,0.0,1.0
7582,Growth,3,61.43,184.29,1.0
7583,Dormant,0,0.0,0.0,1.0
7584,Casual,1,30.94,30.94,1.0
7585,Casual,0,0.0,0.0,1.0
7586,Growth,2,37.05,74.1,1.7
7587,Dormant,0,0.0,0.0,1.0
7588,Casual,1,38.01,38.01,2.6
7589,Casual,0,0.0,0.0,1.0
7590,Casual,0,0.0,0.0,1.0
7591,Dormant,0,0.0,0.0,1.0
7592,Dormant,4,19.65,78.58,7.8
7593,Dormant,0,0.0,0.0,1.0
7594,Casual,0,0.0,0.0,1.0
7595,Dormant,1,16.1,16.1,1.0
7596,Growth,0,0.0,0.0,1.0
7597,Dormant,0,0.0,0.0,1.0
7598,Casual,0,0.0,0.0,2.6
7599,Casual,0,0.0,0.0,1.0
7600,Dormant,0,0.0,0.0,1.0
7601,Dormant,0,0.0,0.0,2.1
7602,Casual,1,44.42,44.42,1.0
7603,Casual,1,60.34,60.34,1.0
7604,Dormant,1,33.01,33.01,1.0
7605,Dormant,0,0.0,0.0,1.0
7606,Dormant,0,0.0,0.0,1.1
7607,Power,10,100.8,1008.04,2.7
7608,Growth,3,65.23,195.7,1.0
7609,Dormant,2,23.84,47.69,2.4
7610,Dormant,0,0.0,0.0,2.2
7611,Dormant,0,0.0,0.0,4.0
7612,Casual,1,9.17,9.17,1.9
7613,Casual,4,32.0,127.99,3.5
7614,Casual,2,33.16,66.33,1.0
7615,Dormant,1,17.64,17.64,2.5
7616,Growth,8,57.46,459.66,6.5
7617,Dormant,1,12.16,12.16,5.5
7618,Dormant,0,0.0,0.0,1.5
7619,Dormant,1,51.1,51.1,1.4
7620,Growth,1,94.71,94.71,1.4
7621,Dormant,0,0.0,0.0,1.0
7622,Power,28,106.55,2983.28,6.6
7623,Growth,0,0.0,0.0,1.0
7624,Casual,1,17.94,17.94,1.2
7625,Power,9,131.94,1187.45,3.0
7626,Dormant,0,0.0,0.0,1.0
7627,Dormant,0,0.0,0.0,1.0
7628,Power,15,93.54,1403.03,5.0
7629,Dormant,0,0.0,0.0,1.0
7630,Casual,1,19.98,19.98,1.0
7631,Dormant,1,3.55,3.55,2.5
7632,Dormant,0,0.0,0.0,1.0
7633,Casual,2,44.52,89.04,1.6
7634,Power,24,118.82,2851.65,5.9
7635,Power,15,84.22,1263.25,3.8
7636,Casual,1,52.8,52.8,1.0
7637,Dormant,0,0.0,0.0,1.0
7638,Casual,0,0.0,0.0,1.0
7639,Casual,1,68.9,68.9,3.6
7640,Power,30,124.49,3734.63,8.5
7641,Dormant,0,0.0,0.0,1.0
7642,Growth,2,45.17,90.35,1.0
7643,Dormant,0,0.0,0.0,1.0
7644,Dormant,0,0.0,0.0,1.0
7645,Growth,3,79.63,238.88,1.3
7646,Power,22,109.23,2402.97,4.7
7647,Casual,2,26.37,52.73,2.9
7648,Growth,11,55.0,605.04,8.3
7649,Dormant,0,0.0,0.0,1.0
7650,Dormant,0,0.0,0.0,1.9
7651,Growth,0,0.0,0.0,2.1
7652,Casual,0,0.0,0.0,3.2
7653,Power,14,125.29,1754.01,4.4
7654,Growth,0,0.0,0.0,1.1
7655,Dormant,0,0.0,0.0,1.0
7656,Dormant,2,8.81,17.62,1.3
7657,Dormant,0,0.0,0.0,1.3
7658,Growth,6,70.72,424.31,1.3
7659,Casual,0,0.0,0.0,1.1
7660,Casual,2,12.78,25.56,2.9
7661,Dormant,2,19.43,38.86,4.2
7662,Casual,0,0.0,0.0,1.0
7663,Dormant,0,0.0,0.0,2.0
7664,Growth,4,35.45,141.81,2.6
7665,Casual,1,24.65,24.65,1.0
7666,Dormant,0,0.0,0.0,1.5
7667,Casual,2,22.79,45.58,3.7
7668,Casual,2,10.35,20.7,1.0
7669,Casual,0,0.0,0.0,1.0
7670,Dormant,0,0.0,0.0,1.0
7671,Growth,11,59.99,659.93,8.3
7672,Dormant,0,0.0,0.0,1.3
7673,Casual,2,23.73,47.46,5.0
7674,Casual,2,52.34,104.67,1.3
7675,Casual,1,19.98,19.98,1.0
7676,Growth,0,0.0,0.0,1.0
7677,Dormant,0,0.0,0.0,1.0
7678,Dormant,0,0.0,0.0,1.0
7679,Dormant,0,0.0,0.0,1.0
7680,Dormant,0,0.0,0.0,1.0
7681,Casual,0,0.0,0.0,1.0
7682,Casual,0,0.0,0.0,1.0
7683,Dormant,0,0.0,0.0,1.0
7684,Power,11,109.43,1203.71,4.3
7685,Dormant,0,0.0,0.0,3.3
7686,Casual,1,15.67,15.67,1.6
7687,Casual,3,18.96,56.89,3.9
7688,Casual,0,0.0,0.0,1.0
7689,Casual,0,0.0,0.0,1.0
7690,Power,24,114.36,2744.66,5.5
7691,Casual,1,42.23,42.23,1.0
7692,Casual,2,41.63,83.27,3.5
7693,Growth,4,33.86,135.43,2.4
7694,Growth,0,0.0,0.0,1.0
7695,Casual,4,30.39,121.56,11.8
7696,Growth,0,0.0,0.0,1.0
7697,Dormant,0,0.0,0.0,1.0
7698,Power,4,146.94,587.78,1.3
7699,Casual,4,53.61,214.43,9.3
7700,Growth,5,66.82,334.08,6.3
7701,Casual,1,76.09,76.09,1.4
7702,Casual,0,0.0,0.0,1.0
7703,Casual,2,23.85,47.7,1.0
7704,Casual,2,38.2,76.4,2.2
7705,Casual,0,0.0,0.0,1.0
7706,Growth,5,49.65,248.26,4.5
7707,Casual,0,0.0,0.0,1.0
7708,Casual,0,0.0,0.0,1.0
7709,Casual,1,25.47,25.47,1.0
7710,Casual,3,46.51,139.52,1.4
7711,Dormant,0,0.0,0.0,1.0
7712,Casual,7,24.84,173.85,11.4
7713,Growth,7,74.15,519.06,2.6
7714,Growth,0,0.0,0.0,1.0
7715,Power,78,110.56,8623.72,23.0
7716,Casual,1,19.48,19.48,1.6
7717,Dormant,0,0.0,0.0,2.5
7718,Dormant,0,0.0,0.0,1.0
7719,Casual,1,19.06,19.06,1.0
7720,Growth,8,59.33,474.68,6.9
7721,Dormant,0,0.0,0.0,1.0
7722,Power,26,102.54,2666.13,8.8
7723,Casual,1,21.05,21.05,1.0
7724,Dormant,1,11.76,11.76,1.0
7725,Casual,1,47.91,47.91,1.0
7726,Power,7,98.21,687.47,2.5
7727,Growth,6,65.48,392.85,3.9
7728,Casual,1,19.26,19.26,1.0
7729,Growth,4,49.2,196.81,2.6
7730,Casual,0,0.0,0.0,1.0
7731,Casual,0,0.0,0.0,1.0
7732,Growth,13,54.62,710.08,10.0
7733,Growth,3,33.11,99.32,2.2
7734,Dormant,0,0.0,0.0,1.2
7735,Casual,0,0.0,0.0,1.0
7736,Dormant,0,0.0,0.0,1.0
7737,Casual,1,60.73,60.73,6.0
7738,Power,5,95.46,477.31,1.0
7739,Casual,0,0.0,0.0,1.9
7740,Casual,1,26.97,26.97,1.0
7741,Casual,1,13.51,13.51,1.1
7742,Dormant,0,0.0,0.0,1.0
7743,Dormant,1,2.59,2.59,1.5
7744,Dormant,0,0.0,0.0,1.5
7745,Casual,0,0.0,0.0,1.0
7746,Casual,0,0.0,0.0,3.9
7747,Casual,1,25.74,25.74,5.7
7748,Growth,2,34.34,68.69,3.3
7749,Dormant,0,0.0,0.0,1.0
7750,Dormant,1,25.62,25.62,4.4
7751,Growth,16,51.24,819.86,7.4
7752,Dormant,0,0.0,0.0,1.1
7753,Dormant,0,0.0,0.0,1.2
7754,Casual,0,0.0,0.0,1.0
7755,Dormant,0,0.0,0.0,1.1
7756,Growth,4,51.52,206.07,2.6
7757,Power,46,104.46,4805.3,9.6
7758,Growth,0,0.0,0.0,1.0
7759,Casual,1,25.43,25.43,3.6
7760,Growth,0,0.0,0.0,1.0
7761,Dormant,0,0.0,0.0,1.0
7762,Growth,1,40.5,40.5,1.0
7763,Growth,5,35.76,178.78,5.3
7764,Casual,1,63.29,63.29,1.0
7765,Power,27,111.97,3023.17,7.8
7766,Dormant,0,0.0,0.0,1.0
7767,Casual,0,0.0,0.0,1.0
7768,Dormant,0,0.0,0.0,1.0
7769,Dormant,0,0.0,0.0,1.0
7770,Power,2,50.2,100.4,2.7
7771,Power,2,60.76,121.51,1.0
7772,Power,2,102.77,205.54,1.0
7773,Dormant,1,15.15,15.15,1.2
7774,Dormant,0,0.0,0.0,1.0
7775,Casual,0,0.0,0.0,1.1
7776,Growth,4,37.35,149.39,3.4
7777,Dormant,0,0.0,0.0,1.0
7778,Growth,6,50.32,301.91,3.8
7779,Dormant,1,15.16,15.16,1.0
7780,Dormant,0,0.0,0.0,1.4
7781,Growth,1,169.36,169.36,1.0
7782,Casual,0,0.0,0.0,1.0
7783,Growth,2,117.19,234.37,2.1
7784,Casual,1,50.48,50.48,1.0
7785,Dormant,0,0.0,0.0,1.0
7786,Dormant,0,0.0,0.0,1.0
7787,Dormant,0,0.0,0.0,1.0
7788,Casual,1,17.19,17.19,2.6
7789,Growth,3,39.1,117.3,3.0
7790,Dormant,0,0.0,0.0,1.0
7791,Casual,1,56.7,56.7,2.8
7792,Growth,4,33.93,135.72,5.3
7793,Casual,0,0.0,0.0,1.0
7794,Casual,0,0.0,0.0,2.9
7795,Dormant,0,0.0,0.0,1.6
7796,Growth,4,44.78,179.1,3.8
7797,Dormant,0,0.0,0.0,1.0
7798,Casual,1,58.06,58.06,1.1
7799,Growth,6,50.65,303.89,3.5
7800,Growth,2,73.89,147.78,2.3
7801,Dormant,0,0.0,0.0,1.0
7802,Growth,15,54.18,812.7,10.2
7803,Casual,1,20.83,20.83,3.3
7804,Growth,12,40.36,484.38,5.6
7805,Dormant,0,0.0,0.0,1.0
7806,Dormant,0,0.0,0.0,1.0
7807,Growth,2,36.71,73.42,1.0
7808,Dormant,0,0.0,0.0,1.0
7809,Power,11,103.68,1140.49,3.1
7810,Growth,2,110.22,220.45,3.2
7811,Casual,1,29.17,29.17,1.0
7812,Dormant,0,0.0,0.0,1.1
7813,Growth,3,79.94,239.81,2.5
7814,Casual,1,29.39,29.39,1.5
7815,Growth,4,45.46,181.84,1.8
7816,Casual,0,0.0,0.0,1.0
7817,Casual,1,40.74,40.74,1.8
7818,Dormant,1,17.56,17.56,1.9
7819,Casual,0,0.0,0.0,1.1
7820,Casual,3,33.54,100.62,4.4
7821,Casual,1,9.53,9.53,1.0
7822,Growth,9,39.71,357.36,5.7
7823,Growth,3,42.35,127.05,2.7
7824,Dormant,0,0.0,0.0,1.5
7825,Growth,7,70.56,493.9,8.4
7826,Dormant,0,0.0,0.0,1.4
7827,Growth,1,68.54,68.54,3.9
7828,Dormant,2,18.72,37.45,3.6
7829,Growth,0,0.0,0.0,1.2
7830,Dormant,0,0.0,0.0,1.0
7831,Dormant,0,0.0,0.0,1.4
7832,Power,14,105.36,1475.04,5.0
7833,Dormant,1,17.41,17.41,1.9
7834,Casual,1,13.69,13.69,1.0
7835,Growth,3,36.38,109.14,1.0
7836,Growth,7,46.2,323.42,4.6
7837,Dormant,0,0.0,0.0,1.1
7838,Dormant,2,21.46,42.92,4.8
7839,Growth,4,77.37,309.47,2.4
7840,Dormant,0,0.0,0.0,1.0
7841,Growth,5,69.7,348.51,3.3
7842,Power,27,140.43,3791.67,8.6
7843,Casual,2,55.57,111.14,3.8
7844,Power,3,67.99,203.97,1.0
7845,Growth,4,56.67,226.68,1.0
7846,Casual,1,15.49,15.49,2.5
7847,Growth,7,61.08,427.57,8.1
7848,Growth,13,61.53,799.94,7.7
7849,Dormant,0,0.0,0.0,2.2
7850,Casual,1,15.66,15.66,2.0
7851,Dormant,0,0.0,0.0,1.0
7852,Casual,1,34.65,34.65,1.0
7853,Casual,1,49.7,49.7,1.8
7854,Growth,6,52.52,315.13,2.1
7855,Dormant,0,0.0,0.0,1.0
7856,Growth,5,57.63,288.16,5.4
7857,Growth,4,56.07,224.27,1.5
7858,Dormant,1,6.95,6.95,1.2
7859,Dormant,0,0.0,0.0,1.2
7860,Casual,0,0.0,0.0,1.0
7861,Power,1,139.58,139.58,1.0
7862,Growth,2,47.4,94.8,1.8
7863,Casual,1,82.6,82.6,2.6
7864,Dormant,0,0.0,0.0,4.5
7865,Casual,1,17.34,17.34,4.1
7866,Power,1,397.37,397.37,1.0
7867,Growth,2,57.14,114.29,1.1
7868,Casual,0,0.0,0.0,2.0
7869,Dormant,0,0.0,0.0,1.8
7870,Power,8,120.35,962.83,2.3
7871,Power,13,119.05,1547.62,3.4
7872,Growth,9,48.0,432.04,6.0
7873,Power,10,82.48,824.78,2.5
7874,Casual,3,16.71,50.13,2.0
7875,Growth,14,53.13,743.77,8.9
7876,Casual,0,0.0,0.0,1.0
7877,Dormant,0,0.0,0.0,1.0
7878,Dormant,0,0.0,0.0,1.0
7879,Dormant,0,0.0,0.0,1.0
7880,Growth,0,0.0,0.0,1.0
7881,Power,2,85.76,171.52,1.0
7882,Growth,2,30.89,61.79,1.1
7883,Dormant,0,0.0,0.0,1.0
7884,Power,3,58.84,176.51,1.7
7885,Growth,2,77.08,154.17,1.0
7886,Growth,3,48.25,144.75,2.3
7887,Growth,2,127.18,254.37,1.8
7888,Dormant,0,0.0,0.0,1.0
7889,Casual,0,0.0,0.0,1.0
7890,Casual,0,0.0,0.0,1.0
7891,Dormant,1,8.57,8.57,1.0
7892,Power,37,100.08,3703.05,10.9
7893,Growth,0,0.0,0.0,1.5
7894,Casual,0,0.0,0.0,1.0
7895,Casual,0,0.0,0.0,1.0
7896,Casual,1,43.85,43.85,1.0
7897,Power,3,110.3,330.89,1.0
7898,Dormant,0,0.0,0.0,1.0
7899,Growth,3,33.27,99.8,1.1
7900,Growth,2,32.3,64.6,1.0
7901,Casual,1,30.14,30.14,1.2
7902,Dormant,0,0.0,0.0,1.0
7903,Casual,0,0.0,0.0,1.0
7904,Dormant,0,0.0,0.0,1.9
7905,Growth,2,68.21,136.42,1.0
7906,Casual,1,108.89,108.89,1.0
7907,Dormant,1,48.41,48.41,1.0
7908,Casual,0,0.0,0.0,1.0
7909,Casual,0,0.0,0.0,1.0
7910,Dormant,1,8.33,8.33,1.0
7911,Growth,3,50.39,151.17,1.6
7912,Casual,1,28.85,28.85,1.0
7913,Dormant,0,0.0,0.0,1.6
7914,Dormant,0,0.0,0.0,2.3
7915,Dormant,0,0.0,0.0,3.9
7916,Dormant,0,0.0,0.0,1.0
7917,Power,1,80.59,80.59,1.1
7918,Dormant,0,0.0,0.0,4.5
7919,Casual,0,0.0,0.0,1.0
7920,Casual,2,19.83,39.66,3.2
7921,Casual,1,30.19,30.19,1.4
7922,Dormant,0,0.0,0.0,1.0
7923,Casual,1,19.35,19.35,1.2
7924,Dormant,0,0.0,0.0,1.0
7925,Growth,4,40.98,163.94,2.3
7926,Growth,2,37.22,74.44,4.3
7927,Casual,2,21.56,43.12,4.2
7928,Power,4,117.23,468.93,1.9
7929,Dormant,0,0.0,0.0,1.0
7930,Growth,16,46.95,751.28,10.0
7931,Casual,1,23.72,23.72,1.4
7932,Power,43,107.28,4613.04,14.5
7933,Growth,3,30.1,90.31,2.2
7934,Casual,0,0.0,0.0,1.6
7935,Growth,11,49.83,548.1,7.0
7936,Growth,4,92.74,370.95,2.5
7937,Growth,6,62.17,373.0,3.5
7938,Growth,15,41.21,618.14,11.0
7939,Casual,2,62.96,125.92,2.6
7940,Growth,13,54.9,713.76,4.7
7941,Casual,0,0.0,0.0,1.0
7942,Dormant,2,25.25,50.5,5.7
7943,Casual,3,24.77,74.3,3.2
7944,Casual,0,0.0,0.0,1.0
7945,Growth,1,38.7,38.7,1.0
7946,Dormant,0,0.0,0.0,12.0
7947,Casual,0,0.0,0.0,3.6
7948,Growth,0,0.0,0.0,1.0
7949,Dormant,0,0.0,0.0,1.0
7950,Casual,0,0.0,0.0,1.2
7951,Casual,8,37.1,296.84,5.7
7952,Dormant,0,0.0,0.0,1.0
7953,Power,17,88.53,1505.03,6.2
7954,Dormant,1,3.9,3.9,1.0
7955,Casual,1,16.34,16.34,2.9
7956,Growth,1,82.0,82.0,1.0
7957,Growth,8,62.0,495.97,4.5
7958,Power,25,107.1,2677.43,6.9
7959,Dormant,0,0.0,0.0,3.8
7960,Growth,1,211.37,211.37,3.4
7961,Growth,6,112.16,672.97,2.7
7962,Dormant,1,12.03,12.03,2.5
7963,Dormant,0,0.0,0.0,3.3
7964,Growth,3,100.88,302.63,1.0
7965,Dormant,0,0.0,0.0,1.8
7966,Casual,0,0.0,0.0,1.0
7967,Dormant,0,0.0,0.0,1.0
7968,Power,22,142.99,3145.69,7.9
7969,Power,15,111.39,1670.8,4.0
7970,Casual,0,0.0,0.0,1.0
7971,Growth,2,61.45,122.89,1.8
7972,Casual,0,0.0,0.0,1.0
7973,Power,49,128.75,6308.84,13.8
7974,Dormant,0,0.0,0.0,1.0
7975,Dormant,0,0.0,0.0,1.0
7976,Dormant,0,0.0,0.0,1.0
7977,Dormant,0,0.0,0.0,1.0
7978,Dormant,0,0.0,0.0,1.2
7979,Casual,0,0.0,0.0,1.0
7980,Casual,6,41.36,248.18,3.5
7981,Dormant,0,0.0,0.0,1.2
7982,Dormant,0,0.0,0.0,2.6
7983,Dormant,0,0.0,0.0,2.8
7984,Dormant,0,0.0,0.0,1.1
7985,Growth,6,84.06,504.38,5.0
7986,Dormant,0,0.0,0.0,2.4
7987,Dormant,1,31.88,31.88,1.0
7988,Casual,1,81.39,81.39,1.0
7989,Dormant,2,19.45,38.91,1.8
7990,Casual,7,40.11,280.79,8.2
7991,Dormant,0,0.0,0.0,1.0
7992,Power,0,0.0,0.0,1.0
7993,Dormant,0,0.0,0.0,1.0
7994,Power,28,101.62,2845.44,7.7
7995,Growth,9,59.82,538.36,7.1
7996,Growth,6,84.2,505.19,2.6
7997,Casual,0,0.0,0.0,3.1
7998,Growth,8,67.54,540.31,5.0
7999,Dormant,0,0.0,0.0,1.0
8000,Casual,4,59.28,237.11,1.4
8001,Dormant,0,0.0,0.0,1.4
8002,Growth,2,68.2,136.4,1.5
8003,Power,7,132.89,930.21,2.2
8004,Dormant,0,0.0,0.0,2.2
8005,Dormant,0,0.0,0.0,1.2
8006,Casual,1,26.31,26.31,1.0
8007,Dormant,0,0.0,0.0,1.0
8008,Dormant,0,0.0,0.0,2.1
8009,Casual,0,0.0,0.0,1.0
8010,Dormant,0,0.0,0.0,2.7
8011,Dormant,0,0.0,0.0,1.0
8012,Casual,0,0.0,0.0,1.0
8013,Casual,2,33.79,67.58,3.1
8014,Power,6,110.74,664.45,2.2
8015,Growth,3,69.99,209.96,1.0
8016,Dormant,0,0.0,0.0,1.4
8017,Dormant,0,0.0,0.0,1.0
8018,Growth,10,50.94,509.45,6.5
8019,Casual,5,17.18,85.92,2.8
8020,Growth,3,40.08,120.23,2.0
8021,Growth,2,43.26,86.52,1.5
8022,Dormant,0,0.0,0.0,1.0
8023,Casual,0,0.0,0.0,1.0
8024,Growth,3,46.33,139.0,1.0
8025,Casual,1,31.36,31.36,1.0
8026,Casual,0,0.0,0.0,1.9
8027,Dormant,2,5.33,10.66,2.2
8028,Dormant,0,0.0,0.0,1.0
8029,Casual,0,0.0,0.0,1.7
8030,Casual,0,0.0,0.0,1.0
8031,Casual,0,0.0,0.0,1.0
8032,Casual,0,0.0,0.0,1.0
8033,Growth,4,58.76,235.03,5.1
8034,Power,62,111.98,6942.55,18.9
8035,Dormant,0,0.0,0.0,1.0
8036,Casual,1,41.64,41.64,1.0
8037,Casual,0,0.0,0.0,1.0
8038,Power,7,125.6,879.18,2.8
8039,Dormant,0,0.0,0.0,1.0
8040,Growth,0,0.0,0.0,1.0
8041,Casual,1,23.9,23.9,1.0
8042,Dormant,0,0.0,0.0,1.0
8043,Casual,1,26.74,26.74,1.0
8044,Dormant,1,9.27,9.27,7.1
8045,Growth,6,80.32,481.92,2.6
8046,Dormant,0,0.0,0.0,5.0
8047,Dormant,0,0.0,0.0,1.0
8048,Casual,6,33.61,201.67,5.5
8049,Dormant,0,0.0,0.0,1.0
8050,Casual,2,50.9,101.8,1.4
8051,Dormant,0,0.0,0.0,1.0
8052,Dormant,0,0.0,0.0,1.0
8053,Dormant,0,0.0,0.0,1.1
8054,Dormant,1,22.92,22.92,3.3
8055,Casual,2,16.15,32.29,3.7
8056,Casual,6,29.47,176.81,4.1
8057,Growth,12,46.61,559.34,5.5
8058,Dormant,0,0.0,0.0,2.4
8059,Dormant,0,0.0,0.0,1.4
8060,Casual,1,54.53,54.53,1.0
8061,Growth,2,42.27,84.54,2.1
8062,Casual,0,0.0,0.0,3.1
8063,Dormant,0,0.0,0.0,1.2
8064,Dormant,1,15.18,15.18,2.2
8065,Growth,11,49.39,543.26,8.9
8066,Growth,4,40.34,161.37,3.9
8067,Casual,7,27.58,193.07,6.9
8068,Growth,5,51.69,258.47,3.5
8069,Dormant,1,12.47,12.47,1.0
8070,Casual,2,26.25,52.51,3.3
8071,Casual,2,37.58,75.16,1.4
8072,Growth,2,44.31,88.62,1.0
8073,Casual,1,44.66,44.66,4.3
8074,Dormant,0,0.0,0.0,4.0
8075,Casual,0,0.0,0.0,1.1
8076,Power,23,146.61,3372.14,7.6
8077,Growth,3,67.3,201.91,3.0
8078,Dormant,0,0.0,0.0,1.7
8079,Dormant,0,0.0,0.0,2.5
8080,Growth,12,67.19,806.27,11.0
8081,Casual,3,46.6,139.79,1.3
8082,Power,8,74.58,596.63,1.8
8083,Casual,0,0.0,0.0,1.2
8084,Growth,12,68.21,818.58,8.6
8085,Dormant,0,0.0,0.0,1.0
8086,Dormant,0,0.0,0.0,2.2
8087,Growth,4,62.27,249.07,3.5
8088,Casual,0,0.0,0.0,1.0
8089,Power,8,77.41,619.31,3.0
8090,Growth,3,33.34,100.02,3.3
8091,Power,4,121.56,486.25,2.3
8092,Growth,1,38.9,38.9,1.0
8093,Dormant,0,0.0,0.0,1.0
8094,Power,7,197.6,1383.19,2.0
8095,Dormant,0,0.0,0.0,1.0
8096,Power,2,69.63,139.25,1.0
8097,Casual,1,32.85,32.85,1.0
8098,Casual,4,31.83,127.32,5.4
8099,Dormant,0,0.0,0.0,1.1
8100,Growth,3,46.09,138.26,1.6
8101,Growth,9,52.54,472.87,4.8
8102,Dormant,0,0.0,0.0,1.0
8103,Dormant,0,0.0,0.0,1.4
8104,Dormant,0,0.0,0.0,1.4
8105,Power,14,77.15,1080.13,2.5
8106,Growth,2,44.5,89.0,1.4
8107,Dormant,3,17.57,52.71,4.7
8108,Casual,0,0.0,0.0,2.1
8109,Casual,1,19.61,19.61,2.7
8110,Growth,1,62.38,62.38,1.2
8111,Growth,4,46.83,187.34,2.3
8112,Dormant,0,0.0,0.0,2.4
8113,Dormant,0,0.0,0.0,1.0
8114,Growth,11,69.37,763.07,8.3
8115,Dormant,0,0.0,0.0,1.0
8116,Casual,1,26.62,26.62,3.0
8117,Growth,1,26.49,26.49,1.0
8118,Casual,0,0.0,0.0,1.0
8119,Dormant,0,0.0,0.0,1.9
8120,Casual,3,34.15,102.45,4.6
8121,Casual,0,0.0,0.0,1.4
8122,Dormant,1,12.91,12.91,3.5
8123,Growth,6,38.33,230.0,2.9
8124,Dormant,1,20.36,20.36,1.3
8125,Growth,1,181.8,181.8,1.0
8126,Casual,1,17.54,17.54,1.0
8127,Dormant,0,0.0,0.0,1.3
8128,Casual,0,0.0,0.0,3.5
8129,Casual,0,0.0,0.0,1.0
8130,Casual,0,0.0,0.0,1.2
8131,Dormant,1,20.54,20.54,1.0
8132,Dormant,0,0.0,0.0,1.0
8133,Dormant,0,0.0,0.0,1.0
8134,Growth,1,44.53,44.53,1.0
8135,Casual,0,0.0,0.0,1.0
8136,Casual,0,0.0,0.0,1.4
8137,Power,24,123.92,2974.0,7.4
8138,Dormant,0,0.0,0.0,1.0
8139,Growth,2,54.39,108.77,1.0
8140,Growth,2,76.64,153.28,1.0
8141,Growth,0,0.0,0.0,1.0
8142,Growth,10,39.91,399.07,4.5
8143,Growth,0,0.0,0.0,1.0
8144,Casual,6,26.42,158.54,17.2
8145,Casual,3,67.92,203.76,3.8
8146,Growth,3,117.53,352.58,1.5
8147,Growth,4,53.73,214.91,3.1
8148,Dormant,0,0.0,0.0,1.0
8149,Power,4,66.31,265.26,1.0
8150,Casual,0,0.0,0.0,1.0
8151,Casual,0,0.0,0.0,1.0
8152,Casual,0,0.0,0.0,1.1
8153,Dormant,0,0.0,0.0,1.0
8154,Casual,2,32.26,64.51,1.4
8155,Dormant,0,0.0,0.0,1.0
8156,Dormant,0,0.0,0.0,1.0
8157,Growth,1,59.88,59.88,2.2
8158,Growth,3,64.63,193.88,2.5
8159,Growth,3,32.32,96.97,1.0
8160,Casual,6,35.56,213.35,5.7
8161,Casual,0,0.0,0.0,1.4
8162,Growth,0,0.0,0.0,1.0
8163,Growth,0,0.0,0.0,1.0
8164,Casual,1,34.19,34.19,1.0
8165,Casual,0,0.0,0.0,1.5
8166,Dormant,0,0.0,0.0,1.0
8167,Dormant,1,16.14,16.14,1.0
8168,Growth,0,0.0,0.0,1.4
8169,Casual,1,20.11,20.11,1.1
8170,Dormant,0,0.0,0.0,1.0
8171,Dormant,0,0.0,0.0,1.0
8172,Casual,1,25.07,25.07,1.0
8173,Casual,1,66.13,66.13,1.2
8174,Power,27,103.78,2802.02,9.3
8175,Dormant,0,0.0,0.0,2.5
8176,Casual,2,21.94,43.88,3.3
8177,Casual,1,49.44,49.44,1.0
8178,Casual,2,19.99,39.99,4.0
8179,Casual,1,152.6,152.6,1.0
8180,Growth,0,0.0,0.0,1.0
8181,Dormant,0,0.0,0.0,2.4
8182,Casual,0,0.0,0.0,1.7
8183,Power,19,102.73,1951.86,6.7
8184,Casual,0,0.0,0.0,1.0
8185,Dormant,0,0.0,0.0,2.0
8186,Casual,2,21.2,42.4,2.8
8187,Casual,1,7.19,7.19,1.0
8188,Casual,4,31.24,124.95,4.4
8189,Dormant,1,36.76,36.76,1.9
8190,Casual,2,17.1,34.19,4.6
8191,Dormant,0,0.0,0.0,1.0
8192,Power,38,106.26,4037.82,10.5
8193,Dormant,1,24.69,24.69,1.0
8194,Dormant,1,15.41,15.41,1.2
8195,Casual,4,34.14,136.56,6.8
8196,Casual,0,0.0,0.0,1.0
8197,Growth,4,28.6,114.41,1.7
8198,Casual,2,16.99,33.98,2.8
8199,Growth,0,0.0,0.0,1.0
8200,Power,2,46.56,93.12,1.0
8201,Dormant,0,0.0,0.0,1.0
8202,Growth,2,99.86,199.71,1.0
8203,Casual,0,0.0,0.0,1.0
8204,Growth,4,64.12,256.46,2.1
8205,Casual,0,0.0,0.0,1.0
8206,Casual,0,0.0,0.0,1.0
8207,Growth,14,76.64,1073.02,8.3
8208,Casual,0,0.0,0.0,1.2
8209,Dormant,0,0.0,0.0,2.2
8210,Casual,0,0.0,0.0,3.3
8211,Dormant,0,0.0,0.0,1.9
8212,Casual,0,0.0,0.0,1.0
8213,Casual,5,24.47,122.36,6.4
8214,Growth,1,57.01,57.01,1.8
8215,Power,78,101.01,7878.63,21.9
8216,Dormant,0,0.0,0.0,1.0
8217,Casual,1,19.64,19.64,1.4
8218,Casual,2,41.57,83.14,2.5
8219,Dormant,1,6.05,6.05,1.9
8220,Growth,2,59.17,118.33,1.0
8221,Dormant,0,0.0,0.0,1.0
8222,Growth,0,0.0,0.0,1.5
8223,Dormant,0,0.0,0.0,1.6
8224,Growth,5,41.13,205.63,1.8
8225,Growth,4,63.63,254.51,1.0
8226,Dormant,0,0.0,0.0,2.4
8227,Growth,3,31.96,95.88,3.0
8228,Dormant,0,0.0,0.0,1.0
8229,Casual,3,51.76,155.29,5.9
8230,Growth,5,41.71,208.57,2.6
8231,Growth,3,53.16,159.47,1.4
8232,Dormant,0,0.0,0.0,1.6
8233,Casual,2,29.06,58.11,2.3
8234,Dormant,0,0.0,0.0,1.0
8235,Power,39,105.65,4120.24,11.0
8236,Dormant,0,0.0,0.0,1.0
8237,Casual,1,16.83,16.83,1.0
8238,Casual,1,67.83,67.83,1.0
8239,Casual,1,21.22,21.22,3.4
8240,Power,8,76.8,614.39,2.4
8241,Dormant,0,0.0,0.0,1.0
8242,Dormant,1,24.04,24.04,1.0
8243,Casual,3,45.12,135.36,4.6
8244,Dormant,1,28.81,28.81,1.0
8245,Growth,4,37.71,150.84,1.0
8246,Growth,22,41.31,908.85,13.8
8247,Power,12,112.67,1352.05,4.7
8248,Casual,0,0.0,0.0,1.0
8249,Power,21,126.18,2649.68,5.8
8250,Casual,1,11.54,11.54,1.0
8251,Growth,8,48.25,385.98,4.0
8252,Dormant,0,0.0,0.0,1.0
8253,Dormant,0,0.0,0.0,2.2
8254,Dormant,0,0.0,0.0,1.0
8255,Growth,10,53.46,534.59,3.8
8256,Dormant,1,14.98,14.98,3.6
8257,Growth,2,55.09,110.19,3.0
8258,Dormant,0,0.0,0.0,2.0
8259,Casual,1,35.08,35.08,2.1
8260,Casual,2,24.17,48.35,1.0
8261,Power,18,125.98,2267.67,6.1
8262,Dormant,0,0.0,0.0,1.0
8263,Dormant,0,0.0,0.0,1.1
8264,Casual,2,29.06,58.11,3.6
8265,Dormant,1,68.48,68.48,4.3
8266,Dormant,0,0.0,0.0,4.1
8267,Growth,6,44.66,267.93,1.7
8268,Dormant,1,17.85,17.85,1.0
8269,Growth,1,70.87,70.87,1.0
8270,Casual,0,0.0,0.0,1.0
8271,Growth,1,37.38,37.38,1.1
8272,Dormant,1,37.41,37.41,1.0
8273,Dormant,0,0.0,0.0,1.0
8274,Growth,6,20.4,122.42,3.3
8275,Casual,0,0.0,0.0,1.7
8276,Casual,2,44.96,89.92,3.5
8277,Dormant,0,0.0,0.0,2.1
8278,Dormant,0,0.0,0.0,2.6
8279,Growth,4,54.06,216.23,1.7
8280,Casual,0,0.0,0.0,1.0
8281,Casual,4,31.01,124.04,5.9
8282,Casual,1,19.58,19.58,2.0
8283,Casual,2,52.83,105.66,14.0
8284,Power,2,84.06,168.11,1.0
8285,Growth,6,42.05,252.29,1.0
8286,Casual,0,0.0,0.0,1.0
8287,Dormant,0,0.0,0.0,1.3
8288,Growth,3,36.38,109.13,1.8
8289,Growth,2,121.24,242.47,3.6
8290,Dormant,0,0.0,0.0,1.0
8291,Dormant,1,13.43,13.43,1.2
8292,Casual,1,22.4,22.4,1.4
8293,Power,6,102.51,615.08,2.8
8294,Dormant,0,0.0,0.0,1.0
8295,Casual,1,43.21,43.21,3.1
8296,Casual,0,0.0,0.0,1.0
8297,Growth,2,102.83,205.65,2.9
8298,Power,10,88.88,888.82,2.8
8299,Growth,3,46.05,138.16,1.8
8300,Dormant,0,0.0,0.0,1.0
8301,Casual,2,59.41,118.82,1.0
8302,Growth,13,57.8,751.46,5.8
8303,Casual,2,49.04,98.08,1.0
8304,Dormant,0,0.0,0.0,1.0
8305,Power,7,103.87,727.11,1.3
8306,Dormant,0,0.0,0.0,1.0
8307,Casual,0,0.0,0.0,1.0
8308,Casual,0,0.0,0.0,1.3
8309,Dormant,0,0.0,0.0,1.0
8310,Dormant,1,11.11,11.11,1.0
8311,Growth,4,76.26,305.03,3.2
8312,Power,3,140.01,420.04,2.2
8313,Growth,1,65.93,65.93,1.0
8314,Growth,3,31.77,95.32,1.9
8315,Casual,1,93.68,93.68,2.4
8316,Dormant,0,0.0,0.0,1.0
8317,Dormant,1,8.57,8.57,1.0
8318,Growth,1,82.41,82.41,1.0
8319,Casual,2,51.59,103.18,1.0
8320,Power,8,138.58,1108.62,2.6
8321,Casual,0,0.0,0.0,1.0
8322,Power,2,92.72,185.45,2.0
8323,Dormant,0,0.0,0.0,1.0
8324,Dormant,0,0.0,0.0,1.0
8325,Growth,5,69.7,348.5,1.8
8326,Dormant,0,0.0,0.0,1.0
8327,Casual,2,19.03,38.06,4.9
8328,Dormant,0,0.0,0.0,3.8
8329,Casual,1,19.14,19.14,3.3
8330,Growth,1,168.29,168.29,1.0
8331,Casual,1,8.47,8.47,1.2
8332,Power,6,115.56,693.34,1.3
8333,Casual,4,33.53,134.13,5.3
8334,Growth,1,256.32,256.32,1.1
8335,Dormant,0,0.0,0.0,8.0
8336,Dormant,0,0.0,0.0,1.4
8337,Power,21,92.52,1942.87,5.3
8338,Casual,1,19.05,19.05,3.3
8339,Dormant,0,0.0,0.0,1.0
8340,Growth,2,47.96,95.92,1.6
8341,Casual,1,58.58,58.58,1.0
8342,Casual,2,45.67,91.34,1.0
8343,Growth,8,60.74,485.94,4.8
8344,Dormant,1,6.11,6.11,5.4
8345,Casual,0,0.0,0.0,1.2
8346,Casual,0,0.0,0.0,2.0
8347,Growth,0,0.0,0.0,1.0
8348,Power,2,154.69,309.39,1.0
8349,Power,3,49.09,147.26,1.0
8350,Dormant,0,0.0,0.0,1.0
8351,Dormant,2,11.92,23.83,1.4
8352,Dormant,0,0.0,0.0,1.0
8353,Growth,0,0.0,0.0,1.0
8354,Casual,6,29.78,178.68,7.5
8355,Dormant,0,0.0,0.0,1.0
8356,Casual,1,23.37,23.37,2.0
8357,Power,4,123.23,492.94,1.0
8358,Dormant,0,0.0,0.0,1.0
8359,Growth,0,0.0,0.0,1.0
8360,Growth,9,46.58,419.25,4.9
8361,Dormant,1,31.73,31.73,1.0
8362,Casual,3,34.61,103.82,3.8
8363,Casual,0,0.0,0.0,1.0
8364,Casual,2,33.67,67.34,2.7
8365,Dormant,1,28.06,28.06,1.0
8366,Power,50,109.89,5494.55,14.6
8367,Dormant,0,0.0,0.0,2.1
8368,Growth,0,0.0,0.0,1.6
8369,Power,12,99.51,1194.13,3.5
8370,Casual,0,0.0,0.0,1.0
8371,Casual,0,0.0,0.0,1.0
8372,Growth,3,50.98,152.95,1.6
8373,Casual,0,0.0,0.0,1.0
8374,Casual,1,48.63,48.63,2.9
8375,Casual,1,11.19,11.19,1.3
8376,Dormant,0,0.0,0.0,1.0
8377,Dormant,0,0.0,0.0,1.0
8378,Casual,0,0.0,0.0,1.7
8379,Casual,0,0.0,0.0,1.0
8380,Casual,1,23.79,23.79,1.0
8381,Casual,0,0.0,0.0,1.0
8382,Power,15,94.69,1420.35,4.3
8383,Growth,1,55.86,55.86,1.0
8384,Growth,0,0.0,0.0,1.0
8385,Casual,0,0.0,0.0,1.0
8386,Dormant,0,0.0,0.0,1.2
8387,Casual,1,40.46,40.46,1.0
8388,Casual,0,0.0,0.0,1.0
8389,Casual,0,0.0,0.0,1.0
8390,Casual,0,0.0,0.0,1.0
8391,Casual,0,0.0,0.0,1.5
8392,Casual,1,10.69,10.69,1.0
8393,Dormant,0,0.0,0.0,1.0
8394,Power,12,89.82,1077.83,4.6
8395,Casual,1,49.49,49.49,1.9
8396,Casual,0,0.0,0.0,1.0
8397,Dormant,0,0.0,0.0,1.2
8398,Dormant,0,0.0,0.0,1.0
8399,Dormant,1,6.19,6.19,1.0
8400,Casual,0,0.0,0.0,1.0
8401,Growth,9,54.42,489.79,3.4
8402,Casual,4,24.23,96.92,8.0
8403,Dormant,2,22.61,45.21,1.2
8404,Dormant,0,0.0,0.0,1.0
8405,Dormant,0,0.0,0.0,1.0
8406,Growth,1,46.67,46.67,1.0
8407,Dormant,1,28.67,28.67,2.5
8408,Dormant,0,0.0,0.0,1.0
8409,Dormant,0,0.0,0.0,1.3
8410,Dormant,0,0.0,0.0,2.6
8411,Casual,1,25.16,25.16,1.0
8412,Casual,3,33.21,99.64,2.4
8413,Growth,4,70.37,281.5,1.8
8414,Power,15,120.73,1810.98,4.7
8415,Dormant,0,0.0,0.0,1.0
8416,Dormant,0,0.0,0.0,1.0
8417,Dormant,0,0.0,0.0,1.0
8418,Growth,2,38.0,75.99,1.0
8419,Power,4,117.14,468.55,1.3
8420,Growth,2,64.75,129.51,1.1
8421,Dormant,0,0.0,0.0,1.0
8422,Casual,4,25.99,103.98,2.7
8423,Dormant,0,0.0,0.0,1.0
8424,Growth,7,57.46,402.22,4.5
8425,Casual,0,0.0,0.0,1.0
8426,Dormant,0,0.0,0.0,2.4
8427,Growth,3,35.28,105.85,1.9
8428,Dormant,0,0.0,0.0,1.0
8429,Casual,1,21.54,21.54,1.0
8430,Power,14,78.57,1099.92,2.8
8431,Power,5,46.55,232.73,3.6
8432,Dormant,0,0.0,0.0,1.0
8433,Casual,2,33.78,67.56,1.2
8434,Dormant,0,0.0,0.0,1.0
8435,Dormant,0,0.0,0.0,1.0
8436,Casual,0,0.0,0.0,2.8
8437,Dormant,0,0.0,0.0,1.1
8438,Dormant,0,0.0,0.0,1.0
8439,Growth,14,44.49,622.9,11.1
8440,Dormant,0,0.0,0.0,1.6
8441,Growth,1,38.57,38.57,3.5
8442,Growth,3,35.69,107.06,2.3
8443,Casual,0,0.0,0.0,1.6
8444,Dormant,1,18.2,18.2,1.0
8445,Power,3,97.66,292.98,1.3
8446,Casual,1,12.43,12.43,3.9
8447,Dormant,0,0.0,0.0,1.0
8448,Power,2,84.85,169.69,1.0
8449,Dormant,0,0.0,0.0,1.0
8450,Dormant,0,0.0,0.0,1.9
8451,Power,48,102.94,4941.35,12.6
8452,Growth,7,39.2,274.39,6.0
8453,Dormant,0,0.0,0.0,3.5
8454,Growth,5,91.2,456.02,4.5
8455,Power,105,95.49,10026.26,31.0
8456,Dormant,0,0.0,0.0,1.0
8457,Dormant,0,0.0,0.0,1.9
8458,Casual,0,0.0,0.0,1.6
8459,Casual,2,58.45,116.9,4.7
8460,Dormant,0,0.0,0.0,2.5
8461,Casual,0,0.0,0.0,3.9
8462,Casual,2,30.21,60.42,1.0
8463,Dormant,0,0.0,0.0,1.0
8464,Casual,0,0.0,0.0,1.8
8465,Casual,1,39.68,39.68,2.3
8466,Casual,0,0.0,0.0,2.3
8467,Casual,1,16.56,16.56,1.8
8468,Casual,0,0.0,0.0,1.0
8469,Casual,1,43.17,43.17,1.7
8470,Casual,7,31.2,218.41,5.4
8471,Dormant,0,0.0,0.0,2.3
8472,Casual,1,12.38,12.38,1.6
8473,Power,5,107.29,536.46,2.1
8474,Growth,1,48.66,48.66,1.0
8475,Growth,20,52.48,1049.52,13.6
8476,Dormant,0,0.0,0.0,1.0
8477,Casual,0,0.0,0.0,1.0
8478,Growth,4,42.34,169.36,1.7
8479,Dormant,1,44.0,44.0,2.9
8480,Power,0,0.0,0.0,1.0
8481,Growth,0,0.0,0.0,1.0
8482,Dormant,0,0.0,0.0,1.0
8483,Casual,0,0.0,0.0,1.5
8484,Dormant,0,0.0,0.0,1.0
8485,Dormant,0,0.0,0.0,1.0
8486,Dormant,0,0.0,0.0,1.0
8487,Power,13,142.14,1847.83,5.2
8488,Dormant,0,0.0,0.0,1.2
8489,Dormant,0,0.0,0.0,1.0
8490,Growth,1,49.35,49.35,1.0
8491,Dormant,0,0.0,0.0,1.3
8492,Casual,1,135.69,135.69,1.0
8493,Dormant,0,0.0,0.0,1.3
8494,Casual,1,18.66,18.66,1.0
8495,Casual,1,19.18,19.18,1.1
8496,Growth,7,56.15,393.02,4.3
8497,Dormant,0,0.0,0.0,1.1
8498,Casual,0,0.0,0.0,1.0
8499,Power,50,99.43,4971.49,16.5
8500,Power,39,104.02,4056.91,11.8
8501,Dormant,0,0.0,0.0,1.0
8502,Growth,5,48.06,240.32,3.8
8503,Casual,2,36.03,72.06,2.9
8504,Dormant,0,0.0,0.0,1.0
8505,Growth,5,54.44,272.18,2.6
8506,Casual,1,19.66,19.66,1.0
8507,Growth,4,41.91,167.66,3.0
8508,Dormant,0,0.0,0.0,1.8
8509,Dormant,0,0.0,0.0,1.0
8510,Growth,0,0.0,0.0,1.1
8511,Casual,0,0.0,0.0,1.0
8512,Casual,3,33.54,100.61,1.0
8513,Dormant,1,20.32,20.32,1.6
8514,Casual,1,16.22,16.22,1.0
8515,Casual,1,24.22,24.22,1.0
8516,Dormant,0,0.0,0.0,1.0
8517,Growth,7,47.5,332.48,4.3
8518,Casual,0,0.0,0.0,1.1
8519,Power,5,75.85,379.24,1.0
8520,Casual,1,36.71,36.71,4.3
8521,Casual,1,8.54,8.54,1.0
8522,Dormant,0,0.0,0.0,1.0
8523,Casual,0,0.0,0.0,1.0
8524,Growth,8,59.94,479.55,7.4
8525,Dormant,0,0.0,0.0,1.2
8526,Dormant,0,0.0,0.0,1.4
8527,Dormant,0,0.0,0.0,1.0
8528,Dormant,0,0.0,0.0,1.0
8529,Growth,3,52.39,157.17,1.4
8530,Casual,1,24.29,24.29,2.0
8531,Power,36,139.37,5017.4,11.5
8532,Growth,7,51.13,357.9,3.4
8533,Dormant,0,0.0,0.0,1.3
8534,Dormant,0,0.0,0.0,1.0
8535,Growth,12,51.29,615.53,8.7
8536,Power,20,117.47,2349.42,3.6
8537,Dormant,1,6.72,6.72,2.5
8538,Power,7,100.66,704.64,1.4
8539,Growth,13,48.8,634.45,4.7
8540,Growth,5,38.63,193.17,3.1
8541,Power,21,102.69,2156.44,6.9
8542,Growth,5,45.48,227.4,3.0
8543,Dormant,0,0.0,0.0,1.0
8544,Growth,1,58.82,58.82,1.0
8545,Casual,1,9.5,9.5,2.3
8546,Dormant,0,0.0,0.0,1.0
8547,Casual,0,0.0,0.0,1.0
8548,Dormant,0,0.0,0.0,1.0
8549,Casual,0,0.0,0.0,1.0
8550,Casual,2,91.39,182.78,2.0
8551,Casual,0,0.0,0.0,1.0
8552,Dormant,1,8.83,8.83,2.7
8553,Dormant,1,5.59,5.59,2.9
8554,Dormant,1,16.38,16.38,1.0
8555,Growth,3,40.79,122.36,3.4
8556,Casual,0,0.0,0.0,1.0
8557,Dormant,0,0.0,0.0,1.0
8558,Growth,3,47.75,143.25,1.5
8559,Dormant,0,0.0,0.0,1.0
8560,Growth,19,71.66,1361.56,14.9
8561,Growth,1,57.5,57.5,1.0
8562,Dormant,0,0.0,0.0,3.6
8563,Growth,1,23.55,23.55,1.0
8564,Casual,2,34.22,68.44,1.6
8565,Casual,0,0.0,0.0,1.0
8566,Dormant,0,0.0,0.0,1.0
8567,Casual,1,30.41,30.41,1.0
8568,Dormant,0,0.0,0.0,2.5
8569,Dormant,1,8.46,8.46,2.9
8570,Casual,3,47.13,141.39,3.6
8571,Dormant,0,0.0,0.0,3.8
8572,Dormant,0,0.0,0.0,1.0
8573,Casual,0,0.0,0.0,1.0
8574,Dormant,0,0.0,0.0,1.4
8575,Casual,3,29.23,87.68,6.8
8576,Power,8,79.57,636.58,1.9
8577,Growth,7,44.73,313.08,6.2
8578,Casual,1,28.89,28.89,1.0
8579,Growth,2,27.76,55.52,1.0
8580,Casual,0,0.0,0.0,1.0
8581,Casual,2,40.56,81.11,3.7
8582,Casual,4,29.69,118.77,3.9
8583,Power,5,78.84,394.19,1.0
8584,Dormant,1,12.65,12.65,1.0
8585,Casual,0,0.0,0.0,1.0
8586,Growth,0,0.0,0.0,1.4
8587,Casual,1,62.07,62.07,2.7
8588,Casual,5,37.33,186.66,3.3
8589,Casual,1,63.83,63.83,2.3
8590,Casual,1,24.19,24.19,1.0
8591,Power,34,105.45,3585.16,11.0
8592,Dormant,0,0.0,0.0,2.0
8593,Casual,0,0.0,0.0,1.0
8594,Power,21,109.16,2292.37,7.6
8595,Dormant,0,0.0,0.0,1.0
8596,Casual,2,29.35,58.7,2.2
8597,Casual,1,29.53,29.53,1.0
8598,Casual,2,22.06,44.11,1.0
8599,Casual,1,49.05,49.05,1.3
8600,Casual,1,22.91,22.91,1.7
8601,Power,8,74.8,598.42,2.1
8602,Growth,0,0.0,0.0,1.0
8603,Dormant,0,0.0,0.0,1.8
8604,Casual,0,0.0,0.0,1.1
8605,Casual,1,13.02,13.02,1.0
8606,Growth,4,31.93,127.73,5.1
8607,Dormant,1,9.74,9.74,1.0
8608,Growth,0,0.0,0.0,1.9
8609,Growth,3,49.69,149.06,2.9
8610,Growth,0,0.0,0.0,1.0
8611,Dormant,0,0.0,0.0,1.5
8612,Casual,0,0.0,0.0,1.4
8613,Power,7,85.6,599.19,1.9
8614,Power,3,108.37,325.12,1.0
8615,Casual,0,0.0,0.0,1.0
8616,Casual,0,0.0,0.0,3.3
8617,Dormant,1,17.73,17.73,1.2
8618,Growth,11,69.35,762.84,7.4
8619,Dormant,0,0.0,0.0,1.0
8620,Dormant,1,15.71,15.71,1.9
8621,Casual,0,0.0,0.0,3.8
8622,Growth,6,36.32,217.89,5.4
8623,Casual,0,0.0,0.0,1.8
8624,Growth,2,49.63,99.26,1.6
8625,Power,15,115.36,1730.46,3.1
8626,Growth,1,19.74,19.74,1.0
8627,Dormant,0,0.0,0.0,1.1
8628,Casual,0,0.0,0.0,1.0
8629,Dormant,0,0.0,0.0,1.8
8630,Casual,0,0.0,0.0,1.6
8631,Casual,1,11.0,11.0,4.1
8632,Power,21,78.85,1655.8,5.4
8633,Casual,3,20.81,62.44,2.5
8634,Power,18,122.89,2211.96,6.0
8635,Casual,4,17.52,70.07,2.8
8636,Growth,1,65.15,65.15,2.8
8637,Casual,0,0.0,0.0,1.0
8638,Casual,1,30.34,30.34,1.0
8639,Power,6,99.49,596.96,1.6
8640,Growth,2,63.61,127.21,1.3
8641,Dormant,0,0.0,0.0,1.6
8642,Power,17,122.51,2082.67,3.3
8643,Growth,11,50.11,551.25,8.3
8644,Growth,3,40.3,120.89,1.2
8645,Casual,1,8.37,8.37,4.8
8646,Dormant,0,0.0,0.0,1.0
8647,Growth,2,35.83,71.66,1.0
8648,Casual,0,0.0,0.0,1.0
8649,Casual,0,0.0,0.0,2.7
8650,Growth,4,39.79,159.17,4.9
8651,Dormant,0,0.0,0.0,1.3
8652,Dormant,1,9.75,9.75,2.3
8653,Power,6,92.37,554.24,1.8
8654,Growth,1,20.07,20.07,1.0
8655,Growth,0,0.0,0.0,1.2
8656,Growth,6,53.92,323.51,3.9
8657,Casual,2,26.13,52.25,1.0
8658,Casual,0,0.0,0.0,3.5
8659,Casual,1,32.29,32.29,1.0
8660,Growth,5,49.3,246.48,2.2
8661,Growth,0,0.0,0.0,1.0
8662,Dormant,0,0.0,0.0,1.0
8663,Dormant,0,0.0,0.0,1.0
8664,Power,10,88.4,884.01,5.1
8665,Casual,1,17.39,17.39,1.0
8666,Casual,4,28.16,112.66,4.6
8667,Dormant,0,0.0,0.0,2.4
8668,Casual,3,26.45,79.34,4.4
8669,Dormant,0,0.0,0.0,1.0
8670,Power,6,126.65,759.92,2.0
8671,Growth,0,0.0,0.0,1.0
8672,Dormant,0,0.0,0.0,1.0
8673,Growth,4,34.34,137.35,4.9
8674,Growth,0,0.0,0.0,1.1
8675,Dormant,1,14.68,14.68,1.0
8676,Dormant,1,24.27,24.27,1.0
8677,Casual,1,35.89,35.89,1.5
8678,Dormant,1,36.65,36.65,6.0
8679,Dormant,2,27.26,54.51,1.0
8680,Growth,1,39.45,39.45,1.0
8681,Casual,0,0.0,0.0,1.0
8682,Dormant,0,0.0,0.0,5.1
8683,Dormant,1,5.63,5.63,1.8
8684,Growth,11,63.98,703.77,5.7
8685,Growth,13,49.51,643.64,6.1
8686,Dormant,0,0.0,0.0,1.0
8687,Growth,2,51.22,102.44,1.3
8688,Power,5,132.31,661.53,1.0
8689,Dormant,0,0.0,0.0,1.0
8690,Casual,3,29.71,89.13,3.6
8691,Growth,3,55.49,166.48,4.9
8692,Power,40,115.72,4628.65,13.1
8693,Power,9,107.03,963.31,2.7
8694,Dormant,0,0.0,0.0,1.0
8695,Casual,1,9.83,9.83,1.0
8696,Growth,1,65.08,65.08,2.6
8697,Growth,2,81.93,163.85,1.0
8698,Growth,6,42.85,257.09,5.0
8699,Power,39,112.11,4372.16,13.9
8700,Growth,1,33.27,33.27,1.0
8701,Casual,1,34.38,34.38,1.9
8702,Growth,19,47.39,900.34,11.8
8703,Growth,8,54.61,436.88,7.7
8704,Casual,0,0.0,0.0,1.0
8705,Casual,1,12.92,12.92,1.7
8706,Growth,3,45.69,137.06,1.0
8707,Power,8,79.76,638.1,2.6
8708,Power,5,134.59,672.97,1.0
8709,Growth,6,49.13,294.77,4.5
8710,Dormant,0,0.0,0.0,1.3
8711,Growth,17,55.49,943.4,6.9
8712,Dormant,0,0.0,0.0,1.0
8713,Dormant,0,0.0,0.0,1.0
8714,Power,4,78.71,314.82,1.6
8715,Power,10,79.27,792.73,2.4
8716,Growth,10,61.44,614.38,5.7
8717,Power,18,98.78,1778.0,5.9
8718,Casual,4,22.94,91.75,3.2
8719,Power,17,92.17,1566.83,3.7
8720,Dormant,0,0.0,0.0,1.0
8721,Casual,3,21.88,65.65,1.8
8722,Dormant,0,0.0,0.0,1.0
8723,Dormant,0,0.0,0.0,1.0
8724,Casual,2,25.34,50.68,2.2
8725,Dormant,0,0.0,0.0,1.0
8726,Dormant,1,23.61,23.61,1.0
8727,Growth,1,15.4,15.4,1.0
8728,Growth,7,53.69,375.82,4.2
8729,Casual,2,35.73,71.46,2.3
8730,Growth,5,41.14,205.7,5.0
8731,Casual,0,0.0,0.0,1.0
8732,Casual,0,0.0,0.0,1.0
8733,Casual,0,0.0,0.0,1.0
8734,Dormant,0,0.0,0.0,1.0
8735,Growth,0,0.0,0.0,1.0
8736,Casual,0,0.0,0.0,2.4
8737,Growth,8,73.79,590.31,3.2
8738,Dormant,0,0.0,0.0,2.8
8739,Casual,1,38.25,38.25,2.3
8740,Power,2,109.32,218.63,1.6
8741,Casual,0,0.0,0.0,1.0
8742,Growth,25,50.73,1268.37,14.4
8743,Dormant,0,0.0,0.0,1.8
8744,Casual,3,19.58,58.73,7.6
8745,Casual,1,16.55,16.55,2.4
8746,Dormant,1,22.38,22.38,1.0
8747,Dormant,0,0.0,0.0,1.6
8748,Dormant,0,0.0,0.0,1.7
8749,Casual,1,47.49,47.49,1.0
8750,Dormant,0,0.0,0.0,1.0
8751,Casual,1,11.11,11.11,3.9
8752,Dormant,0,0.0,0.0,3.1
8753,Dormant,0,0.0,0.0,1.0
8754,Growth,6,72.5,435.01,1.9
8755,Growth,2,73.36,146.71,1.0
8756,Growth,3,81.27,243.81,1.0
8757,Growth,12,47.85,574.24,10.2
8758,Casual,1,21.87,21.87,1.0
8759,Growth,3,84.46,253.39,4.1
8760,Casual,2,11.08,22.16,2.0
8761,Power,45,101.11,4549.81,12.7
8762,Growth,5,88.17,440.87,2.1
8763,Casual,0,0.0,0.0,1.8
8764,Casual,0,0.0,0.0,1.0
8765,Casual,3,12.43,37.3,2.7
8766,Dormant,0,0.0,0.0,2.2
8767,Dormant,0,0.0,0.0,1.0
8768,Casual,0,0.0,0.0,2.3
8769,Power,24,104.87,2516.78,9.3
8770,Power,4,125.31,501.22,1.0
8771,Dormant,0,0.0,0.0,2.3
8772,Casual,2,17.88,35.76,1.9
8773,Dormant,0,0.0,0.0,1.4
8774,Casual,0,0.0,0.0,3.0
8775,Growth,0,0.0,0.0,1.3
8776,Casual,1,77.87,77.87,3.5
8777,Dormant,1,10.97,10.97,1.0
8778,Dormant,0,0.0,0.0,2.5
8779,Growth,9,37.56,338.0,7.5
8780,Casual,0,0.0,0.0,1.4
8781,Growth,7,68.08,476.57,5.1
8782,Dormant,2,8.4,16.79,1.0
8783,Growth,1,51.93,51.93,2.0
8784,Dormant,0,0.0,0.0,2.4
8785,Growth,3,39.21,117.62,4.6
8786,Casual,0,0.0,0.0,1.3
8787,Casual,1,14.32,14.32,1.0
8788,Growth,5,39.31,196.56,2.9
8789,Dormant,0,0.0,0.0,1.0
8790,Dormant,0,0.0,0.0,1.1
8791,Dormant,0,0.0,0.0,1.0
8792,Growth,1,77.06,77.06,1.0
8793,Dormant,0,0.0,0.0,1.0
8794,Casual,0,0.0,0.0,1.0
8795,Casual,0,0.0,0.0,1.0
8796,Casual,0,0.0,0.0,1.0
8797,Casual,0,0.0,0.0,1.0
8798,Growth,4,62.37,249.5,2.2
8799,Casual,1,26.94,26.94,2.7
8800,Growth,2,44.28,88.55,1.1
8801,Growth,3,21.46,64.37,2.2
8802,Growth,2,76.24,152.47,4.6
8803,Growth,0,0.0,0.0,1.0
8804,Dormant,0,0.0,0.0,3.6
8805,Casual,2,19.71,39.43,3.3
8806,Power,33,90.23,2977.63,10.6
8807,Dormant,1,22.08,22.08,1.2
8808,Dormant,0,0.0,0.0,1.0
8809,Dormant,0,0.0,0.0,1.0
8810,Dormant,0,0.0,0.0,2.0
8811,Dormant,0,0.0,0.0,1.0
8812,Casual,0,0.0,0.0,1.0
8813,Dormant,0,0.0,0.0,1.0
8814,Dormant,0,0.0,0.0,1.0
8815,Growth,6,40.99,245.96,2.3
8816,Dormant,3,13.98,41.94,3.8
8817,Dormant,0,0.0,0.0,1.0
8818,Dormant,0,0.0,0.0,1.0
8819,Dormant,1,9.69,9.69,3.3
8820,Casual,0,0.0,0.0,1.0
8821,Casual,0,0.0,0.0,1.0
8822,Casual,2,27.63,55.25,2.2
8823,Dormant,0,0.0,0.0,1.0
8824,Dormant,0,0.0,0.0,1.0
8825,Dormant,0,0.0,0.0,1.7
8826,Dormant,0,0.0,0.0,1.0
8827,Dormant,0,0.0,0.0,3.2
8828,Growth,4,48.69,194.75,2.7
8829,Dormant,0,0.0,0.0,1.0
8830,Power,12,93.19,1118.26,4.5
8831,Casual,2,37.74,75.48,3.9
8832,Power,4,121.01,484.03,1.6
8833,Casual,2,19.93,39.86,2.4
8834,Casual,0,0.0,0.0,1.6
8835,Power,3,107.9,323.69,1.5
8836,Casual,1,19.5,19.5,3.4
8837,Dormant,0,0.0,0.0,1.0
8838,Growth,0,0.0,0.0,1.0
8839,Dormant,0,0.0,0.0,2.9
8840,Growth,0,0.0,0.0,1.0
8841,Growth,0,0.0,0.0,1.0
8842,Growth,1,83.68,83.68,2.0
8843,Casual,1,34.48,34.48,1.0
8844,Dormant,0,0.0,0.0,1.7
8845,Casual,1,16.85,16.85,1.0
8846,Dormant,0,0.0,0.0,1.0
8847,Casual,2,25.86,51.72,3.5
8848,Dormant,1,18.64,18.64,1.0
8849,Dormant,1,23.21,23.21,1.3
8850,Casual,6,44.44,266.64,5.5
8851,Growth,3,37.25,111.74,1.0
8852,Growth,4,34.98,139.91,3.3
8853,Casual,0,0.0,0.0,2.3
8854,Casual,3,28.6,85.79,6.7
8855,Growth,1,62.07,62.07,1.0
8856,Dormant,0,0.0,0.0,2.6
8857,Dormant,1,19.15,19.15,2.5
8858,Growth,0,0.0,0.0,1.0
8859,Growth,8,45.58,364.66,3.4
8860,Growth,6,58.17,349.0,3.4
8861,Casual,0,0.0,0.0,1.5
8862,Dormant,0,0.0,0.0,1.0
8863,Casual,0,0.0,0.0,1.0
8864,Power,5,96.29,481.43,2.3
8865,Casual,0,0.0,0.0,1.0
8866,Power,5,119.08,595.41,1.1
8867,Casual,1,61.25,61.25,1.1
8868,Casual,1,72.37,72.37,1.4
8869,Casual,0,0.0,0.0,1.0
8870,Casual,2,48.38,96.76,3.3
8871,Dormant,0,0.0,0.0,1.0
8872,Power,13,102.74,1335.61,3.5
8873,Dormant,1,15.85,15.85,1.7
8874,Power,8,106.17,849.35,2.3
8875,Growth,3,57.6,172.81,2.1
8876,Dormant,0,0.0,0.0,2.2
8877,Dormant,1,23.15,23.15,2.2
8878,Growth,2,33.84,67.68,1.0
8879,Casual,1,9.47,9.47,2.8
8880,Dormant,0,0.0,0.0,1.0
8881,Dormant,0,0.0,0.0,1.5
8882,Casual,3,50.53,151.59,2.3
8883,Power,13,124.79,1622.23,5.8
8884,Casual,2,20.53,41.07,4.1
8885,Growth,14,50.33,704.64,8.4
8886,Power,22,97.33,2141.36,7.3
8887,Casual,1,41.44,41.44,1.0
8888,Dormant,1,81.46,81.46,1.0
8889,Power,3,128.31,384.92,2.0
8890,Dormant,0,0.0,0.0,1.2
8891,Dormant,0,0.0,0.0,4.6
8892,Dormant,1,8.95,8.95,4.1
8893,Growth,3,35.06,105.18,1.0
8894,Casual,1,27.71,27.71,1.0
8895,Power,2,109.2,218.4,1.0
8896,Growth,1,272.46,272.46,2.0
8897,Growth,8,61.85,494.84,3.3
8898,Growth,6,63.31,379.83,5.5
8899,Growth,1,50.87,50.87,3.0
8900,Growth,2,32.25,64.5,1.0
8901,Dormant,1,11.06,11.06,5.6
8902,Dormant,0,0.0,0.0,2.0
8903,Growth,1,77.63,77.63,1.0
8904,Dormant,0,0.0,0.0,1.0
8905,Growth,2,23.13,46.26,1.1
8906,Casual,4,25.59,102.38,3.9
8907,Dormant,0,0.0,0.0,1.0
8908,Casual,0,0.0,0.0,1.0
8909,Growth,11,44.03,484.3,9.9
8910,Casual,0,0.0,0.0,1.2
8911,Casual,1,31.02,31.02,1.0
8912,Casual,2,22.92,45.84,1.9
8913,Casual,1,40.85,40.85,1.2
8914,Casual,1,25.48,25.48,1.0
8915,Growth,16,57.5,920.02,13.3
8916,Casual,1,49.74,49.74,1.8
8917,Growth,1,64.45,64.45,1.2
8918,Dormant,1,24.5,24.5,1.0
8919,Dormant,0,0.0,0.0,1.0
8920,Casual,4,25.63,102.54,9.1
8921,Dormant,0,0.0,0.0,1.0
8922,Power,14,95.33,1334.62,4.3
8923,Growth,1,42.29,42.29,1.2
8924,Casual,1,25.89,25.89,2.3
8925,Casual,1,40.73,40.73,1.2
8926,Dormant,0,0.0,0.0,1.2
8927,Dormant,0,0.0,0.0,2.6
8928,Casual,0,0.0,0.0,1.0
8929,Growth,1,125.11,125.11,1.0
8930,Casual,2,26.03,52.05,2.4
8931,Growth,2,64.99,129.98,1.3
8932,Growth,4,54.43,217.71,1.0
8933,Dormant,0,0.0,0.0,1.3
8934,Dormant,0,0.0,0.0,1.0
8935,Dormant,0,0.0,0.0,1.0
8936,Growth,2,83.51,167.02,2.4
8937,Power,21,99.81,2096.1,5.4
8938,Casual,2,47.69,95.38,3.9
8939,Dormant,0,0.0,0.0,1.0
8940,Growth,0,0.0,0.0,2.2
8941,Power,2,56.34,112.69,1.0
8942,Power,15,109.0,1635.04,5.8
8943,Dormant,1,13.53,13.53,3.3
8944,Dormant,1,31.19,31.19,1.0
8945,Dormant,0,0.0,0.0,1.0
8946,Power,7,83.37,583.57,2.1
8947,Dormant,0,0.0,0.0,1.0
8948,Casual,0,0.0,0.0,1.0
8949,Growth,4,29.43,117.72,3.5
8950,Growth,1,116.15,116.15,1.2
8951,Casual,0,0.0,0.0,1.0
8952,Growth,0,0.0,0.0,1.3
8953,Dormant,0,0.0,0.0,1.0
8954,Casual,0,0.0,0.0,1.0
8955,Casual,4,34.11,136.44,2.9
8956,Casual,1,21.25,21.25,1.4
8957,Casual,1,22.29,22.29,1.2
8958,Power,24,83.75,2010.06,9.4
8959,Casual,1,31.66,31.66,1.0
8960,Growth,10,68.89,688.91,7.0
8961,Casual,2,49.66,99.31,2.8
8962,Dormant,0,0.0,0.0,1.0
8963,Casual,1,54.4,54.4,1.0
8964,Casual,0,0.0,0.0,1.2
8965,Growth,2,34.71,69.43,2.7
8966,Casual,1,52.71,52.71,2.3
8967,Growth,1,53.14,53.14,1.0
8968,Dormant,0,0.0,0.0,1.8
8969,Casual,3,26.62,79.87,6.0
8970,Dormant,0,0.0,0.0,1.2
8971,Casual,0,0.0,0.0,1.0
8972,Dormant,0,0.0,0.0,1.0
8973,Power,10,97.45,974.54,3.7
8974,Growth,13,61.07,793.95,6.8
8975,Power,8,113.32,906.58,3.5
8976,Power,26,126.29,3283.5,6.2
8977,Dormant,0,0.0,0.0,1.0
8978,Dormant,0,0.0,0.0,1.0
8979,Casual,1,20.51,20.51,1.4
8980,Casual,1,29.79,29.79,1.0
8981,Casual,0,0.0,0.0,1.6
8982,Casual,2,38.85,77.7,1.9
8983,Dormant,0,0.0,0.0,1.0
8984,Casual,1,30.65,30.65,1.0
8985,Dormant,0,0.0,0.0,1.0
8986,Growth,2,36.9,73.8,1.0
8987,Dormant,0,0.0,0.0,1.9
8988,Power,18,133.25,2398.57,6.7
8989,Casual,0,0.0,0.0,2.3
8990,Dormant,0,0.0,0.0,4.6
8991,Growth,3,37.68,113.03,3.5
8992,Growth,2,34.57,69.14,1.0
8993,Casual,1,17.91,17.91,1.0
8994,Casual,1,23.19,23.19,1.0
8995,Dormant,0,0.0,0.0,2.6
8996,Dormant,0,0.0,0.0,1.0
8997,Casual,0,0.0,0.0,1.0
8998,Dormant,0,0.0,0.0,1.0
8999,Casual,5,34.89,174.43,8.2
9000,Dormant,0,0.0,0.0,1.0
9001,Growth,3,39.06,117.19,1.9
9002,Casual,4,31.66,126.65,8.2
9003,Power,18,91.62,1649.15,6.2
9004,Power,5,128.56,642.82,1.9
9005,Dormant,0,0.0,0.0,4.6
9006,Power,3,107.37,322.11,1.0
9007,Casual,0,0.0,0.0,1.5
9008,Dormant,0,0.0,0.0,1.0
9009,Power,1,77.84,77.84,1.0
9010,Casual,0,0.0,0.0,2.2
9011,Dormant,0,0.0,0.0,1.0
9012,Dormant,0,0.0,0.0,1.0
9013,Growth,1,12.38,12.38,1.0
9014,Dormant,1,18.92,18.92,4.6
9015,Dormant,0,0.0,0.0,1.0
9016,Casual,2,63.89,127.79,1.0
9017,Casual,1,35.78,35.78,5.4
9018,Dormant,0,0.0,0.0,1.0
9019,Dormant,0,0.0,0.0,1.0
9020,Growth,2,33.92,67.85,2.0
9021,Dormant,0,0.0,0.0,1.1
9022,Dormant,0,0.0,0.0,1.2
9023,Casual,0,0.0,0.0,1.2
9024,Dormant,1,17.58,17.58,1.0
9025,Casual,3,28.69,86.07,4.6
9026,Dormant,0,0.0,0.0,1.6
9027,Dormant,0,0.0,0.0,1.0
9028,Power,7,108.95,762.63,3.2
9029,Power,2,76.18,152.37,1.0
9030,Growth,4,42.24,168.95,2.5
9031,Dormant,0,0.0,0.0,1.0
9032,Casual,0,0.0,0.0,1.8
9033,Dormant,3,18.44,55.33,4.5
9034,Casual,5,23.64,118.22,6.8
9035,Growth,0,0.0,0.0,1.0
9036,Dormant,0,0.0,0.0,2.0
9037,Casual,2,25.35,50.7,1.2
9038,Casual,3,50.85,152.56,8.3
9039,Power,2,46.38,92.77,1.0
9040,Power,11,100.05,1100.51,3.9
9041,Growth,13,73.91,960.88,14.6
9042,Casual,0,0.0,0.0,2.1
9043,Casual,1,26.09,26.09,1.0
9044,Growth,3,45.59,136.77,1.5
9045,Power,30,129.48,3884.39,7.7
9046,Growth,6,60.29,361.74,5.9
9047,Casual,1,16.76,16.76,1.0
9048,Dormant,0,0.0,0.0,1.0
9049,Casual,2,32.11,64.21,4.2
9050,Power,19,98.31,1867.92,5.8
9051,Casual,1,48.95,48.95,1.2
9052,Dormant,0,0.0,0.0,1.0
9053,Dormant,0,0.0,0.0,4.1
9054,Dormant,1,21.96,21.96,1.0
9055,Dormant,0,0.0,0.0,1.6
9056,Casual,0,0.0,0.0,1.8
9057,Dormant,0,0.0,0.0,1.0
9058,Power,15,118.19,1772.92,4.2
9059,Dormant,0,0.0,0.0,3.2
9060,Dormant,0,0.0,0.0,2.0
9061,Dormant,1,12.54,12.54,2.0
9062,Casual,5,26.83,134.14,6.2
9063,Dormant,0,0.0,0.0,1.8
9064,Growth,0,0.0,0.0,1.8
9065,Casual,0,0.0,0.0,1.0
9066,Growth,2,34.36,68.72,1.0
9067,Casual,1,28.86,28.86,1.3
9068,Casual,5,43.65,218.25,7.6
9069,Growth,5,55.93,279.66,8.8
9070,Growth,5,37.04,185.2,6.1
9071,Growth,5,87.74,438.71,2.5
9072,Casual,0,0.0,0.0,1.0
9073,Casual,2,24.98,49.97,1.0
9074,Dormant,0,0.0,0.0,1.8
9075,Growth,10,52.21,522.07,4.1
9076,Dormant,0,0.0,0.0,1.0
9077,Dormant,2,10.79,21.59,1.3
9078,Power,7,69.02,483.13,1.9
9079,Growth,5,99.77,498.87,5.1
9080,Casual,2,24.75,49.51,2.1
9081,Casual,0,0.0,0.0,1.0
9082,Power,3,83.34,250.02,1.0
9083,Growth,12,61.25,734.98,7.8
9084,Power,29,118.9,3448.12,10.0
9085,Power,0,0.0,0.0,1.0
9086,Growth,1,16.84,16.84,1.7
9087,Dormant,0,0.0,0.0,1.2
9088,Casual,3,34.64,103.93,2.8
9089,Casual,0,0.0,0.0,1.2
9090,Casual,0,0.0,0.0,1.5
9091,Casual,0,0.0,0.0,1.9
9092,Growth,1,34.61,34.61,1.6
9093,Growth,1,59.84,59.84,1.2
9094,Growth,0,0.0,0.0,1.0
9095,Casual,1,7.56,7.56,1.0
9096,Casual,0,0.0,0.0,1.0
9097,Casual,0,0.0,0.0,1.1
9098,Casual,1,14.19,14.19,2.9
9099,Dormant,0,0.0,0.0,1.0
9100,Growth,3,38.17,114.52,3.6
9101,Casual,0,0.0,0.0,1.0
9102,Casual,2,46.84,93.69,2.9
9103,Dormant,2,17.31,34.63,6.7
9104,Dormant,0,0.0,0.0,1.0
9105,Dormant,0,0.0,0.0,1.9
9106,Growth,0,0.0,0.0,1.0
9107,Casual,0,0.0,0.0,1.0
9108,Dormant,0,0.0,0.0,3.0
9109,Casual,0,0.0,0.0,1.0
9110,Dormant,0,0.0,0.0,1.0
9111,Casual,2,34.91,69.82,1.1
9112,Casual,2,30.4,60.8,1.5
9113,Casual,2,44.39,88.79,1.0
9114,Casual,1,34.1,34.1,1.4
9115,Dormant,0,0.0,0.0,1.0
9116,Growth,2,64.0,128.01,1.0
9117,Casual,1,33.94,33.94,1.0
9118,Casual,0,0.0,0.0,1.4
9119,Dormant,1,12.1,12.1,4.7
9120,Casual,1,14.62,14.62,2.6
9121,Dormant,1,35.93,35.93,1.0
9122,Dormant,0,0.0,0.0,1.0
9123,Growth,6,39.11,234.66,3.6
9124,Dormant,0,0.0,0.0,1.0
9125,Dormant,1,37.41,37.41,1.0
9126,Growth,1,38.96,38.96,1.0
9127,Casual,2,25.91,51.83,3.9
9128,Growth,1,9.54,9.54,1.8
9129,Casual,3,22.46,67.37,1.9
9130,Power,17,86.46,1469.89,4.5
9131,Dormant,0,0.0,0.0,1.0
9132,Casual,3,17.3,51.89,3.4
9133,Casual,0,0.0,0.0,1.2
9134,Power,9,132.26,1190.36,4.1
9135,Dormant,0,0.0,0.0,1.0
9136,Casual,0,0.0,0.0,1.1
9137,Casual,0,0.0,0.0,1.0
9138,Growth,4,57.38,229.52,1.0
9139,Growth,1,19.01,19.01,1.1
9140,Casual,0,0.0,0.0,1.5
9141,Dormant,0,0.0,0.0,2.4
9142,Growth,2,59.8,119.6,2.2
9143,Casual,0,0.0,0.0,1.0
9144,Power,10,121.54,1215.37,3.3
9145,Dormant,0,0.0,0.0,1.0
9146,Growth,4,25.94,103.75,2.0
9147,Casual,1,52.19,52.19,1.0
9148,Casual,0,0.0,0.0,2.9
9149,Power,47,107.24,5040.16,9.1
9150,Growth,2,36.87,73.75,1.0
9151,Growth,1,31.9,31.9,1.0
9152,Casual,0,0.0,0.0,1.0
9153,Dormant,0,0.0,0.0,1.3
9154,Casual,2,25.63,51.25,1.1
9155,Dormant,0,0.0,0.0,6.8
9156,Casual,0,0.0,0.0,1.0
9157,Power,17,108.8,1849.65,4.5
9158,Growth,5,67.94,339.68,4.0
9159,Casual,1,6.42,6.42,1.0
9160,Growth,1,15.14,15.14,2.1
9161,Dormant,0,0.0,0.0,2.9
9162,Casual,2,32.76,65.53,1.0
9163,Casual,0,0.0,0.0,1.2
9164,Casual,2,14.37,28.74,1.9
9165,Casual,2,15.99,31.97,3.5
9166,Casual,0,0.0,0.0,1.0
9167,Growth,5,65.2,325.99,3.2
9168,Growth,9,49.82,448.34,5.4
9169,Growth,1,16.45,16.45,1.7
9170,Growth,1,47.59,47.59,1.0
9171,Casual,0,0.0,0.0,1.0
9172,Power,17,111.17,1889.87,4.6
9173,Growth,1,43.0,43.0,1.0
9174,Dormant,1,6.61,6.61,3.1
9175,Dormant,0,0.0,0.0,1.0
9176,Casual,1,7.12,7.12,1.0
9177,Casual,0,0.0,0.0,3.7
9178,Dormant,0,0.0,0.0,1.0
9179,Power,11,84.89,933.81,3.6
9180,Casual,0,0.0,0.0,1.0
9181,Power,12,99.36,1192.32,3.7
9182,Casual,4,20.19,80.75,5.6
9183,Dormant,0,0.0,0.0,1.0
9184,Dormant,0,0.0,0.0,1.0
9185,Dormant,1,29.75,29.75,1.7
9186,Dormant,0,0.0,0.0,1.5
9187,Casual,1,14.04,14.04,1.0
9188,Dormant,0,0.0,0.0,1.0
9189,Casual,2,41.57,83.14,1.4
9190,Casual,1,20.17,20.17,3.8
9191,Growth,3,53.6,160.79,1.9
9192,Casual,2,48.89,97.78,1.1
9193,Growth,2,70.43,140.86,1.0
9194,Casual,2,10.96,21.93,2.0
9195,Growth,2,52.83,105.66,1.0
9196,Casual,0,0.0,0.0,1.4
9197,Growth,1,54.91,54.91,1.0
9198,Growth,8,41.59,332.73,2.4
9199,Casual,3,22.63,67.88,4.2
9200,Growth,1,26.55,26.55,1.0
9201,Dormant,0,0.0,0.0,1.0
9202,Casual,5,26.95,134.75,11.4
9203,Growth,6,47.34,284.05,5.2
9204,Power,2,134.64,269.28,1.0
9205,Dormant,0,0.0,0.0,5.5
9206,Casual,0,0.0,0.0,1.7
9207,Casual,1,69.21,69.21,1.5
9208,Growth,2,56.71,113.42,4.0
9209,Dormant,0,0.0,0.0,4.0
9210,Dormant,0,0.0,0.0,2.1
9211,Casual,0,0.0,0.0,1.7
9212,Growth,0,0.0,0.0,1.0
9213,Power,3,107.28,321.83,2.8
9214,Power,10,126.15,1261.54,3.8
9215,Dormant,0,0.0,0.0,1.0
9216,Dormant,0,0.0,0.0,1.3
9217,Dormant,0,0.0,0.0,1.0
9218,Dormant,0,0.0,0.0,2.1
9219,Growth,7,48.58,340.05,5.5
9220,Dormant,1,5.55,5.55,1.0
9221,Growth,4,80.4,321.58,1.4
9222,Growth,6,41.02,246.13,2.9
9223,Dormant,0,0.0,0.0,1.0
9224,Power,6,75.94,455.65,1.0
9225,Dormant,0,0.0,0.0,1.0
9226,Dormant,0,0.0,0.0,1.1
9227,Dormant,0,0.0,0.0,2.2
9228,Dormant,0,0.0,0.0,6.8
9229,Casual,1,12.91,12.91,1.1
9230,Power,56,116.27,6511.12,19.6
9231,Dormant,0,0.0,0.0,3.8
9232,Casual,2,29.08,58.15,1.0
9233,Dormant,0,0.0,0.0,1.0
9234,Power,7,111.49,780.43,3.2
9235,Growth,7,46.72,327.03,2.3
9236,Casual,2,42.13,84.26,3.2
9237,Dormant,0,0.0,0.0,1.0
9238,Dormant,0,0.0,0.0,1.0
9239,Dormant,0,0.0,0.0,1.0
9240,Growth,0,0.0,0.0,1.2
9241,Casual,2,14.84,29.67,1.0
9242,Power,8,120.81,966.5,3.9
9243,Growth,5,74.61,373.07,1.8
9244,Casual,2,30.52,61.04,1.3
9245,Casual,3,34.95,104.86,2.2
9246,Casual,1,20.51,20.51,1.0
9247,Casual,4,21.63,86.51,7.1
9248,Casual,0,0.0,0.0,1.8
9249,Dormant,0,0.0,0.0,1.0
9250,Growth,16,55.91,894.55,10.6
9251,Growth,1,69.95,69.95,1.0
9252,Dormant,0,0.0,0.0,1.1
9253,Dormant,0,0.0,0.0,1.4
9254,Dormant,0,0.0,0.0,1.0
9255,Growth,11,64.83,713.16,5.1
9256,Casual,0,0.0,0.0,2.6
9257,Dormant,0,0.0,0.0,1.0
9258,Casual,1,35.93,35.93,2.7
9259,Casual,0,0.0,0.0,1.8
9260,Dormant,0,0.0,0.0,1.7
9261,Power,4,73.22,292.87,2.7
9262,Dormant,0,0.0,0.0,5.8
9263,Dormant,0,0.0,0.0,1.0
9264,Growth,1,17.33,17.33,1.3
9265,Dormant,0,0.0,0.0,1.0
9266,Casual,0,0.0,0.0,1.0
9267,Dormant,0,0.0,0.0,2.0
9268,Dormant,0,0.0,0.0,1.7
9269,Dormant,0,0.0,0.0,1.1
9270,Power,2,55.94,111.89,1.0
9271,Dormant,0,0.0,0.0,1.1
9272,Dormant,2,7.54,15.07,2.1
9273,Casual,0,0.0,0.0,1.0
9274,Casual,1,36.62,36.62,1.9
9275,Power,4,68.64,274.56,1.0
9276,Dormant,0,0.0,0.0,1.0
9277,Power,2,166.01,332.03,2.5
9278,Growth,7,33.51,234.54,5.7
9279,Dormant,1,10.17,10.17,1.5
9280,Dormant,0,0.0,0.0,1.0
9281,Dormant,0,0.0,0.0,1.4
9282,Casual,0,0.0,0.0,1.0
9283,Growth,3,126.57,379.72,2.9
9284,Casual,0,0.0,0.0,1.0
9285,Power,7,112.4,786.8,1.8
9286,Dormant,0,0.0,0.0,1.0
9287,Casual,1,79.25,79.25,1.0
9288,Casual,1,24.52,24.52,5.6
9289,Power,30,85.38,2561.26,10.9
9290,Casual,0,0.0,0.0,1.0
9291,Dormant,0,0.0,0.0,1.2
9292,Dormant,0,0.0,0.0,1.0
9293,Power,57,103.06,5874.37,23.0
9294,Growth,3,60.44,181.31,2.3
9295,Casual,2,36.99,73.98,2.7
9296,Power,27,100.22,2705.87,6.0
9297,Dormant,0,0.0,0.0,1.0
9298,Casual,1,15.61,15.61,3.5
9299,Power,4,129.69,518.77,1.0
9300,Dormant,2,18.88,37.76,1.0
9301,Casual,3,32.64,97.91,2.3
9302,Growth,2,23.89,47.78,3.4
9303,Casual,2,37.99,75.98,5.5
9304,Power,8,134.86,1078.9,1.0
9305,Casual,2,23.79,47.58,4.2
9306,Dormant,0,0.0,0.0,1.0
9307,Dormant,0,0.0,0.0,1.0
9308,Growth,1,132.7,132.7,1.0
9309,Casual,4,37.09,148.37,3.6
9310,Growth,6,47.97,287.82,2.5
9311,Casual,2,20.1,40.21,2.0
9312,Growth,1,38.96,38.96,1.0
9313,Casual,1,19.73,19.73,1.0
9314,Growth,3,35.98,107.95,1.0
9315,Dormant,0,0.0,0.0,1.4
9316,Dormant,1,11.26,11.26,1.2
9317,Growth,1,20.93,20.93,1.0
9318,Dormant,0,0.0,0.0,1.0
9319,Power,5,101.24,506.19,3.5
9320,Dormant,0,0.0,0.0,1.6
9321,Growth,8,46.77,374.14,7.2
9322,Growth,4,52.24,208.96,3.2
9323,Casual,1,10.98,10.98,3.5
9324,Casual,1,39.63,39.63,3.6
9325,Casual,2,55.17,110.34,3.0
9326,Casual,5,34.81,174.07,2.4
9327,Power,13,86.39,1123.02,5.4
9328,Power,28,117.51,3290.15,6.4
9329,Casual,0,0.0,0.0,1.0
9330,Casual,0,0.0,0.0,1.0
9331,Power,44,109.6,4822.3,13.3
9332,Casual,1,22.72,22.72,1.0
9333,Casual,0,0.0,0.0,1.0
9334,Casual,0,0.0,0.0,1.3
9335,Dormant,1,23.97,23.97,5.9
9336,Casual,0,0.0,0.0,1.0
9337,Casual,0,0.0,0.0,1.3
9338,Casual,1,13.15,13.15,1.0
9339,Growth,4,72.0,288.0,3.7
9340,Power,17,85.65,1456.06,5.1
9341,Power,5,169.68,848.41,1.0
9342,Dormant,0,0.0,0.0,1.0
9343,Growth,5,51.78,258.92,5.8
9344,Casual,1,12.69,12.69,1.5
9345,Casual,1,132.22,132.22,1.2
9346,Casual,3,24.72,74.16,1.0
9347,Dormant,0,0.0,0.0,1.0
9348,Dormant,0,0.0,0.0,1.0
9349,Power,20,118.82,2376.34,6.0
9350,Dormant,1,7.24,7.24,4.3
9351,Casual,0,0.0,0.0,1.0
9352,Growth,7,29.0,203.0,3.5
9353,Dormant,1,18.27,18.27,2.3
9354,Dormant,0,0.0,0.0,1.0
9355,Growth,2,153.6,307.2,1.0
9356,Dormant,0,0.0,0.0,1.8
9357,Casual,0,0.0,0.0,1.3
9358,Casual,0,0.0,0.0,1.0
9359,Power,4,119.3,477.22,1.3
9360,Growth,11,87.39,961.28,5.9
9361,Casual,0,0.0,0.0,1.0
9362,Casual,2,19.63,39.27,1.5
9363,Casual,4,28.86,115.44,5.2
9364,Dormant,0,0.0,0.0,1.5
9365,Growth,1,28.99,28.99,2.0
9366,Dormant,0,0.0,0.0,1.0
9367,Dormant,0,0.0,0.0,1.0
9368,Dormant,0,0.0,0.0,1.3
9369,Dormant,0,0.0,0.0,2.2
9370,Dormant,0,0.0,0.0,1.0
9371,Power,35,91.0,3185.14,11.0
9372,Dormant,0,0.0,0.0,1.0
9373,Dormant,1,19.58,19.58,1.7
9374,Casual,0,0.0,0.0,1.0
9375,Growth,3,51.98,155.93,1.0
9376,Dormant,0,0.0,0.0,1.0
9377,Growth,3,52.64,157.93,1.0
9378,Growth,3,40.0,120.0,2.7
9379,Growth,3,76.01,228.02,1.0
9380,Casual,0,0.0,0.0,1.7
9381,Casual,0,0.0,0.0,1.0
9382,Casual,0,0.0,0.0,2.0
9383,Dormant,0,0.0,0.0,1.0
9384,Casual,4,26.1,104.38,6.8
9385,Casual,1,17.86,17.86,1.7
9386,Dormant,1,20.92,20.92,1.0
9387,Dormant,0,0.0,0.0,1.0
9388,Growth,3,83.31,249.92,2.2
9389,Power,7,103.31,723.17,3.0
9390,Casual,1,60.94,60.94,1.0
9391,Dormant,1,34.6,34.6,1.0
9392,Casual,0,0.0,0.0,1.0
9393,Growth,5,62.07,310.35,3.7
9394,Dormant,0,0.0,0.0,4.7
9395,Casual,2,27.83,55.65,2.4
9396,Casual,0,0.0,0.0,1.0
9397,Dormant,0,0.0,0.0,1.0
9398,Dormant,0,0.0,0.0,1.7
9399,Casual,2,34.06,68.11,1.0
9400,Casual,0,0.0,0.0,1.0
9401,Casual,2,22.18,44.37,3.6
9402,Casual,4,29.61,118.42,2.1
9403,Casual,1,19.78,19.78,1.0
9404,Dormant,0,0.0,0.0,1.0
9405,Casual,1,27.69,27.69,1.0
9406,Casual,2,57.44,114.87,2.1
9407,Growth,2,35.09,70.18,1.0
9408,Dormant,0,0.0,0.0,1.0
9409,Casual,3,29.97,89.92,1.0
9410,Growth,3,65.76,197.27,5.5
9411,Growth,1,35.45,35.45,1.0
9412,Growth,6,52.74,316.43,5.8
9413,Dormant,0,0.0,0.0,1.0
9414,Dormant,0,0.0,0.0,1.8
9415,Casual,1,41.83,41.83,1.2
9416,Casual,1,7.27,7.27,1.0
9417,Dormant,1,13.99,13.99,2.2
9418,Casual,3,20.02,60.05,6.9
9419,Dormant,0,0.0,0.0,1.0
9420,Power,6,96.29,577.75,2.7
9421,Power,7,94.15,659.04,3.2
9422,Casual,0,0.0,0.0,1.0
9423,Growth,3,59.57,178.7,1.2
9424,Casual,2,27.7,55.41,3.5
9425,Dormant,0,0.0,0.0,1.0
9426,Growth,1,41.2,41.2,1.0
9427,Casual,0,0.0,0.0,1.0
9428,Dormant,1,18.33,18.33,2.7
9429,Dormant,0,0.0,0.0,2.1
9430,Casual,0,0.0,0.0,1.0
9431,Growth,8,48.81,390.51,2.4
9432,Casual,0,0.0,0.0,1.3
9433,Casual,1,10.71,10.71,1.4
9434,Dormant,0,0.0,0.0,1.0
9435,Casual,1,82.28,82.28,1.0
9436,Growth,3,40.73,122.19,1.7
9437,Dormant,1,9.25,9.25,4.7
9438,Casual,1,17.48,17.48,1.0
9439,Growth,2,62.79,125.57,1.0
9440,Casual,0,0.0,0.0,1.1
9441,Dormant,0,0.0,0.0,1.0
9442,Dormant,2,12.49,24.98,1.4
9443,Growth,4,87.01,348.04,2.8
9444,Dormant,0,0.0,0.0,1.6
9445,Growth,5,35.69,178.44,1.0
9446,Casual,0,0.0,0.0,3.2
9447,Casual,4,34.86,139.44,6.3
9448,Growth,1,34.66,34.66,1.0
9449,Growth,5,37.74,188.71,1.0
9450,Dormant,0,0.0,0.0,1.8
9451,Growth,21,47.24,992.14,12.1
9452,Dormant,0,0.0,0.0,1.6
9453,Casual,1,7.24,7.24,1.2
9454,Casual,2,29.09,58.18,3.6
9455,Growth,0,0.0,0.0,1.0
9456,Growth,5,56.38,281.92,1.7
9457,Growth,13,74.72,971.42,6.3
9458,Casual,2,22.88,45.75,1.0
9459,Dormant,0,0.0,0.0,2.1
9460,Dormant,1,20.53,20.53,2.0
9461,Power,3,131.46,394.37,2.1
9462,Growth,11,74.48,819.25,7.7
9463,Growth,6,72.25,433.49,4.9
9464,Dormant,0,0.0,0.0,1.6
9465,Growth,9,36.48,328.28,2.1
9466,Growth,7,38.36,268.54,7.2
9467,Casual,6,34.72,208.3,6.2
9468,Casual,1,45.76,45.76,1.4
9469,Growth,4,32.73,130.93,3.6
9470,Casual,3,44.37,133.1,1.0
9471,Power,10,110.17,1101.67,2.2
9472,Power,17,116.63,1982.74,5.8
9473,Power,32,91.56,2929.9,9.8
9474,Casual,1,34.73,34.73,2.5
9475,Dormant,2,16.8,33.6,4.2
9476,Casual,0,0.0,0.0,1.0
9477,Dormant,0,0.0,0.0,1.9
9478,Growth,1,224.11,224.11,1.0
9479,Dormant,0,0.0,0.0,1.0
9480,Dormant,0,0.0,0.0,1.0
9481,Growth,3,56.67,170.02,1.8
9482,Dormant,1,18.82,18.82,1.0
9483,Casual,0,0.0,0.0,2.4
9484,Dormant,0,0.0,0.0,1.0
9485,Growth,1,39.69,39.69,1.0
9486,Casual,0,0.0,0.0,1.0
9487,Casual,1,12.65,12.65,2.3
9488,Dormant,1,14.69,14.69,4.2
9489,Dormant,0,0.0,0.0,2.0
9490,Casual,5,30.78,153.92,3.5
9491,Dormant,0,0.0,0.0,1.0
9492,Dormant,0,0.0,0.0,1.3
9493,Casual,1,38.31,38.31,4.0
9494,Power,29,96.7,2804.27,9.6
9495,Growth,4,49.44,197.76,1.0
9496,Power,4,70.31,281.23,1.0
9497,Power,27,91.93,2482.17,5.5
9498,Dormant,0,0.0,0.0,1.8
9499,Growth,3,89.54,268.63,2.6
9500,Dormant,0,0.0,0.0,2.5
9501,Casual,0,0.0,0.0,1.2
9502,Casual,2,44.37,88.74,3.5
9503,Growth,6,42.34,254.06,3.3
9504,Casual,0,0.0,0.0,1.0
9505,Casual,1,23.04,23.04,4.3
9506,Casual,1,59.71,59.71,5.3
9507,Growth,0,0.0,0.0,1.0
9508,Dormant,0,0.0,0.0,1.0
9509,Power,23,108.72,2500.53,7.4
9510,Casual,0,0.0,0.0,1.0
9511,Casual,1,33.84,33.84,2.7
9512,Growth,2,24.27,48.55,1.0
9513,Dormant,0,0.0,0.0,1.9
9514,Growth,5,53.04,265.2,4.7
9515,Dormant,1,25.05,25.05,6.8
9516,Dormant,0,0.0,0.0,1.0
9517,Casual,2,38.04,76.09,1.9
9518,Growth,5,33.94,169.72,4.3
9519,Growth,4,32.88,131.52,1.0
9520,Dormant,0,0.0,0.0,1.3
9521,Casual,1,19.48,19.48,1.9
9522,Power,7,144.64,1012.48,1.5
9523,Casual,2,14.89,29.78,1.0
9524,Power,12,97.09,1165.02,4.9
9525,Casual,6,33.72,202.34,11.4
9526,Casual,1,53.75,53.75,1.0
9527,Power,25,117.23,2930.74,5.5
9528,Dormant,0,0.0,0.0,1.0
9529,Growth,8,49.5,396.04,4.7
9530,Casual,1,18.19,18.19,1.4
9531,Casual,0,0.0,0.0,1.0
9532,Dormant,0,0.0,0.0,1.2
9533,Casual,1,38.79,38.79,3.2
9534,Dormant,0,0.0,0.0,1.0
9535,Growth,1,36.36,36.36,1.0
9536,Dormant,0,0.0,0.0,2.1
9537,Growth,5,29.94,149.7,3.6
9538,Dormant,0,0.0,0.0,3.2
9539,Power,4,83.22,332.88,1.0
9540,Dormant,1,18.71,18.71,2.6
9541,Dormant,1,16.6,16.6,3.0
9542,Casual,0,0.0,0.0,1.0
9543,Casual,1,18.05,18.05,2.6
9544,Casual,4,34.96,139.85,7.1
9545,Growth,3,40.56,121.67,4.0
9546,Casual,1,34.19,34.19,1.0
9547,Dormant,0,0.0,0.0,1.0
9548,Casual,0,0.0,0.0,1.1
9549,Growth,9,52.49,472.37,8.6
9550,Dormant,1,20.37,20.37,3.2
9551,Power,5,108.83,544.15,1.2
9552,Casual,0,0.0,0.0,1.7
9553,Power,3,121.3,363.9,1.0
9554,Growth,2,41.56,83.12,2.2
9555,Power,15,95.5,1432.56,5.3
9556,Casual,0,0.0,0.0,2.4
9557,Casual,1,18.2,18.2,1.0
9558,Casual,0,0.0,0.0,1.0
9559,Casual,2,35.64,71.27,1.5
9560,Casual,1,7.07,7.07,2.5
9561,Growth,1,43.14,43.14,1.0
9562,Power,31,112.13,3476.15,9.0
9563,Casual,0,0.0,0.0,1.0
9564,Casual,0,0.0,0.0,1.5
9565,Casual,1,21.4,21.4,1.0
9566,Growth,8,36.51,292.09,2.7
9567,Dormant,0,0.0,0.0,3.7
9568,Power,4,155.99,623.97,1.7
9569,Casual,1,21.37,21.37,2.2
9570,Growth,4,75.19,300.75,5.3
9571,Casual,0,0.0,0.0,1.0
9572,Casual,5,23.69,118.45,4.0
9573,Dormant,0,0.0,0.0,1.0
9574,Power,5,79.45,397.24,1.8
9575,Casual,0,0.0,0.0,1.7
9576,Growth,5,47.29,236.45,3.3
9577,Dormant,0,0.0,0.0,1.0
9578,Power,71,111.77,7935.35,21.0
9579,Power,28,111.47,3121.25,8.9
9580,Dormant,1,23.53,23.53,1.0
9581,Power,5,80.31,401.53,1.8
9582,Growth,4,60.07,240.28,2.0
9583,Dormant,0,0.0,0.0,1.0
9584,Dormant,0,0.0,0.0,1.0
9585,Dormant,0,0.0,0.0,2.1
9586,Growth,3,29.35,88.06,4.0
9587,Casual,1,23.53,23.53,1.0
9588,Dormant,0,0.0,0.0,4.0
9589,Growth,10,57.05,570.49,6.6
9590,Dormant,0,0.0,0.0,1.0
9591,Power,2,49.81,99.62,1.3
9592,Dormant,0,0.0,0.0,1.1
9593,Casual,2,22.19,44.39,1.0
9594,Casual,1,129.78,129.78,1.0
9595,Casual,8,30.8,246.38,11.5
9596,Growth,3,42.19,126.56,2.2
9597,Growth,2,69.78,139.55,2.6
9598,Dormant,0,0.0,0.0,1.0
9599,Casual,1,23.47,23.47,3.5
9600,Casual,0,0.0,0.0,1.0
9601,Growth,0,0.0,0.0,1.0
9602,Dormant,2,21.86,43.73,5.2
9603,Casual,0,0.0,0.0,1.3
9604,Growth,0,0.0,0.0,1.1
9605,Dormant,0,0.0,0.0,1.0
9606,Casual,1,16.88,16.88,3.9
9607,Casual,0,0.0,0.0,1.0
9608,Dormant,0,0.0,0.0,2.3
9609,Casual,1,18.81,18.81,2.2
9610,Dormant,0,0.0,0.0,1.0
9611,Dormant,1,15.66,15.66,1.7
9612,Casual,1,21.02,21.02,1.2
9613,Growth,4,57.27,229.07,4.1
9614,Power,41,123.42,5060.02,12.3
9615,Casual,0,0.0,0.0,1.0
9616,Power,18,85.13,1532.33,6.4
9617,Power,3,89.26,267.77,2.0
9618,Casual,1,12.1,12.1,1.5
9619,Dormant,0,0.0,0.0,1.0
9620,Growth,2,26.37,52.74,1.8
9621,Dormant,1,14.89,14.89,1.0
9622,Dormant,1,12.58,12.58,3.3
9623,Dormant,0,0.0,0.0,1.0
9624,Dormant,1,20.01,20.01,2.5
9625,Dormant,0,0.0,0.0,4.2
9626,Growth,11,50.95,560.42,6.3
9627,Casual,1,10.12,10.12,1.0
9628,Dormant,0,0.0,0.0,2.3
9629,Casual,2,76.29,152.57,7.3
9630,Dormant,0,0.0,0.0,1.0
9631,Dormant,0,0.0,0.0,1.0
9632,Growth,5,57.91,289.53,2.0
9633,Growth,4,40.96,163.84,4.3
9634,Casual,1,48.36,48.36,1.0
9635,Power,0,0.0,0.0,1.0
9636,Casual,1,73.81,73.81,2.3
9637,Dormant,1,22.12,22.12,1.3
9638,Casual,1,61.85,61.85,4.4
9639,Growth,4,91.98,367.93,2.7
9640,Dormant,0,0.0,0.0,1.0
9641,Growth,0,0.0,0.0,1.0
9642,Dormant,1,4.8,4.8,1.0
9643,Power,4,86.71,346.84,1.0
9644,Dormant,0,0.0,0.0,1.0
9645,Casual,1,23.67,23.67,1.9
9646,Casual,0,0.0,0.0,1.0
9647,Casual,1,101.62,101.62,2.4
9648,Growth,2,50.02,100.05,1.0
9649,Casual,0,0.0,0.0,1.0
9650,Dormant,1,29.87,29.87,1.0
9651,Dormant,0,0.0,0.0,1.2
9652,Growth,12,55.3,663.63,6.4
9653,Casual,0,0.0,0.0,1.6
9654,Dormant,0,0.0,0.0,1.4
9655,Dormant,0,0.0,0.0,2.0
9656,Casual,0,0.0,0.0,1.0
9657,Power,4,67.08,268.31,1.0
9658,Dormant,0,0.0,0.0,1.0
9659,Casual,1,16.37,16.37,1.0
9660,Casual,0,0.0,0.0,1.2
9661,Dormant,0,0.0,0.0,4.6
9662,Growth,0,0.0,0.0,1.0
9663,Dormant,2,32.88,65.75,3.8
9664,Power,10,101.57,1015.73,2.4
9665,Dormant,0,0.0,0.0,1.0
9666,Dormant,0,0.0,0.0,1.0
9667,Dormant,0,0.0,0.0,1.0
9668,Dormant,0,0.0,0.0,1.0
9669,Dormant,0,0.0,0.0,1.2
9670,Growth,1,85.1,85.1,1.4
9671,Dormant,1,11.31,11.31,1.0
9672,Dormant,0,0.0,0.0,1.0
9673,Casual,0,0.0,0.0,1.0
9674,Casual,0,0.0,0.0,1.0
9675,Power,13,93.24,1212.1,5.8
9676,Casual,2,31.56,63.12,1.5
9677,Dormant,0,0.0,0.0,1.0
9678,Casual,0,0.0,0.0,1.0
9679,Casual,1,13.93,13.93,3.1
9680,Casual,0,0.0,0.0,1.0
9681,Power,15,103.37,1550.51,4.2
9682,Dormant,0,0.0,0.0,1.0
9683,Growth,0,0.0,0.0,1.9
9684,Growth,15,56.56,848.35,7.4
9685,Power,8,121.58,972.68,3.2
9686,Dormant,0,0.0,0.0,2.7
9687,Dormant,0,0.0,0.0,1.0
9688,Power,28,105.66,2958.53,7.7
9689,Growth,11,35.87,394.62,5.6
9690,Casual,1,16.07,16.07,2.3
9691,Growth,0,0.0,0.0,1.0
9692,Dormant,0,0.0,0.0,2.5
9693,Power,58,103.82,6021.64,20.5
9694,Casual,1,19.06,19.06,3.3
9695,Casual,3,25.07,75.21,1.0
9696,Casual,0,0.0,0.0,2.9
9697,Casual,1,27.51,27.51,1.5
9698,Growth,2,47.88,95.76,1.0
9699,Growth,6,66.7,400.22,1.9
9700,Power,12,132.01,1584.17,3.2
9701,Power,52,110.42,5741.73,10.9
9702,Dormant,0,0.0,0.0,1.7
9703,Growth,0,0.0,0.0,1.0
9704,Growth,1,64.69,64.69,1.2
9705,Growth,5,41.9,209.48,3.9
9706,Dormant,0,0.0,0.0,1.0
9707,Dormant,0,0.0,0.0,1.0
9708,Dormant,0,0.0,0.0,1.0
9709,Casual,1,20.37,20.37,1.0
9710,Dormant,0,0.0,0.0,3.0
9711,Casual,1,31.05,31.05,2.0
9712,Dormant,1,14.02,14.02,1.3
9713,Dormant,0,0.0,0.0,1.2
9714,Power,5,56.88,284.4,1.0
9715,Casual,0,0.0,0.0,1.0
9716,Growth,9,34.44,309.98,4.1
9717,Power,5,53.75,268.77,1.0
9718,Dormant,1,9.08,9.08,3.7
9719,Power,7,83.44,584.08,1.0
9720,Dormant,0,0.0,0.0,1.0
9721,Dormant,0,0.0,0.0,1.0
9722,Casual,0,0.0,0.0,1.7
9723,Casual,1,10.3,10.3,7.0
9724,Casual,1,17.04,17.04,1.3
9725,Dormant,0,0.0,0.0,1.7
9726,Growth,4,34.47,137.9,3.2
9727,Growth,5,48.44,242.21,3.8
9728,Casual,10,37.48,374.77,15.0
9729,Dormant,0,0.0,0.0,1.0
9730,Growth,6,33.26,199.53,4.4
9731,Casual,0,0.0,0.0,2.0
9732,Dormant,0,0.0,0.0,1.0
9733,Growth,1,204.72,204.72,2.4
9734,Power,9,68.31,614.81,3.1
9735,Casual,0,0.0,0.0,2.0
9736,Power,3,150.79,452.36,1.0
9737,Growth,2,42.2,84.39,1.8
9738,Casual,0,0.0,0.0,1.0
9739,Casual,2,14.99,29.98,4.5
9740,Casual,5,31.81,159.03,7.9
9741,Casual,0,0.0,0.0,1.3
9742,Casual,2,25.25,50.5,2.0
9743,Casual,2,47.82,95.65,3.8
9744,Dormant,1,41.67,41.67,1.3
9745,Dormant,0,0.0,0.0,1.0
9746,Casual,1,15.58,15.58,2.1
9747,Dormant,0,0.0,0.0,1.0
9748,Dormant,1,9.48,9.48,4.5
9749,Growth,3,48.47,145.41,3.0
9750,Dormant,0,0.0,0.0,1.0
9751,Dormant,0,0.0,0.0,1.0
9752,Growth,9,57.91,521.19,3.7
9753,Power,16,119.64,1914.23,4.5
9754,Casual,0,0.0,0.0,1.1
9755,Casual,3,27.15,81.46,4.4
9756,Dormant,0,0.0,0.0,1.0
9757,Casual,1,16.42,16.42,4.9
9758,Power,13,107.23,1393.93,3.0
9759,Growth,11,55.65,612.17,5.3
9760,Dormant,0,0.0,0.0,1.0
9761,Power,4,96.48,385.93,2.0
9762,Dormant,0,0.0,0.0,1.0
9763,Growth,6,63.59,381.54,3.7
9764,Casual,0,0.0,0.0,1.6
9765,Casual,0,0.0,0.0,1.7
9766,Growth,3,49.87,149.61,2.6
9767,Casual,1,39.48,39.48,1.0
9768,Dormant,0,0.0,0.0,1.0
9769,Power,7,107.47,752.28,2.4
9770,Casual,1,53.07,53.07,1.6
9771,Dormant,0,0.0,0.0,1.5
9772,Dormant,0,0.0,0.0,2.7
9773,Casual,0,0.0,0.0,1.0
9774,Dormant,0,0.0,0.0,1.7
9775,Power,4,155.69,622.76,1.0
9776,Power,20,95.55,1911.0,5.7
9777,Casual,3,16.48,49.43,4.4
9778,Dormant,1,14.64,14.64,1.0
9779,Dormant,0,0.0,0.0,1.8
9780,Growth,3,52.68,158.04,2.1
9781,Casual,0,0.0,0.0,1.0
9782,Casual,1,19.13,19.13,1.0
9783,Growth,5,27.27,136.33,6.1
9784,Casual,0,0.0,0.0,3.8
9785,Casual,0,0.0,0.0,1.0
9786,Growth,1,47.75,47.75,1.4
9787,Casual,2,35.92,71.84,3.2
9788,Growth,8,74.45,595.63,4.0
9789,Dormant,0,0.0,0.0,1.2
9790,Growth,1,35.68,35.68,1.0
9791,Growth,3,36.25,108.75,2.0
9792,Power,42,111.6,4687.23,12.7
9793,Power,6,172.56,1035.36,1.5
9794,Growth,2,63.47,126.95,1.2
9795,Casual,0,0.0,0.0,1.0
9796,Power,22,96.71,2127.65,7.1
9797,Growth,3,106.6,319.8,1.9
9798,Power,9,100.9,908.08,2.9
9799,Casual,7,41.5,290.5,7.7
9800,Power,16,92.16,1474.59,5.9
9801,Casual,0,0.0,0.0,1.0
9802,Dormant,0,0.0,0.0,1.2
9803,Dormant,1,38.07,38.07,1.8
9804,Growth,10,63.97,639.7,5.0
9805,Dormant,0,0.0,0.0,1.0
9806,Dormant,0,0.0,0.0,2.3
9807,Power,8,78.82,630.54,2.4
9808,Casual,0,0.0,0.0,1.0
9809,Dormant,0,0.0,0.0,1.0
9810,Growth,2,26.05,52.11,1.0
9811,Casual,0,0.0,0.0,1.0
9812,Casual,1,48.3,48.3,1.0
9813,Power,5,94.14,470.7,1.4
9814,Dormant,0,0.0,0.0,1.0
9815,Growth,5,65.51,327.55,2.2
9816,Power,16,136.68,2186.81,4.5
9817,Power,5,86.92,434.58,2.5
9818,Casual,0,0.0,0.0,1.0
9819,Dormant,0,0.0,0.0,1.0
9820,Dormant,0,0.0,0.0,1.0
9821,Dormant,1,8.41,8.41,1.4
9822,Casual,4,29.27,117.07,4.5
9823,Casual,1,22.7,22.7,1.0
9824,Casual,1,34.74,34.74,2.2
9825,Power,42,101.93,4281.16,13.1
9826,Dormant,0,0.0,0.0,1.0
9827,Casual,0,0.0,0.0,1.0
9828,Casual,0,0.0,0.0,1.5
9829,Casual,1,99.53,99.53,1.0
9830,Dormant,0,0.0,0.0,1.8
9831,Growth,4,54.94,219.78,1.2
9832,Dormant,0,0.0,0.0,1.0
9833,Dormant,0,0.0,0.0,1.0
9834,Dormant,2,11.31,22.62,1.7
9835,Power,9,107.71,969.39,2.5
9836,Growth,17,44.31,753.26,6.8
9837,Casual,1,30.7,30.7,1.3
9838,Dormant,0,0.0,0.0,1.0
9839,Dormant,0,0.0,0.0,1.0
9840,Casual,0,0.0,0.0,2.4
9841,Growth,0,0.0,0.0,1.0
9842,Growth,0,0.0,0.0,1.0
9843,Casual,0,0.0,0.0,1.6
9844,Growth,1,78.7,78.7,1.0
9845,Casual,0,0.0,0.0,1.0
9846,Dormant,0,0.0,0.0,1.0
9847,Casual,2,22.87,45.74,1.2
9848,Casual,1,17.95,17.95,2.2
9849,Power,3,101.38,304.13,1.0
9850,Growth,7,62.97,440.81,4.7
9851,Dormant,2,27.76,55.52,3.9
9852,Casual,0,0.0,0.0,1.7
9853,Growth,0,0.0,0.0,1.0
9854,Power,2,108.58,217.15,1.0
9855,Power,15,94.38,1415.64,3.5
9856,Casual,4,51.28,205.13,4.0
9857,Casual,0,0.0,0.0,2.1
9858,Casual,4,52.48,209.91,4.7
9859,Casual,1,44.3,44.3,1.0
9860,Growth,5,32.75,163.73,4.7
9861,Casual,0,0.0,0.0,1.0
9862,Power,26,90.02,2340.42,8.0
9863,Dormant,0,0.0,0.0,1.5
9864,Power,54,127.17,6867.42,16.3
9865,Casual,0,0.0,0.0,1.0
9866,Power,35,99.61,3486.22,8.9
9867,Dormant,0,0.0,0.0,1.1
9868,Growth,3,43.59,130.78,3.6
9869,Dormant,0,0.0,0.0,1.9
9870,Power,29,104.86,3041.0,5.4
9871,Dormant,0,0.0,0.0,1.0
9872,Casual,1,18.91,18.91,1.0
9873,Growth,5,40.08,200.4,5.4
9874,Growth,7,53.76,376.3,3.6
9875,Growth,8,53.56,428.48,3.7
9876,Dormant,0,0.0,0.0,2.3
9877,Dormant,0,0.0,0.0,2.3
9878,Growth,9,82.33,740.94,5.3
9879,Growth,2,37.25,74.5,1.4
9880,Growth,3,55.01,165.04,1.7
9881,Growth,2,29.94,59.89,1.8
9882,Casual,0,0.0,0.0,1.0
9883,Growth,1,40.33,40.33,1.0
9884,Growth,2,26.55,53.1,1.0
9885,Dormant,0,0.0,0.0,1.0
9886,Dormant,0,0.0,0.0,1.0
9887,Dormant,0,0.0,0.0,2.0
9888,Power,6,107.7,646.18,3.1
9889,Dormant,0,0.0,0.0,1.0
9890,Casual,3,15.38,46.15,2.2
9891,Casual,1,67.79,67.79,1.3
9892,Power,4,82.21,328.83,1.2
9893,Dormant,0,0.0,0.0,1.0
9894,Casual,1,55.47,55.47,2.3
9895,Dormant,0,0.0,0.0,2.2
9896,Casual,0,0.0,0.0,2.7
9897,Dormant,0,0.0,0.0,1.0
9898,Dormant,0,0.0,0.0,5.7
9899,Dormant,0,0.0,0.0,2.6
9900,Growth,3,35.3,105.89,4.3
9901,Growth,7,62.33,436.33,2.7
9902,Dormant,0,0.0,0.0,3.8
9903,Casual,1,46.24,46.24,1.0
9904,Casual,1,14.97,14.97,2.3
9905,Dormant,0,0.0,0.0,1.7
9906,Casual,1,22.2,22.2,2.0
9907,Dormant,0,0.0,0.0,1.0
9908,Growth,1,71.08,71.08,1.0
9909,Dormant,0,0.0,0.0,1.0
9910,Power,14,142.29,1992.01,3.0
9911,Casual,1,26.9,26.9,1.0
9912,Dormant,1,18.66,18.66,1.7
9913,Growth,1,18.77,18.77,1.0
9914,Growth,5,39.04,195.18,2.8
9915,Growth,2,121.17,242.34,2.5
9916,Casual,0,0.0,0.0,1.0
9917,Casual,0,0.0,0.0,1.0
9918,Power,2,94.58,189.16,1.0
9919,Dormant,3,25.88,77.64,4.7
9920,Growth,2,41.49,82.98,1.5
9921,Casual,0,0.0,0.0,2.1
9922,Casual,0,0.0,0.0,1.0
9923,Power,11,108.15,1189.65,2.5
9924,Power,60,103.48,6208.86,18.4
9925,Dormant,0,0.0,0.0,1.0
9926,Casual,0,0.0,0.0,1.0
9927,Power,95,105.03,9978.2,35.2
9928,Dormant,0,0.0,0.0,1.0
9929,Casual,1,10.65,10.65,1.0
9930,Power,3,66.88,200.64,1.0
9931,Dormant,0,0.0,0.0,1.0
9932,Casual,1,25.74,25.74,1.0
9933,Growth,1,85.88,85.88,1.0
9934,Dormant,1,11.63,11.63,3.8
9935,Growth,9,58.65,527.81,4.0
9936,Growth,6,48.34,290.03,2.4
9937,Growth,0,0.0,0.0,1.0
9938,Dormant,0,0.0,0.0,1.2
9939,Dormant,0,0.0,0.0,1.9
9940,Dormant,0,0.0,0.0,2.3
9941,Growth,16,60.3,964.79,10.9
9942,Dormant,0,0.0,0.0,1.7
9943,Casual,3,25.95,77.85,4.3
9944,Growth,0,0.0,0.0,1.0
9945,Power,1,109.93,109.93,1.0
9946,Dormant,1,24.24,24.24,1.0
9947,Growth,9,56.48,508.29,6.8
9948,Casual,1,6.96,6.96,2.1
9949,Casual,0,0.0,0.0,1.0
9950,Power,4,103.88,415.5,1.0
9951,Dormant,1,11.1,11.1,1.0
9952,Dormant,0,0.0,0.0,1.0
9953,Casual,0,0.0,0.0,1.9
9954,Dormant,0,0.0,0.0,1.0
9955,Casual,1,51.22,51.22,4.5
9956,Dormant,0,0.0,0.0,3.1
9957,Growth,1,14.5,14.5,1.0
9958,Casual,2,17.5,35.01,1.0
9959,Growth,3,35.46,106.37,1.3
9960,Casual,1,40.58,40.58,1.0
9961,Casual,0,0.0,0.0,3.2
9962,Growth,9,33.27,299.44,7.7
9963,Dormant,1,39.35,39.35,2.6
9964,Power,7,106.59,746.1,1.6
9965,Power,37,110.06,4072.34,11.3
9966,Casual,0,0.0,0.0,1.2
9967,Casual,0,0.0,0.0,1.7
9968,Growth,6,65.41,392.47,3.2
9969,Casual,0,0.0,0.0,1.0
9970,Dormant,1,15.21,15.21,1.0
9971,Power,22,127.44,2803.6,4.4
9972,Dormant,0,0.0,0.0,3.1
9973,Growth,0,0.0,0.0,1.0
9974,Casual,3,25.51,76.52,5.1
9975,Power,24,105.28,2526.78,6.7
9976,Dormant,0,0.0,0.0,1.0
9977,Dormant,0,0.0,0.0,1.0
9978,Power,6,99.14,594.85,2.9
9979,Growth,4,66.04,264.14,2.7
9980,Growth,9,48.26,434.33,6.2
9981,Power,12,98.6,1183.16,4.0
9982,Dormant,0,0.0,0.0,1.0
9983,Casual,5,50.72,253.58,7.9
9984,Casual,2,25.12,50.24,1.0
9985,Dormant,0,0.0,0.0,3.5
9986,Dormant,0,0.0,0.0,1.1
9987,Dormant,1,16.35,16.35,1.0
9988,Growth,5,65.89,329.45,3.1
9989,Growth,1,69.02,69.02,1.0
9990,Growth,19,50.49,959.22,7.7
9991,Growth,4,34.37,137.48,1.0
9992,Casual,4,32.14,128.56,5.6
9993,Growth,2,46.26,92.51,1.4
9994,Growth,5,54.33,271.66,3.7
9995,Casual,3,30.9,92.69,1.6
9996,Growth,4,72.71,290.86,3.6
9997,Growth,2,87.9,175.8,1.0
9998,Casual,2,94.11,188.21,1.0
9999,Casual,0,0.0,0.0,2.2
10000,Dormant,0,0.0,0.0,1.7
10001,Dormant,0,0.0,0.0,2.5
10002,Growth,1,80.53,80.53,1.6
10003,Power,14,119.65,1675.16,2.9
10004,Growth,4,37.77,151.09,3.4
10005,Growth,1,29.29,29.29,2.1
10006,Casual,2,20.13,40.27,1.5
10007,Dormant,0,0.0,0.0,1.0
10008,Growth,21,52.23,1096.89,13.4
10009,Growth,15,56.46,846.87,10.2
10010,Dormant,1,15.13,15.13,3.4
10011,Casual,1,49.26,49.26,2.0
10012,Power,5,95.83,479.15,1.4
10013,Growth,4,74.62,298.49,2.8
10014,Dormant,0,0.0,0.0,1.0
10015,Power,3,118.95,356.85,1.0
10016,Casual,2,19.7,39.41,4.2
10017,Dormant,0,0.0,0.0,1.0
10018,Growth,5,45.91,229.53,1.8
10019,Dormant,0,0.0,0.0,1.0
10020,Growth,10,43.58,435.84,4.0
10021,Growth,1,25.96,25.96,1.0
10022,Growth,1,63.42,63.42,1.1
10023,Dormant,0,0.0,0.0,1.6
10024,Growth,1,39.1,39.1,1.1
10025,Growth,0,0.0,0.0,1.0
10026,Dormant,0,0.0,0.0,1.0
10027,Growth,6,55.73,334.38,1.6
10028,Dormant,0,0.0,0.0,1.4
10029,Casual,0,0.0,0.0,1.0
10030,Casual,0,0.0,0.0,2.4
10031,Dormant,1,57.45,57.45,1.0
10032,Dormant,0,0.0,0.0,1.5
10033,Power,0,0.0,0.0,1.0
10034,Dormant,0,0.0,0.0,1.5
10035,Dormant,1,23.6,23.6,1.8
10036,Dormant,0,0.0,0.0,1.0
10037,Casual,0,0.0,0.0,1.0
10038,Casual,1,47.06,47.06,1.3
10039,Casual,0,0.0,0.0,1.0
10040,Power,24,117.47,2819.34,7.8
10041,Casual,0,0.0,0.0,1.0
10042,Casual,1,16.16,16.16,2.8
10043,Casual,0,0.0,0.0,1.0
10044,Growth,3,22.99,68.98,2.2
10045,Casual,0,0.0,0.0,1.5
10046,Casual,0,0.0,0.0,4.0
10047,Casual,2,37.59,75.18,2.8
10048,Dormant,0,0.0,0.0,1.0
10049,Dormant,1,10.28,10.28,4.6
10050,Power,3,158.88,476.65,1.0
10051,Power,3,96.13,288.38,2.0
10052,Dormant,0,0.0,0.0,1.0
10053,Casual,2,44.53,89.06,2.8
10054,Dormant,0,0.0,0.0,1.0
10055,Growth,1,16.3,16.3,1.0
10056,Power,11,107.15,1178.68,3.2
10057,Casual,0,0.0,0.0,1.0
10058,Dormant,0,0.0,0.0,1.0
10059,Dormant,0,0.0,0.0,3.5
10060,Dormant,0,0.0,0.0,1.0
10061,Casual,1,22.43,22.43,1.1
10062,Dormant,1,14.11,14.11,1.3
10063,Power,47,118.14,5552.56,9.6
10064,Casual,0,0.0,0.0,1.0
10065,Dormant,0,0.0,0.0,1.0
10066,Casual,5,51.49,257.43,8.9
10067,Dormant,0,0.0,0.0,1.0
10068,Growth,4,54.47,217.87,3.2
10069,Power,8,152.01,1216.06,1.2
10070,Casual,3,56.28,168.84,3.2
10071,Dormant,2,24.52,49.03,3.5
10072,Growth,4,38.68,154.73,2.3
10073,Dormant,0,0.0,0.0,1.6
10074,Growth,5,54.7,273.52,3.9
10075,Dormant,0,0.0,0.0,1.0
10076,Casual,1,80.29,80.29,3.4
10077,Growth,5,45.51,227.56,3.1
10078,Dormant,0,0.0,0.0,1.0
10079,Dormant,0,0.0,0.0,1.0
10080,Casual,3,34.97,104.9,3.6
10081,Growth,2,43.81,87.63,1.0
10082,Growth,2,47.27,94.54,2.4
10083,Dormant,0,0.0,0.0,4.6
10084,Casual,2,19.03,38.05,1.0
10085,Dormant,0,0.0,0.0,1.0
10086,Dormant,0,0.0,0.0,1.0
10087,Dormant,0,0.0,0.0,1.0
10088,Growth,5,54.21,271.06,4.9
10089,Casual,0,0.0,0.0,1.0
10090,Casual,1,57.62,57.62,2.1
10091,Power,2,92.41,184.83,2.0
10092,Growth,6,52.14,312.86,4.6
10093,Casual,0,0.0,0.0,1.2
10094,Dormant,1,4.77,4.77,1.0
10095,Casual,1,12.99,12.99,1.0
10096,Power,4,77.59,310.36,1.5
10097,Dormant,0,0.0,0.0,3.5
10098,Growth,3,61.3,183.9,3.0
10099,Growth,3,48.89,146.68,1.3
10100,Dormant,1,19.37,19.37,1.0
10101,Dormant,0,0.0,0.0,1.0
10102,Dormant,0,0.0,0.0,1.3
10103,Dormant,1,16.13,16.13,1.0
10104,Casual,2,41.26,82.52,1.0
10105,Growth,7,63.76,446.31,6.7
10106,Growth,3,55.7,167.1,2.4
10107,Dormant,0,0.0,0.0,1.0
10108,Dormant,0,0.0,0.0,1.0
10109,Growth,5,61.23,306.13,3.4
10110,Casual,1,36.61,36.61,1.4
10111,Growth,11,55.93,615.21,5.9
10112,Growth,0,0.0,0.0,1.1
10113,Dormant,0,0.0,0.0,1.0
10114,Power,9,127.43,1146.86,3.0
10115,Casual,0,0.0,0.0,1.0
10116,Dormant,0,0.0,0.0,1.0
10117,Casual,1,9.25,9.25,1.2
10118,Casual,1,29.07,29.07,1.9
10119,Growth,1,82.58,82.58,1.5
10120,Power,14,95.53,1337.4,4.1
10121,Growth,1,42.87,42.87,1.0
10122,Power,65,92.39,6005.42,20.7
10123,Growth,5,44.11,220.54,4.6
10124,Growth,2,48.37,96.73,3.4
10125,Growth,3,41.22,123.67,2.2
10126,Power,32,97.66,3125.22,8.7
10127,Dormant,0,0.0,0.0,1.0
10128,Growth,3,93.37,280.1,4.6
10129,Casual,0,0.0,0.0,1.5
10130,Dormant,0,0.0,0.0,1.0
10131,Power,13,106.18,1380.28,2.9
10132,Casual,0,0.0,0.0,1.6
10133,Dormant,0,0.0,0.0,1.0
10134,Casual,10,29.13,291.27,5.2
10135,Growth,3,38.69,116.07,1.0
10136,Dormant,0,0.0,0.0,3.8
10137,Dormant,0,0.0,0.0,2.0
10138,Casual,0,0.0,0.0,1.0
10139,Power,6,93.64,561.87,1.0
10140,Power,1,69.3,69.3,1.2
10141,Dormant,0,0.0,0.0,1.4
10142,Growth,5,42.49,212.47,1.8
10143,Growth,2,38.42,76.83,1.5
10144,Casual,2,28.68,57.36,1.4
10145,Dormant,1,7.53,7.53,1.1
10146,Power,5,72.75,363.73,1.0
10147,Power,2,61.01,122.01,1.3
10148,Casual,0,0.0,0.0,2.0
10149,Casual,0,0.0,0.0,1.3
10150,Casual,0,0.0,0.0,1.0
10151,Dormant,1,23.26,23.26,1.1
10152,Power,5,87.07,435.37,1.0
10153,Growth,1,30.84,30.84,1.3
10154,Growth,2,79.43,158.86,1.0
10155,Growth,2,27.39,54.77,1.0
10156,Casual,2,20.29,40.59,2.0
10157,Dormant,0,0.0,0.0,1.0
10158,Growth,1,37.41,37.41,1.3
10159,Dormant,0,0.0,0.0,1.9
10160,Growth,26,57.07,1483.79,13.4
10161,Casual,0,0.0,0.0,1.0
10162,Casual,5,30.36,151.79,5.0
10163,Casual,0,0.0,0.0,1.0
10164,Power,23,124.55,2864.58,6.0
10165,Dormant,0,0.0,0.0,1.4
10166,Dormant,5,12.96,64.81,16.1
10167,Dormant,1,25.93,25.93,1.1
10168,Dormant,0,0.0,0.0,3.6
10169,Growth,7,54.13,378.88,4.4
10170,Casual,0,0.0,0.0,1.0
10171,Growth,18,47.4,853.13,14.8
10172,Dormant,0,0.0,0.0,1.0
10173,Growth,5,52.6,262.98,6.5
10174,Growth,1,31.56,31.56,1.0
10175,Dormant,0,0.0,0.0,1.7
10176,Power,25,94.86,2371.57,9.4
10177,Dormant,0,0.0,0.0,1.0
10178,Growth,2,57.4,114.8,1.0
10179,Casual,0,0.0,0.0,1.0
10180,Dormant,0,0.0,0.0,1.0
10181,Casual,1,16.35,16.35,1.0
10182,Growth,0,0.0,0.0,1.0
10183,Power,16,116.71,1867.43,5.6
10184,Power,28,123.15,3448.22,10.7
10185,Power,4,71.77,287.09,1.0
10186,Casual,0,0.0,0.0,1.3
10187,Growth,8,60.94,487.49,5.8
10188,Growth,4,27.61,110.45,3.5
10189,Growth,1,43.01,43.01,1.1
10190,Dormant,0,0.0,0.0,1.5
10191,Power,9,142.64,1283.8,6.0
10192,Growth,2,30.25,60.49,3.6
10193,Casual,1,13.4,13.4,8.8
10194,Power,17,115.15,1957.55,2.5
10195,Dormant,0,0.0,0.0,1.7
10196,Power,10,102.28,1022.79,4.3
10197,Dormant,0,0.0,0.0,1.0
10198,Casual,0,0.0,0.0,1.0
10199,Dormant,0,0.0,0.0,1.1
10200,Casual,0,0.0,0.0,1.8
10201,Dormant,0,0.0,0.0,1.0
10202,Casual,0,0.0,0.0,1.0
10203,Casual,2,15.08,30.17,1.5
10204,Dormant,0,0.0,0.0,1.9
10205,Casual,0,0.0,0.0,1.0
10206,Casual,1,70.83,70.83,4.1
10207,Growth,10,67.01,670.15,6.7
10208,Growth,1,41.37,41.37,1.0
10209,Growth,2,89.4,178.8,4.1
10210,Power,6,81.07,486.4,1.0
10211,Casual,0,0.0,0.0,1.5
10212,Power,7,59.1,413.71,4.1
10213,Casual,0,0.0,0.0,1.0
10214,Dormant,1,11.96,11.96,1.4
10215,Casual,0,0.0,0.0,1.0
10216,Dormant,0,0.0,0.0,1.8
10217,Power,8,121.54,972.3,2.4
10218,Power,3,111.79,335.37,1.0
10219,Dormant,0,0.0,0.0,1.0
10220,Dormant,0,0.0,0.0,2.9
10221,Dormant,0,0.0,0.0,1.1
10222,Casual,1,7.72,7.72,2.4
10223,Dormant,0,0.0,0.0,1.0
10224,Dormant,0,0.0,0.0,2.1
10225,Dormant,0,0.0,0.0,2.3
10226,Dormant,0,0.0,0.0,1.0
10227,Power,5,127.83,639.17,2.9
10228,Power,5,96.39,481.97,1.5
10229,Casual,1,87.95,87.95,2.1
10230,Casual,0,0.0,0.0,1.0
10231,Dormant,0,0.0,0.0,1.0
10232,Growth,34,52.99,1801.65,19.7
10233,Growth,3,51.73,155.18,2.2
10234,Dormant,0,0.0,0.0,1.5
10235,Growth,5,51.83,259.13,3.2
10236,Dormant,0,0.0,0.0,1.4
10237,Growth,2,36.21,72.41,1.0
10238,Growth,12,64.69,776.26,8.1
10239,Casual,1,49.72,49.72,4.1
10240,Growth,0,0.0,0.0,1.0
10241,Power,4,112.98,451.92,1.0
10242,Growth,0,0.0,0.0,1.0
10243,Growth,2,66.5,133.0,2.7
10244,Growth,4,73.95,295.79,4.6
10245,Dormant,0,0.0,0.0,3.1
10246,Power,5,81.77,408.86,1.0
10247,Casual,1,43.61,43.61,2.4
10248,Power,52,115.13,5986.83,17.2
10249,Dormant,0,0.0,0.0,1.8
10250,Dormant,0,0.0,0.0,2.6
10251,Dormant,0,0.0,0.0,1.9
10252,Dormant,0,0.0,0.0,1.0
10253,Growth,2,21.76,43.52,1.5
10254,Dormant,0,0.0,0.0,2.6
10255,Growth,2,48.13,96.26,2.6
10256,Dormant,0,0.0,0.0,1.0
10257,Casual,0,0.0,0.0,1.0
10258,Casual,3,35.06,105.19,4.2
10259,Dormant,1,10.22,10.22,1.0
10260,Dormant,1,5.61,5.61,6.0
10261,Dormant,0,0.0,0.0,1.0
10262,Power,43,104.42,4490.17,13.9
10263,Growth,12,65.4,784.79,10.2
10264,Growth,0,0.0,0.0,1.1
10265,Casual,0,0.0,0.0,1.0
10266,Casual,1,12.68,12.68,1.1
10267,Growth,3,21.37,64.11,3.3
10268,Dormant,0,0.0,0.0,1.0
10269,Growth,5,53.03,265.17,2.7
10270,Dormant,0,0.0,0.0,1.0
10271,Dormant,0,0.0,0.0,6.9
10272,Casual,1,20.66,20.66,1.0
10273,Growth,5,49.03,245.13,3.7
10274,Growth,6,46.9,281.43,3.1
10275,Growth,6,42.98,257.88,3.8
10276,Dormant,0,0.0,0.0,1.5
10277,Casual,1,32.56,32.56,3.6
10278,Power,1,333.95,333.95,1.0
10279,Dormant,1,20.1,20.1,1.5
10280,Casual,3,20.62,61.86,5.4
10281,Dormant,0,0.0,0.0,1.9
10282,Casual,1,34.4,34.4,1.0
10283,Dormant,1,22.17,22.17,3.1
10284,Growth,0,0.0,0.0,1.3
10285,Growth,1,56.67,56.67,1.0
10286,Dormant,0,0.0,0.0,1.8
10287,Dormant,0,0.0,0.0,1.0
10288,Casual,1,51.05,51.05,1.6
10289,Growth,18,55.61,1000.92,11.8
10290,Growth,1,51.41,51.41,1.0
10291,Dormant,0,0.0,0.0,1.2
10292,Dormant,0,0.0,0.0,1.8
10293,Growth,9,54.94,494.44,5.9
10294,Power,15,118.07,1771.06,4.5
10295,Casual,0,0.0,0.0,3.1
10296,Dormant,0,0.0,0.0,1.0
10297,Casual,1,16.61,16.61,3.0
10298,Casual,1,40.91,40.91,1.2
10299,Dormant,0,0.0,0.0,1.2
10300,Growth,3,51.98,155.95,1.0
10301,Casual,1,22.01,22.01,1.6
10302,Casual,1,25.52,25.52,2.9
10303,Casual,2,43.65,87.29,1.6
10304,Dormant,0,0.0,0.0,3.4
10305,Casual,3,18.64,55.91,1.9
10306,Casual,0,0.0,0.0,1.0
10307,Growth,0,0.0,0.0,1.0
10308,Dormant,3,11.25,33.76,7.3
10309,Growth,0,0.0,0.0,1.0
10310,Power,3,103.0,309.0,1.4
10311,Casual,1,26.58,26.58,1.2
10312,Casual,1,22.16,22.16,1.0
10313,Dormant,0,0.0,0.0,1.0
10314,Dormant,0,0.0,0.0,1.0
10315,Dormant,0,0.0,0.0,2.5
10316,Growth,3,44.08,132.25,1.0
10317,Casual,0,0.0,0.0,1.8
10318,Dormant,1,7.26,7.26,2.0
10319,Casual,1,39.08,39.08,1.2
10320,Dormant,0,0.0,0.0,1.0
10321,Casual,2,44.18,88.36,4.6
10322,Growth,1,81.19,81.19,1.0
10323,Casual,2,33.78,67.56,5.1
10324,Growth,2,76.68,153.35,1.0
10325,Power,5,63.95,319.74,1.0
10326,Growth,4,34.21,136.84,2.4
10327,Growth,3,48.43,145.3,1.9
10328,Casual,1,22.0,22.0,1.3
10329,Dormant,0,0.0,0.0,1.1
10330,Casual,2,45.25,90.49,1.2
10331,Dormant,0,0.0,0.0,1.5
10332,Casual,0,0.0,0.0,1.0
10333,Power,5,125.99,629.96,1.0
10334,Growth,15,54.58,818.73,9.9
10335,Dormant,1,30.22,30.22,2.6
10336,Casual,2,23.83,47.66,1.0
10337,Dormant,0,0.0,0.0,1.0
10338,Growth,11,39.94,439.36,12.2
10339,Dormant,2,14.33,28.66,1.0
10340,Dormant,0,0.0,0.0,1.0
10341,Dormant,0,0.0,0.0,1.0
10342,Power,4,140.25,561.01,1.9
10343,Dormant,0,0.0,0.0,1.0
10344,Casual,1,31.65,31.65,1.0
10345,Dormant,0,0.0,0.0,1.0
10346,Casual,1,16.59,16.59,2.0
10347,Casual,1,4.9,4.9,4.8
10348,Growth,15,49.24,738.61,12.7
10349,Dormant,0,0.0,0.0,1.1
10350,Growth,9,56.61,509.52,4.4
10351,Casual,0,0.0,0.0,2.4
10352,Casual,0,0.0,0.0,2.1
10353,Dormant,0,0.0,0.0,1.0
10354,Casual,0,0.0,0.0,1.0
10355,Dormant,0,0.0,0.0,1.5
10356,Casual,1,35.77,35.77,1.2
10357,Casual,0,0.0,0.0,1.0
10358,Casual,1,31.23,31.23,1.0
10359,Dormant,0,0.0,0.0,1.0
10360,Dormant,0,0.0,0.0,2.2
10361,Casual,0,0.0,0.0,1.6
10362,Growth,7,47.11,329.77,8.3
10363,Casual,2,29.75,59.49,2.5
10364,Power,23,94.01,2162.21,8.5
10365,Growth,12,56.21,674.51,10.7
10366,Dormant,0,0.0,0.0,1.1
10367,Casual,0,0.0,0.0,1.0
10368,Casual,1,42.18,42.18,1.0
10369,Dormant,0,0.0,0.0,1.0
10370,Growth,5,58.1,290.52,2.1
10371,Power,6,131.42,788.51,1.0
10372,Power,7,85.1,595.69,2.1
10373,Growth,3,75.85,227.55,1.6
10374,Dormant,1,21.3,21.3,1.5
10375,Dormant,0,0.0,0.0,1.0
10376,Casual,1,34.59,34.59,2.0
10377,Growth,3,48.83,146.48,1.9
10378,Casual,0,0.0,0.0,1.0
10379,Power,7,106.57,745.98,2.2
10380,Dormant,0,0.0,0.0,1.0
10381,Casual,1,22.63,22.63,1.0
10382,Power,18,133.83,2408.86,5.5
10383,Dormant,1,15.05,15.05,3.6
10384,Dormant,0,0.0,0.0,1.0
10385,Growth,17,50.48,858.09,10.1
10386,Casual,1,25.32,25.32,1.0
10387,Casual,1,10.45,10.45,1.8
10388,Growth,6,66.48,398.88,4.6
10389,Growth,3,48.55,145.66,5.3
10390,Dormant,0,0.0,0.0,1.6
10391,Dormant,0,0.0,0.0,1.0
10392,Casual,1,75.52,75.52,1.0
10393,Casual,2,54.86,109.71,1.0
10394,Casual,0,0.0,0.0,1.0
10395,Casual,1,35.22,35.22,1.0
10396,Power,27,96.22,2597.86,7.1
10397,Casual,1,35.11,35.11,1.0
10398,Dormant,0,0.0,0.0,1.5
10399,Dormant,1,6.94,6.94,1.3
10400,Dormant,0,0.0,0.0,1.0
10401,Growth,5,62.11,310.56,3.0
10402,Casual,2,41.82,83.64,5.0
10403,Casual,0,0.0,0.0,1.0
10404,Growth,3,90.72,272.15,1.0
10405,Growth,17,57.11,970.89,10.3
10406,Dormant,0,0.0,0.0,1.0
10407,Casual,0,0.0,0.0,1.5
10408,Casual,2,35.89,71.79,1.9
10409,Growth,10,57.83,578.34,3.5
10410,Casual,1,9.09,9.09,1.0
10411,Power,3,90.3,270.91,1.2
10412,Growth,1,35.53,35.53,1.0
10413,Casual,1,33.56,33.56,1.7
10414,Growth,2,75.34,150.68,1.0
10415,Dormant,0,0.0,0.0,1.5
10416,Casual,3,55.84,167.53,7.4
10417,Power,39,104.58,4078.63,11.2
10418,Power,5,111.66,558.29,1.0
10419,Dormant,0,0.0,0.0,1.0
10420,Growth,1,40.16,40.16,1.0
10421,Growth,1,15.67,15.67,1.4
10422,Casual,1,27.14,27.14,1.0
10423,Growth,5,64.38,321.92,3.6
10424,Casual,3,28.12,84.35,3.6
10425,Casual,1,74.31,74.31,2.5
10426,Power,12,89.88,1078.51,3.6
10427,Dormant,0,0.0,0.0,1.0
10428,Casual,2,22.78,45.55,4.5
10429,Casual,1,33.58,33.58,1.0
10430,Power,41,92.57,3795.28,11.4
10431,Casual,0,0.0,0.0,1.1
10432,Growth,2,86.13,172.27,1.0
10433,Casual,0,0.0,0.0,1.0
10434,Growth,11,38.76,426.34,6.6
10435,Dormant,0,0.0,0.0,1.0
10436,Growth,5,45.36,226.82,4.0
10437,Dormant,0,0.0,0.0,1.0
10438,Dormant,0,0.0,0.0,2.0
10439,Casual,2,34.69,69.37,1.0
10440,Growth,0,0.0,0.0,1.0
10441,Casual,0,0.0,0.0,1.0
10442,Dormant,0,0.0,0.0,1.0
10443,Casual,0,0.0,0.0,1.1
10444,Casual,3,44.41,133.22,9.1
10445,Power,8,126.24,1009.93,2.3
10446,Dormant,0,0.0,0.0,2.3
10447,Power,20,122.08,2441.66,5.1
10448,Power,31,100.69,3121.33,7.5
10449,Growth,1,84.75,84.75,1.0
10450,Casual,0,0.0,0.0,3.0
10451,Dormant,0,0.0,0.0,1.0
10452,Dormant,1,19.17,19.17,1.0
10453,Growth,6,41.48,248.86,2.7
10454,Casual,0,0.0,0.0,1.2
10455,Dormant,0,0.0,0.0,1.7
10456,Casual,2,14.21,28.42,1.3
10457,Growth,6,49.9,299.4,1.1
10458,Casual,0,0.0,0.0,1.0
10459,Casual,1,37.06,37.06,2.5
10460,Dormant,0,0.0,0.0,1.0
10461,Casual,2,25.74,51.47,1.1
10462,Power,7,78.07,546.49,3.1
10463,Dormant,2,17.41,34.82,1.1
10464,Growth,0,0.0,0.0,1.0
10465,Dormant,0,0.0,0.0,2.4
10466,Casual,2,19.98,39.95,7.9
10467,Growth,0,0.0,0.0,1.0
10468,Casual,0,0.0,0.0,1.4
10469,Growth,3,35.33,105.98,1.0
10470,Growth,4,40.66,162.66,1.3
10471,Casual,0,0.0,0.0,3.7
10472,Dormant,0,0.0,0.0,1.0
10473,Dormant,0,0.0,0.0,1.0
10474,Casual,0,0.0,0.0,1.0
10475,Power,48,106.59,5116.5,12.8
10476,Casual,0,0.0,0.0,1.0
10477,Casual,0,0.0,0.0,1.0
10478,Growth,7,77.12,539.83,5.3
10479,Dormant,0,0.0,0.0,1.3
10480,Dormant,0,0.0,0.0,1.6
10481,Power,5,89.58,447.88,1.0
10482,Dormant,0,0.0,0.0,3.9
10483,Casual,1,19.85,19.85,1.9
10484,Growth,2,57.82,115.64,4.6
10485,Casual,0,0.0,0.0,1.0
10486,Growth,7,47.65,333.57,5.4
10487,Power,7,109.44,766.06,1.9
10488,Dormant,0,0.0,0.0,1.0
10489,Casual,1,59.32,59.32,1.0
10490,Growth,9,52.27,470.43,3.3
10491,Casual,0,0.0,0.0,1.0
10492,Dormant,2,23.59,47.17,1.5
10493,Casual,3,24.86,74.58,2.7
10494,Dormant,2,20.27,40.55,1.3
10495,Dormant,0,0.0,0.0,1.0
10496,Growth,5,44.84,224.18,3.5
10497,Dormant,0,0.0,0.0,1.4
10498,Casual,1,31.38,31.38,1.0
10499,Dormant,2,20.35,40.7,3.1
10500,Casual,2,45.66,91.33,1.0
10501,Power,22,98.71,2171.63,5.4
10502,Growth,2,60.19,120.38,1.5
10503,Casual,0,0.0,0.0,1.0
10504,Dormant,0,0.0,0.0,1.0
10505,Dormant,0,0.0,0.0,1.0
10506,Casual,0,0.0,0.0,1.0
10507,Power,7,88.58,620.06,3.0
10508,Power,18,114.71,2064.8,6.0
10509,Dormant,0,0.0,0.0,1.0
10510,Casual,0,0.0,0.0,1.0
10511,Dormant,0,0.0,0.0,1.0
10512,Growth,2,139.93,279.85,1.0
10513,Casual,0,0.0,0.0,1.1
10514,Dormant,0,0.0,0.0,1.0
10515,Growth,4,45.0,180.01,1.9
10516,Power,19,103.19,1960.62,4.0
10517,Casual,0,0.0,0.0,1.0
10518,Casual,3,41.79,125.37,6.4
10519,Dormant,0,0.0,0.0,1.0
10520,Dormant,0,0.0,0.0,1.7
10521,Dormant,0,0.0,0.0,1.0
10522,Power,13,130.27,1693.54,4.0
10523,Casual,0,0.0,0.0,1.0
10524,Dormant,0,0.0,0.0,1.3
10525,Casual,2,31.22,62.45,3.4
10526,Dormant,0,0.0,0.0,1.1
10527,Casual,0,0.0,0.0,1.7
10528,Power,27,93.06,2512.51,9.1
10529,Casual,1,17.78,17.78,4.5
10530,Dormant,1,14.6,14.6,1.0
10531,Power,9,64.19,577.68,2.5
10532,Growth,12,49.03,588.42,6.6
10533,Dormant,1,16.69,16.69,3.2
10534,Growth,1,37.48,37.48,2.2
10535,Growth,4,60.31,241.22,4.9
10536,Dormant,3,16.18,48.53,4.3
10537,Dormant,0,0.0,0.0,1.0
10538,Casual,0,0.0,0.0,1.3
10539,Dormant,1,31.3,31.3,2.4
10540,Dormant,0,0.0,0.0,1.0
10541,Casual,5,22.46,112.3,4.4
10542,Growth,0,0.0,0.0,1.0
10543,Dormant,0,0.0,0.0,1.0
10544,Growth,4,55.29,221.15,1.3
10545,Dormant,2,33.54,67.08,8.1
10546,Casual,0,0.0,0.0,1.2
10547,Casual,1,7.27,7.27,3.1
10548,Casual,1,36.98,36.98,2.0
10549,Casual,0,0.0,0.0,1.0
10550,Dormant,0,0.0,0.0,1.9
10551,Growth,3,39.13,117.39,1.0
10552,Dormant,0,0.0,0.0,1.0
10553,Power,2,84.93,169.86,1.1
10554,Dormant,0,0.0,0.0,1.0
10555,Dormant,0,0.0,0.0,1.0
10556,Casual,1,9.7,9.7,1.2
10557,Power,27,100.49,2713.18,9.5
10558,Dormant,0,0.0,0.0,1.0
10559,Dormant,1,11.21,11.21,2.1
10560,Growth,2,57.5,115.01,1.1
10561,Casual,0,0.0,0.0,1.0
10562,Dormant,0,0.0,0.0,2.8
10563,Growth,3,49.43,148.29,1.0
10564,Casual,2,23.05,46.1,1.0
10565,Casual,0,0.0,0.0,1.0
10566,Growth,1,28.77,28.77,1.4
10567,Dormant,0,0.0,0.0,1.0
10568,Growth,2,18.09,36.19,2.6
10569,Dormant,0,0.0,0.0,1.3
10570,Casual,0,0.0,0.0,1.1
10571,Casual,0,0.0,0.0,1.0
10572,Casual,1,80.91,80.91,1.3
10573,Casual,2,30.54,61.07,2.1
10574,Dormant,0,0.0,0.0,1.0
10575,Casual,2,29.01,58.02,1.6
10576,Dormant,0,0.0,0.0,1.2
10577,Casual,1,28.39,28.39,1.5
10578,Growth,8,82.66,661.28,11.5
10579,Power,1,119.97,119.97,1.0
10580,Dormant,0,0.0,0.0,2.9
10581,Casual,2,19.75,39.5,5.0
10582,Casual,0,0.0,0.0,1.3
10583,Casual,0,0.0,0.0,1.0
10584,Casual,0,0.0,0.0,1.6
10585,Dormant,0,0.0,0.0,2.0
10586,Casual,1,44.78,44.78,2.9
10587,Dormant,0,0.0,0.0,1.1
10588,Growth,5,57.35,286.76,4.2
10589,Casual,0,0.0,0.0,1.0
10590,Power,13,144.98,1884.72,4.2
10591,Dormant,0,0.0,0.0,1.0
10592,Casual,2,47.6,95.19,1.0
10593,Casual,0,0.0,0.0,1.0
10594,Dormant,0,0.0,0.0,2.1
10595,Casual,2,12.2,24.39,3.4
10596,Growth,3,42.45,127.34,3.6
10597,Casual,8,30.02,240.13,11.2
10598,Power,0,0.0,0.0,1.0
10599,Dormant,0,0.0,0.0,1.0
10600,Dormant,2,15.88,31.76,1.2
10601,Dormant,0,0.0,0.0,1.0
10602,Dormant,1,10.13,10.13,1.0
10603,Dormant,0,0.0,0.0,1.0
10604,Casual,0,0.0,0.0,1.0
10605,Power,14,113.21,1584.91,7.1
10606,Casual,2,13.83,27.66,2.4
10607,Dormant,1,12.63,12.63,5.2
10608,Dormant,0,0.0,0.0,2.9
10609,Dormant,0,0.0,0.0,2.8
10610,Growth,3,22.58,67.74,5.1
10611,Growth,0,0.0,0.0,1.5
10612,Dormant,0,0.0,0.0,1.0
10613,Growth,1,29.42,29.42,1.4
10614,Casual,1,33.62,33.62,1.0
10615,Casual,2,36.42,72.84,1.0
10616,Growth,2,86.82,173.64,4.4
10617,Casual,1,21.26,21.26,1.3
10618,Dormant,0,0.0,0.0,1.3
10619,Dormant,0,0.0,0.0,1.0
10620,Casual,0,0.0,0.0,1.0
10621,Casual,2,9.47,18.95,2.2
10622,Dormant,0,0.0,0.0,1.0
10623,Casual,0,0.0,0.0,1.8
10624,Casual,2,42.9,85.79,1.0
10625,Dormant,1,3.51,3.51,4.4
10626,Growth,7,59.31,415.15,6.3
10627,Power,20,113.29,2265.71,4.2
10628,Dormant,0,0.0,0.0,1.0
10629,Casual,2,45.53,91.07,1.1
10630,Growth,5,37.22,186.09,3.9
10631,Growth,2,41.53,83.06,2.6
10632,Dormant,0,0.0,0.0,1.6
10633,Casual,0,0.0,0.0,1.0
10634,Casual,2,21.87,43.74,1.0
10635,Power,4,105.04,420.16,1.0
10636,Dormant,0,0.0,0.0,1.0
10637,Dormant,0,0.0,0.0,1.6
10638,Casual,0,0.0,0.0,1.5
10639,Growth,0,0.0,0.0,2.9
10640,Dormant,0,0.0,0.0,1.4
10641,Dormant,1,12.72,12.72,1.5
10642,Dormant,0,0.0,0.0,1.5
10643,Dormant,1,8.5,8.5,1.2
10644,Casual,0,0.0,0.0,2.1
10645,Growth,1,28.55,28.55,1.0
10646,Casual,0,0.0,0.0,1.0
10647,Dormant,0,0.0,0.0,1.0
10648,Growth,7,79.33,555.33,10.8
10649,Growth,2,48.38,96.76,1.0
10650,Dormant,0,0.0,0.0,1.4
10651,Casual,3,19.62,58.87,5.2
10652,Dormant,0,0.0,0.0,1.7
10653,Growth,3,67.55,202.64,1.0
10654,Growth,0,0.0,0.0,1.0
10655,Growth,1,20.02,20.02,1.0
10656,Dormant,0,0.0,0.0,1.0
10657,Dormant,0,0.0,0.0,1.0
10658,Casual,1,41.36,41.36,3.1
10659,Casual,0,0.0,0.0,1.3
10660,Growth,2,116.9,233.8,1.0
10661,Dormant,0,0.0,0.0,1.0
10662,Dormant,0,0.0,0.0,1.0
10663,Dormant,0,0.0,0.0,2.4
10664,Growth,0,0.0,0.0,1.0
10665,Casual,3,30.91,92.73,6.2
10666,Growth,0,0.0,0.0,1.0
10667,Power,9,71.42,642.75,4.0
10668,Growth,2,61.8,123.6,2.7
10669,Power,30,108.74,3262.15,7.6
10670,Growth,6,79.63,477.79,2.2
10671,Dormant,0,0.0,0.0,2.1
10672,Growth,1,45.47,45.47,1.0
10673,Dormant,1,20.15,20.15,3.4
10674,Dormant,0,0.0,0.0,1.0
10675,Casual,1,28.11,28.11,2.5
10676,Casual,0,0.0,0.0,1.0
10677,Dormant,0,0.0,0.0,2.5
10678,Power,36,110.87,3991.32,6.8
10679,Casual,3,37.92,113.75,3.8
10680,Casual,0,0.0,0.0,1.0
10681,Dormant,0,0.0,0.0,1.9
10682,Dormant,0,0.0,0.0,1.0
10683,Dormant,0,0.0,0.0,1.0
10684,Dormant,2,17.56,35.11,1.0
10685,Casual,0,0.0,0.0,1.2
10686,Dormant,0,0.0,0.0,1.0
10687,Dormant,0,0.0,0.0,1.0
10688,Casual,3,34.23,102.68,9.1
10689,Dormant,0,0.0,0.0,1.0
10690,Dormant,0,0.0,0.0,1.0
10691,Casual,0,0.0,0.0,1.8
10692,Power,20,130.85,2617.0,7.6
10693,Growth,5,68.19,340.95,1.7
10694,Dormant,1,14.89,14.89,1.0
10695,Power,21,118.9,2496.97,5.5
10696,Casual,0,0.0,0.0,1.0
10697,Casual,1,28.06,28.06,1.0
10698,Dormant,0,0.0,0.0,1.0
10699,Dormant,0,0.0,0.0,1.0
10700,Dormant,0,0.0,0.0,1.6
10701,Casual,2,19.22,38.44,5.1
10702,Growth,8,38.53,308.21,7.3
10703,Casual,1,15.84,15.84,1.0
10704,Growth,3,34.75,104.25,1.2
10705,Casual,0,0.0,0.0,1.0
10706,Dormant,0,0.0,0.0,1.0
10707,Casual,0,0.0,0.0,1.6
10708,Casual,1,56.96,56.96,2.9
10709,Casual,0,0.0,0.0,1.0
10710,Dormant,0,0.0,0.0,1.1
10711,Casual,1,23.56,23.56,3.9
10712,Casual,0,0.0,0.0,1.0
10713,Growth,0,0.0,0.0,1.4
10714,Casual,0,0.0,0.0,1.0
10715,Growth,2,50.93,101.86,1.5
10716,Casual,2,68.45,136.9,1.0
10717,Dormant,0,0.0,0.0,1.0
10718,Power,88,113.78,10013.02,26.9
10719,Casual,1,63.69,63.69,2.5
10720,Growth,4,90.85,363.41,1.0
10721,Growth,6,32.59,195.52,4.4
10722,Power,3,252.04,756.11,1.0
10723,Growth,0,0.0,0.0,1.0
10724,Dormant,0,0.0,0.0,1.0
10725,Dormant,0,0.0,0.0,1.0
10726,Dormant,0,0.0,0.0,1.0
10727,Casual,2,50.88,101.75,1.0
10728,Dormant,0,0.0,0.0,2.8
10729,Dormant,0,0.0,0.0,1.1
10730,Casual,0,0.0,0.0,1.0
10731,Power,1,83.9,83.9,1.0
10732,Dormant,1,18.88,18.88,1.0
10733,Dormant,0,0.0,0.0,6.0
10734,Growth,1,30.27,30.27,1.8
10735,Casual,3,34.5,103.5,2.8
10736,Casual,0,0.0,0.0,1.1
10737,Casual,1,9.8,9.8,1.5
10738,Dormant,0,0.0,0.0,2.8
10739,Casual,3,44.23,132.69,8.0
10740,Dormant,0,0.0,0.0,1.3
10741,Dormant,0,0.0,0.0,1.0
10742,Power,20,76.72,1534.35,6.5
10743,Dormant,0,0.0,0.0,1.0
10744,Dormant,0,0.0,0.0,1.0
10745,Casual,1,100.01,100.01,2.3
10746,Casual,2,22.7,45.39,5.6
10747,Dormant,0,0.0,0.0,1.8
10748,Casual,3,24.2,72.61,2.2
10749,Growth,5,47.92,239.59,2.7
10750,Growth,1,14.23,14.23,1.0
10751,Growth,1,96.85,96.85,1.3
10752,Dormant,0,0.0,0.0,2.3
10753,Growth,8,44.69,357.55,2.3
10754,Casual,0,0.0,0.0,1.0
10755,Casual,3,40.98,122.94,6.9
10756,Dormant,0,0.0,0.0,1.0
10757,Casual,1,59.36,59.36,4.0
10758,Dormant,2,8.79,17.59,2.1
10759,Dormant,0,0.0,0.0,1.0
10760,Growth,2,47.52,95.04,1.0
10761,Dormant,2,6.81,13.63,2.7
10762,Growth,1,47.24,47.24,1.0
10763,Dormant,0,0.0,0.0,1.0
10764,Casual,0,0.0,0.0,3.4
10765,Growth,2,32.37,64.75,1.6
10766,Growth,2,37.91,75.81,1.3
10767,Casual,0,0.0,0.0,1.0
10768,Dormant,0,0.0,0.0,1.0
10769,Dormant,0,0.0,0.0,1.0
10770,Power,49,128.33,6288.02,16.9
10771,Growth,3,32.06,96.18,1.0
10772,Casual,0,0.0,0.0,1.0
10773,Casual,3,37.92,113.77,2.1
10774,Growth,1,29.72,29.72,1.0
10775,Growth,3,21.52,64.56,2.3
10776,Dormant,0,0.0,0.0,1.0
10777,Casual,1,97.87,97.87,1.6
10778,Dormant,0,0.0,0.0,1.0
10779,Casual,0,0.0,0.0,1.5
10780,Casual,0,0.0,0.0,1.0
10781,Casual,2,25.43,50.85,1.0
10782,Growth,2,42.51,85.02,2.3
10783,Growth,3,29.37,88.12,2.6
10784,Dormant,0,0.0,0.0,1.0
10785,Dormant,0,0.0,0.0,1.1
10786,Dormant,1,9.87,9.87,1.4
10787,Growth,2,43.27,86.55,2.9
10788,Power,24,103.97,2495.25,5.3
10789,Growth,1,17.53,17.53,1.0
10790,Dormant,0,0.0,0.0,1.0
10791,Dormant,0,0.0,0.0,1.4
10792,Casual,1,22.35,22.35,1.4
10793,Dormant,0,0.0,0.0,1.0
10794,Growth,3,50.79,152.38,5.1
10795,Casual,1,64.01,64.01,2.5
10796,Growth,3,68.2,204.6,1.6
10797,Growth,2,27.88,55.76,1.9
10798,Dormant,0,0.0,0.0,1.7
10799,Dormant,0,0.0,0.0,1.2
10800,Power,6,84.7,508.18,1.7
10801,Growth,1,38.53,38.53,1.0
10802,Casual,0,0.0,0.0,1.1
10803,Power,29,103.77,3009.21,11.9
10804,Casual,1,42.68,42.68,2.6
10805,Casual,0,0.0,0.0,1.0
10806,Growth,2,30.62,61.23,1.0
10807,Growth,0,0.0,0.0,1.0
10808,Growth,5,42.89,214.45,3.2
10809,Dormant,1,16.91,16.91,1.0
10810,Casual,0,0.0,0.0,1.0
10811,Casual,2,33.62,67.24,1.8
10812,Growth,1,12.64,12.64,1.8
10813,Dormant,0,0.0,0.0,1.6
10814,Power,10,88.63,886.27,3.1
10815,Power,7,111.43,779.98,3.0
10816,Dormant,0,0.0,0.0,1.0
10817,Dormant,0,0.0,0.0,1.3
10818,Growth,4,42.41,169.64,2.8
10819,Growth,3,75.02,225.06,3.7
10820,Dormant,0,0.0,0.0,3.3
10821,Power,3,188.04,564.12,1.0
10822,Growth,2,52.65,105.31,1.0
10823,Casual,2,38.28,76.55,2.8
10824,Growth,3,36.03,108.1,1.0
10825,Casual,1,23.24,23.24,3.1
10826,Dormant,0,0.0,0.0,1.9
10827,Casual,3,24.75,74.24,2.8
10828,Casual,0,0.0,0.0,2.0
10829,Casual,2,12.48,24.96,5.2
10830,Dormant,0,0.0,0.0,1.0
10831,Power,4,82.84,331.35,1.7
10832,Growth,4,34.49,137.95,2.5
10833,Dormant,0,0.0,0.0,1.0
10834,Growth,3,40.94,122.82,2.6
10835,Power,12,89.2,1070.37,4.2
10836,Growth,16,45.62,729.97,7.5
10837,Dormant,0,0.0,0.0,1.0
10838,Growth,5,39.39,196.96,2.9
10839,Dormant,1,7.3,7.3,3.9
10840,Dormant,0,0.0,0.0,1.0
10841,Casual,0,0.0,0.0,1.0
10842,Growth,4,82.46,329.85,2.6
10843,Dormant,0,0.0,0.0,1.0
10844,Growth,11,62.81,690.87,6.6
10845,Dormant,0,0.0,0.0,1.0
10846,Dormant,1,13.92,13.92,2.9
10847,Power,19,108.3,2057.74,6.2
10848,Dormant,0,0.0,0.0,1.0
10849,Casual,0,0.0,0.0,2.6
10850,Casual,0,0.0,0.0,1.0
10851,Casual,2,42.16,84.33,1.1
10852,Casual,0,0.0,0.0,1.0
10853,Dormant,0,0.0,0.0,2.8
10854,Dormant,0,0.0,0.0,1.0
10855,Growth,3,35.06,105.19,3.1
10856,Casual,0,0.0,0.0,1.0
10857,Dormant,0,0.0,0.0,1.8
10858,Casual,0,0.0,0.0,1.1
10859,Casual,1,12.99,12.99,3.4
10860,Casual,0,0.0,0.0,1.0
10861,Dormant,0,0.0,0.0,1.0
10862,Growth,2,98.87,197.75,2.5
10863,Growth,11,60.41,664.53,5.7
10864,Casual,0,0.0,0.0,1.0
10865,Growth,2,39.23,78.47,2.5
10866,Power,4,187.96,751.85,1.7
10867,Power,7,81.63,571.44,1.0
10868,Dormant,0,0.0,0.0,1.0
10869,Dormant,0,0.0,0.0,2.9
10870,Casual,0,0.0,0.0,1.0
10871,Growth,0,0.0,0.0,1.1
10872,Dormant,0,0.0,0.0,2.8
10873,Growth,3,28.86,86.59,2.7
10874,Dormant,0,0.0,0.0,2.5
10875,Casual,2,30.68,61.36,1.0
10876,Growth,2,114.31,228.63,1.7
10877,Casual,2,27.57,55.14,3.5
10878,Growth,1,42.17,42.17,1.1
10879,Dormant,1,22.24,22.24,3.8
10880,Power,27,110.27,2977.35,8.8
10881,Dormant,0,0.0,0.0,2.0
10882,Dormant,0,0.0,0.0,1.5
10883,Dormant,0,0.0,0.0,1.8
10884,Dormant,0,0.0,0.0,2.3
10885,Growth,0,0.0,0.0,1.0
10886,Casual,0,0.0,0.0,1.0
10887,Dormant,0,0.0,0.0,1.0
10888,Casual,4,40.78,163.12,5.0
10889,Power,17,133.08,2262.41,5.9
10890,Growth,1,72.22,72.22,1.2
10891,Growth,6,48.14,288.87,8.7
10892,Dormant,0,0.0,0.0,2.4
10893,Casual,1,13.68,13.68,1.7
10894,Dormant,0,0.0,0.0,1.0
10895,Dormant,1,14.62,14.62,1.0
10896,Growth,4,54.59,218.36,2.1
10897,Dormant,1,28.22,28.22,4.1
10898,Power,39,104.85,4089.18,13.4
10899,Power,19,123.8,2352.13,7.7
10900,Growth,3,52.01,156.02,2.6
10901,Growth,36,42.87,1543.34,25.8
10902,Casual,0,0.0,0.0,1.2
10903,Casual,5,44.17,220.86,7.9
10904,Growth,1,50.14,50.14,1.0
10905,Power,3,78.77,236.31,1.0
10906,Casual,0,0.0,0.0,1.0
10907,Power,8,88.42,707.36,3.9
10908,Dormant,0,0.0,0.0,1.0
10909,Dormant,0,0.0,0.0,1.0
10910,Dormant,1,40.11,40.11,5.7
10911,Casual,0,0.0,0.0,1.0
10912,Casual,2,38.45,76.9,1.0
10913,Casual,0,0.0,0.0,2.1
10914,Dormant,0,0.0,0.0,2.2
10915,Dormant,1,7.86,7.86,1.2
10916,Casual,0,0.0,0.0,1.4
10917,Casual,2,25.52,51.05,4.2
10918,Dormant,0,0.0,0.0,1.0
10919,Power,16,108.72,1739.52,8.6
10920,Casual,0,0.0,0.0,1.5
10921,Casual,1,54.74,54.74,2.5
10922,Dormant,0,0.0,0.0,1.0
10923,Casual,1,23.21,23.21,1.0
10924,Growth,19,35.84,680.9,7.4
10925,Growth,2,32.04,64.08,1.0
10926,Casual,0,0.0,0.0,2.2
10927,Dormant,2,22.83,45.66,6.1
10928,Dormant,0,0.0,0.0,1.0
10929,Growth,3,52.9,158.71,1.3
10930,Growth,5,77.61,388.06,3.0
10931,Dormant,0,0.0,0.0,1.0
10932,Dormant,0,0.0,0.0,1.4
10933,Casual,1,41.51,41.51,3.7
10934,Casual,0,0.0,0.0,2.8
10935,Growth,3,60.02,180.06,3.1
10936,Dormant,0,0.0,0.0,1.0
10937,Casual,0,0.0,0.0,1.0
10938,Casual,1,74.8,74.8,5.5
10939,Dormant,0,0.0,0.0,1.0
10940,Casual,0,0.0,0.0,1.0
10941,Dormant,0,0.0,0.0,1.0
10942,Casual,5,33.2,166.01,4.7
10943,Casual,1,34.16,34.16,1.0
10944,Dormant,0,0.0,0.0,2.8
10945,Dormant,0,0.0,0.0,2.1
10946,Dormant,0,0.0,0.0,1.2
10947,Dormant,0,0.0,0.0,1.0
10948,Casual,3,44.56,133.67,4.5
10949,Growth,1,91.52,91.52,1.2
10950,Casual,1,44.08,44.08,2.2
10951,Dormant,1,20.83,20.83,3.6
10952,Casual,1,24.63,24.63,2.9
10953,Dormant,0,0.0,0.0,5.7
10954,Dormant,1,19.33,19.33,1.2
10955,Dormant,0,0.0,0.0,1.0
10956,Dormant,1,14.81,14.81,1.6
10957,Casual,1,41.94,41.94,1.0
10958,Casual,1,17.2,17.2,1.0
10959,Dormant,0,0.0,0.0,1.0
10960,Growth,0,0.0,0.0,2.4
10961,Growth,4,47.42,189.68,5.9
10962,Dormant,0,0.0,0.0,7.3
10963,Dormant,0,0.0,0.0,1.0
10964,Casual,1,30.18,30.18,1.2
10965,Growth,5,39.5,197.52,3.5
10966,Casual,1,69.09,69.09,2.0
10967,Dormant,0,0.0,0.0,1.3
10968,Casual,0,0.0,0.0,1.1
10969,Casual,0,0.0,0.0,1.0
10970,Casual,3,49.18,147.54,3.5
10971,Dormant,1,22.43,22.43,1.2
10972,Dormant,0,0.0,0.0,1.0
10973,Casual,1,45.03,45.03,8.0
10974,Casual,1,12.33,12.33,1.0
10975,Growth,1,40.89,40.89,3.2
10976,Casual,3,26.31,78.92,3.1
10977,Growth,0,0.0,0.0,1.0
10978,Casual,0,0.0,0.0,1.0
10979,Casual,0,0.0,0.0,1.0
10980,Growth,1,54.83,54.83,1.0
10981,Growth,3,59.05,177.15,2.2
10982,Growth,0,0.0,0.0,1.0
10983,Growth,14,41.44,580.22,10.4
10984,Dormant,2,29.74,59.48,2.6
10985,Growth,8,50.22,401.75,5.0
10986,Power,8,127.39,1019.11,2.1
10987,Dormant,0,0.0,0.0,1.0
10988,Growth,6,45.38,272.27,4.3
10989,Dormant,1,7.46,7.46,1.0
10990,Casual,0,0.0,0.0,1.1
10991,Dormant,1,12.2,12.2,1.7
10992,Casual,0,0.0,0.0,1.8
10993,Growth,9,43.64,392.73,4.7
10994,Dormant,1,23.46,23.46,1.0
10995,Dormant,0,0.0,0.0,1.4
10996,Growth,4,57.61,230.43,1.9
10997,Dormant,1,15.46,15.46,1.3
10998,Casual,0,0.0,0.0,1.1
10999,Dormant,0,0.0,0.0,1.0
11000,Dormant,0,0.0,0.0,1.0
11001,Power,3,72.33,216.99,1.0
11002,Dormant,0,0.0,0.0,2.6
11003,Dormant,0,0.0,0.0,1.0
11004,Dormant,0,0.0,0.0,1.0
11005,Power,6,92.46,554.76,2.3
11006,Dormant,0,0.0,0.0,1.0
11007,Casual,1,57.03,57.03,1.9
11008,Growth,1,15.47,15.47,1.9
11009,Dormant,0,0.0,0.0,1.5
11010,Casual,2,35.68,71.36,1.0
11011,Dormant,1,15.79,15.79,1.1
11012,Casual,0,0.0,0.0,6.9
11013,Growth,6,40.39,242.33,3.4
11014,Dormant,1,3.23,3.23,2.6
11015,Casual,1,55.03,55.03,2.0
11016,Casual,0,0.0,0.0,2.4
11017,Casual,0,0.0,0.0,1.0
11018,Growth,1,25.46,25.46,1.0
11019,Dormant,0,0.0,0.0,1.0
11020,Casual,0,0.0,0.0,1.0
11021,Dormant,0,0.0,0.0,1.0
11022,Dormant,0,0.0,0.0,1.0
11023,Dormant,1,5.96,5.96,1.0
11024,Growth,19,69.39,1318.46,9.0
11025,Dormant,1,12.56,12.56,1.0
11026,Power,2,61.17,122.34,1.6
11027,Dormant,0,0.0,0.0,1.6
11028,Casual,0,0.0,0.0,1.0
11029,Dormant,0,0.0,0.0,1.0
11030,Casual,1,18.53,18.53,1.0
11031,Growth,8,57.9,463.23,5.1
11032,Dormant,2,31.15,62.29,1.0
11033,Casual,1,12.86,12.86,1.0
11034,Dormant,0,0.0,0.0,1.8
11035,Dormant,1,10.41,10.41,1.2
11036,Casual,1,22.19,22.19,1.0
11037,Casual,2,20.4,40.8,2.3
11038,Casual,0,0.0,0.0,1.0
11039,Dormant,1,5.82,5.82,2.0
11040,Dormant,0,0.0,0.0,1.0
11041,Growth,1,29.42,29.42,2.0
11042,Dormant,0,0.0,0.0,1.6
11043,Growth,13,57.63,749.13,9.6
11044,Casual,0,0.0,0.0,1.0
11045,Dormant,1,21.25,21.25,1.0
11046,Dormant,1,5.01,5.01,1.0
11047,Casual,1,19.24,19.24,1.0
11048,Casual,0,0.0,0.0,1.0
11049,Growth,6,94.02,564.15,3.0
11050,Growth,2,60.91,121.82,2.5
11051,Casual,1,28.85,28.85,1.0
11052,Dormant,1,74.43,74.43,1.1
11053,Casual,2,82.24,164.49,2.6
11054,Growth,3,42.69,128.07,2.2
11055,Dormant,0,0.0,0.0,1.2
11056,Growth,4,62.63,250.52,3.0
11057,Growth,2,101.01,202.01,2.1
11058,Dormant,0,0.0,0.0,5.1
11059,Power,19,92.67,1760.72,7.6
11060,Casual,2,34.49,68.99,3.4
11061,Casual,0,0.0,0.0,1.0
11062,Growth,9,59.23,533.06,2.4
11063,Growth,1,19.73,19.73,2.8
11064,Growth,8,42.29,338.32,4.6
11065,Growth,7,50.56,353.92,4.3
11066,Dormant,0,0.0,0.0,1.8
11067,Casual,1,19.13,19.13,1.0
11068,Casual,2,23.04,46.08,1.6
11069,Casual,1,62.34,62.34,1.7
11070,Dormant,0,0.0,0.0,3.9
11071,Power,31,97.33,3017.24,8.6
11072,Dormant,1,12.03,12.03,4.0
11073,Growth,2,34.36,68.71,1.5
11074,Dormant,0,0.0,0.0,2.9
11075,Growth,8,38.41,307.3,4.5
11076,Power,5,160.81,804.04,1.5
11077,Casual,0,0.0,0.0,1.0
11078,Growth,2,26.58,53.15,1.0
11079,Dormant,0,0.0,0.0,1.0
11080,Casual,0,0.0,0.0,4.1
11081,Dormant,0,0.0,0.0,4.4
11082,Growth,0,0.0,0.0,1.0
11083,Dormant,0,0.0,0.0,3.8
11084,Growth,1,64.78,64.78,1.1
11085,Dormant,0,0.0,0.0,1.0
11086,Dormant,0,0.0,0.0,1.6
11087,Casual,1,12.77,12.77,1.0
11088,Dormant,0,0.0,0.0,1.0
11089,Casual,0,0.0,0.0,1.0
11090,Casual,0,0.0,0.0,1.0
11091,Growth,2,119.19,238.38,2.6
11092,Casual,0,0.0,0.0,3.0
11093,Casual,0,0.0,0.0,1.7
11094,Power,18,98.9,1780.12,4.8
11095,Dormant,0,0.0,0.0,1.0
11096,Power,8,81.54,652.29,2.3
11097,Casual,1,36.76,36.76,2.6
11098,Growth,1,49.42,49.42,1.0
11099,Casual,0,0.0,0.0,1.0
11100,Dormant,1,13.3,13.3,1.0
11101,Power,6,99.15,594.87,2.8
11102,Casual,0,0.0,0.0,1.3
11103,Casual,2,23.95,47.91,5.6
11104,Dormant,0,0.0,0.0,1.0
11105,Growth,3,38.12,114.36,2.4
11106,Dormant,0,0.0,0.0,1.2
11107,Casual,0,0.0,0.0,3.2
11108,Casual,2,30.2,60.41,2.1
11109,Casual,2,34.09,68.19,2.9
11110,Casual,0,0.0,0.0,1.1
11111,Casual,3,16.6,49.79,7.0
11112,Power,8,157.69,1261.52,1.0
11113,Casual,1,24.35,24.35,1.0
11114,Casual,1,45.34,45.34,5.3
11115,Casual,1,58.47,58.47,1.0
11116,Growth,12,37.96,455.55,8.7
11117,Casual,0,0.0,0.0,1.0
11118,Casual,2,43.4,86.8,1.1
11119,Casual,1,46.62,46.62,1.5
11120,Dormant,0,0.0,0.0,1.0
11121,Casual,1,64.73,64.73,1.7
11122,Casual,2,36.36,72.73,3.2
11123,Power,7,117.16,820.09,2.2
11124,Dormant,0,0.0,0.0,1.0
11125,Growth,3,58.61,175.82,1.0
11126,Growth,8,52.11,416.86,6.1
11127,Growth,4,56.15,224.59,5.0
11128,Power,21,154.26,3239.4,5.0
11129,Dormant,0,0.0,0.0,1.0
11130,Growth,5,48.51,242.55,2.3
11131,Growth,0,0.0,0.0,1.0
11132,Growth,2,117.58,235.17,1.7
11133,Dormant,0,0.0,0.0,2.4
11134,Dormant,2,13.61,27.23,1.0
11135,Dormant,1,22.62,22.62,1.0
11136,Dormant,0,0.0,0.0,2.4
11137,Dormant,0,0.0,0.0,1.0
11138,Casual,0,0.0,0.0,5.8
11139,Growth,7,41.37,289.59,4.2
11140,Growth,4,35.71,142.85,2.4
11141,Growth,8,51.31,410.52,9.4
11142,Dormant,0,0.0,0.0,2.5
11143,Power,2,76.21,152.43,1.7
11144,Growth,1,111.29,111.29,1.8
11145,Dormant,0,0.0,0.0,1.0
11146,Growth,2,71.73,143.47,3.4
11147,Power,8,109.2,873.57,2.5
11148,Power,5,86.69,433.46,1.7
11149,Dormant,0,0.0,0.0,1.6
11150,Growth,2,43.97,87.95,1.0
11151,Growth,4,41.35,165.4,1.6
11152,Growth,1,40.39,40.39,1.0
11153,Dormant,1,8.75,8.75,1.0
11154,Growth,11,50.85,559.36,5.6
11155,Power,13,124.16,1614.08,2.6
11156,Dormant,0,0.0,0.0,1.0
11157,Dormant,0,0.0,0.0,1.0
11158,Growth,3,79.7,239.09,3.3
11159,Growth,5,38.98,194.9,3.5
11160,Growth,12,58.84,706.1,13.1
11161,Dormant,0,0.0,0.0,1.0
11162,Growth,1,41.33,41.33,1.0
11163,Dormant,0,0.0,0.0,3.0
11164,Dormant,0,0.0,0.0,1.3
11165,Casual,4,32.87,131.49,4.4
11166,Power,15,88.92,1333.75,4.0
11167,Dormant,0,0.0,0.0,2.3
11168,Dormant,1,5.54,5.54,1.0
11169,Dormant,0,0.0,0.0,1.0
11170,Power,11,118.35,1301.87,2.8
11171,Dormant,0,0.0,0.0,5.4
11172,Dormant,0,0.0,0.0,1.0
11173,Dormant,0,0.0,0.0,1.0
11174,Casual,1,14.15,14.15,1.0
11175,Casual,1,15.69,15.69,3.9
11176,Casual,0,0.0,0.0,1.0
11177,Dormant,0,0.0,0.0,3.7
11178,Dormant,1,15.05,15.05,1.5
11179,Casual,1,26.74,26.74,1.0
11180,Growth,4,57.1,228.42,1.7
11181,Power,20,98.07,1961.46,6.0
11182,Casual,3,49.3,147.9,12.0
11183,Dormant,2,16.42,32.83,1.7
11184,Power,3,65.24,195.72,1.1
11185,Casual,2,30.49,60.97,1.0
11186,Dormant,0,0.0,0.0,1.0
11187,Casual,0,0.0,0.0,1.3
11188,Growth,6,66.64,399.86,3.8
11189,Growth,10,54.82,548.18,5.9
11190,Casual,0,0.0,0.0,1.3
11191,Power,21,100.57,2112.06,7.1
11192,Casual,3,26.43,79.29,2.0
11193,Casual,2,51.32,102.64,4.1
11194,Casual,0,0.0,0.0,1.0
11195,Casual,3,42.73,128.19,2.4
11196,Power,10,107.1,1070.97,4.2
11197,Growth,0,0.0,0.0,1.0
11198,Growth,3,62.13,186.4,3.4
11199,Power,6,93.74,562.44,2.9
11200,Dormant,0,0.0,0.0,1.1
11201,Growth,3,48.9,146.71,1.0
11202,Casual,1,25.96,25.96,1.0
11203,Growth,6,54.68,328.08,2.1
11204,Power,11,107.35,1180.8,3.7
11205,Growth,3,108.33,324.98,3.0
11206,Casual,4,23.07,92.27,5.9
11207,Casual,0,0.0,0.0,1.0
11208,Dormant,0,0.0,0.0,1.0
11209,Growth,1,75.39,75.39,1.1
11210,Casual,2,35.3,70.61,3.7
11211,Dormant,0,0.0,0.0,1.0
11212,Growth,0,0.0,0.0,1.0
11213,Power,6,124.45,746.72,4.0
11214,Growth,1,10.18,10.18,2.6
11215,Power,6,66.23,397.36,2.0
11216,Dormant,0,0.0,0.0,1.0
11217,Casual,1,64.79,64.79,1.9
11218,Casual,0,0.0,0.0,1.0
11219,Dormant,0,0.0,0.0,1.0
11220,Casual,0,0.0,0.0,1.0
11221,Casual,0,0.0,0.0,1.0
11222,Power,1,141.51,141.51,1.3
11223,Casual,0,0.0,0.0,1.1
11224,Power,5,83.52,417.6,1.0
11225,Growth,4,48.32,193.29,3.1
11226,Growth,19,69.51,1320.61,14.3
11227,Dormant,0,0.0,0.0,1.6
11228,Casual,0,0.0,0.0,3.8
11229,Dormant,0,0.0,0.0,1.0
11230,Power,65,112.33,7301.63,16.2
11231,Dormant,1,24.35,24.35,1.0
11232,Power,12,105.62,1267.39,3.9
11233,Dormant,1,30.63,30.63,1.1
11234,Dormant,0,0.0,0.0,2.2
11235,Casual,2,35.76,71.51,1.0
11236,Casual,3,14.87,44.61,4.6
11237,Dormant,0,0.0,0.0,1.0
11238,Dormant,0,0.0,0.0,1.0
11239,Growth,0,0.0,0.0,2.2
11240,Dormant,0,0.0,0.0,1.0
11241,Power,31,96.79,3000.39,10.6
11242,Casual,1,15.78,15.78,1.0
11243,Casual,0,0.0,0.0,1.5
11244,Dormant,1,2.48,2.48,1.0
11245,Casual,0,0.0,0.0,1.1
11246,Growth,3,48.44,145.31,2.9
11247,Casual,0,0.0,0.0,1.0
11248,Growth,3,64.89,194.66,3.3
11249,Casual,1,35.75,35.75,2.2
11250,Casual,0,0.0,0.0,1.0
11251,Dormant,0,0.0,0.0,1.0
11252,Growth,2,37.28,74.56,1.0
11253,Growth,12,58.8,705.64,8.4
11254,Casual,2,18.96,37.92,2.1
11255,Power,1,108.39,108.39,1.0
11256,Growth,10,52.59,525.9,6.1
11257,Growth,5,77.99,389.94,4.5
11258,Casual,0,0.0,0.0,1.0
11259,Growth,2,24.91,49.81,3.7
11260,Casual,0,0.0,0.0,1.1
11261,Dormant,0,0.0,0.0,1.0
11262,Casual,1,19.51,19.51,1.0
11263,Growth,2,56.83,113.67,1.0
11264,Power,7,105.33,737.34,2.7
11265,Growth,0,0.0,0.0,1.0
11266,Casual,0,0.0,0.0,4.5
11267,Dormant,0,0.0,0.0,5.7
11268,Power,33,104.11,3435.53,12.3
11269,Growth,3,37.61,112.83,2.4
11270,Growth,4,45.1,180.4,4.3
11271,Growth,4,54.84,219.35,2.7
11272,Dormant,0,0.0,0.0,1.5
11273,Growth,1,29.06,29.06,2.0
11274,Power,12,91.33,1095.95,3.5
11275,Growth,5,50.75,253.75,3.0
11276,Growth,12,59.03,708.36,5.3
11277,Growth,1,71.48,71.48,1.0
11278,Casual,1,29.59,29.59,3.3
11279,Growth,15,55.15,827.27,10.2
11280,Power,7,87.37,611.57,2.2
11281,Casual,0,0.0,0.0,1.0
11282,Casual,0,0.0,0.0,1.7
11283,Power,7,110.0,770.03,1.5
11284,Dormant,0,0.0,0.0,1.0
11285,Growth,10,48.56,485.59,5.6
11286,Dormant,0,0.0,0.0,3.7
11287,Dormant,0,0.0,0.0,1.4
11288,Casual,0,0.0,0.0,1.0
11289,Growth,6,63.08,378.48,4.7
11290,Dormant,0,0.0,0.0,1.0
11291,Casual,2,17.79,35.58,1.0
11292,Growth,4,55.18,220.7,2.5
11293,Casual,1,36.19,36.19,1.0
11294,Casual,0,0.0,0.0,1.0
11295,Dormant,0,0.0,0.0,2.2
11296,Dormant,1,20.77,20.77,2.6
11297,Dormant,0,0.0,0.0,1.0
11298,Dormant,0,0.0,0.0,1.0
11299,Casual,1,61.36,61.36,1.0
11300,Casual,1,34.33,34.33,6.2
11301,Dormant,0,0.0,0.0,1.0
11302,Dormant,0,0.0,0.0,1.0
11303,Dormant,0,0.0,0.0,1.0
11304,Dormant,0,0.0,0.0,1.0
11305,Casual,0,0.0,0.0,1.9
11306,Growth,4,44.53,178.1,4.7
11307,Dormant,1,32.77,32.77,5.3
11308,Power,46,119.22,5484.29,14.3
11309,Growth,1,40.58,40.58,1.0
11310,Casual,1,17.26,17.26,1.5
11311,Casual,0,0.0,0.0,1.4
11312,Casual,0,0.0,0.0,5.1
11313,Growth,4,58.95,235.81,2.2
11314,Power,3,103.51,310.53,1.0
11315,Growth,1,59.07,59.07,1.9
11316,Growth,3,59.13,177.38,2.4
11317,Power,12,92.24,1106.85,5.0
11318,Dormant,0,0.0,0.0,3.2
11319,Growth,8,53.32,426.53,4.4
11320,Growth,2,62.63,125.25,1.0
11321,Growth,5,52.64,263.22,5.2
11322,Casual,2,43.91,87.82,3.2
11323,Dormant,0,0.0,0.0,1.0
11324,Growth,2,61.4,122.8,1.9
11325,Growth,6,36.19,217.16,7.8
11326,Dormant,0,0.0,0.0,1.0
11327,Power,2,64.33,128.66,1.5
11328,Dormant,0,0.0,0.0,4.5
11329,Dormant,0,0.0,0.0,2.8
11330,Casual,0,0.0,0.0,1.7
11331,Dormant,0,0.0,0.0,3.3
11332,Casual,1,18.78,18.78,1.0
11333,Casual,1,13.12,13.12,5.0
11334,Power,15,104.53,1567.89,3.4
11335,Power,3,48.75,146.26,1.0
11336,Growth,4,72.46,289.83,4.5
11337,Casual,0,0.0,0.0,2.8
11338,Casual,0,0.0,0.0,1.0
11339,Growth,8,55.01,440.07,4.9
11340,Casual,1,10.92,10.92,1.6
11341,Growth,1,26.85,26.85,1.0
11342,Growth,2,31.46,62.93,1.9
11343,Growth,5,71.53,357.63,2.8
11344,Dormant,0,0.0,0.0,1.0
11345,Casual,0,0.0,0.0,1.3
11346,Dormant,0,0.0,0.0,3.6
11347,Power,14,79.18,1108.56,4.3
11348,Casual,4,19.04,76.16,9.4
11349,Dormant,0,0.0,0.0,1.5
11350,Power,12,109.09,1309.11,3.5
11351,Casual,1,21.62,21.62,1.0
11352,Power,3,113.92,341.77,1.3
11353,Growth,3,71.25,213.75,2.1
11354,Casual,1,31.9,31.9,2.5
11355,Growth,7,51.23,358.59,3.8
11356,Casual,2,21.89,43.77,1.6
11357,Dormant,0,0.0,0.0,1.0
11358,Growth,3,84.93,254.79,1.3
11359,Power,12,103.48,1241.82,3.8
11360,Dormant,0,0.0,0.0,1.0
11361,Casual,2,47.35,94.7,1.0
11362,Dormant,0,0.0,0.0,1.0
11363,Growth,1,31.24,31.24,2.7
11364,Casual,0,0.0,0.0,1.0
11365,Dormant,0,0.0,0.0,1.0
11366,Growth,0,0.0,0.0,1.0
11367,Dormant,0,0.0,0.0,1.0
11368,Casual,0,0.0,0.0,4.8
11369,Dormant,1,16.63,16.63,1.0
11370,Growth,2,40.39,80.79,1.2
11371,Casual,1,32.28,32.28,1.0
11372,Growth,4,69.15,276.61,3.8
11373,Dormant,1,18.77,18.77,1.0
11374,Power,3,97.85,293.55,1.5
11375,Power,6,106.61,639.64,1.0
11376,Dormant,0,0.0,0.0,1.0
11377,Growth,3,46.41,139.24,4.1
11378,Casual,0,0.0,0.0,1.0
11379,Growth,6,45.13,270.77,2.4
11380,Casual,0,0.0,0.0,2.0
11381,Growth,2,50.37,100.75,1.0
11382,Casual,2,32.74,65.47,3.6
11383,Casual,3,28.85,86.54,4.5
11384,Growth,2,148.41,296.82,2.1
11385,Growth,5,50.41,252.06,3.2
11386,Growth,1,31.91,31.91,1.0
11387,Dormant,0,0.0,0.0,2.6
11388,Growth,5,57.59,287.96,1.9
11389,Growth,3,35.91,107.72,2.9
11390,Growth,0,0.0,0.0,1.2
11391,Casual,0,0.0,0.0,1.5
11392,Dormant,0,0.0,0.0,3.5
11393,Casual,4,20.77,83.09,6.9
11394,Dormant,0,0.0,0.0,1.0
11395,Casual,0,0.0,0.0,1.0
11396,Dormant,0,0.0,0.0,1.0
11397,Dormant,0,0.0,0.0,2.4
11398,Growth,1,30.95,30.95,1.0
11399,Dormant,0,0.0,0.0,1.0
11400,Dormant,0,0.0,0.0,1.0
11401,Casual,3,42.33,127.0,1.9
11402,Growth,0,0.0,0.0,1.7
11403,Growth,0,0.0,0.0,1.0
11404,Casual,0,0.0,0.0,1.0
11405,Casual,2,41.63,83.26,2.4
11406,Casual,4,33.35,133.4,1.0
11407,Casual,0,0.0,0.0,3.0
11408,Casual,0,0.0,0.0,1.0
11409,Growth,3,50.64,151.92,1.9
11410,Growth,3,56.84,170.51,1.6
11411,Power,15,110.5,1657.45,1.6
11412,Dormant,1,31.55,31.55,1.0
11413,Casual,1,25.1,25.1,3.7
11414,Dormant,2,25.57,51.15,1.0
11415,Dormant,0,0.0,0.0,1.0
11416,Dormant,0,0.0,0.0,1.6
11417,Casual,0,0.0,0.0,1.0
11418,Dormant,0,0.0,0.0,2.0
11419,Dormant,0,0.0,0.0,2.0
11420,Dormant,0,0.0,0.0,1.0
11421,Power,73,89.03,6499.1,22.4
11422,Casual,0,0.0,0.0,1.8
11423,Growth,8,55.72,445.73,4.1
11424,Power,21,96.34,2023.11,4.2
11425,Dormant,0,0.0,0.0,2.4
11426,Dormant,0,0.0,0.0,1.2
11427,Growth,1,23.37,23.37,1.0
11428,Power,2,89.28,178.57,2.7
11429,Dormant,0,0.0,0.0,1.9
11430,Growth,2,67.93,135.86,1.0
11431,Power,9,108.4,975.56,4.8
11432,Dormant,0,0.0,0.0,1.0
11433,Dormant,0,0.0,0.0,3.7
11434,Casual,0,0.0,0.0,1.0
11435,Casual,1,17.86,17.86,4.5
11436,Growth,3,31.55,94.66,3.0
11437,Growth,7,69.15,484.02,5.3
11438,Dormant,1,19.55,19.55,1.0
11439,Dormant,1,10.61,10.61,1.2
11440,Growth,3,33.38,100.13,1.0
11441,Growth,2,46.97,93.93,1.0
11442,Growth,1,100.42,100.42,1.5
11443,Power,17,113.71,1933.13,3.1
11444,Growth,7,53.7,375.91,3.1
11445,Power,3,80.81,242.44,1.0
11446,Dormant,0,0.0,0.0,1.0
11447,Growth,1,28.11,28.11,1.0
11448,Dormant,1,13.44,13.44,4.4
11449,Casual,1,13.05,13.05,3.8
11450,Dormant,0,0.0,0.0,1.8
11451,Dormant,0,0.0,0.0,1.0
11452,Casual,2,42.6,85.2,2.2
11453,Power,4,105.47,421.88,1.0
11454,Dormant,0,0.0,0.0,1.0
11455,Power,34,90.73,3084.87,10.0
11456,Growth,11,54.4,598.36,5.5
11457,Power,66,103.14,6807.31,17.9
11458,Dormant,0,0.0,0.0,1.0
11459,Power,1,107.64,107.64,1.0
11460,Casual,0,0.0,0.0,1.0
11461,Casual,0,0.0,0.0,1.2
11462,Casual,0,0.0,0.0,1.0
11463,Growth,2,39.35,78.7,1.4
11464,Dormant,0,0.0,0.0,1.0
11465,Dormant,1,7.95,7.95,3.2
11466,Casual,2,47.47,94.95,1.2
11467,Growth,27,52.03,1404.79,19.8
11468,Dormant,0,0.0,0.0,1.2
11469,Dormant,1,43.29,43.29,1.0
11470,Casual,1,24.37,24.37,2.7
11471,Growth,21,54.83,1151.41,8.0
11472,Power,6,74.24,445.45,2.9
11473,Power,9,95.55,859.93,6.0
11474,Power,6,118.47,710.81,1.1
11475,Power,13,87.08,1132.05,3.2
11476,Growth,2,65.1,130.2,3.1
11477,Dormant,0,0.0,0.0,1.0
11478,Dormant,0,0.0,0.0,4.7
11479,Dormant,0,0.0,0.0,2.0
11480,Casual,1,25.69,25.69,4.0
11481,Casual,0,0.0,0.0,1.0
11482,Growth,2,94.13,188.26,2.8
11483,Dormant,0,0.0,0.0,1.1
11484,Growth,3,57.94,173.81,3.8
11485,Casual,0,0.0,0.0,2.1
11486,Dormant,0,0.0,0.0,1.0
11487,Dormant,2,18.19,36.38,4.4
11488,Growth,5,41.78,208.91,3.1
11489,Dormant,0,0.0,0.0,1.3
11490,Power,19,137.02,2603.29,7.9
11491,Power,62,109.32,6777.75,21.1
11492,Power,17,119.76,2035.91,4.5
11493,Growth,3,55.58,166.74,4.8
11494,Dormant,1,8.94,8.94,4.0
11495,Casual,0,0.0,0.0,1.0
11496,Power,7,115.77,810.42,1.7
11497,Dormant,0,0.0,0.0,2.1
11498,Casual,1,88.05,88.05,1.1
11499,Casual,1,25.7,25.7,1.0
11500,Casual,1,19.75,19.75,1.0
11501,Casual,0,0.0,0.0,1.0
11502,Casual,1,29.86,29.86,1.0
11503,Casual,2,20.57,41.13,2.4
11504,Dormant,0,0.0,0.0,2.9
11505,Growth,3,60.85,182.54,1.1
11506,Casual,1,28.94,28.94,2.3
11507,Power,34,99.29,3375.85,7.0
11508,Dormant,0,0.0,0.0,1.0
11509,Growth,3,42.92,128.75,3.3
11510,Growth,9,44.83,403.47,13.8
11511,Dormant,0,0.0,0.0,1.0
11512,Casual,0,0.0,0.0,1.4
11513,Growth,2,48.77,97.54,3.1
11514,Growth,0,0.0,0.0,1.1
11515,Growth,3,47.01,141.02,3.5
11516,Dormant,0,0.0,0.0,1.0
11517,Casual,0,0.0,0.0,1.0
11518,Growth,0,0.0,0.0,1.0
11519,Casual,1,82.58,82.58,1.0
11520,Casual,1,51.9,51.9,1.1
11521,Power,4,114.38,457.53,2.4
11522,Dormant,1,68.49,68.49,2.4
11523,Power,8,107.36,858.92,2.2
11524,Dormant,0,0.0,0.0,1.1
11525,Dormant,0,0.0,0.0,1.0
11526,Power,12,91.54,1098.44,3.3
11527,Dormant,0,0.0,0.0,1.0
11528,Dormant,0,0.0,0.0,1.0
11529,Casual,1,15.26,15.26,2.3
11530,Casual,4,32.45,129.78,3.5
11531,Power,41,119.53,4900.85,12.8
11532,Power,1,68.07,68.07,1.2
11533,Dormant,0,0.0,0.0,1.1
11534,Power,52,100.24,5212.69,14.6
11535,Growth,2,45.8,91.61,1.9
11536,Casual,1,43.94,43.94,1.0
11537,Growth,1,37.42,37.42,1.0
11538,Dormant,0,0.0,0.0,5.0
11539,Dormant,0,0.0,0.0,2.9
11540,Dormant,0,0.0,0.0,1.0
11541,Power,6,111.75,670.52,3.1
11542,Casual,1,23.33,23.33,5.0
11543,Dormant,0,0.0,0.0,1.3
11544,Casual,0,0.0,0.0,1.0
11545,Dormant,0,0.0,0.0,1.0
11546,Casual,1,19.43,19.43,2.0
11547,Growth,4,45.91,183.65,4.0
11548,Growth,3,76.47,229.4,1.6
11549,Casual,1,18.66,18.66,1.0
11550,Growth,11,73.06,803.62,7.0
11551,Dormant,0,0.0,0.0,1.0
11552,Casual,1,12.58,12.58,1.0
11553,Power,7,113.22,792.55,1.5
11554,Dormant,0,0.0,0.0,1.0
11555,Casual,0,0.0,0.0,1.0
11556,Growth,2,78.31,156.62,1.0
11557,Dormant,1,8.32,8.32,3.5
11558,Dormant,0,0.0,0.0,1.0
11559,Casual,0,0.0,0.0,1.0
11560,Dormant,0,0.0,0.0,3.7
11561,Casual,1,9.81,9.81,1.4
11562,Casual,1,30.54,30.54,1.0
11563,Growth,3,93.67,281.01,2.4
11564,Growth,2,72.71,145.41,3.2
11565,Casual,0,0.0,0.0,1.0
11566,Casual,1,13.01,13.01,1.1
11567,Dormant,2,19.53,39.06,2.1
11568,Casual,1,16.25,16.25,1.6
11569,Casual,3,57.47,172.41,5.0
11570,Dormant,0,0.0,0.0,1.3
11571,Dormant,0,0.0,0.0,1.0
11572,Growth,4,49.98,199.9,5.1
11573,Dormant,1,7.99,7.99,2.1
11574,Dormant,0,0.0,0.0,1.0
11575,Power,5,145.07,725.33,1.8
11576,Growth,4,38.33,153.3,1.0
11577,Growth,18,61.73,1111.05,6.0
11578,Casual,0,0.0,0.0,2.3
11579,Casual,0,0.0,0.0,2.0
11580,Casual,1,60.3,60.3,4.2
11581,Dormant,0,0.0,0.0,2.4
11582,Growth,6,55.1,330.62,5.1
11583,Casual,0,0.0,0.0,1.4
11584,Dormant,0,0.0,0.0,1.0
11585,Dormant,0,0.0,0.0,1.0
11586,Dormant,0,0.0,0.0,1.0
11587,Growth,21,47.33,993.92,8.5
11588,Power,5,94.05,470.27,1.0
11589,Growth,1,27.14,27.14,1.0
11590,Casual,0,0.0,0.0,1.0
11591,Growth,2,136.18,272.36,1.0
11592,Dormant,0,0.0,0.0,1.1
11593,Casual,3,39.32,117.97,1.5
11594,Casual,0,0.0,0.0,2.7
11595,Growth,3,64.43,193.3,3.2
11596,Casual,1,41.29,41.29,1.0
11597,Casual,0,0.0,0.0,1.7
11598,Dormant,0,0.0,0.0,1.1
11599,Power,2,125.52,251.04,1.5
11600,Dormant,0,0.0,0.0,2.8
11601,Growth,8,69.98,559.83,4.3
11602,Growth,1,102.17,102.17,1.6
11603,Dormant,0,0.0,0.0,1.0
11604,Growth,6,57.21,343.26,6.1
11605,Power,16,129.43,2070.85,4.6
11606,Casual,1,11.12,11.12,1.0
11607,Casual,2,20.76,41.51,1.0
11608,Power,30,100.92,3027.5,7.0
11609,Power,31,87.64,2716.86,10.4
11610,Power,14,110.77,1550.74,4.5
11611,Casual,1,33.11,33.11,1.0
11612,Growth,4,47.21,188.84,6.6
11613,Dormant,0,0.0,0.0,1.0
11614,Dormant,0,0.0,0.0,1.4
11615,Growth,6,57.28,343.65,4.3
11616,Growth,2,74.65,149.29,2.1
11617,Growth,7,62.11,434.76,5.0
11618,Growth,2,30.48,60.97,1.0
11619,Growth,5,41.0,204.99,4.2
11620,Dormant,1,25.81,25.81,1.0
11621,Growth,5,59.84,299.22,4.9
11622,Casual,1,13.02,13.02,4.3
11623,Casual,1,45.87,45.87,2.5
11624,Dormant,0,0.0,0.0,1.0
11625,Growth,5,48.09,240.47,3.0
11626,Growth,7,33.44,234.05,2.5
11627,Dormant,2,8.34,16.67,1.0
11628,Growth,1,12.71,12.71,2.1
11629,Casual,0,0.0,0.0,1.0
11630,Casual,2,34.35,68.69,1.3
11631,Casual,0,0.0,0.0,1.0
11632,Growth,10,52.93,529.3,6.1
11633,Growth,5,48.74,243.71,4.9
11634,Casual,0,0.0,0.0,1.0
11635,Casual,4,44.33,177.31,5.8
11636,Dormant,0,0.0,0.0,1.0
11637,Dormant,1,9.96,9.96,1.0
11638,Dormant,3,27.17,81.51,1.9
11639,Dormant,0,0.0,0.0,1.0
11640,Dormant,0,0.0,0.0,1.0
11641,Power,12,73.97,887.6,3.8
11642,Casual,1,23.45,23.45,1.0
11643,Casual,2,32.31,64.62,2.9
11644,Casual,1,20.32,20.32,1.9
11645,Growth,6,67.08,402.49,2.7
11646,Casual,3,41.4,124.2,2.3
11647,Growth,4,87.8,351.2,5.6
11648,Growth,4,47.49,189.97,2.2
11649,Dormant,0,0.0,0.0,1.0
11650,Casual,0,0.0,0.0,1.0
11651,Casual,1,15.29,15.29,1.3
11652,Casual,2,31.55,63.09,3.8
11653,Casual,0,0.0,0.0,1.0
11654,Growth,1,20.99,20.99,1.0
11655,Casual,0,0.0,0.0,1.4
11656,Growth,1,22.9,22.9,3.0
11657,Casual,2,36.62,73.25,1.0
11658,Growth,0,0.0,0.0,1.0
11659,Dormant,0,0.0,0.0,1.0
11660,Dormant,0,0.0,0.0,1.0
11661,Casual,0,0.0,0.0,1.0
11662,Growth,3,54.95,164.84,5.9
11663,Casual,0,0.0,0.0,2.8
11664,Dormant,0,0.0,0.0,2.5
11665,Casual,1,32.35,32.35,2.2
11666,Dormant,0,0.0,0.0,3.2
11667,Dormant,0,0.0,0.0,1.0
11668,Casual,0,0.0,0.0,1.0
11669,Casual,3,25.9,77.69,6.8
11670,Casual,0,0.0,0.0,1.0
11671,Casual,1,41.87,41.87,3.6
11672,Casual,1,29.34,29.34,1.0
11673,Dormant,0,0.0,0.0,1.6
11674,Power,2,74.02,148.04,1.0
11675,Growth,6,43.35,260.09,5.6
11676,Growth,1,30.93,30.93,1.7
11677,Dormant,1,20.25,20.25,2.7
11678,Casual,1,15.42,15.42,1.0
11679,Casual,0,0.0,0.0,1.0
11680,Casual,0,0.0,0.0,4.0
11681,Casual,0,0.0,0.0,1.0
11682,Dormant,0,0.0,0.0,3.2
11683,Dormant,1,6.76,6.76,3.1
11684,Dormant,1,10.78,10.78,1.3
11685,Dormant,0,0.0,0.0,2.2
11686,Growth,3,36.4,109.2,1.8
11687,Growth,0,0.0,0.0,1.0
11688,Casual,4,29.46,117.82,8.7
11689,Casual,0,0.0,0.0,1.0
11690,Growth,13,37.14,482.82,6.8
11691,Dormant,0,0.0,0.0,1.0
11692,Growth,5,28.04,140.19,3.0
11693,Growth,1,94.67,94.67,1.0
11694,Growth,5,65.03,325.14,2.7
11695,Dormant,0,0.0,0.0,1.0
11696,Dormant,0,0.0,0.0,1.6
11697,Casual,3,52.86,158.58,3.1
11698,Dormant,0,0.0,0.0,1.9
11699,Dormant,0,0.0,0.0,1.6
11700,Casual,0,0.0,0.0,1.0
11701,Dormant,0,0.0,0.0,1.5
11702,Growth,5,84.42,422.09,2.3
11703,Casual,1,15.11,15.11,1.0
11704,Power,6,107.88,647.26,1.0
11705,Casual,0,0.0,0.0,1.0
11706,Casual,1,23.45,23.45,1.1
11707,Power,24,82.93,1990.33,7.2
11708,Casual,1,37.73,37.73,1.0
11709,Casual,0,0.0,0.0,1.0
11710,Casual,0,0.0,0.0,1.0
11711,Power,3,119.84,359.53,1.6
11712,Power,60,101.26,6075.69,17.9
11713,Growth,4,51.11,204.44,1.8
11714,Dormant,2,25.88,51.76,3.0
11715,Dormant,0,0.0,0.0,1.0
11716,Growth,9,76.92,692.25,6.1
11717,Dormant,0,0.0,0.0,1.0
11718,Casual,1,20.66,20.66,1.0
11719,Dormant,0,0.0,0.0,3.0
11720,Power,6,122.29,733.75,1.8
11721,Casual,1,15.18,15.18,1.5
11722,Casual,1,45.81,45.81,3.6
11723,Growth,2,40.68,81.36,1.3
11724,Power,15,103.39,1550.91,3.5
11725,Power,26,80.57,2094.72,8.1
11726,Casual,1,26.33,26.33,1.6
11727,Dormant,0,0.0,0.0,1.0
11728,Dormant,0,0.0,0.0,3.1
11729,Growth,17,51.79,880.36,9.2
11730,Dormant,0,0.0,0.0,1.0
11731,Casual,0,0.0,0.0,1.4
11732,Dormant,2,30.83,61.66,1.0
11733,Power,7,66.59,466.12,1.2
11734,Dormant,1,25.51,25.51,2.6
11735,Dormant,0,0.0,0.0,1.0
11736,Dormant,0,0.0,0.0,1.0
11737,Dormant,0,0.0,0.0,1.0
11738,Casual,0,0.0,0.0,1.3
11739,Dormant,0,0.0,0.0,1.0
11740,Casual,0,0.0,0.0,1.0
11741,Casual,2,38.65,77.3,3.1
11742,Dormant,0,0.0,0.0,1.0
11743,Growth,5,54.56,272.81,2.7
11744,Casual,0,0.0,0.0,3.4
11745,Dormant,0,0.0,0.0,1.0
11746,Growth,1,78.01,78.01,1.0
11747,Growth,0,0.0,0.0,1.1
11748,Growth,4,54.03,216.12,1.0
11749,Dormant,0,0.0,0.0,1.0
11750,Dormant,1,54.09,54.09,3.1
11751,Power,2,69.22,138.45,1.0
11752,Casual,2,26.26,52.52,2.7
11753,Casual,2,33.02,66.04,5.2
11754,Casual,1,21.27,21.27,1.1
11755,Casual,4,38.64,154.55,9.3
11756,Dormant,0,0.0,0.0,1.0
11757,Growth,7,66.82,467.71,3.2
11758,Growth,2,50.02,100.04,1.0
11759,Casual,0,0.0,0.0,2.1
11760,Casual,0,0.0,0.0,1.0
11761,Casual,0,0.0,0.0,4.6
11762,Power,7,114.88,804.13,2.9
11763,Growth,24,56.65,1359.7,12.5
11764,Dormant,2,18.66,37.32,2.1
11765,Power,8,171.54,1372.34,4.0
11766,Casual,1,12.1,12.1,1.0
11767,Dormant,0,0.0,0.0,1.1
11768,Power,11,60.24,662.63,2.0
11769,Growth,5,38.9,194.49,3.3
11770,Casual,0,0.0,0.0,2.3
11771,Casual,0,0.0,0.0,1.0
11772,Growth,3,21.83,65.5,1.0
11773,Casual,6,36.17,217.0,6.1
11774,Growth,13,44.81,582.47,6.9
11775,Power,20,127.8,2556.01,6.8
11776,Power,2,154.18,308.36,1.0
11777,Growth,4,49.84,199.37,1.8
11778,Casual,1,29.87,29.87,1.0
11779,Dormant,0,0.0,0.0,1.0
11780,Power,11,91.25,1003.72,2.9
11781,Casual,2,16.01,32.03,1.9
11782,Casual,1,41.64,41.64,1.0
11783,Dormant,0,0.0,0.0,1.0
11784,Casual,0,0.0,0.0,3.7
11785,Power,1,117.22,117.22,1.2
11786,Casual,1,22.02,22.02,1.0
11787,Growth,9,83.68,753.15,5.5
11788,Dormant,0,0.0,0.0,1.0
11789,Growth,1,28.48,28.48,1.3
11790,Dormant,1,14.19,14.19,1.0
11791,Casual,0,0.0,0.0,1.0
11792,Casual,1,9.22,9.22,1.0
11793,Growth,10,71.64,716.45,7.6
11794,Casual,0,0.0,0.0,1.0
11795,Dormant,0,0.0,0.0,1.1
11796,Casual,0,0.0,0.0,1.0
11797,Growth,0,0.0,0.0,1.6
11798,Growth,11,50.73,558.01,5.4
11799,Growth,8,61.9,495.17,4.6
11800,Dormant,0,0.0,0.0,3.3
11801,Casual,0,0.0,0.0,1.0
11802,Dormant,0,0.0,0.0,1.0
11803,Dormant,0,0.0,0.0,1.0
11804,Casual,0,0.0,0.0,1.1
11805,Casual,0,0.0,0.0,1.0
11806,Casual,0,0.0,0.0,1.2
11807,Casual,0,0.0,0.0,1.0
11808,Growth,6,54.69,328.13,3.8
11809,Dormant,0,0.0,0.0,1.0
11810,Dormant,0,0.0,0.0,1.0
11811,Casual,1,17.91,17.91,1.0
11812,Dormant,0,0.0,0.0,4.0
11813,Dormant,0,0.0,0.0,1.0
11814,Casual,1,49.62,49.62,1.0
11815,Dormant,0,0.0,0.0,2.6
11816,Casual,0,0.0,0.0,1.0
11817,Growth,9,51.01,459.11,7.2
11818,Power,29,102.03,2958.97,6.5
11819,Casual,0,0.0,0.0,1.0
11820,Dormant,0,0.0,0.0,2.5
11821,Growth,10,52.66,526.6,4.2
11822,Dormant,0,0.0,0.0,1.0
11823,Casual,0,0.0,0.0,1.0
11824,Dormant,0,0.0,0.0,1.0
11825,Growth,8,35.45,283.6,5.8
11826,Casual,2,14.68,29.36,2.0
11827,Growth,2,40.88,81.75,1.3
11828,Growth,0,0.0,0.0,1.7
11829,Power,1,110.7,110.7,1.0
11830,Growth,6,35.56,213.37,2.6
11831,Growth,4,40.19,160.77,2.3
11832,Casual,0,0.0,0.0,1.0
11833,Casual,0,0.0,0.0,6.7
11834,Growth,0,0.0,0.0,1.1
11835,Dormant,0,0.0,0.0,2.1
11836,Casual,1,14.3,14.3,5.0
11837,Dormant,0,0.0,0.0,1.0
11838,Casual,0,0.0,0.0,1.5
11839,Power,11,89.55,985.01,2.8
11840,Dormant,0,0.0,0.0,1.0
11841,Dormant,0,0.0,0.0,1.0
11842,Casual,0,0.0,0.0,6.2
11843,Casual,2,63.7,127.4,1.0
11844,Casual,1,46.61,46.61,1.4
11845,Casual,3,22.9,68.71,4.7
11846,Dormant,0,0.0,0.0,3.4
11847,Casual,1,11.36,11.36,1.0
11848,Growth,8,47.9,383.21,4.0
11849,Power,29,93.03,2697.82,10.1
11850,Growth,4,39.7,158.8,6.2
11851,Growth,5,66.65,333.25,1.3
11852,Casual,3,29.32,87.96,1.5
11853,Dormant,0,0.0,0.0,1.0
11854,Growth,3,41.99,125.96,3.1
11855,Growth,2,41.17,82.35,1.0
11856,Growth,4,41.53,166.13,2.4
11857,Casual,1,52.09,52.09,1.3
11858,Casual,10,32.76,327.55,9.4
11859,Casual,0,0.0,0.0,1.0
11860,Dormant,0,0.0,0.0,1.0
11861,Dormant,0,0.0,0.0,3.2
11862,Dormant,0,0.0,0.0,1.1
11863,Dormant,0,0.0,0.0,1.0
11864,Casual,3,39.89,119.68,1.0
11865,Casual,1,129.48,129.48,1.8
11866,Growth,5,70.91,354.53,2.7
11867,Dormant,0,0.0,0.0,1.0
11868,Growth,0,0.0,0.0,1.0
11869,Growth,3,37.09,111.27,1.0
11870,Power,17,85.73,1457.35,5.5
11871,Casual,1,38.68,38.68,1.0
11872,Dormant,0,0.0,0.0,6.6
11873,Power,4,109.87,439.48,1.0
11874,Casual,1,49.45,49.45,4.4
11875,Casual,2,25.52,51.04,1.7
11876,Dormant,0,0.0,0.0,1.0
11877,Power,19,110.46,2098.68,3.8
11878,Power,7,123.83,866.8,1.0
11879,Casual,1,62.57,62.57,1.8
11880,Casual,0,0.0,0.0,1.5
11881,Dormant,0,0.0,0.0,3.8
11882,Casual,1,43.17,43.17,2.2
11883,Dormant,0,0.0,0.0,1.0
11884,Growth,1,25.11,25.11,1.0
11885,Casual,1,23.92,23.92,1.0
11886,Dormant,0,0.0,0.0,1.0
11887,Power,1,51.92,51.92,1.0
11888,Dormant,0,0.0,0.0,1.0
11889,Power,3,125.52,376.55,1.0
11890,Casual,1,20.88,20.88,3.4
11891,Growth,6,43.74,262.45,3.1
11892,Casual,0,0.0,0.0,1.0
11893,Dormant,1,5.89,5.89,1.7
11894,Power,6,117.61,705.63,1.8
11895,Growth,8,32.87,262.96,4.4
11896,Growth,4,28.1,112.38,1.8
11897,Growth,10,60.59,605.89,5.4
11898,Casual,1,18.15,18.15,1.0
11899,Dormant,1,11.34,11.34,1.0
11900,Power,3,82.9,248.69,1.0
11901,Casual,1,33.47,33.47,1.0
11902,Casual,1,23.34,23.34,3.8
11903,Growth,6,69.42,416.49,6.0
11904,Growth,1,37.61,37.61,1.0
11905,Dormant,0,0.0,0.0,1.0
11906,Casual,4,33.61,134.44,5.9
11907,Dormant,0,0.0,0.0,1.2
11908,Casual,1,28.58,28.58,1.1
11909,Casual,1,53.84,53.84,3.3
11910,Dormant,1,17.23,17.23,2.2
11911,Dormant,0,0.0,0.0,1.0
11912,Dormant,1,11.18,11.18,1.4
11913,Growth,3,32.4,97.21,1.4
11914,Dormant,0,0.0,0.0,2.0
11915,Dormant,1,19.22,19.22,1.0
11916,Dormant,1,15.69,15.69,1.5
11917,Casual,0,0.0,0.0,2.2
11918,Dormant,0,0.0,0.0,1.0
11919,Casual,1,12.7,12.7,1.5
11920,Dormant,0,0.0,0.0,1.2
11921,Dormant,0,0.0,0.0,1.0
11922,Dormant,0,0.0,0.0,1.0
11923,Dormant,0,0.0,0.0,2.1
11924,Growth,6,60.19,361.16,3.1
11925,Growth,6,60.23,361.38,4.0
11926,Casual,0,0.0,0.0,1.0
11927,Dormant,0,0.0,0.0,1.0
11928,Dormant,0,0.0,0.0,1.1
11929,Dormant,0,0.0,0.0,1.0
11930,Dormant,1,8.07,8.07,1.0
11931,Casual,3,28.58,85.74,3.5
11932,Growth,3,51.14,153.42,3.1
11933,Casual,0,0.0,0.0,1.3
11934,Dormant,0,0.0,0.0,1.0
11935,Casual,2,27.59,55.17,1.0
11936,Dormant,2,20.04,40.08,4.1
11937,Dormant,0,0.0,0.0,1.0
11938,Growth,6,52.07,312.44,2.3
11939,Dormant,0,0.0,0.0,1.0
11940,Casual,0,0.0,0.0,3.0
11941,Casual,2,44.98,89.95,3.2
11942,Growth,1,17.01,17.01,1.2
11943,Growth,1,52.1,52.1,2.6
11944,Growth,1,24.41,24.41,1.0
11945,Casual,0,0.0,0.0,1.0
11946,Growth,5,42.78,213.9,2.9
11947,Casual,0,0.0,0.0,1.0
11948,Casual,0,0.0,0.0,1.0
11949,Casual,0,0.0,0.0,1.0
11950,Dormant,0,0.0,0.0,1.0
11951,Casual,1,93.56,93.56,1.0
11952,Power,6,107.35,644.09,1.6
11953,Dormant,0,0.0,0.0,1.8
11954,Dormant,0,0.0,0.0,1.0
11955,Casual,0,0.0,0.0,1.1
11956,Dormant,2,31.37,62.74,3.4
11957,Growth,7,52.4,366.81,4.2
11958,Dormant,0,0.0,0.0,1.0
11959,Growth,3,54.71,164.12,1.0
11960,Casual,0,0.0,0.0,2.1
11961,Growth,1,22.83,22.83,1.1
11962,Dormant,0,0.0,0.0,1.0
11963,Growth,8,74.83,598.61,4.3
11964,Growth,6,56.1,336.58,1.0
11965,Power,9,107.1,963.94,1.0
11966,Dormant,0,0.0,0.0,1.0
11967,Growth,4,52.93,211.74,4.7
11968,Casual,5,29.14,145.68,3.9
11969,Growth,6,59.91,359.47,3.0
11970,Dormant,0,0.0,0.0,1.3
11971,Growth,13,96.15,1250.01,5.8
11972,Dormant,0,0.0,0.0,1.0
11973,Growth,3,54.01,162.02,1.3
11974,Power,3,94.16,282.49,1.8
11975,Growth,2,72.53,145.06,1.6
11976,Power,7,88.8,621.63,1.8
11977,Casual,0,0.0,0.0,1.0
11978,Growth,2,60.73,121.46,1.6
11979,Dormant,0,0.0,0.0,2.1
11980,Casual,1,15.89,15.89,2.1
11981,Growth,2,161.92,323.83,2.6
11982,Casual,0,0.0,0.0,1.0
11983,Growth,1,24.28,24.28,1.0
11984,Growth,8,51.62,413.0,5.2
11985,Growth,2,61.51,123.03,3.2
11986,Power,45,95.71,4306.81,13.3
11987,Growth,1,22.07,22.07,1.0
11988,Dormant,0,0.0,0.0,1.0
11989,Casual,0,0.0,0.0,1.0
11990,Dormant,1,15.38,15.38,5.2
11991,Growth,3,41.74,125.23,2.1
11992,Dormant,0,0.0,0.0,2.0
11993,Casual,1,32.76,32.76,1.0
11994,Growth,8,38.79,310.3,3.9
11995,Dormant,0,0.0,0.0,1.0
11996,Power,21,143.6,3015.55,6.4
11997,Casual,3,30.37,91.1,2.6
11998,Dormant,0,0.0,0.0,1.0
11999,Casual,0,0.0,0.0,1.2
