user_id,channel,device,age_group,app_install,registration,kyc_start,kyc_complete,card_ordered,first_tx,install_date,first_tx_date
U000000,paid_social,ios,35-44,1,1,1,0,0,0,2024-07-22 16:05:54.472666585,
U000001,app_store,ios,18-24,1,1,1,1,0,0,2024-07-13 06:55:34.721448164,
U000002,referral,ios,25-34,1,0,0,0,0,0,2024-07-25 00:58:40.087849616,
U000003,referral,android,35-44,1,1,1,0,0,0,2024-07-20 12:37:52.735900414,
U000004,organic_search,ios,25-34,1,1,1,1,1,1,2024-07-03 15:17:13.840009799,2024-07-06 00:50:16.562517269
U000005,organic_search,android,35-44,1,1,1,0,0,0,2024-07-28 07:37:05.593079640,
U000006,organic_search,ios,45+,1,0,0,0,0,0,2024-07-22 07:29:09.167055061,
U000007,email,android,18-24,1,1,1,0,0,0,2024-07-23 00:14:06.767326006,
U000008,referral,android,35-44,1,1,1,1,1,0,2024-07-04 14:05:32.500168681,
U000009,referral,android,25-34,1,1,1,1,0,0,2024-07-13 14:39:33.660956955,
U000010,organic_search,android,25-34,1,1,0,0,0,0,2024-07-11 09:10:34.580223462,
U000011,app_store,android,18-24,1,0,0,0,0,0,2024-07-26 22:47:09.861022536,
U000012,email,android,18-24,1,0,0,0,0,0,2024-07-19 00:40:38.498499145,
U000013,organic_search,ios,25-34,1,1,0,0,0,0,2024-07-24 00:53:44.894824792,
U000014,organic_search,ios,25-34,1,1,1,1,1,0,2024-07-13 09:58:27.629803081,
U000015,organic_search,ios,45+,1,0,0,0,0,0,2024-07-07 08:42:15.915741732,
U000016,paid_social,ios,35-44,1,1,1,1,0,0,2024-07-16 12:40:51.516748707,
U000017,paid_social,ios,45+,1,1,1,0,0,0,2024-07-02 18:53:06.705967221,
U000018,paid_social,ios,25-34,1,0,0,0,0,0,2024-07-24 04:10:05.331284454,
U000019,organic_search,ios,25-34,1,1,0,0,0,0,2024-07-18 16:28:42.514356100,
U000020,referral,ios,25-34,1,0,0,0,0,0,2024-07-22 05:26:05.860814535,
U000021,organic_search,ios,25-34,1,1,0,0,0,0,2024-07-10 22:14:29.222099779,
U000022,organic_search,android,25-34,1,1,0,0,0,0,2024-07-28 04:18:32.660616150,
U000023,paid_social,ios,35-44,1,0,0,0,0,0,2024-07-26 00:10:38.616702661,
U000024,paid_social,android,25-34,1,0,0,0,0,0,2024-07-22 19:04:25.356120844,
U000025,email,ios,25-34,1,1,1,0,0,0,2024-07-06 10:47:49.962035479,
U000026,organic_search,android,18-24,1,1,1,1,1,1,2024-07-14 01:38:11.452216441,2024-07-15 07:46:09.333114225
U000027,paid_social,android,18-24,1,0,0,0,0,0,2024-07-02 05:26:10.070192464,
U000028,referral,android,25-34,1,1,0,0,0,0,2024-07-05 07:40:57.139209811,
U000029,organic_search,android,18-24,1,1,1,1,1,1,2024-07-20 03:00:32.027684147,2024-07-22 15:47:06.153941143
U000030,referral,ios,35-44,1,1,1,0,0,0,2024-07-21 20:28:48.607572190,
U000031,organic_search,android,18-24,1,1,0,0,0,0,2024-07-28 02:09:59.544704840,
U000032,organic_search,android,35-44,1,0,0,0,0,0,2024-07-10 02:57:16.706407816,
U000033,app_store,android,25-34,1,1,1,0,0,0,2024-07-11 08:56:56.120839555,
U000034,app_store,android,18-24,1,0,0,0,0,0,2024-07-14 03:32:29.418638434,
U000035,email,ios,35-44,1,1,1,1,1,1,2024-07-06 07:19:29.111896704,2024-07-09 00:59:50.071937506
U000036,paid_social,android,25-34,1,0,0,0,0,0,2024-07-04 15:18:26.105707573,
U000037,organic_search,ios,25-34,1,1,0,0,0,0,2024-07-14 07:40:25.357525777,
U000038,referral,android,45+,1,1,1,1,0,0,2024-07-07 08:28:59.097223898,
U000039,paid_social,ios,18-24,1,1,1,1,1,0,2024-07-19 18:06:54.015935929,
U000040,organic_search,android,25-34,1,1,1,0,0,0,2024-07-13 05:45:57.922135941,
U000041,paid_social,ios,35-44,1,1,0,0,0,0,2024-07-24 07:33:35.091903121,
U000042,organic_search,ios,35-44,1,1,1,1,1,1,2024-07-20 14:34:41.334763839,2024-07-20 23:53:57.214835076
U000043,app_store,android,25-34,1,1,1,0,0,0,2024-07-09 17:54:37.378831435,
U000044,organic_search,android,18-24,1,1,1,1,1,1,2024-07-24 07:16:42.911535270,2024-07-25 23:18:00.165622993
U000045,referral,android,45+,1,1,0,0,0,0,2024-07-23 12:48:05.933656263,
U000046,paid_social,ios,25-34,1,1,1,1,0,0,2024-07-11 20:23:07.694549797,
U000047,paid_social,ios,18-24,1,0,0,0,0,0,2024-07-09 01:45:23.349028046,
U000048,paid_social,android,25-34,1,1,0,0,0,0,2024-07-20 02:38:13.123216262,
U000049,organic_search,android,45+,1,0,0,0,0,0,2024-07-04 21:54:49.208347641,
U000050,app_store,android,18-24,1,1,0,0,0,0,2024-07-06 14:20:17.923427782,
U000051,email,ios,35-44,1,0,0,0,0,0,2024-07-01 04:56:50.802981633,
U000052,app_store,android,25-34,1,1,0,0,0,0,2024-07-23 00:48:47.454053173,
U000053,email,ios,25-34,1,0,0,0,0,0,2024-07-19 14:46:47.192267445,
U000054,referral,ios,35-44,1,1,1,1,1,1,2024-07-20 17:52:16.083972829,2024-07-21 13:22:15.485570972
U000055,app_store,ios,45+,1,0,0,0,0,0,2024-07-22 20:38:59.671848343,
U000056,organic_search,ios,25-34,1,0,0,0,0,0,2024-07-13 20:23:29.044182350,
U000057,organic_search,android,18-24,1,1,1,1,0,0,2024-07-16 22:11:38.701249242,
U000058,organic_search,ios,45+,1,1,1,1,1,0,2024-07-04 21:56:36.897870429,
U000059,paid_social,ios,35-44,1,0,0,0,0,0,2024-07-04 04:57:51.153898226,
U000060,paid_social,ios,25-34,1,1,1,1,0,0,2024-07-19 17:10:00.445163509,
U000061,organic_search,ios,25-34,1,1,0,0,0,0,2024-07-14 04:34:35.941901465,
U000062,email,android,35-44,1,1,1,0,0,0,2024-07-16 19:50:19.188799292,
U000063,paid_social,ios,35-44,1,1,0,0,0,0,2024-07-22 10:04:45.235860848,
U000064,organic_search,ios,45+,1,0,0,0,0,0,2024-07-18 18:31:50.559745429,
U000065,paid_social,android,25-34,1,1,0,0,0,0,2024-07-16 12:00:19.286071822,
U000066,organic_search,android,25-34,1,1,1,0,0,0,2024-07-16 15:47:13.963275304,
U000067,email,android,35-44,1,1,1,0,0,0,2024-07-09 12:15:16.077233069,
U000068,organic_search,ios,25-34,1,1,1,1,1,1,2024-07-01 20:42:34.505386758,2024-07-02 22:14:15.305929407
U000069,app_store,android,25-34,1,0,0,0,0,0,2024-07-13 05:28:26.708030932,
U000070,email,android,25-34,1,1,0,0,0,0,2024-07-07 00:12:03.240485006,
U000071,organic_search,android,18-24,1,1,1,1,1,0,2024-07-12 10:31:52.494898638,
U000072,organic_search,android,25-34,1,1,0,0,0,0,2024-07-24 21:29:12.714850348,
U000073,email,ios,35-44,1,0,0,0,0,0,2024-07-07 13:12:26.404205432,
U000074,referral,android,35-44,1,1,0,0,0,0,2024-07-02 15:10:45.992694187,
U000075,referral,ios,25-34,1,1,1,1,0,0,2024-07-08 21:05:23.911579615,
U000076,email,ios,18-24,1,1,0,0,0,0,2024-07-09 05:17:42.018789159,
U000077,organic_search,ios,25-34,1,1,0,0,0,0,2024-07-19 12:48:28.432427302,
U000078,paid_social,ios,35-44,1,1,1,0,0,0,2024-07-16 14:19:32.182944020,
U000079,organic_search,android,25-34,1,1,0,0,0,0,2024-07-22 22:46:46.547470236,
U000080,email,android,35-44,1,0,0,0,0,0,2024-07-19 14:25:07.316760014,
U000081,referral,android,25-34,1,0,0,0,0,0,2024-07-12 09:05:31.095195817,
U000082,paid_social,android,25-34,1,0,0,0,0,0,2024-07-23 19:01:18.114584070,
U000083,organic_search,ios,35-44,1,1,1,1,1,1,2024-07-05 16:12:20.887840717,2024-07-06 13:52:29.420632804
U000084,paid_social,ios,18-24,1,1,0,0,0,0,2024-07-01 15:15:45.047325434,
U000085,paid_social,android,25-34,1,1,1,1,1,0,2024-07-03 12:30:43.784788431,
U000086,referral,android,25-34,1,1,1,0,0,0,2024-07-21 05:25:31.740962934,
U000087,referral,ios,18-24,1,1,1,0,0,0,2024-07-13 22:22:53.395424155,
U000088,email,android,25-34,1,0,0,0,0,0,2024-07-05 12:22:28.687838088,
U000089,paid_social,ios,25-34,1,1,0,0,0,0,2024-07-15 00:42:07.519930056,
U000090,organic_search,ios,35-44,1,1,1,0,0,0,2024-07-05 06:21:13.438883696,
U000091,referral,ios,35-44,1,1,1,0,0,0,2024-07-20 11:55:38.251388060,
U000092,email,ios,35-44,1,1,1,0,0,0,2024-07-13 11:49:01.261868696,
U000093,referral,android,25-34,1,1,0,0,0,0,2024-07-11 16:02:46.550172609,
U000094,email,android,35-44,1,0,0,0,0,0,2024-07-09 10:36:58.046066542,
U000095,paid_social,ios,25-34,1,0,0,0,0,0,2024-07-18 15:32:59.649273214,
U000096,paid_social,android,25-34,1,0,0,0,0,0,2024-07-11 03:08:17.067450760,
U000097,paid_social,android,25-34,1,1,1,0,0,0,2024-07-03 10:54:02.684809512,
U000098,organic_search,ios,45+,1,0,0,0,0,0,2024-07-04 07:17:59.878409949,
U000099,organic_search,ios,18-24,1,1,1,0,0,0,2024-07-27 22:23:42.830078186,
U000100,organic_search,android,45+,1,1,1,1,0,0,2024-07-26 10:33:58.406959843,
U000101,referral,android,18-24,1,1,0,0,0,0,2024-07-20 14:12:11.498114966,
U000102,paid_social,android,25-34,1,1,0,0,0,0,2024-07-08 10:39:52.610762869,
U000103,paid_social,ios,25-34,1,1,0,0,0,0,2024-07-28 03:17:11.492079611,
U000104,app_store,android,35-44,1,0,0,0,0,0,2024-07-22 19:19:14.186874050,
U000105,organic_search,ios,18-24,1,1,1,0,0,0,2024-07-21 01:45:00.745613442,
U000106,paid_social,ios,45+,1,1,1,1,1,1,2024-07-13 13:58:15.345986253,2024-07-14 04:18:45.703235926
U000107,email,ios,35-44,1,1,1,1,1,1,2024-07-08 14:56:46.786415809,2024-07-09 09:43:48.000145234
U000108,organic_search,ios,35-44,1,1,0,0,0,0,2024-07-03 16:46:29.015641747,
U000109,organic_search,ios,25-34,1,1,0,0,0,0,2024-07-26 06:32:55.717718863,
U000110,organic_search,ios,45+,1,1,1,1,0,0,2024-07-13 18:16:54.000365473,
U000111,organic_search,ios,35-44,1,1,1,1,0,0,2024-07-06 15:59:17.452112622,
U000112,app_store,android,25-34,1,0,0,0,0,0,2024-07-09 13:36:10.265145256,
U000113,email,ios,35-44,1,1,1,1,0,0,2024-07-17 05:14:07.981184234,
U000114,referral,ios,25-34,1,1,1,1,1,1,2024-07-05 22:47:28.716486590,2024-07-06 13:32:10.281474113
U000115,email,ios,25-34,1,1,0,0,0,0,2024-07-24 23:38:41.276076273,
U000116,email,ios,25-34,1,1,0,0,0,0,2024-07-22 05:43:30.446577339,
U000117,organic_search,android,25-34,1,1,0,0,0,0,2024-07-21 03:28:44.783036508,
U000118,email,ios,18-24,1,1,1,1,0,0,2024-07-13 02:21:59.481823932,
U000119,paid_social,android,25-34,1,1,0,0,0,0,2024-07-18 13:33:05.547427351,
U000120,email,ios,35-44,1,1,0,0,0,0,2024-07-17 08:30:49.806393688,
U000121,email,ios,45+,1,1,1,1,1,1,2024-07-19 04:41:48.898481420,2024-07-21 05:16:13.006515744
U000122,paid_social,android,45+,1,0,0,0,0,0,2024-07-03 08:44:47.701701618,
U000123,organic_search,android,25-34,1,1,0,0,0,0,2024-07-12 15:25:21.267331140,
U000124,organic_search,ios,35-44,1,0,0,0,0,0,2024-07-02 03:57:53.009406691,
U000125,paid_social,android,18-24,1,0,0,0,0,0,2024-07-14 19:57:42.589916341,
U000126,email,ios,35-44,1,1,1,1,1,1,2024-07-10 05:40:00.244875475,2024-07-21 22:08:53.526899896
U000127,email,android,18-24,1,1,1,0,0,0,2024-07-05 01:07:12.917704742,
U000128,organic_search,android,25-34,1,0,0,0,0,0,2024-07-03 21:29:12.459514398,
U000129,paid_social,android,35-44,1,1,0,0,0,0,2024-07-17 10:53:49.749012319,
U000130,paid_social,android,25-34,1,1,1,0,0,0,2024-07-05 18:38:18.509484433,
U000131,organic_search,ios,18-24,1,1,1,1,1,1,2024-07-26 21:40:50.590377148,2024-07-27 08:36:42.128188228
U000132,organic_search,android,35-44,1,0,0,0,0,0,2024-07-17 06:28:23.109163194,
U000133,paid_social,ios,25-34,1,1,0,0,0,0,2024-07-10 17:05:47.431130679,
U000134,app_store,ios,18-24,1,0,0,0,0,0,2024-07-17 13:05:42.756991843,
U000135,paid_social,ios,18-24,1,1,0,0,0,0,2024-07-01 15:19:27.124795045,
U000136,paid_social,ios,25-34,1,0,0,0,0,0,2024-07-27 20:09:06.448673703,
U000137,referral,android,18-24,1,0,0,0,0,0,2024-07-14 12:06:28.474652264,
U000138,paid_social,android,35-44,1,0,0,0,0,0,2024-07-22 21:59:53.061763891,
U000139,app_store,android,25-34,1,1,0,0,0,0,2024-07-03 07:35:40.415812364,
U000140,app_store,ios,35-44,1,0,0,0,0,0,2024-07-14 15:02:03.833963678,
U000141,organic_search,ios,18-24,1,0,0,0,0,0,2024-07-14 17:45:18.360742456,
U000142,paid_social,android,25-34,1,1,0,0,0,0,2024-07-27 06:13:09.759875476,
U000143,paid_social,ios,35-44,1,1,1,1,1,1,2024-07-17 00:12:04.504308202,2024-07-20 18:12:00.341826878
U000144,organic_search,android,35-44,1,1,1,0,0,0,2024-07-14 06:11:05.559036982,
U000145,organic_search,android,35-44,1,1,1,1,1,0,2024-07-08 11:24:27.524151907,
U000146,referral,android,45+,1,1,0,0,0,0,2024-07-10 06:48:51.718371102,
U000147,paid_social,ios,25-34,1,1,0,0,0,0,2024-07-15 13:53:30.676059142,
U000148,organic_search,android,25-34,1,1,0,0,0,0,2024-07-13 06:56:54.604769967,
U000149,organic_search,ios,45+,1,1,1,1,1,1,2024-07-01 14:31:23.943646495,2024-07-02 13:21:21.506002318
U000150,app_store,android,18-24,1,1,1,1,0,0,2024-07-24 03:16:05.423010988,
U000151,organic_search,ios,18-24,1,1,1,1,1,1,2024-07-26 02:13:12.139234762,2024-08-03 06:30:25.191510061
U000152,organic_search,ios,25-34,1,0,0,0,0,0,2024-07-04 22:14:50.596105437,
U000153,paid_social,ios,35-44,1,1,0,0,0,0,2024-07-16 12:18:44.238449667,
U000154,app_store,android,25-34,1,0,0,0,0,0,2024-07-04 00:57:46.432954864,
U000155,organic_search,ios,18-24,1,0,0,0,0,0,2024-07-19 19:44:43.233081910,
U000156,referral,ios,25-34,1,1,0,0,0,0,2024-07-08 20:59:20.769863330,
U000157,email,ios,35-44,1,1,1,0,0,0,2024-07-19 11:07:55.237846648,
U000158,organic_search,android,25-34,1,1,1,1,1,1,2024-07-21 08:32:25.370882825,2024-07-26 02:22:38.468620663
U000159,referral,android,25-34,1,1,1,1,1,1,2024-07-22 12:31:52.012447197,2024-07-23 06:32:19.719573899
U000160,paid_social,android,35-44,1,1,1,0,0,0,2024-07-04 00:24:06.896456503,
U000161,referral,android,45+,1,1,0,0,0,0,2024-07-26 15:33:35.855756902,
U000162,referral,ios,35-44,1,0,0,0,0,0,2024-07-07 10:42:13.686772896,
U000163,paid_social,ios,35-44,1,1,1,1,0,0,2024-07-02 01:08:28.455901414,
U000164,organic_search,android,25-34,1,1,0,0,0,0,2024-07-16 12:51:39.093951877,
U000165,email,ios,25-34,1,0,0,0,0,0,2024-07-11 09:15:35.189120012,
U000166,paid_social,ios,25-34,1,0,0,0,0,0,2024-07-24 05:37:07.346585935,
U000167,organic_search,ios,35-44,1,0,0,0,0,0,2024-07-23 15:08:41.961217959,
U000168,organic_search,ios,25-34,1,0,0,0,0,0,2024-07-09 21:07:02.409516714,
U000169,referral,ios,35-44,1,1,1,0,0,0,2024-07-27 16:20:54.216552728,
U000170,referral,ios,45+,1,0,0,0,0,0,2024-07-09 03:29:48.434028576,
U000171,organic_search,ios,18-24,1,0,0,0,0,0,2024-07-15 10:07:06.207037363,
U000172,paid_social,ios,18-24,1,1,1,1,0,0,2024-07-08 04:00:30.747101144,
U000173,organic_search,ios,18-24,1,1,1,1,1,1,2024-07-27 05:01:16.604662450,2024-07-27 15:57:11.372228959
U000174,referral,ios,25-34,1,1,1,1,1,1,2024-07-05 14:36:59.232294417,2024-07-05 21:47:22.775485901
U000175,organic_search,ios,18-24,1,1,0,0,0,0,2024-07-02 06:10:47.770433922,
U000176,referral,android,45+,1,1,1,0,0,0,2024-07-13 04:23:06.807559347,
U000177,paid_social,ios,18-24,1,1,1,1,0,0,2024-07-28 18:52:34.964563882,
U000178,app_store,android,25-34,1,1,1,0,0,0,2024-07-25 23:12:25.642523887,
U000179,organic_search,android,18-24,1,1,1,1,0,0,2024-07-21 23:03:52.520670252,
U000180,paid_social,android,45+,1,1,1,0,0,0,2024-07-25 22:36:45.193933328,
U000181,organic_search,ios,35-44,1,0,0,0,0,0,2024-07-26 00:23:46.110757070,
U000182,app_store,ios,45+,1,1,1,0,0,0,2024-07-15 12:40:22.145446898,
U000183,email,ios,45+,1,1,1,1,1,1,2024-07-09 20:18:15.562189054,2024-07-13 22:31:03.335843120
U000184,organic_search,android,25-34,1,1,1,1,1,1,2024-07-22 14:47:32.475762902,2024-07-26 09:05:18.646152539
U000185,referral,ios,25-34,1,1,0,0,0,0,2024-07-19 12:38:10.927855446,
U000186,email,android,18-24,1,1,1,0,0,0,2024-07-11 11:05:52.777691278,
U000187,referral,android,25-34,1,1,0,0,0,0,2024-07-03 15:28:53.763374416,
U000188,paid_social,ios,35-44,1,0,0,0,0,0,2024-07-21 21:50:33.427775562,
U000189,organic_search,ios,18-24,1,1,0,0,0,0,2024-07-08 08:22:24.480120594,
U000190,organic_search,android,18-24,1,1,1,1,1,0,2024-07-27 05:32:18.373771320,
U000191,email,ios,35-44,1,1,1,0,0,0,2024-07-07 17:55:56.015053752,
U000192,app_store,ios,35-44,1,1,0,0,0,0,2024-07-04 10:29:35.990089868,
U000193,referral,android,35-44,1,0,0,0,0,0,2024-07-24 06:30:27.776404573,
U000194,paid_social,ios,25-34,1,1,0,0,0,0,2024-07-05 07:00:25.418777976,
U000195,paid_social,android,35-44,1,0,0,0,0,0,2024-07-06 00:28:05.891095203,
U000196,referral,android,25-34,1,1,1,1,1,1,2024-07-17 18:47:06.849247225,2024-07-18 09:16:45.235992745
U000197,email,android,18-24,1,1,1,1,0,0,2024-07-25 11:42:20.489193993,
U000198,email,ios,35-44,1,0,0,0,0,0,2024-07-06 12:00:14.743296694,
U000199,email,ios,45+,1,1,1,1,1,1,2024-07-09 16:32:15.029479910,2024-07-11 03:53:04.687194695
U000200,referral,ios,18-24,1,0,0,0,0,0,2024-07-22 18:24:57.784673055,
U000201,organic_search,ios,25-34,1,1,1,1,0,0,2024-07-28 05:04:02.489926692,
U000202,organic_search,ios,25-34,1,0,0,0,0,0,2024-07-15 00:29:53.077660706,
U000203,email,ios,18-24,1,1,1,1,1,0,2024-07-05 00:41:56.838171987,
U000204,referral,ios,45+,1,0,0,0,0,0,2024-07-01 09:21:54.667223679,
U000205,organic_search,ios,25-34,1,1,1,1,1,1,2024-07-07 10:19:43.867773231,2024-07-08 17:50:00.415726864
U000206,organic_search,android,35-44,1,1,1,0,0,0,2024-07-04 16:35:04.309269151,
U000207,referral,ios,35-44,1,0,0,0,0,0,2024-07-19 23:23:11.863204224,
U000208,organic_search,ios,25-34,1,1,0,0,0,0,2024-07-04 09:52:17.195197342,
U000209,organic_search,android,18-24,1,1,1,0,0,0,2024-07-15 04:15:13.370576634,
U000210,paid_social,android,25-34,1,0,0,0,0,0,2024-07-20 10:32:39.684307272,
U000211,referral,ios,18-24,1,1,1,1,1,0,2024-07-17 06:30:37.301027205,
U000212,referral,ios,25-34,1,1,0,0,0,0,2024-07-06 14:14:57.256496012,
U000213,organic_search,android,25-34,1,1,1,0,0,0,2024-07-23 12:22:18.053740128,
U000214,referral,android,35-44,1,1,1,0,0,0,2024-07-21 00:45:12.927966548,
U000215,organic_search,android,25-34,1,1,1,1,1,1,2024-07-21 16:35:50.102272478,2024-07-25 05:35:29.002435922
U000216,paid_social,android,35-44,1,1,1,1,0,0,2024-07-04 16:04:14.912567454,
U000217,referral,ios,25-34,1,1,1,0,0,0,2024-07-04 11:09:45.201790915,
U000218,referral,ios,35-44,1,1,1,1,1,0,2024-07-26 23:19:19.323394942,
U000219,email,ios,45+,1,1,1,0,0,0,2024-07-12 03:10:21.166501296,
U000220,referral,android,25-34,1,1,1,0,0,0,2024-07-09 10:14:15.075156451,
U000221,referral,android,45+,1,1,0,0,0,0,2024-07-14 16:19:42.522514428,
U000222,organic_search,android,35-44,1,0,0,0,0,0,2024-07-19 13:26:41.103517657,
U000223,paid_social,ios,35-44,1,1,0,0,0,0,2024-07-27 18:10:43.783448030,
U000224,organic_search,ios,35-44,1,1,1,0,0,0,2024-07-09 00:29:30.712073067,
U000225,organic_search,ios,25-34,1,1,1,1,0,0,2024-07-26 21:28:16.552191655,
U000226,app_store,android,25-34,1,0,0,0,0,0,2024-07-01 16:42:20.081561630,
U000227,paid_social,android,18-24,1,0,0,0,0,0,2024-07-16 13:05:35.103997053,
U000228,email,ios,25-34,1,0,0,0,0,0,2024-07-18 18:01:52.590178880,
U000229,referral,ios,45+,1,1,1,0,0,0,2024-07-03 23:09:46.999153821,
U000230,email,ios,35-44,1,1,1,1,1,1,2024-07-04 22:18:29.553217016,2024-07-06 15:01:29.347168760
U000231,paid_social,ios,25-34,1,1,1,1,0,0,2024-07-12 17:38:41.361290001,
U000232,referral,android,35-44,1,0,0,0,0,0,2024-07-28 01:18:28.241856784,
U000233,paid_social,ios,35-44,1,1,0,0,0,0,2024-07-17 16:32:26.144784596,
U000234,organic_search,android,25-34,1,1,0,0,0,0,2024-07-27 02:59:29.777695231,
U000235,referral,android,18-24,1,1,1,0,0,0,2024-07-23 12:31:49.927050897,
U000236,organic_search,android,18-24,1,1,1,1,1,0,2024-07-14 02:04:49.570482561,
U000237,organic_search,ios,45+,1,1,0,0,0,0,2024-07-22 23:21:39.736430892,
U000238,referral,android,35-44,1,1,0,0,0,0,2024-07-01 11:59:10.747797129,
U000239,organic_search,ios,25-34,1,1,0,0,0,0,2024-07-04 01:20:41.156975666,
U000240,app_store,ios,25-34,1,0,0,0,0,0,2024-07-24 05:22:33.705124316,
U000241,app_store,ios,35-44,1,1,1,0,0,0,2024-07-23 07:27:39.900076232,
U000242,app_store,ios,45+,1,0,0,0,0,0,2024-07-07 12:20:04.482965194,
U000243,paid_social,ios,35-44,1,0,0,0,0,0,2024-07-15 20:40:37.793577230,
U000244,organic_search,ios,35-44,1,0,0,0,0,0,2024-07-17 23:14:33.473437465,
U000245,app_store,android,25-34,1,0,0,0,0,0,2024-07-25 07:07:14.076974928,
U000246,paid_social,ios,25-34,1,0,0,0,0,0,2024-07-17 21:17:16.835033846,
U000247,app_store,android,25-34,1,1,0,0,0,0,2024-07-12 13:14:53.140386886,
U000248,app_store,android,35-44,1,1,0,0,0,0,2024-07-11 11:27:06.037810657,
U000249,email,ios,25-34,1,1,0,0,0,0,2024-07-12 22:11:33.943354796,
U000250,organic_search,android,35-44,1,1,1,0,0,0,2024-07-19 06:05:51.537083074,
U000251,paid_social,ios,25-34,1,1,1,0,0,0,2024-07-25 06:57:13.336335223,
U000252,email,ios,35-44,1,1,1,1,1,1,2024-07-13 17:01:07.337118982,2024-07-16 14:56:22.477018998
U000253,paid_social,ios,25-34,1,1,0,0,0,0,2024-07-07 22:32:53.470691926,
U000254,organic_search,android,25-34,1,0,0,0,0,0,2024-07-07 15:02:13.588563750,
U000255,referral,ios,35-44,1,1,1,0,0,0,2024-07-21 21:19:17.746764945,
U000256,app_store,android,18-24,1,1,1,0,0,0,2024-07-23 20:44:03.152475124,
U000257,referral,ios,45+,1,1,1,1,1,1,2024-07-03 22:44:48.730783099,2024-07-04 12:35:08.848697456
U000258,referral,android,25-34,1,1,1,0,0,0,2024-07-02 20:43:39.186745968,
U000259,organic_search,ios,25-34,1,0,0,0,0,0,2024-07-17 15:27:33.919359609,
U000260,referral,android,35-44,1,1,1,1,1,1,2024-07-05 02:13:42.312350974,2024-07-06 06:52:10.012253760
U000261,app_store,android,45+,1,1,0,0,0,0,2024-07-24 02:10:27.609551979,
U000262,organic_search,android,25-34,1,1,0,0,0,0,2024-07-09 16:32:41.643157120,
U000263,paid_social,android,45+,1,1,1,0,0,0,2024-07-05 00:40:54.980243788,
U000264,email,android,18-24,1,1,1,0,0,0,2024-07-26 18:53:31.767041641,
U000265,referral,ios,18-24,1,1,1,1,1,1,2024-07-05 15:14:14.343641185,2024-07-06 00:25:11.320980034
U000266,referral,ios,25-34,1,1,0,0,0,0,2024-07-08 23:19:54.823191934,
U000267,referral,ios,25-34,1,1,0,0,0,0,2024-07-05 07:13:41.525648626,
U000268,paid_social,ios,25-34,1,0,0,0,0,0,2024-07-04 05:36:33.562019228,
U000269,organic_search,ios,25-34,1,1,1,0,0,0,2024-07-01 14:12:41.281121116,
U000270,email,ios,25-34,1,1,1,1,1,0,2024-07-02 13:13:32.573850178,
U000271,email,ios,35-44,1,1,1,0,0,0,2024-07-05 21:21:32.646488014,
U000272,email,android,25-34,1,1,1,1,1,1,2024-07-02 11:52:21.571411663,2024-07-10 11:45:26.150005961
U000273,app_store,ios,45+,1,0,0,0,0,0,2024-07-17 13:14:55.119935662,
U000274,paid_social,android,35-44,1,1,0,0,0,0,2024-07-20 01:26:24.583233364,
U000275,paid_social,ios,25-34,1,0,0,0,0,0,2024-07-12 00:31:10.801168042,
U000276,email,android,25-34,1,1,0,0,0,0,2024-07-09 21:41:24.061746397,
U000277,referral,android,25-34,1,0,0,0,0,0,2024-07-15 03:02:29.872604180,
U000278,referral,ios,35-44,1,1,0,0,0,0,2024-07-25 12:00:11.956253965,
U000279,email,ios,18-24,1,1,1,0,0,0,2024-07-24 19:57:37.631608279,
U000280,email,ios,25-34,1,1,1,1,1,1,2024-07-02 05:12:54.870021345,2024-07-05 09:52:09.333732193
U000281,paid_social,ios,45+,1,1,1,1,0,0,2024-07-06 01:58:00.952495910,
U000282,paid_social,android,35-44,1,1,0,0,0,0,2024-07-07 15:05:33.192175754,
U000283,organic_search,android,25-34,1,1,1,0,0,0,2024-07-07 23:35:18.423453285,
U000284,referral,ios,25-34,1,0,0,0,0,0,2024-07-16 23:52:06.031096114,
U000285,organic_search,ios,45+,1,1,1,0,0,0,2024-07-12 15:43:42.060261162,
U000286,paid_social,ios,45+,1,1,0,0,0,0,2024-07-02 09:05:55.566928834,
U000287,paid_social,ios,25-34,1,0,0,0,0,0,2024-07-11 11:04:07.323761395,
U000288,organic_search,android,25-34,1,1,1,0,0,0,2024-07-15 15:57:43.133537707,
U000289,referral,ios,35-44,1,0,0,0,0,0,2024-07-03 20:19:24.667504669,
U000290,organic_search,ios,35-44,1,1,0,0,0,0,2024-07-24 08:05:02.933325283,
U000291,organic_search,ios,35-44,1,1,1,0,0,0,2024-07-02 10:55:06.147352380,
U000292,email,ios,25-34,1,1,1,0,0,0,2024-07-26 21:29:37.449528496,
U000293,paid_social,android,45+,1,0,0,0,0,0,2024-07-03 18:36:14.512110033,
U000294,organic_search,ios,25-34,1,0,0,0,0,0,2024-07-24 14:52:56.522905284,
U000295,paid_social,android,18-24,1,0,0,0,0,0,2024-07-26 06:34:58.485789692,
U000296,email,android,35-44,1,1,1,1,1,0,2024-07-28 10:16:17.390475084,
U000297,organic_search,ios,25-34,1,0,0,0,0,0,2024-07-23 10:57:41.009557878,
U000298,referral,ios,45+,1,1,1,1,0,0,2024-07-22 19:48:32.066633998,
U000299,organic_search,android,18-24,1,1,1,1,0,0,2024-07-18 23:44:55.541288428,
U000300,organic_search,android,35-44,1,0,0,0,0,0,2024-07-22 19:29:07.980995410,
U000301,paid_social,android,25-34,1,1,0,0,0,0,2024-07-04 18:25:08.702593086,
U000302,paid_social,ios,35-44,1,1,0,0,0,0,2024-07-16 00:14:15.792564523,
U000303,referral,android,18-24,1,1,1,1,0,0,2024-07-15 09:33:27.967564652,
U000304,referral,ios,35-44,1,1,1,1,1,0,2024-07-25 00:17:18.531061292,
U000305,app_store,android,35-44,1,1,0,0,0,0,2024-07-13 23:00:04.225243834,
U000306,paid_social,android,25-34,1,1,1,1,1,1,2024-07-11 18:46:48.508965976,2024-07-12 02:17:40.591372526
U000307,paid_social,ios,25-34,1,0,0,0,0,0,2024-07-18 21:47:11.465776816,
U000308,email,android,25-34,1,1,0,0,0,0,2024-07-08 11:03:48.057698048,
U000309,organic_search,ios,35-44,1,1,0,0,0,0,2024-07-04 21:55:27.739779812,
U000310,paid_social,android,25-34,1,1,0,0,0,0,2024-07-14 09:08:00.701318245,
U000311,organic_search,ios,25-34,1,0,0,0,0,0,2024-07-12 16:08:58.760504746,
U000312,organic_search,android,25-34,1,1,1,0,0,0,2024-07-07 12:17:13.200127450,
U000313,app_store,ios,45+,1,1,1,1,0,0,2024-07-11 06:58:04.571030517,
U000314,email,android,25-34,1,1,1,1,0,0,2024-07-11 06:12:56.614619656,
U000315,referral,ios,18-24,1,1,1,0,0,0,2024-07-10 04:04:37.269426831,
U000316,paid_social,ios,35-44,1,1,0,0,0,0,2024-07-11 14:59:59.501675385,
U000317,organic_search,ios,35-44,1,1,1,1,1,0,2024-07-20 04:49:10.301327022,
U000318,organic_search,android,18-24,1,1,0,0,0,0,2024-07-09 07:30:03.567282854,
U000319,organic_search,ios,45+,1,0,0,0,0,0,2024-07-27 13:37:57.096309752,
U000320,paid_social,android,35-44,1,0,0,0,0,0,2024-07-26 15:47:09.128866761,
U000321,referral,ios,25-34,1,0,0,0,0,0,2024-07-14 11:10:18.508143550,
U000322,referral,android,25-34,1,1,0,0,0,0,2024-07-10 04:39:31.427147343,
U000323,organic_search,ios,45+,1,1,0,0,0,0,2024-07-15 23:48:43.843556743,
U000324,app_store,ios,25-34,1,1,1,0,0,0,2024-07-24 18:13:57.534441153,
U000325,referral,ios,25-34,1,0,0,0,0,0,2024-07-19 06:32:19.294283000,
U000326,referral,ios,18-24,1,1,0,0,0,0,2024-07-23 12:33:04.710169569,
U000327,referral,ios,35-44,1,0,0,0,0,0,2024-07-15 21:59:21.730258237,
U000328,paid_social,ios,25-34,1,1,1,1,1,1,2024-07-18 17:19:14.328724227,2024-07-20 21:31:34.804448057
U000329,organic_search,android,35-44,1,1,1,1,1,1,2024-07-09 01:38:26.061830210,2024-08-01 07:36:51.668295904
U000330,paid_social,android,25-34,1,1,1,0,0,0,2024-07-21 13:50:53.538261054,
U000331,email,android,35-44,1,1,0,0,0,0,2024-07-06 16:00:57.191689738,
U000332,organic_search,ios,35-44,1,1,0,0,0,0,2024-07-20 10:54:15.633237711,
U000333,organic_search,android,25-34,1,1,0,0,0,0,2024-07-25 02:24:11.570094003,
U000334,organic_search,ios,35-44,1,1,1,1,1,1,2024-07-04 16:46:23.183999896,2024-07-05 00:25:57.101343908
U000335,organic_search,android,25-34,1,1,1,1,1,0,2024-07-18 04:51:47.468319012,
U000336,email,ios,35-44,1,1,1,1,1,1,2024-07-03 15:54:15.634117857,2024-07-04 00:32:40.412831286
U000337,referral,ios,18-24,1,1,1,1,0,0,2024-07-21 07:40:51.247914236,
U000338,paid_social,ios,25-34,1,1,1,1,0,0,2024-07-03 08:46:45.994977861,
U000339,organic_search,android,45+,1,1,1,0,0,0,2024-07-27 04:57:05.619077355,
U000340,paid_social,ios,45+,1,1,0,0,0,0,2024-07-04 20:20:17.264347450,
U000341,paid_social,android,25-34,1,0,0,0,0,0,2024-07-27 20:22:03.090903247,
U000342,organic_search,ios,25-34,1,1,0,0,0,0,2024-07-23 10:11:38.998785066,
U000343,paid_social,android,18-24,1,0,0,0,0,0,2024-07-17 14:57:15.505205004,
U000344,paid_social,android,45+,1,1,1,0,0,0,2024-07-22 21:55:24.233919801,
U000345,referral,ios,25-34,1,1,1,1,1,1,2024-07-23 06:19:01.818467882,2024-07-23 14:32:41.004053894
U000346,referral,ios,25-34,1,1,0,0,0,0,2024-07-27 11:43:48.670367685,
U000347,organic_search,android,18-24,1,1,0,0,0,0,2024-07-08 02:16:25.009607762,
U000348,paid_social,ios,45+,1,1,1,1,1,1,2024-07-17 12:31:51.606050822,2024-07-19 10:56:11.047627481
U000349,referral,ios,25-34,1,1,1,1,1,1,2024-07-03 15:52:23.018747800,2024-07-09 08:09:31.425299174
U000350,paid_social,android,25-34,1,1,0,0,0,0,2024-07-18 06:03:48.061498356,
U000351,email,android,25-34,1,1,1,1,1,1,2024-07-05 19:06:27.922861274,2024-07-06 14:26:53.031689818
U000352,referral,ios,25-34,1,1,1,1,1,1,2024-07-16 19:38:48.519274131,2024-07-17 08:35:13.162365696
U000353,organic_search,android,35-44,1,1,0,0,0,0,2024-07-17 00:40:23.899550689,
U000354,organic_search,ios,45+,1,1,1,1,1,1,2024-07-14 01:08:31.282092186,2024-07-17 03:06:22.277943010
U000355,referral,ios,45+,1,0,0,0,0,0,2024-07-15 15:12:30.791321344,
U000356,organic_search,android,25-34,1,1,0,0,0,0,2024-07-22 09:21:23.465103937,
U000357,referral,ios,35-44,1,1,1,1,0,0,2024-07-23 09:05:32.818185992,
U000358,app_store,ios,25-34,1,0,0,0,0,0,2024-07-14 18:43:37.059120076,
U000359,referral,android,25-34,1,1,1,1,1,0,2024-07-17 18:55:36.453731502,
U000360,paid_social,android,45+,1,0,0,0,0,0,2024-07-27 01:47:26.701381492,
U000361,referral,android,25-34,1,1,1,1,0,0,2024-07-04 08:27:39.497301918,
U000362,paid_social,android,25-34,1,1,1,1,1,1,2024-07-04 06:41:36.946625546,2024-07-07 01:31:04.125782942
U000363,paid_social,android,45+,1,1,0,0,0,0,2024-07-03 10:56:25.641614529,
U000364,app_store,ios,18-24,1,1,0,0,0,0,2024-07-19 10:05:02.859170046,
U000365,paid_social,ios,35-44,1,1,0,0,0,0,2024-07-12 17:18:17.201272086,
U000366,app_store,android,45+,1,1,1,1,1,1,2024-07-22 16:20:38.369930348,2024-07-24 12:47:07.367397982
U000367,app_store,ios,25-34,1,0,0,0,0,0,2024-07-19 19:04:03.035076146,
U000368,organic_search,android,18-24,1,0,0,0,0,0,2024-07-10 08:12:16.464947673,
U000369,organic_search,android,25-34,1,0,0,0,0,0,2024-07-26 03:42:08.351377027,
U000370,organic_search,ios,18-24,1,0,0,0,0,0,2024-07-22 08:25:17.770193320,
U000371,organic_search,android,25-34,1,1,1,0,0,0,2024-07-08 13:47:58.129049896,
U000372,organic_search,ios,35-44,1,0,0,0,0,0,2024-07-11 04:44:13.329394152,
U000373,referral,ios,25-34,1,1,1,1,1,1,2024-07-09 19:18:13.200110154,2024-07-10 16:45:24.565643463
U000374,organic_search,android,25-34,1,1,1,0,0,0,2024-07-05 09:54:54.100353600,
U000375,paid_social,ios,25-34,1,0,0,0,0,0,2024-07-05 03:18:37.534854070,
U000376,email,ios,25-34,1,1,1,1,1,1,2024-07-27 05:04:39.559398600,2024-07-28 09:08:42.489936578
U000377,organic_search,ios,45+,1,0,0,0,0,0,2024-07-13 06:16:17.446791223,
U000378,email,android,25-34,1,1,1,1,0,0,2024-07-11 17:35:27.315263108,
U000379,organic_search,android,35-44,1,1,1,1,1,1,2024-07-21 10:20:55.666432312,2024-07-23 04:45:47.772426401
U000380,organic_search,android,25-34,1,1,0,0,0,0,2024-07-16 11:36:40.823459816,
U000381,referral,android,25-34,1,1,1,0,0,0,2024-07-27 05:05:09.856159609,
U000382,referral,ios,25-34,1,0,0,0,0,0,2024-07-22 20:21:45.374065603,
U000383,email,android,25-34,1,0,0,0,0,0,2024-07-14 10:08:10.849530087,
U000384,referral,android,35-44,1,1,1,1,1,1,2024-07-11 12:54:48.838244814,2024-07-13 00:49:21.380009113
U000385,email,ios,25-34,1,1,0,0,0,0,2024-07-28 15:00:59.033480918,
U000386,organic_search,ios,45+,1,1,1,1,1,0,2024-07-21 02:20:05.562940012,
U000387,organic_search,android,25-34,1,0,0,0,0,0,2024-07-27 15:12:10.121481291,
U000388,email,android,45+,1,1,1,1,1,0,2024-07-04 07:37:03.374003467,
U000389,email,android,18-24,1,0,0,0,0,0,2024-07-24 19:33:31.076698341,
U000390,app_store,android,25-34,1,1,1,0,0,0,2024-07-18 20:06:49.140151527,
U000391,paid_social,ios,18-24,1,0,0,0,0,0,2024-07-04 09:55:52.924228305,
U000392,paid_social,android,25-34,1,1,1,1,0,0,2024-07-17 11:18:33.753525537,
U000393,email,ios,45+,1,1,0,0,0,0,2024-07-20 05:03:24.326463103,
U000394,paid_social,ios,18-24,1,1,0,0,0,0,2024-07-01 08:16:02.657701707,
U000395,app_store,android,25-34,1,0,0,0,0,0,2024-07-13 17:18:06.013287554,
U000396,email,ios,18-24,1,0,0,0,0,0,2024-07-24 02:40:06.497486140,
U000397,paid_social,android,25-34,1,1,0,0,0,0,2024-07-09 06:28:52.554112420,
U000398,email,ios,35-44,1,1,1,1,1,0,2024-07-13 20:08:39.519487053,
U000399,email,ios,35-44,1,0,0,0,0,0,2024-07-13 09:14:06.336202646,
U000400,organic_search,ios,35-44,1,0,0,0,0,0,2024-07-09 10:53:42.745377674,
U000401,app_store,ios,25-34,1,1,1,0,0,0,2024-07-26 17:11:34.633631227,
U000402,paid_social,ios,45+,1,1,0,0,0,0,2024-07-22 21:01:46.530515924,
U000403,email,ios,35-44,1,1,0,0,0,0,2024-07-04 02:18:55.483881789,
U000404,paid_social,android,25-34,1,0,0,0,0,0,2024-07-28 22:00:26.244240656,
U000405,email,ios,25-34,1,1,1,0,0,0,2024-07-25 14:49:20.698805298,
U000406,paid_social,ios,45+,1,1,0,0,0,0,2024-07-08 22:47:11.292880682,
U000407,organic_search,android,25-34,1,1,0,0,0,0,2024-07-24 10:23:40.205515740,
U000408,app_store,android,35-44,1,1,0,0,0,0,2024-07-03 23:30:50.131503248,
U000409,organic_search,ios,25-34,1,1,1,0,0,0,2024-07-28 23:23:54.163963276,
U000410,paid_social,android,25-34,1,1,0,0,0,0,2024-07-19 15:20:24.513588934,
U000411,app_store,android,35-44,1,1,1,1,1,0,2024-07-19 04:53:02.437639843,
U000412,app_store,ios,35-44,1,0,0,0,0,0,2024-07-03 12:46:34.206720013,
U000413,referral,ios,25-34,1,0,0,0,0,0,2024-07-26 02:48:23.198610715,
U000414,referral,android,35-44,1,1,1,1,1,0,2024-07-01 19:29:15.598152250,
U000415,paid_social,android,25-34,1,1,0,0,0,0,2024-07-07 17:50:11.238013143,
U000416,organic_search,android,35-44,1,1,0,0,0,0,2024-07-05 00:06:38.520403124,
U000417,paid_social,ios,45+,1,0,0,0,0,0,2024-07-22 17:59:17.002122615,
U000418,referral,ios,45+,1,1,1,1,0,0,2024-07-06 13:11:35.666473441,
U000419,email,android,25-34,1,1,1,1,1,1,2024-07-26 11:56:55.999075038,2024-07-28 08:40:08.053896993
U000420,email,ios,25-34,1,0,0,0,0,0,2024-07-19 09:00:46.059941062,
U000421,email,ios,35-44,1,1,1,1,1,0,2024-07-02 00:18:04.829228769,
U000422,organic_search,android,25-34,1,1,0,0,0,0,2024-07-01 03:38:55.854724153,
U000423,paid_social,ios,25-34,1,1,1,0,0,0,2024-07-02 10:42:50.832841233,
U000424,organic_search,android,45+,1,0,0,0,0,0,2024-07-17 23:10:54.189765382,
U000425,paid_social,android,25-34,1,1,1,1,1,0,2024-07-23 10:35:44.796831097,
U000426,paid_social,ios,25-34,1,0,0,0,0,0,2024-07-07 16:18:26.983661778,
U000427,email,android,18-24,1,0,0,0,0,0,2024-07-24 18:48:09.872799498,
U000428,paid_social,ios,18-24,1,0,0,0,0,0,2024-07-02 14:27:35.509618767,
U000429,organic_search,android,18-24,1,1,0,0,0,0,2024-07-23 10:14:51.754729941,
U000430,organic_search,ios,45+,1,1,1,1,1,1,2024-07-26 23:28:42.704672779,2024-07-27 15:33:41.755493285
U000431,email,ios,25-34,1,1,1,0,0,0,2024-07-22 14:51:24.639113318,
U000432,referral,android,25-34,1,1,1,0,0,0,2024-07-20 13:08:13.800601118,
U000433,organic_search,ios,35-44,1,1,1,1,1,1,2024-07-24 11:07:21.744971101,2024-07-25 08:59:18.177452008
U000434,organic_search,android,35-44,1,0,0,0,0,0,2024-07-02 02:58:54.023864264,
U000435,referral,ios,35-44,1,0,0,0,0,0,2024-07-06 15:35:51.282251538,
U000436,organic_search,ios,25-34,1,1,1,1,1,1,2024-07-04 11:56:55.364976211,2024-07-05 05:26:19.607933929
U000437,email,ios,35-44,1,1,1,1,1,1,2024-07-15 03:02:41.371474873,2024-07-16 17:29:56.124453213
U000438,referral,ios,18-24,1,1,0,0,0,0,2024-07-21 20:45:59.120053138,
U000439,organic_search,ios,18-24,1,1,0,0,0,0,2024-07-18 15:22:04.654399224,
U000440,organic_search,android,18-24,1,1,1,0,0,0,2024-07-24 19:57:36.356544072,
U000441,app_store,android,25-34,1,0,0,0,0,0,2024-07-05 08:18:11.271313486,
U000442,paid_social,android,25-34,1,1,0,0,0,0,2024-07-21 13:39:55.345609544,
U000443,paid_social,android,35-44,1,1,0,0,0,0,2024-07-06 09:43:25.974710054,
U000444,email,ios,25-34,1,1,1,1,1,0,2024-07-08 13:56:59.571188023,
U000445,app_store,android,35-44,1,0,0,0,0,0,2024-07-20 21:03:21.443662929,
U000446,app_store,ios,18-24,1,1,0,0,0,0,2024-07-28 10:41:51.415626890,
U000447,email,android,18-24,1,1,1,0,0,0,2024-07-18 02:57:26.291579727,
U000448,paid_social,ios,25-34,1,1,0,0,0,0,2024-07-02 12:37:27.162026943,
U000449,organic_search,android,45+,1,1,1,1,1,1,2024-07-18 06:09:34.660048687,2024-07-20 12:37:50.418322489
U000450,email,android,45+,1,1,1,0,0,0,2024-07-02 04:27:34.454382739,
U000451,referral,android,45+,1,0,0,0,0,0,2024-07-25 18:08:45.304938603,
U000452,paid_social,android,35-44,1,1,1,1,0,0,2024-07-20 20:50:11.787315421,
U000453,app_store,android,35-44,1,0,0,0,0,0,2024-07-05 20:20:30.886065319,
U000454,organic_search,android,35-44,1,1,0,0,0,0,2024-07-03 13:38:11.457289899,
U000455,paid_social,ios,35-44,1,1,1,1,1,1,2024-07-06 03:20:03.587307266,2024-07-08 08:56:22.349898700
U000456,organic_search,ios,18-24,1,1,0,0,0,0,2024-07-28 10:34:41.752777501,
U000457,paid_social,ios,25-34,1,1,1,1,0,0,2024-07-13 20:09:09.906235578,
U000458,organic_search,ios,25-34,1,0,0,0,0,0,2024-07-22 22:54:08.630227533,
U000459,organic_search,ios,25-34,1,1,1,0,0,0,2024-07-18 19:39:59.061227133,
U000460,organic_search,ios,25-34,1,1,0,0,0,0,2024-07-17 00:39:41.892379934,
U000461,referral,ios,18-24,1,1,1,1,1,1,2024-07-05 01:31:39.112085686,2024-07-07 16:01:40.976919540
U000462,referral,android,25-34,1,1,1,1,1,0,2024-07-27 11:43:42.358047744,
U000463,referral,android,18-24,1,1,0,0,0,0,2024-07-09 10:30:08.096579603,
U000464,app_store,ios,45+,1,0,0,0,0,0,2024-07-17 04:25:39.248481604,
U000465,paid_social,ios,18-24,1,0,0,0,0,0,2024-07-20 14:14:57.965149867,
U000466,organic_search,ios,25-34,1,1,1,0,0,0,2024-07-19 04:17:04.849169452,
U000467,email,ios,45+,1,1,1,1,1,1,2024-07-27 08:04:45.995935396,2024-07-29 17:18:13.404677626
U000468,organic_search,android,25-34,1,1,0,0,0,0,2024-07-05 03:45:03.604414604,
U000469,app_store,ios,18-24,1,0,0,0,0,0,2024-07-15 05:36:46.944850842,
U000470,organic_search,android,25-34,1,1,0,0,0,0,2024-07-12 07:30:39.998080062,
U000471,app_store,android,18-24,1,1,0,0,0,0,2024-07-14 06:38:28.990364348,
U000472,organic_search,android,25-34,1,1,0,0,0,0,2024-07-04 08:06:51.039377582,
U000473,email,ios,18-24,1,1,1,1,1,1,2024-07-04 18:06:41.680204192,2024-07-06 13:14:49.496838805
U000474,paid_social,android,25-34,1,1,0,0,0,0,2024-07-08 18:52:00.360354018,
U000475,app_store,ios,35-44,1,0,0,0,0,0,2024-07-09 12:45:41.377418204,
U000476,organic_search,ios,25-34,1,0,0,0,0,0,2024-07-12 23:33:03.454537921,
U000477,referral,ios,35-44,1,1,0,0,0,0,2024-07-18 02:35:01.073791010,
U000478,app_store,ios,25-34,1,1,1,1,1,1,2024-07-18 18:28:14.760858262,2024-07-19 22:23:57.659542086
U000479,paid_social,ios,25-34,1,0,0,0,0,0,2024-07-12 12:44:12.921019810,
U000480,referral,ios,35-44,1,1,1,1,1,1,2024-07-12 10:42:08.098329902,2024-07-13 19:39:04.657436182
U000481,referral,android,18-24,1,1,1,1,1,1,2024-07-07 02:14:46.931785288,2024-07-07 11:37:26.214760213
U000482,paid_social,android,45+,1,0,0,0,0,0,2024-07-17 11:20:30.476151074,
U000483,referral,ios,25-34,1,0,0,0,0,0,2024-07-09 21:03:05.372658662,
U000484,referral,ios,35-44,1,1,0,0,0,0,2024-07-02 00:13:55.951083796,
U000485,app_store,android,25-34,1,1,0,0,0,0,2024-07-12 17:09:53.386824276,
U000486,organic_search,ios,25-34,1,1,1,0,0,0,2024-07-14 06:37:01.767578138,
U000487,organic_search,android,35-44,1,1,1,1,1,0,2024-07-07 07:35:54.266759628,
U000488,app_store,android,35-44,1,1,0,0,0,0,2024-07-17 00:41:30.231809023,
U000489,email,ios,25-34,1,1,1,0,0,0,2024-07-16 20:11:55.381524903,
U000490,paid_social,ios,45+,1,1,1,1,0,0,2024-07-20 15:44:43.676542212,
U000491,referral,ios,18-24,1,1,0,0,0,0,2024-07-19 03:25:16.968141166,
U000492,organic_search,ios,18-24,1,1,1,1,1,1,2024-07-19 06:26:06.050335678,2024-07-21 18:23:41.071865250
U000493,organic_search,ios,25-34,1,1,1,0,0,0,2024-07-09 20:29:45.276092725,
U000494,paid_social,android,35-44,1,0,0,0,0,0,2024-07-23 01:09:16.031428419,
U000495,paid_social,ios,45+,1,1,0,0,0,0,2024-07-16 09:01:30.092804346,
U000496,referral,ios,25-34,1,1,0,0,0,0,2024-07-13 01:54:46.897779189,
U000497,organic_search,android,18-24,1,1,0,0,0,0,2024-07-18 12:40:49.393892604,
U000498,app_store,ios,35-44,1,1,0,0,0,0,2024-07-11 02:21:42.223502055,
U000499,app_store,ios,25-34,1,1,1,0,0,0,2024-07-15 08:33:38.780552671,
U000500,referral,ios,25-34,1,0,0,0,0,0,2024-07-21 15:03:58.401576187,
U000501,paid_social,ios,25-34,1,0,0,0,0,0,2024-07-25 19:39:45.863561995,
U000502,paid_social,android,18-24,1,1,1,0,0,0,2024-07-26 18:57:01.571696528,
U000503,email,ios,25-34,1,0,0,0,0,0,2024-07-15 02:26:28.772602954,
U000504,referral,android,25-34,1,1,0,0,0,0,2024-07-15 13:37:29.557580383,
U000505,organic_search,ios,35-44,1,1,0,0,0,0,2024-07-23 09:30:46.497719872,
U000506,app_store,ios,35-44,1,1,1,0,0,0,2024-07-09 19:18:39.113467570,
U000507,email,ios,18-24,1,1,1,1,1,1,2024-07-24 10:43:15.410985189,2024-08-03 09:41:26.871613054
U000508,app_store,android,25-34,1,1,0,0,0,0,2024-07-14 20:03:47.471254952,
U000509,referral,ios,25-34,1,1,1,1,1,1,2024-07-04 05:51:20.587511880,2024-07-04 07:09:16.432161472
U000510,referral,ios,18-24,1,1,0,0,0,0,2024-07-03 00:25:25.488598864,
U000511,paid_social,android,35-44,1,1,1,0,0,0,2024-07-24 13:49:09.976146668,
U000512,app_store,ios,45+,1,1,1,0,0,0,2024-07-02 13:20:29.904581119,
U000513,email,ios,35-44,1,1,1,0,0,0,2024-07-08 20:34:15.186294541,
U000514,organic_search,android,35-44,1,1,1,1,1,1,2024-07-10 08:32:07.393981340,2024-07-11 09:19:08.742550817
U000515,organic_search,ios,25-34,1,1,0,0,0,0,2024-07-05 20:15:08.161807503,
U000516,paid_social,android,25-34,1,1,0,0,0,0,2024-07-09 18:56:10.840224973,
U000517,email,ios,45+,1,0,0,0,0,0,2024-07-21 19:05:21.857421328,
U000518,app_store,android,45+,1,1,0,0,0,0,2024-07-01 09:52:00.735140524,
U000519,organic_search,android,25-34,1,1,0,0,0,0,2024-07-24 03:51:37.948600443,
U000520,referral,ios,25-34,1,1,1,1,1,1,2024-07-24 23:36:00.978631570,2024-07-25 12:16:04.462784770
U000521,paid_social,android,35-44,1,1,0,0,0,0,2024-07-11 10:09:35.197864992,
U000522,app_store,android,18-24,1,0,0,0,0,0,2024-07-05 07:13:40.325407489,
U000523,email,ios,35-44,1,1,1,0,0,0,2024-07-17 19:45:53.114900738,
U000524,email,ios,35-44,1,1,1,0,0,0,2024-07-04 08:25:11.847148352,
U000525,paid_social,android,18-24,1,1,0,0,0,0,2024-07-11 05:13:32.918320509,
U000526,paid_social,android,45+,1,1,0,0,0,0,2024-07-27 20:03:51.874435634,
U000527,organic_search,ios,45+,1,1,1,0,0,0,2024-07-28 20:57:07.652074334,
U000528,organic_search,android,45+,1,1,1,0,0,0,2024-07-22 14:51:16.153165015,
U000529,email,ios,25-34,1,1,1,0,0,0,2024-07-09 16:57:58.084800318,
U000530,email,android,25-34,1,0,0,0,0,0,2024-07-20 06:06:39.286942610,
U000531,app_store,android,25-34,1,1,1,0,0,0,2024-07-20 18:01:59.079378925,
U000532,app_store,android,25-34,1,1,1,1,0,0,2024-07-11 20:37:46.628939902,
U000533,referral,ios,25-34,1,1,1,1,1,1,2024-07-18 22:40:37.784790836,2024-07-19 03:59:20.236282529
U000534,email,android,25-34,1,0,0,0,0,0,2024-07-01 07:12:32.318725154,
U000535,app_store,ios,35-44,1,1,1,0,0,0,2024-07-06 20:29:12.287690541,
U000536,email,ios,18-24,1,1,1,1,1,1,2024-07-15 16:51:33.622538396,2024-07-19 19:00:15.750792204
U000537,organic_search,ios,25-34,1,1,1,1,0,0,2024-07-05 14:02:27.155261670,
U000538,paid_social,android,18-24,1,0,0,0,0,0,2024-07-05 15:29:21.894766911,
U000539,organic_search,ios,35-44,1,1,1,1,0,0,2024-07-24 09:59:47.339699136,
U000540,app_store,ios,35-44,1,0,0,0,0,0,2024-07-28 16:41:50.560092178,
U000541,referral,android,18-24,1,1,1,0,0,0,2024-07-16 13:36:41.240286421,
U000542,organic_search,android,45+,1,0,0,0,0,0,2024-07-24 11:51:17.492949039,
U000543,referral,android,18-24,1,1,0,0,0,0,2024-07-28 17:29:46.170338118,
U000544,referral,android,25-34,1,0,0,0,0,0,2024-07-04 23:09:08.773625581,
U000545,paid_social,ios,35-44,1,1,1,0,0,0,2024-07-13 13:13:15.787584926,
U000546,organic_search,android,35-44,1,1,1,1,1,1,2024-07-11 23:48:31.914164772,2024-07-12 16:41:13.581332516
U000547,referral,android,18-24,1,0,0,0,0,0,2024-07-03 05:47:35.226996849,
U000548,paid_social,ios,45+,1,1,0,0,0,0,2024-07-22 03:34:54.754025044,
U000549,email,ios,45+,1,0,0,0,0,0,2024-07-13 03:29:58.222898818,
U000550,paid_social,ios,25-34,1,1,1,1,0,0,2024-07-14 03:23:15.719193420,
U000551,email,ios,25-34,1,0,0,0,0,0,2024-07-05 05:15:08.058248989,
U000552,referral,android,18-24,1,1,1,0,0,0,2024-07-06 01:34:57.757076914,
U000553,referral,android,25-34,1,1,1,0,0,0,2024-07-26 09:34:25.082720317,
U000554,email,android,25-34,1,1,1,1,1,1,2024-07-02 06:00:15.076046573,2024-07-07 22:38:16.543373898
U000555,paid_social,ios,35-44,1,1,1,0,0,0,2024-07-07 12:28:36.247735815,
U000556,organic_search,ios,25-34,1,1,1,0,0,0,2024-07-09 04:15:49.931896906,
U000557,organic_search,android,35-44,1,0,0,0,0,0,2024-07-14 17:24:45.894577917,
U000558,email,ios,18-24,1,1,0,0,0,0,2024-07-17 10:05:28.162557394,
U000559,referral,android,18-24,1,1,1,0,0,0,2024-07-14 19:29:27.109577932,
U000560,referral,ios,18-24,1,1,1,0,0,0,2024-07-03 08:31:31.817360009,
U000561,organic_search,android,18-24,1,1,1,1,1,1,2024-07-07 19:44:40.304851580,2024-07-10 23:48:19.598242571
U000562,organic_search,ios,25-34,1,1,1,1,0,0,2024-07-24 14:53:29.020417540,
U000563,organic_search,ios,35-44,1,0,0,0,0,0,2024-07-18 20:27:34.584197486,
U000564,paid_social,ios,35-44,1,1,1,0,0,0,2024-07-19 04:13:41.382084835,
U000565,referral,android,25-34,1,1,1,0,0,0,2024-07-19 18:22:35.715345999,
U000566,paid_social,android,35-44,1,0,0,0,0,0,2024-07-22 08:40:14.983660426,
U000567,paid_social,ios,25-34,1,1,1,0,0,0,2024-07-02 15:02:56.038980526,
U000568,app_store,android,25-34,1,1,1,0,0,0,2024-07-11 06:21:39.004828977,
U000569,paid_social,android,25-34,1,0,0,0,0,0,2024-07-16 02:33:44.771385052,
U000570,paid_social,android,35-44,1,0,0,0,0,0,2024-07-10 11:26:33.924392890,
U000571,email,android,18-24,1,1,1,1,1,1,2024-07-24 15:29:23.290256360,2024-07-28 22:22:42.066960704
U000572,paid_social,ios,18-24,1,0,0,0,0,0,2024-07-14 12:17:19.412774383,
U000573,referral,ios,25-34,1,1,1,0,0,0,2024-07-22 12:31:03.864420130,
U000574,email,android,45+,1,1,0,0,0,0,2024-07-24 20:33:15.938438925,
U000575,app_store,android,35-44,1,0,0,0,0,0,2024-07-15 03:13:11.555440143,
U000576,organic_search,android,35-44,1,1,1,1,1,0,2024-07-26 11:13:08.788373569,
U000577,app_store,android,35-44,1,1,0,0,0,0,2024-07-17 10:32:50.236947063,
U000578,paid_social,ios,25-34,1,0,0,0,0,0,2024-07-24 19:23:03.583738539,
U000579,organic_search,android,35-44,1,1,1,1,1,1,2024-07-10 12:52:37.252695014,2024-07-17 22:01:58.269940262
U000580,paid_social,ios,35-44,1,1,1,1,0,0,2024-07-14 23:12:17.986079368,
U000581,app_store,android,25-34,1,0,0,0,0,0,2024-07-15 21:06:29.590398273,
U000582,paid_social,ios,25-34,1,0,0,0,0,0,2024-07-03 22:32:46.928695772,
U000583,paid_social,android,25-34,1,0,0,0,0,0,2024-07-12 03:49:38.224212366,
U000584,referral,ios,25-34,1,0,0,0,0,0,2024-07-26 16:27:03.297437013,
U000585,organic_search,ios,45+,1,1,1,1,1,1,2024-07-18 15:55:09.355890385,2024-07-19 12:16:18.062687873
U000586,organic_search,ios,25-34,1,1,0,0,0,0,2024-07-05 23:17:03.924231511,
U000587,organic_search,android,25-34,1,1,1,0,0,0,2024-07-10 11:42:39.553666758,
U000588,organic_search,android,45+,1,0,0,0,0,0,2024-07-06 08:45:26.000976002,
U000589,organic_search,ios,25-34,1,0,0,0,0,0,2024-07-01 16:40:52.120447107,
U000590,organic_search,android,25-34,1,1,1,1,1,1,2024-07-26 23:15:12.341212941,2024-08-02 10:21:15.686302661
U000591,referral,android,45+,1,1,1,0,0,0,2024-07-13 13:11:43.168519024,
U000592,organic_search,ios,25-34,1,1,1,0,0,0,2024-07-09 14:39:48.847200364,
U000593,paid_social,ios,35-44,1,0,0,0,0,0,2024-07-17 18:10:36.021816476,
U000594,email,android,18-24,1,0,0,0,0,0,2024-07-01 04:54:55.132664065,
U000595,paid_social,android,18-24,1,1,1,1,0,0,2024-07-08 18:49:51.080288689,
U000596,referral,ios,25-34,1,1,1,1,0,0,2024-07-20 16:26:18.560218761,
U000597,organic_search,android,25-34,1,0,0,0,0,0,2024-07-18 17:53:35.835009162,
U000598,organic_search,ios,45+,1,1,1,0,0,0,2024-07-28 11:46:24.948294902,
U000599,organic_search,ios,45+,1,1,1,0,0,0,2024-07-18 08:52:49.371204741,
U000600,organic_search,ios,45+,1,1,1,0,0,0,2024-07-14 08:53:02.209480209,
U000601,organic_search,ios,25-34,1,0,0,0,0,0,2024-07-22 07:40:57.656854750,
U000602,organic_search,android,45+,1,0,0,0,0,0,2024-07-26 07:02:10.787855438,
U000603,organic_search,android,35-44,1,1,1,1,1,1,2024-07-21 04:18:27.634301035,2024-07-21 14:47:38.217530741
U000604,organic_search,ios,25-34,1,1,1,1,1,0,2024-07-27 23:16:40.592010658,
U000605,paid_social,ios,35-44,1,1,1,1,1,1,2024-07-22 21:30:26.909049798,2024-08-13 08:54:28.905222531
U000606,organic_search,android,18-24,1,0,0,0,0,0,2024-07-25 06:29:26.039443254,
U000607,paid_social,android,18-24,1,0,0,0,0,0,2024-07-04 04:40:40.569007454,
U000608,paid_social,android,35-44,1,1,1,0,0,0,2024-07-21 12:10:54.746442570,
U000609,referral,android,35-44,1,1,1,1,1,0,2024-07-13 07:44:22.581896611,
U000610,organic_search,ios,25-34,1,0,0,0,0,0,2024-07-16 11:41:08.718793357,
U000611,email,android,25-34,1,1,1,1,1,1,2024-07-19 07:33:24.549019718,2024-07-19 19:16:17.711209224
U000612,referral,ios,45+,1,1,1,1,1,1,2024-07-28 03:42:56.730334114,2024-07-28 14:36:02.246492519
U000613,organic_search,ios,35-44,1,0,0,0,0,0,2024-07-28 13:38:11.294599387,
U000614,email,ios,25-34,1,0,0,0,0,0,2024-07-09 01:41:21.771484339,
U000615,app_store,ios,18-24,1,1,1,0,0,0,2024-07-21 13:04:56.461001808,
U000616,organic_search,android,25-34,1,1,1,1,1,1,2024-07-21 23:59:20.174973000,2024-07-22 19:36:45.622321318
U000617,organic_search,android,45+,1,1,0,0,0,0,2024-07-10 16:50:35.530088528,
U000618,email,ios,25-34,1,1,1,1,1,1,2024-07-04 11:14:25.759351525,2024-07-06 14:43:57.368666153
U000619,referral,ios,25-34,1,1,1,1,1,1,2024-07-02 03:30:58.886323214,2024-07-03 00:20:31.063980882
U000620,organic_search,ios,25-34,1,1,1,0,0,0,2024-07-22 18:22:28.494118588,
U000621,organic_search,ios,45+,1,1,1,0,0,0,2024-07-14 17:04:41.615403459,
U000622,paid_social,android,35-44,1,0,0,0,0,0,2024-07-28 14:16:58.778042124,
U000623,paid_social,android,35-44,1,1,1,0,0,0,2024-07-14 00:27:43.785223686,
U000624,referral,android,25-34,1,1,1,1,0,0,2024-07-28 09:09:36.755775435,
U000625,paid_social,android,18-24,1,1,0,0,0,0,2024-07-12 12:34:44.664507868,
U000626,paid_social,android,45+,1,1,1,1,0,0,2024-07-23 05:21:15.858634687,
U000627,referral,ios,45+,1,1,0,0,0,0,2024-07-03 08:59:54.783576783,
U000628,organic_search,ios,45+,1,0,0,0,0,0,2024-07-16 13:16:12.969165277,
U000629,organic_search,ios,45+,1,1,0,0,0,0,2024-07-23 10:59:03.036675865,
U000630,referral,android,35-44,1,1,0,0,0,0,2024-07-26 21:23:58.273338354,
U000631,email,android,35-44,1,1,1,0,0,0,2024-07-24 00:46:33.012821690,
U000632,paid_social,ios,35-44,1,1,1,1,1,0,2024-07-02 00:50:39.583245080,
U000633,paid_social,ios,35-44,1,1,1,1,1,0,2024-07-11 10:27:21.504089250,
U000634,organic_search,ios,18-24,1,1,1,0,0,0,2024-07-02 08:43:31.344221668,
U000635,paid_social,android,25-34,1,0,0,0,0,0,2024-07-04 01:26:15.718664338,
U000636,paid_social,ios,45+,1,0,0,0,0,0,2024-07-19 21:48:19.376872376,
U000637,organic_search,android,25-34,1,1,1,0,0,0,2024-07-20 23:18:34.228517259,
U000638,organic_search,android,45+,1,1,1,0,0,0,2024-07-22 15:56:25.075712734,
U000639,paid_social,ios,18-24,1,1,0,0,0,0,2024-07-25 05:35:12.481056257,
U000640,organic_search,android,25-34,1,0,0,0,0,0,2024-07-21 16:53:52.608538374,
U000641,paid_social,android,25-34,1,1,1,1,0,0,2024-07-23 10:11:08.555624365,
U000642,organic_search,ios,18-24,1,1,1,0,0,0,2024-07-02 08:54:13.006804478,
U000643,paid_social,android,18-24,1,1,0,0,0,0,2024-07-07 13:36:27.435947590,
U000644,organic_search,ios,18-24,1,1,1,0,0,0,2024-07-18 09:54:55.093349394,
U000645,email,ios,35-44,1,1,1,0,0,0,2024-07-25 00:39:36.736948371,
U000646,referral,android,18-24,1,1,1,0,0,0,2024-07-01 03:01:26.702254023,
U000647,referral,android,25-34,1,1,0,0,0,0,2024-07-15 09:49:51.304447873,
U000648,email,android,18-24,1,1,1,1,1,1,2024-07-19 23:08:13.676542349,2024-07-21 10:55:06.904156503
U000649,paid_social,android,35-44,1,1,0,0,0,0,2024-07-01 19:53:45.953859940,
U000650,organic_search,android,35-44,1,1,0,0,0,0,2024-07-12 05:42:39.364833157,
U000651,paid_social,android,35-44,1,1,1,1,1,0,2024-07-26 01:51:59.905043438,
U000652,referral,android,25-34,1,1,1,1,1,1,2024-07-19 19:19:25.707184093,2024-07-20 05:28:54.868374803
U000653,referral,android,25-34,1,1,1,1,1,1,2024-07-07 15:42:23.112641955,2024-07-07 22:20:13.120480855
U000654,paid_social,ios,35-44,1,1,1,0,0,0,2024-07-24 21:04:08.108805522,
U000655,organic_search,android,35-44,1,1,0,0,0,0,2024-07-10 17:52:37.619512298,
U000656,organic_search,ios,18-24,1,1,1,0,0,0,2024-07-24 21:26:51.428431708,
U000657,paid_social,ios,25-34,1,1,0,0,0,0,2024-07-09 08:53:24.480786858,
U000658,referral,ios,25-34,1,1,1,0,0,0,2024-07-17 12:41:42.750936513,
U000659,referral,android,18-24,1,1,1,1,0,0,2024-07-12 02:44:37.411895558,
U000660,paid_social,ios,35-44,1,0,0,0,0,0,2024-07-08 16:40:56.762786658,
U000661,app_store,ios,25-34,1,1,1,1,0,0,2024-07-25 19:46:00.054406185,
U000662,referral,android,25-34,1,0,0,0,0,0,2024-07-06 06:03:46.635348016,
U000663,organic_search,ios,25-34,1,0,0,0,0,0,2024-07-03 08:59:36.201517558,
U000664,organic_search,android,45+,1,1,1,1,1,1,2024-07-10 13:46:29.649729662,2024-07-11 09:27:18.811239238
U000665,organic_search,ios,35-44,1,0,0,0,0,0,2024-07-21 02:15:12.625974478,
U000666,organic_search,ios,45+,1,1,1,0,0,0,2024-07-23 14:35:38.541177819,
U000667,organic_search,ios,25-34,1,1,1,1,1,1,2024-07-28 23:09:19.960865517,2024-07-29 16:34:48.613374403
U000668,organic_search,android,35-44,1,1,1,1,1,1,2024-07-09 07:09:19.088321410,2024-07-10 03:32:20.042294891
U000669,organic_search,ios,25-34,1,1,0,0,0,0,2024-07-12 10:08:13.168176799,
U000670,organic_search,android,18-24,1,1,1,0,0,0,2024-07-04 19:56:38.035809272,
U000671,email,ios,25-34,1,1,1,1,1,0,2024-07-17 02:18:50.172144044,
U000672,organic_search,ios,25-34,1,1,0,0,0,0,2024-07-28 22:22:25.626146448,
U000673,paid_social,ios,25-34,1,1,0,0,0,0,2024-07-20 14:59:31.339683898,
U000674,paid_social,ios,35-44,1,1,0,0,0,0,2024-07-17 15:58:58.903528029,
U000675,app_store,android,18-24,1,1,0,0,0,0,2024-07-11 23:40:19.309596405,
U000676,organic_search,android,25-34,1,0,0,0,0,0,2024-07-26 15:04:50.760882814,
U000677,paid_social,android,18-24,1,1,0,0,0,0,2024-07-14 21:55:40.629358542,
U000678,app_store,ios,25-34,1,1,1,0,0,0,2024-07-04 18:17:40.436686957,
U000679,email,ios,18-24,1,1,1,0,0,0,2024-07-11 05:32:03.578171344,
U000680,email,ios,25-34,1,1,0,0,0,0,2024-07-02 21:08:09.605276516,
U000681,organic_search,android,25-34,1,1,1,1,1,0,2024-07-06 15:43:47.687976699,
U000682,organic_search,ios,25-34,1,0,0,0,0,0,2024-07-01 11:52:24.314994987,
U000683,referral,android,25-34,1,1,1,1,1,1,2024-07-13 16:36:14.773997196,2024-07-14 15:33:40.012635042
U000684,app_store,ios,25-34,1,1,1,0,0,0,2024-07-18 18:24:39.808971388,
U000685,referral,ios,25-34,1,0,0,0,0,0,2024-07-10 14:41:33.124987053,
U000686,referral,ios,25-34,1,0,0,0,0,0,2024-07-12 18:29:47.581625565,
U000687,organic_search,ios,25-34,1,1,0,0,0,0,2024-07-27 20:35:19.072865598,
U000688,email,android,35-44,1,1,1,0,0,0,2024-07-22 01:19:09.183714034,
U000689,organic_search,ios,25-34,1,1,0,0,0,0,2024-07-16 03:27:20.376097225,
U000690,paid_social,android,25-34,1,1,1,1,1,0,2024-07-08 23:12:41.285070529,
U000691,paid_social,ios,45+,1,1,1,1,1,0,2024-07-26 02:46:54.655591630,
U000692,paid_social,android,35-44,1,1,0,0,0,0,2024-07-07 13:59:06.945157690,
U000693,organic_search,ios,45+,1,1,0,0,0,0,2024-07-10 02:37:49.133665945,
U000694,organic_search,android,35-44,1,0,0,0,0,0,2024-07-26 10:53:29.599051995,
U000695,referral,android,25-34,1,1,1,1,0,0,2024-07-15 19:51:08.140145648,
U000696,organic_search,android,25-34,1,0,0,0,0,0,2024-07-21 18:50:15.583231968,
U000697,referral,ios,35-44,1,1,0,0,0,0,2024-07-17 12:58:49.806040983,
U000698,organic_search,android,45+,1,1,1,1,1,1,2024-07-19 07:06:40.134435771,2024-07-21 05:51:54.639977464
U000699,paid_social,ios,35-44,1,1,1,0,0,0,2024-07-09 09:11:08.058832666,
U000700,paid_social,ios,45+,1,0,0,0,0,0,2024-07-07 18:12:07.291487221,
U000701,organic_search,ios,25-34,1,0,0,0,0,0,2024-07-10 00:42:53.486270434,
U000702,paid_social,ios,25-34,1,0,0,0,0,0,2024-07-05 08:27:24.231830616,
U000703,organic_search,android,45+,1,1,0,0,0,0,2024-07-25 11:32:21.312511522,
U000704,organic_search,ios,35-44,1,0,0,0,0,0,2024-07-08 22:20:30.980918677,
U000705,app_store,android,45+,1,0,0,0,0,0,2024-07-16 17:19:15.142967277,
U000706,paid_social,android,35-44,1,1,1,0,0,0,2024-07-23 04:12:24.529302010,
U000707,email,ios,25-34,1,1,0,0,0,0,2024-07-22 22:43:47.285401728,
U000708,organic_search,android,25-34,1,1,1,0,0,0,2024-07-13 06:35:44.036766880,
U000709,referral,ios,45+,1,1,0,0,0,0,2024-07-14 08:02:41.680933008,
U000710,email,android,25-34,1,0,0,0,0,0,2024-07-28 20:26:22.471023613,
U000711,referral,ios,25-34,1,1,1,1,1,1,2024-07-19 21:19:46.216307654,2024-07-20 20:24:59.236870128
U000712,paid_social,android,25-34,1,1,1,1,1,1,2024-07-23 19:26:13.321590781,2024-07-27 18:04:18.429090239
U000713,paid_social,android,25-34,1,1,1,1,1,0,2024-07-26 06:30:58.562335166,
U000714,paid_social,android,18-24,1,1,1,0,0,0,2024-07-23 01:15:37.331806017,
U000715,app_store,ios,35-44,1,0,0,0,0,0,2024-07-06 04:26:25.871311669,
U000716,email,ios,18-24,1,1,1,1,1,0,2024-07-16 17:46:43.439057936,
U000717,app_store,ios,25-34,1,1,1,1,1,1,2024-07-03 20:28:22.345375346,2024-07-05 05:42:47.348478399
U000718,organic_search,ios,35-44,1,0,0,0,0,0,2024-07-19 06:45:49.208583625,
U000719,referral,ios,25-34,1,1,1,1,1,0,2024-07-27 17:59:41.336671952,
U000720,app_store,android,35-44,1,1,1,0,0,0,2024-07-15 08:33:21.409954830,
U000721,organic_search,ios,25-34,1,1,1,0,0,0,2024-07-13 02:57:27.054745704,
U000722,organic_search,ios,45+,1,1,0,0,0,0,2024-07-02 00:05:10.784230821,
U000723,referral,android,25-34,1,1,1,0,0,0,2024-07-27 20:58:06.524418849,
U000724,referral,android,18-24,1,0,0,0,0,0,2024-07-03 21:13:04.093447681,
U000725,email,ios,45+,1,1,1,0,0,0,2024-07-02 03:36:18.542523085,
U000726,organic_search,ios,35-44,1,1,0,0,0,0,2024-07-07 21:21:24.346552748,
U000727,email,ios,25-34,1,1,1,1,0,0,2024-07-02 20:02:11.225735350,
U000728,organic_search,ios,45+,1,1,1,1,1,1,2024-07-13 17:50:21.084362534,2024-07-15 00:38:18.210238223
U000729,organic_search,android,25-34,1,1,1,1,0,0,2024-07-15 10:48:39.608801208,
U000730,organic_search,ios,45+,1,1,1,1,1,1,2024-07-09 18:02:49.220689948,2024-07-10 00:57:22.863981750
U000731,email,android,25-34,1,1,1,0,0,0,2024-07-02 10:14:43.599445162,
U000732,referral,android,25-34,1,1,1,1,0,0,2024-07-04 02:59:43.610868528,
U000733,paid_social,android,25-34,1,1,1,0,0,0,2024-07-11 18:23:12.991233235,
U000734,paid_social,ios,25-34,1,0,0,0,0,0,2024-07-02 16:40:30.428239555,
U000735,email,ios,25-34,1,1,0,0,0,0,2024-07-20 13:11:00.584195503,
U000736,paid_social,android,25-34,1,0,0,0,0,0,2024-07-06 19:07:04.094056826,
U000737,email,ios,18-24,1,1,1,0,0,0,2024-07-09 10:59:31.539201378,
U000738,paid_social,ios,25-34,1,1,1,1,0,0,2024-07-12 00:51:09.080149255,
U000739,paid_social,ios,25-34,1,1,1,0,0,0,2024-07-12 15:57:42.024320881,
U000740,paid_social,ios,45+,1,1,1,0,0,0,2024-07-01 01:06:57.584006877,
U000741,paid_social,android,25-34,1,0,0,0,0,0,2024-07-04 03:18:40.641520050,
U000742,referral,ios,35-44,1,1,1,0,0,0,2024-07-25 03:46:40.032601932,
U000743,paid_social,ios,45+,1,1,1,0,0,0,2024-07-01 00:49:43.024828807,
U000744,organic_search,ios,35-44,1,1,1,1,1,1,2024-07-15 05:29:18.467182507,2024-07-15 22:46:00.301729591
U000745,email,android,45+,1,0,0,0,0,0,2024-07-14 16:56:43.254142238,
U000746,paid_social,android,25-34,1,1,0,0,0,0,2024-07-10 07:50:21.394316936,
U000747,paid_social,android,18-24,1,1,1,1,1,1,2024-07-13 01:51:06.327138290,2024-07-16 06:31:25.382797967
U000748,app_store,ios,25-34,1,0,0,0,0,0,2024-07-22 20:33:01.887904313,
U000749,referral,ios,25-34,1,1,1,0,0,0,2024-07-24 13:17:20.006075223,
U000750,organic_search,ios,45+,1,1,1,1,1,1,2024-07-08 06:57:15.196230172,2024-07-12 03:14:43.264408379
U000751,app_store,android,25-34,1,1,1,0,0,0,2024-07-10 00:42:48.874789130,
U000752,referral,android,25-34,1,1,1,1,0,0,2024-07-07 18:56:54.518046144,
U000753,paid_social,android,35-44,1,1,1,1,1,0,2024-07-14 10:28:05.538613137,
U000754,organic_search,ios,25-34,1,1,0,0,0,0,2024-07-20 03:08:58.618848199,
U000755,email,android,18-24,1,0,0,0,0,0,2024-07-07 09:23:09.356321108,
U000756,referral,ios,25-34,1,1,0,0,0,0,2024-07-10 06:15:15.907179131,
U000757,paid_social,android,45+,1,0,0,0,0,0,2024-07-27 01:13:06.466871672,
U000758,email,ios,35-44,1,1,0,0,0,0,2024-07-02 08:38:18.825997761,
U000759,email,android,25-34,1,1,1,1,1,0,2024-07-13 21:38:13.828995560,
U000760,organic_search,ios,25-34,1,0,0,0,0,0,2024-07-20 22:10:01.214230926,
U000761,paid_social,ios,18-24,1,1,0,0,0,0,2024-07-05 05:06:18.344759842,
U000762,organic_search,android,25-34,1,0,0,0,0,0,2024-07-02 07:50:07.229197262,
U000763,referral,ios,35-44,1,1,1,0,0,0,2024-07-04 20:52:26.435067934,
U000764,organic_search,android,25-34,1,0,0,0,0,0,2024-07-26 17:26:57.069789428,
U000765,referral,android,25-34,1,0,0,0,0,0,2024-07-01 06:13:21.264181662,
U000766,email,android,45+,1,1,1,1,0,0,2024-07-06 06:33:08.521463620,
U000767,email,ios,35-44,1,1,0,0,0,0,2024-07-01 21:01:21.074411658,
U000768,paid_social,ios,35-44,1,1,0,0,0,0,2024-07-04 02:20:34.807926483,
U000769,email,android,18-24,1,1,1,1,1,0,2024-07-18 08:44:25.154211174,
U000770,organic_search,ios,18-24,1,1,1,0,0,0,2024-07-07 18:22:52.848021597,
U000771,email,android,18-24,1,1,1,0,0,0,2024-07-16 22:30:37.792401893,
U000772,organic_search,ios,35-44,1,1,0,0,0,0,2024-07-17 12:36:40.669987813,
U000773,paid_social,ios,18-24,1,1,1,1,1,0,2024-07-24 18:49:13.957810791,
U000774,email,ios,35-44,1,1,1,1,0,0,2024-07-01 03:11:10.377732404,
U000775,organic_search,ios,45+,1,1,0,0,0,0,2024-07-24 21:27:51.396041052,
U000776,organic_search,ios,25-34,1,1,1,1,1,1,2024-07-18 08:02:52.893884137,2024-07-18 22:40:54.639046347
U000777,referral,android,25-34,1,1,0,0,0,0,2024-07-05 13:21:49.041585111,
U000778,referral,android,35-44,1,0,0,0,0,0,2024-07-22 15:24:50.129376879,
U000779,referral,ios,45+,1,1,1,1,1,1,2024-07-24 22:53:25.137899786,2024-07-25 05:56:32.135797841
U000780,referral,android,45+,1,1,1,1,1,1,2024-07-08 02:51:54.219898058,2024-07-08 08:28:52.937611506
U000781,paid_social,ios,18-24,1,0,0,0,0,0,2024-07-26 17:25:45.672839767,
U000782,organic_search,android,18-24,1,1,1,0,0,0,2024-07-13 17:23:43.415378512,
U000783,paid_social,android,35-44,1,1,1,0,0,0,2024-07-17 21:30:04.439923171,
U000784,organic_search,android,35-44,1,1,1,1,1,1,2024-07-28 13:41:04.151727801,2024-07-31 14:59:12.799418869
U000785,app_store,ios,18-24,1,1,1,0,0,0,2024-07-11 02:57:08.081443951,
U000786,referral,ios,25-34,1,1,1,1,0,0,2024-07-23 18:26:35.089408017,
U000787,paid_social,ios,35-44,1,0,0,0,0,0,2024-07-09 21:57:51.145850610,
U000788,paid_social,android,25-34,1,1,1,1,1,1,2024-07-23 09:04:17.353006615,2024-07-25 04:49:28.511348617
U000789,app_store,ios,45+,1,0,0,0,0,0,2024-07-17 19:41:35.496512505,
U000790,organic_search,android,18-24,1,1,1,1,1,1,2024-07-07 01:23:27.697889292,2024-07-07 10:18:49.032170107
U000791,referral,ios,35-44,1,0,0,0,0,0,2024-07-12 14:13:31.926094921,
U000792,paid_social,android,35-44,1,1,0,0,0,0,2024-07-09 21:27:04.126652326,
U000793,referral,ios,25-34,1,1,1,1,1,1,2024-07-03 04:29:19.824540018,2024-07-03 13:56:09.956986652
U000794,organic_search,ios,35-44,1,1,0,0,0,0,2024-07-01 20:02:56.275825189,
U000795,email,ios,35-44,1,0,0,0,0,0,2024-07-10 16:50:01.163161053,
U000796,app_store,ios,45+,1,1,1,1,0,0,2024-07-01 12:47:27.410400063,
U000797,referral,ios,25-34,1,1,0,0,0,0,2024-07-05 15:12:27.983141830,
U000798,referral,android,35-44,1,1,1,1,1,1,2024-07-21 07:19:23.489802422,2024-07-24 21:41:40.973948800
U000799,app_store,ios,35-44,1,0,0,0,0,0,2024-07-20 19:50:14.317365735,
U000800,referral,ios,25-34,1,1,1,1,1,1,2024-07-21 16:19:33.670917699,2024-07-23 01:15:07.638914451
U000801,organic_search,android,45+,1,1,1,0,0,0,2024-07-09 21:07:36.951597645,
U000802,referral,ios,18-24,1,1,1,0,0,0,2024-07-25 22:05:35.070659127,
U000803,referral,android,25-34,1,1,1,0,0,0,2024-07-17 15:03:14.861790421,
U000804,paid_social,android,25-34,1,0,0,0,0,0,2024-07-04 12:41:22.925953438,
U000805,referral,ios,18-24,1,1,0,0,0,0,2024-07-05 00:34:44.185793228,
U000806,app_store,ios,45+,1,1,0,0,0,0,2024-07-20 09:45:36.456828332,
U000807,app_store,ios,35-44,1,1,1,0,0,0,2024-07-05 20:13:05.971040673,
U000808,paid_social,android,25-34,1,0,0,0,0,0,2024-07-15 04:54:02.503667278,
U000809,organic_search,android,35-44,1,1,1,1,1,1,2024-07-28 18:28:20.812166738,2024-07-30 01:44:08.454947657
U000810,app_store,android,25-34,1,0,0,0,0,0,2024-07-01 02:41:35.197370894,
U000811,email,android,25-34,1,0,0,0,0,0,2024-07-01 11:08:29.856750568,
U000812,organic_search,ios,18-24,1,1,1,1,1,1,2024-07-28 19:21:10.220606280,2024-07-31 19:29:54.840909562
U000813,app_store,android,25-34,1,1,1,0,0,0,2024-07-17 08:52:38.267537372,
U000814,email,android,18-24,1,0,0,0,0,0,2024-07-04 13:17:00.612774387,
U000815,paid_social,android,35-44,1,1,1,1,1,1,2024-07-26 02:59:13.481645103,2024-08-04 22:24:32.555955531
U000816,referral,android,25-34,1,1,1,1,1,0,2024-07-25 15:36:56.022068912,
U000817,paid_social,android,25-34,1,0,0,0,0,0,2024-07-16 00:19:36.039399038,
U000818,organic_search,ios,25-34,1,1,1,0,0,0,2024-07-18 09:50:39.278639140,
U000819,paid_social,ios,25-34,1,1,1,1,0,0,2024-07-08 15:34:54.453678920,
U000820,email,ios,45+,1,1,1,0,0,0,2024-07-02 09:56:57.249463153,
U000821,organic_search,ios,18-24,1,1,0,0,0,0,2024-07-17 15:32:57.959428779,
U000822,paid_social,android,45+,1,1,1,0,0,0,2024-07-09 06:04:31.763396125,
U000823,paid_social,ios,25-34,1,0,0,0,0,0,2024-07-19 13:57:12.036080721,
U000824,paid_social,android,35-44,1,1,0,0,0,0,2024-07-24 09:57:24.331817620,
U000825,app_store,ios,25-34,1,1,1,0,0,0,2024-07-01 12:12:13.987837630,
U000826,paid_social,ios,45+,1,1,1,1,1,1,2024-07-17 16:19:10.763719712,2024-07-19 03:32:34.043420612
U000827,paid_social,android,25-34,1,0,0,0,0,0,2024-07-07 11:25:13.881610434,
U000828,referral,android,25-34,1,1,1,0,0,0,2024-07-25 11:15:11.054128878,
U000829,paid_social,ios,45+,1,1,1,1,1,0,2024-07-08 02:27:45.174274376,
U000830,organic_search,ios,45+,1,0,0,0,0,0,2024-07-18 02:26:15.106323123,
U000831,paid_social,ios,25-34,1,1,1,1,0,0,2024-07-16 11:58:46.000344788,
U000832,organic_search,ios,45+,1,0,0,0,0,0,2024-07-12 02:13:25.996943334,
U000833,organic_search,ios,35-44,1,1,1,0,0,0,2024-07-19 23:21:40.151300623,
U000834,paid_social,ios,25-34,1,0,0,0,0,0,2024-07-21 07:43:01.900303579,
U000835,paid_social,android,25-34,1,1,0,0,0,0,2024-07-16 20:58:55.914436660,
U000836,app_store,android,25-34,1,0,0,0,0,0,2024-07-22 05:39:35.076197358,
U000837,paid_social,android,25-34,1,0,0,0,0,0,2024-07-28 12:51:22.590242114,
U000838,referral,android,35-44,1,1,1,1,0,0,2024-07-12 17:45:03.760809627,
U000839,referral,ios,25-34,1,1,1,1,0,0,2024-07-15 09:47:59.319121477,
U000840,organic_search,android,18-24,1,1,1,0,0,0,2024-07-01 08:22:47.128715382,
U000841,referral,ios,45+,1,1,1,0,0,0,2024-07-23 06:55:52.283426066,
U000842,organic_search,android,25-34,1,0,0,0,0,0,2024-07-15 13:35:40.578197668,
U000843,app_store,ios,45+,1,1,1,1,1,1,2024-07-12 10:09:00.292328280,2024-07-16 14:19:44.813585456
U000844,organic_search,ios,45+,1,0,0,0,0,0,2024-07-03 15:12:58.893105866,
U000845,paid_social,android,45+,1,1,1,0,0,0,2024-07-25 21:50:56.815317121,
U000846,organic_search,android,35-44,1,1,0,0,0,0,2024-07-12 01:26:41.515106114,
U000847,app_store,android,25-34,1,1,1,0,0,0,2024-07-20 02:41:41.402387745,
U000848,paid_social,android,25-34,1,1,0,0,0,0,2024-07-05 04:22:45.959085829,
U000849,referral,ios,25-34,1,1,1,1,1,0,2024-07-27 22:09:40.863785666,
U000850,organic_search,ios,25-34,1,1,1,1,1,1,2024-07-05 23:54:46.310199372,2024-07-07 22:40:02.576648010
U000851,referral,ios,35-44,1,1,1,0,0,0,2024-07-06 14:05:31.989222448,
U000852,organic_search,android,18-24,1,0,0,0,0,0,2024-07-25 01:14:11.336261222,
U000853,email,android,45+,1,1,1,1,1,1,2024-07-26 13:15:20.174628160,2024-07-31 20:50:40.604465309
U000854,organic_search,ios,45+,1,0,0,0,0,0,2024-07-06 22:33:47.008280372,
U000855,organic_search,android,25-34,1,1,0,0,0,0,2024-07-14 03:42:22.308672542,
U000856,organic_search,android,25-34,1,1,0,0,0,0,2024-07-21 12:54:30.873118399,
U000857,paid_social,ios,25-34,1,1,1,0,0,0,2024-07-25 14:15:42.383235092,
U000858,referral,android,45+,1,1,0,0,0,0,2024-07-11 14:43:24.279834248,
U000859,organic_search,android,35-44,1,1,1,1,1,1,2024-07-15 11:26:13.542586137,2024-07-15 23:45:14.224582792
U000860,email,android,25-34,1,1,1,0,0,0,2024-07-21 18:26:00.340329343,
U000861,paid_social,ios,25-34,1,1,1,0,0,0,2024-07-21 11:19:24.154718440,
U000862,paid_social,ios,25-34,1,1,1,1,1,0,2024-07-22 22:08:57.146559104,
U000863,paid_social,ios,45+,1,1,1,1,1,1,2024-07-16 22:59:43.894057581,2024-07-19 09:25:24.825353389
U000864,paid_social,ios,18-24,1,1,1,1,0,0,2024-07-03 22:18:04.842190112,
U000865,referral,android,18-24,1,1,0,0,0,0,2024-07-26 07:28:12.185292154,
U000866,organic_search,ios,45+,1,1,1,0,0,0,2024-07-25 05:39:53.087125431,
U000867,organic_search,android,45+,1,1,0,0,0,0,2024-07-23 08:19:17.316731712,
U000868,email,ios,45+,1,1,1,1,1,0,2024-07-03 19:06:27.304747236,
U000869,app_store,ios,25-34,1,1,1,1,0,0,2024-07-06 17:21:18.110443392,
U000870,paid_social,ios,35-44,1,1,0,0,0,0,2024-07-21 19:41:58.003268431,
U000871,organic_search,android,25-34,1,1,1,1,1,1,2024-07-01 15:33:00.516812644,2024-07-03 12:33:36.679956115
U000872,referral,android,18-24,1,1,0,0,0,0,2024-07-28 10:02:20.233864651,
U000873,paid_social,ios,25-34,1,0,0,0,0,0,2024-07-11 13:26:28.410716461,
U000874,organic_search,android,18-24,1,1,0,0,0,0,2024-07-21 03:22:40.881504838,
U000875,organic_search,ios,25-34,1,1,1,1,1,1,2024-07-25 20:26:51.977270274,2024-07-27 19:03:36.701470670
U000876,referral,ios,45+,1,1,1,0,0,0,2024-07-12 01:11:28.625412678,
U000877,referral,ios,25-34,1,1,1,1,0,0,2024-07-09 22:27:25.316420313,
U000878,organic_search,ios,45+,1,0,0,0,0,0,2024-07-18 01:04:26.539030639,
U000879,organic_search,android,25-34,1,0,0,0,0,0,2024-07-17 06:25:29.492971284,
U000880,organic_search,ios,25-34,1,1,0,0,0,0,2024-07-12 10:56:31.433869910,
U000881,referral,ios,35-44,1,0,0,0,0,0,2024-07-17 20:23:33.489395160,
U000882,organic_search,ios,35-44,1,1,1,0,0,0,2024-07-27 04:34:34.609255262,
U000883,organic_search,android,25-34,1,1,1,0,0,0,2024-07-14 02:15:15.308831062,
U000884,email,ios,45+,1,1,1,1,1,0,2024-07-06 12:12:38.683671926,
U000885,organic_search,android,18-24,1,1,1,0,0,0,2024-07-11 13:28:56.713790564,
U000886,referral,ios,45+,1,0,0,0,0,0,2024-07-12 00:50:23.612289273,
U000887,organic_search,ios,18-24,1,0,0,0,0,0,2024-07-04 16:06:18.150169032,
U000888,organic_search,android,45+,1,1,1,0,0,0,2024-07-05 13:26:58.734141579,
U000889,organic_search,ios,25-34,1,1,1,0,0,0,2024-07-20 04:01:32.567953983,
U000890,referral,android,35-44,1,1,1,1,1,0,2024-07-10 12:07:44.582982178,
U000891,email,ios,35-44,1,1,0,0,0,0,2024-07-27 17:41:30.189577570,
U000892,email,android,18-24,1,1,1,0,0,0,2024-07-07 19:41:49.246371542,
U000893,paid_social,ios,45+,1,1,1,1,0,0,2024-07-03 18:28:38.162749587,
U000894,referral,android,25-34,1,1,1,0,0,0,2024-07-22 02:21:18.238810222,
U000895,organic_search,ios,25-34,1,0,0,0,0,0,2024-07-25 16:03:22.416799712,
U000896,organic_search,ios,35-44,1,0,0,0,0,0,2024-07-08 18:53:31.832943504,
U000897,email,ios,18-24,1,1,0,0,0,0,2024-07-06 15:48:11.535500739,
U000898,organic_search,ios,25-34,1,1,0,0,0,0,2024-07-06 04:50:05.433480135,
U000899,organic_search,ios,25-34,1,0,0,0,0,0,2024-07-15 14:47:32.159465865,
U000900,organic_search,ios,35-44,1,0,0,0,0,0,2024-07-14 02:46:33.538504188,
U000901,organic_search,android,18-24,1,1,1,1,1,1,2024-07-08 06:20:36.860576089,2024-07-09 01:45:46.802597529
U000902,organic_search,android,25-34,1,1,1,0,0,0,2024-07-02 06:21:22.804620822,
U000903,referral,android,35-44,1,0,0,0,0,0,2024-07-14 11:33:43.850517339,
U000904,paid_social,android,45+,1,0,0,0,0,0,2024-07-27 20:40:16.815400064,
U000905,email,ios,45+,1,1,1,0,0,0,2024-07-19 06:29:34.450460844,
U000906,email,ios,35-44,1,1,1,1,0,0,2024-07-14 20:58:49.461795955,
U000907,paid_social,ios,35-44,1,0,0,0,0,0,2024-07-04 02:23:06.265492447,
U000908,organic_search,android,25-34,1,1,1,0,0,0,2024-07-08 01:38:13.874097562,
U000909,paid_social,ios,18-24,1,0,0,0,0,0,2024-07-09 06:05:17.138810734,
U000910,referral,ios,35-44,1,1,1,1,1,1,2024-07-22 09:56:52.754467419,2024-07-23 02:47:52.862804983
U000911,organic_search,android,45+,1,1,0,0,0,0,2024-07-25 13:08:58.760742566,
U000912,referral,ios,35-44,1,1,1,0,0,0,2024-07-26 05:54:11.972147929,
U000913,paid_social,android,18-24,1,0,0,0,0,0,2024-07-28 13:37:48.377080225,
U000914,referral,android,25-34,1,1,1,1,1,1,2024-07-28 12:09:01.479766485,2024-07-29 22:32:51.677222167
U000915,paid_social,ios,35-44,1,1,0,0,0,0,2024-07-27 16:24:55.501992302,
U000916,organic_search,ios,35-44,1,1,0,0,0,0,2024-07-03 00:15:52.122304576,
U000917,app_store,ios,35-44,1,1,1,0,0,0,2024-07-04 20:35:50.122116546,
U000918,email,android,25-34,1,1,0,0,0,0,2024-07-09 12:36:05.420850818,
U000919,organic_search,ios,25-34,1,0,0,0,0,0,2024-07-16 11:32:51.456232744,
U000920,email,android,45+,1,1,1,0,0,0,2024-07-03 17:10:08.908356295,
U000921,paid_social,android,35-44,1,0,0,0,0,0,2024-07-24 16:22:32.000314944,
U000922,email,ios,25-34,1,1,1,0,0,0,2024-07-18 06:27:36.548423827,
U000923,email,ios,25-34,1,1,1,1,0,0,2024-07-16 04:28:07.962049495,
U000924,paid_social,android,45+,1,0,0,0,0,0,2024-07-05 15:05:21.153490152,
U000925,organic_search,ios,45+,1,1,0,0,0,0,2024-07-08 02:11:15.643668958,
U000926,organic_search,android,25-34,1,0,0,0,0,0,2024-07-05 11:43:46.850837077,
U000927,paid_social,ios,18-24,1,1,1,0,0,0,2024-07-24 20:29:56.695337178,
U000928,referral,android,18-24,1,1,0,0,0,0,2024-07-17 08:36:04.039060100,
U000929,organic_search,android,25-34,1,0,0,0,0,0,2024-07-21 14:00:25.111055498,
U000930,organic_search,android,35-44,1,1,1,1,1,1,2024-07-09 06:56:02.701951933,2024-07-17 03:30:10.580457048
U000931,email,ios,25-34,1,1,1,0,0,0,2024-07-11 09:28:54.379643959,
U000932,app_store,ios,35-44,1,0,0,0,0,0,2024-07-12 08:03:45.129940671,
U000933,paid_social,android,35-44,1,1,1,1,0,0,2024-07-22 06:43:48.219643167,
U000934,organic_search,ios,18-24,1,1,1,1,1,1,2024-07-22 15:01:16.347782316,2024-07-26 07:07:26.363306744
U000935,organic_search,ios,18-24,1,1,0,0,0,0,2024-07-06 18:58:43.285761944,
U000936,organic_search,android,25-34,1,1,0,0,0,0,2024-07-27 08:42:50.802220810,
U000937,app_store,ios,18-24,1,0,0,0,0,0,2024-07-04 09:04:49.392343765,
U000938,organic_search,ios,18-24,1,1,0,0,0,0,2024-07-26 02:11:38.541799248,
U000939,referral,ios,35-44,1,1,0,0,0,0,2024-07-03 19:27:57.145956019,
U000940,organic_search,android,35-44,1,0,0,0,0,0,2024-07-08 09:46:14.711137251,
U000941,referral,android,35-44,1,1,1,1,1,1,2024-07-24 16:50:00.874455601,2024-07-25 14:00:20.468965697
U000942,referral,ios,35-44,1,1,1,1,1,1,2024-07-06 00:37:07.221419655,2024-07-06 11:51:26.484858960
U000943,email,ios,35-44,1,0,0,0,0,0,2024-07-12 13:55:03.539425080,
U000944,organic_search,ios,35-44,1,0,0,0,0,0,2024-07-13 14:18:19.618424830,
U000945,organic_search,android,25-34,1,0,0,0,0,0,2024-07-07 20:48:50.507537749,
U000946,organic_search,ios,45+,1,1,0,0,0,0,2024-07-20 21:17:05.191072018,
U000947,app_store,android,18-24,1,1,1,1,1,0,2024-07-24 20:05:48.783833811,
U000948,email,ios,25-34,1,1,1,1,0,0,2024-07-25 11:42:52.178338598,
U000949,referral,android,25-34,1,1,1,1,1,1,2024-07-10 12:01:28.134965888,2024-07-10 19:49:55.690995273
U000950,referral,ios,45+,1,1,1,0,0,0,2024-07-15 20:43:53.273861079,
U000951,referral,android,45+,1,1,0,0,0,0,2024-07-07 22:55:44.772231784,
U000952,organic_search,ios,35-44,1,1,1,1,1,0,2024-07-07 20:30:11.696550112,
U000953,app_store,ios,35-44,1,1,1,1,0,0,2024-07-05 12:21:45.828851374,
U000954,paid_social,android,25-34,1,1,0,0,0,0,2024-07-27 07:41:33.990945540,
U000955,paid_social,android,45+,1,1,1,0,0,0,2024-07-25 20:43:42.574162620,
U000956,paid_social,ios,35-44,1,1,1,1,1,1,2024-07-22 18:23:06.199282352,2024-07-24 19:03:12.946863290
U000957,organic_search,android,45+,1,1,1,1,0,0,2024-07-15 11:52:06.752299274,
U000958,organic_search,android,25-34,1,1,1,0,0,0,2024-07-14 17:41:18.669206320,
U000959,referral,android,25-34,1,0,0,0,0,0,2024-07-15 19:59:20.715628700,
U000960,organic_search,ios,45+,1,0,0,0,0,0,2024-07-16 00:34:25.338445694,
U000961,referral,ios,18-24,1,1,1,1,1,1,2024-07-13 04:01:35.014500652,2024-07-13 06:44:57.500294466
U000962,organic_search,ios,45+,1,1,0,0,0,0,2024-07-04 16:32:21.291732488,
U000963,paid_social,ios,25-34,1,1,1,1,1,1,2024-07-04 12:26:45.992859561,2024-07-07 04:23:37.003020467
U000964,organic_search,android,45+,1,1,1,0,0,0,2024-07-27 15:54:42.512573876,
U000965,paid_social,ios,25-34,1,0,0,0,0,0,2024-07-14 11:55:28.813591300,
U000966,referral,ios,35-44,1,1,1,1,1,1,2024-07-27 16:33:14.805850633,2024-07-28 00:01:01.767289321
U000967,organic_search,android,25-34,1,1,1,0,0,0,2024-07-05 13:55:25.182556298,
U000968,referral,android,35-44,1,1,0,0,0,0,2024-07-16 12:34:04.522695006,
U000969,paid_social,ios,25-34,1,1,1,0,0,0,2024-07-06 19:35:09.579308042,
U000970,referral,ios,45+,1,1,1,1,1,0,2024-07-08 02:08:24.199141473,
U000971,app_store,android,35-44,1,1,1,0,0,0,2024-07-01 20:11:48.036939043,
U000972,referral,ios,25-34,1,1,1,0,0,0,2024-07-04 07:56:11.849342719,
U000973,organic_search,android,45+,1,1,0,0,0,0,2024-07-26 16:07:19.667736552,
U000974,organic_search,android,25-34,1,1,0,0,0,0,2024-07-10 00:04:12.612994057,
U000975,organic_search,ios,25-34,1,1,1,0,0,0,2024-07-18 00:39:46.189463781,
U000976,referral,android,18-24,1,1,0,0,0,0,2024-07-14 00:29:22.188108447,
U000977,organic_search,android,45+,1,0,0,0,0,0,2024-07-12 05:06:11.652497377,
U000978,paid_social,ios,25-34,1,1,1,1,1,1,2024-07-15 21:25:38.832184408,2024-07-16 18:53:47.909465404
U000979,referral,android,25-34,1,1,0,0,0,0,2024-07-06 05:49:28.454813432,
U000980,paid_social,android,45+,1,0,0,0,0,0,2024-07-28 16:20:30.551298558,
U000981,email,android,35-44,1,0,0,0,0,0,2024-07-23 21:54:10.395968385,
U000982,organic_search,android,18-24,1,1,1,1,1,1,2024-07-21 18:21:54.119504080,2024-07-22 01:02:51.565353784
U000983,organic_search,ios,35-44,1,1,1,1,0,0,2024-07-14 03:00:22.491336153,
U000984,referral,ios,45+,1,1,1,1,1,1,2024-07-05 06:44:00.333848032,2024-07-05 12:35:00.142161730
U000985,paid_social,ios,18-24,1,1,0,0,0,0,2024-07-26 18:41:14.844335416,
U000986,referral,ios,35-44,1,1,1,0,0,0,2024-07-10 13:24:43.593409875,
U000987,paid_social,ios,25-34,1,1,1,0,0,0,2024-07-02 09:40:18.103714820,
U000988,organic_search,android,35-44,1,1,1,0,0,0,2024-07-10 14:05:42.974940271,
U000989,email,android,25-34,1,0,0,0,0,0,2024-07-23 05:52:30.448175642,
U000990,email,android,35-44,1,1,0,0,0,0,2024-07-18 10:27:36.995875473,
U000991,referral,android,18-24,1,0,0,0,0,0,2024-07-22 00:33:48.704214765,
U000992,organic_search,android,35-44,1,0,0,0,0,0,2024-07-23 05:19:22.720639864,
U000993,referral,ios,18-24,1,0,0,0,0,0,2024-07-06 22:26:00.595126050,
U000994,paid_social,android,25-34,1,0,0,0,0,0,2024-07-26 20:46:56.598292621,
U000995,organic_search,ios,18-24,1,1,1,1,1,0,2024-07-13 06:19:44.447384964,
U000996,app_store,android,35-44,1,0,0,0,0,0,2024-07-18 21:25:01.820299868,
U000997,organic_search,android,25-34,1,1,0,0,0,0,2024-07-01 01:33:05.382641847,
U000998,app_store,ios,25-34,1,1,1,1,0,0,2024-07-28 19:32:37.071356323,
U000999,paid_social,android,25-34,1,0,0,0,0,0,2024-07-08 20:45:44.536924483,
U001000,organic_search,ios,35-44,1,1,0,0,0,0,2024-07-02 17:42:23.067341942,
U001001,paid_social,ios,25-34,1,1,0,0,0,0,2024-07-13 19:57:07.530885133,
U001002,email,android,35-44,1,0,0,0,0,0,2024-07-04 14:42:29.514334795,
U001003,referral,ios,18-24,1,1,0,0,0,0,2024-07-05 06:21:48.777213207,
U001004,email,ios,18-24,1,0,0,0,0,0,2024-07-18 16:53:38.581282683,
U001005,referral,android,25-34,1,1,0,0,0,0,2024-07-12 00:02:49.945686709,
U001006,referral,android,45+,1,1,1,1,1,1,2024-07-26 19:29:05.447414965,2024-07-28 13:07:55.029550130
U001007,email,android,18-24,1,1,0,0,0,0,2024-07-09 22:28:23.391755842,
U001008,organic_search,android,18-24,1,0,0,0,0,0,2024-07-21 07:59:34.966586335,
U001009,paid_social,ios,18-24,1,1,0,0,0,0,2024-07-13 21:51:31.741430752,
U001010,organic_search,ios,35-44,1,0,0,0,0,0,2024-07-19 11:29:14.187691950,
U001011,app_store,android,25-34,1,1,1,0,0,0,2024-07-17 18:59:43.006967325,
U001012,app_store,android,35-44,1,1,1,1,0,0,2024-07-14 05:42:38.986898569,
U001013,organic_search,ios,18-24,1,1,0,0,0,0,2024-07-27 14:26:27.800115439,
U001014,referral,android,18-24,1,1,1,0,0,0,2024-07-10 14:18:12.844552788,
U001015,app_store,android,25-34,1,1,1,0,0,0,2024-07-05 23:06:08.124622239,
U001016,organic_search,android,35-44,1,1,0,0,0,0,2024-07-19 23:40:45.152080482,
U001017,referral,android,35-44,1,1,1,0,0,0,2024-07-24 16:31:01.492316094,
U001018,app_store,ios,18-24,1,1,1,1,0,0,2024-07-02 03:03:01.847662664,
U001019,organic_search,android,45+,1,0,0,0,0,0,2024-07-13 14:09:11.399832147,
U001020,referral,android,25-34,1,1,1,1,0,0,2024-07-25 23:45:06.218891578,
U001021,organic_search,ios,35-44,1,1,0,0,0,0,2024-07-21 23:44:37.362898201,
U001022,app_store,android,25-34,1,1,0,0,0,0,2024-07-28 18:29:41.227751061,
U001023,app_store,ios,25-34,1,0,0,0,0,0,2024-07-15 21:06:36.293016052,
U001024,app_store,ios,35-44,1,0,0,0,0,0,2024-07-19 11:31:01.642923746,
U001025,paid_social,android,35-44,1,0,0,0,0,0,2024-07-09 11:16:00.296128876,
U001026,email,ios,25-34,1,1,1,0,0,0,2024-07-27 12:44:38.122711969,
U001027,email,ios,25-34,1,0,0,0,0,0,2024-07-11 06:10:38.813915971,
U001028,paid_social,android,25-34,1,0,0,0,0,0,2024-07-21 16:16:45.116131490,
U001029,email,ios,35-44,1,0,0,0,0,0,2024-07-12 06:54:36.781804882,
U001030,organic_search,ios,25-34,1,1,0,0,0,0,2024-07-16 17:32:32.355608409,
U001031,referral,ios,35-44,1,0,0,0,0,0,2024-07-21 03:41:37.908724124,
U001032,organic_search,ios,25-34,1,1,1,0,0,0,2024-07-15 06:00:13.499916876,
U001033,organic_search,android,18-24,1,1,0,0,0,0,2024-07-26 09:33:43.242059484,
U001034,organic_search,android,25-34,1,1,1,0,0,0,2024-07-12 17:46:12.949994956,
U001035,referral,android,18-24,1,1,0,0,0,0,2024-07-19 02:49:56.094068334,
U001036,paid_social,android,25-34,1,1,1,1,1,1,2024-07-10 14:04:03.198639489,2024-07-11 13:08:26.181910506
U001037,referral,ios,25-34,1,1,0,0,0,0,2024-07-12 10:16:52.611784467,
U001038,organic_search,android,35-44,1,0,0,0,0,0,2024-07-13 07:42:49.221838609,
U001039,paid_social,android,25-34,1,1,1,1,1,1,2024-07-04 12:32:32.338701081,2024-07-06 00:56:42.862763961
U001040,paid_social,android,35-44,1,0,0,0,0,0,2024-07-03 13:38:17.924379547,
U001041,email,android,25-34,1,1,0,0,0,0,2024-07-19 16:33:11.622076635,
U001042,paid_social,android,45+,1,0,0,0,0,0,2024-07-19 08:30:28.512599511,
U001043,referral,android,45+,1,1,1,1,1,1,2024-07-19 13:28:31.180617062,2024-07-20 05:17:07.657062046
U001044,email,ios,45+,1,1,1,1,1,1,2024-07-01 13:16:58.984573040,2024-07-15 12:13:36.192577025
U001045,referral,android,35-44,1,1,0,0,0,0,2024-07-10 03:26:22.121791569,
U001046,organic_search,ios,25-34,1,1,1,1,1,0,2024-07-06 12:55:41.582489448,
U001047,organic_search,ios,35-44,1,1,1,1,1,1,2024-07-22 18:55:03.921418473,2024-07-23 10:43:32.720708301
U001048,email,ios,45+,1,1,0,0,0,0,2024-07-25 02:20:37.067057516,
U001049,organic_search,ios,18-24,1,1,0,0,0,0,2024-07-07 21:46:09.168585495,
U001050,email,ios,25-34,1,1,0,0,0,0,2024-07-19 16:47:40.685085049,
U001051,paid_social,ios,25-34,1,1,1,0,0,0,2024-07-04 14:55:54.494126256,
U001052,app_store,android,25-34,1,0,0,0,0,0,2024-07-08 16:54:08.989935663,
U001053,email,android,25-34,1,1,1,0,0,0,2024-07-04 21:10:32.957287888,
U001054,app_store,android,25-34,1,1,1,0,0,0,2024-07-08 22:31:33.438556855,
U001055,paid_social,ios,25-34,1,0,0,0,0,0,2024-07-19 21:25:22.655347374,
U001056,email,android,45+,1,1,0,0,0,0,2024-07-26 11:44:22.861120164,
U001057,paid_social,android,25-34,1,0,0,0,0,0,2024-07-06 16:05:42.209250190,
U001058,paid_social,ios,35-44,1,1,0,0,0,0,2024-07-16 04:16:37.601352778,
U001059,referral,android,25-34,1,1,0,0,0,0,2024-07-20 15:20:05.352128113,
U001060,email,android,25-34,1,1,1,0,0,0,2024-07-27 16:21:50.035760280,
U001061,app_store,ios,25-34,1,0,0,0,0,0,2024-07-18 01:57:38.320200651,
U001062,email,android,25-34,1,1,0,0,0,0,2024-07-08 03:25:54.687541440,
U001063,paid_social,android,25-34,1,1,1,0,0,0,2024-07-18 12:19:16.757206194,
U001064,paid_social,ios,25-34,1,0,0,0,0,0,2024-07-09 23:22:12.218331457,
U001065,referral,ios,25-34,1,0,0,0,0,0,2024-07-28 07:57:29.802761380,
U001066,organic_search,ios,35-44,1,1,1,0,0,0,2024-07-12 04:34:56.506187870,
U001067,organic_search,ios,25-34,1,0,0,0,0,0,2024-07-20 04:36:26.742065047,
U001068,paid_social,ios,25-34,1,1,1,1,0,0,2024-07-01 15:36:32.167213279,
U001069,organic_search,ios,35-44,1,1,0,0,0,0,2024-07-12 04:50:28.650489201,
U001070,organic_search,ios,18-24,1,1,0,0,0,0,2024-07-25 12:04:20.338149820,
U001071,organic_search,android,25-34,1,1,1,1,1,1,2024-07-18 02:04:22.233572907,2024-07-19 01:53:59.764975500
U001072,organic_search,ios,18-24,1,1,1,1,1,0,2024-07-13 10:19:46.630769145,
U001073,organic_search,ios,18-24,1,1,1,1,1,1,2024-07-27 04:56:59.998634908,2024-08-01 22:04:23.541186686
U001074,app_store,ios,25-34,1,1,1,1,1,0,2024-07-24 21:52:39.002775376,
U001075,paid_social,ios,18-24,1,1,1,0,0,0,2024-07-10 00:31:44.158112453,
U001076,paid_social,ios,25-34,1,1,1,0,0,0,2024-07-16 05:56:11.494218408,
U001077,referral,ios,35-44,1,0,0,0,0,0,2024-07-14 17:09:42.840338886,
U001078,organic_search,ios,18-24,1,1,1,1,0,0,2024-07-18 16:50:24.288277876,
U001079,app_store,android,25-34,1,1,0,0,0,0,2024-07-10 08:31:21.977026622,
U001080,email,android,45+,1,0,0,0,0,0,2024-07-07 20:06:20.737852837,
U001081,organic_search,ios,35-44,1,1,1,1,1,1,2024-07-26 13:18:55.703850192,2024-07-30 09:13:24.162623684
U001082,paid_social,ios,25-34,1,1,0,0,0,0,2024-07-26 20:50:37.189186785,
U001083,email,android,45+,1,1,1,0,0,0,2024-07-24 14:42:46.725235380,
U001084,app_store,android,25-34,1,1,1,0,0,0,2024-07-28 09:21:12.158905626,
U001085,paid_social,ios,18-24,1,0,0,0,0,0,2024-07-21 20:38:03.499166223,
U001086,referral,android,45+,1,0,0,0,0,0,2024-07-22 09:51:22.959337190,
U001087,organic_search,android,45+,1,1,1,1,1,1,2024-07-22 08:27:37.950476022,2024-07-24 00:30:48.199478137
U001088,app_store,ios,25-34,1,1,1,1,1,0,2024-07-14 10:58:05.980775628,
U001089,organic_search,android,35-44,1,1,1,0,0,0,2024-07-13 18:44:09.148968927,
U001090,app_store,android,35-44,1,1,1,1,0,0,2024-07-07 17:25:55.407259668,
U001091,referral,android,18-24,1,0,0,0,0,0,2024-07-19 01:19:06.594993994,
U001092,referral,ios,25-34,1,1,1,1,1,1,2024-07-09 02:25:23.273258768,2024-07-09 22:49:20.952073721
U001093,paid_social,ios,25-34,1,1,1,0,0,0,2024-07-08 05:14:50.104751935,
U001094,organic_search,ios,45+,1,0,0,0,0,0,2024-07-17 09:45:57.756213176,
U001095,organic_search,ios,18-24,1,1,0,0,0,0,2024-07-12 11:30:29.393594024,
U001096,organic_search,android,35-44,1,0,0,0,0,0,2024-07-07 03:04:17.907995974,
U001097,organic_search,android,18-24,1,1,1,1,0,0,2024-07-23 20:23:22.715728450,
U001098,email,android,25-34,1,1,1,1,1,1,2024-07-25 02:18:10.748756955,2024-07-25 05:54:13.367320404
U001099,paid_social,android,35-44,1,1,1,1,0,0,2024-07-05 16:41:38.678004488,
U001100,organic_search,ios,35-44,1,1,0,0,0,0,2024-07-01 05:02:41.013749760,
U001101,app_store,android,18-24,1,0,0,0,0,0,2024-07-10 09:52:45.619866260,
U001102,email,android,25-34,1,1,1,1,1,1,2024-07-23 07:55:38.213678877,2024-07-23 22:39:04.613668926
U001103,app_store,ios,25-34,1,0,0,0,0,0,2024-07-24 11:55:29.417194077,
U001104,app_store,android,18-24,1,1,1,1,1,0,2024-07-04 20:57:25.686424746,
U001105,organic_search,ios,18-24,1,0,0,0,0,0,2024-07-22 16:21:13.412142036,
U001106,paid_social,android,35-44,1,0,0,0,0,0,2024-07-04 05:45:11.521554973,
U001107,email,ios,25-34,1,1,1,1,1,1,2024-07-11 22:07:19.418106676,2024-07-13 04:21:43.806497338
U001108,referral,ios,18-24,1,1,1,1,1,0,2024-07-28 23:03:56.138716825,
U001109,organic_search,android,25-34,1,0,0,0,0,0,2024-07-06 09:25:15.719560215,
U001110,email,android,45+,1,1,1,1,1,1,2024-07-05 07:27:48.698971794,2024-07-06 00:06:06.479676126
U001111,organic_search,ios,18-24,1,0,0,0,0,0,2024-07-12 20:07:18.564497202,
U001112,organic_search,ios,35-44,1,1,1,1,1,0,2024-07-18 08:25:02.098026289,
U001113,paid_social,ios,18-24,1,0,0,0,0,0,2024-07-27 02:54:33.572814141,
U001114,referral,android,18-24,1,1,1,1,0,0,2024-07-28 11:06:42.515273516,
U001115,referral,android,18-24,1,1,1,1,1,1,2024-07-02 22:47:54.628041901,2024-07-03 12:57:09.588731803
U001116,organic_search,android,25-34,1,1,1,0,0,0,2024-07-04 20:44:03.593968051,
U001117,email,ios,35-44,1,0,0,0,0,0,2024-07-23 03:22:33.306449188,
U001118,organic_search,android,25-34,1,1,1,0,0,0,2024-07-08 13:51:53.302773664,
U001119,organic_search,ios,35-44,1,1,0,0,0,0,2024-07-25 18:37:06.844757786,
U001120,email,android,25-34,1,0,0,0,0,0,2024-07-19 13:50:26.119888605,
U001121,app_store,ios,25-34,1,0,0,0,0,0,2024-07-04 03:09:34.945919334,
U001122,email,ios,25-34,1,0,0,0,0,0,2024-07-24 07:27:34.846088158,
U001123,email,android,35-44,1,1,1,0,0,0,2024-07-05 22:30:41.354515537,
U001124,referral,ios,35-44,1,1,1,0,0,0,2024-07-12 20:35:20.058809017,
U001125,referral,android,35-44,1,1,0,0,0,0,2024-07-16 11:04:05.779170732,
U001126,organic_search,android,25-34,1,1,1,1,1,0,2024-07-15 00:30:53.467855009,
U001127,paid_social,ios,35-44,1,1,0,0,0,0,2024-07-20 05:06:05.325456171,
U001128,paid_social,ios,25-34,1,1,1,1,1,0,2024-07-19 06:36:19.748995700,
U001129,organic_search,android,35-44,1,0,0,0,0,0,2024-07-28 18:39:08.019773470,
U001130,referral,android,45+,1,1,0,0,0,0,2024-07-28 23:36:41.482795154,
U001131,paid_social,ios,18-24,1,0,0,0,0,0,2024-07-15 11:03:38.586856143,
U001132,organic_search,ios,25-34,1,1,1,1,0,0,2024-07-03 15:58:25.631175723,
U001133,organic_search,android,35-44,1,0,0,0,0,0,2024-07-21 09:06:38.508865124,
U001134,referral,android,35-44,1,1,0,0,0,0,2024-07-28 08:19:05.738021572,
U001135,organic_search,ios,18-24,1,0,0,0,0,0,2024-07-09 21:54:55.196952127,
U001136,email,ios,45+,1,1,1,0,0,0,2024-07-13 21:55:56.536618260,
U001137,paid_social,android,35-44,1,0,0,0,0,0,2024-07-12 21:27:00.336513549,
U001138,paid_social,android,18-24,1,1,1,0,0,0,2024-07-02 10:33:13.218704125,
U001139,referral,android,18-24,1,1,1,1,0,0,2024-07-19 19:45:42.112015758,
U001140,email,android,35-44,1,1,1,0,0,0,2024-07-10 21:26:34.551909636,
U001141,paid_social,android,18-24,1,1,0,0,0,0,2024-07-23 01:10:32.605508532,
U001142,referral,ios,18-24,1,0,0,0,0,0,2024-07-24 07:11:04.886122182,
U001143,referral,android,25-34,1,1,1,0,0,0,2024-07-23 23:52:01.518937507,
U001144,organic_search,ios,35-44,1,1,1,1,1,1,2024-07-12 15:59:58.382458076,2024-07-15 04:00:57.707429309
U001145,email,android,35-44,1,1,1,0,0,0,2024-07-10 00:04:43.314477182,
U001146,email,ios,25-34,1,0,0,0,0,0,2024-07-21 23:12:27.230170539,
U001147,referral,ios,35-44,1,0,0,0,0,0,2024-07-23 10:32:01.318352316,
U001148,email,android,45+,1,1,1,0,0,0,2024-07-14 18:07:30.014309992,
U001149,email,android,25-34,1,1,0,0,0,0,2024-07-26 00:07:00.642462225,
U001150,referral,ios,35-44,1,1,1,1,1,0,2024-07-05 00:42:23.917553247,
U001151,email,android,45+,1,1,0,0,0,0,2024-07-25 14:44:03.191750955,
U001152,referral,ios,35-44,1,1,1,0,0,0,2024-07-03 16:34:33.587605574,
U001153,referral,ios,35-44,1,1,0,0,0,0,2024-07-05 07:10:08.942954523,
U001154,referral,android,25-34,1,1,1,0,0,0,2024-07-15 22:44:25.760112363,
U001155,email,ios,25-34,1,1,1,0,0,0,2024-07-02 21:22:20.707269394,
U001156,organic_search,android,25-34,1,1,1,0,0,0,2024-07-02 11:29:10.939707146,
U001157,email,ios,35-44,1,1,1,1,1,1,2024-07-01 00:20:54.945885674,2024-07-03 17:34:04.446010944
U001158,email,android,45+,1,1,1,0,0,0,2024-07-13 05:12:17.263132362,
U001159,organic_search,android,18-24,1,1,1,1,1,1,2024-07-22 16:32:50.093622160,2024-07-24 05:47:43.584601202
U001160,email,ios,18-24,1,1,0,0,0,0,2024-07-01 23:24:40.936997170,
U001161,organic_search,ios,18-24,1,1,1,0,0,0,2024-07-19 06:19:01.601562198,
U001162,paid_social,android,35-44,1,0,0,0,0,0,2024-07-24 01:08:29.606293237,
U001163,referral,android,18-24,1,1,0,0,0,0,2024-07-05 16:53:47.652879584,
U001164,organic_search,ios,35-44,1,0,0,0,0,0,2024-07-05 02:41:32.747279942,
U001165,email,ios,25-34,1,1,1,0,0,0,2024-07-25 02:27:29.715382800,
U001166,email,ios,25-34,1,1,0,0,0,0,2024-07-24 01:08:23.056391270,
U001167,paid_social,ios,25-34,1,1,1,1,0,0,2024-07-16 02:10:07.920946322,
U001168,organic_search,ios,45+,1,1,1,1,1,1,2024-07-23 22:30:08.347987998,2024-07-24 21:16:04.300366054
U001169,organic_search,ios,25-34,1,1,1,1,1,1,2024-07-03 14:19:55.502505336,2024-07-05 22:22:24.866943322
U001170,referral,android,45+,1,1,1,1,1,0,2024-07-12 01:05:29.688197434,
U001171,app_store,android,25-34,1,0,0,0,0,0,2024-07-21 15:47:59.847732538,
U001172,referral,android,18-24,1,1,1,1,1,1,2024-07-08 05:00:27.779996530,2024-07-14 00:22:42.799454532
U001173,organic_search,android,18-24,1,1,1,0,0,0,2024-07-22 01:33:54.109797649,
U001174,referral,android,45+,1,1,1,1,1,1,2024-07-15 02:48:28.879742257,2024-07-16 03:25:26.739731765
U001175,paid_social,android,35-44,1,1,0,0,0,0,2024-07-22 00:10:43.478044366,
U001176,email,android,18-24,1,1,1,0,0,0,2024-07-14 00:15:52.979904450,
U001177,organic_search,android,35-44,1,1,0,0,0,0,2024-07-11 07:13:54.179864619,
U001178,email,android,25-34,1,0,0,0,0,0,2024-07-07 03:17:42.552505107,
U001179,paid_social,ios,25-34,1,0,0,0,0,0,2024-07-06 20:01:51.302799588,
U001180,app_store,android,18-24,1,1,1,1,0,0,2024-07-22 01:00:06.568934320,
U001181,paid_social,android,35-44,1,1,1,0,0,0,2024-07-04 07:54:27.913963755,
U001182,referral,android,18-24,1,1,1,1,0,0,2024-07-03 09:46:48.501388398,
U001183,app_store,android,25-34,1,1,0,0,0,0,2024-07-05 22:28:04.070261535,
U001184,organic_search,android,25-34,1,0,0,0,0,0,2024-07-05 21:49:58.280509329,
U001185,app_store,android,18-24,1,1,1,1,1,1,2024-07-24 01:07:41.961094453,2024-07-24 17:58:33.522686324
U001186,referral,ios,25-34,1,0,0,0,0,0,2024-07-12 03:47:47.223508815,
U001187,organic_search,android,18-24,1,0,0,0,0,0,2024-07-28 17:32:27.756046478,
U001188,paid_social,ios,25-34,1,1,0,0,0,0,2024-07-04 20:12:21.474847051,
U001189,referral,android,45+,1,1,0,0,0,0,2024-07-19 07:10:43.546318060,
U001190,organic_search,android,25-34,1,1,1,0,0,0,2024-07-13 13:32:46.423821264,
U001191,referral,ios,25-34,1,1,1,1,1,1,2024-07-12 00:02:27.653065562,2024-07-12 01:43:42.674893920
U001192,paid_social,ios,25-34,1,1,1,0,0,0,2024-07-25 12:03:23.694351634,
U001193,referral,android,25-34,1,0,0,0,0,0,2024-07-28 07:36:00.986388066,
U001194,organic_search,ios,35-44,1,1,1,0,0,0,2024-07-25 10:33:40.393066492,
U001195,email,ios,18-24,1,1,1,1,1,1,2024-07-06 09:13:33.802721792,2024-07-14 17:17:51.851527670
U001196,app_store,android,45+,1,0,0,0,0,0,2024-07-07 04:22:34.330988654,
U001197,app_store,ios,35-44,1,0,0,0,0,0,2024-07-19 08:52:53.928306778,
U001198,referral,ios,35-44,1,1,0,0,0,0,2024-07-09 02:15:51.000699114,
U001199,organic_search,android,18-24,1,0,0,0,0,0,2024-07-21 13:44:07.036384380,
U001200,email,ios,18-24,1,1,1,0,0,0,2024-07-16 20:38:04.838438691,
U001201,organic_search,ios,25-34,1,1,1,1,1,1,2024-07-16 10:12:38.492731983,2024-07-17 05:31:08.806148957
U001202,organic_search,android,45+,1,0,0,0,0,0,2024-07-24 04:47:00.720569990,
U001203,paid_social,android,25-34,1,0,0,0,0,0,2024-07-20 21:28:40.881399884,
U001204,paid_social,android,25-34,1,1,0,0,0,0,2024-07-01 17:51:36.929081448,
U001205,email,android,18-24,1,0,0,0,0,0,2024-07-02 09:14:11.544583642,
U001206,referral,android,35-44,1,1,1,1,1,0,2024-07-17 20:14:50.208181594,
U001207,paid_social,ios,35-44,1,1,0,0,0,0,2024-07-14 14:43:15.869345408,
U001208,organic_search,ios,18-24,1,1,1,1,1,1,2024-07-08 06:50:38.718205764,2024-07-09 20:36:02.384452918
U001209,app_store,ios,18-24,1,1,1,0,0,0,2024-07-12 17:20:12.806431969,
U001210,paid_social,ios,25-34,1,1,0,0,0,0,2024-07-22 05:18:56.643078535,
U001211,paid_social,android,25-34,1,1,1,0,0,0,2024-07-24 03:28:58.503684464,
U001212,organic_search,android,35-44,1,1,0,0,0,0,2024-07-16 17:08:30.845839595,
U001213,email,ios,35-44,1,1,1,0,0,0,2024-07-11 18:58:05.848089502,
U001214,referral,android,35-44,1,1,1,1,0,0,2024-07-08 13:54:29.605408963,
U001215,organic_search,ios,18-24,1,1,1,0,0,0,2024-07-15 14:43:45.164484976,
U001216,organic_search,ios,35-44,1,1,1,0,0,0,2024-07-09 19:30:42.277230950,
U001217,referral,android,45+,1,1,1,1,0,0,2024-07-16 19:04:18.955544642,
U001218,referral,ios,45+,1,1,1,1,0,0,2024-07-19 22:42:37.443767317,
U001219,organic_search,ios,45+,1,1,0,0,0,0,2024-07-02 20:24:18.827056198,
U001220,app_store,ios,25-34,1,1,0,0,0,0,2024-07-01 00:43:02.411383029,
U001221,organic_search,ios,35-44,1,1,1,0,0,0,2024-07-06 22:39:00.854283524,
U001222,paid_social,android,45+,1,0,0,0,0,0,2024-07-26 01:06:42.215281275,
U001223,app_store,android,35-44,1,1,0,0,0,0,2024-07-19 02:18:26.614402531,
U001224,paid_social,ios,25-34,1,0,0,0,0,0,2024-07-05 19:33:26.483406044,
U001225,referral,ios,45+,1,1,0,0,0,0,2024-07-25 22:15:26.576443699,
U001226,paid_social,android,25-34,1,1,1,1,0,0,2024-07-14 03:48:37.410743131,
U001227,organic_search,android,18-24,1,1,1,1,1,1,2024-07-14 07:56:01.177757016,2024-07-20 21:50:53.998665644
U001228,app_store,ios,18-24,1,0,0,0,0,0,2024-07-27 04:41:03.070544150,
U001229,paid_social,ios,35-44,1,1,0,0,0,0,2024-07-02 15:58:30.205729934,
U001230,email,android,25-34,1,1,1,0,0,0,2024-07-07 00:35:59.281981796,
U001231,organic_search,android,18-24,1,1,1,0,0,0,2024-07-17 09:38:17.989814302,
U001232,organic_search,ios,35-44,1,1,1,0,0,0,2024-07-06 11:22:00.963980785,
U001233,organic_search,android,35-44,1,0,0,0,0,0,2024-07-20 00:38:31.740678312,
U001234,referral,ios,35-44,1,1,1,1,1,0,2024-07-06 23:52:12.066363393,
U001235,paid_social,ios,25-34,1,1,0,0,0,0,2024-07-03 18:38:00.543272650,
U001236,email,ios,35-44,1,1,1,1,1,1,2024-07-06 19:05:38.498203118,2024-07-07 16:48:43.025540021
U001237,paid_social,android,18-24,1,1,1,0,0,0,2024-07-12 20:04:38.175710973,
U001238,app_store,ios,25-34,1,1,1,1,1,0,2024-07-05 22:21:53.773359516,
U001239,organic_search,ios,25-34,1,1,1,1,0,0,2024-07-04 18:30:46.946694560,
U001240,email,ios,35-44,1,1,0,0,0,0,2024-07-25 02:06:33.939140860,
U001241,email,android,25-34,1,1,0,0,0,0,2024-07-09 23:18:24.914942607,
U001242,email,ios,18-24,1,1,0,0,0,0,2024-07-11 02:25:47.414424957,
U001243,email,ios,25-34,1,0,0,0,0,0,2024-07-02 13:08:30.174665370,
U001244,email,ios,25-34,1,1,0,0,0,0,2024-07-11 00:09:08.593176168,
U001245,referral,android,45+,1,1,1,1,1,1,2024-07-08 09:57:01.523376367,2024-07-11 10:52:45.371905208
U001246,organic_search,ios,45+,1,1,1,1,1,0,2024-07-18 02:14:45.474913255,
U001247,organic_search,ios,18-24,1,1,1,0,0,0,2024-07-06 18:01:20.208129085,
U001248,app_store,ios,18-24,1,1,0,0,0,0,2024-07-25 20:58:53.704049624,
U001249,referral,android,18-24,1,1,1,0,0,0,2024-07-27 00:44:09.489328587,
U001250,email,android,35-44,1,1,1,0,0,0,2024-07-03 19:05:11.293522090,
U001251,paid_social,android,18-24,1,1,0,0,0,0,2024-07-04 00:10:29.231853326,
U001252,organic_search,android,18-24,1,1,1,1,1,1,2024-07-04 05:29:57.719078102,2024-07-05 18:22:13.910347228
U001253,organic_search,android,25-34,1,1,0,0,0,0,2024-07-18 08:21:01.944865908,
U001254,referral,ios,25-34,1,1,0,0,0,0,2024-07-04 09:57:47.318215921,
U001255,paid_social,android,18-24,1,1,0,0,0,0,2024-07-24 20:48:03.303536900,
U001256,organic_search,ios,25-34,1,0,0,0,0,0,2024-07-22 02:52:13.648937750,
U001257,paid_social,ios,25-34,1,1,0,0,0,0,2024-07-23 22:54:41.589849427,
U001258,organic_search,android,25-34,1,1,1,0,0,0,2024-07-15 17:30:45.626642661,
U001259,referral,ios,45+,1,1,1,1,1,1,2024-07-28 21:46:01.510107135,2024-07-31 13:50:20.103415320
U001260,organic_search,ios,18-24,1,1,1,0,0,0,2024-07-02 05:41:08.409042513,
U001261,email,ios,25-34,1,1,0,0,0,0,2024-07-12 05:39:00.201359044,
U001262,paid_social,android,45+,1,0,0,0,0,0,2024-07-10 01:41:07.589493927,
U001263,paid_social,ios,45+,1,0,0,0,0,0,2024-07-27 13:29:23.190485622,
U001264,organic_search,android,25-34,1,1,1,1,1,0,2024-07-17 03:39:02.030797375,
U001265,organic_search,android,35-44,1,0,0,0,0,0,2024-07-23 13:45:37.183603878,
U001266,paid_social,android,18-24,1,1,1,1,0,0,2024-07-05 18:28:09.415698690,
U001267,paid_social,ios,35-44,1,1,0,0,0,0,2024-07-28 09:38:31.720923942,
U001268,referral,android,45+,1,1,1,1,1,0,2024-07-14 23:05:08.791803182,
U001269,organic_search,ios,25-34,1,1,1,0,0,0,2024-07-14 19:44:51.486913946,
U001270,referral,ios,25-34,1,1,1,0,0,0,2024-07-28 04:26:04.335297849,
U001271,email,ios,18-24,1,1,1,0,0,0,2024-07-11 15:51:07.728256515,
U001272,email,android,35-44,1,1,1,0,0,0,2024-07-12 03:08:12.539403438,
U001273,organic_search,ios,25-34,1,1,1,1,1,0,2024-07-17 08:57:13.738625701,
U001274,paid_social,ios,35-44,1,0,0,0,0,0,2024-07-04 14:03:04.875437206,
U001275,organic_search,ios,18-24,1,0,0,0,0,0,2024-07-09 23:46:10.347415557,
U001276,organic_search,ios,25-34,1,1,0,0,0,0,2024-07-06 09:50:09.573659260,
U001277,app_store,android,25-34,1,0,0,0,0,0,2024-07-03 21:24:23.392655773,
U001278,organic_search,android,25-34,1,0,0,0,0,0,2024-07-25 06:02:57.031636005,
U001279,paid_social,android,25-34,1,0,0,0,0,0,2024-07-17 12:01:49.957095590,
U001280,referral,ios,25-34,1,1,0,0,0,0,2024-07-11 01:01:41.217264321,
U001281,referral,ios,35-44,1,1,1,0,0,0,2024-07-12 10:37:32.957725551,
U001282,referral,android,35-44,1,1,1,1,0,0,2024-07-13 01:58:50.773720447,
U001283,organic_search,ios,35-44,1,1,1,1,1,0,2024-07-18 17:28:34.501444482,
U001284,paid_social,android,25-34,1,0,0,0,0,0,2024-07-26 22:47:20.511890174,
U001285,paid_social,ios,45+,1,0,0,0,0,0,2024-07-27 02:49:40.455874171,
U001286,organic_search,android,35-44,1,1,1,1,1,0,2024-07-11 23:04:57.396880581,
U001287,paid_social,ios,25-34,1,0,0,0,0,0,2024-07-10 05:15:51.742258923,
U001288,organic_search,ios,18-24,1,1,0,0,0,0,2024-07-13 15:06:11.693248167,
U001289,organic_search,android,25-34,1,1,0,0,0,0,2024-07-16 21:39:06.490252609,
U001290,paid_social,android,45+,1,1,0,0,0,0,2024-07-13 22:20:29.891379231,
U001291,organic_search,ios,25-34,1,0,0,0,0,0,2024-07-19 10:40:56.249028562,
U001292,referral,android,25-34,1,0,0,0,0,0,2024-07-16 12:33:22.117360323,
U001293,referral,android,18-24,1,1,1,1,0,0,2024-07-09 23:31:15.050562308,
U001294,email,ios,35-44,1,1,0,0,0,0,2024-07-10 16:19:51.965300960,
U001295,organic_search,ios,25-34,1,1,0,0,0,0,2024-07-11 14:24:51.671664500,
U001296,organic_search,ios,25-34,1,1,1,1,1,1,2024-07-03 15:35:52.527348920,2024-07-05 19:33:38.788028999
U001297,organic_search,ios,25-34,1,1,1,1,1,1,2024-07-05 15:35:38.720335883,2024-07-06 14:11:55.104980642
U001298,referral,android,25-34,1,1,1,0,0,0,2024-07-21 05:55:56.910150116,
U001299,referral,ios,25-34,1,1,1,0,0,0,2024-07-11 21:28:22.764514216,
U001300,organic_search,ios,25-34,1,1,1,1,1,1,2024-07-07 00:10:12.682417501,2024-07-10 22:12:12.828914211
U001301,app_store,ios,35-44,1,0,0,0,0,0,2024-07-16 18:06:57.095662694,
U001302,organic_search,ios,35-44,1,1,0,0,0,0,2024-07-22 03:43:21.261151714,
U001303,paid_social,ios,35-44,1,0,0,0,0,0,2024-07-08 04:59:16.178985924,
U001304,referral,ios,18-24,1,1,1,1,1,1,2024-07-24 03:36:10.082349921,2024-07-27 03:44:33.241580490
U001305,email,ios,35-44,1,1,1,1,1,1,2024-07-26 23:16:59.756404918,2024-07-29 14:32:05.600900993
U001306,referral,android,18-24,1,1,0,0,0,0,2024-07-17 17:26:56.844735435,
U001307,email,ios,18-24,1,1,1,1,1,1,2024-07-19 17:31:58.176632427,2024-08-06 09:39:54.823293039
U001308,paid_social,android,45+,1,1,0,0,0,0,2024-07-02 11:19:51.835789534,
U001309,email,ios,35-44,1,1,1,1,0,0,2024-07-27 11:23:21.720360195,
U001310,organic_search,ios,25-34,1,0,0,0,0,0,2024-07-11 23:44:59.069133751,
U001311,email,ios,45+,1,0,0,0,0,0,2024-07-26 20:51:39.848999504,
U001312,paid_social,ios,45+,1,1,1,1,0,0,2024-07-17 05:04:22.427875786,
U001313,email,android,35-44,1,1,1,0,0,0,2024-07-01 03:06:13.798161777,
U001314,paid_social,android,35-44,1,0,0,0,0,0,2024-07-02 01:54:00.804763256,
U001315,referral,android,35-44,1,1,1,1,1,1,2024-07-20 01:14:29.174676676,2024-07-21 00:24:18.066312964
U001316,paid_social,android,25-34,1,0,0,0,0,0,2024-07-16 18:06:46.459062212,
U001317,referral,ios,18-24,1,1,0,0,0,0,2024-07-01 17:49:47.272088935,
U001318,organic_search,ios,35-44,1,1,1,0,0,0,2024-07-21 19:36:18.338189194,
U001319,organic_search,android,25-34,1,1,1,1,0,0,2024-07-24 20:38:29.999437764,
U001320,organic_search,android,18-24,1,1,0,0,0,0,2024-07-14 21:35:33.173517174,
U001321,organic_search,android,25-34,1,1,1,1,0,0,2024-07-14 00:59:20.399712270,
U001322,email,ios,25-34,1,1,0,0,0,0,2024-07-01 03:40:40.544892732,
U001323,organic_search,ios,45+,1,1,1,1,1,0,2024-07-23 00:37:42.984464516,
U001324,app_store,android,35-44,1,0,0,0,0,0,2024-07-10 06:14:28.308672178,
U001325,paid_social,ios,25-34,1,1,0,0,0,0,2024-07-25 14:31:44.948977921,
U001326,organic_search,ios,45+,1,1,1,1,1,0,2024-07-11 10:41:48.173420443,
U001327,email,ios,45+,1,1,1,1,1,0,2024-07-16 19:43:56.481397802,
U001328,referral,android,25-34,1,1,1,0,0,0,2024-07-08 13:40:10.854011812,
U001329,paid_social,ios,45+,1,1,0,0,0,0,2024-07-05 11:54:55.245805434,
U001330,referral,android,25-34,1,1,0,0,0,0,2024-07-22 16:44:17.199860107,
U001331,referral,ios,25-34,1,1,1,0,0,0,2024-07-14 21:42:31.686424923,
U001332,organic_search,android,25-34,1,1,1,1,1,1,2024-07-16 00:31:11.585141446,2024-07-17 08:00:34.198895558
U001333,app_store,android,35-44,1,1,0,0,0,0,2024-07-28 00:45:34.274663013,
U001334,app_store,ios,25-34,1,0,0,0,0,0,2024-07-27 23:31:32.523647833,
U001335,referral,android,35-44,1,1,1,0,0,0,2024-07-24 22:59:29.420822454,
U001336,organic_search,ios,35-44,1,1,0,0,0,0,2024-07-06 06:04:24.401057170,
U001337,referral,ios,18-24,1,1,1,0,0,0,2024-07-17 15:21:04.502054383,
U001338,organic_search,android,18-24,1,0,0,0,0,0,2024-07-25 14:06:54.249726675,
U001339,organic_search,ios,25-34,1,1,1,1,1,1,2024-07-11 11:38:23.155057269,2024-07-14 12:43:48.048581013
U001340,organic_search,ios,18-24,1,0,0,0,0,0,2024-07-03 19:56:36.036631366,
U001341,paid_social,ios,35-44,1,1,0,0,0,0,2024-07-23 16:58:01.453098817,
U001342,email,ios,25-34,1,1,1,1,1,1,2024-07-14 11:44:42.383455364,2024-07-16 10:22:54.751337990
U001343,referral,android,25-34,1,1,1,1,1,1,2024-07-16 19:16:18.772324924,2024-07-17 03:46:13.930904981
U001344,referral,ios,25-34,1,1,1,1,1,0,2024-07-28 12:00:03.481652127,
U001345,paid_social,android,35-44,1,1,0,0,0,0,2024-07-18 00:02:45.892651257,
U001346,paid_social,android,35-44,1,1,0,0,0,0,2024-07-12 21:35:10.129803431,
U001347,paid_social,ios,45+,1,1,0,0,0,0,2024-07-11 08:37:46.182695941,
U001348,app_store,ios,35-44,1,1,0,0,0,0,2024-07-12 16:38:24.592788668,
U001349,organic_search,android,25-34,1,1,0,0,0,0,2024-07-04 07:33:51.062025834,
U001350,email,ios,18-24,1,1,0,0,0,0,2024-07-23 06:04:20.550923788,
U001351,referral,ios,35-44,1,0,0,0,0,0,2024-07-24 10:56:44.623326091,
U001352,paid_social,ios,45+,1,0,0,0,0,0,2024-07-08 23:06:53.547959991,
U001353,referral,android,25-34,1,1,0,0,0,0,2024-07-09 12:09:04.779257335,
U001354,paid_social,android,25-34,1,0,0,0,0,0,2024-07-25 11:33:09.432925178,
U001355,email,ios,18-24,1,0,0,0,0,0,2024-07-01 16:06:29.084093229,
U001356,app_store,ios,35-44,1,1,1,0,0,0,2024-07-15 13:44:50.647961677,
U001357,paid_social,android,25-34,1,1,1,0,0,0,2024-07-13 23:35:24.288957488,
U001358,organic_search,android,18-24,1,0,0,0,0,0,2024-07-20 07:45:54.680964210,
U001359,referral,android,45+,1,1,1,0,0,0,2024-07-05 13:47:57.201001558,
U001360,app_store,android,25-34,1,0,0,0,0,0,2024-07-19 17:07:05.728131634,
U001361,organic_search,ios,25-34,1,1,0,0,0,0,2024-07-11 13:09:54.911850901,
U001362,referral,android,25-34,1,1,1,1,1,0,2024-07-18 07:46:34.791347996,
U001363,referral,ios,25-34,1,1,1,1,0,0,2024-07-02 02:56:37.847884218,
U001364,referral,ios,25-34,1,1,1,1,1,0,2024-07-13 22:16:50.435428764,
U001365,organic_search,android,25-34,1,0,0,0,0,0,2024-07-15 14:57:09.362722154,
U001366,referral,ios,25-34,1,0,0,0,0,0,2024-07-07 00:01:38.433786783,
U001367,app_store,android,35-44,1,1,1,0,0,0,2024-07-04 21:49:37.544190128,
U001368,organic_search,ios,35-44,1,1,1,0,0,0,2024-07-06 06:39:17.033847361,
U001369,organic_search,android,25-34,1,1,1,0,0,0,2024-07-10 15:15:46.096050852,
U001370,app_store,android,25-34,1,1,1,1,1,1,2024-07-03 17:03:23.113198587,2024-07-05 12:22:19.524112517
U001371,organic_search,ios,35-44,1,0,0,0,0,0,2024-07-27 12:35:56.049829058,
U001372,email,android,18-24,1,1,1,0,0,0,2024-07-12 08:09:21.633570680,
U001373,paid_social,ios,18-24,1,1,1,1,1,0,2024-07-23 15:37:39.262384326,
U001374,organic_search,android,25-34,1,1,1,1,1,1,2024-07-28 06:48:29.904224922,2024-08-04 04:25:52.438792548
U001375,email,ios,35-44,1,1,1,1,1,1,2024-07-03 06:15:14.789382627,2024-07-04 12:01:19.457905864
U001376,paid_social,android,25-34,1,0,0,0,0,0,2024-07-19 05:55:18.776828337,
U001377,paid_social,ios,35-44,1,1,0,0,0,0,2024-07-25 09:35:12.862644345,
U001378,paid_social,ios,35-44,1,1,0,0,0,0,2024-07-18 18:12:19.942652307,
U001379,referral,ios,45+,1,1,1,0,0,0,2024-07-13 00:18:19.992787851,
U001380,organic_search,ios,18-24,1,0,0,0,0,0,2024-07-13 01:40:59.924397702,
U001381,paid_social,android,35-44,1,0,0,0,0,0,2024-07-02 00:07:26.585029002,
U001382,app_store,android,18-24,1,0,0,0,0,0,2024-07-15 23:15:06.137519014,
U001383,organic_search,android,25-34,1,1,1,1,1,1,2024-07-28 19:39:39.217826739,2024-07-29 18:26:33.715726180
U001384,referral,ios,25-34,1,1,1,1,0,0,2024-07-27 20:15:05.246831304,
U001385,paid_social,ios,25-34,1,0,0,0,0,0,2024-07-02 03:08:53.814414962,
U001386,email,ios,35-44,1,0,0,0,0,0,2024-07-20 18:17:44.111180457,
U001387,organic_search,android,18-24,1,1,1,0,0,0,2024-07-09 10:47:09.565513213,
U001388,app_store,android,25-34,1,0,0,0,0,0,2024-07-26 06:48:31.359920126,
U001389,paid_social,ios,25-34,1,0,0,0,0,0,2024-07-02 06:19:01.592819886,
U001390,organic_search,ios,35-44,1,1,1,1,1,1,2024-07-27 04:54:26.627585205,2024-07-30 16:12:34.823057766
U001391,organic_search,ios,18-24,1,1,1,1,1,0,2024-07-24 10:47:01.319371389,
U001392,organic_search,android,35-44,1,1,1,0,0,0,2024-07-04 06:57:46.601545492,
U001393,paid_social,android,35-44,1,0,0,0,0,0,2024-07-02 16:12:07.036838010,
U001394,paid_social,android,35-44,1,0,0,0,0,0,2024-07-24 08:55:24.781539723,
U001395,email,ios,18-24,1,0,0,0,0,0,2024-07-05 08:40:08.957621701,
U001396,paid_social,android,35-44,1,1,0,0,0,0,2024-07-15 23:27:05.611679226,
U001397,organic_search,android,18-24,1,1,1,1,1,0,2024-07-26 15:22:49.960180174,
U001398,referral,ios,35-44,1,1,1,0,0,0,2024-07-16 21:19:30.476298522,
U001399,referral,ios,35-44,1,0,0,0,0,0,2024-07-12 02:56:26.802923056,
U001400,organic_search,ios,25-34,1,1,0,0,0,0,2024-07-13 11:03:02.839902778,
U001401,organic_search,ios,35-44,1,1,0,0,0,0,2024-07-02 18:24:53.059366803,
U001402,organic_search,android,18-24,1,0,0,0,0,0,2024-07-28 03:00:05.615837978,
U001403,referral,ios,25-34,1,1,1,0,0,0,2024-07-09 16:45:34.604548156,
U001404,referral,android,25-34,1,0,0,0,0,0,2024-07-06 07:15:08.159054968,
U001405,paid_social,android,45+,1,1,0,0,0,0,2024-07-09 00:13:25.632612285,
U001406,email,ios,45+,1,1,1,0,0,0,2024-07-28 00:03:31.633081466,
U001407,email,android,35-44,1,1,0,0,0,0,2024-07-03 15:21:36.820598187,
U001408,referral,ios,45+,1,0,0,0,0,0,2024-07-25 06:49:39.515580458,
U001409,email,ios,25-34,1,1,0,0,0,0,2024-07-20 19:40:15.949335982,
U001410,organic_search,ios,45+,1,0,0,0,0,0,2024-07-24 05:46:22.398221521,
U001411,organic_search,ios,25-34,1,1,1,0,0,0,2024-07-28 07:48:11.329658013,
U001412,organic_search,ios,35-44,1,1,0,0,0,0,2024-07-24 13:55:40.542626416,
U001413,organic_search,ios,35-44,1,1,0,0,0,0,2024-07-27 09:57:10.584211381,
U001414,paid_social,ios,18-24,1,0,0,0,0,0,2024-07-04 13:18:01.773228592,
U001415,app_store,ios,25-34,1,1,1,0,0,0,2024-07-23 06:46:11.696851934,
U001416,organic_search,android,18-24,1,1,1,0,0,0,2024-07-16 06:41:38.639120870,
U001417,organic_search,ios,45+,1,0,0,0,0,0,2024-07-16 05:13:44.543617197,
U001418,paid_social,android,18-24,1,1,1,1,1,1,2024-07-26 04:04:31.077434586,2024-07-27 23:25:31.376746743
U001419,app_store,ios,25-34,1,1,1,1,1,0,2024-07-28 05:03:07.798070124,
U001420,paid_social,android,35-44,1,1,0,0,0,0,2024-07-20 17:39:04.871106064,
U001421,paid_social,ios,25-34,1,0,0,0,0,0,2024-07-14 12:32:04.551810140,
U001422,organic_search,android,25-34,1,1,1,1,1,1,2024-07-13 18:42:12.213036144,2024-07-14 15:36:46.787978602
U001423,organic_search,ios,35-44,1,0,0,0,0,0,2024-07-11 19:37:17.253314320,
U001424,app_store,android,18-24,1,1,1,0,0,0,2024-07-11 02:59:40.372342184,
U001425,app_store,ios,35-44,1,1,0,0,0,0,2024-07-11 23:05:33.351402976,
U001426,organic_search,ios,25-34,1,0,0,0,0,0,2024-07-03 12:18:51.026719690,
U001427,app_store,android,25-34,1,1,1,0,0,0,2024-07-03 04:02:13.377462050,
U001428,referral,ios,25-34,1,0,0,0,0,0,2024-07-22 20:04:21.126295894,
U001429,email,ios,25-34,1,1,1,0,0,0,2024-07-13 11:45:39.542552611,
U001430,paid_social,ios,45+,1,1,1,1,1,1,2024-07-27 01:25:11.914687146,2024-07-30 07:59:45.282476306
U001431,paid_social,android,45+,1,1,1,0,0,0,2024-07-18 03:24:45.063990489,
U001432,paid_social,android,25-34,1,1,1,1,1,1,2024-07-01 23:38:17.736100548,2024-07-04 00:34:02.161507357
U001433,referral,ios,25-34,1,1,0,0,0,0,2024-07-05 09:51:20.467315245,
U001434,organic_search,android,25-34,1,1,1,0,0,0,2024-07-06 18:18:39.243257067,
U001435,organic_search,ios,25-34,1,1,0,0,0,0,2024-07-28 07:41:40.590203467,
U001436,paid_social,ios,25-34,1,1,1,0,0,0,2024-07-07 02:58:09.263906036,
U001437,referral,android,35-44,1,1,1,1,0,0,2024-07-15 10:35:16.132076052,
U001438,organic_search,android,25-34,1,1,1,1,1,0,2024-07-27 05:06:39.233023963,
U001439,referral,android,18-24,1,1,1,0,0,0,2024-07-28 08:40:24.652208812,
U001440,app_store,ios,25-34,1,1,0,0,0,0,2024-07-07 14:50:03.165279871,
U001441,organic_search,ios,18-24,1,1,1,1,1,1,2024-07-02 09:00:25.403760097,2024-07-04 08:09:39.850206699
U001442,referral,ios,35-44,1,1,1,0,0,0,2024-07-05 07:13:13.553275346,
U001443,paid_social,ios,25-34,1,0,0,0,0,0,2024-07-02 18:33:24.255677228,
U001444,email,ios,25-34,1,1,1,1,0,0,2024-07-06 11:07:24.564050580,
U001445,organic_search,android,25-34,1,1,0,0,0,0,2024-07-16 22:04:43.853811276,
U001446,referral,android,45+,1,1,0,0,0,0,2024-07-26 13:09:56.127998415,
U001447,email,ios,18-24,1,0,0,0,0,0,2024-07-16 01:00:39.923433349,
U001448,app_store,ios,45+,1,1,1,0,0,0,2024-07-18 12:39:53.935566415,
U001449,referral,android,25-34,1,1,1,0,0,0,2024-07-06 15:39:17.255093803,
U001450,paid_social,ios,45+,1,1,1,0,0,0,2024-07-23 09:59:31.895134177,
U001451,referral,android,35-44,1,0,0,0,0,0,2024-07-18 07:09:14.927456707,
U001452,email,ios,18-24,1,1,1,0,0,0,2024-07-25 04:41:59.817183039,
U001453,referral,ios,35-44,1,1,0,0,0,0,2024-07-27 13:37:21.244468393,
U001454,organic_search,android,35-44,1,1,0,0,0,0,2024-07-10 17:47:21.556710348,
U001455,app_store,ios,18-24,1,0,0,0,0,0,2024-07-03 12:52:08.858408934,
U001456,referral,ios,18-24,1,1,1,1,1,1,2024-07-07 07:49:27.334992280,2024-07-08 07:40:03.597880201
U001457,referral,ios,35-44,1,1,1,0,0,0,2024-07-13 06:13:46.315682986,
U001458,organic_search,android,35-44,1,1,0,0,0,0,2024-07-27 11:30:22.082493765,
U001459,referral,android,35-44,1,1,0,0,0,0,2024-07-11 14:13:27.122285766,
U001460,paid_social,ios,35-44,1,1,0,0,0,0,2024-07-22 13:57:34.558499264,
U001461,referral,ios,35-44,1,1,1,1,1,0,2024-07-16 03:12:01.213699489,
U001462,organic_search,android,35-44,1,0,0,0,0,0,2024-07-06 02:50:50.977426617,
U001463,referral,ios,25-34,1,1,1,0,0,0,2024-07-09 23:31:59.980572188,
U001464,app_store,android,25-34,1,0,0,0,0,0,2024-07-19 06:56:41.808247202,
U001465,organic_search,ios,45+,1,1,0,0,0,0,2024-07-19 20:09:26.932421692,
U001466,app_store,ios,18-24,1,0,0,0,0,0,2024-07-13 04:09:30.779480444,
U001467,paid_social,android,25-34,1,0,0,0,0,0,2024-07-07 09:38:59.441960187,
U001468,email,ios,35-44,1,1,1,0,0,0,2024-07-21 05:07:16.880997064,
U001469,email,android,25-34,1,1,1,1,0,0,2024-07-05 17:28:57.662269478,
U001470,referral,ios,18-24,1,1,1,1,1,1,2024-07-27 05:26:31.318560114,2024-07-28 01:56:47.498341610
U001471,referral,ios,18-24,1,1,1,0,0,0,2024-07-06 06:16:16.338405043,
U001472,email,android,35-44,1,1,1,0,0,0,2024-07-04 00:06:50.068164434,
U001473,paid_social,ios,45+,1,0,0,0,0,0,2024-07-14 22:25:09.321562326,
U001474,paid_social,android,25-34,1,1,0,0,0,0,2024-07-15 13:08:14.387746970,
U001475,referral,ios,25-34,1,1,1,1,1,1,2024-07-15 05:30:20.299431528,2024-07-15 17:23:33.706354344
U001476,email,android,25-34,1,1,0,0,0,0,2024-07-13 05:26:25.990208520,
U001477,email,android,25-34,1,1,1,0,0,0,2024-07-28 20:30:56.188733389,
U001478,email,ios,18-24,1,1,1,0,0,0,2024-07-14 14:46:50.058172671,
U001479,paid_social,android,25-34,1,0,0,0,0,0,2024-07-14 09:10:48.368125797,
U001480,email,android,25-34,1,1,1,1,1,1,2024-07-12 19:25:36.458919066,2024-07-13 18:37:03.653124013
U001481,organic_search,ios,18-24,1,0,0,0,0,0,2024-07-02 20:54:24.865773778,
U001482,paid_social,android,18-24,1,0,0,0,0,0,2024-07-17 14:28:00.682077151,
U001483,organic_search,android,35-44,1,1,0,0,0,0,2024-07-07 09:11:39.634562324,
U001484,paid_social,ios,45+,1,1,1,0,0,0,2024-07-18 20:28:23.644970115,
U001485,paid_social,ios,45+,1,1,0,0,0,0,2024-07-02 10:09:36.311145757,
U001486,paid_social,ios,35-44,1,1,1,1,0,0,2024-07-28 11:29:31.675351261,
U001487,referral,ios,18-24,1,1,1,0,0,0,2024-07-14 03:10:17.087147457,
U001488,paid_social,android,35-44,1,0,0,0,0,0,2024-07-26 02:37:10.594952216,
U001489,paid_social,ios,18-24,1,1,1,0,0,0,2024-07-14 07:34:37.590285115,
U001490,organic_search,android,35-44,1,1,1,0,0,0,2024-07-02 16:32:32.316294757,
U001491,paid_social,ios,35-44,1,1,1,0,0,0,2024-07-24 00:31:39.010710136,
U001492,organic_search,ios,35-44,1,1,1,1,1,1,2024-07-19 03:34:46.078810730,2024-07-21 01:16:12.223865733
U001493,organic_search,android,45+,1,1,0,0,0,0,2024-07-22 21:20:26.649490887,
U001494,referral,ios,35-44,1,1,0,0,0,0,2024-07-12 23:43:48.533800666,
U001495,referral,ios,35-44,1,0,0,0,0,0,2024-07-18 20:41:36.571681482,
U001496,referral,ios,25-34,1,1,1,1,1,0,2024-07-24 23:23:09.205984752,
U001497,paid_social,ios,45+,1,1,1,0,0,0,2024-07-18 16:04:33.519395668,
U001498,paid_social,ios,18-24,1,1,0,0,0,0,2024-07-10 17:38:12.057395017,
U001499,email,android,45+,1,1,1,1,1,0,2024-07-19 13:13:11.594690709,
U001500,paid_social,ios,25-34,1,1,0,0,0,0,2024-07-19 19:29:09.653095150,
U001501,paid_social,android,18-24,1,0,0,0,0,0,2024-07-27 21:30:51.979696027,
U001502,organic_search,android,35-44,1,1,1,1,1,1,2024-07-11 09:15:11.088273607,2024-07-14 17:56:49.352290173
U001503,paid_social,ios,18-24,1,1,1,0,0,0,2024-07-12 21:39:17.811970185,
U001504,paid_social,ios,35-44,1,0,0,0,0,0,2024-07-23 17:44:47.867703734,
U001505,paid_social,android,25-34,1,0,0,0,0,0,2024-07-15 03:52:20.191825639,
U001506,referral,android,45+,1,1,1,1,1,1,2024-07-21 14:58:37.626865582,2024-07-24 08:58:48.649034207
U001507,paid_social,ios,35-44,1,1,1,0,0,0,2024-07-13 20:55:29.136406130,
U001508,referral,ios,35-44,1,0,0,0,0,0,2024-07-07 00:48:45.847073286,
U001509,email,ios,25-34,1,1,1,1,1,1,2024-07-21 20:46:37.136455820,2024-07-24 13:26:07.547788506
U001510,email,ios,18-24,1,1,1,0,0,0,2024-07-04 16:08:10.585291650,
U001511,referral,android,35-44,1,1,1,0,0,0,2024-07-06 13:26:53.598814940,
U001512,app_store,android,18-24,1,1,0,0,0,0,2024-07-18 13:13:34.998351556,
U001513,organic_search,ios,25-34,1,1,1,1,1,1,2024-07-21 22:09:55.100624655,2024-07-23 06:13:06.852276515
U001514,organic_search,android,35-44,1,1,1,1,1,0,2024-07-26 01:13:48.935910619,
U001515,organic_search,android,25-34,1,1,0,0,0,0,2024-07-08 15:10:41.254548524,
U001516,referral,ios,18-24,1,0,0,0,0,0,2024-07-04 02:24:24.126406462,
U001517,email,ios,18-24,1,1,1,1,1,0,2024-07-27 18:27:48.078717145,
U001518,organic_search,android,18-24,1,1,1,0,0,0,2024-07-05 07:46:20.334543168,
U001519,app_store,android,45+,1,1,1,0,0,0,2024-07-06 12:49:55.963470424,
U001520,organic_search,android,18-24,1,1,0,0,0,0,2024-07-09 03:46:24.214048640,
U001521,app_store,ios,45+,1,1,0,0,0,0,2024-07-15 19:45:03.563660394,
U001522,paid_social,ios,18-24,1,0,0,0,0,0,2024-07-25 17:15:31.609349640,
U001523,organic_search,ios,18-24,1,1,1,0,0,0,2024-07-22 07:05:12.938188095,
U001524,paid_social,android,25-34,1,0,0,0,0,0,2024-07-20 19:52:54.754256103,
U001525,organic_search,android,18-24,1,0,0,0,0,0,2024-07-05 21:43:16.829757242,
U001526,organic_search,ios,35-44,1,0,0,0,0,0,2024-07-11 00:21:45.822187638,
U001527,paid_social,android,45+,1,1,1,0,0,0,2024-07-14 09:29:17.197188892,
U001528,email,android,18-24,1,1,0,0,0,0,2024-07-05 03:04:12.866672330,
U001529,paid_social,android,35-44,1,1,0,0,0,0,2024-07-08 15:44:41.135384846,
U001530,paid_social,android,25-34,1,1,1,0,0,0,2024-07-09 15:11:59.687002719,
U001531,referral,ios,18-24,1,1,1,0,0,0,2024-07-04 13:31:46.578997610,
U001532,referral,android,18-24,1,1,1,1,1,1,2024-07-16 09:45:39.862664456,2024-07-18 22:33:37.084724355
U001533,organic_search,ios,45+,1,0,0,0,0,0,2024-07-20 17:46:44.213031328,
U001534,paid_social,ios,18-24,1,0,0,0,0,0,2024-07-02 22:59:38.602868823,
U001535,organic_search,android,45+,1,1,1,0,0,0,2024-07-14 11:18:53.007785413,
U001536,organic_search,android,25-34,1,1,0,0,0,0,2024-07-22 21:38:45.323591848,
U001537,referral,ios,18-24,1,1,1,1,1,1,2024-07-21 22:38:57.719961758,2024-07-22 11:33:16.258971214
U001538,organic_search,android,25-34,1,1,1,1,1,1,2024-07-23 19:43:44.834372410,2024-07-24 17:29:59.051780764
U001539,paid_social,android,35-44,1,1,0,0,0,0,2024-07-13 13:13:03.739766332,
U001540,referral,android,35-44,1,1,1,1,1,1,2024-07-23 23:24:51.694322349,2024-07-25 17:38:50.564655703
U001541,organic_search,ios,25-34,1,1,0,0,0,0,2024-07-07 17:47:09.829881560,
U001542,referral,android,45+,1,1,0,0,0,0,2024-07-11 02:27:52.910181252,
U001543,organic_search,ios,18-24,1,0,0,0,0,0,2024-07-05 22:30:39.410469943,
U001544,app_store,ios,45+,1,1,1,0,0,0,2024-07-14 02:08:58.597785600,
U001545,paid_social,ios,35-44,1,1,0,0,0,0,2024-07-11 23:27:51.606227440,
U001546,email,ios,35-44,1,1,1,0,0,0,2024-07-07 17:54:10.880029504,
U001547,referral,android,35-44,1,0,0,0,0,0,2024-07-22 01:11:47.891771106,
U001548,organic_search,ios,25-34,1,0,0,0,0,0,2024-07-09 18:54:18.111092497,
U001549,referral,android,35-44,1,1,1,0,0,0,2024-07-08 15:19:28.235488807,
U001550,app_store,ios,25-34,1,0,0,0,0,0,2024-07-04 15:57:29.888393518,
U001551,referral,android,25-34,1,1,1,0,0,0,2024-07-13 06:53:17.460999272,
U001552,email,android,25-34,1,1,1,1,0,0,2024-07-09 11:35:32.030083201,
U001553,email,android,25-34,1,1,1,1,1,1,2024-07-11 08:09:04.857772071,2024-07-13 18:29:31.034365360
U001554,organic_search,android,25-34,1,1,1,0,0,0,2024-07-07 14:35:24.577731639,
U001555,organic_search,android,25-34,1,1,1,0,0,0,2024-07-22 08:50:25.760972302,
U001556,referral,android,18-24,1,1,1,0,0,0,2024-07-27 00:57:44.097920532,
U001557,paid_social,android,25-34,1,1,0,0,0,0,2024-07-14 22:36:36.738266875,
U001558,email,ios,45+,1,1,1,0,0,0,2024-07-19 00:05:41.785746144,
U001559,app_store,android,25-34,1,1,0,0,0,0,2024-07-25 06:44:23.171566945,
U001560,paid_social,ios,35-44,1,1,1,1,0,0,2024-07-28 23:12:48.658637588,
U001561,organic_search,ios,18-24,1,1,0,0,0,0,2024-07-18 04:16:59.079858409,
U001562,email,android,25-34,1,1,1,0,0,0,2024-07-25 21:55:54.485453251,
U001563,organic_search,ios,18-24,1,0,0,0,0,0,2024-07-26 10:35:05.070067407,
U001564,email,android,18-24,1,0,0,0,0,0,2024-07-23 03:51:19.439304199,
U001565,paid_social,ios,35-44,1,1,0,0,0,0,2024-07-13 21:44:45.221284068,
U001566,referral,ios,35-44,1,1,1,0,0,0,2024-07-03 06:32:07.757825496,
U001567,organic_search,ios,25-34,1,1,0,0,0,0,2024-07-01 10:37:16.799720772,
U001568,referral,ios,25-34,1,0,0,0,0,0,2024-07-14 08:40:43.772038050,
U001569,paid_social,android,45+,1,1,0,0,0,0,2024-07-14 20:10:45.719526946,
U001570,referral,ios,18-24,1,0,0,0,0,0,2024-07-12 09:44:51.088718101,
U001571,organic_search,ios,18-24,1,1,1,0,0,0,2024-07-16 21:48:30.456244069,
U001572,referral,ios,35-44,1,0,0,0,0,0,2024-07-16 11:03:12.011834070,
U001573,email,ios,18-24,1,1,1,0,0,0,2024-07-24 10:12:14.268866292,
U001574,organic_search,android,45+,1,0,0,0,0,0,2024-07-04 01:01:03.264212064,
U001575,organic_search,ios,35-44,1,1,1,1,1,0,2024-07-07 07:19:09.809842537,
U001576,organic_search,android,25-34,1,0,0,0,0,0,2024-07-23 04:53:57.645099139,
U001577,referral,android,25-34,1,1,1,1,0,0,2024-07-24 17:44:46.949187465,
U001578,referral,android,25-34,1,1,1,0,0,0,2024-07-28 20:31:18.737591602,
U001579,paid_social,android,18-24,1,0,0,0,0,0,2024-07-25 10:35:48.750043635,
U001580,organic_search,ios,45+,1,1,1,1,1,1,2024-07-25 22:00:43.677909381,2024-07-27 03:46:26.094770233
U001581,paid_social,ios,35-44,1,1,1,0,0,0,2024-07-09 19:14:30.542810265,
U001582,referral,android,18-24,1,1,0,0,0,0,2024-07-12 05:54:59.824995483,
U001583,paid_social,android,25-34,1,0,0,0,0,0,2024-07-08 12:09:11.485581876,
U001584,app_store,android,18-24,1,0,0,0,0,0,2024-07-17 23:25:59.504107818,
U001585,organic_search,android,18-24,1,1,1,1,1,0,2024-07-27 06:52:37.912897668,
U001586,referral,ios,35-44,1,1,1,1,0,0,2024-07-10 15:35:55.232648905,
U001587,paid_social,ios,35-44,1,0,0,0,0,0,2024-07-16 14:18:18.710727606,
U001588,paid_social,android,25-34,1,0,0,0,0,0,2024-07-09 07:06:48.065993071,
U001589,referral,android,18-24,1,0,0,0,0,0,2024-07-05 18:06:20.096550932,
U001590,referral,ios,35-44,1,0,0,0,0,0,2024-07-06 11:09:52.833737293,
U001591,app_store,android,18-24,1,0,0,0,0,0,2024-07-02 14:56:21.377506642,
U001592,organic_search,ios,35-44,1,1,1,1,1,1,2024-07-27 13:55:30.890863995,2024-07-29 23:43:57.307450828
U001593,organic_search,ios,25-34,1,0,0,0,0,0,2024-07-12 06:44:06.348901657,
U001594,referral,android,35-44,1,0,0,0,0,0,2024-07-24 08:31:45.261931501,
U001595,referral,android,45+,1,0,0,0,0,0,2024-07-20 01:51:12.260330899,
U001596,organic_search,ios,45+,1,1,0,0,0,0,2024-07-06 08:58:15.673685696,
U001597,organic_search,ios,45+,1,1,0,0,0,0,2024-07-05 21:54:38.266924129,
U001598,organic_search,ios,45+,1,1,0,0,0,0,2024-07-23 17:39:21.857094309,
U001599,email,android,35-44,1,1,0,0,0,0,2024-07-08 09:53:10.570330784,
U001600,organic_search,ios,45+,1,1,0,0,0,0,2024-07-26 13:43:39.516411820,
U001601,paid_social,android,45+,1,1,1,0,0,0,2024-07-04 22:07:02.035024816,
U001602,organic_search,android,35-44,1,1,1,0,0,0,2024-07-19 23:25:12.680088254,
U001603,paid_social,android,18-24,1,0,0,0,0,0,2024-07-23 19:19:35.200894036,
U001604,organic_search,ios,18-24,1,0,0,0,0,0,2024-07-07 14:05:32.254855126,
U001605,paid_social,android,35-44,1,0,0,0,0,0,2024-07-08 17:36:40.853674123,
U001606,organic_search,ios,25-34,1,1,0,0,0,0,2024-07-28 00:09:24.089347958,
U001607,email,ios,35-44,1,1,1,1,1,1,2024-07-08 09:48:34.526853424,2024-07-09 13:12:05.459036946
U001608,organic_search,ios,25-34,1,1,1,1,1,0,2024-07-13 00:55:52.095118195,
U001609,paid_social,ios,25-34,1,1,1,0,0,0,2024-07-13 02:39:01.723171932,
U001610,email,android,35-44,1,1,1,0,0,0,2024-07-08 02:02:21.667029889,
U001611,referral,ios,45+,1,1,1,1,1,1,2024-07-22 17:19:53.796308610,2024-07-23 01:39:27.179290278
U001612,paid_social,ios,18-24,1,1,1,0,0,0,2024-07-22 14:40:57.931139971,
U001613,paid_social,android,45+,1,1,1,1,1,0,2024-07-11 14:13:46.940010182,
U001614,paid_social,ios,35-44,1,1,1,0,0,0,2024-07-24 09:12:16.313782510,
U001615,referral,android,25-34,1,1,1,1,1,1,2024-07-06 23:11:10.881298068,2024-07-07 04:24:38.480972986
U001616,app_store,ios,25-34,1,1,0,0,0,0,2024-07-01 02:53:36.532495248,
U001617,referral,ios,18-24,1,1,0,0,0,0,2024-07-16 23:49:28.082285248,
U001618,referral,android,18-24,1,1,1,1,1,1,2024-07-28 20:01:12.947116792,2024-07-29 04:44:43.857363792
U001619,referral,ios,25-34,1,1,1,1,1,0,2024-07-02 01:58:08.314333197,
U001620,paid_social,android,18-24,1,1,0,0,0,0,2024-07-06 19:46:28.939915509,
U001621,organic_search,ios,18-24,1,0,0,0,0,0,2024-07-15 12:42:38.303104755,
U001622,referral,ios,35-44,1,1,1,0,0,0,2024-07-23 16:16:48.629607430,
U001623,app_store,ios,25-34,1,1,1,1,1,1,2024-07-03 11:50:10.418677569,2024-07-04 05:11:20.666582602
U001624,organic_search,ios,35-44,1,0,0,0,0,0,2024-07-12 01:35:51.674373517,
U001625,referral,ios,18-24,1,1,1,1,1,0,2024-07-21 22:02:05.776883822,
U001626,organic_search,android,35-44,1,1,1,0,0,0,2024-07-11 09:40:37.329776670,
U001627,paid_social,ios,45+,1,1,1,1,0,0,2024-07-06 06:53:53.068414664,
U001628,organic_search,ios,25-34,1,1,1,0,0,0,2024-07-06 11:22:23.505637825,
U001629,paid_social,ios,45+,1,1,1,1,1,0,2024-07-12 11:33:10.025304753,
U001630,email,android,35-44,1,1,1,1,1,1,2024-07-14 10:10:05.787370412,2024-07-16 18:44:54.117757575
U001631,paid_social,android,35-44,1,0,0,0,0,0,2024-07-25 03:08:21.439580499,
U001632,referral,android,35-44,1,1,1,1,0,0,2024-07-18 23:35:37.050999691,
U001633,email,android,18-24,1,0,0,0,0,0,2024-07-20 07:57:00.408363901,
U001634,app_store,ios,25-34,1,0,0,0,0,0,2024-07-28 12:34:02.565379667,
U001635,organic_search,ios,18-24,1,0,0,0,0,0,2024-07-12 12:45:31.650776114,
U001636,paid_social,android,18-24,1,0,0,0,0,0,2024-07-12 07:03:14.972340290,
U001637,organic_search,android,18-24,1,1,0,0,0,0,2024-07-26 20:29:20.984322285,
U001638,app_store,ios,45+,1,0,0,0,0,0,2024-07-07 21:13:42.220082636,
U001639,app_store,ios,25-34,1,1,1,1,1,0,2024-07-21 10:26:09.043855893,
U001640,paid_social,android,45+,1,0,0,0,0,0,2024-07-22 03:04:23.335977313,
U001641,email,android,25-34,1,1,1,0,0,0,2024-07-03 17:42:48.723420016,
U001642,paid_social,ios,25-34,1,1,0,0,0,0,2024-07-14 02:39:05.416653916,
U001643,referral,android,25-34,1,0,0,0,0,0,2024-07-06 14:46:40.730621102,
U001644,organic_search,ios,25-34,1,1,1,0,0,0,2024-07-06 04:34:19.859963772,
U001645,email,ios,45+,1,1,1,1,1,1,2024-07-13 23:41:32.964831790,2024-07-14 16:49:19.993291024
U001646,organic_search,ios,35-44,1,1,1,0,0,0,2024-07-09 02:29:48.348403512,
U001647,email,ios,18-24,1,1,1,0,0,0,2024-07-23 06:57:09.434896506,
U001648,email,ios,45+,1,1,1,0,0,0,2024-07-26 09:54:37.753251854,
U001649,referral,android,35-44,1,1,1,0,0,0,2024-07-23 11:25:41.688313615,
U001650,organic_search,ios,18-24,1,0,0,0,0,0,2024-07-08 10:46:21.887046332,
U001651,paid_social,android,35-44,1,1,0,0,0,0,2024-07-08 16:13:05.925211482,
U001652,organic_search,ios,35-44,1,1,1,0,0,0,2024-07-08 03:10:38.824604176,
U001653,paid_social,ios,25-34,1,0,0,0,0,0,2024-07-04 18:44:44.161979247,
U001654,organic_search,android,35-44,1,1,1,0,0,0,2024-07-27 10:13:57.012116498,
U001655,app_store,android,18-24,1,1,1,1,1,1,2024-07-12 06:10:34.033301583,2024-07-13 20:16:04.635979945
U001656,referral,android,25-34,1,1,0,0,0,0,2024-07-07 06:59:28.776821377,
U001657,paid_social,android,18-24,1,1,0,0,0,0,2024-07-24 16:57:46.605389544,
U001658,paid_social,ios,45+,1,1,1,1,1,1,2024-07-12 04:15:33.276189726,2024-07-17 19:09:16.814487693
U001659,paid_social,ios,35-44,1,1,0,0,0,0,2024-07-01 23:35:54.589436505,
U001660,referral,android,18-24,1,1,0,0,0,0,2024-07-05 12:49:29.046747907,
U001661,paid_social,android,25-34,1,1,0,0,0,0,2024-07-18 21:34:34.423389645,
U001662,app_store,android,18-24,1,1,0,0,0,0,2024-07-22 22:06:44.439276236,
U001663,paid_social,android,35-44,1,0,0,0,0,0,2024-07-06 21:44:52.472631894,
U001664,app_store,android,18-24,1,0,0,0,0,0,2024-07-26 16:29:23.409552652,
U001665,email,ios,35-44,1,1,1,0,0,0,2024-07-24 19:52:12.232830198,
U001666,organic_search,android,45+,1,1,1,1,1,0,2024-07-24 18:06:42.720224565,
U001667,app_store,android,35-44,1,0,0,0,0,0,2024-07-07 08:59:17.846336659,
U001668,organic_search,android,25-34,1,1,1,1,0,0,2024-07-02 09:57:36.663742220,
U001669,email,ios,25-34,1,0,0,0,0,0,2024-07-25 06:54:31.026716265,
U001670,paid_social,ios,25-34,1,1,1,0,0,0,2024-07-09 13:29:51.913364341,
U001671,email,ios,35-44,1,0,0,0,0,0,2024-07-18 07:54:42.509334992,
U001672,email,ios,35-44,1,1,0,0,0,0,2024-07-22 06:41:51.885048807,
U001673,email,android,25-34,1,1,1,0,0,0,2024-07-04 14:12:47.050990102,
U001674,email,ios,25-34,1,0,0,0,0,0,2024-07-22 20:43:24.147252480,
U001675,paid_social,ios,45+,1,0,0,0,0,0,2024-07-27 06:40:46.921518609,
U001676,organic_search,ios,18-24,1,1,0,0,0,0,2024-07-21 09:28:04.717133713,
U001677,paid_social,android,25-34,1,0,0,0,0,0,2024-07-13 08:30:06.073124166,
U001678,organic_search,ios,35-44,1,1,1,1,0,0,2024-07-25 13:07:39.753268118,
U001679,referral,ios,18-24,1,1,1,1,0,0,2024-07-15 18:27:05.498671536,
U001680,paid_social,ios,35-44,1,1,1,1,0,0,2024-07-21 20:29:09.828574292,
U001681,app_store,ios,35-44,1,1,0,0,0,0,2024-07-23 23:22:47.979382735,
U001682,referral,ios,35-44,1,1,1,0,0,0,2024-07-21 23:33:54.443022235,
U001683,email,ios,18-24,1,1,1,0,0,0,2024-07-09 01:26:18.516135692,
U001684,organic_search,android,18-24,1,1,1,0,0,0,2024-07-04 07:11:27.965071384,
U001685,email,ios,25-34,1,1,0,0,0,0,2024-07-07 16:09:48.570232694,
U001686,app_store,ios,25-34,1,1,0,0,0,0,2024-07-15 01:55:55.047542869,
U001687,paid_social,android,45+,1,0,0,0,0,0,2024-07-15 03:32:45.930411456,
U001688,referral,ios,35-44,1,1,1,1,0,0,2024-07-17 07:32:13.209861728,
U001689,email,android,25-34,1,0,0,0,0,0,2024-07-12 01:30:30.365395858,
U001690,organic_search,ios,45+,1,1,1,0,0,0,2024-07-23 00:47:27.630003908,
U001691,paid_social,android,35-44,1,1,1,1,0,0,2024-07-26 13:38:21.552839966,
U001692,paid_social,android,25-34,1,1,0,0,0,0,2024-07-07 21:47:57.249377538,
U001693,organic_search,android,25-34,1,1,0,0,0,0,2024-07-21 14:56:36.968264408,
U001694,paid_social,ios,18-24,1,1,0,0,0,0,2024-07-19 23:35:49.505676972,
U001695,organic_search,ios,45+,1,1,1,0,0,0,2024-07-15 15:31:00.535856519,
U001696,organic_search,ios,25-34,1,1,1,0,0,0,2024-07-06 06:41:32.341788369,
U001697,organic_search,android,45+,1,0,0,0,0,0,2024-07-23 06:23:45.879963291,
U001698,app_store,android,25-34,1,1,1,1,0,0,2024-07-27 21:32:27.110193273,
U001699,paid_social,ios,45+,1,0,0,0,0,0,2024-07-21 05:04:26.454939556,
U001700,app_store,ios,18-24,1,1,1,1,1,0,2024-07-26 16:48:06.903836974,
U001701,paid_social,ios,45+,1,1,0,0,0,0,2024-07-28 13:22:20.992962201,
U001702,paid_social,ios,45+,1,1,0,0,0,0,2024-07-10 20:34:40.991119564,
U001703,paid_social,ios,25-34,1,1,1,0,0,0,2024-07-18 20:53:10.419239392,
U001704,paid_social,ios,35-44,1,1,1,0,0,0,2024-07-14 06:28:58.078894036,
U001705,organic_search,android,35-44,1,0,0,0,0,0,2024-07-28 15:00:52.264411527,
U001706,referral,android,45+,1,1,0,0,0,0,2024-07-03 15:02:19.887839487,
U001707,organic_search,android,25-34,1,1,0,0,0,0,2024-07-12 13:06:57.392667846,
U001708,referral,ios,25-34,1,1,1,0,0,0,2024-07-25 12:21:44.056520290,
U001709,referral,android,45+,1,1,1,1,0,0,2024-07-08 22:52:56.930425744,
U001710,organic_search,android,35-44,1,1,1,0,0,0,2024-07-23 01:23:48.464265559,
U001711,organic_search,ios,25-34,1,0,0,0,0,0,2024-07-11 17:13:49.027397995,
U001712,email,android,35-44,1,1,1,0,0,0,2024-07-28 10:32:44.083702269,
U001713,paid_social,ios,18-24,1,0,0,0,0,0,2024-07-25 17:43:55.380276231,
U001714,organic_search,ios,35-44,1,1,1,1,1,1,2024-07-09 10:29:14.209257400,2024-07-10 04:08:28.191443524
U001715,app_store,ios,25-34,1,1,1,1,1,0,2024-07-22 13:34:11.180270780,
U001716,organic_search,ios,25-34,1,1,1,1,1,1,2024-07-10 10:22:03.350841445,2024-07-10 20:48:35.081936312
U001717,referral,android,25-34,1,1,0,0,0,0,2024-07-17 23:28:32.983049424,
U001718,app_store,ios,25-34,1,1,1,0,0,0,2024-07-19 10:29:56.674897051,
U001719,organic_search,ios,25-34,1,1,1,1,1,1,2024-07-24 05:29:17.213660138,2024-07-27 21:50:53.774191085
U001720,organic_search,ios,25-34,1,1,1,1,1,0,2024-07-01 16:25:51.474261770,
U001721,organic_search,android,25-34,1,0,0,0,0,0,2024-07-07 03:56:45.970275642,
U001722,paid_social,ios,18-24,1,1,0,0,0,0,2024-07-20 22:24:31.567375890,
U001723,organic_search,android,35-44,1,0,0,0,0,0,2024-07-16 18:41:15.414876704,
U001724,referral,android,25-34,1,1,1,1,0,0,2024-07-14 21:02:47.805184204,
U001725,organic_search,ios,25-34,1,0,0,0,0,0,2024-07-02 13:06:03.927267946,
U001726,paid_social,ios,35-44,1,1,1,0,0,0,2024-07-10 18:02:29.017269956,
U001727,app_store,android,45+,1,1,1,1,0,0,2024-07-25 05:20:50.481038241,
U001728,email,ios,35-44,1,0,0,0,0,0,2024-07-01 20:45:35.951357570,
U001729,referral,ios,18-24,1,1,1,1,1,1,2024-07-12 02:24:18.540594554,2024-07-15 05:47:32.321943927
U001730,paid_social,android,35-44,1,1,0,0,0,0,2024-07-27 11:08:22.737533132,
U001731,referral,ios,45+,1,1,1,1,1,0,2024-07-02 10:11:30.673011300,
U001732,paid_social,ios,25-34,1,1,1,0,0,0,2024-07-21 23:48:08.152927185,
U001733,paid_social,ios,45+,1,0,0,0,0,0,2024-07-08 05:06:56.441067584,
U001734,organic_search,ios,25-34,1,0,0,0,0,0,2024-07-25 06:21:40.086746164,
U001735,email,android,25-34,1,0,0,0,0,0,2024-07-21 21:21:27.654698494,
U001736,paid_social,android,25-34,1,0,0,0,0,0,2024-07-25 19:11:37.949340552,
U001737,organic_search,android,35-44,1,1,1,1,0,0,2024-07-07 01:06:05.253011319,
U001738,paid_social,android,25-34,1,1,1,1,1,1,2024-07-15 21:01:43.432457170,2024-07-21 23:25:05.072062064
U001739,paid_social,ios,18-24,1,0,0,0,0,0,2024-07-22 19:40:09.847496157,
U001740,email,ios,18-24,1,1,0,0,0,0,2024-07-07 21:06:36.818253457,
U001741,referral,ios,25-34,1,1,1,0,0,0,2024-07-07 11:03:41.461702452,
U001742,email,ios,25-34,1,1,0,0,0,0,2024-07-01 18:15:59.017357357,
U001743,organic_search,android,25-34,1,0,0,0,0,0,2024-07-27 20:07:20.199185414,
U001744,paid_social,android,25-34,1,1,1,1,1,0,2024-07-20 21:07:52.836228145,
U001745,paid_social,ios,45+,1,0,0,0,0,0,2024-07-18 19:05:47.608421438,
U001746,organic_search,ios,25-34,1,1,0,0,0,0,2024-07-21 19:57:52.033143722,
U001747,organic_search,ios,25-34,1,1,1,1,1,1,2024-07-15 21:14:37.972908006,2024-07-16 13:28:24.716884627
U001748,email,ios,18-24,1,0,0,0,0,0,2024-07-14 07:57:42.939981921,
U001749,organic_search,ios,25-34,1,0,0,0,0,0,2024-07-13 14:05:08.397726021,
U001750,paid_social,ios,18-24,1,1,1,1,1,0,2024-07-18 22:22:30.541921129,
U001751,organic_search,android,25-34,1,1,1,1,0,0,2024-07-06 15:25:53.412469255,
U001752,organic_search,android,35-44,1,1,1,0,0,0,2024-07-25 20:46:31.594979971,
U001753,organic_search,ios,18-24,1,0,0,0,0,0,2024-07-23 17:29:51.336453645,
U001754,app_store,ios,25-34,1,1,1,0,0,0,2024-07-10 18:54:24.288824761,
U001755,email,ios,18-24,1,1,1,1,1,0,2024-07-17 04:49:31.610848857,
U001756,app_store,android,35-44,1,0,0,0,0,0,2024-07-04 22:46:13.244039076,
U001757,paid_social,android,35-44,1,1,0,0,0,0,2024-07-28 05:25:00.043000960,
U001758,organic_search,android,18-24,1,1,1,0,0,0,2024-07-26 06:44:37.989915183,
U001759,paid_social,ios,25-34,1,0,0,0,0,0,2024-07-26 19:30:54.447722866,
U001760,paid_social,android,45+,1,0,0,0,0,0,2024-07-10 07:12:48.845004188,
U001761,email,ios,25-34,1,0,0,0,0,0,2024-07-05 17:39:30.684100604,
U001762,organic_search,android,25-34,1,1,0,0,0,0,2024-07-06 22:18:39.217857699,
U001763,paid_social,ios,25-34,1,0,0,0,0,0,2024-07-03 12:28:51.365216280,
U001764,organic_search,ios,25-34,1,1,1,0,0,0,2024-07-04 08:42:51.636341268,
U001765,paid_social,android,45+,1,1,0,0,0,0,2024-07-02 23:54:59.929099977,
U001766,referral,ios,45+,1,1,1,1,0,0,2024-07-28 17:09:39.969020430,
U001767,paid_social,ios,35-44,1,1,1,1,0,0,2024-07-03 01:46:00.347606461,
U001768,paid_social,ios,25-34,1,0,0,0,0,0,2024-07-04 17:04:05.802237660,
U001769,paid_social,ios,25-34,1,0,0,0,0,0,2024-07-24 03:54:54.317653110,
U001770,paid_social,ios,25-34,1,0,0,0,0,0,2024-07-17 05:55:17.132344528,
U001771,email,ios,45+,1,1,1,1,0,0,2024-07-22 16:24:30.101294127,
U001772,email,ios,35-44,1,1,1,1,1,1,2024-07-18 15:58:22.329203606,2024-07-23 15:02:45.475834091
U001773,app_store,ios,25-34,1,1,1,1,1,1,2024-07-25 16:49:17.930139790,2024-07-29 19:10:33.020695256
U001774,email,android,18-24,1,0,0,0,0,0,2024-07-18 21:03:00.643168461,
U001775,paid_social,ios,25-34,1,0,0,0,0,0,2024-07-15 14:52:05.024751301,
U001776,referral,ios,45+,1,1,0,0,0,0,2024-07-20 22:58:04.059147334,
U001777,paid_social,ios,25-34,1,1,1,0,0,0,2024-07-13 12:38:52.545135472,
U001778,organic_search,android,18-24,1,1,0,0,0,0,2024-07-10 16:33:17.600371135,
U001779,email,android,18-24,1,1,1,1,1,0,2024-07-14 02:15:44.812967554,
U001780,organic_search,ios,25-34,1,1,1,0,0,0,2024-07-05 18:02:52.363054438,
U001781,app_store,android,45+,1,1,0,0,0,0,2024-07-23 07:17:46.328738672,
U001782,paid_social,android,45+,1,0,0,0,0,0,2024-07-08 07:11:34.587807918,
U001783,referral,android,45+,1,1,1,0,0,0,2024-07-05 07:10:23.516898585,
U001784,referral,android,35-44,1,1,1,1,1,0,2024-07-07 21:32:55.343321980,
U001785,email,android,25-34,1,0,0,0,0,0,2024-07-24 13:52:16.111167402,
U001786,referral,android,25-34,1,1,1,1,1,0,2024-07-10 05:53:42.974310030,
U001787,referral,android,25-34,1,1,1,0,0,0,2024-07-20 05:01:31.844308674,
U001788,organic_search,ios,35-44,1,0,0,0,0,0,2024-07-24 23:30:26.178482365,
U001789,paid_social,android,25-34,1,1,1,1,1,1,2024-07-03 04:14:39.898225060,2024-07-06 05:26:59.509822519
U001790,organic_search,android,35-44,1,1,1,1,1,1,2024-07-22 10:05:47.041006722,2024-07-23 06:53:06.123893420
U001791,referral,ios,18-24,1,1,1,1,1,0,2024-07-09 14:45:04.296264148,
U001792,paid_social,android,25-34,1,1,1,0,0,0,2024-07-07 01:34:12.823434037,
U001793,referral,ios,35-44,1,1,0,0,0,0,2024-07-20 06:56:30.393774229,
U001794,organic_search,ios,45+,1,1,0,0,0,0,2024-07-26 11:22:59.989716238,
U001795,organic_search,android,25-34,1,0,0,0,0,0,2024-07-09 06:15:10.469717028,
U001796,referral,ios,18-24,1,0,0,0,0,0,2024-07-16 22:15:22.741985743,
U001797,organic_search,ios,45+,1,1,0,0,0,0,2024-07-09 02:46:06.688224688,
U001798,organic_search,ios,35-44,1,1,1,1,1,1,2024-07-16 12:28:47.688989376,2024-07-18 04:11:38.576247349
U001799,organic_search,ios,25-34,1,0,0,0,0,0,2024-07-18 09:53:28.624558981,
U001800,app_store,ios,25-34,1,1,1,1,0,0,2024-07-18 02:08:43.372561203,
U001801,referral,ios,25-34,1,1,0,0,0,0,2024-07-18 11:01:23.377439730,
U001802,paid_social,ios,25-34,1,1,1,1,0,0,2024-07-04 18:46:25.033332633,
U001803,organic_search,android,45+,1,1,1,1,1,0,2024-07-20 10:03:33.104024193,
U001804,paid_social,android,18-24,1,1,1,0,0,0,2024-07-19 21:25:56.062155036,
U001805,email,ios,18-24,1,1,1,0,0,0,2024-07-20 02:41:57.185267082,
U001806,referral,android,18-24,1,1,0,0,0,0,2024-07-03 01:46:31.481185479,
U001807,organic_search,ios,25-34,1,0,0,0,0,0,2024-07-13 12:16:32.527568319,
U001808,organic_search,ios,18-24,1,1,1,1,1,1,2024-07-12 10:52:17.791445028,2024-07-13 11:44:42.794179641
U001809,organic_search,ios,25-34,1,1,1,1,1,1,2024-07-03 10:16:12.421229628,2024-07-04 22:31:28.326492192
U001810,referral,android,18-24,1,1,0,0,0,0,2024-07-07 05:25:52.491167965,
U001811,email,android,25-34,1,1,1,0,0,0,2024-07-13 08:19:36.798845811,
U001812,organic_search,ios,25-34,1,1,1,1,1,0,2024-07-21 19:13:58.944808671,
U001813,organic_search,ios,18-24,1,1,1,0,0,0,2024-07-07 15:18:20.576641298,
U001814,organic_search,ios,35-44,1,0,0,0,0,0,2024-07-24 05:35:30.982574187,
U001815,app_store,ios,25-34,1,1,0,0,0,0,2024-07-16 06:46:35.212860908,
U001816,organic_search,android,18-24,1,1,0,0,0,0,2024-07-22 07:00:12.140798626,
U001817,email,ios,25-34,1,0,0,0,0,0,2024-07-14 05:33:27.434888524,
U001818,referral,android,45+,1,1,1,1,1,1,2024-07-14 23:27:30.670141442,2024-07-15 08:16:45.022477497
U001819,paid_social,ios,45+,1,1,0,0,0,0,2024-07-18 08:27:05.146787224,
U001820,organic_search,android,18-24,1,1,1,1,1,1,2024-07-26 23:35:46.495274762,2024-09-27 21:15:03.239350041
U001821,organic_search,android,35-44,1,0,0,0,0,0,2024-07-14 18:29:52.996954110,
U001822,referral,ios,25-34,1,1,1,1,1,1,2024-07-15 19:15:28.316191579,2024-07-17 17:01:38.993482484
U001823,email,android,18-24,1,1,0,0,0,0,2024-07-17 20:32:31.054165800,
U001824,referral,android,25-34,1,0,0,0,0,0,2024-07-21 15:36:36.620150659,
U001825,paid_social,ios,25-34,1,1,0,0,0,0,2024-07-03 00:17:00.331608296,
U001826,organic_search,ios,25-34,1,0,0,0,0,0,2024-07-15 10:32:31.051272354,
U001827,app_store,android,35-44,1,1,0,0,0,0,2024-07-14 11:37:46.372607259,
U001828,email,ios,35-44,1,1,1,0,0,0,2024-07-26 19:22:20.313867529,
U001829,organic_search,ios,25-34,1,1,1,0,0,0,2024-07-14 19:38:11.119391595,
U001830,app_store,ios,25-34,1,1,0,0,0,0,2024-07-14 02:42:41.037532524,
U001831,referral,android,25-34,1,1,0,0,0,0,2024-07-27 22:35:54.212263152,
U001832,referral,android,25-34,1,1,0,0,0,0,2024-07-13 14:47:14.580743251,
U001833,referral,android,45+,1,1,0,0,0,0,2024-07-06 01:33:15.613835202,
U001834,email,ios,35-44,1,1,0,0,0,0,2024-07-07 01:46:03.484291764,
U001835,referral,ios,45+,1,1,1,0,0,0,2024-07-03 15:57:57.692744809,
U001836,organic_search,android,35-44,1,1,0,0,0,0,2024-07-01 00:22:54.418303239,
U001837,paid_social,android,25-34,1,0,0,0,0,0,2024-07-13 02:16:02.943092366,
U001838,app_store,ios,25-34,1,0,0,0,0,0,2024-07-22 12:55:51.652676658,
U001839,organic_search,ios,25-34,1,1,0,0,0,0,2024-07-21 12:53:22.018421364,
U001840,paid_social,ios,25-34,1,1,0,0,0,0,2024-07-01 21:36:15.073212654,
U001841,paid_social,android,35-44,1,0,0,0,0,0,2024-07-16 23:01:42.640374684,
U001842,paid_social,android,25-34,1,0,0,0,0,0,2024-07-05 07:40:41.737000281,
U001843,referral,android,25-34,1,1,1,0,0,0,2024-07-27 08:24:11.748102757,
U001844,app_store,android,35-44,1,1,0,0,0,0,2024-07-05 16:28:09.407139196,
U001845,organic_search,ios,45+,1,1,1,0,0,0,2024-07-18 13:06:05.595453748,
U001846,organic_search,android,25-34,1,1,1,1,1,1,2024-07-10 03:13:55.845747285,2024-07-11 18:49:07.320995017
U001847,organic_search,android,35-44,1,1,0,0,0,0,2024-07-18 23:07:45.159772962,
U001848,email,ios,18-24,1,1,0,0,0,0,2024-07-12 13:02:15.996565892,
U001849,referral,android,25-34,1,1,0,0,0,0,2024-07-22 06:28:48.472139629,
U001850,organic_search,ios,18-24,1,0,0,0,0,0,2024-07-07 11:00:58.939993151,
U001851,email,android,18-24,1,0,0,0,0,0,2024-07-26 08:41:31.650570178,
U001852,email,android,35-44,1,1,1,0,0,0,2024-07-15 00:08:27.183618862,
U001853,email,android,25-34,1,1,0,0,0,0,2024-07-22 04:05:40.542946933,
U001854,app_store,android,35-44,1,0,0,0,0,0,2024-07-24 19:01:07.279037849,
U001855,organic_search,ios,45+,1,1,1,1,1,1,2024-07-28 23:12:46.175621864,2024-08-01 21:12:51.043630215
U001856,email,ios,18-24,1,1,1,1,1,0,2024-07-07 06:29:29.354204904,
U001857,paid_social,ios,35-44,1,0,0,0,0,0,2024-07-09 00:47:30.126892711,
U001858,email,android,25-34,1,1,1,1,1,0,2024-07-08 00:17:27.723421784,
U001859,referral,android,18-24,1,0,0,0,0,0,2024-07-08 08:38:58.326760946,
U001860,email,android,35-44,1,1,1,1,1,1,2024-07-17 07:24:10.318732063,2024-07-17 16:20:51.985538440
U001861,referral,ios,35-44,1,1,1,1,1,0,2024-07-28 19:38:49.687994421,
U001862,organic_search,android,25-34,1,1,0,0,0,0,2024-07-28 17:28:00.748294791,
U001863,paid_social,android,45+,1,1,1,1,1,1,2024-07-15 17:59:29.801311695,2024-07-16 13:40:14.487641496
U001864,app_store,android,25-34,1,1,0,0,0,0,2024-07-18 21:25:34.627072299,
U001865,app_store,ios,45+,1,1,1,0,0,0,2024-07-25 01:54:00.739322924,
U001866,organic_search,ios,25-34,1,1,1,1,1,0,2024-07-27 02:55:52.622690721,
U001867,organic_search,ios,18-24,1,1,1,1,1,1,2024-07-06 16:59:39.629635634,2024-07-08 01:06:54.284754297
U001868,organic_search,android,25-34,1,1,1,1,1,0,2024-07-15 19:10:48.150657580,
U001869,referral,android,18-24,1,0,0,0,0,0,2024-07-24 07:39:59.402637129,
U001870,email,android,25-34,1,1,0,0,0,0,2024-07-09 11:45:06.463794405,
U001871,organic_search,ios,35-44,1,0,0,0,0,0,2024-07-13 07:33:06.035568746,
U001872,paid_social,ios,25-34,1,0,0,0,0,0,2024-07-28 14:20:14.568777848,
U001873,email,android,18-24,1,1,0,0,0,0,2024-07-28 13:57:04.968707130,
U001874,referral,android,25-34,1,1,1,1,0,0,2024-07-26 08:54:13.596603127,
U001875,paid_social,android,18-24,1,0,0,0,0,0,2024-07-23 08:33:26.235808038,
U001876,referral,android,35-44,1,1,1,0,0,0,2024-07-08 12:51:20.507348610,
U001877,paid_social,ios,35-44,1,1,1,1,0,0,2024-07-09 23:36:40.499183340,
U001878,organic_search,android,45+,1,1,1,1,1,1,2024-07-16 07:46:26.649442833,2024-07-16 19:49:43.213434765
U001879,referral,android,18-24,1,1,1,1,1,1,2024-07-16 16:50:32.624540419,2024-07-16 21:51:30.103730182
U001880,referral,ios,25-34,1,1,1,0,0,0,2024-07-15 03:41:52.420588616,
U001881,email,ios,25-34,1,1,1,1,1,1,2024-07-18 19:50:32.741173528,2024-07-19 11:28:50.214392248
U001882,referral,ios,45+,1,1,1,1,1,1,2024-07-12 10:23:35.056353724,2024-07-13 15:09:06.532081822
U001883,email,ios,35-44,1,0,0,0,0,0,2024-07-21 23:26:42.121377736,
U001884,organic_search,android,18-24,1,0,0,0,0,0,2024-07-10 08:08:43.982136437,
U001885,paid_social,ios,25-34,1,1,0,0,0,0,2024-07-10 06:12:53.791012616,
U001886,organic_search,ios,35-44,1,1,1,1,1,1,2024-07-04 13:29:45.047008708,2024-07-06 11:06:54.283914348
U001887,organic_search,ios,35-44,1,1,1,1,1,1,2024-07-06 06:48:52.578501962,2024-07-07 20:13:19.042631349
U001888,referral,android,45+,1,1,1,1,1,0,2024-07-24 19:33:00.110286547,
U001889,app_store,ios,18-24,1,1,0,0,0,0,2024-07-13 11:54:06.233493805,
U001890,organic_search,android,45+,1,1,1,1,1,1,2024-07-07 09:07:37.749228614,2024-07-08 18:51:44.609244184
U001891,paid_social,ios,18-24,1,1,0,0,0,0,2024-07-22 06:16:37.989174158,
U001892,email,ios,45+,1,1,1,1,1,1,2024-07-16 12:16:31.139576148,2024-07-17 13:09:00.746793255
U001893,organic_search,ios,45+,1,0,0,0,0,0,2024-07-01 14:13:00.622835230,
U001894,referral,ios,35-44,1,0,0,0,0,0,2024-07-09 20:35:41.637588982,
U001895,referral,ios,35-44,1,1,1,1,1,1,2024-07-05 22:56:41.813784747,2024-07-06 04:17:28.769719753
U001896,referral,ios,18-24,1,1,0,0,0,0,2024-07-19 08:44:47.625289688,
U001897,organic_search,android,18-24,1,1,1,1,1,1,2024-07-08 16:49:15.093492708,2024-07-10 08:08:59.087474343
U001898,paid_social,android,18-24,1,1,1,0,0,0,2024-07-02 19:38:39.248264695,
U001899,email,ios,18-24,1,0,0,0,0,0,2024-07-02 12:54:58.725867002,
U001900,referral,ios,25-34,1,1,0,0,0,0,2024-07-17 06:55:14.679221721,
U001901,organic_search,android,25-34,1,1,1,1,1,0,2024-07-01 14:35:53.384039332,
U001902,email,android,45+,1,1,1,1,1,1,2024-07-24 18:23:17.880098827,2024-07-28 22:18:28.731664436
U001903,organic_search,ios,25-34,1,0,0,0,0,0,2024-07-05 08:25:36.710907200,
U001904,referral,android,35-44,1,1,1,1,0,0,2024-07-17 23:36:45.278104784,
U001905,organic_search,android,35-44,1,1,0,0,0,0,2024-07-13 10:49:49.277363595,
U001906,app_store,android,25-34,1,0,0,0,0,0,2024-07-13 09:35:46.400164216,
U001907,paid_social,ios,25-34,1,1,1,0,0,0,2024-07-03 00:14:51.646797423,
U001908,paid_social,ios,25-34,1,1,1,0,0,0,2024-07-23 11:26:58.243713392,
U001909,organic_search,ios,35-44,1,1,1,1,1,0,2024-07-26 00:07:52.571115069,
U001910,paid_social,android,25-34,1,0,0,0,0,0,2024-07-01 07:24:11.521735927,
U001911,email,android,25-34,1,0,0,0,0,0,2024-07-06 00:01:19.221846466,
U001912,app_store,ios,35-44,1,1,1,0,0,0,2024-07-26 07:25:25.013534023,
U001913,paid_social,android,18-24,1,1,0,0,0,0,2024-07-16 09:15:34.948085900,
U001914,paid_social,android,35-44,1,1,1,1,0,0,2024-07-05 04:49:35.747698069,
U001915,referral,android,25-34,1,1,0,0,0,0,2024-07-06 16:16:30.662952078,
U001916,email,android,35-44,1,1,0,0,0,0,2024-07-19 11:30:38.722058427,
U001917,referral,android,45+,1,1,1,0,0,0,2024-07-21 07:04:36.856379636,
U001918,paid_social,ios,35-44,1,1,1,0,0,0,2024-07-17 18:48:53.335316577,
U001919,paid_social,android,25-34,1,0,0,0,0,0,2024-07-27 16:30:56.560684381,
U001920,referral,android,18-24,1,1,1,0,0,0,2024-07-14 20:00:38.669978570,
U001921,organic_search,ios,35-44,1,1,1,1,1,1,2024-07-09 09:46:57.809855200,2024-07-14 22:20:55.490609316
U001922,referral,ios,25-34,1,1,0,0,0,0,2024-07-14 08:42:01.855813446,
U001923,paid_social,android,18-24,1,0,0,0,0,0,2024-07-11 01:41:44.697638266,
U001924,email,ios,35-44,1,1,1,0,0,0,2024-07-07 06:48:26.927558600,
U001925,organic_search,android,25-34,1,1,0,0,0,0,2024-07-02 06:53:14.292803666,
U001926,referral,ios,18-24,1,1,1,1,0,0,2024-07-10 20:41:12.464432746,
U001927,paid_social,ios,45+,1,0,0,0,0,0,2024-07-20 22:04:01.493979409,
U001928,referral,ios,25-34,1,1,1,0,0,0,2024-07-01 12:23:24.732715668,
U001929,organic_search,ios,25-34,1,1,1,0,0,0,2024-07-13 07:07:40.659147796,
U001930,referral,android,35-44,1,1,0,0,0,0,2024-07-19 00:46:27.543987523,
U001931,referral,android,45+,1,1,1,1,1,0,2024-07-18 02:11:29.620914482,
U001932,referral,ios,18-24,1,1,1,0,0,0,2024-07-22 17:54:27.896101981,
U001933,referral,ios,35-44,1,1,1,1,1,0,2024-07-23 16:40:09.296124182,
U001934,referral,ios,35-44,1,0,0,0,0,0,2024-07-20 22:15:58.721968184,
U001935,email,ios,25-34,1,0,0,0,0,0,2024-07-03 21:04:48.186513379,
U001936,organic_search,android,25-34,1,0,0,0,0,0,2024-07-14 07:12:54.296535348,
U001937,email,ios,18-24,1,0,0,0,0,0,2024-07-17 21:29:19.692354022,
U001938,paid_social,ios,35-44,1,1,1,0,0,0,2024-07-07 21:01:13.361087823,
U001939,organic_search,ios,35-44,1,1,1,1,1,1,2024-07-02 04:35:41.357251082,2024-07-04 16:25:58.960712708
U001940,organic_search,ios,18-24,1,1,1,0,0,0,2024-07-07 06:15:09.704263334,
U001941,paid_social,ios,35-44,1,0,0,0,0,0,2024-07-13 17:41:20.536671598,
U001942,email,ios,35-44,1,1,1,1,0,0,2024-07-12 14:09:40.227856891,
U001943,referral,android,25-34,1,1,0,0,0,0,2024-07-05 22:43:12.761226670,
U001944,email,android,35-44,1,1,1,0,0,0,2024-07-24 02:00:26.080859905,
U001945,paid_social,android,18-24,1,1,1,0,0,0,2024-07-26 22:03:41.189007884,
U001946,paid_social,ios,45+,1,1,0,0,0,0,2024-07-06 15:18:21.853452330,
U001947,organic_search,ios,25-34,1,1,1,0,0,0,2024-07-27 00:40:22.797340222,
U001948,paid_social,ios,35-44,1,1,1,0,0,0,2024-07-01 12:00:09.232436599,
U001949,paid_social,android,35-44,1,1,0,0,0,0,2024-07-26 21:34:29.213972641,
U001950,organic_search,android,25-34,1,1,1,1,1,1,2024-07-27 15:41:46.128963732,2024-07-29 13:57:26.066460981
U001951,organic_search,ios,45+,1,1,1,0,0,0,2024-07-01 08:05:55.867008127,
U001952,referral,ios,35-44,1,1,1,0,0,0,2024-07-22 08:44:56.282762310,
U001953,referral,android,45+,1,0,0,0,0,0,2024-07-28 03:58:31.644360966,
U001954,app_store,android,25-34,1,1,0,0,0,0,2024-07-26 08:45:58.647763969,
U001955,app_store,android,18-24,1,1,0,0,0,0,2024-07-28 04:19:02.021965878,
U001956,referral,android,45+,1,1,0,0,0,0,2024-07-16 09:49:02.624983730,
U001957,paid_social,android,35-44,1,0,0,0,0,0,2024-07-03 04:31:15.333610731,
U001958,referral,ios,35-44,1,1,1,1,1,0,2024-07-24 19:03:30.027329942,
U001959,email,android,45+,1,1,1,1,1,1,2024-07-18 04:29:33.316453161,2024-07-18 18:36:58.528749855
U001960,organic_search,android,18-24,1,0,0,0,0,0,2024-07-18 05:06:11.131540308,
U001961,paid_social,android,25-34,1,0,0,0,0,0,2024-07-12 16:23:39.932970133,
U001962,email,ios,25-34,1,1,1,1,1,1,2024-07-17 00:16:40.109599866,2024-07-18 15:02:26.771348317
U001963,paid_social,ios,35-44,1,1,0,0,0,0,2024-07-05 07:12:20.201565128,
U001964,referral,ios,35-44,1,1,0,0,0,0,2024-07-21 17:07:31.648268830,
U001965,referral,ios,45+,1,1,0,0,0,0,2024-07-03 02:24:41.869944849,
U001966,organic_search,android,25-34,1,1,0,0,0,0,2024-07-21 10:24:45.631632340,
U001967,paid_social,ios,35-44,1,0,0,0,0,0,2024-07-24 18:30:48.600014047,
U001968,paid_social,ios,45+,1,0,0,0,0,0,2024-07-14 05:29:56.224764009,
U001969,organic_search,android,35-44,1,1,1,0,0,0,2024-07-15 06:36:21.621565213,
U001970,organic_search,ios,25-34,1,0,0,0,0,0,2024-07-09 17:48:28.769053093,
U001971,email,ios,35-44,1,1,1,1,1,1,2024-07-28 03:28:34.205748942,2024-08-05 08:43:02.136533995
U001972,organic_search,ios,45+,1,1,1,0,0,0,2024-07-21 12:39:34.728854450,
U001973,paid_social,android,45+,1,1,0,0,0,0,2024-07-11 07:57:37.108144195,
U001974,organic_search,ios,35-44,1,1,1,1,0,0,2024-07-05 21:28:14.028774884,
U001975,app_store,android,45+,1,1,0,0,0,0,2024-07-07 03:33:26.949455298,
U001976,organic_search,ios,25-34,1,1,1,1,1,1,2024-07-13 23:45:20.794557434,2024-07-15 22:34:52.315828899
U001977,paid_social,android,25-34,1,1,0,0,0,0,2024-07-27 09:24:21.474040446,
U001978,email,ios,45+,1,1,1,1,1,0,2024-07-21 13:20:46.839664813,
U001979,email,ios,18-24,1,0,0,0,0,0,2024-07-07 00:38:37.675595000,
U001980,organic_search,ios,18-24,1,1,1,1,1,1,2024-07-25 01:37:30.293967000,2024-07-25 14:50:00.306294183
U001981,email,ios,25-34,1,1,0,0,0,0,2024-07-11 14:09:02.705265021,
U001982,paid_social,ios,25-34,1,0,0,0,0,0,2024-07-24 20:21:26.304514894,
U001983,paid_social,ios,35-44,1,0,0,0,0,0,2024-07-07 18:25:19.667435952,
U001984,organic_search,ios,25-34,1,0,0,0,0,0,2024-07-18 07:44:23.752396338,
U001985,organic_search,android,45+,1,1,1,0,0,0,2024-07-26 22:43:21.244766235,
U001986,referral,ios,45+,1,0,0,0,0,0,2024-07-08 05:18:17.186930344,
U001987,paid_social,ios,25-34,1,0,0,0,0,0,2024-07-20 09:38:48.007945302,
U001988,paid_social,android,25-34,1,1,1,1,1,1,2024-07-28 15:28:26.690200323,2024-07-29 16:00:12.359623416
U001989,referral,android,35-44,1,1,0,0,0,0,2024-07-05 05:12:07.376498272,
U001990,email,ios,35-44,1,1,1,1,0,0,2024-07-03 11:24:22.821663070,
U001991,organic_search,ios,25-34,1,1,1,0,0,0,2024-07-19 21:03:33.009562497,
U001992,referral,android,25-34,1,1,1,0,0,0,2024-07-10 12:18:09.204794452,
U001993,organic_search,ios,25-34,1,1,1,1,1,1,2024-07-02 23:52:34.639645256,2024-07-03 21:54:31.475534352
U001994,email,android,25-34,1,1,1,1,1,1,2024-07-14 07:24:19.350784015,2024-07-15 03:07:13.576944507
U001995,referral,ios,25-34,1,1,0,0,0,0,2024-07-22 02:32:02.028194656,
U001996,app_store,android,35-44,1,0,0,0,0,0,2024-07-08 23:36:08.111084425,
U001997,organic_search,ios,35-44,1,1,1,0,0,0,2024-07-10 09:09:05.406060423,
U001998,organic_search,android,35-44,1,1,1,0,0,0,2024-07-24 16:18:35.990045154,
U001999,organic_search,ios,25-34,1,1,1,1,0,0,2024-07-15 13:29:17.970142992,
U002000,organic_search,android,35-44,1,1,0,0,0,0,2024-07-24 14:18:57.178936616,
U002001,organic_search,ios,18-24,1,1,0,0,0,0,2024-07-13 11:58:25.459394062,
U002002,app_store,ios,25-34,1,1,1,0,0,0,2024-07-27 16:23:57.510846204,
U002003,organic_search,android,35-44,1,0,0,0,0,0,2024-07-19 05:20:02.271445148,
U002004,organic_search,ios,35-44,1,0,0,0,0,0,2024-07-04 05:53:02.534980329,
U002005,email,android,25-34,1,1,1,0,0,0,2024-07-25 18:46:56.957118276,
U002006,paid_social,ios,35-44,1,1,0,0,0,0,2024-07-14 16:47:10.349657865,
U002007,email,android,45+,1,1,1,1,0,0,2024-07-04 23:10:52.991320051,
U002008,organic_search,ios,25-34,1,0,0,0,0,0,2024-07-05 06:36:27.971789165,
U002009,paid_social,android,35-44,1,0,0,0,0,0,2024-07-20 06:01:22.095817802,
U002010,organic_search,android,45+,1,1,1,1,1,1,2024-07-02 07:50:03.568279981,2024-07-07 01:12:31.556348971
U002011,organic_search,ios,35-44,1,1,0,0,0,0,2024-07-09 00:35:27.636079498,
U002012,app_store,android,25-34,1,1,1,1,1,1,2024-07-04 21:56:14.138864703,2024-07-05 04:45:19.437887530
U002013,organic_search,android,18-24,1,1,1,1,1,1,2024-07-13 08:24:14.517730134,2024-07-16 00:53:52.441305918
U002014,paid_social,ios,25-34,1,0,0,0,0,0,2024-07-12 14:26:44.645208759,
U002015,paid_social,android,25-34,1,1,1,0,0,0,2024-07-15 14:42:03.470799279,
U002016,paid_social,ios,35-44,1,0,0,0,0,0,2024-07-08 19:54:56.207364840,
U002017,email,android,25-34,1,1,1,1,0,0,2024-07-01 21:31:59.851423686,
U002018,organic_search,ios,45+,1,0,0,0,0,0,2024-07-18 04:52:02.868929922,
U002019,referral,ios,25-34,1,1,1,0,0,0,2024-07-11 11:08:18.592572984,
U002020,app_store,ios,35-44,1,1,1,1,1,0,2024-07-19 05:41:49.628951919,
U002021,referral,android,25-34,1,1,1,1,1,0,2024-07-04 01:01:27.135769684,
U002022,app_store,android,25-34,1,1,1,0,0,0,2024-07-01 09:15:30.177927367,
U002023,organic_search,android,35-44,1,0,0,0,0,0,2024-07-07 22:51:13.444484101,
U002024,paid_social,ios,25-34,1,1,0,0,0,0,2024-07-13 18:47:59.283787210,
U002025,organic_search,ios,18-24,1,1,1,0,0,0,2024-07-12 00:48:58.919908356,
U002026,referral,android,25-34,1,1,1,0,0,0,2024-07-23 16:31:23.941717568,
U002027,app_store,android,25-34,1,1,1,0,0,0,2024-07-11 13:54:24.828831280,
U002028,organic_search,ios,35-44,1,0,0,0,0,0,2024-07-15 20:27:23.301695768,
U002029,referral,ios,45+,1,0,0,0,0,0,2024-07-17 14:50:32.921236150,
U002030,organic_search,ios,18-24,1,1,0,0,0,0,2024-07-01 14:40:14.502669546,
U002031,referral,ios,25-34,1,0,0,0,0,0,2024-07-15 10:10:10.665266300,
U002032,paid_social,android,35-44,1,1,1,1,0,0,2024-07-10 15:43:35.782737668,
U002033,app_store,ios,45+,1,1,0,0,0,0,2024-07-12 19:06:00.884891329,
U002034,referral,android,45+,1,0,0,0,0,0,2024-07-03 19:23:35.274439708,
U002035,paid_social,ios,35-44,1,1,0,0,0,0,2024-07-22 22:03:19.512417204,
U002036,organic_search,ios,25-34,1,1,1,1,0,0,2024-07-27 09:17:44.363555977,
U002037,organic_search,android,18-24,1,1,1,1,1,1,2024-07-01 14:57:52.730867127,2024-07-03 10:28:06.894779616
U002038,organic_search,android,25-34,1,1,1,0,0,0,2024-07-17 20:07:20.987793213,
U002039,organic_search,ios,25-34,1,1,1,0,0,0,2024-07-22 09:18:11.567583997,
U002040,email,android,35-44,1,1,1,1,1,1,2024-07-08 23:23:26.518461813,2024-07-10 23:32:18.574172033
U002041,referral,ios,35-44,1,1,0,0,0,0,2024-07-23 01:14:14.470901095,
U002042,paid_social,android,35-44,1,0,0,0,0,0,2024-07-18 16:56:33.338813834,
U002043,organic_search,ios,25-34,1,1,1,1,0,0,2024-07-27 00:23:50.239990172,
U002044,email,android,35-44,1,0,0,0,0,0,2024-07-28 11:14:06.839627046,
U002045,referral,ios,18-24,1,1,0,0,0,0,2024-07-02 04:27:23.718985668,
U002046,organic_search,ios,18-24,1,1,1,1,1,0,2024-07-13 10:59:53.431476532,
U002047,referral,android,18-24,1,0,0,0,0,0,2024-07-16 07:34:32.855709226,
U002048,paid_social,android,45+,1,0,0,0,0,0,2024-07-05 02:36:41.229775951,
U002049,organic_search,ios,18-24,1,1,0,0,0,0,2024-07-10 09:59:02.680969873,
U002050,paid_social,ios,35-44,1,0,0,0,0,0,2024-07-28 15:41:56.705612431,
U002051,paid_social,ios,25-34,1,1,1,0,0,0,2024-07-01 10:54:24.719983707,
U002052,organic_search,android,25-34,1,1,0,0,0,0,2024-07-13 16:05:07.187943789,
U002053,app_store,android,45+,1,1,1,0,0,0,2024-07-24 14:15:50.060860660,
U002054,email,android,25-34,1,1,1,0,0,0,2024-07-10 01:39:41.934770503,
U002055,referral,ios,25-34,1,1,1,0,0,0,2024-07-14 10:25:28.537865266,
U002056,paid_social,android,25-34,1,1,1,0,0,0,2024-07-28 09:14:48.268210282,
U002057,paid_social,ios,45+,1,1,1,1,0,0,2024-07-14 07:07:02.042802022,
U002058,referral,ios,25-34,1,0,0,0,0,0,2024-07-04 15:58:44.838344809,
U002059,paid_social,android,25-34,1,1,1,0,0,0,2024-07-02 10:45:24.632639334,
U002060,organic_search,android,25-34,1,1,0,0,0,0,2024-07-27 11:19:11.772046722,
U002061,paid_social,android,25-34,1,1,0,0,0,0,2024-07-08 10:37:26.132595038,
U002062,email,android,25-34,1,1,1,1,1,1,2024-07-15 02:43:51.402760960,2024-07-15 09:22:42.119690580
U002063,paid_social,android,35-44,1,1,1,0,0,0,2024-07-03 12:57:05.712524852,
U002064,organic_search,android,35-44,1,1,1,1,1,1,2024-07-12 20:41:46.467636025,2024-07-14 05:34:46.539641506
U002065,email,ios,25-34,1,1,1,1,0,0,2024-07-27 01:01:51.272169898,
U002066,organic_search,ios,35-44,1,0,0,0,0,0,2024-07-15 01:37:17.514191967,
U002067,organic_search,android,45+,1,1,1,1,1,0,2024-07-28 04:36:10.159240190,
U002068,organic_search,android,45+,1,1,1,0,0,0,2024-07-08 05:56:15.173604718,
U002069,paid_social,ios,18-24,1,0,0,0,0,0,2024-07-15 03:03:15.843891765,
U002070,email,ios,25-34,1,1,1,1,1,1,2024-07-25 01:36:16.891545121,2024-07-26 14:43:00.746851382
U002071,paid_social,ios,45+,1,1,1,0,0,0,2024-07-13 13:13:32.096136417,
U002072,organic_search,ios,18-24,1,1,0,0,0,0,2024-07-08 19:48:55.854141001,
U002073,email,android,18-24,1,0,0,0,0,0,2024-07-24 22:52:45.999180541,
U002074,email,ios,45+,1,1,1,0,0,0,2024-07-11 22:00:20.603096614,
U002075,email,android,25-34,1,1,1,1,1,1,2024-07-15 20:38:45.785732917,2024-07-20 13:11:34.186291969
U002076,organic_search,ios,25-34,1,1,1,1,1,1,2024-07-28 08:13:34.279071520,2024-07-29 08:41:11.251211218
U002077,paid_social,ios,25-34,1,0,0,0,0,0,2024-07-06 05:19:00.386673387,
U002078,app_store,ios,35-44,1,1,0,0,0,0,2024-07-09 10:32:28.420353474,
U002079,email,android,25-34,1,1,1,0,0,0,2024-07-01 20:52:43.576488955,
U002080,organic_search,android,45+,1,0,0,0,0,0,2024-07-11 23:18:53.787814398,
U002081,organic_search,android,35-44,1,0,0,0,0,0,2024-07-06 14:31:23.755270893,
U002082,paid_social,ios,25-34,1,0,0,0,0,0,2024-07-20 00:59:00.515738770,
U002083,app_store,ios,25-34,1,1,0,0,0,0,2024-07-06 01:50:52.873046350,
U002084,paid_social,ios,25-34,1,1,0,0,0,0,2024-07-19 21:28:27.010620278,
U002085,paid_social,ios,35-44,1,1,1,1,1,0,2024-07-08 09:03:19.755875595,
U002086,organic_search,android,25-34,1,1,0,0,0,0,2024-07-10 22:42:22.984306005,
U002087,referral,android,45+,1,1,0,0,0,0,2024-07-10 18:26:03.689430644,
U002088,email,android,25-34,1,0,0,0,0,0,2024-07-21 01:39:25.833995805,
U002089,paid_social,ios,25-34,1,1,0,0,0,0,2024-07-14 01:29:39.209384281,
U002090,email,ios,25-34,1,1,0,0,0,0,2024-07-11 02:47:34.296104410,
U002091,app_store,ios,35-44,1,0,0,0,0,0,2024-07-24 20:57:44.881900236,
U002092,organic_search,ios,25-34,1,0,0,0,0,0,2024-07-17 00:21:02.953551196,
U002093,paid_social,android,25-34,1,0,0,0,0,0,2024-07-06 23:41:39.522835734,
U002094,organic_search,android,45+,1,1,0,0,0,0,2024-07-26 04:51:40.820085198,
U002095,email,ios,25-34,1,1,1,0,0,0,2024-07-10 14:15:39.596164585,
U002096,referral,ios,25-34,1,1,0,0,0,0,2024-07-02 02:11:38.910138284,
U002097,referral,android,35-44,1,1,1,0,0,0,2024-07-14 20:22:16.861838995,
U002098,email,android,35-44,1,1,0,0,0,0,2024-07-04 11:17:10.941303372,
U002099,paid_social,android,25-34,1,1,0,0,0,0,2024-07-07 16:14:58.020637124,
U002100,app_store,ios,18-24,1,1,0,0,0,0,2024-07-21 22:03:30.623205384,
U002101,paid_social,ios,35-44,1,1,0,0,0,0,2024-07-04 15:51:54.786919989,
U002102,organic_search,android,18-24,1,1,1,1,1,1,2024-07-23 14:15:59.467557283,2024-07-24 15:55:11.893891375
U002103,referral,android,35-44,1,1,1,1,1,1,2024-07-27 05:36:06.111446403,2024-07-30 12:53:46.150612662
U002104,email,ios,18-24,1,1,1,1,1,1,2024-07-17 23:35:22.457306900,2024-07-30 06:32:45.418310357
U002105,paid_social,android,25-34,1,1,1,0,0,0,2024-07-20 21:21:40.957341627,
U002106,email,android,18-24,1,1,1,1,1,1,2024-07-20 23:31:48.726688025,2024-07-28 23:41:52.147190557
U002107,app_store,ios,25-34,1,0,0,0,0,0,2024-07-28 19:10:01.010228660,
U002108,organic_search,ios,35-44,1,1,1,1,1,1,2024-07-10 13:30:49.363918167,2024-07-10 23:31:50.395147783
U002109,app_store,ios,18-24,1,1,1,0,0,0,2024-07-05 13:26:22.568766345,
U002110,organic_search,ios,25-34,1,1,1,0,0,0,2024-07-15 12:52:49.374704726,
U002111,organic_search,android,45+,1,1,0,0,0,0,2024-07-15 22:20:37.939944868,
U002112,organic_search,ios,25-34,1,1,1,0,0,0,2024-07-05 23:33:25.891686032,
U002113,email,android,35-44,1,1,1,1,1,0,2024-07-18 04:00:34.306430623,
U002114,referral,android,45+,1,0,0,0,0,0,2024-07-01 09:29:30.555227133,
U002115,organic_search,ios,45+,1,0,0,0,0,0,2024-07-26 23:23:35.399217253,
U002116,paid_social,ios,45+,1,1,0,0,0,0,2024-07-08 09:47:38.092905196,
U002117,referral,android,25-34,1,1,1,1,0,0,2024-07-02 02:35:04.056137552,
U002118,organic_search,android,45+,1,1,0,0,0,0,2024-07-04 00:44:37.048815974,
U002119,email,android,35-44,1,1,1,1,1,0,2024-07-07 17:26:50.255678108,
U002120,email,ios,35-44,1,0,0,0,0,0,2024-07-08 16:03:53.803091743,
U002121,paid_social,ios,18-24,1,1,1,0,0,0,2024-07-01 22:02:53.950784906,
U002122,app_store,android,45+,1,1,1,0,0,0,2024-07-08 19:43:35.161659069,
U002123,paid_social,android,35-44,1,1,1,0,0,0,2024-07-06 09:39:24.648925032,
U002124,app_store,ios,35-44,1,1,1,0,0,0,2024-07-11 14:25:59.747649585,
U002125,referral,android,18-24,1,0,0,0,0,0,2024-07-11 18:49:57.790211559,
U002126,referral,ios,25-34,1,1,1,1,0,0,2024-07-10 11:48:47.526066486,
U002127,organic_search,android,45+,1,1,0,0,0,0,2024-07-10 04:21:53.459037478,
U002128,email,android,25-34,1,1,1,1,1,0,2024-07-03 12:17:57.907111635,
U002129,paid_social,ios,25-34,1,1,1,0,0,0,2024-07-01 16:56:15.808087611,
U002130,organic_search,android,35-44,1,1,1,0,0,0,2024-07-06 15:49:14.914938525,
U002131,organic_search,ios,18-24,1,1,0,0,0,0,2024-07-22 04:28:06.294806277,
U002132,referral,ios,25-34,1,1,1,1,1,0,2024-07-28 17:49:26.984821274,
U002133,paid_social,ios,25-34,1,1,1,1,1,1,2024-07-26 23:58:10.522698690,2024-08-20 08:10:01.377817075
U002134,referral,ios,25-34,1,1,1,0,0,0,2024-07-15 02:50:07.464916971,
U002135,email,ios,25-34,1,1,1,0,0,0,2024-07-15 21:23:08.271897979,
U002136,organic_search,android,25-34,1,1,1,0,0,0,2024-07-09 19:23:55.731811509,
U002137,referral,android,18-24,1,1,1,0,0,0,2024-07-22 16:05:14.289952218,
U002138,organic_search,ios,35-44,1,0,0,0,0,0,2024-07-22 09:54:59.379446664,
U002139,email,android,45+,1,1,1,1,1,0,2024-07-24 15:21:03.687463450,
U002140,email,android,25-34,1,1,0,0,0,0,2024-07-26 01:46:44.673154701,
U002141,paid_social,android,25-34,1,0,0,0,0,0,2024-07-13 03:52:57.701306636,
U002142,referral,android,18-24,1,1,1,1,0,0,2024-07-22 11:20:25.374364933,
U002143,paid_social,ios,35-44,1,0,0,0,0,0,2024-07-23 13:53:59.804702988,
U002144,paid_social,ios,45+,1,0,0,0,0,0,2024-07-09 15:17:05.518746556,
U002145,email,android,25-34,1,1,1,1,1,0,2024-07-27 00:27:02.836699678,
U002146,paid_social,ios,25-34,1,0,0,0,0,0,2024-07-03 15:23:50.963185852,
U002147,paid_social,ios,35-44,1,1,0,0,0,0,2024-07-28 20:08:55.998231813,
U002148,paid_social,ios,35-44,1,1,1,1,1,0,2024-07-22 13:30:03.465369936,
U002149,email,ios,25-34,1,1,0,0,0,0,2024-07-03 14:40:40.974160612,
U002150,paid_social,ios,35-44,1,1,1,1,0,0,2024-07-19 08:59:10.764695616,
U002151,organic_search,ios,35-44,1,1,1,0,0,0,2024-07-01 22:58:06.830917647,
U002152,referral,ios,45+,1,0,0,0,0,0,2024-07-22 13:33:56.268095367,
U002153,email,android,18-24,1,0,0,0,0,0,2024-07-23 09:04:40.092077586,
U002154,organic_search,android,45+,1,1,0,0,0,0,2024-07-17 20:49:10.884278830,
U002155,organic_search,ios,25-34,1,0,0,0,0,0,2024-07-24 23:48:36.660124566,
U002156,organic_search,ios,35-44,1,1,1,1,1,1,2024-07-03 17:46:39.231495789,2024-07-16 23:54:28.567841806
U002157,paid_social,ios,25-34,1,1,1,1,1,0,2024-07-08 17:25:14.958665133,
U002158,paid_social,ios,25-34,1,1,0,0,0,0,2024-07-12 14:19:38.260236990,
U002159,referral,ios,35-44,1,1,1,0,0,0,2024-07-02 04:31:54.279481735,
U002160,referral,ios,25-34,1,1,1,1,0,0,2024-07-13 13:12:04.359052166,
U002161,referral,android,18-24,1,1,1,0,0,0,2024-07-08 10:13:24.393027518,
U002162,paid_social,ios,25-34,1,1,0,0,0,0,2024-07-11 23:55:04.541276560,
U002163,email,ios,25-34,1,1,1,1,0,0,2024-07-12 21:40:08.287315788,
U002164,paid_social,ios,25-34,1,0,0,0,0,0,2024-07-25 14:57:52.865653406,
U002165,app_store,android,45+,1,1,0,0,0,0,2024-07-08 13:40:08.875900462,
U002166,referral,android,25-34,1,1,1,1,1,0,2024-07-26 00:35:43.376990406,
U002167,organic_search,android,25-34,1,0,0,0,0,0,2024-07-12 22:15:08.958075246,
U002168,referral,android,18-24,1,1,0,0,0,0,2024-07-10 04:17:12.437902892,
U002169,paid_social,ios,25-34,1,0,0,0,0,0,2024-07-15 01:41:17.149751584,
U002170,referral,ios,25-34,1,1,1,1,0,0,2024-07-12 16:43:24.558368980,
U002171,organic_search,android,25-34,1,1,1,1,1,0,2024-07-08 04:57:15.099743008,
U002172,organic_search,ios,25-34,1,1,1,0,0,0,2024-07-15 01:48:01.822546645,
U002173,email,android,18-24,1,1,1,0,0,0,2024-07-05 06:00:38.752664310,
U002174,organic_search,android,35-44,1,1,1,1,0,0,2024-07-10 20:29:48.918161158,
U002175,email,android,35-44,1,1,1,0,0,0,2024-07-16 20:12:39.698709800,
U002176,organic_search,ios,25-34,1,0,0,0,0,0,2024-07-12 13:48:37.224827946,
U002177,referral,android,18-24,1,1,0,0,0,0,2024-07-24 01:40:08.783854086,
U002178,referral,ios,45+,1,1,1,0,0,0,2024-07-08 04:31:01.285505875,
U002179,paid_social,ios,18-24,1,0,0,0,0,0,2024-07-28 03:41:11.403507980,
U002180,paid_social,ios,45+,1,1,0,0,0,0,2024-07-22 23:19:59.512843588,
U002181,organic_search,android,25-34,1,0,0,0,0,0,2024-07-28 02:13:21.048493083,
U002182,organic_search,ios,25-34,1,1,1,1,1,1,2024-07-24 11:13:39.953445470,2024-07-26 21:24:49.244234252
U002183,paid_social,ios,35-44,1,1,1,0,0,0,2024-07-04 23:29:37.817420294,
U002184,referral,ios,45+,1,1,1,1,1,1,2024-07-15 17:46:52.251264224,2024-07-16 08:57:36.457999649
U002185,app_store,android,25-34,1,1,0,0,0,0,2024-07-05 18:13:32.038476844,
U002186,email,android,25-34,1,1,1,1,1,1,2024-07-23 21:50:55.611475861,2024-07-24 10:25:47.317198418
U002187,email,android,25-34,1,0,0,0,0,0,2024-07-17 08:33:25.071304230,
U002188,email,ios,45+,1,1,1,1,1,1,2024-07-08 09:02:16.581292227,2024-07-09 16:41:13.620727135
U002189,referral,ios,35-44,1,1,1,1,1,1,2024-07-27 00:41:25.833079748,2024-08-05 21:17:58.222642919
U002190,organic_search,android,25-34,1,1,0,0,0,0,2024-07-04 05:24:18.100177858,
U002191,app_store,ios,18-24,1,1,0,0,0,0,2024-07-16 18:54:55.926477802,
U002192,referral,android,25-34,1,1,1,0,0,0,2024-07-21 04:32:21.309849740,
U002193,referral,android,25-34,1,1,0,0,0,0,2024-07-02 15:32:46.381514618,
U002194,organic_search,ios,25-34,1,1,1,0,0,0,2024-07-17 17:45:33.315532448,
U002195,paid_social,ios,35-44,1,1,0,0,0,0,2024-07-23 20:17:08.220448316,
U002196,paid_social,android,18-24,1,0,0,0,0,0,2024-07-02 21:22:42.079040155,
U002197,email,ios,25-34,1,1,1,1,1,1,2024-07-15 08:13:38.195701150,2024-07-18 22:21:54.157769171
U002198,paid_social,ios,35-44,1,1,0,0,0,0,2024-07-08 05:45:01.525377430,
U002199,paid_social,android,25-34,1,0,0,0,0,0,2024-07-19 13:29:06.833158119,
U002200,app_store,ios,18-24,1,0,0,0,0,0,2024-07-04 07:45:04.286437142,
U002201,organic_search,android,18-24,1,1,0,0,0,0,2024-07-27 05:41:54.821078091,
U002202,paid_social,ios,18-24,1,0,0,0,0,0,2024-07-26 01:15:27.384884280,
U002203,organic_search,android,35-44,1,1,1,0,0,0,2024-07-06 04:58:29.316563317,
U002204,referral,ios,35-44,1,1,1,1,1,1,2024-07-10 01:14:04.827456060,2024-07-12 01:26:08.334853800
U002205,app_store,ios,18-24,1,0,0,0,0,0,2024-07-17 10:53:26.530680642,
U002206,organic_search,android,25-34,1,0,0,0,0,0,2024-07-21 02:32:16.404785577,
U002207,email,android,25-34,1,1,1,1,0,0,2024-07-13 09:27:53.431875698,
U002208,organic_search,ios,25-34,1,1,1,1,1,1,2024-07-05 09:01:39.966087990,2024-07-08 07:58:26.243177214
U002209,app_store,ios,25-34,1,1,1,1,1,1,2024-07-03 21:59:23.293807908,2024-07-04 03:59:57.075594849
U002210,email,android,25-34,1,1,1,1,1,1,2024-07-28 23:50:32.303063180,2024-07-29 09:30:26.752688517
U002211,email,ios,25-34,1,1,1,1,1,1,2024-07-13 17:59:47.852196082,2024-07-18 07:41:08.422539874
U002212,organic_search,android,18-24,1,1,0,0,0,0,2024-07-25 10:20:28.807540047,
U002213,app_store,android,35-44,1,1,0,0,0,0,2024-07-14 12:09:24.030398754,
U002214,referral,android,45+,1,1,1,1,1,0,2024-07-26 19:49:27.599170490,
U002215,paid_social,ios,45+,1,0,0,0,0,0,2024-07-03 10:58:27.498800935,
U002216,email,ios,18-24,1,1,1,1,0,0,2024-07-04 04:37:15.227676544,
U002217,organic_search,android,35-44,1,1,0,0,0,0,2024-07-27 00:42:46.188542444,
U002218,email,ios,35-44,1,0,0,0,0,0,2024-07-27 12:42:55.174572342,
U002219,organic_search,ios,45+,1,1,0,0,0,0,2024-07-09 19:29:24.448908206,
U002220,referral,ios,25-34,1,0,0,0,0,0,2024-07-10 22:40:14.894615575,
U002221,paid_social,ios,35-44,1,0,0,0,0,0,2024-07-13 16:02:47.608112245,
U002222,organic_search,ios,18-24,1,1,1,1,0,0,2024-07-12 15:39:38.336418788,
U002223,organic_search,ios,35-44,1,1,0,0,0,0,2024-07-06 07:42:37.386449456,
U002224,organic_search,android,25-34,1,1,1,1,1,1,2024-07-26 03:42:29.728826136,2024-07-27 04:25:50.755748422
U002225,paid_social,ios,35-44,1,1,1,0,0,0,2024-07-08 02:13:21.747627094,
U002226,paid_social,ios,45+,1,1,1,0,0,0,2024-07-20 17:56:35.013008335,
U002227,referral,ios,25-34,1,1,1,1,0,0,2024-07-02 21:07:43.015576447,
U002228,organic_search,android,25-34,1,1,0,0,0,0,2024-07-02 02:02:27.221233578,
U002229,organic_search,ios,18-24,1,1,1,1,1,1,2024-07-19 07:18:24.759258087,2024-07-19 22:50:49.951409232
U002230,referral,android,25-34,1,1,1,1,1,0,2024-07-10 11:49:07.162641231,
U002231,organic_search,android,25-34,1,1,1,1,1,1,2024-07-19 08:28:07.362868227,2024-07-20 11:42:33.682085329
U002232,app_store,ios,18-24,1,1,1,1,1,1,2024-07-03 15:10:56.092286834,2024-07-04 22:51:12.661609172
U002233,email,ios,45+,1,1,1,1,1,1,2024-07-27 14:18:00.458292456,2024-07-28 06:00:49.083506956
U002234,referral,ios,18-24,1,1,1,1,1,1,2024-07-21 23:00:06.198307776,2024-07-22 04:09:50.688975708
U002235,referral,android,35-44,1,1,1,1,1,0,2024-07-25 12:51:05.690136013,
U002236,email,android,45+,1,1,0,0,0,0,2024-07-04 19:42:29.564344479,
U002237,organic_search,android,45+,1,1,1,1,1,1,2024-07-09 23:08:53.415945628,2024-07-10 08:53:18.021698832
U002238,organic_search,ios,35-44,1,1,0,0,0,0,2024-07-11 07:31:38.202047986,
U002239,organic_search,android,18-24,1,1,0,0,0,0,2024-07-16 00:58:48.070832239,
U002240,email,ios,35-44,1,1,1,1,1,1,2024-07-09 07:29:44.240139535,2024-07-14 22:35:52.123817212
U002241,organic_search,ios,25-34,1,1,1,0,0,0,2024-07-02 16:44:37.891504608,
U002242,referral,android,45+,1,1,0,0,0,0,2024-07-11 07:53:10.578680088,
U002243,app_store,android,35-44,1,0,0,0,0,0,2024-07-08 03:03:25.701946322,
U002244,email,ios,35-44,1,1,1,0,0,0,2024-07-11 19:20:20.788307808,
U002245,paid_social,ios,18-24,1,0,0,0,0,0,2024-07-06 12:21:24.525506368,
U002246,organic_search,ios,25-34,1,0,0,0,0,0,2024-07-08 07:59:39.709347007,
U002247,email,ios,35-44,1,1,1,0,0,0,2024-07-18 13:18:43.101973746,
U002248,referral,ios,45+,1,1,1,1,1,1,2024-07-11 20:50:21.756611256,2024-07-12 00:26:05.324585190
U002249,organic_search,android,18-24,1,1,0,0,0,0,2024-07-10 16:05:51.504755636,
U002250,organic_search,android,45+,1,1,0,0,0,0,2024-07-15 22:47:04.506681966,
U002251,app_store,android,18-24,1,1,1,1,1,1,2024-07-22 14:41:25.020409624,2024-07-24 03:44:36.648784920
U002252,referral,android,35-44,1,1,1,1,1,1,2024-07-11 14:35:57.359996977,2024-07-12 08:17:15.726924722
U002253,email,ios,35-44,1,1,1,1,1,1,2024-07-17 10:48:47.156391090,2024-07-21 08:32:12.935577825
U002254,email,android,18-24,1,1,1,0,0,0,2024-07-28 01:17:17.391290690,
U002255,referral,android,18-24,1,0,0,0,0,0,2024-07-15 14:46:14.292074388,
U002256,paid_social,ios,35-44,1,0,0,0,0,0,2024-07-26 11:23:02.297111244,
U002257,paid_social,android,25-34,1,1,0,0,0,0,2024-07-23 05:20:52.812601148,
U002258,paid_social,ios,18-24,1,1,0,0,0,0,2024-07-02 15:27:32.234648043,
U002259,paid_social,android,35-44,1,0,0,0,0,0,2024-07-13 00:21:15.989858427,
U002260,email,android,35-44,1,1,1,1,0,0,2024-07-20 13:16:11.892315687,
U002261,referral,ios,25-34,1,1,0,0,0,0,2024-07-28 15:04:13.458594683,
U002262,email,android,18-24,1,1,1,1,1,1,2024-07-13 20:01:43.923577929,2024-07-17 18:32:01.053345580
U002263,paid_social,ios,18-24,1,0,0,0,0,0,2024-07-03 14:21:06.570623408,
U002264,referral,android,35-44,1,1,1,1,1,1,2024-07-16 17:40:12.595465369,2024-07-18 02:43:28.894913327
U002265,referral,ios,25-34,1,1,1,0,0,0,2024-07-04 13:03:03.125906283,
U002266,referral,ios,35-44,1,0,0,0,0,0,2024-07-22 01:01:16.120227907,
U002267,referral,ios,35-44,1,1,0,0,0,0,2024-07-15 05:09:32.192259534,
U002268,organic_search,android,25-34,1,1,0,0,0,0,2024-07-21 06:08:45.166378333,
U002269,paid_social,ios,18-24,1,1,1,0,0,0,2024-07-25 08:12:40.131584524,
U002270,organic_search,android,45+,1,1,0,0,0,0,2024-07-18 14:39:11.043120189,
U002271,paid_social,ios,25-34,1,1,1,1,1,1,2024-07-18 03:33:33.225329296,2024-07-19 22:55:05.589997920
U002272,paid_social,android,35-44,1,0,0,0,0,0,2024-07-22 03:04:16.458727555,
U002273,referral,android,45+,1,1,0,0,0,0,2024-07-24 14:07:47.139514294,
U002274,app_store,ios,45+,1,1,0,0,0,0,2024-07-25 08:00:14.919761325,
U002275,referral,ios,25-34,1,1,1,1,1,1,2024-07-02 00:28:51.929396032,2024-07-02 07:25:16.490642141
U002276,referral,android,25-34,1,1,1,0,0,0,2024-07-16 13:45:35.566013210,
U002277,paid_social,android,45+,1,1,0,0,0,0,2024-07-07 01:19:58.714262238,
U002278,referral,android,35-44,1,1,0,0,0,0,2024-07-25 02:09:08.778979288,
U002279,organic_search,ios,25-34,1,1,1,1,1,1,2024-07-19 03:43:23.680043972,2024-07-22 19:25:12.420080892
U002280,organic_search,ios,25-34,1,1,0,0,0,0,2024-07-12 18:23:22.221275272,
U002281,paid_social,android,25-34,1,1,0,0,0,0,2024-07-06 06:24:21.748671172,
U002282,paid_social,ios,45+,1,0,0,0,0,0,2024-07-10 11:49:25.955825242,
U002283,organic_search,ios,25-34,1,1,1,0,0,0,2024-07-20 16:56:18.998631711,
U002284,organic_search,ios,35-44,1,1,1,0,0,0,2024-07-06 17:19:46.611775995,
U002285,organic_search,android,35-44,1,1,0,0,0,0,2024-07-03 14:53:15.861362589,
U002286,app_store,android,35-44,1,1,1,1,1,1,2024-07-25 20:45:19.171904090,2024-07-27 04:30:55.009959674
U002287,paid_social,ios,35-44,1,0,0,0,0,0,2024-07-22 09:32:57.677704220,
U002288,paid_social,ios,45+,1,1,0,0,0,0,2024-07-06 14:15:43.896248154,
U002289,organic_search,ios,25-34,1,0,0,0,0,0,2024-07-09 04:26:00.085865834,
U002290,referral,ios,18-24,1,1,1,1,1,1,2024-07-28 05:13:52.172515038,2024-07-28 19:23:12.009367838
U002291,organic_search,ios,35-44,1,1,1,0,0,0,2024-07-20 19:53:59.910367657,
U002292,organic_search,android,25-34,1,0,0,0,0,0,2024-07-18 02:16:14.832594084,
U002293,paid_social,ios,18-24,1,0,0,0,0,0,2024-07-09 14:43:34.831938057,
U002294,organic_search,ios,18-24,1,1,1,1,0,0,2024-07-09 09:00:43.548767650,
U002295,organic_search,android,18-24,1,1,1,1,1,0,2024-07-02 02:33:35.538335406,
U002296,organic_search,ios,35-44,1,1,1,1,1,1,2024-07-21 09:32:23.332409152,2024-07-25 12:34:15.342854987
U002297,organic_search,android,35-44,1,1,1,1,1,0,2024-07-02 05:00:49.504457613,
U002298,organic_search,ios,25-34,1,1,1,0,0,0,2024-07-01 03:15:50.871550795,
U002299,paid_social,ios,35-44,1,1,1,1,1,1,2024-07-21 10:13:14.516553280,2024-07-23 05:15:42.954895669
U002300,email,android,25-34,1,1,1,1,1,1,2024-07-27 13:38:35.393295163,2024-08-10 08:11:24.471162434
U002301,referral,android,35-44,1,1,1,1,1,0,2024-07-22 04:22:12.173061910,
U002302,paid_social,ios,25-34,1,0,0,0,0,0,2024-07-14 04:56:31.949158495,
U002303,organic_search,android,35-44,1,1,1,0,0,0,2024-07-14 14:37:20.667737665,
U002304,app_store,android,25-34,1,0,0,0,0,0,2024-07-13 05:05:01.233672716,
U002305,paid_social,ios,25-34,1,1,1,0,0,0,2024-07-10 02:09:37.959473318,
U002306,organic_search,ios,35-44,1,1,0,0,0,0,2024-07-15 14:35:31.026958386,
U002307,referral,android,18-24,1,0,0,0,0,0,2024-07-13 01:44:00.395515784,
U002308,organic_search,ios,45+,1,1,1,1,1,1,2024-07-17 17:58:07.735394643,2024-07-19 12:36:09.708095440
U002309,paid_social,android,35-44,1,0,0,0,0,0,2024-07-26 03:32:12.098748246,
U002310,paid_social,android,25-34,1,1,1,1,0,0,2024-07-28 20:38:46.782389763,
U002311,email,android,35-44,1,0,0,0,0,0,2024-07-03 04:54:55.766884752,
U002312,paid_social,ios,18-24,1,0,0,0,0,0,2024-07-11 18:30:26.257062315,
U002313,referral,ios,25-34,1,0,0,0,0,0,2024-07-06 01:26:04.428799065,
U002314,app_store,android,45+,1,1,1,1,1,0,2024-07-10 20:37:29.850520652,
U002315,organic_search,ios,25-34,1,1,1,0,0,0,2024-07-09 01:10:54.726472344,
U002316,organic_search,ios,35-44,1,1,1,0,0,0,2024-07-05 21:17:20.228831527,
U002317,paid_social,ios,25-34,1,1,1,1,1,1,2024-07-22 09:27:32.788436785,2024-07-28 04:25:44.279013950
U002318,paid_social,ios,35-44,1,1,1,1,0,0,2024-07-14 21:30:21.726652485,
U002319,paid_social,android,25-34,1,1,1,0,0,0,2024-07-26 17:43:58.912499913,
U002320,app_store,ios,25-34,1,0,0,0,0,0,2024-07-01 21:54:07.638703178,
U002321,referral,android,45+,1,1,1,1,1,0,2024-07-02 21:00:33.209368909,
U002322,referral,ios,18-24,1,0,0,0,0,0,2024-07-12 06:59:59.451825087,
U002323,paid_social,android,35-44,1,1,1,0,0,0,2024-07-03 05:56:46.893521446,
U002324,email,ios,25-34,1,1,1,0,0,0,2024-07-08 08:33:15.439646764,
U002325,app_store,android,25-34,1,1,1,0,0,0,2024-07-28 14:36:43.154450967,
U002326,email,android,35-44,1,1,1,1,1,1,2024-07-06 20:25:15.082426779,2024-07-13 20:12:26.664452787
U002327,organic_search,ios,25-34,1,1,1,1,1,1,2024-07-06 13:08:06.440024130,2024-07-07 06:58:26.951829207
U002328,referral,android,18-24,1,0,0,0,0,0,2024-07-17 01:29:11.505950577,
U002329,organic_search,ios,45+,1,1,0,0,0,0,2024-07-14 22:39:17.465086803,
U002330,organic_search,android,35-44,1,0,0,0,0,0,2024-07-17 06:03:16.328593123,
U002331,organic_search,android,18-24,1,0,0,0,0,0,2024-07-11 13:09:57.985042114,
U002332,referral,android,25-34,1,1,1,0,0,0,2024-07-24 03:35:03.501057854,
U002333,referral,android,35-44,1,0,0,0,0,0,2024-07-04 21:07:34.070049606,
U002334,organic_search,ios,45+,1,0,0,0,0,0,2024-07-12 23:52:47.488819674,
U002335,paid_social,ios,45+,1,0,0,0,0,0,2024-07-20 07:31:11.863755933,
U002336,paid_social,ios,45+,1,0,0,0,0,0,2024-07-25 07:27:17.596332392,
U002337,paid_social,ios,18-24,1,0,0,0,0,0,2024-07-11 08:21:07.630098267,
U002338,organic_search,android,45+,1,1,1,0,0,0,2024-07-16 21:31:30.153327607,
U002339,paid_social,ios,45+,1,1,1,0,0,0,2024-07-02 22:27:43.354961568,
U002340,email,android,25-34,1,0,0,0,0,0,2024-07-05 18:27:15.937960136,
U002341,organic_search,ios,25-34,1,1,0,0,0,0,2024-07-02 22:27:39.042638024,
U002342,organic_search,ios,25-34,1,1,0,0,0,0,2024-07-21 09:08:09.453922825,
U002343,paid_social,android,35-44,1,1,1,0,0,0,2024-07-09 01:34:34.676332604,
U002344,app_store,ios,25-34,1,1,0,0,0,0,2024-07-21 06:21:24.606032094,
U002345,referral,android,18-24,1,1,1,0,0,0,2024-07-02 20:37:10.716661491,
U002346,referral,ios,18-24,1,1,1,1,1,1,2024-07-25 03:37:55.638747822,2024-07-25 12:36:55.823539435
U002347,paid_social,android,25-34,1,1,0,0,0,0,2024-07-24 09:28:34.655270354,
U002348,referral,ios,25-34,1,1,1,0,0,0,2024-07-03 11:45:36.415187244,
U002349,organic_search,ios,35-44,1,1,1,1,0,0,2024-07-01 15:57:51.740421224,
U002350,referral,android,18-24,1,1,1,0,0,0,2024-07-02 13:49:33.896366032,
U002351,app_store,android,45+,1,0,0,0,0,0,2024-07-24 21:38:22.114876578,
U002352,referral,ios,45+,1,1,1,1,1,1,2024-07-07 13:43:14.680714346,2024-07-08 11:35:24.414358869
U002353,email,ios,45+,1,1,1,0,0,0,2024-07-16 08:26:22.810562530,
U002354,referral,ios,35-44,1,1,1,0,0,0,2024-07-12 22:26:09.976333192,
U002355,organic_search,ios,18-24,1,1,1,0,0,0,2024-07-23 06:35:35.353052235,
U002356,app_store,android,25-34,1,0,0,0,0,0,2024-07-14 16:32:22.770917847,
U002357,organic_search,android,18-24,1,1,0,0,0,0,2024-07-15 00:26:38.705727742,
U002358,paid_social,ios,45+,1,1,0,0,0,0,2024-07-28 16:40:11.220038162,
U002359,organic_search,ios,25-34,1,0,0,0,0,0,2024-07-05 04:53:13.423687803,
U002360,organic_search,android,25-34,1,0,0,0,0,0,2024-07-24 06:13:58.968614157,
U002361,paid_social,ios,35-44,1,1,1,1,1,1,2024-07-02 10:46:32.984564919,2024-07-04 21:57:13.486591680
U002362,organic_search,android,45+,1,1,0,0,0,0,2024-07-14 08:58:47.903350929,
U002363,paid_social,ios,35-44,1,1,0,0,0,0,2024-07-25 19:37:01.206058771,
U002364,referral,android,35-44,1,1,1,0,0,0,2024-07-19 15:01:25.625589492,
U002365,organic_search,ios,25-34,1,1,1,0,0,0,2024-07-20 04:27:51.207170547,
U002366,organic_search,android,35-44,1,1,0,0,0,0,2024-07-08 08:56:57.169234888,
U002367,referral,ios,18-24,1,1,1,1,1,1,2024-07-12 17:16:56.135261629,2024-07-13 13:07:11.727731819
U002368,paid_social,ios,45+,1,1,0,0,0,0,2024-07-11 06:20:32.908816903,
U002369,referral,android,25-34,1,0,0,0,0,0,2024-07-15 14:24:35.414014219,
U002370,referral,ios,18-24,1,1,1,1,1,1,2024-07-13 22:37:01.808603562,2024-07-14 01:34:12.710255055
U002371,email,ios,45+,1,1,1,0,0,0,2024-07-10 03:40:32.492860813,
U002372,referral,ios,25-34,1,0,0,0,0,0,2024-07-09 13:16:58.697448333,
U002373,paid_social,ios,45+,1,1,1,0,0,0,2024-07-08 00:34:23.315492071,
U002374,referral,android,45+,1,0,0,0,0,0,2024-07-11 05:18:42.299663608,
U002375,organic_search,android,35-44,1,1,1,1,0,0,2024-07-05 04:45:38.423418080,
U002376,paid_social,ios,18-24,1,1,0,0,0,0,2024-07-25 10:03:14.727407047,
U002377,email,android,25-34,1,1,1,1,1,1,2024-07-17 20:37:27.232723426,2024-07-19 18:12:31.975379009
U002378,paid_social,ios,45+,1,1,0,0,0,0,2024-07-04 17:54:16.120796655,
U002379,email,android,45+,1,1,1,1,1,1,2024-07-20 10:16:24.501318416,2024-07-22 18:37:47.912502028
U002380,email,ios,25-34,1,1,1,0,0,0,2024-07-24 17:37:54.719380696,
U002381,email,android,25-34,1,1,1,1,0,0,2024-07-07 15:37:26.297828824,
U002382,app_store,ios,18-24,1,1,1,1,1,0,2024-07-05 05:12:12.957820707,
U002383,paid_social,ios,45+,1,1,1,1,0,0,2024-07-01 05:47:26.868457971,
U002384,paid_social,ios,25-34,1,0,0,0,0,0,2024-07-02 07:45:08.019761608,
U002385,referral,ios,18-24,1,1,1,0,0,0,2024-07-22 08:13:58.461815856,
U002386,paid_social,android,35-44,1,0,0,0,0,0,2024-07-28 15:23:21.174475264,
U002387,referral,ios,25-34,1,1,0,0,0,0,2024-07-02 06:09:34.476134608,
U002388,referral,android,45+,1,0,0,0,0,0,2024-07-21 22:42:13.264206076,
U002389,referral,ios,18-24,1,1,1,0,0,0,2024-07-03 00:17:28.951602450,
U002390,paid_social,android,18-24,1,0,0,0,0,0,2024-07-17 13:54:47.730006950,
U002391,organic_search,android,25-34,1,1,0,0,0,0,2024-07-22 04:04:57.323250393,
U002392,paid_social,android,25-34,1,0,0,0,0,0,2024-07-11 01:23:07.277870112,
U002393,organic_search,android,18-24,1,0,0,0,0,0,2024-07-01 07:20:53.277310917,
U002394,email,android,25-34,1,0,0,0,0,0,2024-07-17 15:58:02.080661829,
U002395,paid_social,ios,25-34,1,1,0,0,0,0,2024-07-28 18:06:59.004396356,
U002396,organic_search,android,45+,1,0,0,0,0,0,2024-07-08 05:07:08.069330888,
U002397,organic_search,ios,18-24,1,1,1,0,0,0,2024-07-06 07:20:17.297771312,
U002398,referral,ios,45+,1,1,1,1,1,1,2024-07-04 11:16:41.519749303,2024-07-05 09:31:26.362498720
U002399,referral,ios,35-44,1,1,1,0,0,0,2024-07-16 13:07:54.395662216,
U002400,paid_social,android,18-24,1,1,0,0,0,0,2024-07-17 16:48:39.984372374,
U002401,organic_search,ios,18-24,1,1,1,0,0,0,2024-07-23 04:24:21.609282636,
U002402,paid_social,ios,25-34,1,1,0,0,0,0,2024-07-22 02:03:54.863542735,
U002403,paid_social,ios,25-34,1,1,1,1,1,1,2024-07-25 23:47:16.384208276,2024-07-28 23:22:58.075860730
U002404,referral,android,25-34,1,1,0,0,0,0,2024-07-23 13:28:45.311829697,
U002405,referral,ios,25-34,1,0,0,0,0,0,2024-07-07 22:09:48.527385793,
U002406,paid_social,ios,35-44,1,1,1,0,0,0,2024-07-16 13:32:58.617875439,
U002407,organic_search,ios,25-34,1,1,0,0,0,0,2024-07-09 07:51:39.011439189,
U002408,app_store,android,18-24,1,1,1,1,1,1,2024-07-10 05:36:56.790210996,2024-07-10 15:39:02.630744038
U002409,paid_social,android,25-34,1,0,0,0,0,0,2024-07-27 02:15:59.818041208,
U002410,referral,android,35-44,1,0,0,0,0,0,2024-07-20 02:14:02.573538262,
U002411,organic_search,android,18-24,1,1,0,0,0,0,2024-07-28 06:55:29.127737074,
U002412,paid_social,ios,45+,1,1,1,1,1,0,2024-07-12 16:09:54.808829985,
U002413,organic_search,android,25-34,1,0,0,0,0,0,2024-07-16 01:09:28.977457939,
U002414,paid_social,ios,45+,1,0,0,0,0,0,2024-07-14 15:20:29.623861806,
U002415,app_store,ios,18-24,1,1,1,1,1,0,2024-07-04 00:05:48.849561398,
U002416,paid_social,ios,45+,1,1,1,0,0,0,2024-07-07 15:03:49.465158757,
U002417,organic_search,android,35-44,1,0,0,0,0,0,2024-07-15 18:34:17.883574363,
U002418,organic_search,android,25-34,1,1,1,0,0,0,2024-07-02 21:16:31.918977768,
U002419,paid_social,ios,25-34,1,1,1,1,1,0,2024-07-27 01:56:32.699384066,
U002420,organic_search,android,18-24,1,1,0,0,0,0,2024-07-04 11:13:22.635357402,
U002421,organic_search,ios,45+,1,1,1,0,0,0,2024-07-06 13:02:35.021731783,
U002422,email,ios,35-44,1,1,1,1,1,1,2024-07-22 10:17:45.104952350,2024-07-25 08:28:48.863319149
U002423,paid_social,ios,18-24,1,0,0,0,0,0,2024-07-03 17:08:24.043496708,
U002424,organic_search,android,18-24,1,1,1,1,0,0,2024-07-26 04:59:12.778589598,
U002425,app_store,android,18-24,1,0,0,0,0,0,2024-07-21 07:40:15.788371958,
U002426,organic_search,ios,35-44,1,0,0,0,0,0,2024-07-02 22:06:47.577517750,
U002427,app_store,android,35-44,1,1,0,0,0,0,2024-07-20 08:55:16.410662252,
U002428,paid_social,ios,25-34,1,0,0,0,0,0,2024-07-18 16:27:15.769220853,
U002429,email,android,25-34,1,1,0,0,0,0,2024-07-22 04:56:19.747684410,
U002430,referral,android,25-34,1,1,0,0,0,0,2024-07-24 04:32:56.244742202,
U002431,email,ios,25-34,1,1,1,1,1,1,2024-07-21 02:43:53.682428496,2024-07-23 02:42:31.352107381
U002432,app_store,android,18-24,1,1,1,0,0,0,2024-07-17 09:54:37.693519534,
U002433,organic_search,android,25-34,1,1,1,1,1,0,2024-07-10 00:41:43.260313038,
U002434,app_store,ios,18-24,1,1,1,1,0,0,2024-07-20 12:34:04.442698963,
U002435,paid_social,android,45+,1,1,1,1,1,0,2024-07-27 19:05:05.657538782,
U002436,paid_social,ios,35-44,1,1,1,1,1,0,2024-07-17 10:48:52.691455450,
U002437,paid_social,ios,45+,1,0,0,0,0,0,2024-07-19 14:26:23.105716148,
U002438,paid_social,ios,25-34,1,0,0,0,0,0,2024-07-13 05:45:00.159689757,
U002439,organic_search,ios,45+,1,1,1,0,0,0,2024-07-22 04:06:47.462930445,
U002440,referral,android,35-44,1,1,1,1,1,1,2024-07-28 22:25:56.955545626,2024-07-29 06:12:30.131403853
U002441,paid_social,android,25-34,1,1,1,1,1,1,2024-07-05 11:46:53.852784668,2024-07-06 01:42:09.414614627
U002442,email,android,25-34,1,1,1,0,0,0,2024-07-06 16:00:58.852175500,
U002443,email,ios,35-44,1,0,0,0,0,0,2024-07-16 02:30:07.825760892,
U002444,paid_social,ios,45+,1,0,0,0,0,0,2024-07-14 11:29:03.361055402,
U002445,paid_social,ios,25-34,1,1,0,0,0,0,2024-07-17 00:05:41.622678654,
U002446,organic_search,ios,18-24,1,1,1,0,0,0,2024-07-02 08:58:39.936254559,
U002447,organic_search,android,35-44,1,1,1,1,1,0,2024-07-12 07:40:25.603154623,
U002448,organic_search,android,45+,1,1,1,0,0,0,2024-07-17 07:45:41.011589005,
U002449,paid_social,ios,35-44,1,0,0,0,0,0,2024-07-17 09:14:54.917076966,
U002450,organic_search,android,25-34,1,1,1,0,0,0,2024-07-19 09:43:42.320310049,
U002451,app_store,android,25-34,1,0,0,0,0,0,2024-07-21 03:59:06.617363244,
U002452,referral,ios,25-34,1,1,1,1,1,1,2024-07-18 23:07:10.994322201,2024-07-20 22:09:53.343559806
U002453,paid_social,android,45+,1,1,1,0,0,0,2024-07-23 03:02:36.241518120,
U002454,referral,ios,35-44,1,1,1,1,0,0,2024-07-18 11:50:20.927428965,
U002455,organic_search,ios,25-34,1,1,0,0,0,0,2024-07-16 01:12:18.537210003,
U002456,paid_social,ios,25-34,1,0,0,0,0,0,2024-07-17 23:21:50.400765392,
U002457,referral,ios,45+,1,0,0,0,0,0,2024-07-03 20:00:06.992849660,
U002458,paid_social,ios,35-44,1,0,0,0,0,0,2024-07-08 15:33:40.303323176,
U002459,paid_social,ios,45+,1,1,0,0,0,0,2024-07-15 18:24:45.549368150,
U002460,app_store,ios,25-34,1,0,0,0,0,0,2024-07-25 10:38:50.671499809,
U002461,email,android,35-44,1,1,0,0,0,0,2024-07-20 00:19:21.524971911,
U002462,referral,android,35-44,1,1,1,0,0,0,2024-07-03 12:45:15.223439214,
U002463,referral,android,25-34,1,1,1,1,1,0,2024-07-17 14:00:31.560115104,
U002464,referral,ios,45+,1,1,0,0,0,0,2024-07-07 05:00:28.539691668,
U002465,organic_search,ios,18-24,1,0,0,0,0,0,2024-07-21 13:15:32.861440879,
U002466,paid_social,ios,35-44,1,0,0,0,0,0,2024-07-24 04:02:24.910389160,
U002467,organic_search,ios,45+,1,1,0,0,0,0,2024-07-17 14:48:09.414649663,
U002468,paid_social,android,25-34,1,1,0,0,0,0,2024-07-17 13:23:44.425511336,
U002469,paid_social,android,35-44,1,1,1,1,0,0,2024-07-10 11:32:00.419415601,
U002470,organic_search,android,25-34,1,1,1,1,1,0,2024-07-13 11:52:48.051193440,
U002471,app_store,android,35-44,1,1,1,0,0,0,2024-07-25 04:40:50.929550083,
U002472,app_store,ios,45+,1,0,0,0,0,0,2024-07-21 06:04:16.544675744,
U002473,referral,ios,35-44,1,1,1,1,0,0,2024-07-15 13:16:28.053536185,
U002474,paid_social,android,35-44,1,0,0,0,0,0,2024-07-11 07:27:07.788812058,
U002475,email,ios,25-34,1,1,1,1,1,0,2024-07-02 09:51:18.662867672,
U002476,organic_search,ios,25-34,1,1,1,1,1,0,2024-07-05 00:06:03.505288791,
U002477,email,ios,25-34,1,1,1,0,0,0,2024-07-06 09:42:46.538533645,
U002478,organic_search,ios,35-44,1,1,1,0,0,0,2024-07-11 10:54:49.467851384,
U002479,email,ios,18-24,1,1,1,1,1,1,2024-07-27 10:27:52.311006925,2024-07-28 13:48:20.146282819
U002480,organic_search,android,35-44,1,1,0,0,0,0,2024-07-15 03:27:47.092842284,
U002481,email,android,25-34,1,0,0,0,0,0,2024-07-07 13:48:45.322956730,
U002482,app_store,ios,35-44,1,1,0,0,0,0,2024-07-03 23:03:50.732546893,
U002483,organic_search,ios,18-24,1,0,0,0,0,0,2024-07-10 11:20:28.725119491,
U002484,paid_social,android,35-44,1,1,0,0,0,0,2024-07-23 20:10:15.553525116,
U002485,app_store,ios,35-44,1,0,0,0,0,0,2024-07-11 17:36:22.885818699,
U002486,paid_social,ios,45+,1,1,0,0,0,0,2024-07-22 15:07:26.045929423,
U002487,email,ios,35-44,1,1,1,1,1,1,2024-07-23 11:25:03.878246146,2024-07-24 16:42:33.992969647
U002488,referral,ios,35-44,1,1,0,0,0,0,2024-07-04 02:28:17.606055104,
U002489,paid_social,android,45+,1,1,1,0,0,0,2024-07-18 01:01:09.673554716,
U002490,organic_search,android,35-44,1,0,0,0,0,0,2024-07-27 20:30:45.196507389,
U002491,organic_search,ios,25-34,1,0,0,0,0,0,2024-07-12 06:14:12.430806676,
U002492,email,ios,45+,1,1,1,1,1,0,2024-07-02 10:14:03.940116111,
U002493,paid_social,ios,35-44,1,1,0,0,0,0,2024-07-26 20:27:33.868271858,
U002494,paid_social,ios,25-34,1,1,1,0,0,0,2024-07-25 17:49:25.468380152,
U002495,paid_social,android,35-44,1,0,0,0,0,0,2024-07-15 14:52:44.589088016,
U002496,referral,android,45+,1,1,1,1,0,0,2024-07-16 11:06:50.748736226,
U002497,email,ios,45+,1,1,1,1,0,0,2024-07-06 22:17:24.075836001,
U002498,app_store,android,45+,1,1,1,1,0,0,2024-07-23 22:40:15.267813585,
U002499,paid_social,android,25-34,1,1,1,0,0,0,2024-07-14 23:03:33.212878232,
U002500,email,android,25-34,1,1,1,0,0,0,2024-07-01 22:45:57.162008872,
U002501,email,ios,18-24,1,1,1,0,0,0,2024-07-20 02:59:09.782641417,
U002502,referral,ios,25-34,1,1,0,0,0,0,2024-07-27 14:44:00.575906704,
U002503,app_store,android,45+,1,1,0,0,0,0,2024-07-24 05:11:20.866244438,
U002504,organic_search,ios,25-34,1,0,0,0,0,0,2024-07-08 18:16:37.740797338,
U002505,organic_search,android,35-44,1,1,1,0,0,0,2024-07-02 11:50:04.045470738,
U002506,email,android,35-44,1,1,1,1,1,0,2024-07-27 07:54:58.137212365,
U002507,paid_social,android,35-44,1,0,0,0,0,0,2024-07-27 05:42:22.144028972,
U002508,email,ios,18-24,1,1,1,1,0,0,2024-07-15 21:46:59.141449372,
U002509,email,android,25-34,1,1,1,1,1,1,2024-07-18 23:38:14.282315779,2024-07-25 12:14:16.594143993
U002510,organic_search,ios,25-34,1,1,1,1,1,1,2024-07-13 22:52:02.066871586,2024-07-21 22:13:08.705612830
U002511,email,android,25-34,1,1,1,0,0,0,2024-07-12 18:04:56.376085317,
U002512,paid_social,ios,45+,1,0,0,0,0,0,2024-07-04 08:16:09.656198713,
U002513,paid_social,ios,35-44,1,1,0,0,0,0,2024-07-03 17:01:04.611715165,
U002514,referral,android,25-34,1,1,0,0,0,0,2024-07-07 12:23:45.609239032,
U002515,app_store,ios,45+,1,1,0,0,0,0,2024-07-24 10:13:21.293706712,
U002516,organic_search,ios,25-34,1,1,0,0,0,0,2024-07-05 01:59:57.501939757,
U002517,paid_social,android,35-44,1,0,0,0,0,0,2024-07-07 08:20:29.378712069,
U002518,referral,ios,25-34,1,1,0,0,0,0,2024-07-16 08:40:07.132312282,
U002519,referral,android,35-44,1,1,1,1,0,0,2024-07-07 00:34:05.442774960,
U002520,referral,ios,25-34,1,1,0,0,0,0,2024-07-05 13:40:29.611669270,
U002521,organic_search,android,18-24,1,1,0,0,0,0,2024-07-16 18:32:54.651915711,
U002522,organic_search,android,25-34,1,0,0,0,0,0,2024-07-11 07:21:31.241195013,
U002523,paid_social,ios,25-34,1,0,0,0,0,0,2024-07-18 12:46:44.544305262,
U002524,email,ios,35-44,1,1,1,0,0,0,2024-07-26 13:00:07.159516668,
U002525,organic_search,android,18-24,1,0,0,0,0,0,2024-07-05 05:28:02.583567714,
U002526,organic_search,ios,35-44,1,1,0,0,0,0,2024-07-26 13:49:38.709819764,
U002527,app_store,ios,35-44,1,1,0,0,0,0,2024-07-26 06:28:23.729189523,
U002528,organic_search,android,35-44,1,1,1,1,1,1,2024-07-24 05:08:48.681606217,2024-07-27 14:35:00.733883629
U002529,app_store,ios,35-44,1,1,1,1,0,0,2024-07-18 16:13:26.891146880,
U002530,referral,ios,18-24,1,1,1,0,0,0,2024-07-18 08:44:18.793740652,
U002531,email,android,25-34,1,1,0,0,0,0,2024-07-18 21:33:03.266918384,
U002532,organic_search,ios,45+,1,1,0,0,0,0,2024-07-20 08:00:46.837506132,
U002533,organic_search,ios,35-44,1,0,0,0,0,0,2024-07-01 11:04:33.739682224,
U002534,referral,ios,35-44,1,1,1,1,1,1,2024-07-27 19:50:17.567505445,2024-07-31 00:10:53.591116943
U002535,email,android,35-44,1,1,0,0,0,0,2024-07-17 09:31:32.619737532,
U002536,referral,android,25-34,1,1,1,1,1,1,2024-07-22 21:08:42.158682337,2024-07-26 07:50:21.686071822
U002537,organic_search,android,35-44,1,1,0,0,0,0,2024-07-11 13:32:00.225057249,
U002538,email,ios,45+,1,0,0,0,0,0,2024-07-01 08:19:51.339905094,
U002539,email,ios,18-24,1,0,0,0,0,0,2024-07-15 06:32:30.089173092,
U002540,referral,ios,45+,1,1,1,1,0,0,2024-07-15 04:49:54.336649094,
U002541,email,ios,25-34,1,1,1,0,0,0,2024-07-13 05:39:24.486283065,
U002542,email,android,25-34,1,1,1,0,0,0,2024-07-10 12:17:23.497428897,
U002543,referral,ios,45+,1,1,1,0,0,0,2024-07-07 23:52:59.271629278,
U002544,organic_search,ios,35-44,1,1,0,0,0,0,2024-07-15 18:30:36.560383585,
U002545,paid_social,ios,45+,1,1,0,0,0,0,2024-07-11 12:11:12.875546500,
U002546,organic_search,android,45+,1,1,1,1,0,0,2024-07-28 03:47:39.211474095,
U002547,paid_social,android,25-34,1,1,1,0,0,0,2024-07-05 20:12:25.742949760,
U002548,paid_social,android,35-44,1,1,1,0,0,0,2024-07-09 22:48:54.941203447,
U002549,organic_search,android,25-34,1,0,0,0,0,0,2024-07-09 05:32:29.171260723,
U002550,paid_social,ios,25-34,1,1,1,1,1,0,2024-07-16 05:06:13.559150026,
U002551,organic_search,ios,25-34,1,0,0,0,0,0,2024-07-14 23:30:58.797671857,
U002552,email,ios,35-44,1,1,0,0,0,0,2024-07-19 00:35:36.933954403,
U002553,app_store,android,25-34,1,1,1,1,0,0,2024-07-27 14:24:04.283373124,
U002554,organic_search,android,35-44,1,1,0,0,0,0,2024-07-08 23:40:06.850026764,
U002555,app_store,ios,35-44,1,0,0,0,0,0,2024-07-20 09:32:32.980341688,
U002556,paid_social,android,18-24,1,1,0,0,0,0,2024-07-01 16:49:37.259110138,
U002557,organic_search,android,35-44,1,1,1,0,0,0,2024-07-08 08:19:30.193237185,
U002558,organic_search,android,25-34,1,1,0,0,0,0,2024-07-13 23:37:10.765969356,
U002559,paid_social,android,25-34,1,0,0,0,0,0,2024-07-01 20:49:42.592293559,
U002560,email,android,35-44,1,1,1,1,0,0,2024-07-18 07:04:25.958971362,
U002561,referral,ios,25-34,1,0,0,0,0,0,2024-07-19 23:49:29.023845412,
U002562,organic_search,android,45+,1,0,0,0,0,0,2024-07-21 21:48:13.364536201,
U002563,organic_search,android,35-44,1,1,1,0,0,0,2024-07-15 11:08:17.042116214,
U002564,paid_social,ios,25-34,1,0,0,0,0,0,2024-07-17 21:51:02.933516293,
U002565,organic_search,android,35-44,1,1,0,0,0,0,2024-07-12 02:09:21.055892914,
U002566,organic_search,android,18-24,1,1,0,0,0,0,2024-07-02 03:43:19.336239876,
U002567,organic_search,ios,18-24,1,1,0,0,0,0,2024-07-03 19:10:03.529489702,
U002568,email,android,18-24,1,1,1,0,0,0,2024-07-19 08:09:26.139828182,
U002569,app_store,ios,25-34,1,0,0,0,0,0,2024-07-28 21:00:47.380757911,
U002570,paid_social,android,25-34,1,1,0,0,0,0,2024-07-01 10:37:11.196183846,
U002571,app_store,android,45+,1,0,0,0,0,0,2024-07-16 14:41:45.995522384,
U002572,paid_social,ios,25-34,1,0,0,0,0,0,2024-07-22 00:40:40.374973484,
U002573,paid_social,ios,35-44,1,1,0,0,0,0,2024-07-24 03:35:33.663931177,
U002574,organic_search,android,25-34,1,1,1,1,1,1,2024-07-16 06:22:39.697037810,2024-07-16 16:24:12.674382245
U002575,referral,ios,25-34,1,1,0,0,0,0,2024-07-18 08:35:00.739261388,
U002576,app_store,ios,25-34,1,1,0,0,0,0,2024-07-20 12:11:56.987608200,
U002577,referral,ios,35-44,1,1,0,0,0,0,2024-07-25 01:13:31.151258346,
U002578,paid_social,ios,25-34,1,1,0,0,0,0,2024-07-04 10:10:42.848401058,
U002579,referral,ios,25-34,1,1,1,1,0,0,2024-07-26 22:23:39.969228148,
U002580,organic_search,android,25-34,1,0,0,0,0,0,2024-07-01 17:29:01.302671958,
U002581,email,android,35-44,1,1,0,0,0,0,2024-07-24 09:55:34.437517050,
U002582,paid_social,android,18-24,1,1,0,0,0,0,2024-07-03 03:34:10.439933221,
U002583,paid_social,android,35-44,1,0,0,0,0,0,2024-07-06 10:47:24.569514628,
U002584,referral,ios,25-34,1,1,0,0,0,0,2024-07-01 02:37:00.718925235,
U002585,referral,ios,35-44,1,1,1,1,0,0,2024-07-13 11:12:45.022032788,
U002586,organic_search,ios,25-34,1,1,0,0,0,0,2024-07-10 08:41:21.841274716,
U002587,referral,android,25-34,1,0,0,0,0,0,2024-07-05 15:32:50.051469415,
U002588,organic_search,android,25-34,1,0,0,0,0,0,2024-07-13 15:07:57.317016810,
U002589,referral,android,45+,1,1,1,1,1,1,2024-07-12 06:23:35.640570148,2024-07-13 10:36:34.951102832
U002590,email,android,25-34,1,1,1,0,0,0,2024-07-22 11:52:05.570304794,
U002591,email,android,45+,1,1,1,0,0,0,2024-07-26 00:11:00.836444623,
U002592,referral,ios,25-34,1,0,0,0,0,0,2024-07-19 06:31:30.695474924,
U002593,paid_social,ios,25-34,1,1,0,0,0,0,2024-07-04 11:36:13.612407206,
U002594,organic_search,ios,25-34,1,1,1,1,0,0,2024-07-09 06:30:09.410562071,
U002595,email,ios,18-24,1,0,0,0,0,0,2024-07-26 13:44:59.623696651,
U002596,organic_search,android,45+,1,0,0,0,0,0,2024-07-03 11:37:46.485484687,
U002597,paid_social,ios,35-44,1,0,0,0,0,0,2024-07-12 09:24:25.646654286,
U002598,organic_search,android,35-44,1,1,1,0,0,0,2024-07-27 09:21:47.174849636,
U002599,organic_search,android,35-44,1,1,1,0,0,0,2024-07-27 14:50:48.384482978,
U002600,referral,ios,25-34,1,0,0,0,0,0,2024-07-12 12:19:42.725916681,
U002601,organic_search,ios,45+,1,1,1,1,1,0,2024-07-19 16:29:26.551688611,
U002602,referral,ios,25-34,1,1,0,0,0,0,2024-07-13 18:55:58.951537993,
U002603,paid_social,ios,35-44,1,1,1,0,0,0,2024-07-22 02:19:31.737004399,
U002604,organic_search,android,25-34,1,0,0,0,0,0,2024-07-01 21:13:21.555212502,
U002605,paid_social,ios,45+,1,1,1,1,1,0,2024-07-05 00:52:24.974670550,
U002606,organic_search,android,35-44,1,1,1,1,1,1,2024-07-18 04:44:29.745532676,2024-07-21 14:09:25.766078705
U002607,organic_search,android,45+,1,1,1,0,0,0,2024-07-07 12:16:30.433302260,
U002608,referral,android,25-34,1,1,1,1,1,1,2024-07-19 15:35:13.722391924,2024-07-21 02:03:43.897077330
U002609,organic_search,android,25-34,1,0,0,0,0,0,2024-07-10 20:01:18.506114374,
U002610,email,ios,25-34,1,1,1,1,1,1,2024-07-25 19:49:32.934222825,2024-07-27 10:47:43.186267366
U002611,organic_search,ios,35-44,1,1,0,0,0,0,2024-07-23 22:32:32.305546719,
U002612,organic_search,ios,35-44,1,1,0,0,0,0,2024-07-14 19:11:13.205926399,
U002613,referral,ios,18-24,1,1,1,0,0,0,2024-07-22 15:23:07.794699878,
U002614,paid_social,android,25-34,1,0,0,0,0,0,2024-07-08 14:12:16.774379931,
U002615,organic_search,android,25-34,1,0,0,0,0,0,2024-07-14 20:08:33.252063259,
U002616,paid_social,ios,45+,1,0,0,0,0,0,2024-07-06 12:42:28.579867642,
U002617,organic_search,ios,18-24,1,1,1,1,1,0,2024-07-25 02:30:55.818885988,
U002618,email,ios,35-44,1,1,1,1,0,0,2024-07-24 01:06:05.178002310,
U002619,paid_social,android,25-34,1,0,0,0,0,0,2024-07-26 06:14:40.477815056,
U002620,email,android,25-34,1,1,0,0,0,0,2024-07-25 13:39:52.312977727,
U002621,email,android,45+,1,0,0,0,0,0,2024-07-27 20:50:55.277174331,
U002622,paid_social,android,25-34,1,1,1,1,1,1,2024-07-07 09:26:31.011563954,2024-07-13 02:25:17.182001762
U002623,app_store,ios,18-24,1,0,0,0,0,0,2024-07-27 02:11:09.324292027,
U002624,paid_social,ios,18-24,1,0,0,0,0,0,2024-07-16 23:51:18.952518751,
U002625,app_store,ios,25-34,1,1,0,0,0,0,2024-07-12 19:55:00.107014792,
U002626,organic_search,ios,35-44,1,1,1,0,0,0,2024-07-16 16:34:16.529125479,
U002627,referral,android,25-34,1,1,1,1,0,0,2024-07-10 14:13:43.621208353,
U002628,paid_social,android,35-44,1,1,0,0,0,0,2024-07-09 01:54:27.434439936,
U002629,paid_social,android,18-24,1,1,0,0,0,0,2024-07-07 18:09:47.646435236,
U002630,referral,ios,45+,1,1,1,1,0,0,2024-07-03 07:23:29.792094680,
U002631,referral,ios,35-44,1,1,1,0,0,0,2024-07-14 21:41:29.799178476,
U002632,organic_search,ios,45+,1,1,1,0,0,0,2024-07-25 20:34:33.045887035,
U002633,organic_search,ios,45+,1,1,0,0,0,0,2024-07-18 15:27:43.644068589,
U002634,referral,android,25-34,1,1,1,1,1,1,2024-07-15 14:05:44.250762768,2024-07-16 21:12:26.560687435
U002635,referral,ios,25-34,1,1,0,0,0,0,2024-07-13 00:00:51.987832617,
U002636,app_store,android,35-44,1,1,1,0,0,0,2024-07-14 00:04:40.414386550,
U002637,email,android,18-24,1,1,1,1,0,0,2024-07-06 20:38:03.759246063,
U002638,app_store,ios,25-34,1,1,0,0,0,0,2024-07-24 01:00:46.474105539,
U002639,referral,android,18-24,1,0,0,0,0,0,2024-07-06 13:18:48.064770673,
U002640,organic_search,ios,25-34,1,1,1,1,1,0,2024-07-21 01:34:13.773074714,
U002641,organic_search,android,25-34,1,1,1,1,1,0,2024-07-22 06:42:35.739811494,
U002642,email,android,25-34,1,1,0,0,0,0,2024-07-17 02:18:43.186473493,
U002643,referral,android,18-24,1,1,1,1,1,1,2024-07-25 03:53:11.486290722,2024-07-25 11:00:37.968716106
U002644,organic_search,ios,35-44,1,1,1,1,1,1,2024-07-09 03:35:09.012648613,2024-07-10 13:38:27.682118440
U002645,paid_social,ios,18-24,1,0,0,0,0,0,2024-07-25 16:26:48.381630734,
U002646,app_store,ios,45+,1,1,1,1,1,1,2024-07-21 10:09:49.783862635,2024-07-21 16:31:40.996322842
U002647,paid_social,ios,25-34,1,1,0,0,0,0,2024-07-23 08:45:35.583321250,
U002648,paid_social,android,35-44,1,0,0,0,0,0,2024-07-19 14:35:51.233288478,
U002649,paid_social,android,25-34,1,1,0,0,0,0,2024-07-24 16:44:33.026702132,
U002650,organic_search,ios,18-24,1,1,1,1,1,1,2024-07-28 19:21:44.768686503,2024-07-30 13:38:21.226043518
U002651,paid_social,ios,25-34,1,1,0,0,0,0,2024-07-12 18:20:57.977666005,
U002652,paid_social,ios,25-34,1,1,1,1,0,0,2024-07-23 18:57:04.822030191,
U002653,organic_search,ios,45+,1,1,0,0,0,0,2024-07-21 20:21:27.354226028,
U002654,email,ios,35-44,1,1,1,1,0,0,2024-07-13 16:19:43.504890513,
U002655,paid_social,ios,18-24,1,0,0,0,0,0,2024-07-26 22:54:35.020152892,
U002656,email,android,25-34,1,1,1,1,0,0,2024-07-12 01:03:15.208822022,
U002657,email,ios,25-34,1,1,1,1,1,1,2024-07-16 19:59:35.144655475,2024-07-17 14:29:27.895193937
U002658,organic_search,ios,18-24,1,1,1,1,1,0,2024-07-03 23:11:35.750032533,
U002659,referral,android,25-34,1,1,1,1,1,1,2024-07-07 07:43:15.349485111,2024-07-09 12:35:19.273474420
U002660,paid_social,ios,45+,1,0,0,0,0,0,2024-07-24 12:56:52.175755273,
U002661,email,android,25-34,1,1,0,0,0,0,2024-07-12 02:29:00.347067546,
U002662,organic_search,android,35-44,1,1,0,0,0,0,2024-07-12 00:49:28.229113394,
U002663,referral,android,35-44,1,1,1,0,0,0,2024-07-07 21:17:57.279206749,
U002664,referral,ios,35-44,1,1,1,0,0,0,2024-07-14 18:21:43.720732400,
U002665,organic_search,ios,25-34,1,1,0,0,0,0,2024-07-23 13:30:32.392899424,
U002666,organic_search,android,35-44,1,1,1,1,1,1,2024-07-26 01:33:01.033718230,2024-07-26 21:06:24.307963605
U002667,referral,android,45+,1,0,0,0,0,0,2024-07-02 23:07:00.834001291,
U002668,referral,ios,18-24,1,1,1,0,0,0,2024-07-17 02:16:46.313016088,
U002669,paid_social,ios,25-34,1,1,0,0,0,0,2024-07-14 02:00:27.731605136,
U002670,referral,ios,45+,1,1,1,1,1,1,2024-07-18 04:47:50.652660843,2024-07-21 03:41:21.748104617
U002671,paid_social,ios,35-44,1,1,1,0,0,0,2024-07-13 12:34:09.341768485,
U002672,referral,android,25-34,1,1,1,0,0,0,2024-07-12 03:53:21.550608582,
U002673,organic_search,ios,25-34,1,1,1,0,0,0,2024-07-14 05:06:13.819509421,
U002674,email,ios,25-34,1,1,1,0,0,0,2024-07-17 07:06:12.292287516,
U002675,organic_search,android,25-34,1,0,0,0,0,0,2024-07-15 00:39:38.584128074,
U002676,paid_social,ios,25-34,1,1,1,0,0,0,2024-07-14 05:16:51.855909146,
U002677,organic_search,android,25-34,1,1,1,0,0,0,2024-07-23 21:35:07.181850588,
U002678,organic_search,android,35-44,1,0,0,0,0,0,2024-07-21 21:04:31.620402624,
U002679,paid_social,ios,35-44,1,1,1,0,0,0,2024-07-10 13:24:22.853123143,
U002680,organic_search,android,45+,1,1,1,0,0,0,2024-07-23 09:59:16.162693062,
U002681,email,android,18-24,1,0,0,0,0,0,2024-07-24 21:39:11.698455686,
U002682,organic_search,ios,35-44,1,1,1,1,0,0,2024-07-05 07:08:48.343241241,
U002683,paid_social,ios,25-34,1,1,0,0,0,0,2024-07-17 07:33:45.411419052,
U002684,paid_social,ios,25-34,1,0,0,0,0,0,2024-07-08 23:43:46.774915219,
U002685,organic_search,android,45+,1,0,0,0,0,0,2024-07-21 16:43:25.681205128,
U002686,organic_search,android,25-34,1,1,1,1,0,0,2024-07-07 16:27:49.468784526,
U002687,paid_social,ios,18-24,1,1,1,1,1,1,2024-07-19 19:10:59.405679397,2024-07-20 21:09:01.853875814
U002688,paid_social,android,18-24,1,1,1,1,0,0,2024-07-08 03:26:37.567934628,
U002689,paid_social,ios,25-34,1,0,0,0,0,0,2024-07-15 07:29:18.992489719,
U002690,paid_social,android,35-44,1,1,1,0,0,0,2024-07-27 13:29:25.535182851,
U002691,referral,android,45+,1,0,0,0,0,0,2024-07-11 16:14:19.197033806,
U002692,organic_search,ios,35-44,1,0,0,0,0,0,2024-07-25 12:29:46.545242193,
U002693,paid_social,android,45+,1,0,0,0,0,0,2024-07-28 15:13:36.330848461,
U002694,app_store,android,35-44,1,1,1,0,0,0,2024-07-25 11:53:59.173429452,
U002695,paid_social,android,45+,1,1,1,1,1,1,2024-07-05 15:27:43.099106709,2024-07-10 13:40:11.175488097
U002696,referral,ios,18-24,1,1,1,0,0,0,2024-07-23 22:48:37.164699468,
U002697,paid_social,android,45+,1,1,1,1,0,0,2024-07-01 21:36:15.816627277,
U002698,email,android,25-34,1,1,1,1,1,0,2024-07-12 00:17:55.917045366,
U002699,email,ios,45+,1,1,1,0,0,0,2024-07-25 09:07:58.176730578,
U002700,paid_social,ios,18-24,1,0,0,0,0,0,2024-07-20 06:50:29.353108797,
U002701,app_store,ios,35-44,1,1,0,0,0,0,2024-07-15 22:00:05.641815794,
U002702,organic_search,android,35-44,1,0,0,0,0,0,2024-07-11 20:38:40.649479875,
U002703,organic_search,android,45+,1,1,1,1,1,0,2024-07-23 17:51:48.772900915,
U002704,email,ios,35-44,1,1,1,1,1,1,2024-07-20 20:49:23.690831534,2024-07-24 21:13:16.566571520
U002705,email,android,25-34,1,1,1,1,1,1,2024-07-14 02:46:06.149214235,2024-07-16 17:25:54.562374487
U002706,organic_search,ios,25-34,1,0,0,0,0,0,2024-07-25 23:44:58.108577607,
U002707,organic_search,android,25-34,1,0,0,0,0,0,2024-07-07 10:31:30.244706835,
U002708,organic_search,ios,18-24,1,1,1,1,1,1,2024-07-05 18:30:11.138956545,2024-07-07 02:05:00.502823068
U002709,organic_search,ios,25-34,1,1,1,1,0,0,2024-07-18 23:57:50.866675801,
U002710,email,ios,25-34,1,0,0,0,0,0,2024-07-28 05:10:48.713864124,
U002711,paid_social,ios,25-34,1,1,0,0,0,0,2024-07-07 22:09:23.102143740,
U002712,paid_social,android,45+,1,1,0,0,0,0,2024-07-07 23:46:42.580716711,
U002713,paid_social,android,45+,1,1,1,1,1,0,2024-07-04 21:44:35.612990131,
U002714,organic_search,ios,18-24,1,1,1,1,1,0,2024-07-25 02:17:55.352917971,
U002715,organic_search,ios,18-24,1,1,0,0,0,0,2024-07-07 08:08:20.929763097,
U002716,referral,ios,25-34,1,1,1,1,1,1,2024-07-15 02:08:09.491852850,2024-07-15 16:50:57.734159028
U002717,app_store,android,25-34,1,1,1,1,1,1,2024-07-28 17:51:58.698782931,2024-07-31 15:14:20.614002319
U002718,email,android,18-24,1,1,1,1,1,0,2024-07-01 08:09:31.267510606,
U002719,organic_search,ios,25-34,1,1,1,0,0,0,2024-07-16 13:57:31.150163714,
U002720,email,android,25-34,1,1,0,0,0,0,2024-07-15 08:15:29.652111806,
U002721,email,ios,25-34,1,1,0,0,0,0,2024-07-23 14:36:16.693011446,
U002722,email,android,25-34,1,1,1,0,0,0,2024-07-10 22:44:57.100486077,
U002723,paid_social,android,25-34,1,0,0,0,0,0,2024-07-12 11:44:57.815448561,
U002724,paid_social,android,35-44,1,1,0,0,0,0,2024-07-05 16:51:15.562664769,
U002725,paid_social,android,35-44,1,1,1,0,0,0,2024-07-21 17:49:40.208373296,
U002726,organic_search,android,25-34,1,1,1,1,1,0,2024-07-22 23:19:27.793107969,
U002727,organic_search,android,18-24,1,1,1,0,0,0,2024-07-04 19:50:15.905628146,
U002728,organic_search,android,25-34,1,1,0,0,0,0,2024-07-12 00:24:11.353392547,
U002729,paid_social,ios,18-24,1,1,1,1,1,1,2024-07-26 00:01:55.764781402,2024-07-26 16:10:32.592287837
U002730,referral,ios,25-34,1,1,1,1,0,0,2024-07-01 01:49:09.436476464,
U002731,paid_social,ios,18-24,1,0,0,0,0,0,2024-07-09 08:45:57.943650272,
U002732,organic_search,android,25-34,1,1,1,1,1,0,2024-07-16 12:59:18.295999123,
U002733,app_store,ios,25-34,1,0,0,0,0,0,2024-07-10 08:30:39.865289360,
U002734,app_store,ios,35-44,1,0,0,0,0,0,2024-07-08 14:48:51.721658618,
U002735,email,ios,18-24,1,0,0,0,0,0,2024-07-13 21:08:42.683477852,
U002736,app_store,ios,25-34,1,1,1,1,0,0,2024-07-06 01:59:00.703138970,
U002737,paid_social,android,18-24,1,1,0,0,0,0,2024-07-15 19:54:29.382929182,
U002738,app_store,android,18-24,1,0,0,0,0,0,2024-07-20 18:53:58.772840956,
U002739,organic_search,android,45+,1,1,1,0,0,0,2024-07-17 02:35:53.549398870,
U002740,paid_social,android,35-44,1,1,0,0,0,0,2024-07-03 14:34:10.093212958,
U002741,organic_search,android,18-24,1,1,1,0,0,0,2024-07-24 15:26:33.319389354,
U002742,organic_search,ios,35-44,1,0,0,0,0,0,2024-07-05 21:35:06.384449731,
U002743,organic_search,ios,35-44,1,1,1,0,0,0,2024-07-22 09:57:13.191878440,
U002744,referral,android,25-34,1,1,1,1,0,0,2024-07-11 02:17:59.115988935,
U002745,email,ios,25-34,1,1,1,0,0,0,2024-07-22 22:00:56.253217323,
U002746,referral,ios,45+,1,1,1,1,1,1,2024-07-06 18:36:55.407918211,2024-07-08 07:59:19.720385264
U002747,organic_search,android,25-34,1,0,0,0,0,0,2024-07-06 05:26:12.961259984,
U002748,email,ios,25-34,1,1,1,1,1,1,2024-07-14 22:00:04.927169332,2024-07-18 04:10:45.302296946
U002749,referral,ios,25-34,1,1,1,1,0,0,2024-07-01 22:07:58.806758272,
U002750,paid_social,ios,35-44,1,1,0,0,0,0,2024-07-07 07:23:59.321982220,
U002751,referral,ios,45+,1,1,1,1,1,1,2024-07-21 06:32:10.440484375,2024-07-21 10:48:41.293653785
U002752,organic_search,ios,35-44,1,0,0,0,0,0,2024-07-24 10:43:18.110716485,
U002753,paid_social,ios,35-44,1,0,0,0,0,0,2024-07-03 06:17:15.952438352,
U002754,app_store,android,45+,1,0,0,0,0,0,2024-07-25 16:45:22.394672661,
U002755,organic_search,android,35-44,1,1,0,0,0,0,2024-07-23 07:55:53.620045449,
U002756,paid_social,ios,35-44,1,0,0,0,0,0,2024-07-25 08:25:40.248174291,
U002757,email,android,45+,1,1,1,1,0,0,2024-07-20 13:20:38.359237128,
U002758,referral,ios,18-24,1,0,0,0,0,0,2024-07-19 21:01:51.100397558,
U002759,organic_search,ios,35-44,1,1,1,0,0,0,2024-07-15 16:51:45.550107892,
U002760,organic_search,ios,35-44,1,1,0,0,0,0,2024-07-19 06:40:22.853489390,
U002761,organic_search,android,45+,1,1,1,0,0,0,2024-07-26 17:38:30.100519532,
U002762,referral,ios,45+,1,1,1,1,0,0,2024-07-03 19:33:02.825827300,
U002763,paid_social,android,35-44,1,0,0,0,0,0,2024-07-09 20:11:37.424805262,
U002764,organic_search,android,45+,1,1,1,1,1,1,2024-07-03 00:41:23.072123133,2024-07-04 15:49:54.013933689
U002765,app_store,ios,25-34,1,1,0,0,0,0,2024-07-27 10:54:32.671967018,
U002766,paid_social,android,18-24,1,0,0,0,0,0,2024-07-13 11:13:06.215345720,
U002767,organic_search,android,18-24,1,0,0,0,0,0,2024-07-19 21:49:53.343459836,
U002768,paid_social,ios,25-34,1,0,0,0,0,0,2024-07-24 13:13:57.660048854,
U002769,referral,ios,25-34,1,1,0,0,0,0,2024-07-28 17:57:07.800146640,
U002770,organic_search,android,25-34,1,1,1,1,1,1,2024-07-05 12:43:04.121891050,2024-07-06 23:41:22.425350315
U002771,organic_search,android,25-34,1,1,1,0,0,0,2024-07-23 09:16:20.895753540,
U002772,email,ios,45+,1,1,1,0,0,0,2024-07-25 20:20:53.475172393,
U002773,paid_social,ios,25-34,1,0,0,0,0,0,2024-07-02 08:50:39.311677636,
U002774,paid_social,ios,45+,1,0,0,0,0,0,2024-07-22 02:44:55.883200938,
U002775,paid_social,ios,45+,1,0,0,0,0,0,2024-07-10 22:22:31.497038695,
U002776,organic_search,ios,25-34,1,0,0,0,0,0,2024-07-19 03:51:25.357925268,
U002777,organic_search,android,25-34,1,1,0,0,0,0,2024-07-15 09:26:25.395857221,
U002778,paid_social,android,35-44,1,1,0,0,0,0,2024-07-08 06:32:48.456247991,
U002779,organic_search,ios,35-44,1,0,0,0,0,0,2024-07-04 18:52:07.518960044,
U002780,organic_search,android,25-34,1,1,0,0,0,0,2024-07-04 06:35:18.746289412,
U002781,email,android,18-24,1,1,1,1,1,1,2024-07-03 21:25:58.657368381,2024-07-04 22:09:35.566228011
U002782,app_store,ios,25-34,1,1,1,0,0,0,2024-07-18 20:35:41.665093569,
U002783,email,ios,18-24,1,1,1,0,0,0,2024-07-10 20:08:53.131705764,
U002784,email,ios,25-34,1,1,1,1,0,0,2024-07-07 01:34:39.613707645,
U002785,organic_search,android,25-34,1,1,0,0,0,0,2024-07-20 08:56:48.416274121,
U002786,app_store,ios,35-44,1,1,0,0,0,0,2024-07-20 05:33:46.469502237,
U002787,organic_search,android,45+,1,1,0,0,0,0,2024-07-16 02:19:15.932870047,
U002788,app_store,ios,35-44,1,1,1,1,1,0,2024-07-27 04:17:29.950561867,
U002789,app_store,ios,45+,1,0,0,0,0,0,2024-07-11 18:59:54.108703086,
U002790,referral,ios,35-44,1,1,1,1,1,1,2024-07-24 09:41:59.700094674,2024-07-24 19:38:30.951846823
U002791,app_store,ios,35-44,1,1,1,1,1,1,2024-07-03 02:29:37.255669569,2024-07-03 22:56:41.484205701
U002792,referral,android,25-34,1,1,0,0,0,0,2024-07-21 17:09:59.382697950,
U002793,organic_search,android,25-34,1,0,0,0,0,0,2024-07-28 16:14:11.983542205,
U002794,paid_social,ios,35-44,1,0,0,0,0,0,2024-07-24 16:54:50.404843486,
U002795,referral,android,45+,1,0,0,0,0,0,2024-07-17 05:32:04.888954896,
U002796,organic_search,android,25-34,1,1,0,0,0,0,2024-07-18 13:11:12.462820267,
U002797,referral,ios,18-24,1,1,0,0,0,0,2024-07-10 21:24:38.077997860,
U002798,app_store,android,35-44,1,0,0,0,0,0,2024-07-20 00:36:50.640010005,
U002799,organic_search,ios,25-34,1,1,1,1,1,1,2024-07-22 13:42:20.510992267,2024-07-24 11:00:32.694519999
U002800,email,android,18-24,1,1,1,1,0,0,2024-07-28 22:48:34.341520312,
U002801,app_store,ios,35-44,1,1,1,0,0,0,2024-07-14 18:56:06.288807447,
U002802,app_store,android,25-34,1,1,1,0,0,0,2024-07-02 17:11:46.795919110,
U002803,app_store,ios,35-44,1,1,1,0,0,0,2024-07-17 16:24:59.554408399,
U002804,paid_social,android,45+,1,1,1,0,0,0,2024-07-04 07:59:03.223636861,
U002805,app_store,android,25-34,1,1,1,0,0,0,2024-07-07 20:28:55.593370941,
U002806,email,ios,25-34,1,1,1,1,0,0,2024-07-10 04:56:24.361430838,
U002807,organic_search,ios,25-34,1,0,0,0,0,0,2024-07-21 11:15:07.469120635,
U002808,paid_social,ios,25-34,1,1,0,0,0,0,2024-07-06 03:31:08.613286867,
U002809,referral,android,35-44,1,1,1,1,1,1,2024-07-05 15:23:09.529001019,2024-07-06 20:56:14.230510219
U002810,organic_search,ios,25-34,1,1,1,0,0,0,2024-07-02 06:12:57.495453163,
U002811,referral,android,18-24,1,1,1,0,0,0,2024-07-25 10:49:02.054027308,
U002812,referral,ios,18-24,1,1,1,1,1,0,2024-07-20 10:02:08.322602182,
U002813,organic_search,ios,25-34,1,0,0,0,0,0,2024-07-02 02:50:38.489622162,
U002814,referral,ios,25-34,1,0,0,0,0,0,2024-07-01 19:00:44.745799726,
U002815,email,ios,35-44,1,1,1,0,0,0,2024-07-16 15:25:44.858032456,
U002816,paid_social,android,25-34,1,1,0,0,0,0,2024-07-08 21:51:47.223592812,
U002817,organic_search,android,18-24,1,1,1,1,0,0,2024-07-17 17:00:00.386964921,
U002818,organic_search,ios,25-34,1,0,0,0,0,0,2024-07-13 04:03:14.421807392,
U002819,paid_social,ios,45+,1,0,0,0,0,0,2024-07-26 20:27:57.750740967,
U002820,app_store,ios,18-24,1,1,0,0,0,0,2024-07-09 01:24:27.568994540,
U002821,organic_search,android,35-44,1,1,1,0,0,0,2024-07-20 00:23:08.475327369,
U002822,referral,ios,25-34,1,1,0,0,0,0,2024-07-02 12:19:28.190667716,
U002823,organic_search,android,35-44,1,1,0,0,0,0,2024-07-27 18:20:17.804309848,
U002824,paid_social,android,18-24,1,0,0,0,0,0,2024-07-28 11:04:08.466363886,
U002825,email,ios,45+,1,1,1,1,1,1,2024-07-21 16:39:29.342516504,2024-07-23 10:05:47.488550171
U002826,referral,android,35-44,1,1,1,0,0,0,2024-07-14 00:37:22.011206595,
U002827,organic_search,ios,35-44,1,1,1,0,0,0,2024-07-07 03:50:08.128420512,
U002828,paid_social,ios,25-34,1,1,1,1,1,0,2024-07-23 18:00:39.530327875,
U002829,organic_search,ios,35-44,1,1,0,0,0,0,2024-07-21 14:49:47.831818076,
U002830,paid_social,ios,35-44,1,0,0,0,0,0,2024-07-07 05:09:11.212505848,
U002831,referral,ios,25-34,1,1,1,1,1,1,2024-07-13 15:13:00.039625258,2024-07-17 03:41:11.575056428
U002832,organic_search,ios,25-34,1,1,1,1,1,1,2024-07-13 23:00:03.190366368,2024-07-14 08:51:22.510698350
U002833,organic_search,ios,35-44,1,0,0,0,0,0,2024-07-24 03:20:52.402493979,
U002834,paid_social,ios,18-24,1,1,0,0,0,0,2024-07-20 03:32:37.060340996,
U002835,app_store,android,35-44,1,1,0,0,0,0,2024-07-19 00:12:30.921332101,
U002836,app_store,android,18-24,1,1,1,0,0,0,2024-07-19 04:41:02.500665082,
U002837,organic_search,ios,18-24,1,1,1,1,1,1,2024-07-08 13:45:21.216042093,2024-07-10 11:54:22.206934036
U002838,email,ios,35-44,1,1,0,0,0,0,2024-07-11 09:47:23.879779609,
U002839,paid_social,ios,18-24,1,0,0,0,0,0,2024-07-02 06:41:06.200928481,
U002840,paid_social,android,45+,1,1,1,1,0,0,2024-07-23 00:49:27.995756689,
U002841,email,android,45+,1,1,0,0,0,0,2024-07-13 02:58:29.282138814,
U002842,app_store,ios,35-44,1,0,0,0,0,0,2024-07-13 06:29:46.233466256,
U002843,app_store,ios,35-44,1,1,1,1,0,0,2024-07-07 20:52:45.876127429,
U002844,referral,ios,45+,1,0,0,0,0,0,2024-07-06 20:44:06.479306649,
U002845,paid_social,ios,25-34,1,1,0,0,0,0,2024-07-17 11:00:58.812013396,
U002846,email,android,35-44,1,1,0,0,0,0,2024-07-07 12:16:32.254380732,
U002847,organic_search,android,18-24,1,1,1,0,0,0,2024-07-02 19:08:54.053707171,
U002848,referral,ios,25-34,1,1,1,0,0,0,2024-07-22 11:45:53.940740990,
U002849,paid_social,ios,25-34,1,1,1,1,1,0,2024-07-11 12:59:14.855715880,
U002850,referral,ios,35-44,1,1,1,0,0,0,2024-07-11 15:31:05.924569198,
U002851,organic_search,ios,18-24,1,1,1,1,1,0,2024-07-13 01:50:45.186643003,
U002852,organic_search,android,25-34,1,1,1,1,1,1,2024-07-23 19:42:36.436788860,2024-07-24 13:31:33.582343400
U002853,app_store,ios,35-44,1,0,0,0,0,0,2024-07-09 23:36:08.618657605,
U002854,organic_search,ios,25-34,1,0,0,0,0,0,2024-07-22 05:24:01.202274957,
U002855,paid_social,ios,35-44,1,0,0,0,0,0,2024-07-27 07:22:26.878813870,
U002856,organic_search,android,35-44,1,0,0,0,0,0,2024-07-19 12:06:12.339581274,
U002857,organic_search,android,25-34,1,1,1,1,1,1,2024-07-13 02:05:22.871583459,2024-07-15 13:16:35.888094994
U002858,organic_search,ios,18-24,1,1,1,1,1,1,2024-07-21 22:30:52.898236412,2024-07-26 22:10:01.744384871
U002859,organic_search,ios,35-44,1,1,1,0,0,0,2024-07-13 19:42:25.316902551,
U002860,email,ios,25-34,1,0,0,0,0,0,2024-07-12 14:29:42.454264815,
U002861,organic_search,android,18-24,1,1,1,1,1,1,2024-07-15 16:59:25.029315034,2024-07-18 06:46:17.444313788
U002862,app_store,ios,25-34,1,1,0,0,0,0,2024-07-09 21:30:33.872370642,
U002863,referral,ios,25-34,1,1,1,0,0,0,2024-07-03 22:03:22.123224579,
U002864,paid_social,ios,18-24,1,1,0,0,0,0,2024-07-12 14:46:49.971768898,
U002865,referral,android,25-34,1,1,0,0,0,0,2024-07-04 11:13:54.566828007,
U002866,paid_social,ios,35-44,1,1,0,0,0,0,2024-07-12 11:49:00.012825336,
U002867,email,ios,25-34,1,0,0,0,0,0,2024-07-16 14:15:34.058359580,
U002868,organic_search,android,35-44,1,1,0,0,0,0,2024-07-27 01:26:16.489572702,
U002869,paid_social,android,18-24,1,0,0,0,0,0,2024-07-02 00:20:29.063264798,
U002870,email,android,25-34,1,1,0,0,0,0,2024-07-18 09:37:12.177009501,
U002871,app_store,android,35-44,1,0,0,0,0,0,2024-07-13 19:35:52.963543867,
U002872,email,ios,35-44,1,1,1,1,1,1,2024-07-01 13:36:55.721351455,2024-07-02 07:51:59.903071289
U002873,paid_social,ios,35-44,1,0,0,0,0,0,2024-07-07 23:41:46.947230952,
U002874,email,android,35-44,1,1,1,1,1,1,2024-07-04 07:37:19.522496737,2024-07-05 23:02:36.922375600
U002875,paid_social,ios,35-44,1,1,1,1,1,1,2024-07-07 01:41:08.397353511,2024-07-08 18:18:48.253211769
U002876,paid_social,android,18-24,1,0,0,0,0,0,2024-07-08 16:30:40.332980653,
U002877,organic_search,android,35-44,1,1,1,1,0,0,2024-07-12 05:40:40.286556609,
U002878,referral,ios,35-44,1,1,1,1,1,1,2024-07-15 19:30:52.100728322,2024-07-16 14:44:26.207212656
U002879,organic_search,ios,45+,1,1,1,1,0,0,2024-07-01 00:39:54.993306711,
U002880,paid_social,android,35-44,1,1,0,0,0,0,2024-07-05 12:46:34.357233050,
U002881,email,android,35-44,1,1,1,1,1,0,2024-07-03 14:52:35.800064810,
U002882,organic_search,android,25-34,1,1,1,1,1,1,2024-07-16 09:22:49.887496430,2024-07-16 22:17:25.837895579
U002883,organic_search,ios,45+,1,1,1,0,0,0,2024-07-10 05:08:17.926474750,
U002884,organic_search,ios,45+,1,1,1,0,0,0,2024-07-16 08:31:23.803015191,
U002885,app_store,ios,35-44,1,0,0,0,0,0,2024-07-07 05:03:54.932620982,
U002886,paid_social,ios,35-44,1,1,0,0,0,0,2024-07-01 16:16:55.653408685,
U002887,paid_social,ios,18-24,1,1,1,1,1,0,2024-07-27 08:35:54.807552981,
U002888,email,android,35-44,1,1,1,0,0,0,2024-07-04 00:46:59.006780414,
U002889,email,android,35-44,1,1,1,1,1,1,2024-07-04 13:14:56.683068986,2024-07-05 09:40:52.593412907
U002890,paid_social,android,35-44,1,1,1,0,0,0,2024-07-05 02:28:46.082693330,
U002891,referral,ios,18-24,1,1,0,0,0,0,2024-07-28 11:25:04.166844524,
U002892,email,ios,35-44,1,0,0,0,0,0,2024-07-18 07:04:03.653019253,
U002893,referral,android,25-34,1,1,1,0,0,0,2024-07-18 02:06:53.451161956,
U002894,organic_search,ios,35-44,1,1,0,0,0,0,2024-07-28 15:03:40.289113627,
U002895,email,ios,25-34,1,1,1,1,1,1,2024-07-03 11:25:51.070629244,2024-07-05 00:30:22.876650820
U002896,paid_social,ios,35-44,1,1,1,0,0,0,2024-07-28 06:51:52.559238304,
U002897,organic_search,android,25-34,1,0,0,0,0,0,2024-07-06 17:05:48.604143534,
U002898,paid_social,android,18-24,1,0,0,0,0,0,2024-07-18 10:42:14.581417276,
U002899,organic_search,ios,35-44,1,1,1,1,0,0,2024-07-12 18:17:46.161180513,
U002900,organic_search,android,18-24,1,1,1,0,0,0,2024-07-11 18:00:56.227163990,
U002901,email,ios,35-44,1,1,1,0,0,0,2024-07-27 01:47:43.860257516,
U002902,organic_search,ios,45+,1,1,1,1,0,0,2024-07-05 04:16:51.720642667,
U002903,paid_social,android,45+,1,1,0,0,0,0,2024-07-28 22:01:49.351595649,
U002904,paid_social,android,25-34,1,0,0,0,0,0,2024-07-11 14:46:19.347792675,
U002905,organic_search,android,35-44,1,1,1,1,0,0,2024-07-19 03:58:36.247487192,
U002906,app_store,android,25-34,1,1,1,1,1,1,2024-07-28 02:25:59.964804544,2024-07-28 20:16:14.448042097
U002907,organic_search,android,45+,1,1,1,1,1,0,2024-07-02 14:42:28.461076815,
U002908,paid_social,android,35-44,1,0,0,0,0,0,2024-07-26 20:09:53.466788620,
U002909,paid_social,android,18-24,1,0,0,0,0,0,2024-07-16 21:34:09.303449228,
U002910,organic_search,android,25-34,1,1,0,0,0,0,2024-07-20 17:21:16.929622252,
U002911,organic_search,android,25-34,1,1,1,1,1,1,2024-07-05 04:15:06.377657853,2024-07-10 05:41:48.389957098
U002912,referral,android,35-44,1,1,0,0,0,0,2024-07-15 22:26:10.872666434,
U002913,app_store,ios,25-34,1,1,1,0,0,0,2024-07-19 20:36:04.378663310,
U002914,organic_search,android,35-44,1,1,1,0,0,0,2024-07-13 18:35:53.486032279,
U002915,referral,ios,35-44,1,1,1,0,0,0,2024-07-05 08:09:00.142874172,
U002916,referral,ios,45+,1,1,1,1,1,1,2024-07-07 20:02:52.866447025,2024-07-08 00:22:18.334697098
U002917,email,android,45+,1,1,1,1,1,1,2024-07-24 22:09:07.039971471,2024-07-28 19:14:31.417699995
U002918,paid_social,ios,25-34,1,1,1,1,0,0,2024-07-01 23:09:52.225861021,
U002919,paid_social,ios,35-44,1,1,1,1,1,1,2024-07-20 20:21:19.140164013,2024-07-27 17:52:13.180915879
U002920,paid_social,android,35-44,1,0,0,0,0,0,2024-07-28 23:35:24.376335943,
U002921,referral,ios,45+,1,1,1,1,0,0,2024-07-01 05:01:42.864181489,
U002922,email,ios,18-24,1,1,1,0,0,0,2024-07-05 12:13:21.715878000,
U002923,organic_search,android,25-34,1,1,1,0,0,0,2024-07-19 21:01:29.892720669,
U002924,paid_social,ios,25-34,1,1,1,1,0,0,2024-07-02 16:18:49.827028874,
U002925,app_store,ios,25-34,1,1,1,0,0,0,2024-07-17 12:20:19.928944093,
U002926,email,ios,18-24,1,0,0,0,0,0,2024-07-20 03:38:53.050534908,
U002927,app_store,ios,25-34,1,1,1,0,0,0,2024-07-17 11:14:03.645357558,
U002928,email,android,35-44,1,1,1,0,0,0,2024-07-11 05:24:14.833548565,
U002929,paid_social,android,25-34,1,0,0,0,0,0,2024-07-20 12:34:25.330450875,
U002930,referral,ios,35-44,1,1,0,0,0,0,2024-07-17 15:21:57.080251033,
U002931,referral,android,18-24,1,1,1,1,1,1,2024-07-06 19:31:55.846729610,2024-07-08 16:45:17.658988970
U002932,organic_search,ios,45+,1,1,1,1,1,1,2024-07-16 18:25:37.507041098,2024-07-19 14:20:13.001637238
U002933,paid_social,ios,45+,1,0,0,0,0,0,2024-07-25 16:38:29.939702492,
U002934,referral,android,35-44,1,1,1,1,1,1,2024-07-19 16:06:43.084742335,2024-07-20 14:31:31.342180763
U002935,organic_search,android,45+,1,0,0,0,0,0,2024-07-14 05:02:38.014687194,
U002936,email,android,18-24,1,1,1,1,1,0,2024-07-10 00:06:16.261661775,
U002937,referral,ios,35-44,1,0,0,0,0,0,2024-07-03 09:42:55.917871376,
U002938,app_store,ios,18-24,1,0,0,0,0,0,2024-07-07 20:23:21.959570641,
U002939,organic_search,ios,25-34,1,1,1,0,0,0,2024-07-01 07:31:02.993067771,
U002940,organic_search,ios,25-34,1,1,0,0,0,0,2024-07-28 15:00:45.419676393,
U002941,referral,android,25-34,1,1,1,1,0,0,2024-07-07 05:30:29.064349846,
U002942,organic_search,ios,25-34,1,0,0,0,0,0,2024-07-23 19:35:47.880544452,
U002943,referral,android,35-44,1,0,0,0,0,0,2024-07-05 17:19:45.698062605,
U002944,email,ios,25-34,1,1,0,0,0,0,2024-07-08 22:34:47.901125805,
U002945,organic_search,ios,45+,1,1,0,0,0,0,2024-07-12 17:04:56.490677263,
U002946,paid_social,ios,35-44,1,0,0,0,0,0,2024-07-10 02:00:02.182691372,
U002947,paid_social,ios,25-34,1,0,0,0,0,0,2024-07-23 08:29:30.286228657,
U002948,paid_social,android,25-34,1,0,0,0,0,0,2024-07-27 19:34:11.892670910,
U002949,app_store,ios,35-44,1,1,0,0,0,0,2024-07-25 12:11:52.414848132,
U002950,email,ios,25-34,1,1,1,1,0,0,2024-07-05 07:12:15.575720011,
U002951,referral,android,25-34,1,0,0,0,0,0,2024-07-22 17:56:05.245824202,
U002952,referral,android,35-44,1,0,0,0,0,0,2024-07-05 03:25:13.172666757,
U002953,paid_social,ios,25-34,1,1,1,1,0,0,2024-07-26 13:47:31.572995035,
U002954,app_store,ios,25-34,1,1,0,0,0,0,2024-07-15 12:00:51.850257426,
U002955,referral,android,25-34,1,0,0,0,0,0,2024-07-10 10:02:53.128226785,
U002956,referral,android,25-34,1,1,1,0,0,0,2024-07-05 09:31:16.083150880,
U002957,email,android,25-34,1,1,1,1,0,0,2024-07-01 07:56:08.546122647,
U002958,organic_search,ios,18-24,1,1,1,0,0,0,2024-07-07 22:37:13.362226014,
U002959,email,android,25-34,1,1,0,0,0,0,2024-07-26 14:13:17.337090151,
U002960,organic_search,ios,25-34,1,0,0,0,0,0,2024-07-23 07:45:36.695544973,
U002961,paid_social,ios,45+,1,0,0,0,0,0,2024-07-28 03:42:04.937790538,
U002962,paid_social,android,25-34,1,0,0,0,0,0,2024-07-03 19:42:42.271896826,
U002963,app_store,ios,35-44,1,1,1,0,0,0,2024-07-17 13:56:38.816288916,
U002964,email,ios,18-24,1,0,0,0,0,0,2024-07-08 04:48:18.426775255,
U002965,referral,ios,18-24,1,1,1,1,1,1,2024-07-16 04:51:24.574604608,2024-07-18 04:37:15.464053955
U002966,referral,ios,35-44,1,1,1,1,1,0,2024-07-09 23:20:44.459155111,
U002967,referral,android,35-44,1,0,0,0,0,0,2024-07-08 22:29:19.859148729,
U002968,app_store,android,18-24,1,0,0,0,0,0,2024-07-17 01:37:26.554657904,
U002969,paid_social,ios,25-34,1,0,0,0,0,0,2024-07-06 03:11:23.297194791,
U002970,paid_social,ios,25-34,1,1,1,0,0,0,2024-07-14 03:15:27.610722946,
U002971,organic_search,android,35-44,1,1,1,1,1,0,2024-07-19 05:20:45.031594527,
U002972,email,android,18-24,1,1,1,1,1,0,2024-07-04 14:08:18.071443838,
U002973,referral,ios,25-34,1,1,0,0,0,0,2024-07-27 01:21:33.660105408,
U002974,paid_social,android,35-44,1,1,1,1,0,0,2024-07-15 03:50:49.192919419,
U002975,organic_search,android,45+,1,1,1,1,1,0,2024-07-23 22:43:22.069582600,
U002976,email,ios,35-44,1,1,0,0,0,0,2024-07-19 07:25:28.017758478,
U002977,organic_search,ios,25-34,1,0,0,0,0,0,2024-07-20 21:07:14.277005583,
U002978,referral,ios,35-44,1,1,1,0,0,0,2024-07-21 01:14:23.972449873,
U002979,app_store,android,35-44,1,1,0,0,0,0,2024-07-25 12:04:01.670971116,
U002980,paid_social,ios,35-44,1,1,1,1,1,1,2024-07-18 04:20:34.268465518,2024-07-18 18:21:04.847028914
U002981,organic_search,ios,35-44,1,1,1,1,0,0,2024-07-08 18:57:42.933444386,
U002982,referral,ios,45+,1,0,0,0,0,0,2024-07-03 18:52:13.728020113,
U002983,email,android,18-24,1,1,1,0,0,0,2024-07-17 23:24:01.498573782,
U002984,paid_social,ios,18-24,1,1,1,1,0,0,2024-07-02 20:35:20.702881788,
U002985,app_store,android,35-44,1,1,1,1,1,0,2024-07-07 18:08:57.118327310,
U002986,organic_search,android,25-34,1,1,0,0,0,0,2024-07-02 16:47:42.820988946,
U002987,paid_social,ios,18-24,1,1,1,1,0,0,2024-07-16 08:51:08.855324686,
U002988,referral,ios,25-34,1,1,1,1,1,1,2024-07-05 11:44:49.991861785,2024-07-05 18:12:01.421142051
U002989,email,ios,35-44,1,1,1,0,0,0,2024-07-18 02:11:37.387173458,
U002990,organic_search,android,18-24,1,1,0,0,0,0,2024-07-23 03:27:40.924584417,
U002991,email,ios,35-44,1,1,1,1,1,1,2024-07-24 00:18:13.839691291,2024-07-26 12:08:06.879897355
U002992,referral,ios,18-24,1,1,1,1,1,1,2024-07-09 16:00:47.654886549,2024-07-10 01:19:29.085377415
U002993,paid_social,ios,18-24,1,1,1,0,0,0,2024-07-16 08:53:50.805494523,
U002994,organic_search,ios,25-34,1,1,1,1,1,0,2024-07-16 18:20:35.630800918,
U002995,email,android,18-24,1,1,1,0,0,0,2024-07-14 05:46:48.671067360,
U002996,organic_search,android,35-44,1,1,1,1,1,1,2024-07-19 08:14:11.526134791,2024-07-21 08:44:54.139695978
U002997,paid_social,android,45+,1,1,1,0,0,0,2024-07-06 21:10:42.769953894,
U002998,organic_search,ios,35-44,1,1,1,1,0,0,2024-07-28 10:03:05.245208373,
U002999,email,ios,25-34,1,1,1,1,1,0,2024-07-03 17:54:34.717698385,
U003000,referral,android,25-34,1,1,1,0,0,0,2024-07-24 05:14:11.784798585,
U003001,email,ios,18-24,1,1,1,0,0,0,2024-07-17 15:13:57.011632312,
U003002,organic_search,android,25-34,1,0,0,0,0,0,2024-07-07 20:32:32.604411037,
U003003,referral,ios,25-34,1,1,0,0,0,0,2024-07-21 21:05:36.961597395,
U003004,referral,ios,35-44,1,1,1,0,0,0,2024-07-03 08:46:16.182821971,
U003005,email,android,18-24,1,0,0,0,0,0,2024-07-22 16:24:31.625098495,
U003006,app_store,android,25-34,1,1,1,1,1,1,2024-07-17 12:28:12.249650298,2024-07-19 21:55:11.191324342
U003007,organic_search,android,45+,1,1,1,1,0,0,2024-07-04 02:25:27.170264575,
U003008,referral,ios,25-34,1,1,1,1,1,1,2024-07-03 05:25:39.858233062,2024-07-03 23:28:16.977403962
U003009,organic_search,ios,45+,1,1,1,1,1,1,2024-07-22 00:33:43.257849490,2024-07-24 18:42:38.585782295
U003010,paid_social,android,45+,1,1,1,0,0,0,2024-07-09 04:51:10.545014084,
U003011,organic_search,android,25-34,1,0,0,0,0,0,2024-07-25 21:36:39.037376041,
U003012,paid_social,android,25-34,1,1,0,0,0,0,2024-07-22 08:06:47.052476200,
U003013,paid_social,ios,35-44,1,1,0,0,0,0,2024-07-20 13:11:01.840021098,
U003014,referral,android,18-24,1,1,1,1,1,1,2024-07-08 19:13:23.762530844,2024-07-09 08:10:59.095406024
U003015,paid_social,android,25-34,1,1,0,0,0,0,2024-07-20 20:24:38.580417097,
U003016,referral,android,35-44,1,1,0,0,0,0,2024-07-27 13:09:18.878378284,
U003017,paid_social,ios,25-34,1,1,1,1,1,1,2024-07-03 13:31:41.551309279,2024-07-14 20:50:28.292876314
U003018,organic_search,ios,25-34,1,1,1,0,0,0,2024-07-10 03:10:52.663535025,
U003019,email,android,35-44,1,1,1,1,0,0,2024-07-07 13:41:59.144604687,
U003020,organic_search,android,35-44,1,0,0,0,0,0,2024-07-12 00:15:50.725142092,
U003021,paid_social,android,18-24,1,1,1,1,1,0,2024-07-21 18:50:51.158622667,
U003022,referral,android,25-34,1,1,1,1,0,0,2024-07-14 06:41:27.652984296,
U003023,paid_social,android,25-34,1,1,1,0,0,0,2024-07-16 23:31:51.482326101,
U003024,organic_search,ios,25-34,1,1,1,1,0,0,2024-07-09 19:06:43.505239125,
U003025,paid_social,ios,35-44,1,1,1,1,0,0,2024-07-04 22:56:46.994937115,
U003026,app_store,ios,35-44,1,0,0,0,0,0,2024-07-08 11:22:45.883510154,
U003027,referral,ios,35-44,1,1,1,0,0,0,2024-07-25 01:42:18.584764614,
U003028,referral,ios,18-24,1,1,0,0,0,0,2024-07-17 20:49:27.114841531,
U003029,referral,ios,18-24,1,0,0,0,0,0,2024-07-11 14:00:30.198198747,
U003030,organic_search,ios,25-34,1,1,1,1,1,0,2024-07-23 02:49:00.551014734,
U003031,paid_social,ios,25-34,1,0,0,0,0,0,2024-07-02 19:18:55.420594916,
U003032,email,ios,18-24,1,1,1,0,0,0,2024-07-08 02:36:53.319901834,
U003033,organic_search,ios,25-34,1,1,0,0,0,0,2024-07-07 10:37:45.550295515,
U003034,organic_search,ios,18-24,1,0,0,0,0,0,2024-07-28 14:09:53.948797362,
U003035,organic_search,android,35-44,1,1,1,0,0,0,2024-07-20 18:29:53.690524566,
U003036,paid_social,ios,35-44,1,1,1,0,0,0,2024-07-18 07:09:07.737311188,
U003037,app_store,ios,25-34,1,1,1,0,0,0,2024-07-01 03:20:59.628040389,
U003038,organic_search,android,18-24,1,1,0,0,0,0,2024-07-06 03:51:22.757055782,
U003039,paid_social,android,45+,1,1,0,0,0,0,2024-07-18 19:05:01.495960472,
U003040,organic_search,ios,45+,1,0,0,0,0,0,2024-07-11 15:10:16.994624444,
U003041,app_store,android,25-34,1,1,1,0,0,0,2024-07-26 21:06:59.104196384,
U003042,organic_search,android,35-44,1,1,1,1,1,0,2024-07-22 09:53:40.830947739,
U003043,paid_social,android,35-44,1,0,0,0,0,0,2024-07-13 12:38:31.548927728,
U003044,referral,ios,25-34,1,0,0,0,0,0,2024-07-21 23:40:26.633660584,
U003045,referral,android,25-34,1,1,1,0,0,0,2024-07-28 07:28:18.140200395,
U003046,paid_social,ios,25-34,1,0,0,0,0,0,2024-07-13 21:46:44.811117796,
U003047,paid_social,android,25-34,1,1,0,0,0,0,2024-07-18 23:46:38.627979938,
U003048,paid_social,android,25-34,1,0,0,0,0,0,2024-07-26 17:20:33.436756284,
U003049,organic_search,ios,45+,1,1,1,1,1,0,2024-07-07 23:06:33.742397908,
U003050,organic_search,android,35-44,1,0,0,0,0,0,2024-07-25 19:46:00.904741460,
U003051,paid_social,ios,25-34,1,1,1,1,0,0,2024-07-03 17:33:00.154625198,
U003052,organic_search,android,25-34,1,1,1,0,0,0,2024-07-19 03:45:25.814285632,
U003053,organic_search,android,35-44,1,1,1,0,0,0,2024-07-22 22:04:02.064710953,
U003054,referral,ios,18-24,1,1,1,1,1,1,2024-07-18 05:00:55.365615468,2024-07-18 10:12:45.240414811
U003055,app_store,android,25-34,1,0,0,0,0,0,2024-07-14 20:59:57.798205832,
U003056,referral,ios,45+,1,1,1,1,0,0,2024-07-18 06:51:26.104140219,
U003057,organic_search,ios,25-34,1,1,0,0,0,0,2024-07-05 05:55:04.844279233,
U003058,organic_search,android,25-34,1,1,1,0,0,0,2024-07-07 00:51:48.662430865,
U003059,app_store,ios,18-24,1,1,1,1,0,0,2024-07-08 13:22:20.492899183,
U003060,organic_search,android,25-34,1,1,0,0,0,0,2024-07-17 17:42:27.780852189,
U003061,organic_search,ios,25-34,1,1,1,0,0,0,2024-07-13 08:57:27.077604073,
U003062,referral,ios,25-34,1,1,1,1,0,0,2024-07-07 20:17:15.958141742,
U003063,referral,android,35-44,1,1,1,1,1,1,2024-07-25 17:14:52.336324168,2024-07-26 02:25:52.944506806
U003064,referral,ios,18-24,1,0,0,0,0,0,2024-07-11 11:16:31.716037365,
U003065,organic_search,android,18-24,1,1,1,1,0,0,2024-07-13 11:43:59.935160953,
U003066,organic_search,android,25-34,1,1,1,0,0,0,2024-07-12 11:19:08.844387326,
U003067,app_store,android,18-24,1,1,1,1,1,1,2024-07-06 02:15:56.397405520,2024-07-06 20:45:32.303079179
U003068,organic_search,android,45+,1,1,0,0,0,0,2024-07-21 11:39:12.075728821,
U003069,referral,android,18-24,1,1,1,1,0,0,2024-07-13 13:21:50.228080822,
U003070,referral,ios,35-44,1,1,1,1,1,0,2024-07-01 10:55:29.200252465,
U003071,referral,android,25-34,1,1,0,0,0,0,2024-07-27 23:49:01.948748822,
U003072,paid_social,ios,25-34,1,1,0,0,0,0,2024-07-23 20:11:35.329171624,
U003073,organic_search,ios,35-44,1,1,1,0,0,0,2024-07-21 06:13:54.789418891,
U003074,referral,android,25-34,1,1,1,1,1,1,2024-07-25 08:01:47.053158427,2024-07-25 12:13:53.227550575
U003075,email,android,35-44,1,1,1,1,0,0,2024-07-26 09:22:28.107922548,
U003076,app_store,android,25-34,1,1,0,0,0,0,2024-07-10 10:47:35.097685234,
U003077,organic_search,android,25-34,1,1,1,1,1,1,2024-07-18 02:33:51.234825675,2024-07-19 20:12:21.808458327
U003078,organic_search,android,35-44,1,1,1,1,1,0,2024-07-18 01:07:07.852030172,
U003079,app_store,android,35-44,1,1,1,0,0,0,2024-07-08 11:37:31.358786595,
U003080,referral,ios,35-44,1,1,1,1,0,0,2024-07-07 05:09:06.886700744,
U003081,email,ios,35-44,1,0,0,0,0,0,2024-07-04 04:32:44.430858178,
U003082,organic_search,ios,45+,1,1,1,1,0,0,2024-07-19 11:03:32.902761081,
U003083,referral,android,25-34,1,1,1,0,0,0,2024-07-22 20:46:39.223101662,
U003084,referral,ios,25-34,1,1,0,0,0,0,2024-07-22 07:21:37.448047537,
U003085,referral,ios,18-24,1,1,0,0,0,0,2024-07-09 20:32:13.392485890,
U003086,paid_social,ios,25-34,1,1,0,0,0,0,2024-07-06 17:56:04.630245417,
U003087,organic_search,android,25-34,1,1,0,0,0,0,2024-07-13 16:49:43.420517421,
U003088,referral,android,35-44,1,0,0,0,0,0,2024-07-16 07:27:31.123013842,
U003089,organic_search,ios,25-34,1,1,1,1,1,1,2024-07-26 17:37:35.579981528,2024-07-27 13:50:26.210315036
U003090,paid_social,ios,35-44,1,0,0,0,0,0,2024-07-25 11:52:52.174819790,
U003091,app_store,ios,18-24,1,1,1,1,1,0,2024-07-26 15:35:28.315085380,
U003092,paid_social,ios,25-34,1,1,1,1,1,1,2024-07-24 19:22:34.762120960,2024-07-25 23:18:21.933394210
U003093,email,ios,45+,1,1,1,1,1,0,2024-07-28 00:11:54.849772323,
U003094,organic_search,android,25-34,1,1,0,0,0,0,2024-07-14 00:48:57.593151385,
U003095,referral,android,18-24,1,0,0,0,0,0,2024-07-02 07:54:07.884990140,
U003096,app_store,ios,25-34,1,1,1,1,1,0,2024-07-03 08:09:13.268173597,
U003097,organic_search,ios,35-44,1,1,1,0,0,0,2024-07-11 22:15:56.042175654,
U003098,organic_search,ios,25-34,1,1,0,0,0,0,2024-07-08 05:09:56.611207634,
U003099,paid_social,ios,25-34,1,1,0,0,0,0,2024-07-05 18:12:00.278620693,
U003100,organic_search,ios,35-44,1,1,1,0,0,0,2024-07-27 16:33:10.571291323,
U003101,referral,ios,25-34,1,1,1,0,0,0,2024-07-06 11:19:19.068282976,
U003102,app_store,ios,35-44,1,1,1,0,0,0,2024-07-27 20:42:10.335585006,
U003103,paid_social,android,18-24,1,0,0,0,0,0,2024-07-22 07:17:01.322505063,
U003104,organic_search,android,25-34,1,1,1,0,0,0,2024-07-18 22:42:55.770005340,
U003105,paid_social,android,35-44,1,1,0,0,0,0,2024-07-19 22:17:05.068248223,
U003106,referral,ios,35-44,1,1,1,0,0,0,2024-07-10 06:45:02.683796151,
U003107,organic_search,android,35-44,1,0,0,0,0,0,2024-07-19 02:23:56.290470597,
U003108,referral,android,35-44,1,1,1,0,0,0,2024-07-06 05:27:25.572546036,
U003109,referral,ios,25-34,1,0,0,0,0,0,2024-07-27 06:08:16.982391040,
U003110,referral,ios,18-24,1,1,0,0,0,0,2024-07-09 10:48:18.448032668,
U003111,organic_search,ios,25-34,1,1,0,0,0,0,2024-07-08 03:29:07.210540536,
U003112,referral,ios,45+,1,1,1,1,1,0,2024-07-20 21:54:05.041391306,
U003113,organic_search,ios,45+,1,0,0,0,0,0,2024-07-19 09:08:00.738745706,
U003114,organic_search,android,45+,1,1,0,0,0,0,2024-07-13 15:16:22.343256123,
U003115,email,ios,18-24,1,1,1,1,0,0,2024-07-18 17:00:13.930963948,
U003116,referral,ios,25-34,1,1,0,0,0,0,2024-07-05 11:10:45.639203862,
U003117,organic_search,ios,35-44,1,1,1,0,0,0,2024-07-19 20:28:35.841266810,
U003118,organic_search,android,35-44,1,1,0,0,0,0,2024-07-08 13:51:01.393816212,
U003119,organic_search,ios,35-44,1,1,0,0,0,0,2024-07-08 15:20:44.794775684,
U003120,organic_search,android,35-44,1,0,0,0,0,0,2024-07-05 12:59:05.698616002,
U003121,organic_search,ios,25-34,1,0,0,0,0,0,2024-07-10 07:21:26.765079490,
U003122,organic_search,ios,18-24,1,1,1,0,0,0,2024-07-10 06:36:02.565105166,
U003123,paid_social,android,25-34,1,1,1,0,0,0,2024-07-13 17:12:29.865110130,
U003124,referral,ios,18-24,1,1,1,1,1,0,2024-07-06 07:57:42.865688833,
U003125,referral,ios,25-34,1,1,1,1,1,0,2024-07-06 09:42:03.831475287,
U003126,referral,ios,18-24,1,0,0,0,0,0,2024-07-16 04:02:53.952567680,
U003127,organic_search,android,25-34,1,1,1,1,0,0,2024-07-04 14:36:20.217378812,
U003128,app_store,android,35-44,1,0,0,0,0,0,2024-07-20 06:56:19.641726589,
U003129,email,ios,45+,1,0,0,0,0,0,2024-07-27 10:19:56.886886794,
U003130,email,android,35-44,1,1,0,0,0,0,2024-07-12 22:48:23.967930463,
U003131,email,ios,25-34,1,1,1,1,1,0,2024-07-26 05:32:33.973574117,
U003132,app_store,android,18-24,1,1,0,0,0,0,2024-07-03 18:04:07.497251691,
U003133,paid_social,ios,18-24,1,1,1,1,1,0,2024-07-02 04:52:03.092147158,
U003134,organic_search,android,45+,1,1,0,0,0,0,2024-07-21 04:45:35.588481480,
U003135,referral,android,25-34,1,0,0,0,0,0,2024-07-22 07:24:23.389356837,
U003136,referral,android,18-24,1,1,0,0,0,0,2024-07-24 14:32:06.496544346,
U003137,referral,ios,35-44,1,1,1,1,0,0,2024-07-02 14:10:53.327585236,
U003138,paid_social,android,25-34,1,0,0,0,0,0,2024-07-22 18:04:53.547351564,
U003139,organic_search,ios,45+,1,0,0,0,0,0,2024-07-11 13:02:02.502381490,
U003140,paid_social,android,25-34,1,0,0,0,0,0,2024-07-09 11:50:34.400984773,
U003141,app_store,ios,25-34,1,1,1,1,1,0,2024-07-05 20:16:19.470513705,
U003142,referral,ios,25-34,1,1,1,1,1,0,2024-07-28 21:19:21.314744032,
U003143,paid_social,ios,45+,1,1,1,0,0,0,2024-07-02 18:46:54.955280193,
U003144,organic_search,ios,45+,1,1,1,0,0,0,2024-07-24 03:44:57.788939673,
U003145,paid_social,android,25-34,1,1,1,0,0,0,2024-07-18 21:44:24.938338682,
U003146,email,android,25-34,1,1,1,1,0,0,2024-07-21 13:58:26.610758310,
U003147,referral,android,25-34,1,0,0,0,0,0,2024-07-20 22:16:26.056514809,
U003148,email,android,45+,1,1,1,1,1,1,2024-07-25 00:52:04.706289044,2024-07-30 18:05:36.053615392
U003149,paid_social,android,35-44,1,1,0,0,0,0,2024-07-06 03:30:29.775395898,
U003150,referral,ios,35-44,1,1,0,0,0,0,2024-07-01 00:33:14.913046472,
U003151,organic_search,ios,25-34,1,1,1,0,0,0,2024-07-17 18:12:40.120693470,
U003152,referral,ios,25-34,1,1,0,0,0,0,2024-07-10 21:47:34.820251008,
U003153,paid_social,ios,25-34,1,1,0,0,0,0,2024-07-04 11:11:06.311438581,
U003154,paid_social,ios,35-44,1,0,0,0,0,0,2024-07-06 05:05:06.873928976,
U003155,referral,ios,45+,1,1,0,0,0,0,2024-07-10 06:56:07.936701352,
U003156,app_store,ios,25-34,1,1,1,0,0,0,2024-07-02 23:11:48.570849114,
U003157,organic_search,ios,25-34,1,1,0,0,0,0,2024-07-02 14:14:44.418589148,
U003158,email,android,25-34,1,1,1,1,0,0,2024-07-26 15:34:10.715690647,
U003159,organic_search,ios,18-24,1,0,0,0,0,0,2024-07-09 17:43:58.971236462,
U003160,paid_social,ios,45+,1,1,0,0,0,0,2024-07-28 12:03:32.503328096,
U003161,organic_search,android,25-34,1,1,1,0,0,0,2024-07-28 00:03:16.666552904,
U003162,paid_social,ios,35-44,1,1,1,0,0,0,2024-07-04 23:48:28.446205752,
U003163,paid_social,ios,35-44,1,0,0,0,0,0,2024-07-21 00:25:44.873566464,
U003164,organic_search,ios,35-44,1,1,0,0,0,0,2024-07-17 19:44:27.187776207,
U003165,paid_social,ios,45+,1,1,0,0,0,0,2024-07-20 08:06:53.399255986,
U003166,app_store,ios,35-44,1,1,1,1,0,0,2024-07-03 16:38:25.267235017,
U003167,organic_search,ios,45+,1,0,0,0,0,0,2024-07-06 06:42:44.542232722,
U003168,email,android,18-24,1,0,0,0,0,0,2024-07-03 03:30:04.249781971,
U003169,paid_social,android,35-44,1,1,1,0,0,0,2024-07-17 21:58:41.469261139,
U003170,referral,ios,35-44,1,0,0,0,0,0,2024-07-28 14:59:21.130694120,
U003171,organic_search,ios,25-34,1,1,0,0,0,0,2024-07-19 19:34:24.993502093,
U003172,organic_search,ios,35-44,1,1,1,0,0,0,2024-07-20 21:37:54.305525053,
U003173,organic_search,android,35-44,1,1,0,0,0,0,2024-07-28 13:38:28.132501506,
U003174,organic_search,ios,35-44,1,0,0,0,0,0,2024-07-19 23:37:25.551852409,
U003175,organic_search,android,25-34,1,1,1,1,1,0,2024-07-02 03:00:07.260502795,
U003176,referral,android,35-44,1,1,1,1,1,0,2024-07-25 06:37:39.949592282,
U003177,email,ios,25-34,1,1,1,1,0,0,2024-07-11 05:03:49.720084383,
U003178,email,ios,35-44,1,0,0,0,0,0,2024-07-01 02:55:56.473168400,
U003179,referral,ios,25-34,1,1,0,0,0,0,2024-07-15 04:51:40.922355135,
U003180,organic_search,ios,25-34,1,1,1,0,0,0,2024-07-27 05:40:26.690119856,
U003181,organic_search,ios,25-34,1,1,0,0,0,0,2024-07-08 04:55:34.398462104,
U003182,paid_social,ios,18-24,1,1,1,0,0,0,2024-07-14 18:17:48.668249428,
U003183,organic_search,ios,18-24,1,1,0,0,0,0,2024-07-05 20:46:41.046923161,
U003184,paid_social,ios,18-24,1,1,1,0,0,0,2024-07-02 14:46:10.111295452,
U003185,paid_social,android,35-44,1,0,0,0,0,0,2024-07-03 06:07:34.335088363,
U003186,paid_social,ios,35-44,1,1,0,0,0,0,2024-07-21 08:33:04.783701711,
U003187,paid_social,android,18-24,1,1,0,0,0,0,2024-07-25 04:39:28.959619406,
U003188,email,android,18-24,1,1,0,0,0,0,2024-07-05 00:17:48.551919626,
U003189,email,android,25-34,1,1,0,0,0,0,2024-07-09 01:45:00.279247086,
U003190,paid_social,android,35-44,1,1,1,0,0,0,2024-07-06 11:03:35.288126366,
U003191,app_store,ios,18-24,1,0,0,0,0,0,2024-07-01 18:02:49.495540416,
U003192,app_store,ios,25-34,1,1,0,0,0,0,2024-07-16 11:54:21.170030590,
U003193,paid_social,android,25-34,1,0,0,0,0,0,2024-07-20 14:20:51.713996996,
U003194,paid_social,android,25-34,1,1,0,0,0,0,2024-07-19 03:22:25.201757161,
U003195,paid_social,android,25-34,1,0,0,0,0,0,2024-07-11 20:46:19.141633596,
U003196,app_store,android,25-34,1,1,1,1,1,1,2024-07-16 12:58:00.786977817,2024-07-17 04:09:47.745502872
U003197,email,ios,35-44,1,1,1,1,0,0,2024-07-03 15:14:05.042614354,
U003198,organic_search,ios,35-44,1,1,0,0,0,0,2024-07-05 07:41:31.556333918,
U003199,paid_social,ios,18-24,1,0,0,0,0,0,2024-07-27 02:09:57.543622578,
U003200,referral,ios,35-44,1,1,0,0,0,0,2024-07-22 07:43:59.543525895,
U003201,paid_social,ios,25-34,1,1,1,0,0,0,2024-07-26 20:04:50.420620243,
U003202,organic_search,android,45+,1,1,1,1,1,0,2024-07-26 16:00:32.944260869,
U003203,email,android,25-34,1,0,0,0,0,0,2024-07-19 04:23:30.619307047,
U003204,referral,ios,35-44,1,1,1,1,1,0,2024-07-26 23:46:34.937512950,
U003205,email,android,35-44,1,1,1,0,0,0,2024-07-12 16:01:30.566177094,
U003206,email,android,25-34,1,0,0,0,0,0,2024-07-01 02:25:48.419383728,
U003207,referral,android,45+,1,0,0,0,0,0,2024-07-02 18:02:52.043455028,
U003208,paid_social,ios,25-34,1,0,0,0,0,0,2024-07-04 01:34:31.738335412,
U003209,referral,android,35-44,1,0,0,0,0,0,2024-07-03 16:04:39.073939975,
U003210,organic_search,android,18-24,1,1,0,0,0,0,2024-07-10 20:20:38.423944957,
U003211,referral,ios,25-34,1,1,1,0,0,0,2024-07-20 15:15:14.336558956,
U003212,organic_search,ios,25-34,1,1,1,0,0,0,2024-07-23 03:18:57.592927918,
U003213,referral,android,25-34,1,1,1,1,1,0,2024-07-17 12:37:23.953294516,
U003214,organic_search,ios,25-34,1,0,0,0,0,0,2024-07-05 02:24:18.393488244,
U003215,organic_search,ios,25-34,1,0,0,0,0,0,2024-07-21 22:35:23.555916866,
U003216,organic_search,ios,35-44,1,1,1,0,0,0,2024-07-10 22:25:36.802777677,
U003217,organic_search,android,25-34,1,1,1,1,1,1,2024-07-01 08:43:53.509106809,2024-07-02 10:45:07.772503741
U003218,referral,android,18-24,1,1,1,1,1,0,2024-07-08 20:33:19.990792828,
U003219,referral,ios,35-44,1,1,0,0,0,0,2024-07-10 06:09:48.860577853,
U003220,paid_social,ios,25-34,1,1,1,1,0,0,2024-07-08 16:17:34.798799634,
U003221,organic_search,android,25-34,1,0,0,0,0,0,2024-07-23 17:34:36.274591408,
U003222,organic_search,android,18-24,1,1,1,1,0,0,2024-07-22 06:40:13.941059624,
U003223,organic_search,android,25-34,1,1,1,1,1,1,2024-07-20 11:24:39.471974262,2024-07-22 04:25:41.374373606
U003224,organic_search,ios,25-34,1,1,1,1,1,1,2024-07-04 21:24:41.085936871,2024-07-09 02:13:34.882509478
U003225,email,ios,45+,1,1,0,0,0,0,2024-07-23 14:51:51.794361435,
U003226,organic_search,ios,25-34,1,1,1,1,1,1,2024-07-19 23:03:44.086455914,2024-07-23 22:35:30.931399935
U003227,paid_social,android,18-24,1,0,0,0,0,0,2024-07-06 10:55:51.331135782,
U003228,organic_search,ios,18-24,1,1,0,0,0,0,2024-07-19 03:31:08.836137044,
U003229,organic_search,ios,18-24,1,1,1,1,0,0,2024-07-14 12:55:11.361916106,
U003230,paid_social,ios,25-34,1,1,0,0,0,0,2024-07-13 07:14:35.669642578,
U003231,referral,ios,18-24,1,1,1,1,1,1,2024-07-04 03:20:48.357072402,2024-07-05 16:04:29.671536590
U003232,organic_search,android,25-34,1,1,1,1,1,1,2024-07-15 12:18:01.704124623,2024-07-17 04:35:20.803352481
U003233,organic_search,ios,25-34,1,0,0,0,0,0,2024-07-03 19:09:15.032265940,
U003234,paid_social,android,35-44,1,1,1,0,0,0,2024-07-05 14:22:41.794445521,
U003235,organic_search,android,25-34,1,1,1,1,1,1,2024-07-04 17:04:16.043493507,2024-07-08 00:56:16.089063168
U003236,organic_search,ios,25-34,1,1,0,0,0,0,2024-07-27 17:09:38.748726162,
U003237,app_store,android,35-44,1,1,0,0,0,0,2024-07-08 23:25:44.659121858,
U003238,referral,android,25-34,1,1,1,1,1,1,2024-07-10 22:41:50.299643461,2024-07-11 19:00:27.117628678
U003239,referral,android,35-44,1,1,1,1,1,0,2024-07-10 00:26:17.402751369,
U003240,paid_social,ios,35-44,1,0,0,0,0,0,2024-07-26 03:37:27.476974966,
U003241,paid_social,ios,25-34,1,1,0,0,0,0,2024-07-16 18:18:47.132701362,
U003242,paid_social,ios,25-34,1,1,0,0,0,0,2024-07-26 17:40:31.627499469,
U003243,referral,android,45+,1,1,1,1,1,1,2024-07-09 09:32:58.332178845,2024-07-09 14:59:22.892293013
U003244,referral,android,35-44,1,1,1,1,1,1,2024-07-04 05:10:08.044385772,2024-07-05 08:45:36.434336655
U003245,organic_search,android,45+,1,1,0,0,0,0,2024-07-16 13:46:43.680830322,
U003246,paid_social,ios,18-24,1,0,0,0,0,0,2024-07-10 16:12:03.090538411,
U003247,paid_social,ios,25-34,1,1,1,1,0,0,2024-07-23 10:52:53.011580818,
U003248,email,android,45+,1,0,0,0,0,0,2024-07-25 14:58:21.110839086,
U003249,referral,ios,25-34,1,1,1,0,0,0,2024-07-14 05:34:09.837586387,
U003250,paid_social,android,45+,1,1,0,0,0,0,2024-07-28 04:45:11.751067663,
U003251,organic_search,ios,18-24,1,1,0,0,0,0,2024-07-16 11:37:29.064948387,
U003252,referral,ios,45+,1,1,1,1,1,1,2024-07-08 14:03:30.615680167,2024-07-09 20:04:08.572379559
U003253,organic_search,ios,25-34,1,1,0,0,0,0,2024-07-14 16:35:29.566720867,
U003254,paid_social,ios,18-24,1,1,1,0,0,0,2024-07-02 01:04:21.059381161,
U003255,organic_search,ios,45+,1,0,0,0,0,0,2024-07-23 12:17:19.606908411,
U003256,referral,ios,25-34,1,0,0,0,0,0,2024-07-03 20:09:51.675027015,
U003257,organic_search,ios,18-24,1,1,0,0,0,0,2024-07-09 15:28:44.343386468,
U003258,paid_social,ios,18-24,1,0,0,0,0,0,2024-07-16 19:53:33.790514359,
U003259,email,ios,35-44,1,1,1,1,1,0,2024-07-02 04:52:45.423964977,
U003260,organic_search,android,45+,1,1,0,0,0,0,2024-07-03 05:18:03.442499758,
U003261,paid_social,ios,18-24,1,0,0,0,0,0,2024-07-20 11:47:24.692337402,
U003262,paid_social,android,25-34,1,1,0,0,0,0,2024-07-03 00:14:03.143532613,
U003263,organic_search,android,18-24,1,1,1,0,0,0,2024-07-14 08:35:58.870025653,
U003264,email,android,35-44,1,1,1,1,0,0,2024-07-10 11:36:12.476371478,
U003265,organic_search,android,18-24,1,1,0,0,0,0,2024-07-07 09:16:09.703728163,
U003266,paid_social,ios,25-34,1,1,1,0,0,0,2024-07-06 06:51:33.909711778,
U003267,referral,android,18-24,1,0,0,0,0,0,2024-07-22 09:00:44.601797854,
U003268,referral,android,25-34,1,1,1,0,0,0,2024-07-27 15:26:10.873669164,
U003269,referral,android,45+,1,1,1,1,1,0,2024-07-04 22:12:02.832338300,
U003270,organic_search,ios,25-34,1,1,1,1,1,1,2024-07-27 20:54:20.805426046,2024-08-08 08:24:08.393732153
U003271,organic_search,ios,18-24,1,1,1,0,0,0,2024-07-17 15:40:49.448406972,
U003272,referral,ios,25-34,1,1,1,1,1,1,2024-07-18 23:11:44.852654792,2024-07-21 08:36:15.692922892
U003273,paid_social,android,35-44,1,0,0,0,0,0,2024-07-20 21:04:13.894002534,
U003274,email,android,18-24,1,0,0,0,0,0,2024-07-20 17:10:04.419545800,
U003275,email,ios,18-24,1,1,1,1,0,0,2024-07-23 22:54:47.032922815,
U003276,email,ios,18-24,1,0,0,0,0,0,2024-07-14 12:53:27.361340350,
U003277,paid_social,android,35-44,1,0,0,0,0,0,2024-07-15 22:25:01.094915564,
U003278,paid_social,ios,25-34,1,0,0,0,0,0,2024-07-10 01:36:42.284359494,
U003279,email,android,25-34,1,1,1,1,1,0,2024-07-03 22:43:59.170880118,
U003280,paid_social,android,25-34,1,1,1,0,0,0,2024-07-19 14:38:17.549888708,
U003281,organic_search,ios,25-34,1,0,0,0,0,0,2024-07-01 22:35:09.237455379,
U003282,email,android,45+,1,1,0,0,0,0,2024-07-08 17:13:36.315580882,
U003283,email,ios,25-34,1,0,0,0,0,0,2024-07-03 15:19:20.888068004,
U003284,paid_social,android,45+,1,1,0,0,0,0,2024-07-06 08:10:07.138995121,
U003285,organic_search,android,25-34,1,0,0,0,0,0,2024-07-18 21:13:37.824481344,
U003286,paid_social,android,18-24,1,0,0,0,0,0,2024-07-18 14:20:10.663791738,
U003287,email,ios,25-34,1,1,0,0,0,0,2024-07-12 18:56:56.045519224,
U003288,app_store,ios,45+,1,1,0,0,0,0,2024-07-03 12:35:44.045523376,
U003289,organic_search,ios,25-34,1,1,1,0,0,0,2024-07-13 03:13:38.178698599,
U003290,organic_search,ios,45+,1,0,0,0,0,0,2024-07-10 21:02:40.393999582,
U003291,email,ios,25-34,1,1,0,0,0,0,2024-07-21 04:08:54.782589112,
U003292,paid_social,ios,25-34,1,0,0,0,0,0,2024-07-17 05:06:21.170555146,
U003293,paid_social,ios,35-44,1,1,1,0,0,0,2024-07-14 18:19:55.904341666,
U003294,app_store,ios,45+,1,0,0,0,0,0,2024-07-14 15:15:07.053512245,
U003295,organic_search,ios,25-34,1,1,1,1,1,0,2024-07-28 01:21:05.429660403,
U003296,referral,android,35-44,1,1,0,0,0,0,2024-07-22 04:13:46.981144988,
U003297,organic_search,android,18-24,1,1,1,1,1,1,2024-07-14 21:58:12.952665141,2024-07-22 23:49:19.655991915
U003298,paid_social,ios,25-34,1,0,0,0,0,0,2024-07-14 10:02:15.345101014,
U003299,email,ios,25-34,1,1,1,0,0,0,2024-07-01 17:47:38.241876966,
U003300,paid_social,ios,18-24,1,1,1,1,0,0,2024-07-27 09:21:58.409823276,
U003301,app_store,ios,25-34,1,1,1,1,0,0,2024-07-09 22:29:05.672499525,
U003302,referral,ios,25-34,1,1,0,0,0,0,2024-07-08 03:59:27.826885896,
U003303,paid_social,android,45+,1,0,0,0,0,0,2024-07-28 23:36:10.072297853,
U003304,organic_search,android,35-44,1,1,0,0,0,0,2024-07-21 02:57:34.053303744,
U003305,paid_social,android,25-34,1,1,1,1,1,1,2024-07-02 07:49:42.440365639,2024-07-04 02:08:12.176240427
U003306,paid_social,ios,45+,1,0,0,0,0,0,2024-07-02 17:35:13.346020273,
U003307,organic_search,android,18-24,1,1,1,1,0,0,2024-07-01 17:08:13.383532510,
U003308,paid_social,android,25-34,1,0,0,0,0,0,2024-07-17 18:56:38.041701532,
U003309,paid_social,ios,35-44,1,1,1,0,0,0,2024-07-03 00:05:28.838549875,
U003310,referral,ios,18-24,1,0,0,0,0,0,2024-07-27 03:14:13.112879254,
U003311,referral,ios,35-44,1,1,1,1,1,0,2024-07-27 05:36:04.301622864,
U003312,referral,ios,18-24,1,1,1,1,1,0,2024-07-16 06:56:53.998276956,
U003313,organic_search,android,18-24,1,1,1,0,0,0,2024-07-18 06:22:52.902833084,
U003314,organic_search,ios,18-24,1,1,1,0,0,0,2024-07-09 04:09:10.936169884,
U003315,referral,ios,45+,1,1,0,0,0,0,2024-07-02 18:59:22.374594096,
U003316,paid_social,ios,35-44,1,1,0,0,0,0,2024-07-21 15:34:24.309008040,
U003317,organic_search,ios,35-44,1,1,1,1,1,1,2024-07-03 20:24:00.663981624,2024-07-04 13:59:39.294795861
U003318,email,android,25-34,1,1,0,0,0,0,2024-07-03 09:29:41.045151696,
U003319,email,android,25-34,1,0,0,0,0,0,2024-07-09 17:08:30.945786856,
U003320,paid_social,android,35-44,1,1,1,1,0,0,2024-07-01 08:22:36.924279805,
U003321,organic_search,ios,25-34,1,1,1,0,0,0,2024-07-13 03:40:18.961637678,
U003322,email,android,18-24,1,1,0,0,0,0,2024-07-20 19:33:41.657665723,
U003323,referral,ios,35-44,1,1,1,1,0,0,2024-07-23 10:30:23.334895954,
U003324,email,android,18-24,1,1,1,1,1,0,2024-07-17 22:05:40.229350350,
U003325,email,ios,18-24,1,0,0,0,0,0,2024-07-24 17:05:58.072173176,
U003326,email,ios,35-44,1,0,0,0,0,0,2024-07-12 09:10:10.131353392,
U003327,paid_social,ios,35-44,1,1,0,0,0,0,2024-07-24 18:22:29.428178304,
U003328,organic_search,ios,35-44,1,1,0,0,0,0,2024-07-15 04:21:00.232757679,
U003329,referral,android,25-34,1,1,0,0,0,0,2024-07-07 05:52:49.000853474,
U003330,referral,ios,25-34,1,1,0,0,0,0,2024-07-27 10:27:57.148400998,
U003331,referral,ios,35-44,1,1,0,0,0,0,2024-07-08 16:46:49.537986751,
U003332,organic_search,ios,35-44,1,0,0,0,0,0,2024-07-01 17:36:26.630547109,
U003333,organic_search,android,25-34,1,1,1,0,0,0,2024-07-07 19:04:37.044716800,
U003334,email,ios,45+,1,0,0,0,0,0,2024-07-11 06:24:50.548193967,
U003335,referral,android,45+,1,1,1,1,1,0,2024-07-10 20:06:25.153813386,
U003336,app_store,android,25-34,1,1,1,1,1,0,2024-07-15 16:34:35.638845888,
U003337,email,ios,35-44,1,0,0,0,0,0,2024-07-25 17:27:40.553021307,
U003338,referral,ios,25-34,1,1,1,1,1,1,2024-07-09 04:27:04.639023784,2024-07-09 12:23:24.405875771
U003339,referral,ios,25-34,1,1,0,0,0,0,2024-07-15 13:57:28.254774819,
U003340,email,android,18-24,1,1,1,1,1,0,2024-07-10 12:34:24.156763168,
U003341,referral,ios,25-34,1,1,1,1,1,1,2024-07-24 00:13:53.385235647,2024-07-24 08:27:53.449833153
U003342,referral,ios,45+,1,1,1,1,1,1,2024-07-05 09:54:29.580947485,2024-07-07 01:10:50.652903280
U003343,organic_search,android,35-44,1,1,1,1,1,1,2024-07-03 21:33:32.041095692,2024-07-09 04:10:47.049727389
U003344,paid_social,android,35-44,1,1,1,1,0,0,2024-07-15 02:00:46.116632404,
U003345,referral,ios,18-24,1,0,0,0,0,0,2024-07-19 19:30:30.447483879,
U003346,organic_search,ios,25-34,1,1,1,0,0,0,2024-07-23 06:35:34.566478782,
U003347,organic_search,ios,25-34,1,1,1,0,0,0,2024-07-17 12:13:40.444148542,
U003348,paid_social,ios,25-34,1,1,0,0,0,0,2024-07-22 16:01:37.342582924,
U003349,organic_search,ios,25-34,1,1,1,0,0,0,2024-07-11 23:54:04.173670587,
U003350,organic_search,android,25-34,1,1,0,0,0,0,2024-07-01 22:05:13.467908641,
U003351,paid_social,ios,25-34,1,1,1,1,0,0,2024-07-04 06:01:07.445675445,
U003352,app_store,android,25-34,1,0,0,0,0,0,2024-07-02 02:01:17.716893186,
U003353,paid_social,android,25-34,1,1,0,0,0,0,2024-07-10 05:03:00.479232730,
U003354,organic_search,ios,18-24,1,0,0,0,0,0,2024-07-14 20:58:12.652797198,
U003355,organic_search,android,45+,1,0,0,0,0,0,2024-07-10 23:26:43.256462866,
U003356,referral,ios,18-24,1,1,1,1,0,0,2024-07-16 16:43:22.250080617,
U003357,paid_social,android,18-24,1,1,1,0,0,0,2024-07-14 10:58:09.652033750,
U003358,email,android,35-44,1,1,1,1,0,0,2024-07-19 23:34:39.226269244,
U003359,referral,ios,45+,1,1,1,1,1,1,2024-07-19 16:11:54.866092592,2024-07-19 23:08:19.444139354
U003360,email,ios,35-44,1,1,0,0,0,0,2024-07-09 21:44:20.784685318,
U003361,organic_search,ios,18-24,1,0,0,0,0,0,2024-07-10 16:39:22.010409554,
U003362,referral,ios,25-34,1,1,1,1,1,1,2024-07-17 09:13:09.610114641,2024-07-18 16:32:04.017109743
U003363,organic_search,ios,45+,1,0,0,0,0,0,2024-07-17 16:48:09.426321525,
U003364,app_store,ios,35-44,1,1,0,0,0,0,2024-07-09 19:28:42.031070950,
U003365,referral,android,25-34,1,1,1,1,1,1,2024-07-10 05:58:25.029267909,2024-07-12 06:11:39.704908807
U003366,paid_social,ios,25-34,1,1,0,0,0,0,2024-07-20 10:23:53.695899927,
U003367,organic_search,android,18-24,1,1,1,1,1,0,2024-07-19 03:03:36.262701788,
U003368,organic_search,android,18-24,1,1,0,0,0,0,2024-07-04 18:45:14.906681312,
U003369,referral,ios,35-44,1,1,1,1,1,0,2024-07-13 08:22:48.515310710,
U003370,organic_search,android,18-24,1,1,0,0,0,0,2024-07-25 23:53:54.545616661,
U003371,referral,ios,45+,1,0,0,0,0,0,2024-07-02 00:23:50.691631945,
U003372,organic_search,ios,18-24,1,1,0,0,0,0,2024-07-24 22:40:12.619334611,
U003373,referral,android,35-44,1,1,1,1,0,0,2024-07-05 13:39:20.597569578,
U003374,email,ios,18-24,1,1,1,1,1,0,2024-07-15 04:52:15.891651382,
U003375,email,android,25-34,1,0,0,0,0,0,2024-07-12 21:09:14.688850550,
U003376,email,android,18-24,1,0,0,0,0,0,2024-07-01 06:48:24.892896456,
U003377,organic_search,android,35-44,1,1,1,1,1,1,2024-07-26 15:08:48.270207238,2024-07-27 04:30:07.966815403
U003378,organic_search,android,25-34,1,0,0,0,0,0,2024-07-13 17:42:35.109967150,
U003379,referral,android,18-24,1,1,1,1,1,1,2024-07-27 17:16:05.815139278,2024-07-28 03:38:01.776642251
U003380,paid_social,ios,35-44,1,1,1,1,0,0,2024-07-09 00:41:30.845248922,
U003381,paid_social,ios,25-34,1,1,0,0,0,0,2024-07-25 06:08:14.351047918,
U003382,organic_search,android,45+,1,1,1,1,0,0,2024-07-26 19:50:44.857410230,
U003383,organic_search,ios,45+,1,0,0,0,0,0,2024-07-16 14:11:28.981684194,
U003384,organic_search,ios,45+,1,1,1,0,0,0,2024-07-06 16:11:58.104409581,
U003385,email,ios,18-24,1,1,1,1,1,1,2024-07-20 04:29:10.587750158,2024-07-24 07:31:17.331126243
U003386,organic_search,android,18-24,1,0,0,0,0,0,2024-07-16 08:54:47.738548069,
U003387,referral,ios,45+,1,1,1,1,1,1,2024-07-27 10:43:26.167630674,2024-07-29 11:11:57.774362031
U003388,organic_search,android,25-34,1,1,1,1,1,0,2024-07-13 07:11:26.971931940,
U003389,referral,ios,25-34,1,1,1,0,0,0,2024-07-08 12:26:28.216370256,
U003390,paid_social,ios,35-44,1,0,0,0,0,0,2024-07-04 20:55:43.914014544,
U003391,email,ios,25-34,1,1,1,1,0,0,2024-07-20 13:28:54.329366816,
U003392,email,ios,35-44,1,1,0,0,0,0,2024-07-28 06:36:05.990237823,
U003393,paid_social,android,35-44,1,1,1,0,0,0,2024-07-01 19:02:49.249766328,
U003394,app_store,ios,35-44,1,1,0,0,0,0,2024-07-21 17:34:45.402279243,
U003395,app_store,ios,25-34,1,0,0,0,0,0,2024-07-26 22:53:49.933104345,
U003396,email,ios,25-34,1,0,0,0,0,0,2024-07-03 02:15:11.487602804,
U003397,email,ios,25-34,1,1,1,1,1,1,2024-07-04 02:02:03.373120755,2024-07-05 15:59:45.408564592
U003398,organic_search,ios,25-34,1,1,0,0,0,0,2024-07-20 08:59:42.612569534,
U003399,referral,ios,18-24,1,0,0,0,0,0,2024-07-19 03:25:52.998967092,
U003400,organic_search,android,25-34,1,1,1,0,0,0,2024-07-02 22:15:07.283133061,
U003401,organic_search,android,25-34,1,1,1,1,1,1,2024-07-24 08:43:55.522004077,2024-07-28 02:04:29.049827433
U003402,app_store,ios,25-34,1,1,0,0,0,0,2024-07-15 15:44:26.972706364,
U003403,paid_social,ios,35-44,1,1,0,0,0,0,2024-07-26 09:38:11.885575934,
U003404,referral,ios,25-34,1,1,1,1,0,0,2024-07-25 14:00:35.539297549,
U003405,email,ios,25-34,1,1,0,0,0,0,2024-07-23 18:00:18.794886159,
U003406,email,android,35-44,1,1,1,1,1,0,2024-07-15 10:41:02.609794503,
U003407,app_store,android,35-44,1,0,0,0,0,0,2024-07-08 01:08:58.384520224,
U003408,organic_search,ios,25-34,1,0,0,0,0,0,2024-07-15 04:00:55.939061811,
U003409,organic_search,android,35-44,1,0,0,0,0,0,2024-07-03 19:44:42.885178065,
U003410,paid_social,ios,18-24,1,0,0,0,0,0,2024-07-19 10:44:40.602386911,
U003411,organic_search,ios,25-34,1,1,0,0,0,0,2024-07-04 18:01:57.688758814,
U003412,organic_search,ios,45+,1,1,0,0,0,0,2024-07-15 07:30:29.630881749,
U003413,paid_social,ios,45+,1,1,0,0,0,0,2024-07-02 12:32:40.871904367,
U003414,email,android,25-34,1,1,1,1,1,0,2024-07-09 09:16:20.616472423,
U003415,referral,ios,35-44,1,1,1,0,0,0,2024-07-07 11:57:29.050452349,
U003416,paid_social,ios,45+,1,1,1,0,0,0,2024-07-18 08:39:40.308128074,
U003417,referral,android,45+,1,0,0,0,0,0,2024-07-23 00:43:14.413724853,
U003418,organic_search,android,25-34,1,1,0,0,0,0,2024-07-02 14:30:27.307624442,
U003419,organic_search,android,25-34,1,1,1,0,0,0,2024-07-24 19:23:26.291127904,
U003420,email,android,25-34,1,1,1,1,1,1,2024-07-25 02:26:09.207634178,2024-07-29 14:31:40.975847867
U003421,referral,ios,18-24,1,1,1,1,1,1,2024-07-10 14:00:17.344517583,2024-07-10 19:44:18.223094889
U003422,email,android,25-34,1,0,0,0,0,0,2024-07-19 10:51:02.636395401,
U003423,organic_search,android,35-44,1,1,1,1,1,1,2024-07-12 06:33:21.446296984,2024-07-13 18:16:01.440729554
U003424,email,android,35-44,1,1,1,0,0,0,2024-07-05 07:36:58.582193155,
U003425,referral,android,45+,1,0,0,0,0,0,2024-07-15 19:15:40.122987876,
U003426,referral,ios,18-24,1,1,0,0,0,0,2024-07-03 10:02:01.324554262,
U003427,referral,android,25-34,1,1,0,0,0,0,2024-07-25 14:19:59.838333974,
U003428,email,ios,18-24,1,1,1,1,1,0,2024-07-26 21:07:21.785963725,
U003429,referral,ios,25-34,1,1,1,1,1,1,2024-07-24 00:07:26.501057986,2024-07-25 06:40:16.930005329
U003430,referral,ios,45+,1,1,1,1,1,0,2024-07-16 18:01:08.029732864,
U003431,app_store,android,25-34,1,0,0,0,0,0,2024-07-16 14:42:22.511650701,
U003432,email,ios,35-44,1,0,0,0,0,0,2024-07-28 13:39:22.165472970,
U003433,paid_social,ios,18-24,1,1,1,1,0,0,2024-07-07 22:35:23.768039598,
U003434,referral,ios,25-34,1,1,0,0,0,0,2024-07-03 03:02:14.286797876,
U003435,paid_social,android,35-44,1,0,0,0,0,0,2024-07-16 17:37:27.482375967,
U003436,organic_search,ios,18-24,1,1,0,0,0,0,2024-07-10 04:56:38.118222200,
U003437,referral,android,25-34,1,0,0,0,0,0,2024-07-10 00:36:41.959177221,
U003438,app_store,android,18-24,1,0,0,0,0,0,2024-07-01 04:45:40.888807938,
U003439,app_store,ios,35-44,1,1,0,0,0,0,2024-07-17 16:40:22.379578359,
U003440,paid_social,ios,45+,1,0,0,0,0,0,2024-07-08 09:25:50.332545166,
U003441,paid_social,android,35-44,1,1,1,0,0,0,2024-07-06 06:14:27.399787735,
U003442,organic_search,android,45+,1,1,1,0,0,0,2024-07-02 03:10:12.928425952,
U003443,app_store,android,35-44,1,0,0,0,0,0,2024-07-11 04:51:03.525809799,
U003444,app_store,ios,45+,1,1,1,1,0,0,2024-07-25 14:40:01.496077316,
U003445,referral,android,25-34,1,0,0,0,0,0,2024-07-10 10:14:34.017739562,
U003446,email,ios,25-34,1,1,1,0,0,0,2024-07-20 00:20:16.329121321,
U003447,referral,android,25-34,1,1,0,0,0,0,2024-07-22 04:23:58.413861895,
U003448,referral,android,35-44,1,1,1,1,1,1,2024-07-10 04:29:01.477592930,2024-07-10 16:54:30.437099758
U003449,organic_search,ios,18-24,1,0,0,0,0,0,2024-07-24 00:08:33.266141131,
U003450,paid_social,android,18-24,1,0,0,0,0,0,2024-07-20 08:56:35.272666284,
U003451,referral,android,45+,1,0,0,0,0,0,2024-07-16 15:48:38.799673340,
U003452,referral,android,18-24,1,1,1,1,1,1,2024-07-01 00:40:00.969031282,2024-07-03 20:21:31.214566928
U003453,paid_social,ios,45+,1,0,0,0,0,0,2024-07-01 23:34:51.580920457,
U003454,app_store,ios,35-44,1,1,0,0,0,0,2024-07-28 17:51:42.650061390,
U003455,organic_search,android,25-34,1,1,0,0,0,0,2024-07-22 21:41:41.267739811,
U003456,paid_social,ios,35-44,1,1,1,1,1,0,2024-07-27 06:02:37.874023512,
U003457,referral,ios,35-44,1,0,0,0,0,0,2024-07-26 06:20:51.913337690,
U003458,referral,android,25-34,1,1,0,0,0,0,2024-07-01 13:44:15.664818944,
U003459,referral,ios,35-44,1,1,1,1,1,1,2024-07-23 04:07:16.963462567,2024-07-23 09:49:00.582183818
U003460,organic_search,android,35-44,1,1,1,0,0,0,2024-07-13 15:10:11.783911785,
U003461,organic_search,ios,25-34,1,1,1,1,0,0,2024-07-23 02:34:59.207118387,
U003462,referral,ios,18-24,1,0,0,0,0,0,2024-07-01 04:30:46.825048062,
U003463,referral,android,25-34,1,1,1,0,0,0,2024-07-09 01:40:11.749464404,
U003464,organic_search,android,25-34,1,1,1,0,0,0,2024-07-22 00:53:22.478394318,
U003465,referral,android,18-24,1,1,1,0,0,0,2024-07-23 04:54:35.891784964,
U003466,paid_social,ios,35-44,1,1,0,0,0,0,2024-07-18 08:26:53.563258417,
U003467,referral,android,25-34,1,1,1,0,0,0,2024-07-09 10:26:38.973508400,
U003468,email,ios,45+,1,1,1,1,0,0,2024-07-09 16:33:49.180843598,
U003469,organic_search,ios,25-34,1,1,1,1,1,0,2024-07-28 01:39:55.380842805,
U003470,organic_search,ios,25-34,1,1,1,1,0,0,2024-07-13 07:09:02.104003385,
U003471,email,android,35-44,1,0,0,0,0,0,2024-07-13 12:28:06.131149892,
U003472,referral,ios,45+,1,0,0,0,0,0,2024-07-16 11:10:03.389382300,
U003473,referral,ios,25-34,1,1,1,0,0,0,2024-07-12 11:11:08.053342328,
U003474,email,ios,25-34,1,1,1,1,1,1,2024-07-16 11:23:43.049074063,2024-07-18 11:58:44.106913430
U003475,email,ios,45+,1,1,1,0,0,0,2024-07-13 02:31:45.854759276,
U003476,app_store,ios,25-34,1,1,0,0,0,0,2024-07-24 03:33:08.733501608,
U003477,paid_social,android,18-24,1,1,1,0,0,0,2024-07-26 10:52:56.227096009,
U003478,paid_social,ios,25-34,1,1,1,0,0,0,2024-07-27 02:22:41.140545322,
U003479,paid_social,android,35-44,1,0,0,0,0,0,2024-07-16 19:12:25.381142452,
U003480,organic_search,android,18-24,1,1,1,1,1,1,2024-07-13 09:07:25.790218107,2024-07-17 21:01:43.067458883
U003481,referral,ios,25-34,1,1,0,0,0,0,2024-07-20 17:55:16.750229214,
U003482,organic_search,android,25-34,1,1,0,0,0,0,2024-07-24 11:21:12.432063056,
U003483,app_store,ios,45+,1,1,1,1,0,0,2024-07-16 18:19:26.640006978,
U003484,referral,android,25-34,1,1,0,0,0,0,2024-07-20 14:23:14.087992416,
U003485,referral,android,25-34,1,1,0,0,0,0,2024-07-21 23:49:05.245264844,
U003486,paid_social,ios,25-34,1,0,0,0,0,0,2024-07-19 22:32:11.824634461,
U003487,organic_search,android,25-34,1,1,1,0,0,0,2024-07-21 21:24:06.298020345,
U003488,organic_search,ios,35-44,1,1,1,1,0,0,2024-07-06 20:12:34.788519471,
U003489,paid_social,ios,35-44,1,1,0,0,0,0,2024-07-14 22:54:27.704155132,
U003490,organic_search,android,35-44,1,1,1,0,0,0,2024-07-17 11:18:59.287300628,
U003491,referral,ios,35-44,1,0,0,0,0,0,2024-07-01 01:39:54.610329312,
U003492,email,ios,45+,1,1,0,0,0,0,2024-07-24 23:12:24.501322058,
U003493,email,ios,25-34,1,1,1,1,0,0,2024-07-18 01:56:11.290829931,
U003494,referral,android,45+,1,1,1,0,0,0,2024-07-04 14:46:46.613644294,
U003495,organic_search,ios,25-34,1,1,1,0,0,0,2024-07-23 20:35:31.029975441,
U003496,email,android,35-44,1,0,0,0,0,0,2024-07-21 01:51:44.213212965,
U003497,email,ios,25-34,1,1,1,1,1,1,2024-07-22 05:34:38.255547230,2024-07-22 19:15:47.578001381
U003498,organic_search,ios,35-44,1,1,1,1,0,0,2024-07-11 23:27:09.123736201,
U003499,referral,android,25-34,1,1,1,0,0,0,2024-07-24 22:01:26.704196526,
U003500,organic_search,ios,35-44,1,1,0,0,0,0,2024-07-12 14:13:35.526694609,
U003501,email,android,45+,1,1,1,0,0,0,2024-07-16 23:22:55.742805973,
U003502,app_store,ios,35-44,1,0,0,0,0,0,2024-07-01 00:25:53.861110734,
U003503,organic_search,ios,35-44,1,1,1,1,1,0,2024-07-19 01:21:17.039028682,
U003504,email,ios,18-24,1,0,0,0,0,0,2024-07-21 02:36:50.876315902,
U003505,referral,android,25-34,1,1,0,0,0,0,2024-07-16 21:05:50.976990484,
U003506,app_store,android,45+,1,1,1,1,0,0,2024-07-14 21:41:15.090191916,
U003507,paid_social,android,35-44,1,0,0,0,0,0,2024-07-23 16:16:38.317203364,
U003508,email,ios,25-34,1,1,0,0,0,0,2024-07-20 01:52:56.877366151,
U003509,organic_search,android,25-34,1,1,1,0,0,0,2024-07-08 18:51:56.716890678,
U003510,paid_social,ios,18-24,1,1,1,1,1,1,2024-07-27 20:29:50.219483103,2024-08-02 22:38:38.352979668
U003511,organic_search,android,25-34,1,1,1,1,1,1,2024-07-20 19:17:00.796197368,2024-07-21 17:21:01.240413778
U003512,app_store,android,25-34,1,1,0,0,0,0,2024-07-28 15:53:41.856824936,
U003513,email,android,25-34,1,1,0,0,0,0,2024-07-28 04:41:15.376317648,
U003514,email,ios,18-24,1,1,1,1,0,0,2024-07-26 17:30:26.401422168,
U003515,app_store,ios,25-34,1,1,1,0,0,0,2024-07-22 03:36:34.832532265,
U003516,organic_search,ios,25-34,1,0,0,0,0,0,2024-07-18 01:32:11.528267863,
U003517,paid_social,android,25-34,1,1,1,1,0,0,2024-07-05 19:41:55.269581730,
U003518,organic_search,ios,25-34,1,1,1,0,0,0,2024-07-16 05:07:55.749031554,
U003519,organic_search,ios,45+,1,0,0,0,0,0,2024-07-22 10:19:58.882976356,
U003520,organic_search,ios,25-34,1,1,1,1,0,0,2024-07-15 14:00:57.638340511,
U003521,paid_social,ios,45+,1,1,0,0,0,0,2024-07-25 07:27:24.099438967,
U003522,organic_search,ios,45+,1,1,1,0,0,0,2024-07-04 01:41:19.551324555,
U003523,organic_search,android,18-24,1,1,1,0,0,0,2024-07-11 15:59:30.889999255,
U003524,organic_search,android,18-24,1,1,1,0,0,0,2024-07-15 04:00:29.121461776,
U003525,organic_search,android,25-34,1,1,0,0,0,0,2024-07-13 02:31:21.355766547,
U003526,app_store,android,25-34,1,1,0,0,0,0,2024-07-04 00:58:12.576489902,
U003527,email,ios,25-34,1,0,0,0,0,0,2024-07-05 07:10:15.648952771,
U003528,app_store,ios,25-34,1,1,0,0,0,0,2024-07-24 10:52:43.754875993,
U003529,paid_social,ios,35-44,1,0,0,0,0,0,2024-07-14 13:30:22.399860150,
U003530,organic_search,android,18-24,1,0,0,0,0,0,2024-07-02 08:44:29.294800198,
U003531,email,ios,45+,1,1,1,1,0,0,2024-07-01 11:04:55.653718731,
U003532,paid_social,ios,25-34,1,0,0,0,0,0,2024-07-14 06:10:31.692504673,
U003533,organic_search,ios,45+,1,1,1,1,0,0,2024-07-05 14:27:45.013756413,
U003534,organic_search,ios,18-24,1,1,1,0,0,0,2024-07-20 17:50:40.688561317,
U003535,organic_search,ios,25-34,1,0,0,0,0,0,2024-07-23 06:27:26.520547136,
U003536,organic_search,ios,25-34,1,1,0,0,0,0,2024-07-07 09:24:55.397099430,
U003537,paid_social,android,45+,1,1,0,0,0,0,2024-07-17 13:56:34.465058005,
U003538,referral,android,18-24,1,1,1,1,1,0,2024-07-05 07:47:12.481519844,
U003539,organic_search,ios,35-44,1,1,0,0,0,0,2024-07-09 12:00:27.150737140,
U003540,organic_search,ios,45+,1,1,1,1,1,0,2024-07-25 21:16:14.059523722,
U003541,email,android,35-44,1,1,1,0,0,0,2024-07-16 05:38:02.102914006,
U003542,organic_search,ios,25-34,1,1,0,0,0,0,2024-07-25 19:19:01.931292847,
U003543,paid_social,android,45+,1,1,1,0,0,0,2024-07-07 07:21:59.487871064,
U003544,email,ios,45+,1,1,1,0,0,0,2024-07-10 05:46:34.891187174,
U003545,organic_search,android,25-34,1,1,1,1,0,0,2024-07-14 04:28:47.413354731,
U003546,organic_search,android,25-34,1,1,1,0,0,0,2024-07-14 10:36:49.717910638,
U003547,paid_social,android,45+,1,1,0,0,0,0,2024-07-28 22:25:09.962210809,
U003548,paid_social,android,45+,1,1,1,1,1,0,2024-07-04 04:54:26.115654956,
U003549,referral,ios,25-34,1,1,1,1,1,0,2024-07-24 20:31:13.814127368,
U003550,email,ios,35-44,1,1,1,1,1,1,2024-07-25 04:23:39.589769389,2024-07-26 15:57:50.651577431
U003551,organic_search,ios,25-34,1,1,1,1,0,0,2024-07-16 11:44:58.129416214,
U003552,referral,android,25-34,1,1,1,1,1,1,2024-07-10 15:11:34.717452543,2024-07-14 21:26:47.985163137
U003553,paid_social,ios,18-24,1,1,0,0,0,0,2024-07-15 12:55:11.791494246,
U003554,organic_search,android,25-34,1,1,1,0,0,0,2024-07-09 04:32:17.871468039,
U003555,referral,ios,35-44,1,1,0,0,0,0,2024-07-23 09:00:00.739265900,
U003556,organic_search,ios,25-34,1,1,1,1,1,0,2024-07-14 22:50:36.940752031,
U003557,paid_social,android,25-34,1,1,1,1,1,0,2024-07-26 22:09:57.399140329,
U003558,organic_search,ios,25-34,1,0,0,0,0,0,2024-07-18 10:26:54.900266139,
U003559,paid_social,ios,25-34,1,1,1,0,0,0,2024-07-15 09:37:21.330671041,
U003560,paid_social,ios,45+,1,1,1,0,0,0,2024-07-20 21:50:18.981142735,
U003561,email,ios,45+,1,0,0,0,0,0,2024-07-15 02:38:34.627549621,
U003562,organic_search,android,25-34,1,1,1,1,1,0,2024-07-26 07:49:41.762934724,
U003563,paid_social,android,45+,1,1,0,0,0,0,2024-07-06 03:56:51.668577445,
U003564,paid_social,ios,25-34,1,1,1,1,0,0,2024-07-28 06:05:25.135718096,
U003565,referral,ios,35-44,1,1,0,0,0,0,2024-07-23 17:47:31.383038403,
U003566,referral,ios,45+,1,1,1,1,1,0,2024-07-25 02:24:46.149023491,
U003567,referral,ios,25-34,1,1,1,1,0,0,2024-07-14 12:30:50.628072096,
U003568,email,android,35-44,1,0,0,0,0,0,2024-07-24 10:35:57.988157514,
U003569,email,android,25-34,1,1,0,0,0,0,2024-07-09 14:09:07.862989975,
U003570,paid_social,ios,25-34,1,0,0,0,0,0,2024-07-22 08:01:45.033582453,
U003571,paid_social,ios,25-34,1,1,1,1,1,1,2024-07-04 22:22:57.023174722,2024-07-06 20:44:27.482634084
U003572,email,android,45+,1,0,0,0,0,0,2024-07-09 14:20:19.995096501,
U003573,app_store,ios,25-34,1,1,1,1,1,0,2024-07-13 11:31:56.459199864,
U003574,email,ios,45+,1,1,1,1,1,1,2024-07-10 00:35:55.862132568,2024-07-10 13:12:28.317648006
U003575,paid_social,android,45+,1,1,1,0,0,0,2024-07-11 20:04:31.806118023,
U003576,organic_search,ios,25-34,1,1,0,0,0,0,2024-07-23 23:06:37.398580722,
U003577,paid_social,ios,25-34,1,1,0,0,0,0,2024-07-08 04:29:10.318270333,
U003578,referral,android,35-44,1,1,1,0,0,0,2024-07-21 20:49:44.211676342,
U003579,paid_social,android,25-34,1,1,1,1,1,0,2024-07-03 01:32:04.237594907,
U003580,paid_social,ios,18-24,1,1,0,0,0,0,2024-07-22 10:34:36.048900435,
U003581,email,ios,45+,1,1,1,1,1,1,2024-07-23 04:14:22.629053785,2024-07-27 21:22:39.724310449
U003582,paid_social,ios,35-44,1,0,0,0,0,0,2024-07-12 05:56:29.677695604,
U003583,email,android,25-34,1,1,1,1,1,0,2024-07-21 05:30:18.349806744,
U003584,paid_social,ios,35-44,1,1,1,1,0,0,2024-07-26 14:58:22.826340145,
U003585,paid_social,ios,18-24,1,1,1,1,0,0,2024-07-23 10:04:44.825623111,
U003586,paid_social,android,25-34,1,1,1,1,1,0,2024-07-11 22:22:48.197952325,
U003587,email,ios,45+,1,0,0,0,0,0,2024-07-14 13:23:29.333746330,
U003588,organic_search,ios,45+,1,1,1,1,1,1,2024-07-22 19:43:41.772345819,2024-07-23 07:51:28.448405210
U003589,organic_search,ios,25-34,1,1,1,1,0,0,2024-07-09 04:37:24.831762999,
U003590,app_store,ios,25-34,1,1,1,1,1,1,2024-07-23 12:12:33.125355226,2024-07-24 12:14:29.029605153
U003591,organic_search,ios,35-44,1,1,0,0,0,0,2024-07-10 04:27:49.708083427,
U003592,referral,android,25-34,1,1,1,1,1,0,2024-07-23 13:37:32.416907095,
U003593,referral,android,18-24,1,1,1,1,0,0,2024-07-03 10:19:47.632554069,
U003594,paid_social,ios,25-34,1,1,0,0,0,0,2024-07-02 05:50:05.940686101,
U003595,referral,ios,35-44,1,1,1,1,1,1,2024-07-28 22:26:16.442277075,2024-07-29 05:33:27.477735929
U003596,organic_search,android,18-24,1,1,1,1,0,0,2024-07-25 08:16:30.672529359,
U003597,referral,ios,18-24,1,1,0,0,0,0,2024-07-25 17:16:24.680385440,
U003598,paid_social,ios,25-34,1,1,1,0,0,0,2024-07-27 15:15:36.449249929,
U003599,referral,android,25-34,1,0,0,0,0,0,2024-07-13 06:32:54.815735529,
U003600,organic_search,ios,25-34,1,0,0,0,0,0,2024-07-09 00:45:12.573882223,
U003601,referral,ios,25-34,1,0,0,0,0,0,2024-07-04 15:22:36.467947311,
U003602,organic_search,ios,25-34,1,0,0,0,0,0,2024-07-15 00:48:45.135856252,
U003603,organic_search,ios,45+,1,1,1,1,1,1,2024-07-07 03:52:20.896897008,2024-07-10 13:40:40.154982938
U003604,organic_search,ios,18-24,1,1,1,0,0,0,2024-07-27 04:41:24.632623762,
U003605,organic_search,ios,25-34,1,1,0,0,0,0,2024-07-01 02:41:24.450581572,
U003606,email,ios,45+,1,1,1,0,0,0,2024-07-05 00:13:41.547948160,
U003607,organic_search,android,35-44,1,0,0,0,0,0,2024-07-07 21:37:54.383779426,
U003608,app_store,ios,35-44,1,1,1,1,1,1,2024-07-06 13:41:56.076686257,2024-07-09 19:53:16.914429221
U003609,app_store,ios,25-34,1,1,1,1,1,1,2024-07-07 07:43:23.193773634,2024-07-08 00:18:21.346515115
U003610,referral,android,18-24,1,1,1,1,1,1,2024-07-19 08:51:50.366164003,2024-07-27 08:42:30.577177393
U003611,organic_search,android,35-44,1,1,1,1,1,0,2024-07-10 04:05:17.219855169,
U003612,paid_social,ios,35-44,1,1,0,0,0,0,2024-07-18 05:17:46.984700641,
U003613,email,ios,18-24,1,1,1,1,0,0,2024-07-25 22:15:11.993077108,
U003614,paid_social,ios,25-34,1,0,0,0,0,0,2024-07-17 20:55:05.327159779,
U003615,organic_search,android,45+,1,1,1,0,0,0,2024-07-20 10:43:33.728680012,
U003616,referral,ios,25-34,1,1,1,0,0,0,2024-07-11 05:37:05.579057107,
U003617,email,ios,25-34,1,1,1,1,1,1,2024-07-05 11:20:39.300872859,2024-07-06 15:22:06.695614048
U003618,email,ios,25-34,1,1,1,1,1,0,2024-07-09 23:25:56.963878813,
U003619,organic_search,ios,35-44,1,1,1,1,1,1,2024-07-27 23:59:52.583744979,2024-07-31 11:50:51.263281906
U003620,referral,ios,35-44,1,1,1,0,0,0,2024-07-18 09:51:26.101269028,
U003621,organic_search,ios,35-44,1,1,1,1,1,1,2024-07-08 18:29:14.900134768,2024-07-10 01:53:00.259355093
U003622,organic_search,android,25-34,1,1,0,0,0,0,2024-07-13 15:00:54.214318562,
U003623,email,android,18-24,1,1,1,0,0,0,2024-07-24 09:27:53.140153060,
U003624,organic_search,ios,25-34,1,1,0,0,0,0,2024-07-19 17:11:38.686251408,
U003625,organic_search,ios,35-44,1,0,0,0,0,0,2024-07-16 16:45:31.352292003,
U003626,organic_search,ios,35-44,1,1,0,0,0,0,2024-07-25 18:49:46.031152587,
U003627,email,ios,45+,1,1,1,1,0,0,2024-07-19 19:52:45.813106858,
U003628,email,android,25-34,1,0,0,0,0,0,2024-07-18 23:54:51.764729817,
U003629,referral,android,35-44,1,1,0,0,0,0,2024-07-06 07:31:27.077540289,
U003630,email,ios,25-34,1,1,0,0,0,0,2024-07-03 23:29:35.501943616,
U003631,organic_search,ios,18-24,1,1,0,0,0,0,2024-07-28 00:34:31.809585259,
U003632,paid_social,ios,25-34,1,0,0,0,0,0,2024-07-17 18:25:58.168946773,
U003633,paid_social,android,25-34,1,0,0,0,0,0,2024-07-12 15:20:21.303407040,
U003634,organic_search,android,45+,1,1,1,1,1,1,2024-07-17 11:49:19.169945997,2024-07-18 17:17:38.468600170
U003635,paid_social,android,25-34,1,0,0,0,0,0,2024-07-02 17:32:15.496224694,
U003636,app_store,android,45+,1,1,0,0,0,0,2024-07-24 00:28:10.301028816,
U003637,organic_search,ios,25-34,1,0,0,0,0,0,2024-07-07 01:35:08.879637242,
U003638,organic_search,android,25-34,1,1,0,0,0,0,2024-07-23 12:39:17.698484376,
U003639,organic_search,android,18-24,1,0,0,0,0,0,2024-07-15 23:06:08.329943325,
U003640,organic_search,ios,18-24,1,1,1,1,1,1,2024-07-08 17:51:23.015438780,2024-07-11 21:20:26.741579452
U003641,app_store,ios,25-34,1,1,1,1,1,0,2024-07-01 20:18:03.906787215,
U003642,paid_social,android,18-24,1,1,1,1,1,1,2024-07-23 20:14:24.053206124,2024-07-26 05:37:06.359450534
U003643,paid_social,android,25-34,1,0,0,0,0,0,2024-07-05 22:34:52.374242546,
U003644,email,android,45+,1,1,1,0,0,0,2024-07-02 10:48:46.935755982,
U003645,organic_search,android,35-44,1,1,1,1,1,1,2024-07-22 03:56:59.406413971,2024-07-23 12:55:11.469153043
U003646,paid_social,android,35-44,1,0,0,0,0,0,2024-07-10 19:13:44.563564711,
U003647,paid_social,android,18-24,1,0,0,0,0,0,2024-07-11 21:37:56.826327320,
U003648,referral,ios,25-34,1,1,1,1,1,1,2024-07-07 22:01:45.907149514,2024-07-08 17:11:44.261833915
U003649,app_store,android,25-34,1,1,1,0,0,0,2024-07-25 01:22:04.575663534,
U003650,email,ios,45+,1,1,1,1,1,1,2024-07-09 07:48:19.589556924,2024-07-10 14:44:19.300461295
U003651,paid_social,ios,18-24,1,1,0,0,0,0,2024-07-06 21:14:57.864741676,
U003652,email,ios,25-34,1,1,1,0,0,0,2024-07-09 15:48:56.937952429,
U003653,organic_search,android,25-34,1,1,0,0,0,0,2024-07-06 16:30:59.452244967,
U003654,organic_search,android,25-34,1,1,1,1,1,0,2024-07-09 21:27:51.510171956,
U003655,organic_search,android,35-44,1,1,1,0,0,0,2024-07-03 07:43:59.310362683,
U003656,paid_social,ios,25-34,1,1,1,1,1,1,2024-07-05 10:31:55.846445793,2024-07-15 15:20:31.802127301
U003657,paid_social,ios,25-34,1,0,0,0,0,0,2024-07-12 16:15:34.335511959,
U003658,referral,ios,35-44,1,1,1,0,0,0,2024-07-25 15:00:06.217043029,
U003659,app_store,ios,25-34,1,0,0,0,0,0,2024-07-02 14:29:57.774470553,
U003660,paid_social,android,25-34,1,1,1,0,0,0,2024-07-06 22:55:02.650593867,
U003661,paid_social,ios,18-24,1,1,1,1,0,0,2024-07-26 10:24:29.858270230,
U003662,organic_search,android,35-44,1,0,0,0,0,0,2024-07-25 22:05:23.499727681,
U003663,organic_search,android,45+,1,0,0,0,0,0,2024-07-20 00:35:27.455909542,
U003664,referral,ios,35-44,1,1,1,1,1,0,2024-07-07 17:35:53.622067200,
U003665,paid_social,android,45+,1,1,1,1,1,1,2024-07-12 18:06:45.709306156,2024-07-17 02:04:33.435574402
U003666,email,ios,25-34,1,1,1,1,1,0,2024-07-06 21:56:25.829744326,
U003667,organic_search,ios,25-34,1,1,1,1,1,1,2024-07-04 14:24:41.321275693,2024-07-06 12:15:56.324789060
U003668,organic_search,android,18-24,1,1,0,0,0,0,2024-07-11 15:21:32.116008006,
U003669,paid_social,android,35-44,1,0,0,0,0,0,2024-07-17 02:57:07.626986190,
U003670,organic_search,ios,25-34,1,1,1,1,0,0,2024-07-11 01:52:29.128484456,
U003671,organic_search,ios,35-44,1,1,1,1,0,0,2024-07-18 02:28:26.752487275,
U003672,referral,ios,35-44,1,0,0,0,0,0,2024-07-09 07:04:59.455829614,
U003673,organic_search,ios,45+,1,1,0,0,0,0,2024-07-10 16:24:41.596758903,
U003674,referral,android,25-34,1,1,1,1,1,1,2024-07-23 03:19:57.552906640,2024-07-25 05:54:43.061126568
U003675,organic_search,android,25-34,1,0,0,0,0,0,2024-07-25 14:13:38.996978422,
U003676,organic_search,ios,25-34,1,0,0,0,0,0,2024-07-10 00:24:24.850039921,
U003677,paid_social,android,25-34,1,1,0,0,0,0,2024-07-17 00:03:31.026614493,
U003678,email,ios,45+,1,1,1,1,1,1,2024-07-08 18:55:30.197192174,2024-07-11 17:46:08.145546480
U003679,paid_social,ios,18-24,1,1,1,1,1,1,2024-07-02 11:50:27.165218607,2024-07-06 06:29:59.658967600
U003680,email,android,45+,1,1,1,0,0,0,2024-07-21 15:50:24.093147098,
U003681,organic_search,android,45+,1,1,0,0,0,0,2024-07-05 18:54:51.626644894,
U003682,email,android,25-34,1,1,1,0,0,0,2024-07-12 22:04:43.737448540,
U003683,organic_search,ios,25-34,1,0,0,0,0,0,2024-07-14 15:17:40.457582854,
U003684,referral,android,25-34,1,1,0,0,0,0,2024-07-06 03:57:53.656446092,
U003685,referral,ios,25-34,1,0,0,0,0,0,2024-07-03 15:32:28.304324887,
U003686,app_store,android,18-24,1,1,1,1,1,1,2024-07-10 17:51:53.085092252,2024-07-11 19:11:15.733649507
U003687,paid_social,android,25-34,1,1,1,0,0,0,2024-07-27 15:56:10.067545730,
U003688,organic_search,ios,18-24,1,0,0,0,0,0,2024-07-18 05:22:16.019299988,
U003689,organic_search,android,35-44,1,1,1,1,0,0,2024-07-11 16:18:27.624552303,
U003690,email,ios,25-34,1,0,0,0,0,0,2024-07-02 02:08:53.057616979,
U003691,paid_social,ios,18-24,1,0,0,0,0,0,2024-07-17 19:23:01.122341305,
U003692,email,android,25-34,1,0,0,0,0,0,2024-07-03 13:59:49.684950852,
U003693,organic_search,ios,45+,1,1,1,1,1,1,2024-07-16 04:35:22.616678176,2024-07-22 10:38:22.803286897
U003694,paid_social,android,35-44,1,1,0,0,0,0,2024-07-22 01:18:38.669610999,
U003695,organic_search,ios,25-34,1,1,1,1,0,0,2024-07-12 20:38:57.674594745,
U003696,app_store,android,35-44,1,1,1,0,0,0,2024-07-09 09:12:16.288260134,
U003697,referral,ios,35-44,1,1,1,1,1,1,2024-07-02 07:50:31.938451533,2024-07-02 18:32:47.368708749
U003698,app_store,ios,45+,1,0,0,0,0,0,2024-07-01 16:39:02.635590934,
U003699,organic_search,ios,25-34,1,1,0,0,0,0,2024-07-13 00:58:40.277286444,
U003700,referral,android,45+,1,0,0,0,0,0,2024-07-25 17:36:28.878884618,
U003701,referral,android,25-34,1,1,1,1,0,0,2024-07-07 20:00:36.674456486,
U003702,paid_social,android,45+,1,1,1,1,1,1,2024-07-17 01:45:55.079587382,2024-07-19 02:10:46.680165256
U003703,email,ios,25-34,1,0,0,0,0,0,2024-07-20 03:51:12.638969280,
U003704,app_store,ios,45+,1,1,1,1,0,0,2024-07-02 16:52:39.615459294,
U003705,email,ios,45+,1,1,1,0,0,0,2024-07-05 06:53:00.429143528,
U003706,referral,android,18-24,1,1,1,0,0,0,2024-07-10 06:37:04.818640616,
U003707,organic_search,ios,45+,1,0,0,0,0,0,2024-07-19 18:18:09.406900220,
U003708,organic_search,android,18-24,1,0,0,0,0,0,2024-07-13 07:01:53.743502211,
U003709,app_store,android,25-34,1,0,0,0,0,0,2024-07-21 13:22:44.709033579,
U003710,organic_search,ios,25-34,1,0,0,0,0,0,2024-07-25 07:01:32.756394666,
U003711,referral,ios,45+,1,1,0,0,0,0,2024-07-22 05:37:34.211547195,
U003712,referral,android,25-34,1,1,1,1,1,1,2024-07-28 18:47:24.443932210,2024-07-30 01:17:16.710493451
U003713,referral,ios,25-34,1,1,1,0,0,0,2024-07-22 02:55:50.297475608,
U003714,app_store,ios,35-44,1,1,0,0,0,0,2024-07-24 20:39:51.908562025,
U003715,paid_social,ios,45+,1,1,1,0,0,0,2024-07-24 07:21:00.694398531,
U003716,paid_social,android,35-44,1,0,0,0,0,0,2024-07-21 10:44:18.932107887,
U003717,organic_search,android,25-34,1,1,0,0,0,0,2024-07-23 10:48:38.954853928,
U003718,paid_social,ios,25-34,1,1,1,1,1,0,2024-07-27 04:06:25.664856840,
U003719,organic_search,ios,18-24,1,1,1,0,0,0,2024-07-14 07:20:21.690130808,
U003720,paid_social,ios,35-44,1,1,1,1,1,1,2024-07-18 20:55:43.968249224,2024-07-21 11:28:19.224459350
U003721,email,android,18-24,1,1,1,0,0,0,2024-07-15 10:02:22.174428850,
U003722,app_store,ios,25-34,1,1,1,0,0,0,2024-07-24 19:53:48.679415062,
U003723,organic_search,ios,45+,1,1,1,1,1,1,2024-07-13 01:52:25.151266750,2024-07-15 12:40:14.117223089
U003724,paid_social,android,25-34,1,1,1,0,0,0,2024-07-23 22:51:23.004753339,
U003725,app_store,android,25-34,1,0,0,0,0,0,2024-07-23 09:09:58.587978229,
U003726,organic_search,android,25-34,1,1,0,0,0,0,2024-07-27 22:23:14.856430894,
U003727,organic_search,android,18-24,1,1,1,1,1,1,2024-07-07 23:16:28.955643545,2024-07-10 09:07:55.983585906
U003728,organic_search,ios,25-34,1,1,0,0,0,0,2024-07-20 20:51:51.518315998,
U003729,referral,ios,25-34,1,1,1,0,0,0,2024-07-22 04:38:59.648708799,
U003730,organic_search,ios,45+,1,1,0,0,0,0,2024-07-27 05:10:44.929793046,
U003731,app_store,ios,25-34,1,1,0,0,0,0,2024-07-26 09:26:18.329759941,
U003732,paid_social,android,25-34,1,1,1,0,0,0,2024-07-17 01:24:33.764645077,
U003733,paid_social,android,35-44,1,0,0,0,0,0,2024-07-17 05:11:27.387242138,
U003734,organic_search,android,35-44,1,1,0,0,0,0,2024-07-05 16:25:10.939755511,
U003735,paid_social,ios,35-44,1,1,1,1,1,0,2024-07-28 07:10:29.769703586,
U003736,referral,android,45+,1,1,1,1,1,0,2024-07-08 03:22:18.245772130,
U003737,email,android,35-44,1,1,1,0,0,0,2024-07-21 07:01:21.859677364,
U003738,email,ios,25-34,1,1,1,0,0,0,2024-07-23 06:46:27.275625012,
U003739,referral,android,35-44,1,0,0,0,0,0,2024-07-13 08:29:48.548755852,
U003740,app_store,ios,25-34,1,1,1,0,0,0,2024-07-06 21:55:19.847494297,
U003741,email,ios,25-34,1,0,0,0,0,0,2024-07-06 06:58:52.961504268,
U003742,email,android,25-34,1,1,1,1,0,0,2024-07-24 23:33:55.125381132,
U003743,organic_search,android,25-34,1,1,1,1,1,1,2024-07-15 07:13:42.092742007,2024-07-16 05:50:08.625572375
U003744,organic_search,ios,18-24,1,0,0,0,0,0,2024-07-03 12:34:19.386946973,
U003745,organic_search,ios,18-24,1,1,0,0,0,0,2024-07-21 01:50:13.508507979,
U003746,referral,android,18-24,1,1,1,1,0,0,2024-07-08 00:06:53.810945928,
U003747,paid_social,android,45+,1,1,0,0,0,0,2024-07-25 12:56:14.181016527,
U003748,paid_social,android,45+,1,1,0,0,0,0,2024-07-09 16:01:56.064763714,
U003749,email,ios,25-34,1,1,0,0,0,0,2024-07-06 14:34:55.192154073,
U003750,email,ios,35-44,1,0,0,0,0,0,2024-07-03 09:01:29.546648097,
U003751,app_store,ios,18-24,1,1,0,0,0,0,2024-07-15 07:44:56.125753796,
U003752,paid_social,ios,45+,1,1,1,1,1,1,2024-07-13 14:53:44.372450000,2024-07-23 06:46:23.836651060
U003753,referral,ios,25-34,1,0,0,0,0,0,2024-07-22 00:52:54.340223923,
U003754,organic_search,ios,18-24,1,1,1,0,0,0,2024-07-14 00:12:46.578937392,
U003755,organic_search,android,18-24,1,1,1,0,0,0,2024-07-10 15:02:39.592021837,
U003756,organic_search,ios,25-34,1,0,0,0,0,0,2024-07-08 07:49:55.571899216,
U003757,paid_social,android,18-24,1,1,1,0,0,0,2024-07-08 18:54:52.606640955,
U003758,paid_social,ios,25-34,1,1,0,0,0,0,2024-07-26 23:30:49.644101847,
U003759,email,ios,18-24,1,0,0,0,0,0,2024-07-05 14:55:58.154170836,
U003760,organic_search,ios,25-34,1,1,1,0,0,0,2024-07-28 16:03:16.406288658,
U003761,referral,ios,25-34,1,1,1,0,0,0,2024-07-10 03:41:23.546001030,
U003762,paid_social,ios,45+,1,1,1,0,0,0,2024-07-03 11:23:53.657522008,
U003763,organic_search,android,25-34,1,1,0,0,0,0,2024-07-07 23:07:11.769202002,
U003764,paid_social,android,25-34,1,1,0,0,0,0,2024-07-02 15:15:16.067018534,
U003765,organic_search,ios,35-44,1,1,0,0,0,0,2024-07-23 02:54:00.017561343,
U003766,referral,ios,45+,1,1,1,1,1,0,2024-07-15 08:26:08.006019442,
U003767,paid_social,android,25-34,1,1,1,0,0,0,2024-07-10 10:27:18.028362564,
U003768,organic_search,android,45+,1,1,1,0,0,0,2024-07-19 12:53:50.403524676,
U003769,organic_search,ios,25-34,1,1,1,0,0,0,2024-07-18 15:47:40.075579014,
U003770,paid_social,android,18-24,1,1,0,0,0,0,2024-07-27 07:35:38.558259387,
U003771,app_store,android,25-34,1,1,1,0,0,0,2024-07-27 21:58:01.442117679,
U003772,paid_social,android,35-44,1,1,1,0,0,0,2024-07-20 01:25:10.190089747,
U003773,referral,android,25-34,1,1,1,1,0,0,2024-07-23 21:34:20.291189091,
U003774,referral,android,35-44,1,1,1,1,1,0,2024-07-23 04:30:34.802730864,
U003775,app_store,android,25-34,1,1,0,0,0,0,2024-07-14 18:09:21.506307598,
U003776,email,ios,35-44,1,1,1,0,0,0,2024-07-20 17:23:45.490410441,
U003777,referral,android,25-34,1,1,1,1,1,0,2024-07-03 04:35:24.191388092,
U003778,referral,android,25-34,1,1,1,1,1,1,2024-07-22 05:23:24.604357221,2024-07-22 17:50:40.527185005
U003779,email,android,25-34,1,1,1,1,1,0,2024-07-27 22:21:06.410999775,
U003780,paid_social,android,35-44,1,0,0,0,0,0,2024-07-03 09:06:10.922761785,
U003781,paid_social,ios,25-34,1,1,0,0,0,0,2024-07-24 09:52:11.306084613,
U003782,organic_search,ios,35-44,1,1,0,0,0,0,2024-07-27 02:57:45.280469916,
U003783,email,ios,35-44,1,1,1,1,0,0,2024-07-07 07:59:56.162209149,
U003784,email,ios,25-34,1,1,0,0,0,0,2024-07-15 16:40:23.225064186,
U003785,organic_search,ios,45+,1,0,0,0,0,0,2024-07-26 23:31:14.619040060,
U003786,referral,android,35-44,1,0,0,0,0,0,2024-07-27 21:16:18.750141962,
U003787,paid_social,ios,25-34,1,1,0,0,0,0,2024-07-04 13:56:13.064225125,
U003788,organic_search,android,18-24,1,0,0,0,0,0,2024-07-10 18:31:51.022463746,
U003789,app_store,android,25-34,1,1,0,0,0,0,2024-07-20 13:09:11.515872153,
U003790,organic_search,ios,18-24,1,1,1,0,0,0,2024-07-07 04:53:14.321714442,
U003791,organic_search,ios,25-34,1,1,0,0,0,0,2024-07-10 02:14:45.104792535,
U003792,referral,android,25-34,1,1,1,1,1,1,2024-07-01 15:39:05.732363354,2024-07-02 13:18:00.929461758
U003793,referral,android,35-44,1,1,1,1,1,0,2024-07-05 07:09:59.650508757,
U003794,organic_search,android,18-24,1,1,1,1,1,0,2024-07-16 17:53:07.512895406,
U003795,referral,android,35-44,1,1,1,1,0,0,2024-07-19 06:52:35.488403079,
U003796,paid_social,android,25-34,1,1,1,1,0,0,2024-07-19 04:04:07.501787047,
U003797,organic_search,android,25-34,1,1,1,1,0,0,2024-07-22 19:03:29.650906663,
U003798,organic_search,android,35-44,1,1,1,0,0,0,2024-07-12 15:04:08.796116884,
U003799,referral,android,35-44,1,1,1,0,0,0,2024-07-08 15:47:08.740730605,
U003800,organic_search,android,25-34,1,1,1,1,1,0,2024-07-01 10:28:12.829542877,
U003801,app_store,ios,25-34,1,0,0,0,0,0,2024-07-06 18:51:18.875185934,
U003802,email,android,25-34,1,1,1,1,1,1,2024-07-09 17:55:28.595279168,2024-07-11 00:08:07.244720724
U003803,app_store,ios,25-34,1,1,1,1,0,0,2024-07-05 23:45:18.027197542,
U003804,organic_search,android,25-34,1,1,1,0,0,0,2024-07-01 13:32:13.505444581,
U003805,app_store,ios,35-44,1,1,1,1,1,1,2024-07-05 09:48:17.254882832,2024-07-06 05:30:35.373026156
U003806,paid_social,ios,25-34,1,1,1,0,0,0,2024-07-19 15:37:08.039990672,
U003807,paid_social,ios,18-24,1,1,1,1,0,0,2024-07-18 15:04:53.039530502,
U003808,organic_search,ios,25-34,1,1,1,0,0,0,2024-07-27 04:46:45.860431746,
U003809,organic_search,ios,25-34,1,1,1,0,0,0,2024-07-23 08:22:08.730548371,
U003810,referral,android,25-34,1,0,0,0,0,0,2024-07-16 21:31:55.597862211,
U003811,paid_social,ios,25-34,1,0,0,0,0,0,2024-07-04 20:26:16.315855576,
U003812,organic_search,ios,25-34,1,1,1,1,1,0,2024-07-16 19:03:22.544343738,
U003813,referral,ios,35-44,1,0,0,0,0,0,2024-07-02 17:23:30.771363584,
U003814,organic_search,android,18-24,1,0,0,0,0,0,2024-07-13 01:33:16.743816334,
U003815,referral,ios,45+,1,1,0,0,0,0,2024-07-11 22:15:13.675149054,
U003816,paid_social,ios,25-34,1,1,1,1,1,1,2024-07-12 23:29:27.167610829,2024-07-13 18:35:19.842744418
U003817,email,ios,25-34,1,1,1,1,1,1,2024-07-08 20:02:34.861780669,2024-07-10 00:17:57.066141706
U003818,email,android,35-44,1,1,0,0,0,0,2024-07-20 04:52:41.018891556,
U003819,paid_social,ios,35-44,1,1,1,0,0,0,2024-07-24 13:06:52.855289208,
U003820,paid_social,ios,25-34,1,1,1,0,0,0,2024-07-22 12:26:36.308495446,
U003821,paid_social,ios,35-44,1,1,1,1,1,1,2024-07-18 13:50:57.870137299,2024-07-21 16:13:34.512790695
U003822,email,android,45+,1,1,1,0,0,0,2024-07-16 01:46:03.738546426,
U003823,paid_social,ios,35-44,1,0,0,0,0,0,2024-07-01 20:53:18.848275425,
U003824,organic_search,android,18-24,1,1,0,0,0,0,2024-07-21 05:48:41.929635495,
U003825,organic_search,ios,35-44,1,1,0,0,0,0,2024-07-16 06:13:42.727428300,
U003826,paid_social,ios,35-44,1,1,1,1,0,0,2024-07-08 13:56:16.749766075,
U003827,paid_social,ios,35-44,1,1,0,0,0,0,2024-07-10 04:18:35.460394246,
U003828,email,ios,35-44,1,1,1,1,1,1,2024-07-27 04:43:39.937827597,2024-07-30 04:02:51.584498321
U003829,organic_search,ios,45+,1,1,1,1,1,1,2024-07-18 11:34:17.143387597,2024-07-23 00:58:05.270157782
U003830,paid_social,ios,25-34,1,1,0,0,0,0,2024-07-14 07:48:47.361923492,
U003831,email,ios,18-24,1,1,1,1,1,1,2024-07-18 09:15:33.872702580,2024-07-19 09:25:50.198042168
U003832,email,android,25-34,1,1,1,1,0,0,2024-07-12 14:02:05.432605303,
U003833,paid_social,android,18-24,1,1,1,0,0,0,2024-07-14 03:57:44.955332737,
U003834,paid_social,ios,25-34,1,1,1,1,1,1,2024-07-09 03:05:16.153827198,2024-07-16 08:10:01.133211964
U003835,paid_social,android,25-34,1,1,1,1,1,1,2024-07-13 07:34:53.104791306,2024-07-16 01:52:01.764613070
U003836,app_store,android,25-34,1,1,0,0,0,0,2024-07-20 04:43:04.728713793,
U003837,organic_search,android,35-44,1,1,0,0,0,0,2024-07-02 02:50:27.505169185,
U003838,app_store,ios,35-44,1,1,1,1,1,0,2024-07-23 06:15:30.303730857,
U003839,referral,android,25-34,1,0,0,0,0,0,2024-07-08 22:09:44.105251687,
U003840,paid_social,ios,45+,1,1,0,0,0,0,2024-07-20 02:40:48.652271904,
U003841,organic_search,ios,18-24,1,1,0,0,0,0,2024-07-18 23:54:41.081274000,
U003842,paid_social,ios,35-44,1,0,0,0,0,0,2024-07-19 06:33:57.776482645,
U003843,paid_social,ios,35-44,1,0,0,0,0,0,2024-07-18 00:39:45.474206040,
U003844,organic_search,ios,25-34,1,1,1,0,0,0,2024-07-27 20:30:59.166657817,
U003845,referral,ios,25-34,1,1,1,1,0,0,2024-07-15 05:36:26.198392690,
U003846,app_store,android,25-34,1,1,0,0,0,0,2024-07-21 12:07:06.404254737,
U003847,referral,ios,35-44,1,1,1,1,1,1,2024-07-20 18:03:43.022122689,2024-07-20 23:35:54.229991279
U003848,referral,ios,35-44,1,1,0,0,0,0,2024-07-07 14:46:18.522951736,
U003849,organic_search,ios,25-34,1,0,0,0,0,0,2024-07-08 22:22:53.486160769,
U003850,paid_social,ios,25-34,1,0,0,0,0,0,2024-07-12 20:56:22.163861335,
U003851,organic_search,android,18-24,1,0,0,0,0,0,2024-07-08 18:36:46.833376597,
U003852,referral,android,25-34,1,1,1,0,0,0,2024-07-11 06:27:04.904931358,
U003853,app_store,ios,45+,1,0,0,0,0,0,2024-07-11 22:43:31.917215359,
U003854,referral,ios,18-24,1,1,1,1,1,0,2024-07-17 21:47:49.145822041,
U003855,organic_search,android,45+,1,1,0,0,0,0,2024-07-07 03:45:57.991384659,
U003856,paid_social,ios,35-44,1,0,0,0,0,0,2024-07-23 12:29:02.881928882,
U003857,referral,android,45+,1,1,1,1,0,0,2024-07-13 06:01:27.954301623,
U003858,paid_social,ios,18-24,1,1,1,0,0,0,2024-07-20 18:35:45.754984111,
U003859,email,ios,25-34,1,1,1,1,0,0,2024-07-03 06:43:45.650617788,
U003860,email,ios,18-24,1,1,1,0,0,0,2024-07-14 03:49:00.281465670,
U003861,referral,ios,35-44,1,1,1,1,1,1,2024-07-01 18:57:48.692243394,2024-07-02 04:13:53.643073562
U003862,paid_social,ios,35-44,1,1,1,0,0,0,2024-07-19 22:12:41.452200216,
U003863,organic_search,android,18-24,1,0,0,0,0,0,2024-07-10 14:58:23.418271311,
U003864,organic_search,android,35-44,1,1,1,0,0,0,2024-07-27 13:53:52.407884821,
U003865,paid_social,android,25-34,1,1,0,0,0,0,2024-07-10 01:48:41.299963754,
U003866,paid_social,android,18-24,1,1,1,0,0,0,2024-07-16 18:52:39.228484483,
U003867,referral,ios,25-34,1,1,1,0,0,0,2024-07-08 04:57:52.023120411,
U003868,referral,android,18-24,1,1,1,1,1,0,2024-07-18 08:42:56.471949406,
U003869,organic_search,ios,25-34,1,1,1,1,1,0,2024-07-14 01:51:08.853442322,
U003870,paid_social,android,25-34,1,1,1,1,1,1,2024-07-11 09:03:43.890234426,2024-07-12 23:47:46.517350736
U003871,organic_search,ios,45+,1,1,1,1,1,0,2024-07-06 16:52:45.273294771,
U003872,organic_search,android,35-44,1,1,0,0,0,0,2024-07-04 02:56:32.435335744,
U003873,email,android,25-34,1,1,1,1,1,0,2024-07-04 08:33:31.600867982,
U003874,organic_search,ios,35-44,1,1,1,1,1,0,2024-07-28 23:21:17.610349435,
U003875,paid_social,ios,25-34,1,0,0,0,0,0,2024-07-12 13:04:22.110413023,
U003876,organic_search,ios,25-34,1,0,0,0,0,0,2024-07-01 01:17:48.349287182,
U003877,email,ios,35-44,1,1,1,1,1,0,2024-07-27 16:22:05.330282455,
U003878,referral,android,35-44,1,1,1,1,1,0,2024-07-01 13:25:35.432696762,
U003879,organic_search,android,35-44,1,1,0,0,0,0,2024-07-12 17:17:23.554941529,
U003880,paid_social,ios,35-44,1,1,1,1,0,0,2024-07-21 02:08:41.775980211,
U003881,referral,ios,35-44,1,1,1,1,1,1,2024-07-26 14:36:38.491984166,2024-07-29 04:56:29.259258849
U003882,app_store,android,25-34,1,1,1,1,1,1,2024-07-20 23:03:34.516232539,2024-07-22 00:29:59.089044739
U003883,organic_search,ios,45+,1,1,1,0,0,0,2024-07-13 23:33:23.426254108,
U003884,email,ios,18-24,1,1,1,1,1,1,2024-07-28 06:49:30.180710344,2024-08-01 21:06:12.925196034
U003885,app_store,android,45+,1,1,0,0,0,0,2024-07-02 02:25:21.451434088,
U003886,app_store,android,25-34,1,1,0,0,0,0,2024-07-28 15:11:29.616379947,
U003887,referral,ios,18-24,1,1,0,0,0,0,2024-07-24 18:47:28.041893055,
U003888,referral,ios,35-44,1,1,1,1,1,0,2024-07-27 00:14:27.497432086,
U003889,paid_social,android,25-34,1,0,0,0,0,0,2024-07-08 03:12:25.448376762,
U003890,email,android,35-44,1,1,0,0,0,0,2024-07-04 23:43:54.568470104,
U003891,paid_social,android,25-34,1,1,0,0,0,0,2024-07-19 13:44:52.323858434,
U003892,referral,ios,35-44,1,1,1,1,1,0,2024-07-15 10:39:27.152376022,
U003893,paid_social,android,25-34,1,0,0,0,0,0,2024-07-15 15:34:07.930632802,
U003894,referral,android,25-34,1,1,0,0,0,0,2024-07-26 21:20:38.716586599,
U003895,email,android,25-34,1,1,1,1,1,1,2024-07-18 08:41:39.729375571,2024-07-23 08:48:53.466272805
U003896,organic_search,android,35-44,1,0,0,0,0,0,2024-07-09 17:02:05.629885022,
U003897,email,ios,35-44,1,1,1,0,0,0,2024-07-12 04:50:41.013286126,
U003898,paid_social,android,25-34,1,0,0,0,0,0,2024-07-04 17:42:33.124254206,
U003899,email,ios,45+,1,1,1,1,1,0,2024-07-06 09:14:06.126234946,
U003900,paid_social,ios,35-44,1,1,1,0,0,0,2024-07-05 00:19:52.489850916,
U003901,paid_social,android,45+,1,0,0,0,0,0,2024-07-23 16:30:56.812658507,
U003902,app_store,android,18-24,1,0,0,0,0,0,2024-07-20 17:40:29.893718150,
U003903,organic_search,android,18-24,1,0,0,0,0,0,2024-07-15 20:23:30.666604171,
U003904,email,ios,25-34,1,0,0,0,0,0,2024-07-11 11:34:30.663111820,
U003905,paid_social,ios,18-24,1,1,0,0,0,0,2024-07-19 17:13:41.387152670,
U003906,paid_social,android,25-34,1,1,0,0,0,0,2024-07-23 18:16:20.617145583,
U003907,paid_social,ios,25-34,1,0,0,0,0,0,2024-07-25 16:11:19.395352996,
U003908,referral,android,25-34,1,1,1,1,1,1,2024-07-16 07:35:41.659276761,2024-07-16 17:04:43.475696863
U003909,paid_social,ios,35-44,1,0,0,0,0,0,2024-07-23 22:57:46.086706220,
U003910,organic_search,android,45+,1,0,0,0,0,0,2024-07-15 07:35:51.362495991,
U003911,organic_search,ios,45+,1,1,0,0,0,0,2024-07-14 06:53:03.191763346,
U003912,organic_search,android,18-24,1,1,1,1,1,0,2024-07-25 05:34:12.745120983,
U003913,app_store,android,25-34,1,0,0,0,0,0,2024-07-11 19:38:35.826611474,
U003914,app_store,ios,25-34,1,1,1,1,1,1,2024-07-12 02:03:11.953135267,2024-07-13 23:23:05.835612368
U003915,paid_social,android,18-24,1,0,0,0,0,0,2024-07-09 12:54:01.526513270,
U003916,referral,android,25-34,1,0,0,0,0,0,2024-07-15 12:34:03.221090335,
U003917,paid_social,android,25-34,1,1,1,0,0,0,2024-07-16 06:08:21.201501544,
U003918,referral,android,25-34,1,0,0,0,0,0,2024-07-19 11:49:47.602735057,
U003919,email,ios,35-44,1,1,0,0,0,0,2024-07-13 01:17:51.188617071,
U003920,app_store,ios,35-44,1,0,0,0,0,0,2024-07-07 02:23:11.976524804,
U003921,paid_social,ios,18-24,1,1,1,1,1,1,2024-07-25 06:31:04.317391650,2024-07-28 02:49:05.689779276
U003922,email,ios,25-34,1,1,1,0,0,0,2024-07-10 16:30:45.298022205,
U003923,organic_search,ios,45+,1,1,0,0,0,0,2024-07-26 20:13:04.721277349,
U003924,app_store,android,25-34,1,1,0,0,0,0,2024-07-06 19:20:29.183257600,
U003925,organic_search,ios,25-34,1,1,1,1,0,0,2024-07-16 16:21:31.046510689,
U003926,referral,ios,25-34,1,0,0,0,0,0,2024-07-16 00:36:19.234266451,
U003927,referral,ios,25-34,1,1,1,1,1,1,2024-07-24 04:51:04.873704987,2024-07-24 22:27:56.675294423
U003928,referral,android,18-24,1,0,0,0,0,0,2024-07-04 21:18:29.274827608,
U003929,organic_search,android,35-44,1,1,0,0,0,0,2024-07-26 11:28:40.008721922,
U003930,app_store,ios,18-24,1,1,1,0,0,0,2024-07-15 21:07:11.034118671,
U003931,organic_search,android,25-34,1,1,1,0,0,0,2024-07-17 09:51:55.821565634,
U003932,referral,ios,18-24,1,0,0,0,0,0,2024-07-15 06:49:54.296745956,
U003933,organic_search,android,35-44,1,1,1,1,1,1,2024-07-02 00:12:31.454618295,2024-07-06 23:28:30.354834643
U003934,paid_social,android,18-24,1,1,0,0,0,0,2024-07-14 22:02:41.729042522,
U003935,paid_social,ios,25-34,1,1,1,1,1,0,2024-07-08 09:06:19.343948176,
U003936,paid_social,android,25-34,1,1,1,0,0,0,2024-07-10 14:17:11.245970050,
U003937,organic_search,android,25-34,1,0,0,0,0,0,2024-07-19 04:11:46.588753528,
U003938,organic_search,ios,25-34,1,1,1,0,0,0,2024-07-14 22:27:08.895623756,
U003939,paid_social,android,25-34,1,0,0,0,0,0,2024-07-03 14:38:33.500085118,
U003940,email,ios,35-44,1,1,1,1,0,0,2024-07-03 01:05:01.451903647,
U003941,email,ios,45+,1,0,0,0,0,0,2024-07-06 04:45:43.097237542,
U003942,organic_search,ios,25-34,1,1,1,1,0,0,2024-07-06 08:16:29.346587522,
U003943,paid_social,ios,18-24,1,1,0,0,0,0,2024-07-18 00:46:41.191265125,
U003944,organic_search,ios,18-24,1,1,1,0,0,0,2024-07-05 23:29:28.751418978,
U003945,organic_search,android,35-44,1,1,0,0,0,0,2024-07-25 16:30:55.628786325,
U003946,referral,ios,25-34,1,1,1,1,0,0,2024-07-06 20:57:32.990155970,
U003947,referral,ios,35-44,1,1,1,1,1,1,2024-07-03 13:14:25.192775504,2024-07-04 15:29:55.697395181
U003948,organic_search,ios,35-44,1,1,0,0,0,0,2024-07-25 12:30:04.762777258,
U003949,organic_search,android,45+,1,1,0,0,0,0,2024-07-09 06:27:36.472044834,
U003950,organic_search,android,45+,1,1,0,0,0,0,2024-07-12 21:53:02.426093772,
U003951,email,android,35-44,1,1,1,0,0,0,2024-07-27 20:27:56.628202899,
U003952,app_store,android,25-34,1,0,0,0,0,0,2024-07-27 10:36:58.014986486,
U003953,organic_search,android,25-34,1,0,0,0,0,0,2024-07-21 00:25:26.938509690,
U003954,organic_search,android,25-34,1,1,1,0,0,0,2024-07-02 22:19:37.112031397,
U003955,email,android,25-34,1,1,0,0,0,0,2024-07-17 14:43:28.431395252,
U003956,app_store,ios,35-44,1,1,0,0,0,0,2024-07-28 16:39:37.340454229,
U003957,paid_social,ios,18-24,1,1,0,0,0,0,2024-07-27 12:19:39.739803294,
U003958,organic_search,android,35-44,1,1,0,0,0,0,2024-07-03 23:14:01.229904247,
U003959,organic_search,ios,25-34,1,1,0,0,0,0,2024-07-12 02:05:24.099636220,
U003960,referral,ios,35-44,1,1,1,1,1,1,2024-07-09 20:02:26.495688148,2024-07-10 14:31:53.770701402
U003961,paid_social,android,25-34,1,1,0,0,0,0,2024-07-04 15:10:38.236224349,
U003962,organic_search,android,25-34,1,0,0,0,0,0,2024-07-20 10:54:16.074573001,
U003963,referral,ios,25-34,1,1,1,1,1,1,2024-07-08 16:01:33.963060284,2024-07-08 18:37:26.240785751
U003964,organic_search,android,45+,1,0,0,0,0,0,2024-07-10 15:44:59.350920720,
U003965,email,android,25-34,1,0,0,0,0,0,2024-07-03 12:43:16.194516070,
U003966,paid_social,android,25-34,1,1,0,0,0,0,2024-07-14 22:38:03.118197346,
U003967,organic_search,android,18-24,1,1,1,1,1,0,2024-07-05 10:17:19.695747055,
U003968,referral,android,35-44,1,1,1,0,0,0,2024-07-13 02:21:53.152723501,
U003969,paid_social,ios,25-34,1,1,1,1,1,0,2024-07-05 00:19:33.503712308,
U003970,app_store,ios,45+,1,1,1,0,0,0,2024-07-27 16:59:13.653767392,
U003971,paid_social,ios,25-34,1,1,1,0,0,0,2024-07-05 01:25:41.744310528,
U003972,organic_search,android,25-34,1,1,1,0,0,0,2024-07-15 14:42:29.402595453,
U003973,referral,android,35-44,1,1,1,0,0,0,2024-07-06 12:22:13.593411696,
U003974,organic_search,android,25-34,1,0,0,0,0,0,2024-07-03 03:18:54.474960934,
U003975,app_store,ios,35-44,1,0,0,0,0,0,2024-07-06 15:57:05.010702804,
U003976,paid_social,android,25-34,1,1,0,0,0,0,2024-07-02 12:48:29.520598942,
U003977,paid_social,ios,45+,1,1,1,0,0,0,2024-07-04 21:40:30.149246294,
U003978,organic_search,ios,35-44,1,1,1,0,0,0,2024-07-14 19:37:16.874460775,
U003979,paid_social,ios,35-44,1,0,0,0,0,0,2024-07-19 06:01:12.108542484,
U003980,email,ios,18-24,1,0,0,0,0,0,2024-07-03 10:41:32.480621656,
U003981,email,android,25-34,1,1,0,0,0,0,2024-07-13 08:21:52.254949204,
U003982,organic_search,ios,35-44,1,1,1,0,0,0,2024-07-17 06:35:52.797686830,
U003983,organic_search,ios,35-44,1,1,1,0,0,0,2024-07-07 13:23:58.755889798,
U003984,email,android,18-24,1,1,0,0,0,0,2024-07-11 10:02:12.093139568,
U003985,app_store,ios,25-34,1,1,1,0,0,0,2024-07-03 00:16:22.916859546,
U003986,organic_search,ios,25-34,1,1,1,1,1,1,2024-07-07 03:55:41.109299904,2024-07-07 05:00:58.512073510
U003987,paid_social,ios,35-44,1,0,0,0,0,0,2024-07-14 01:39:28.678383100,
U003988,paid_social,ios,25-34,1,1,1,0,0,0,2024-07-28 17:34:37.719256141,
U003989,email,ios,25-34,1,0,0,0,0,0,2024-07-28 21:29:24.440262352,
U003990,organic_search,ios,25-34,1,1,1,1,1,0,2024-07-28 10:18:20.770975875,
U003991,organic_search,android,25-34,1,1,1,1,0,0,2024-07-12 20:18:50.585737752,
U003992,email,ios,18-24,1,1,1,1,1,0,2024-07-03 06:13:01.971460758,
U003993,organic_search,ios,45+,1,0,0,0,0,0,2024-07-10 01:26:28.859393587,
U003994,paid_social,android,18-24,1,0,0,0,0,0,2024-07-07 15:44:38.616897469,
U003995,paid_social,ios,45+,1,0,0,0,0,0,2024-07-01 09:29:35.010021919,
U003996,paid_social,android,25-34,1,0,0,0,0,0,2024-07-03 15:59:49.150009636,
U003997,paid_social,ios,25-34,1,1,1,0,0,0,2024-07-13 16:32:41.929270699,
U003998,paid_social,ios,25-34,1,0,0,0,0,0,2024-07-10 12:15:11.432435356,
U003999,organic_search,android,35-44,1,0,0,0,0,0,2024-07-06 01:11:51.723378142,
U004000,referral,ios,35-44,1,1,1,1,1,0,2024-07-21 01:13:09.049017640,
U004001,email,ios,25-34,1,1,0,0,0,0,2024-07-10 23:58:54.049593100,
U004002,email,android,18-24,1,1,0,0,0,0,2024-07-24 20:27:18.716622040,
U004003,organic_search,ios,45+,1,0,0,0,0,0,2024-07-07 17:56:11.946108534,
U004004,organic_search,android,45+,1,1,1,1,1,0,2024-07-16 01:48:01.531217563,
U004005,organic_search,android,25-34,1,0,0,0,0,0,2024-07-06 03:44:29.594127303,
U004006,paid_social,ios,35-44,1,0,0,0,0,0,2024-07-14 20:50:31.251160629,
U004007,paid_social,android,25-34,1,1,0,0,0,0,2024-07-05 06:27:26.978520513,
U004008,referral,ios,25-34,1,1,1,1,0,0,2024-07-05 12:34:51.008079586,
U004009,organic_search,android,18-24,1,1,0,0,0,0,2024-07-18 03:24:50.793740046,
U004010,organic_search,android,25-34,1,1,1,0,0,0,2024-07-08 09:15:51.193231614,
U004011,paid_social,android,35-44,1,1,1,0,0,0,2024-07-05 19:49:50.794504226,
U004012,referral,ios,18-24,1,0,0,0,0,0,2024-07-27 00:48:15.350726768,
U004013,organic_search,android,25-34,1,1,1,1,0,0,2024-07-02 04:53:53.464190330,
U004014,referral,ios,45+,1,0,0,0,0,0,2024-07-16 19:46:46.314233889,
U004015,organic_search,ios,25-34,1,1,1,0,0,0,2024-07-16 08:25:59.886163034,
U004016,email,android,18-24,1,0,0,0,0,0,2024-07-08 00:24:32.988955881,
U004017,email,ios,35-44,1,0,0,0,0,0,2024-07-13 16:15:45.405776930,
U004018,organic_search,android,25-34,1,0,0,0,0,0,2024-07-03 10:57:35.244833511,
U004019,organic_search,ios,18-24,1,1,1,0,0,0,2024-07-21 04:41:36.737019063,
U004020,paid_social,android,25-34,1,0,0,0,0,0,2024-07-07 04:58:49.741353210,
U004021,organic_search,ios,25-34,1,1,0,0,0,0,2024-07-06 09:57:17.862492405,
U004022,referral,ios,45+,1,1,1,1,1,1,2024-07-09 19:35:54.014648935,2024-07-10 19:24:40.893070903
U004023,email,ios,35-44,1,1,0,0,0,0,2024-07-26 06:23:33.311100591,
U004024,referral,android,25-34,1,1,1,1,1,1,2024-07-23 07:13:32.115527547,2024-07-24 17:57:15.486689749
U004025,email,ios,25-34,1,1,0,0,0,0,2024-07-27 12:18:41.830710786,
U004026,paid_social,android,45+,1,1,1,0,0,0,2024-07-19 06:07:07.307523238,
U004027,organic_search,ios,18-24,1,0,0,0,0,0,2024-07-19 13:28:59.719488826,
U004028,referral,ios,25-34,1,1,1,1,1,0,2024-07-14 10:34:50.993811904,
U004029,paid_social,ios,45+,1,0,0,0,0,0,2024-07-26 08:17:06.753489388,
U004030,referral,ios,45+,1,1,0,0,0,0,2024-07-15 07:18:33.999514779,
U004031,organic_search,android,18-24,1,1,1,1,1,0,2024-07-10 22:36:01.323267325,
U004032,organic_search,android,18-24,1,1,1,0,0,0,2024-07-18 22:19:55.223992815,
U004033,app_store,ios,25-34,1,1,1,0,0,0,2024-07-16 07:00:20.662435609,
U004034,organic_search,android,18-24,1,1,1,1,1,0,2024-07-04 11:20:28.737197700,
U004035,app_store,android,35-44,1,1,1,1,1,1,2024-07-11 23:54:41.321336950,2024-07-14 08:25:17.762686214
U004036,app_store,ios,18-24,1,1,1,0,0,0,2024-07-09 18:33:16.834519767,
U004037,email,ios,18-24,1,1,1,0,0,0,2024-07-24 17:04:20.268506931,
U004038,referral,ios,25-34,1,1,0,0,0,0,2024-07-11 14:34:55.913829344,
U004039,referral,ios,45+,1,1,1,0,0,0,2024-07-24 00:05:06.418800009,
U004040,email,ios,25-34,1,1,1,0,0,0,2024-07-13 09:17:08.905565166,
U004041,organic_search,ios,25-34,1,1,1,1,1,0,2024-07-22 02:21:08.563087620,
U004042,paid_social,android,45+,1,0,0,0,0,0,2024-07-04 18:54:34.041454272,
U004043,referral,ios,25-34,1,1,1,1,1,1,2024-07-26 21:21:53.811397753,2024-07-28 03:26:10.024705568
U004044,paid_social,ios,25-34,1,0,0,0,0,0,2024-07-14 10:56:10.487820742,
U004045,paid_social,ios,25-34,1,0,0,0,0,0,2024-07-08 06:35:03.915819160,
U004046,paid_social,ios,18-24,1,1,1,0,0,0,2024-07-07 18:16:51.655717740,
U004047,referral,ios,25-34,1,1,1,1,1,1,2024-07-08 10:07:54.976520571,2024-07-08 16:36:17.885986055
U004048,email,android,25-34,1,1,1,1,0,0,2024-07-11 06:26:19.119123146,
U004049,organic_search,ios,25-34,1,1,1,0,0,0,2024-07-21 02:10:23.253448850,
U004050,app_store,android,18-24,1,1,1,1,1,0,2024-07-27 14:07:59.681385598,
U004051,referral,ios,25-34,1,0,0,0,0,0,2024-07-19 17:35:35.350955091,
U004052,email,android,25-34,1,1,1,0,0,0,2024-07-16 07:41:44.642667969,
U004053,referral,android,18-24,1,0,0,0,0,0,2024-07-13 13:27:27.817155050,
U004054,email,ios,18-24,1,0,0,0,0,0,2024-07-24 04:32:48.054657400,
U004055,organic_search,android,45+,1,0,0,0,0,0,2024-07-24 18:58:10.704157532,
U004056,email,ios,25-34,1,1,1,0,0,0,2024-07-09 04:55:16.741987874,
U004057,organic_search,android,18-24,1,1,1,0,0,0,2024-07-27 16:41:54.265542378,
U004058,email,ios,35-44,1,0,0,0,0,0,2024-07-12 01:31:03.086668880,
U004059,app_store,android,18-24,1,0,0,0,0,0,2024-07-23 09:39:08.864988145,
U004060,organic_search,android,35-44,1,1,1,0,0,0,2024-07-28 01:42:10.649056539,
U004061,organic_search,android,35-44,1,0,0,0,0,0,2024-07-20 16:51:29.677589895,
U004062,email,ios,35-44,1,1,1,1,1,1,2024-07-05 12:33:43.517430727,2024-07-07 04:09:26.306437323
U004063,organic_search,ios,35-44,1,1,0,0,0,0,2024-07-17 09:53:02.521956775,
U004064,email,android,18-24,1,1,0,0,0,0,2024-07-04 07:49:05.616192824,
U004065,organic_search,android,35-44,1,0,0,0,0,0,2024-07-23 02:18:12.422850904,
U004066,organic_search,android,18-24,1,1,1,0,0,0,2024-07-08 21:02:37.668635696,
U004067,app_store,ios,25-34,1,0,0,0,0,0,2024-07-20 11:11:03.699946798,
U004068,referral,android,45+,1,1,0,0,0,0,2024-07-26 11:34:48.939655778,
U004069,email,ios,25-34,1,1,0,0,0,0,2024-07-06 01:38:19.030741281,
U004070,paid_social,ios,45+,1,0,0,0,0,0,2024-07-12 00:00:01.683143942,
U004071,referral,ios,18-24,1,1,1,1,1,0,2024-07-19 02:51:49.772107573,
U004072,referral,ios,25-34,1,1,1,0,0,0,2024-07-12 18:00:38.067724746,
U004073,referral,android,18-24,1,1,1,0,0,0,2024-07-05 21:28:41.983578512,
U004074,referral,ios,35-44,1,0,0,0,0,0,2024-07-01 19:32:10.048997155,
U004075,referral,android,18-24,1,1,0,0,0,0,2024-07-12 09:14:02.229243788,
U004076,paid_social,android,18-24,1,1,1,0,0,0,2024-07-19 04:16:06.477106979,
U004077,organic_search,ios,25-34,1,1,1,1,0,0,2024-07-17 01:43:02.596362499,
U004078,email,ios,35-44,1,1,0,0,0,0,2024-07-05 08:59:38.807228947,
U004079,organic_search,android,18-24,1,1,1,1,1,1,2024-07-13 14:51:57.579403982,2024-07-14 12:50:23.994269786
U004080,referral,ios,35-44,1,0,0,0,0,0,2024-07-11 08:17:04.354921687,
U004081,organic_search,android,18-24,1,1,1,0,0,0,2024-07-08 16:15:50.451628194,
U004082,referral,android,18-24,1,1,1,0,0,0,2024-07-21 10:04:12.993147055,
U004083,referral,ios,25-34,1,0,0,0,0,0,2024-07-09 16:05:10.191041764,
U004084,organic_search,ios,45+,1,1,1,1,0,0,2024-07-16 02:58:31.411084065,
U004085,organic_search,ios,18-24,1,1,1,0,0,0,2024-07-26 20:24:22.376524255,
U004086,organic_search,android,18-24,1,0,0,0,0,0,2024-07-16 02:23:36.456267865,
U004087,referral,ios,35-44,1,1,0,0,0,0,2024-07-18 06:38:21.824260429,
U004088,email,ios,25-34,1,1,1,1,0,0,2024-07-03 01:13:16.689736542,
U004089,organic_search,ios,35-44,1,1,1,0,0,0,2024-07-05 23:42:22.120540009,
U004090,referral,android,25-34,1,1,1,0,0,0,2024-07-03 19:50:21.141341995,
U004091,paid_social,ios,25-34,1,1,1,0,0,0,2024-07-22 09:57:15.484662450,
U004092,paid_social,ios,25-34,1,0,0,0,0,0,2024-07-24 09:44:20.278954024,
U004093,app_store,android,25-34,1,1,1,0,0,0,2024-07-06 05:17:52.645296321,
U004094,paid_social,android,35-44,1,0,0,0,0,0,2024-07-07 03:21:02.219833141,
U004095,paid_social,android,35-44,1,1,0,0,0,0,2024-07-10 01:11:43.074740940,
U004096,organic_search,android,25-34,1,0,0,0,0,0,2024-07-17 13:12:14.970934717,
U004097,organic_search,android,45+,1,0,0,0,0,0,2024-07-18 09:50:49.352041006,
U004098,organic_search,android,25-34,1,0,0,0,0,0,2024-07-20 05:29:55.176503496,
U004099,organic_search,android,25-34,1,1,0,0,0,0,2024-07-26 08:17:22.315831609,
U004100,referral,android,35-44,1,1,0,0,0,0,2024-07-09 06:16:01.107889226,
U004101,paid_social,android,35-44,1,1,0,0,0,0,2024-07-19 10:41:09.746689030,
U004102,paid_social,ios,18-24,1,0,0,0,0,0,2024-07-16 16:08:01.508505392,
U004103,organic_search,ios,35-44,1,0,0,0,0,0,2024-07-09 13:31:21.452006082,
U004104,organic_search,android,25-34,1,1,1,0,0,0,2024-07-26 09:46:58.819407412,
U004105,referral,ios,35-44,1,0,0,0,0,0,2024-07-03 16:09:53.470211738,
U004106,app_store,android,35-44,1,0,0,0,0,0,2024-07-20 22:27:52.884112100,
U004107,organic_search,ios,25-34,1,1,1,0,0,0,2024-07-21 09:07:52.086544280,
U004108,email,android,18-24,1,1,0,0,0,0,2024-07-26 15:05:57.935787554,
U004109,referral,ios,35-44,1,0,0,0,0,0,2024-07-15 12:29:10.169016396,
U004110,referral,android,35-44,1,1,0,0,0,0,2024-07-10 00:07:48.760619998,
U004111,paid_social,android,25-34,1,0,0,0,0,0,2024-07-24 04:14:30.228525362,
U004112,organic_search,ios,25-34,1,0,0,0,0,0,2024-07-22 13:59:04.233808924,
U004113,organic_search,ios,45+,1,1,1,0,0,0,2024-07-15 00:12:43.534403582,
U004114,referral,ios,25-34,1,1,1,1,0,0,2024-07-22 12:00:00.563133315,
U004115,paid_social,ios,25-34,1,1,1,0,0,0,2024-07-08 12:00:44.656545308,
U004116,app_store,ios,25-34,1,0,0,0,0,0,2024-07-17 12:08:53.714512067,
U004117,paid_social,ios,25-34,1,1,1,0,0,0,2024-07-25 05:24:11.813822827,
U004118,organic_search,android,45+,1,1,0,0,0,0,2024-07-09 21:41:08.113568265,
U004119,referral,ios,35-44,1,0,0,0,0,0,2024-07-14 12:56:44.117496452,
U004120,organic_search,android,25-34,1,1,1,0,0,0,2024-07-27 15:06:07.711215055,
U004121,paid_social,ios,35-44,1,0,0,0,0,0,2024-07-23 08:23:54.088098025,
U004122,referral,android,35-44,1,1,0,0,0,0,2024-07-25 20:05:24.797983671,
U004123,app_store,ios,25-34,1,1,1,0,0,0,2024-07-11 18:53:09.689706168,
U004124,email,android,18-24,1,1,0,0,0,0,2024-07-28 21:39:05.524107926,
U004125,referral,android,35-44,1,1,0,0,0,0,2024-07-05 06:31:26.710851079,
U004126,referral,android,25-34,1,0,0,0,0,0,2024-07-15 12:36:49.794916896,
U004127,app_store,ios,18-24,1,1,0,0,0,0,2024-07-14 10:04:18.166451088,
U004128,organic_search,android,25-34,1,1,1,1,1,1,2024-07-23 08:32:47.155983684,2024-07-24 15:48:09.374765119
U004129,organic_search,ios,45+,1,1,1,1,1,1,2024-07-26 10:35:28.115268316,2024-07-27 03:43:03.369141054
U004130,organic_search,ios,25-34,1,1,1,1,1,0,2024-07-21 11:19:32.380615977,
U004131,organic_search,ios,45+,1,1,1,1,0,0,2024-07-18 13:13:13.838446426,
U004132,referral,ios,18-24,1,1,1,1,1,1,2024-07-12 23:13:56.698500698,2024-07-15 06:33:49.516052478
U004133,referral,ios,35-44,1,0,0,0,0,0,2024-07-15 06:56:20.458589614,
U004134,referral,android,18-24,1,1,1,1,1,0,2024-07-15 06:14:59.317753488,
U004135,organic_search,ios,25-34,1,1,1,0,0,0,2024-07-01 13:41:15.411537247,
U004136,referral,ios,25-34,1,1,1,0,0,0,2024-07-15 02:02:48.411039116,
U004137,paid_social,ios,25-34,1,1,1,1,1,0,2024-07-24 23:12:44.559781243,
U004138,referral,android,35-44,1,1,0,0,0,0,2024-07-20 20:37:55.687755327,
U004139,referral,android,35-44,1,1,1,0,0,0,2024-07-23 06:42:58.298644810,
U004140,paid_social,ios,25-34,1,1,0,0,0,0,2024-07-11 22:24:21.287248005,
U004141,organic_search,android,45+,1,1,1,0,0,0,2024-07-15 19:28:12.054739828,
U004142,organic_search,ios,25-34,1,1,1,1,1,1,2024-07-01 22:30:03.450117787,2024-07-05 14:05:13.763819072
U004143,email,ios,25-34,1,1,1,0,0,0,2024-07-11 17:22:28.621696076,
U004144,app_store,ios,18-24,1,1,1,0,0,0,2024-07-14 06:48:27.295804285,
U004145,referral,android,25-34,1,1,1,1,1,0,2024-07-08 03:30:01.369910098,
U004146,organic_search,android,35-44,1,0,0,0,0,0,2024-07-01 20:59:38.176374181,
U004147,paid_social,ios,18-24,1,0,0,0,0,0,2024-07-20 07:57:15.296758041,
U004148,referral,ios,18-24,1,0,0,0,0,0,2024-07-13 04:22:44.286853522,
U004149,email,ios,18-24,1,1,1,0,0,0,2024-07-12 15:20:08.684777115,
U004150,organic_search,android,25-34,1,1,1,0,0,0,2024-07-07 23:59:27.955345768,
U004151,organic_search,android,25-34,1,1,1,1,0,0,2024-07-16 01:25:19.301256001,
U004152,referral,ios,18-24,1,0,0,0,0,0,2024-07-13 06:21:14.389250155,
U004153,paid_social,ios,25-34,1,1,0,0,0,0,2024-07-14 06:31:03.237151976,
U004154,organic_search,android,35-44,1,1,1,1,1,1,2024-07-17 06:20:43.966137296,2024-07-22 14:27:22.659687748
U004155,organic_search,android,25-34,1,1,0,0,0,0,2024-07-01 04:15:00.586602367,
U004156,paid_social,android,25-34,1,1,0,0,0,0,2024-07-26 09:58:17.929840152,
U004157,email,android,18-24,1,1,0,0,0,0,2024-07-02 23:46:14.630689542,
U004158,app_store,android,45+,1,1,0,0,0,0,2024-07-13 15:01:17.148706852,
U004159,referral,ios,25-34,1,1,1,1,1,0,2024-07-06 19:21:16.459779110,
U004160,paid_social,ios,45+,1,0,0,0,0,0,2024-07-15 15:58:54.307979601,
U004161,organic_search,ios,45+,1,0,0,0,0,0,2024-07-08 20:18:52.679202037,
U004162,paid_social,android,35-44,1,1,0,0,0,0,2024-07-25 01:55:27.720113052,
U004163,paid_social,ios,18-24,1,1,1,0,0,0,2024-07-12 02:21:13.710321885,
U004164,referral,ios,25-34,1,1,1,1,1,1,2024-07-18 21:14:37.440515004,2024-07-20 06:02:17.799110944
U004165,paid_social,ios,18-24,1,1,1,0,0,0,2024-07-07 23:14:49.838335350,
U004166,organic_search,ios,45+,1,1,1,1,1,0,2024-07-01 13:02:27.359275128,
U004167,organic_search,android,35-44,1,1,1,1,1,1,2024-07-12 07:35:30.652555639,2024-07-15 15:57:29.808001033
U004168,paid_social,ios,45+,1,0,0,0,0,0,2024-07-16 00:31:08.115539415,
U004169,organic_search,ios,35-44,1,1,1,1,1,1,2024-07-13 20:48:56.468332425,2024-07-19 09:43:34.748298094
U004170,organic_search,android,25-34,1,1,1,1,0,0,2024-07-27 22:28:25.148950586,
U004171,app_store,ios,25-34,1,1,1,1,0,0,2024-07-20 18:59:45.329368311,
U004172,paid_social,android,25-34,1,1,0,0,0,0,2024-07-28 21:05:24.381672957,
U004173,paid_social,android,25-34,1,0,0,0,0,0,2024-07-09 06:16:49.370487560,
U004174,email,android,35-44,1,1,1,1,0,0,2024-07-23 02:14:37.694025610,
U004175,app_store,android,45+,1,1,1,1,1,1,2024-07-16 13:20:07.044688770,2024-07-16 22:39:07.446813429
U004176,referral,ios,25-34,1,1,0,0,0,0,2024-07-18 03:06:10.649481811,
U004177,email,android,45+,1,1,1,1,0,0,2024-07-28 14:29:36.062510078,
U004178,paid_social,ios,45+,1,1,1,1,0,0,2024-07-19 07:28:45.833637903,
U004179,paid_social,ios,25-34,1,1,1,0,0,0,2024-07-26 04:00:17.825941472,
U004180,paid_social,ios,25-34,1,1,0,0,0,0,2024-07-21 07:42:14.967832802,
U004181,referral,ios,35-44,1,1,1,0,0,0,2024-07-04 13:36:12.505676515,
U004182,referral,android,25-34,1,1,0,0,0,0,2024-07-20 14:00:45.840011738,
U004183,paid_social,ios,18-24,1,1,1,1,1,0,2024-07-14 13:27:36.272147918,
U004184,organic_search,android,25-34,1,1,1,1,0,0,2024-07-26 17:25:56.104622882,
U004185,referral,ios,45+,1,0,0,0,0,0,2024-07-23 14:11:33.894643149,
U004186,organic_search,ios,18-24,1,1,1,1,1,1,2024-07-03 21:58:42.636259398,2024-07-05 10:16:52.284481291
U004187,referral,android,35-44,1,0,0,0,0,0,2024-07-04 17:59:28.725126687,
U004188,referral,ios,35-44,1,1,1,1,0,0,2024-07-02 22:46:42.935551186,
U004189,referral,android,35-44,1,1,0,0,0,0,2024-07-14 19:27:38.000982178,
U004190,email,ios,25-34,1,1,1,1,0,0,2024-07-03 06:16:43.039874427,
U004191,email,ios,35-44,1,0,0,0,0,0,2024-07-21 06:18:42.631841498,
U004192,paid_social,ios,25-34,1,1,1,0,0,0,2024-07-16 11:11:05.880244887,
U004193,referral,android,18-24,1,1,0,0,0,0,2024-07-24 09:42:53.034464563,
U004194,referral,ios,45+,1,1,0,0,0,0,2024-07-08 20:01:21.971953650,
U004195,organic_search,ios,25-34,1,0,0,0,0,0,2024-07-15 12:51:45.385042633,
U004196,organic_search,ios,35-44,1,1,1,1,0,0,2024-07-04 06:56:46.856154789,
U004197,organic_search,android,25-34,1,0,0,0,0,0,2024-07-25 18:27:28.518411556,
U004198,paid_social,android,18-24,1,1,0,0,0,0,2024-07-05 21:36:12.004771575,
U004199,referral,android,45+,1,1,1,0,0,0,2024-07-03 20:47:14.758466899,
U004200,email,ios,35-44,1,1,1,1,1,0,2024-07-06 17:47:38.407947284,
U004201,organic_search,android,18-24,1,1,0,0,0,0,2024-07-23 13:47:15.217518638,
U004202,organic_search,android,45+,1,0,0,0,0,0,2024-07-03 23:06:26.505374785,
U004203,app_store,android,35-44,1,1,0,0,0,0,2024-07-18 04:53:42.995512492,
U004204,organic_search,android,25-34,1,0,0,0,0,0,2024-07-21 21:26:01.802448110,
U004205,paid_social,android,35-44,1,1,0,0,0,0,2024-07-22 00:43:35.543440160,
U004206,referral,ios,18-24,1,1,1,1,1,0,2024-07-06 07:43:15.296882390,
U004207,paid_social,android,25-34,1,0,0,0,0,0,2024-07-02 17:24:40.776875118,
U004208,organic_search,android,18-24,1,1,1,0,0,0,2024-07-13 13:35:52.403621748,
U004209,organic_search,ios,25-34,1,1,0,0,0,0,2024-07-06 16:04:12.547215606,
U004210,organic_search,ios,25-34,1,1,0,0,0,0,2024-07-20 13:54:35.941166517,
U004211,referral,android,45+,1,1,1,0,0,0,2024-07-10 23:41:51.220926394,
U004212,paid_social,ios,35-44,1,0,0,0,0,0,2024-07-13 13:57:57.054147354,
U004213,organic_search,android,25-34,1,0,0,0,0,0,2024-07-04 04:15:42.750159659,
U004214,referral,ios,45+,1,1,1,1,1,1,2024-07-16 21:23:37.653217386,2024-07-17 02:24:58.017769549
U004215,email,ios,25-34,1,1,0,0,0,0,2024-07-06 04:40:20.119557511,
U004216,organic_search,ios,35-44,1,1,1,0,0,0,2024-07-20 00:16:42.110885416,
U004217,paid_social,ios,18-24,1,1,1,0,0,0,2024-07-02 23:49:31.615507866,
U004218,referral,ios,45+,1,1,1,1,1,0,2024-07-28 07:48:04.197646976,
U004219,organic_search,ios,45+,1,1,1,1,1,1,2024-07-20 04:00:07.666594794,2024-07-20 18:10:19.160116060
U004220,paid_social,android,35-44,1,0,0,0,0,0,2024-07-06 02:07:20.170450610,
U004221,referral,android,45+,1,0,0,0,0,0,2024-07-01 09:28:17.766301321,
U004222,email,ios,25-34,1,1,0,0,0,0,2024-07-10 08:45:32.628822865,
U004223,email,ios,45+,1,1,1,1,0,0,2024-07-05 06:41:25.848395098,
U004224,referral,ios,25-34,1,1,1,1,0,0,2024-07-07 02:46:20.697082806,
U004225,referral,ios,18-24,1,1,0,0,0,0,2024-07-25 10:29:17.425212943,
U004226,paid_social,ios,35-44,1,0,0,0,0,0,2024-07-17 21:21:12.713595015,
U004227,referral,ios,35-44,1,1,0,0,0,0,2024-07-05 22:34:46.354207511,
U004228,paid_social,ios,25-34,1,1,0,0,0,0,2024-07-16 14:04:30.422143077,
U004229,organic_search,ios,18-24,1,1,0,0,0,0,2024-07-08 03:53:04.556765742,
U004230,referral,ios,18-24,1,1,1,0,0,0,2024-07-28 08:00:25.131055089,
U004231,referral,android,25-34,1,1,1,1,1,1,2024-07-01 22:00:46.291453930,2024-07-02 13:17:53.050091185
U004232,paid_social,ios,18-24,1,1,0,0,0,0,2024-07-21 12:07:04.726908379,
U004233,app_store,android,18-24,1,1,0,0,0,0,2024-07-22 15:27:14.405762300,
U004234,organic_search,android,25-34,1,1,1,1,1,1,2024-07-02 21:08:00.158566470,2024-07-04 15:27:04.082211392
U004235,paid_social,android,45+,1,1,0,0,0,0,2024-07-05 19:29:46.365948484,
U004236,organic_search,android,35-44,1,1,0,0,0,0,2024-07-11 18:15:14.669704292,
U004237,email,ios,25-34,1,1,1,0,0,0,2024-07-25 07:24:00.156339122,
U004238,referral,ios,45+,1,1,1,0,0,0,2024-07-16 00:51:50.251022035,
U004239,paid_social,ios,35-44,1,1,1,0,0,0,2024-07-19 08:21:58.331537636,
U004240,referral,android,25-34,1,1,1,1,1,0,2024-07-22 22:11:04.651537192,
U004241,paid_social,android,25-34,1,1,1,0,0,0,2024-07-24 04:29:54.649546126,
U004242,email,android,25-34,1,1,0,0,0,0,2024-07-14 08:03:47.566628042,
U004243,paid_social,ios,25-34,1,1,0,0,0,0,2024-07-15 05:54:32.361320804,
U004244,paid_social,android,25-34,1,0,0,0,0,0,2024-07-21 02:29:59.769466756,
U004245,app_store,ios,25-34,1,1,1,0,0,0,2024-07-08 08:57:57.834253227,
U004246,organic_search,ios,25-34,1,1,1,1,1,1,2024-07-24 22:13:01.570215475,2024-07-28 11:39:50.453150785
U004247,organic_search,android,35-44,1,1,1,1,1,0,2024-07-01 13:58:07.485771957,
U004248,referral,ios,25-34,1,0,0,0,0,0,2024-07-06 11:33:30.660065765,
U004249,app_store,android,35-44,1,0,0,0,0,0,2024-07-23 09:44:03.702193908,
U004250,paid_social,ios,25-34,1,1,1,0,0,0,2024-07-10 12:39:12.666210753,
U004251,organic_search,android,45+,1,0,0,0,0,0,2024-07-05 04:41:15.588849228,
U004252,paid_social,ios,25-34,1,1,1,0,0,0,2024-07-06 05:29:57.105017026,
U004253,paid_social,android,45+,1,1,1,1,0,0,2024-07-15 20:40:05.887563740,
U004254,organic_search,android,35-44,1,1,0,0,0,0,2024-07-24 16:38:02.355791395,
U004255,referral,android,35-44,1,1,0,0,0,0,2024-07-02 23:28:38.211593469,
U004256,app_store,ios,35-44,1,1,0,0,0,0,2024-07-01 20:28:59.415354350,
U004257,paid_social,android,18-24,1,1,0,0,0,0,2024-07-14 00:35:34.754216492,
U004258,paid_social,ios,45+,1,1,1,0,0,0,2024-07-27 18:33:28.594497754,
U004259,paid_social,ios,18-24,1,0,0,0,0,0,2024-07-08 19:29:40.516419454,
U004260,organic_search,ios,25-34,1,1,0,0,0,0,2024-07-27 20:33:45.368111001,
U004261,email,android,25-34,1,1,1,0,0,0,2024-07-25 20:31:18.302406531,
U004262,paid_social,ios,25-34,1,1,0,0,0,0,2024-07-08 22:16:00.376796665,
U004263,paid_social,android,35-44,1,1,1,1,1,1,2024-07-23 20:59:20.757048471,2024-07-24 15:44:10.141738450
U004264,referral,android,45+,1,1,1,1,1,1,2024-07-20 04:54:10.178374485,2024-07-20 11:58:05.734838459
U004265,paid_social,ios,25-34,1,1,0,0,0,0,2024-07-15 07:56:40.723238389,
U004266,referral,android,45+,1,1,1,0,0,0,2024-07-12 20:11:58.733249323,
U004267,organic_search,ios,25-34,1,1,1,0,0,0,2024-07-23 20:01:04.267134865,
U004268,email,android,18-24,1,0,0,0,0,0,2024-07-23 04:56:57.763575794,
U004269,app_store,ios,18-24,1,1,1,0,0,0,2024-07-22 04:39:40.383912240,
U004270,referral,ios,35-44,1,1,1,0,0,0,2024-07-28 22:49:40.797180044,
U004271,app_store,ios,18-24,1,1,0,0,0,0,2024-07-14 09:33:37.345509396,
U004272,organic_search,ios,25-34,1,0,0,0,0,0,2024-07-23 14:15:08.067941938,
U004273,paid_social,ios,18-24,1,1,0,0,0,0,2024-07-25 03:35:07.665406432,
U004274,referral,ios,25-34,1,1,1,0,0,0,2024-07-06 22:11:48.965052753,
U004275,referral,ios,35-44,1,1,1,0,0,0,2024-07-02 04:16:07.136614765,
U004276,paid_social,ios,25-34,1,1,1,1,0,0,2024-07-12 07:59:27.334574613,
U004277,paid_social,ios,18-24,1,1,1,1,1,0,2024-07-24 23:43:37.386989446,
U004278,organic_search,android,25-34,1,1,1,0,0,0,2024-07-09 02:16:38.657865759,
U004279,paid_social,android,25-34,1,1,0,0,0,0,2024-07-20 14:24:24.564719912,
U004280,organic_search,android,18-24,1,1,1,1,1,0,2024-07-01 04:56:16.618024266,
U004281,referral,android,25-34,1,1,1,1,0,0,2024-07-10 22:48:17.634669120,
U004282,organic_search,android,35-44,1,0,0,0,0,0,2024-07-18 05:37:37.987958920,
U004283,organic_search,android,18-24,1,1,1,1,0,0,2024-07-04 15:11:48.594222996,
U004284,referral,ios,25-34,1,0,0,0,0,0,2024-07-26 02:31:11.441867073,
U004285,referral,android,25-34,1,1,1,1,1,0,2024-07-05 09:00:58.005441637,
U004286,email,ios,25-34,1,1,0,0,0,0,2024-07-26 11:22:52.544073662,
U004287,referral,android,25-34,1,1,1,1,0,0,2024-07-07 01:24:49.015565852,
U004288,paid_social,android,25-34,1,1,0,0,0,0,2024-07-28 20:09:18.967937202,
U004289,email,ios,25-34,1,1,1,1,0,0,2024-07-17 22:23:28.087204693,
U004290,paid_social,android,35-44,1,0,0,0,0,0,2024-07-03 08:40:47.168625162,
U004291,organic_search,ios,18-24,1,1,1,1,0,0,2024-07-02 19:51:58.685650772,
U004292,referral,ios,35-44,1,1,0,0,0,0,2024-07-03 02:20:50.567590906,
U004293,app_store,ios,25-34,1,1,0,0,0,0,2024-07-17 12:24:28.534246272,
U004294,paid_social,android,25-34,1,1,1,1,0,0,2024-07-23 16:02:14.006270410,
U004295,organic_search,android,35-44,1,0,0,0,0,0,2024-07-12 06:47:27.464891208,
U004296,organic_search,android,25-34,1,1,1,0,0,0,2024-07-13 10:55:46.668854679,
U004297,organic_search,ios,25-34,1,1,1,0,0,0,2024-07-17 12:00:04.812705468,
U004298,paid_social,ios,35-44,1,1,0,0,0,0,2024-07-15 22:12:11.831099151,
U004299,referral,android,35-44,1,1,1,1,1,1,2024-07-20 06:22:38.944718594,2024-07-20 10:15:12.883446777
U004300,organic_search,ios,45+,1,0,0,0,0,0,2024-07-14 05:02:24.014218394,
U004301,app_store,android,35-44,1,1,1,1,1,1,2024-07-20 23:42:51.769306990,2024-07-29 02:05:01.595464756
U004302,email,ios,45+,1,1,1,1,1,1,2024-07-28 22:11:34.148368816,2024-07-31 13:33:16.741014990
U004303,referral,ios,18-24,1,0,0,0,0,0,2024-07-10 19:24:00.539968212,
U004304,email,ios,25-34,1,0,0,0,0,0,2024-07-01 08:12:31.647884817,
U004305,organic_search,android,25-34,1,1,1,0,0,0,2024-07-04 12:25:12.110198563,
U004306,paid_social,ios,18-24,1,1,0,0,0,0,2024-07-16 11:57:41.516320438,
U004307,referral,ios,25-34,1,1,1,1,1,0,2024-07-10 15:20:28.438660341,
U004308,email,ios,35-44,1,1,1,0,0,0,2024-07-27 07:40:05.890691118,
U004309,email,ios,25-34,1,1,0,0,0,0,2024-07-18 13:38:37.581187779,
U004310,organic_search,ios,35-44,1,1,1,1,0,0,2024-07-15 13:40:43.265887658,
U004311,app_store,ios,25-34,1,1,1,1,1,0,2024-07-23 08:16:57.161477269,
U004312,organic_search,android,25-34,1,1,1,1,0,0,2024-07-08 05:46:20.616041971,
U004313,email,ios,25-34,1,1,1,0,0,0,2024-07-23 22:51:51.476651085,
U004314,app_store,android,25-34,1,0,0,0,0,0,2024-07-01 02:03:25.424887212,
U004315,organic_search,android,25-34,1,1,1,1,1,0,2024-07-18 08:25:23.474478727,
U004316,referral,ios,35-44,1,1,1,1,1,1,2024-07-27 04:09:24.499809946,2024-07-27 17:54:55.320314334
U004317,organic_search,ios,18-24,1,1,0,0,0,0,2024-07-23 01:26:30.795960339,
U004318,paid_social,android,18-24,1,1,1,1,1,1,2024-07-24 21:38:31.837642890,2024-07-26 23:07:44.642201062
U004319,paid_social,ios,35-44,1,1,0,0,0,0,2024-07-12 02:45:12.798558892,
U004320,referral,ios,25-34,1,1,0,0,0,0,2024-07-24 01:53:18.858405426,
U004321,app_store,ios,25-34,1,1,0,0,0,0,2024-07-16 10:09:31.964041220,
U004322,referral,android,18-24,1,1,0,0,0,0,2024-07-18 07:39:32.540148540,
U004323,paid_social,android,25-34,1,0,0,0,0,0,2024-07-02 15:35:27.988921176,
U004324,email,android,35-44,1,1,1,1,0,0,2024-07-06 15:26:33.865804291,
U004325,app_store,android,45+,1,1,0,0,0,0,2024-07-16 10:14:53.114010385,
U004326,organic_search,ios,35-44,1,0,0,0,0,0,2024-07-02 15:30:51.519086604,
U004327,app_store,ios,18-24,1,0,0,0,0,0,2024-07-21 18:15:08.114496994,
U004328,organic_search,ios,35-44,1,0,0,0,0,0,2024-07-24 12:31:05.915016184,
U004329,email,ios,25-34,1,1,1,1,1,0,2024-07-26 18:29:00.624444392,
U004330,organic_search,ios,25-34,1,0,0,0,0,0,2024-07-03 20:23:18.256447788,
U004331,organic_search,ios,18-24,1,1,1,1,1,1,2024-07-27 07:29:31.224016759,2024-07-27 20:49:30.026242567
U004332,paid_social,ios,35-44,1,1,0,0,0,0,2024-07-02 21:26:26.322456789,
U004333,referral,ios,35-44,1,1,1,0,0,0,2024-07-14 06:33:56.797572571,
U004334,paid_social,ios,35-44,1,1,0,0,0,0,2024-07-24 12:38:55.269102800,
U004335,organic_search,android,35-44,1,1,1,1,1,1,2024-07-02 23:14:56.706415130,2024-07-03 14:10:06.650209199
U004336,referral,android,25-34,1,1,1,1,0,0,2024-07-01 12:15:04.611774949,
U004337,app_store,android,25-34,1,0,0,0,0,0,2024-07-01 16:45:53.521095128,
U004338,paid_social,ios,35-44,1,1,0,0,0,0,2024-07-15 07:34:24.963243654,
U004339,organic_search,ios,35-44,1,0,0,0,0,0,2024-07-23 17:23:34.844528248,
U004340,paid_social,ios,35-44,1,1,1,0,0,0,2024-07-04 13:37:50.602658833,
U004341,organic_search,ios,25-34,1,1,1,0,0,0,2024-07-04 11:44:17.126669223,
U004342,email,ios,35-44,1,1,0,0,0,0,2024-07-16 22:03:48.551736456,
U004343,email,android,25-34,1,1,1,1,1,1,2024-07-07 13:26:47.917484206,2024-07-13 04:11:05.002387169
U004344,referral,android,35-44,1,1,1,1,0,0,2024-07-21 10:42:13.068062478,
U004345,paid_social,ios,25-34,1,1,1,0,0,0,2024-07-27 14:09:17.931077193,
U004346,email,ios,45+,1,1,0,0,0,0,2024-07-22 10:46:28.017247720,
U004347,referral,ios,18-24,1,1,1,1,0,0,2024-07-25 13:27:42.646343875,
U004348,email,ios,35-44,1,1,1,1,1,1,2024-07-15 13:09:42.590477383,2024-07-17 09:12:26.219590246
U004349,referral,ios,25-34,1,1,1,0,0,0,2024-07-24 07:19:06.860763055,
U004350,email,ios,18-24,1,1,1,1,1,1,2024-07-06 02:54:39.382700583,2024-07-08 23:39:09.078703969
U004351,referral,ios,18-24,1,1,1,1,0,0,2024-07-02 21:55:47.216445103,
U004352,paid_social,ios,35-44,1,0,0,0,0,0,2024-07-19 08:48:01.764013640,
U004353,app_store,ios,18-24,1,1,0,0,0,0,2024-07-02 10:54:43.497091490,
U004354,paid_social,ios,18-24,1,1,1,1,1,1,2024-07-25 23:44:51.049182714,2024-07-28 11:42:29.373991351
U004355,referral,ios,45+,1,1,1,0,0,0,2024-07-20 08:43:27.792682266,
U004356,organic_search,android,35-44,1,0,0,0,0,0,2024-07-27 15:52:43.994909240,
U004357,referral,ios,25-34,1,0,0,0,0,0,2024-07-09 18:55:54.598952978,
U004358,referral,android,25-34,1,1,1,0,0,0,2024-07-14 14:41:54.181620560,
U004359,organic_search,android,25-34,1,1,0,0,0,0,2024-07-21 18:24:57.331117152,
U004360,organic_search,android,35-44,1,1,0,0,0,0,2024-07-07 19:08:50.921626815,
U004361,referral,android,35-44,1,1,1,1,1,1,2024-07-16 04:07:20.665614144,2024-07-16 14:40:39.616091936
U004362,email,android,35-44,1,1,1,0,0,0,2024-07-19 11:09:43.231693251,
U004363,paid_social,android,25-34,1,0,0,0,0,0,2024-07-28 09:45:33.896838283,
U004364,organic_search,ios,35-44,1,0,0,0,0,0,2024-07-21 20:26:26.209431178,
U004365,referral,ios,18-24,1,1,0,0,0,0,2024-07-04 07:23:02.152995136,
U004366,organic_search,android,18-24,1,1,1,0,0,0,2024-07-14 07:25:26.685586506,
U004367,paid_social,android,35-44,1,1,0,0,0,0,2024-07-17 11:39:14.278208371,
U004368,organic_search,android,18-24,1,0,0,0,0,0,2024-07-05 02:31:50.707217441,
U004369,organic_search,android,25-34,1,0,0,0,0,0,2024-07-13 02:16:52.285048626,
U004370,organic_search,android,35-44,1,1,1,1,1,1,2024-07-08 22:51:06.870879622,2024-07-09 18:51:29.488546270
U004371,paid_social,android,25-34,1,1,1,0,0,0,2024-07-04 07:51:07.590240291,
U004372,organic_search,android,18-24,1,1,0,0,0,0,2024-07-15 08:05:31.845434787,
U004373,paid_social,ios,35-44,1,1,1,0,0,0,2024-07-05 15:18:19.549585065,
U004374,paid_social,android,45+,1,1,0,0,0,0,2024-07-17 12:50:28.098850581,
U004375,paid_social,android,35-44,1,1,1,0,0,0,2024-07-05 18:02:10.818479522,
U004376,paid_social,android,25-34,1,1,1,1,1,1,2024-07-21 06:15:20.839179945,2024-07-23 11:17:41.637636401
U004377,email,android,25-34,1,1,1,0,0,0,2024-07-06 11:12:08.534433380,
U004378,organic_search,ios,18-24,1,1,1,1,1,1,2024-07-26 02:18:12.915797662,2024-07-26 09:21:57.932053534
U004379,paid_social,ios,35-44,1,1,1,1,1,0,2024-07-01 17:36:45.675362880,
U004380,organic_search,android,25-34,1,1,1,0,0,0,2024-07-15 14:46:56.078741046,
U004381,organic_search,android,45+,1,1,1,0,0,0,2024-07-09 23:06:37.449632736,
U004382,referral,ios,25-34,1,0,0,0,0,0,2024-07-07 07:15:05.131153890,
U004383,referral,ios,25-34,1,1,1,1,0,0,2024-07-14 04:55:01.443356324,
U004384,email,android,35-44,1,1,1,0,0,0,2024-07-24 13:50:13.662275650,
U004385,referral,android,35-44,1,1,1,0,0,0,2024-07-26 15:03:58.615610068,
U004386,app_store,android,35-44,1,1,1,0,0,0,2024-07-09 11:46:59.057023267,
U004387,organic_search,android,45+,1,1,1,1,1,0,2024-07-05 07:39:06.170572396,
U004388,organic_search,ios,45+,1,1,0,0,0,0,2024-07-21 03:56:03.770752408,
U004389,organic_search,ios,45+,1,0,0,0,0,0,2024-07-17 07:06:11.316623126,
U004390,organic_search,ios,35-44,1,1,1,1,0,0,2024-07-06 15:04:58.266880752,
U004391,paid_social,android,35-44,1,0,0,0,0,0,2024-07-22 06:55:07.570541125,
U004392,referral,ios,35-44,1,1,1,1,1,1,2024-07-15 12:43:16.508937788,2024-07-17 06:09:56.396637834
U004393,organic_search,android,18-24,1,1,1,1,1,1,2024-07-19 07:04:53.666648320,2024-07-21 14:07:48.813427793
U004394,app_store,ios,25-34,1,1,1,1,1,1,2024-07-11 01:28:32.990964229,2024-07-12 16:22:28.273998989
U004395,email,ios,18-24,1,1,1,1,1,1,2024-07-13 07:04:24.820302709,2024-07-15 01:26:15.209415869
U004396,organic_search,android,18-24,1,0,0,0,0,0,2024-07-06 01:11:23.604388659,
U004397,organic_search,ios,25-34,1,0,0,0,0,0,2024-07-22 04:22:43.187007608,
U004398,organic_search,android,18-24,1,1,1,0,0,0,2024-07-05 09:30:41.795388014,
U004399,organic_search,ios,45+,1,1,0,0,0,0,2024-07-22 19:01:09.637221766,
U004400,organic_search,ios,35-44,1,1,1,1,1,1,2024-07-23 08:15:40.602536791,2024-07-23 22:17:23.012352099
U004401,paid_social,ios,18-24,1,1,1,0,0,0,2024-07-21 21:42:57.052242151,
U004402,organic_search,ios,25-34,1,1,1,1,1,1,2024-07-01 13:03:07.608871706,2024-07-03 20:06:30.034220673
U004403,paid_social,android,35-44,1,1,0,0,0,0,2024-07-08 15:32:43.867938066,
U004404,app_store,ios,35-44,1,1,0,0,0,0,2024-07-14 02:43:22.667361956,
U004405,referral,ios,45+,1,1,1,0,0,0,2024-07-17 16:12:20.960991673,
U004406,app_store,ios,45+,1,1,1,0,0,0,2024-07-26 17:43:02.102793607,
U004407,organic_search,android,45+,1,0,0,0,0,0,2024-07-11 12:24:25.967773756,
U004408,paid_social,android,25-34,1,1,1,1,1,1,2024-07-25 12:00:56.412777949,2024-07-28 03:53:53.346736726
U004409,referral,ios,25-34,1,1,0,0,0,0,2024-07-05 13:49:28.133860634,
U004410,organic_search,android,35-44,1,1,1,0,0,0,2024-07-11 09:30:01.755380869,
U004411,organic_search,android,25-34,1,1,1,1,1,1,2024-07-02 11:08:00.640578944,2024-07-03 00:12:30.079315511
U004412,referral,android,35-44,1,1,0,0,0,0,2024-07-21 18:57:10.092921760,
U004413,referral,ios,25-34,1,0,0,0,0,0,2024-07-05 05:14:19.150781704,
U004414,paid_social,android,35-44,1,1,0,0,0,0,2024-07-08 04:43:02.821856750,
U004415,paid_social,android,25-34,1,1,1,1,1,1,2024-07-22 16:57:24.283705824,2024-07-24 08:11:43.904995188
U004416,paid_social,android,25-34,1,1,0,0,0,0,2024-07-15 23:19:46.682789019,
U004417,organic_search,android,25-34,1,1,1,1,0,0,2024-07-01 09:23:22.802817145,
U004418,paid_social,android,45+,1,1,0,0,0,0,2024-07-01 01:30:07.407324903,
U004419,organic_search,ios,25-34,1,1,0,0,0,0,2024-07-15 07:09:50.200305159,
U004420,organic_search,android,45+,1,1,1,0,0,0,2024-07-09 12:55:48.378862052,
U004421,app_store,ios,35-44,1,0,0,0,0,0,2024-07-06 01:10:09.450151532,
U004422,referral,android,35-44,1,1,0,0,0,0,2024-07-18 04:20:06.454122817,
U004423,referral,ios,35-44,1,1,1,1,1,1,2024-07-07 09:30:33.512378799,2024-07-09 05:10:11.097109055
U004424,paid_social,ios,35-44,1,1,1,0,0,0,2024-07-17 13:57:47.536517826,
U004425,paid_social,android,25-34,1,1,1,0,0,0,2024-07-11 14:52:00.187658310,
U004426,organic_search,android,18-24,1,1,1,0,0,0,2024-07-06 05:29:36.449786756,
U004427,organic_search,ios,45+,1,1,1,0,0,0,2024-07-04 20:48:22.981852076,
U004428,organic_search,ios,35-44,1,1,1,1,1,0,2024-07-07 15:10:13.171085536,
U004429,email,ios,25-34,1,1,1,1,0,0,2024-07-01 20:02:49.835705013,
U004430,referral,android,35-44,1,1,1,1,1,1,2024-07-09 15:03:40.746558139,2024-07-10 18:58:40.045788461
U004431,paid_social,android,25-34,1,0,0,0,0,0,2024-07-26 06:06:48.786487797,
U004432,paid_social,ios,18-24,1,0,0,0,0,0,2024-07-24 06:40:31.254936222,
U004433,app_store,android,25-34,1,1,0,0,0,0,2024-07-11 09:59:11.488256199,
U004434,organic_search,android,25-34,1,1,1,0,0,0,2024-07-17 02:57:36.690073099,
U004435,organic_search,ios,18-24,1,0,0,0,0,0,2024-07-16 21:15:58.664366809,
U004436,paid_social,android,25-34,1,1,0,0,0,0,2024-07-24 04:54:41.854817430,
U004437,email,ios,25-34,1,1,1,0,0,0,2024-07-07 14:47:13.013589843,
U004438,app_store,android,18-24,1,1,1,1,1,1,2024-07-09 07:10:20.612888054,2024-07-09 16:09:33.436762376
U004439,organic_search,ios,25-34,1,1,0,0,0,0,2024-07-09 10:47:59.321317383,
U004440,email,ios,25-34,1,1,1,1,1,1,2024-07-02 03:27:52.679255634,2024-07-03 20:07:43.166392485
U004441,email,ios,18-24,1,1,1,0,0,0,2024-07-09 19:28:12.878869213,
U004442,organic_search,ios,18-24,1,1,1,0,0,0,2024-07-25 13:57:29.008321707,
U004443,paid_social,android,18-24,1,0,0,0,0,0,2024-07-26 12:51:20.517004926,
U004444,paid_social,ios,18-24,1,0,0,0,0,0,2024-07-04 01:40:29.828483277,
U004445,app_store,ios,35-44,1,0,0,0,0,0,2024-07-13 19:48:55.223883309,
U004446,organic_search,android,25-34,1,0,0,0,0,0,2024-07-11 16:15:59.262720818,
U004447,email,ios,18-24,1,1,1,0,0,0,2024-07-14 16:50:57.768471301,
U004448,paid_social,ios,18-24,1,1,0,0,0,0,2024-07-16 12:46:17.472602751,
U004449,referral,android,25-34,1,1,1,1,1,0,2024-07-01 13:36:49.992234930,
U004450,paid_social,android,35-44,1,0,0,0,0,0,2024-07-24 13:59:12.446170872,
U004451,referral,ios,25-34,1,1,0,0,0,0,2024-07-28 06:18:08.125820938,
U004452,email,ios,18-24,1,1,1,1,0,0,2024-07-19 07:05:16.921199212,
U004453,email,android,25-34,1,1,1,0,0,0,2024-07-19 11:49:26.055363158,
U004454,email,ios,25-34,1,1,0,0,0,0,2024-07-15 18:48:08.872064049,
U004455,organic_search,ios,18-24,1,1,0,0,0,0,2024-07-10 08:37:54.237619434,
U004456,referral,ios,35-44,1,1,1,0,0,0,2024-07-05 04:06:47.152255096,
U004457,organic_search,ios,25-34,1,1,1,0,0,0,2024-07-17 08:29:26.038650285,
U004458,paid_social,android,18-24,1,0,0,0,0,0,2024-07-02 06:12:02.243369473,
U004459,paid_social,android,35-44,1,1,1,1,0,0,2024-07-24 02:03:56.611760180,
U004460,paid_social,android,35-44,1,1,1,1,1,1,2024-07-12 18:51:09.583359314,2024-07-14 19:27:44.999885951
U004461,paid_social,android,35-44,1,0,0,0,0,0,2024-07-12 14:42:53.419092649,
U004462,app_store,ios,25-34,1,1,1,0,0,0,2024-07-10 03:51:31.740824912,
U004463,organic_search,ios,25-34,1,1,1,1,1,1,2024-07-28 03:24:20.927539620,2024-07-31 04:31:46.131880116
U004464,referral,android,25-34,1,1,1,1,0,0,2024-07-05 21:32:39.092142922,
U004465,paid_social,ios,35-44,1,0,0,0,0,0,2024-07-05 05:40:43.881712831,
U004466,organic_search,ios,25-34,1,1,0,0,0,0,2024-07-05 15:14:13.808537736,
U004467,organic_search,android,18-24,1,0,0,0,0,0,2024-07-19 10:31:49.686512566,
U004468,app_store,android,35-44,1,1,1,0,0,0,2024-07-28 18:33:13.155070643,
U004469,email,ios,35-44,1,1,1,0,0,0,2024-07-07 14:14:21.532235924,
U004470,app_store,android,25-34,1,0,0,0,0,0,2024-07-26 08:34:29.606985667,
U004471,app_store,android,45+,1,1,0,0,0,0,2024-07-08 19:13:49.180036411,
U004472,organic_search,ios,35-44,1,1,1,1,1,0,2024-07-19 03:23:19.486767127,
U004473,paid_social,android,18-24,1,1,1,1,0,0,2024-07-02 03:12:55.064517202,
U004474,referral,ios,45+,1,1,1,0,0,0,2024-07-14 21:04:46.095294716,
U004475,paid_social,ios,25-34,1,1,0,0,0,0,2024-07-19 07:52:15.662422113,
U004476,paid_social,android,35-44,1,0,0,0,0,0,2024-07-16 00:24:24.805056981,
U004477,paid_social,android,35-44,1,1,1,0,0,0,2024-07-07 15:49:31.363106030,
U004478,referral,ios,25-34,1,1,1,1,1,1,2024-07-24 04:44:59.817249740,2024-07-25 07:11:22.637291963
U004479,referral,ios,25-34,1,1,1,1,1,1,2024-07-28 03:55:54.247987552,2024-07-29 02:35:30.955527790
U004480,organic_search,ios,45+,1,1,1,0,0,0,2024-07-13 20:34:47.194698244,
U004481,paid_social,android,25-34,1,1,0,0,0,0,2024-07-18 19:20:15.886345840,
U004482,referral,ios,25-34,1,0,0,0,0,0,2024-07-23 03:09:27.778781610,
U004483,referral,ios,25-34,1,1,0,0,0,0,2024-07-07 18:16:50.335456245,
U004484,organic_search,ios,45+,1,1,1,0,0,0,2024-07-25 04:54:38.363962118,
U004485,referral,ios,45+,1,1,1,0,0,0,2024-07-08 20:17:42.030125944,
U004486,organic_search,ios,25-34,1,1,0,0,0,0,2024-07-22 17:21:29.879864064,
U004487,paid_social,android,45+,1,1,0,0,0,0,2024-07-04 03:19:50.463086001,
U004488,email,ios,25-34,1,1,0,0,0,0,2024-07-09 01:47:45.112899559,
U004489,referral,ios,45+,1,1,1,1,1,0,2024-07-15 22:35:33.344187327,
U004490,organic_search,android,25-34,1,1,1,0,0,0,2024-07-15 16:44:51.533927880,
U004491,referral,android,18-24,1,1,1,0,0,0,2024-07-24 19:29:23.121509416,
U004492,referral,ios,18-24,1,1,1,1,0,0,2024-07-28 21:23:51.061679318,
U004493,email,ios,18-24,1,1,1,1,1,1,2024-07-04 00:02:44.478304850,2024-07-05 11:55:46.098760648
U004494,referral,android,18-24,1,0,0,0,0,0,2024-07-08 14:22:22.170930330,
U004495,referral,ios,35-44,1,0,0,0,0,0,2024-07-11 00:18:21.590171665,
U004496,paid_social,android,25-34,1,1,1,0,0,0,2024-07-14 09:49:59.412173962,
U004497,organic_search,ios,45+,1,0,0,0,0,0,2024-07-14 19:54:26.450639121,
U004498,organic_search,ios,35-44,1,1,1,0,0,0,2024-07-24 23:21:47.096768649,
U004499,paid_social,ios,35-44,1,1,1,0,0,0,2024-07-22 13:48:57.065297713,
U004500,referral,android,25-34,1,1,0,0,0,0,2024-07-01 12:40:05.740008618,
U004501,paid_social,android,45+,1,1,1,0,0,0,2024-07-13 17:46:28.643202847,
U004502,organic_search,ios,35-44,1,1,0,0,0,0,2024-07-18 07:20:44.229480100,
U004503,organic_search,ios,45+,1,1,0,0,0,0,2024-07-13 21:23:09.004295443,
U004504,paid_social,ios,45+,1,0,0,0,0,0,2024-07-04 15:47:37.003377379,
U004505,organic_search,ios,18-24,1,0,0,0,0,0,2024-07-12 03:06:09.303264417,
U004506,referral,android,18-24,1,0,0,0,0,0,2024-07-12 12:37:57.457657858,
U004507,organic_search,ios,35-44,1,0,0,0,0,0,2024-07-06 06:08:42.359590456,
U004508,referral,android,45+,1,0,0,0,0,0,2024-07-22 04:14:18.171328131,
U004509,app_store,android,25-34,1,1,1,0,0,0,2024-07-09 23:58:52.525400678,
U004510,organic_search,android,25-34,1,1,0,0,0,0,2024-07-17 11:47:58.053343596,
U004511,paid_social,android,35-44,1,1,0,0,0,0,2024-07-15 10:34:14.453775451,
U004512,organic_search,ios,25-34,1,1,1,0,0,0,2024-07-25 13:37:51.590040286,
U004513,referral,ios,25-34,1,1,1,1,0,0,2024-07-04 09:59:38.523162577,
U004514,referral,ios,25-34,1,0,0,0,0,0,2024-07-04 04:47:05.069566770,
U004515,paid_social,ios,25-34,1,0,0,0,0,0,2024-07-09 09:48:53.343542401,
U004516,paid_social,ios,25-34,1,1,1,0,0,0,2024-07-13 01:46:35.250890019,
U004517,email,ios,45+,1,1,1,1,1,1,2024-07-09 08:37:13.408181176,2024-07-22 00:08:08.949368464
U004518,organic_search,android,35-44,1,0,0,0,0,0,2024-07-22 08:51:42.189730574,
U004519,organic_search,ios,45+,1,1,1,1,1,0,2024-07-07 20:49:07.127650016,
U004520,email,android,35-44,1,1,1,1,0,0,2024-07-03 08:58:07.057714612,
U004521,referral,android,25-34,1,0,0,0,0,0,2024-07-12 14:04:24.500071729,
U004522,email,android,35-44,1,1,1,0,0,0,2024-07-22 15:42:39.173864619,
U004523,referral,ios,45+,1,1,0,0,0,0,2024-07-24 19:34:39.453925044,
U004524,email,ios,45+,1,0,0,0,0,0,2024-07-21 12:48:27.857160619,
U004525,paid_social,ios,35-44,1,1,1,0,0,0,2024-07-16 14:53:59.452626580,
U004526,referral,ios,25-34,1,1,0,0,0,0,2024-07-21 06:39:24.564871609,
U004527,app_store,ios,18-24,1,1,1,1,1,0,2024-07-20 01:53:37.563807102,
U004528,referral,android,18-24,1,1,1,1,1,1,2024-07-07 13:29:39.757332051,2024-07-07 17:32:20.852017209
U004529,organic_search,ios,45+,1,1,1,0,0,0,2024-07-16 10:06:35.912017965,
U004530,organic_search,ios,25-34,1,0,0,0,0,0,2024-07-22 13:50:58.097518893,
U004531,organic_search,android,45+,1,1,1,0,0,0,2024-07-09 21:06:18.305208334,
U004532,organic_search,ios,25-34,1,1,1,0,0,0,2024-07-19 07:28:11.836537600,
U004533,paid_social,ios,35-44,1,1,1,0,0,0,2024-07-14 11:33:17.450253478,
U004534,referral,android,18-24,1,1,1,1,0,0,2024-07-15 02:07:21.892206190,
U004535,referral,ios,25-34,1,0,0,0,0,0,2024-07-03 12:31:01.147402599,
U004536,paid_social,android,25-34,1,1,0,0,0,0,2024-07-19 15:41:52.566306774,
U004537,referral,ios,35-44,1,1,1,1,1,0,2024-07-25 05:44:30.075929656,
U004538,organic_search,android,18-24,1,1,1,1,1,1,2024-07-04 23:02:30.571992168,2024-07-08 07:18:28.853606098
U004539,organic_search,ios,35-44,1,0,0,0,0,0,2024-07-11 06:01:22.818034034,
U004540,organic_search,ios,25-34,1,1,1,0,0,0,2024-07-02 08:42:16.306750947,
U004541,paid_social,android,35-44,1,1,1,0,0,0,2024-07-01 19:54:45.458554086,
U004542,organic_search,ios,18-24,1,0,0,0,0,0,2024-07-28 17:03:01.835148283,
U004543,organic_search,ios,35-44,1,1,1,1,1,1,2024-07-14 19:36:46.272894804,2024-07-16 20:55:41.369432552
U004544,paid_social,ios,25-34,1,1,1,0,0,0,2024-07-10 22:54:31.609882389,
U004545,email,ios,35-44,1,0,0,0,0,0,2024-07-08 16:43:02.623771246,
U004546,organic_search,ios,25-34,1,1,1,0,0,0,2024-07-28 10:34:06.590650846,
U004547,referral,android,35-44,1,1,1,0,0,0,2024-07-08 01:30:45.100334055,
U004548,referral,android,45+,1,1,1,0,0,0,2024-07-21 07:40:33.750968746,
U004549,email,android,18-24,1,1,1,1,1,1,2024-07-08 22:41:07.585373716,2024-07-09 10:10:50.481620888
U004550,app_store,ios,18-24,1,1,1,0,0,0,2024-07-02 23:22:08.211359460,
U004551,organic_search,ios,35-44,1,0,0,0,0,0,2024-07-20 03:09:42.785841805,
U004552,organic_search,android,35-44,1,0,0,0,0,0,2024-07-01 01:05:45.346586168,
U004553,email,android,25-34,1,1,0,0,0,0,2024-07-19 22:06:10.799167330,
U004554,paid_social,ios,25-34,1,1,1,1,0,0,2024-07-08 00:15:11.068276179,
U004555,referral,ios,18-24,1,1,1,0,0,0,2024-07-21 21:22:55.358227376,
U004556,referral,ios,18-24,1,1,0,0,0,0,2024-07-22 13:16:19.604854689,
U004557,referral,ios,25-34,1,1,1,1,0,0,2024-07-21 06:36:00.232147386,
U004558,app_store,android,35-44,1,0,0,0,0,0,2024-07-01 16:27:10.341598442,
U004559,app_store,ios,25-34,1,0,0,0,0,0,2024-07-20 16:54:39.630242203,
U004560,referral,android,25-34,1,1,0,0,0,0,2024-07-28 17:22:40.269523702,
U004561,organic_search,ios,45+,1,1,1,1,1,1,2024-07-07 19:02:39.291537188,2024-07-13 01:10:37.691457934
U004562,email,ios,25-34,1,1,1,1,0,0,2024-07-08 16:17:17.953927537,
U004563,organic_search,android,35-44,1,1,0,0,0,0,2024-07-23 18:41:23.428745239,
U004564,organic_search,ios,45+,1,1,1,0,0,0,2024-07-05 11:47:11.950791669,
U004565,email,ios,25-34,1,1,1,0,0,0,2024-07-19 11:54:44.027780612,
U004566,organic_search,android,25-34,1,1,1,1,1,1,2024-07-22 03:22:39.812449400,2024-07-23 00:04:10.409821478
U004567,organic_search,android,45+,1,1,1,1,0,0,2024-07-02 00:58:19.073073388,
U004568,organic_search,android,45+,1,0,0,0,0,0,2024-07-16 12:07:41.258446435,
U004569,email,ios,25-34,1,1,1,1,1,1,2024-07-17 02:59:22.263850006,2024-07-19 12:26:38.480787653
U004570,paid_social,ios,18-24,1,0,0,0,0,0,2024-07-09 11:54:49.057370229,
U004571,referral,android,25-34,1,1,1,1,1,1,2024-07-25 12:54:13.024206475,2024-07-27 04:12:54.499663396
U004572,organic_search,ios,25-34,1,0,0,0,0,0,2024-07-05 13:22:04.120930210,
U004573,email,android,25-34,1,0,0,0,0,0,2024-07-11 04:44:19.841236576,
U004574,email,ios,35-44,1,1,1,1,0,0,2024-07-24 18:18:19.287946818,
U004575,paid_social,ios,45+,1,0,0,0,0,0,2024-07-06 08:06:42.956781217,
U004576,paid_social,android,25-34,1,1,1,1,0,0,2024-07-23 23:57:48.310603912,
U004577,organic_search,ios,35-44,1,1,1,1,0,0,2024-07-03 05:08:04.153888557,
U004578,app_store,ios,18-24,1,1,0,0,0,0,2024-07-14 16:45:42.959346022,
U004579,referral,ios,18-24,1,1,1,1,1,0,2024-07-03 02:37:19.938588646,
U004580,app_store,ios,25-34,1,0,0,0,0,0,2024-07-19 23:33:04.352980816,
U004581,paid_social,ios,18-24,1,1,0,0,0,0,2024-07-23 03:17:03.122323306,
U004582,email,ios,25-34,1,1,1,1,0,0,2024-07-24 19:06:17.799918667,
U004583,email,ios,45+,1,1,1,1,1,1,2024-07-28 11:24:29.636999856,2024-08-01 15:05:30.059590801
U004584,referral,android,25-34,1,1,1,1,1,0,2024-07-19 19:35:40.435387159,
U004585,app_store,ios,35-44,1,1,1,1,0,0,2024-07-22 12:48:34.581961778,
U004586,paid_social,android,25-34,1,1,0,0,0,0,2024-07-15 03:52:10.426914958,
U004587,organic_search,ios,18-24,1,1,1,1,1,1,2024-07-26 13:21:33.111337381,2024-07-28 16:55:35.022545777
U004588,referral,android,25-34,1,1,1,1,0,0,2024-07-19 00:36:20.278216940,
U004589,referral,ios,35-44,1,1,1,1,0,0,2024-07-25 17:44:47.562003250,
U004590,referral,android,25-34,1,1,1,1,1,1,2024-07-07 14:13:25.519559980,2024-07-12 22:15:16.987394969
U004591,organic_search,android,35-44,1,1,1,0,0,0,2024-07-14 21:48:28.039113140,
U004592,paid_social,android,45+,1,0,0,0,0,0,2024-07-21 10:26:17.933837553,
U004593,paid_social,android,35-44,1,0,0,0,0,0,2024-07-06 16:13:44.468638042,
U004594,paid_social,ios,18-24,1,1,0,0,0,0,2024-07-06 22:01:13.227859376,
U004595,referral,android,35-44,1,0,0,0,0,0,2024-07-28 09:14:40.997589316,
U004596,referral,android,25-34,1,0,0,0,0,0,2024-07-13 04:03:29.384695447,
U004597,organic_search,android,35-44,1,0,0,0,0,0,2024-07-06 02:10:47.943713190,
U004598,paid_social,ios,25-34,1,1,0,0,0,0,2024-07-10 06:44:37.423289659,
U004599,organic_search,android,18-24,1,0,0,0,0,0,2024-07-12 03:02:12.377884927,
U004600,organic_search,ios,25-34,1,1,0,0,0,0,2024-07-18 10:42:47.854871960,
U004601,email,ios,25-34,1,1,1,1,1,1,2024-07-26 20:15:57.063168324,2024-07-27 08:27:15.256303542
U004602,app_store,ios,25-34,1,1,1,1,1,0,2024-07-28 14:59:18.711670722,
U004603,paid_social,ios,45+,1,0,0,0,0,0,2024-07-19 05:56:29.637557764,
U004604,email,android,45+,1,1,1,1,1,0,2024-07-20 14:20:52.175241855,
U004605,email,android,25-34,1,1,1,0,0,0,2024-07-10 00:16:09.127329988,
U004606,email,android,25-34,1,1,1,1,1,1,2024-07-25 00:00:38.074109612,2024-08-08 08:17:42.435831126
U004607,organic_search,android,25-34,1,1,1,0,0,0,2024-07-07 02:21:37.732564987,
U004608,app_store,ios,25-34,1,0,0,0,0,0,2024-07-03 23:29:16.066813092,
U004609,paid_social,android,45+,1,1,0,0,0,0,2024-07-28 06:01:40.891244235,
U004610,paid_social,ios,35-44,1,0,0,0,0,0,2024-07-25 04:42:04.286964232,
U004611,organic_search,android,25-34,1,1,0,0,0,0,2024-07-09 12:02:58.309474653,
U004612,paid_social,android,25-34,1,0,0,0,0,0,2024-07-19 21:42:52.997069034,
U004613,organic_search,android,35-44,1,1,1,0,0,0,2024-07-14 01:50:10.810254012,
U004614,organic_search,ios,35-44,1,0,0,0,0,0,2024-07-10 01:08:31.756307121,
U004615,paid_social,android,25-34,1,1,1,1,0,0,2024-07-09 00:42:44.170671304,
U004616,email,ios,18-24,1,1,0,0,0,0,2024-07-04 19:24:37.595478416,
U004617,email,ios,18-24,1,1,1,0,0,0,2024-07-16 09:08:30.304641710,
U004618,paid_social,android,25-34,1,0,0,0,0,0,2024-07-13 12:06:46.712732274,
U004619,email,ios,25-34,1,0,0,0,0,0,2024-07-15 08:11:21.387989626,
U004620,email,android,18-24,1,1,1,0,0,0,2024-07-07 00:43:12.059566176,
U004621,email,ios,35-44,1,1,1,1,0,0,2024-07-27 06:44:46.934734639,
U004622,organic_search,ios,25-34,1,1,1,1,1,1,2024-07-18 21:07:59.822162846,2024-07-19 18:12:09.076926801
U004623,referral,android,45+,1,0,0,0,0,0,2024-07-26 04:31:53.910341767,
U004624,app_store,ios,18-24,1,1,0,0,0,0,2024-07-04 01:25:48.804866443,
U004625,referral,ios,18-24,1,1,1,1,0,0,2024-07-18 10:33:21.056599256,
U004626,paid_social,ios,25-34,1,1,1,1,0,0,2024-07-24 18:50:18.031663953,
U004627,paid_social,ios,18-24,1,1,1,0,0,0,2024-07-10 06:22:43.550527159,
U004628,referral,android,45+,1,1,1,0,0,0,2024-07-06 11:08:10.354773778,
U004629,paid_social,ios,18-24,1,1,1,0,0,0,2024-07-08 10:05:39.543004953,
U004630,organic_search,android,25-34,1,1,0,0,0,0,2024-07-08 15:24:41.271753114,
U004631,paid_social,android,45+,1,0,0,0,0,0,2024-07-13 12:31:03.735943017,
U004632,email,ios,25-34,1,0,0,0,0,0,2024-07-10 03:02:51.147843759,
U004633,email,android,18-24,1,0,0,0,0,0,2024-07-08 14:17:46.236695172,
U004634,organic_search,android,25-34,1,1,1,0,0,0,2024-07-19 03:48:00.952301710,
U004635,app_store,ios,25-34,1,0,0,0,0,0,2024-07-02 11:38:15.913548621,
U004636,paid_social,ios,18-24,1,1,0,0,0,0,2024-07-10 12:43:28.052075636,
U004637,referral,ios,25-34,1,1,1,0,0,0,2024-07-20 07:30:47.956003196,
U004638,email,android,35-44,1,1,0,0,0,0,2024-07-05 22:10:15.713460609,
U004639,email,android,45+,1,1,0,0,0,0,2024-07-07 04:27:48.684265477,
U004640,app_store,ios,18-24,1,0,0,0,0,0,2024-07-06 14:50:52.700198931,
U004641,paid_social,android,18-24,1,0,0,0,0,0,2024-07-01 00:37:20.437404614,
U004642,email,android,25-34,1,1,1,0,0,0,2024-07-14 06:22:18.945230941,
U004643,organic_search,android,25-34,1,0,0,0,0,0,2024-07-02 02:10:49.103355486,
U004644,referral,android,25-34,1,0,0,0,0,0,2024-07-08 15:24:55.992645838,
U004645,referral,ios,35-44,1,1,1,0,0,0,2024-07-28 20:30:28.444772898,
U004646,referral,android,35-44,1,0,0,0,0,0,2024-07-26 17:09:44.114595411,
U004647,organic_search,android,18-24,1,1,1,0,0,0,2024-07-07 00:31:51.395091805,
U004648,email,android,35-44,1,0,0,0,0,0,2024-07-09 16:19:17.883286186,
U004649,organic_search,ios,18-24,1,1,1,1,1,1,2024-07-13 23:36:34.125424081,2024-07-15 04:32:02.694390676
U004650,organic_search,ios,25-34,1,1,0,0,0,0,2024-07-24 15:26:45.252078043,
U004651,referral,ios,18-24,1,1,1,1,0,0,2024-07-23 11:22:41.061418165,
U004652,paid_social,ios,18-24,1,1,0,0,0,0,2024-07-04 12:50:03.283341151,
U004653,email,android,35-44,1,1,1,0,0,0,2024-07-04 11:37:46.653924334,
U004654,paid_social,ios,25-34,1,1,1,1,1,1,2024-07-12 16:02:38.668620472,2024-07-15 13:19:27.376565868
U004655,organic_search,android,18-24,1,0,0,0,0,0,2024-07-25 08:42:14.766553638,
U004656,email,android,45+,1,1,1,1,1,0,2024-07-25 16:45:40.029811840,
U004657,paid_social,android,25-34,1,0,0,0,0,0,2024-07-04 00:08:59.463561652,
U004658,organic_search,ios,18-24,1,0,0,0,0,0,2024-07-17 01:55:39.999046263,
U004659,referral,android,18-24,1,1,1,0,0,0,2024-07-05 08:36:49.436885073,
U004660,paid_social,android,25-34,1,0,0,0,0,0,2024-07-20 05:04:44.026758732,
U004661,referral,android,45+,1,1,1,1,1,0,2024-07-26 15:50:35.313389610,
U004662,paid_social,ios,25-34,1,1,0,0,0,0,2024-07-13 17:36:17.872356956,
U004663,email,ios,45+,1,1,1,1,1,1,2024-07-03 07:49:53.848535012,2024-07-10 10:24:55.271187672
U004664,email,ios,25-34,1,1,0,0,0,0,2024-07-17 05:15:31.750708086,
U004665,referral,ios,25-34,1,1,1,0,0,0,2024-07-12 10:31:23.528392658,
U004666,organic_search,ios,25-34,1,1,1,0,0,0,2024-07-23 16:55:26.261646315,
U004667,email,android,35-44,1,1,1,1,1,1,2024-07-10 12:42:41.327130718,2024-07-15 20:59:07.775993514
U004668,referral,android,25-34,1,1,0,0,0,0,2024-07-25 11:55:51.307383288,
U004669,referral,ios,45+,1,0,0,0,0,0,2024-07-08 15:55:36.026150070,
U004670,paid_social,ios,18-24,1,1,1,0,0,0,2024-07-05 09:51:06.664741909,
U004671,email,android,25-34,1,1,1,0,0,0,2024-07-09 13:57:17.328809109,
U004672,referral,ios,25-34,1,1,1,0,0,0,2024-07-01 23:27:48.283577589,
U004673,organic_search,android,35-44,1,1,0,0,0,0,2024-07-08 20:59:50.243062164,
U004674,paid_social,ios,25-34,1,0,0,0,0,0,2024-07-19 11:35:56.579887410,
U004675,email,ios,25-34,1,1,0,0,0,0,2024-07-04 23:36:50.981724108,
U004676,organic_search,ios,25-34,1,1,1,0,0,0,2024-07-04 02:50:14.142165313,
U004677,app_store,android,35-44,1,1,1,0,0,0,2024-07-04 16:57:46.496602522,
U004678,referral,ios,35-44,1,1,1,0,0,0,2024-07-03 04:06:53.010373338,
U004679,referral,android,35-44,1,1,0,0,0,0,2024-07-25 11:45:17.988330438,
U004680,organic_search,ios,25-34,1,1,1,1,0,0,2024-07-27 10:26:43.287409201,
U004681,organic_search,ios,45+,1,1,1,1,1,1,2024-07-02 07:17:20.738262278,2024-07-03 23:55:29.917202494
U004682,app_store,android,35-44,1,1,0,0,0,0,2024-07-22 06:46:05.653910132,
U004683,organic_search,ios,25-34,1,1,1,0,0,0,2024-07-21 15:21:57.505658245,
U004684,email,android,18-24,1,0,0,0,0,0,2024-07-28 21:55:23.280016609,
U004685,paid_social,ios,25-34,1,1,1,1,0,0,2024-07-10 17:46:08.704835608,
U004686,organic_search,ios,25-34,1,1,1,0,0,0,2024-07-08 23:51:43.352697456,
U004687,organic_search,android,45+,1,1,1,1,0,0,2024-07-13 16:28:16.266663134,
U004688,paid_social,android,35-44,1,1,0,0,0,0,2024-07-24 23:37:06.668559321,
U004689,app_store,ios,45+,1,1,1,1,0,0,2024-07-21 09:36:53.740027684,
U004690,paid_social,android,25-34,1,1,1,1,0,0,2024-07-14 04:55:52.330750183,
U004691,paid_social,ios,25-34,1,1,0,0,0,0,2024-07-07 20:20:46.430477185,
U004692,paid_social,android,25-34,1,1,0,0,0,0,2024-07-21 08:33:16.481276442,
U004693,paid_social,android,18-24,1,0,0,0,0,0,2024-07-24 22:14:31.399167681,
U004694,paid_social,ios,35-44,1,0,0,0,0,0,2024-07-12 04:46:02.018198474,
U004695,email,ios,18-24,1,1,0,0,0,0,2024-07-19 17:17:21.910530123,
U004696,paid_social,ios,35-44,1,1,0,0,0,0,2024-07-12 04:56:32.921630426,
U004697,paid_social,ios,35-44,1,1,0,0,0,0,2024-07-14 09:32:51.325551880,
U004698,organic_search,ios,35-44,1,0,0,0,0,0,2024-07-15 16:44:23.191186927,
U004699,app_store,android,18-24,1,0,0,0,0,0,2024-07-22 17:17:15.889282695,
U004700,organic_search,android,35-44,1,1,0,0,0,0,2024-07-28 08:53:02.476804711,
U004701,organic_search,ios,45+,1,1,0,0,0,0,2024-07-13 10:36:50.620654411,
U004702,referral,ios,45+,1,1,1,1,1,1,2024-07-10 14:02:08.463114207,2024-07-13 06:57:39.475267473
U004703,referral,android,35-44,1,0,0,0,0,0,2024-07-11 11:03:11.362858009,
U004704,paid_social,android,35-44,1,1,1,0,0,0,2024-07-04 17:58:24.436632439,
U004705,paid_social,ios,25-34,1,0,0,0,0,0,2024-07-09 07:32:34.194528636,
U004706,email,ios,35-44,1,1,1,1,1,1,2024-07-03 10:05:33.582179896,2024-07-07 22:28:29.929716738
U004707,organic_search,ios,35-44,1,1,1,1,1,1,2024-07-12 23:32:41.801483234,2024-07-15 09:36:04.410304286
U004708,email,ios,35-44,1,1,0,0,0,0,2024-07-05 16:27:50.705917290,
U004709,referral,ios,35-44,1,1,1,1,0,0,2024-07-10 16:47:07.199861290,
U004710,paid_social,ios,25-34,1,0,0,0,0,0,2024-07-23 05:17:03.291328172,
U004711,paid_social,ios,18-24,1,0,0,0,0,0,2024-07-07 21:15:48.172305236,
U004712,organic_search,android,25-34,1,0,0,0,0,0,2024-07-18 03:11:35.467950732,
U004713,email,ios,25-34,1,1,1,0,0,0,2024-07-26 05:35:38.089446244,
U004714,paid_social,ios,25-34,1,1,1,0,0,0,2024-07-16 20:58:35.089261878,
U004715,paid_social,ios,18-24,1,1,0,0,0,0,2024-07-06 10:13:43.088819019,
U004716,referral,android,25-34,1,1,1,1,1,1,2024-07-10 15:40:58.376442435,2024-07-10 23:28:50.529301096
U004717,app_store,android,35-44,1,0,0,0,0,0,2024-07-17 12:43:41.186019691,
U004718,paid_social,ios,25-34,1,1,0,0,0,0,2024-07-15 04:26:33.669307039,
U004719,app_store,ios,18-24,1,1,1,0,0,0,2024-07-05 03:52:21.107921084,
U004720,paid_social,android,25-34,1,1,0,0,0,0,2024-07-13 12:14:49.717075423,
U004721,organic_search,ios,25-34,1,1,1,1,1,1,2024-07-16 04:56:26.948326873,2024-07-16 14:35:45.296092291
U004722,organic_search,ios,25-34,1,1,1,1,0,0,2024-07-08 11:38:51.302815760,
U004723,paid_social,ios,25-34,1,1,1,0,0,0,2024-07-18 03:33:48.190710168,
U004724,organic_search,android,45+,1,0,0,0,0,0,2024-07-02 23:08:51.312674619,
U004725,organic_search,android,18-24,1,1,1,1,1,1,2024-07-10 10:11:59.735601697,2024-07-16 17:02:18.814906345
U004726,app_store,android,35-44,1,1,1,0,0,0,2024-07-23 12:28:26.513855508,
U004727,email,ios,45+,1,1,1,1,1,1,2024-07-08 06:14:21.790357008,2024-07-09 14:53:17.751765357
U004728,referral,android,45+,1,1,1,1,1,1,2024-07-17 22:40:43.835527448,2024-07-18 06:13:59.487175484
U004729,organic_search,android,18-24,1,1,1,1,1,0,2024-07-12 11:32:23.883407988,
U004730,organic_search,android,25-34,1,0,0,0,0,0,2024-07-09 20:39:40.376530965,
U004731,organic_search,ios,18-24,1,1,1,1,1,1,2024-07-26 15:38:25.779391936,2024-07-27 07:19:18.816854915
U004732,referral,ios,25-34,1,1,1,1,1,1,2024-07-10 14:40:18.748380064,2024-07-10 20:26:40.512923976
U004733,app_store,android,18-24,1,0,0,0,0,0,2024-07-07 15:02:46.340877393,
U004734,paid_social,ios,35-44,1,1,1,1,0,0,2024-07-26 11:03:01.742796943,
U004735,organic_search,ios,18-24,1,1,0,0,0,0,2024-07-21 21:16:28.585879924,
U004736,paid_social,ios,25-34,1,1,1,1,1,0,2024-07-20 02:10:09.867378680,
U004737,paid_social,android,25-34,1,1,1,1,1,0,2024-07-02 09:17:14.931848187,
U004738,paid_social,android,45+,1,1,1,1,0,0,2024-07-04 16:10:11.040963603,
U004739,referral,ios,35-44,1,1,0,0,0,0,2024-07-18 20:57:52.040448334,
U004740,referral,android,25-34,1,1,1,0,0,0,2024-07-06 20:44:19.918124329,
U004741,organic_search,android,25-34,1,0,0,0,0,0,2024-07-07 07:37:43.414836963,
U004742,organic_search,android,18-24,1,1,0,0,0,0,2024-07-22 19:34:51.896319261,
U004743,app_store,ios,35-44,1,1,0,0,0,0,2024-07-09 00:08:29.636226330,
U004744,organic_search,ios,35-44,1,1,1,0,0,0,2024-07-03 00:06:24.001365916,
U004745,organic_search,ios,35-44,1,1,1,0,0,0,2024-07-02 00:28:56.166932017,
U004746,organic_search,ios,18-24,1,1,1,0,0,0,2024-07-13 09:48:56.186743798,
U004747,organic_search,android,35-44,1,1,1,1,1,0,2024-07-18 06:42:37.455134695,
U004748,paid_social,ios,35-44,1,0,0,0,0,0,2024-07-25 07:53:27.156621451,
U004749,email,android,45+,1,1,0,0,0,0,2024-07-04 02:27:37.992462962,
U004750,paid_social,ios,25-34,1,1,1,1,1,1,2024-07-06 12:09:50.901356646,2024-07-09 02:39:39.782908998
U004751,paid_social,ios,25-34,1,1,1,1,1,1,2024-07-15 20:01:33.637907355,2024-08-05 16:56:06.956884557
U004752,referral,ios,25-34,1,1,1,0,0,0,2024-07-11 04:40:50.949935785,
U004753,paid_social,ios,18-24,1,0,0,0,0,0,2024-07-14 12:15:54.602053099,
U004754,email,ios,35-44,1,1,1,0,0,0,2024-07-26 21:00:42.350822614,
U004755,email,android,35-44,1,1,1,1,1,1,2024-07-16 06:10:01.889029452,2024-07-18 01:41:45.610756209
U004756,organic_search,ios,25-34,1,0,0,0,0,0,2024-07-12 14:57:39.781192734,
U004757,email,android,18-24,1,0,0,0,0,0,2024-07-28 16:54:13.022288024,
U004758,paid_social,android,18-24,1,1,1,0,0,0,2024-07-02 19:49:29.748620956,
U004759,app_store,ios,45+,1,0,0,0,0,0,2024-07-27 02:22:48.854299537,
U004760,paid_social,android,25-34,1,1,1,0,0,0,2024-07-15 01:07:00.328324818,
U004761,app_store,android,25-34,1,1,0,0,0,0,2024-07-15 02:31:27.332326261,
U004762,email,ios,25-34,1,1,0,0,0,0,2024-07-26 19:33:36.117304405,
U004763,organic_search,ios,25-34,1,1,1,0,0,0,2024-07-15 04:55:18.171431554,
U004764,paid_social,android,35-44,1,1,0,0,0,0,2024-07-13 06:36:34.433410536,
U004765,app_store,ios,45+,1,1,1,1,1,1,2024-07-08 15:06:44.402049928,2024-07-12 08:50:32.199711280
U004766,email,ios,18-24,1,1,1,1,1,1,2024-07-19 10:43:29.522284705,2024-07-20 13:00:07.183937581
U004767,organic_search,android,35-44,1,1,0,0,0,0,2024-07-16 22:48:05.404098240,
U004768,referral,ios,25-34,1,1,1,1,1,0,2024-07-07 00:02:24.481064076,
U004769,paid_social,ios,45+,1,0,0,0,0,0,2024-07-20 20:43:31.724116356,
U004770,organic_search,android,25-34,1,1,1,1,0,0,2024-07-19 00:49:34.925268799,
U004771,paid_social,android,18-24,1,1,1,0,0,0,2024-07-12 03:00:30.132672462,
U004772,organic_search,ios,25-34,1,1,0,0,0,0,2024-07-01 02:57:26.710269069,
U004773,email,ios,18-24,1,1,1,1,1,1,2024-07-13 12:06:09.118506232,2024-07-16 16:14:10.602786180
U004774,paid_social,android,18-24,1,1,1,0,0,0,2024-07-01 04:04:15.796961504,
U004775,email,android,35-44,1,0,0,0,0,0,2024-07-03 02:23:56.345312238,
U004776,organic_search,ios,35-44,1,1,1,0,0,0,2024-07-13 01:22:11.476081632,
U004777,paid_social,ios,25-34,1,0,0,0,0,0,2024-07-03 07:03:00.583821144,
U004778,organic_search,ios,35-44,1,1,1,0,0,0,2024-07-08 17:14:49.817417913,
U004779,organic_search,android,25-34,1,0,0,0,0,0,2024-07-19 08:29:24.718817857,
U004780,organic_search,android,35-44,1,1,0,0,0,0,2024-07-09 15:23:22.236840708,
U004781,organic_search,android,25-34,1,0,0,0,0,0,2024-07-28 22:25:11.478898758,
U004782,referral,android,35-44,1,1,1,0,0,0,2024-07-26 15:45:17.880447121,
U004783,organic_search,android,18-24,1,1,0,0,0,0,2024-07-17 09:19:41.721173299,
U004784,paid_social,ios,25-34,1,1,0,0,0,0,2024-07-28 01:47:18.517785622,
U004785,paid_social,android,25-34,1,1,0,0,0,0,2024-07-25 07:18:27.438691158,
U004786,email,android,25-34,1,1,1,0,0,0,2024-07-09 22:17:59.296778905,
U004787,app_store,ios,35-44,1,1,1,1,0,0,2024-07-21 23:43:43.238287660,
U004788,paid_social,ios,25-34,1,0,0,0,0,0,2024-07-04 19:57:03.451862350,
U004789,paid_social,android,18-24,1,1,1,1,1,1,2024-07-20 04:01:06.805857050,2024-07-22 10:36:10.272987428
U004790,organic_search,ios,25-34,1,1,0,0,0,0,2024-07-14 18:00:25.154655688,
U004791,app_store,ios,25-34,1,1,1,0,0,0,2024-07-01 11:18:25.312240432,
U004792,organic_search,android,35-44,1,1,0,0,0,0,2024-07-08 16:16:56.786326784,
U004793,organic_search,android,25-34,1,1,1,0,0,0,2024-07-27 18:01:00.660344358,
U004794,organic_search,ios,35-44,1,1,1,1,1,1,2024-07-09 20:14:19.528726052,2024-07-10 22:12:18.759418376
U004795,paid_social,android,25-34,1,1,1,0,0,0,2024-07-06 01:56:14.618265244,
U004796,organic_search,ios,45+,1,1,1,1,1,1,2024-07-06 06:01:16.075547486,2024-07-10 14:11:16.781134566
U004797,email,ios,45+,1,1,0,0,0,0,2024-07-14 10:01:52.729821804,
U004798,organic_search,ios,35-44,1,0,0,0,0,0,2024-07-24 14:15:37.043030156,
U004799,referral,android,45+,1,1,1,1,1,1,2024-07-22 05:22:37.870210592,2024-07-22 13:26:01.372714205
U004800,organic_search,android,25-34,1,1,0,0,0,0,2024-07-13 05:33:52.376635382,
U004801,organic_search,android,45+,1,1,0,0,0,0,2024-07-06 20:15:52.076410696,
U004802,app_store,android,35-44,1,1,0,0,0,0,2024-07-02 06:57:20.206327219,
U004803,organic_search,ios,45+,1,1,1,1,0,0,2024-07-13 22:53:15.268892622,
U004804,email,ios,35-44,1,0,0,0,0,0,2024-07-23 19:31:44.523135210,
U004805,paid_social,android,35-44,1,0,0,0,0,0,2024-07-21 10:20:46.678903364,
U004806,organic_search,ios,25-34,1,1,1,0,0,0,2024-07-12 10:34:46.977043843,
U004807,app_store,android,25-34,1,1,1,1,1,1,2024-07-17 15:38:24.703903057,2024-07-19 07:45:33.754301071
U004808,organic_search,android,25-34,1,0,0,0,0,0,2024-07-13 05:09:27.583473088,
U004809,email,android,45+,1,1,0,0,0,0,2024-07-17 05:05:55.772804396,
U004810,organic_search,ios,18-24,1,1,0,0,0,0,2024-07-15 11:45:48.687236874,
U004811,email,ios,25-34,1,1,1,1,1,1,2024-07-20 01:36:34.399022785,2024-07-21 12:18:41.474206101
U004812,organic_search,ios,25-34,1,1,1,1,1,1,2024-07-15 05:10:49.234275332,2024-07-17 21:40:58.167640703
U004813,paid_social,ios,25-34,1,0,0,0,0,0,2024-07-27 08:05:26.126766956,
U004814,email,android,45+,1,1,1,1,1,1,2024-07-12 23:38:05.776882414,2024-07-17 22:06:53.685743021
U004815,app_store,ios,45+,1,1,0,0,0,0,2024-07-01 10:41:44.720313669,
U004816,app_store,ios,25-34,1,0,0,0,0,0,2024-07-07 14:50:34.856861416,
U004817,email,ios,25-34,1,1,1,1,1,0,2024-07-15 00:24:28.111131622,
U004818,email,ios,25-34,1,0,0,0,0,0,2024-07-16 03:15:51.424089051,
U004819,organic_search,ios,25-34,1,1,1,0,0,0,2024-07-16 11:12:09.282303720,
U004820,organic_search,ios,25-34,1,1,1,0,0,0,2024-07-21 00:10:44.436134982,
U004821,organic_search,ios,18-24,1,1,1,0,0,0,2024-07-08 16:33:48.786620324,
U004822,paid_social,ios,25-34,1,1,0,0,0,0,2024-07-19 14:48:54.980337142,
U004823,paid_social,ios,25-34,1,1,0,0,0,0,2024-07-20 17:06:34.875129999,
U004824,paid_social,ios,35-44,1,1,1,1,1,1,2024-07-12 12:22:50.396740302,2024-07-13 09:31:15.320726097
U004825,organic_search,ios,25-34,1,0,0,0,0,0,2024-07-12 06:15:27.484654780,
U004826,referral,ios,25-34,1,0,0,0,0,0,2024-07-06 00:14:14.841460082,
U004827,organic_search,android,18-24,1,1,1,1,1,0,2024-07-12 14:11:58.260636999,
U004828,paid_social,android,45+,1,0,0,0,0,0,2024-07-23 00:44:25.972897603,
U004829,paid_social,android,25-34,1,0,0,0,0,0,2024-07-26 10:49:47.495026279,
U004830,email,ios,18-24,1,1,1,1,1,0,2024-07-17 14:54:29.032436422,
U004831,referral,ios,25-34,1,1,1,1,0,0,2024-07-09 09:10:36.734642720,
U004832,referral,android,45+,1,0,0,0,0,0,2024-07-20 02:29:55.287381620,
U004833,organic_search,ios,35-44,1,1,1,1,1,1,2024-07-21 17:22:41.708077374,2024-07-25 11:41:31.545990679
U004834,paid_social,android,35-44,1,1,0,0,0,0,2024-07-10 07:14:49.154426178,
U004835,organic_search,ios,18-24,1,1,1,1,1,1,2024-07-24 03:26:24.586515510,2024-07-27 02:51:45.814804426
U004836,paid_social,ios,35-44,1,1,1,0,0,0,2024-07-03 01:31:24.957109074,
U004837,paid_social,android,35-44,1,0,0,0,0,0,2024-07-01 07:13:35.393617981,
U004838,organic_search,ios,25-34,1,1,1,0,0,0,2024-07-04 10:38:10.893151460,
U004839,organic_search,ios,45+,1,0,0,0,0,0,2024-07-05 08:50:15.395064313,
U004840,app_store,ios,25-34,1,0,0,0,0,0,2024-07-25 14:38:25.116507128,
U004841,app_store,ios,25-34,1,1,1,1,0,0,2024-07-12 21:35:15.734013723,
U004842,paid_social,ios,45+,1,0,0,0,0,0,2024-07-08 16:45:14.749214749,
U004843,organic_search,android,35-44,1,1,1,1,1,0,2024-07-13 00:20:18.520595314,
U004844,organic_search,android,18-24,1,1,0,0,0,0,2024-07-12 01:19:59.087621370,
U004845,paid_social,android,25-34,1,0,0,0,0,0,2024-07-09 10:34:56.067196609,
U004846,app_store,ios,45+,1,1,1,1,0,0,2024-07-04 20:40:06.669771027,
U004847,organic_search,android,18-24,1,0,0,0,0,0,2024-07-19 08:46:30.685607212,
U004848,email,android,18-24,1,1,0,0,0,0,2024-07-04 19:47:53.371204540,
U004849,organic_search,ios,25-34,1,1,1,0,0,0,2024-07-22 17:05:06.835905733,
U004850,app_store,android,45+,1,1,0,0,0,0,2024-07-06 15:32:03.641728074,
U004851,paid_social,android,45+,1,1,1,1,0,0,2024-07-21 11:28:53.466216906,
U004852,email,android,25-34,1,1,0,0,0,0,2024-07-23 13:21:13.906898474,
U004853,paid_social,ios,25-34,1,1,1,1,1,1,2024-07-04 12:13:08.682846351,2024-07-05 20:41:43.130722008
U004854,referral,ios,25-34,1,1,1,0,0,0,2024-07-03 10:17:35.362642340,
U004855,organic_search,android,25-34,1,1,0,0,0,0,2024-07-27 14:06:46.446765332,
U004856,organic_search,ios,35-44,1,1,1,0,0,0,2024-07-13 23:10:02.834895842,
U004857,app_store,android,18-24,1,1,0,0,0,0,2024-07-18 15:31:05.709438652,
U004858,app_store,android,25-34,1,1,1,1,0,0,2024-07-01 15:37:51.656742580,
U004859,email,android,35-44,1,1,1,1,1,0,2024-07-08 19:17:35.668801896,
U004860,referral,ios,18-24,1,0,0,0,0,0,2024-07-15 03:37:38.005910068,
U004861,email,android,25-34,1,0,0,0,0,0,2024-07-25 19:32:19.343751644,
U004862,organic_search,ios,25-34,1,1,1,0,0,0,2024-07-08 14:24:26.238971739,
U004863,paid_social,android,35-44,1,1,1,1,0,0,2024-07-22 16:55:42.841002216,
U004864,paid_social,android,25-34,1,1,0,0,0,0,2024-07-19 13:00:25.516043452,
U004865,referral,ios,25-34,1,1,0,0,0,0,2024-07-04 05:27:43.041475659,
U004866,paid_social,android,25-34,1,1,1,0,0,0,2024-07-09 05:08:53.218018399,
U004867,organic_search,ios,45+,1,1,1,1,1,1,2024-07-07 15:50:40.676952307,2024-07-08 06:56:14.055345211
U004868,referral,ios,25-34,1,1,1,1,1,1,2024-07-13 09:22:42.739857292,2024-07-14 22:58:07.486155727
U004869,email,ios,45+,1,1,1,0,0,0,2024-07-18 18:56:40.600780717,
U004870,paid_social,ios,35-44,1,1,0,0,0,0,2024-07-13 03:15:29.072526177,
U004871,organic_search,ios,35-44,1,1,1,0,0,0,2024-07-07 20:19:42.884058770,
U004872,organic_search,ios,18-24,1,0,0,0,0,0,2024-07-20 11:37:49.916097843,
U004873,organic_search,android,25-34,1,0,0,0,0,0,2024-07-17 08:45:52.472326035,
U004874,organic_search,android,18-24,1,0,0,0,0,0,2024-07-15 12:58:44.204820042,
U004875,referral,android,25-34,1,1,1,1,1,0,2024-07-16 12:34:11.890141309,
U004876,referral,ios,45+,1,1,0,0,0,0,2024-07-07 05:07:02.043514016,
U004877,referral,android,18-24,1,1,1,0,0,0,2024-07-20 01:14:58.822994871,
U004878,paid_social,android,25-34,1,1,1,0,0,0,2024-07-11 20:24:01.295575387,
U004879,email,ios,18-24,1,1,1,1,0,0,2024-07-11 04:15:01.349490862,
U004880,organic_search,android,35-44,1,0,0,0,0,0,2024-07-05 04:37:16.996638972,
U004881,paid_social,ios,18-24,1,0,0,0,0,0,2024-07-17 17:04:28.879744440,
U004882,email,android,18-24,1,0,0,0,0,0,2024-07-17 20:59:25.741994107,
U004883,organic_search,ios,25-34,1,1,1,1,1,1,2024-07-10 12:40:55.317158065,2024-07-11 19:27:41.803664997
U004884,organic_search,ios,35-44,1,1,1,0,0,0,2024-07-25 01:49:09.257569100,
U004885,email,android,18-24,1,0,0,0,0,0,2024-07-24 16:08:51.748572364,
U004886,paid_social,ios,25-34,1,0,0,0,0,0,2024-07-04 01:17:04.178242298,
U004887,referral,ios,18-24,1,1,0,0,0,0,2024-07-20 11:03:56.867789754,
U004888,organic_search,android,45+,1,1,1,0,0,0,2024-07-12 00:39:25.042162806,
U004889,referral,android,25-34,1,1,1,0,0,0,2024-07-28 23:48:30.167691350,
U004890,paid_social,android,35-44,1,1,0,0,0,0,2024-07-07 07:12:57.164933109,
U004891,organic_search,ios,35-44,1,1,1,1,1,0,2024-07-08 20:30:44.157738733,
U004892,referral,ios,18-24,1,0,0,0,0,0,2024-07-13 09:05:43.547789216,
U004893,organic_search,android,25-34,1,1,0,0,0,0,2024-07-08 12:34:35.687688261,
U004894,paid_social,ios,18-24,1,0,0,0,0,0,2024-07-20 09:01:10.351962256,
U004895,organic_search,ios,25-34,1,1,1,1,0,0,2024-07-14 11:10:12.904989438,
U004896,organic_search,ios,25-34,1,1,1,0,0,0,2024-07-07 04:25:50.077268007,
U004897,organic_search,ios,25-34,1,1,0,0,0,0,2024-07-15 04:17:00.148901892,
U004898,organic_search,ios,18-24,1,1,0,0,0,0,2024-07-25 21:15:55.364390301,
U004899,app_store,ios,18-24,1,1,0,0,0,0,2024-07-23 04:29:23.548859646,
U004900,organic_search,ios,35-44,1,0,0,0,0,0,2024-07-14 23:12:46.933973366,
U004901,paid_social,ios,35-44,1,0,0,0,0,0,2024-07-09 01:52:01.305521000,
U004902,organic_search,ios,18-24,1,1,1,0,0,0,2024-07-06 00:53:01.335408356,
U004903,paid_social,ios,18-24,1,0,0,0,0,0,2024-07-25 14:16:23.856490538,
U004904,app_store,android,45+,1,0,0,0,0,0,2024-07-20 21:13:55.862454446,
U004905,organic_search,android,35-44,1,1,1,0,0,0,2024-07-17 00:29:37.462974331,
U004906,app_store,ios,45+,1,0,0,0,0,0,2024-07-25 14:58:48.295491114,
U004907,organic_search,ios,25-34,1,1,1,1,0,0,2024-07-04 09:46:33.143215396,
U004908,referral,ios,25-34,1,1,1,0,0,0,2024-07-20 02:37:58.080696204,
U004909,paid_social,ios,25-34,1,1,1,0,0,0,2024-07-07 01:37:50.426190091,
U004910,email,ios,35-44,1,1,0,0,0,0,2024-07-04 09:01:40.945305874,
U004911,referral,ios,18-24,1,1,1,1,1,1,2024-07-14 00:53:20.107408772,2024-07-14 07:47:53.538107409
U004912,paid_social,android,18-24,1,1,0,0,0,0,2024-07-11 20:19:40.975685925,
U004913,organic_search,android,18-24,1,1,1,1,0,0,2024-07-27 08:28:07.195679490,
U004914,organic_search,ios,35-44,1,1,0,0,0,0,2024-07-10 01:42:51.319501995,
U004915,app_store,ios,25-34,1,1,1,1,0,0,2024-07-23 19:36:51.545098605,
U004916,paid_social,android,35-44,1,0,0,0,0,0,2024-07-21 23:12:42.279533020,
U004917,paid_social,ios,45+,1,1,0,0,0,0,2024-07-19 16:50:41.426445609,
U004918,email,android,35-44,1,1,0,0,0,0,2024-07-26 18:30:32.824184976,
U004919,paid_social,ios,25-34,1,0,0,0,0,0,2024-07-12 10:07:31.178727343,
U004920,app_store,android,45+,1,1,1,1,1,1,2024-07-11 21:51:32.533129749,2024-07-16 09:01:10.650283099
U004921,referral,android,25-34,1,1,0,0,0,0,2024-07-05 12:09:24.007128386,
U004922,referral,android,18-24,1,1,1,1,1,1,2024-07-08 17:18:43.613037669,2024-07-09 08:14:08.302026299
U004923,email,ios,45+,1,1,1,0,0,0,2024-07-25 15:12:35.202502458,
U004924,organic_search,ios,18-24,1,1,0,0,0,0,2024-07-14 06:47:05.255939180,
U004925,organic_search,ios,25-34,1,0,0,0,0,0,2024-07-10 13:23:21.957043765,
U004926,paid_social,android,25-34,1,1,1,1,0,0,2024-07-07 01:13:38.283654788,
U004927,organic_search,ios,25-34,1,1,0,0,0,0,2024-07-14 13:53:35.837389352,
U004928,referral,ios,25-34,1,1,1,1,1,0,2024-07-21 01:35:56.864227786,
U004929,app_store,ios,25-34,1,1,1,1,0,0,2024-07-09 00:39:25.347985758,
U004930,paid_social,ios,25-34,1,0,0,0,0,0,2024-07-22 05:11:07.807149974,
U004931,paid_social,ios,35-44,1,0,0,0,0,0,2024-07-18 15:13:02.584614522,
U004932,app_store,android,25-34,1,1,1,0,0,0,2024-07-23 01:14:31.351296051,
U004933,paid_social,ios,25-34,1,0,0,0,0,0,2024-07-08 00:36:40.574174187,
U004934,paid_social,ios,25-34,1,0,0,0,0,0,2024-07-18 16:03:03.287738181,
U004935,paid_social,android,35-44,1,1,0,0,0,0,2024-07-05 07:18:36.388139407,
U004936,app_store,android,35-44,1,0,0,0,0,0,2024-07-11 04:28:17.659252689,
U004937,referral,android,45+,1,0,0,0,0,0,2024-07-21 06:46:11.941443703,
U004938,email,ios,18-24,1,1,1,1,1,0,2024-07-18 16:28:52.158394981,
U004939,email,android,18-24,1,1,1,1,1,1,2024-07-06 06:14:32.666736534,2024-07-07 03:10:24.581258054
U004940,paid_social,ios,18-24,1,0,0,0,0,0,2024-07-25 00:48:22.592326248,
U004941,paid_social,ios,18-24,1,1,0,0,0,0,2024-07-02 11:51:06.696489463,
U004942,email,ios,25-34,1,0,0,0,0,0,2024-07-17 15:59:05.793659476,
U004943,paid_social,ios,45+,1,0,0,0,0,0,2024-07-28 13:07:38.554160300,
U004944,email,ios,25-34,1,1,1,0,0,0,2024-07-15 21:10:16.247273977,
U004945,app_store,android,45+,1,1,1,1,1,0,2024-07-23 10:03:05.266845831,
U004946,referral,ios,18-24,1,1,1,0,0,0,2024-07-17 15:57:41.810339077,
U004947,referral,ios,45+,1,1,1,1,0,0,2024-07-22 22:14:07.251461703,
U004948,email,ios,18-24,1,1,1,0,0,0,2024-07-19 08:33:33.332251510,
U004949,email,ios,45+,1,1,1,1,0,0,2024-07-20 08:26:26.569569188,
U004950,paid_social,android,18-24,1,1,0,0,0,0,2024-07-07 09:05:20.736708180,
U004951,organic_search,ios,45+,1,1,1,0,0,0,2024-07-21 18:30:13.154115603,
U004952,paid_social,android,25-34,1,1,1,1,1,1,2024-07-07 15:52:31.597818348,2024-07-14 04:30:55.113634792
U004953,referral,ios,25-34,1,1,1,0,0,0,2024-07-28 10:59:24.953624948,
U004954,paid_social,android,25-34,1,0,0,0,0,0,2024-07-07 09:04:22.772373348,
U004955,referral,android,25-34,1,1,1,1,1,1,2024-07-07 15:03:05.941503450,2024-07-08 05:22:13.910337541
U004956,paid_social,android,35-44,1,1,1,0,0,0,2024-07-25 01:01:42.013074565,
U004957,referral,android,45+,1,1,1,0,0,0,2024-07-07 19:17:11.397260450,
U004958,organic_search,android,35-44,1,1,0,0,0,0,2024-07-11 02:31:36.038014111,
U004959,referral,ios,35-44,1,1,0,0,0,0,2024-07-21 00:14:17.477924301,
U004960,paid_social,ios,18-24,1,1,1,1,1,1,2024-07-05 10:40:44.565207171,2024-07-16 18:35:44.699840958
U004961,organic_search,android,35-44,1,1,1,1,0,0,2024-07-05 10:53:46.389278695,
U004962,organic_search,android,25-34,1,1,1,1,1,1,2024-07-14 14:49:58.297566604,2024-07-16 17:32:37.525242572
U004963,referral,ios,45+,1,0,0,0,0,0,2024-07-07 19:45:51.187839811,
U004964,paid_social,ios,25-34,1,0,0,0,0,0,2024-07-07 14:21:43.726112607,
U004965,organic_search,android,35-44,1,0,0,0,0,0,2024-07-01 06:12:30.798695667,
U004966,app_store,ios,25-34,1,0,0,0,0,0,2024-07-11 08:56:31.651026075,
U004967,referral,ios,25-34,1,1,1,0,0,0,2024-07-09 21:51:51.741732841,
U004968,app_store,ios,25-34,1,0,0,0,0,0,2024-07-01 20:56:12.137551882,
U004969,paid_social,android,25-34,1,0,0,0,0,0,2024-07-18 09:28:07.304734495,
U004970,paid_social,android,25-34,1,0,0,0,0,0,2024-07-18 13:06:44.216302514,
U004971,email,ios,18-24,1,1,0,0,0,0,2024-07-02 23:34:40.501314836,
U004972,paid_social,ios,35-44,1,1,1,1,1,0,2024-07-09 21:03:06.948990547,
U004973,referral,ios,18-24,1,1,1,1,1,1,2024-07-25 10:31:31.143003265,2024-07-26 12:31:03.410209628
U004974,organic_search,ios,45+,1,1,1,1,1,1,2024-07-17 07:12:58.571497285,2024-07-17 19:52:19.210500141
U004975,paid_social,android,18-24,1,0,0,0,0,0,2024-07-12 12:50:49.252329801,
U004976,organic_search,ios,18-24,1,0,0,0,0,0,2024-07-14 00:32:54.585340339,
U004977,organic_search,ios,25-34,1,1,1,1,1,1,2024-07-06 19:57:50.962539099,2024-07-18 12:08:09.815920547
U004978,organic_search,android,25-34,1,1,1,1,1,1,2024-07-23 17:35:03.726512620,2024-07-24 07:55:14.536972195
U004979,organic_search,android,25-34,1,0,0,0,0,0,2024-07-26 14:12:40.183426980,
U004980,app_store,ios,25-34,1,1,0,0,0,0,2024-07-26 11:57:58.451011304,
U004981,organic_search,ios,25-34,1,1,1,0,0,0,2024-07-07 06:29:02.080382010,
U004982,referral,android,35-44,1,1,1,1,1,0,2024-07-09 16:49:02.855804804,
U004983,email,ios,25-34,1,1,1,1,0,0,2024-07-05 11:56:18.616819232,
U004984,referral,android,25-34,1,1,1,1,0,0,2024-07-09 14:26:20.982483290,
U004985,organic_search,ios,35-44,1,1,1,1,1,1,2024-07-10 07:38:42.756238993,2024-07-10 23:26:57.799097613
U004986,referral,android,35-44,1,1,0,0,0,0,2024-07-18 17:26:49.399106766,
U004987,referral,android,25-34,1,1,0,0,0,0,2024-07-06 07:26:32.526241224,
U004988,referral,android,35-44,1,1,1,0,0,0,2024-07-26 17:50:05.039430446,
U004989,email,android,45+,1,1,1,1,1,1,2024-07-03 21:16:58.238030380,2024-07-09 14:05:01.156811804
U004990,app_store,android,25-34,1,1,1,1,1,1,2024-07-01 04:37:19.284294259,2024-07-02 19:45:24.654727457
U004991,referral,android,25-34,1,1,0,0,0,0,2024-07-24 22:31:23.255182984,
U004992,paid_social,ios,45+,1,1,0,0,0,0,2024-07-20 16:55:59.918947626,
U004993,referral,ios,18-24,1,1,1,1,1,1,2024-07-10 22:48:06.598365231,2024-07-11 10:59:34.256216820
U004994,organic_search,android,18-24,1,1,0,0,0,0,2024-07-17 16:10:32.888537756,
U004995,email,android,25-34,1,1,1,1,1,1,2024-07-07 06:13:17.888750274,2024-07-09 23:35:32.066403946
U004996,organic_search,ios,35-44,1,1,1,0,0,0,2024-07-05 17:09:28.238002894,
U004997,paid_social,ios,45+,1,1,1,0,0,0,2024-07-14 04:36:43.987727599,
U004998,email,android,35-44,1,0,0,0,0,0,2024-07-10 21:20:31.997660949,
U004999,referral,ios,45+,1,0,0,0,0,0,2024-07-18 05:26:04.538254977,
U005000,paid_social,ios,18-24,1,1,1,1,1,1,2024-07-07 02:35:46.507290046,2024-07-11 18:11:45.725271384
U005001,paid_social,android,18-24,1,1,0,0,0,0,2024-07-19 13:29:14.693196249,
U005002,email,android,35-44,1,1,0,0,0,0,2024-07-22 11:19:51.389916564,
U005003,paid_social,ios,45+,1,1,0,0,0,0,2024-07-05 15:58:46.157214486,
U005004,email,ios,25-34,1,1,1,0,0,0,2024-07-02 05:28:21.959244624,
U005005,organic_search,ios,18-24,1,1,0,0,0,0,2024-07-13 07:24:09.778329000,
U005006,email,ios,25-34,1,0,0,0,0,0,2024-07-22 16:08:39.068832904,
U005007,email,android,25-34,1,0,0,0,0,0,2024-07-19 05:19:26.578220966,
U005008,organic_search,ios,25-34,1,1,1,0,0,0,2024-07-20 15:39:52.258026978,
U005009,paid_social,ios,18-24,1,1,0,0,0,0,2024-07-12 06:42:28.931311958,
U005010,organic_search,ios,45+,1,1,0,0,0,0,2024-07-07 13:53:00.263076226,
U005011,referral,ios,25-34,1,1,0,0,0,0,2024-07-15 21:21:19.377674128,
U005012,paid_social,android,35-44,1,0,0,0,0,0,2024-07-06 17:20:01.486318056,
U005013,referral,ios,18-24,1,1,1,0,0,0,2024-07-21 08:01:32.463746270,
U005014,organic_search,android,18-24,1,1,1,1,1,1,2024-07-06 12:21:41.250257168,2024-07-07 06:42:52.136566653
U005015,organic_search,android,25-34,1,0,0,0,0,0,2024-07-09 03:43:44.094835333,
U005016,organic_search,ios,45+,1,1,1,0,0,0,2024-07-15 04:23:53.127719016,
U005017,paid_social,android,25-34,1,1,1,0,0,0,2024-07-14 15:04:08.672679944,
U005018,referral,ios,45+,1,1,1,1,1,1,2024-07-17 19:46:14.811403886,2024-07-18 04:49:23.216372154
U005019,email,android,35-44,1,1,0,0,0,0,2024-07-13 05:57:45.977529398,
U005020,referral,ios,18-24,1,1,0,0,0,0,2024-07-26 17:53:09.827947611,
U005021,paid_social,android,25-34,1,0,0,0,0,0,2024-07-24 12:26:08.560681839,
U005022,app_store,ios,35-44,1,1,1,0,0,0,2024-07-25 14:45:51.261231675,
U005023,referral,android,25-34,1,1,1,1,0,0,2024-07-18 15:02:06.489539195,
U005024,app_store,ios,25-34,1,1,1,1,1,1,2024-07-18 18:43:31.150050463,2024-07-19 23:10:32.897421627
U005025,paid_social,android,25-34,1,0,0,0,0,0,2024-07-18 01:22:53.455645621,
U005026,organic_search,ios,25-34,1,1,1,1,1,1,2024-07-13 04:14:31.746376388,2024-07-14 00:42:40.419978166
U005027,organic_search,android,45+,1,1,1,0,0,0,2024-07-10 00:27:18.837781920,
U005028,referral,ios,18-24,1,0,0,0,0,0,2024-07-17 13:49:33.385316307,
U005029,organic_search,ios,25-34,1,0,0,0,0,0,2024-07-01 17:09:26.620405340,
U005030,paid_social,android,25-34,1,0,0,0,0,0,2024-07-01 05:00:38.598900465,
U005031,paid_social,android,35-44,1,1,0,0,0,0,2024-07-24 20:18:11.906177094,
U005032,referral,ios,35-44,1,1,1,0,0,0,2024-07-02 07:11:49.049126023,
U005033,referral,android,45+,1,1,1,0,0,0,2024-07-15 16:39:44.427686605,
U005034,organic_search,android,35-44,1,0,0,0,0,0,2024-07-18 05:16:18.396127783,
U005035,paid_social,android,25-34,1,1,0,0,0,0,2024-07-06 13:10:15.838702597,
U005036,referral,ios,25-34,1,1,1,1,0,0,2024-07-26 01:55:52.043931048,
U005037,app_store,ios,25-34,1,1,0,0,0,0,2024-07-06 07:44:39.691013668,
U005038,referral,android,35-44,1,1,1,1,1,0,2024-07-25 18:23:38.657437458,
U005039,app_store,ios,35-44,1,1,1,1,1,1,2024-07-22 08:43:46.059570480,2024-07-23 20:14:23.446809956
U005040,email,ios,45+,1,0,0,0,0,0,2024-07-07 17:46:45.353165728,
U005041,referral,ios,35-44,1,1,1,1,1,1,2024-07-05 05:18:00.287055126,2024-07-06 09:34:39.965464102
U005042,organic_search,ios,25-34,1,1,1,1,1,0,2024-07-09 20:30:30.172482540,
U005043,referral,android,18-24,1,0,0,0,0,0,2024-07-12 03:25:22.009921050,
U005044,referral,android,18-24,1,1,0,0,0,0,2024-07-07 21:10:02.289386197,
U005045,referral,android,18-24,1,1,1,0,0,0,2024-07-28 23:15:18.434746699,
U005046,paid_social,ios,18-24,1,1,0,0,0,0,2024-07-07 10:19:34.931830792,
U005047,paid_social,ios,25-34,1,1,0,0,0,0,2024-07-24 06:11:11.773436928,
U005048,paid_social,ios,25-34,1,1,1,1,1,0,2024-07-05 10:55:37.653761272,
U005049,paid_social,ios,35-44,1,1,0,0,0,0,2024-07-28 10:43:27.797467573,
U005050,organic_search,android,25-34,1,0,0,0,0,0,2024-07-07 07:33:06.350278438,
U005051,email,android,25-34,1,0,0,0,0,0,2024-07-12 19:22:28.951732466,
U005052,organic_search,ios,25-34,1,1,1,1,1,1,2024-07-16 15:21:18.190324918,2024-07-17 02:21:23.340244578
U005053,organic_search,android,25-34,1,1,1,1,1,1,2024-07-04 08:49:55.202105622,2024-07-05 12:01:30.583559064
U005054,paid_social,ios,45+,1,1,1,1,1,0,2024-07-23 20:54:11.107245441,
U005055,referral,android,18-24,1,1,1,1,1,0,2024-07-08 16:35:19.240661464,
U005056,paid_social,ios,45+,1,1,1,0,0,0,2024-07-16 09:06:33.745954744,
U005057,organic_search,android,25-34,1,1,1,1,1,0,2024-07-16 09:21:14.114829103,
U005058,referral,ios,25-34,1,1,1,1,1,1,2024-07-17 20:58:28.266106540,2024-07-18 08:07:43.303091641
U005059,paid_social,ios,18-24,1,1,0,0,0,0,2024-07-02 13:17:11.698599620,
U005060,app_store,ios,18-24,1,1,1,1,1,1,2024-07-05 17:18:42.508622930,2024-07-06 02:47:29.413414920
U005061,app_store,ios,25-34,1,0,0,0,0,0,2024-07-05 12:19:16.274080203,
U005062,paid_social,ios,35-44,1,0,0,0,0,0,2024-07-09 10:58:42.406778827,
U005063,paid_social,ios,25-34,1,1,1,1,1,1,2024-07-05 01:22:56.328271694,2024-08-01 23:47:26.948022928
U005064,referral,ios,25-34,1,1,0,0,0,0,2024-07-26 19:31:52.059217162,
U005065,organic_search,android,25-34,1,0,0,0,0,0,2024-07-15 08:42:19.406676938,
U005066,paid_social,ios,25-34,1,0,0,0,0,0,2024-07-18 11:02:32.997322334,
U005067,paid_social,android,45+,1,1,1,0,0,0,2024-07-11 00:13:55.393923133,
U005068,app_store,ios,45+,1,1,1,0,0,0,2024-07-08 17:38:14.664389240,
U005069,organic_search,android,25-34,1,1,1,0,0,0,2024-07-15 02:08:06.210225769,
U005070,referral,android,25-34,1,1,1,0,0,0,2024-07-09 05:47:06.140720428,
U005071,referral,ios,18-24,1,1,0,0,0,0,2024-07-10 14:55:48.223525447,
U005072,paid_social,android,45+,1,1,0,0,0,0,2024-07-13 16:14:54.915036057,
U005073,organic_search,ios,25-34,1,1,1,1,1,1,2024-07-15 03:51:10.936036393,2024-07-15 12:21:51.754098506
U005074,app_store,android,35-44,1,1,1,0,0,0,2024-07-28 13:27:32.457302625,
U005075,paid_social,ios,25-34,1,1,1,1,1,1,2024-07-07 06:04:22.005281366,2024-07-09 15:04:32.199816165
U005076,referral,ios,45+,1,1,0,0,0,0,2024-07-14 15:55:11.938084100,
U005077,organic_search,ios,25-34,1,1,1,0,0,0,2024-07-05 04:28:18.800172609,
U005078,paid_social,ios,25-34,1,1,1,1,1,1,2024-07-10 19:11:58.143767128,2024-07-13 03:49:09.176413255
U005079,paid_social,ios,35-44,1,1,0,0,0,0,2024-07-21 02:01:58.090694534,
U005080,organic_search,android,45+,1,1,0,0,0,0,2024-07-05 21:14:18.818185581,
U005081,organic_search,ios,45+,1,1,1,0,0,0,2024-07-17 06:40:05.083225064,
U005082,email,ios,35-44,1,1,1,1,1,1,2024-07-12 16:01:23.116215723,2024-07-16 19:04:07.409729794
U005083,organic_search,ios,35-44,1,0,0,0,0,0,2024-07-02 10:39:41.233823301,
U005084,organic_search,ios,25-34,1,1,1,1,1,1,2024-07-27 03:01:35.624184654,2024-07-29 22:52:53.766179180
U005085,paid_social,ios,35-44,1,1,0,0,0,0,2024-07-12 13:56:28.716996552,
U005086,email,android,45+,1,0,0,0,0,0,2024-07-22 22:47:55.075289222,
U005087,organic_search,ios,25-34,1,1,0,0,0,0,2024-07-12 15:45:45.591939972,
U005088,referral,android,35-44,1,0,0,0,0,0,2024-07-27 05:54:22.089963394,
U005089,organic_search,ios,25-34,1,1,0,0,0,0,2024-07-09 03:11:45.833050388,
U005090,organic_search,ios,25-34,1,1,1,0,0,0,2024-07-12 13:01:08.387724475,
U005091,organic_search,android,45+,1,1,1,0,0,0,2024-07-22 05:57:24.370035264,
U005092,email,ios,25-34,1,1,1,1,0,0,2024-07-10 14:56:39.969127449,
U005093,organic_search,ios,25-34,1,1,0,0,0,0,2024-07-11 04:50:52.626974067,
U005094,organic_search,android,25-34,1,1,1,0,0,0,2024-07-28 20:31:16.221123688,
U005095,paid_social,ios,25-34,1,0,0,0,0,0,2024-07-16 13:22:22.660550101,
U005096,email,ios,25-34,1,1,1,1,1,1,2024-07-20 07:15:49.193518824,2024-07-24 06:48:36.067479757
U005097,organic_search,android,45+,1,1,0,0,0,0,2024-07-19 00:24:23.836864413,
U005098,paid_social,android,35-44,1,1,0,0,0,0,2024-07-24 04:21:54.096801181,
U005099,organic_search,ios,45+,1,1,0,0,0,0,2024-07-25 03:08:47.280569463,
U005100,paid_social,ios,18-24,1,0,0,0,0,0,2024-07-16 18:30:29.235672172,
U005101,referral,ios,45+,1,1,0,0,0,0,2024-07-09 05:56:30.056558712,
U005102,referral,ios,35-44,1,1,1,0,0,0,2024-07-01 15:19:18.358933364,
U005103,paid_social,android,18-24,1,1,0,0,0,0,2024-07-18 04:52:44.344974802,
U005104,paid_social,android,35-44,1,0,0,0,0,0,2024-07-24 02:42:54.201436185,
U005105,organic_search,android,45+,1,1,1,1,1,1,2024-07-13 14:45:45.897493806,2024-07-15 15:18:33.233364648
U005106,paid_social,ios,18-24,1,0,0,0,0,0,2024-07-05 14:40:57.095075499,
U005107,organic_search,ios,25-34,1,1,1,1,1,0,2024-07-09 01:35:28.150845903,
U005108,email,android,45+,1,0,0,0,0,0,2024-07-15 06:42:45.218275102,
U005109,app_store,ios,18-24,1,1,1,1,1,1,2024-07-24 10:14:59.204950771,2024-07-26 20:06:00.729575567
U005110,app_store,android,35-44,1,1,1,1,0,0,2024-07-05 19:25:05.210968724,
U005111,email,android,25-34,1,1,1,0,0,0,2024-07-18 03:21:52.979316458,
U005112,referral,android,25-34,1,1,1,0,0,0,2024-07-22 02:15:49.350869161,
U005113,referral,ios,35-44,1,1,0,0,0,0,2024-07-27 05:01:26.161194003,
U005114,organic_search,ios,18-24,1,1,0,0,0,0,2024-07-04 06:25:29.570909498,
U005115,referral,android,35-44,1,1,0,0,0,0,2024-07-26 22:32:06.641370898,
U005116,paid_social,android,18-24,1,1,0,0,0,0,2024-07-17 20:11:10.261094100,
U005117,paid_social,android,25-34,1,1,0,0,0,0,2024-07-22 11:13:24.480316185,
U005118,email,ios,25-34,1,1,0,0,0,0,2024-07-02 12:08:11.777388248,
U005119,organic_search,android,25-34,1,1,1,0,0,0,2024-07-15 04:07:53.618125727,
U005120,paid_social,android,25-34,1,0,0,0,0,0,2024-07-18 10:24:25.707536254,
U005121,app_store,ios,35-44,1,1,1,0,0,0,2024-07-09 14:11:32.425420376,
U005122,organic_search,ios,45+,1,1,1,1,0,0,2024-07-13 02:04:08.183438551,
U005123,paid_social,android,45+,1,1,0,0,0,0,2024-07-16 12:29:18.048868404,
U005124,app_store,ios,25-34,1,1,0,0,0,0,2024-07-16 11:18:43.975898794,
U005125,referral,ios,45+,1,1,1,0,0,0,2024-07-02 04:07:51.402264222,
U005126,paid_social,android,45+,1,0,0,0,0,0,2024-07-13 07:19:54.289707657,
U005127,organic_search,ios,25-34,1,1,1,1,1,0,2024-07-06 23:41:08.880073364,
U005128,paid_social,android,25-34,1,1,0,0,0,0,2024-07-26 16:01:08.732904078,
U005129,email,ios,18-24,1,1,1,1,0,0,2024-07-28 08:15:42.312106371,
U005130,referral,ios,25-34,1,0,0,0,0,0,2024-07-09 09:21:45.771654924,
U005131,paid_social,android,45+,1,0,0,0,0,0,2024-07-05 21:43:28.513029759,
U005132,organic_search,android,25-34,1,1,1,0,0,0,2024-07-07 03:30:24.441974233,
U005133,organic_search,ios,35-44,1,0,0,0,0,0,2024-07-14 09:02:58.256149866,
U005134,app_store,android,18-24,1,1,0,0,0,0,2024-07-25 11:40:03.945374601,
U005135,paid_social,ios,18-24,1,0,0,0,0,0,2024-07-15 00:01:27.611177138,
U005136,referral,ios,25-34,1,0,0,0,0,0,2024-07-02 13:13:24.475701648,
U005137,organic_search,ios,45+,1,1,1,0,0,0,2024-07-02 02:48:11.250083638,
U005138,referral,ios,25-34,1,1,1,1,0,0,2024-07-07 08:48:24.175650794,
U005139,app_store,android,45+,1,0,0,0,0,0,2024-07-24 14:20:32.274792729,
U005140,referral,android,18-24,1,1,1,0,0,0,2024-07-18 09:38:05.764789021,
U005141,organic_search,android,35-44,1,0,0,0,0,0,2024-07-16 18:18:27.639879796,
U005142,referral,android,35-44,1,1,1,1,1,1,2024-07-09 22:20:51.238375926,2024-07-10 07:10:42.417552579
U005143,email,ios,45+,1,1,0,0,0,0,2024-07-27 00:34:25.939887736,
U005144,paid_social,android,18-24,1,1,1,0,0,0,2024-07-10 06:33:06.410212390,
U005145,email,android,18-24,1,1,1,1,1,0,2024-07-24 09:04:57.523090008,
U005146,referral,android,25-34,1,0,0,0,0,0,2024-07-26 02:02:49.790687258,
U005147,email,android,45+,1,1,0,0,0,0,2024-07-14 12:48:04.063972478,
U005148,referral,android,18-24,1,1,1,1,0,0,2024-07-26 00:57:44.600727812,
U005149,organic_search,ios,18-24,1,1,0,0,0,0,2024-07-08 18:00:42.512856422,
U005150,paid_social,android,25-34,1,0,0,0,0,0,2024-07-19 10:28:02.144622579,
U005151,organic_search,android,25-34,1,0,0,0,0,0,2024-07-03 11:06:41.900430196,
U005152,app_store,android,35-44,1,0,0,0,0,0,2024-07-14 06:29:01.650732320,
U005153,email,ios,45+,1,1,1,1,0,0,2024-07-07 02:02:49.095781476,
U005154,referral,ios,25-34,1,1,1,1,1,1,2024-07-02 18:10:36.921969714,2024-07-04 22:30:29.401150449
U005155,paid_social,android,45+,1,0,0,0,0,0,2024-07-01 02:30:12.749141379,
U005156,organic_search,ios,35-44,1,1,1,0,0,0,2024-07-10 02:14:00.320093602,
U005157,email,android,25-34,1,1,1,0,0,0,2024-07-17 12:09:52.414303338,
U005158,paid_social,ios,45+,1,1,1,0,0,0,2024-07-13 17:54:53.257037680,
U005159,organic_search,ios,35-44,1,1,1,0,0,0,2024-07-09 10:47:20.286978363,
U005160,referral,ios,25-34,1,0,0,0,0,0,2024-07-28 18:05:11.114453907,
U005161,organic_search,ios,35-44,1,1,0,0,0,0,2024-07-27 07:21:38.976718834,
U005162,paid_social,ios,25-34,1,0,0,0,0,0,2024-07-04 12:26:20.479901272,
U005163,paid_social,ios,18-24,1,1,1,1,1,1,2024-07-12 14:57:07.886596420,2024-07-14 01:29:58.115895064
U005164,organic_search,ios,35-44,1,1,1,1,1,1,2024-07-19 04:01:30.502717341,2024-07-20 11:07:47.421303311
U005165,app_store,ios,35-44,1,0,0,0,0,0,2024-07-21 12:54:20.937384421,
U005166,organic_search,ios,35-44,1,1,0,0,0,0,2024-07-11 06:12:07.517157040,
U005167,organic_search,ios,25-34,1,1,1,0,0,0,2024-07-21 21:30:04.961369354,
U005168,organic_search,android,45+,1,1,0,0,0,0,2024-07-04 11:25:43.711233513,
U005169,email,android,18-24,1,0,0,0,0,0,2024-07-10 06:58:41.103023440,
U005170,paid_social,ios,25-34,1,1,1,0,0,0,2024-07-21 01:26:35.138788684,
U005171,referral,ios,25-34,1,1,0,0,0,0,2024-07-18 12:27:31.806197899,
U005172,organic_search,android,18-24,1,1,1,1,0,0,2024-07-24 10:36:18.951793315,
U005173,organic_search,ios,25-34,1,1,0,0,0,0,2024-07-02 07:29:16.509236380,
U005174,paid_social,android,35-44,1,1,1,0,0,0,2024-07-05 21:11:28.443757520,
U005175,email,android,45+,1,1,0,0,0,0,2024-07-02 08:35:18.093432339,
U005176,email,ios,45+,1,0,0,0,0,0,2024-07-06 09:06:02.731303692,
U005177,organic_search,ios,35-44,1,1,0,0,0,0,2024-07-01 02:52:40.975483195,
U005178,paid_social,ios,25-34,1,1,0,0,0,0,2024-07-15 02:49:45.561821512,
U005179,app_store,ios,35-44,1,0,0,0,0,0,2024-07-15 19:01:38.185758724,
U005180,paid_social,ios,35-44,1,1,1,0,0,0,2024-07-19 10:06:11.797577384,
U005181,email,ios,25-34,1,1,0,0,0,0,2024-07-11 18:39:40.192268763,
U005182,organic_search,android,35-44,1,1,1,1,1,0,2024-07-01 02:09:20.045305598,
U005183,app_store,ios,25-34,1,0,0,0,0,0,2024-07-19 20:51:17.480742955,
U005184,email,ios,25-34,1,1,0,0,0,0,2024-07-02 12:29:00.999479749,
U005185,app_store,android,25-34,1,1,1,1,0,0,2024-07-25 06:03:59.506234286,
U005186,referral,ios,35-44,1,1,1,1,1,1,2024-07-01 15:13:24.527063042,2024-07-02 06:53:23.686508424
U005187,paid_social,ios,35-44,1,0,0,0,0,0,2024-07-15 20:28:45.418182445,
U005188,app_store,ios,25-34,1,1,1,1,1,1,2024-07-26 01:23:05.341067052,2024-07-26 12:01:08.039983922
U005189,organic_search,android,25-34,1,0,0,0,0,0,2024-07-17 00:42:46.781748216,
U005190,paid_social,android,45+,1,0,0,0,0,0,2024-07-18 00:51:21.793239075,
U005191,referral,ios,45+,1,1,1,1,1,0,2024-07-20 02:02:32.964297853,
U005192,email,ios,25-34,1,1,1,1,0,0,2024-07-04 10:15:31.484429546,
U005193,app_store,ios,18-24,1,1,0,0,0,0,2024-07-19 21:33:03.642280905,
U005194,organic_search,ios,35-44,1,1,0,0,0,0,2024-07-25 15:35:54.530565403,
U005195,email,ios,25-34,1,1,1,0,0,0,2024-07-28 06:40:35.038795198,
U005196,referral,android,18-24,1,1,1,1,1,0,2024-07-13 09:43:51.396847712,
U005197,organic_search,android,25-34,1,1,1,1,0,0,2024-07-10 15:30:26.137178319,
U005198,paid_social,ios,35-44,1,1,0,0,0,0,2024-07-22 02:13:26.622050610,
U005199,organic_search,ios,35-44,1,1,1,1,1,1,2024-07-16 04:48:41.477760183,2024-07-17 04:49:22.994087818
U005200,paid_social,android,25-34,1,0,0,0,0,0,2024-07-08 04:54:31.420057608,
U005201,app_store,ios,25-34,1,0,0,0,0,0,2024-07-05 19:41:24.355318704,
U005202,referral,ios,25-34,1,1,0,0,0,0,2024-07-05 18:23:41.143193966,
U005203,referral,ios,25-34,1,1,1,1,1,0,2024-07-13 20:34:01.086957602,
U005204,app_store,ios,25-34,1,1,0,0,0,0,2024-07-05 18:19:24.962065381,
U005205,paid_social,ios,18-24,1,1,0,0,0,0,2024-07-01 13:15:04.069352584,
U005206,email,android,25-34,1,1,0,0,0,0,2024-07-02 11:00:13.164406675,
U005207,paid_social,android,25-34,1,1,1,1,0,0,2024-07-27 00:52:56.688731014,
U005208,email,ios,35-44,1,1,1,1,0,0,2024-07-03 01:01:48.076534599,
U005209,organic_search,ios,35-44,1,1,0,0,0,0,2024-07-03 01:10:38.726653458,
U005210,app_store,android,25-34,1,1,1,0,0,0,2024-07-13 15:11:55.087434722,
U005211,organic_search,ios,18-24,1,0,0,0,0,0,2024-07-07 20:42:26.603024911,
U005212,paid_social,android,25-34,1,1,1,0,0,0,2024-07-27 22:55:48.967175708,
U005213,email,ios,35-44,1,1,1,0,0,0,2024-07-26 12:10:56.942913086,
U005214,paid_social,ios,18-24,1,1,1,0,0,0,2024-07-12 07:59:14.867185531,
U005215,referral,ios,18-24,1,0,0,0,0,0,2024-07-13 13:32:51.291771813,
U005216,paid_social,android,35-44,1,1,1,1,1,1,2024-07-11 12:04:34.949520418,2024-07-13 05:21:55.274774356
U005217,referral,ios,35-44,1,1,1,1,1,1,2024-07-02 01:26:45.709383055,2024-07-04 15:21:17.228740701
U005218,organic_search,ios,25-34,1,1,1,0,0,0,2024-07-09 04:47:35.073524990,
U005219,organic_search,ios,25-34,1,1,1,1,0,0,2024-07-04 10:26:11.657685310,
U005220,organic_search,android,45+,1,0,0,0,0,0,2024-07-03 20:47:34.302372583,
U005221,paid_social,android,45+,1,1,0,0,0,0,2024-07-16 16:53:56.317247710,
U005222,organic_search,android,25-34,1,0,0,0,0,0,2024-07-03 18:22:11.943780650,
U005223,paid_social,android,35-44,1,0,0,0,0,0,2024-07-03 21:10:11.458525501,
U005224,paid_social,ios,25-34,1,1,0,0,0,0,2024-07-14 10:54:18.778890967,
U005225,organic_search,ios,45+,1,1,1,0,0,0,2024-07-13 09:12:49.497704686,
U005226,referral,ios,25-34,1,0,0,0,0,0,2024-07-04 20:29:26.072192227,
U005227,email,ios,35-44,1,1,1,1,1,1,2024-07-01 02:59:23.080817601,2024-07-03 02:43:22.671837256
U005228,organic_search,android,35-44,1,1,0,0,0,0,2024-07-06 09:40:43.769524767,
U005229,referral,android,25-34,1,1,1,1,1,1,2024-07-07 14:31:10.541317191,2024-07-07 21:54:22.748812707
U005230,referral,ios,35-44,1,1,0,0,0,0,2024-07-23 09:46:01.034778572,
U005231,paid_social,android,25-34,1,1,0,0,0,0,2024-07-26 15:10:28.457595436,
U005232,referral,android,18-24,1,1,1,0,0,0,2024-07-12 08:47:40.686402897,
U005233,paid_social,ios,25-34,1,1,1,0,0,0,2024-07-12 08:10:40.656751165,
U005234,paid_social,ios,45+,1,1,1,0,0,0,2024-07-20 22:47:14.721671868,
U005235,organic_search,ios,25-34,1,1,0,0,0,0,2024-07-18 13:17:29.740392783,
U005236,referral,ios,35-44,1,1,1,1,1,1,2024-07-06 03:44:31.939648695,2024-07-07 02:51:00.513756179
U005237,referral,android,35-44,1,1,1,0,0,0,2024-07-04 00:22:01.524658148,
U005238,organic_search,ios,18-24,1,1,1,0,0,0,2024-07-13 06:04:30.685872698,
U005239,paid_social,ios,25-34,1,0,0,0,0,0,2024-07-16 19:33:52.776163357,
U005240,app_store,android,35-44,1,1,1,1,1,1,2024-07-04 21:12:41.433561792,2024-07-05 11:56:34.138406054
U005241,paid_social,ios,45+,1,1,1,1,1,0,2024-07-09 05:04:47.235253710,
U005242,paid_social,ios,18-24,1,0,0,0,0,0,2024-07-09 13:35:37.296964845,
U005243,app_store,android,25-34,1,1,0,0,0,0,2024-07-08 07:35:32.607917656,
U005244,referral,ios,18-24,1,1,1,1,1,1,2024-07-13 21:37:53.655413102,2024-07-14 00:11:13.278137416
U005245,referral,ios,25-34,1,1,1,0,0,0,2024-07-19 06:51:31.423186310,
U005246,email,android,25-34,1,1,1,0,0,0,2024-07-15 06:18:36.006443809,
U005247,email,ios,25-34,1,0,0,0,0,0,2024-07-06 15:22:43.715388774,
U005248,paid_social,android,25-34,1,1,1,1,1,1,2024-07-03 21:10:30.142617070,2024-07-08 14:45:09.606634825
U005249,paid_social,ios,25-34,1,1,1,0,0,0,2024-07-24 00:17:49.023844537,
U005250,paid_social,ios,35-44,1,0,0,0,0,0,2024-07-14 10:05:33.888430867,
U005251,app_store,ios,45+,1,1,0,0,0,0,2024-07-02 17:45:27.114256674,
U005252,referral,ios,25-34,1,1,0,0,0,0,2024-07-08 05:27:27.531952210,
U005253,organic_search,android,35-44,1,1,1,0,0,0,2024-07-23 12:18:38.516666947,
U005254,email,android,25-34,1,1,0,0,0,0,2024-07-22 01:09:36.324892173,
U005255,paid_social,android,45+,1,0,0,0,0,0,2024-07-25 12:32:55.598305336,
U005256,organic_search,android,35-44,1,1,1,1,1,1,2024-07-17 20:36:10.868663293,2024-07-19 06:32:10.071355844
U005257,paid_social,ios,35-44,1,1,1,0,0,0,2024-07-12 20:11:34.036399006,
U005258,paid_social,android,18-24,1,1,1,0,0,0,2024-07-12 22:41:55.386083727,
U005259,email,android,25-34,1,1,1,0,0,0,2024-07-06 10:22:04.907637328,
U005260,organic_search,android,25-34,1,0,0,0,0,0,2024-07-19 05:20:12.847704061,
U005261,email,android,25-34,1,1,1,0,0,0,2024-07-17 09:09:58.334739832,
U005262,referral,android,25-34,1,1,1,0,0,0,2024-07-05 08:04:07.984128640,
U005263,organic_search,ios,25-34,1,1,1,1,0,0,2024-07-25 19:09:55.736173771,
U005264,app_store,android,35-44,1,1,0,0,0,0,2024-07-11 07:36:38.277448995,
U005265,paid_social,ios,18-24,1,1,0,0,0,0,2024-07-02 09:25:28.021548568,
U005266,organic_search,ios,25-34,1,0,0,0,0,0,2024-07-10 04:20:09.523550454,
U005267,paid_social,android,18-24,1,0,0,0,0,0,2024-07-25 08:32:37.364230244,
U005268,email,ios,18-24,1,1,0,0,0,0,2024-07-26 16:11:41.372516828,
U005269,paid_social,ios,35-44,1,1,0,0,0,0,2024-07-14 17:32:51.851034506,
U005270,organic_search,ios,25-34,1,1,0,0,0,0,2024-07-27 18:39:37.583025613,
U005271,organic_search,android,25-34,1,1,1,1,1,1,2024-07-25 12:09:44.984845612,2024-07-28 18:06:56.870243632
U005272,organic_search,ios,25-34,1,1,0,0,0,0,2024-07-24 02:33:18.150806444,
U005273,email,android,35-44,1,1,1,1,1,1,2024-07-25 01:43:30.588479191,2024-07-25 13:22:23.108846386
U005274,paid_social,ios,25-34,1,1,0,0,0,0,2024-07-11 16:37:12.997118816,
U005275,organic_search,ios,45+,1,1,0,0,0,0,2024-07-22 04:20:49.661475810,
U005276,organic_search,ios,25-34,1,1,1,1,0,0,2024-07-17 03:58:18.516241819,
U005277,paid_social,android,35-44,1,0,0,0,0,0,2024-07-21 03:37:39.537010149,
U005278,app_store,ios,25-34,1,0,0,0,0,0,2024-07-05 23:28:20.151459411,
U005279,paid_social,android,25-34,1,1,0,0,0,0,2024-07-21 11:29:48.151365939,
U005280,app_store,android,25-34,1,1,0,0,0,0,2024-07-27 19:30:07.616802538,
U005281,paid_social,android,25-34,1,1,1,0,0,0,2024-07-09 11:23:23.109505155,
U005282,organic_search,android,25-34,1,0,0,0,0,0,2024-07-28 14:42:01.474913451,
U005283,email,ios,25-34,1,0,0,0,0,0,2024-07-11 14:16:07.255017152,
U005284,paid_social,ios,18-24,1,0,0,0,0,0,2024-07-06 14:12:51.083993282,
U005285,referral,android,25-34,1,1,1,1,1,1,2024-07-04 03:27:22.847132736,2024-07-04 15:34:13.219221086
U005286,app_store,android,35-44,1,1,0,0,0,0,2024-07-22 23:29:39.860626758,
U005287,organic_search,android,35-44,1,1,1,1,1,1,2024-07-16 12:50:33.608590994,2024-07-20 07:38:03.563959138
U005288,organic_search,android,25-34,1,1,1,1,1,1,2024-07-09 14:23:32.025627178,2024-07-12 08:37:25.765215458
U005289,referral,android,25-34,1,1,0,0,0,0,2024-07-18 00:52:43.134605058,
U005290,organic_search,ios,18-24,1,1,0,0,0,0,2024-07-10 07:10:19.193624958,
U005291,organic_search,android,25-34,1,1,1,0,0,0,2024-07-13 13:17:47.086529006,
U005292,organic_search,android,35-44,1,1,1,1,1,1,2024-07-25 03:42:37.053021877,2024-07-26 18:58:43.022438140
U005293,organic_search,android,35-44,1,1,1,0,0,0,2024-07-19 17:00:28.340817692,
U005294,email,ios,25-34,1,0,0,0,0,0,2024-07-22 08:20:02.530613648,
U005295,organic_search,android,25-34,1,1,0,0,0,0,2024-07-17 08:06:27.599715198,
U005296,paid_social,android,35-44,1,0,0,0,0,0,2024-07-28 18:13:10.159864093,
U005297,referral,ios,25-34,1,0,0,0,0,0,2024-07-07 18:13:39.232370928,
U005298,paid_social,android,25-34,1,1,1,0,0,0,2024-07-08 08:15:34.776010958,
U005299,organic_search,ios,35-44,1,1,0,0,0,0,2024-07-03 14:11:58.584595776,
U005300,email,android,25-34,1,1,1,0,0,0,2024-07-16 12:18:03.979409461,
U005301,organic_search,ios,25-34,1,0,0,0,0,0,2024-07-18 04:10:38.664719122,
U005302,email,ios,45+,1,1,0,0,0,0,2024-07-21 07:50:46.237156825,
U005303,email,ios,25-34,1,0,0,0,0,0,2024-07-10 09:25:10.784056450,
U005304,paid_social,android,35-44,1,1,1,1,0,0,2024-07-01 08:14:11.655071872,
U005305,paid_social,ios,18-24,1,0,0,0,0,0,2024-07-18 16:51:29.696124063,
U005306,paid_social,android,35-44,1,0,0,0,0,0,2024-07-28 23:07:24.135505309,
U005307,paid_social,android,45+,1,0,0,0,0,0,2024-07-09 05:56:13.796688750,
U005308,email,android,25-34,1,1,1,1,0,0,2024-07-06 03:36:14.227413051,
U005309,email,ios,35-44,1,1,1,0,0,0,2024-07-08 21:20:50.624373512,
U005310,paid_social,android,35-44,1,1,1,0,0,0,2024-07-12 21:52:45.116580633,
U005311,referral,android,18-24,1,1,1,1,1,1,2024-07-08 00:36:48.557722042,2024-07-08 08:42:45.088516766
U005312,app_store,ios,35-44,1,1,1,0,0,0,2024-07-10 17:09:25.693369128,
U005313,app_store,ios,45+,1,1,1,1,1,1,2024-07-18 20:52:29.741971195,2024-07-21 14:42:13.122029325
U005314,paid_social,ios,25-34,1,0,0,0,0,0,2024-07-10 15:51:31.705769653,
U005315,paid_social,android,18-24,1,1,0,0,0,0,2024-07-12 02:09:05.799220617,
U005316,organic_search,ios,18-24,1,1,0,0,0,0,2024-07-02 02:54:03.630963978,
U005317,app_store,ios,25-34,1,1,0,0,0,0,2024-07-26 16:51:26.499926044,
U005318,organic_search,android,18-24,1,1,0,0,0,0,2024-07-12 09:25:38.514226015,
U005319,referral,android,25-34,1,1,0,0,0,0,2024-07-10 04:30:44.793991375,
U005320,organic_search,android,18-24,1,1,1,1,1,1,2024-07-03 10:07:02.567556832,2024-07-05 01:08:46.794259726
U005321,organic_search,android,25-34,1,1,1,1,1,0,2024-07-18 18:10:16.034684026,
U005322,paid_social,ios,25-34,1,1,1,0,0,0,2024-07-25 04:29:25.319678074,
U005323,app_store,android,25-34,1,0,0,0,0,0,2024-07-02 03:39:17.821566766,
U005324,organic_search,ios,25-34,1,1,0,0,0,0,2024-07-05 01:37:23.153051913,
U005325,referral,android,35-44,1,1,1,0,0,0,2024-07-05 02:22:26.274041511,
U005326,organic_search,android,18-24,1,1,1,0,0,0,2024-07-17 20:43:43.330057381,
U005327,organic_search,ios,18-24,1,0,0,0,0,0,2024-07-26 19:04:00.832176278,
U005328,paid_social,android,18-24,1,0,0,0,0,0,2024-07-13 06:10:49.233604879,
U005329,paid_social,ios,25-34,1,0,0,0,0,0,2024-07-10 15:02:16.559470564,
U005330,organic_search,ios,18-24,1,1,1,0,0,0,2024-07-22 10:38:41.786595517,
U005331,paid_social,android,35-44,1,1,0,0,0,0,2024-07-21 19:00:23.074199272,
U005332,organic_search,android,25-34,1,1,0,0,0,0,2024-07-07 21:49:12.452139426,
U005333,paid_social,android,45+,1,0,0,0,0,0,2024-07-05 12:04:31.135695236,
U005334,app_store,ios,25-34,1,1,1,0,0,0,2024-07-11 00:26:54.030419228,
U005335,app_store,android,25-34,1,1,0,0,0,0,2024-07-22 17:12:19.726474665,
U005336,paid_social,ios,35-44,1,1,1,1,1,1,2024-07-20 11:04:57.352882314,2024-07-21 04:07:36.832169132
U005337,referral,ios,35-44,1,1,1,1,1,1,2024-07-19 15:27:13.286416932,2024-07-20 09:13:17.155170159
U005338,app_store,ios,35-44,1,1,1,1,1,1,2024-07-24 05:22:33.572746822,2024-07-26 22:18:47.785519460
U005339,organic_search,ios,45+,1,1,1,0,0,0,2024-07-08 18:13:53.651616301,
U005340,email,android,25-34,1,1,1,1,1,0,2024-07-10 12:16:02.868655839,
U005341,app_store,ios,35-44,1,0,0,0,0,0,2024-07-02 04:27:07.598913717,
U005342,organic_search,ios,25-34,1,1,1,0,0,0,2024-07-25 07:47:49.780823906,
U005343,organic_search,ios,35-44,1,1,1,0,0,0,2024-07-17 07:23:34.014723734,
U005344,app_store,android,25-34,1,1,1,0,0,0,2024-07-09 08:20:17.448525031,
U005345,paid_social,android,25-34,1,0,0,0,0,0,2024-07-02 22:38:52.472882306,
U005346,organic_search,ios,35-44,1,1,0,0,0,0,2024-07-21 06:07:52.270050622,
U005347,organic_search,android,25-34,1,1,1,0,0,0,2024-07-21 23:09:05.807293088,
U005348,paid_social,ios,25-34,1,1,1,0,0,0,2024-07-19 15:40:19.395196662,
U005349,referral,android,25-34,1,1,1,1,1,1,2024-07-06 16:56:26.924914327,2024-07-07 19:27:12.236981140
U005350,referral,ios,35-44,1,1,1,0,0,0,2024-07-26 13:40:52.288744015,
U005351,app_store,ios,45+,1,1,1,1,1,0,2024-07-22 02:07:19.879615304,
U005352,organic_search,android,35-44,1,1,1,1,1,0,2024-07-19 10:00:44.098014340,
U005353,paid_social,android,35-44,1,0,0,0,0,0,2024-07-19 05:26:03.539541987,
U005354,paid_social,ios,25-34,1,0,0,0,0,0,2024-07-26 07:43:42.148061698,
U005355,paid_social,android,18-24,1,1,1,1,1,1,2024-07-26 23:49:20.616388561,2024-07-27 23:22:40.417565285
U005356,organic_search,android,18-24,1,1,1,1,0,0,2024-07-17 16:16:06.041650371,
U005357,app_store,android,25-34,1,0,0,0,0,0,2024-07-12 16:00:06.639000598,
U005358,email,ios,25-34,1,1,1,0,0,0,2024-07-11 04:25:45.243350140,
U005359,paid_social,ios,25-34,1,1,1,1,1,1,2024-07-23 22:25:15.532342485,2024-07-28 06:46:51.720613758
U005360,referral,android,25-34,1,1,0,0,0,0,2024-07-19 01:10:29.238127219,
U005361,organic_search,ios,35-44,1,0,0,0,0,0,2024-07-03 03:55:21.980389638,
U005362,paid_social,ios,25-34,1,1,0,0,0,0,2024-07-04 23:32:56.402685952,
U005363,referral,ios,35-44,1,0,0,0,0,0,2024-07-26 04:55:29.717437645,
U005364,paid_social,android,35-44,1,1,0,0,0,0,2024-07-25 18:22:57.919894410,
U005365,app_store,ios,35-44,1,1,1,1,0,0,2024-07-27 15:37:53.059888916,
U005366,referral,android,45+,1,1,0,0,0,0,2024-07-12 23:30:57.060160682,
U005367,paid_social,ios,25-34,1,1,0,0,0,0,2024-07-22 22:53:20.147764398,
U005368,email,ios,35-44,1,1,1,0,0,0,2024-07-24 04:34:01.986078806,
U005369,organic_search,ios,45+,1,0,0,0,0,0,2024-07-09 20:08:53.954603757,
U005370,paid_social,ios,25-34,1,1,1,1,1,0,2024-07-05 01:40:00.991000704,
U005371,paid_social,android,35-44,1,0,0,0,0,0,2024-07-28 22:00:06.174077486,
U005372,paid_social,android,25-34,1,1,0,0,0,0,2024-07-01 20:18:26.297715265,
U005373,email,ios,25-34,1,1,1,1,0,0,2024-07-17 17:24:35.054546724,
U005374,paid_social,ios,18-24,1,1,1,1,0,0,2024-07-19 04:56:33.533700388,
U005375,email,android,45+,1,0,0,0,0,0,2024-07-20 02:09:44.776092974,
U005376,referral,android,35-44,1,1,1,0,0,0,2024-07-08 03:46:54.638210020,
U005377,paid_social,android,45+,1,1,0,0,0,0,2024-07-21 04:54:04.507807780,
U005378,email,android,35-44,1,0,0,0,0,0,2024-07-07 01:25:13.823490036,
U005379,organic_search,ios,18-24,1,1,1,1,1,1,2024-07-24 05:06:49.348314471,2024-07-27 02:55:04.301294447
U005380,organic_search,android,18-24,1,0,0,0,0,0,2024-07-07 03:14:47.057945546,
U005381,paid_social,ios,45+,1,0,0,0,0,0,2024-07-20 12:11:11.225540846,
U005382,organic_search,ios,25-34,1,1,1,1,0,0,2024-07-22 22:27:13.904929555,
U005383,organic_search,android,25-34,1,1,1,1,1,1,2024-07-06 06:58:17.559518127,2024-07-08 21:36:46.297392346
U005384,referral,android,25-34,1,0,0,0,0,0,2024-07-07 15:55:36.910880792,
U005385,paid_social,android,25-34,1,1,1,0,0,0,2024-07-22 19:33:27.764746182,
U005386,paid_social,ios,35-44,1,1,0,0,0,0,2024-07-03 09:47:28.712179276,
U005387,app_store,ios,25-34,1,1,1,0,0,0,2024-07-06 08:11:28.896207352,
U005388,referral,ios,35-44,1,1,1,0,0,0,2024-07-13 18:07:00.368254642,
U005389,email,android,45+,1,0,0,0,0,0,2024-07-27 01:04:56.122019349,
U005390,organic_search,ios,18-24,1,0,0,0,0,0,2024-07-16 17:34:54.858173170,
U005391,referral,android,25-34,1,0,0,0,0,0,2024-07-11 20:31:10.250385340,
U005392,email,ios,25-34,1,0,0,0,0,0,2024-07-28 09:27:53.241600614,
U005393,referral,android,45+,1,1,1,0,0,0,2024-07-13 23:36:50.392010541,
U005394,referral,android,25-34,1,1,1,1,0,0,2024-07-13 03:28:11.648344756,
U005395,paid_social,ios,25-34,1,1,1,0,0,0,2024-07-12 12:37:29.931414780,
U005396,organic_search,ios,35-44,1,1,0,0,0,0,2024-07-09 17:47:06.031650361,
U005397,paid_social,android,25-34,1,0,0,0,0,0,2024-07-10 02:52:00.883717165,
U005398,paid_social,ios,45+,1,1,0,0,0,0,2024-07-20 06:13:35.415381442,
U005399,email,android,45+,1,0,0,0,0,0,2024-07-02 03:26:29.477089478,
U005400,organic_search,android,25-34,1,1,1,1,1,0,2024-07-20 02:10:51.022683573,
U005401,app_store,ios,35-44,1,0,0,0,0,0,2024-07-06 15:12:33.921866113,
U005402,app_store,android,18-24,1,1,1,1,1,0,2024-07-11 18:11:16.001352308,
U005403,organic_search,ios,35-44,1,1,1,1,1,1,2024-07-05 02:28:27.082417954,2024-07-08 01:16:48.699194364
U005404,paid_social,android,35-44,1,1,1,0,0,0,2024-07-16 11:26:55.325820120,
U005405,email,ios,25-34,1,1,0,0,0,0,2024-07-21 10:07:24.596428216,
U005406,app_store,android,25-34,1,1,1,0,0,0,2024-07-10 22:19:42.769595557,
U005407,paid_social,ios,45+,1,0,0,0,0,0,2024-07-05 13:48:57.384385405,
U005408,paid_social,ios,25-34,1,1,1,0,0,0,2024-07-07 08:12:42.303807900,
U005409,paid_social,ios,35-44,1,1,1,1,0,0,2024-07-23 21:46:18.772497066,
U005410,referral,android,18-24,1,1,0,0,0,0,2024-07-08 11:51:35.819856795,
U005411,organic_search,android,25-34,1,1,1,1,1,1,2024-07-22 16:36:00.513012762,2024-07-26 05:07:07.091696247
U005412,referral,android,35-44,1,1,0,0,0,0,2024-07-10 06:33:57.604945586,
U005413,organic_search,ios,25-34,1,1,0,0,0,0,2024-07-06 06:49:41.795466495,
U005414,organic_search,android,35-44,1,1,0,0,0,0,2024-07-21 08:45:04.867450682,
U005415,paid_social,android,25-34,1,0,0,0,0,0,2024-07-14 02:51:44.135306420,
U005416,paid_social,ios,25-34,1,1,1,1,1,0,2024-07-01 21:01:05.926284011,
U005417,paid_social,ios,45+,1,1,1,1,1,0,2024-07-27 21:04:52.700877969,
U005418,paid_social,ios,25-34,1,1,1,0,0,0,2024-07-05 03:17:25.134318441,
U005419,paid_social,ios,45+,1,1,1,0,0,0,2024-07-10 21:29:22.157435317,
U005420,organic_search,ios,45+,1,0,0,0,0,0,2024-07-11 18:34:55.180981613,
U005421,paid_social,android,45+,1,1,0,0,0,0,2024-07-14 16:53:48.812285954,
U005422,app_store,ios,45+,1,1,1,1,1,1,2024-07-22 23:49:06.178830826,2024-07-24 04:44:28.127562650
U005423,paid_social,android,18-24,1,1,1,0,0,0,2024-07-01 04:05:33.604590066,
U005424,paid_social,android,45+,1,0,0,0,0,0,2024-07-27 02:37:16.386592231,
U005425,referral,android,18-24,1,1,1,1,0,0,2024-07-19 02:06:17.702123126,
U005426,app_store,android,18-24,1,1,1,0,0,0,2024-07-27 14:50:09.768437106,
U005427,organic_search,ios,18-24,1,1,1,1,1,0,2024-07-23 21:17:08.768917960,
U005428,referral,android,25-34,1,1,1,0,0,0,2024-07-26 23:30:26.217186919,
U005429,referral,ios,35-44,1,1,1,1,1,1,2024-07-17 19:52:20.532823593,2024-07-19 03:30:15.569859567
U005430,referral,android,25-34,1,0,0,0,0,0,2024-07-11 00:06:41.891376459,
U005431,organic_search,android,18-24,1,1,1,1,0,0,2024-07-13 09:38:17.701484431,
U005432,referral,android,25-34,1,0,0,0,0,0,2024-07-19 10:11:51.765281246,
U005433,organic_search,android,25-34,1,1,1,1,1,1,2024-07-12 22:53:53.555146720,2024-07-13 07:07:05.897362302
U005434,referral,ios,35-44,1,1,1,1,1,1,2024-07-21 11:41:02.797765274,2024-07-24 18:16:55.093363211
U005435,referral,ios,25-34,1,0,0,0,0,0,2024-07-03 13:43:18.720500808,
U005436,organic_search,android,25-34,1,1,1,0,0,0,2024-07-24 05:45:03.701224242,
U005437,email,ios,25-34,1,1,0,0,0,0,2024-07-06 17:12:53.157021937,
U005438,organic_search,android,25-34,1,0,0,0,0,0,2024-07-27 10:19:58.056962210,
U005439,email,ios,25-34,1,0,0,0,0,0,2024-07-05 08:31:36.399208238,
U005440,paid_social,android,25-34,1,0,0,0,0,0,2024-07-04 14:47:54.023210919,
U005441,organic_search,ios,25-34,1,0,0,0,0,0,2024-07-23 17:34:50.686733020,
U005442,organic_search,ios,25-34,1,1,1,0,0,0,2024-07-23 22:10:03.461579133,
U005443,app_store,android,25-34,1,1,0,0,0,0,2024-07-21 16:26:46.788576712,
U005444,organic_search,ios,45+,1,1,1,0,0,0,2024-07-27 21:28:35.298278259,
U005445,organic_search,ios,25-34,1,0,0,0,0,0,2024-07-08 13:48:09.469715760,
U005446,paid_social,ios,35-44,1,1,1,1,0,0,2024-07-24 03:30:28.629365302,
U005447,referral,ios,35-44,1,1,1,1,1,1,2024-07-10 20:34:16.450281044,2024-07-11 11:04:27.291876516
U005448,paid_social,ios,18-24,1,1,0,0,0,0,2024-07-16 01:07:54.754977349,
U005449,organic_search,ios,45+,1,1,1,1,1,1,2024-07-13 11:26:35.591853454,2024-07-14 09:33:12.898245286
U005450,organic_search,android,35-44,1,1,1,0,0,0,2024-07-01 03:55:52.374851990,
U005451,organic_search,ios,35-44,1,1,0,0,0,0,2024-07-17 02:02:18.938609930,
U005452,organic_search,android,25-34,1,1,1,0,0,0,2024-07-21 22:19:26.243678553,
U005453,paid_social,ios,25-34,1,1,0,0,0,0,2024-07-05 21:17:57.126345295,
U005454,referral,ios,25-34,1,1,1,0,0,0,2024-07-27 02:04:21.861091635,
U005455,organic_search,ios,18-24,1,1,0,0,0,0,2024-07-15 20:25:42.565761246,
U005456,paid_social,android,35-44,1,1,1,1,1,1,2024-07-05 23:46:52.730823126,2024-07-09 23:32:56.190925687
U005457,paid_social,ios,45+,1,1,1,0,0,0,2024-07-19 02:04:36.363562129,
U005458,app_store,android,18-24,1,1,1,0,0,0,2024-07-06 08:58:19.416440319,
U005459,app_store,ios,35-44,1,1,0,0,0,0,2024-07-02 18:41:39.876196077,
U005460,email,ios,35-44,1,1,1,1,1,0,2024-07-20 04:31:54.634460631,
U005461,organic_search,android,18-24,1,1,1,0,0,0,2024-07-04 02:23:13.061692651,
U005462,organic_search,ios,25-34,1,0,0,0,0,0,2024-07-03 23:22:41.251112274,
U005463,paid_social,ios,25-34,1,0,0,0,0,0,2024-07-21 17:14:31.468049444,
U005464,organic_search,android,35-44,1,0,0,0,0,0,2024-07-02 13:05:45.242576966,
U005465,paid_social,android,35-44,1,1,0,0,0,0,2024-07-23 16:09:53.597952810,
U005466,email,android,18-24,1,1,1,0,0,0,2024-07-23 07:00:43.076920824,
U005467,email,android,25-34,1,1,1,1,0,0,2024-07-04 23:00:58.981205732,
U005468,email,android,35-44,1,1,0,0,0,0,2024-07-15 12:21:06.461892442,
U005469,paid_social,android,35-44,1,1,0,0,0,0,2024-07-03 16:55:56.387752064,
U005470,referral,ios,18-24,1,1,0,0,0,0,2024-07-18 17:05:16.294906258,
U005471,paid_social,android,25-34,1,1,0,0,0,0,2024-07-02 18:17:20.287378345,
U005472,organic_search,android,45+,1,1,1,1,1,1,2024-07-27 10:41:28.087615989,2024-07-29 07:04:04.713427120
U005473,referral,ios,25-34,1,1,0,0,0,0,2024-07-06 19:35:42.195006092,
U005474,organic_search,ios,25-34,1,0,0,0,0,0,2024-07-20 02:54:18.751670960,
U005475,paid_social,ios,35-44,1,1,0,0,0,0,2024-07-04 14:12:42.613853104,
U005476,paid_social,android,18-24,1,1,1,1,0,0,2024-07-06 20:50:55.727792138,
U005477,referral,ios,45+,1,0,0,0,0,0,2024-07-13 15:02:17.390578650,
U005478,email,android,25-34,1,1,0,0,0,0,2024-07-17 01:07:14.185133396,
U005479,paid_social,ios,18-24,1,1,0,0,0,0,2024-07-28 23:14:09.951155559,
U005480,email,android,25-34,1,1,1,1,0,0,2024-07-01 17:25:20.730997610,
U005481,organic_search,ios,18-24,1,1,1,1,1,1,2024-07-01 00:12:40.644002973,2024-07-02 20:20:17.189945692
U005482,paid_social,android,18-24,1,1,1,1,0,0,2024-07-10 19:26:48.075534402,
U005483,referral,android,35-44,1,1,0,0,0,0,2024-07-11 06:03:25.484987613,
U005484,referral,android,25-34,1,1,1,1,1,1,2024-07-25 17:56:19.041569808,2024-07-26 13:53:55.898204092
U005485,app_store,android,45+,1,0,0,0,0,0,2024-07-26 13:15:19.699389313,
U005486,organic_search,android,25-34,1,1,1,1,1,1,2024-07-25 15:42:46.022808463,2024-07-27 11:16:14.825403998
U005487,referral,ios,25-34,1,1,1,0,0,0,2024-07-05 00:12:58.033175846,
U005488,referral,ios,25-34,1,0,0,0,0,0,2024-07-12 12:56:04.017270051,
U005489,app_store,android,35-44,1,1,0,0,0,0,2024-07-21 21:14:05.384624121,
U005490,organic_search,ios,25-34,1,0,0,0,0,0,2024-07-09 18:04:28.695183636,
U005491,email,ios,18-24,1,1,1,0,0,0,2024-07-19 13:41:45.438572724,
U005492,referral,android,45+,1,1,0,0,0,0,2024-07-07 15:21:36.014631890,
U005493,organic_search,ios,25-34,1,1,0,0,0,0,2024-07-10 01:20:15.868858786,
U005494,paid_social,ios,18-24,1,1,0,0,0,0,2024-07-25 02:12:31.407703851,
U005495,paid_social,android,25-34,1,0,0,0,0,0,2024-07-08 00:20:31.460106498,
U005496,referral,ios,35-44,1,1,1,1,1,1,2024-07-28 00:01:32.830991860,2024-07-28 15:40:50.359074984
U005497,email,ios,25-34,1,1,1,0,0,0,2024-07-09 13:48:23.129818419,
U005498,referral,ios,35-44,1,1,1,1,1,0,2024-07-01 15:48:39.203284471,
U005499,referral,android,35-44,1,1,0,0,0,0,2024-07-08 03:17:36.266479177,
U005500,paid_social,android,35-44,1,1,0,0,0,0,2024-07-05 19:02:58.996275295,
U005501,organic_search,android,25-34,1,1,1,1,1,1,2024-07-15 04:35:15.796673494,2024-07-15 17:07:46.320468667
U005502,organic_search,ios,45+,1,0,0,0,0,0,2024-07-04 03:44:42.707660359,
U005503,paid_social,android,25-34,1,1,0,0,0,0,2024-07-18 12:42:17.443832094,
U005504,paid_social,android,25-34,1,1,1,1,0,0,2024-07-25 11:55:55.831490270,
U005505,organic_search,android,25-34,1,1,1,1,0,0,2024-07-11 03:36:45.678859596,
U005506,paid_social,android,35-44,1,0,0,0,0,0,2024-07-05 17:13:37.586543635,
U005507,paid_social,ios,18-24,1,1,1,1,0,0,2024-07-12 04:49:00.469801653,
U005508,organic_search,ios,18-24,1,1,1,0,0,0,2024-07-23 00:10:10.934453355,
U005509,paid_social,ios,35-44,1,1,0,0,0,0,2024-07-17 13:28:46.981133356,
U005510,organic_search,ios,25-34,1,1,0,0,0,0,2024-07-03 19:58:05.661682136,
U005511,app_store,android,25-34,1,1,1,1,0,0,2024-07-16 00:59:23.163747957,
U005512,email,android,35-44,1,1,0,0,0,0,2024-07-14 02:33:12.154817372,
U005513,referral,android,35-44,1,1,1,1,1,1,2024-07-10 03:49:09.969766392,2024-07-10 17:12:41.295012552
U005514,organic_search,ios,25-34,1,1,1,0,0,0,2024-07-04 02:01:40.513972198,
U005515,email,ios,18-24,1,0,0,0,0,0,2024-07-28 11:18:25.994652570,
U005516,email,ios,45+,1,1,0,0,0,0,2024-07-05 22:18:03.999485764,
U005517,email,ios,25-34,1,0,0,0,0,0,2024-07-06 09:31:23.601400971,
U005518,organic_search,ios,25-34,1,1,1,0,0,0,2024-07-05 01:49:53.648733727,
U005519,referral,android,35-44,1,0,0,0,0,0,2024-07-16 23:10:10.999220469,
U005520,email,ios,25-34,1,1,0,0,0,0,2024-07-13 10:08:45.434588550,
U005521,referral,android,25-34,1,1,1,0,0,0,2024-07-07 23:42:08.734758645,
U005522,referral,ios,25-34,1,0,0,0,0,0,2024-07-13 00:34:21.048205681,
U005523,paid_social,android,25-34,1,1,1,0,0,0,2024-07-19 20:36:24.062088506,
U005524,paid_social,ios,45+,1,1,1,0,0,0,2024-07-08 21:18:09.925801484,
U005525,organic_search,ios,18-24,1,1,1,1,1,1,2024-07-26 15:02:42.581372697,2024-07-27 13:30:29.650082727
U005526,referral,android,25-34,1,1,1,1,1,1,2024-07-09 13:51:52.816980304,2024-07-10 18:14:43.381536244
U005527,organic_search,android,45+,1,1,1,1,1,1,2024-07-06 13:10:34.711366645,2024-07-07 04:19:06.471872601
U005528,paid_social,ios,18-24,1,1,1,1,1,0,2024-07-27 17:28:10.535154711,
U005529,organic_search,ios,35-44,1,1,1,1,1,1,2024-07-23 16:41:48.227997901,2024-07-23 21:36:06.885164649
U005530,paid_social,ios,25-34,1,0,0,0,0,0,2024-07-10 14:35:18.542021312,
U005531,organic_search,android,35-44,1,1,0,0,0,0,2024-07-24 13:26:31.934287266,
U005532,referral,android,25-34,1,0,0,0,0,0,2024-07-15 12:38:35.431552874,
U005533,email,ios,18-24,1,1,1,1,1,0,2024-07-10 17:01:03.643793162,
U005534,organic_search,ios,25-34,1,1,0,0,0,0,2024-07-24 12:13:08.357413267,
U005535,organic_search,android,35-44,1,1,1,0,0,0,2024-07-22 01:27:17.729758454,
U005536,organic_search,ios,35-44,1,1,1,1,1,1,2024-07-09 08:10:18.819322201,2024-07-11 11:13:40.515337513
U005537,email,android,35-44,1,1,1,0,0,0,2024-07-17 23:41:16.664112088,
U005538,paid_social,ios,25-34,1,1,1,1,1,1,2024-07-11 08:13:48.828739094,2024-07-12 09:19:25.118880750
U005539,paid_social,android,25-34,1,1,1,0,0,0,2024-07-01 00:42:24.932018091,
U005540,organic_search,ios,35-44,1,1,0,0,0,0,2024-07-27 22:20:24.641595556,
U005541,referral,ios,35-44,1,1,1,0,0,0,2024-07-16 09:21:02.660835405,
U005542,email,ios,35-44,1,1,1,1,1,1,2024-07-17 18:08:48.149949861,2024-07-20 13:25:28.394966131
U005543,email,android,25-34,1,0,0,0,0,0,2024-07-17 19:07:37.336998511,
U005544,referral,android,18-24,1,1,1,1,1,1,2024-07-16 10:01:51.822014300,2024-07-17 00:07:42.207247912
U005545,organic_search,android,25-34,1,1,1,1,1,1,2024-07-09 02:54:43.746076278,2024-07-10 19:29:24.372886570
U005546,organic_search,android,25-34,1,0,0,0,0,0,2024-07-28 04:53:56.961377570,
U005547,organic_search,ios,45+,1,1,0,0,0,0,2024-07-18 09:45:40.223556975,
U005548,organic_search,ios,35-44,1,0,0,0,0,0,2024-07-19 18:51:32.955452143,
U005549,organic_search,android,25-34,1,1,1,0,0,0,2024-07-13 17:37:14.638501405,
U005550,organic_search,ios,25-34,1,1,1,1,0,0,2024-07-09 01:26:34.300067301,
U005551,paid_social,ios,18-24,1,1,1,0,0,0,2024-07-02 19:14:33.057677590,
U005552,app_store,ios,45+,1,1,1,1,1,1,2024-07-10 19:21:16.891537032,2024-07-12 21:02:11.755609152
U005553,referral,ios,45+,1,1,1,1,1,1,2024-07-05 22:20:14.900886092,2024-07-06 11:19:41.697274817
U005554,email,ios,18-24,1,1,1,0,0,0,2024-07-19 12:55:23.938567363,
U005555,referral,android,35-44,1,0,0,0,0,0,2024-07-25 14:41:26.198114737,
U005556,organic_search,android,25-34,1,1,0,0,0,0,2024-07-09 11:27:04.553067880,
U005557,referral,android,25-34,1,1,0,0,0,0,2024-07-10 07:41:49.647401660,
U005558,organic_search,android,35-44,1,1,1,1,1,1,2024-07-19 18:29:05.807663145,2024-07-23 15:12:48.824416435
U005559,referral,android,35-44,1,0,0,0,0,0,2024-07-05 04:18:37.453716399,
U005560,paid_social,ios,35-44,1,1,0,0,0,0,2024-07-27 00:34:55.022618690,
U005561,app_store,ios,18-24,1,1,1,0,0,0,2024-07-11 04:30:18.132656850,
U005562,organic_search,android,25-34,1,0,0,0,0,0,2024-07-03 20:00:21.699586054,
U005563,organic_search,ios,25-34,1,0,0,0,0,0,2024-07-05 21:23:15.544704015,
U005564,app_store,ios,25-34,1,1,1,0,0,0,2024-07-27 02:48:19.307077243,
U005565,organic_search,ios,25-34,1,0,0,0,0,0,2024-07-07 22:03:50.982422331,
U005566,referral,ios,25-34,1,1,1,1,1,1,2024-07-19 13:02:40.690228646,2024-07-19 21:52:28.047512664
U005567,referral,ios,25-34,1,0,0,0,0,0,2024-07-05 08:56:34.908783770,
U005568,email,ios,25-34,1,1,0,0,0,0,2024-07-06 10:26:10.814130164,
U005569,app_store,ios,35-44,1,0,0,0,0,0,2024-07-25 14:50:53.099162826,
U005570,app_store,android,35-44,1,0,0,0,0,0,2024-07-05 03:28:41.966072119,
U005571,organic_search,android,35-44,1,1,0,0,0,0,2024-07-01 12:36:01.419432407,
U005572,email,android,25-34,1,1,0,0,0,0,2024-07-15 00:49:43.332101968,
U005573,referral,ios,25-34,1,1,0,0,0,0,2024-07-25 03:45:08.706645691,
U005574,referral,ios,18-24,1,1,1,0,0,0,2024-07-10 03:03:57.537069480,
U005575,organic_search,android,18-24,1,1,1,1,1,1,2024-07-04 14:07:30.165146101,2024-07-05 06:10:17.843046524
U005576,referral,ios,25-34,1,0,0,0,0,0,2024-07-28 12:03:32.822885192,
U005577,app_store,android,18-24,1,1,1,0,0,0,2024-07-19 22:46:06.092460789,
U005578,app_store,android,35-44,1,1,1,0,0,0,2024-07-24 19:39:50.776808979,
U005579,paid_social,android,45+,1,1,1,0,0,0,2024-07-22 01:26:12.908418133,
U005580,organic_search,android,18-24,1,1,1,1,1,1,2024-07-20 13:13:07.709234649,2024-08-05 02:36:59.694442602
U005581,paid_social,ios,35-44,1,1,0,0,0,0,2024-07-11 18:25:37.391203120,
U005582,email,ios,18-24,1,1,1,0,0,0,2024-07-10 01:57:23.311558245,
U005583,referral,android,35-44,1,0,0,0,0,0,2024-07-21 01:47:46.235187913,
U005584,paid_social,ios,35-44,1,0,0,0,0,0,2024-07-21 01:37:52.109382356,
U005585,organic_search,ios,45+,1,0,0,0,0,0,2024-07-27 14:47:43.418691567,
U005586,paid_social,ios,18-24,1,0,0,0,0,0,2024-07-16 22:08:21.831338662,
U005587,paid_social,ios,25-34,1,1,0,0,0,0,2024-07-09 05:59:07.379121541,
U005588,app_store,ios,18-24,1,0,0,0,0,0,2024-07-14 16:57:48.071340291,
U005589,referral,ios,25-34,1,1,1,1,1,1,2024-07-18 04:24:56.465423344,2024-07-18 07:03:50.124403993
U005590,paid_social,android,45+,1,1,0,0,0,0,2024-07-12 22:45:44.731136466,
U005591,paid_social,android,35-44,1,1,0,0,0,0,2024-07-23 03:38:29.252031417,
U005592,organic_search,android,35-44,1,1,1,0,0,0,2024-07-17 08:51:36.282992554,
U005593,app_store,android,25-34,1,1,1,1,1,1,2024-07-01 06:20:26.912276811,2024-07-02 08:55:49.834074978
U005594,paid_social,ios,45+,1,1,1,1,0,0,2024-07-16 22:55:56.657610876,
U005595,paid_social,ios,25-34,1,1,0,0,0,0,2024-07-18 17:46:54.278950551,
U005596,paid_social,ios,18-24,1,1,0,0,0,0,2024-07-26 15:03:20.019735414,
U005597,referral,android,35-44,1,1,1,1,0,0,2024-07-12 14:01:15.472928406,
U005598,referral,android,25-34,1,1,1,1,1,1,2024-07-17 02:02:32.161309270,2024-07-18 08:16:01.218417296
U005599,referral,ios,18-24,1,0,0,0,0,0,2024-07-14 07:11:53.832768212,
U005600,organic_search,ios,18-24,1,1,0,0,0,0,2024-07-15 21:16:23.231751927,
U005601,paid_social,android,35-44,1,0,0,0,0,0,2024-07-02 21:13:42.007762437,
U005602,organic_search,android,35-44,1,1,1,0,0,0,2024-07-26 02:58:28.648496078,
U005603,referral,android,25-34,1,0,0,0,0,0,2024-07-26 11:47:49.532520667,
U005604,organic_search,ios,35-44,1,1,1,1,0,0,2024-07-16 08:17:45.808131296,
U005605,referral,ios,35-44,1,1,1,0,0,0,2024-07-16 14:00:19.103632110,
U005606,email,android,45+,1,1,0,0,0,0,2024-07-02 14:40:39.562155613,
U005607,email,android,25-34,1,1,1,0,0,0,2024-07-17 17:49:21.881339317,
U005608,paid_social,android,35-44,1,1,1,1,0,0,2024-07-13 00:23:24.010075669,
U005609,paid_social,android,35-44,1,0,0,0,0,0,2024-07-20 20:28:38.350263151,
U005610,organic_search,android,25-34,1,1,1,1,1,0,2024-07-02 07:40:04.598228010,
U005611,referral,android,25-34,1,1,1,1,1,0,2024-07-20 21:42:59.482059181,
U005612,email,ios,25-34,1,1,0,0,0,0,2024-07-09 00:47:33.538615134,
U005613,organic_search,ios,18-24,1,1,1,1,1,1,2024-07-19 05:56:45.535432160,2024-07-21 06:44:11.423931762
U005614,paid_social,android,25-34,1,0,0,0,0,0,2024-07-18 13:25:43.159475089,
U005615,email,ios,25-34,1,0,0,0,0,0,2024-07-07 08:26:14.919622296,
U005616,email,ios,18-24,1,1,1,1,1,1,2024-07-13 07:59:02.313547191,2024-07-19 13:04:56.096682869
U005617,organic_search,android,18-24,1,1,1,1,1,1,2024-07-24 09:32:43.980301802,2024-07-26 19:38:54.978616949
U005618,referral,android,25-34,1,0,0,0,0,0,2024-07-17 22:57:27.304184476,
U005619,organic_search,ios,35-44,1,1,1,0,0,0,2024-07-02 22:11:31.700146174,
U005620,organic_search,ios,35-44,1,1,1,0,0,0,2024-07-13 09:38:05.044731352,
U005621,app_store,android,25-34,1,0,0,0,0,0,2024-07-09 17:30:37.513075535,
U005622,email,android,25-34,1,1,0,0,0,0,2024-07-18 23:11:09.226423021,
U005623,email,android,25-34,1,1,0,0,0,0,2024-07-18 04:59:13.086781494,
U005624,organic_search,ios,18-24,1,1,1,1,1,1,2024-07-01 06:59:15.087173330,2024-07-03 22:31:20.693301351
U005625,email,ios,18-24,1,0,0,0,0,0,2024-07-18 00:22:16.976385145,
U005626,paid_social,android,35-44,1,1,0,0,0,0,2024-07-21 13:49:08.282920357,
U005627,paid_social,android,25-34,1,1,0,0,0,0,2024-07-22 12:35:11.694385892,
U005628,paid_social,android,35-44,1,0,0,0,0,0,2024-07-02 15:37:54.183727394,
U005629,organic_search,ios,35-44,1,0,0,0,0,0,2024-07-09 12:03:30.442672195,
U005630,email,ios,18-24,1,1,1,1,1,0,2024-07-12 19:05:44.997686246,
U005631,referral,ios,25-34,1,1,1,0,0,0,2024-07-06 00:48:23.715497451,
U005632,organic_search,android,25-34,1,1,0,0,0,0,2024-07-12 18:43:59.381122393,
U005633,organic_search,android,25-34,1,1,1,0,0,0,2024-07-02 23:47:56.573069272,
U005634,organic_search,ios,25-34,1,1,1,0,0,0,2024-07-04 04:04:55.251050660,
U005635,organic_search,ios,45+,1,0,0,0,0,0,2024-07-19 17:21:46.370270800,
U005636,referral,android,35-44,1,1,0,0,0,0,2024-07-08 08:26:55.298038646,
U005637,email,ios,45+,1,1,1,1,1,0,2024-07-20 22:03:53.026222582,
U005638,organic_search,android,18-24,1,1,1,1,1,1,2024-07-02 08:19:44.150977923,2024-07-04 03:12:35.630429727
U005639,organic_search,android,18-24,1,1,0,0,0,0,2024-07-16 18:08:11.225922842,
U005640,referral,ios,18-24,1,1,1,1,0,0,2024-07-11 23:03:12.606949285,
U005641,email,ios,25-34,1,1,1,1,1,1,2024-07-23 07:33:53.191321894,2024-07-25 15:35:25.943380662
U005642,paid_social,android,25-34,1,0,0,0,0,0,2024-07-22 22:48:55.662833296,
U005643,paid_social,ios,35-44,1,1,0,0,0,0,2024-07-11 12:22:33.887033202,
U005644,referral,ios,25-34,1,1,1,1,1,1,2024-07-18 10:27:49.742880998,2024-07-18 17:50:25.123228104
U005645,organic_search,android,45+,1,1,1,0,0,0,2024-07-07 08:54:46.223448105,
U005646,organic_search,android,45+,1,1,1,0,0,0,2024-07-17 06:02:00.218087671,
U005647,referral,android,18-24,1,1,1,1,1,0,2024-07-03 06:36:35.547597846,
U005648,referral,ios,45+,1,1,1,0,0,0,2024-07-13 04:03:14.684139741,
U005649,referral,ios,25-34,1,1,0,0,0,0,2024-07-06 02:47:34.807176992,
U005650,referral,ios,25-34,1,1,1,0,0,0,2024-07-25 17:37:55.755715810,
U005651,referral,ios,35-44,1,1,0,0,0,0,2024-07-13 10:58:24.058825359,
U005652,organic_search,android,18-24,1,1,1,0,0,0,2024-07-17 12:59:59.852703922,
U005653,paid_social,ios,45+,1,0,0,0,0,0,2024-07-11 02:10:35.796510361,
U005654,organic_search,android,35-44,1,1,0,0,0,0,2024-07-09 02:02:02.312452132,
U005655,organic_search,ios,45+,1,0,0,0,0,0,2024-07-06 16:21:43.539182463,
U005656,referral,ios,45+,1,1,0,0,0,0,2024-07-26 12:46:39.732788053,
U005657,email,android,25-34,1,1,0,0,0,0,2024-07-23 09:14:27.620847283,
U005658,app_store,ios,18-24,1,1,1,0,0,0,2024-07-04 17:33:05.360607550,
U005659,referral,ios,18-24,1,1,1,1,1,0,2024-07-21 21:47:56.820725116,
U005660,organic_search,ios,25-34,1,0,0,0,0,0,2024-07-12 17:15:09.655807071,
U005661,organic_search,ios,18-24,1,1,0,0,0,0,2024-07-01 10:20:47.587680610,
U005662,email,ios,35-44,1,1,1,1,0,0,2024-07-15 19:03:46.221454155,
U005663,referral,ios,25-34,1,1,1,1,1,0,2024-07-04 15:23:28.347853308,
U005664,referral,android,45+,1,1,1,1,1,1,2024-07-06 21:04:33.090236025,2024-07-07 21:11:55.651308705
U005665,email,android,35-44,1,1,0,0,0,0,2024-07-20 11:44:22.293877167,
U005666,referral,ios,18-24,1,1,0,0,0,0,2024-07-08 04:47:58.016251982,
U005667,email,ios,25-34,1,1,0,0,0,0,2024-07-25 23:20:55.937895723,
U005668,organic_search,android,25-34,1,0,0,0,0,0,2024-07-19 09:37:05.079579751,
U005669,referral,ios,25-34,1,1,1,1,1,1,2024-07-24 07:17:40.206696230,2024-07-24 22:15:58.170764768
U005670,email,android,25-34,1,1,1,0,0,0,2024-07-18 05:24:26.531128382,
U005671,organic_search,android,18-24,1,1,1,0,0,0,2024-07-25 07:52:00.930600462,
U005672,referral,ios,35-44,1,1,1,0,0,0,2024-07-11 03:03:07.565813586,
U005673,paid_social,android,25-34,1,0,0,0,0,0,2024-07-16 09:01:20.883601596,
U005674,app_store,android,35-44,1,1,0,0,0,0,2024-07-15 10:40:42.056754931,
U005675,organic_search,android,35-44,1,1,1,1,1,0,2024-07-26 07:20:50.480982225,
U005676,referral,ios,25-34,1,1,1,1,1,0,2024-07-05 14:49:23.356505956,
U005677,organic_search,android,18-24,1,1,0,0,0,0,2024-07-17 04:27:24.598301245,
U005678,referral,android,35-44,1,1,1,1,1,1,2024-07-22 02:58:39.945073911,2024-07-24 23:09:10.542880626
U005679,organic_search,ios,45+,1,1,1,1,1,1,2024-07-11 08:40:24.380683032,2024-07-11 23:25:59.626280755
U005680,organic_search,android,25-34,1,0,0,0,0,0,2024-07-25 07:00:53.224350969,
U005681,paid_social,ios,25-34,1,1,1,1,1,0,2024-07-11 10:39:57.324514453,
U005682,app_store,ios,18-24,1,1,0,0,0,0,2024-07-05 20:27:48.551940201,
U005683,organic_search,android,25-34,1,1,1,0,0,0,2024-07-17 08:28:49.781395851,
U005684,organic_search,android,25-34,1,1,0,0,0,0,2024-07-12 18:37:18.129882266,
U005685,email,android,25-34,1,1,0,0,0,0,2024-07-01 10:12:27.901246705,
U005686,paid_social,android,35-44,1,1,1,0,0,0,2024-07-02 22:55:53.522960282,
U005687,app_store,ios,25-34,1,1,1,1,0,0,2024-07-06 11:13:34.554355780,
U005688,organic_search,ios,18-24,1,1,1,0,0,0,2024-07-22 12:59:23.038066312,
U005689,referral,android,25-34,1,1,1,1,0,0,2024-07-25 23:27:01.997188844,
U005690,organic_search,ios,45+,1,1,1,1,1,1,2024-07-16 06:40:14.402415205,2024-07-16 17:14:56.606860813
U005691,organic_search,android,25-34,1,1,1,0,0,0,2024-07-03 22:56:23.966914167,
U005692,referral,ios,45+,1,1,1,0,0,0,2024-07-15 23:07:46.329263475,
U005693,referral,ios,25-34,1,1,0,0,0,0,2024-07-24 22:58:00.730276129,
U005694,email,ios,25-34,1,1,1,1,1,1,2024-07-21 23:38:56.280373368,2024-07-24 22:48:33.914144116
U005695,paid_social,ios,18-24,1,1,1,1,0,0,2024-07-09 03:37:04.677616689,
U005696,paid_social,android,35-44,1,1,0,0,0,0,2024-07-04 11:15:16.161990393,
U005697,paid_social,android,25-34,1,0,0,0,0,0,2024-07-26 05:15:29.168064817,
U005698,app_store,android,35-44,1,0,0,0,0,0,2024-07-24 21:56:51.495852645,
U005699,organic_search,ios,35-44,1,0,0,0,0,0,2024-07-02 12:05:48.211359331,
U005700,organic_search,ios,35-44,1,1,1,1,1,1,2024-07-24 01:30:33.325783585,2024-07-25 06:21:04.933746748
U005701,paid_social,ios,18-24,1,1,1,1,1,0,2024-07-03 17:19:36.813329324,
U005702,referral,ios,35-44,1,1,1,1,0,0,2024-07-02 18:31:35.765926208,
U005703,organic_search,ios,25-34,1,1,1,0,0,0,2024-07-22 05:46:47.290376229,
U005704,app_store,ios,25-34,1,1,1,1,1,0,2024-07-16 00:24:02.656560859,
U005705,organic_search,ios,25-34,1,1,1,1,0,0,2024-07-12 14:34:34.579879298,
U005706,email,ios,35-44,1,1,1,1,1,1,2024-07-26 07:23:43.424505193,2024-07-26 23:17:15.104507276
U005707,organic_search,ios,18-24,1,1,1,0,0,0,2024-07-24 12:00:43.201546311,
U005708,referral,android,25-34,1,0,0,0,0,0,2024-07-02 14:43:22.702366639,
U005709,app_store,ios,25-34,1,1,1,0,0,0,2024-07-18 06:00:38.255704084,
U005710,organic_search,ios,25-34,1,1,1,0,0,0,2024-07-22 14:57:49.301839483,
U005711,app_store,android,18-24,1,1,0,0,0,0,2024-07-16 09:55:46.810591564,
U005712,paid_social,ios,18-24,1,0,0,0,0,0,2024-07-28 12:34:46.903365112,
U005713,app_store,android,18-24,1,0,0,0,0,0,2024-07-20 05:01:26.123243347,
U005714,referral,ios,25-34,1,1,1,1,1,0,2024-07-03 21:59:02.776316643,
U005715,paid_social,android,45+,1,1,0,0,0,0,2024-07-06 13:15:22.550630288,
U005716,organic_search,ios,25-34,1,1,0,0,0,0,2024-07-24 03:14:13.406805736,
U005717,paid_social,android,25-34,1,1,0,0,0,0,2024-07-28 21:49:13.743670692,
U005718,organic_search,ios,25-34,1,0,0,0,0,0,2024-07-03 18:05:02.354417685,
U005719,organic_search,android,35-44,1,1,1,1,1,1,2024-07-03 19:25:16.685730742,2024-07-09 12:03:56.103440334
U005720,organic_search,ios,18-24,1,1,1,0,0,0,2024-07-22 08:59:45.961383429,
U005721,paid_social,ios,18-24,1,0,0,0,0,0,2024-07-02 19:14:45.878328654,
U005722,email,android,25-34,1,1,1,0,0,0,2024-07-02 22:04:20.632784077,
U005723,organic_search,ios,45+,1,1,1,1,1,0,2024-07-25 21:17:04.835696974,
U005724,organic_search,android,25-34,1,1,1,0,0,0,2024-07-23 09:54:08.185960796,
U005725,referral,ios,18-24,1,1,1,1,1,0,2024-07-25 16:24:37.693111914,
U005726,organic_search,ios,25-34,1,1,1,1,1,1,2024-07-19 05:08:42.022439556,2024-07-21 14:54:12.185699659
U005727,organic_search,android,18-24,1,1,1,0,0,0,2024-07-10 00:44:40.111954486,
U005728,organic_search,ios,18-24,1,1,1,1,1,1,2024-07-26 09:02:32.870053089,2024-07-28 11:45:32.397848243
U005729,app_store,ios,35-44,1,0,0,0,0,0,2024-07-09 08:44:31.951618144,
U005730,email,android,25-34,1,1,1,1,1,1,2024-07-08 17:08:35.822809172,2024-07-12 10:45:35.388413477
U005731,paid_social,android,35-44,1,1,0,0,0,0,2024-07-25 19:39:39.894111151,
U005732,referral,android,25-34,1,1,1,1,1,1,2024-07-20 01:30:46.015759569,2024-07-21 21:38:38.355387406
U005733,paid_social,ios,25-34,1,0,0,0,0,0,2024-07-26 01:53:29.907328599,
U005734,referral,ios,25-34,1,0,0,0,0,0,2024-07-05 08:45:56.398963208,
U005735,referral,ios,25-34,1,1,1,1,1,0,2024-07-27 15:56:36.413154614,
U005736,referral,ios,35-44,1,0,0,0,0,0,2024-07-18 03:45:45.825489432,
U005737,organic_search,android,18-24,1,1,1,1,0,0,2024-07-19 16:55:10.378670818,
U005738,organic_search,ios,35-44,1,1,1,1,1,1,2024-07-26 14:14:55.355925750,2024-07-27 23:29:06.821239459
U005739,paid_social,ios,45+,1,0,0,0,0,0,2024-07-11 15:51:57.596381244,
U005740,email,ios,18-24,1,1,0,0,0,0,2024-07-21 03:33:15.827168228,
U005741,referral,android,45+,1,1,1,0,0,0,2024-07-18 22:18:32.030624350,
U005742,email,android,18-24,1,0,0,0,0,0,2024-07-23 01:22:11.377480530,
U005743,app_store,android,25-34,1,1,0,0,0,0,2024-07-26 02:44:44.002003138,
U005744,organic_search,ios,35-44,1,1,1,1,1,0,2024-07-20 01:00:03.221456486,
U005745,referral,android,25-34,1,0,0,0,0,0,2024-07-02 21:27:13.610253812,
U005746,referral,android,18-24,1,1,1,0,0,0,2024-07-06 03:04:13.124679787,
U005747,app_store,ios,35-44,1,1,1,0,0,0,2024-07-27 17:04:24.018540527,
U005748,app_store,ios,45+,1,1,0,0,0,0,2024-07-28 02:55:59.225194185,
U005749,referral,ios,18-24,1,1,1,1,1,1,2024-07-28 02:06:06.288499080,2024-07-28 07:54:08.447012949
U005750,organic_search,ios,45+,1,1,1,1,1,0,2024-07-02 00:43:45.109447964,
U005751,email,android,25-34,1,1,1,0,0,0,2024-07-11 17:00:18.607903232,
U005752,organic_search,ios,45+,1,1,1,1,0,0,2024-07-22 06:30:00.205487758,
U005753,email,ios,18-24,1,0,0,0,0,0,2024-07-22 01:56:21.336209023,
U005754,app_store,android,35-44,1,1,1,1,1,0,2024-07-03 09:43:50.822854939,
U005755,paid_social,android,18-24,1,1,0,0,0,0,2024-07-18 01:34:35.515646965,
U005756,referral,android,45+,1,0,0,0,0,0,2024-07-05 00:00:30.181174041,
U005757,paid_social,ios,35-44,1,0,0,0,0,0,2024-07-14 19:26:12.018073765,
U005758,paid_social,ios,25-34,1,1,1,0,0,0,2024-07-07 17:04:07.647474842,
U005759,paid_social,ios,18-24,1,1,0,0,0,0,2024-07-02 11:43:27.506660653,
U005760,email,ios,35-44,1,1,0,0,0,0,2024-07-03 05:46:22.994233975,
U005761,app_store,ios,35-44,1,1,0,0,0,0,2024-07-26 12:07:12.223986592,
U005762,app_store,android,25-34,1,1,1,0,0,0,2024-07-21 20:24:07.516596351,
U005763,organic_search,ios,25-34,1,1,1,1,1,1,2024-07-27 02:11:08.576705122,2024-08-01 00:54:26.591784079
U005764,email,ios,35-44,1,1,1,1,1,1,2024-07-14 03:49:59.644301329,2024-07-14 12:36:12.592684274
U005765,referral,ios,25-34,1,0,0,0,0,0,2024-07-12 13:43:57.213466622,
U005766,organic_search,android,18-24,1,0,0,0,0,0,2024-07-11 00:50:58.922021068,
U005767,organic_search,android,45+,1,1,1,1,1,0,2024-07-18 06:09:30.126769214,
U005768,organic_search,android,25-34,1,1,1,0,0,0,2024-07-10 20:14:52.468961049,
U005769,app_store,ios,25-34,1,0,0,0,0,0,2024-07-21 21:29:44.207649268,
U005770,referral,ios,25-34,1,1,1,1,1,1,2024-07-23 10:29:06.875581412,2024-07-24 23:40:33.825531651
U005771,referral,ios,45+,1,0,0,0,0,0,2024-07-25 12:34:03.240424358,
U005772,organic_search,ios,25-34,1,1,1,0,0,0,2024-07-07 19:09:44.010449373,
U005773,referral,android,35-44,1,1,1,0,0,0,2024-07-15 18:09:31.741648113,
U005774,organic_search,android,45+,1,0,0,0,0,0,2024-07-07 06:09:17.216792827,
U005775,paid_social,android,18-24,1,1,0,0,0,0,2024-07-02 01:14:15.048018488,
U005776,referral,android,35-44,1,1,1,1,1,0,2024-07-20 19:39:30.975847671,
U005777,organic_search,android,25-34,1,1,1,0,0,0,2024-07-16 08:54:55.497903854,
U005778,email,ios,35-44,1,1,1,0,0,0,2024-07-21 06:28:44.874694819,
U005779,organic_search,android,25-34,1,1,1,1,1,1,2024-07-03 10:52:57.347274694,2024-07-03 19:17:59.641495046
U005780,referral,ios,35-44,1,1,1,1,0,0,2024-07-28 20:59:36.932386650,
U005781,paid_social,android,25-34,1,1,0,0,0,0,2024-07-28 20:12:08.053158261,
U005782,referral,ios,18-24,1,0,0,0,0,0,2024-07-14 00:28:47.577858099,
U005783,organic_search,ios,45+,1,1,1,1,1,0,2024-07-25 05:59:29.243772736,
U005784,organic_search,android,18-24,1,1,1,1,1,0,2024-07-07 19:40:41.050204802,
U005785,app_store,ios,35-44,1,1,1,1,0,0,2024-07-21 15:38:40.057231401,
U005786,organic_search,ios,18-24,1,0,0,0,0,0,2024-07-25 14:50:23.192803377,
U005787,email,ios,25-34,1,1,1,1,0,0,2024-07-23 19:27:20.630902618,
U005788,app_store,ios,35-44,1,1,1,0,0,0,2024-07-23 17:30:43.850081008,
U005789,organic_search,android,25-34,1,1,1,1,1,0,2024-07-13 23:09:14.028349381,
U005790,organic_search,android,45+,1,1,1,0,0,0,2024-07-23 23:01:59.681666405,
U005791,referral,ios,25-34,1,1,0,0,0,0,2024-07-20 08:09:13.083661130,
U005792,app_store,ios,25-34,1,1,1,1,1,0,2024-07-04 17:00:26.422390458,
U005793,app_store,android,35-44,1,0,0,0,0,0,2024-07-04 04:43:54.910312888,
U005794,paid_social,ios,25-34,1,1,0,0,0,0,2024-07-22 14:43:54.031253080,
U005795,email,ios,25-34,1,1,1,1,1,0,2024-07-18 12:18:42.723559458,
U005796,organic_search,ios,35-44,1,0,0,0,0,0,2024-07-15 13:01:14.702709381,
U005797,app_store,android,25-34,1,0,0,0,0,0,2024-07-26 09:40:47.724421486,
U005798,app_store,ios,25-34,1,0,0,0,0,0,2024-07-19 11:14:40.991342852,
U005799,organic_search,ios,35-44,1,1,1,0,0,0,2024-07-12 02:12:38.205717616,
U005800,organic_search,ios,35-44,1,1,1,1,0,0,2024-07-12 14:09:43.830339825,
U005801,organic_search,ios,25-34,1,1,1,1,0,0,2024-07-17 22:43:27.157689901,
U005802,organic_search,android,25-34,1,1,1,1,0,0,2024-07-22 06:54:17.968713213,
U005803,email,ios,35-44,1,1,1,1,1,1,2024-07-16 19:14:43.520171319,2024-07-20 23:13:03.985368930
U005804,paid_social,ios,25-34,1,0,0,0,0,0,2024-07-15 05:53:14.326264640,
U005805,organic_search,ios,25-34,1,1,1,1,1,0,2024-07-21 08:28:38.179860996,
U005806,paid_social,ios,45+,1,1,0,0,0,0,2024-07-20 17:56:15.999135100,
U005807,app_store,android,18-24,1,1,1,1,0,0,2024-07-24 05:59:35.076812326,
U005808,referral,android,25-34,1,1,1,0,0,0,2024-07-02 18:02:05.281362031,
U005809,paid_social,ios,45+,1,1,1,1,1,1,2024-07-22 03:19:40.197932724,2024-08-04 10:30:08.142539223
U005810,organic_search,ios,35-44,1,1,0,0,0,0,2024-07-15 09:14:49.282942329,
U005811,app_store,ios,45+,1,1,1,0,0,0,2024-07-03 02:11:37.595984200,
U005812,email,android,25-34,1,1,1,1,0,0,2024-07-20 00:17:41.060147701,
U005813,organic_search,android,25-34,1,0,0,0,0,0,2024-07-21 01:30:54.037329501,
U005814,organic_search,ios,45+,1,1,0,0,0,0,2024-07-15 15:52:38.848562500,
U005815,organic_search,android,25-34,1,0,0,0,0,0,2024-07-23 05:25:58.486730307,
U005816,organic_search,android,35-44,1,1,1,1,1,1,2024-07-09 09:46:00.224396007,2024-07-10 07:18:57.800578632
U005817,referral,android,18-24,1,0,0,0,0,0,2024-07-06 15:40:53.943071250,
U005818,app_store,ios,35-44,1,1,0,0,0,0,2024-07-10 19:41:35.576057338,
U005819,paid_social,ios,25-34,1,0,0,0,0,0,2024-07-12 11:33:14.201765629,
U005820,email,ios,25-34,1,1,0,0,0,0,2024-07-20 11:40:02.570931325,
U005821,paid_social,android,25-34,1,1,0,0,0,0,2024-07-24 16:11:21.833715008,
U005822,referral,android,35-44,1,1,1,1,0,0,2024-07-21 04:27:25.285438335,
U005823,referral,android,18-24,1,1,1,1,1,0,2024-07-05 20:55:10.702901179,
U005824,organic_search,ios,35-44,1,1,1,1,1,1,2024-07-11 06:05:52.371548782,2024-07-11 18:32:23.744072748
U005825,paid_social,ios,25-34,1,0,0,0,0,0,2024-07-05 10:27:14.455572865,
U005826,referral,ios,25-34,1,1,1,0,0,0,2024-07-20 05:28:43.183570836,
U005827,organic_search,android,35-44,1,1,0,0,0,0,2024-07-07 22:46:17.407782310,
U005828,paid_social,ios,25-34,1,1,1,1,0,0,2024-07-15 17:03:36.067955187,
U005829,paid_social,ios,25-34,1,1,1,1,1,1,2024-07-23 04:06:34.756656580,2024-07-25 20:09:52.426377424
U005830,app_store,android,25-34,1,0,0,0,0,0,2024-07-19 18:52:16.293890370,
U005831,paid_social,ios,35-44,1,1,1,0,0,0,2024-07-09 08:30:26.358217088,
U005832,email,ios,45+,1,0,0,0,0,0,2024-07-10 07:41:11.243091051,
U005833,paid_social,ios,18-24,1,1,0,0,0,0,2024-07-19 07:03:38.882150053,
U005834,email,android,25-34,1,0,0,0,0,0,2024-07-16 09:14:32.379203191,
U005835,referral,android,18-24,1,1,1,1,1,1,2024-07-03 16:46:35.124887532,2024-07-04 01:13:03.419805691
U005836,email,android,35-44,1,0,0,0,0,0,2024-07-25 11:19:20.452770562,
U005837,paid_social,ios,25-34,1,1,1,1,1,1,2024-07-15 08:28:33.969691336,2024-07-17 04:32:08.038056626
U005838,referral,android,35-44,1,1,0,0,0,0,2024-07-14 06:05:54.963127309,
U005839,referral,android,25-34,1,1,1,1,1,0,2024-07-06 13:21:04.443180768,
U005840,paid_social,android,35-44,1,1,1,1,1,1,2024-07-11 13:20:23.446853523,2024-07-21 05:37:34.310773393
U005841,organic_search,android,25-34,1,1,0,0,0,0,2024-07-10 07:39:29.906912689,
U005842,organic_search,ios,45+,1,1,0,0,0,0,2024-07-08 13:56:03.763900950,
U005843,organic_search,ios,18-24,1,1,1,1,1,0,2024-07-16 21:17:49.985385475,
U005844,email,ios,25-34,1,1,1,0,0,0,2024-07-13 22:38:56.551590060,
U005845,organic_search,android,35-44,1,1,1,0,0,0,2024-07-25 21:32:27.040313241,
U005846,organic_search,android,35-44,1,1,1,1,0,0,2024-07-27 08:34:59.349272491,
U005847,referral,android,18-24,1,0,0,0,0,0,2024-07-07 03:29:10.119988597,
U005848,paid_social,ios,45+,1,1,0,0,0,0,2024-07-03 19:16:15.053273634,
U005849,paid_social,ios,25-34,1,1,0,0,0,0,2024-07-22 23:44:48.604559164,
U005850,organic_search,ios,25-34,1,1,0,0,0,0,2024-07-28 20:32:48.707682521,
U005851,app_store,android,25-34,1,0,0,0,0,0,2024-07-25 04:20:21.288991171,
U005852,email,ios,25-34,1,0,0,0,0,0,2024-07-01 15:55:28.755205644,
U005853,email,android,35-44,1,0,0,0,0,0,2024-07-08 00:50:56.781869082,
U005854,paid_social,ios,25-34,1,0,0,0,0,0,2024-07-02 05:07:33.636618224,
U005855,email,ios,25-34,1,0,0,0,0,0,2024-07-23 23:33:49.468937990,
U005856,organic_search,android,25-34,1,0,0,0,0,0,2024-07-17 06:42:19.757046373,
U005857,organic_search,ios,25-34,1,1,1,1,1,0,2024-07-15 09:13:07.894791336,
U005858,organic_search,ios,45+,1,0,0,0,0,0,2024-07-16 12:35:25.154526001,
U005859,referral,ios,45+,1,1,0,0,0,0,2024-07-08 01:38:50.085038792,
U005860,paid_social,ios,25-34,1,1,1,1,1,0,2024-07-17 20:18:03.542620737,
U005861,paid_social,android,18-24,1,1,1,0,0,0,2024-07-01 20:36:29.554300180,
U005862,organic_search,android,45+,1,1,0,0,0,0,2024-07-19 02:07:11.562630254,
U005863,paid_social,ios,18-24,1,0,0,0,0,0,2024-07-21 13:32:22.321968626,
U005864,referral,android,25-34,1,1,1,1,1,1,2024-07-19 20:16:25.137171652,2024-07-23 22:13:23.357937298
U005865,paid_social,ios,18-24,1,1,0,0,0,0,2024-07-10 07:10:58.700300923,
U005866,referral,android,18-24,1,1,1,1,1,1,2024-07-24 03:14:55.244276552,2024-07-24 07:15:30.349298451
U005867,organic_search,android,35-44,1,1,1,1,1,1,2024-07-21 00:50:44.037826612,2024-07-21 11:12:35.618868485
U005868,email,android,25-34,1,0,0,0,0,0,2024-07-04 14:12:56.883618414,
U005869,referral,ios,45+,1,1,1,0,0,0,2024-07-06 11:08:12.898326292,
U005870,organic_search,ios,25-34,1,0,0,0,0,0,2024-07-18 20:08:12.673160793,
U005871,organic_search,ios,25-34,1,1,1,1,1,0,2024-07-09 02:29:15.510298740,
U005872,referral,android,45+,1,0,0,0,0,0,2024-07-04 08:15:32.171946735,
U005873,email,ios,35-44,1,1,1,1,1,1,2024-07-05 08:08:20.988228220,2024-07-05 22:44:06.766874551
U005874,paid_social,ios,35-44,1,1,1,1,1,1,2024-07-05 15:17:41.083163336,2024-07-12 05:28:58.080556588
U005875,organic_search,android,18-24,1,1,1,1,1,1,2024-07-14 09:04:31.761775030,2024-07-15 18:12:45.747365500
U005876,email,ios,35-44,1,1,1,1,1,1,2024-07-18 00:09:46.888936639,2024-07-31 05:50:38.300296279
U005877,referral,ios,25-34,1,0,0,0,0,0,2024-07-05 22:32:32.383327801,
U005878,paid_social,ios,25-34,1,1,1,0,0,0,2024-07-20 22:47:51.799790706,
U005879,paid_social,ios,35-44,1,0,0,0,0,0,2024-07-08 20:50:25.700067697,
U005880,organic_search,ios,35-44,1,1,1,0,0,0,2024-07-09 17:22:01.448402671,
U005881,referral,ios,35-44,1,1,1,1,1,1,2024-07-07 06:11:27.864102480,2024-07-07 14:23:28.298679331
U005882,paid_social,ios,35-44,1,1,0,0,0,0,2024-07-22 23:39:30.684073766,
U005883,app_store,ios,18-24,1,1,1,0,0,0,2024-07-27 20:59:41.624640891,
U005884,paid_social,android,25-34,1,0,0,0,0,0,2024-07-14 18:57:35.633922040,
U005885,paid_social,ios,35-44,1,0,0,0,0,0,2024-07-02 04:14:40.527752276,
U005886,referral,android,25-34,1,1,1,1,1,1,2024-07-08 07:06:09.290296512,2024-07-09 03:26:41.003339222
U005887,app_store,ios,25-34,1,0,0,0,0,0,2024-07-05 10:12:35.264274714,
U005888,email,ios,18-24,1,1,1,0,0,0,2024-07-24 14:20:10.519514001,
U005889,paid_social,android,25-34,1,1,0,0,0,0,2024-07-03 09:01:18.766398410,
U005890,referral,ios,45+,1,1,1,0,0,0,2024-07-28 01:28:19.321473338,
U005891,referral,ios,25-34,1,1,1,0,0,0,2024-07-17 11:28:52.528410296,
U005892,paid_social,android,25-34,1,0,0,0,0,0,2024-07-15 11:55:16.092889816,
U005893,organic_search,android,35-44,1,1,1,0,0,0,2024-07-24 17:25:10.625756498,
U005894,paid_social,ios,18-24,1,1,0,0,0,0,2024-07-01 18:30:43.205428292,
U005895,organic_search,ios,45+,1,1,1,0,0,0,2024-07-22 18:14:47.931365439,
U005896,app_store,android,25-34,1,1,1,0,0,0,2024-07-04 06:21:28.507039354,
U005897,paid_social,android,45+,1,1,1,0,0,0,2024-07-24 13:00:10.376956692,
U005898,app_store,ios,18-24,1,1,0,0,0,0,2024-07-15 19:36:23.109580234,
U005899,paid_social,ios,18-24,1,0,0,0,0,0,2024-07-02 17:04:44.250189535,
U005900,referral,ios,25-34,1,1,1,1,0,0,2024-07-24 07:56:26.397868164,
U005901,paid_social,ios,25-34,1,1,0,0,0,0,2024-07-01 18:21:18.312018771,
U005902,organic_search,ios,35-44,1,1,1,1,1,1,2024-07-04 20:59:06.380248207,2024-07-05 14:55:00.446026432
U005903,paid_social,ios,18-24,1,1,1,0,0,0,2024-07-23 08:08:17.088041381,
U005904,organic_search,ios,35-44,1,0,0,0,0,0,2024-07-14 00:23:36.222837010,
U005905,referral,ios,18-24,1,1,0,0,0,0,2024-07-25 16:17:35.553575212,
U005906,paid_social,android,35-44,1,1,0,0,0,0,2024-07-18 19:00:30.496736188,
U005907,email,ios,35-44,1,1,1,1,1,0,2024-07-18 11:00:40.762572890,
U005908,organic_search,ios,25-34,1,0,0,0,0,0,2024-07-09 04:22:55.168754570,
U005909,organic_search,ios,25-34,1,0,0,0,0,0,2024-07-04 17:49:59.922576354,
U005910,paid_social,android,35-44,1,1,1,0,0,0,2024-07-27 21:54:28.248057255,
U005911,app_store,android,18-24,1,1,1,1,0,0,2024-07-03 22:25:26.569575703,
U005912,referral,android,18-24,1,1,0,0,0,0,2024-07-15 19:29:42.443697973,
U005913,paid_social,ios,35-44,1,0,0,0,0,0,2024-07-08 15:09:57.934947499,
U005914,paid_social,android,45+,1,1,1,0,0,0,2024-07-08 09:30:09.093336256,
U005915,organic_search,ios,45+,1,1,1,0,0,0,2024-07-17 15:33:42.981737363,
U005916,app_store,ios,25-34,1,1,1,1,0,0,2024-07-23 08:12:42.216279120,
U005917,referral,android,25-34,1,1,0,0,0,0,2024-07-22 18:15:52.604865428,
U005918,organic_search,android,45+,1,1,1,1,0,0,2024-07-25 07:50:05.046497044,
U005919,referral,android,25-34,1,1,1,0,0,0,2024-07-09 04:49:50.303557599,
U005920,organic_search,android,25-34,1,1,1,0,0,0,2024-07-14 00:59:05.742645108,
U005921,app_store,android,45+,1,1,0,0,0,0,2024-07-01 06:16:22.199533885,
U005922,organic_search,ios,25-34,1,1,0,0,0,0,2024-07-21 21:53:17.961891496,
U005923,referral,ios,18-24,1,1,1,1,0,0,2024-07-09 11:10:28.456894610,
U005924,organic_search,ios,35-44,1,1,1,0,0,0,2024-07-16 17:19:25.155687234,
U005925,referral,android,18-24,1,0,0,0,0,0,2024-07-05 17:46:11.242261455,
U005926,email,ios,25-34,1,1,1,1,1,1,2024-07-23 22:38:11.287659368,2024-07-25 00:00:55.372927276
U005927,referral,android,25-34,1,1,1,1,1,1,2024-07-23 21:12:24.952878010,2024-07-24 10:56:03.381996544
U005928,referral,ios,25-34,1,0,0,0,0,0,2024-07-25 13:38:54.091370349,
U005929,email,ios,45+,1,1,1,0,0,0,2024-07-02 06:52:10.783400584,
U005930,organic_search,ios,25-34,1,1,1,1,1,1,2024-07-28 18:55:56.110687712,2024-07-31 00:21:50.417431084
U005931,paid_social,ios,25-34,1,1,0,0,0,0,2024-07-07 22:30:27.959412509,
U005932,organic_search,android,18-24,1,1,1,0,0,0,2024-07-09 15:56:21.973285748,
U005933,app_store,ios,35-44,1,1,1,1,1,0,2024-07-07 23:33:12.996057528,
U005934,paid_social,ios,35-44,1,1,1,1,1,1,2024-07-08 11:46:55.103888316,2024-07-13 16:04:37.499412093
U005935,referral,ios,25-34,1,0,0,0,0,0,2024-07-16 11:23:18.352685943,
U005936,referral,ios,25-34,1,1,0,0,0,0,2024-07-07 17:09:09.668779704,
U005937,organic_search,ios,35-44,1,1,0,0,0,0,2024-07-12 00:36:51.556539859,
U005938,organic_search,ios,25-34,1,1,1,1,0,0,2024-07-19 08:34:03.444246627,
U005939,organic_search,android,18-24,1,1,1,0,0,0,2024-07-24 09:48:34.591695235,
U005940,paid_social,ios,25-34,1,0,0,0,0,0,2024-07-20 09:31:20.237445634,
U005941,organic_search,ios,25-34,1,1,0,0,0,0,2024-07-17 15:23:05.826109491,
U005942,organic_search,android,45+,1,1,0,0,0,0,2024-07-05 03:16:24.938499352,
U005943,email,ios,35-44,1,1,1,0,0,0,2024-07-23 20:25:46.863248671,
U005944,app_store,ios,35-44,1,1,0,0,0,0,2024-07-02 01:02:55.409032759,
U005945,paid_social,ios,45+,1,1,1,1,0,0,2024-07-08 09:32:12.471698842,
U005946,paid_social,ios,35-44,1,0,0,0,0,0,2024-07-02 14:20:36.931841800,
U005947,organic_search,android,45+,1,1,1,1,1,1,2024-07-19 16:30:44.177733932,2024-07-22 19:38:27.860176046
U005948,referral,ios,18-24,1,1,0,0,0,0,2024-07-11 07:32:43.323010231,
U005949,email,android,25-34,1,1,1,1,0,0,2024-07-19 06:10:35.690569212,
U005950,organic_search,android,35-44,1,1,0,0,0,0,2024-07-10 17:12:17.296747246,
U005951,organic_search,ios,25-34,1,1,1,0,0,0,2024-07-13 18:15:27.975950136,
U005952,email,ios,18-24,1,0,0,0,0,0,2024-07-13 19:44:59.275794026,
U005953,referral,ios,25-34,1,1,1,1,1,0,2024-07-02 06:37:48.717352524,
U005954,organic_search,ios,25-34,1,0,0,0,0,0,2024-07-13 01:06:44.012536250,
U005955,referral,android,25-34,1,1,1,1,1,0,2024-07-18 22:47:42.907248297,
U005956,paid_social,android,25-34,1,1,0,0,0,0,2024-07-16 06:56:49.593705687,
U005957,paid_social,ios,25-34,1,1,0,0,0,0,2024-07-03 02:35:26.487380432,
U005958,email,ios,45+,1,0,0,0,0,0,2024-07-19 16:56:01.040573382,
U005959,email,ios,35-44,1,1,1,1,1,1,2024-07-09 15:33:20.776690998,2024-07-11 05:24:31.124291083
U005960,paid_social,android,35-44,1,1,0,0,0,0,2024-07-01 09:42:00.674883010,
U005961,app_store,android,45+,1,1,1,0,0,0,2024-07-05 08:33:36.771698206,
U005962,paid_social,android,25-34,1,1,0,0,0,0,2024-07-14 22:21:36.322980220,
U005963,email,ios,25-34,1,1,0,0,0,0,2024-07-09 16:35:23.693525541,
U005964,paid_social,android,18-24,1,0,0,0,0,0,2024-07-20 10:37:31.386872589,
U005965,email,ios,45+,1,1,1,1,0,0,2024-07-07 17:43:08.888088698,
U005966,app_store,ios,18-24,1,0,0,0,0,0,2024-07-22 15:19:08.490775126,
U005967,organic_search,ios,35-44,1,0,0,0,0,0,2024-07-09 00:30:45.597228317,
U005968,app_store,ios,25-34,1,0,0,0,0,0,2024-07-18 09:13:13.481388217,
U005969,email,android,45+,1,0,0,0,0,0,2024-07-23 09:04:24.267103654,
U005970,email,android,25-34,1,1,0,0,0,0,2024-07-11 19:05:37.386414956,
U005971,organic_search,ios,35-44,1,0,0,0,0,0,2024-07-02 07:27:10.515239985,
U005972,email,android,25-34,1,1,1,1,0,0,2024-07-15 23:49:09.804545644,
U005973,email,ios,25-34,1,0,0,0,0,0,2024-07-28 20:54:53.601688454,
U005974,organic_search,android,25-34,1,1,1,0,0,0,2024-07-28 03:09:45.123139029,
U005975,app_store,android,45+,1,1,0,0,0,0,2024-07-07 04:31:36.891589731,
U005976,organic_search,ios,25-34,1,1,1,1,0,0,2024-07-22 03:49:40.995599152,
U005977,organic_search,android,45+,1,1,1,1,1,0,2024-07-10 15:48:27.471539102,
U005978,paid_social,ios,35-44,1,0,0,0,0,0,2024-07-05 11:42:11.184058933,
U005979,referral,ios,35-44,1,0,0,0,0,0,2024-07-19 15:29:40.843697550,
U005980,referral,android,25-34,1,1,1,0,0,0,2024-07-15 00:35:01.630471160,
U005981,organic_search,android,25-34,1,1,1,1,0,0,2024-07-16 02:21:46.565080614,
U005982,app_store,android,18-24,1,0,0,0,0,0,2024-07-24 04:00:28.328480143,
U005983,organic_search,android,45+,1,1,1,1,1,0,2024-07-10 10:09:26.460706852,
U005984,organic_search,ios,45+,1,1,0,0,0,0,2024-07-19 16:17:15.642317061,
U005985,organic_search,ios,35-44,1,1,1,1,1,1,2024-07-11 06:04:50.396875982,2024-07-11 17:46:36.358997458
U005986,referral,android,25-34,1,1,1,0,0,0,2024-07-02 04:42:37.650607372,
U005987,app_store,ios,25-34,1,0,0,0,0,0,2024-07-11 14:01:34.147668093,
U005988,referral,android,45+,1,1,0,0,0,0,2024-07-27 14:25:23.373383440,
U005989,email,ios,18-24,1,1,1,0,0,0,2024-07-14 12:45:08.596668297,
U005990,organic_search,android,35-44,1,0,0,0,0,0,2024-07-04 00:43:51.072795750,
U005991,paid_social,ios,25-34,1,0,0,0,0,0,2024-07-20 06:13:10.665626966,
U005992,paid_social,android,25-34,1,0,0,0,0,0,2024-07-27 23:23:27.322839045,
U005993,paid_social,android,35-44,1,1,0,0,0,0,2024-07-26 10:08:21.140439867,
U005994,organic_search,android,18-24,1,1,1,1,1,0,2024-07-17 00:21:27.658825448,
U005995,referral,ios,25-34,1,1,1,0,0,0,2024-07-11 12:51:38.376727966,
U005996,paid_social,android,45+,1,1,1,0,0,0,2024-07-17 06:12:55.415657556,
U005997,email,android,35-44,1,1,1,0,0,0,2024-07-23 20:18:20.425672425,
U005998,paid_social,android,35-44,1,1,0,0,0,0,2024-07-25 02:45:05.377811043,
U005999,organic_search,android,35-44,1,1,0,0,0,0,2024-07-23 22:15:47.126452752,
U006000,referral,ios,18-24,1,0,0,0,0,0,2024-07-13 18:04:48.454726252,
U006001,organic_search,ios,25-34,1,0,0,0,0,0,2024-07-04 07:52:21.248368302,
U006002,email,ios,25-34,1,1,1,0,0,0,2024-07-16 22:29:04.353966448,
U006003,referral,ios,25-34,1,1,1,0,0,0,2024-07-05 09:07:12.620778315,
U006004,organic_search,android,25-34,1,0,0,0,0,0,2024-07-02 16:57:50.401365692,
U006005,app_store,ios,35-44,1,1,1,0,0,0,2024-07-14 23:06:17.222631102,
U006006,paid_social,ios,18-24,1,0,0,0,0,0,2024-07-19 08:24:39.450352802,
U006007,organic_search,ios,35-44,1,0,0,0,0,0,2024-07-24 21:59:13.163658345,
U006008,referral,ios,18-24,1,1,1,1,1,1,2024-07-22 22:03:55.772126251,2024-07-23 13:27:40.615229408
U006009,organic_search,ios,18-24,1,1,1,0,0,0,2024-07-25 00:03:56.248460640,
U006010,email,ios,25-34,1,1,0,0,0,0,2024-07-22 06:45:58.370369896,
U006011,email,ios,35-44,1,1,0,0,0,0,2024-07-20 16:34:36.748995333,
U006012,app_store,ios,18-24,1,1,1,0,0,0,2024-07-01 06:48:44.807265180,
U006013,paid_social,android,25-34,1,0,0,0,0,0,2024-07-18 12:44:26.712728840,
U006014,paid_social,ios,35-44,1,0,0,0,0,0,2024-07-04 08:57:49.580573353,
U006015,email,ios,25-34,1,1,1,1,1,0,2024-07-02 15:25:27.526538884,
U006016,organic_search,android,25-34,1,0,0,0,0,0,2024-07-05 09:06:32.278374000,
U006017,paid_social,android,45+,1,1,1,0,0,0,2024-07-24 01:15:08.396959881,
U006018,paid_social,android,25-34,1,0,0,0,0,0,2024-07-21 19:52:00.451787570,
U006019,organic_search,android,18-24,1,1,0,0,0,0,2024-07-27 13:34:30.202672450,
U006020,paid_social,ios,35-44,1,1,1,0,0,0,2024-07-28 09:52:19.364927073,
U006021,email,android,25-34,1,1,1,0,0,0,2024-07-26 00:17:12.619835937,
U006022,email,ios,18-24,1,1,1,1,1,1,2024-07-04 17:19:34.702523554,2024-07-05 11:21:20.096450416
U006023,organic_search,ios,18-24,1,1,1,0,0,0,2024-07-25 14:16:23.526845713,
U006024,organic_search,android,18-24,1,0,0,0,0,0,2024-07-24 11:33:50.956480692,
U006025,organic_search,ios,18-24,1,1,1,0,0,0,2024-07-25 09:22:10.912172581,
U006026,email,android,25-34,1,0,0,0,0,0,2024-07-05 05:55:57.844928215,
U006027,organic_search,android,25-34,1,1,1,0,0,0,2024-07-04 06:29:02.789749208,
U006028,referral,ios,25-34,1,1,1,1,1,1,2024-07-26 20:47:58.441489810,2024-07-27 04:16:52.185623134
U006029,organic_search,android,45+,1,1,1,0,0,0,2024-07-05 20:48:41.429586193,
U006030,referral,ios,35-44,1,0,0,0,0,0,2024-07-11 07:42:49.691738260,
U006031,paid_social,ios,45+,1,1,0,0,0,0,2024-07-13 18:25:18.547896028,
U006032,email,android,25-34,1,1,0,0,0,0,2024-07-04 11:37:31.363325281,
U006033,organic_search,ios,18-24,1,0,0,0,0,0,2024-07-01 13:51:58.469608339,
U006034,referral,android,25-34,1,1,0,0,0,0,2024-07-28 20:01:43.664460607,
U006035,organic_search,ios,35-44,1,1,1,0,0,0,2024-07-25 13:06:49.206704738,
U006036,referral,ios,18-24,1,1,1,1,0,0,2024-07-26 13:05:27.918685060,
U006037,email,android,18-24,1,1,1,0,0,0,2024-07-08 23:13:34.977183110,
U006038,organic_search,android,25-34,1,1,1,0,0,0,2024-07-07 03:54:29.724785766,
U006039,email,ios,25-34,1,0,0,0,0,0,2024-07-12 22:10:56.377537993,
U006040,referral,ios,25-34,1,0,0,0,0,0,2024-07-13 16:37:50.217431595,
U006041,organic_search,android,18-24,1,1,1,0,0,0,2024-07-01 03:45:46.162500372,
U006042,paid_social,ios,25-34,1,1,1,0,0,0,2024-07-22 19:39:29.129904748,
U006043,organic_search,android,35-44,1,1,1,0,0,0,2024-07-28 21:45:36.898673169,
U006044,referral,ios,25-34,1,1,0,0,0,0,2024-07-15 19:16:48.952950974,
U006045,email,android,35-44,1,1,1,0,0,0,2024-07-11 20:54:35.434974121,
U006046,organic_search,android,25-34,1,1,0,0,0,0,2024-07-11 23:55:45.380080736,
U006047,paid_social,ios,25-34,1,1,1,0,0,0,2024-07-03 16:33:49.798150747,
U006048,email,android,25-34,1,1,1,1,1,1,2024-07-08 10:51:38.670986217,2024-07-10 15:09:58.923055209
U006049,app_store,android,25-34,1,0,0,0,0,0,2024-07-15 01:25:59.642264899,
U006050,paid_social,android,18-24,1,0,0,0,0,0,2024-07-13 02:12:06.684345061,
U006051,app_store,ios,25-34,1,1,0,0,0,0,2024-07-16 06:15:48.056901732,
U006052,paid_social,android,25-34,1,0,0,0,0,0,2024-07-24 18:34:19.617183613,
U006053,paid_social,android,18-24,1,1,1,1,0,0,2024-07-07 07:21:46.178690900,
U006054,email,android,25-34,1,1,1,1,1,1,2024-07-01 18:35:25.186448551,2024-07-08 01:03:28.587710224
U006055,paid_social,android,25-34,1,0,0,0,0,0,2024-07-02 01:41:14.997228007,
U006056,paid_social,ios,18-24,1,0,0,0,0,0,2024-07-04 18:09:41.173798352,
U006057,paid_social,android,25-34,1,1,0,0,0,0,2024-07-16 23:21:52.436838808,
U006058,email,ios,45+,1,1,1,1,1,1,2024-07-23 15:06:00.692443746,2024-07-25 18:04:39.240576739
U006059,email,ios,25-34,1,0,0,0,0,0,2024-07-25 19:56:00.928307702,
U006060,paid_social,ios,25-34,1,1,1,0,0,0,2024-07-18 18:47:45.858217851,
U006061,paid_social,ios,35-44,1,1,0,0,0,0,2024-07-12 06:54:44.156329200,
U006062,paid_social,ios,35-44,1,0,0,0,0,0,2024-07-05 07:50:01.981971351,
U006063,referral,ios,45+,1,1,1,0,0,0,2024-07-12 05:45:11.246781664,
U006064,organic_search,ios,45+,1,1,1,0,0,0,2024-07-10 07:22:58.691949711,
U006065,email,android,35-44,1,0,0,0,0,0,2024-07-25 08:39:26.610969589,
U006066,paid_social,ios,45+,1,1,1,1,0,0,2024-07-14 15:04:31.517831740,
U006067,paid_social,ios,25-34,1,1,1,0,0,0,2024-07-07 08:00:13.121169994,
U006068,organic_search,ios,35-44,1,1,1,1,1,1,2024-07-09 02:04:27.540840734,2024-07-14 18:20:14.957727697
U006069,organic_search,ios,45+,1,1,1,0,0,0,2024-07-04 19:42:28.622061673,
U006070,app_store,ios,35-44,1,1,1,1,1,0,2024-07-26 17:17:21.918388041,
U006071,paid_social,android,45+,1,1,1,1,1,0,2024-07-02 09:49:56.671215265,
U006072,organic_search,android,18-24,1,1,1,0,0,0,2024-07-01 08:37:57.644506419,
U006073,paid_social,android,25-34,1,1,1,0,0,0,2024-07-06 02:58:06.827988201,
U006074,paid_social,android,45+,1,1,0,0,0,0,2024-07-23 16:54:26.424129384,
U006075,organic_search,ios,25-34,1,1,1,1,1,0,2024-07-15 15:46:10.850217913,
U006076,paid_social,ios,35-44,1,1,1,1,0,0,2024-07-18 12:34:00.080822406,
U006077,paid_social,ios,18-24,1,1,0,0,0,0,2024-07-11 00:23:44.469165746,
U006078,referral,android,35-44,1,1,0,0,0,0,2024-07-02 22:09:05.782640551,
U006079,paid_social,ios,45+,1,1,1,0,0,0,2024-07-24 23:20:17.826701053,
U006080,paid_social,android,25-34,1,0,0,0,0,0,2024-07-06 08:57:10.623125786,
U006081,app_store,ios,18-24,1,0,0,0,0,0,2024-07-01 22:12:56.817958741,
U006082,paid_social,ios,18-24,1,1,1,0,0,0,2024-07-17 00:51:25.845649581,
U006083,organic_search,android,45+,1,1,1,0,0,0,2024-07-03 07:58:13.281954427,
U006084,organic_search,android,35-44,1,1,1,0,0,0,2024-07-03 16:21:07.072019312,
U006085,paid_social,android,18-24,1,1,1,1,1,0,2024-07-23 09:51:12.114562525,
U006086,email,android,18-24,1,1,1,1,1,1,2024-07-14 18:21:41.918478094,2024-07-17 07:43:46.874731554
U006087,organic_search,android,35-44,1,1,0,0,0,0,2024-07-07 18:17:37.247676288,
U006088,referral,android,35-44,1,1,1,0,0,0,2024-07-10 18:16:37.043391349,
U006089,organic_search,android,18-24,1,0,0,0,0,0,2024-07-21 10:02:59.776017399,
U006090,paid_social,ios,25-34,1,0,0,0,0,0,2024-07-02 20:35:23.946995169,
U006091,email,android,35-44,1,0,0,0,0,0,2024-07-04 06:16:29.906065621,
U006092,paid_social,android,25-34,1,1,1,1,0,0,2024-07-18 06:07:41.115049186,
U006093,referral,ios,45+,1,1,0,0,0,0,2024-07-17 23:53:06.020022825,
U006094,organic_search,android,25-34,1,1,1,1,0,0,2024-07-28 05:29:40.516827972,
U006095,referral,android,35-44,1,0,0,0,0,0,2024-07-11 11:41:50.105053183,
U006096,organic_search,ios,25-34,1,1,1,1,1,0,2024-07-02 19:43:55.795667847,
U006097,email,ios,45+,1,1,0,0,0,0,2024-07-16 01:13:30.562388220,
U006098,organic_search,ios,25-34,1,1,0,0,0,0,2024-07-18 20:58:08.607014122,
U006099,email,android,25-34,1,1,1,0,0,0,2024-07-04 21:48:47.059374092,
U006100,paid_social,android,25-34,1,1,1,0,0,0,2024-07-16 11:31:23.686376347,
U006101,referral,ios,45+,1,1,1,1,1,0,2024-07-06 12:53:58.220715674,
U006102,paid_social,ios,25-34,1,0,0,0,0,0,2024-07-24 15:39:30.956025880,
U006103,app_store,ios,25-34,1,1,1,1,1,1,2024-07-24 09:13:42.690600242,2024-07-25 04:25:02.562444087
U006104,organic_search,android,25-34,1,1,1,1,1,1,2024-07-13 00:42:38.709039430,2024-07-16 19:00:18.438944755
U006105,organic_search,ios,18-24,1,1,1,1,0,0,2024-07-28 01:39:05.126488574,
U006106,paid_social,ios,18-24,1,0,0,0,0,0,2024-07-28 10:24:28.957068813,
U006107,organic_search,android,25-34,1,1,1,0,0,0,2024-07-04 14:51:24.234382080,
U006108,organic_search,ios,35-44,1,1,1,0,0,0,2024-07-11 07:06:13.236650704,
U006109,app_store,ios,35-44,1,0,0,0,0,0,2024-07-17 19:24:57.700336842,
U006110,app_store,ios,35-44,1,1,1,0,0,0,2024-07-03 09:00:39.628939431,
U006111,paid_social,ios,45+,1,0,0,0,0,0,2024-07-11 17:08:40.194827160,
U006112,app_store,ios,25-34,1,1,1,1,1,0,2024-07-08 07:30:27.505652936,
U006113,paid_social,android,35-44,1,1,0,0,0,0,2024-07-27 15:46:39.894562650,
U006114,organic_search,android,18-24,1,1,1,0,0,0,2024-07-12 12:35:08.422593892,
U006115,referral,android,18-24,1,1,1,0,0,0,2024-07-22 08:30:53.340998140,
U006116,referral,android,18-24,1,1,0,0,0,0,2024-07-11 19:51:57.615408651,
U006117,app_store,ios,25-34,1,1,0,0,0,0,2024-07-04 16:34:39.760757245,
U006118,organic_search,ios,25-34,1,1,1,0,0,0,2024-07-25 04:02:16.181765120,
U006119,referral,ios,25-34,1,0,0,0,0,0,2024-07-01 00:16:48.605371989,
U006120,organic_search,android,35-44,1,1,0,0,0,0,2024-07-02 13:35:32.162318987,
U006121,organic_search,android,25-34,1,1,1,1,1,1,2024-07-11 04:51:58.754746126,2024-07-13 10:24:27.591398707
U006122,organic_search,ios,25-34,1,0,0,0,0,0,2024-07-20 05:35:44.259750927,
U006123,app_store,ios,25-34,1,0,0,0,0,0,2024-07-10 13:37:31.031167443,
U006124,email,ios,18-24,1,1,1,0,0,0,2024-07-02 20:33:43.968388661,
U006125,email,ios,18-24,1,0,0,0,0,0,2024-07-09 21:35:18.609609652,
U006126,paid_social,android,25-34,1,1,1,0,0,0,2024-07-07 20:37:37.694069000,
U006127,paid_social,ios,18-24,1,1,0,0,0,0,2024-07-01 03:38:31.579720184,
U006128,organic_search,android,35-44,1,1,0,0,0,0,2024-07-15 23:23:12.788366028,
U006129,organic_search,ios,35-44,1,1,1,1,1,0,2024-07-04 06:23:09.796949134,
U006130,paid_social,android,25-34,1,0,0,0,0,0,2024-07-09 01:11:51.021856896,
U006131,email,android,25-34,1,0,0,0,0,0,2024-07-18 22:52:46.437274066,
U006132,paid_social,android,35-44,1,1,0,0,0,0,2024-07-21 07:16:39.874400547,
U006133,organic_search,ios,25-34,1,0,0,0,0,0,2024-07-08 09:02:31.852490089,
U006134,organic_search,ios,18-24,1,1,1,1,1,1,2024-07-10 05:13:05.329041013,2024-07-12 21:27:19.062819097
U006135,organic_search,ios,25-34,1,1,1,1,1,0,2024-07-07 21:55:22.828877965,
U006136,paid_social,ios,35-44,1,0,0,0,0,0,2024-07-27 19:01:44.901884931,
U006137,app_store,android,25-34,1,0,0,0,0,0,2024-07-06 08:01:45.323527926,
U006138,referral,android,35-44,1,1,1,0,0,0,2024-07-06 03:05:50.516310588,
U006139,email,ios,18-24,1,1,0,0,0,0,2024-07-13 11:03:49.387675644,
U006140,paid_social,ios,25-34,1,1,1,0,0,0,2024-07-06 07:12:49.944178015,
U006141,paid_social,ios,25-34,1,1,1,0,0,0,2024-07-05 09:18:29.097446144,
U006142,organic_search,android,35-44,1,1,0,0,0,0,2024-07-03 16:25:51.777606464,
U006143,email,android,45+,1,1,0,0,0,0,2024-07-18 22:11:42.283423478,
U006144,email,ios,25-34,1,1,1,0,0,0,2024-07-18 03:19:09.391058666,
U006145,organic_search,ios,18-24,1,0,0,0,0,0,2024-07-19 04:54:34.068031174,
U006146,paid_social,android,25-34,1,1,0,0,0,0,2024-07-22 15:39:27.379376330,
U006147,paid_social,android,18-24,1,1,0,0,0,0,2024-07-10 03:18:45.304547799,
U006148,referral,ios,25-34,1,0,0,0,0,0,2024-07-26 17:10:50.696353959,
U006149,app_store,android,25-34,1,1,1,1,1,0,2024-07-21 12:42:48.595097534,
U006150,referral,android,45+,1,0,0,0,0,0,2024-07-23 12:45:51.017495608,
U006151,paid_social,android,25-34,1,1,0,0,0,0,2024-07-21 04:29:11.666729580,
U006152,organic_search,android,25-34,1,1,0,0,0,0,2024-07-11 00:52:55.897430455,
U006153,organic_search,ios,18-24,1,1,1,1,1,0,2024-07-08 22:11:52.195121127,
U006154,organic_search,android,18-24,1,1,0,0,0,0,2024-07-12 19:55:53.294725549,
U006155,organic_search,ios,18-24,1,1,1,1,1,0,2024-07-03 17:12:15.848202301,
U006156,referral,ios,35-44,1,1,1,0,0,0,2024-07-13 15:15:37.789388337,
U006157,referral,ios,18-24,1,1,0,0,0,0,2024-07-02 04:59:26.666304003,
U006158,organic_search,ios,45+,1,1,1,1,1,1,2024-07-01 02:39:06.066497790,2024-07-03 03:18:15.571602259
U006159,email,ios,25-34,1,1,0,0,0,0,2024-07-27 01:58:02.234377178,
U006160,organic_search,ios,25-34,1,0,0,0,0,0,2024-07-20 07:14:03.733134230,
U006161,paid_social,android,25-34,1,0,0,0,0,0,2024-07-16 17:33:40.134341991,
U006162,organic_search,android,35-44,1,0,0,0,0,0,2024-07-10 13:13:14.053772262,
U006163,paid_social,ios,25-34,1,0,0,0,0,0,2024-07-16 23:24:05.565126132,
U006164,organic_search,ios,25-34,1,1,1,1,1,1,2024-07-25 23:08:20.118117692,2024-07-26 18:50:23.549868632
U006165,paid_social,android,25-34,1,1,1,1,1,1,2024-07-19 06:23:58.020036997,2024-07-21 20:00:36.959270734
U006166,paid_social,ios,45+,1,0,0,0,0,0,2024-07-17 20:52:04.449449118,
U006167,app_store,android,25-34,1,1,0,0,0,0,2024-07-13 21:15:26.733589084,
U006168,organic_search,ios,25-34,1,1,1,0,0,0,2024-07-10 16:18:30.256550557,
U006169,organic_search,android,25-34,1,1,0,0,0,0,2024-07-20 13:25:25.177999404,
U006170,organic_search,ios,18-24,1,1,1,0,0,0,2024-07-28 11:13:09.092505457,
U006171,referral,android,18-24,1,1,1,1,0,0,2024-07-12 21:26:13.812165013,
U006172,organic_search,android,18-24,1,0,0,0,0,0,2024-07-11 23:33:42.829551154,
U006173,email,android,35-44,1,1,1,1,1,0,2024-07-12 23:41:32.112345512,
U006174,paid_social,android,25-34,1,1,0,0,0,0,2024-07-12 21:57:55.967505886,
U006175,paid_social,ios,35-44,1,1,0,0,0,0,2024-07-28 17:41:59.451733064,
U006176,referral,android,35-44,1,1,1,0,0,0,2024-07-20 18:57:17.960566597,
U006177,organic_search,ios,18-24,1,1,1,1,1,1,2024-07-11 01:22:19.019530264,2024-07-11 05:14:14.090205187
U006178,organic_search,android,25-34,1,0,0,0,0,0,2024-07-11 09:38:58.542761608,
U006179,paid_social,ios,35-44,1,1,0,0,0,0,2024-07-13 01:29:43.920340818,
U006180,referral,android,35-44,1,1,0,0,0,0,2024-07-02 00:40:14.124194623,
U006181,organic_search,android,35-44,1,1,1,0,0,0,2024-07-15 18:41:33.439769808,
U006182,organic_search,ios,35-44,1,1,1,1,0,0,2024-07-23 17:14:52.797923872,
U006183,app_store,ios,18-24,1,1,1,1,0,0,2024-07-19 11:54:05.605327609,
U006184,organic_search,ios,35-44,1,0,0,0,0,0,2024-07-06 13:20:19.712485521,
U006185,email,android,25-34,1,1,0,0,0,0,2024-07-21 09:14:20.436742554,
U006186,email,ios,25-34,1,0,0,0,0,0,2024-07-21 03:28:34.260438446,
U006187,organic_search,android,25-34,1,0,0,0,0,0,2024-07-08 08:25:34.870498053,
U006188,organic_search,android,35-44,1,0,0,0,0,0,2024-07-18 10:34:18.369868296,
U006189,organic_search,android,25-34,1,0,0,0,0,0,2024-07-18 02:33:27.900928587,
U006190,referral,android,35-44,1,1,1,0,0,0,2024-07-24 12:20:14.219632874,
U006191,referral,ios,35-44,1,1,1,0,0,0,2024-07-04 19:26:26.136787462,
U006192,email,android,45+,1,1,0,0,0,0,2024-07-06 10:55:53.310114274,
U006193,app_store,android,35-44,1,1,1,1,1,0,2024-07-14 14:34:17.423515074,
U006194,referral,android,18-24,1,0,0,0,0,0,2024-07-02 05:39:55.944200268,
U006195,organic_search,ios,45+,1,1,0,0,0,0,2024-07-12 15:16:45.482838049,
U006196,organic_search,android,35-44,1,1,0,0,0,0,2024-07-23 01:40:59.506405730,
U006197,email,ios,35-44,1,0,0,0,0,0,2024-07-05 03:56:09.861926089,
U006198,organic_search,android,45+,1,1,0,0,0,0,2024-07-13 21:05:07.984396842,
U006199,organic_search,android,25-34,1,1,0,0,0,0,2024-07-28 17:07:29.729398810,
U006200,referral,android,25-34,1,1,1,0,0,0,2024-07-15 03:58:41.696477432,
U006201,paid_social,android,25-34,1,0,0,0,0,0,2024-07-14 22:52:24.995316162,
U006202,app_store,ios,35-44,1,1,0,0,0,0,2024-07-16 15:30:33.437745507,
U006203,referral,android,25-34,1,0,0,0,0,0,2024-07-06 04:59:41.772708967,
U006204,organic_search,android,35-44,1,1,1,0,0,0,2024-07-05 02:53:38.864993838,
U006205,app_store,ios,25-34,1,0,0,0,0,0,2024-07-19 23:10:56.318755270,
U006206,organic_search,android,35-44,1,1,0,0,0,0,2024-07-12 01:57:19.066524040,
U006207,paid_social,ios,35-44,1,1,0,0,0,0,2024-07-09 02:49:02.114978880,
U006208,paid_social,android,18-24,1,1,1,1,1,1,2024-07-01 21:05:42.606910215,2024-07-08 12:39:05.954567975
U006209,organic_search,ios,35-44,1,1,1,1,1,1,2024-07-24 16:32:45.362774184,2024-07-25 19:53:32.626878745
U006210,paid_social,android,35-44,1,1,0,0,0,0,2024-07-01 21:43:29.992251820,
U006211,organic_search,ios,25-34,1,1,1,0,0,0,2024-07-21 23:59:19.173782367,
U006212,paid_social,ios,25-34,1,1,1,1,1,0,2024-07-11 16:41:46.721929365,
U006213,paid_social,ios,18-24,1,0,0,0,0,0,2024-07-17 18:19:05.551172850,
U006214,email,ios,35-44,1,1,1,0,0,0,2024-07-07 22:26:22.619269640,
U006215,email,android,25-34,1,0,0,0,0,0,2024-07-05 08:25:42.872548630,
U006216,organic_search,ios,25-34,1,0,0,0,0,0,2024-07-15 22:26:12.251619906,
U006217,paid_social,android,25-34,1,1,1,0,0,0,2024-07-20 11:27:18.327633066,
U006218,paid_social,android,25-34,1,1,0,0,0,0,2024-07-06 11:22:17.379131296,
U006219,organic_search,android,35-44,1,1,1,0,0,0,2024-07-13 05:13:59.565628858,
U006220,email,android,35-44,1,0,0,0,0,0,2024-07-13 10:48:29.304128944,
U006221,referral,ios,25-34,1,0,0,0,0,0,2024-07-07 01:08:16.757453036,
U006222,organic_search,ios,35-44,1,1,1,1,1,0,2024-07-16 19:42:47.620373155,
U006223,paid_social,ios,35-44,1,1,1,0,0,0,2024-07-05 02:04:07.613462290,
U006224,organic_search,ios,25-34,1,1,0,0,0,0,2024-07-15 06:33:05.200092309,
U006225,referral,android,18-24,1,0,0,0,0,0,2024-07-04 04:13:33.512296627,
U006226,organic_search,ios,45+,1,1,1,1,1,1,2024-07-14 14:17:04.195502347,2024-07-15 19:25:09.589909753
U006227,app_store,android,35-44,1,0,0,0,0,0,2024-07-09 17:23:40.433554946,
U006228,email,ios,35-44,1,1,1,1,0,0,2024-07-13 15:54:34.229803651,
U006229,paid_social,android,18-24,1,1,1,1,1,1,2024-07-13 03:28:46.450364926,2024-07-15 08:37:48.191491534
U006230,referral,ios,35-44,1,0,0,0,0,0,2024-07-26 10:07:51.810722738,
U006231,app_store,ios,25-34,1,0,0,0,0,0,2024-07-14 17:14:12.203414674,
U006232,referral,android,35-44,1,1,0,0,0,0,2024-07-23 22:01:52.548258936,
U006233,organic_search,ios,45+,1,1,1,1,1,0,2024-07-07 07:38:18.268932022,
U006234,paid_social,android,45+,1,1,0,0,0,0,2024-07-10 20:35:58.696779199,
U006235,email,android,45+,1,1,0,0,0,0,2024-07-03 02:27:36.229627814,
U006236,referral,ios,18-24,1,1,1,0,0,0,2024-07-12 18:44:33.065232158,
U006237,referral,android,45+,1,1,1,0,0,0,2024-07-19 17:21:58.766811674,
U006238,email,ios,18-24,1,1,1,0,0,0,2024-07-24 11:14:53.688917450,
U006239,email,android,45+,1,1,1,1,1,1,2024-07-16 20:17:41.354624515,2024-07-19 10:49:03.936041968
U006240,app_store,ios,25-34,1,1,1,0,0,0,2024-07-18 22:07:43.802279576,
U006241,organic_search,android,35-44,1,1,1,0,0,0,2024-07-05 23:07:24.514170920,
U006242,paid_social,ios,18-24,1,0,0,0,0,0,2024-07-02 01:00:08.847694335,
U006243,referral,ios,35-44,1,1,1,0,0,0,2024-07-23 04:00:51.960812961,
U006244,email,ios,18-24,1,1,1,1,1,0,2024-07-05 16:14:58.831441958,
U006245,referral,ios,25-34,1,1,1,1,1,1,2024-07-03 13:15:57.340360836,2024-07-04 07:46:26.571280839
U006246,organic_search,ios,35-44,1,1,1,1,1,1,2024-07-27 06:02:30.766737235,2024-07-30 14:49:50.232710585
U006247,email,android,35-44,1,1,0,0,0,0,2024-07-27 23:29:10.883931961,
U006248,referral,android,18-24,1,1,1,0,0,0,2024-07-18 06:07:29.639844753,
U006249,organic_search,ios,25-34,1,1,1,0,0,0,2024-07-11 14:26:39.290085099,
U006250,paid_social,ios,18-24,1,0,0,0,0,0,2024-07-24 07:56:13.097500234,
U006251,organic_search,ios,35-44,1,0,0,0,0,0,2024-07-06 17:34:18.525624229,
U006252,paid_social,ios,45+,1,1,0,0,0,0,2024-07-13 00:33:05.918517885,
U006253,organic_search,ios,35-44,1,0,0,0,0,0,2024-07-10 23:54:56.249742254,
U006254,paid_social,ios,25-34,1,0,0,0,0,0,2024-07-26 13:20:03.817602276,
U006255,paid_social,android,25-34,1,0,0,0,0,0,2024-07-26 18:05:25.523244412,
U006256,referral,android,45+,1,1,1,0,0,0,2024-07-19 05:23:43.232962214,
U006257,referral,ios,25-34,1,1,1,1,1,1,2024-07-04 02:25:02.547347696,2024-07-10 07:58:45.989717483
U006258,email,ios,25-34,1,1,1,1,0,0,2024-07-14 12:02:00.796741364,
U006259,organic_search,android,25-34,1,1,0,0,0,0,2024-07-07 20:51:38.383569237,
U006260,organic_search,ios,35-44,1,1,1,1,1,0,2024-07-25 18:39:47.972375899,
U006261,email,android,45+,1,1,1,1,1,1,2024-07-04 21:00:24.051379996,2024-07-10 02:51:19.088798496
U006262,organic_search,android,25-34,1,1,0,0,0,0,2024-07-02 12:29:47.419362222,
U006263,app_store,android,35-44,1,0,0,0,0,0,2024-07-20 17:22:34.717964350,
U006264,email,ios,25-34,1,0,0,0,0,0,2024-07-13 16:36:29.672562956,
U006265,paid_social,android,25-34,1,1,0,0,0,0,2024-07-24 11:22:52.336089382,
U006266,app_store,android,25-34,1,1,1,0,0,0,2024-07-03 02:09:04.003724800,
U006267,organic_search,android,25-34,1,1,1,1,1,0,2024-07-23 10:19:23.380004892,
U006268,paid_social,android,18-24,1,1,1,0,0,0,2024-07-02 01:05:20.234080586,
U006269,referral,ios,35-44,1,1,1,1,1,1,2024-07-01 18:51:46.972822244,2024-07-02 05:43:51.180394083
U006270,paid_social,ios,18-24,1,0,0,0,0,0,2024-07-13 22:00:15.066587707,
U006271,app_store,android,18-24,1,0,0,0,0,0,2024-07-07 04:42:27.887995432,
U006272,organic_search,android,25-34,1,1,1,1,0,0,2024-07-17 14:58:44.295990200,
U006273,paid_social,android,18-24,1,1,0,0,0,0,2024-07-01 17:20:56.472396388,
U006274,referral,android,25-34,1,0,0,0,0,0,2024-07-01 23:46:54.380884519,
U006275,referral,ios,25-34,1,0,0,0,0,0,2024-07-21 08:38:37.641939158,
U006276,organic_search,ios,35-44,1,1,0,0,0,0,2024-07-06 21:13:51.561101398,
U006277,paid_social,ios,45+,1,1,1,1,0,0,2024-07-19 09:06:44.305560046,
U006278,email,ios,35-44,1,1,0,0,0,0,2024-07-21 23:56:51.693102636,
U006279,organic_search,android,18-24,1,0,0,0,0,0,2024-07-02 15:52:13.956121840,
U006280,email,ios,45+,1,1,1,0,0,0,2024-07-22 13:16:28.766639888,
U006281,referral,android,25-34,1,1,1,1,1,1,2024-07-08 12:22:44.610491942,2024-07-09 02:31:59.199705497
U006282,email,android,25-34,1,1,0,0,0,0,2024-07-11 21:46:29.582076831,
U006283,referral,ios,25-34,1,1,0,0,0,0,2024-07-03 10:13:17.534000830,
U006284,organic_search,ios,25-34,1,1,1,0,0,0,2024-07-24 11:33:33.655756251,
U006285,referral,android,45+,1,1,1,0,0,0,2024-07-16 16:48:35.079879286,
U006286,email,android,25-34,1,1,0,0,0,0,2024-07-15 03:08:06.240167880,
U006287,paid_social,android,25-34,1,1,1,0,0,0,2024-07-28 02:52:07.798535947,
U006288,app_store,ios,25-34,1,1,1,1,0,0,2024-07-10 08:47:16.334448471,
U006289,paid_social,ios,35-44,1,0,0,0,0,0,2024-07-25 22:36:13.249844424,
U006290,organic_search,ios,35-44,1,1,1,0,0,0,2024-07-21 03:37:48.921871490,
U006291,paid_social,ios,25-34,1,0,0,0,0,0,2024-07-26 23:58:15.266253738,
U006292,app_store,android,35-44,1,1,1,0,0,0,2024-07-26 10:02:34.726042942,
U006293,paid_social,android,35-44,1,1,1,1,0,0,2024-07-28 17:58:19.304319068,
U006294,email,ios,25-34,1,1,1,0,0,0,2024-07-04 16:29:12.398528292,
U006295,email,ios,35-44,1,0,0,0,0,0,2024-07-23 06:55:22.855747987,
U006296,paid_social,ios,25-34,1,1,1,1,0,0,2024-07-23 12:37:12.743488999,
U006297,organic_search,android,18-24,1,1,0,0,0,0,2024-07-19 01:01:08.439369394,
U006298,referral,ios,35-44,1,1,0,0,0,0,2024-07-08 19:23:40.430169859,
U006299,paid_social,android,25-34,1,1,1,0,0,0,2024-07-28 00:34:46.698723220,
U006300,email,ios,25-34,1,1,1,1,1,1,2024-07-06 17:22:18.035983995,2024-07-07 16:49:07.575506057
U006301,paid_social,android,45+,1,0,0,0,0,0,2024-07-14 23:42:52.755324735,
U006302,paid_social,ios,18-24,1,1,1,1,0,0,2024-07-15 14:26:21.623332174,
U006303,email,ios,25-34,1,1,0,0,0,0,2024-07-05 12:44:57.551027344,
U006304,paid_social,android,18-24,1,0,0,0,0,0,2024-07-21 05:32:21.726988576,
U006305,paid_social,android,18-24,1,1,1,1,1,0,2024-07-03 11:43:07.443584835,
U006306,paid_social,ios,25-34,1,1,1,0,0,0,2024-07-20 09:45:42.146585964,
U006307,paid_social,ios,45+,1,1,1,1,1,0,2024-07-24 18:16:10.608626308,
U006308,paid_social,ios,25-34,1,1,1,1,0,0,2024-07-10 18:47:39.831559342,
U006309,email,ios,35-44,1,1,0,0,0,0,2024-07-20 20:43:50.820163186,
U006310,paid_social,android,18-24,1,0,0,0,0,0,2024-07-05 09:21:07.680511278,
U006311,paid_social,android,35-44,1,0,0,0,0,0,2024-07-24 16:28:39.824314802,
U006312,referral,ios,45+,1,1,1,0,0,0,2024-07-27 15:45:55.085139961,
U006313,organic_search,ios,25-34,1,0,0,0,0,0,2024-07-05 06:36:36.583314659,
U006314,organic_search,ios,35-44,1,1,1,0,0,0,2024-07-20 08:55:46.439433865,
U006315,app_store,ios,45+,1,1,1,0,0,0,2024-07-15 03:55:06.588789546,
U006316,referral,ios,25-34,1,1,0,0,0,0,2024-07-15 21:10:03.183568888,
U006317,referral,android,25-34,1,1,1,0,0,0,2024-07-20 18:45:39.927238783,
U006318,referral,ios,35-44,1,1,1,0,0,0,2024-07-14 16:26:01.015994709,
U006319,organic_search,android,35-44,1,1,1,1,1,0,2024-07-17 19:25:09.607569261,
U006320,referral,android,18-24,1,0,0,0,0,0,2024-07-07 11:09:55.746160002,
U006321,paid_social,android,25-34,1,0,0,0,0,0,2024-07-11 14:21:23.158225296,
U006322,paid_social,android,25-34,1,1,1,1,1,1,2024-07-25 05:26:29.454892976,2024-07-25 18:47:11.056321402
U006323,paid_social,android,25-34,1,0,0,0,0,0,2024-07-04 01:51:16.156179774,
U006324,organic_search,android,45+,1,0,0,0,0,0,2024-07-17 17:34:14.071250661,
U006325,organic_search,ios,25-34,1,1,1,1,1,1,2024-07-06 03:50:27.260958645,2024-07-07 15:43:13.155935026
U006326,app_store,ios,25-34,1,1,1,0,0,0,2024-07-24 16:52:28.595296221,
U006327,paid_social,ios,35-44,1,0,0,0,0,0,2024-07-17 05:07:03.133162506,
U006328,paid_social,android,25-34,1,0,0,0,0,0,2024-07-12 06:50:55.615035919,
U006329,organic_search,android,25-34,1,0,0,0,0,0,2024-07-07 23:52:55.850498479,
U006330,organic_search,ios,25-34,1,1,1,1,0,0,2024-07-13 05:33:34.696279562,
U006331,referral,android,25-34,1,1,1,1,0,0,2024-07-27 19:30:55.738869879,
U006332,paid_social,android,25-34,1,1,1,0,0,0,2024-07-15 06:11:19.113747766,
U006333,paid_social,android,18-24,1,0,0,0,0,0,2024-07-14 03:29:49.075088301,
U006334,organic_search,android,25-34,1,1,0,0,0,0,2024-07-21 21:29:45.609619948,
U006335,referral,android,35-44,1,1,1,1,1,1,2024-07-11 14:43:10.673756547,2024-07-12 09:39:27.943100815
U006336,organic_search,ios,45+,1,1,0,0,0,0,2024-07-12 23:13:44.019551618,
U006337,organic_search,ios,25-34,1,1,0,0,0,0,2024-07-10 10:25:43.952218060,
U006338,paid_social,ios,25-34,1,1,1,0,0,0,2024-07-05 05:25:05.072092863,
U006339,organic_search,ios,45+,1,1,1,1,0,0,2024-07-20 23:40:47.250999051,
U006340,organic_search,ios,25-34,1,1,1,0,0,0,2024-07-25 10:40:36.386867262,
U006341,referral,android,45+,1,1,1,1,1,0,2024-07-26 08:33:29.737048096,
U006342,referral,android,45+,1,1,1,0,0,0,2024-07-25 15:53:58.467700996,
U006343,email,android,25-34,1,1,1,1,1,1,2024-07-13 15:35:55.374857991,2024-07-17 12:12:48.156768575
U006344,paid_social,ios,25-34,1,1,1,1,0,0,2024-07-08 22:53:32.932177972,
U006345,organic_search,ios,18-24,1,1,1,1,1,0,2024-07-18 20:41:05.135034310,
U006346,organic_search,ios,18-24,1,1,1,1,0,0,2024-07-27 17:33:42.122883070,
U006347,app_store,ios,45+,1,1,0,0,0,0,2024-07-21 08:34:40.928049490,
U006348,referral,android,45+,1,1,0,0,0,0,2024-07-14 20:32:17.640198906,
U006349,referral,ios,18-24,1,1,0,0,0,0,2024-07-20 06:52:45.703462933,
U006350,organic_search,ios,25-34,1,1,1,0,0,0,2024-07-22 15:08:43.717809677,
U006351,paid_social,android,25-34,1,1,1,1,1,1,2024-07-26 17:44:56.197004870,2024-07-27 07:56:19.151725084
U006352,organic_search,ios,25-34,1,1,1,1,0,0,2024-07-22 08:52:51.552009436,
U006353,referral,android,35-44,1,1,0,0,0,0,2024-07-13 03:06:14.592194384,
U006354,app_store,ios,45+,1,0,0,0,0,0,2024-07-08 15:51:48.889471698,
U006355,app_store,android,18-24,1,1,1,1,1,0,2024-07-14 23:55:13.723313826,
U006356,paid_social,ios,18-24,1,1,1,0,0,0,2024-07-10 04:32:08.083589557,
U006357,paid_social,android,18-24,1,0,0,0,0,0,2024-07-27 09:32:16.102630359,
U006358,app_store,ios,25-34,1,1,0,0,0,0,2024-07-15 05:21:10.968474150,
U006359,referral,android,25-34,1,1,0,0,0,0,2024-07-14 05:13:18.687964130,
U006360,organic_search,ios,25-34,1,1,1,0,0,0,2024-07-10 17:59:16.290960244,
U006361,paid_social,ios,25-34,1,1,1,1,1,0,2024-07-18 21:40:53.390913438,
U006362,organic_search,android,35-44,1,1,1,0,0,0,2024-07-15 13:28:28.053239797,
U006363,paid_social,ios,25-34,1,1,0,0,0,0,2024-07-04 14:43:15.154275460,
U006364,paid_social,ios,25-34,1,1,0,0,0,0,2024-07-25 08:06:27.535961131,
U006365,referral,ios,35-44,1,0,0,0,0,0,2024-07-11 01:15:23.843522278,
U006366,paid_social,android,35-44,1,1,0,0,0,0,2024-07-13 02:41:33.737754768,
U006367,organic_search,ios,25-34,1,1,0,0,0,0,2024-07-06 18:12:29.743480530,
U006368,paid_social,ios,25-34,1,1,1,1,1,1,2024-07-16 11:53:00.943869199,2024-07-24 04:09:50.207557370
U006369,email,ios,35-44,1,1,1,0,0,0,2024-07-20 15:46:51.607027228,
U006370,referral,android,18-24,1,1,0,0,0,0,2024-07-25 16:08:35.143658271,
U006371,paid_social,android,25-34,1,1,0,0,0,0,2024-07-02 10:40:49.263100899,
U006372,app_store,ios,25-34,1,0,0,0,0,0,2024-07-28 06:04:44.555944735,
U006373,app_store,ios,18-24,1,0,0,0,0,0,2024-07-20 16:57:55.881495648,
U006374,organic_search,ios,18-24,1,1,1,0,0,0,2024-07-08 23:02:55.377328344,
U006375,organic_search,ios,25-34,1,0,0,0,0,0,2024-07-06 17:24:25.327329786,
U006376,referral,ios,35-44,1,1,0,0,0,0,2024-07-09 06:58:15.892809204,
U006377,email,ios,35-44,1,1,1,0,0,0,2024-07-25 12:29:15.738431456,
U006378,app_store,ios,45+,1,1,0,0,0,0,2024-07-09 03:48:51.106995644,
U006379,email,android,18-24,1,1,1,0,0,0,2024-07-13 23:00:56.888720863,
U006380,referral,ios,25-34,1,1,1,1,1,0,2024-07-20 18:15:21.500822808,
U006381,paid_social,android,35-44,1,1,1,1,1,0,2024-07-25 09:58:37.878320823,
U006382,organic_search,ios,25-34,1,0,0,0,0,0,2024-07-19 10:33:35.355947695,
U006383,organic_search,ios,25-34,1,1,0,0,0,0,2024-07-22 02:05:21.768256075,
U006384,paid_social,android,25-34,1,1,0,0,0,0,2024-07-05 20:28:32.185599175,
U006385,referral,ios,25-34,1,1,1,1,1,0,2024-07-25 13:37:05.016750402,
U006386,referral,ios,25-34,1,1,1,1,1,1,2024-07-08 17:16:59.849008931,2024-07-08 21:35:25.359919773
U006387,referral,android,18-24,1,1,1,1,0,0,2024-07-04 14:16:12.454485524,
U006388,organic_search,ios,45+,1,1,0,0,0,0,2024-07-28 08:02:10.187192148,
U006389,referral,ios,18-24,1,1,1,0,0,0,2024-07-06 15:30:07.307658705,
U006390,organic_search,ios,45+,1,1,1,0,0,0,2024-07-04 19:49:48.446012640,
U006391,paid_social,ios,35-44,1,1,0,0,0,0,2024-07-18 12:41:09.761526243,
U006392,email,android,25-34,1,0,0,0,0,0,2024-07-09 22:16:33.731260953,
U006393,referral,ios,35-44,1,1,1,1,1,0,2024-07-04 17:36:38.397172651,
U006394,app_store,ios,35-44,1,0,0,0,0,0,2024-07-17 19:57:12.206768648,
U006395,organic_search,ios,25-34,1,1,1,0,0,0,2024-07-22 06:02:17.061696031,
U006396,paid_social,ios,25-34,1,1,1,1,1,0,2024-07-23 05:01:45.506881952,
U006397,paid_social,android,25-34,1,1,0,0,0,0,2024-07-05 08:30:16.084368889,
U006398,paid_social,ios,35-44,1,1,0,0,0,0,2024-07-16 14:12:52.810760307,
U006399,email,android,25-34,1,1,1,1,0,0,2024-07-23 18:47:30.714352591,
U006400,referral,android,25-34,1,1,1,0,0,0,2024-07-05 12:15:01.698037387,
U006401,email,android,25-34,1,1,0,0,0,0,2024-07-06 19:33:44.903483618,
U006402,organic_search,ios,25-34,1,1,1,0,0,0,2024-07-01 01:37:13.652666713,
U006403,email,ios,25-34,1,1,1,0,0,0,2024-07-15 16:33:14.951151482,
U006404,organic_search,android,25-34,1,1,1,0,0,0,2024-07-06 10:49:33.961048431,
U006405,email,android,45+,1,0,0,0,0,0,2024-07-21 06:41:27.639198513,
U006406,paid_social,ios,35-44,1,1,1,1,1,1,2024-07-27 22:36:27.759510111,2024-08-01 01:41:00.909621088
U006407,paid_social,ios,35-44,1,1,1,1,1,0,2024-07-06 20:17:01.278986550,
U006408,paid_social,ios,25-34,1,0,0,0,0,0,2024-07-19 04:11:35.490858338,
U006409,app_store,android,35-44,1,0,0,0,0,0,2024-07-06 22:21:09.929160432,
U006410,organic_search,ios,25-34,1,1,1,0,0,0,2024-07-01 12:06:02.193243699,
U006411,paid_social,android,18-24,1,1,0,0,0,0,2024-07-22 05:44:54.306643923,
U006412,email,android,45+,1,1,0,0,0,0,2024-07-13 03:39:04.113753840,
U006413,paid_social,android,18-24,1,1,1,0,0,0,2024-07-27 12:14:26.775376249,
U006414,organic_search,android,25-34,1,1,0,0,0,0,2024-07-15 23:02:24.406081328,
U006415,paid_social,ios,18-24,1,1,0,0,0,0,2024-07-05 09:49:42.556625976,
U006416,paid_social,android,18-24,1,1,0,0,0,0,2024-07-13 14:14:54.329595975,
U006417,app_store,android,35-44,1,0,0,0,0,0,2024-07-06 16:20:35.829994714,
U006418,email,android,25-34,1,1,1,0,0,0,2024-07-25 14:02:08.416483360,
U006419,paid_social,ios,35-44,1,1,0,0,0,0,2024-07-20 08:17:12.975203101,
U006420,app_store,android,25-34,1,0,0,0,0,0,2024-07-10 13:18:44.916220659,
U006421,paid_social,ios,25-34,1,1,0,0,0,0,2024-07-15 18:41:42.924935032,
U006422,organic_search,ios,25-34,1,1,1,1,1,0,2024-07-19 17:53:26.471324958,
U006423,organic_search,android,35-44,1,1,0,0,0,0,2024-07-22 22:04:49.388108613,
U006424,paid_social,ios,35-44,1,0,0,0,0,0,2024-07-03 05:51:32.130118814,
U006425,organic_search,android,25-34,1,1,1,1,1,1,2024-07-01 15:07:57.582554901,2024-07-02 13:33:20.370541405
U006426,app_store,ios,25-34,1,1,0,0,0,0,2024-07-04 04:54:43.964993397,
U006427,email,android,45+,1,0,0,0,0,0,2024-07-12 01:26:15.073569463,
U006428,organic_search,ios,18-24,1,1,1,0,0,0,2024-07-14 01:37:36.631110597,
U006429,referral,android,25-34,1,1,1,1,1,0,2024-07-04 19:42:07.975813341,
U006430,referral,ios,25-34,1,0,0,0,0,0,2024-07-12 12:17:41.671206725,
U006431,app_store,android,18-24,1,1,1,0,0,0,2024-07-13 08:46:13.844766540,
U006432,email,android,25-34,1,1,1,1,1,1,2024-07-04 01:18:30.440128575,2024-07-10 00:57:56.940160193
U006433,paid_social,ios,18-24,1,0,0,0,0,0,2024-07-26 15:59:43.775705518,
U006434,email,ios,45+,1,1,0,0,0,0,2024-07-17 18:37:33.828020184,
U006435,referral,android,35-44,1,1,1,0,0,0,2024-07-11 21:05:45.155279839,
U006436,referral,android,35-44,1,1,1,0,0,0,2024-07-15 04:38:29.858255962,
U006437,organic_search,android,25-34,1,1,0,0,0,0,2024-07-09 19:08:26.559265336,
U006438,organic_search,android,25-34,1,1,0,0,0,0,2024-07-24 22:06:37.631754597,
U006439,paid_social,ios,35-44,1,1,0,0,0,0,2024-07-17 02:24:36.388562522,
U006440,organic_search,ios,45+,1,1,1,1,1,1,2024-07-14 20:34:11.954180859,2024-07-15 20:43:18.235664568
U006441,organic_search,ios,18-24,1,1,0,0,0,0,2024-07-26 12:06:53.967168871,
U006442,referral,ios,25-34,1,1,1,1,0,0,2024-07-24 11:07:20.485967858,
U006443,organic_search,android,35-44,1,1,1,1,0,0,2024-07-23 18:12:10.335737415,
U006444,referral,ios,45+,1,0,0,0,0,0,2024-07-07 07:36:33.786877676,
U006445,paid_social,android,45+,1,0,0,0,0,0,2024-07-05 06:53:55.431264249,
U006446,app_store,android,35-44,1,1,1,1,1,1,2024-07-20 07:44:41.500489077,2024-07-21 04:05:41.326448430
U006447,paid_social,android,18-24,1,1,0,0,0,0,2024-07-14 02:55:39.346541104,
U006448,organic_search,android,18-24,1,1,0,0,0,0,2024-07-20 03:27:17.795185196,
U006449,referral,ios,45+,1,1,0,0,0,0,2024-07-22 07:08:29.399923212,
U006450,email,android,25-34,1,1,1,0,0,0,2024-07-09 06:27:02.436968422,
U006451,app_store,ios,18-24,1,0,0,0,0,0,2024-07-08 23:17:06.327810697,
U006452,paid_social,ios,45+,1,1,1,0,0,0,2024-07-14 17:50:19.725091796,
U006453,paid_social,android,18-24,1,0,0,0,0,0,2024-07-08 15:49:30.499283301,
U006454,app_store,ios,35-44,1,0,0,0,0,0,2024-07-19 16:25:20.731738389,
U006455,organic_search,android,35-44,1,1,1,0,0,0,2024-07-21 21:48:10.294674631,
U006456,referral,android,18-24,1,1,1,1,1,1,2024-07-14 05:12:36.618292008,2024-07-14 17:32:21.717500193
U006457,paid_social,android,25-34,1,1,1,0,0,0,2024-07-21 06:23:36.392936236,
U006458,organic_search,ios,18-24,1,1,0,0,0,0,2024-07-15 07:00:50.567096023,
U006459,paid_social,android,35-44,1,1,1,0,0,0,2024-07-20 23:02:59.269782588,
U006460,organic_search,ios,25-34,1,1,0,0,0,0,2024-07-07 07:10:43.185067417,
U006461,referral,android,18-24,1,1,1,0,0,0,2024-07-21 16:30:09.096721214,
U006462,app_store,ios,45+,1,1,1,1,0,0,2024-07-21 00:33:48.037547217,
U006463,organic_search,android,25-34,1,1,0,0,0,0,2024-07-08 11:09:32.526493369,
U006464,email,ios,25-34,1,1,1,0,0,0,2024-07-16 13:36:45.021524392,
U006465,organic_search,ios,25-34,1,1,1,0,0,0,2024-07-24 22:46:09.986921752,
U006466,paid_social,ios,18-24,1,1,0,0,0,0,2024-07-07 23:40:45.187555724,
U006467,organic_search,ios,45+,1,1,1,1,0,0,2024-07-21 14:34:42.293488306,
U006468,app_store,android,25-34,1,0,0,0,0,0,2024-07-27 17:03:56.282121748,
U006469,email,ios,25-34,1,0,0,0,0,0,2024-07-25 06:06:52.452277502,
U006470,referral,ios,45+,1,1,0,0,0,0,2024-07-12 05:49:17.384020125,
U006471,email,android,35-44,1,1,1,1,1,0,2024-07-18 00:02:36.947644904,
U006472,referral,ios,25-34,1,0,0,0,0,0,2024-07-28 18:28:10.308784141,
U006473,app_store,ios,45+,1,1,0,0,0,0,2024-07-16 21:59:23.785600138,
U006474,referral,android,35-44,1,1,1,0,0,0,2024-07-04 05:17:54.775799541,
U006475,app_store,ios,25-34,1,0,0,0,0,0,2024-07-02 06:31:46.081960777,
U006476,paid_social,ios,35-44,1,1,1,0,0,0,2024-07-23 03:05:28.861972753,
U006477,organic_search,ios,45+,1,1,0,0,0,0,2024-07-12 20:40:41.644812147,
U006478,paid_social,ios,25-34,1,0,0,0,0,0,2024-07-07 21:51:29.745010148,
U006479,organic_search,ios,35-44,1,1,1,1,1,0,2024-07-10 17:38:08.176574961,
U006480,referral,ios,45+,1,0,0,0,0,0,2024-07-22 04:57:16.438749177,
U006481,paid_social,android,35-44,1,1,1,1,1,1,2024-07-14 00:38:46.354365358,2024-08-06 04:07:49.280516640
U006482,referral,ios,18-24,1,1,1,1,1,1,2024-07-25 07:37:53.972318600,2024-07-25 18:26:06.008475861
U006483,organic_search,ios,25-34,1,1,1,1,1,1,2024-07-21 13:52:11.984371010,2024-07-23 15:04:49.217184947
U006484,organic_search,ios,25-34,1,0,0,0,0,0,2024-07-28 06:32:15.032757573,
U006485,paid_social,android,25-34,1,1,0,0,0,0,2024-07-25 21:04:28.312617990,
U006486,app_store,android,45+,1,1,1,1,0,0,2024-07-08 03:03:20.614752712,
U006487,paid_social,ios,25-34,1,0,0,0,0,0,2024-07-19 10:53:16.095995937,
U006488,paid_social,android,25-34,1,1,1,0,0,0,2024-07-01 13:48:17.709130486,
U006489,referral,ios,35-44,1,1,1,1,1,1,2024-07-28 18:01:25.387740084,2024-07-29 22:59:37.577369558
U006490,referral,ios,25-34,1,1,1,1,1,1,2024-07-08 07:23:45.978415242,2024-07-09 15:04:26.936102294
U006491,organic_search,ios,25-34,1,1,0,0,0,0,2024-07-19 14:44:32.290494172,
U006492,paid_social,ios,18-24,1,0,0,0,0,0,2024-07-24 18:37:52.440405988,
U006493,organic_search,ios,25-34,1,1,1,1,1,1,2024-07-05 11:49:56.112071509,2024-07-06 05:22:28.722646372
U006494,app_store,ios,45+,1,1,1,0,0,0,2024-07-24 17:46:29.706127111,
U006495,organic_search,ios,35-44,1,1,0,0,0,0,2024-07-01 08:13:44.714681158,
U006496,paid_social,ios,25-34,1,1,0,0,0,0,2024-07-13 09:00:31.092456218,
U006497,organic_search,ios,18-24,1,1,0,0,0,0,2024-07-14 05:12:33.416427330,
U006498,organic_search,ios,35-44,1,1,1,1,0,0,2024-07-11 11:23:20.253515535,
U006499,email,android,45+,1,0,0,0,0,0,2024-07-17 10:03:01.978250169,
U006500,organic_search,ios,25-34,1,0,0,0,0,0,2024-07-26 14:46:26.609981408,
U006501,organic_search,android,35-44,1,1,1,0,0,0,2024-07-10 03:44:12.065315258,
U006502,paid_social,android,25-34,1,1,1,0,0,0,2024-07-17 05:15:45.519033013,
U006503,organic_search,ios,25-34,1,1,1,1,1,1,2024-07-25 13:39:17.342278246,2024-07-26 02:41:03.938393770
U006504,organic_search,ios,35-44,1,1,1,1,0,0,2024-07-22 15:27:10.459829253,
U006505,email,ios,18-24,1,1,1,0,0,0,2024-07-02 03:22:21.914217454,
U006506,email,android,25-34,1,1,1,1,1,0,2024-07-27 09:33:19.416577640,
U006507,app_store,ios,25-34,1,1,0,0,0,0,2024-07-02 07:20:48.190782436,
U006508,email,ios,25-34,1,1,0,0,0,0,2024-07-17 11:38:44.501206380,
U006509,referral,ios,35-44,1,0,0,0,0,0,2024-07-17 02:38:15.478266447,
U006510,organic_search,android,18-24,1,1,1,0,0,0,2024-07-23 00:27:15.246115041,
U006511,email,ios,25-34,1,1,1,0,0,0,2024-07-05 03:45:13.431033046,
U006512,email,android,25-34,1,1,1,0,0,0,2024-07-06 00:32:12.852478093,
U006513,email,ios,35-44,1,1,1,1,1,1,2024-07-22 01:24:57.091680640,2024-07-23 12:30:02.177731626
U006514,paid_social,android,18-24,1,0,0,0,0,0,2024-07-05 04:28:01.897034203,
U006515,organic_search,ios,35-44,1,1,1,1,1,1,2024-07-14 03:28:01.651397196,2024-07-14 13:11:14.028254152
U006516,email,ios,35-44,1,0,0,0,0,0,2024-07-21 11:40:03.059838285,
U006517,referral,android,45+,1,1,0,0,0,0,2024-07-19 05:38:04.474111063,
U006518,app_store,android,45+,1,1,0,0,0,0,2024-07-06 21:31:33.647044800,
U006519,organic_search,ios,25-34,1,1,1,0,0,0,2024-07-09 12:15:40.657813376,
U006520,organic_search,ios,18-24,1,0,0,0,0,0,2024-07-28 03:09:04.085920724,
U006521,organic_search,android,35-44,1,1,1,1,0,0,2024-07-13 13:30:23.964278695,
U006522,email,android,35-44,1,0,0,0,0,0,2024-07-02 05:52:31.526994892,
U006523,organic_search,ios,18-24,1,1,0,0,0,0,2024-07-07 03:33:39.788788953,
U006524,organic_search,android,18-24,1,1,0,0,0,0,2024-07-10 14:06:58.968909918,
U006525,app_store,android,25-34,1,1,0,0,0,0,2024-07-28 23:39:24.766869463,
U006526,organic_search,ios,45+,1,1,1,0,0,0,2024-07-09 11:24:31.391656160,
U006527,email,android,45+,1,1,0,0,0,0,2024-07-01 17:44:16.837374732,
U006528,paid_social,ios,18-24,1,0,0,0,0,0,2024-07-15 08:40:59.880421869,
U006529,email,android,25-34,1,1,1,1,1,1,2024-07-03 08:10:58.147329046,2024-07-04 17:16:35.452334534
U006530,referral,android,18-24,1,1,1,1,1,0,2024-07-08 16:10:24.334764690,
U006531,app_store,android,25-34,1,1,1,0,0,0,2024-07-28 18:52:53.379606457,
U006532,app_store,ios,35-44,1,1,1,1,0,0,2024-07-20 17:31:01.504995830,
U006533,organic_search,ios,35-44,1,1,1,0,0,0,2024-07-02 10:02:52.709561120,
U006534,organic_search,ios,25-34,1,1,1,1,1,1,2024-07-13 13:31:02.909617273,2024-07-14 16:52:27.011383121
U006535,organic_search,android,18-24,1,0,0,0,0,0,2024-07-05 19:20:25.470551713,
U006536,referral,android,25-34,1,1,0,0,0,0,2024-07-04 10:37:07.712768010,
U006537,email,ios,45+,1,1,1,1,1,0,2024-07-17 10:30:28.647973422,
U006538,paid_social,android,25-34,1,1,1,0,0,0,2024-07-15 03:48:02.728217610,
U006539,referral,android,25-34,1,1,1,1,0,0,2024-07-21 19:12:22.840776079,
U006540,organic_search,ios,35-44,1,1,1,0,0,0,2024-07-25 23:37:47.227338516,
U006541,email,ios,35-44,1,1,1,1,1,1,2024-07-07 21:46:12.749498677,2024-07-09 06:23:08.588558486
U006542,app_store,android,45+,1,0,0,0,0,0,2024-07-26 20:15:02.214116737,
U006543,organic_search,ios,25-34,1,1,0,0,0,0,2024-07-15 12:05:25.696162867,
U006544,paid_social,android,25-34,1,1,0,0,0,0,2024-07-08 05:56:13.434073436,
U006545,organic_search,ios,25-34,1,1,0,0,0,0,2024-07-24 16:22:05.099537830,
U006546,referral,android,45+,1,0,0,0,0,0,2024-07-01 23:52:33.977695810,
U006547,paid_social,ios,35-44,1,0,0,0,0,0,2024-07-16 15:59:25.085982588,
U006548,organic_search,ios,35-44,1,1,1,1,0,0,2024-07-21 04:55:46.817544496,
U006549,paid_social,ios,18-24,1,1,1,1,1,1,2024-07-08 20:08:42.020768140,2024-07-11 18:08:42.166522481
U006550,paid_social,ios,35-44,1,0,0,0,0,0,2024-07-25 04:15:59.646968935,
U006551,paid_social,ios,25-34,1,1,0,0,0,0,2024-07-07 17:28:16.415675637,
U006552,referral,ios,18-24,1,1,1,1,1,1,2024-07-24 12:23:43.864784624,2024-07-25 11:08:25.006715670
U006553,organic_search,android,18-24,1,1,1,0,0,0,2024-07-03 04:46:55.976503479,
U006554,email,android,35-44,1,1,1,1,1,0,2024-07-05 11:28:16.830248109,
U006555,referral,ios,25-34,1,0,0,0,0,0,2024-07-11 16:01:17.905375495,
U006556,paid_social,android,45+,1,0,0,0,0,0,2024-07-24 21:55:31.096561353,
U006557,organic_search,ios,35-44,1,1,1,1,1,1,2024-07-05 01:09:40.915314712,2024-07-05 18:00:10.424892484
U006558,email,android,18-24,1,1,0,0,0,0,2024-07-25 12:17:40.189710228,
U006559,app_store,android,35-44,1,0,0,0,0,0,2024-07-07 10:22:46.509181669,
U006560,organic_search,ios,18-24,1,1,0,0,0,0,2024-07-13 16:05:08.317879882,
U006561,paid_social,android,25-34,1,1,1,1,1,0,2024-07-10 21:02:15.070786609,
U006562,organic_search,android,35-44,1,1,1,0,0,0,2024-07-04 07:22:50.967425856,
U006563,referral,ios,45+,1,1,1,1,1,0,2024-07-27 10:34:34.121844703,
U006564,organic_search,android,25-34,1,1,0,0,0,0,2024-07-13 06:27:20.920987753,
U006565,paid_social,android,35-44,1,1,1,0,0,0,2024-07-20 07:54:09.387472906,
U006566,referral,ios,35-44,1,1,1,0,0,0,2024-07-17 02:34:47.563385624,
U006567,referral,android,25-34,1,0,0,0,0,0,2024-07-15 01:09:11.146048858,
U006568,paid_social,android,25-34,1,0,0,0,0,0,2024-07-18 06:20:24.586908730,
U006569,paid_social,ios,35-44,1,0,0,0,0,0,2024-07-26 03:41:09.707164915,
U006570,referral,ios,18-24,1,1,1,0,0,0,2024-07-20 13:56:16.499279191,
U006571,organic_search,ios,45+,1,1,1,1,0,0,2024-07-15 21:49:35.808218072,
U006572,organic_search,android,35-44,1,0,0,0,0,0,2024-07-19 01:33:53.876043129,
U006573,email,android,25-34,1,0,0,0,0,0,2024-07-17 23:29:49.043407423,
U006574,organic_search,ios,45+,1,1,1,0,0,0,2024-07-13 03:03:26.825150887,
U006575,referral,android,18-24,1,1,1,1,0,0,2024-07-18 11:50:29.093307586,
U006576,app_store,android,45+,1,1,0,0,0,0,2024-07-13 10:04:44.060557144,
U006577,organic_search,android,25-34,1,1,1,1,1,1,2024-07-22 05:07:00.702947730,2024-07-22 15:25:51.822135307
U006578,paid_social,ios,35-44,1,1,1,0,0,0,2024-07-28 03:06:33.080137113,
U006579,referral,ios,25-34,1,0,0,0,0,0,2024-07-27 21:01:46.272857296,
U006580,email,android,35-44,1,1,1,1,0,0,2024-07-23 23:32:04.014519313,
U006581,app_store,ios,18-24,1,1,0,0,0,0,2024-07-17 20:22:55.123766306,
U006582,referral,android,25-34,1,0,0,0,0,0,2024-07-21 23:33:03.945540736,
U006583,organic_search,android,18-24,1,1,0,0,0,0,2024-07-05 23:38:54.435887077,
U006584,referral,ios,45+,1,0,0,0,0,0,2024-07-14 09:54:01.451933841,
U006585,paid_social,android,25-34,1,1,1,0,0,0,2024-07-08 04:54:31.687467109,
U006586,paid_social,ios,35-44,1,0,0,0,0,0,2024-07-01 02:20:55.058299731,
U006587,organic_search,ios,35-44,1,1,1,0,0,0,2024-07-28 01:38:51.540646686,
U006588,organic_search,ios,45+,1,0,0,0,0,0,2024-07-25 04:30:22.440831973,
U006589,email,ios,18-24,1,1,0,0,0,0,2024-07-15 09:12:19.697802447,
U006590,paid_social,ios,45+,1,1,1,1,1,1,2024-07-08 02:47:25.215417502,2024-07-11 18:22:50.049254768
U006591,paid_social,android,18-24,1,1,1,1,1,0,2024-07-20 09:40:45.628513993,
U006592,paid_social,android,35-44,1,1,0,0,0,0,2024-07-13 04:11:10.783743183,
U006593,email,ios,35-44,1,1,1,1,1,0,2024-07-23 11:51:03.191256194,
U006594,referral,android,18-24,1,0,0,0,0,0,2024-07-28 23:40:34.212149752,
U006595,organic_search,ios,25-34,1,1,1,1,1,1,2024-07-10 18:35:00.644039494,2024-07-22 16:24:23.718184213
U006596,organic_search,ios,25-34,1,1,1,1,0,0,2024-07-07 20:14:19.842782092,
U006597,organic_search,android,25-34,1,1,1,1,1,1,2024-07-08 11:40:51.716892280,2024-07-10 08:12:54.723616566
U006598,app_store,android,45+,1,0,0,0,0,0,2024-07-03 14:43:43.237550683,
U006599,referral,android,25-34,1,1,0,0,0,0,2024-07-12 00:47:56.558573174,
U006600,paid_social,ios,45+,1,0,0,0,0,0,2024-07-01 11:42:34.687532746,
U006601,referral,android,25-34,1,1,1,0,0,0,2024-07-04 04:52:25.732465165,
U006602,paid_social,android,45+,1,1,0,0,0,0,2024-07-08 14:34:46.351802042,
U006603,email,android,35-44,1,1,1,0,0,0,2024-07-05 11:25:40.027480215,
U006604,paid_social,ios,35-44,1,0,0,0,0,0,2024-07-21 12:00:39.293512153,
U006605,organic_search,android,18-24,1,1,0,0,0,0,2024-07-03 22:57:59.110067624,
U006606,organic_search,android,25-34,1,0,0,0,0,0,2024-07-25 05:56:52.938875331,
U006607,paid_social,android,18-24,1,1,0,0,0,0,2024-07-07 04:35:20.207377536,
U006608,app_store,ios,25-34,1,1,1,1,0,0,2024-07-04 00:58:22.420577614,
U006609,paid_social,ios,35-44,1,0,0,0,0,0,2024-07-01 06:47:29.994208101,
U006610,email,ios,35-44,1,1,1,1,1,1,2024-07-21 00:37:03.946456135,2024-07-27 17:45:15.483828077
U006611,email,ios,18-24,1,1,0,0,0,0,2024-07-08 04:26:47.231774520,
U006612,organic_search,ios,25-34,1,1,1,0,0,0,2024-07-15 06:22:59.025549306,
U006613,organic_search,ios,25-34,1,1,0,0,0,0,2024-07-04 03:00:21.540109280,
U006614,organic_search,android,18-24,1,1,1,0,0,0,2024-07-28 14:07:07.897493136,
U006615,referral,ios,25-34,1,1,1,1,1,0,2024-07-04 12:15:30.760758036,
U006616,organic_search,ios,35-44,1,0,0,0,0,0,2024-07-12 12:48:51.201732031,
U006617,paid_social,ios,18-24,1,0,0,0,0,0,2024-07-24 20:18:30.476047539,
U006618,paid_social,ios,35-44,1,0,0,0,0,0,2024-07-07 20:33:50.505763798,
U006619,referral,android,25-34,1,1,1,0,0,0,2024-07-08 11:24:18.143109464,
U006620,organic_search,android,35-44,1,1,1,0,0,0,2024-07-23 15:18:42.028842859,
U006621,paid_social,android,25-34,1,0,0,0,0,0,2024-07-08 15:41:03.298678918,
U006622,paid_social,ios,35-44,1,1,0,0,0,0,2024-07-01 01:55:46.275800570,
U006623,paid_social,android,18-24,1,0,0,0,0,0,2024-07-12 23:33:28.872609285,
U006624,email,ios,25-34,1,1,0,0,0,0,2024-07-01 08:25:25.179254166,
U006625,organic_search,android,18-24,1,1,1,1,1,0,2024-07-26 11:22:49.493040006,
U006626,email,ios,45+,1,1,1,0,0,0,2024-07-18 23:17:54.551934369,
U006627,referral,android,35-44,1,1,0,0,0,0,2024-07-17 07:47:08.112842430,
U006628,referral,android,18-24,1,0,0,0,0,0,2024-07-06 15:28:05.344678228,
U006629,referral,ios,18-24,1,1,1,0,0,0,2024-07-20 14:21:49.811788958,
U006630,paid_social,ios,25-34,1,1,1,1,1,1,2024-07-19 23:06:54.433986652,2024-07-21 12:36:13.665159600
U006631,organic_search,android,18-24,1,1,1,1,1,1,2024-07-02 16:37:53.478040242,2024-07-05 18:50:48.929531650
U006632,referral,ios,35-44,1,0,0,0,0,0,2024-07-25 15:55:43.927336938,
U006633,paid_social,ios,35-44,1,0,0,0,0,0,2024-07-17 05:21:56.807599784,
U006634,referral,ios,45+,1,1,0,0,0,0,2024-07-23 04:32:15.878608605,
U006635,paid_social,ios,45+,1,1,0,0,0,0,2024-07-08 08:40:41.723294098,
U006636,app_store,android,35-44,1,0,0,0,0,0,2024-07-04 10:00:58.037163555,
U006637,referral,ios,18-24,1,1,1,1,1,1,2024-07-20 16:02:46.007453468,2024-07-21 06:32:54.644637656
U006638,organic_search,ios,25-34,1,0,0,0,0,0,2024-07-23 05:29:20.994588488,
U006639,paid_social,android,25-34,1,0,0,0,0,0,2024-07-11 19:24:52.324531790,
U006640,email,android,25-34,1,0,0,0,0,0,2024-07-01 15:55:16.352445219,
U006641,email,ios,35-44,1,0,0,0,0,0,2024-07-23 21:52:00.136442629,
U006642,paid_social,android,45+,1,0,0,0,0,0,2024-07-06 18:29:42.378194601,
U006643,email,ios,45+,1,1,1,1,1,0,2024-07-10 11:49:46.073838403,
U006644,organic_search,ios,18-24,1,1,0,0,0,0,2024-07-18 14:10:16.454014435,
U006645,paid_social,android,25-34,1,1,1,1,1,1,2024-07-03 19:10:10.456715982,2024-07-06 19:03:46.137285820
U006646,email,android,35-44,1,1,1,0,0,0,2024-07-03 00:22:52.157442169,
U006647,email,ios,35-44,1,1,1,1,1,1,2024-07-01 17:16:22.564194902,2024-07-02 23:43:11.179274667
U006648,referral,ios,25-34,1,1,1,1,0,0,2024-07-26 15:58:55.149891290,
U006649,email,ios,35-44,1,1,0,0,0,0,2024-07-09 17:14:57.134934733,
U006650,organic_search,ios,35-44,1,1,1,1,1,1,2024-07-19 11:57:45.805531366,2024-07-20 12:01:41.278834735
U006651,email,ios,25-34,1,0,0,0,0,0,2024-07-28 16:45:57.914423722,
U006652,paid_social,ios,25-34,1,0,0,0,0,0,2024-07-19 17:52:15.359785053,
U006653,organic_search,android,45+,1,0,0,0,0,0,2024-07-15 16:51:49.330135270,
U006654,organic_search,android,35-44,1,1,0,0,0,0,2024-07-15 14:03:29.503164902,
U006655,paid_social,ios,18-24,1,1,0,0,0,0,2024-07-11 13:17:17.965543671,
U006656,organic_search,android,35-44,1,1,0,0,0,0,2024-07-17 19:03:06.943686541,
U006657,paid_social,ios,35-44,1,1,1,0,0,0,2024-07-27 20:18:28.129588966,
U006658,organic_search,ios,45+,1,1,1,1,1,1,2024-07-23 01:33:56.126322950,2024-07-24 00:25:08.771846246
U006659,organic_search,ios,25-34,1,1,0,0,0,0,2024-07-12 21:04:49.031926809,
U006660,referral,android,45+,1,1,1,1,1,0,2024-07-10 07:24:10.530395503,
U006661,paid_social,ios,18-24,1,0,0,0,0,0,2024-07-25 17:43:59.476464256,
U006662,paid_social,android,35-44,1,0,0,0,0,0,2024-07-04 19:14:53.069355855,
U006663,referral,android,35-44,1,1,1,0,0,0,2024-07-24 18:55:16.653648039,
U006664,email,ios,25-34,1,1,1,1,0,0,2024-07-08 03:24:41.701039369,
U006665,email,ios,25-34,1,1,1,1,0,0,2024-07-21 00:54:10.247189101,
U006666,paid_social,android,45+,1,1,1,0,0,0,2024-07-23 13:46:48.829010469,
U006667,referral,android,35-44,1,0,0,0,0,0,2024-07-14 08:32:29.974563794,
U006668,organic_search,android,25-34,1,0,0,0,0,0,2024-07-06 09:12:53.395083388,
U006669,organic_search,ios,18-24,1,1,0,0,0,0,2024-07-24 15:41:02.124984177,
U006670,paid_social,android,18-24,1,1,1,0,0,0,2024-07-11 06:57:56.188352980,
U006671,email,ios,18-24,1,1,1,1,1,1,2024-07-09 23:29:49.686159310,2024-07-12 21:26:32.789718520
U006672,organic_search,android,45+,1,1,1,1,1,1,2024-07-15 06:43:51.148349439,2024-07-17 00:47:19.788158575
U006673,organic_search,android,35-44,1,0,0,0,0,0,2024-07-13 04:22:40.634478598,
U006674,organic_search,android,45+,1,0,0,0,0,0,2024-07-20 03:00:39.923460082,
U006675,email,ios,18-24,1,1,1,1,1,0,2024-07-04 20:11:48.938015151,
U006676,referral,android,35-44,1,1,0,0,0,0,2024-07-13 04:47:00.411072615,
U006677,organic_search,ios,18-24,1,0,0,0,0,0,2024-07-25 23:13:25.021716013,
U006678,referral,ios,35-44,1,1,1,1,0,0,2024-07-02 00:14:02.906676585,
U006679,paid_social,ios,25-34,1,1,0,0,0,0,2024-07-13 19:19:52.895564526,
U006680,referral,android,18-24,1,1,1,1,0,0,2024-07-19 11:52:38.933079099,
U006681,organic_search,android,25-34,1,1,1,1,1,1,2024-07-25 20:32:30.661771970,2024-07-27 23:23:02.209647180
U006682,email,ios,25-34,1,1,0,0,0,0,2024-07-17 15:01:27.640196738,
U006683,paid_social,android,35-44,1,1,1,1,0,0,2024-07-24 02:03:12.348982184,
U006684,referral,ios,35-44,1,1,1,0,0,0,2024-07-07 05:38:54.113066304,
U006685,organic_search,ios,35-44,1,1,1,0,0,0,2024-07-10 21:05:16.588122439,
U006686,paid_social,ios,45+,1,1,0,0,0,0,2024-07-27 09:06:46.397086722,
U006687,paid_social,android,25-34,1,0,0,0,0,0,2024-07-25 19:22:30.993593826,
U006688,paid_social,ios,25-34,1,1,1,1,1,0,2024-07-16 14:56:39.855720512,
U006689,organic_search,ios,35-44,1,1,0,0,0,0,2024-07-14 07:31:41.386793289,
U006690,email,android,25-34,1,1,1,0,0,0,2024-07-13 15:07:02.233406625,
U006691,organic_search,ios,18-24,1,1,0,0,0,0,2024-07-02 15:30:23.949262926,
U006692,referral,android,35-44,1,1,1,0,0,0,2024-07-25 23:40:38.689891726,
U006693,email,ios,18-24,1,1,1,1,1,1,2024-07-23 21:47:47.290758381,2024-07-25 14:30:03.258618004
U006694,referral,android,18-24,1,1,0,0,0,0,2024-07-13 18:36:02.769325657,
U006695,referral,android,18-24,1,1,1,1,1,1,2024-07-08 19:47:01.182002949,2024-07-09 04:56:05.950761125
U006696,referral,android,18-24,1,1,0,0,0,0,2024-07-10 14:26:33.531067064,
U006697,paid_social,ios,18-24,1,0,0,0,0,0,2024-07-04 10:45:50.089343695,
U006698,email,android,18-24,1,1,1,1,1,0,2024-07-21 05:02:33.742166805,
U006699,organic_search,ios,25-34,1,1,1,0,0,0,2024-07-16 14:04:55.716977510,
U006700,referral,android,25-34,1,1,1,0,0,0,2024-07-07 13:19:03.000497984,
U006701,referral,ios,18-24,1,1,1,1,1,0,2024-07-18 10:39:35.079970345,
U006702,paid_social,ios,35-44,1,0,0,0,0,0,2024-07-28 10:02:33.734325634,
U006703,paid_social,android,25-34,1,1,1,1,0,0,2024-07-04 10:14:58.311743971,
U006704,paid_social,android,18-24,1,1,1,1,1,0,2024-07-13 20:06:06.937704792,
U006705,email,ios,25-34,1,1,0,0,0,0,2024-07-14 20:04:29.019574808,
U006706,app_store,android,25-34,1,1,0,0,0,0,2024-07-05 16:05:15.819682542,
U006707,paid_social,android,25-34,1,1,1,0,0,0,2024-07-15 21:13:18.846444705,
U006708,referral,android,25-34,1,1,1,0,0,0,2024-07-17 23:13:00.183879537,
U006709,app_store,ios,35-44,1,1,1,1,1,1,2024-07-05 09:44:07.908309704,2024-07-18 18:43:58.988288027
U006710,organic_search,android,35-44,1,0,0,0,0,0,2024-07-05 07:58:28.056482274,
U006711,organic_search,ios,45+,1,1,1,0,0,0,2024-07-24 23:27:58.812861182,
U006712,referral,ios,25-34,1,1,0,0,0,0,2024-07-09 17:15:08.486792172,
U006713,email,android,25-34,1,1,0,0,0,0,2024-07-18 15:35:02.530020624,
U006714,email,android,25-34,1,1,0,0,0,0,2024-07-18 13:11:29.424673478,
U006715,paid_social,android,35-44,1,1,1,0,0,0,2024-07-24 11:55:22.182209511,
U006716,organic_search,ios,18-24,1,0,0,0,0,0,2024-07-21 17:12:33.091875302,
U006717,paid_social,ios,25-34,1,0,0,0,0,0,2024-07-24 12:52:02.507773882,
U006718,organic_search,ios,25-34,1,1,1,1,0,0,2024-07-18 12:08:39.619122889,
U006719,organic_search,ios,35-44,1,1,1,1,1,1,2024-07-13 14:02:06.762715454,2024-07-17 15:53:29.566850276
U006720,email,ios,45+,1,1,1,0,0,0,2024-07-12 00:28:36.128360589,
U006721,organic_search,ios,45+,1,1,1,0,0,0,2024-07-11 14:42:28.811507346,
U006722,email,android,18-24,1,1,0,0,0,0,2024-07-12 17:09:36.582461834,
U006723,paid_social,android,25-34,1,1,0,0,0,0,2024-07-04 14:53:44.942810402,
U006724,referral,android,35-44,1,1,0,0,0,0,2024-07-12 20:54:00.091130860,
U006725,organic_search,android,25-34,1,1,0,0,0,0,2024-07-11 21:42:25.119504579,
U006726,paid_social,ios,25-34,1,1,1,0,0,0,2024-07-01 23:13:55.767899467,
U006727,organic_search,ios,35-44,1,1,0,0,0,0,2024-07-08 16:53:16.323285480,
U006728,app_store,android,35-44,1,0,0,0,0,0,2024-07-22 01:16:53.353291533,
U006729,email,ios,45+,1,0,0,0,0,0,2024-07-17 04:22:45.926354164,
U006730,paid_social,android,25-34,1,0,0,0,0,0,2024-07-23 13:44:40.408152187,
U006731,organic_search,ios,25-34,1,1,1,0,0,0,2024-07-16 04:41:10.916965946,
U006732,app_store,ios,25-34,1,1,1,1,1,1,2024-07-24 21:56:39.445437768,2024-07-29 08:30:10.264599777
U006733,paid_social,android,35-44,1,1,1,1,1,1,2024-07-23 06:57:25.527356474,2024-07-31 06:25:18.117504717
U006734,organic_search,android,35-44,1,0,0,0,0,0,2024-07-03 18:02:50.032088124,
U006735,referral,android,35-44,1,1,1,0,0,0,2024-07-28 08:32:53.805504289,
U006736,app_store,ios,45+,1,1,1,0,0,0,2024-07-01 09:54:37.023543694,
U006737,organic_search,ios,35-44,1,1,1,0,0,0,2024-07-17 17:04:30.581359334,
U006738,organic_search,android,25-34,1,0,0,0,0,0,2024-07-23 04:34:03.843339110,
U006739,app_store,ios,35-44,1,0,0,0,0,0,2024-07-10 07:01:58.303127305,
U006740,organic_search,ios,35-44,1,1,1,1,1,0,2024-07-17 18:14:20.041525284,
U006741,organic_search,android,18-24,1,0,0,0,0,0,2024-07-11 03:20:46.826626146,
U006742,referral,android,25-34,1,1,1,1,1,1,2024-07-02 16:43:59.747538147,2024-07-03 01:26:33.614312067
U006743,email,android,35-44,1,1,1,0,0,0,2024-07-01 05:41:10.106980908,
U006744,paid_social,ios,25-34,1,0,0,0,0,0,2024-07-03 15:44:50.223244988,
U006745,app_store,ios,35-44,1,1,1,0,0,0,2024-07-03 18:07:52.490095215,
U006746,referral,android,25-34,1,1,0,0,0,0,2024-07-18 02:31:04.549470959,
U006747,organic_search,ios,45+,1,0,0,0,0,0,2024-07-15 17:22:53.166744512,
U006748,app_store,android,25-34,1,1,1,0,0,0,2024-07-13 18:04:16.815778863,
U006749,paid_social,ios,18-24,1,0,0,0,0,0,2024-07-20 08:58:16.433777370,
U006750,organic_search,android,25-34,1,1,0,0,0,0,2024-07-01 11:18:25.790660514,
U006751,referral,android,25-34,1,1,1,1,1,0,2024-07-08 14:06:03.238240935,
U006752,paid_social,ios,25-34,1,1,1,0,0,0,2024-07-22 18:24:28.495531029,
U006753,organic_search,ios,25-34,1,0,0,0,0,0,2024-07-26 11:30:16.616086214,
U006754,organic_search,android,35-44,1,1,0,0,0,0,2024-07-13 06:33:43.893617958,
U006755,paid_social,android,25-34,1,1,0,0,0,0,2024-07-03 06:45:26.044750976,
U006756,email,ios,35-44,1,1,0,0,0,0,2024-07-23 08:44:44.565941558,
U006757,referral,android,35-44,1,1,0,0,0,0,2024-07-25 18:50:04.312173397,
U006758,app_store,ios,35-44,1,1,1,0,0,0,2024-07-12 13:58:46.926862244,
U006759,organic_search,ios,25-34,1,1,1,0,0,0,2024-07-07 19:32:05.030283933,
U006760,organic_search,ios,25-34,1,1,0,0,0,0,2024-07-02 05:32:56.259764948,
U006761,organic_search,android,25-34,1,1,1,0,0,0,2024-07-17 13:12:27.562728034,
U006762,organic_search,ios,45+,1,1,1,0,0,0,2024-07-26 11:25:56.271568796,
U006763,organic_search,ios,45+,1,1,1,1,1,1,2024-07-19 23:32:26.711338772,2024-07-21 04:32:36.014462411
U006764,email,android,25-34,1,0,0,0,0,0,2024-07-09 21:11:27.808026939,
U006765,app_store,ios,18-24,1,1,1,1,1,1,2024-07-19 00:01:15.434122288,2024-07-23 21:39:43.865822778
U006766,app_store,ios,18-24,1,1,0,0,0,0,2024-07-24 07:08:59.891298262,
U006767,organic_search,ios,25-34,1,1,0,0,0,0,2024-07-14 07:45:28.079578209,
U006768,email,android,25-34,1,0,0,0,0,0,2024-07-23 22:52:15.547002772,
U006769,paid_social,android,35-44,1,1,0,0,0,0,2024-07-11 23:21:47.889791244,
U006770,organic_search,android,25-34,1,0,0,0,0,0,2024-07-10 18:11:44.937658888,
U006771,email,android,35-44,1,0,0,0,0,0,2024-07-17 07:46:06.083725396,
U006772,referral,android,45+,1,1,1,1,1,1,2024-07-14 00:16:09.381686487,2024-07-16 06:53:44.159926926
U006773,organic_search,android,35-44,1,1,1,1,1,0,2024-07-28 08:37:09.157979452,
U006774,paid_social,ios,18-24,1,0,0,0,0,0,2024-07-15 11:00:49.293399358,
U006775,organic_search,ios,25-34,1,1,1,0,0,0,2024-07-11 18:50:08.172353637,
U006776,referral,android,25-34,1,0,0,0,0,0,2024-07-12 01:23:43.227536553,
U006777,paid_social,android,45+,1,0,0,0,0,0,2024-07-16 08:12:56.328523250,
U006778,app_store,ios,25-34,1,1,0,0,0,0,2024-07-10 22:30:03.202349425,
U006779,organic_search,ios,25-34,1,1,0,0,0,0,2024-07-21 05:47:35.651473573,
U006780,paid_social,ios,25-34,1,1,1,0,0,0,2024-07-11 15:48:19.754695810,
U006781,paid_social,ios,25-34,1,1,0,0,0,0,2024-07-11 18:08:42.099881866,
U006782,paid_social,ios,35-44,1,1,1,0,0,0,2024-07-18 06:36:21.684892366,
U006783,paid_social,ios,18-24,1,1,0,0,0,0,2024-07-02 16:53:20.754426188,
U006784,referral,ios,25-34,1,1,1,1,1,0,2024-07-19 08:23:54.617904160,
U006785,email,android,18-24,1,1,1,1,1,1,2024-07-15 03:20:28.787750296,2024-07-18 08:00:10.199580958
U006786,app_store,ios,25-34,1,1,0,0,0,0,2024-07-13 16:26:00.775682242,
U006787,email,android,35-44,1,0,0,0,0,0,2024-07-21 03:20:16.835120674,
U006788,email,android,18-24,1,1,1,0,0,0,2024-07-22 05:32:52.387826161,
U006789,referral,android,25-34,1,1,1,0,0,0,2024-07-24 16:41:14.280767422,
U006790,email,android,35-44,1,1,1,0,0,0,2024-07-11 11:52:03.709881570,
U006791,paid_social,ios,35-44,1,1,0,0,0,0,2024-07-10 03:46:09.585099379,
U006792,paid_social,android,18-24,1,1,1,0,0,0,2024-07-21 00:02:16.411935541,
U006793,paid_social,android,25-34,1,1,0,0,0,0,2024-07-17 06:58:22.315232568,
U006794,paid_social,ios,18-24,1,1,0,0,0,0,2024-07-18 16:34:14.300934315,
U006795,organic_search,ios,25-34,1,0,0,0,0,0,2024-07-16 13:18:41.016870435,
U006796,app_store,ios,25-34,1,1,0,0,0,0,2024-07-22 15:14:58.961734764,
U006797,paid_social,ios,18-24,1,1,1,1,0,0,2024-07-06 07:42:26.917440217,
U006798,organic_search,ios,45+,1,1,1,1,1,1,2024-07-16 13:26:18.791527988,2024-07-17 18:08:00.078641044
U006799,paid_social,android,18-24,1,1,0,0,0,0,2024-07-05 10:14:39.847812428,
U006800,organic_search,ios,35-44,1,1,1,0,0,0,2024-07-12 09:40:23.891532769,
U006801,organic_search,android,35-44,1,1,1,0,0,0,2024-07-19 14:12:13.857608167,
U006802,organic_search,android,45+,1,1,0,0,0,0,2024-07-14 19:20:38.834833642,
U006803,paid_social,android,25-34,1,1,1,0,0,0,2024-07-11 15:05:07.845517341,
U006804,paid_social,android,45+,1,1,1,0,0,0,2024-07-25 18:41:59.427424633,
U006805,email,android,45+,1,1,1,1,1,1,2024-07-22 15:20:19.968512298,2024-07-27 06:30:19.632977298
U006806,referral,ios,18-24,1,1,1,0,0,0,2024-07-15 17:40:02.667072907,
U006807,paid_social,android,25-34,1,0,0,0,0,0,2024-07-27 14:26:08.594210140,
U006808,paid_social,android,18-24,1,0,0,0,0,0,2024-07-12 21:10:24.508201137,
U006809,paid_social,ios,35-44,1,1,1,1,0,0,2024-07-23 01:35:06.026421145,
U006810,email,android,25-34,1,1,1,1,0,0,2024-07-05 16:51:11.351327590,
U006811,organic_search,android,25-34,1,1,1,1,1,1,2024-07-09 00:03:09.160625955,2024-07-09 18:09:40.488171378
U006812,organic_search,android,35-44,1,0,0,0,0,0,2024-07-10 11:11:36.638363104,
U006813,email,ios,18-24,1,0,0,0,0,0,2024-07-03 23:06:41.564942784,
U006814,paid_social,android,35-44,1,1,1,1,0,0,2024-07-15 01:12:46.208632024,
U006815,organic_search,ios,18-24,1,1,1,0,0,0,2024-07-06 09:11:55.716478818,
U006816,organic_search,ios,35-44,1,1,1,1,1,1,2024-07-18 18:10:22.503756615,2024-07-19 09:18:08.886727543
U006817,app_store,ios,18-24,1,1,1,0,0,0,2024-07-06 07:44:31.436279044,
U006818,email,ios,25-34,1,1,1,0,0,0,2024-07-04 10:59:46.337755174,
U006819,referral,android,35-44,1,1,1,1,1,0,2024-07-28 03:13:34.611407317,
U006820,paid_social,ios,25-34,1,1,0,0,0,0,2024-07-19 10:20:14.947818226,
U006821,paid_social,ios,25-34,1,1,1,1,1,1,2024-07-27 05:17:42.052862774,2024-07-28 08:09:55.525567136
U006822,app_store,ios,45+,1,0,0,0,0,0,2024-07-14 17:12:16.546390027,
U006823,app_store,ios,18-24,1,1,1,0,0,0,2024-07-01 22:26:47.238642913,
U006824,organic_search,ios,35-44,1,1,0,0,0,0,2024-07-17 01:58:38.735507748,
U006825,email,ios,18-24,1,1,1,0,0,0,2024-07-16 15:11:49.243032945,
U006826,organic_search,android,18-24,1,0,0,0,0,0,2024-07-01 10:03:48.985881807,
U006827,organic_search,ios,18-24,1,1,0,0,0,0,2024-07-25 02:45:16.753816911,
U006828,referral,ios,45+,1,1,1,1,0,0,2024-07-18 08:37:13.070547253,
U006829,paid_social,ios,18-24,1,0,0,0,0,0,2024-07-21 20:25:56.876954772,
U006830,app_store,android,45+,1,1,1,0,0,0,2024-07-14 19:54:53.940016260,
U006831,organic_search,ios,45+,1,1,0,0,0,0,2024-07-18 07:33:59.177787670,
U006832,paid_social,android,25-34,1,1,0,0,0,0,2024-07-08 05:01:11.165698444,
U006833,app_store,android,35-44,1,0,0,0,0,0,2024-07-28 06:21:54.791785911,
U006834,app_store,android,35-44,1,0,0,0,0,0,2024-07-12 05:17:01.842259311,
U006835,organic_search,ios,25-34,1,1,1,1,0,0,2024-07-05 13:05:00.562339993,
U006836,paid_social,android,18-24,1,0,0,0,0,0,2024-07-02 13:34:30.580131900,
U006837,referral,android,25-34,1,1,1,1,1,0,2024-07-18 19:30:27.140520128,
U006838,organic_search,ios,35-44,1,0,0,0,0,0,2024-07-28 12:49:52.535966080,
U006839,app_store,android,35-44,1,0,0,0,0,0,2024-07-26 01:58:26.046770523,
U006840,app_store,android,25-34,1,0,0,0,0,0,2024-07-20 15:48:51.369663132,
U006841,organic_search,android,18-24,1,1,1,1,1,1,2024-07-28 17:40:54.509819527,2024-07-29 22:13:45.989413186
U006842,organic_search,android,45+,1,0,0,0,0,0,2024-07-21 05:44:26.131532265,
U006843,organic_search,android,18-24,1,1,0,0,0,0,2024-07-10 11:58:36.317732656,
U006844,app_store,android,35-44,1,1,1,1,1,0,2024-07-17 20:01:06.907499169,
U006845,organic_search,android,18-24,1,1,0,0,0,0,2024-07-03 05:36:11.461501069,
U006846,paid_social,android,35-44,1,1,0,0,0,0,2024-07-07 04:58:14.280346369,
U006847,paid_social,android,45+,1,1,0,0,0,0,2024-07-12 16:35:13.338758209,
U006848,referral,ios,25-34,1,0,0,0,0,0,2024-07-06 15:37:19.299627717,
U006849,organic_search,ios,18-24,1,1,1,0,0,0,2024-07-27 16:45:09.655072311,
U006850,organic_search,android,25-34,1,0,0,0,0,0,2024-07-28 21:02:29.536700654,
U006851,app_store,ios,25-34,1,0,0,0,0,0,2024-07-11 09:16:08.177958332,
U006852,app_store,android,25-34,1,1,1,0,0,0,2024-07-20 20:36:06.763117960,
U006853,email,android,35-44,1,1,1,0,0,0,2024-07-12 10:01:18.951620512,
U006854,organic_search,android,25-34,1,1,1,0,0,0,2024-07-04 21:45:00.667251111,
U006855,paid_social,android,25-34,1,1,1,0,0,0,2024-07-10 10:24:53.429960941,
U006856,referral,android,35-44,1,1,1,0,0,0,2024-07-07 12:49:32.813532933,
U006857,organic_search,ios,35-44,1,1,1,0,0,0,2024-07-10 04:28:06.830809629,
U006858,app_store,android,25-34,1,1,0,0,0,0,2024-07-07 00:29:40.468571757,
U006859,referral,ios,35-44,1,1,0,0,0,0,2024-07-04 03:29:45.312025711,
U006860,organic_search,ios,35-44,1,1,1,0,0,0,2024-07-07 02:06:42.856313547,
U006861,app_store,ios,25-34,1,1,1,0,0,0,2024-07-26 08:40:07.411402754,
U006862,app_store,ios,25-34,1,0,0,0,0,0,2024-07-03 09:16:08.278038577,
U006863,organic_search,ios,18-24,1,1,1,1,1,1,2024-07-10 02:14:11.272572664,2024-07-10 13:46:49.089733301
U006864,paid_social,ios,35-44,1,1,0,0,0,0,2024-07-15 19:07:05.984780775,
U006865,paid_social,android,35-44,1,1,1,0,0,0,2024-07-10 22:13:57.017826681,
U006866,paid_social,android,35-44,1,0,0,0,0,0,2024-07-15 11:49:55.084269691,
U006867,organic_search,ios,18-24,1,1,0,0,0,0,2024-07-02 05:10:41.809718949,
U006868,referral,ios,25-34,1,1,1,1,1,1,2024-07-19 03:50:19.657035103,2024-07-19 13:22:19.960844825
U006869,app_store,android,35-44,1,1,1,0,0,0,2024-07-16 18:39:27.916724419,
U006870,paid_social,android,25-34,1,0,0,0,0,0,2024-07-20 01:36:33.590355670,
U006871,organic_search,android,18-24,1,0,0,0,0,0,2024-07-16 21:11:50.108049250,
U006872,referral,ios,25-34,1,1,0,0,0,0,2024-07-13 06:16:16.346604165,
U006873,paid_social,android,35-44,1,0,0,0,0,0,2024-07-10 19:17:42.419117842,
U006874,email,ios,18-24,1,1,0,0,0,0,2024-07-07 08:09:52.011889380,
U006875,paid_social,android,25-34,1,1,0,0,0,0,2024-07-15 00:02:43.844690558,
U006876,organic_search,ios,35-44,1,1,1,1,0,0,2024-07-01 17:30:26.092791665,
U006877,organic_search,ios,35-44,1,1,1,1,1,0,2024-07-10 04:34:40.211337889,
U006878,email,ios,35-44,1,0,0,0,0,0,2024-07-19 23:31:48.652591310,
U006879,organic_search,ios,35-44,1,0,0,0,0,0,2024-07-04 01:03:28.262409238,
U006880,email,ios,18-24,1,1,0,0,0,0,2024-07-02 18:15:46.493419402,
U006881,organic_search,android,25-34,1,1,1,0,0,0,2024-07-19 06:15:50.481920869,
U006882,paid_social,android,35-44,1,1,1,0,0,0,2024-07-12 03:18:16.605387572,
U006883,paid_social,android,18-24,1,1,0,0,0,0,2024-07-23 10:49:35.128420262,
U006884,app_store,ios,35-44,1,0,0,0,0,0,2024-07-27 05:52:23.506567428,
U006885,app_store,ios,35-44,1,0,0,0,0,0,2024-07-27 19:07:52.265669851,
U006886,organic_search,android,25-34,1,1,0,0,0,0,2024-07-12 21:59:54.232140796,
U006887,paid_social,android,25-34,1,1,1,1,1,0,2024-07-08 09:37:40.420966159,
U006888,organic_search,ios,25-34,1,0,0,0,0,0,2024-07-18 00:59:18.356765802,
U006889,paid_social,ios,25-34,1,1,0,0,0,0,2024-07-18 14:08:44.326405590,
U006890,paid_social,android,25-34,1,0,0,0,0,0,2024-07-18 10:12:56.869354810,
U006891,app_store,ios,45+,1,1,1,1,1,0,2024-07-10 00:14:06.822308716,
U006892,app_store,ios,25-34,1,1,1,0,0,0,2024-07-02 18:50:28.200740740,
U006893,paid_social,android,35-44,1,1,1,0,0,0,2024-07-06 21:07:23.706086890,
U006894,paid_social,android,18-24,1,1,1,0,0,0,2024-07-05 07:46:11.480271387,
U006895,email,android,18-24,1,1,1,0,0,0,2024-07-04 11:15:39.716518982,
U006896,email,ios,18-24,1,1,0,0,0,0,2024-07-26 22:27:44.610336349,
U006897,organic_search,ios,35-44,1,0,0,0,0,0,2024-07-01 09:18:20.225140221,
U006898,paid_social,android,25-34,1,1,0,0,0,0,2024-07-17 20:26:54.242760508,
U006899,paid_social,android,25-34,1,1,1,0,0,0,2024-07-27 12:42:08.606654539,
U006900,organic_search,ios,35-44,1,0,0,0,0,0,2024-07-11 01:57:20.526033794,
U006901,organic_search,ios,18-24,1,0,0,0,0,0,2024-07-15 18:12:35.697326022,
U006902,organic_search,ios,25-34,1,1,0,0,0,0,2024-07-20 11:33:59.838679105,
U006903,referral,ios,25-34,1,0,0,0,0,0,2024-07-09 21:08:16.925317213,
U006904,organic_search,android,25-34,1,0,0,0,0,0,2024-07-14 08:58:55.688661375,
U006905,organic_search,android,25-34,1,1,1,0,0,0,2024-07-23 21:05:35.215524992,
U006906,organic_search,ios,25-34,1,1,1,0,0,0,2024-07-21 20:52:44.425446013,
U006907,email,ios,25-34,1,1,0,0,0,0,2024-07-23 15:16:40.816283480,
U006908,email,android,45+,1,1,0,0,0,0,2024-07-28 15:29:33.323848026,
U006909,paid_social,ios,45+,1,0,0,0,0,0,2024-07-11 08:51:36.227365603,
U006910,paid_social,android,35-44,1,1,1,1,0,0,2024-07-21 22:02:43.183294224,
U006911,app_store,android,45+,1,0,0,0,0,0,2024-07-17 21:04:16.424733118,
U006912,organic_search,android,25-34,1,1,0,0,0,0,2024-07-19 15:57:30.252861518,
U006913,organic_search,ios,35-44,1,1,1,1,1,0,2024-07-21 17:11:42.950571835,
U006914,organic_search,ios,25-34,1,1,0,0,0,0,2024-07-21 23:49:10.001956526,
U006915,organic_search,ios,35-44,1,1,0,0,0,0,2024-07-25 19:13:14.665174028,
U006916,paid_social,ios,25-34,1,1,1,1,1,1,2024-07-10 18:44:38.996731064,2024-07-16 11:18:26.927037658
U006917,app_store,ios,18-24,1,1,0,0,0,0,2024-07-19 07:08:22.096705934,
U006918,referral,android,35-44,1,1,1,0,0,0,2024-07-08 20:21:18.612119113,
U006919,paid_social,android,35-44,1,0,0,0,0,0,2024-07-17 15:33:00.611418985,
U006920,app_store,android,35-44,1,1,1,0,0,0,2024-07-22 00:47:22.899103929,
U006921,organic_search,ios,18-24,1,0,0,0,0,0,2024-07-23 03:33:09.827642239,
U006922,organic_search,android,25-34,1,1,1,1,0,0,2024-07-12 18:19:25.197631284,
U006923,referral,android,25-34,1,1,0,0,0,0,2024-07-15 05:51:35.963968730,
U006924,referral,ios,25-34,1,1,1,1,1,0,2024-07-10 08:20:49.559950881,
U006925,organic_search,android,18-24,1,1,1,1,1,1,2024-07-05 17:35:32.729548675,2024-07-06 04:56:19.907769202
U006926,paid_social,ios,25-34,1,0,0,0,0,0,2024-07-08 07:04:03.706641775,
U006927,referral,ios,18-24,1,1,0,0,0,0,2024-07-26 12:57:21.842253655,
U006928,referral,ios,25-34,1,1,1,1,0,0,2024-07-09 15:37:39.116996616,
U006929,referral,android,35-44,1,1,1,1,1,1,2024-07-28 07:02:17.779713540,2024-07-28 09:42:13.691097964
U006930,paid_social,android,45+,1,1,1,1,1,0,2024-07-07 18:16:23.783753053,
U006931,organic_search,ios,18-24,1,0,0,0,0,0,2024-07-21 05:54:13.574834143,
U006932,paid_social,ios,25-34,1,0,0,0,0,0,2024-07-17 01:39:46.847808986,
U006933,organic_search,ios,18-24,1,1,1,0,0,0,2024-07-20 12:17:48.023810394,
U006934,app_store,ios,18-24,1,0,0,0,0,0,2024-07-19 00:44:23.064436932,
U006935,paid_social,ios,35-44,1,1,0,0,0,0,2024-07-20 18:56:06.173439288,
U006936,paid_social,ios,35-44,1,1,1,0,0,0,2024-07-26 08:31:39.419575060,
U006937,email,ios,35-44,1,1,1,0,0,0,2024-07-16 18:39:05.404874353,
U006938,paid_social,android,25-34,1,1,1,1,1,0,2024-07-02 21:35:39.775601346,
U006939,paid_social,ios,45+,1,1,1,0,0,0,2024-07-08 13:59:40.891013941,
U006940,email,android,18-24,1,1,0,0,0,0,2024-07-20 19:55:23.357404880,
U006941,email,ios,25-34,1,0,0,0,0,0,2024-07-14 20:01:05.339998750,
U006942,referral,ios,18-24,1,1,1,0,0,0,2024-07-16 08:37:36.956353548,
U006943,organic_search,ios,35-44,1,1,1,1,1,1,2024-07-17 16:54:07.437656001,2024-07-18 08:56:51.986637847
U006944,referral,ios,25-34,1,1,1,1,1,1,2024-07-11 17:07:36.737204271,2024-07-12 18:40:04.847881147
U006945,email,ios,18-24,1,1,1,1,1,0,2024-07-22 16:03:28.054292540,
U006946,organic_search,android,35-44,1,1,0,0,0,0,2024-07-21 06:12:55.591122531,
U006947,organic_search,android,18-24,1,1,1,0,0,0,2024-07-21 00:00:33.137977582,
U006948,email,ios,18-24,1,1,1,1,1,1,2024-07-21 00:41:18.373025338,2024-07-24 16:56:59.395584965
U006949,organic_search,ios,18-24,1,1,1,0,0,0,2024-07-25 22:19:14.077601958,
U006950,email,android,18-24,1,1,1,1,1,0,2024-07-17 16:06:14.212029168,
U006951,paid_social,ios,35-44,1,0,0,0,0,0,2024-07-28 01:52:21.065023041,
U006952,paid_social,android,25-34,1,1,1,1,1,0,2024-07-04 08:05:50.942077832,
U006953,organic_search,android,25-34,1,1,0,0,0,0,2024-07-18 16:40:35.156175877,
U006954,email,android,25-34,1,1,1,0,0,0,2024-07-21 01:46:28.699927878,
U006955,paid_social,ios,35-44,1,0,0,0,0,0,2024-07-14 08:41:31.618180788,
U006956,paid_social,ios,25-34,1,1,0,0,0,0,2024-07-09 01:40:33.728516619,
U006957,referral,ios,35-44,1,1,1,0,0,0,2024-07-16 09:37:30.605598692,
U006958,referral,android,25-34,1,1,1,1,1,1,2024-07-11 05:06:37.588159267,2024-07-11 13:00:09.383534805
U006959,app_store,android,25-34,1,0,0,0,0,0,2024-07-26 10:55:52.952727262,
U006960,paid_social,android,45+,1,1,1,0,0,0,2024-07-10 23:45:52.204400449,
U006961,paid_social,android,25-34,1,1,0,0,0,0,2024-07-05 22:04:30.356744991,
U006962,app_store,android,18-24,1,1,1,0,0,0,2024-07-17 03:20:00.607888262,
U006963,referral,android,25-34,1,1,1,1,0,0,2024-07-12 02:06:25.277067388,
U006964,organic_search,android,25-34,1,0,0,0,0,0,2024-07-03 16:26:36.791902194,
U006965,organic_search,android,25-34,1,0,0,0,0,0,2024-07-16 19:34:26.615534138,
U006966,email,ios,45+,1,1,1,0,0,0,2024-07-16 01:25:58.037892063,
U006967,paid_social,ios,45+,1,1,1,0,0,0,2024-07-05 20:23:18.391983025,
U006968,referral,android,18-24,1,1,1,0,0,0,2024-07-17 17:36:46.258347650,
U006969,paid_social,ios,25-34,1,1,1,0,0,0,2024-07-16 21:15:54.829556038,
U006970,organic_search,ios,35-44,1,1,0,0,0,0,2024-07-22 15:52:03.657662216,
U006971,referral,android,25-34,1,0,0,0,0,0,2024-07-11 02:58:29.974275300,
U006972,organic_search,android,25-34,1,1,1,0,0,0,2024-07-07 23:09:59.039647077,
U006973,paid_social,android,35-44,1,1,1,1,0,0,2024-07-27 15:13:11.150559699,
U006974,paid_social,ios,35-44,1,0,0,0,0,0,2024-07-16 17:08:17.431116122,
U006975,paid_social,android,35-44,1,0,0,0,0,0,2024-07-01 18:14:16.988532608,
U006976,referral,ios,35-44,1,1,1,1,0,0,2024-07-23 23:31:05.706203127,
U006977,email,android,45+,1,1,1,1,1,1,2024-07-06 12:13:17.100975100,2024-07-08 15:01:10.206166583
U006978,email,ios,25-34,1,1,1,0,0,0,2024-07-23 00:12:59.059648825,
U006979,organic_search,android,45+,1,0,0,0,0,0,2024-07-20 17:52:08.943775708,
U006980,organic_search,android,18-24,1,1,0,0,0,0,2024-07-28 03:02:34.161737431,
U006981,paid_social,ios,25-34,1,0,0,0,0,0,2024-07-28 00:52:09.446417479,
U006982,app_store,android,18-24,1,1,1,1,0,0,2024-07-08 16:24:14.183167215,
U006983,email,android,35-44,1,1,0,0,0,0,2024-07-22 11:03:14.826895693,
U006984,email,ios,18-24,1,1,0,0,0,0,2024-07-09 20:55:35.823518792,
U006985,paid_social,ios,35-44,1,1,1,1,1,1,2024-07-18 14:49:15.653616553,2024-07-26 11:46:19.665675836
U006986,paid_social,ios,35-44,1,0,0,0,0,0,2024-07-17 17:41:07.328722153,
U006987,paid_social,ios,18-24,1,1,1,0,0,0,2024-07-02 12:39:11.672990722,
U006988,organic_search,android,35-44,1,1,1,0,0,0,2024-07-01 03:28:55.689201696,
U006989,organic_search,android,45+,1,1,1,0,0,0,2024-07-02 14:49:02.704107763,
U006990,app_store,ios,35-44,1,0,0,0,0,0,2024-07-04 13:58:37.401388788,
U006991,organic_search,ios,18-24,1,1,1,0,0,0,2024-07-08 05:08:32.907068534,
U006992,organic_search,ios,45+,1,0,0,0,0,0,2024-07-26 09:28:26.076068407,
U006993,organic_search,ios,35-44,1,1,1,0,0,0,2024-07-15 12:31:16.168198702,
U006994,app_store,ios,25-34,1,1,0,0,0,0,2024-07-23 07:30:40.494603636,
U006995,referral,ios,25-34,1,1,0,0,0,0,2024-07-24 11:20:43.790697758,
U006996,referral,ios,25-34,1,1,0,0,0,0,2024-07-21 13:52:54.344110238,
U006997,app_store,android,45+,1,1,1,1,0,0,2024-07-11 23:00:38.892998246,
U006998,paid_social,android,25-34,1,0,0,0,0,0,2024-07-25 04:30:48.645580104,
U006999,referral,ios,18-24,1,1,1,1,1,0,2024-07-21 18:39:26.763233972,
U007000,organic_search,android,45+,1,1,1,1,1,0,2024-07-21 19:23:51.971885502,
U007001,organic_search,android,18-24,1,1,1,1,0,0,2024-07-26 05:51:28.612278946,
U007002,email,android,45+,1,1,0,0,0,0,2024-07-17 18:18:06.672569626,
U007003,email,ios,25-34,1,1,1,1,1,0,2024-07-15 19:12:07.260964498,
U007004,paid_social,android,25-34,1,0,0,0,0,0,2024-07-25 22:11:21.259338846,
U007005,paid_social,android,18-24,1,1,0,0,0,0,2024-07-13 17:23:53.812774824,
U007006,paid_social,ios,45+,1,1,0,0,0,0,2024-07-23 17:22:31.827832975,
U007007,organic_search,ios,35-44,1,1,1,1,1,1,2024-07-02 12:11:05.115188079,2024-07-04 13:40:10.884437259
U007008,organic_search,android,45+,1,1,1,1,1,0,2024-07-01 00:52:00.633628732,
U007009,organic_search,android,35-44,1,1,1,0,0,0,2024-07-15 19:00:45.190850860,
U007010,organic_search,android,18-24,1,0,0,0,0,0,2024-07-03 01:28:01.893520588,
U007011,email,android,25-34,1,1,1,0,0,0,2024-07-28 08:14:12.858145652,
U007012,organic_search,android,25-34,1,1,1,1,1,1,2024-07-01 03:41:48.440237082,2024-07-03 01:18:34.682482818
U007013,organic_search,ios,35-44,1,1,0,0,0,0,2024-07-21 02:35:47.600617524,
U007014,paid_social,ios,45+,1,1,1,0,0,0,2024-07-07 19:33:16.256046024,
U007015,email,android,25-34,1,1,0,0,0,0,2024-07-28 02:11:41.811154159,
U007016,organic_search,ios,35-44,1,1,1,1,1,1,2024-07-11 16:23:45.561199005,2024-07-12 08:41:42.897535799
U007017,organic_search,ios,45+,1,0,0,0,0,0,2024-07-01 18:20:04.064817541,
U007018,paid_social,android,18-24,1,1,1,0,0,0,2024-07-01 18:06:03.003676927,
U007019,referral,android,45+,1,1,0,0,0,0,2024-07-16 11:52:00.860876367,
U007020,referral,ios,25-34,1,1,1,0,0,0,2024-07-28 15:04:13.619672475,
U007021,email,ios,35-44,1,1,1,0,0,0,2024-07-28 10:24:28.135982602,
U007022,app_store,ios,25-34,1,1,1,1,1,1,2024-07-10 10:38:50.774562193,2024-07-12 02:05:55.646151554
U007023,email,ios,25-34,1,1,1,0,0,0,2024-07-14 12:22:36.668117780,
U007024,referral,android,18-24,1,1,1,1,1,0,2024-07-03 19:30:22.685386075,
U007025,paid_social,ios,45+,1,1,0,0,0,0,2024-07-15 14:54:10.250015198,
U007026,organic_search,android,35-44,1,1,1,1,0,0,2024-07-17 18:59:58.108417584,
U007027,app_store,android,18-24,1,1,0,0,0,0,2024-07-08 00:42:48.381446908,
U007028,paid_social,android,45+,1,0,0,0,0,0,2024-07-18 03:20:27.243365989,
U007029,organic_search,ios,35-44,1,1,0,0,0,0,2024-07-26 04:35:36.704903578,
U007030,referral,ios,45+,1,1,1,1,1,1,2024-07-01 00:38:31.142618084,2024-07-01 21:00:09.498589754
U007031,organic_search,ios,18-24,1,1,1,1,1,1,2024-07-07 09:50:36.586805780,2024-07-10 17:50:09.535864811
U007032,referral,ios,25-34,1,0,0,0,0,0,2024-07-06 21:03:57.407593269,
U007033,referral,android,35-44,1,1,1,0,0,0,2024-07-04 11:15:05.502379435,
U007034,paid_social,ios,18-24,1,0,0,0,0,0,2024-07-05 15:37:12.053853595,
U007035,email,android,25-34,1,1,1,1,1,1,2024-07-18 12:36:47.629747944,2024-07-19 03:51:02.771073036
U007036,organic_search,ios,25-34,1,1,1,1,1,1,2024-07-03 21:00:38.268652435,2024-07-08 02:51:35.136556307
U007037,paid_social,ios,25-34,1,0,0,0,0,0,2024-07-21 16:17:35.668542930,
U007038,paid_social,android,25-34,1,1,1,1,1,1,2024-07-25 20:04:45.051078842,2024-07-28 07:01:43.251329060
U007039,referral,android,45+,1,0,0,0,0,0,2024-07-26 22:40:01.022332310,
U007040,email,ios,25-34,1,0,0,0,0,0,2024-07-19 11:38:17.330002220,
U007041,paid_social,ios,25-34,1,0,0,0,0,0,2024-07-06 12:39:01.396604844,
U007042,referral,ios,25-34,1,1,1,1,1,1,2024-07-03 09:19:09.475546144,2024-07-03 11:29:04.546248852
U007043,organic_search,android,35-44,1,0,0,0,0,0,2024-07-07 11:55:14.768249894,
U007044,app_store,ios,35-44,1,1,0,0,0,0,2024-07-27 22:26:06.823851176,
U007045,paid_social,android,35-44,1,1,0,0,0,0,2024-07-27 22:41:45.512075324,
U007046,referral,android,18-24,1,1,1,0,0,0,2024-07-11 16:38:58.163975253,
U007047,organic_search,android,25-34,1,1,1,1,1,0,2024-07-10 02:55:54.896223194,
U007048,organic_search,ios,35-44,1,1,0,0,0,0,2024-07-15 06:43:37.600601131,
U007049,paid_social,ios,45+,1,1,0,0,0,0,2024-07-09 04:00:51.830877934,
U007050,email,android,35-44,1,1,0,0,0,0,2024-07-28 10:19:59.403045140,
U007051,paid_social,ios,18-24,1,0,0,0,0,0,2024-07-07 04:39:38.786747457,
U007052,app_store,ios,25-34,1,0,0,0,0,0,2024-07-11 08:03:49.976736552,
U007053,paid_social,ios,18-24,1,0,0,0,0,0,2024-07-13 00:32:14.022493872,
U007054,paid_social,ios,35-44,1,0,0,0,0,0,2024-07-04 12:02:34.884637947,
U007055,organic_search,ios,18-24,1,1,1,0,0,0,2024-07-11 17:15:29.820922297,
U007056,email,ios,18-24,1,0,0,0,0,0,2024-07-24 23:43:22.958070693,
U007057,organic_search,android,25-34,1,1,1,1,1,1,2024-07-04 22:19:21.334724191,2024-07-06 07:36:25.144091582
U007058,email,android,25-34,1,0,0,0,0,0,2024-07-17 08:27:45.903438712,
U007059,app_store,ios,25-34,1,1,1,0,0,0,2024-07-12 09:15:36.564394791,
U007060,app_store,ios,25-34,1,0,0,0,0,0,2024-07-05 18:36:02.447823348,
U007061,paid_social,android,35-44,1,0,0,0,0,0,2024-07-01 08:17:23.649035517,
U007062,referral,android,25-34,1,1,1,1,1,0,2024-07-08 15:41:12.119802766,
U007063,email,ios,25-34,1,1,1,0,0,0,2024-07-02 17:32:56.621720605,
U007064,organic_search,android,25-34,1,0,0,0,0,0,2024-07-11 13:11:18.285761061,
U007065,referral,android,25-34,1,0,0,0,0,0,2024-07-23 16:27:39.682907856,
U007066,organic_search,ios,35-44,1,1,1,1,1,1,2024-07-21 03:37:42.583115121,2024-07-23 11:34:12.520759677
U007067,paid_social,android,25-34,1,1,1,1,0,0,2024-07-27 12:38:30.675348913,
U007068,organic_search,android,35-44,1,1,1,1,1,1,2024-07-12 22:57:15.697621836,2024-07-14 13:44:48.955271661
U007069,organic_search,android,25-34,1,1,1,1,1,1,2024-07-20 19:38:33.143473410,2024-07-29 02:59:24.391367415
U007070,paid_social,ios,35-44,1,1,1,1,0,0,2024-07-19 15:06:34.694109208,
U007071,paid_social,android,25-34,1,0,0,0,0,0,2024-07-07 01:51:18.416600460,
U007072,referral,android,25-34,1,1,1,1,0,0,2024-07-09 12:00:26.796658849,
U007073,organic_search,ios,35-44,1,1,1,1,1,1,2024-07-15 20:02:43.607195862,2024-07-16 13:16:31.498339764
U007074,paid_social,android,25-34,1,1,1,1,0,0,2024-07-23 07:21:13.386139128,
U007075,organic_search,ios,25-34,1,1,0,0,0,0,2024-07-13 22:20:17.367212727,
U007076,referral,ios,35-44,1,1,1,1,1,1,2024-07-07 09:02:32.324315834,2024-07-10 12:10:11.173888340
U007077,referral,ios,18-24,1,1,0,0,0,0,2024-07-28 19:36:32.197926268,
U007078,referral,android,25-34,1,1,0,0,0,0,2024-07-04 05:40:08.248330794,
U007079,referral,android,25-34,1,1,0,0,0,0,2024-07-27 18:21:26.445003019,
U007080,paid_social,ios,45+,1,1,0,0,0,0,2024-07-23 15:40:44.780971036,
U007081,email,android,45+,1,1,1,0,0,0,2024-07-24 11:44:11.201909553,
U007082,paid_social,ios,25-34,1,0,0,0,0,0,2024-07-23 06:11:04.617014956,
U007083,paid_social,android,25-34,1,0,0,0,0,0,2024-07-06 19:53:27.141204141,
U007084,referral,android,18-24,1,1,1,0,0,0,2024-07-18 17:05:43.287394570,
U007085,organic_search,android,25-34,1,1,1,1,1,1,2024-07-22 04:32:09.146281293,2024-07-24 10:07:33.024903415
U007086,referral,android,35-44,1,1,1,0,0,0,2024-07-21 21:06:03.068252316,
U007087,referral,ios,18-24,1,1,1,0,0,0,2024-07-08 14:29:30.944420232,
U007088,paid_social,ios,25-34,1,1,1,0,0,0,2024-07-06 01:42:44.022877898,
U007089,organic_search,android,45+,1,1,1,0,0,0,2024-07-10 04:29:55.122686077,
U007090,organic_search,ios,35-44,1,1,0,0,0,0,2024-07-14 10:27:19.766928985,
U007091,app_store,android,35-44,1,1,1,0,0,0,2024-07-17 01:34:50.383296447,
U007092,referral,android,45+,1,1,1,1,1,1,2024-07-24 10:25:50.316522513,2024-07-26 20:44:17.246799325
U007093,organic_search,ios,35-44,1,1,1,1,1,1,2024-07-22 12:47:27.603663007,2024-07-22 18:37:19.751216955
U007094,paid_social,android,18-24,1,1,1,1,1,0,2024-07-19 22:22:23.351692436,
U007095,referral,android,25-34,1,1,1,1,1,1,2024-07-08 09:03:53.297487126,2024-07-09 20:05:14.126420043
U007096,email,android,25-34,1,1,1,1,1,1,2024-07-14 09:48:27.703023415,2024-07-15 08:34:59.417982040
U007097,organic_search,ios,25-34,1,1,0,0,0,0,2024-07-10 09:24:46.466690364,
U007098,organic_search,ios,35-44,1,0,0,0,0,0,2024-07-07 13:52:18.251968652,
U007099,email,ios,25-34,1,0,0,0,0,0,2024-07-01 06:53:05.575839712,
U007100,organic_search,android,18-24,1,1,0,0,0,0,2024-07-10 12:07:06.399204614,
U007101,organic_search,android,25-34,1,1,1,1,1,1,2024-07-08 04:06:36.474855213,2024-07-08 17:39:37.275112428
U007102,app_store,android,25-34,1,0,0,0,0,0,2024-07-17 00:19:06.109398123,
U007103,referral,ios,45+,1,0,0,0,0,0,2024-07-02 17:52:00.442670358,
U007104,organic_search,ios,35-44,1,1,1,0,0,0,2024-07-08 13:47:21.008361318,
U007105,organic_search,android,25-34,1,1,0,0,0,0,2024-07-02 06:05:06.350179974,
U007106,organic_search,android,25-34,1,0,0,0,0,0,2024-07-18 23:01:58.194598904,
U007107,organic_search,android,35-44,1,1,1,1,0,0,2024-07-16 21:49:24.180089217,
U007108,email,android,35-44,1,0,0,0,0,0,2024-07-10 10:47:11.671821765,
U007109,paid_social,android,25-34,1,1,1,0,0,0,2024-07-05 03:00:31.865373666,
U007110,referral,android,45+,1,0,0,0,0,0,2024-07-27 19:43:19.659434124,
U007111,app_store,android,45+,1,1,1,0,0,0,2024-07-17 08:42:42.208722532,
U007112,paid_social,ios,45+,1,1,1,1,0,0,2024-07-20 00:21:51.056411148,
U007113,organic_search,android,35-44,1,0,0,0,0,0,2024-07-15 21:03:58.903909459,
U007114,paid_social,android,45+,1,1,0,0,0,0,2024-07-23 13:59:25.232705700,
U007115,app_store,ios,25-34,1,1,1,1,1,1,2024-07-26 02:22:02.615866816,2024-07-27 15:52:36.465269162
U007116,email,ios,45+,1,0,0,0,0,0,2024-07-11 17:10:53.347071385,
U007117,organic_search,ios,45+,1,1,1,0,0,0,2024-07-20 07:41:49.235348292,
U007118,referral,ios,45+,1,1,1,0,0,0,2024-07-07 10:29:03.802614644,
U007119,referral,ios,35-44,1,1,1,1,1,0,2024-07-19 06:02:47.730094404,
U007120,app_store,ios,25-34,1,1,1,1,1,0,2024-07-12 04:13:57.300039274,
U007121,organic_search,ios,18-24,1,1,0,0,0,0,2024-07-01 04:33:26.045271637,
U007122,paid_social,ios,25-34,1,0,0,0,0,0,2024-07-27 18:06:53.019288003,
U007123,email,android,35-44,1,1,1,1,1,1,2024-07-25 07:35:33.786967268,2024-07-26 02:22:23.160306626
U007124,paid_social,ios,25-34,1,1,1,1,0,0,2024-07-09 03:26:31.782597111,
U007125,paid_social,android,25-34,1,1,0,0,0,0,2024-07-28 22:29:34.494592135,
U007126,organic_search,ios,25-34,1,0,0,0,0,0,2024-07-09 21:06:35.270287167,
U007127,organic_search,ios,35-44,1,1,0,0,0,0,2024-07-13 20:20:35.855881792,
U007128,paid_social,ios,45+,1,0,0,0,0,0,2024-07-24 20:02:45.836121148,
U007129,app_store,android,35-44,1,0,0,0,0,0,2024-07-09 12:41:19.493132794,
U007130,organic_search,android,35-44,1,1,1,0,0,0,2024-07-13 14:45:47.055990240,
U007131,paid_social,ios,25-34,1,1,0,0,0,0,2024-07-19 15:16:28.474704580,
U007132,referral,android,35-44,1,1,0,0,0,0,2024-07-04 15:40:27.108505459,
U007133,organic_search,ios,25-34,1,1,1,1,0,0,2024-07-12 19:49:10.011939002,
U007134,paid_social,android,25-34,1,1,1,1,1,1,2024-07-09 15:55:24.520465246,2024-07-12 04:12:29.675738119
U007135,referral,android,45+,1,0,0,0,0,0,2024-07-19 22:47:32.400748168,
U007136,email,android,35-44,1,1,1,1,1,0,2024-07-04 19:22:17.148434052,
U007137,referral,android,35-44,1,1,0,0,0,0,2024-07-07 12:23:43.994240988,
U007138,referral,android,25-34,1,1,1,1,0,0,2024-07-20 22:02:41.312118004,
U007139,organic_search,android,25-34,1,0,0,0,0,0,2024-07-05 08:58:57.995236578,
U007140,app_store,android,25-34,1,1,1,0,0,0,2024-07-12 19:35:48.999210741,
U007141,organic_search,android,18-24,1,1,0,0,0,0,2024-07-20 23:03:21.042886464,
U007142,email,android,25-34,1,1,1,1,0,0,2024-07-22 10:23:41.115613070,
U007143,organic_search,android,25-34,1,0,0,0,0,0,2024-07-03 15:45:36.547442499,
U007144,app_store,android,25-34,1,1,1,1,1,1,2024-07-24 20:32:27.778307600,2024-07-26 02:54:30.090403976
U007145,referral,android,35-44,1,0,0,0,0,0,2024-07-21 06:30:33.790893613,
U007146,email,android,45+,1,1,1,1,0,0,2024-07-10 12:00:21.468966865,
U007147,organic_search,ios,35-44,1,0,0,0,0,0,2024-07-22 09:16:31.860357315,
U007148,paid_social,ios,45+,1,0,0,0,0,0,2024-07-21 09:25:00.615032122,
U007149,referral,ios,25-34,1,1,1,0,0,0,2024-07-17 19:47:56.055169086,
U007150,email,ios,35-44,1,1,0,0,0,0,2024-07-16 15:17:57.654703417,
U007151,organic_search,ios,18-24,1,1,0,0,0,0,2024-07-21 13:43:14.680345875,
U007152,app_store,android,18-24,1,0,0,0,0,0,2024-07-28 23:30:09.554205834,
U007153,email,android,25-34,1,1,1,0,0,0,2024-07-17 04:47:13.601544990,
U007154,organic_search,android,25-34,1,1,0,0,0,0,2024-07-23 15:27:30.275367231,
U007155,email,ios,35-44,1,1,1,0,0,0,2024-07-21 20:09:06.976929859,
U007156,paid_social,android,25-34,1,0,0,0,0,0,2024-07-24 23:06:11.686200231,
U007157,paid_social,android,45+,1,1,1,0,0,0,2024-07-27 17:26:26.544660507,
U007158,paid_social,android,45+,1,1,1,1,0,0,2024-07-06 09:45:06.895489204,
U007159,referral,ios,18-24,1,1,1,1,1,0,2024-07-05 15:11:19.952367064,
U007160,referral,ios,25-34,1,1,0,0,0,0,2024-07-17 10:01:42.343301326,
U007161,paid_social,android,35-44,1,1,0,0,0,0,2024-07-13 13:55:34.616135031,
U007162,referral,android,25-34,1,0,0,0,0,0,2024-07-16 23:31:32.338710055,
U007163,referral,android,25-34,1,1,0,0,0,0,2024-07-23 08:17:04.983267343,
U007164,referral,android,35-44,1,1,1,1,1,1,2024-07-27 02:06:43.670135138,2024-07-28 02:14:00.299739267
U007165,organic_search,android,45+,1,1,0,0,0,0,2024-07-12 16:30:12.364320351,
U007166,email,android,35-44,1,0,0,0,0,0,2024-07-21 02:27:02.656099137,
U007167,paid_social,android,25-34,1,1,0,0,0,0,2024-07-06 12:14:56.595225937,
U007168,organic_search,android,25-34,1,0,0,0,0,0,2024-07-15 23:13:08.075878464,
U007169,organic_search,ios,25-34,1,1,1,0,0,0,2024-07-01 14:39:10.118406632,
U007170,paid_social,ios,25-34,1,1,0,0,0,0,2024-07-15 02:31:13.372008387,
U007171,email,ios,25-34,1,1,1,1,1,1,2024-07-16 06:27:57.961916409,2024-07-18 08:40:07.405130009
U007172,paid_social,ios,25-34,1,1,1,1,0,0,2024-07-21 14:13:09.356314940,
U007173,referral,ios,45+,1,1,0,0,0,0,2024-07-19 04:27:13.604468752,
U007174,organic_search,ios,35-44,1,0,0,0,0,0,2024-07-11 00:50:33.379632596,
U007175,paid_social,android,35-44,1,1,1,1,1,0,2024-07-01 03:51:04.195005184,
U007176,app_store,ios,45+,1,1,1,1,1,0,2024-07-04 05:36:23.425468639,
U007177,email,ios,25-34,1,1,1,0,0,0,2024-07-28 05:53:48.332989420,
U007178,organic_search,android,18-24,1,0,0,0,0,0,2024-07-26 19:48:28.376596386,
U007179,paid_social,android,35-44,1,1,0,0,0,0,2024-07-10 02:27:45.380125908,
U007180,organic_search,android,45+,1,1,0,0,0,0,2024-07-08 05:56:57.032263870,
U007181,paid_social,android,25-34,1,1,0,0,0,0,2024-07-13 05:16:18.297694938,
U007182,email,ios,18-24,1,0,0,0,0,0,2024-07-20 07:38:22.919637526,
U007183,email,ios,35-44,1,1,1,0,0,0,2024-07-10 23:47:17.505694168,
U007184,organic_search,ios,18-24,1,1,1,0,0,0,2024-07-02 21:13:17.276431213,
U007185,app_store,ios,25-34,1,1,0,0,0,0,2024-07-12 06:40:41.887641482,
U007186,referral,ios,25-34,1,1,1,1,1,1,2024-07-08 07:06:56.895449479,2024-07-08 15:11:04.698125681
U007187,paid_social,android,45+,1,1,0,0,0,0,2024-07-10 02:21:10.683122162,
U007188,paid_social,ios,25-34,1,1,0,0,0,0,2024-07-05 13:30:26.169008648,
U007189,referral,ios,45+,1,1,1,0,0,0,2024-07-19 10:44:25.896002910,
U007190,referral,ios,25-34,1,1,1,1,1,1,2024-07-15 17:53:45.553706847,2024-07-19 17:18:41.686347027
U007191,paid_social,android,25-34,1,1,1,1,0,0,2024-07-08 14:01:12.053360920,
U007192,paid_social,ios,45+,1,1,0,0,0,0,2024-07-16 12:11:44.114776058,
U007193,organic_search,ios,25-34,1,1,0,0,0,0,2024-07-14 19:05:58.823866982,
U007194,email,ios,25-34,1,1,1,1,1,1,2024-07-23 06:53:42.373004535,2024-07-24 09:47:48.880177554
U007195,paid_social,ios,25-34,1,1,0,0,0,0,2024-07-27 18:25:17.144387817,
U007196,organic_search,ios,35-44,1,1,1,1,1,0,2024-07-04 15:48:38.095321165,
U007197,email,ios,18-24,1,0,0,0,0,0,2024-07-25 17:59:23.488174194,
U007198,app_store,ios,25-34,1,1,1,0,0,0,2024-07-20 17:37:24.753098834,
U007199,app_store,android,35-44,1,1,1,1,1,0,2024-07-20 09:23:45.536784691,
U007200,paid_social,android,25-34,1,1,1,1,1,1,2024-07-11 11:31:48.730367067,2024-07-12 07:47:58.985698987
U007201,organic_search,android,18-24,1,1,1,0,0,0,2024-07-10 15:06:22.706468737,
U007202,paid_social,ios,35-44,1,0,0,0,0,0,2024-07-01 03:47:23.041682631,
U007203,organic_search,ios,25-34,1,1,0,0,0,0,2024-07-28 12:02:30.032722575,
U007204,app_store,ios,18-24,1,1,1,0,0,0,2024-07-17 23:34:18.909676880,
U007205,organic_search,ios,35-44,1,0,0,0,0,0,2024-07-12 06:21:53.406996760,
U007206,organic_search,ios,45+,1,1,1,0,0,0,2024-07-16 05:24:45.533921558,
U007207,paid_social,ios,18-24,1,0,0,0,0,0,2024-07-02 03:14:03.000885676,
U007208,paid_social,android,25-34,1,0,0,0,0,0,2024-07-05 20:41:36.391041603,
U007209,email,android,35-44,1,1,0,0,0,0,2024-07-18 10:53:52.330471465,
U007210,paid_social,android,18-24,1,0,0,0,0,0,2024-07-15 09:35:01.976450614,
U007211,organic_search,ios,18-24,1,0,0,0,0,0,2024-07-23 00:54:51.411626528,
U007212,organic_search,android,25-34,1,1,1,0,0,0,2024-07-19 10:40:30.316725357,
U007213,paid_social,ios,35-44,1,0,0,0,0,0,2024-07-17 20:09:53.187329332,
U007214,organic_search,android,18-24,1,1,1,0,0,0,2024-07-23 19:51:30.791855415,
U007215,referral,ios,35-44,1,1,1,1,1,1,2024-07-02 21:52:22.104951157,2024-07-03 06:46:06.255339941
U007216,referral,ios,35-44,1,1,1,1,1,1,2024-07-20 08:16:33.337926566,2024-07-21 05:56:04.295167047
U007217,referral,android,25-34,1,1,0,0,0,0,2024-07-21 00:52:37.053588784,
U007218,app_store,android,25-34,1,1,1,1,1,1,2024-07-08 16:54:35.659385881,2024-07-15 06:59:28.484324397
U007219,app_store,ios,45+,1,1,1,1,1,1,2024-07-06 11:28:35.600590304,2024-07-06 18:17:15.453085376
U007220,app_store,ios,25-34,1,1,1,0,0,0,2024-07-06 23:42:31.908623151,
U007221,organic_search,ios,25-34,1,1,0,0,0,0,2024-07-06 13:09:02.376814680,
U007222,organic_search,android,35-44,1,1,1,1,1,1,2024-07-15 15:58:53.876233977,2024-07-20 14:19:38.499880216
U007223,paid_social,android,18-24,1,0,0,0,0,0,2024-07-04 19:08:27.172456213,
U007224,email,android,18-24,1,1,1,1,0,0,2024-07-19 11:02:24.355945690,
U007225,app_store,ios,18-24,1,0,0,0,0,0,2024-07-03 22:36:45.324048862,
U007226,email,android,25-34,1,1,1,1,0,0,2024-07-01 18:04:11.417838571,
U007227,organic_search,android,18-24,1,0,0,0,0,0,2024-07-09 22:33:46.954525050,
U007228,app_store,ios,35-44,1,1,0,0,0,0,2024-07-06 08:55:47.043654974,
U007229,paid_social,ios,45+,1,0,0,0,0,0,2024-07-28 16:22:51.244448070,
U007230,organic_search,android,18-24,1,1,1,1,1,0,2024-07-09 11:36:48.650453172,
U007231,paid_social,android,25-34,1,1,1,1,1,1,2024-07-07 05:13:37.436912922,2024-07-11 19:10:27.519731270
U007232,organic_search,android,18-24,1,1,1,1,1,1,2024-07-06 12:13:45.557009299,2024-07-09 10:19:05.944937930
U007233,paid_social,android,18-24,1,0,0,0,0,0,2024-07-11 11:13:44.947300605,
U007234,paid_social,android,25-34,1,0,0,0,0,0,2024-07-17 23:07:49.647586151,
U007235,paid_social,android,25-34,1,1,1,1,1,1,2024-07-22 21:28:02.009391967,2024-07-25 09:32:18.842147015
U007236,referral,ios,45+,1,1,0,0,0,0,2024-07-11 04:59:42.858540031,
U007237,email,ios,25-34,1,1,1,1,1,0,2024-07-18 12:39:08.994919514,
U007238,referral,android,25-34,1,0,0,0,0,0,2024-07-14 11:56:39.305917492,
U007239,paid_social,android,25-34,1,1,0,0,0,0,2024-07-24 16:50:41.541656222,
U007240,email,ios,18-24,1,0,0,0,0,0,2024-07-16 22:23:45.867301684,
U007241,app_store,ios,45+,1,1,1,1,0,0,2024-07-09 02:48:25.932609918,
U007242,organic_search,ios,18-24,1,0,0,0,0,0,2024-07-20 16:48:38.292565636,
U007243,paid_social,ios,45+,1,0,0,0,0,0,2024-07-23 23:05:00.009425230,
U007244,organic_search,ios,18-24,1,1,1,1,1,1,2024-07-14 00:46:34.036843386,2024-07-17 01:02:25.674115254
U007245,organic_search,android,35-44,1,1,0,0,0,0,2024-07-28 15:23:47.560304104,
U007246,referral,ios,45+,1,1,0,0,0,0,2024-07-25 14:45:11.170139626,
U007247,email,android,18-24,1,1,0,0,0,0,2024-07-06 12:21:12.736854756,
U007248,organic_search,android,25-34,1,0,0,0,0,0,2024-07-23 00:41:59.805920371,
U007249,email,android,35-44,1,0,0,0,0,0,2024-07-17 19:50:21.250330954,
U007250,email,ios,18-24,1,1,0,0,0,0,2024-07-15 23:23:35.491656714,
U007251,app_store,android,35-44,1,0,0,0,0,0,2024-07-15 09:22:00.228653292,
U007252,organic_search,ios,18-24,1,1,1,1,1,1,2024-07-24 21:29:32.236619251,2024-08-02 09:29:15.996799525
U007253,app_store,ios,25-34,1,0,0,0,0,0,2024-07-18 02:30:23.450915221,
U007254,paid_social,android,18-24,1,0,0,0,0,0,2024-07-16 01:20:18.319041992,
U007255,referral,android,45+,1,0,0,0,0,0,2024-07-02 08:50:01.886429072,
U007256,organic_search,ios,18-24,1,1,1,1,1,1,2024-07-13 13:15:34.302519903,2024-07-14 07:28:38.912288883
U007257,organic_search,android,18-24,1,1,0,0,0,0,2024-07-26 10:12:14.146900491,
U007258,referral,android,25-34,1,1,1,1,1,1,2024-07-20 22:17:13.495630502,2024-07-22 06:07:15.779124033
U007259,paid_social,android,25-34,1,1,1,1,1,0,2024-07-02 10:14:27.863713446,
U007260,organic_search,android,25-34,1,1,0,0,0,0,2024-07-25 18:02:34.128979800,
U007261,organic_search,ios,18-24,1,0,0,0,0,0,2024-07-24 03:31:13.341955368,
U007262,referral,android,35-44,1,1,0,0,0,0,2024-07-16 07:22:18.444629002,
U007263,organic_search,ios,35-44,1,1,0,0,0,0,2024-07-01 15:03:23.301368974,
U007264,email,android,25-34,1,1,1,1,1,1,2024-07-16 17:57:09.731947370,2024-07-17 16:47:22.164636800
U007265,organic_search,ios,18-24,1,1,1,0,0,0,2024-07-02 12:41:01.829582008,
U007266,organic_search,ios,25-34,1,1,1,1,0,0,2024-07-09 23:17:40.779154993,
U007267,paid_social,android,35-44,1,1,1,0,0,0,2024-07-18 14:37:38.150049507,
U007268,paid_social,ios,25-34,1,1,0,0,0,0,2024-07-26 13:28:39.332527755,
U007269,paid_social,ios,18-24,1,1,1,0,0,0,2024-07-11 00:26:19.205658132,
U007270,paid_social,ios,25-34,1,1,0,0,0,0,2024-07-25 01:56:09.535551651,
U007271,app_store,android,35-44,1,1,0,0,0,0,2024-07-26 17:08:18.956360929,
U007272,referral,ios,45+,1,0,0,0,0,0,2024-07-01 14:08:29.355602334,
U007273,organic_search,ios,18-24,1,0,0,0,0,0,2024-07-07 16:53:43.825090923,
U007274,paid_social,ios,25-34,1,1,0,0,0,0,2024-07-20 21:01:38.874291164,
U007275,email,ios,18-24,1,1,0,0,0,0,2024-07-22 04:35:54.689818045,
U007276,paid_social,ios,25-34,1,0,0,0,0,0,2024-07-11 23:42:14.844045096,
U007277,organic_search,android,25-34,1,1,0,0,0,0,2024-07-19 09:20:20.759220092,
U007278,email,ios,45+,1,1,1,1,0,0,2024-07-18 03:22:14.127122236,
U007279,referral,ios,18-24,1,1,0,0,0,0,2024-07-21 17:07:43.587105283,
U007280,referral,ios,35-44,1,1,1,1,1,1,2024-07-21 02:56:18.468400999,2024-07-22 08:00:56.166813838
U007281,organic_search,ios,25-34,1,0,0,0,0,0,2024-07-03 09:42:18.634498282,
U007282,organic_search,ios,35-44,1,1,1,0,0,0,2024-07-05 10:20:38.837730195,
U007283,referral,android,25-34,1,1,1,1,0,0,2024-07-04 17:11:33.514649736,
U007284,organic_search,ios,18-24,1,1,1,1,1,1,2024-07-27 02:37:35.784963746,2024-08-10 09:23:38.745553325
U007285,paid_social,ios,45+,1,0,0,0,0,0,2024-07-26 13:54:02.374895552,
U007286,paid_social,android,18-24,1,0,0,0,0,0,2024-07-23 07:51:39.762608990,
U007287,organic_search,ios,25-34,1,1,1,1,1,0,2024-07-04 06:26:05.541987282,
U007288,app_store,android,45+,1,0,0,0,0,0,2024-07-17 01:54:37.540029463,
U007289,email,ios,18-24,1,1,0,0,0,0,2024-07-06 05:49:08.330636568,
U007290,referral,ios,25-34,1,1,1,1,1,1,2024-07-11 07:33:14.421742254,2024-07-17 16:56:53.129756115
U007291,organic_search,android,35-44,1,1,0,0,0,0,2024-07-08 11:29:07.216441231,
U007292,organic_search,ios,45+,1,1,1,0,0,0,2024-07-24 05:02:29.830414477,
U007293,paid_social,android,35-44,1,1,1,1,1,0,2024-07-05 01:04:16.825717027,
U007294,organic_search,android,25-34,1,0,0,0,0,0,2024-07-19 02:13:56.644701495,
U007295,app_store,android,35-44,1,1,0,0,0,0,2024-07-28 13:10:37.970607302,
U007296,organic_search,android,35-44,1,1,0,0,0,0,2024-07-20 05:42:02.447807191,
U007297,paid_social,android,35-44,1,1,0,0,0,0,2024-07-03 05:14:41.656605637,
U007298,paid_social,android,45+,1,0,0,0,0,0,2024-07-26 10:04:29.515147741,
U007299,referral,android,18-24,1,1,0,0,0,0,2024-07-19 00:08:58.356266672,
U007300,organic_search,ios,18-24,1,1,0,0,0,0,2024-07-13 18:38:27.521860909,
U007301,paid_social,ios,35-44,1,1,1,1,1,0,2024-07-19 11:18:48.044086675,
U007302,organic_search,ios,45+,1,1,1,1,1,0,2024-07-25 14:43:04.044279403,
U007303,email,ios,25-34,1,1,0,0,0,0,2024-07-14 08:37:46.189772572,
U007304,organic_search,android,45+,1,1,1,0,0,0,2024-07-15 21:02:52.931219344,
U007305,app_store,ios,45+,1,1,1,1,0,0,2024-07-13 16:02:40.748188074,
U007306,email,ios,45+,1,1,0,0,0,0,2024-07-03 00:46:53.178562210,
U007307,organic_search,android,45+,1,1,1,0,0,0,2024-07-23 00:54:40.051062666,
U007308,email,ios,45+,1,1,0,0,0,0,2024-07-04 12:56:55.290218337,
U007309,organic_search,ios,35-44,1,1,1,1,1,1,2024-07-12 01:09:03.768889478,2024-07-15 19:20:11.613155945
U007310,app_store,android,35-44,1,0,0,0,0,0,2024-07-11 19:56:41.828094218,
U007311,paid_social,android,18-24,1,1,1,0,0,0,2024-07-08 20:11:14.684216236,
U007312,paid_social,android,18-24,1,1,0,0,0,0,2024-07-12 06:29:05.238963776,
U007313,paid_social,ios,18-24,1,0,0,0,0,0,2024-07-18 07:18:07.639837171,
U007314,organic_search,ios,18-24,1,1,1,0,0,0,2024-07-09 17:15:08.185692895,
U007315,app_store,android,18-24,1,1,1,1,1,0,2024-07-05 19:55:40.879679671,
U007316,organic_search,ios,45+,1,1,1,1,1,0,2024-07-25 08:12:53.881419178,
U007317,referral,android,35-44,1,1,0,0,0,0,2024-07-28 04:23:58.346534382,
U007318,paid_social,android,25-34,1,1,0,0,0,0,2024-07-13 20:10:05.986721593,
U007319,app_store,ios,35-44,1,0,0,0,0,0,2024-07-10 03:45:26.088104023,
U007320,organic_search,ios,25-34,1,1,1,1,1,1,2024-07-02 07:54:28.642561092,2024-07-03 02:01:51.276059443
U007321,paid_social,ios,18-24,1,0,0,0,0,0,2024-07-02 00:45:51.247043841,
U007322,paid_social,android,45+,1,1,1,1,1,0,2024-07-12 00:01:00.123865356,
U007323,referral,ios,25-34,1,0,0,0,0,0,2024-07-27 01:07:21.490673696,
U007324,organic_search,ios,35-44,1,1,0,0,0,0,2024-07-21 11:02:10.108197063,
U007325,organic_search,android,25-34,1,0,0,0,0,0,2024-07-10 18:42:32.578132179,
U007326,organic_search,ios,25-34,1,1,0,0,0,0,2024-07-28 02:31:37.911800441,
U007327,referral,ios,35-44,1,1,0,0,0,0,2024-07-13 00:07:31.119556263,
U007328,organic_search,android,18-24,1,1,1,1,1,0,2024-07-08 18:00:17.006223463,
U007329,referral,ios,45+,1,1,1,1,1,0,2024-07-12 22:30:33.769637164,
U007330,organic_search,android,18-24,1,1,0,0,0,0,2024-07-06 22:09:25.374719289,
U007331,email,android,25-34,1,1,0,0,0,0,2024-07-25 19:08:57.312869766,
U007332,app_store,ios,45+,1,0,0,0,0,0,2024-07-11 02:42:30.472562476,
U007333,paid_social,android,45+,1,1,0,0,0,0,2024-07-19 10:09:18.518904662,
U007334,paid_social,ios,25-34,1,1,1,0,0,0,2024-07-11 21:26:22.983402674,
U007335,organic_search,android,18-24,1,1,1,1,0,0,2024-07-26 05:57:48.646338418,
U007336,organic_search,ios,35-44,1,1,0,0,0,0,2024-07-18 23:40:47.514550450,
U007337,organic_search,ios,18-24,1,1,0,0,0,0,2024-07-14 16:06:18.972968518,
U007338,referral,ios,25-34,1,1,1,1,1,0,2024-07-04 16:48:00.271043492,
U007339,paid_social,ios,35-44,1,1,1,0,0,0,2024-07-26 06:05:16.790772051,
U007340,app_store,android,25-34,1,1,0,0,0,0,2024-07-16 07:27:39.367723068,
U007341,paid_social,android,18-24,1,0,0,0,0,0,2024-07-08 23:33:20.152188262,
U007342,referral,android,25-34,1,1,1,0,0,0,2024-07-25 13:58:00.736682970,
U007343,paid_social,ios,45+,1,1,1,0,0,0,2024-07-02 12:35:02.281952551,
U007344,paid_social,ios,35-44,1,0,0,0,0,0,2024-07-09 19:03:34.878403699,
U007345,organic_search,android,35-44,1,1,0,0,0,0,2024-07-16 00:44:55.268188234,
U007346,paid_social,ios,25-34,1,0,0,0,0,0,2024-07-10 12:21:18.841755934,
U007347,paid_social,android,18-24,1,0,0,0,0,0,2024-07-14 08:21:55.510612531,
U007348,referral,android,25-34,1,0,0,0,0,0,2024-07-08 09:37:13.877639115,
U007349,app_store,ios,25-34,1,1,0,0,0,0,2024-07-04 15:24:57.013584865,
U007350,paid_social,android,25-34,1,1,1,0,0,0,2024-07-02 00:45:57.532141886,
U007351,organic_search,android,25-34,1,1,1,1,1,1,2024-07-05 09:56:18.569835452,2024-07-06 07:09:46.737796632
U007352,paid_social,android,35-44,1,0,0,0,0,0,2024-07-27 16:22:48.206728826,
U007353,paid_social,ios,35-44,1,0,0,0,0,0,2024-07-17 02:40:15.260168236,
U007354,organic_search,ios,18-24,1,0,0,0,0,0,2024-07-14 16:34:52.335072418,
U007355,email,ios,35-44,1,1,1,0,0,0,2024-07-11 18:15:56.232048369,
U007356,app_store,ios,35-44,1,1,0,0,0,0,2024-07-20 20:03:30.017163006,
U007357,app_store,ios,18-24,1,1,0,0,0,0,2024-07-04 22:55:34.924112022,
U007358,organic_search,android,18-24,1,1,0,0,0,0,2024-07-08 17:33:33.375825324,
U007359,email,android,35-44,1,0,0,0,0,0,2024-07-19 08:45:58.407890551,
U007360,referral,android,25-34,1,1,0,0,0,0,2024-07-14 09:55:52.510804582,
U007361,paid_social,ios,18-24,1,1,1,1,1,0,2024-07-22 13:30:07.870249828,
U007362,paid_social,android,18-24,1,0,0,0,0,0,2024-07-26 02:51:28.134499935,
U007363,email,ios,18-24,1,1,1,1,1,0,2024-07-24 01:18:22.973043891,
U007364,paid_social,android,45+,1,0,0,0,0,0,2024-07-06 03:47:15.302339563,
U007365,paid_social,android,35-44,1,1,1,0,0,0,2024-07-03 13:28:04.793786868,
U007366,paid_social,android,25-34,1,0,0,0,0,0,2024-07-05 17:51:50.700838582,
U007367,referral,android,45+,1,1,0,0,0,0,2024-07-22 22:31:57.449119278,
U007368,organic_search,android,35-44,1,1,1,1,1,1,2024-07-26 14:05:40.171700763,2024-08-01 08:28:18.669323589
U007369,app_store,ios,35-44,1,1,1,1,1,1,2024-07-26 21:54:05.900749171,2024-08-04 15:39:46.112793220
U007370,referral,ios,25-34,1,0,0,0,0,0,2024-07-09 08:24:03.637644980,
U007371,referral,ios,25-34,1,1,1,1,1,1,2024-07-24 12:42:33.861690399,2024-07-25 21:28:19.976131141
U007372,organic_search,ios,18-24,1,1,1,1,1,0,2024-07-16 00:21:01.006325456,
U007373,referral,android,25-34,1,0,0,0,0,0,2024-07-24 00:54:58.039523982,
U007374,organic_search,ios,18-24,1,1,1,0,0,0,2024-07-16 08:30:04.226685699,
U007375,organic_search,android,25-34,1,0,0,0,0,0,2024-07-05 02:02:24.877289641,
U007376,paid_social,ios,18-24,1,1,0,0,0,0,2024-07-03 05:14:07.937956035,
U007377,paid_social,ios,25-34,1,1,1,0,0,0,2024-07-27 19:15:04.565767233,
U007378,referral,android,35-44,1,1,1,0,0,0,2024-07-12 22:08:21.544519275,
U007379,organic_search,ios,25-34,1,1,0,0,0,0,2024-07-10 19:32:59.544135592,
U007380,paid_social,android,35-44,1,1,0,0,0,0,2024-07-10 23:26:08.422671498,
U007381,organic_search,android,35-44,1,1,1,0,0,0,2024-07-11 14:38:38.128241461,
U007382,app_store,ios,25-34,1,1,1,1,1,0,2024-07-27 11:02:16.326041981,
U007383,referral,ios,25-34,1,1,1,1,0,0,2024-07-02 18:08:14.937845762,
U007384,referral,ios,45+,1,1,0,0,0,0,2024-07-04 08:00:33.066435258,
U007385,paid_social,android,18-24,1,1,1,0,0,0,2024-07-23 02:38:44.946253690,
U007386,organic_search,android,35-44,1,1,0,0,0,0,2024-07-16 09:12:11.441450062,
U007387,app_store,ios,35-44,1,0,0,0,0,0,2024-07-04 14:22:36.124859136,
U007388,organic_search,android,25-34,1,1,0,0,0,0,2024-07-01 23:09:25.962894151,
U007389,paid_social,ios,25-34,1,1,0,0,0,0,2024-07-07 06:41:07.735357107,
U007390,referral,android,25-34,1,1,1,1,1,1,2024-07-08 07:15:53.336668687,2024-07-10 10:50:18.663089182
U007391,organic_search,android,45+,1,0,0,0,0,0,2024-07-01 09:33:04.161146972,
U007392,email,android,35-44,1,1,1,0,0,0,2024-07-07 01:12:46.230345338,
U007393,paid_social,android,45+,1,1,0,0,0,0,2024-07-21 16:09:01.172275246,
U007394,organic_search,ios,25-34,1,0,0,0,0,0,2024-07-24 22:51:05.181969837,
U007395,organic_search,android,25-34,1,1,1,1,0,0,2024-07-26 03:36:52.119378900,
U007396,organic_search,ios,18-24,1,1,1,0,0,0,2024-07-11 22:01:20.027771259,
U007397,email,android,45+,1,0,0,0,0,0,2024-07-09 22:38:45.685705887,
U007398,referral,ios,25-34,1,1,1,1,1,1,2024-07-28 23:54:23.363984520,2024-07-30 06:33:04.148968863
U007399,organic_search,android,25-34,1,1,0,0,0,0,2024-07-22 12:59:48.418869508,
U007400,organic_search,android,45+,1,1,1,0,0,0,2024-07-16 01:06:02.154131557,
U007401,referral,android,25-34,1,1,0,0,0,0,2024-07-08 03:12:23.049962190,
U007402,referral,ios,25-34,1,1,0,0,0,0,2024-07-09 23:55:02.151619644,
U007403,paid_social,android,18-24,1,1,1,1,0,0,2024-07-15 10:19:29.432688052,
U007404,paid_social,android,25-34,1,1,1,0,0,0,2024-07-16 04:16:46.999557782,
U007405,organic_search,android,45+,1,1,0,0,0,0,2024-07-01 09:11:31.376226879,
U007406,referral,ios,25-34,1,0,0,0,0,0,2024-07-27 20:43:00.686288751,
U007407,app_store,ios,25-34,1,0,0,0,0,0,2024-07-17 02:48:26.633592903,
U007408,organic_search,ios,18-24,1,1,0,0,0,0,2024-07-17 11:54:51.624874576,
U007409,referral,ios,25-34,1,1,1,1,1,1,2024-07-06 22:06:30.966777241,2024-07-07 15:36:03.047888260
U007410,paid_social,ios,25-34,1,1,1,0,0,0,2024-07-22 10:04:16.982955980,
U007411,paid_social,ios,18-24,1,1,1,1,0,0,2024-07-21 15:26:30.327006184,
U007412,organic_search,ios,35-44,1,0,0,0,0,0,2024-07-03 15:56:46.169260803,
U007413,email,ios,25-34,1,0,0,0,0,0,2024-07-17 15:50:10.385371197,
U007414,paid_social,ios,35-44,1,1,1,1,0,0,2024-07-19 10:18:22.308702044,
U007415,paid_social,android,18-24,1,1,1,0,0,0,2024-07-24 09:30:06.527929125,
U007416,paid_social,ios,35-44,1,0,0,0,0,0,2024-07-06 18:29:35.780037727,
U007417,organic_search,ios,25-34,1,0,0,0,0,0,2024-07-25 13:46:14.100434058,
U007418,organic_search,ios,25-34,1,1,1,0,0,0,2024-07-13 22:06:55.008675014,
U007419,referral,android,45+,1,1,1,1,0,0,2024-07-03 16:51:49.939824214,
U007420,organic_search,android,18-24,1,1,1,1,1,1,2024-07-03 22:58:38.859079112,2024-07-05 23:20:02.621682891
U007421,referral,ios,25-34,1,0,0,0,0,0,2024-07-06 12:55:28.534326132,
U007422,paid_social,ios,25-34,1,1,0,0,0,0,2024-07-08 22:00:30.507919657,
U007423,paid_social,android,25-34,1,0,0,0,0,0,2024-07-14 21:35:04.922149146,
U007424,paid_social,ios,25-34,1,1,0,0,0,0,2024-07-21 23:09:38.897583638,
U007425,paid_social,ios,18-24,1,0,0,0,0,0,2024-07-06 05:28:47.302165412,
U007426,organic_search,ios,35-44,1,1,1,0,0,0,2024-07-28 19:03:43.221253280,
U007427,paid_social,ios,35-44,1,1,0,0,0,0,2024-07-05 12:32:33.857338740,
U007428,referral,android,35-44,1,1,1,0,0,0,2024-07-17 18:46:55.179513418,
U007429,referral,ios,18-24,1,1,1,0,0,0,2024-07-27 00:14:52.702459944,
U007430,organic_search,android,25-34,1,1,1,1,1,0,2024-07-24 07:26:41.957423620,
U007431,paid_social,android,35-44,1,1,0,0,0,0,2024-07-19 03:22:53.556663514,
U007432,organic_search,android,18-24,1,1,1,1,1,1,2024-07-21 00:48:40.657836542,2024-07-22 01:44:30.885703947
U007433,organic_search,ios,35-44,1,1,0,0,0,0,2024-07-04 18:11:10.252125618,
U007434,organic_search,ios,18-24,1,1,0,0,0,0,2024-07-01 06:29:36.859656793,
U007435,email,ios,25-34,1,1,1,1,1,1,2024-07-13 03:44:52.739124612,2024-07-16 00:38:43.750729154
U007436,organic_search,ios,35-44,1,1,0,0,0,0,2024-07-03 12:09:24.186597624,
U007437,organic_search,android,35-44,1,1,1,1,1,0,2024-07-11 00:24:34.997779504,
U007438,organic_search,ios,35-44,1,1,1,0,0,0,2024-07-07 06:21:18.566203910,
U007439,organic_search,android,45+,1,1,0,0,0,0,2024-07-26 15:47:05.990783492,
U007440,referral,ios,35-44,1,1,1,0,0,0,2024-07-25 15:23:51.472800294,
U007441,organic_search,android,25-34,1,1,1,0,0,0,2024-07-23 22:19:46.539166216,
U007442,organic_search,android,45+,1,1,1,0,0,0,2024-07-20 23:46:14.046723120,
U007443,referral,ios,35-44,1,1,1,1,0,0,2024-07-05 07:32:10.810888461,
U007444,paid_social,ios,35-44,1,1,0,0,0,0,2024-07-02 08:30:10.477460988,
U007445,referral,ios,25-34,1,1,1,1,0,0,2024-07-19 07:24:45.505722070,
U007446,referral,ios,45+,1,1,1,0,0,0,2024-07-18 23:35:50.885454001,
U007447,organic_search,ios,25-34,1,1,0,0,0,0,2024-07-11 08:15:11.229678039,
U007448,referral,ios,18-24,1,1,0,0,0,0,2024-07-14 05:38:43.583440995,
U007449,organic_search,ios,18-24,1,1,1,1,1,1,2024-07-14 16:42:30.200025344,2024-07-16 21:39:21.996016908
U007450,paid_social,android,18-24,1,0,0,0,0,0,2024-07-07 17:13:54.138740347,
U007451,paid_social,ios,25-34,1,0,0,0,0,0,2024-07-09 19:07:11.867526832,
U007452,organic_search,ios,35-44,1,0,0,0,0,0,2024-07-12 17:09:28.010641942,
U007453,referral,ios,35-44,1,0,0,0,0,0,2024-07-17 21:20:10.709162116,
U007454,email,ios,18-24,1,1,1,0,0,0,2024-07-27 18:18:37.823197276,
U007455,app_store,ios,35-44,1,0,0,0,0,0,2024-07-16 01:51:41.967348462,
U007456,referral,android,25-34,1,1,1,1,1,1,2024-07-21 11:20:31.729966911,2024-07-22 02:15:21.763325807
U007457,paid_social,ios,25-34,1,1,1,0,0,0,2024-07-23 14:18:17.066915323,
U007458,organic_search,ios,25-34,1,0,0,0,0,0,2024-07-04 04:16:38.847069652,
U007459,organic_search,ios,45+,1,0,0,0,0,0,2024-07-19 06:53:59.195746492,
U007460,paid_social,ios,25-34,1,1,1,0,0,0,2024-07-14 11:58:42.254439502,
U007461,paid_social,ios,18-24,1,1,1,1,0,0,2024-07-17 00:40:24.935486102,
U007462,app_store,android,25-34,1,0,0,0,0,0,2024-07-02 01:48:58.251012472,
U007463,paid_social,ios,35-44,1,1,0,0,0,0,2024-07-26 08:58:37.109855434,
U007464,paid_social,ios,35-44,1,1,1,0,0,0,2024-07-27 16:16:15.414652927,
U007465,paid_social,android,18-24,1,0,0,0,0,0,2024-07-01 02:20:23.469777812,
U007466,email,ios,18-24,1,1,1,0,0,0,2024-07-06 22:59:45.419466822,
U007467,referral,ios,35-44,1,1,1,1,1,0,2024-07-06 01:05:25.745036690,
U007468,referral,android,35-44,1,0,0,0,0,0,2024-07-22 21:02:11.888203416,
U007469,paid_social,ios,25-34,1,1,1,0,0,0,2024-07-17 17:54:35.279003314,
U007470,email,android,35-44,1,0,0,0,0,0,2024-07-05 23:10:05.598247454,
U007471,organic_search,ios,45+,1,0,0,0,0,0,2024-07-23 18:59:18.535107386,
U007472,email,ios,25-34,1,0,0,0,0,0,2024-07-10 21:32:06.409872466,
U007473,paid_social,ios,25-34,1,0,0,0,0,0,2024-07-13 21:41:44.955128274,
U007474,paid_social,ios,18-24,1,1,0,0,0,0,2024-07-11 20:16:12.139591706,
U007475,paid_social,ios,35-44,1,1,1,1,1,1,2024-07-15 14:22:02.995422621,2024-07-20 12:15:41.470416996
U007476,referral,ios,25-34,1,0,0,0,0,0,2024-07-14 10:39:20.660590450,
U007477,organic_search,android,18-24,1,1,1,1,1,0,2024-07-08 16:31:13.619240979,
U007478,email,android,35-44,1,1,0,0,0,0,2024-07-12 21:18:05.965905099,
U007479,paid_social,ios,35-44,1,1,1,1,1,0,2024-07-26 10:24:09.232927524,
U007480,paid_social,android,18-24,1,0,0,0,0,0,2024-07-15 01:56:41.494970590,
U007481,organic_search,android,18-24,1,0,0,0,0,0,2024-07-26 15:48:42.004093809,
U007482,paid_social,android,25-34,1,0,0,0,0,0,2024-07-16 09:41:07.354081219,
U007483,paid_social,ios,35-44,1,0,0,0,0,0,2024-07-22 12:38:42.795864654,
U007484,paid_social,android,35-44,1,0,0,0,0,0,2024-07-09 05:17:36.096328777,
U007485,referral,ios,25-34,1,1,1,1,0,0,2024-07-23 03:09:28.315115431,
U007486,paid_social,ios,25-34,1,1,0,0,0,0,2024-07-08 09:37:26.846133276,
U007487,app_store,ios,35-44,1,0,0,0,0,0,2024-07-01 13:08:15.291398680,
U007488,referral,android,25-34,1,1,1,1,1,1,2024-07-05 12:00:35.459335476,2024-07-06 03:08:29.018960696
U007489,email,android,35-44,1,0,0,0,0,0,2024-07-01 14:33:02.635277504,
U007490,organic_search,android,25-34,1,0,0,0,0,0,2024-07-27 12:25:33.943263744,
U007491,paid_social,ios,45+,1,0,0,0,0,0,2024-07-28 23:59:04.407794487,
U007492,paid_social,android,25-34,1,0,0,0,0,0,2024-07-22 08:13:07.453748344,
U007493,referral,ios,25-34,1,1,1,1,1,1,2024-07-04 00:39:43.653747841,2024-07-06 13:28:22.979972747
U007494,email,ios,18-24,1,1,0,0,0,0,2024-07-26 04:05:28.857636747,
U007495,organic_search,ios,35-44,1,1,1,1,1,0,2024-07-21 19:49:03.342557359,
U007496,organic_search,ios,25-34,1,1,0,0,0,0,2024-07-10 07:16:05.931660730,
U007497,email,android,25-34,1,1,0,0,0,0,2024-07-15 01:31:50.724248167,
U007498,organic_search,ios,45+,1,1,1,0,0,0,2024-07-19 12:42:08.198380954,
U007499,referral,android,45+,1,1,1,1,1,0,2024-07-01 16:09:42.910748776,
U007500,paid_social,ios,45+,1,1,1,1,0,0,2024-07-15 01:02:07.774552068,
U007501,email,ios,18-24,1,1,1,1,1,1,2024-07-21 12:10:11.032130460,2024-07-22 14:05:04.795361494
U007502,organic_search,android,45+,1,1,0,0,0,0,2024-07-06 06:29:14.819691609,
U007503,organic_search,ios,25-34,1,1,1,0,0,0,2024-07-13 10:13:38.155361203,
U007504,referral,android,18-24,1,1,1,1,1,0,2024-07-15 21:51:36.888524190,
U007505,app_store,android,25-34,1,1,1,1,0,0,2024-07-21 14:17:59.747843774,
U007506,paid_social,ios,25-34,1,0,0,0,0,0,2024-07-28 00:06:46.417150684,
U007507,paid_social,android,18-24,1,1,1,0,0,0,2024-07-24 18:02:28.205731982,
U007508,referral,ios,25-34,1,1,0,0,0,0,2024-07-18 09:39:37.362220297,
U007509,app_store,android,35-44,1,1,1,1,0,0,2024-07-17 08:12:23.520560371,
U007510,email,ios,25-34,1,1,1,1,1,1,2024-07-17 21:20:29.247881406,2024-07-18 17:27:13.834911376
U007511,app_store,ios,25-34,1,0,0,0,0,0,2024-07-16 06:21:36.172322524,
U007512,organic_search,ios,25-34,1,0,0,0,0,0,2024-07-02 15:53:30.679922389,
U007513,organic_search,ios,45+,1,1,0,0,0,0,2024-07-20 13:15:18.637787786,
U007514,referral,android,18-24,1,1,1,0,0,0,2024-07-21 01:22:41.986873534,
U007515,email,android,25-34,1,1,0,0,0,0,2024-07-15 08:23:12.492396391,
U007516,organic_search,android,25-34,1,1,0,0,0,0,2024-07-25 08:54:01.694989832,
U007517,organic_search,ios,45+,1,1,1,1,0,0,2024-07-19 19:52:39.113228956,
U007518,email,android,18-24,1,1,1,1,1,0,2024-07-11 03:42:38.340287694,
U007519,organic_search,ios,25-34,1,1,1,0,0,0,2024-07-01 13:14:04.580225815,
U007520,paid_social,android,25-34,1,1,0,0,0,0,2024-07-02 15:45:23.855207187,
U007521,paid_social,android,45+,1,1,0,0,0,0,2024-07-10 20:24:30.354563808,
U007522,referral,ios,25-34,1,1,0,0,0,0,2024-07-13 22:32:05.202720654,
U007523,referral,android,35-44,1,0,0,0,0,0,2024-07-05 16:08:14.612314783,
U007524,paid_social,ios,18-24,1,1,0,0,0,0,2024-07-06 07:13:43.038897632,
U007525,referral,android,45+,1,1,1,1,1,0,2024-07-07 10:42:07.319158970,
U007526,referral,android,25-34,1,1,1,1,1,1,2024-07-22 20:30:17.871102918,2024-07-23 04:06:19.395380077
U007527,paid_social,android,35-44,1,1,1,0,0,0,2024-07-22 14:18:19.544830524,
U007528,referral,android,25-34,1,1,1,0,0,0,2024-07-11 17:20:05.993513012,
U007529,organic_search,ios,25-34,1,1,1,1,1,1,2024-07-05 19:49:43.911928970,2024-07-08 09:38:42.463321410
U007530,organic_search,android,25-34,1,1,0,0,0,0,2024-07-04 02:31:49.565145543,
U007531,organic_search,ios,35-44,1,1,0,0,0,0,2024-07-03 10:33:03.231704520,
U007532,organic_search,ios,45+,1,1,0,0,0,0,2024-07-11 22:56:22.763775760,
U007533,paid_social,android,25-34,1,0,0,0,0,0,2024-07-02 06:36:16.254690451,
U007534,email,android,45+,1,1,1,1,1,1,2024-07-10 08:12:09.881816029,2024-07-11 09:20:43.922941159
U007535,referral,android,18-24,1,1,1,1,0,0,2024-07-27 22:09:01.220355518,
U007536,email,ios,45+,1,1,0,0,0,0,2024-07-15 05:02:35.166083805,
U007537,paid_social,android,25-34,1,0,0,0,0,0,2024-07-24 00:49:01.953815689,
U007538,paid_social,android,25-34,1,1,0,0,0,0,2024-07-04 14:52:00.176310148,
U007539,paid_social,ios,25-34,1,1,1,1,1,0,2024-07-08 12:08:56.190405559,
U007540,organic_search,ios,35-44,1,0,0,0,0,0,2024-07-27 12:04:45.158640866,
U007541,organic_search,android,35-44,1,1,1,1,1,0,2024-07-11 17:44:48.749062790,
U007542,referral,android,25-34,1,1,1,0,0,0,2024-07-19 03:43:44.105942182,
U007543,app_store,android,25-34,1,1,1,0,0,0,2024-07-28 07:57:25.904150136,
U007544,organic_search,ios,18-24,1,1,1,1,1,0,2024-07-16 10:07:45.740115314,
U007545,organic_search,android,25-34,1,0,0,0,0,0,2024-07-09 13:11:32.920374159,
U007546,email,android,25-34,1,1,1,1,1,1,2024-07-15 21:28:09.704639229,2024-07-16 20:52:40.958239223
U007547,organic_search,ios,25-34,1,1,0,0,0,0,2024-07-02 12:42:58.312621213,
U007548,email,android,25-34,1,0,0,0,0,0,2024-07-04 03:30:45.199405036,
U007549,referral,ios,35-44,1,1,1,1,1,1,2024-07-01 04:49:08.337342450,2024-07-01 17:25:19.481827058
U007550,app_store,ios,35-44,1,1,1,1,1,1,2024-07-25 18:11:20.932554058,2024-07-29 17:47:18.236486021
U007551,paid_social,ios,25-34,1,0,0,0,0,0,2024-07-19 19:06:01.613593900,
U007552,referral,ios,35-44,1,1,0,0,0,0,2024-07-09 08:28:39.367809145,
U007553,paid_social,android,18-24,1,0,0,0,0,0,2024-07-07 04:37:13.705346312,
U007554,referral,android,35-44,1,1,1,1,1,1,2024-07-20 03:01:38.913520900,2024-07-20 21:59:38.269107710
U007555,paid_social,ios,18-24,1,1,0,0,0,0,2024-07-26 17:55:31.971128556,
U007556,organic_search,ios,35-44,1,1,0,0,0,0,2024-07-09 09:01:17.289073264,
U007557,paid_social,ios,25-34,1,1,0,0,0,0,2024-07-10 00:05:15.797428501,
U007558,paid_social,android,25-34,1,1,0,0,0,0,2024-07-24 22:02:59.162388774,
U007559,email,android,35-44,1,1,1,1,0,0,2024-07-26 00:20:54.773785975,
U007560,referral,android,18-24,1,1,1,0,0,0,2024-07-26 14:13:57.262474599,
U007561,referral,android,25-34,1,1,1,0,0,0,2024-07-09 04:59:58.660009796,
U007562,organic_search,android,35-44,1,1,1,1,1,0,2024-07-04 08:51:00.163529085,
U007563,referral,ios,35-44,1,1,0,0,0,0,2024-07-13 07:40:42.126178872,
U007564,paid_social,android,25-34,1,0,0,0,0,0,2024-07-09 06:45:14.361749546,
U007565,email,android,25-34,1,0,0,0,0,0,2024-07-25 17:57:30.240351194,
U007566,app_store,android,25-34,1,0,0,0,0,0,2024-07-02 00:37:07.251211135,
U007567,organic_search,android,35-44,1,1,1,1,1,0,2024-07-18 17:58:03.632144070,
U007568,email,android,25-34,1,1,1,1,0,0,2024-07-26 08:57:13.960017838,
U007569,organic_search,android,45+,1,0,0,0,0,0,2024-07-28 08:19:20.951377233,
U007570,paid_social,android,25-34,1,0,0,0,0,0,2024-07-19 04:53:15.945821826,
U007571,paid_social,android,18-24,1,0,0,0,0,0,2024-07-27 14:20:53.617628540,
U007572,organic_search,android,25-34,1,1,0,0,0,0,2024-07-03 02:50:35.371982562,
U007573,referral,ios,25-34,1,1,1,1,1,1,2024-07-11 01:26:06.174634102,2024-07-11 11:51:41.363817378
U007574,organic_search,ios,35-44,1,0,0,0,0,0,2024-07-01 05:51:22.595772834,
U007575,organic_search,android,25-34,1,0,0,0,0,0,2024-07-28 11:21:19.781684028,
U007576,referral,ios,45+,1,0,0,0,0,0,2024-07-26 06:37:55.897432399,
U007577,referral,ios,25-34,1,1,1,1,1,1,2024-07-01 18:51:04.744075647,2024-07-02 03:14:37.056566233
U007578,app_store,ios,25-34,1,1,0,0,0,0,2024-07-01 12:11:06.507992266,
U007579,referral,android,18-24,1,1,0,0,0,0,2024-07-11 06:36:12.600142120,
U007580,referral,ios,45+,1,0,0,0,0,0,2024-07-08 05:44:15.049260549,
U007581,paid_social,ios,35-44,1,0,0,0,0,0,2024-07-24 17:08:18.565105059,
U007582,organic_search,ios,18-24,1,1,0,0,0,0,2024-07-05 11:50:43.868395287,
U007583,organic_search,android,45+,1,1,0,0,0,0,2024-07-23 03:18:59.180165913,
U007584,paid_social,ios,25-34,1,1,1,0,0,0,2024-07-16 12:35:48.906217413,
U007585,referral,ios,35-44,1,1,1,1,1,0,2024-07-11 13:36:26.173382947,
U007586,paid_social,android,35-44,1,1,1,0,0,0,2024-07-05 01:55:25.247585391,
U007587,referral,android,35-44,1,1,1,1,1,1,2024-07-28 22:26:54.807377636,2024-07-29 14:14:43.343847606
U007588,paid_social,ios,45+,1,0,0,0,0,0,2024-07-18 07:17:12.023733382,
U007589,organic_search,android,45+,1,1,1,1,1,0,2024-07-13 07:15:53.497028491,
U007590,organic_search,ios,45+,1,1,0,0,0,0,2024-07-11 09:23:51.784812369,
U007591,email,android,18-24,1,1,1,1,1,1,2024-07-26 08:38:57.735542166,2024-07-26 23:16:10.849463515
U007592,referral,ios,25-34,1,1,0,0,0,0,2024-07-23 23:50:27.222375087,
U007593,email,ios,35-44,1,0,0,0,0,0,2024-07-23 17:07:00.659220405,
U007594,organic_search,android,35-44,1,0,0,0,0,0,2024-07-18 06:05:07.345790620,
U007595,app_store,android,25-34,1,1,0,0,0,0,2024-07-25 20:42:24.564857684,
U007596,organic_search,ios,18-24,1,1,0,0,0,0,2024-07-09 09:06:54.237837711,
U007597,organic_search,ios,35-44,1,1,1,1,1,0,2024-07-20 16:53:25.882187028,
U007598,app_store,android,45+,1,1,0,0,0,0,2024-07-12 07:47:19.978394467,
U007599,organic_search,android,25-34,1,1,1,0,0,0,2024-07-17 19:11:57.117667606,
U007600,referral,ios,25-34,1,1,1,1,1,1,2024-07-28 22:45:31.739082228,2024-07-29 04:28:24.295577232
U007601,organic_search,android,18-24,1,0,0,0,0,0,2024-07-28 13:36:02.349409730,
U007602,referral,ios,25-34,1,1,0,0,0,0,2024-07-15 08:28:47.924638050,
U007603,app_store,ios,35-44,1,0,0,0,0,0,2024-07-17 01:38:10.463477143,
U007604,paid_social,ios,45+,1,1,0,0,0,0,2024-07-26 03:00:00.823896957,
U007605,referral,ios,18-24,1,0,0,0,0,0,2024-07-28 14:20:49.915713516,
U007606,organic_search,ios,25-34,1,0,0,0,0,0,2024-07-22 19:13:27.996113013,
U007607,referral,ios,35-44,1,1,1,0,0,0,2024-07-02 19:48:14.240693520,
U007608,paid_social,ios,25-34,1,1,1,0,0,0,2024-07-10 00:48:50.045324677,
U007609,organic_search,ios,25-34,1,0,0,0,0,0,2024-07-26 02:29:23.612735209,
U007610,paid_social,ios,35-44,1,1,1,0,0,0,2024-07-22 12:19:58.382153482,
U007611,organic_search,ios,35-44,1,1,0,0,0,0,2024-07-21 18:46:50.245422294,
U007612,app_store,android,25-34,1,0,0,0,0,0,2024-07-19 16:50:39.879148527,
U007613,paid_social,ios,35-44,1,1,1,0,0,0,2024-07-12 15:03:26.305030663,
U007614,organic_search,android,25-34,1,1,1,1,1,1,2024-07-12 06:58:41.402177904,2024-07-13 13:23:57.704972449
U007615,paid_social,ios,25-34,1,1,1,1,1,1,2024-07-23 15:36:09.473979664,2024-07-31 07:41:59.573328074
U007616,paid_social,ios,18-24,1,1,0,0,0,0,2024-07-09 05:25:13.281838060,
U007617,referral,android,25-34,1,1,0,0,0,0,2024-07-20 04:12:25.266438194,
U007618,app_store,android,18-24,1,1,1,0,0,0,2024-07-21 08:00:43.659867236,
U007619,paid_social,ios,25-34,1,0,0,0,0,0,2024-07-24 15:32:29.849463409,
U007620,email,ios,35-44,1,1,1,1,1,1,2024-07-09 22:57:47.221038414,2024-07-11 22:41:57.954928920
U007621,referral,android,35-44,1,1,1,0,0,0,2024-07-21 18:32:58.514334979,
U007622,organic_search,android,18-24,1,1,1,0,0,0,2024-07-03 23:33:40.360222360,
U007623,referral,android,25-34,1,0,0,0,0,0,2024-07-04 20:46:38.934680448,
U007624,paid_social,ios,25-34,1,1,1,1,1,1,2024-07-12 16:26:59.348387493,2024-07-16 17:19:06.392661635
U007625,referral,ios,25-34,1,0,0,0,0,0,2024-07-02 13:06:42.198158613,
U007626,email,android,25-34,1,1,1,0,0,0,2024-07-27 12:51:11.779288945,
U007627,paid_social,android,35-44,1,1,1,0,0,0,2024-07-26 06:04:26.344784244,
U007628,app_store,android,18-24,1,1,1,1,0,0,2024-07-02 08:53:00.396216121,
U007629,email,android,25-34,1,1,1,1,0,0,2024-07-24 11:20:43.717601799,
U007630,paid_social,android,18-24,1,1,0,0,0,0,2024-07-15 05:57:48.401958589,
U007631,referral,ios,18-24,1,1,0,0,0,0,2024-07-20 15:43:08.619553293,
U007632,paid_social,ios,45+,1,0,0,0,0,0,2024-07-25 20:01:03.884766175,
U007633,app_store,android,25-34,1,1,0,0,0,0,2024-07-17 03:43:36.679138366,
U007634,referral,ios,25-34,1,1,1,1,1,1,2024-07-04 06:10:18.521008575,2024-07-04 20:02:43.339686885
U007635,organic_search,ios,35-44,1,0,0,0,0,0,2024-07-01 01:43:58.174489149,
U007636,paid_social,ios,18-24,1,1,1,1,1,0,2024-07-14 21:55:52.570822699,
U007637,referral,ios,25-34,1,1,1,1,1,1,2024-07-27 13:53:02.374035252,2024-07-29 14:05:20.800156585
U007638,organic_search,ios,35-44,1,1,1,0,0,0,2024-07-17 00:48:06.831806644,
U007639,organic_search,android,45+,1,1,1,1,0,0,2024-07-11 10:36:54.362863044,
U007640,paid_social,ios,25-34,1,1,0,0,0,0,2024-07-01 20:46:46.543722146,
U007641,paid_social,ios,25-34,1,0,0,0,0,0,2024-07-26 14:51:58.206279423,
U007642,paid_social,ios,35-44,1,1,1,1,1,0,2024-07-10 03:50:57.393947774,
U007643,organic_search,ios,25-34,1,0,0,0,0,0,2024-07-20 17:36:37.489261482,
U007644,organic_search,android,18-24,1,1,1,1,0,0,2024-07-20 10:31:38.639348054,
U007645,referral,android,25-34,1,1,1,0,0,0,2024-07-08 02:36:34.143983276,
U007646,paid_social,ios,25-34,1,1,1,1,1,1,2024-07-02 18:51:30.543629785,2024-07-13 05:49:59.671014653
U007647,organic_search,android,18-24,1,0,0,0,0,0,2024-07-11 18:43:12.916082924,
U007648,paid_social,ios,25-34,1,1,0,0,0,0,2024-07-09 21:06:43.348674952,
U007649,referral,android,35-44,1,1,1,0,0,0,2024-07-20 14:34:20.280151930,
U007650,organic_search,ios,25-34,1,1,1,1,0,0,2024-07-23 22:53:37.813500283,
U007651,organic_search,ios,18-24,1,1,0,0,0,0,2024-07-07 05:28:59.953753938,
U007652,organic_search,android,25-34,1,1,0,0,0,0,2024-07-15 18:58:16.604003168,
U007653,email,android,35-44,1,1,1,0,0,0,2024-07-02 03:17:19.714001442,
U007654,email,ios,18-24,1,1,1,0,0,0,2024-07-06 23:58:47.686840629,
U007655,email,android,18-24,1,0,0,0,0,0,2024-07-22 07:54:13.675595184,
U007656,referral,ios,25-34,1,1,0,0,0,0,2024-07-23 05:09:49.216927165,
U007657,referral,android,18-24,1,0,0,0,0,0,2024-07-22 17:44:37.677982603,
U007658,paid_social,ios,45+,1,1,1,1,1,1,2024-07-04 23:41:04.868131624,2024-07-11 20:33:36.108903512
U007659,referral,android,25-34,1,1,1,1,1,1,2024-07-16 10:17:43.212691593,2024-07-17 02:01:16.255535663
U007660,organic_search,ios,25-34,1,0,0,0,0,0,2024-07-12 20:03:36.196221430,
U007661,referral,ios,35-44,1,1,1,1,1,0,2024-07-28 18:16:43.649206683,
U007662,email,android,25-34,1,1,0,0,0,0,2024-07-19 07:32:05.827225927,
U007663,paid_social,android,18-24,1,0,0,0,0,0,2024-07-27 04:27:20.899504548,
U007664,paid_social,android,25-34,1,0,0,0,0,0,2024-07-05 01:40:31.457876412,
U007665,organic_search,ios,35-44,1,1,1,0,0,0,2024-07-13 14:59:12.622284074,
U007666,referral,ios,18-24,1,1,1,1,1,0,2024-07-22 14:31:13.106176118,
U007667,referral,ios,25-34,1,1,1,0,0,0,2024-07-11 07:12:01.415651151,
U007668,email,ios,25-34,1,1,1,0,0,0,2024-07-18 17:02:44.553894903,
U007669,paid_social,android,25-34,1,0,0,0,0,0,2024-07-15 07:51:49.895406360,
U007670,email,ios,35-44,1,1,1,1,1,1,2024-07-28 18:34:35.626780167,2024-07-30 02:54:30.204272958
U007671,referral,android,35-44,1,1,1,0,0,0,2024-07-05 20:50:32.448926436,
U007672,email,android,35-44,1,0,0,0,0,0,2024-07-27 04:33:15.563742645,
U007673,paid_social,ios,35-44,1,1,0,0,0,0,2024-07-12 05:51:20.451440934,
U007674,paid_social,android,45+,1,0,0,0,0,0,2024-07-14 02:29:28.584259951,
U007675,referral,android,18-24,1,1,0,0,0,0,2024-07-15 19:13:13.677022797,
U007676,referral,android,18-24,1,0,0,0,0,0,2024-07-08 10:19:34.756389717,
U007677,app_store,ios,25-34,1,1,1,0,0,0,2024-07-27 23:34:40.085164030,
U007678,organic_search,android,25-34,1,1,1,0,0,0,2024-07-26 12:31:09.846904004,
U007679,organic_search,ios,25-34,1,0,0,0,0,0,2024-07-28 05:47:32.018431329,
U007680,app_store,ios,25-34,1,0,0,0,0,0,2024-07-28 21:55:47.829089276,
U007681,paid_social,android,18-24,1,1,0,0,0,0,2024-07-19 18:06:20.390261806,
U007682,referral,android,25-34,1,0,0,0,0,0,2024-07-13 15:31:57.551453255,
U007683,paid_social,ios,45+,1,0,0,0,0,0,2024-07-24 19:41:35.454499861,
U007684,organic_search,android,25-34,1,1,1,0,0,0,2024-07-01 15:59:48.760461672,
U007685,email,android,18-24,1,1,1,0,0,0,2024-07-24 08:43:10.264970906,
U007686,referral,ios,35-44,1,1,0,0,0,0,2024-07-14 22:10:34.349771265,
U007687,paid_social,android,25-34,1,1,1,0,0,0,2024-07-19 20:24:13.889520205,
U007688,paid_social,android,25-34,1,0,0,0,0,0,2024-07-11 11:21:32.231599794,
U007689,email,android,25-34,1,1,1,0,0,0,2024-07-11 07:42:53.133834600,
U007690,organic_search,ios,35-44,1,0,0,0,0,0,2024-07-01 21:18:50.136080101,
U007691,email,ios,35-44,1,0,0,0,0,0,2024-07-12 20:47:11.390093869,
U007692,organic_search,android,25-34,1,1,1,0,0,0,2024-07-12 10:24:50.469558444,
U007693,referral,ios,25-34,1,0,0,0,0,0,2024-07-07 07:03:34.633639238,
U007694,app_store,ios,25-34,1,0,0,0,0,0,2024-07-07 22:12:04.463347406,
U007695,referral,android,18-24,1,1,1,1,1,0,2024-07-17 08:32:30.473006524,
U007696,paid_social,ios,45+,1,0,0,0,0,0,2024-07-09 21:32:32.673791565,
U007697,referral,android,35-44,1,0,0,0,0,0,2024-07-24 05:55:45.418294628,
U007698,paid_social,android,18-24,1,1,0,0,0,0,2024-07-04 02:51:02.850508616,
U007699,organic_search,android,35-44,1,0,0,0,0,0,2024-07-17 04:10:38.654754344,
U007700,app_store,android,25-34,1,1,0,0,0,0,2024-07-05 11:33:00.203894917,
U007701,email,ios,45+,1,1,0,0,0,0,2024-07-15 18:58:39.724646458,
U007702,referral,ios,35-44,1,1,1,0,0,0,2024-07-16 11:18:39.009710210,
U007703,paid_social,android,18-24,1,0,0,0,0,0,2024-07-18 23:37:26.563243044,
U007704,organic_search,ios,35-44,1,1,0,0,0,0,2024-07-12 23:13:46.432442586,
U007705,organic_search,android,25-34,1,1,1,1,1,0,2024-07-15 06:22:01.158264692,
U007706,referral,android,18-24,1,1,0,0,0,0,2024-07-06 01:36:00.568823864,
U007707,email,ios,35-44,1,1,1,1,1,0,2024-07-13 23:08:46.734082126,
U007708,paid_social,android,25-34,1,1,0,0,0,0,2024-07-11 10:40:35.117296906,
U007709,email,ios,18-24,1,1,0,0,0,0,2024-07-19 15:38:24.368379946,
U007710,organic_search,ios,35-44,1,0,0,0,0,0,2024-07-13 04:12:00.713482700,
U007711,paid_social,android,35-44,1,1,1,1,1,0,2024-07-22 19:43:03.322051348,
U007712,organic_search,android,18-24,1,1,1,0,0,0,2024-07-12 22:16:00.084869475,
U007713,paid_social,ios,25-34,1,1,1,0,0,0,2024-07-07 14:26:17.621658600,
U007714,organic_search,ios,25-34,1,1,1,1,1,1,2024-07-08 15:55:07.748904608,2024-07-10 00:44:46.917614270
U007715,app_store,ios,18-24,1,1,1,1,1,0,2024-07-02 06:25:54.016541688,
U007716,organic_search,ios,45+,1,1,0,0,0,0,2024-07-16 02:49:31.586605723,
U007717,app_store,ios,18-24,1,1,0,0,0,0,2024-07-24 06:21:07.034331657,
U007718,paid_social,ios,18-24,1,1,1,0,0,0,2024-07-22 12:50:35.041133065,
U007719,app_store,android,18-24,1,1,0,0,0,0,2024-07-13 06:11:40.276966030,
U007720,referral,android,25-34,1,1,0,0,0,0,2024-07-06 11:47:34.363165603,
U007721,app_store,ios,35-44,1,1,0,0,0,0,2024-07-25 04:15:41.565225196,
U007722,organic_search,ios,25-34,1,1,0,0,0,0,2024-07-02 14:09:24.677561829,
U007723,referral,android,25-34,1,0,0,0,0,0,2024-07-12 04:16:39.616809873,
U007724,app_store,android,35-44,1,1,1,1,1,0,2024-07-24 23:38:43.352455254,
U007725,organic_search,android,18-24,1,0,0,0,0,0,2024-07-12 00:12:53.042168232,
U007726,organic_search,ios,25-34,1,1,1,1,1,1,2024-07-04 07:12:44.338855237,2024-07-05 13:46:41.308472481
U007727,paid_social,ios,18-24,1,1,0,0,0,0,2024-07-08 10:43:05.031236550,
U007728,app_store,ios,18-24,1,1,0,0,0,0,2024-07-17 19:13:11.225464539,
U007729,paid_social,android,25-34,1,0,0,0,0,0,2024-07-05 06:10:05.267894707,
U007730,paid_social,ios,18-24,1,1,0,0,0,0,2024-07-19 08:06:59.542697026,
U007731,organic_search,android,25-34,1,1,1,1,1,1,2024-07-13 06:26:41.343957214,2024-07-14 04:53:04.611359993
U007732,organic_search,ios,35-44,1,1,1,1,1,1,2024-07-10 08:42:35.080385007,2024-07-16 22:13:00.983653017
U007733,email,ios,18-24,1,1,1,1,1,1,2024-07-07 17:54:06.922481637,2024-07-15 02:24:43.074877305
U007734,organic_search,android,35-44,1,0,0,0,0,0,2024-07-24 01:16:39.901784552,
U007735,referral,ios,35-44,1,0,0,0,0,0,2024-07-12 02:33:53.613703461,
U007736,app_store,android,25-34,1,1,0,0,0,0,2024-07-21 16:15:29.039354586,
U007737,organic_search,ios,25-34,1,1,1,1,1,1,2024-07-13 07:55:07.282028359,2024-07-14 06:34:18.193207515
U007738,referral,ios,25-34,1,1,1,0,0,0,2024-07-03 13:44:05.098516497,
U007739,organic_search,ios,18-24,1,0,0,0,0,0,2024-07-13 08:01:12.055124636,
U007740,referral,ios,45+,1,1,1,1,1,0,2024-07-15 05:09:58.276736758,
U007741,organic_search,ios,25-34,1,0,0,0,0,0,2024-07-13 19:40:11.834499176,
U007742,referral,android,45+,1,1,1,1,1,1,2024-07-23 20:30:51.949061420,2024-07-26 00:06:28.165366385
U007743,paid_social,android,35-44,1,0,0,0,0,0,2024-07-26 12:05:31.583604897,
U007744,paid_social,ios,18-24,1,1,1,1,0,0,2024-07-23 00:42:54.971070534,
U007745,referral,ios,25-34,1,0,0,0,0,0,2024-07-17 07:37:45.977828754,
U007746,organic_search,android,18-24,1,1,1,1,1,1,2024-07-16 03:51:15.744574393,2024-07-23 10:42:51.854507841
U007747,referral,ios,35-44,1,1,1,0,0,0,2024-07-19 01:10:55.100075156,
U007748,paid_social,ios,45+,1,1,0,0,0,0,2024-07-09 01:25:19.053146136,
U007749,referral,ios,25-34,1,1,1,1,1,1,2024-07-23 17:33:39.890202897,2024-07-24 08:07:50.633278960
U007750,organic_search,android,18-24,1,1,0,0,0,0,2024-07-24 23:48:07.111258776,
U007751,referral,ios,18-24,1,1,1,1,1,1,2024-07-08 11:34:11.761169484,2024-07-09 20:07:16.768844918
U007752,organic_search,android,35-44,1,1,0,0,0,0,2024-07-26 06:41:37.809132475,
U007753,paid_social,ios,45+,1,1,1,1,1,0,2024-07-24 18:20:54.205880643,
U007754,organic_search,ios,18-24,1,1,1,1,1,1,2024-07-12 21:15:18.387893689,2024-07-15 06:05:49.510319485
U007755,referral,ios,18-24,1,1,1,0,0,0,2024-07-26 10:50:53.288902770,
U007756,organic_search,android,25-34,1,1,1,1,1,1,2024-07-04 08:56:06.013828798,2024-07-06 20:24:43.008855965
U007757,email,android,18-24,1,1,0,0,0,0,2024-07-01 18:48:25.084038171,
U007758,email,ios,35-44,1,1,1,0,0,0,2024-07-10 17:45:59.424477138,
U007759,organic_search,ios,25-34,1,1,1,1,1,1,2024-07-16 19:58:22.042603113,2024-07-18 06:37:04.800594669
U007760,referral,android,35-44,1,1,0,0,0,0,2024-07-10 20:10:09.973077909,
U007761,organic_search,android,25-34,1,1,1,0,0,0,2024-07-27 09:04:10.261297754,
U007762,paid_social,ios,25-34,1,0,0,0,0,0,2024-07-08 03:09:54.986130205,
U007763,referral,android,25-34,1,1,1,1,0,0,2024-07-08 20:58:31.441779408,
U007764,referral,ios,35-44,1,1,1,0,0,0,2024-07-18 18:36:14.960268514,
U007765,referral,ios,35-44,1,1,1,1,1,0,2024-07-01 02:35:47.504161060,
U007766,organic_search,ios,25-34,1,0,0,0,0,0,2024-07-21 08:55:06.021056247,
U007767,paid_social,android,25-34,1,1,1,1,1,1,2024-07-11 13:39:34.173498967,2024-07-12 14:56:17.972066000
U007768,organic_search,ios,18-24,1,0,0,0,0,0,2024-07-28 09:02:47.641402662,
U007769,referral,android,18-24,1,1,0,0,0,0,2024-07-20 08:37:57.441057567,
U007770,paid_social,android,35-44,1,1,0,0,0,0,2024-07-02 11:05:18.419335206,
U007771,referral,android,25-34,1,1,1,1,1,1,2024-07-03 14:14:45.194908581,2024-07-04 01:11:31.672402651
U007772,organic_search,ios,25-34,1,1,1,1,1,1,2024-07-03 11:14:56.284270926,2024-07-04 14:37:17.645179285
U007773,paid_social,ios,35-44,1,1,1,1,1,0,2024-07-27 16:09:43.771130589,
U007774,paid_social,android,25-34,1,1,0,0,0,0,2024-07-20 03:40:57.488513588,
U007775,organic_search,android,25-34,1,0,0,0,0,0,2024-07-12 23:21:04.452833394,
U007776,paid_social,android,18-24,1,1,0,0,0,0,2024-07-06 14:43:27.723357771,
U007777,email,ios,35-44,1,1,0,0,0,0,2024-07-25 11:05:09.274577496,
U007778,email,ios,25-34,1,1,1,0,0,0,2024-07-06 15:26:44.100222507,
U007779,paid_social,android,18-24,1,0,0,0,0,0,2024-07-20 18:53:18.360498296,
U007780,paid_social,ios,35-44,1,1,0,0,0,0,2024-07-22 08:57:14.295450499,
U007781,organic_search,android,25-34,1,1,0,0,0,0,2024-07-09 06:00:32.010159002,
U007782,email,ios,35-44,1,1,0,0,0,0,2024-07-15 03:18:09.732163219,
U007783,organic_search,ios,45+,1,1,1,0,0,0,2024-07-07 05:50:55.671784659,
U007784,app_store,ios,35-44,1,1,1,1,0,0,2024-07-11 14:38:26.627316342,
U007785,paid_social,ios,35-44,1,1,1,0,0,0,2024-07-28 00:34:13.136318997,
U007786,paid_social,ios,18-24,1,1,0,0,0,0,2024-07-20 09:47:19.533435997,
U007787,app_store,android,25-34,1,1,0,0,0,0,2024-07-24 16:55:29.087616093,
U007788,organic_search,ios,35-44,1,1,1,1,1,1,2024-07-16 03:16:58.483292340,2024-07-24 19:52:28.204393436
U007789,referral,ios,25-34,1,1,1,1,1,1,2024-07-07 16:38:04.944212559,2024-07-11 15:39:55.366545484
U007790,paid_social,android,25-34,1,0,0,0,0,0,2024-07-20 23:03:18.949249274,
U007791,organic_search,ios,45+,1,1,1,0,0,0,2024-07-15 00:22:54.010744539,
U007792,paid_social,ios,18-24,1,0,0,0,0,0,2024-07-05 22:50:32.781724594,
U007793,referral,android,18-24,1,0,0,0,0,0,2024-07-12 13:09:10.388964373,
U007794,referral,android,35-44,1,0,0,0,0,0,2024-07-18 18:36:45.457844248,
U007795,organic_search,ios,35-44,1,0,0,0,0,0,2024-07-21 14:08:34.827685670,
U007796,app_store,ios,45+,1,1,1,1,0,0,2024-07-07 19:26:39.749417937,
U007797,organic_search,android,35-44,1,1,0,0,0,0,2024-07-25 12:40:12.763353900,
U007798,organic_search,ios,35-44,1,1,0,0,0,0,2024-07-11 15:03:30.038235062,
U007799,organic_search,android,35-44,1,1,1,0,0,0,2024-07-08 14:12:13.947926137,
U007800,organic_search,android,18-24,1,1,1,1,0,0,2024-07-06 11:07:14.438153650,
U007801,organic_search,android,35-44,1,1,1,1,1,1,2024-07-23 12:24:11.292187672,2024-07-28 02:37:42.307978270
U007802,app_store,ios,18-24,1,0,0,0,0,0,2024-07-10 21:59:54.939757898,
U007803,paid_social,ios,25-34,1,1,0,0,0,0,2024-07-14 12:50:38.928266491,
U007804,organic_search,android,25-34,1,1,0,0,0,0,2024-07-07 05:44:05.717165726,
U007805,organic_search,ios,25-34,1,1,1,1,1,1,2024-07-20 05:03:11.519371879,2024-07-22 06:38:02.993816975
U007806,referral,ios,25-34,1,1,1,1,1,1,2024-07-22 20:51:16.019550820,2024-07-23 11:58:41.131647461
U007807,email,android,18-24,1,1,1,1,1,0,2024-07-10 12:05:37.562267925,
U007808,organic_search,ios,25-34,1,1,1,1,1,1,2024-07-27 11:05:36.049090495,2024-07-31 17:32:41.886805966
U007809,organic_search,ios,18-24,1,0,0,0,0,0,2024-07-01 20:34:13.186648124,
U007810,organic_search,android,25-34,1,0,0,0,0,0,2024-07-04 17:20:15.955440558,
U007811,organic_search,ios,35-44,1,1,1,0,0,0,2024-07-17 11:39:53.586751140,
U007812,organic_search,ios,45+,1,0,0,0,0,0,2024-07-20 15:20:43.480667439,
U007813,paid_social,ios,35-44,1,1,0,0,0,0,2024-07-08 00:27:32.288220316,
U007814,organic_search,android,25-34,1,1,0,0,0,0,2024-07-16 12:20:08.797599549,
U007815,paid_social,ios,35-44,1,1,1,1,1,1,2024-07-09 21:57:20.008845972,2024-07-14 22:15:12.470146588
U007816,organic_search,ios,25-34,1,1,1,1,1,1,2024-07-16 12:20:52.703007752,2024-07-18 08:50:01.719442442
U007817,app_store,android,18-24,1,1,1,0,0,0,2024-07-19 11:04:05.518047280,
U007818,app_store,android,35-44,1,1,1,0,0,0,2024-07-28 05:43:37.243194265,
U007819,referral,ios,35-44,1,1,0,0,0,0,2024-07-13 18:13:41.843763246,
U007820,paid_social,android,35-44,1,1,0,0,0,0,2024-07-19 03:36:04.244624524,
U007821,paid_social,ios,35-44,1,1,0,0,0,0,2024-07-17 04:26:32.548567898,
U007822,paid_social,android,18-24,1,1,0,0,0,0,2024-07-09 21:23:48.799292816,
U007823,referral,ios,45+,1,1,0,0,0,0,2024-07-08 02:03:32.747403124,
U007824,paid_social,ios,35-44,1,1,0,0,0,0,2024-07-28 15:50:56.850044834,
U007825,email,android,35-44,1,1,0,0,0,0,2024-07-06 19:00:17.233428304,
U007826,app_store,ios,35-44,1,1,0,0,0,0,2024-07-23 03:03:53.926105993,
U007827,paid_social,ios,25-34,1,1,1,1,1,0,2024-07-05 02:30:24.216357423,
U007828,referral,ios,18-24,1,1,1,1,0,0,2024-07-23 12:31:26.590838739,
U007829,organic_search,android,18-24,1,1,1,1,1,1,2024-07-06 04:48:34.249280313,2024-07-07 23:16:41.546713072
U007830,organic_search,ios,18-24,1,0,0,0,0,0,2024-07-28 01:55:45.353203910,
U007831,paid_social,ios,25-34,1,1,1,1,1,0,2024-07-20 04:59:01.338785073,
U007832,organic_search,ios,25-34,1,1,1,0,0,0,2024-07-03 12:33:34.055100565,
U007833,email,ios,45+,1,1,1,1,1,0,2024-07-20 09:48:54.087395238,
U007834,organic_search,ios,45+,1,0,0,0,0,0,2024-07-17 21:37:59.349321130,
U007835,paid_social,ios,35-44,1,1,0,0,0,0,2024-07-10 10:49:51.880002024,
U007836,referral,ios,18-24,1,1,1,1,0,0,2024-07-08 07:12:52.525773043,
U007837,referral,ios,25-34,1,0,0,0,0,0,2024-07-21 03:00:26.083205128,
U007838,paid_social,android,35-44,1,1,1,1,1,0,2024-07-21 18:11:41.433440316,
U007839,email,android,18-24,1,1,1,1,1,1,2024-07-10 03:52:56.389785978,2024-07-13 18:36:53.603707543
U007840,referral,android,35-44,1,1,0,0,0,0,2024-07-25 12:49:28.626542925,
U007841,paid_social,ios,45+,1,0,0,0,0,0,2024-07-08 12:39:06.807935037,
U007842,organic_search,android,25-34,1,0,0,0,0,0,2024-07-02 22:56:56.019318262,
U007843,paid_social,ios,35-44,1,1,0,0,0,0,2024-07-17 19:06:40.290206878,
U007844,email,android,18-24,1,1,0,0,0,0,2024-07-03 23:57:05.129794245,
U007845,referral,ios,35-44,1,1,1,0,0,0,2024-07-08 17:55:05.704273480,
U007846,email,ios,18-24,1,1,1,0,0,0,2024-07-15 04:49:45.322062780,
U007847,paid_social,ios,18-24,1,1,0,0,0,0,2024-07-09 00:26:01.198406774,
U007848,organic_search,ios,35-44,1,1,1,1,1,1,2024-07-07 00:28:39.151582572,2024-07-13 10:39:40.889059844
U007849,organic_search,android,35-44,1,1,0,0,0,0,2024-07-20 16:32:26.155739760,
U007850,paid_social,android,35-44,1,0,0,0,0,0,2024-07-16 07:35:00.806720434,
U007851,referral,android,25-34,1,1,1,0,0,0,2024-07-24 12:19:10.411767080,
U007852,email,android,35-44,1,1,1,1,1,0,2024-07-17 06:35:34.827390531,
U007853,organic_search,ios,35-44,1,0,0,0,0,0,2024-07-14 12:52:35.494723124,
U007854,paid_social,ios,45+,1,1,0,0,0,0,2024-07-08 07:33:51.365816820,
U007855,paid_social,android,45+,1,0,0,0,0,0,2024-07-23 04:16:05.765020867,
U007856,paid_social,android,35-44,1,1,1,0,0,0,2024-07-06 12:17:50.343918917,
U007857,organic_search,android,35-44,1,1,1,1,0,0,2024-07-07 18:46:38.971826270,
U007858,organic_search,ios,25-34,1,0,0,0,0,0,2024-07-24 13:32:51.133265026,
U007859,organic_search,ios,18-24,1,1,1,1,0,0,2024-07-21 18:04:52.958244108,
U007860,organic_search,android,18-24,1,1,1,1,0,0,2024-07-18 03:51:03.544539256,
U007861,organic_search,ios,35-44,1,1,1,0,0,0,2024-07-02 02:09:16.548078877,
U007862,organic_search,ios,35-44,1,1,1,1,0,0,2024-07-04 13:31:01.630154409,
U007863,referral,ios,35-44,1,1,0,0,0,0,2024-07-14 23:58:17.087685866,
U007864,paid_social,android,25-34,1,1,1,0,0,0,2024-07-21 21:32:23.123689810,
U007865,app_store,ios,18-24,1,0,0,0,0,0,2024-07-13 23:52:32.810652858,
U007866,organic_search,ios,25-34,1,0,0,0,0,0,2024-07-01 11:37:15.284664242,
U007867,paid_social,ios,25-34,1,0,0,0,0,0,2024-07-06 03:49:45.980774774,
U007868,paid_social,ios,25-34,1,1,0,0,0,0,2024-07-17 11:39:04.399721233,
U007869,organic_search,ios,45+,1,1,1,1,1,1,2024-07-20 10:30:49.910797188,2024-07-21 14:20:31.374130315
U007870,email,ios,18-24,1,0,0,0,0,0,2024-07-01 22:27:49.774112640,
U007871,organic_search,android,25-34,1,1,1,1,1,1,2024-07-02 05:07:08.177971641,2024-07-04 03:28:37.736933731
U007872,app_store,android,25-34,1,1,0,0,0,0,2024-07-08 07:36:01.431312033,
U007873,email,ios,45+,1,1,1,1,1,0,2024-07-03 08:06:47.301479179,
U007874,paid_social,android,45+,1,1,1,0,0,0,2024-07-16 04:11:16.324922187,
U007875,paid_social,android,25-34,1,1,1,0,0,0,2024-07-04 11:07:39.834749600,
U007876,referral,ios,45+,1,1,1,1,1,0,2024-07-19 03:36:12.214993521,
U007877,paid_social,ios,25-34,1,1,0,0,0,0,2024-07-22 18:17:43.492468912,
U007878,referral,ios,18-24,1,1,0,0,0,0,2024-07-28 04:11:13.912949097,
U007879,organic_search,ios,25-34,1,0,0,0,0,0,2024-07-27 13:19:46.121593958,
U007880,organic_search,ios,25-34,1,1,1,1,1,1,2024-07-08 15:42:04.971449185,2024-07-09 01:48:08.381892902
U007881,paid_social,android,35-44,1,1,1,0,0,0,2024-07-01 19:45:47.710665979,
U007882,paid_social,ios,45+,1,1,1,1,1,0,2024-07-10 05:21:54.033217588,
U007883,email,android,35-44,1,1,0,0,0,0,2024-07-20 20:05:55.103189650,
U007884,organic_search,ios,25-34,1,1,1,0,0,0,2024-07-02 16:11:11.085472125,
U007885,email,ios,25-34,1,1,0,0,0,0,2024-07-11 01:43:36.861438720,
U007886,organic_search,ios,18-24,1,1,1,1,1,0,2024-07-09 08:16:45.177425475,
U007887,paid_social,ios,25-34,1,1,0,0,0,0,2024-07-07 03:24:00.962173267,
U007888,paid_social,android,18-24,1,1,0,0,0,0,2024-07-20 18:31:11.521843579,
U007889,paid_social,android,25-34,1,0,0,0,0,0,2024-07-19 10:54:47.474554964,
U007890,organic_search,ios,35-44,1,1,1,1,1,0,2024-07-15 23:51:07.312287884,
U007891,paid_social,android,35-44,1,1,1,0,0,0,2024-07-26 12:02:26.008317722,
U007892,email,android,18-24,1,0,0,0,0,0,2024-07-03 21:18:33.512525074,
U007893,paid_social,android,25-34,1,1,0,0,0,0,2024-07-05 04:35:28.171857494,
U007894,paid_social,ios,25-34,1,1,1,0,0,0,2024-07-11 17:40:41.463967605,
U007895,email,android,18-24,1,1,1,0,0,0,2024-07-19 08:45:09.859866728,
U007896,referral,ios,25-34,1,1,1,1,0,0,2024-07-17 08:30:04.623800101,
U007897,paid_social,android,25-34,1,1,0,0,0,0,2024-07-03 01:45:24.069522420,
U007898,organic_search,ios,35-44,1,1,1,1,1,1,2024-07-27 20:03:41.285223453,2024-08-02 02:51:56.114730186
U007899,email,ios,45+,1,1,1,0,0,0,2024-07-09 13:00:12.803983398,
U007900,referral,ios,25-34,1,0,0,0,0,0,2024-07-11 01:13:46.547264060,
U007901,organic_search,ios,35-44,1,1,1,1,0,0,2024-07-18 11:04:45.209845851,
U007902,organic_search,android,18-24,1,1,1,0,0,0,2024-07-27 11:09:04.419838591,
U007903,email,ios,45+,1,1,1,0,0,0,2024-07-19 13:19:35.388038636,
U007904,organic_search,ios,18-24,1,1,0,0,0,0,2024-07-27 17:36:27.638841805,
U007905,app_store,android,18-24,1,1,1,0,0,0,2024-07-06 06:03:40.434650503,
U007906,organic_search,ios,18-24,1,0,0,0,0,0,2024-07-18 07:50:24.980171323,
U007907,email,ios,25-34,1,1,1,1,1,0,2024-07-24 05:00:23.815227106,
U007908,paid_social,android,25-34,1,0,0,0,0,0,2024-07-15 06:03:51.993602125,
U007909,paid_social,ios,45+,1,1,1,1,0,0,2024-07-11 03:22:50.556566341,
U007910,email,ios,35-44,1,1,1,1,1,0,2024-07-28 13:45:27.835853115,
U007911,paid_social,ios,25-34,1,1,0,0,0,0,2024-07-04 22:44:36.573887601,
U007912,paid_social,android,25-34,1,1,1,0,0,0,2024-07-12 12:08:40.712997325,
U007913,organic_search,android,35-44,1,1,1,0,0,0,2024-07-25 10:54:25.782194750,
U007914,organic_search,ios,35-44,1,1,1,1,1,0,2024-07-26 05:07:23.021947124,
U007915,organic_search,ios,35-44,1,1,1,1,1,1,2024-07-28 10:49:00.380093404,2024-07-29 19:53:42.191001494
U007916,referral,ios,25-34,1,1,1,1,0,0,2024-07-25 18:37:03.295205990,
U007917,organic_search,android,35-44,1,1,0,0,0,0,2024-07-02 10:14:35.235817227,
U007918,organic_search,ios,35-44,1,1,1,1,1,1,2024-07-27 00:48:11.115898819,2024-07-31 20:38:18.643940260
U007919,paid_social,android,18-24,1,1,1,0,0,0,2024-07-12 23:43:42.069451296,
U007920,referral,ios,25-34,1,1,1,1,0,0,2024-07-19 05:53:17.138294962,
U007921,referral,android,35-44,1,1,1,1,1,1,2024-07-12 00:57:12.182689094,2024-07-13 12:18:42.696199508
U007922,organic_search,android,45+,1,0,0,0,0,0,2024-07-23 18:47:05.810943498,
U007923,organic_search,android,25-34,1,1,1,0,0,0,2024-07-17 03:01:03.913280036,
U007924,app_store,ios,45+,1,0,0,0,0,0,2024-07-24 16:12:21.599266647,
U007925,organic_search,android,25-34,1,0,0,0,0,0,2024-07-06 10:12:51.943903041,
U007926,email,ios,25-34,1,1,0,0,0,0,2024-07-06 04:18:31.102831058,
U007927,email,ios,25-34,1,1,1,0,0,0,2024-07-13 07:55:59.558393917,
U007928,email,ios,45+,1,1,1,0,0,0,2024-07-01 03:11:34.937573233,
U007929,organic_search,android,25-34,1,0,0,0,0,0,2024-07-20 09:35:49.868485026,
U007930,email,android,25-34,1,1,1,1,1,1,2024-07-09 06:56:53.178313138,2024-07-10 10:11:46.266818196
U007931,email,ios,18-24,1,0,0,0,0,0,2024-07-16 14:30:18.578361996,
U007932,referral,android,25-34,1,0,0,0,0,0,2024-07-02 23:02:32.613466880,
U007933,paid_social,ios,45+,1,1,1,0,0,0,2024-07-05 18:40:22.834218612,
U007934,organic_search,android,25-34,1,0,0,0,0,0,2024-07-18 10:33:40.904117060,
U007935,organic_search,android,35-44,1,1,1,0,0,0,2024-07-09 13:24:19.027507035,
U007936,paid_social,android,45+,1,1,1,1,1,0,2024-07-07 00:17:35.323503165,
U007937,referral,ios,18-24,1,1,0,0,0,0,2024-07-07 09:47:05.454754152,
U007938,paid_social,android,35-44,1,1,1,1,1,1,2024-07-07 00:21:31.007143918,2024-07-25 04:24:53.692986613
U007939,paid_social,android,25-34,1,0,0,0,0,0,2024-07-18 10:33:21.016862380,
U007940,paid_social,android,18-24,1,1,1,0,0,0,2024-07-05 16:41:18.586044510,
U007941,referral,ios,35-44,1,1,1,1,0,0,2024-07-11 03:44:19.224127989,
U007942,app_store,android,35-44,1,0,0,0,0,0,2024-07-20 06:15:35.905243680,
U007943,organic_search,android,25-34,1,1,1,0,0,0,2024-07-15 09:11:13.021935435,
U007944,paid_social,ios,18-24,1,1,0,0,0,0,2024-07-17 17:22:21.882580050,
U007945,organic_search,ios,45+,1,1,1,1,0,0,2024-07-08 00:36:34.164718700,
U007946,referral,ios,35-44,1,1,0,0,0,0,2024-07-27 02:47:03.821161264,
U007947,referral,android,25-34,1,0,0,0,0,0,2024-07-12 14:07:36.677526880,
U007948,app_store,ios,25-34,1,1,1,1,1,1,2024-07-09 00:50:23.155452560,2024-07-09 18:33:39.519438713
U007949,organic_search,ios,18-24,1,1,0,0,0,0,2024-07-26 07:42:25.904474254,
U007950,app_store,android,25-34,1,1,0,0,0,0,2024-07-19 08:21:16.637247604,
U007951,organic_search,ios,25-34,1,1,0,0,0,0,2024-07-18 04:34:17.832104540,
U007952,referral,ios,25-34,1,1,0,0,0,0,2024-07-25 19:53:08.470520394,
U007953,organic_search,ios,25-34,1,1,1,1,1,1,2024-07-02 15:20:20.660547732,2024-07-03 11:47:58.500966721
U007954,email,android,35-44,1,1,1,0,0,0,2024-07-24 10:55:14.275448738,
U007955,paid_social,android,25-34,1,1,0,0,0,0,2024-07-19 23:31:29.470126900,
U007956,referral,ios,25-34,1,1,1,1,1,0,2024-07-11 01:54:54.569132089,
U007957,email,android,25-34,1,1,1,1,1,1,2024-07-08 04:16:05.167833711,2024-07-11 04:58:39.803361253
U007958,organic_search,ios,25-34,1,1,0,0,0,0,2024-07-03 22:25:46.432993465,
U007959,organic_search,android,25-34,1,0,0,0,0,0,2024-07-27 08:24:06.632660793,
U007960,email,ios,35-44,1,1,1,0,0,0,2024-07-04 23:21:53.760374812,
U007961,paid_social,ios,25-34,1,1,1,1,1,1,2024-07-08 06:20:33.705640154,2024-07-08 22:11:31.495582888
U007962,organic_search,ios,18-24,1,0,0,0,0,0,2024-07-20 08:25:26.488814462,
U007963,paid_social,ios,18-24,1,0,0,0,0,0,2024-07-20 21:13:20.777733793,
U007964,referral,ios,25-34,1,1,0,0,0,0,2024-07-05 12:02:11.650174594,
U007965,organic_search,android,18-24,1,1,1,0,0,0,2024-07-23 19:05:46.104124207,
U007966,organic_search,android,25-34,1,1,1,1,1,1,2024-07-15 06:54:46.961591457,2024-07-16 16:33:03.436198415
U007967,organic_search,ios,25-34,1,0,0,0,0,0,2024-07-24 18:09:46.395696070,
U007968,paid_social,ios,35-44,1,1,1,0,0,0,2024-07-03 10:39:20.815119180,
U007969,email,ios,45+,1,0,0,0,0,0,2024-07-02 04:46:54.333807452,
U007970,app_store,ios,25-34,1,1,1,1,0,0,2024-07-18 20:03:27.130911130,
U007971,referral,android,35-44,1,1,1,0,0,0,2024-07-05 04:48:57.569968069,
U007972,organic_search,ios,35-44,1,0,0,0,0,0,2024-07-15 16:45:56.731438000,
U007973,app_store,android,45+,1,0,0,0,0,0,2024-07-01 09:28:51.910461084,
U007974,paid_social,ios,25-34,1,0,0,0,0,0,2024-07-22 20:06:44.867118207,
U007975,organic_search,ios,35-44,1,0,0,0,0,0,2024-07-26 04:29:03.387695830,
U007976,app_store,ios,45+,1,0,0,0,0,0,2024-07-24 11:43:45.177744007,
U007977,email,ios,25-34,1,1,0,0,0,0,2024-07-27 20:00:47.125573491,
U007978,referral,ios,25-34,1,1,0,0,0,0,2024-07-26 06:52:49.249670545,
U007979,referral,android,45+,1,1,1,0,0,0,2024-07-13 10:22:48.389848050,
U007980,organic_search,ios,35-44,1,1,1,0,0,0,2024-07-12 03:41:23.985866871,
U007981,organic_search,ios,25-34,1,1,1,1,0,0,2024-07-26 02:14:07.529556757,
U007982,referral,android,35-44,1,1,1,0,0,0,2024-07-26 22:54:10.333728205,
U007983,organic_search,ios,25-34,1,1,1,1,1,0,2024-07-28 05:44:44.726170995,
U007984,paid_social,android,18-24,1,1,1,1,1,1,2024-07-22 12:18:33.054531660,2024-07-29 18:48:00.945656208
U007985,email,ios,25-34,1,0,0,0,0,0,2024-07-06 15:44:11.377394188,
U007986,email,ios,25-34,1,1,1,0,0,0,2024-07-27 11:00:33.046079058,
U007987,paid_social,android,35-44,1,1,0,0,0,0,2024-07-27 12:28:44.636521800,
U007988,email,android,25-34,1,1,1,1,1,1,2024-07-19 15:38:24.995578261,2024-07-21 09:16:53.590391291
U007989,email,ios,35-44,1,1,1,0,0,0,2024-07-25 00:05:32.420352674,
U007990,referral,ios,25-34,1,1,1,1,1,0,2024-07-16 17:06:37.998079833,
U007991,organic_search,android,25-34,1,1,0,0,0,0,2024-07-27 10:27:11.906340040,
U007992,organic_search,ios,25-34,1,1,1,1,1,0,2024-07-03 15:07:30.930635586,
U007993,paid_social,ios,25-34,1,0,0,0,0,0,2024-07-25 04:35:00.974535957,
U007994,organic_search,android,45+,1,0,0,0,0,0,2024-07-02 13:17:54.379366648,
U007995,organic_search,android,25-34,1,1,1,0,0,0,2024-07-10 11:52:47.780725836,
U007996,organic_search,android,35-44,1,1,1,1,1,0,2024-07-04 18:56:19.794614841,
U007997,paid_social,android,25-34,1,1,1,0,0,0,2024-07-14 09:58:43.615686277,
U007998,app_store,android,18-24,1,0,0,0,0,0,2024-07-07 12:04:09.905415384,
U007999,organic_search,android,18-24,1,1,1,0,0,0,2024-07-27 15:47:33.500084805,
U008000,referral,android,35-44,1,1,1,0,0,0,2024-07-16 15:51:50.170374327,
U008001,referral,ios,25-34,1,1,1,0,0,0,2024-07-26 03:16:30.197265970,
U008002,organic_search,ios,35-44,1,1,1,0,0,0,2024-07-08 18:51:19.048328542,
U008003,app_store,android,35-44,1,1,0,0,0,0,2024-07-01 17:27:24.913022720,
U008004,referral,android,25-34,1,1,0,0,0,0,2024-07-22 17:14:24.584912142,
U008005,paid_social,ios,25-34,1,0,0,0,0,0,2024-07-20 15:59:52.035004194,
U008006,email,ios,25-34,1,1,1,0,0,0,2024-07-16 06:34:13.389215008,
U008007,organic_search,android,45+,1,1,1,1,1,0,2024-07-23 19:54:37.131760911,
U008008,referral,android,25-34,1,0,0,0,0,0,2024-07-24 12:32:12.114310362,
U008009,organic_search,ios,18-24,1,0,0,0,0,0,2024-07-17 11:04:15.682757566,
U008010,email,android,25-34,1,1,1,1,1,1,2024-07-28 01:06:12.514053045,2024-07-29 20:19:02.626572899
U008011,paid_social,android,35-44,1,1,0,0,0,0,2024-07-21 03:38:47.143675838,
U008012,referral,android,35-44,1,1,1,1,0,0,2024-07-19 22:51:36.910012629,
U008013,organic_search,android,45+,1,1,1,1,0,0,2024-07-11 02:52:31.600557876,
U008014,referral,ios,45+,1,1,1,1,1,0,2024-07-01 01:31:03.953349137,
U008015,email,android,25-34,1,0,0,0,0,0,2024-07-07 17:54:48.516684796,
U008016,paid_social,ios,25-34,1,1,1,1,0,0,2024-07-22 09:21:16.490085951,
U008017,referral,android,35-44,1,1,1,0,0,0,2024-07-20 21:02:00.538734411,
U008018,paid_social,ios,45+,1,1,1,1,0,0,2024-07-10 06:26:48.772772962,
U008019,email,ios,25-34,1,1,1,0,0,0,2024-07-18 12:23:30.332003391,
U008020,paid_social,ios,25-34,1,1,0,0,0,0,2024-07-06 11:13:59.470341412,
U008021,email,ios,45+,1,1,0,0,0,0,2024-07-08 09:09:28.178455672,
U008022,email,android,25-34,1,1,1,1,1,0,2024-07-27 12:39:29.660768920,
U008023,paid_social,android,25-34,1,1,1,0,0,0,2024-07-12 13:39:26.442045792,
U008024,organic_search,android,45+,1,1,0,0,0,0,2024-07-07 20:37:53.988127788,
U008025,paid_social,android,35-44,1,1,1,1,1,0,2024-07-14 15:20:12.270752887,
U008026,email,ios,25-34,1,1,0,0,0,0,2024-07-11 20:04:28.816381595,
U008027,organic_search,android,25-34,1,1,1,0,0,0,2024-07-21 10:14:36.647154956,
U008028,paid_social,android,25-34,1,1,0,0,0,0,2024-07-27 22:32:31.284822739,
U008029,email,android,45+,1,0,0,0,0,0,2024-07-17 13:38:51.177248048,
U008030,paid_social,ios,45+,1,0,0,0,0,0,2024-07-17 13:15:03.274637785,
U008031,referral,android,35-44,1,1,1,1,1,0,2024-07-11 05:10:06.071023851,
U008032,organic_search,android,25-34,1,1,1,0,0,0,2024-07-16 19:25:55.150634632,
U008033,organic_search,ios,18-24,1,1,0,0,0,0,2024-07-09 22:35:20.393563765,
U008034,email,android,35-44,1,1,0,0,0,0,2024-07-01 00:44:01.946176418,
U008035,organic_search,android,25-34,1,0,0,0,0,0,2024-07-25 06:00:59.861427631,
U008036,organic_search,ios,35-44,1,0,0,0,0,0,2024-07-13 00:35:11.131694109,
U008037,email,android,35-44,1,0,0,0,0,0,2024-07-14 18:41:00.463042629,
U008038,paid_social,android,25-34,1,1,1,0,0,0,2024-07-03 08:06:45.414598406,
U008039,app_store,android,45+,1,0,0,0,0,0,2024-07-24 10:32:17.754030322,
U008040,app_store,ios,18-24,1,0,0,0,0,0,2024-07-05 18:27:59.440657467,
U008041,organic_search,android,35-44,1,1,1,0,0,0,2024-07-12 11:56:14.707331016,
U008042,organic_search,ios,25-34,1,1,0,0,0,0,2024-07-24 12:39:30.411456940,
U008043,referral,ios,35-44,1,1,1,0,0,0,2024-07-13 19:37:48.488964546,
U008044,paid_social,android,35-44,1,1,0,0,0,0,2024-07-27 01:44:03.729960470,
U008045,organic_search,android,18-24,1,1,1,0,0,0,2024-07-06 20:39:33.162835330,
U008046,referral,android,25-34,1,0,0,0,0,0,2024-07-21 00:38:11.262226581,
U008047,organic_search,ios,18-24,1,0,0,0,0,0,2024-07-28 09:12:54.028200531,
U008048,email,ios,18-24,1,0,0,0,0,0,2024-07-16 09:20:25.311163376,
U008049,organic_search,android,35-44,1,1,1,1,0,0,2024-07-20 09:08:51.287599546,
U008050,organic_search,ios,25-34,1,1,0,0,0,0,2024-07-12 00:14:53.934906760,
U008051,organic_search,android,25-34,1,1,1,1,0,0,2024-07-22 00:53:55.292263854,
U008052,app_store,android,25-34,1,1,1,0,0,0,2024-07-26 10:45:48.117542205,
U008053,referral,android,25-34,1,1,1,1,1,1,2024-07-20 16:27:12.027808641,2024-07-21 00:42:51.909763258
U008054,email,ios,35-44,1,1,0,0,0,0,2024-07-27 04:56:38.738572864,
U008055,paid_social,android,25-34,1,1,1,0,0,0,2024-07-17 11:34:28.495699795,
U008056,paid_social,android,35-44,1,1,1,1,1,0,2024-07-17 03:50:10.895938969,
U008057,organic_search,ios,35-44,1,1,0,0,0,0,2024-07-09 12:42:34.577313667,
U008058,paid_social,ios,18-24,1,0,0,0,0,0,2024-07-20 20:52:10.826623430,
U008059,referral,ios,35-44,1,1,1,1,1,1,2024-07-25 16:40:19.540632489,2024-07-28 10:26:02.686527120
U008060,referral,ios,25-34,1,1,0,0,0,0,2024-07-19 02:19:28.214251111,
U008061,organic_search,android,18-24,1,0,0,0,0,0,2024-07-07 12:36:08.482472092,
U008062,app_store,android,25-34,1,1,1,1,1,0,2024-07-16 05:38:28.770334702,
U008063,organic_search,android,25-34,1,1,1,0,0,0,2024-07-22 03:59:23.799088863,
U008064,app_store,android,35-44,1,1,1,0,0,0,2024-07-27 07:15:07.731340164,
U008065,organic_search,android,18-24,1,1,1,0,0,0,2024-07-05 09:13:57.163000123,
U008066,paid_social,ios,18-24,1,1,0,0,0,0,2024-07-04 13:40:40.962466304,
U008067,paid_social,android,25-34,1,0,0,0,0,0,2024-07-12 13:29:52.988339446,
U008068,paid_social,android,25-34,1,1,1,0,0,0,2024-07-04 12:24:38.541163946,
U008069,referral,android,35-44,1,1,1,0,0,0,2024-07-28 10:50:53.625132384,
U008070,paid_social,android,25-34,1,1,1,0,0,0,2024-07-12 21:07:57.125329967,
U008071,paid_social,android,35-44,1,1,1,0,0,0,2024-07-15 22:35:10.567729075,
U008072,referral,android,45+,1,1,0,0,0,0,2024-07-07 08:36:10.760503471,
U008073,referral,android,25-34,1,1,1,0,0,0,2024-07-13 13:48:45.918060537,
U008074,email,ios,35-44,1,1,1,1,0,0,2024-07-28 13:42:51.567216264,
U008075,organic_search,android,25-34,1,1,0,0,0,0,2024-07-14 16:23:51.956586974,
U008076,referral,android,18-24,1,1,0,0,0,0,2024-07-01 05:55:46.841306214,
U008077,referral,ios,25-34,1,1,1,1,1,1,2024-07-07 18:58:42.601182326,2024-07-08 07:22:25.977848588
U008078,paid_social,ios,18-24,1,1,1,0,0,0,2024-07-28 09:31:17.925893598,
U008079,paid_social,android,45+,1,1,1,0,0,0,2024-07-28 16:39:12.128443243,
U008080,paid_social,ios,25-34,1,0,0,0,0,0,2024-07-06 21:27:04.882775709,
U008081,organic_search,ios,35-44,1,1,1,0,0,0,2024-07-18 05:27:26.881311852,
U008082,organic_search,android,25-34,1,0,0,0,0,0,2024-07-03 03:40:56.633158700,
U008083,organic_search,android,35-44,1,1,0,0,0,0,2024-07-17 04:02:26.821402047,
U008084,referral,android,25-34,1,0,0,0,0,0,2024-07-04 12:37:07.361035989,
U008085,referral,ios,35-44,1,1,1,1,1,1,2024-07-23 22:08:25.957996317,2024-07-24 16:16:25.774989394
U008086,app_store,ios,18-24,1,0,0,0,0,0,2024-07-27 07:23:39.810007348,
U008087,referral,ios,45+,1,1,1,1,1,1,2024-07-05 20:14:49.686033307,2024-07-06 08:47:58.076910365
U008088,organic_search,ios,35-44,1,1,0,0,0,0,2024-07-13 22:56:33.278264599,
U008089,email,ios,35-44,1,0,0,0,0,0,2024-07-03 20:34:22.421909834,
U008090,email,android,18-24,1,1,1,1,1,0,2024-07-10 11:54:07.505110940,
U008091,paid_social,android,25-34,1,0,0,0,0,0,2024-07-02 19:44:44.488316666,
U008092,referral,ios,45+,1,1,1,0,0,0,2024-07-08 09:46:30.960579759,
U008093,app_store,ios,18-24,1,1,1,1,0,0,2024-07-28 17:25:49.095422439,
U008094,paid_social,ios,18-24,1,1,1,1,1,1,2024-07-02 05:58:24.224303935,2024-07-18 05:56:43.201878223
U008095,app_store,ios,25-34,1,1,0,0,0,0,2024-07-25 01:13:36.183013489,
U008096,organic_search,ios,25-34,1,1,0,0,0,0,2024-07-03 04:02:53.276102728,
U008097,organic_search,android,25-34,1,0,0,0,0,0,2024-07-15 19:29:09.375759117,
U008098,paid_social,ios,25-34,1,0,0,0,0,0,2024-07-13 15:49:28.201840233,
U008099,referral,ios,25-34,1,1,0,0,0,0,2024-07-27 02:00:17.033521942,
U008100,email,ios,18-24,1,1,1,0,0,0,2024-07-06 13:45:41.426840088,
U008101,app_store,android,25-34,1,1,1,1,0,0,2024-07-06 00:44:46.731606414,
U008102,paid_social,ios,25-34,1,1,0,0,0,0,2024-07-21 23:08:09.123063298,
U008103,organic_search,ios,35-44,1,1,0,0,0,0,2024-07-21 07:41:00.549324376,
U008104,email,ios,18-24,1,1,0,0,0,0,2024-07-20 13:51:00.539176179,
U008105,referral,android,35-44,1,1,0,0,0,0,2024-07-01 17:33:26.719444224,
U008106,organic_search,ios,25-34,1,0,0,0,0,0,2024-07-08 06:41:34.474124900,
U008107,paid_social,ios,25-34,1,1,0,0,0,0,2024-07-24 12:24:34.414265120,
U008108,referral,ios,25-34,1,1,1,1,1,1,2024-07-17 19:46:35.967428223,2024-07-18 23:30:34.241425023
U008109,email,ios,18-24,1,1,1,1,1,1,2024-07-17 20:40:29.952235293,2024-07-20 13:58:23.842933502
U008110,paid_social,ios,35-44,1,1,0,0,0,0,2024-07-09 06:51:21.451795318,
U008111,paid_social,ios,25-34,1,1,1,1,0,0,2024-07-08 06:50:10.735836968,
U008112,app_store,ios,35-44,1,1,0,0,0,0,2024-07-27 12:05:05.585093761,
U008113,referral,ios,45+,1,1,0,0,0,0,2024-07-21 09:03:05.570601692,
U008114,paid_social,ios,25-34,1,0,0,0,0,0,2024-07-04 13:15:14.512186206,
U008115,organic_search,ios,25-34,1,1,1,1,0,0,2024-07-27 06:08:20.634434192,
U008116,referral,ios,25-34,1,1,1,1,0,0,2024-07-17 07:21:09.871278238,
U008117,organic_search,android,45+,1,1,1,0,0,0,2024-07-10 08:01:10.238142586,
U008118,organic_search,android,35-44,1,1,0,0,0,0,2024-07-12 02:52:39.748729908,
U008119,paid_social,android,35-44,1,0,0,0,0,0,2024-07-21 07:28:18.591445052,
U008120,organic_search,android,25-34,1,1,0,0,0,0,2024-07-11 12:51:18.798958972,
U008121,referral,android,35-44,1,1,1,1,0,0,2024-07-17 04:54:59.418027734,
U008122,organic_search,android,35-44,1,1,0,0,0,0,2024-07-20 21:27:20.382291820,
U008123,referral,android,25-34,1,1,1,0,0,0,2024-07-06 11:17:31.193482588,
U008124,organic_search,ios,25-34,1,1,1,1,1,1,2024-07-27 10:31:49.003517974,2024-07-27 23:25:45.284271174
U008125,organic_search,ios,25-34,1,1,1,1,0,0,2024-07-10 23:20:53.168656542,
U008126,organic_search,android,18-24,1,1,1,1,1,0,2024-07-12 17:49:11.412320469,
U008127,app_store,android,35-44,1,1,0,0,0,0,2024-07-20 13:24:05.958745830,
U008128,email,ios,18-24,1,0,0,0,0,0,2024-07-18 01:06:12.888246877,
U008129,organic_search,android,25-34,1,0,0,0,0,0,2024-07-13 07:45:37.909523260,
U008130,email,ios,25-34,1,1,1,0,0,0,2024-07-19 04:37:35.943895675,
U008131,referral,ios,25-34,1,1,1,1,0,0,2024-07-26 06:42:02.241678290,
U008132,app_store,ios,25-34,1,0,0,0,0,0,2024-07-23 09:47:26.125388595,
U008133,paid_social,ios,45+,1,1,1,1,0,0,2024-07-24 01:54:07.396882588,
U008134,referral,ios,25-34,1,1,1,0,0,0,2024-07-08 05:39:01.622006042,
U008135,organic_search,android,18-24,1,1,1,1,1,0,2024-07-12 17:50:20.582620843,
U008136,paid_social,android,35-44,1,1,1,0,0,0,2024-07-16 12:09:59.267489500,
U008137,app_store,android,25-34,1,0,0,0,0,0,2024-07-02 05:41:46.429715461,
U008138,paid_social,ios,18-24,1,1,1,1,1,0,2024-07-22 13:18:01.242768823,
U008139,organic_search,android,18-24,1,1,1,0,0,0,2024-07-10 01:22:02.716344984,
U008140,organic_search,ios,18-24,1,1,1,1,1,1,2024-07-08 21:54:16.431996823,2024-07-16 03:09:02.131040811
U008141,referral,ios,25-34,1,1,1,1,1,0,2024-07-08 06:14:39.229034388,
U008142,referral,android,25-34,1,1,1,1,0,0,2024-07-08 22:25:51.118904218,
U008143,paid_social,ios,18-24,1,1,1,0,0,0,2024-07-10 11:08:45.481956226,
U008144,app_store,ios,35-44,1,0,0,0,0,0,2024-07-17 22:26:31.570897844,
U008145,organic_search,ios,18-24,1,0,0,0,0,0,2024-07-17 08:09:21.226740631,
U008146,paid_social,android,45+,1,0,0,0,0,0,2024-07-08 03:50:17.874313656,
U008147,app_store,ios,25-34,1,0,0,0,0,0,2024-07-06 18:43:01.609885902,
U008148,paid_social,android,18-24,1,1,1,1,0,0,2024-07-24 03:18:45.733420627,
U008149,organic_search,android,45+,1,1,0,0,0,0,2024-07-03 14:18:36.298506664,
U008150,paid_social,android,25-34,1,0,0,0,0,0,2024-07-15 08:37:01.017433282,
U008151,email,android,25-34,1,1,1,1,1,0,2024-07-15 13:49:00.866838698,
U008152,organic_search,ios,25-34,1,1,1,1,1,1,2024-07-17 01:49:11.763038676,2024-07-20 10:50:22.373611202
U008153,app_store,ios,35-44,1,1,1,1,1,1,2024-07-25 19:09:24.760402542,2024-07-28 13:59:01.868522614
U008154,email,ios,25-34,1,1,1,0,0,0,2024-07-18 11:16:12.603877262,
U008155,organic_search,ios,18-24,1,0,0,0,0,0,2024-07-28 06:16:54.807307219,
U008156,referral,android,18-24,1,1,1,1,1,0,2024-07-25 09:32:57.379237241,
U008157,paid_social,ios,35-44,1,1,1,0,0,0,2024-07-07 00:18:19.635751461,
U008158,paid_social,ios,25-34,1,1,0,0,0,0,2024-07-07 18:04:30.664097047,
U008159,email,android,18-24,1,0,0,0,0,0,2024-07-10 15:41:17.589605982,
U008160,app_store,android,25-34,1,0,0,0,0,0,2024-07-11 23:05:51.672961852,
U008161,organic_search,android,35-44,1,1,1,0,0,0,2024-07-16 11:36:45.795048375,
U008162,paid_social,android,25-34,1,0,0,0,0,0,2024-07-07 12:14:54.561502824,
U008163,paid_social,android,25-34,1,1,0,0,0,0,2024-07-07 05:24:57.462150423,
U008164,paid_social,android,35-44,1,1,1,1,1,0,2024-07-11 16:17:38.584864856,
U008165,paid_social,ios,18-24,1,0,0,0,0,0,2024-07-19 19:35:58.315484288,
U008166,organic_search,android,35-44,1,1,1,0,0,0,2024-07-20 06:25:13.483202300,
U008167,referral,android,45+,1,1,1,1,1,1,2024-07-28 07:57:01.617505470,2024-07-28 16:06:01.115944502
U008168,paid_social,ios,35-44,1,1,1,0,0,0,2024-07-06 16:01:23.417743652,
U008169,organic_search,ios,18-24,1,1,1,1,1,1,2024-07-12 00:00:04.860172407,2024-07-12 09:03:28.811559757
U008170,email,android,25-34,1,1,1,0,0,0,2024-07-28 00:15:47.803014176,
U008171,email,android,18-24,1,1,1,1,1,0,2024-07-20 07:41:09.150256503,
U008172,paid_social,ios,45+,1,1,1,0,0,0,2024-07-17 14:00:40.207249429,
U008173,organic_search,ios,45+,1,1,1,1,1,0,2024-07-16 02:38:31.727550138,
U008174,referral,android,25-34,1,1,1,1,1,0,2024-07-03 02:44:34.711625630,
U008175,organic_search,android,35-44,1,1,0,0,0,0,2024-07-26 00:20:49.918287451,
U008176,organic_search,ios,35-44,1,0,0,0,0,0,2024-07-18 12:20:22.217132227,
U008177,referral,ios,25-34,1,1,0,0,0,0,2024-07-17 00:09:37.793259500,
U008178,organic_search,android,18-24,1,0,0,0,0,0,2024-07-16 02:32:39.230564200,
U008179,organic_search,ios,18-24,1,1,1,1,1,0,2024-07-11 23:21:58.850351233,
U008180,organic_search,android,25-34,1,1,1,0,0,0,2024-07-08 03:08:04.821340272,
U008181,organic_search,ios,45+,1,1,0,0,0,0,2024-07-22 03:34:34.946921182,
U008182,organic_search,ios,45+,1,1,0,0,0,0,2024-07-15 06:25:45.738969013,
U008183,app_store,ios,18-24,1,1,1,1,1,1,2024-07-01 22:48:26.516514081,2024-07-09 09:37:26.807000350
U008184,organic_search,ios,25-34,1,1,1,1,0,0,2024-07-12 04:11:29.413848818,
U008185,organic_search,ios,25-34,1,1,1,0,0,0,2024-07-27 00:01:17.921588678,
U008186,organic_search,ios,35-44,1,1,1,1,1,1,2024-07-11 11:15:25.723279656,2024-07-19 19:17:10.339028750
U008187,app_store,android,35-44,1,0,0,0,0,0,2024-07-12 13:41:33.292773549,
U008188,paid_social,ios,25-34,1,0,0,0,0,0,2024-07-18 11:18:06.748894742,
U008189,paid_social,android,25-34,1,1,0,0,0,0,2024-07-23 10:43:31.685391382,
U008190,email,ios,18-24,1,0,0,0,0,0,2024-07-19 17:12:21.135951241,
U008191,paid_social,android,25-34,1,1,1,0,0,0,2024-07-24 19:14:12.405532632,
U008192,paid_social,ios,45+,1,0,0,0,0,0,2024-07-04 04:35:17.644168856,
U008193,organic_search,ios,18-24,1,0,0,0,0,0,2024-07-26 21:19:34.304988475,
U008194,paid_social,android,25-34,1,1,1,1,1,0,2024-07-26 07:26:07.938889623,
U008195,paid_social,android,25-34,1,1,1,1,1,0,2024-07-15 12:52:04.260667854,
U008196,referral,android,25-34,1,1,1,0,0,0,2024-07-18 11:49:36.421654796,
U008197,organic_search,android,25-34,1,1,1,1,1,1,2024-07-06 23:00:37.331047231,2024-07-07 18:18:29.653351509
U008198,referral,android,25-34,1,1,0,0,0,0,2024-07-13 13:01:14.441964574,
U008199,organic_search,ios,45+,1,1,0,0,0,0,2024-07-06 16:12:59.970737210,
U008200,organic_search,android,25-34,1,0,0,0,0,0,2024-07-01 14:46:05.981694114,
U008201,paid_social,android,25-34,1,1,1,1,1,1,2024-07-28 11:10:00.702412964,2024-08-05 14:41:42.044842388
U008202,app_store,android,18-24,1,1,0,0,0,0,2024-07-08 06:08:47.250806128,
U008203,paid_social,android,35-44,1,1,1,1,1,0,2024-07-17 14:34:07.620885642,
U008204,referral,ios,25-34,1,0,0,0,0,0,2024-07-09 09:46:05.727854798,
U008205,organic_search,ios,35-44,1,1,1,0,0,0,2024-07-11 09:03:27.823613083,
U008206,organic_search,android,25-34,1,0,0,0,0,0,2024-07-12 03:17:44.762522240,
U008207,organic_search,android,18-24,1,1,1,0,0,0,2024-07-10 09:09:05.052420853,
U008208,paid_social,android,18-24,1,1,0,0,0,0,2024-07-18 20:19:57.497795173,
U008209,organic_search,android,45+,1,1,1,0,0,0,2024-07-27 21:44:57.025566034,
U008210,organic_search,ios,25-34,1,0,0,0,0,0,2024-07-13 00:02:32.945295080,
U008211,email,ios,18-24,1,1,1,1,1,1,2024-07-28 06:04:32.010832077,2024-07-28 20:17:23.277648756
U008212,organic_search,ios,18-24,1,1,0,0,0,0,2024-07-19 16:45:35.076584498,
U008213,referral,android,25-34,1,1,1,1,1,1,2024-07-17 23:59:43.882994824,2024-07-18 11:05:55.472156162
U008214,paid_social,android,18-24,1,1,0,0,0,0,2024-07-07 15:20:01.638271953,
U008215,paid_social,ios,25-34,1,1,1,1,0,0,2024-07-02 18:16:57.771711782,
U008216,referral,android,25-34,1,0,0,0,0,0,2024-07-24 20:30:00.596289992,
U008217,paid_social,ios,25-34,1,1,0,0,0,0,2024-07-17 01:42:54.989893976,
U008218,organic_search,ios,18-24,1,0,0,0,0,0,2024-07-12 14:29:10.015978275,
U008219,referral,android,25-34,1,1,1,0,0,0,2024-07-23 17:38:31.345596459,
U008220,email,ios,25-34,1,1,0,0,0,0,2024-07-09 16:42:36.061531048,
U008221,organic_search,android,18-24,1,1,1,1,1,0,2024-07-22 22:35:26.865629286,
U008222,organic_search,android,25-34,1,1,1,1,1,1,2024-07-10 04:23:30.110613705,2024-07-10 18:23:07.431880663
U008223,email,android,25-34,1,1,1,0,0,0,2024-07-26 18:49:55.766148952,
U008224,paid_social,ios,25-34,1,0,0,0,0,0,2024-07-08 12:04:25.462685895,
U008225,referral,ios,35-44,1,1,1,1,1,1,2024-07-04 20:26:10.921236403,2024-07-05 02:39:42.839216891
U008226,paid_social,android,25-34,1,0,0,0,0,0,2024-07-20 13:07:15.556838898,
U008227,organic_search,android,35-44,1,1,1,1,0,0,2024-07-05 13:26:00.074614293,
U008228,referral,android,18-24,1,0,0,0,0,0,2024-07-27 13:58:19.091259112,
U008229,paid_social,ios,25-34,1,1,1,1,0,0,2024-07-19 08:31:58.927891144,
U008230,organic_search,ios,25-34,1,1,1,0,0,0,2024-07-07 11:08:18.111779523,
U008231,paid_social,android,25-34,1,1,1,1,1,1,2024-07-06 20:19:34.765823308,2024-07-12 03:58:40.453868660
U008232,email,android,25-34,1,1,1,0,0,0,2024-07-26 20:50:38.494640122,
U008233,referral,ios,25-34,1,0,0,0,0,0,2024-07-18 00:28:49.862766457,
U008234,organic_search,ios,35-44,1,1,1,1,1,0,2024-07-26 00:35:26.147341910,
U008235,paid_social,android,18-24,1,1,0,0,0,0,2024-07-04 02:04:16.815563022,
U008236,referral,ios,45+,1,1,1,1,1,1,2024-07-26 21:51:48.799545141,2024-07-27 21:15:26.063265761
U008237,email,ios,18-24,1,1,1,0,0,0,2024-07-15 13:28:23.295576097,
U008238,referral,ios,35-44,1,1,1,1,1,1,2024-07-19 17:10:46.299988804,2024-07-21 00:11:15.514284032
U008239,organic_search,ios,25-34,1,1,1,1,1,1,2024-07-11 10:34:20.340752667,2024-07-11 23:38:57.356612353
U008240,referral,android,45+,1,1,0,0,0,0,2024-07-02 15:44:32.266996494,
U008241,referral,ios,18-24,1,1,1,1,1,1,2024-07-27 19:45:26.930094152,2024-07-28 04:59:12.234322110
U008242,organic_search,ios,25-34,1,1,1,1,1,1,2024-07-28 20:22:12.277779240,2024-07-30 04:00:47.245406554
U008243,paid_social,ios,25-34,1,1,1,0,0,0,2024-07-11 04:58:31.736521264,
U008244,paid_social,ios,45+,1,0,0,0,0,0,2024-07-27 10:16:45.295655988,
U008245,referral,android,45+,1,0,0,0,0,0,2024-07-05 16:42:43.443094215,
U008246,organic_search,ios,18-24,1,0,0,0,0,0,2024-07-05 07:56:52.620614026,
U008247,referral,android,35-44,1,0,0,0,0,0,2024-07-03 01:07:52.163350186,
U008248,app_store,ios,25-34,1,0,0,0,0,0,2024-07-11 22:55:58.950827576,
U008249,email,ios,18-24,1,1,1,0,0,0,2024-07-02 11:08:49.603639325,
U008250,app_store,ios,18-24,1,1,0,0,0,0,2024-07-12 01:12:34.673111521,
U008251,app_store,ios,45+,1,0,0,0,0,0,2024-07-04 20:59:54.124989277,
U008252,organic_search,android,25-34,1,1,1,1,1,1,2024-07-21 10:54:52.843050097,2024-07-23 11:23:09.393842259
U008253,referral,ios,18-24,1,1,1,1,1,1,2024-07-24 08:01:10.921274637,2024-07-25 21:39:23.254050505
U008254,paid_social,android,25-34,1,1,1,1,1,1,2024-07-20 06:12:43.082924781,2024-07-25 23:16:08.711932245
U008255,email,ios,25-34,1,0,0,0,0,0,2024-07-06 14:43:55.453573549,
U008256,organic_search,ios,25-34,1,0,0,0,0,0,2024-07-22 11:19:19.148282925,
U008257,app_store,ios,25-34,1,1,1,1,0,0,2024-07-07 23:39:50.876662899,
U008258,referral,android,25-34,1,0,0,0,0,0,2024-07-22 06:22:34.813786260,
U008259,email,ios,18-24,1,0,0,0,0,0,2024-07-16 21:17:28.213189350,
U008260,organic_search,ios,25-34,1,1,1,1,0,0,2024-07-11 06:25:50.919411694,
U008261,organic_search,ios,18-24,1,0,0,0,0,0,2024-07-03 08:06:24.760896447,
U008262,email,ios,45+,1,0,0,0,0,0,2024-07-24 04:05:11.006125155,
U008263,organic_search,android,18-24,1,1,1,1,1,1,2024-07-27 07:26:48.345995065,2024-07-27 21:01:17.631051081
U008264,email,ios,35-44,1,1,0,0,0,0,2024-07-19 15:29:48.293377540,
U008265,organic_search,android,25-34,1,1,1,0,0,0,2024-07-28 00:10:18.958144767,
U008266,referral,android,25-34,1,1,1,0,0,0,2024-07-27 03:43:22.344948804,
U008267,paid_social,ios,25-34,1,0,0,0,0,0,2024-07-06 10:46:36.643224439,
U008268,referral,ios,35-44,1,1,1,1,1,0,2024-07-21 11:22:28.913728796,
U008269,referral,android,35-44,1,1,0,0,0,0,2024-07-10 18:43:58.219183671,
U008270,paid_social,ios,25-34,1,0,0,0,0,0,2024-07-14 15:36:41.998680363,
U008271,organic_search,ios,25-34,1,0,0,0,0,0,2024-07-05 09:28:50.771035286,
U008272,organic_search,android,35-44,1,1,0,0,0,0,2024-07-28 07:03:06.392357074,
U008273,referral,android,18-24,1,0,0,0,0,0,2024-07-21 07:57:51.557138449,
U008274,paid_social,android,35-44,1,1,1,1,0,0,2024-07-08 11:21:44.582659239,
U008275,referral,android,18-24,1,1,1,1,1,1,2024-07-11 09:37:44.312854508,2024-07-11 20:52:35.737014114
U008276,paid_social,ios,35-44,1,0,0,0,0,0,2024-07-12 19:54:30.696584194,
U008277,paid_social,ios,25-34,1,0,0,0,0,0,2024-07-21 22:20:33.585448779,
U008278,paid_social,ios,18-24,1,0,0,0,0,0,2024-07-26 22:04:06.827768979,
U008279,organic_search,android,35-44,1,1,0,0,0,0,2024-07-10 00:00:27.969716275,
U008280,paid_social,android,25-34,1,1,1,1,1,1,2024-07-14 05:31:12.213567991,2024-07-15 15:37:51.090839345
U008281,app_store,ios,25-34,1,0,0,0,0,0,2024-07-17 14:38:07.760201708,
U008282,email,ios,25-34,1,1,1,0,0,0,2024-07-12 00:19:37.786414843,
U008283,paid_social,ios,25-34,1,1,0,0,0,0,2024-07-15 02:48:35.457486264,
U008284,referral,android,18-24,1,0,0,0,0,0,2024-07-03 23:02:07.896125432,
U008285,email,android,45+,1,1,1,0,0,0,2024-07-05 16:40:37.878772627,
U008286,paid_social,ios,35-44,1,1,1,0,0,0,2024-07-12 05:32:24.161466973,
U008287,organic_search,android,18-24,1,1,0,0,0,0,2024-07-26 14:50:20.457275319,
U008288,organic_search,android,35-44,1,0,0,0,0,0,2024-07-10 18:46:06.984265418,
U008289,paid_social,ios,25-34,1,0,0,0,0,0,2024-07-07 23:51:38.762577248,
U008290,app_store,android,25-34,1,1,1,1,1,1,2024-07-21 19:12:12.284678566,2024-07-22 22:59:31.672407238
U008291,referral,ios,25-34,1,1,1,0,0,0,2024-07-27 13:48:55.697772531,
U008292,organic_search,ios,35-44,1,1,1,1,1,1,2024-07-13 20:31:51.854400134,2024-07-16 10:25:14.333247134
U008293,organic_search,ios,35-44,1,0,0,0,0,0,2024-07-01 05:46:57.108508129,
U008294,email,android,25-34,1,1,1,0,0,0,2024-07-20 06:26:10.862705814,
U008295,email,android,25-34,1,1,1,1,0,0,2024-07-12 14:55:15.091269776,
U008296,referral,ios,25-34,1,1,1,0,0,0,2024-07-19 20:41:23.282181949,
U008297,referral,android,25-34,1,1,1,1,1,0,2024-07-08 18:37:31.795094010,
U008298,organic_search,ios,18-24,1,0,0,0,0,0,2024-07-01 01:37:05.781521996,
U008299,email,android,25-34,1,1,1,0,0,0,2024-07-10 15:30:05.252389365,
U008300,email,android,35-44,1,0,0,0,0,0,2024-07-20 17:37:13.635249229,
U008301,organic_search,ios,35-44,1,1,1,1,0,0,2024-07-12 00:10:19.654255830,
U008302,referral,ios,25-34,1,1,1,1,1,0,2024-07-07 03:17:06.078649084,
U008303,organic_search,android,25-34,1,1,1,0,0,0,2024-07-13 23:48:45.405713217,
U008304,organic_search,ios,35-44,1,1,1,1,1,0,2024-07-22 01:34:41.547563453,
U008305,organic_search,android,45+,1,1,1,1,0,0,2024-07-04 08:15:32.523567948,
U008306,organic_search,ios,25-34,1,0,0,0,0,0,2024-07-20 08:51:26.519797969,
U008307,paid_social,android,18-24,1,1,1,1,1,0,2024-07-19 16:27:18.662386510,
U008308,paid_social,ios,35-44,1,0,0,0,0,0,2024-07-11 09:08:09.078534124,
U008309,paid_social,ios,35-44,1,1,1,0,0,0,2024-07-28 04:03:57.314185271,
U008310,paid_social,ios,18-24,1,1,0,0,0,0,2024-07-26 01:14:31.060502865,
U008311,organic_search,android,25-34,1,1,1,1,1,0,2024-07-09 20:27:37.854356367,
U008312,organic_search,ios,25-34,1,0,0,0,0,0,2024-07-01 20:53:35.573138386,
U008313,referral,ios,25-34,1,1,1,0,0,0,2024-07-09 15:10:50.988477691,
U008314,paid_social,android,35-44,1,1,1,0,0,0,2024-07-06 17:34:23.323395291,
U008315,organic_search,android,25-34,1,1,1,1,0,0,2024-07-16 07:45:11.830463935,
U008316,email,ios,35-44,1,1,0,0,0,0,2024-07-26 17:23:46.503723868,
U008317,referral,android,25-34,1,1,1,0,0,0,2024-07-25 08:52:00.504282770,
U008318,email,android,25-34,1,1,1,0,0,0,2024-07-09 13:31:01.893384350,
U008319,paid_social,ios,35-44,1,1,0,0,0,0,2024-07-13 00:01:03.153177796,
U008320,organic_search,ios,35-44,1,1,1,1,1,1,2024-07-02 00:33:22.888013288,2024-07-04 13:53:48.732535337
U008321,referral,android,45+,1,1,1,0,0,0,2024-07-16 05:40:40.357704820,
U008322,organic_search,android,25-34,1,0,0,0,0,0,2024-07-02 18:34:59.817338724,
U008323,paid_social,ios,18-24,1,0,0,0,0,0,2024-07-27 06:44:36.037341438,
U008324,organic_search,ios,45+,1,1,0,0,0,0,2024-07-25 06:34:46.333274617,
U008325,email,ios,35-44,1,1,1,1,0,0,2024-07-06 23:56:02.705877607,
U008326,organic_search,android,45+,1,0,0,0,0,0,2024-07-20 13:58:32.710322262,
U008327,app_store,ios,18-24,1,1,0,0,0,0,2024-07-16 21:42:34.909182720,
U008328,email,ios,25-34,1,1,1,0,0,0,2024-07-23 10:30:44.578119150,
U008329,paid_social,android,18-24,1,0,0,0,0,0,2024-07-14 07:38:17.576653275,
U008330,referral,android,35-44,1,0,0,0,0,0,2024-07-06 08:52:14.751434650,
U008331,referral,ios,45+,1,0,0,0,0,0,2024-07-18 21:58:29.153577154,
U008332,email,ios,25-34,1,0,0,0,0,0,2024-07-03 05:56:54.167068590,
U008333,paid_social,ios,18-24,1,0,0,0,0,0,2024-07-17 08:50:35.268234648,
U008334,email,ios,18-24,1,1,0,0,0,0,2024-07-06 22:56:15.465379614,
U008335,paid_social,android,25-34,1,1,1,1,1,1,2024-07-20 04:16:38.228689315,2024-07-23 02:22:27.369197392
U008336,app_store,android,25-34,1,0,0,0,0,0,2024-07-24 04:26:42.016852640,
U008337,paid_social,ios,35-44,1,0,0,0,0,0,2024-07-04 01:36:02.225079190,
U008338,paid_social,ios,25-34,1,1,1,1,1,1,2024-07-12 04:58:49.681357874,2024-07-25 08:08:42.214073384
U008339,email,ios,25-34,1,1,1,1,1,1,2024-07-21 12:55:35.425147692,2024-07-23 08:49:37.034437371
U008340,email,android,18-24,1,1,0,0,0,0,2024-07-05 14:00:30.446426422,
U008341,referral,ios,35-44,1,0,0,0,0,0,2024-07-16 20:42:14.062550396,
U008342,organic_search,android,25-34,1,1,1,1,1,1,2024-07-19 19:28:32.864953749,2024-07-21 06:25:29.530467324
U008343,paid_social,android,45+,1,1,1,0,0,0,2024-07-10 22:25:16.694633514,
U008344,app_store,ios,35-44,1,1,0,0,0,0,2024-07-24 07:05:31.517750932,
U008345,email,android,25-34,1,0,0,0,0,0,2024-07-15 07:09:44.281265011,
U008346,email,android,25-34,1,1,1,0,0,0,2024-07-18 13:20:25.916784082,
U008347,organic_search,android,45+,1,1,1,1,1,0,2024-07-04 22:39:59.469788199,
U008348,paid_social,android,18-24,1,1,0,0,0,0,2024-07-01 15:33:49.094229434,
U008349,referral,ios,25-34,1,1,1,0,0,0,2024-07-02 10:06:10.942539807,
U008350,email,ios,45+,1,1,1,0,0,0,2024-07-26 07:26:03.622521123,
U008351,organic_search,android,35-44,1,1,1,0,0,0,2024-07-25 17:08:08.455973370,
U008352,email,android,25-34,1,1,1,0,0,0,2024-07-23 14:42:05.209620328,
U008353,paid_social,android,25-34,1,1,1,1,0,0,2024-07-06 14:08:21.571115373,
U008354,organic_search,ios,35-44,1,1,0,0,0,0,2024-07-15 17:06:29.570796237,
U008355,paid_social,android,25-34,1,1,1,0,0,0,2024-07-23 06:59:26.489646625,
U008356,organic_search,ios,25-34,1,0,0,0,0,0,2024-07-19 21:22:39.683293968,
U008357,paid_social,ios,18-24,1,1,1,1,0,0,2024-07-04 05:37:48.871740828,
U008358,organic_search,ios,18-24,1,1,1,1,1,0,2024-07-26 01:48:13.270586216,
U008359,organic_search,ios,45+,1,1,1,1,1,1,2024-07-05 11:58:42.844608447,2024-07-12 20:46:50.762904138
U008360,email,ios,35-44,1,1,1,1,1,0,2024-07-05 19:26:48.141505539,
U008361,organic_search,android,35-44,1,1,1,1,1,1,2024-07-26 05:28:40.075689777,2024-07-29 13:56:15.941598946
U008362,organic_search,ios,45+,1,1,1,0,0,0,2024-07-14 13:39:45.299057454,
U008363,paid_social,ios,25-34,1,0,0,0,0,0,2024-07-11 10:34:59.905353885,
U008364,paid_social,ios,18-24,1,1,0,0,0,0,2024-07-16 12:03:26.390967458,
U008365,email,ios,25-34,1,1,1,0,0,0,2024-07-28 11:29:56.427587444,
U008366,paid_social,android,25-34,1,0,0,0,0,0,2024-07-04 08:23:29.997319131,
U008367,email,ios,25-34,1,1,1,1,1,0,2024-07-22 04:40:10.654997764,
U008368,referral,ios,18-24,1,1,1,1,1,0,2024-07-10 08:40:01.125940994,
U008369,organic_search,android,25-34,1,1,1,0,0,0,2024-07-04 06:39:25.596034570,
U008370,organic_search,android,25-34,1,1,1,0,0,0,2024-07-12 19:32:21.173269830,
U008371,paid_social,android,25-34,1,1,1,0,0,0,2024-07-16 08:45:42.961792975,
U008372,paid_social,android,25-34,1,1,1,0,0,0,2024-07-06 18:24:22.393991934,
U008373,referral,android,25-34,1,0,0,0,0,0,2024-07-12 08:20:27.875446501,
U008374,referral,ios,25-34,1,1,1,1,1,1,2024-07-18 19:10:27.440822564,2024-07-20 00:38:48.477451880
U008375,paid_social,android,25-34,1,1,0,0,0,0,2024-07-17 03:22:23.049307160,
U008376,organic_search,android,45+,1,1,1,0,0,0,2024-07-21 05:57:50.109137496,
U008377,organic_search,android,45+,1,1,1,1,0,0,2024-07-24 10:03:49.846082162,
U008378,referral,android,25-34,1,1,0,0,0,0,2024-07-12 10:56:32.290616468,
U008379,paid_social,android,45+,1,1,1,1,0,0,2024-07-12 20:14:02.432798221,
U008380,paid_social,ios,45+,1,0,0,0,0,0,2024-07-14 21:46:37.611673906,
U008381,organic_search,ios,25-34,1,0,0,0,0,0,2024-07-16 20:35:22.092980049,
U008382,referral,android,25-34,1,1,1,0,0,0,2024-07-04 00:47:34.213516306,
U008383,email,ios,45+,1,1,1,1,1,0,2024-07-09 18:05:27.448867996,
U008384,organic_search,ios,35-44,1,1,0,0,0,0,2024-07-05 19:30:40.631376096,
U008385,paid_social,android,25-34,1,1,1,1,1,1,2024-07-11 19:17:35.002662921,2024-07-12 12:26:24.871450203
U008386,app_store,ios,35-44,1,1,1,0,0,0,2024-07-28 06:05:38.172371110,
U008387,paid_social,ios,25-34,1,0,0,0,0,0,2024-07-17 07:35:42.730402624,
U008388,referral,android,25-34,1,1,1,1,1,1,2024-07-13 00:32:39.772991785,2024-07-13 13:46:31.663082470
U008389,organic_search,android,25-34,1,1,0,0,0,0,2024-07-16 20:18:34.536925195,
U008390,referral,ios,25-34,1,1,1,0,0,0,2024-07-19 17:37:10.002889430,
U008391,organic_search,android,18-24,1,1,1,1,0,0,2024-07-13 04:17:19.418392136,
U008392,app_store,ios,45+,1,1,1,0,0,0,2024-07-13 12:51:39.558448584,
U008393,referral,ios,25-34,1,1,1,0,0,0,2024-07-20 15:20:29.612200228,
U008394,email,ios,18-24,1,1,1,0,0,0,2024-07-02 16:53:58.761291231,
U008395,referral,android,18-24,1,1,0,0,0,0,2024-07-16 02:56:02.910803161,
U008396,referral,ios,25-34,1,1,0,0,0,0,2024-07-16 07:48:15.443317062,
U008397,paid_social,ios,45+,1,0,0,0,0,0,2024-07-22 04:32:15.070121779,
U008398,email,android,18-24,1,1,1,1,1,1,2024-07-28 12:20:14.184852842,2024-07-30 04:43:26.546984316
U008399,app_store,ios,18-24,1,0,0,0,0,0,2024-07-23 06:44:49.980194646,
U008400,paid_social,android,25-34,1,1,1,0,0,0,2024-07-15 02:32:45.411724014,
U008401,app_store,android,25-34,1,0,0,0,0,0,2024-07-05 17:52:21.132105686,
U008402,referral,android,25-34,1,1,0,0,0,0,2024-07-17 11:18:40.942574967,
U008403,paid_social,android,25-34,1,0,0,0,0,0,2024-07-24 08:38:55.866735330,
U008404,paid_social,ios,25-34,1,0,0,0,0,0,2024-07-27 02:34:56.102770786,
U008405,organic_search,ios,25-34,1,0,0,0,0,0,2024-07-24 02:36:30.870072129,
U008406,organic_search,android,45+,1,0,0,0,0,0,2024-07-06 06:59:12.852512314,
U008407,organic_search,android,18-24,1,1,1,1,1,0,2024-07-20 22:51:03.531033903,
U008408,paid_social,ios,25-34,1,1,0,0,0,0,2024-07-25 15:27:50.848957753,
U008409,paid_social,android,35-44,1,0,0,0,0,0,2024-07-20 01:38:36.245663977,
U008410,paid_social,ios,35-44,1,1,0,0,0,0,2024-07-20 04:49:31.337413539,
U008411,app_store,android,18-24,1,1,0,0,0,0,2024-07-15 00:06:32.602898610,
U008412,paid_social,android,45+,1,1,0,0,0,0,2024-07-18 20:02:52.876566020,
U008413,paid_social,android,35-44,1,0,0,0,0,0,2024-07-09 05:49:25.835944332,
U008414,organic_search,android,25-34,1,1,1,0,0,0,2024-07-03 11:40:49.361952075,
U008415,organic_search,android,25-34,1,1,1,0,0,0,2024-07-24 04:13:27.897560072,
U008416,email,ios,25-34,1,1,1,1,1,1,2024-07-27 09:47:34.708441556,2024-07-28 19:41:41.518069986
U008417,referral,android,18-24,1,1,0,0,0,0,2024-07-24 23:47:04.593743901,
U008418,email,android,25-34,1,1,1,1,1,1,2024-07-10 08:23:23.669306520,2024-07-14 01:39:55.509396282
U008419,organic_search,android,25-34,1,0,0,0,0,0,2024-07-03 14:51:08.142044140,
U008420,referral,android,35-44,1,0,0,0,0,0,2024-07-08 20:15:10.787357898,
U008421,organic_search,ios,25-34,1,1,1,1,1,1,2024-07-24 14:23:07.341159310,2024-07-26 11:38:29.319637318
U008422,organic_search,android,25-34,1,1,1,0,0,0,2024-07-19 08:42:26.456866275,
U008423,organic_search,android,25-34,1,1,1,1,0,0,2024-07-28 01:37:06.715333826,
U008424,organic_search,ios,35-44,1,1,1,0,0,0,2024-07-10 14:16:53.919803038,
U008425,paid_social,ios,35-44,1,1,1,1,1,1,2024-07-16 10:35:21.353409542,2024-07-18 15:02:12.550372259
U008426,organic_search,android,25-34,1,0,0,0,0,0,2024-07-23 02:54:20.465787200,
U008427,app_store,ios,25-34,1,0,0,0,0,0,2024-07-07 13:14:33.307856800,
U008428,paid_social,ios,25-34,1,0,0,0,0,0,2024-07-27 23:52:06.466696662,
U008429,organic_search,ios,35-44,1,1,1,0,0,0,2024-07-17 14:05:28.449292200,
U008430,organic_search,android,18-24,1,1,1,1,0,0,2024-07-01 05:18:25.785182905,
U008431,referral,android,25-34,1,1,1,0,0,0,2024-07-01 16:54:10.804399286,
U008432,organic_search,ios,25-34,1,1,0,0,0,0,2024-07-25 16:50:56.986878739,
U008433,email,android,45+,1,1,1,1,1,1,2024-07-19 01:37:45.071959598,2024-07-25 19:07:25.257193276
U008434,app_store,android,25-34,1,0,0,0,0,0,2024-07-22 08:47:05.038119294,
U008435,organic_search,ios,45+,1,1,0,0,0,0,2024-07-22 22:51:31.509514951,
U008436,paid_social,ios,18-24,1,0,0,0,0,0,2024-07-12 18:32:56.290705879,
U008437,organic_search,android,25-34,1,1,0,0,0,0,2024-07-23 08:40:00.326667457,
U008438,referral,ios,25-34,1,1,0,0,0,0,2024-07-27 06:01:18.490490493,
U008439,paid_social,android,35-44,1,1,0,0,0,0,2024-07-05 19:41:56.343916269,
U008440,organic_search,ios,35-44,1,1,0,0,0,0,2024-07-22 09:29:58.777772056,
U008441,organic_search,ios,35-44,1,1,1,0,0,0,2024-07-09 14:50:10.424823576,
U008442,referral,android,35-44,1,1,0,0,0,0,2024-07-10 00:02:35.872987884,
U008443,paid_social,ios,35-44,1,1,0,0,0,0,2024-07-12 13:22:16.535627227,
U008444,organic_search,android,45+,1,1,1,0,0,0,2024-07-25 04:25:10.262561638,
U008445,referral,ios,25-34,1,0,0,0,0,0,2024-07-01 14:49:18.038036470,
U008446,referral,ios,35-44,1,1,1,1,1,1,2024-07-13 03:35:54.279515389,2024-07-14 18:20:47.352673345
U008447,email,ios,45+,1,0,0,0,0,0,2024-07-20 00:59:31.273837980,
U008448,organic_search,ios,25-34,1,1,0,0,0,0,2024-07-04 02:11:57.076677078,
U008449,email,ios,35-44,1,1,1,1,1,1,2024-07-23 04:23:39.901904534,2024-07-24 20:01:03.330644530
U008450,referral,ios,25-34,1,1,0,0,0,0,2024-07-27 08:57:30.764833275,
U008451,organic_search,android,18-24,1,1,1,1,1,1,2024-07-03 13:06:29.519149428,2024-07-05 05:04:45.474703766
U008452,referral,android,25-34,1,1,1,1,1,0,2024-07-05 06:46:52.135040460,
U008453,paid_social,ios,18-24,1,1,0,0,0,0,2024-07-28 06:35:36.006589852,
U008454,app_store,android,25-34,1,0,0,0,0,0,2024-07-06 12:57:32.366188864,
U008455,organic_search,ios,45+,1,1,0,0,0,0,2024-07-03 05:02:50.863461190,
U008456,referral,ios,18-24,1,1,1,1,1,0,2024-07-27 15:52:24.184048962,
U008457,paid_social,android,18-24,1,1,0,0,0,0,2024-07-25 23:50:32.859571066,
U008458,app_store,ios,35-44,1,0,0,0,0,0,2024-07-19 08:38:51.063635990,
U008459,paid_social,ios,25-34,1,1,1,1,1,0,2024-07-16 10:33:41.699294049,
U008460,app_store,ios,25-34,1,1,0,0,0,0,2024-07-26 17:43:27.738895663,
U008461,app_store,android,25-34,1,1,1,1,1,0,2024-07-19 08:30:34.165709553,
U008462,organic_search,android,18-24,1,1,0,0,0,0,2024-07-19 10:26:33.198215017,
U008463,email,ios,18-24,1,0,0,0,0,0,2024-07-24 14:57:24.116917363,
U008464,app_store,ios,45+,1,1,1,1,1,1,2024-07-19 06:58:51.942505825,2024-07-20 13:52:56.078680036
U008465,organic_search,android,25-34,1,0,0,0,0,0,2024-07-15 02:28:15.125121548,
U008466,paid_social,android,25-34,1,1,1,1,1,1,2024-07-11 21:53:34.247715925,2024-07-13 19:57:27.529634879
U008467,paid_social,ios,45+,1,1,1,1,1,1,2024-07-15 02:06:21.513440570,2024-07-16 02:40:58.943592602
U008468,organic_search,ios,35-44,1,0,0,0,0,0,2024-07-15 15:06:20.347871742,
U008469,organic_search,ios,18-24,1,1,1,1,1,1,2024-07-11 02:28:44.486801274,2024-07-11 15:34:07.408495732
U008470,organic_search,ios,25-34,1,0,0,0,0,0,2024-07-13 13:08:08.055005254,
U008471,organic_search,android,35-44,1,1,1,0,0,0,2024-07-23 10:51:28.579983429,
U008472,paid_social,ios,35-44,1,1,1,1,0,0,2024-07-12 15:53:49.141500709,
U008473,organic_search,ios,35-44,1,1,1,1,1,1,2024-07-01 17:10:34.187444432,2024-07-02 20:36:35.410370288
U008474,email,android,25-34,1,0,0,0,0,0,2024-07-08 22:11:20.343235297,
U008475,referral,android,18-24,1,0,0,0,0,0,2024-07-07 11:43:49.917610635,
U008476,organic_search,android,25-34,1,1,1,0,0,0,2024-07-23 05:17:13.603023898,
U008477,referral,ios,35-44,1,1,0,0,0,0,2024-07-13 13:55:29.767055001,
U008478,referral,android,35-44,1,1,1,1,1,1,2024-07-08 20:22:07.265710592,2024-07-10 03:48:34.349140443
U008479,app_store,android,18-24,1,1,1,0,0,0,2024-07-23 16:47:37.254989659,
U008480,organic_search,ios,18-24,1,1,0,0,0,0,2024-07-01 12:54:49.293583354,
U008481,organic_search,android,45+,1,1,0,0,0,0,2024-07-05 21:05:47.638735360,
U008482,app_store,android,18-24,1,0,0,0,0,0,2024-07-24 03:42:49.099082320,
U008483,app_store,android,25-34,1,0,0,0,0,0,2024-07-16 10:02:16.659556047,
U008484,referral,ios,35-44,1,0,0,0,0,0,2024-07-22 15:53:33.534662679,
U008485,email,ios,25-34,1,0,0,0,0,0,2024-07-24 11:15:15.414912417,
U008486,organic_search,ios,18-24,1,1,1,1,1,1,2024-07-27 08:59:58.071593396,2024-08-04 06:41:19.891914993
U008487,paid_social,ios,25-34,1,0,0,0,0,0,2024-07-02 18:37:16.790634634,
U008488,organic_search,android,25-34,1,1,0,0,0,0,2024-07-23 09:05:08.690987662,
U008489,organic_search,ios,25-34,1,0,0,0,0,0,2024-07-20 20:17:27.065773424,
U008490,email,android,45+,1,1,1,0,0,0,2024-07-06 19:07:16.333156732,
U008491,organic_search,ios,25-34,1,1,1,1,1,0,2024-07-27 02:06:14.122730026,
U008492,paid_social,ios,35-44,1,0,0,0,0,0,2024-07-12 07:37:25.188837222,
U008493,app_store,android,18-24,1,0,0,0,0,0,2024-07-25 20:28:27.388018660,
U008494,organic_search,ios,25-34,1,0,0,0,0,0,2024-07-17 22:38:11.074325388,
U008495,app_store,android,35-44,1,0,0,0,0,0,2024-07-15 17:58:28.632271882,
U008496,app_store,android,25-34,1,1,1,1,1,0,2024-07-05 11:12:00.300881152,
U008497,referral,ios,25-34,1,1,1,1,1,1,2024-07-26 14:25:41.388675866,2024-07-27 17:26:56.438042942
U008498,organic_search,ios,18-24,1,0,0,0,0,0,2024-07-16 14:04:36.486290744,
U008499,paid_social,ios,18-24,1,0,0,0,0,0,2024-07-01 04:05:38.747377899,
U008500,paid_social,android,25-34,1,0,0,0,0,0,2024-07-01 12:17:13.961757228,
U008501,paid_social,ios,35-44,1,1,1,1,0,0,2024-07-22 18:34:08.798059660,
U008502,organic_search,android,18-24,1,1,1,1,0,0,2024-07-05 12:49:16.426093000,
U008503,app_store,ios,45+,1,1,0,0,0,0,2024-07-17 18:21:08.023471610,
U008504,organic_search,android,25-34,1,0,0,0,0,0,2024-07-20 01:41:13.482310686,
U008505,referral,android,18-24,1,1,1,0,0,0,2024-07-08 19:44:01.242461004,
U008506,organic_search,ios,25-34,1,1,1,0,0,0,2024-07-16 22:34:43.965308888,
U008507,referral,ios,18-24,1,0,0,0,0,0,2024-07-07 17:27:13.958296768,
U008508,app_store,ios,18-24,1,1,1,0,0,0,2024-07-27 11:55:26.281888546,
U008509,organic_search,ios,35-44,1,1,0,0,0,0,2024-07-25 02:02:03.642239904,
U008510,organic_search,ios,25-34,1,1,1,1,0,0,2024-07-09 01:33:53.121190676,
U008511,referral,ios,25-34,1,1,1,1,1,1,2024-07-15 19:21:48.016507060,2024-07-16 00:53:19.009495164
U008512,referral,android,45+,1,1,1,1,1,1,2024-07-15 00:25:31.008026730,2024-07-15 08:46:14.834892327
U008513,referral,android,25-34,1,0,0,0,0,0,2024-07-27 21:08:08.265632820,
U008514,paid_social,android,18-24,1,1,0,0,0,0,2024-07-12 00:47:14.425020780,
U008515,organic_search,ios,25-34,1,1,1,0,0,0,2024-07-16 17:49:00.900140494,
U008516,app_store,android,25-34,1,1,0,0,0,0,2024-07-27 00:05:26.994351688,
U008517,app_store,ios,25-34,1,1,1,1,0,0,2024-07-05 13:24:32.495006329,
U008518,paid_social,ios,25-34,1,1,0,0,0,0,2024-07-16 09:55:34.771450954,
U008519,email,ios,25-34,1,1,0,0,0,0,2024-07-03 23:00:43.928939340,
U008520,paid_social,ios,35-44,1,0,0,0,0,0,2024-07-18 06:57:33.415855315,
U008521,paid_social,ios,35-44,1,1,1,0,0,0,2024-07-11 05:44:20.805633841,
U008522,organic_search,ios,35-44,1,1,1,1,1,0,2024-07-28 02:15:05.188236091,
U008523,paid_social,android,25-34,1,1,0,0,0,0,2024-07-12 15:09:17.891034516,
U008524,paid_social,ios,18-24,1,1,1,0,0,0,2024-07-04 19:31:05.132740897,
U008525,organic_search,android,25-34,1,1,0,0,0,0,2024-07-24 08:26:52.705477996,
U008526,paid_social,ios,18-24,1,1,1,1,0,0,2024-07-23 23:37:20.699890312,
U008527,email,ios,18-24,1,0,0,0,0,0,2024-07-20 10:56:44.391597903,
U008528,referral,ios,25-34,1,1,1,0,0,0,2024-07-21 23:12:05.511118323,
U008529,referral,android,25-34,1,1,0,0,0,0,2024-07-08 09:53:19.054634211,
U008530,app_store,ios,35-44,1,0,0,0,0,0,2024-07-18 23:27:35.828222792,
U008531,organic_search,ios,25-34,1,1,1,0,0,0,2024-07-02 01:32:57.672420090,
U008532,referral,ios,45+,1,1,1,0,0,0,2024-07-06 12:18:36.636098770,
U008533,email,ios,35-44,1,1,1,1,1,0,2024-07-27 02:29:30.439520426,
U008534,paid_social,android,18-24,1,0,0,0,0,0,2024-07-21 16:45:58.030702369,
U008535,paid_social,ios,25-34,1,0,0,0,0,0,2024-07-07 11:00:43.011161211,
U008536,organic_search,ios,25-34,1,1,1,1,1,0,2024-07-04 02:50:57.970165063,
U008537,email,android,35-44,1,1,1,1,1,1,2024-07-27 13:40:25.921025878,2024-07-31 04:12:48.774013717
U008538,paid_social,ios,25-34,1,1,1,1,1,0,2024-07-04 03:23:24.401732672,
U008539,email,android,25-34,1,1,1,1,1,1,2024-07-08 04:45:03.860235903,2024-07-09 10:34:41.398425879
U008540,referral,android,25-34,1,1,1,1,0,0,2024-07-06 02:43:48.155864286,
U008541,referral,android,25-34,1,1,1,1,1,1,2024-07-01 05:00:56.474340148,2024-07-01 21:19:22.358651947
U008542,email,ios,45+,1,0,0,0,0,0,2024-07-09 19:05:54.845497989,
U008543,referral,android,25-34,1,1,0,0,0,0,2024-07-28 06:38:53.526171724,
U008544,paid_social,ios,18-24,1,1,0,0,0,0,2024-07-10 13:45:32.477413996,
U008545,paid_social,android,18-24,1,0,0,0,0,0,2024-07-15 02:53:34.364408438,
U008546,email,ios,45+,1,1,0,0,0,0,2024-07-21 21:16:07.848463573,
U008547,paid_social,ios,25-34,1,0,0,0,0,0,2024-07-16 10:19:32.982950038,
U008548,paid_social,android,35-44,1,0,0,0,0,0,2024-07-21 19:41:36.574731852,
U008549,organic_search,ios,35-44,1,1,1,0,0,0,2024-07-19 12:37:09.492326493,
U008550,app_store,android,35-44,1,1,1,0,0,0,2024-07-18 00:57:15.665239216,
U008551,organic_search,android,25-34,1,1,0,0,0,0,2024-07-19 04:33:50.636326654,
U008552,referral,ios,18-24,1,1,1,1,1,1,2024-07-23 09:02:18.424739706,2024-07-24 00:05:47.561768718
U008553,paid_social,ios,18-24,1,1,0,0,0,0,2024-07-20 21:14:55.022302831,
U008554,paid_social,ios,25-34,1,1,1,1,1,1,2024-07-23 04:04:21.888170000,2024-07-23 17:08:39.348480044
U008555,referral,android,25-34,1,1,1,0,0,0,2024-07-05 01:50:29.806535518,
U008556,organic_search,ios,25-34,1,1,1,1,1,1,2024-07-19 23:23:48.294173338,2024-07-22 17:11:09.062683313
U008557,referral,android,25-34,1,1,1,0,0,0,2024-07-21 15:16:43.410297928,
U008558,email,android,35-44,1,1,0,0,0,0,2024-07-09 09:34:38.793496342,
U008559,email,android,18-24,1,1,1,1,1,1,2024-07-25 11:42:57.471518469,2024-07-28 19:09:01.666795369
U008560,organic_search,android,18-24,1,1,1,0,0,0,2024-07-09 12:45:58.310709894,
U008561,email,android,35-44,1,1,1,1,1,1,2024-07-07 19:51:18.663195621,2024-07-09 17:46:59.826122975
U008562,referral,ios,18-24,1,0,0,0,0,0,2024-07-25 06:41:20.616010450,
U008563,email,ios,35-44,1,1,1,1,1,0,2024-07-07 21:59:50.392371260,
U008564,paid_social,ios,25-34,1,1,0,0,0,0,2024-07-12 15:13:03.557115012,
U008565,paid_social,android,45+,1,1,1,0,0,0,2024-07-11 07:14:38.910425071,
U008566,app_store,android,35-44,1,1,1,1,1,0,2024-07-26 03:29:51.161132972,
U008567,email,android,25-34,1,1,0,0,0,0,2024-07-13 17:55:06.298066243,
U008568,paid_social,android,35-44,1,1,1,1,1,1,2024-07-20 10:34:32.171430205,2024-07-23 18:27:09.662143510
U008569,organic_search,ios,18-24,1,1,1,1,1,1,2024-07-23 05:35:38.918114350,2024-07-23 13:03:52.457445838
U008570,paid_social,ios,25-34,1,1,0,0,0,0,2024-07-18 13:57:04.342543567,
U008571,paid_social,ios,35-44,1,1,1,1,1,0,2024-07-27 10:09:45.730347634,
U008572,organic_search,ios,35-44,1,1,1,1,1,1,2024-07-23 11:17:06.214776133,2024-07-23 22:45:23.734573185
U008573,organic_search,android,25-34,1,1,0,0,0,0,2024-07-12 04:56:19.873671028,
U008574,email,ios,18-24,1,0,0,0,0,0,2024-07-27 14:56:44.011208986,
U008575,organic_search,android,35-44,1,1,1,0,0,0,2024-07-15 16:30:51.436650013,
U008576,referral,android,25-34,1,1,1,1,1,1,2024-07-01 15:10:19.059668292,2024-07-02 15:28:10.134519337
U008577,organic_search,ios,35-44,1,1,0,0,0,0,2024-07-08 06:43:44.126136289,
U008578,paid_social,ios,35-44,1,1,1,0,0,0,2024-07-18 09:48:08.216960554,
U008579,organic_search,ios,25-34,1,1,1,1,1,0,2024-07-05 09:22:46.611703275,
U008580,organic_search,ios,18-24,1,1,1,0,0,0,2024-07-17 08:29:37.414205638,
U008581,email,android,25-34,1,1,1,0,0,0,2024-07-11 02:59:37.935566376,
U008582,email,ios,45+,1,1,1,1,1,1,2024-07-15 23:06:25.353356976,2024-07-16 23:19:26.778471776
U008583,organic_search,android,35-44,1,1,1,0,0,0,2024-07-01 01:15:35.631974973,
U008584,paid_social,android,25-34,1,1,1,1,0,0,2024-07-24 18:08:20.941214513,
U008585,paid_social,ios,25-34,1,0,0,0,0,0,2024-07-11 03:12:50.140026558,
U008586,email,android,35-44,1,1,0,0,0,0,2024-07-04 22:11:11.284205222,
U008587,email,android,25-34,1,1,1,1,0,0,2024-07-13 06:16:46.041266690,
U008588,paid_social,android,35-44,1,1,0,0,0,0,2024-07-14 14:42:40.108408185,
U008589,referral,ios,25-34,1,1,1,1,1,1,2024-07-18 20:20:04.637232380,2024-07-19 05:00:38.731280817
U008590,email,ios,35-44,1,1,1,0,0,0,2024-07-15 16:30:21.455700235,
U008591,organic_search,ios,35-44,1,1,1,0,0,0,2024-07-02 05:14:52.249736637,
U008592,paid_social,ios,25-34,1,1,1,0,0,0,2024-07-25 09:39:22.609570528,
U008593,app_store,android,35-44,1,1,1,1,0,0,2024-07-13 18:46:26.407779016,
U008594,referral,android,25-34,1,1,1,0,0,0,2024-07-03 03:44:08.819311855,
U008595,paid_social,android,18-24,1,0,0,0,0,0,2024-07-22 15:20:26.069811403,
U008596,paid_social,ios,18-24,1,0,0,0,0,0,2024-07-19 11:37:25.569919999,
U008597,paid_social,ios,35-44,1,1,1,0,0,0,2024-07-19 04:25:19.859883301,
U008598,paid_social,android,45+,1,0,0,0,0,0,2024-07-12 22:53:10.352998669,
U008599,referral,ios,35-44,1,1,1,0,0,0,2024-07-12 11:51:14.493892694,
U008600,paid_social,ios,35-44,1,0,0,0,0,0,2024-07-16 00:25:10.429148258,
U008601,referral,ios,18-24,1,1,1,0,0,0,2024-07-02 09:59:58.003685509,
U008602,email,ios,18-24,1,0,0,0,0,0,2024-07-09 08:53:58.623195994,
U008603,organic_search,android,25-34,1,0,0,0,0,0,2024-07-28 15:51:53.584682094,
U008604,paid_social,ios,45+,1,1,0,0,0,0,2024-07-19 12:59:36.069698641,
U008605,paid_social,android,45+,1,0,0,0,0,0,2024-07-12 17:31:25.532977584,
U008606,referral,android,25-34,1,1,1,1,0,0,2024-07-07 05:25:40.818633542,
U008607,organic_search,ios,35-44,1,1,0,0,0,0,2024-07-21 20:46:50.488309045,
U008608,referral,android,25-34,1,1,1,1,1,1,2024-07-08 06:54:54.317241219,2024-07-08 14:11:52.368523810
U008609,email,ios,18-24,1,1,0,0,0,0,2024-07-05 13:06:45.755224956,
U008610,paid_social,android,25-34,1,1,1,0,0,0,2024-07-05 07:50:02.446646787,
U008611,app_store,ios,35-44,1,1,1,0,0,0,2024-07-21 10:03:53.724955320,
U008612,app_store,android,25-34,1,1,0,0,0,0,2024-07-18 23:58:06.567175264,
U008613,organic_search,ios,45+,1,1,1,1,0,0,2024-07-02 22:54:34.915598881,
U008614,organic_search,android,25-34,1,0,0,0,0,0,2024-07-04 05:18:31.578924240,
U008615,app_store,android,18-24,1,1,1,0,0,0,2024-07-18 17:56:42.341501774,
U008616,app_store,ios,18-24,1,1,0,0,0,0,2024-07-16 23:47:24.073649127,
U008617,organic_search,android,35-44,1,1,0,0,0,0,2024-07-20 04:59:28.926851492,
U008618,organic_search,ios,25-34,1,0,0,0,0,0,2024-07-05 23:38:31.727112403,
U008619,organic_search,ios,35-44,1,1,0,0,0,0,2024-07-21 08:16:01.462720569,
U008620,app_store,android,25-34,1,0,0,0,0,0,2024-07-27 05:03:24.573766064,
U008621,organic_search,android,25-34,1,1,1,1,1,1,2024-07-17 19:54:20.920924141,2024-07-19 21:21:49.016355627
U008622,paid_social,ios,35-44,1,1,0,0,0,0,2024-07-06 11:47:57.743519823,
U008623,email,ios,25-34,1,1,1,1,1,1,2024-07-20 00:39:12.494703312,2024-07-29 12:13:45.005092971
U008624,organic_search,android,35-44,1,1,1,1,1,1,2024-07-10 14:33:03.208834638,2024-07-11 13:51:16.667836902
U008625,referral,android,18-24,1,1,1,1,0,0,2024-07-02 09:07:16.916056338,
U008626,organic_search,ios,35-44,1,1,1,1,0,0,2024-07-09 11:10:17.771796764,
U008627,email,ios,35-44,1,1,1,0,0,0,2024-07-26 08:33:11.478637760,
U008628,organic_search,android,45+,1,0,0,0,0,0,2024-07-12 12:17:08.243369718,
U008629,referral,android,25-34,1,1,1,0,0,0,2024-07-25 05:03:18.385764818,
U008630,referral,android,35-44,1,1,1,1,1,1,2024-07-15 05:49:08.683850337,2024-07-15 13:21:47.485556758
U008631,organic_search,ios,25-34,1,0,0,0,0,0,2024-07-15 11:24:33.150891063,
U008632,organic_search,android,25-34,1,1,0,0,0,0,2024-07-01 03:30:19.323920192,
U008633,paid_social,android,18-24,1,0,0,0,0,0,2024-07-18 20:08:02.174100680,
U008634,organic_search,ios,18-24,1,0,0,0,0,0,2024-07-04 00:27:03.253897591,
U008635,email,android,35-44,1,1,1,0,0,0,2024-07-14 09:43:08.164798824,
U008636,email,android,35-44,1,1,0,0,0,0,2024-07-08 06:55:58.537208071,
U008637,paid_social,ios,25-34,1,1,0,0,0,0,2024-07-11 23:40:52.870934280,
U008638,referral,android,35-44,1,1,0,0,0,0,2024-07-16 00:54:57.538829124,
U008639,referral,android,18-24,1,1,0,0,0,0,2024-07-01 09:43:11.586045093,
U008640,email,android,35-44,1,1,1,0,0,0,2024-07-08 23:14:24.604650711,
U008641,paid_social,android,45+,1,1,0,0,0,0,2024-07-28 17:01:09.191438878,
U008642,organic_search,ios,35-44,1,1,1,1,1,1,2024-07-02 14:34:19.965185097,2024-07-05 21:40:28.709932144
U008643,organic_search,ios,25-34,1,1,1,0,0,0,2024-07-09 22:37:56.726550307,
U008644,paid_social,android,35-44,1,0,0,0,0,0,2024-07-09 23:59:42.832234478,
U008645,paid_social,ios,25-34,1,0,0,0,0,0,2024-07-11 14:56:50.419920537,
U008646,paid_social,ios,35-44,1,0,0,0,0,0,2024-07-20 04:10:21.997895721,
U008647,organic_search,ios,25-34,1,0,0,0,0,0,2024-07-07 22:29:01.797773827,
U008648,referral,ios,35-44,1,1,1,1,1,1,2024-07-13 21:18:03.597333937,2024-07-14 02:57:55.604035382
U008649,organic_search,android,18-24,1,1,1,1,1,0,2024-07-19 01:20:53.940929445,
U008650,organic_search,ios,25-34,1,1,1,1,1,0,2024-07-10 00:36:01.523508523,
U008651,paid_social,ios,25-34,1,0,0,0,0,0,2024-07-27 13:34:30.626753473,
U008652,organic_search,android,35-44,1,1,1,0,0,0,2024-07-28 10:20:24.038453335,
U008653,referral,android,35-44,1,0,0,0,0,0,2024-07-04 08:25:14.294949625,
U008654,paid_social,android,45+,1,0,0,0,0,0,2024-07-10 15:02:49.064342438,
U008655,paid_social,android,35-44,1,0,0,0,0,0,2024-07-06 19:45:26.031275823,
U008656,paid_social,android,25-34,1,1,0,0,0,0,2024-07-06 05:31:21.389571771,
U008657,organic_search,android,35-44,1,1,1,1,0,0,2024-07-14 17:56:18.424907966,
U008658,organic_search,android,18-24,1,1,1,1,0,0,2024-07-16 18:53:30.539999900,
U008659,email,android,35-44,1,1,0,0,0,0,2024-07-12 22:02:17.416613713,
U008660,paid_social,ios,45+,1,0,0,0,0,0,2024-07-08 15:09:24.748997133,
U008661,paid_social,android,18-24,1,0,0,0,0,0,2024-07-08 19:14:01.312434405,
U008662,organic_search,ios,35-44,1,0,0,0,0,0,2024-07-28 18:42:36.435819495,
U008663,paid_social,ios,35-44,1,1,1,1,0,0,2024-07-26 20:42:40.303157212,
U008664,referral,ios,25-34,1,1,1,0,0,0,2024-07-03 03:00:14.476121452,
U008665,referral,ios,25-34,1,1,1,1,1,0,2024-07-19 09:12:07.337309025,
U008666,referral,android,25-34,1,1,1,0,0,0,2024-07-13 19:01:18.308027334,
U008667,organic_search,android,45+,1,0,0,0,0,0,2024-07-20 06:52:59.063944213,
U008668,organic_search,android,25-34,1,0,0,0,0,0,2024-07-17 17:09:27.338843707,
U008669,email,android,25-34,1,1,0,0,0,0,2024-07-25 21:34:39.406279385,
U008670,app_store,ios,18-24,1,1,0,0,0,0,2024-07-02 21:00:58.129927524,
U008671,organic_search,android,25-34,1,1,0,0,0,0,2024-07-10 18:55:47.268850000,
U008672,paid_social,ios,35-44,1,1,0,0,0,0,2024-07-28 14:15:07.389076294,
U008673,organic_search,android,25-34,1,1,1,1,1,1,2024-07-06 02:29:44.716278098,2024-07-07 13:40:27.245353655
U008674,organic_search,ios,45+,1,1,1,0,0,0,2024-07-04 13:34:05.056854481,
U008675,paid_social,ios,25-34,1,1,1,0,0,0,2024-07-21 09:52:09.076916593,
U008676,organic_search,android,25-34,1,0,0,0,0,0,2024-07-22 18:26:11.139114246,
U008677,referral,android,18-24,1,1,1,1,1,0,2024-07-19 19:46:04.166534539,
U008678,paid_social,android,45+,1,0,0,0,0,0,2024-07-22 17:36:12.948936012,
U008679,organic_search,android,18-24,1,1,1,1,1,1,2024-07-20 10:10:51.227207803,2024-07-23 23:59:05.407631797
U008680,organic_search,ios,25-34,1,0,0,0,0,0,2024-07-04 19:14:16.434593977,
U008681,email,android,25-34,1,0,0,0,0,0,2024-07-18 00:43:30.414380005,
U008682,organic_search,android,25-34,1,1,0,0,0,0,2024-07-22 18:03:40.070448021,
U008683,referral,ios,35-44,1,1,0,0,0,0,2024-07-25 05:37:37.774020151,
U008684,paid_social,ios,35-44,1,1,0,0,0,0,2024-07-07 21:28:12.299100427,
U008685,referral,ios,18-24,1,1,0,0,0,0,2024-07-04 13:38:00.496862512,
U008686,paid_social,android,25-34,1,1,1,0,0,0,2024-07-22 20:53:34.001114978,
U008687,organic_search,ios,35-44,1,1,1,1,1,0,2024-07-08 04:24:01.756310281,
U008688,organic_search,ios,25-34,1,0,0,0,0,0,2024-07-01 21:27:23.793953889,
U008689,organic_search,ios,18-24,1,1,1,0,0,0,2024-07-24 02:32:36.653180395,
U008690,paid_social,android,25-34,1,1,1,0,0,0,2024-07-15 04:01:33.750915232,
U008691,referral,android,25-34,1,1,0,0,0,0,2024-07-10 03:29:50.873970840,
U008692,organic_search,android,18-24,1,0,0,0,0,0,2024-07-01 07:40:49.291376163,
U008693,organic_search,ios,25-34,1,1,1,0,0,0,2024-07-01 23:44:24.154237467,
U008694,paid_social,ios,25-34,1,1,0,0,0,0,2024-07-23 04:38:34.216139464,
U008695,referral,ios,18-24,1,0,0,0,0,0,2024-07-14 17:04:56.476907000,
U008696,app_store,android,35-44,1,1,1,1,1,1,2024-07-05 04:36:47.581657995,2024-07-08 16:19:59.187262090
U008697,referral,ios,45+,1,1,1,1,1,0,2024-07-11 00:54:56.813440824,
U008698,paid_social,ios,45+,1,1,0,0,0,0,2024-07-05 15:05:06.212922774,
U008699,referral,android,35-44,1,1,1,0,0,0,2024-07-04 03:51:23.053453992,
U008700,app_store,ios,25-34,1,1,0,0,0,0,2024-07-08 17:40:43.879774890,
U008701,email,android,18-24,1,0,0,0,0,0,2024-07-16 09:16:11.078021031,
U008702,paid_social,ios,35-44,1,1,1,0,0,0,2024-07-06 21:07:27.985619337,
U008703,organic_search,android,18-24,1,1,1,0,0,0,2024-07-10 14:56:49.079844106,
U008704,organic_search,ios,25-34,1,1,1,0,0,0,2024-07-14 09:10:10.394467467,
U008705,paid_social,ios,25-34,1,1,1,0,0,0,2024-07-12 18:15:35.945031880,
U008706,referral,ios,18-24,1,1,1,1,1,1,2024-07-04 14:26:16.371634225,2024-07-05 12:56:58.093150721
U008707,paid_social,android,35-44,1,0,0,0,0,0,2024-07-02 02:07:03.745488421,
U008708,organic_search,android,35-44,1,0,0,0,0,0,2024-07-01 23:49:41.752234873,
U008709,referral,ios,35-44,1,1,1,1,1,1,2024-07-10 19:19:13.080413017,2024-07-10 21:47:02.820743869
U008710,email,android,35-44,1,1,1,1,0,0,2024-07-21 03:02:05.988397491,
U008711,organic_search,android,25-34,1,1,1,1,0,0,2024-07-04 16:12:12.818685852,
U008712,referral,android,35-44,1,0,0,0,0,0,2024-07-23 00:51:02.297508818,
U008713,paid_social,android,25-34,1,1,0,0,0,0,2024-07-21 00:55:59.289092032,
U008714,email,ios,35-44,1,1,1,1,0,0,2024-07-01 02:39:00.093150471,
U008715,email,android,18-24,1,0,0,0,0,0,2024-07-01 17:58:28.454317680,
U008716,paid_social,ios,35-44,1,1,0,0,0,0,2024-07-06 11:03:44.355029655,
U008717,referral,ios,45+,1,1,1,1,0,0,2024-07-02 13:42:47.708013574,
U008718,email,ios,18-24,1,1,1,0,0,0,2024-07-15 21:03:45.240269925,
U008719,paid_social,android,18-24,1,1,1,0,0,0,2024-07-02 02:37:46.270920198,
U008720,paid_social,android,18-24,1,0,0,0,0,0,2024-07-23 11:22:40.811278465,
U008721,email,android,25-34,1,1,0,0,0,0,2024-07-14 19:16:13.837193706,
U008722,organic_search,android,25-34,1,1,0,0,0,0,2024-07-21 09:11:07.203854058,
U008723,paid_social,android,35-44,1,1,1,1,1,0,2024-07-22 00:28:19.611223986,
U008724,email,ios,25-34,1,1,1,0,0,0,2024-07-15 04:32:43.322850225,
U008725,referral,ios,25-34,1,0,0,0,0,0,2024-07-26 21:50:37.870232384,
U008726,paid_social,ios,35-44,1,1,0,0,0,0,2024-07-28 17:26:30.480110761,
U008727,organic_search,ios,25-34,1,1,1,1,1,1,2024-07-11 01:23:32.168406390,2024-07-11 21:58:46.900600798
U008728,paid_social,ios,25-34,1,1,0,0,0,0,2024-07-04 12:34:50.528090946,
U008729,organic_search,ios,35-44,1,1,0,0,0,0,2024-07-11 04:05:45.801784921,
U008730,organic_search,android,35-44,1,1,1,1,1,0,2024-07-07 06:05:37.747656924,
U008731,referral,android,18-24,1,1,1,1,1,0,2024-07-15 20:50:08.909755785,
U008732,organic_search,android,18-24,1,0,0,0,0,0,2024-07-11 14:16:35.284949810,
U008733,paid_social,android,25-34,1,1,1,0,0,0,2024-07-14 10:51:43.223042602,
U008734,paid_social,ios,25-34,1,1,1,1,1,1,2024-07-22 08:51:43.384043062,2024-07-26 00:08:14.783671772
U008735,app_store,android,25-34,1,0,0,0,0,0,2024-07-08 16:08:31.541611650,
U008736,paid_social,ios,35-44,1,1,0,0,0,0,2024-07-16 01:10:58.853848425,
U008737,organic_search,ios,35-44,1,1,1,1,1,1,2024-07-10 09:13:42.094375964,2024-07-11 06:15:35.113834302
U008738,organic_search,android,18-24,1,1,0,0,0,0,2024-07-22 23:29:37.322480702,
U008739,referral,ios,25-34,1,1,0,0,0,0,2024-07-18 21:46:07.021120699,
U008740,referral,ios,25-34,1,0,0,0,0,0,2024-07-01 05:42:54.644051268,
U008741,paid_social,ios,25-34,1,1,1,0,0,0,2024-07-19 11:33:16.204401745,
U008742,paid_social,android,35-44,1,1,1,0,0,0,2024-07-05 18:20:55.929914674,
U008743,organic_search,android,45+,1,0,0,0,0,0,2024-07-21 06:50:46.993259191,
U008744,paid_social,ios,18-24,1,1,1,0,0,0,2024-07-16 21:15:05.702832532,
U008745,paid_social,android,18-24,1,1,1,0,0,0,2024-07-12 05:47:46.893947902,
U008746,organic_search,ios,35-44,1,1,0,0,0,0,2024-07-20 10:24:45.505538200,
U008747,organic_search,ios,25-34,1,0,0,0,0,0,2024-07-24 23:37:50.477173752,
U008748,organic_search,ios,18-24,1,1,1,0,0,0,2024-07-22 19:18:56.792575126,
U008749,organic_search,android,18-24,1,1,0,0,0,0,2024-07-16 06:29:41.545882759,
U008750,referral,ios,25-34,1,1,0,0,0,0,2024-07-21 05:39:02.099571854,
U008751,organic_search,android,25-34,1,0,0,0,0,0,2024-07-12 14:09:02.089986948,
U008752,organic_search,ios,45+,1,0,0,0,0,0,2024-07-23 02:13:31.993285519,
U008753,organic_search,ios,25-34,1,1,1,0,0,0,2024-07-24 05:07:22.336213922,
U008754,app_store,android,25-34,1,0,0,0,0,0,2024-07-04 20:15:41.250171384,
U008755,email,ios,35-44,1,0,0,0,0,0,2024-07-07 15:57:25.465129675,
U008756,organic_search,ios,25-34,1,1,1,0,0,0,2024-07-08 13:25:56.753395082,
U008757,paid_social,ios,25-34,1,1,1,1,1,1,2024-07-05 15:36:24.894561477,2024-07-11 07:08:07.679364161
U008758,organic_search,android,25-34,1,1,0,0,0,0,2024-07-11 23:47:00.688686241,
U008759,paid_social,android,25-34,1,0,0,0,0,0,2024-07-06 09:43:05.945138900,
U008760,organic_search,ios,35-44,1,1,1,0,0,0,2024-07-17 16:12:08.700993655,
U008761,referral,ios,25-34,1,1,1,0,0,0,2024-07-03 20:17:08.079457912,
U008762,paid_social,ios,45+,1,1,1,0,0,0,2024-07-08 13:23:08.415002328,
U008763,email,ios,35-44,1,1,1,1,1,0,2024-07-19 15:13:47.546673427,
U008764,organic_search,android,25-34,1,0,0,0,0,0,2024-07-12 03:49:20.361884199,
U008765,email,android,18-24,1,1,1,0,0,0,2024-07-12 19:13:22.665091764,
U008766,email,android,25-34,1,1,1,0,0,0,2024-07-23 08:12:20.771956936,
U008767,organic_search,ios,25-34,1,0,0,0,0,0,2024-07-28 13:35:30.349721554,
U008768,paid_social,android,25-34,1,0,0,0,0,0,2024-07-16 19:43:31.981248591,
U008769,organic_search,android,18-24,1,0,0,0,0,0,2024-07-03 05:07:59.301204758,
U008770,organic_search,android,45+,1,1,1,0,0,0,2024-07-03 21:09:02.875241818,
U008771,organic_search,android,18-24,1,1,1,0,0,0,2024-07-28 02:49:56.946733564,
U008772,referral,android,25-34,1,1,1,1,1,1,2024-07-20 00:26:45.100921102,2024-07-20 04:39:23.162811346
U008773,paid_social,android,18-24,1,1,0,0,0,0,2024-07-22 01:39:33.291073177,
U008774,app_store,ios,25-34,1,1,1,1,1,1,2024-07-19 22:06:47.682592862,2024-07-20 22:54:59.743628909
U008775,organic_search,android,35-44,1,1,0,0,0,0,2024-07-06 00:42:10.902020914,
U008776,app_store,ios,35-44,1,0,0,0,0,0,2024-07-13 13:17:57.739467264,
U008777,organic_search,android,25-34,1,1,1,0,0,0,2024-07-23 08:18:36.194688770,
U008778,email,android,45+,1,1,1,1,1,1,2024-07-25 06:11:45.279949462,2024-07-25 22:38:28.335281408
U008779,paid_social,android,35-44,1,1,1,1,1,0,2024-07-07 15:29:22.077274423,
U008780,organic_search,ios,35-44,1,1,1,1,1,1,2024-07-17 16:29:10.764385177,2024-07-18 13:31:03.249582513
U008781,email,ios,35-44,1,0,0,0,0,0,2024-07-05 09:34:20.923104867,
U008782,paid_social,ios,35-44,1,1,1,1,1,1,2024-07-27 19:57:43.411456141,2024-08-01 14:40:58.585897653
U008783,referral,android,25-34,1,1,1,0,0,0,2024-07-08 01:28:52.615930627,
U008784,referral,android,25-34,1,1,1,1,1,1,2024-07-21 08:17:55.703118548,2024-07-21 23:10:37.484205614
U008785,paid_social,android,25-34,1,1,1,0,0,0,2024-07-07 11:18:28.434673605,
U008786,paid_social,ios,25-34,1,0,0,0,0,0,2024-07-18 05:59:17.698611768,
U008787,referral,android,45+,1,0,0,0,0,0,2024-07-19 11:01:32.211549210,
U008788,organic_search,android,25-34,1,1,1,0,0,0,2024-07-10 04:42:13.267877738,
U008789,referral,ios,45+,1,1,1,0,0,0,2024-07-23 22:15:22.887238701,
U008790,email,android,25-34,1,1,1,1,0,0,2024-07-25 18:58:09.277040233,
U008791,organic_search,android,35-44,1,1,0,0,0,0,2024-07-24 22:36:25.175270466,
U008792,organic_search,android,35-44,1,1,0,0,0,0,2024-07-10 06:17:47.052529044,
U008793,referral,android,35-44,1,1,1,1,0,0,2024-07-21 20:11:47.954603410,
U008794,paid_social,ios,35-44,1,0,0,0,0,0,2024-07-16 15:58:40.034179628,
U008795,paid_social,android,25-34,1,0,0,0,0,0,2024-07-17 14:14:46.442611075,
U008796,organic_search,android,18-24,1,1,1,0,0,0,2024-07-14 08:49:46.766257269,
U008797,paid_social,android,45+,1,0,0,0,0,0,2024-07-17 19:22:31.769166295,
U008798,organic_search,android,18-24,1,0,0,0,0,0,2024-07-04 19:09:34.539120086,
U008799,paid_social,android,25-34,1,1,0,0,0,0,2024-07-12 10:44:43.226357748,
U008800,email,ios,25-34,1,0,0,0,0,0,2024-07-05 23:23:43.526601240,
U008801,organic_search,android,25-34,1,0,0,0,0,0,2024-07-08 20:13:51.300526072,
U008802,paid_social,ios,35-44,1,1,1,1,1,1,2024-07-04 13:53:28.925302826,2024-07-07 09:09:15.989573156
U008803,app_store,ios,35-44,1,0,0,0,0,0,2024-07-06 22:47:49.368153109,
U008804,referral,ios,45+,1,1,1,0,0,0,2024-07-22 21:27:23.255601642,
U008805,email,android,25-34,1,1,1,0,0,0,2024-07-16 09:29:24.369300218,
U008806,paid_social,android,25-34,1,1,0,0,0,0,2024-07-01 15:53:17.432304799,
U008807,email,ios,45+,1,0,0,0,0,0,2024-07-23 01:53:18.431214079,
U008808,organic_search,ios,45+,1,1,0,0,0,0,2024-07-26 11:09:45.943432624,
U008809,organic_search,android,45+,1,1,0,0,0,0,2024-07-25 15:38:54.503973358,
U008810,organic_search,android,35-44,1,1,1,1,0,0,2024-07-24 01:04:02.443047139,
U008811,paid_social,android,18-24,1,1,0,0,0,0,2024-07-28 18:46:10.018424028,
U008812,email,ios,18-24,1,1,0,0,0,0,2024-07-17 10:03:43.610837367,
U008813,paid_social,ios,35-44,1,1,1,1,0,0,2024-07-27 22:51:31.990903257,
U008814,referral,ios,35-44,1,1,1,1,1,1,2024-07-27 13:37:23.967267452,2024-07-27 21:54:31.712959000
U008815,referral,ios,35-44,1,0,0,0,0,0,2024-07-09 18:29:47.136833919,
U008816,referral,ios,25-34,1,1,1,1,1,1,2024-07-25 04:13:38.942650362,2024-07-26 09:24:56.692423821
U008817,paid_social,ios,35-44,1,0,0,0,0,0,2024-07-23 04:32:29.872519792,
U008818,referral,ios,25-34,1,1,0,0,0,0,2024-07-22 17:20:12.402288704,
U008819,paid_social,ios,25-34,1,1,1,0,0,0,2024-07-26 02:18:02.441909419,
U008820,organic_search,android,25-34,1,1,0,0,0,0,2024-07-11 18:10:32.471999209,
U008821,app_store,ios,45+,1,1,1,1,1,1,2024-07-12 04:50:12.973474755,2024-07-15 03:43:28.954882066
U008822,organic_search,ios,25-34,1,0,0,0,0,0,2024-07-18 22:06:54.546425438,
U008823,organic_search,android,25-34,1,1,1,1,1,1,2024-07-21 15:48:16.737880456,2024-07-23 03:46:05.479488749
U008824,email,android,25-34,1,1,1,0,0,0,2024-07-25 15:10:59.998749301,
U008825,paid_social,android,35-44,1,1,1,0,0,0,2024-07-25 12:34:04.999738933,
U008826,referral,android,25-34,1,1,1,1,1,1,2024-07-21 04:44:24.819315241,2024-07-23 15:02:36.406717202
U008827,paid_social,android,45+,1,1,1,1,1,0,2024-07-27 19:01:55.008105826,
U008828,paid_social,android,18-24,1,1,1,0,0,0,2024-07-06 00:02:18.354954750,
U008829,organic_search,android,25-34,1,1,0,0,0,0,2024-07-27 14:37:42.158298064,
U008830,paid_social,android,35-44,1,1,1,0,0,0,2024-07-02 19:08:12.033335738,
U008831,paid_social,ios,25-34,1,1,1,0,0,0,2024-07-16 13:22:40.454979488,
U008832,referral,ios,18-24,1,1,1,0,0,0,2024-07-03 12:36:44.478394048,
U008833,paid_social,android,25-34,1,1,0,0,0,0,2024-07-16 21:41:47.959199332,
U008834,app_store,ios,35-44,1,1,0,0,0,0,2024-07-11 22:09:13.416372874,
U008835,organic_search,android,18-24,1,0,0,0,0,0,2024-07-03 06:50:29.536690574,
U008836,paid_social,ios,25-34,1,1,1,0,0,0,2024-07-19 03:32:04.174714518,
U008837,referral,ios,35-44,1,1,1,1,1,1,2024-07-21 11:21:54.200687580,2024-07-22 08:46:03.222455847
U008838,app_store,android,25-34,1,1,1,1,0,0,2024-07-05 21:03:09.352629457,
U008839,organic_search,ios,18-24,1,1,1,0,0,0,2024-07-20 10:39:41.311351774,
U008840,referral,android,25-34,1,1,1,0,0,0,2024-07-06 00:19:11.830898197,
U008841,email,android,35-44,1,1,0,0,0,0,2024-07-04 20:19:49.490183517,
U008842,organic_search,android,18-24,1,1,1,1,1,1,2024-07-05 03:01:41.214376664,2024-07-05 11:33:48.151014839
U008843,email,android,35-44,1,1,1,0,0,0,2024-07-17 18:34:50.632094326,
U008844,organic_search,android,35-44,1,1,1,0,0,0,2024-07-22 19:20:50.723019877,
U008845,referral,android,25-34,1,1,1,0,0,0,2024-07-17 17:06:45.242605450,
U008846,app_store,android,45+,1,1,1,0,0,0,2024-07-23 15:53:03.035141739,
U008847,referral,android,25-34,1,1,1,0,0,0,2024-07-17 13:28:21.983517436,
U008848,paid_social,android,25-34,1,1,1,0,0,0,2024-07-23 07:47:59.561585458,
U008849,organic_search,android,35-44,1,1,1,1,1,1,2024-07-28 08:13:23.234741680,2024-07-29 02:26:10.715923924
U008850,app_store,android,25-34,1,1,1,1,1,0,2024-07-11 22:43:29.967436729,
U008851,paid_social,ios,25-34,1,1,1,1,1,0,2024-07-05 04:45:40.114421542,
U008852,organic_search,ios,25-34,1,1,1,0,0,0,2024-07-04 18:59:11.966876635,
U008853,referral,ios,25-34,1,0,0,0,0,0,2024-07-17 17:30:17.801831642,
U008854,paid_social,ios,25-34,1,1,1,1,1,1,2024-07-16 07:39:11.736917244,2024-07-20 23:03:25.926062108
U008855,organic_search,android,35-44,1,1,1,1,1,1,2024-07-06 03:48:22.227768882,2024-07-06 09:46:28.607447701
U008856,organic_search,ios,35-44,1,1,1,0,0,0,2024-07-25 16:46:28.325685637,
U008857,organic_search,android,25-34,1,1,1,1,1,0,2024-07-27 18:56:05.652964374,
U008858,referral,ios,25-34,1,1,0,0,0,0,2024-07-08 02:09:39.283795508,
U008859,referral,ios,25-34,1,1,1,1,0,0,2024-07-06 19:01:31.186435861,
U008860,paid_social,ios,25-34,1,1,1,1,1,0,2024-07-06 23:45:19.745102419,
U008861,email,android,18-24,1,1,1,0,0,0,2024-07-11 20:20:50.164629338,
U008862,email,ios,25-34,1,1,1,0,0,0,2024-07-24 21:22:07.182483211,
U008863,referral,ios,25-34,1,1,1,1,1,1,2024-07-17 16:29:07.907569551,2024-07-18 21:35:28.717104303
U008864,organic_search,android,25-34,1,0,0,0,0,0,2024-07-02 21:23:45.262047674,
U008865,referral,ios,35-44,1,0,0,0,0,0,2024-07-14 05:50:31.002848264,
U008866,paid_social,ios,25-34,1,0,0,0,0,0,2024-07-03 12:42:10.407581560,
U008867,referral,android,45+,1,1,1,1,1,1,2024-07-12 08:58:33.184609219,2024-07-13 14:57:25.417237341
U008868,referral,ios,35-44,1,0,0,0,0,0,2024-07-12 07:09:55.928260184,
U008869,paid_social,ios,45+,1,0,0,0,0,0,2024-07-19 03:41:34.768884775,
U008870,app_store,ios,45+,1,0,0,0,0,0,2024-07-16 09:13:59.036877134,
U008871,organic_search,ios,35-44,1,1,0,0,0,0,2024-07-25 11:50:06.769434717,
U008872,referral,android,25-34,1,0,0,0,0,0,2024-07-01 10:56:12.921904309,
U008873,organic_search,ios,18-24,1,1,1,0,0,0,2024-07-22 16:07:37.950411374,
U008874,app_store,android,35-44,1,1,0,0,0,0,2024-07-01 15:13:35.058440373,
U008875,organic_search,android,35-44,1,1,1,1,1,1,2024-07-09 12:28:57.953050024,2024-07-10 06:16:41.961107567
U008876,organic_search,ios,25-34,1,0,0,0,0,0,2024-07-25 15:08:01.063884001,
U008877,paid_social,android,35-44,1,1,1,1,0,0,2024-07-20 07:57:29.964121293,
U008878,paid_social,ios,25-34,1,1,1,0,0,0,2024-07-05 19:34:54.364303372,
U008879,organic_search,ios,25-34,1,0,0,0,0,0,2024-07-14 17:48:25.969115613,
U008880,referral,ios,25-34,1,1,1,1,0,0,2024-07-21 05:07:10.594621941,
U008881,paid_social,ios,35-44,1,0,0,0,0,0,2024-07-27 05:53:40.962984590,
U008882,organic_search,android,45+,1,0,0,0,0,0,2024-07-18 18:15:49.845148678,
U008883,paid_social,ios,35-44,1,1,1,1,1,1,2024-07-01 16:34:54.755338537,2024-07-03 06:19:14.822278280
U008884,email,android,35-44,1,1,1,1,0,0,2024-07-14 23:47:58.738977250,
U008885,referral,android,18-24,1,1,1,1,0,0,2024-07-05 06:47:24.797482065,
U008886,referral,ios,45+,1,0,0,0,0,0,2024-07-02 08:06:28.288508929,
U008887,referral,android,25-34,1,0,0,0,0,0,2024-07-17 18:11:56.927421690,
U008888,paid_social,android,45+,1,1,1,1,1,0,2024-07-22 18:05:29.466553218,
U008889,organic_search,ios,18-24,1,1,1,0,0,0,2024-07-02 00:13:57.695856902,
U008890,organic_search,ios,25-34,1,1,0,0,0,0,2024-07-22 22:34:19.164319784,
U008891,email,ios,35-44,1,1,1,1,1,0,2024-07-20 18:41:33.558840002,
U008892,app_store,ios,35-44,1,1,0,0,0,0,2024-07-22 01:20:06.679856900,
U008893,paid_social,ios,25-34,1,1,1,1,0,0,2024-07-07 20:27:26.879273823,
U008894,organic_search,ios,35-44,1,1,1,0,0,0,2024-07-12 00:29:46.125929702,
U008895,organic_search,android,25-34,1,1,1,1,0,0,2024-07-04 08:28:21.201179703,
U008896,paid_social,android,25-34,1,1,0,0,0,0,2024-07-07 16:32:04.986807219,
U008897,referral,android,35-44,1,0,0,0,0,0,2024-07-09 11:28:28.773238198,
U008898,organic_search,ios,25-34,1,1,1,1,1,1,2024-07-09 22:39:41.118367392,2024-07-12 02:04:45.569026606
U008899,app_store,ios,35-44,1,1,1,0,0,0,2024-07-05 21:37:36.497283808,
U008900,paid_social,ios,18-24,1,0,0,0,0,0,2024-07-06 06:48:51.581893708,
U008901,app_store,ios,25-34,1,1,0,0,0,0,2024-07-26 05:47:17.191177195,
U008902,email,android,25-34,1,1,1,1,0,0,2024-07-22 22:46:35.432961913,
U008903,email,ios,25-34,1,0,0,0,0,0,2024-07-10 15:29:20.460286485,
U008904,referral,ios,25-34,1,1,1,0,0,0,2024-07-27 12:48:59.250712341,
U008905,referral,ios,35-44,1,1,1,1,1,0,2024-07-07 16:33:21.826787191,
U008906,referral,android,45+,1,1,0,0,0,0,2024-07-12 09:23:00.040986362,
U008907,referral,android,35-44,1,1,0,0,0,0,2024-07-23 18:41:20.433422511,
U008908,referral,ios,35-44,1,1,1,0,0,0,2024-07-13 09:37:10.706796613,
U008909,app_store,ios,25-34,1,1,1,1,1,1,2024-07-07 13:40:05.581179386,2024-07-08 05:37:24.407984636
U008910,referral,ios,25-34,1,1,1,1,1,1,2024-07-11 07:39:21.003269904,2024-07-12 12:44:14.443179270
U008911,email,android,18-24,1,1,1,1,1,1,2024-07-15 00:29:04.418288829,2024-07-17 07:05:00.605763296
U008912,email,android,25-34,1,1,1,0,0,0,2024-07-18 09:04:22.892951089,
U008913,organic_search,android,35-44,1,0,0,0,0,0,2024-07-12 08:34:03.243787622,
U008914,organic_search,android,25-34,1,1,1,1,1,0,2024-07-13 01:50:11.437845442,
U008915,paid_social,ios,25-34,1,0,0,0,0,0,2024-07-08 09:22:12.388089208,
U008916,paid_social,ios,25-34,1,1,1,0,0,0,2024-07-15 23:45:12.184331403,
U008917,email,android,25-34,1,1,1,1,0,0,2024-07-07 03:28:28.520735286,
U008918,paid_social,ios,18-24,1,1,0,0,0,0,2024-07-25 06:58:39.426847057,
U008919,referral,android,35-44,1,1,1,1,0,0,2024-07-21 22:13:50.416388238,
U008920,paid_social,ios,25-34,1,1,0,0,0,0,2024-07-12 11:42:26.928771595,
U008921,organic_search,ios,35-44,1,1,1,1,0,0,2024-07-21 22:08:13.607541866,
U008922,referral,android,25-34,1,1,0,0,0,0,2024-07-01 04:42:04.582425236,
U008923,email,ios,35-44,1,1,0,0,0,0,2024-07-10 15:29:48.327416484,
U008924,organic_search,ios,35-44,1,1,1,1,0,0,2024-07-13 07:52:56.537596711,
U008925,referral,ios,35-44,1,1,1,0,0,0,2024-07-14 03:42:16.549454552,
U008926,referral,android,25-34,1,1,1,1,1,1,2024-07-21 23:08:51.190876852,2024-07-22 11:55:04.330761250
U008927,organic_search,ios,25-34,1,1,1,1,0,0,2024-07-27 23:00:23.728757299,
U008928,organic_search,ios,45+,1,1,1,0,0,0,2024-07-11 15:21:29.057967230,
U008929,app_store,android,18-24,1,1,1,0,0,0,2024-07-10 19:36:11.155977835,
U008930,paid_social,ios,18-24,1,0,0,0,0,0,2024-07-18 02:15:58.436143293,
U008931,organic_search,android,25-34,1,0,0,0,0,0,2024-07-08 21:00:08.743452267,
U008932,organic_search,ios,35-44,1,1,1,1,1,0,2024-07-04 22:59:14.727565705,
U008933,referral,android,18-24,1,1,1,1,1,0,2024-07-27 22:09:19.673894728,
U008934,referral,ios,35-44,1,0,0,0,0,0,2024-07-23 16:00:14.871512386,
U008935,referral,android,25-34,1,1,0,0,0,0,2024-07-27 20:06:42.118675970,
U008936,organic_search,android,25-34,1,1,1,0,0,0,2024-07-07 02:23:01.300112131,
U008937,email,android,25-34,1,1,1,1,1,0,2024-07-01 11:58:04.052854628,
U008938,paid_social,ios,25-34,1,1,0,0,0,0,2024-07-13 05:50:23.204025625,
U008939,paid_social,ios,18-24,1,0,0,0,0,0,2024-07-27 03:23:06.803269234,
U008940,paid_social,android,18-24,1,0,0,0,0,0,2024-07-04 20:57:16.659798559,
U008941,paid_social,ios,25-34,1,1,1,0,0,0,2024-07-04 06:44:55.216841460,
U008942,email,ios,35-44,1,1,1,1,1,0,2024-07-02 22:20:10.575647541,
U008943,app_store,android,25-34,1,0,0,0,0,0,2024-07-22 10:05:31.543016233,
U008944,paid_social,ios,25-34,1,0,0,0,0,0,2024-07-23 00:08:33.470650096,
U008945,email,android,25-34,1,1,0,0,0,0,2024-07-20 11:17:33.753861052,
U008946,email,ios,25-34,1,1,1,1,1,1,2024-07-02 11:48:43.631719956,2024-07-03 01:01:42.725946104
U008947,app_store,android,25-34,1,1,1,1,1,1,2024-07-21 06:02:59.142004141,2024-07-27 03:01:51.175520831
U008948,organic_search,android,18-24,1,1,1,1,1,1,2024-07-13 13:28:42.813430514,2024-07-17 08:58:05.812295850
U008949,referral,ios,45+,1,1,1,1,1,0,2024-07-05 10:06:18.185549036,
U008950,organic_search,android,25-34,1,1,1,0,0,0,2024-07-09 06:19:28.844564350,
U008951,email,ios,35-44,1,0,0,0,0,0,2024-07-15 00:46:14.435165820,
U008952,organic_search,android,25-34,1,0,0,0,0,0,2024-07-10 05:31:32.841714813,
U008953,referral,android,35-44,1,1,1,1,0,0,2024-07-28 03:40:17.329333260,
U008954,paid_social,ios,25-34,1,0,0,0,0,0,2024-07-14 07:01:35.221538056,
U008955,paid_social,android,18-24,1,0,0,0,0,0,2024-07-11 10:05:06.514401987,
U008956,referral,ios,45+,1,1,1,1,1,1,2024-07-19 20:22:01.805759475,2024-07-21 03:47:58.920440779
U008957,email,android,25-34,1,0,0,0,0,0,2024-07-19 05:09:58.601545830,
U008958,referral,ios,18-24,1,1,1,1,1,1,2024-07-01 01:38:21.107156424,2024-07-01 12:22:35.761408996
U008959,email,android,18-24,1,0,0,0,0,0,2024-07-18 07:36:51.570929156,
U008960,organic_search,android,35-44,1,1,1,0,0,0,2024-07-07 19:48:45.903761247,
U008961,paid_social,ios,35-44,1,1,1,1,1,1,2024-07-11 12:09:25.225729498,2024-07-17 17:12:29.015281709
U008962,paid_social,android,35-44,1,1,0,0,0,0,2024-07-20 18:39:59.236465734,
U008963,organic_search,ios,45+,1,1,1,1,1,0,2024-07-16 14:33:48.745869076,
U008964,referral,ios,25-34,1,1,1,1,1,0,2024-07-11 07:44:10.524740010,
U008965,referral,ios,25-34,1,0,0,0,0,0,2024-07-05 16:29:59.123164369,
U008966,referral,ios,35-44,1,1,0,0,0,0,2024-07-15 03:41:02.507389764,
U008967,referral,ios,45+,1,1,1,0,0,0,2024-07-09 22:36:50.284068627,
U008968,referral,ios,25-34,1,1,1,1,1,1,2024-07-26 13:29:14.954100813,2024-07-27 16:38:10.011132765
U008969,organic_search,ios,45+,1,0,0,0,0,0,2024-07-15 23:04:51.392187271,
U008970,organic_search,ios,18-24,1,1,0,0,0,0,2024-07-25 05:55:40.094697061,
U008971,referral,ios,35-44,1,1,1,1,1,0,2024-07-11 22:12:05.944107312,
U008972,organic_search,android,35-44,1,0,0,0,0,0,2024-07-24 04:02:15.986635832,
U008973,organic_search,android,35-44,1,0,0,0,0,0,2024-07-02 13:59:34.073734693,
U008974,paid_social,ios,18-24,1,0,0,0,0,0,2024-07-09 08:20:09.546654141,
U008975,referral,android,18-24,1,1,1,0,0,0,2024-07-03 04:32:03.217221736,
U008976,paid_social,android,18-24,1,1,1,0,0,0,2024-07-01 21:16:08.117185422,
U008977,referral,android,25-34,1,1,1,1,1,1,2024-07-26 17:28:31.543885689,2024-07-27 13:10:31.559018209
U008978,referral,ios,35-44,1,0,0,0,0,0,2024-07-21 01:44:08.866451706,
U008979,paid_social,ios,45+,1,0,0,0,0,0,2024-07-18 12:04:26.267962123,
U008980,email,android,25-34,1,1,0,0,0,0,2024-07-15 21:50:06.604529107,
U008981,referral,android,18-24,1,0,0,0,0,0,2024-07-16 22:44:25.124415784,
U008982,referral,ios,25-34,1,1,1,1,1,1,2024-07-18 21:11:59.770650109,2024-07-19 20:11:13.942705498
U008983,referral,ios,18-24,1,1,1,1,0,0,2024-07-24 03:27:41.839435256,
U008984,organic_search,android,35-44,1,1,1,1,1,1,2024-07-17 17:06:32.794180542,2024-07-18 02:54:41.335293636
U008985,referral,android,35-44,1,0,0,0,0,0,2024-07-21 23:02:46.582117846,
U008986,paid_social,android,45+,1,1,0,0,0,0,2024-07-08 20:49:02.102986495,
U008987,app_store,ios,25-34,1,1,1,1,1,1,2024-07-28 08:23:01.996125608,2024-07-30 12:52:48.004794882
U008988,email,ios,18-24,1,0,0,0,0,0,2024-07-01 21:26:05.726650858,
U008989,referral,ios,25-34,1,1,1,1,1,1,2024-07-11 19:46:46.099294881,2024-07-12 01:46:23.604871039
U008990,organic_search,ios,25-34,1,1,1,0,0,0,2024-07-25 16:44:14.274997760,
U008991,organic_search,ios,45+,1,1,1,0,0,0,2024-07-06 01:18:41.151330432,
U008992,paid_social,android,18-24,1,0,0,0,0,0,2024-07-04 22:58:45.114425104,
U008993,paid_social,ios,18-24,1,1,0,0,0,0,2024-07-11 05:34:10.111284271,
U008994,organic_search,android,35-44,1,0,0,0,0,0,2024-07-12 23:44:48.619490308,
U008995,paid_social,ios,35-44,1,1,0,0,0,0,2024-07-27 03:14:26.911552851,
U008996,organic_search,ios,25-34,1,0,0,0,0,0,2024-07-24 09:52:20.378367580,
U008997,app_store,ios,35-44,1,0,0,0,0,0,2024-07-13 23:52:05.651500890,
U008998,organic_search,ios,18-24,1,1,1,1,1,0,2024-07-28 05:50:21.364052773,
U008999,app_store,android,45+,1,0,0,0,0,0,2024-07-18 23:36:39.915341607,
U009000,app_store,ios,25-34,1,1,0,0,0,0,2024-07-25 11:05:55.204410591,
U009001,paid_social,ios,18-24,1,1,0,0,0,0,2024-07-07 21:21:01.047193729,
U009002,referral,ios,25-34,1,0,0,0,0,0,2024-07-14 16:35:01.888546516,
U009003,paid_social,ios,18-24,1,1,0,0,0,0,2024-07-01 19:58:11.882551882,
U009004,referral,android,25-34,1,1,0,0,0,0,2024-07-01 05:58:02.963550194,
U009005,paid_social,ios,35-44,1,1,1,0,0,0,2024-07-20 18:03:52.432096752,
U009006,paid_social,android,25-34,1,1,0,0,0,0,2024-07-04 07:29:35.931468782,
U009007,referral,android,35-44,1,0,0,0,0,0,2024-07-16 08:07:37.687218488,
U009008,paid_social,ios,25-34,1,0,0,0,0,0,2024-07-20 11:43:01.300962478,
U009009,referral,ios,18-24,1,1,0,0,0,0,2024-07-01 21:39:41.911006744,
U009010,organic_search,android,45+,1,1,0,0,0,0,2024-07-13 13:33:15.192813232,
U009011,paid_social,android,35-44,1,1,1,1,1,1,2024-07-20 03:45:00.365956142,2024-07-20 14:01:03.633256466
U009012,organic_search,ios,18-24,1,1,0,0,0,0,2024-07-25 21:53:57.205818452,
U009013,organic_search,ios,25-34,1,1,1,0,0,0,2024-07-09 09:04:57.459375526,
U009014,organic_search,ios,35-44,1,1,1,1,0,0,2024-07-28 06:40:24.628612332,
U009015,organic_search,ios,18-24,1,1,1,0,0,0,2024-07-24 15:31:54.795976741,
U009016,organic_search,ios,25-34,1,1,0,0,0,0,2024-07-19 05:13:36.366380421,
U009017,email,ios,25-34,1,0,0,0,0,0,2024-07-11 23:22:26.187129840,
U009018,organic_search,ios,25-34,1,1,1,1,1,1,2024-07-20 21:51:58.222101826,2024-07-24 15:03:35.896402352
U009019,referral,ios,18-24,1,1,0,0,0,0,2024-07-23 20:28:54.756534997,
U009020,organic_search,ios,35-44,1,1,0,0,0,0,2024-07-09 11:49:03.057325561,
U009021,email,android,25-34,1,0,0,0,0,0,2024-07-28 19:10:54.493023086,
U009022,paid_social,android,25-34,1,0,0,0,0,0,2024-07-26 10:35:31.979310421,
U009023,paid_social,android,35-44,1,0,0,0,0,0,2024-07-14 14:15:25.084477598,
U009024,paid_social,ios,35-44,1,1,1,0,0,0,2024-07-21 05:44:30.132243837,
U009025,paid_social,android,25-34,1,1,1,1,1,1,2024-07-15 16:08:02.317861755,2024-07-23 06:29:31.303938580
U009026,referral,ios,45+,1,1,1,0,0,0,2024-07-22 07:20:43.191875047,
U009027,organic_search,android,35-44,1,1,0,0,0,0,2024-07-24 03:43:55.347621610,
U009028,app_store,ios,25-34,1,0,0,0,0,0,2024-07-01 15:36:20.005435918,
U009029,paid_social,ios,25-34,1,1,1,0,0,0,2024-07-03 05:10:36.206251809,
U009030,paid_social,android,35-44,1,1,0,0,0,0,2024-07-10 10:06:21.972488979,
U009031,referral,android,25-34,1,1,1,0,0,0,2024-07-26 16:38:10.900064180,
U009032,paid_social,android,25-34,1,1,1,1,1,0,2024-07-12 03:38:23.452340488,
U009033,email,ios,35-44,1,0,0,0,0,0,2024-07-25 20:24:29.551016494,
U009034,paid_social,ios,25-34,1,1,1,1,0,0,2024-07-13 22:45:20.121438736,
U009035,referral,ios,35-44,1,1,1,1,1,1,2024-07-09 02:06:32.984817757,2024-07-09 14:07:05.368597240
U009036,organic_search,android,25-34,1,1,1,1,0,0,2024-07-26 05:14:00.826864789,
U009037,email,android,18-24,1,1,1,1,1,0,2024-07-16 16:46:14.724168063,
U009038,referral,android,25-34,1,1,1,1,1,1,2024-07-11 02:14:43.606536676,2024-07-15 20:47:20.173624277
U009039,organic_search,ios,25-34,1,1,1,0,0,0,2024-07-02 05:50:29.423176414,
U009040,organic_search,android,35-44,1,1,0,0,0,0,2024-07-04 02:32:49.434018741,
U009041,paid_social,ios,35-44,1,0,0,0,0,0,2024-07-04 21:36:59.544630388,
U009042,app_store,ios,25-34,1,1,1,0,0,0,2024-07-11 05:10:11.953761337,
U009043,organic_search,ios,45+,1,1,0,0,0,0,2024-07-18 00:07:39.886536716,
U009044,paid_social,ios,18-24,1,0,0,0,0,0,2024-07-09 14:42:02.004809533,
U009045,organic_search,ios,25-34,1,1,1,0,0,0,2024-07-02 20:02:04.451603805,
U009046,paid_social,ios,25-34,1,1,1,0,0,0,2024-07-08 09:57:05.297318092,
U009047,referral,ios,25-34,1,1,0,0,0,0,2024-07-12 10:38:02.649856336,
U009048,app_store,ios,35-44,1,0,0,0,0,0,2024-07-28 18:48:19.411444098,
U009049,paid_social,ios,18-24,1,0,0,0,0,0,2024-07-12 00:05:13.919973471,
U009050,email,ios,18-24,1,1,1,1,0,0,2024-07-03 11:56:21.557033815,
U009051,paid_social,ios,25-34,1,1,1,0,0,0,2024-07-17 06:30:32.959175338,
U009052,organic_search,android,35-44,1,1,1,0,0,0,2024-07-26 17:59:53.263697521,
U009053,paid_social,android,45+,1,0,0,0,0,0,2024-07-23 00:39:34.234686345,
U009054,referral,ios,35-44,1,1,1,0,0,0,2024-07-24 09:56:19.333585762,
U009055,app_store,android,18-24,1,0,0,0,0,0,2024-07-26 23:46:18.361130757,
U009056,email,android,25-34,1,0,0,0,0,0,2024-07-18 19:45:26.043390295,
U009057,organic_search,ios,18-24,1,1,0,0,0,0,2024-07-28 20:35:17.069996943,
U009058,organic_search,ios,25-34,1,1,1,1,1,0,2024-07-01 22:21:54.773852850,
U009059,organic_search,android,35-44,1,1,1,1,1,0,2024-07-24 09:00:44.144526506,
U009060,app_store,android,25-34,1,1,0,0,0,0,2024-07-24 23:54:40.211708256,
U009061,email,android,18-24,1,1,1,1,1,1,2024-07-26 16:01:21.585331344,2024-07-28 07:38:45.413304025
U009062,email,android,25-34,1,1,0,0,0,0,2024-07-14 09:19:47.551912647,
U009063,paid_social,ios,18-24,1,1,1,1,1,0,2024-07-23 01:22:19.130422954,
U009064,paid_social,ios,25-34,1,1,1,0,0,0,2024-07-06 11:05:38.501553958,
U009065,paid_social,ios,25-34,1,0,0,0,0,0,2024-07-17 21:18:12.640751136,
U009066,organic_search,ios,25-34,1,0,0,0,0,0,2024-07-11 01:00:34.352597685,
U009067,paid_social,ios,45+,1,0,0,0,0,0,2024-07-17 16:37:43.295681452,
U009068,organic_search,ios,25-34,1,1,0,0,0,0,2024-07-19 21:58:35.978917360,
U009069,organic_search,ios,35-44,1,1,1,1,0,0,2024-07-10 17:13:48.518592355,
U009070,email,ios,35-44,1,1,1,1,1,0,2024-07-07 01:18:43.693673508,
U009071,email,ios,35-44,1,1,1,0,0,0,2024-07-10 00:10:27.389112502,
U009072,paid_social,ios,25-34,1,1,1,1,1,0,2024-07-19 14:10:45.367363923,
U009073,paid_social,ios,18-24,1,1,1,1,1,0,2024-07-19 22:51:34.146101264,
U009074,paid_social,ios,35-44,1,1,1,0,0,0,2024-07-21 18:09:53.931629498,
U009075,referral,android,25-34,1,1,1,0,0,0,2024-07-04 13:01:57.363459088,
U009076,email,android,18-24,1,1,1,1,0,0,2024-07-23 22:02:37.270503592,
U009077,email,ios,25-34,1,1,0,0,0,0,2024-07-20 06:26:07.161487879,
U009078,referral,ios,35-44,1,1,0,0,0,0,2024-07-01 20:29:57.881529996,
U009079,organic_search,android,45+,1,0,0,0,0,0,2024-07-10 09:31:18.317353274,
U009080,paid_social,ios,25-34,1,1,1,0,0,0,2024-07-14 01:37:47.870288950,
U009081,paid_social,android,25-34,1,1,1,1,0,0,2024-07-11 02:20:05.832743784,
U009082,paid_social,ios,45+,1,1,1,0,0,0,2024-07-04 06:54:14.935953794,
U009083,email,android,25-34,1,1,1,1,1,1,2024-07-06 19:20:12.131474514,2024-07-08 00:09:24.518256480
U009084,paid_social,android,18-24,1,0,0,0,0,0,2024-07-01 16:30:18.926566592,
U009085,organic_search,android,25-34,1,1,0,0,0,0,2024-07-03 14:32:52.268744119,
U009086,paid_social,ios,45+,1,0,0,0,0,0,2024-07-08 10:57:13.244799218,
U009087,app_store,android,18-24,1,1,1,1,1,1,2024-07-23 23:01:12.066625959,2024-07-24 08:06:23.223174616
U009088,organic_search,android,25-34,1,1,0,0,0,0,2024-07-15 17:54:01.464040076,
U009089,referral,android,25-34,1,0,0,0,0,0,2024-07-12 21:15:45.297159922,
U009090,paid_social,ios,35-44,1,0,0,0,0,0,2024-07-19 12:58:24.594024522,
U009091,organic_search,android,45+,1,1,0,0,0,0,2024-07-16 03:53:42.347538250,
U009092,paid_social,ios,25-34,1,0,0,0,0,0,2024-07-04 16:22:38.491607211,
U009093,referral,ios,45+,1,1,1,0,0,0,2024-07-07 05:36:10.441763478,
U009094,paid_social,android,18-24,1,1,1,0,0,0,2024-07-07 05:32:06.095708476,
U009095,email,ios,18-24,1,1,1,0,0,0,2024-07-17 19:10:05.118511778,
U009096,organic_search,android,45+,1,0,0,0,0,0,2024-07-13 22:12:41.666685267,
U009097,organic_search,android,25-34,1,1,0,0,0,0,2024-07-11 20:27:25.783347218,
U009098,app_store,ios,18-24,1,0,0,0,0,0,2024-07-16 14:03:41.487035623,
U009099,paid_social,android,25-34,1,1,1,1,1,0,2024-07-28 03:55:04.108965160,
U009100,referral,android,35-44,1,1,0,0,0,0,2024-07-09 19:08:16.808890376,
U009101,email,ios,35-44,1,0,0,0,0,0,2024-07-15 13:34:16.793046206,
U009102,paid_social,android,45+,1,1,0,0,0,0,2024-07-14 10:48:31.141846245,
U009103,referral,ios,25-34,1,1,1,0,0,0,2024-07-21 01:35:02.822399548,
U009104,organic_search,ios,45+,1,1,1,0,0,0,2024-07-21 10:45:18.216304272,
U009105,organic_search,ios,25-34,1,0,0,0,0,0,2024-07-21 09:56:07.889242426,
U009106,organic_search,ios,35-44,1,1,1,1,0,0,2024-07-06 15:25:16.167787813,
U009107,email,ios,35-44,1,1,0,0,0,0,2024-07-13 13:47:26.115484984,
U009108,organic_search,android,25-34,1,1,0,0,0,0,2024-07-23 17:06:33.812537688,
U009109,referral,android,18-24,1,0,0,0,0,0,2024-07-11 16:23:17.788571926,
U009110,app_store,ios,25-34,1,1,1,1,1,0,2024-07-28 13:25:09.979747795,
U009111,paid_social,ios,35-44,1,0,0,0,0,0,2024-07-11 05:08:12.085743688,
U009112,paid_social,ios,18-24,1,0,0,0,0,0,2024-07-14 22:25:55.588705690,
U009113,paid_social,ios,18-24,1,1,0,0,0,0,2024-07-14 06:52:52.318946323,
U009114,paid_social,ios,25-34,1,1,0,0,0,0,2024-07-13 03:25:19.470933591,
U009115,paid_social,ios,18-24,1,1,0,0,0,0,2024-07-24 16:15:51.406238829,
U009116,referral,ios,35-44,1,1,0,0,0,0,2024-07-05 08:20:41.854676154,
U009117,app_store,ios,25-34,1,1,1,0,0,0,2024-07-16 21:28:14.457756709,
U009118,app_store,android,18-24,1,0,0,0,0,0,2024-07-18 07:42:00.935938242,
U009119,email,android,35-44,1,1,1,0,0,0,2024-07-24 20:01:14.588481421,
U009120,email,ios,35-44,1,1,0,0,0,0,2024-07-18 01:22:57.026893242,
U009121,paid_social,ios,18-24,1,1,0,0,0,0,2024-07-27 21:08:01.225368200,
U009122,referral,ios,25-34,1,1,1,0,0,0,2024-07-25 10:05:48.129501638,
U009123,email,android,45+,1,1,1,1,1,0,2024-07-10 18:21:11.683054929,
U009124,paid_social,android,25-34,1,0,0,0,0,0,2024-07-25 01:51:25.672447587,
U009125,app_store,android,45+,1,1,1,1,1,0,2024-07-27 20:05:49.527854887,
U009126,paid_social,android,25-34,1,1,1,0,0,0,2024-07-08 04:50:11.420092759,
U009127,referral,ios,25-34,1,1,1,1,1,0,2024-07-18 02:03:37.145082538,
U009128,referral,android,25-34,1,1,1,0,0,0,2024-07-08 21:22:20.024738094,
U009129,app_store,ios,18-24,1,0,0,0,0,0,2024-07-19 04:30:33.161555699,
U009130,organic_search,ios,45+,1,1,1,0,0,0,2024-07-03 14:55:40.672760156,
U009131,referral,android,45+,1,0,0,0,0,0,2024-07-21 13:22:27.662505625,
U009132,paid_social,ios,45+,1,1,1,1,1,0,2024-07-12 18:07:08.129337852,
U009133,organic_search,android,45+,1,1,1,1,1,1,2024-07-17 10:40:13.526654037,2024-07-19 06:43:44.731927285
U009134,email,ios,35-44,1,1,1,0,0,0,2024-07-01 17:22:46.324184847,
U009135,referral,android,35-44,1,1,0,0,0,0,2024-07-20 11:20:11.968444827,
U009136,referral,ios,35-44,1,1,1,1,1,1,2024-07-14 21:18:22.283923982,2024-07-15 00:27:51.776762957
U009137,paid_social,ios,25-34,1,1,0,0,0,0,2024-07-18 12:10:07.237798428,
U009138,paid_social,android,25-34,1,1,1,0,0,0,2024-07-09 20:07:43.958772440,
U009139,referral,android,35-44,1,1,1,1,0,0,2024-07-05 01:59:28.163541084,
U009140,paid_social,android,45+,1,1,1,0,0,0,2024-07-13 04:36:29.696477065,
U009141,organic_search,android,35-44,1,1,1,0,0,0,2024-07-27 10:21:14.290215969,
U009142,app_store,android,35-44,1,1,1,0,0,0,2024-07-07 09:04:39.309280885,
U009143,paid_social,android,25-34,1,1,0,0,0,0,2024-07-19 22:09:49.737915680,
U009144,referral,ios,35-44,1,1,0,0,0,0,2024-07-02 09:29:41.501728363,
U009145,paid_social,ios,45+,1,0,0,0,0,0,2024-07-21 02:33:47.000517753,
U009146,paid_social,ios,18-24,1,1,0,0,0,0,2024-07-07 16:13:47.242310170,
U009147,paid_social,android,45+,1,1,0,0,0,0,2024-07-13 15:25:10.072106799,
U009148,paid_social,ios,25-34,1,1,1,0,0,0,2024-07-11 07:07:48.300958876,
U009149,paid_social,android,35-44,1,0,0,0,0,0,2024-07-04 03:49:43.358553346,
U009150,paid_social,ios,45+,1,1,0,0,0,0,2024-07-10 16:13:51.859516486,
U009151,paid_social,android,25-34,1,1,1,0,0,0,2024-07-10 19:17:02.299102875,
U009152,organic_search,ios,25-34,1,1,1,0,0,0,2024-07-15 14:51:17.961940774,
U009153,paid_social,ios,25-34,1,1,1,0,0,0,2024-07-28 05:25:12.828488415,
U009154,organic_search,android,18-24,1,1,1,0,0,0,2024-07-14 03:51:06.390457718,
U009155,organic_search,ios,25-34,1,1,0,0,0,0,2024-07-26 14:29:39.755706468,
U009156,app_store,ios,25-34,1,1,0,0,0,0,2024-07-13 22:10:00.287594533,
U009157,referral,ios,45+,1,1,0,0,0,0,2024-07-04 00:16:08.753476652,
U009158,referral,ios,18-24,1,0,0,0,0,0,2024-07-07 10:39:45.884251555,
U009159,paid_social,ios,25-34,1,1,1,1,1,0,2024-07-12 09:51:06.761918545,
U009160,app_store,android,45+,1,1,1,0,0,0,2024-07-10 02:38:52.135569470,
U009161,referral,ios,45+,1,1,1,1,1,0,2024-07-25 05:50:14.212398602,
U009162,email,android,35-44,1,0,0,0,0,0,2024-07-20 00:02:59.440833898,
U009163,paid_social,ios,25-34,1,1,1,1,1,0,2024-07-17 04:37:23.806881656,
U009164,app_store,android,25-34,1,1,0,0,0,0,2024-07-14 18:06:22.530351801,
U009165,email,android,25-34,1,1,1,1,1,1,2024-07-12 02:57:57.079764910,2024-07-15 06:56:45.671134429
U009166,email,ios,18-24,1,1,0,0,0,0,2024-07-18 03:23:35.950441603,
U009167,organic_search,ios,35-44,1,1,1,1,1,0,2024-07-04 11:44:09.654643046,
U009168,organic_search,ios,25-34,1,0,0,0,0,0,2024-07-05 13:13:20.288934339,
U009169,organic_search,android,35-44,1,1,1,0,0,0,2024-07-09 11:41:39.082137295,
U009170,organic_search,android,25-34,1,1,1,1,1,1,2024-07-05 19:02:09.824142631,2024-07-06 15:37:12.445612301
U009171,email,android,25-34,1,1,1,0,0,0,2024-07-19 23:00:37.221064837,
U009172,organic_search,ios,25-34,1,0,0,0,0,0,2024-07-01 16:38:39.523145989,
U009173,organic_search,ios,35-44,1,0,0,0,0,0,2024-07-05 11:38:21.387840201,
U009174,organic_search,ios,25-34,1,1,1,1,0,0,2024-07-26 06:33:09.538499505,
U009175,organic_search,ios,25-34,1,1,0,0,0,0,2024-07-28 22:20:56.384178871,
U009176,organic_search,ios,18-24,1,1,1,0,0,0,2024-07-14 15:39:38.883961724,
U009177,email,ios,18-24,1,1,1,1,1,1,2024-07-14 20:53:19.280654239,2024-07-17 00:56:15.802310655
U009178,referral,android,35-44,1,1,0,0,0,0,2024-07-22 15:43:26.285604808,
U009179,organic_search,ios,18-24,1,0,0,0,0,0,2024-07-02 00:19:09.826179693,
U009180,paid_social,android,18-24,1,1,1,0,0,0,2024-07-12 22:57:30.369014845,
U009181,paid_social,ios,45+,1,1,1,0,0,0,2024-07-03 19:05:03.611686750,
U009182,organic_search,android,25-34,1,0,0,0,0,0,2024-07-12 05:25:21.104922572,
U009183,referral,android,18-24,1,1,1,0,0,0,2024-07-28 13:07:41.798058974,
U009184,referral,android,18-24,1,1,1,1,1,1,2024-07-22 02:26:29.632919492,2024-07-22 06:51:06.268956735
U009185,referral,android,18-24,1,1,1,0,0,0,2024-07-28 13:57:02.982457677,
U009186,referral,android,25-34,1,1,1,1,1,0,2024-07-21 21:20:40.835222318,
U009187,organic_search,android,35-44,1,0,0,0,0,0,2024-07-18 00:38:59.885714497,
U009188,app_store,ios,35-44,1,0,0,0,0,0,2024-07-22 02:50:11.039017588,
U009189,email,android,18-24,1,1,1,0,0,0,2024-07-19 10:54:34.575251407,
U009190,app_store,android,35-44,1,0,0,0,0,0,2024-07-13 23:51:08.539538695,
U009191,organic_search,android,25-34,1,1,1,1,1,1,2024-07-09 04:35:28.091225403,2024-07-10 18:47:42.330137293
U009192,app_store,ios,25-34,1,1,0,0,0,0,2024-07-15 13:33:34.761141673,
U009193,email,ios,35-44,1,1,1,1,1,1,2024-07-08 05:42:27.412062339,2024-07-14 17:17:17.759396215
U009194,email,android,25-34,1,1,0,0,0,0,2024-07-14 15:02:47.417312839,
U009195,organic_search,android,18-24,1,1,1,1,0,0,2024-07-05 02:12:10.774004292,
U009196,referral,ios,45+,1,1,1,1,1,1,2024-07-16 19:56:43.823428321,2024-07-18 10:03:53.121559676
U009197,app_store,ios,25-34,1,1,1,0,0,0,2024-07-07 20:49:50.304812642,
U009198,referral,ios,25-34,1,1,1,0,0,0,2024-07-09 05:18:16.725055446,
U009199,referral,ios,35-44,1,0,0,0,0,0,2024-07-14 23:20:48.880599954,
U009200,app_store,ios,35-44,1,0,0,0,0,0,2024-07-05 13:13:03.511309807,
U009201,paid_social,ios,35-44,1,0,0,0,0,0,2024-07-27 22:43:09.414492016,
U009202,referral,android,18-24,1,1,1,1,1,1,2024-07-13 12:20:47.687798446,2024-07-16 11:59:23.699400470
U009203,paid_social,ios,25-34,1,1,0,0,0,0,2024-07-10 20:43:53.912313037,
U009204,app_store,ios,18-24,1,1,0,0,0,0,2024-07-01 19:37:12.427039970,
U009205,organic_search,android,25-34,1,1,1,1,1,1,2024-07-24 14:40:00.955241112,2024-07-25 20:11:32.864902288
U009206,paid_social,android,25-34,1,1,1,1,1,0,2024-07-18 12:33:37.407909204,
U009207,referral,android,35-44,1,1,1,1,1,0,2024-07-12 15:49:27.350592067,
U009208,email,ios,18-24,1,1,1,1,0,0,2024-07-07 20:59:52.948159641,
U009209,referral,android,18-24,1,0,0,0,0,0,2024-07-21 20:43:56.443259492,
U009210,app_store,ios,25-34,1,1,1,0,0,0,2024-07-27 11:21:32.093634240,
U009211,app_store,android,45+,1,1,0,0,0,0,2024-07-11 15:54:14.839913368,
U009212,organic_search,android,45+,1,1,1,0,0,0,2024-07-04 18:38:12.184623034,
U009213,paid_social,ios,45+,1,1,0,0,0,0,2024-07-04 01:22:43.932602208,
U009214,organic_search,ios,25-34,1,1,0,0,0,0,2024-07-01 04:16:30.883470135,
U009215,paid_social,ios,18-24,1,1,1,1,0,0,2024-07-21 19:56:17.002314949,
U009216,paid_social,android,25-34,1,0,0,0,0,0,2024-07-28 11:29:51.717573322,
U009217,app_store,ios,35-44,1,1,0,0,0,0,2024-07-28 19:10:24.707461432,
U009218,email,android,18-24,1,1,1,0,0,0,2024-07-22 22:58:49.997706405,
U009219,organic_search,ios,25-34,1,1,1,1,1,1,2024-07-05 12:59:14.996453787,2024-07-06 21:51:36.191888988
U009220,organic_search,ios,18-24,1,1,0,0,0,0,2024-07-28 09:01:14.715745024,
U009221,referral,android,25-34,1,1,1,1,0,0,2024-07-10 04:17:26.281310319,
U009222,paid_social,android,25-34,1,0,0,0,0,0,2024-07-10 08:11:32.559284360,
U009223,organic_search,android,18-24,1,1,1,1,1,1,2024-07-20 05:53:25.556437388,2024-07-23 06:05:05.264517587
U009224,email,ios,25-34,1,1,0,0,0,0,2024-07-02 08:57:39.793370511,
U009225,app_store,ios,25-34,1,1,0,0,0,0,2024-07-24 02:55:02.130592368,
U009226,paid_social,ios,25-34,1,1,1,1,1,1,2024-07-28 22:11:01.571279150,2024-07-29 15:58:15.521108570
U009227,email,ios,35-44,1,1,1,0,0,0,2024-07-22 16:50:48.807155126,
U009228,paid_social,ios,18-24,1,1,0,0,0,0,2024-07-22 21:17:11.767528780,
U009229,referral,android,35-44,1,1,1,1,1,1,2024-07-11 22:17:26.831834599,2024-07-12 00:56:22.549749597
U009230,paid_social,ios,18-24,1,1,0,0,0,0,2024-07-02 20:17:57.024306675,
U009231,organic_search,ios,25-34,1,1,1,1,1,1,2024-07-23 04:40:21.056899915,2024-07-29 17:53:13.099182122
U009232,app_store,ios,25-34,1,1,0,0,0,0,2024-07-17 17:17:24.843840093,
U009233,paid_social,android,45+,1,1,0,0,0,0,2024-07-26 11:04:32.156724147,
U009234,referral,android,25-34,1,1,1,1,1,1,2024-07-04 05:55:37.448083599,2024-07-04 21:15:45.607096554
U009235,paid_social,ios,18-24,1,0,0,0,0,0,2024-07-09 13:02:33.714237267,
U009236,organic_search,ios,25-34,1,1,1,1,1,0,2024-07-11 02:21:39.367087617,
U009237,organic_search,ios,25-34,1,1,0,0,0,0,2024-07-20 03:09:50.270911318,
U009238,paid_social,android,25-34,1,0,0,0,0,0,2024-07-23 01:21:53.098579152,
U009239,referral,android,18-24,1,1,1,1,1,1,2024-07-27 21:48:20.572447428,2024-07-31 10:48:08.002703786
U009240,paid_social,android,25-34,1,1,1,0,0,0,2024-07-09 06:30:48.997417795,
U009241,referral,ios,18-24,1,1,1,0,0,0,2024-07-14 19:43:25.199598626,
U009242,referral,ios,35-44,1,1,1,0,0,0,2024-07-01 19:27:42.282052678,
U009243,referral,android,25-34,1,1,1,1,1,0,2024-07-08 02:00:28.274721022,
U009244,paid_social,android,18-24,1,1,0,0,0,0,2024-07-11 11:19:49.286843032,
U009245,app_store,android,45+,1,1,1,0,0,0,2024-07-17 15:02:15.974826363,
U009246,paid_social,android,35-44,1,1,0,0,0,0,2024-07-14 04:24:29.418115122,
U009247,paid_social,ios,25-34,1,1,0,0,0,0,2024-07-11 04:55:38.064612511,
U009248,organic_search,android,18-24,1,1,1,0,0,0,2024-07-18 11:22:49.416627784,
U009249,paid_social,android,35-44,1,0,0,0,0,0,2024-07-24 04:49:47.046081446,
U009250,organic_search,android,25-34,1,1,1,0,0,0,2024-07-07 18:24:34.996916800,
U009251,referral,ios,45+,1,1,1,1,1,1,2024-07-10 14:24:45.327106789,2024-07-11 00:46:35.638687390
U009252,organic_search,ios,18-24,1,1,1,1,1,1,2024-07-20 17:42:31.293322837,2024-07-22 01:33:54.164154214
U009253,paid_social,ios,18-24,1,0,0,0,0,0,2024-07-22 18:46:33.896516635,
U009254,email,ios,45+,1,1,1,1,1,0,2024-07-24 02:40:00.112100458,
U009255,paid_social,ios,45+,1,1,0,0,0,0,2024-07-06 20:40:14.084755690,
U009256,organic_search,android,18-24,1,1,0,0,0,0,2024-07-16 02:23:14.632642489,
U009257,organic_search,ios,35-44,1,1,0,0,0,0,2024-07-26 04:48:26.849552367,
U009258,email,ios,25-34,1,1,1,0,0,0,2024-07-11 23:23:26.540957335,
U009259,organic_search,ios,35-44,1,1,1,0,0,0,2024-07-13 00:52:53.171863986,
U009260,paid_social,ios,45+,1,0,0,0,0,0,2024-07-28 13:48:03.665884539,
U009261,paid_social,android,18-24,1,0,0,0,0,0,2024-07-04 03:58:16.961281838,
U009262,referral,ios,25-34,1,0,0,0,0,0,2024-07-20 18:09:52.332905588,
U009263,referral,ios,18-24,1,1,1,0,0,0,2024-07-24 19:19:25.440137324,
U009264,email,android,18-24,1,0,0,0,0,0,2024-07-05 05:19:59.675441016,
U009265,organic_search,android,18-24,1,1,0,0,0,0,2024-07-21 00:06:45.268548710,
U009266,organic_search,ios,35-44,1,1,1,0,0,0,2024-07-14 03:39:50.706687661,
U009267,organic_search,android,25-34,1,1,1,1,1,1,2024-07-24 21:08:33.628204896,2024-08-04 11:29:27.397397349
U009268,organic_search,android,25-34,1,1,0,0,0,0,2024-07-26 09:48:28.644889424,
U009269,organic_search,android,35-44,1,1,1,0,0,0,2024-07-25 10:18:35.477711542,
U009270,paid_social,ios,25-34,1,1,0,0,0,0,2024-07-02 19:16:00.524831149,
U009271,paid_social,android,25-34,1,1,1,0,0,0,2024-07-22 04:36:24.285670786,
U009272,referral,ios,18-24,1,1,1,1,1,1,2024-07-26 19:15:59.509405717,2024-07-29 02:11:43.819635857
U009273,paid_social,ios,25-34,1,0,0,0,0,0,2024-07-18 09:32:46.147671117,
U009274,referral,ios,18-24,1,1,0,0,0,0,2024-07-17 19:47:19.365509562,
U009275,paid_social,ios,35-44,1,1,0,0,0,0,2024-07-02 06:14:37.033193511,
U009276,organic_search,android,25-34,1,1,1,0,0,0,2024-07-24 23:15:15.087320607,
U009277,paid_social,android,35-44,1,1,1,1,0,0,2024-07-02 07:10:59.494357909,
U009278,organic_search,ios,35-44,1,0,0,0,0,0,2024-07-09 18:40:42.439765803,
U009279,organic_search,ios,35-44,1,0,0,0,0,0,2024-07-26 22:10:47.927542832,
U009280,paid_social,ios,25-34,1,1,1,1,0,0,2024-07-27 14:13:43.449291235,
U009281,app_store,android,25-34,1,1,1,1,1,1,2024-07-28 18:33:25.787519351,2024-07-30 12:47:28.197293088
U009282,referral,android,45+,1,0,0,0,0,0,2024-07-14 08:08:32.409354695,
U009283,organic_search,android,18-24,1,0,0,0,0,0,2024-07-05 23:13:57.558604940,
U009284,email,android,18-24,1,1,1,0,0,0,2024-07-14 15:53:55.302536918,
U009285,referral,android,35-44,1,1,1,1,0,0,2024-07-03 20:45:15.428360912,
U009286,referral,android,35-44,1,1,0,0,0,0,2024-07-25 10:20:39.354820152,
U009287,email,ios,25-34,1,1,1,1,1,0,2024-07-16 16:40:51.674718327,
U009288,paid_social,android,35-44,1,0,0,0,0,0,2024-07-12 07:49:40.671264216,
U009289,organic_search,android,25-34,1,0,0,0,0,0,2024-07-03 05:26:40.675441563,
U009290,paid_social,android,18-24,1,0,0,0,0,0,2024-07-12 08:19:18.245354793,
U009291,paid_social,android,35-44,1,1,0,0,0,0,2024-07-25 06:04:50.739017350,
U009292,paid_social,android,35-44,1,0,0,0,0,0,2024-07-20 16:41:19.631848873,
U009293,referral,android,45+,1,1,1,0,0,0,2024-07-03 07:24:36.387962532,
U009294,app_store,android,18-24,1,1,0,0,0,0,2024-07-05 11:27:27.497577564,
U009295,app_store,ios,35-44,1,1,0,0,0,0,2024-07-11 23:37:52.700719594,
U009296,email,ios,25-34,1,1,1,1,1,1,2024-07-03 20:07:26.600033773,2024-07-04 18:02:23.751687609
U009297,email,android,18-24,1,0,0,0,0,0,2024-07-27 03:40:32.451670120,
U009298,app_store,ios,35-44,1,0,0,0,0,0,2024-07-19 06:20:24.914371016,
U009299,organic_search,android,18-24,1,1,1,1,0,0,2024-07-03 15:43:15.804754503,
U009300,organic_search,android,25-34,1,1,1,0,0,0,2024-07-23 01:34:28.612990812,
U009301,paid_social,android,25-34,1,1,0,0,0,0,2024-07-11 07:34:07.622401245,
U009302,email,android,25-34,1,1,1,0,0,0,2024-07-07 20:33:11.063303150,
U009303,paid_social,ios,25-34,1,0,0,0,0,0,2024-07-16 23:01:47.571540499,
U009304,referral,android,25-34,1,1,1,0,0,0,2024-07-01 08:59:09.864445214,
U009305,organic_search,android,25-34,1,0,0,0,0,0,2024-07-14 00:44:50.019324212,
U009306,organic_search,ios,25-34,1,1,1,1,1,1,2024-07-24 15:02:13.039295834,2024-07-28 23:17:08.629563278
U009307,referral,ios,35-44,1,1,1,1,1,1,2024-07-26 23:39:16.936208287,2024-07-27 08:56:25.256958370
U009308,organic_search,android,45+,1,1,1,1,1,1,2024-07-10 14:11:48.340924252,2024-07-12 20:41:11.894657934
U009309,paid_social,android,25-34,1,1,1,0,0,0,2024-07-18 23:43:02.594088876,
U009310,organic_search,android,25-34,1,1,1,0,0,0,2024-07-07 08:25:31.262101881,
U009311,paid_social,ios,35-44,1,1,0,0,0,0,2024-07-16 16:27:47.461326210,
U009312,referral,ios,25-34,1,1,1,1,0,0,2024-07-08 02:42:23.875109794,
U009313,paid_social,ios,25-34,1,0,0,0,0,0,2024-07-16 23:57:05.665671532,
U009314,referral,ios,35-44,1,1,0,0,0,0,2024-07-05 19:23:50.146155783,
U009315,organic_search,android,18-24,1,1,0,0,0,0,2024-07-27 08:30:29.801315592,
U009316,email,ios,25-34,1,1,1,1,1,1,2024-07-25 20:00:30.758924520,2024-07-26 22:46:18.454281250
U009317,paid_social,android,25-34,1,1,0,0,0,0,2024-07-10 10:24:32.629066632,
U009318,referral,android,18-24,1,1,1,1,0,0,2024-07-22 17:55:02.860887219,
U009319,referral,android,25-34,1,1,0,0,0,0,2024-07-03 16:10:43.593067326,
U009320,organic_search,ios,35-44,1,1,1,1,0,0,2024-07-21 17:31:21.110340162,
U009321,email,android,35-44,1,1,0,0,0,0,2024-07-08 21:48:45.126359053,
U009322,referral,ios,18-24,1,1,1,1,1,0,2024-07-04 19:09:04.566780644,
U009323,paid_social,ios,45+,1,1,0,0,0,0,2024-07-19 23:44:40.194352420,
U009324,organic_search,ios,35-44,1,0,0,0,0,0,2024-07-14 03:42:36.653668668,
U009325,app_store,android,25-34,1,0,0,0,0,0,2024-07-15 20:15:13.724506288,
U009326,email,ios,25-34,1,1,0,0,0,0,2024-07-15 13:47:45.653786458,
U009327,organic_search,ios,25-34,1,1,0,0,0,0,2024-07-02 15:56:56.558310882,
U009328,paid_social,ios,45+,1,0,0,0,0,0,2024-07-02 10:31:39.098605004,
U009329,email,ios,25-34,1,0,0,0,0,0,2024-07-17 19:59:04.425551235,
U009330,referral,ios,35-44,1,1,1,0,0,0,2024-07-18 11:14:13.342786224,
U009331,email,android,25-34,1,1,0,0,0,0,2024-07-02 07:42:04.687121365,
U009332,paid_social,android,25-34,1,1,1,1,0,0,2024-07-11 14:18:40.431703010,
U009333,referral,android,25-34,1,1,1,0,0,0,2024-07-18 03:50:09.815512585,
U009334,paid_social,android,35-44,1,0,0,0,0,0,2024-07-19 09:17:21.842397841,
U009335,organic_search,android,25-34,1,1,1,1,0,0,2024-07-24 04:36:04.716841834,
U009336,referral,ios,18-24,1,1,1,1,1,1,2024-07-12 18:43:55.540477574,2024-07-13 04:48:08.578333425
U009337,app_store,android,25-34,1,1,1,1,0,0,2024-07-16 08:25:45.224150746,
U009338,paid_social,android,45+,1,1,1,1,0,0,2024-07-17 04:47:33.260672850,
U009339,paid_social,ios,35-44,1,0,0,0,0,0,2024-07-09 17:41:39.949360130,
U009340,referral,android,25-34,1,1,1,0,0,0,2024-07-02 12:10:14.413586746,
U009341,paid_social,android,45+,1,0,0,0,0,0,2024-07-01 02:50:23.360675388,
U009342,email,android,18-24,1,0,0,0,0,0,2024-07-24 09:52:34.606673936,
U009343,email,android,18-24,1,1,1,1,1,1,2024-07-06 14:33:20.825046158,2024-07-07 23:14:22.207436274
U009344,organic_search,ios,18-24,1,1,0,0,0,0,2024-07-18 15:31:52.083533780,
U009345,app_store,android,18-24,1,0,0,0,0,0,2024-07-17 03:46:33.260335370,
U009346,email,ios,18-24,1,1,0,0,0,0,2024-07-12 04:33:12.339250664,
U009347,email,android,35-44,1,1,0,0,0,0,2024-07-24 08:06:27.012408573,
U009348,referral,android,35-44,1,1,1,0,0,0,2024-07-20 13:19:33.140301423,
U009349,email,android,35-44,1,0,0,0,0,0,2024-07-01 15:16:56.148352046,
U009350,organic_search,ios,35-44,1,0,0,0,0,0,2024-07-22 17:56:18.302264491,
U009351,paid_social,ios,35-44,1,1,0,0,0,0,2024-07-15 04:42:11.540509862,
U009352,email,ios,25-34,1,1,1,1,0,0,2024-07-10 17:11:49.064149222,
U009353,organic_search,ios,35-44,1,0,0,0,0,0,2024-07-21 08:27:59.361033052,
U009354,organic_search,android,25-34,1,1,1,1,1,1,2024-07-20 05:02:09.971240254,2024-07-21 08:21:20.309432316
U009355,email,android,45+,1,1,1,1,1,0,2024-07-09 16:42:55.065052562,
U009356,email,android,25-34,1,1,1,1,1,1,2024-07-28 12:36:07.637927673,2024-07-31 21:54:41.234152927
U009357,organic_search,android,18-24,1,1,1,0,0,0,2024-07-19 03:55:55.571053072,
U009358,email,ios,35-44,1,1,1,1,0,0,2024-07-17 23:05:02.280368461,
U009359,referral,ios,35-44,1,1,1,0,0,0,2024-07-02 22:57:34.575335103,
U009360,paid_social,ios,25-34,1,1,1,1,0,0,2024-07-08 19:42:07.993409990,
U009361,email,android,25-34,1,0,0,0,0,0,2024-07-13 12:21:59.506428128,
U009362,paid_social,android,18-24,1,1,1,1,0,0,2024-07-18 15:46:49.703865970,
U009363,organic_search,android,45+,1,1,1,1,1,0,2024-07-15 08:34:37.775462930,
U009364,organic_search,ios,18-24,1,1,1,1,0,0,2024-07-22 08:45:29.272653990,
U009365,paid_social,ios,18-24,1,1,0,0,0,0,2024-07-08 08:26:43.810002348,
U009366,paid_social,android,18-24,1,0,0,0,0,0,2024-07-20 15:50:58.202987384,
U009367,email,ios,25-34,1,1,1,1,1,1,2024-07-23 20:45:11.575839099,2024-07-24 13:00:29.598059908
U009368,email,android,18-24,1,0,0,0,0,0,2024-07-22 10:06:48.900930282,
U009369,referral,ios,35-44,1,0,0,0,0,0,2024-07-22 14:00:32.057435368,
U009370,email,ios,45+,1,0,0,0,0,0,2024-07-25 21:04:36.272928630,
U009371,organic_search,android,25-34,1,1,1,1,0,0,2024-07-03 08:34:04.729968800,
U009372,organic_search,ios,35-44,1,1,1,1,0,0,2024-07-20 12:30:45.849468229,
U009373,email,android,18-24,1,1,0,0,0,0,2024-07-28 02:57:06.304140943,
U009374,organic_search,android,25-34,1,1,1,1,0,0,2024-07-17 01:29:35.652176484,
U009375,organic_search,ios,25-34,1,1,0,0,0,0,2024-07-07 02:02:11.621952643,
U009376,referral,android,25-34,1,1,0,0,0,0,2024-07-28 23:09:45.206928975,
U009377,paid_social,android,35-44,1,1,0,0,0,0,2024-07-05 21:22:59.306793722,
U009378,email,ios,18-24,1,1,1,1,1,0,2024-07-10 09:29:41.181489258,
U009379,organic_search,android,45+,1,1,1,0,0,0,2024-07-05 19:37:32.846218813,
U009380,organic_search,android,35-44,1,1,1,1,1,0,2024-07-14 00:09:09.532080165,
U009381,paid_social,ios,35-44,1,0,0,0,0,0,2024-07-12 17:29:04.842450830,
U009382,referral,android,45+,1,1,1,0,0,0,2024-07-14 18:06:49.976838378,
U009383,paid_social,ios,45+,1,0,0,0,0,0,2024-07-26 23:36:17.441414096,
U009384,paid_social,android,25-34,1,0,0,0,0,0,2024-07-14 09:26:02.354210156,
U009385,email,android,25-34,1,1,0,0,0,0,2024-07-15 09:49:44.008376048,
U009386,app_store,ios,25-34,1,1,1,0,0,0,2024-07-25 19:51:01.350637959,
U009387,organic_search,ios,35-44,1,1,1,1,1,0,2024-07-23 21:32:00.139120681,
U009388,paid_social,ios,25-34,1,0,0,0,0,0,2024-07-07 17:05:35.537940596,
U009389,paid_social,ios,45+,1,1,1,0,0,0,2024-07-01 08:41:10.470889633,
U009390,app_store,android,25-34,1,1,0,0,0,0,2024-07-18 15:01:25.413455200,
U009391,app_store,android,25-34,1,1,0,0,0,0,2024-07-24 15:44:20.693827726,
U009392,organic_search,ios,25-34,1,1,1,0,0,0,2024-07-16 11:30:54.992427080,
U009393,referral,android,35-44,1,0,0,0,0,0,2024-07-06 21:54:39.204895075,
U009394,paid_social,android,18-24,1,1,0,0,0,0,2024-07-21 18:11:26.235361701,
U009395,organic_search,android,25-34,1,1,1,0,0,0,2024-07-19 17:55:49.432493182,
U009396,organic_search,android,25-34,1,1,1,1,1,1,2024-07-16 19:42:06.714498772,2024-07-18 16:15:42.018190181
U009397,paid_social,android,18-24,1,0,0,0,0,0,2024-07-25 04:09:42.872191563,
U009398,paid_social,ios,25-34,1,0,0,0,0,0,2024-07-22 23:00:39.100230108,
U009399,organic_search,ios,25-34,1,1,0,0,0,0,2024-07-19 16:51:49.699569988,
U009400,referral,android,18-24,1,1,1,1,1,0,2024-07-19 14:43:04.172100970,
U009401,organic_search,ios,25-34,1,1,1,1,0,0,2024-07-19 13:00:00.612894387,
U009402,referral,android,45+,1,1,0,0,0,0,2024-07-15 16:54:38.550902151,
U009403,paid_social,android,45+,1,0,0,0,0,0,2024-07-13 23:45:19.242722394,
U009404,organic_search,android,25-34,1,1,1,0,0,0,2024-07-20 20:51:05.431619304,
U009405,paid_social,ios,25-34,1,1,1,0,0,0,2024-07-18 02:15:08.249572781,
U009406,organic_search,ios,25-34,1,1,1,0,0,0,2024-07-14 17:16:00.976317474,
U009407,paid_social,ios,45+,1,1,1,1,1,1,2024-07-04 13:06:59.147381592,2024-07-06 09:59:33.841717566
U009408,organic_search,ios,25-34,1,1,1,0,0,0,2024-07-20 15:41:46.125509737,
U009409,paid_social,ios,25-34,1,1,1,1,0,0,2024-07-19 02:06:39.741942214,
U009410,organic_search,android,18-24,1,1,1,1,0,0,2024-07-10 13:59:27.392115098,
U009411,referral,ios,25-34,1,0,0,0,0,0,2024-07-10 23:26:57.003707515,
U009412,email,ios,18-24,1,1,1,1,1,0,2024-07-07 21:47:50.791700004,
U009413,organic_search,ios,35-44,1,1,1,1,1,1,2024-07-27 22:24:25.388198254,2024-07-29 12:19:35.099643013
U009414,paid_social,ios,25-34,1,1,1,0,0,0,2024-07-25 02:03:19.137052015,
U009415,organic_search,ios,25-34,1,1,0,0,0,0,2024-07-16 17:01:29.811954036,
U009416,referral,ios,25-34,1,1,1,0,0,0,2024-07-12 05:54:39.292154359,
U009417,organic_search,android,35-44,1,1,1,0,0,0,2024-07-21 15:08:47.677934385,
U009418,paid_social,ios,18-24,1,1,0,0,0,0,2024-07-15 18:38:00.003684012,
U009419,paid_social,android,25-34,1,1,1,1,0,0,2024-07-28 07:46:18.821247445,
U009420,app_store,android,35-44,1,1,1,1,0,0,2024-07-02 13:02:32.627600476,
U009421,paid_social,ios,45+,1,1,1,0,0,0,2024-07-01 23:02:24.047822166,
U009422,referral,android,25-34,1,0,0,0,0,0,2024-07-16 22:06:23.774681185,
U009423,paid_social,ios,25-34,1,1,1,0,0,0,2024-07-06 16:36:13.095529002,
U009424,app_store,ios,25-34,1,1,0,0,0,0,2024-07-17 22:05:32.632460624,
U009425,email,ios,45+,1,1,1,1,1,1,2024-07-22 21:06:58.590661330,2024-07-26 21:06:14.567912156
U009426,organic_search,ios,18-24,1,1,1,0,0,0,2024-07-04 20:48:35.134258446,
U009427,email,ios,25-34,1,1,0,0,0,0,2024-07-13 08:05:19.415959306,
U009428,paid_social,ios,18-24,1,1,0,0,0,0,2024-07-20 06:47:03.408280681,
U009429,email,android,18-24,1,1,1,1,1,1,2024-07-24 08:21:22.750172053,2024-07-26 11:10:48.415752281
U009430,email,android,18-24,1,1,1,1,1,1,2024-07-14 21:32:35.622615955,2024-07-15 09:48:10.033653049
U009431,organic_search,ios,45+,1,1,1,1,0,0,2024-07-06 18:32:06.757443045,
U009432,referral,ios,25-34,1,1,1,1,0,0,2024-07-17 09:39:25.559112762,
U009433,organic_search,ios,45+,1,1,1,0,0,0,2024-07-13 17:26:07.692659520,
U009434,organic_search,ios,25-34,1,1,1,0,0,0,2024-07-22 14:44:01.993009254,
U009435,organic_search,android,45+,1,1,1,0,0,0,2024-07-16 13:20:49.614519771,
U009436,referral,ios,35-44,1,0,0,0,0,0,2024-07-08 19:46:19.746552464,
U009437,organic_search,ios,18-24,1,1,0,0,0,0,2024-07-22 02:57:07.351389496,
U009438,organic_search,android,25-34,1,1,0,0,0,0,2024-07-15 11:55:33.573757573,
U009439,referral,android,25-34,1,1,1,0,0,0,2024-07-05 23:18:40.619271729,
U009440,organic_search,ios,25-34,1,0,0,0,0,0,2024-07-16 18:23:04.564145112,
U009441,organic_search,android,25-34,1,1,1,1,1,1,2024-07-27 13:16:15.888779137,2024-07-28 02:35:13.818358474
U009442,organic_search,ios,25-34,1,1,1,1,1,1,2024-07-20 18:06:24.938460572,2024-07-21 10:02:33.765619624
U009443,paid_social,ios,35-44,1,1,1,1,1,1,2024-07-09 08:47:45.092039143,2024-07-11 02:29:00.386537348
U009444,paid_social,ios,35-44,1,1,0,0,0,0,2024-07-20 21:42:24.385668483,
U009445,organic_search,ios,25-34,1,0,0,0,0,0,2024-07-08 21:54:41.187576470,
U009446,app_store,android,45+,1,0,0,0,0,0,2024-07-16 04:41:12.835779820,
U009447,referral,ios,45+,1,1,1,1,1,1,2024-07-15 17:52:20.471754846,2024-07-16 12:45:30.265860661
U009448,paid_social,ios,18-24,1,1,1,0,0,0,2024-07-07 22:14:48.014263435,
U009449,paid_social,ios,18-24,1,0,0,0,0,0,2024-07-10 17:46:34.198749256,
U009450,paid_social,ios,25-34,1,1,0,0,0,0,2024-07-27 09:08:45.375418402,
U009451,referral,android,25-34,1,0,0,0,0,0,2024-07-08 00:24:07.979296215,
U009452,organic_search,ios,25-34,1,1,0,0,0,0,2024-07-23 10:17:24.623952082,
U009453,organic_search,ios,25-34,1,1,1,1,1,0,2024-07-19 16:28:22.907165368,
U009454,email,android,35-44,1,1,1,1,1,1,2024-07-15 21:55:36.397406330,2024-07-18 08:39:41.888911456
U009455,organic_search,ios,35-44,1,1,0,0,0,0,2024-07-04 20:24:35.972210124,
U009456,paid_social,ios,18-24,1,1,0,0,0,0,2024-07-06 17:28:17.564947269,
U009457,email,ios,45+,1,1,1,1,1,0,2024-07-06 00:16:22.666989903,
U009458,referral,ios,35-44,1,1,1,1,0,0,2024-07-17 10:19:32.671309303,
U009459,paid_social,ios,25-34,1,0,0,0,0,0,2024-07-28 06:06:48.629501341,
U009460,referral,ios,35-44,1,1,0,0,0,0,2024-07-25 13:30:17.224505265,
U009461,organic_search,android,18-24,1,1,1,0,0,0,2024-07-01 16:58:09.355183233,
U009462,referral,android,25-34,1,1,0,0,0,0,2024-07-08 15:56:39.449899309,
U009463,paid_social,android,18-24,1,1,1,0,0,0,2024-07-05 09:40:37.244660444,
U009464,email,android,18-24,1,1,1,1,1,1,2024-07-28 07:39:19.835119404,2024-08-01 00:11:47.995417377
U009465,app_store,ios,25-34,1,0,0,0,0,0,2024-07-07 14:19:48.279539035,
U009466,app_store,android,18-24,1,0,0,0,0,0,2024-07-06 15:16:56.857245851,
U009467,app_store,ios,35-44,1,0,0,0,0,0,2024-07-18 09:13:41.510234200,
U009468,paid_social,ios,35-44,1,1,0,0,0,0,2024-07-16 13:45:26.582984121,
U009469,paid_social,ios,18-24,1,0,0,0,0,0,2024-07-07 07:46:19.909563564,
U009470,paid_social,ios,18-24,1,1,1,0,0,0,2024-07-19 18:29:06.680288497,
U009471,referral,android,35-44,1,1,1,0,0,0,2024-07-03 17:11:19.845564111,
U009472,email,ios,18-24,1,1,1,0,0,0,2024-07-01 13:00:57.644541936,
U009473,organic_search,ios,25-34,1,1,1,1,1,0,2024-07-03 07:22:57.861676794,
U009474,app_store,ios,25-34,1,1,1,1,1,0,2024-07-11 05:11:29.212280588,
U009475,email,ios,35-44,1,1,1,1,1,0,2024-07-28 07:12:39.500394757,
U009476,app_store,ios,35-44,1,1,0,0,0,0,2024-07-16 07:44:59.939519614,
U009477,email,ios,35-44,1,1,1,1,1,1,2024-07-22 03:10:33.388415018,2024-07-27 22:37:23.593235008
U009478,organic_search,ios,25-34,1,1,0,0,0,0,2024-07-10 00:02:42.523798588,
U009479,organic_search,android,35-44,1,0,0,0,0,0,2024-07-21 03:23:45.067217269,
U009480,organic_search,ios,25-34,1,0,0,0,0,0,2024-07-28 01:16:25.554497606,
U009481,organic_search,ios,25-34,1,1,1,0,0,0,2024-07-11 00:24:55.145770344,
U009482,referral,android,25-34,1,1,1,1,1,1,2024-07-28 23:22:04.584510973,2024-08-03 17:28:41.078718512
U009483,email,android,35-44,1,1,1,1,1,1,2024-07-18 21:00:41.353535808,2024-07-21 03:26:23.588888100
U009484,email,ios,18-24,1,1,0,0,0,0,2024-07-21 23:03:12.345034658,
U009485,referral,ios,18-24,1,0,0,0,0,0,2024-07-08 01:27:22.984221445,
U009486,organic_search,android,35-44,1,1,0,0,0,0,2024-07-19 00:09:25.188793581,
U009487,organic_search,ios,45+,1,0,0,0,0,0,2024-07-15 07:23:46.323537806,
U009488,organic_search,ios,35-44,1,1,1,1,1,1,2024-07-27 18:42:09.279939013,2024-07-28 07:47:32.342434515
U009489,paid_social,ios,25-34,1,1,0,0,0,0,2024-07-26 07:56:29.875612394,
U009490,paid_social,android,35-44,1,0,0,0,0,0,2024-07-12 02:33:50.351319547,
U009491,organic_search,android,35-44,1,1,0,0,0,0,2024-07-27 12:17:47.302921294,
U009492,paid_social,android,25-34,1,1,0,0,0,0,2024-07-25 18:35:38.527612821,
U009493,organic_search,ios,25-34,1,0,0,0,0,0,2024-07-17 12:44:16.610813023,
U009494,referral,ios,18-24,1,1,1,1,1,1,2024-07-03 07:10:59.644943655,2024-07-03 14:50:16.735140905
U009495,paid_social,ios,25-34,1,1,0,0,0,0,2024-07-05 12:03:03.750203552,
U009496,paid_social,android,25-34,1,1,0,0,0,0,2024-07-03 03:39:34.172714858,
U009497,paid_social,android,25-34,1,0,0,0,0,0,2024-07-04 00:34:16.942959008,
U009498,app_store,ios,25-34,1,1,1,1,1,1,2024-07-28 08:30:43.184131732,2024-07-29 02:29:58.442175944
U009499,organic_search,android,18-24,1,0,0,0,0,0,2024-07-06 22:34:35.130263714,
U009500,paid_social,ios,35-44,1,1,1,1,1,0,2024-07-20 08:15:15.405598533,
U009501,referral,ios,18-24,1,1,1,1,1,1,2024-07-18 19:44:49.160986155,2024-07-19 00:13:46.791055102
U009502,referral,android,25-34,1,1,1,1,0,0,2024-07-18 16:07:45.657052388,
U009503,app_store,ios,35-44,1,1,0,0,0,0,2024-07-06 18:54:18.315822715,
U009504,paid_social,ios,25-34,1,1,1,1,1,0,2024-07-17 05:19:15.281135248,
U009505,paid_social,ios,25-34,1,0,0,0,0,0,2024-07-18 12:21:42.375315913,
U009506,organic_search,android,25-34,1,1,1,1,0,0,2024-07-16 23:18:44.542027854,
U009507,referral,android,35-44,1,0,0,0,0,0,2024-07-06 05:06:04.240833321,
U009508,organic_search,android,45+,1,1,1,0,0,0,2024-07-21 05:53:48.196443134,
U009509,organic_search,android,35-44,1,1,0,0,0,0,2024-07-03 01:13:09.857308422,
U009510,paid_social,ios,35-44,1,1,1,1,1,1,2024-07-17 13:17:11.068594029,2024-07-21 07:43:37.192402375
U009511,paid_social,ios,18-24,1,1,1,1,0,0,2024-07-13 05:09:58.576945258,
U009512,organic_search,android,45+,1,1,1,0,0,0,2024-07-08 00:11:33.326107533,
U009513,referral,android,45+,1,1,0,0,0,0,2024-07-23 14:33:55.442252034,
U009514,referral,android,25-34,1,1,0,0,0,0,2024-07-05 22:11:59.297293348,
U009515,organic_search,android,35-44,1,1,1,0,0,0,2024-07-27 02:57:49.473545122,
U009516,paid_social,android,25-34,1,1,0,0,0,0,2024-07-25 18:25:39.716514616,
U009517,referral,ios,25-34,1,0,0,0,0,0,2024-07-11 02:18:53.394094512,
U009518,paid_social,ios,45+,1,0,0,0,0,0,2024-07-09 13:03:45.970333110,
U009519,paid_social,android,25-34,1,0,0,0,0,0,2024-07-04 20:23:27.784527007,
U009520,paid_social,android,25-34,1,0,0,0,0,0,2024-07-26 15:46:20.252307424,
U009521,referral,android,35-44,1,1,1,0,0,0,2024-07-18 13:42:05.072865260,
U009522,app_store,ios,45+,1,0,0,0,0,0,2024-07-01 21:21:30.841921321,
U009523,referral,ios,35-44,1,1,1,1,1,1,2024-07-15 07:23:29.783707447,2024-07-15 09:38:07.715002034
U009524,organic_search,android,25-34,1,0,0,0,0,0,2024-07-03 09:39:24.814588852,
U009525,paid_social,android,25-34,1,1,0,0,0,0,2024-07-17 01:33:37.657037916,
U009526,email,android,45+,1,0,0,0,0,0,2024-07-15 06:01:20.188961709,
U009527,organic_search,ios,25-34,1,1,1,1,1,1,2024-07-03 07:40:21.153280184,2024-07-04 03:03:11.315167160
U009528,app_store,android,45+,1,1,1,1,0,0,2024-07-23 20:15:29.946868095,
U009529,app_store,android,35-44,1,1,0,0,0,0,2024-07-08 08:16:37.715000660,
U009530,organic_search,android,35-44,1,0,0,0,0,0,2024-07-16 03:52:38.973792079,
U009531,app_store,ios,25-34,1,1,0,0,0,0,2024-07-18 21:26:02.850344588,
U009532,paid_social,ios,25-34,1,0,0,0,0,0,2024-07-27 22:40:07.127625043,
U009533,email,android,35-44,1,1,1,0,0,0,2024-07-14 19:50:29.247414921,
U009534,paid_social,ios,25-34,1,1,1,0,0,0,2024-07-26 16:26:10.316318946,
U009535,paid_social,ios,35-44,1,1,0,0,0,0,2024-07-10 22:27:50.880188354,
U009536,referral,ios,35-44,1,1,1,0,0,0,2024-07-25 00:11:52.078231669,
U009537,email,android,25-34,1,1,0,0,0,0,2024-07-07 14:28:30.808240867,
U009538,organic_search,ios,35-44,1,1,1,1,0,0,2024-07-20 19:25:35.041283763,
U009539,referral,ios,25-34,1,1,0,0,0,0,2024-07-03 11:32:50.135292088,
U009540,organic_search,android,25-34,1,1,1,0,0,0,2024-07-28 14:37:33.022889108,
U009541,paid_social,android,25-34,1,1,1,0,0,0,2024-07-27 17:02:42.938547039,
U009542,paid_social,ios,45+,1,0,0,0,0,0,2024-07-13 09:10:03.234301240,
U009543,paid_social,ios,25-34,1,1,1,1,1,0,2024-07-15 16:05:04.079362020,
U009544,paid_social,android,25-34,1,1,1,0,0,0,2024-07-17 17:42:16.946919759,
U009545,organic_search,ios,25-34,1,1,1,1,1,0,2024-07-08 16:49:30.864401248,
U009546,organic_search,android,25-34,1,0,0,0,0,0,2024-07-19 21:14:41.296048328,
U009547,organic_search,ios,25-34,1,1,1,0,0,0,2024-07-20 13:26:01.061225646,
U009548,paid_social,android,18-24,1,1,1,0,0,0,2024-07-15 16:51:05.050233306,
U009549,app_store,android,35-44,1,0,0,0,0,0,2024-07-05 03:16:54.283260237,
U009550,organic_search,android,25-34,1,0,0,0,0,0,2024-07-26 17:41:34.635462558,
U009551,app_store,ios,25-34,1,1,1,0,0,0,2024-07-04 05:18:37.063210510,
U009552,referral,android,18-24,1,1,1,1,1,0,2024-07-18 14:48:13.310544470,
U009553,referral,ios,45+,1,1,0,0,0,0,2024-07-03 21:16:31.932918318,
U009554,referral,android,25-34,1,0,0,0,0,0,2024-07-05 02:10:46.835534366,
U009555,email,ios,35-44,1,1,1,1,1,1,2024-07-01 13:48:06.289298542,2024-07-02 08:10:05.146195338
U009556,organic_search,android,35-44,1,1,1,1,1,1,2024-07-11 04:10:50.391666271,2024-07-15 04:50:57.233143510
U009557,paid_social,ios,35-44,1,1,1,0,0,0,2024-07-18 21:47:58.139849792,
U009558,referral,android,35-44,1,0,0,0,0,0,2024-07-15 14:28:39.776377764,
U009559,referral,ios,18-24,1,1,0,0,0,0,2024-07-19 21:17:25.114700335,
U009560,email,ios,35-44,1,1,1,0,0,0,2024-07-19 21:36:45.628219008,
U009561,organic_search,ios,25-34,1,1,0,0,0,0,2024-07-04 22:11:48.321470860,
U009562,referral,ios,35-44,1,1,0,0,0,0,2024-07-02 14:31:50.646357814,
U009563,paid_social,ios,45+,1,1,0,0,0,0,2024-07-18 12:14:26.413339552,
U009564,paid_social,ios,45+,1,1,1,0,0,0,2024-07-19 06:58:00.238596106,
U009565,paid_social,android,18-24,1,0,0,0,0,0,2024-07-16 14:06:17.676054810,
U009566,referral,ios,25-34,1,1,1,1,0,0,2024-07-07 21:09:08.558531193,
U009567,email,android,25-34,1,1,1,0,0,0,2024-07-23 16:50:03.212923470,
U009568,paid_social,ios,18-24,1,0,0,0,0,0,2024-07-03 02:51:39.608688546,
U009569,email,android,18-24,1,1,1,1,1,1,2024-07-18 16:54:48.680726230,2024-07-20 22:16:17.480941978
U009570,paid_social,ios,25-34,1,0,0,0,0,0,2024-07-04 08:54:59.587599376,
U009571,organic_search,android,45+,1,1,1,0,0,0,2024-07-19 07:47:19.915595268,
U009572,organic_search,android,25-34,1,0,0,0,0,0,2024-07-12 16:42:42.225902604,
U009573,organic_search,ios,35-44,1,0,0,0,0,0,2024-07-21 02:33:54.911714814,
U009574,paid_social,android,25-34,1,0,0,0,0,0,2024-07-02 11:04:23.376232200,
U009575,paid_social,ios,35-44,1,1,0,0,0,0,2024-07-16 13:00:56.765731705,
U009576,referral,android,45+,1,1,1,1,0,0,2024-07-05 01:21:28.612970690,
U009577,referral,ios,25-34,1,0,0,0,0,0,2024-07-20 02:33:37.643192056,
U009578,organic_search,ios,18-24,1,1,1,1,1,1,2024-07-04 08:36:36.663269223,2024-07-05 01:39:37.999102056
U009579,organic_search,ios,25-34,1,0,0,0,0,0,2024-07-03 01:26:52.774885298,
U009580,organic_search,android,45+,1,1,1,0,0,0,2024-07-20 23:13:06.673365796,
U009581,paid_social,ios,25-34,1,1,1,1,1,1,2024-07-02 18:41:36.456107589,2024-07-04 21:07:46.552185047
U009582,organic_search,android,25-34,1,1,1,0,0,0,2024-07-07 06:53:04.954739924,
U009583,organic_search,ios,18-24,1,1,0,0,0,0,2024-07-24 02:13:19.388886427,
U009584,app_store,ios,18-24,1,0,0,0,0,0,2024-07-23 16:06:37.954249660,
U009585,email,android,45+,1,0,0,0,0,0,2024-07-24 21:58:21.033223251,
U009586,organic_search,android,25-34,1,1,1,1,0,0,2024-07-10 03:08:20.852893017,
U009587,paid_social,android,25-34,1,0,0,0,0,0,2024-07-15 18:50:53.791152507,
U009588,paid_social,android,25-34,1,1,1,1,1,0,2024-07-22 15:41:21.915424802,
U009589,email,android,45+,1,0,0,0,0,0,2024-07-04 20:03:15.357914805,
U009590,paid_social,android,18-24,1,0,0,0,0,0,2024-07-21 06:47:26.414998666,
U009591,organic_search,ios,35-44,1,1,1,0,0,0,2024-07-03 17:30:38.976455548,
U009592,referral,ios,25-34,1,1,0,0,0,0,2024-07-26 13:42:15.872390118,
U009593,paid_social,ios,35-44,1,1,0,0,0,0,2024-07-18 20:16:20.793532126,
U009594,organic_search,ios,45+,1,0,0,0,0,0,2024-07-14 19:30:04.212459057,
U009595,paid_social,ios,25-34,1,0,0,0,0,0,2024-07-14 13:44:17.012890802,
U009596,paid_social,android,18-24,1,0,0,0,0,0,2024-07-06 01:52:31.066146408,
U009597,paid_social,ios,18-24,1,0,0,0,0,0,2024-07-10 16:27:23.307442297,
U009598,organic_search,android,35-44,1,1,0,0,0,0,2024-07-21 08:37:37.571135246,
U009599,paid_social,android,18-24,1,0,0,0,0,0,2024-07-16 03:30:50.807570936,
U009600,organic_search,ios,25-34,1,1,1,1,1,1,2024-07-15 19:41:37.568959357,2024-07-24 23:21:12.390836126
U009601,email,ios,25-34,1,1,1,0,0,0,2024-07-06 11:12:18.868084664,
U009602,organic_search,ios,25-34,1,0,0,0,0,0,2024-07-20 07:55:24.505078353,
U009603,organic_search,android,18-24,1,1,1,1,1,1,2024-07-11 23:26:48.413447617,2024-07-19 01:01:33.808312405
U009604,referral,android,45+,1,1,1,0,0,0,2024-07-06 02:48:36.876350502,
U009605,email,ios,45+,1,1,0,0,0,0,2024-07-27 10:13:24.071061838,
U009606,email,android,25-34,1,1,1,0,0,0,2024-07-15 04:34:07.528417273,
U009607,paid_social,ios,35-44,1,0,0,0,0,0,2024-07-15 18:50:26.257661916,
U009608,organic_search,android,35-44,1,0,0,0,0,0,2024-07-28 11:28:54.925191660,
U009609,referral,android,35-44,1,1,1,0,0,0,2024-07-11 06:13:29.727042859,
U009610,referral,ios,25-34,1,1,1,0,0,0,2024-07-27 09:42:35.640093477,
U009611,organic_search,ios,25-34,1,1,0,0,0,0,2024-07-20 10:59:23.433658954,
U009612,app_store,ios,35-44,1,1,0,0,0,0,2024-07-18 17:26:24.954736221,
U009613,organic_search,ios,35-44,1,1,1,1,0,0,2024-07-07 13:31:44.756059249,
U009614,app_store,android,25-34,1,0,0,0,0,0,2024-07-02 10:46:47.322640542,
U009615,email,ios,25-34,1,1,0,0,0,0,2024-07-13 06:11:26.661579406,
U009616,referral,android,25-34,1,1,1,1,0,0,2024-07-01 06:50:05.591260057,
U009617,app_store,ios,25-34,1,0,0,0,0,0,2024-07-02 23:42:49.274055712,
U009618,referral,android,25-34,1,1,1,1,1,1,2024-07-17 16:03:34.487375828,2024-07-21 02:23:06.984428376
U009619,organic_search,android,25-34,1,1,1,1,1,0,2024-07-21 06:50:42.258570266,
U009620,paid_social,android,25-34,1,0,0,0,0,0,2024-07-05 16:51:40.604591210,
U009621,organic_search,ios,35-44,1,1,0,0,0,0,2024-07-21 12:14:24.998340393,
U009622,paid_social,ios,18-24,1,1,0,0,0,0,2024-07-27 14:12:56.719698022,
U009623,referral,android,25-34,1,0,0,0,0,0,2024-07-21 19:24:51.574492814,
U009624,paid_social,ios,25-34,1,0,0,0,0,0,2024-07-22 23:19:43.059195919,
U009625,paid_social,ios,25-34,1,1,1,0,0,0,2024-07-20 14:52:43.874185245,
U009626,referral,ios,25-34,1,0,0,0,0,0,2024-07-07 07:01:24.815948134,
U009627,email,android,35-44,1,1,1,1,1,1,2024-07-11 02:31:04.948063399,2024-07-12 17:00:55.354098765
U009628,organic_search,android,25-34,1,1,1,0,0,0,2024-07-27 13:54:26.636332741,
U009629,paid_social,android,45+,1,1,0,0,0,0,2024-07-19 12:20:00.632644512,
U009630,organic_search,ios,45+,1,1,1,1,0,0,2024-07-23 02:13:28.636333309,
U009631,referral,ios,35-44,1,1,1,1,1,1,2024-07-28 02:57:46.021909042,2024-07-28 16:04:47.915076514
U009632,organic_search,android,35-44,1,0,0,0,0,0,2024-07-07 11:31:32.198104239,
U009633,referral,ios,35-44,1,1,0,0,0,0,2024-07-10 00:10:24.385596398,
U009634,organic_search,ios,25-34,1,1,1,1,1,1,2024-07-19 01:18:24.158537222,2024-07-20 06:00:52.653321867
U009635,organic_search,android,45+,1,1,1,1,1,0,2024-07-01 16:22:05.600578270,
U009636,app_store,ios,25-34,1,1,0,0,0,0,2024-07-16 23:51:33.191885700,
U009637,organic_search,ios,18-24,1,1,1,0,0,0,2024-07-23 15:26:18.927721474,
U009638,paid_social,ios,25-34,1,1,1,0,0,0,2024-07-18 02:13:04.609955323,
U009639,organic_search,ios,35-44,1,1,1,0,0,0,2024-07-09 06:30:15.432401469,
U009640,paid_social,ios,18-24,1,0,0,0,0,0,2024-07-21 06:35:52.598406598,
U009641,paid_social,android,45+,1,1,1,0,0,0,2024-07-05 02:07:59.706425722,
U009642,paid_social,ios,25-34,1,1,1,1,1,1,2024-07-26 01:17:15.976878586,2024-07-30 15:44:14.942878885
U009643,organic_search,ios,35-44,1,1,1,0,0,0,2024-07-03 19:48:53.643093069,
U009644,paid_social,android,25-34,1,1,0,0,0,0,2024-07-25 04:15:57.750798081,
U009645,referral,android,25-34,1,1,1,1,1,0,2024-07-14 22:31:40.567579492,
U009646,email,ios,18-24,1,1,1,1,1,1,2024-07-13 00:03:02.830837690,2024-07-15 02:07:37.658964978
U009647,paid_social,android,25-34,1,1,0,0,0,0,2024-07-15 00:26:40.931184084,
U009648,referral,android,25-34,1,1,1,1,0,0,2024-07-06 14:32:19.088442394,
U009649,organic_search,ios,45+,1,1,1,1,0,0,2024-07-13 19:33:52.954068682,
U009650,organic_search,ios,25-34,1,0,0,0,0,0,2024-07-24 19:00:42.178622036,
U009651,organic_search,ios,35-44,1,0,0,0,0,0,2024-07-23 10:14:30.921975718,
U009652,organic_search,android,25-34,1,1,0,0,0,0,2024-07-05 13:34:07.014641422,
U009653,organic_search,ios,18-24,1,1,0,0,0,0,2024-07-19 20:32:20.030289824,
U009654,paid_social,ios,25-34,1,1,0,0,0,0,2024-07-24 23:47:40.711404357,
U009655,referral,android,18-24,1,1,1,1,1,0,2024-07-23 22:53:01.750386624,
U009656,app_store,ios,45+,1,1,0,0,0,0,2024-07-12 22:01:30.006824541,
U009657,organic_search,android,35-44,1,1,1,0,0,0,2024-07-02 08:19:06.199365324,
U009658,referral,android,25-34,1,1,1,1,1,0,2024-07-27 01:44:45.068058092,
U009659,email,ios,35-44,1,1,1,0,0,0,2024-07-12 02:02:05.272259632,
U009660,referral,android,18-24,1,0,0,0,0,0,2024-07-11 02:34:34.680850546,
U009661,organic_search,ios,35-44,1,1,1,1,1,1,2024-07-22 06:23:38.553683143,2024-07-29 20:23:17.349446320
U009662,organic_search,ios,35-44,1,1,0,0,0,0,2024-07-08 09:23:21.583718300,
U009663,organic_search,ios,35-44,1,0,0,0,0,0,2024-07-24 08:57:02.175726312,
U009664,paid_social,android,25-34,1,1,0,0,0,0,2024-07-03 03:06:23.935934088,
U009665,referral,android,25-34,1,0,0,0,0,0,2024-07-21 17:45:28.536772658,
U009666,organic_search,ios,25-34,1,1,1,1,1,1,2024-07-28 01:00:37.935276152,2024-07-28 17:28:25.149161668
U009667,organic_search,ios,45+,1,0,0,0,0,0,2024-07-28 21:09:23.873398002,
U009668,referral,ios,45+,1,0,0,0,0,0,2024-07-26 20:47:47.507867232,
U009669,email,android,25-34,1,1,1,0,0,0,2024-07-25 09:09:08.411158944,
U009670,paid_social,android,35-44,1,0,0,0,0,0,2024-07-08 19:24:27.039008142,
U009671,referral,android,45+,1,1,0,0,0,0,2024-07-28 01:35:15.718873923,
U009672,paid_social,android,25-34,1,1,1,1,0,0,2024-07-26 23:32:47.439755682,
U009673,organic_search,android,35-44,1,1,1,1,0,0,2024-07-15 23:05:53.968995330,
U009674,paid_social,ios,25-34,1,1,0,0,0,0,2024-07-12 06:11:46.261509190,
U009675,referral,ios,25-34,1,1,1,0,0,0,2024-07-04 01:25:39.339807967,
U009676,app_store,android,18-24,1,1,1,1,0,0,2024-07-17 12:54:21.961074542,
U009677,organic_search,ios,25-34,1,0,0,0,0,0,2024-07-20 14:46:00.758664901,
U009678,paid_social,ios,35-44,1,1,1,1,1,1,2024-07-12 07:29:08.534032753,2024-07-18 02:45:26.455751200
U009679,paid_social,android,25-34,1,0,0,0,0,0,2024-07-12 08:51:06.713077381,
U009680,paid_social,android,18-24,1,1,1,0,0,0,2024-07-17 01:15:54.916416043,
U009681,organic_search,ios,25-34,1,1,1,0,0,0,2024-07-01 18:40:15.284818606,
U009682,paid_social,android,25-34,1,0,0,0,0,0,2024-07-27 19:41:09.176538822,
U009683,email,android,25-34,1,0,0,0,0,0,2024-07-09 02:48:59.886608360,
U009684,referral,ios,25-34,1,1,1,1,1,1,2024-07-04 22:40:43.172791273,2024-07-06 05:44:57.240607441
U009685,paid_social,ios,18-24,1,1,0,0,0,0,2024-07-01 03:41:17.527928802,
U009686,organic_search,ios,35-44,1,1,0,0,0,0,2024-07-24 23:49:52.016920316,
U009687,organic_search,ios,45+,1,1,1,1,1,1,2024-07-25 04:04:31.283534560,2024-07-28 01:56:43.185518717
U009688,paid_social,android,25-34,1,1,1,1,1,0,2024-07-03 16:02:45.737649243,
U009689,email,ios,35-44,1,1,0,0,0,0,2024-07-05 06:18:22.159948586,
U009690,app_store,ios,45+,1,1,0,0,0,0,2024-07-13 12:59:25.077858792,
U009691,paid_social,ios,35-44,1,1,1,1,0,0,2024-07-06 04:47:35.535482030,
U009692,paid_social,ios,35-44,1,0,0,0,0,0,2024-07-21 14:28:18.494235483,
U009693,email,ios,35-44,1,1,1,0,0,0,2024-07-02 15:00:09.752811282,
U009694,paid_social,android,25-34,1,1,0,0,0,0,2024-07-16 09:24:16.816907887,
U009695,referral,ios,25-34,1,1,0,0,0,0,2024-07-11 17:14:09.354323558,
U009696,organic_search,android,35-44,1,1,0,0,0,0,2024-07-14 00:26:38.533348294,
U009697,referral,android,25-34,1,1,1,0,0,0,2024-07-12 21:26:12.419129198,
U009698,paid_social,ios,45+,1,0,0,0,0,0,2024-07-05 06:55:22.694387833,
U009699,email,android,35-44,1,1,1,1,1,0,2024-07-07 04:01:44.969258474,
U009700,email,android,25-34,1,0,0,0,0,0,2024-07-02 19:33:02.785204105,
U009701,organic_search,ios,35-44,1,1,1,1,1,1,2024-07-04 05:28:18.863763513,2024-07-04 22:26:12.307437167
U009702,referral,ios,25-34,1,0,0,0,0,0,2024-07-28 09:08:43.154395839,
U009703,email,android,35-44,1,1,1,0,0,0,2024-07-08 20:01:00.254809606,
U009704,paid_social,android,25-34,1,0,0,0,0,0,2024-07-09 14:19:16.184770273,
U009705,organic_search,ios,45+,1,1,0,0,0,0,2024-07-04 13:24:55.634581386,
U009706,organic_search,ios,25-34,1,1,1,1,1,0,2024-07-22 03:28:13.243518541,
U009707,paid_social,ios,35-44,1,1,1,1,1,1,2024-07-26 21:01:26.286405070,2024-07-28 22:57:32.798793163
U009708,paid_social,ios,45+,1,1,1,1,1,1,2024-07-23 02:42:44.499271640,2024-07-23 23:04:48.497952957
U009709,referral,android,18-24,1,1,1,1,1,0,2024-07-18 03:40:40.214567146,
U009710,organic_search,ios,35-44,1,0,0,0,0,0,2024-07-23 18:29:33.069445105,
U009711,email,ios,18-24,1,1,1,0,0,0,2024-07-12 07:38:33.779511171,
U009712,organic_search,ios,35-44,1,1,1,1,1,0,2024-07-25 01:34:56.001411199,
U009713,organic_search,ios,25-34,1,0,0,0,0,0,2024-07-23 08:36:16.801044688,
U009714,paid_social,ios,45+,1,1,0,0,0,0,2024-07-01 01:09:32.259384885,
U009715,paid_social,ios,45+,1,1,1,1,1,1,2024-07-14 15:47:51.571192455,2024-07-16 03:15:10.736982633
U009716,organic_search,ios,18-24,1,0,0,0,0,0,2024-07-08 09:49:20.420850864,
U009717,organic_search,android,18-24,1,1,1,0,0,0,2024-07-03 09:56:54.671276727,
U009718,organic_search,android,35-44,1,1,1,0,0,0,2024-07-24 16:38:37.466615418,
U009719,referral,ios,25-34,1,1,0,0,0,0,2024-07-01 05:20:31.876261274,
U009720,email,ios,18-24,1,1,1,1,0,0,2024-07-21 10:40:11.544172327,
U009721,paid_social,ios,18-24,1,0,0,0,0,0,2024-07-28 16:03:54.379116392,
U009722,referral,ios,25-34,1,1,0,0,0,0,2024-07-14 11:55:02.219615724,
U009723,referral,ios,18-24,1,1,1,1,1,1,2024-07-11 09:28:25.090034318,2024-07-12 12:14:13.707594621
U009724,organic_search,ios,45+,1,1,1,1,1,1,2024-07-17 23:07:11.083465225,2024-07-18 10:43:42.543828454
U009725,app_store,android,35-44,1,0,0,0,0,0,2024-07-23 12:45:24.984645249,
U009726,email,ios,35-44,1,0,0,0,0,0,2024-07-07 17:26:57.623341153,
U009727,organic_search,ios,18-24,1,1,1,1,1,0,2024-07-08 00:28:16.897408233,
U009728,organic_search,android,18-24,1,1,1,1,0,0,2024-07-18 00:01:25.051678899,
U009729,organic_search,android,25-34,1,1,0,0,0,0,2024-07-27 07:35:57.262610734,
U009730,organic_search,ios,45+,1,1,1,0,0,0,2024-07-09 08:33:05.989355600,
U009731,referral,ios,25-34,1,0,0,0,0,0,2024-07-11 13:10:44.881283629,
U009732,paid_social,ios,25-34,1,0,0,0,0,0,2024-07-28 19:31:11.922892733,
U009733,email,ios,18-24,1,1,1,1,1,1,2024-07-05 22:25:16.662067604,2024-07-09 23:19:15.032441776
U009734,referral,ios,35-44,1,1,0,0,0,0,2024-07-03 03:43:21.392933534,
U009735,referral,ios,35-44,1,1,1,1,0,0,2024-07-17 12:18:55.873899961,
U009736,referral,ios,18-24,1,1,1,0,0,0,2024-07-01 16:18:26.698389613,
U009737,organic_search,android,25-34,1,1,1,1,1,1,2024-07-06 01:15:04.073100051,2024-07-06 19:06:41.927828932
U009738,paid_social,android,35-44,1,1,0,0,0,0,2024-07-18 10:07:28.449926382,
U009739,referral,ios,25-34,1,0,0,0,0,0,2024-07-19 11:11:32.399752473,
U009740,organic_search,ios,35-44,1,1,1,0,0,0,2024-07-15 07:00:20.763947520,
U009741,organic_search,ios,35-44,1,1,1,0,0,0,2024-07-11 17:52:43.273438125,
U009742,email,ios,35-44,1,1,1,0,0,0,2024-07-17 03:12:17.196233335,
U009743,referral,ios,35-44,1,0,0,0,0,0,2024-07-19 00:21:18.813738009,
U009744,organic_search,android,45+,1,0,0,0,0,0,2024-07-23 11:56:23.766388760,
U009745,referral,android,45+,1,1,1,1,1,1,2024-07-23 04:43:42.803605261,2024-07-24 10:17:09.064634377
U009746,email,android,25-34,1,0,0,0,0,0,2024-07-19 14:44:46.011933762,
U009747,paid_social,android,18-24,1,1,0,0,0,0,2024-07-26 00:55:27.465346304,
U009748,organic_search,android,35-44,1,1,1,1,1,1,2024-07-24 11:09:10.693498035,2024-07-27 21:13:14.849865562
U009749,app_store,android,25-34,1,1,1,1,1,1,2024-07-04 17:32:28.743080841,2024-07-05 02:42:32.448860830
U009750,paid_social,android,45+,1,1,1,0,0,0,2024-07-27 18:53:18.904449771,
U009751,organic_search,ios,18-24,1,1,1,1,0,0,2024-07-25 23:15:02.977767514,
U009752,paid_social,ios,45+,1,1,0,0,0,0,2024-07-09 23:39:47.032665656,
U009753,email,android,25-34,1,1,0,0,0,0,2024-07-01 13:33:50.145494151,
U009754,organic_search,android,35-44,1,1,1,0,0,0,2024-07-17 21:52:18.610397648,
U009755,organic_search,ios,25-34,1,1,1,1,1,1,2024-07-13 06:36:59.801955166,2024-07-13 13:34:39.422820287
U009756,organic_search,ios,45+,1,0,0,0,0,0,2024-07-21 23:42:31.670128371,
U009757,app_store,ios,25-34,1,1,0,0,0,0,2024-07-15 16:31:51.750299258,
U009758,organic_search,android,25-34,1,1,0,0,0,0,2024-07-03 03:24:05.660959089,
U009759,referral,ios,18-24,1,1,1,0,0,0,2024-07-07 20:25:47.807080352,
U009760,app_store,android,45+,1,1,0,0,0,0,2024-07-25 17:03:21.470821300,
U009761,organic_search,android,25-34,1,1,0,0,0,0,2024-07-02 01:19:38.911873850,
U009762,app_store,android,35-44,1,1,1,1,1,1,2024-07-21 15:02:31.264208336,2024-07-23 18:43:55.563802877
U009763,app_store,ios,35-44,1,1,1,1,1,1,2024-07-09 04:11:09.734436103,2024-07-12 04:32:15.280583423
U009764,email,ios,45+,1,0,0,0,0,0,2024-07-13 16:10:26.211520408,
U009765,organic_search,ios,35-44,1,1,1,1,0,0,2024-07-15 20:50:08.340880563,
U009766,referral,ios,25-34,1,0,0,0,0,0,2024-07-08 00:03:16.819597580,
U009767,email,ios,35-44,1,1,1,0,0,0,2024-07-19 06:07:02.703699944,
U009768,app_store,android,35-44,1,1,1,0,0,0,2024-07-20 09:59:35.414022382,
U009769,organic_search,ios,18-24,1,1,0,0,0,0,2024-07-03 09:09:35.893219539,
U009770,email,android,18-24,1,1,0,0,0,0,2024-07-11 11:16:44.381899758,
U009771,paid_social,android,18-24,1,0,0,0,0,0,2024-07-21 20:13:17.567078260,
U009772,organic_search,ios,25-34,1,1,0,0,0,0,2024-07-21 04:56:25.584767667,
U009773,paid_social,android,25-34,1,1,1,1,0,0,2024-07-16 05:58:24.409575555,
U009774,email,android,35-44,1,1,1,1,1,1,2024-07-22 18:35:50.827456698,2024-07-24 15:26:07.862726896
U009775,paid_social,ios,45+,1,1,1,0,0,0,2024-07-04 00:20:14.525241990,
U009776,paid_social,ios,25-34,1,1,1,0,0,0,2024-07-04 07:26:16.699169486,
U009777,app_store,ios,35-44,1,1,1,0,0,0,2024-07-19 09:49:58.115276918,
U009778,paid_social,ios,25-34,1,1,0,0,0,0,2024-07-20 09:55:13.293211897,
U009779,referral,android,25-34,1,0,0,0,0,0,2024-07-23 19:21:43.368392732,
U009780,paid_social,ios,35-44,1,1,1,0,0,0,2024-07-06 01:39:24.414709064,
U009781,paid_social,android,45+,1,1,0,0,0,0,2024-07-15 11:16:13.998495730,
U009782,referral,ios,18-24,1,1,0,0,0,0,2024-07-19 12:04:43.074030399,
U009783,app_store,ios,25-34,1,1,1,1,0,0,2024-07-07 06:19:34.009007152,
U009784,paid_social,android,18-24,1,1,1,1,0,0,2024-07-15 11:22:31.892444983,
U009785,email,android,25-34,1,1,0,0,0,0,2024-07-18 21:02:06.203005731,
U009786,organic_search,ios,35-44,1,0,0,0,0,0,2024-07-07 00:06:36.258166803,
U009787,organic_search,ios,35-44,1,1,0,0,0,0,2024-07-11 12:22:43.002077142,
U009788,paid_social,android,35-44,1,1,1,0,0,0,2024-07-07 01:22:46.849480305,
U009789,organic_search,android,25-34,1,1,0,0,0,0,2024-07-26 06:46:39.474393664,
U009790,organic_search,ios,45+,1,1,0,0,0,0,2024-07-07 15:07:43.855165034,
U009791,paid_social,ios,25-34,1,1,0,0,0,0,2024-07-04 09:12:03.127184841,
U009792,organic_search,ios,35-44,1,1,1,0,0,0,2024-07-01 23:37:27.729646467,
U009793,organic_search,ios,25-34,1,1,1,1,1,1,2024-07-02 06:12:31.440457537,2024-07-07 13:35:46.833908636
U009794,paid_social,android,45+,1,1,1,0,0,0,2024-07-06 08:44:45.419631723,
U009795,referral,android,35-44,1,1,1,0,0,0,2024-07-18 00:42:58.030553779,
U009796,app_store,android,45+,1,1,1,1,0,0,2024-07-01 11:51:38.576417306,
U009797,referral,ios,25-34,1,1,0,0,0,0,2024-07-09 00:41:30.902772490,
U009798,paid_social,android,35-44,1,0,0,0,0,0,2024-07-02 15:05:17.343489325,
U009799,app_store,ios,35-44,1,1,1,0,0,0,2024-07-12 07:15:31.297107747,
U009800,email,android,35-44,1,1,1,1,0,0,2024-07-02 08:38:36.844157990,
U009801,organic_search,ios,25-34,1,1,1,1,1,1,2024-07-18 00:16:05.066001105,2024-07-19 23:42:59.404264995
U009802,organic_search,ios,18-24,1,0,0,0,0,0,2024-07-20 06:37:15.983143600,
U009803,referral,android,25-34,1,1,1,1,1,1,2024-07-21 11:27:31.800098192,2024-07-22 05:52:38.555995857
U009804,referral,ios,25-34,1,1,0,0,0,0,2024-07-07 06:45:31.550005018,
U009805,email,android,45+,1,1,0,0,0,0,2024-07-25 07:37:55.591817851,
U009806,referral,android,35-44,1,1,1,1,1,1,2024-07-20 07:52:25.134406978,2024-07-20 17:59:41.312579718
U009807,referral,ios,18-24,1,1,0,0,0,0,2024-07-02 14:04:08.210530124,
U009808,app_store,android,45+,1,1,1,1,0,0,2024-07-13 08:11:42.821690492,
U009809,paid_social,ios,18-24,1,1,0,0,0,0,2024-07-22 11:55:56.508766705,
U009810,organic_search,ios,25-34,1,0,0,0,0,0,2024-07-09 16:55:14.587521578,
U009811,email,android,25-34,1,0,0,0,0,0,2024-07-11 16:24:26.985836455,
U009812,organic_search,android,45+,1,0,0,0,0,0,2024-07-18 15:05:37.578995797,
U009813,email,ios,35-44,1,1,1,0,0,0,2024-07-02 13:16:59.345176378,
U009814,app_store,ios,25-34,1,0,0,0,0,0,2024-07-28 01:46:49.249996752,
U009815,referral,ios,35-44,1,0,0,0,0,0,2024-07-05 21:15:04.460867053,
U009816,referral,android,18-24,1,0,0,0,0,0,2024-07-01 17:55:24.901544233,
U009817,paid_social,android,25-34,1,0,0,0,0,0,2024-07-01 03:34:37.358152183,
U009818,paid_social,ios,25-34,1,1,1,1,1,0,2024-07-12 04:30:01.943998538,
U009819,paid_social,android,25-34,1,1,1,0,0,0,2024-07-25 18:13:05.741758034,
U009820,referral,ios,45+,1,0,0,0,0,0,2024-07-23 22:52:48.422044012,
U009821,email,ios,35-44,1,1,1,1,1,0,2024-07-26 12:53:41.195125662,
U009822,referral,android,25-34,1,1,0,0,0,0,2024-07-15 22:42:06.186920472,
U009823,organic_search,ios,25-34,1,1,1,1,0,0,2024-07-13 13:33:26.888990796,
U009824,paid_social,ios,18-24,1,1,0,0,0,0,2024-07-11 19:17:54.873397557,
U009825,email,android,25-34,1,0,0,0,0,0,2024-07-02 07:11:34.608954328,
U009826,paid_social,ios,25-34,1,1,1,0,0,0,2024-07-26 11:11:53.823253426,
U009827,paid_social,ios,25-34,1,1,1,0,0,0,2024-07-14 21:25:49.202455213,
U009828,email,android,35-44,1,0,0,0,0,0,2024-07-13 17:48:19.129199814,
U009829,referral,android,25-34,1,1,0,0,0,0,2024-07-15 10:11:33.184584553,
U009830,paid_social,android,25-34,1,0,0,0,0,0,2024-07-23 05:40:18.610221874,
U009831,email,ios,45+,1,1,1,1,0,0,2024-07-07 06:50:40.451209018,
U009832,organic_search,ios,25-34,1,1,0,0,0,0,2024-07-20 21:03:11.722624516,
U009833,app_store,android,25-34,1,1,0,0,0,0,2024-07-20 21:38:14.157074076,
U009834,organic_search,ios,25-34,1,1,0,0,0,0,2024-07-24 18:53:58.090838996,
U009835,organic_search,ios,25-34,1,1,1,1,1,0,2024-07-01 05:50:07.361403795,
U009836,email,ios,25-34,1,0,0,0,0,0,2024-07-05 18:30:20.898194432,
U009837,organic_search,ios,25-34,1,1,0,0,0,0,2024-07-14 04:32:36.544466673,
U009838,referral,ios,45+,1,1,1,1,0,0,2024-07-24 19:33:47.305346806,
U009839,email,android,35-44,1,0,0,0,0,0,2024-07-28 00:33:30.711650418,
U009840,email,android,35-44,1,1,1,0,0,0,2024-07-17 15:45:06.152632408,
U009841,app_store,android,25-34,1,1,0,0,0,0,2024-07-06 22:33:14.513343372,
U009842,organic_search,android,25-34,1,1,0,0,0,0,2024-07-06 04:02:27.296138983,
U009843,referral,android,25-34,1,1,1,1,1,0,2024-07-18 21:42:22.813483579,
U009844,organic_search,android,18-24,1,1,0,0,0,0,2024-07-06 21:09:59.280566112,
U009845,paid_social,ios,25-34,1,0,0,0,0,0,2024-07-16 11:40:29.095949409,
U009846,email,ios,25-34,1,1,1,1,1,1,2024-07-24 08:59:37.018984927,2024-07-28 10:57:39.962011730
U009847,paid_social,ios,18-24,1,1,0,0,0,0,2024-07-11 21:57:31.693559490,
U009848,referral,ios,18-24,1,1,0,0,0,0,2024-07-11 14:19:59.921423673,
U009849,paid_social,ios,25-34,1,1,1,0,0,0,2024-07-02 00:17:10.703006887,
U009850,referral,ios,25-34,1,1,1,1,1,1,2024-07-08 02:44:41.412124683,2024-07-09 09:28:37.251366055
U009851,app_store,ios,25-34,1,1,1,0,0,0,2024-07-20 13:11:04.779110947,
U009852,organic_search,ios,18-24,1,0,0,0,0,0,2024-07-11 02:10:58.500223809,
U009853,referral,ios,25-34,1,1,1,1,1,1,2024-07-05 10:22:36.740707780,2024-07-06 23:46:45.614529972
U009854,email,ios,25-34,1,1,1,0,0,0,2024-07-03 23:04:33.301512984,
U009855,paid_social,android,18-24,1,0,0,0,0,0,2024-07-03 15:52:33.132422193,
U009856,organic_search,ios,25-34,1,1,1,0,0,0,2024-07-19 10:56:15.601398813,
U009857,referral,android,18-24,1,1,1,0,0,0,2024-07-18 03:40:53.881497354,
U009858,paid_social,android,35-44,1,0,0,0,0,0,2024-07-15 12:26:46.016752563,
U009859,organic_search,android,25-34,1,1,1,1,0,0,2024-07-15 00:13:09.743386591,
U009860,email,android,25-34,1,1,1,0,0,0,2024-07-05 06:54:28.674022500,
U009861,paid_social,android,18-24,1,1,1,1,0,0,2024-07-15 00:24:21.740539604,
U009862,app_store,ios,25-34,1,0,0,0,0,0,2024-07-02 16:16:41.469151638,
U009863,email,android,25-34,1,1,0,0,0,0,2024-07-26 22:10:36.783051621,
U009864,referral,android,45+,1,0,0,0,0,0,2024-07-02 14:59:40.258643107,
U009865,organic_search,android,35-44,1,1,1,0,0,0,2024-07-12 20:36:44.247487366,
U009866,paid_social,ios,18-24,1,0,0,0,0,0,2024-07-01 00:23:01.499650555,
U009867,organic_search,ios,35-44,1,1,1,1,1,0,2024-07-23 00:17:35.141504424,
U009868,app_store,android,25-34,1,1,0,0,0,0,2024-07-05 15:39:58.920105394,
U009869,organic_search,android,18-24,1,1,1,1,1,1,2024-07-26 21:32:36.830314204,2024-07-29 03:16:23.933114917
U009870,organic_search,android,35-44,1,1,1,1,1,0,2024-07-02 05:33:10.967624276,
U009871,paid_social,ios,18-24,1,1,1,1,1,0,2024-07-23 23:34:08.719778262,
U009872,organic_search,ios,25-34,1,1,1,0,0,0,2024-07-19 09:15:38.196763470,
U009873,organic_search,ios,35-44,1,0,0,0,0,0,2024-07-07 23:49:20.651128744,
U009874,referral,ios,25-34,1,1,1,1,1,1,2024-07-06 16:01:33.518650656,2024-07-07 10:56:46.002735556
U009875,organic_search,ios,45+,1,0,0,0,0,0,2024-07-11 00:21:34.456425692,
U009876,organic_search,ios,35-44,1,1,0,0,0,0,2024-07-24 04:41:12.254977820,
U009877,paid_social,ios,35-44,1,1,1,1,1,0,2024-07-25 03:14:05.281733133,
U009878,referral,ios,25-34,1,0,0,0,0,0,2024-07-05 21:47:30.390145249,
U009879,referral,ios,18-24,1,0,0,0,0,0,2024-07-10 21:31:01.497604332,
U009880,paid_social,android,35-44,1,1,0,0,0,0,2024-07-07 15:35:39.155936334,
U009881,referral,android,45+,1,1,1,1,1,0,2024-07-04 10:24:57.577005601,
U009882,paid_social,android,25-34,1,1,1,0,0,0,2024-07-19 02:24:50.358309984,
U009883,app_store,ios,45+,1,1,1,1,1,1,2024-07-10 16:25:31.179411408,2024-07-11 19:36:47.972353190
U009884,organic_search,android,18-24,1,1,1,0,0,0,2024-07-07 07:27:29.081122909,
U009885,referral,ios,25-34,1,1,1,1,1,1,2024-07-25 05:57:01.813655980,2024-08-02 07:12:14.237154258
U009886,email,android,18-24,1,1,1,1,1,1,2024-07-21 22:52:10.738441909,2024-07-24 04:52:48.972285537
U009887,email,android,25-34,1,1,1,0,0,0,2024-07-22 15:58:02.970926191,
U009888,organic_search,android,35-44,1,1,1,1,1,1,2024-07-02 02:20:22.699950590,2024-07-06 07:17:51.648687279
U009889,organic_search,android,25-34,1,1,1,0,0,0,2024-07-26 14:58:03.582779793,
U009890,referral,ios,45+,1,0,0,0,0,0,2024-07-17 02:13:27.083995269,
U009891,organic_search,ios,25-34,1,1,1,1,0,0,2024-07-15 02:33:19.745092789,
U009892,email,android,25-34,1,1,1,1,1,1,2024-07-01 07:06:48.069110408,2024-07-03 18:34:53.783125406
U009893,referral,ios,35-44,1,1,0,0,0,0,2024-07-26 03:13:44.419482184,
U009894,referral,ios,18-24,1,1,1,0,0,0,2024-07-16 05:29:39.826199731,
U009895,organic_search,android,35-44,1,1,1,1,1,0,2024-07-24 02:30:11.256094224,
U009896,referral,ios,25-34,1,1,1,1,1,1,2024-07-19 08:30:12.116218078,2024-07-20 00:29:02.878977360
U009897,referral,android,25-34,1,1,1,0,0,0,2024-07-23 07:22:41.189805523,
U009898,email,android,25-34,1,1,1,0,0,0,2024-07-20 09:39:00.486111034,
U009899,organic_search,ios,45+,1,0,0,0,0,0,2024-07-26 18:53:15.872530830,
U009900,organic_search,ios,25-34,1,0,0,0,0,0,2024-07-07 07:31:31.343592637,
U009901,paid_social,ios,35-44,1,1,0,0,0,0,2024-07-06 15:48:40.573369850,
U009902,organic_search,ios,35-44,1,1,0,0,0,0,2024-07-20 22:49:40.546657639,
U009903,referral,ios,25-34,1,1,1,1,1,1,2024-07-15 00:56:14.301571527,2024-07-19 16:55:05.461517067
U009904,app_store,ios,35-44,1,1,1,1,0,0,2024-07-17 18:38:10.703274118,
U009905,paid_social,ios,25-34,1,0,0,0,0,0,2024-07-20 20:08:25.941467418,
U009906,email,ios,18-24,1,1,1,0,0,0,2024-07-16 07:52:18.294182407,
U009907,organic_search,android,25-34,1,1,0,0,0,0,2024-07-23 01:19:47.988594062,
U009908,organic_search,android,25-34,1,1,1,1,1,1,2024-07-09 22:16:43.907480014,2024-07-13 09:01:46.692031896
U009909,organic_search,android,25-34,1,1,1,1,1,1,2024-07-25 01:14:29.681156374,2024-08-01 13:17:35.557109616
U009910,paid_social,ios,25-34,1,0,0,0,0,0,2024-07-04 00:21:30.632997614,
U009911,app_store,ios,18-24,1,1,1,1,0,0,2024-07-18 18:03:02.421064504,
U009912,organic_search,android,35-44,1,1,0,0,0,0,2024-07-25 22:10:08.562208828,
U009913,referral,ios,25-34,1,1,1,1,1,1,2024-07-08 01:48:37.634219805,2024-07-08 21:33:42.348521224
U009914,paid_social,ios,35-44,1,1,0,0,0,0,2024-07-10 03:37:58.445575928,
U009915,app_store,android,25-34,1,1,1,1,1,0,2024-07-09 13:15:24.750529635,
U009916,organic_search,ios,35-44,1,0,0,0,0,0,2024-07-16 19:11:06.771526162,
U009917,organic_search,ios,18-24,1,1,0,0,0,0,2024-07-12 13:26:59.496215208,
U009918,organic_search,android,25-34,1,1,1,1,1,1,2024-07-04 00:32:55.102259666,2024-07-06 07:49:37.322335581
U009919,paid_social,android,25-34,1,0,0,0,0,0,2024-07-25 22:56:42.046873227,
U009920,organic_search,ios,25-34,1,1,1,0,0,0,2024-07-06 17:32:33.701260664,
U009921,email,ios,25-34,1,1,1,0,0,0,2024-07-15 22:54:06.362583451,
U009922,referral,android,35-44,1,1,1,1,1,1,2024-07-17 15:42:32.004251424,2024-07-18 14:28:42.149279794
U009923,referral,android,45+,1,1,0,0,0,0,2024-07-02 03:23:06.860152132,
U009924,paid_social,ios,35-44,1,1,1,0,0,0,2024-07-03 16:19:07.263061374,
U009925,organic_search,android,18-24,1,1,1,1,1,1,2024-07-28 04:58:31.747471172,2024-07-30 09:59:24.539881408
U009926,paid_social,android,25-34,1,0,0,0,0,0,2024-07-19 14:33:08.253289385,
U009927,app_store,ios,45+,1,1,1,0,0,0,2024-07-01 22:33:20.876310716,
U009928,email,android,25-34,1,1,0,0,0,0,2024-07-23 05:42:06.754603734,
U009929,email,android,45+,1,1,1,1,0,0,2024-07-15 05:44:26.764204092,
U009930,email,ios,25-34,1,1,1,0,0,0,2024-07-03 02:32:02.804772249,
U009931,organic_search,android,45+,1,0,0,0,0,0,2024-07-20 01:27:55.475597217,
U009932,organic_search,ios,45+,1,0,0,0,0,0,2024-07-14 23:33:51.888756999,
U009933,organic_search,android,35-44,1,1,0,0,0,0,2024-07-06 17:42:21.982847544,
U009934,paid_social,android,18-24,1,0,0,0,0,0,2024-07-25 13:48:57.336637273,
U009935,organic_search,ios,25-34,1,1,0,0,0,0,2024-07-09 03:48:26.153199975,
U009936,paid_social,android,45+,1,0,0,0,0,0,2024-07-08 23:13:19.412488642,
U009937,referral,android,45+,1,1,1,1,1,0,2024-07-08 15:18:13.849071879,
U009938,email,ios,18-24,1,1,1,1,1,1,2024-07-22 11:43:49.015933831,2024-07-23 02:11:05.292632007
U009939,referral,ios,25-34,1,0,0,0,0,0,2024-07-20 18:30:42.287384584,
U009940,app_store,ios,35-44,1,0,0,0,0,0,2024-07-26 06:54:50.042289888,
U009941,organic_search,android,25-34,1,1,1,1,1,0,2024-07-07 10:06:57.440018289,
U009942,organic_search,android,35-44,1,0,0,0,0,0,2024-07-23 00:26:13.229537161,
U009943,referral,android,35-44,1,1,0,0,0,0,2024-07-17 01:05:11.858736768,
U009944,organic_search,ios,45+,1,1,1,0,0,0,2024-07-09 15:25:57.711671734,
U009945,organic_search,ios,18-24,1,1,1,1,1,0,2024-07-01 23:49:30.637120828,
U009946,paid_social,ios,18-24,1,1,1,1,0,0,2024-07-23 22:19:57.912599805,
U009947,organic_search,ios,18-24,1,0,0,0,0,0,2024-07-07 17:59:59.861965110,
U009948,paid_social,ios,45+,1,0,0,0,0,0,2024-07-18 16:31:52.753211133,
U009949,paid_social,ios,25-34,1,1,0,0,0,0,2024-07-16 08:50:21.310915898,
U009950,paid_social,ios,18-24,1,1,1,0,0,0,2024-07-01 02:59:24.323894300,
U009951,referral,android,25-34,1,1,0,0,0,0,2024-07-28 20:11:56.109550272,
U009952,paid_social,android,25-34,1,1,1,0,0,0,2024-07-23 19:13:45.577551673,
U009953,organic_search,android,35-44,1,1,1,1,1,1,2024-07-14 14:54:31.297924260,2024-07-15 14:42:47.306830309
U009954,organic_search,ios,35-44,1,1,1,0,0,0,2024-07-20 01:11:21.842890371,
U009955,paid_social,android,35-44,1,1,1,1,1,0,2024-07-14 08:16:16.777160396,
U009956,referral,android,18-24,1,0,0,0,0,0,2024-07-21 20:21:43.107477505,
U009957,email,android,45+,1,1,0,0,0,0,2024-07-04 18:16:07.618045069,
U009958,referral,ios,25-34,1,1,1,1,0,0,2024-07-13 11:56:52.327670164,
U009959,organic_search,ios,35-44,1,1,1,1,1,1,2024-07-10 09:28:51.538774663,2024-07-13 16:25:21.941069455
U009960,referral,ios,18-24,1,1,1,1,1,1,2024-07-13 20:53:17.965060767,2024-07-14 12:34:58.294662369
U009961,referral,ios,18-24,1,1,1,1,1,0,2024-07-13 14:43:03.441799794,
U009962,paid_social,android,18-24,1,1,1,0,0,0,2024-07-05 00:09:32.883305828,
U009963,paid_social,android,25-34,1,1,0,0,0,0,2024-07-28 08:12:01.150259284,
U009964,paid_social,ios,35-44,1,0,0,0,0,0,2024-07-01 10:24:38.591833039,
U009965,referral,ios,18-24,1,1,1,0,0,0,2024-07-01 06:46:08.468102251,
U009966,referral,android,25-34,1,0,0,0,0,0,2024-07-11 10:57:09.237796624,
U009967,organic_search,ios,45+,1,1,1,0,0,0,2024-07-18 08:53:34.464339819,
U009968,referral,android,18-24,1,1,1,1,0,0,2024-07-06 00:43:37.086310675,
U009969,organic_search,android,25-34,1,1,1,0,0,0,2024-07-15 22:18:22.934244945,
U009970,organic_search,ios,25-34,1,0,0,0,0,0,2024-07-21 05:42:09.944897248,
U009971,app_store,android,35-44,1,1,0,0,0,0,2024-07-03 15:12:31.425389935,
U009972,app_store,ios,25-34,1,1,1,1,1,0,2024-07-28 13:31:54.689472145,
U009973,organic_search,android,45+,1,1,1,1,1,1,2024-07-10 10:15:46.207010901,2024-07-11 12:22:27.568728461
U009974,paid_social,android,25-34,1,1,1,1,0,0,2024-07-18 23:42:11.369034111,
U009975,organic_search,android,25-34,1,1,1,1,0,0,2024-07-04 02:24:13.480924964,
U009976,paid_social,ios,18-24,1,1,1,1,0,0,2024-07-20 20:46:29.471594631,
U009977,email,ios,35-44,1,0,0,0,0,0,2024-07-24 12:47:11.994813567,
U009978,app_store,ios,25-34,1,0,0,0,0,0,2024-07-03 22:45:05.816326240,
U009979,referral,ios,35-44,1,1,1,1,0,0,2024-07-04 12:34:48.143052066,
U009980,paid_social,android,25-34,1,1,1,0,0,0,2024-07-08 20:51:49.904885581,
U009981,referral,ios,25-34,1,1,1,1,0,0,2024-07-01 08:01:15.124555995,
U009982,paid_social,android,45+,1,0,0,0,0,0,2024-07-28 14:37:35.291260624,
U009983,app_store,ios,35-44,1,1,0,0,0,0,2024-07-17 18:06:50.754125451,
U009984,email,ios,18-24,1,1,1,0,0,0,2024-07-18 00:18:00.397351810,
U009985,referral,android,35-44,1,0,0,0,0,0,2024-07-27 20:25:21.280821236,
U009986,paid_social,ios,35-44,1,1,1,0,0,0,2024-07-24 07:07:25.172049558,
U009987,organic_search,android,18-24,1,1,1,0,0,0,2024-07-23 19:10:16.498598631,
U009988,organic_search,ios,25-34,1,0,0,0,0,0,2024-07-10 12:08:44.133266011,
U009989,email,android,25-34,1,0,0,0,0,0,2024-07-10 09:01:41.521469671,
U009990,paid_social,android,25-34,1,1,1,1,1,0,2024-07-09 04:02:52.472378756,
U009991,paid_social,android,35-44,1,1,1,1,1,0,2024-07-10 16:58:46.386889273,
U009992,paid_social,ios,18-24,1,1,1,1,1,0,2024-07-11 08:18:35.595481752,
U009993,email,ios,18-24,1,1,1,0,0,0,2024-07-04 22:04:56.924381852,
U009994,organic_search,android,25-34,1,0,0,0,0,0,2024-07-10 23:11:49.069448905,
U009995,email,android,45+,1,1,1,0,0,0,2024-07-13 12:12:50.427664045,
U009996,email,ios,35-44,1,1,1,1,0,0,2024-07-09 15:52:53.081895918,
U009997,app_store,ios,18-24,1,1,0,0,0,0,2024-07-05 15:06:47.385366739,
U009998,paid_social,ios,25-34,1,1,1,1,1,1,2024-07-11 10:55:54.435273420,2024-07-16 22:34:04.859272549
U009999,organic_search,ios,25-34,1,1,0,0,0,0,2024-07-14 11:10:12.084965202,
