customer_id,usage_frequency,avg_transaction_value,days_since_last_activity,support_tickets,device_error_rate,age,is_premium,customer_tenure_months,channel,churned
0,0.244,29.09,43,0,0.1637,32,0,25,google_play,0
1,0.2841,18.44,26,0,0.1765,54,0,20,google_play,0
2,0.3903,21.45,25,1,0.1019,41,0,13,google_play,0
3,0.2986,14.47,5,0,0.1713,23,0,36,google_play,0
4,0.4184,22.81,10,2,0.2659,58,0,8,app_store,1
5,0.4996,44.48,15,0,0.0252,30,1,35,referral,0
6,0.304,134.25,78,0,0.0163,28,0,46,website,0
7,0.1509,10.56,42,0,0.5977,61,1,19,referral,0
8,0.3294,59.55,87,2,0.4379,60,1,13,referral,1
9,0.5237,32.07,4,1,0.2656,19,0,5,referral,0
10,0.1613,8.0,89,0,0.2908,51,0,43,referral,1
11,0.3275,22.91,59,0,0.6724,33,0,16,website,1
12,0.4876,21.6,44,0,0.2455,43,1,5,website,0
13,0.2162,24.5,45,1,0.0483,45,0,20,google_play,0
14,0.2918,51.08,86,0,0.0768,42,0,3,website,0
15,0.2282,97.75,18,2,0.1324,58,1,46,app_store,0
16,0.1563,60.74,29,0,0.1861,48,0,6,app_store,1
17,0.1456,28.47,71,2,0.2872,49,0,3,website,1
18,0.3281,30.78,1,1,0.5705,23,0,45,google_play,0
19,0.3133,105.14,58,2,0.5773,61,0,31,app_store,1
20,0.3289,11.69,55,1,0.1396,66,0,36,google_play,0
21,0.1636,58.53,49,1,1.0,45,0,17,app_store,1
22,0.4131,10.99,39,0,0.0815,43,0,36,app_store,0
23,0.1129,8.43,65,0,0.0576,32,1,17,website,1
24,0.3648,38.16,83,0,0.3346,61,0,29,google_play,1
25,0.2989,7.69,53,0,0.2541,56,0,6,app_store,1
26,0.0962,18.63,73,2,0.1976,59,0,4,google_play,1
27,0.396,64.2,0,1,0.2603,50,0,10,google_play,0
28,0.2535,12.94,13,0,0.167,55,0,19,app_store,0
29,0.6282,86.29,49,2,0.1291,36,0,2,google_play,0
30,0.2266,5.05,72,0,0.1804,38,0,7,website,1
31,0.5606,50.96,22,1,0.0974,44,0,21,google_play,0
32,0.1641,9.31,65,0,0.2049,46,1,4,google_play,1
33,0.0689,21.41,69,0,0.3519,43,1,16,google_play,1
34,0.5079,28.53,55,0,0.0968,29,1,43,google_play,0
35,0.0463,20.13,59,0,0.1176,58,0,17,website,1
36,0.1189,20.49,18,0,0.1606,32,0,44,app_store,1
37,0.4358,8.89,53,1,0.1372,52,0,17,app_store,1
38,0.2439,66.05,14,1,0.0716,42,1,24,website,0
39,0.2769,10.37,48,0,0.3769,28,0,46,app_store,0
40,0.4798,10.37,81,1,0.1085,18,0,28,website,0
41,0.4232,22.92,23,1,0.1898,20,0,15,website,0
42,0.2031,15.06,74,0,0.2454,19,0,40,referral,0
43,0.0529,44.12,58,0,0.138,63,1,11,google_play,1
44,0.1579,16.89,52,1,0.1895,56,0,25,google_play,0
45,0.1739,24.51,71,1,0.3595,57,0,19,referral,1
46,0.4552,26.58,55,0,0.1789,64,1,39,app_store,0
47,0.5641,48.5,35,0,0.2388,58,0,33,google_play,0
48,0.0892,16.96,14,3,0.209,42,0,29,app_store,1
49,0.234,7.61,31,2,0.3826,34,1,3,website,1
50,0.545,13.92,58,0,0.1175,35,0,33,google_play,0
51,0.2093,54.39,84,1,0.0603,38,0,30,app_store,0
52,0.3996,31.3,84,0,0.2608,57,0,31,app_store,0
53,0.3734,18.93,72,0,0.5356,27,1,46,website,0
54,0.3619,25.6,67,3,0.1599,36,0,46,app_store,1
55,0.216,20.37,5,0,0.0874,47,0,44,google_play,0
56,0.1251,42.58,52,0,0.3638,47,0,18,app_store,1
57,0.2673,31.07,24,0,0.0323,56,1,45,app_store,0
58,0.3926,20.18,38,0,0.1608,55,0,33,google_play,0
59,0.0513,46.64,76,0,0.1988,65,0,4,google_play,0
60,0.6817,55.91,19,1,0.3464,61,0,41,referral,0
61,0.0242,12.89,67,0,0.0169,36,0,25,app_store,1
62,0.0415,13.06,2,0,0.2657,67,0,18,referral,1
63,0.1152,131.72,17,1,0.2989,68,1,39,referral,0
64,0.1946,38.03,40,0,0.2067,60,1,6,website,0
65,0.2645,78.93,44,1,0.0831,52,0,37,app_store,0
66,0.2562,45.82,29,1,0.2002,59,0,14,google_play,0
67,0.2817,33.84,16,1,0.6604,26,1,10,app_store,0
68,0.1676,5.5,44,0,0.473,41,0,27,google_play,0
69,0.5912,10.44,53,0,0.3605,66,0,1,referral,1
70,0.2075,38.68,47,0,0.3252,22,0,32,app_store,1
71,0.2535,13.02,7,0,0.2144,28,0,43,app_store,0
72,0.1031,22.11,55,0,0.1321,27,0,26,google_play,1
73,0.2412,46.4,23,0,0.0991,30,0,47,website,0
74,0.512,26.98,56,0,0.2577,59,0,38,app_store,1
75,0.5349,32.43,7,1,0.1093,66,0,24,referral,0
76,0.4259,64.82,5,0,0.222,64,1,9,google_play,0
77,0.2853,69.47,83,0,0.2605,57,0,12,app_store,0
78,0.2479,23.58,14,1,0.2951,57,0,34,google_play,1
79,0.4317,59.85,16,0,0.2035,25,1,10,google_play,0
80,0.1971,12.52,24,0,0.0629,49,0,28,app_store,0
81,0.3752,28.75,46,0,0.0996,65,0,35,website,0
82,0.3061,36.46,31,1,0.278,66,0,5,website,0
83,0.3032,22.79,16,1,0.108,46,0,11,google_play,1
84,0.4845,21.0,51,0,0.2018,28,0,7,website,1
85,0.091,11.21,11,1,0.2428,67,0,21,website,1
86,0.3253,23.93,55,0,0.0336,22,0,17,referral,0
87,0.6046,7.96,0,0,0.1042,60,0,24,website,0
88,0.2281,22.35,36,0,0.5988,65,0,13,app_store,1
89,0.3119,25.59,7,0,0.1189,63,0,13,referral,0
90,0.2735,41.33,24,0,0.0259,43,1,3,website,0
91,0.2111,10.77,47,1,0.2813,28,1,6,app_store,1
92,0.0688,31.12,8,1,0.1746,58,0,17,google_play,1
93,0.1078,36.55,47,1,0.5046,23,0,33,google_play,1
94,0.375,24.16,27,0,0.2053,24,0,9,google_play,0
95,0.8163,33.56,22,1,0.2292,65,0,35,app_store,0
96,0.1236,29.63,30,1,0.12,19,0,22,referral,0
97,0.1408,3.97,83,2,0.0295,37,0,9,google_play,0
98,0.3376,12.87,60,0,0.2664,48,1,22,app_store,0
99,0.3194,109.94,39,1,0.476,37,0,4,app_store,1
100,0.3748,38.83,18,0,0.1148,19,0,47,app_store,0
101,0.3334,16.1,72,0,0.0602,25,0,5,app_store,1
102,0.1674,31.71,49,0,0.1792,33,1,30,google_play,0
103,0.2864,40.35,45,1,0.0927,39,0,23,app_store,0
104,0.3568,72.15,78,1,0.0399,58,0,3,app_store,0
105,0.5582,18.68,21,1,0.0737,54,0,45,website,0
106,0.2407,16.16,85,1,0.1245,23,0,44,website,0
107,0.2521,17.32,14,2,0.5347,61,0,46,website,1
108,0.5636,16.45,62,0,0.0394,41,1,26,website,0
109,0.1293,16.06,15,0,0.1136,43,0,27,website,0
110,0.4683,27.97,5,0,0.3656,34,0,2,app_store,0
111,0.183,18.27,60,2,0.1364,18,0,33,app_store,1
112,0.3547,23.49,58,1,0.3648,44,0,26,google_play,1
113,0.3153,90.98,67,0,0.6254,52,1,30,website,0
114,0.1276,12.55,0,0,0.0559,45,0,29,google_play,0
115,0.192,31.06,15,0,0.5419,33,0,42,google_play,0
116,0.2841,11.08,34,1,0.2768,43,0,31,app_store,1
117,0.1144,46.94,88,1,0.1243,31,0,1,app_store,1
118,0.1495,53.69,84,1,0.0318,41,0,14,app_store,0
119,0.3459,13.36,82,0,0.338,27,1,29,website,1
120,0.261,15.07,64,2,0.0382,61,1,42,website,1
121,0.2449,39.12,21,1,0.2388,25,0,1,app_store,1
122,0.2823,20.24,68,1,0.3012,40,1,23,google_play,1
123,0.2173,66.16,28,1,0.5682,53,0,24,website,0
124,0.2585,10.58,32,0,0.2224,49,0,11,google_play,0
125,0.2472,52.14,87,0,0.3901,62,0,17,app_store,1
126,0.1359,117.48,24,0,0.361,43,0,46,app_store,1
127,0.5569,32.28,89,0,0.1709,53,0,4,app_store,0
128,0.6677,15.71,73,1,0.0728,69,0,25,website,1
129,0.0677,14.24,36,0,0.0571,66,1,6,google_play,0
130,0.3172,21.9,26,0,0.0779,30,0,38,app_store,0
131,0.5206,39.38,75,0,0.2372,65,0,21,website,1
132,0.3254,8.62,82,0,0.3636,57,0,46,app_store,1
133,0.4527,19.75,82,0,0.0614,19,0,20,app_store,0
134,0.2481,26.9,26,0,0.1353,20,0,41,app_store,1
135,0.0892,72.81,79,1,0.0187,32,0,43,app_store,0
136,0.0468,90.3,33,0,0.1485,40,0,5,google_play,1
137,0.3265,22.37,60,0,0.3652,39,0,27,referral,1
138,0.2339,11.29,54,0,0.4205,32,0,21,app_store,1
139,0.2933,27.06,37,0,0.2318,47,0,2,google_play,0
140,0.3258,27.75,31,0,0.1901,63,0,32,app_store,0
141,0.1251,56.28,45,1,0.485,58,0,17,google_play,1
142,0.2482,17.98,5,0,0.0676,49,1,37,google_play,0
143,0.4188,12.28,64,1,0.2089,28,0,32,website,0
144,0.5316,24.33,3,0,0.0634,39,0,34,app_store,0
145,0.285,19.34,23,1,0.3651,35,0,14,google_play,0
146,0.4947,18.98,55,0,0.0474,29,0,7,google_play,0
147,0.1708,13.36,63,0,0.4926,64,0,7,google_play,1
148,0.0977,10.19,69,1,0.1084,47,0,45,google_play,1
149,0.0516,37.61,47,1,0.1183,63,1,22,website,1
150,0.3281,29.51,50,3,0.5224,39,0,8,google_play,1
151,0.1719,13.98,52,0,0.1271,67,0,10,app_store,0
152,0.2327,43.55,78,0,0.2659,34,1,5,website,0
153,0.1299,6.75,75,0,0.0315,55,0,38,app_store,0
154,0.0978,18.44,40,2,0.0949,29,0,8,app_store,1
155,0.1186,28.52,84,2,0.1496,66,1,2,google_play,0
156,0.4443,53.28,23,1,0.3388,40,0,44,referral,0
157,0.1804,16.63,27,0,0.0598,19,0,46,app_store,0
158,0.3803,53.88,10,1,0.7073,34,0,33,website,1
159,0.067,15.55,68,0,0.4843,21,0,36,app_store,1
160,0.229,43.6,52,1,0.1486,61,0,46,google_play,0
161,0.1919,79.64,53,0,0.2856,48,0,16,google_play,0
162,0.035,12.18,70,0,0.0406,35,1,20,referral,0
163,0.1715,27.28,26,1,0.2398,18,0,39,app_store,0
164,0.0913,35.82,21,3,0.3374,36,0,24,referral,1
165,0.3667,10.27,58,0,0.229,19,0,37,google_play,1
166,0.4566,33.21,0,2,0.0623,18,0,39,app_store,0
167,0.6671,16.5,58,1,0.1585,40,0,41,app_store,0
168,0.1434,13.6,19,1,0.4055,65,0,18,google_play,0
169,0.0834,18.24,73,3,0.1553,30,0,3,website,1
170,0.4686,17.34,21,0,0.1234,42,1,18,website,0
171,0.2006,42.97,36,0,0.4387,60,0,9,referral,1
172,0.2498,24.52,60,1,0.1165,62,0,6,app_store,1
173,0.5048,123.66,73,0,0.0702,63,0,11,app_store,0
174,0.4374,16.86,76,0,0.222,56,0,10,google_play,0
175,0.2303,34.18,21,3,0.0959,68,0,10,referral,1
176,0.3965,22.08,77,3,0.3497,58,0,10,google_play,1
177,0.09,10.04,41,0,0.2162,66,1,46,google_play,1
178,0.0826,74.69,39,1,0.0795,53,0,18,website,0
179,0.1507,26.67,55,0,0.1768,39,1,20,app_store,0
180,0.3733,14.2,88,0,0.1927,55,0,26,google_play,0
181,0.4087,32.46,53,1,0.7468,22,0,34,app_store,1
182,0.2193,50.57,30,0,0.3922,45,0,31,google_play,0
183,0.0379,13.54,4,1,0.2569,36,0,33,app_store,1
184,0.4408,25.41,78,0,0.5601,38,0,25,website,0
185,0.2798,50.82,31,0,0.3469,39,0,7,website,1
186,0.2384,27.54,73,1,0.2967,59,0,19,app_store,1
187,0.0437,36.16,28,1,0.1273,35,0,41,website,0
188,0.12,20.39,9,0,0.2334,55,0,8,app_store,1
189,0.5723,8.16,87,0,0.1988,67,0,18,google_play,0
190,0.3753,20.57,7,0,0.1535,67,1,9,google_play,0
191,0.6382,16.57,87,0,0.1809,33,0,3,referral,0
192,0.2497,22.73,18,0,0.053,54,0,27,google_play,0
193,0.341,16.7,32,0,0.2215,60,0,23,referral,0
194,0.4242,27.64,14,1,0.0404,19,0,12,app_store,0
195,0.4904,19.25,70,0,0.1692,69,0,20,website,1
196,0.3856,43.22,5,2,0.2449,42,0,23,website,1
197,0.277,37.75,49,0,0.1548,68,0,27,google_play,0
198,0.5272,12.84,87,2,0.103,24,0,19,referral,0
199,0.39,59.12,35,2,0.0906,29,0,4,referral,1
200,0.1302,14.79,17,1,0.2559,22,1,44,website,0
201,0.0351,11.17,70,1,0.2099,60,0,46,google_play,1
202,0.5236,51.35,55,0,0.1569,54,1,12,google_play,0
203,0.2112,16.21,85,1,0.0879,62,0,10,app_store,0
204,0.2724,26.27,39,1,0.0601,21,0,20,app_store,0
205,0.2133,9.96,32,0,0.1508,23,0,43,google_play,0
206,0.2029,18.99,29,1,0.0387,68,1,24,website,0
207,0.3558,22.63,15,0,0.0753,47,0,4,app_store,0
208,0.2528,18.64,49,1,0.1224,50,0,23,referral,1
209,0.1793,17.12,85,0,0.038,49,0,30,google_play,0
210,0.4591,25.25,59,0,0.2513,20,1,33,app_store,0
211,0.179,49.06,63,2,0.0735,64,0,20,referral,1
212,0.3457,12.69,65,4,0.3877,36,0,11,google_play,1
213,0.5077,4.18,19,1,0.0487,28,1,9,website,0
214,0.753,58.42,70,2,0.1019,29,0,17,website,0
215,0.1522,15.47,0,0,0.1087,54,0,7,google_play,0
216,0.2743,16.43,40,0,0.0388,37,0,31,app_store,1
217,0.1324,16.75,59,0,0.2048,21,0,24,google_play,1
218,0.2839,9.68,14,0,0.137,69,1,36,website,0
219,0.1615,18.61,56,1,0.063,48,0,43,app_store,1
220,0.6272,20.17,6,0,0.4569,28,1,17,referral,0
221,0.2707,33.27,20,0,0.0996,37,0,32,referral,0
222,0.4266,16.72,68,0,0.4741,25,0,2,referral,1
223,0.0723,4.44,57,0,0.109,55,0,16,website,1
224,0.1735,9.62,85,3,0.2597,29,0,35,google_play,1
225,0.2787,53.56,13,1,0.3317,56,1,23,website,1
226,0.2984,13.62,75,0,0.2806,48,0,33,app_store,1
227,0.3009,35.95,36,0,0.4033,60,0,32,app_store,0
228,0.2241,14.89,70,0,0.4699,43,0,33,website,1
229,0.1274,43.34,28,0,0.8277,29,0,20,website,1
230,0.2791,26.29,69,1,0.1246,38,0,7,app_store,1
231,0.5065,8.88,77,0,0.5704,46,1,47,app_store,0
232,0.2972,10.81,65,0,0.1381,27,0,46,app_store,1
233,0.2584,8.65,26,1,0.1768,31,0,46,google_play,0
234,0.1793,46.47,76,0,0.1413,56,0,43,referral,0
235,0.4471,10.16,25,2,0.2906,19,0,47,app_store,1
236,0.3837,18.94,10,0,0.3736,26,0,46,app_store,0
237,0.3094,23.19,67,0,0.3342,38,0,33,app_store,1
238,0.2784,28.66,19,1,0.3381,69,0,43,app_store,0
239,0.047,17.77,1,1,0.5309,63,0,45,app_store,0
240,0.1968,8.14,7,0,0.2228,51,0,44,google_play,1
241,0.1546,10.54,64,0,0.2417,56,1,45,google_play,1
242,0.1288,11.75,3,0,0.007,51,0,16,referral,0
243,0.1632,3.84,4,0,0.0589,43,0,3,referral,1
244,0.2045,33.19,89,2,0.5275,54,0,44,referral,1
245,0.0834,34.95,5,0,0.2049,67,1,41,google_play,1
246,0.0689,11.59,62,2,0.1239,49,0,17,google_play,1
247,0.264,61.14,44,0,0.1474,69,0,37,website,0
248,0.0965,22.77,30,1,0.409,34,0,34,app_store,0
249,0.2397,44.4,86,1,0.1366,23,0,7,website,0
250,0.1898,42.23,30,1,0.0992,49,0,22,app_store,1
251,0.2886,22.33,14,1,0.2198,61,0,36,website,0
252,0.2025,5.93,35,1,0.2151,41,0,16,app_store,0
253,0.2928,28.2,27,1,0.6059,41,0,40,app_store,0
254,0.1256,35.46,69,0,0.0223,40,0,13,app_store,0
255,0.1195,15.54,61,0,0.09,67,0,2,google_play,1
256,0.1891,27.46,8,2,0.3265,53,1,16,google_play,0
257,0.623,24.05,80,2,0.0353,51,1,29,referral,0
258,0.1768,12.59,78,1,0.0599,24,0,30,google_play,0
259,0.2333,22.88,44,0,0.0192,23,0,20,website,0
260,0.3317,17.18,35,0,0.1946,23,0,21,google_play,0
261,0.101,31.9,44,1,0.0432,46,0,27,app_store,1
262,0.1935,16.23,46,1,0.3535,55,0,39,website,1
263,0.2242,14.91,28,1,0.2249,48,1,29,google_play,0
264,0.443,7.8,39,0,0.1652,59,1,4,website,0
265,0.2749,114.95,33,0,0.4707,57,1,30,website,1
266,0.2825,17.87,88,0,0.0704,34,0,12,app_store,1
267,0.2625,11.12,12,0,0.3583,61,0,14,google_play,0
268,0.5036,37.43,5,0,0.1489,36,1,39,website,0
269,0.3192,27.96,10,0,0.0963,59,1,7,website,0
270,0.5335,36.01,13,0,0.0468,18,0,42,google_play,0
271,0.2611,38.78,66,0,0.2161,21,0,14,website,1
272,0.4461,52.88,31,0,0.3566,68,0,29,google_play,1
273,0.4323,11.64,43,1,0.2934,59,0,23,google_play,0
274,0.4627,27.18,74,0,0.5125,19,0,22,app_store,0
275,0.2137,8.12,69,0,0.1743,45,0,14,google_play,0
276,0.3854,19.79,82,0,0.1532,32,0,12,google_play,0
277,0.2769,39.23,58,0,0.1387,34,0,28,google_play,0
278,0.1106,13.11,69,0,0.1163,42,0,46,app_store,0
279,0.2434,116.93,0,0,0.2436,46,0,17,website,0
280,0.3107,24.84,28,0,0.3428,56,0,32,app_store,0
281,0.1284,6.91,45,1,0.3109,33,0,29,website,1
282,0.2516,40.19,82,0,0.1527,67,0,5,app_store,0
283,0.5166,116.06,49,0,0.305,67,0,8,referral,1
284,0.1394,5.13,64,2,0.0809,48,0,33,google_play,0
285,0.4538,40.45,12,0,0.5925,54,0,20,google_play,1
286,0.575,12.27,69,1,0.3706,56,0,13,google_play,1
287,0.1435,23.62,86,1,0.2004,39,0,32,google_play,1
288,0.1436,9.81,31,2,0.1502,60,0,4,website,1
289,0.4771,44.59,71,0,0.1993,31,0,22,app_store,0
290,0.1737,19.63,18,0,0.0997,64,0,13,website,0
291,0.0976,55.27,80,0,0.0955,47,0,16,app_store,0
292,0.111,11.93,62,0,0.0973,24,0,14,website,0
293,0.5719,21.23,53,0,0.0363,35,0,26,app_store,0
294,0.0715,4.86,53,1,0.0136,61,1,42,google_play,0
295,0.0632,151.17,74,1,0.0527,29,0,1,app_store,0
296,0.2508,94.04,23,1,0.749,19,0,29,website,1
297,0.5351,112.79,16,1,0.064,26,0,5,app_store,0
298,0.3333,71.75,54,0,0.2456,35,0,19,google_play,0
299,0.3397,16.22,76,0,0.3212,21,0,33,referral,1
300,0.6597,23.79,82,0,0.0248,50,1,30,google_play,0
301,0.1476,30.08,82,2,0.0313,50,1,12,google_play,1
302,0.3142,31.88,14,2,0.077,27,1,39,website,0
303,0.126,11.39,1,0,0.2161,19,0,21,website,0
304,0.2526,11.0,18,0,0.3309,19,0,23,app_store,0
305,0.2555,9.62,57,0,0.194,61,0,20,app_store,0
306,0.3337,18.2,36,0,0.3636,39,0,18,app_store,0
307,0.3294,19.61,8,0,0.2758,21,1,41,google_play,0
308,0.1462,17.87,35,2,0.0475,39,0,39,app_store,1
309,0.1094,29.25,58,2,0.0073,57,0,3,app_store,1
310,0.1224,9.32,4,0,0.095,47,0,38,google_play,0
311,0.6189,13.49,80,0,0.3161,53,0,21,app_store,1
312,0.1819,14.41,36,0,0.1707,28,0,31,website,1
313,0.1101,43.52,16,0,0.1839,49,0,8,website,1
314,0.4564,28.17,35,0,0.0165,46,0,20,google_play,1
315,0.1761,31.09,44,3,0.5326,28,0,42,google_play,1
316,0.1864,12.76,70,3,0.4951,68,0,28,app_store,1
317,0.2069,25.24,8,0,0.4156,23,0,47,app_store,0
318,0.306,14.27,42,0,0.3063,27,1,9,google_play,1
319,0.4393,14.61,58,0,0.0599,18,0,33,app_store,0
320,0.157,31.78,72,0,0.0726,36,0,30,google_play,1
321,0.505,15.6,10,0,0.1959,69,0,31,referral,0
322,0.3583,22.79,10,1,0.0207,54,0,3,website,0
323,0.1967,20.31,87,0,0.0632,68,0,36,referral,0
324,0.4512,10.78,83,0,0.1709,47,0,41,app_store,0
325,0.4715,16.37,28,0,0.3424,36,0,21,google_play,0
326,0.3262,16.56,43,0,0.1156,30,0,28,website,0
327,0.7214,18.78,16,0,0.4367,28,0,38,google_play,0
328,0.4912,6.94,71,0,0.4796,53,0,21,app_store,1
329,0.3442,14.72,85,1,0.0058,35,0,31,google_play,0
330,0.4913,46.45,46,0,0.5003,25,0,45,referral,0
331,0.5115,33.32,57,0,0.1521,65,0,47,website,0
332,0.0476,18.55,60,2,0.0642,32,0,45,app_store,1
333,0.0503,10.74,43,1,0.1746,55,0,8,app_store,1
334,0.1065,26.32,38,1,0.248,49,0,11,app_store,0
335,0.4642,48.3,67,1,0.2577,61,0,10,website,0
336,0.1991,70.95,28,0,0.7535,46,0,43,app_store,0
337,0.0845,17.0,77,1,0.1472,24,0,14,google_play,1
338,0.1669,11.68,36,1,0.2268,23,0,17,referral,1
339,0.3139,34.37,72,0,0.0986,46,0,42,website,0
340,0.3907,31.54,41,0,0.1381,34,0,15,google_play,1
341,0.1639,24.71,32,1,0.2991,26,1,16,app_store,0
342,0.3552,15.73,10,1,0.0491,23,0,11,app_store,0
343,0.3638,9.81,35,0,0.0848,63,0,4,google_play,0
344,0.6002,39.34,62,1,0.5138,40,0,4,referral,1
345,0.3014,45.95,47,2,0.1761,42,0,26,google_play,1
346,0.8442,19.07,54,0,0.0922,18,0,43,google_play,0
347,0.2309,81.24,52,2,0.0476,20,0,26,google_play,0
348,0.1736,28.94,40,0,0.213,57,1,25,app_store,0
349,0.4337,21.7,27,0,0.2061,25,1,30,app_store,1
350,0.5582,10.72,15,0,0.2086,66,1,45,google_play,0
351,0.0968,7.46,12,0,0.1095,42,1,4,app_store,0
352,0.149,17.14,65,0,0.056,39,1,5,google_play,0
353,0.3118,31.76,39,2,0.1929,34,0,17,google_play,0
354,0.4505,125.65,6,0,0.1735,62,0,24,app_store,0
355,0.0994,25.72,73,2,0.1082,54,0,5,google_play,1
356,0.2871,37.14,33,0,0.3335,37,0,19,google_play,0
357,0.587,13.75,24,4,0.1651,68,0,36,app_store,1
358,0.3282,28.39,42,1,0.2316,61,0,10,google_play,1
359,0.2729,25.91,33,1,0.4979,57,0,11,app_store,0
360,0.6752,12.66,36,0,0.0624,53,1,17,google_play,0
361,0.3942,62.6,24,0,0.421,49,1,29,website,0
362,0.4469,22.34,3,1,0.0422,43,0,23,app_store,0
363,0.5621,53.18,54,1,0.0863,48,0,11,google_play,1
364,0.3847,24.7,66,0,0.1159,28,0,44,app_store,0
365,0.2385,19.45,85,1,0.2706,51,0,4,google_play,1
366,0.3991,14.2,13,1,0.1376,23,0,23,app_store,0
367,0.3292,19.2,16,0,0.1891,20,0,13,website,1
368,0.2023,68.39,38,0,0.3054,28,0,16,app_store,0
369,0.7354,13.08,70,1,0.1783,23,0,1,app_store,0
370,0.4027,39.11,56,2,0.0289,25,0,36,website,0
371,0.4539,19.73,59,0,0.1607,53,0,27,website,0
372,0.4051,37.06,48,0,0.0341,43,1,3,website,0
373,0.0813,28.36,88,1,0.4701,40,1,45,referral,1
374,0.3764,9.65,35,0,0.1622,64,1,14,app_store,0
375,0.19,27.55,8,0,0.1128,56,0,19,referral,0
376,0.1398,111.72,42,0,0.0509,29,0,20,website,0
377,0.2677,30.42,81,1,0.0306,40,0,26,website,1
378,0.2453,46.94,49,0,0.0981,22,0,29,app_store,0
379,0.6161,30.21,72,1,0.1914,56,1,6,website,1
380,0.194,42.6,62,0,0.041,20,0,14,website,0
381,0.1623,14.84,81,0,0.2453,54,0,17,website,1
382,0.1919,22.53,54,2,0.1611,37,0,46,app_store,1
383,0.449,45.42,67,1,0.2196,35,0,24,google_play,0
384,0.0749,19.2,55,1,0.1068,63,1,5,website,1
385,0.4033,51.96,25,0,0.0473,57,0,34,app_store,0
386,0.3054,12.15,3,1,0.7854,20,0,36,website,1
387,0.4056,25.56,37,0,0.0561,59,0,36,app_store,0
388,0.2648,20.47,84,0,0.0674,39,0,35,google_play,0
389,0.3974,155.52,9,0,0.1124,66,0,14,google_play,0
390,0.4161,18.67,21,0,0.0798,64,0,39,website,0
391,0.1624,32.92,0,1,0.0479,22,0,3,referral,0
392,0.0753,6.09,37,0,0.0134,39,0,37,google_play,0
393,0.4038,10.83,85,1,0.3113,26,0,47,google_play,1
394,0.3825,30.39,38,1,0.0532,23,0,10,google_play,1
395,0.3087,20.39,74,0,0.2045,64,0,11,website,1
396,0.0446,20.67,53,1,0.1511,22,0,45,website,0
397,0.3387,19.54,7,0,0.0779,55,1,45,website,0
398,0.1349,21.55,26,0,0.2453,26,1,43,app_store,0
399,0.4231,7.4,40,1,0.1143,68,0,30,app_store,1
400,0.6185,23.09,28,0,0.0968,58,0,17,website,0
401,0.446,21.04,25,0,0.3573,18,0,45,google_play,0
402,0.2273,51.76,54,0,0.1756,23,0,44,website,0
403,0.2304,44.02,26,0,0.2714,33,0,34,website,0
404,0.076,3.39,77,0,0.1041,58,0,12,website,1
405,0.1833,14.67,80,0,0.3952,22,0,33,app_store,0
406,0.2852,86.61,1,0,0.4693,27,0,27,google_play,0
407,0.5296,46.25,89,0,0.0443,69,0,23,website,0
408,0.1814,34.59,50,3,0.027,23,0,19,app_store,1
409,0.4351,17.25,37,0,0.5444,64,0,20,google_play,0
410,0.3913,41.18,49,1,0.1935,41,0,38,referral,0
411,0.0806,8.49,73,0,0.0473,21,0,6,app_store,1
412,0.2835,16.51,11,0,0.3089,60,0,27,website,0
413,0.3707,31.23,14,0,0.0372,46,0,7,app_store,0
414,0.255,37.54,3,0,0.1173,32,0,7,referral,0
415,0.6127,28.54,69,1,0.0484,21,0,46,referral,0
416,0.419,32.31,71,0,0.1293,27,0,20,google_play,0
417,0.3149,27.52,4,0,0.0786,52,0,14,app_store,0
418,0.3059,19.67,74,0,0.882,49,0,47,google_play,1
419,0.5022,62.71,30,1,0.1849,28,0,20,website,0
420,0.0962,89.65,3,0,0.0892,66,1,14,google_play,1
421,0.2123,23.68,51,1,0.3986,27,1,29,app_store,1
422,0.2926,10.78,60,0,0.0745,58,1,32,website,0
423,0.29,20.81,5,1,0.1782,50,0,11,app_store,0
424,0.1592,26.07,22,3,0.2123,67,0,27,app_store,0
425,0.3456,5.22,10,1,0.4509,46,0,29,app_store,0
426,0.0104,62.61,21,0,0.1117,54,0,1,website,1
427,0.3191,15.69,28,0,0.1011,29,0,21,google_play,1
428,0.0257,13.75,82,0,0.1434,33,1,6,website,0
429,0.3367,19.34,42,1,0.202,34,0,29,google_play,0
430,0.1718,17.62,55,0,0.2995,41,0,10,app_store,1
431,0.5337,25.53,19,1,0.1767,38,0,8,website,0
432,0.1843,42.64,54,0,0.0887,30,0,26,website,0
433,0.4259,59.91,28,1,0.0703,29,1,37,referral,0
434,0.4244,42.66,39,0,0.0194,22,0,22,google_play,0
435,0.1736,12.68,15,0,0.2314,22,0,33,referral,0
436,0.1314,22.73,57,0,0.0571,29,0,43,app_store,0
437,0.2345,26.4,9,0,0.4518,20,0,21,google_play,1
438,0.2179,30.42,37,1,0.288,55,0,4,website,0
439,0.1857,34.55,37,0,0.3899,65,0,8,app_store,1
440,0.3562,25.91,33,1,0.3739,39,0,15,app_store,0
441,0.128,23.09,19,0,0.0466,64,1,43,google_play,0
442,0.1795,46.41,10,1,0.2735,63,1,36,referral,0
443,0.2118,22.35,58,0,0.1543,46,0,37,referral,0
444,0.4828,47.94,84,0,0.0186,25,1,45,google_play,0
445,0.1853,43.35,20,0,0.2483,44,0,46,app_store,0
446,0.3863,67.82,10,0,0.0777,47,0,31,website,0
447,0.6533,28.57,17,2,0.4361,60,0,16,referral,1
448,0.4189,67.4,26,1,0.0255,56,0,22,google_play,1
449,0.2465,19.84,33,0,0.2793,67,0,43,website,0
450,0.2821,31.25,26,1,0.6132,47,0,11,app_store,0
451,0.3754,41.91,9,1,0.0287,25,0,20,app_store,1
452,0.5149,12.09,67,1,0.074,30,0,2,app_store,0
453,0.3072,18.64,3,0,0.381,34,1,36,google_play,0
454,0.4356,15.37,28,1,0.0962,47,0,14,app_store,0
455,0.3164,23.56,68,0,0.2936,68,0,18,google_play,1
456,0.2324,16.9,54,0,0.3709,30,0,6,google_play,0
457,0.225,26.43,15,0,0.1041,37,1,18,referral,1
458,0.3176,23.23,10,0,0.1315,22,0,16,website,0
459,0.3126,20.17,55,1,0.3791,45,1,3,google_play,1
460,0.442,27.26,0,0,0.1044,49,1,27,google_play,0
461,0.0629,15.22,27,2,0.5812,25,1,17,google_play,1
462,0.3403,13.42,75,0,0.4795,45,0,41,app_store,1
463,0.4475,10.64,29,0,0.4239,41,0,2,google_play,1
464,0.6022,7.02,30,0,0.0371,41,0,44,website,0
465,0.079,15.24,14,0,0.0188,56,0,26,google_play,0
466,0.2299,35.77,40,0,0.7272,56,0,24,app_store,1
467,0.3588,21.36,20,1,0.3792,32,0,18,app_store,0
468,0.2421,24.74,1,0,0.1506,67,0,27,app_store,0
469,0.7285,18.48,51,0,0.2927,24,0,44,website,1
470,0.4656,94.87,1,2,0.0836,35,0,17,app_store,0
471,0.2848,27.55,52,0,0.0815,18,0,24,website,0
472,0.4379,16.48,17,2,0.0938,19,0,28,google_play,0
473,0.0396,11.71,25,2,0.119,38,0,30,app_store,1
474,0.4618,81.39,7,0,0.0327,39,1,33,google_play,0
475,0.4412,9.2,18,1,0.1186,38,0,34,app_store,1
476,0.1028,14.06,32,0,0.0592,18,0,46,website,0
477,0.2815,14.07,30,0,0.6118,39,1,4,referral,0
478,0.6093,23.94,88,2,0.8345,45,0,7,app_store,1
479,0.3088,31.45,7,0,0.1196,20,0,9,referral,0
480,0.165,25.74,43,2,0.1955,69,0,26,website,1
481,0.4214,19.01,47,1,0.2153,38,0,46,app_store,1
482,0.3039,9.23,88,2,0.0444,55,0,42,app_store,1
483,0.154,89.98,74,0,0.2378,53,0,2,app_store,1
484,0.5679,29.53,55,1,0.0324,59,0,46,website,1
485,0.079,36.5,56,1,0.142,29,0,23,referral,1
486,0.5271,15.28,81,0,0.0561,36,0,15,google_play,0
487,0.2557,19.93,1,0,0.2298,51,0,47,google_play,1
488,0.1346,55.76,71,0,0.0137,63,0,22,google_play,0
489,0.1884,5.24,24,0,0.1157,51,0,37,website,0
490,0.3465,41.86,56,2,0.1301,60,0,10,referral,0
491,0.4199,20.64,42,0,0.3405,35,0,8,app_store,1
492,0.4313,32.82,41,1,0.2092,19,0,25,referral,0
493,0.2528,78.68,81,1,0.0725,47,0,33,google_play,0
494,0.2011,17.56,79,0,0.0543,26,0,42,website,0
495,0.2921,3.7,15,0,0.2768,18,0,27,referral,0
496,0.0711,11.43,35,1,0.4754,62,0,14,google_play,1
497,0.3686,24.76,6,0,0.3692,67,0,15,referral,0
498,0.121,77.82,21,1,0.2226,53,0,15,google_play,0
499,0.1532,18.7,47,1,0.0125,28,0,9,google_play,1
500,0.574,72.5,21,0,0.5672,24,1,17,referral,0
501,0.2129,4.82,50,0,0.1226,68,0,19,referral,1
502,0.2478,17.24,50,1,0.0304,64,0,10,website,0
503,0.1415,50.73,88,2,0.1158,47,0,41,referral,0
504,0.1569,47.5,67,0,0.2856,23,0,45,google_play,1
505,0.2842,6.25,48,1,0.2355,30,1,46,app_store,1
506,0.2337,13.63,12,0,0.1744,56,0,5,app_store,0
507,0.1575,22.27,1,0,0.0588,59,0,34,app_store,0
508,0.3832,15.41,71,2,0.0984,35,0,9,referral,1
509,0.4547,55.62,60,0,0.1066,58,0,4,website,0
510,0.1051,24.75,80,0,0.1258,46,0,11,app_store,1
511,0.1933,8.93,18,1,0.0584,25,0,22,google_play,0
512,0.6464,33.87,48,0,0.2096,65,0,32,app_store,0
513,0.2414,35.15,73,0,0.083,68,1,1,google_play,0
514,0.072,10.97,31,1,0.1879,31,0,33,website,1
515,0.1551,13.15,39,1,0.1752,28,0,13,website,0
516,0.3819,14.91,70,0,0.0362,28,0,30,app_store,0
517,0.0392,63.85,77,2,0.4651,52,0,27,app_store,1
518,0.5392,23.06,43,0,0.1424,50,0,26,app_store,0
519,0.4647,5.23,15,1,0.0476,69,0,46,app_store,0
520,0.4299,10.57,77,0,0.0322,58,0,29,referral,0
521,0.161,40.49,53,1,0.1043,37,0,23,website,1
522,0.2744,18.44,39,0,0.3632,58,0,37,referral,0
523,0.3687,10.39,63,2,0.0903,22,0,8,app_store,1
524,0.1812,18.82,33,1,0.2921,60,1,30,referral,1
525,0.5722,48.76,3,3,0.0875,36,1,44,google_play,0
526,0.243,112.54,49,0,0.0312,27,0,38,google_play,0
527,0.3315,23.56,42,1,0.3448,60,0,34,app_store,0
528,0.2471,34.56,83,2,0.2914,44,0,15,app_store,1
529,0.1519,22.87,61,1,0.5011,39,0,7,app_store,1
530,0.5334,28.6,82,2,0.161,61,0,43,app_store,0
531,0.3155,12.84,56,1,0.5124,50,0,6,app_store,1
532,0.1376,67.46,36,0,0.0576,37,0,9,app_store,0
533,0.3213,17.8,9,1,0.1112,69,0,20,google_play,0
534,0.7134,11.36,78,2,0.1943,51,0,28,app_store,0
535,0.1554,14.32,2,1,0.2284,24,0,10,website,0
536,0.3409,39.07,86,0,0.2058,36,0,7,website,1
537,0.2668,15.04,19,0,0.2472,49,0,6,website,0
538,0.4269,70.93,54,0,0.0759,65,0,24,website,0
539,0.3945,38.39,21,1,0.1431,25,1,7,google_play,0
540,0.2241,44.84,42,2,0.2566,40,0,39,website,1
541,0.1943,18.3,53,2,0.1709,62,0,35,app_store,1
542,0.2798,15.88,67,1,0.2235,57,0,27,app_store,0
543,0.7853,25.1,2,0,0.1153,51,0,11,app_store,0
544,0.0594,10.69,86,0,0.045,46,0,16,app_store,1
545,0.4766,34.15,24,0,0.3306,31,0,16,app_store,0
546,0.1188,46.62,63,0,0.1175,54,0,1,google_play,1
547,0.2551,15.11,20,0,0.1851,33,1,30,website,0
548,0.1793,39.76,87,0,0.1195,39,1,42,google_play,0
549,0.4819,29.32,75,0,0.0584,47,0,26,app_store,0
550,0.2818,53.59,13,1,0.4443,60,0,5,app_store,1
551,0.5657,77.52,31,0,0.1557,20,0,17,google_play,0
552,0.3309,42.4,38,0,0.3478,34,0,14,google_play,0
553,0.2693,23.58,64,0,0.305,57,1,24,referral,1
554,0.109,57.06,81,0,0.432,54,1,33,app_store,1
555,0.5241,25.36,74,0,0.2314,27,1,1,google_play,0
556,0.1443,20.37,27,1,0.0241,24,0,26,website,1
557,0.352,16.01,63,0,0.5635,67,0,17,app_store,1
558,0.628,26.27,81,1,0.0851,58,0,35,website,0
559,0.5422,49.58,10,0,0.0974,47,0,44,website,0
560,0.366,11.92,19,1,0.0604,49,0,41,google_play,0
561,0.2706,10.3,66,0,0.1477,36,0,26,google_play,0
562,0.2232,10.44,34,0,0.1149,29,0,8,google_play,0
563,0.0189,50.16,76,0,0.2538,32,0,15,app_store,1
564,0.2789,32.42,78,0,0.1077,51,0,11,website,0
565,0.2685,68.86,33,1,0.3137,30,1,23,referral,0
566,0.4319,17.06,89,0,0.2277,59,0,9,referral,1
567,0.1182,10.42,79,0,0.3692,46,0,9,app_store,1
568,0.3818,72.96,24,1,0.0465,25,1,18,website,0
569,0.2785,14.66,62,0,0.2399,26,0,46,google_play,1
570,0.2292,39.37,39,2,0.1178,37,1,10,app_store,0
571,0.2238,9.64,63,1,0.0858,25,0,42,website,0
572,0.2288,27.84,46,0,0.1938,40,0,4,website,0
573,0.1765,21.89,49,1,0.113,58,0,10,website,1
574,0.3713,9.05,51,1,0.2383,23,0,19,website,1
575,0.4151,92.24,34,1,0.4922,23,0,44,website,1
576,0.1043,13.17,48,1,0.3303,42,0,4,app_store,1
577,0.2302,12.75,28,0,0.2553,64,0,38,referral,1
578,0.0667,15.52,74,0,0.0697,33,0,5,website,0
579,0.389,5.34,71,0,0.3845,25,0,2,app_store,1
580,0.3549,19.51,29,1,0.0648,56,0,37,app_store,1
581,0.5343,15.52,75,0,0.1898,19,1,1,website,1
582,0.7474,49.14,47,1,0.1004,59,0,26,app_store,0
583,0.4071,30.6,29,1,0.787,32,0,22,referral,1
584,0.4173,10.1,29,0,0.1947,22,0,20,website,0
585,0.3887,15.53,56,0,0.268,48,0,5,referral,0
586,0.1933,110.94,70,1,0.4284,31,0,13,google_play,1
587,0.5397,12.96,65,0,0.2369,66,0,3,google_play,0
588,0.5004,43.66,56,2,0.4249,30,0,7,app_store,1
589,0.2231,15.24,19,1,0.1866,19,1,39,google_play,0
590,0.2787,12.16,29,1,0.311,22,0,32,website,1
591,0.3358,16.79,56,0,0.1892,51,0,29,website,0
592,0.3918,68.67,22,0,0.0128,27,0,24,google_play,0
593,0.5779,8.78,30,0,0.1423,34,1,38,google_play,0
594,0.6932,38.85,34,1,0.0126,23,0,38,google_play,0
595,0.0939,57.6,24,1,0.1395,19,0,41,app_store,1
596,0.2537,16.67,74,0,0.1297,29,0,18,app_store,1
597,0.1789,49.3,28,1,0.3469,68,0,17,google_play,1
598,0.1278,44.21,34,0,0.3268,64,0,18,website,1
599,0.0315,13.95,29,0,0.1756,41,1,19,website,0
600,0.0376,12.62,87,0,0.1156,67,0,17,app_store,0
601,0.1253,22.03,44,0,0.0391,56,0,26,google_play,0
602,0.0256,26.46,2,0,0.1311,40,1,4,app_store,1
603,0.1422,18.94,31,2,0.3308,38,0,32,google_play,1
604,0.4404,36.44,70,0,0.1062,46,0,30,website,0
605,0.1382,14.27,64,0,0.1626,24,0,6,app_store,0
606,0.0881,12.96,16,1,0.2888,58,1,17,app_store,1
607,0.3802,24.6,80,2,0.2559,62,0,13,website,1
608,0.4318,28.79,43,1,0.0352,52,0,10,google_play,0
609,0.4433,61.46,69,0,0.1799,30,1,30,app_store,0
610,0.3915,33.72,30,1,0.1568,57,0,35,google_play,0
611,0.6593,40.31,49,1,0.0248,44,0,21,website,0
612,0.1055,19.27,58,0,0.1722,41,1,13,app_store,0
613,0.1948,19.36,61,1,0.1849,25,0,39,google_play,0
614,0.4171,15.72,60,2,0.2528,26,0,4,app_store,1
615,0.4174,27.88,80,1,1.0,25,0,44,app_store,1
616,0.0268,27.16,68,2,0.0457,33,0,7,google_play,1
617,0.5063,26.25,53,0,0.4668,68,0,12,referral,0
618,0.2391,21.29,30,1,0.2187,24,0,34,website,0
619,0.4449,23.81,4,0,0.4592,37,0,25,google_play,0
620,0.3118,78.24,23,0,0.0052,26,0,14,website,0
621,0.4432,29.73,26,0,0.0776,67,0,5,website,0
622,0.1502,36.91,76,1,0.0936,37,0,34,google_play,0
623,0.2991,34.06,29,0,0.0637,24,0,45,app_store,0
624,0.3947,21.72,1,0,0.148,45,0,6,app_store,0
625,0.1632,35.72,88,1,0.4192,41,0,5,website,1
626,0.2808,24.89,40,0,0.1992,28,0,2,website,0
627,0.3714,10.22,66,0,0.1296,30,0,42,referral,0
628,0.1225,16.34,6,0,0.3373,43,0,7,app_store,1
629,0.1754,99.03,38,1,0.2525,36,1,34,app_store,0
630,0.4105,55.52,78,1,0.0279,66,0,46,app_store,1
631,0.3239,19.9,31,1,0.0764,46,0,15,app_store,1
632,0.0504,39.35,42,0,0.114,69,0,14,website,1
633,0.2548,28.59,86,0,0.1568,59,0,21,google_play,0
634,0.0956,83.09,10,0,0.259,45,0,24,google_play,0
635,0.3509,22.41,68,0,0.255,34,0,29,referral,1
636,0.0404,28.71,37,0,0.1065,57,0,37,app_store,0
637,0.257,14.04,18,0,0.0481,50,1,27,app_store,0
638,0.1562,22.33,21,1,0.0578,25,0,44,website,1
639,0.1128,3.6,42,2,0.1944,31,1,5,referral,0
640,0.2751,29.42,49,0,0.1038,33,1,31,google_play,0
641,0.2568,49.52,20,0,0.1034,49,0,34,app_store,0
642,0.0784,80.2,11,2,0.0317,25,0,23,website,1
643,0.3743,34.35,89,0,0.1027,41,0,40,referral,0
644,0.282,19.0,66,1,0.147,63,0,24,app_store,1
645,0.191,13.8,51,1,0.1995,18,1,36,google_play,0
646,0.4712,17.59,71,0,0.3134,32,0,36,google_play,1
647,0.2208,8.01,7,0,0.3484,22,0,33,website,1
648,0.4525,20.57,79,0,0.1587,62,0,9,website,0
649,0.1508,10.4,28,1,0.4063,37,0,24,app_store,0
650,0.0659,16.15,19,1,0.5423,22,0,26,app_store,1
651,0.2654,21.26,47,1,0.3006,60,0,1,app_store,1
652,0.256,30.89,82,0,0.2721,29,0,28,website,1
653,0.1534,7.72,46,0,0.1802,58,0,5,google_play,1
654,0.1463,19.29,22,2,0.1281,34,0,23,google_play,0
655,0.3618,39.65,19,0,0.0225,60,0,2,website,1
656,0.1768,65.35,34,1,0.2377,55,0,18,google_play,1
657,0.2857,23.29,61,0,0.0316,64,0,24,google_play,0
658,0.35,114.21,59,0,0.035,68,0,3,website,0
659,0.2879,40.05,20,1,0.115,29,0,41,google_play,0
660,0.8105,25.61,51,3,0.3245,61,0,37,app_store,1
661,0.1876,58.58,88,0,0.3781,23,0,4,app_store,1
662,0.1115,17.2,76,0,0.013,18,0,27,google_play,0
663,0.2931,11.78,74,1,0.2509,48,0,26,website,1
664,0.3078,47.0,48,0,0.0199,21,0,10,google_play,1
665,0.101,35.57,40,1,0.2028,55,0,19,app_store,0
666,0.3015,50.96,76,1,0.5413,25,1,11,google_play,1
667,0.2968,50.14,32,0,0.1313,55,0,35,app_store,0
668,0.2955,100.2,41,0,0.3162,21,0,43,website,0
669,0.3081,8.88,15,1,0.2248,61,1,10,website,0
670,0.0726,19.14,46,1,0.1653,61,0,47,app_store,1
671,0.1494,20.06,7,1,0.3389,42,0,18,app_store,1
672,0.3797,55.52,39,0,0.1583,35,0,7,app_store,0
673,0.0725,31.85,67,2,0.2062,64,0,17,app_store,1
674,0.6407,55.67,15,0,0.1135,27,0,20,app_store,0
675,0.1932,29.91,79,0,0.1201,48,1,15,google_play,0
676,0.1084,24.22,58,1,0.0121,44,0,22,referral,0
677,0.4118,39.51,44,1,0.1206,64,0,22,google_play,0
678,0.438,29.46,33,1,0.0317,61,1,43,website,0
679,0.2224,32.23,80,0,0.1558,57,0,19,google_play,0
680,0.1762,38.72,77,0,0.0311,29,0,8,website,0
681,0.2282,33.24,85,1,0.1568,59,0,15,app_store,1
682,0.1417,48.81,59,1,0.0707,29,0,41,app_store,1
683,0.5975,25.44,53,0,0.2627,37,0,33,google_play,0
684,0.4955,27.63,30,0,0.086,37,0,3,app_store,0
685,0.4229,12.17,22,1,0.2438,57,0,26,website,0
686,0.4183,48.82,77,0,0.0194,52,1,42,google_play,0
687,0.2383,81.28,73,0,0.2013,45,0,6,referral,1
688,0.0458,6.95,32,0,0.0846,56,0,34,website,1
689,0.0879,38.42,19,0,0.2262,25,0,36,website,0
690,0.3227,22.15,46,0,0.3506,35,0,44,google_play,1
691,0.1013,21.56,83,0,0.1918,51,0,21,app_store,1
692,0.2883,38.07,77,0,0.4974,54,0,25,website,1
693,0.1143,24.03,17,1,0.0958,65,1,21,app_store,1
694,0.2827,32.29,64,0,0.1515,64,0,18,app_store,0
695,0.206,19.07,31,1,0.0479,43,0,6,referral,1
696,0.1473,70.34,51,0,0.4113,51,0,12,google_play,1
697,0.2845,20.84,10,2,0.3313,58,0,2,website,1
698,0.5334,14.4,2,0,0.7192,24,1,8,google_play,0
699,0.5261,31.28,25,1,0.0346,27,1,9,google_play,0
700,0.1022,13.67,64,1,0.237,67,0,8,website,1
701,0.2287,28.92,45,0,0.465,66,0,19,website,1
702,0.3002,77.71,33,1,0.2999,35,0,5,referral,1
703,0.4288,23.77,34,1,0.4571,45,0,16,referral,0
704,0.13,9.51,6,1,0.3252,40,0,32,website,1
705,0.5097,18.35,56,1,0.0747,52,0,16,website,0
706,0.1334,43.32,32,0,0.1,32,0,34,website,0
707,0.291,26.44,32,1,0.5604,37,0,11,app_store,0
708,0.3537,40.08,60,0,0.0391,36,0,44,google_play,0
709,0.1583,15.75,51,1,0.4594,57,1,11,app_store,1
710,0.2781,18.39,16,0,0.2854,57,0,19,referral,0
711,0.1825,38.23,56,1,0.2584,46,0,6,referral,1
712,0.3798,75.76,4,0,0.1101,52,1,41,website,0
713,0.1499,18.71,83,1,0.0989,41,1,47,referral,0
714,0.0551,25.18,48,0,0.1546,66,0,12,website,0
715,0.4292,52.98,79,0,0.464,22,0,40,google_play,1
716,0.1454,26.89,87,1,0.3033,36,1,36,website,1
717,0.1603,38.34,23,0,0.0294,60,0,21,referral,0
718,0.2905,14.61,75,0,0.2826,54,0,37,app_store,1
719,0.2956,24.59,42,2,0.2952,20,1,20,app_store,1
720,0.1842,15.88,65,1,0.074,65,0,34,website,1
721,0.2743,7.54,8,0,0.0854,51,0,4,website,1
722,0.2105,13.21,21,0,0.7629,64,0,32,google_play,0
723,0.1068,33.57,20,1,0.0718,67,0,39,google_play,0
724,0.2675,36.1,26,0,0.3543,34,0,23,google_play,0
725,0.1974,42.01,26,0,0.2387,44,0,4,app_store,0
726,0.0121,35.03,38,1,0.1369,48,0,24,app_store,1
727,0.4346,21.0,85,0,0.2276,24,0,32,website,1
728,0.3667,6.8,1,0,0.1875,26,0,36,website,0
729,0.3707,11.01,68,0,0.0823,26,0,4,google_play,0
730,0.1599,53.16,79,0,0.2494,43,0,8,app_store,1
731,0.7929,13.61,80,2,0.4785,47,0,46,app_store,1
732,0.569,23.29,31,0,0.2411,44,0,29,app_store,0
733,0.4893,25.63,26,0,0.174,30,0,13,website,0
734,0.2596,9.3,22,0,0.1389,56,0,16,google_play,0
735,0.3615,30.96,77,0,0.1104,29,0,6,website,0
736,0.4748,71.48,68,0,0.2347,48,0,47,google_play,0
737,0.3256,24.21,69,0,0.2489,68,1,4,referral,0
738,0.0864,20.32,74,1,0.1988,66,0,42,google_play,0
739,0.1682,10.9,13,0,0.0984,47,0,39,google_play,0
740,0.4486,20.25,82,0,0.1712,64,0,41,google_play,0
741,0.2482,35.83,28,1,0.2339,58,0,22,website,0
742,0.1959,24.42,69,1,0.2565,57,0,27,google_play,1
743,0.2674,18.03,64,0,0.0212,47,0,25,website,0
744,0.0533,49.61,32,0,0.0694,47,0,5,app_store,0
745,0.3588,20.43,29,1,0.3584,51,0,12,app_store,1
746,0.2851,18.18,57,1,0.036,26,0,19,google_play,1
747,0.0683,27.08,22,0,0.1755,21,0,29,google_play,0
748,0.1676,61.25,54,0,0.0958,48,0,8,website,1
749,0.088,22.02,89,1,0.12,64,0,47,app_store,1
750,0.348,13.2,27,0,0.3855,34,1,47,app_store,0
751,0.2025,35.95,43,0,0.1343,69,1,1,google_play,0
752,0.1237,19.45,25,2,0.1301,43,0,31,referral,1
753,0.5814,36.18,31,3,0.1898,62,1,34,app_store,0
754,0.4222,5.85,4,0,0.1243,34,0,17,google_play,0
755,0.2537,25.17,32,1,0.2234,42,0,40,referral,1
756,0.2724,20.61,49,0,0.2688,30,0,37,app_store,1
757,0.2552,12.53,55,0,0.3677,38,1,12,google_play,0
758,0.2919,10.5,37,2,0.0902,60,0,27,app_store,1
759,0.1727,20.17,58,0,0.347,32,0,21,google_play,1
760,0.593,11.6,1,1,0.1227,54,0,20,website,0
761,0.3753,3.08,77,0,0.3419,41,0,34,website,1
762,0.2189,10.78,19,1,0.2914,18,0,20,website,0
763,0.2775,10.45,59,1,0.4691,35,0,9,app_store,1
764,0.2277,25.04,11,1,0.2604,50,0,45,google_play,0
765,0.1344,10.67,84,0,0.6315,53,0,20,google_play,1
766,0.4851,24.52,36,0,0.1854,46,0,47,website,0
767,0.0374,12.59,51,0,0.0498,69,0,10,website,1
768,0.1432,42.43,36,3,0.3117,54,0,16,google_play,1
769,0.4865,31.89,44,1,0.0794,27,0,7,website,0
770,0.4913,19.88,73,0,0.0832,57,0,3,google_play,0
771,0.2439,27.13,70,1,0.4114,43,0,43,google_play,1
772,0.136,36.68,12,2,0.1136,22,0,18,app_store,1
773,0.1283,25.61,19,1,0.4652,59,0,30,google_play,1
774,0.2581,27.08,30,1,0.1327,24,0,8,referral,1
775,0.0952,5.61,57,3,0.0435,44,0,28,website,1
776,0.3084,17.07,53,1,0.2925,44,0,41,google_play,0
777,0.3755,14.22,36,0,0.3043,47,0,22,app_store,1
778,0.2438,51.19,24,0,0.0301,29,1,10,website,0
779,0.3075,18.67,12,0,0.1029,64,0,28,google_play,0
780,0.3944,15.3,5,0,0.0443,51,0,21,app_store,0
781,0.272,36.84,28,0,0.1922,57,0,25,referral,1
782,0.2502,8.47,74,0,0.122,20,0,23,google_play,0
783,0.6432,23.1,56,4,0.1877,21,0,40,referral,0
784,0.3316,6.15,37,0,0.1269,45,0,20,google_play,0
785,0.4022,14.82,84,0,0.2931,20,1,21,referral,0
786,0.3203,17.74,88,0,0.2152,53,0,41,website,0
787,0.2893,68.03,49,0,0.2846,27,1,43,google_play,1
788,0.2826,22.1,46,0,0.3452,50,0,25,referral,1
789,0.3833,13.15,37,0,0.1993,41,0,22,google_play,0
790,0.0808,22.34,73,0,0.174,60,1,29,referral,1
791,0.488,67.25,80,0,0.209,32,0,16,google_play,0
792,0.2561,5.82,69,2,0.202,47,0,39,app_store,1
793,0.0602,42.13,17,0,0.2056,28,0,28,google_play,0
794,0.1211,31.99,58,0,0.1931,37,1,12,google_play,0
795,0.1275,22.61,7,1,0.1281,60,0,2,google_play,1
796,0.0708,19.74,17,0,0.3481,27,0,2,google_play,0
797,0.2702,67.09,29,0,0.1203,45,0,19,app_store,0
798,0.3288,40.56,4,0,0.1853,37,1,29,google_play,1
799,0.1896,11.87,7,0,0.4963,68,0,16,app_store,0
800,0.1886,24.92,22,0,0.1947,46,0,22,website,0
801,0.1034,58.65,37,0,0.358,59,0,8,google_play,1
802,0.3438,35.75,12,1,0.0479,54,0,7,referral,1
803,0.5101,29.48,21,1,0.3495,69,0,35,google_play,0
804,0.1827,9.85,36,1,0.3422,54,0,22,website,0
805,0.1835,123.88,16,1,0.5393,38,0,21,website,0
806,0.3966,40.65,86,0,0.0902,68,0,15,website,1
807,0.2771,85.49,17,0,0.0679,21,0,21,referral,0
808,0.1591,30.29,27,1,0.0476,25,0,7,website,1
809,0.2713,24.22,22,2,0.159,59,1,41,google_play,1
810,0.0832,15.63,33,1,0.0651,66,0,15,google_play,0
811,0.1852,48.55,48,1,0.1797,40,0,11,google_play,1
812,0.1894,69.99,30,1,0.286,38,0,43,website,0
813,0.3209,50.85,0,1,0.1176,29,1,13,app_store,1
814,0.4593,118.98,55,1,0.1294,44,0,17,website,0
815,0.3419,26.89,55,0,0.0257,43,0,24,app_store,0
816,0.2472,15.89,84,2,0.2393,39,0,28,website,1
817,0.2921,29.37,63,0,0.2817,65,0,34,google_play,0
818,0.1554,43.07,84,0,0.3577,58,1,11,referral,1
819,0.356,20.41,64,1,0.2544,35,0,37,website,0
820,0.5554,23.8,70,1,0.2964,46,1,14,app_store,1
821,0.2557,28.49,45,0,0.0603,49,0,1,app_store,0
822,0.3646,34.66,61,1,0.0457,62,1,23,referral,0
823,0.1489,26.96,41,0,0.1648,36,0,42,app_store,0
824,0.3577,28.44,29,1,0.1867,52,0,41,google_play,0
825,0.4217,38.29,54,0,0.1308,64,0,44,app_store,0
826,0.3477,42.02,42,0,0.1777,35,0,17,website,0
827,0.4754,17.35,26,0,0.4044,54,0,45,app_store,0
828,0.4171,6.78,86,0,0.1277,54,0,34,website,0
829,0.3524,11.86,10,0,0.3386,43,1,31,website,0
830,0.298,33.88,10,0,0.0559,40,0,28,website,0
831,0.2959,14.71,45,1,0.2495,50,0,7,google_play,0
832,0.1864,29.54,1,1,0.3512,42,0,14,app_store,1
833,0.0474,23.57,78,0,0.1208,18,0,31,app_store,1
834,0.409,25.71,28,0,0.0596,55,0,22,app_store,0
835,0.3924,34.6,43,0,0.1801,27,0,10,google_play,0
836,0.4201,56.43,51,0,0.2541,41,0,1,app_store,1
837,0.0057,24.25,25,1,0.1221,54,1,28,app_store,1
838,0.1278,11.83,10,1,0.3633,55,0,14,website,0
839,0.2528,30.5,19,0,0.333,19,0,39,referral,0
840,0.2417,40.41,8,0,0.2003,30,0,23,website,0
841,0.3875,5.07,5,1,0.2454,31,0,24,google_play,1
842,0.2121,14.8,63,0,0.1002,26,0,6,app_store,1
843,0.12,25.04,83,0,0.1819,28,1,7,website,0
844,0.5476,17.53,36,0,0.0531,60,0,25,app_store,0
845,0.4432,26.95,29,0,0.0103,55,0,36,app_store,0
846,0.1665,15.85,33,1,0.1776,48,0,38,google_play,0
847,0.4606,47.27,80,1,0.8816,21,0,30,google_play,1
848,0.4047,25.43,25,0,0.3985,37,0,30,app_store,1
849,0.0557,6.96,85,1,0.0911,50,0,44,app_store,0
850,0.1754,40.93,25,1,0.1847,44,0,4,website,1
851,0.2113,42.8,40,0,0.1498,46,0,41,referral,0
852,0.4086,23.9,25,1,0.1151,22,0,11,website,0
853,0.2681,6.77,37,0,0.2185,36,1,32,app_store,0
854,0.1855,46.13,61,0,0.19,22,0,2,google_play,0
855,0.1807,12.0,28,0,0.2641,31,0,35,website,1
856,0.3438,19.05,3,0,0.0896,42,0,17,referral,0
857,0.1904,16.41,57,0,0.1672,22,1,43,website,0
858,0.5451,8.96,63,0,0.2717,30,0,32,website,0
859,0.4814,24.64,19,0,0.2636,59,0,36,google_play,0
860,0.3454,28.27,61,2,0.0539,24,0,42,website,0
861,0.3962,26.56,30,1,0.4982,52,0,1,app_store,1
862,0.322,21.19,62,0,0.2085,47,1,10,google_play,0
863,0.4326,14.56,26,2,0.3682,42,0,37,app_store,0
864,0.2238,68.61,6,1,0.1449,63,0,3,google_play,1
865,0.6738,27.93,33,0,0.0521,23,0,39,website,0
866,0.5974,12.75,7,0,0.2165,23,0,17,app_store,0
867,0.0194,33.39,6,0,0.4346,38,0,6,app_store,1
868,0.1343,31.66,19,0,0.1456,46,1,36,google_play,0
869,0.3229,37.74,47,3,0.4022,20,0,26,app_store,1
870,0.4159,23.99,14,1,0.3204,47,0,16,website,0
871,0.1349,15.87,8,2,0.1302,45,0,22,website,0
872,0.4429,9.41,34,1,0.0155,41,0,21,app_store,0
873,0.1816,16.93,70,0,0.1197,19,0,30,website,0
874,0.3053,7.69,27,0,0.2594,65,0,26,google_play,0
875,0.297,30.28,37,1,0.0833,50,0,31,app_store,0
876,0.152,7.97,78,0,0.2108,30,0,39,google_play,0
877,0.33,19.13,66,1,0.2016,47,1,19,referral,1
878,0.1816,40.87,38,1,0.0544,20,0,22,app_store,1
879,0.1175,20.71,11,2,0.1409,58,0,44,google_play,1
880,0.0392,23.54,58,0,0.4554,60,0,6,website,1
881,0.4091,33.46,52,0,0.1549,56,0,20,website,0
882,0.3199,35.14,25,0,0.1845,46,0,45,website,1
883,0.3051,50.73,17,2,0.0392,64,0,37,website,0
884,0.1293,36.39,25,1,0.0932,40,0,30,referral,0
885,0.2107,31.52,52,2,0.2275,66,0,40,referral,1
886,0.3272,6.22,35,1,0.3369,37,0,6,google_play,1
887,0.1891,29.05,38,0,0.3983,67,0,14,google_play,0
888,0.5316,78.34,70,1,0.145,19,0,47,app_store,0
889,0.3942,38.6,58,0,0.17,57,0,38,google_play,0
890,0.2709,48.36,73,1,0.1011,69,1,41,app_store,0
891,0.3231,15.3,8,1,0.0943,42,1,13,referral,0
892,0.4513,23.38,63,0,0.3247,66,0,21,website,0
893,0.5685,36.42,81,0,0.3174,56,0,24,google_play,0
894,0.5358,33.45,32,2,0.5936,63,1,15,app_store,1
895,0.1137,42.65,43,0,0.0988,27,0,10,referral,0
896,0.1574,11.09,25,0,0.4522,62,1,31,app_store,0
897,0.1097,14.08,60,0,0.1396,35,0,22,app_store,0
898,0.3959,9.92,48,1,0.1112,18,0,43,google_play,1
899,0.4882,29.4,23,0,0.182,45,0,2,google_play,1
900,0.1873,21.52,4,0,0.0309,69,0,18,google_play,1
901,0.2137,21.41,65,1,0.209,38,0,30,google_play,1
902,0.1819,15.23,49,1,0.2675,46,1,24,website,1
903,0.118,13.59,84,0,0.1062,21,0,16,website,1
904,0.6667,24.56,21,1,0.0954,24,0,30,google_play,0
905,0.253,53.26,86,0,0.1698,40,0,26,website,1
906,0.3861,73.49,42,0,0.3935,42,0,23,google_play,0
907,0.636,73.67,71,0,0.1528,39,1,10,google_play,0
908,0.5888,17.67,34,0,0.1329,34,0,12,app_store,0
909,0.0925,10.72,36,1,0.1422,47,0,9,referral,1
910,0.2485,45.54,58,3,0.1771,34,0,5,website,1
911,0.3372,59.87,16,0,0.3173,31,1,17,google_play,0
912,0.5434,32.86,75,1,0.2048,33,0,47,app_store,1
913,0.2941,24.14,23,1,0.0538,68,0,24,app_store,0
914,0.1144,15.82,52,0,0.8784,23,1,34,app_store,1
915,0.2387,37.48,67,1,0.2189,33,0,28,referral,0
916,0.0198,36.71,34,1,0.0551,30,0,13,website,1
917,0.3482,29.91,25,1,0.1011,20,0,28,google_play,0
918,0.3993,11.31,58,0,0.2851,22,0,6,referral,1
919,0.2649,12.24,25,3,0.4642,49,1,1,referral,1
920,0.4769,22.97,42,0,0.0523,25,0,47,website,1
921,0.1309,50.87,24,0,0.0824,18,0,28,referral,0
922,0.3702,46.38,53,0,0.3605,34,1,34,google_play,1
923,0.1932,18.55,28,0,0.2425,58,0,31,website,0
924,0.1855,6.83,60,0,0.1339,24,0,47,referral,1
925,0.1754,62.47,49,0,0.3045,58,0,3,google_play,1
926,0.3681,58.48,6,0,0.1652,66,0,11,referral,0
927,0.3035,26.76,62,2,0.3265,30,0,3,google_play,1
928,0.2833,18.16,62,0,0.2665,47,0,10,app_store,1
929,0.4036,19.79,35,0,0.0857,37,0,26,referral,0
930,0.24,47.08,49,1,0.0503,57,0,12,app_store,1
931,0.2458,35.72,34,1,0.0841,45,1,6,app_store,1
932,0.5511,18.18,49,1,0.3012,18,0,24,website,1
933,0.1233,114.56,74,0,0.0605,43,1,1,website,0
934,0.1521,8.41,5,0,0.0722,64,0,18,google_play,0
935,0.5364,16.1,17,0,0.0541,43,0,16,website,0
936,0.4368,16.36,54,0,0.2641,47,0,33,website,1
937,0.2104,26.42,54,0,0.3466,37,1,33,google_play,0
938,0.1777,54.2,63,1,0.2642,57,0,1,app_store,1
939,0.1853,43.82,49,1,0.1511,24,0,3,app_store,1
940,0.4564,26.81,58,0,0.1274,29,0,19,app_store,0
941,0.2338,9.69,41,0,0.2229,24,0,46,app_store,0
942,0.1423,47.88,3,0,0.1164,46,0,19,website,0
943,0.4306,11.08,81,2,0.0838,40,1,33,app_store,0
944,0.1166,18.52,32,1,0.3085,57,0,21,app_store,0
945,0.2235,23.27,1,1,0.0686,51,0,47,website,0
946,0.4873,13.94,56,1,0.0988,40,0,10,website,0
947,0.3318,13.75,72,0,0.3512,49,0,45,website,1
948,0.6798,45.64,28,1,0.1262,39,0,13,referral,1
949,0.2516,67.89,36,0,0.3388,26,0,19,app_store,0
950,0.2387,23.29,86,1,0.3236,39,0,46,google_play,1
951,0.2062,7.06,74,2,0.3393,67,0,3,app_store,1
952,0.3946,29.86,68,1,0.2104,19,0,40,website,1
953,0.2843,15.07,40,0,0.0397,23,0,33,google_play,0
954,0.3685,31.58,11,1,0.1168,22,0,33,website,1
955,0.1408,30.17,16,1,0.3462,55,0,30,app_store,1
956,0.4152,6.57,75,0,0.5547,61,0,16,website,0
957,0.3619,18.67,50,0,0.4596,50,1,38,app_store,0
958,0.2998,37.77,38,1,0.3223,21,1,34,website,1
959,0.1855,22.98,87,0,0.0874,65,0,44,website,0
960,0.5249,11.39,16,1,0.0146,54,0,2,referral,0
961,0.4076,38.84,9,1,0.0839,69,1,7,app_store,0
962,0.3228,7.65,29,1,0.0857,46,0,41,google_play,0
963,0.0902,28.9,79,1,0.1936,18,0,25,google_play,1
964,0.3094,16.82,78,0,0.0806,41,0,41,google_play,0
965,0.3151,33.24,56,2,0.2342,38,0,41,app_store,1
966,0.1818,20.91,13,1,0.07,66,0,14,website,0
967,0.1982,34.48,73,0,0.1957,20,0,22,app_store,0
968,0.4441,63.61,77,0,0.2934,49,0,9,referral,0
969,0.2666,39.88,74,0,0.14,58,0,14,website,0
970,0.1349,39.38,71,0,0.1049,19,1,19,google_play,1
971,0.253,36.89,11,2,0.0676,45,0,4,app_store,0
972,0.102,7.38,84,0,0.1565,61,0,28,google_play,1
973,0.2336,25.96,35,1,0.3624,41,0,3,app_store,0
974,0.7524,29.63,72,1,0.037,58,0,45,website,0
975,0.2876,36.13,51,0,0.088,32,0,41,website,0
976,0.3571,23.12,32,0,0.0612,58,0,41,google_play,0
977,0.2811,40.48,73,2,0.679,46,0,8,app_store,1
978,0.1161,12.54,27,0,0.2178,35,0,17,google_play,0
979,0.2758,98.98,27,1,0.3477,18,0,42,app_store,0
980,0.2531,36.26,17,0,0.0881,34,0,34,app_store,0
981,0.5214,12.88,86,2,0.1371,48,0,20,referral,0
982,0.1971,63.36,13,0,0.3322,42,0,1,app_store,0
983,0.4673,11.23,3,0,0.0239,23,1,13,referral,0
984,0.1649,24.7,4,2,0.0934,50,0,27,google_play,1
985,0.3463,26.6,51,1,0.0752,56,0,44,app_store,1
986,0.1078,18.41,9,0,0.203,27,0,33,website,0
987,0.368,22.52,58,1,0.0038,66,0,28,google_play,1
988,0.1653,25.64,29,0,0.6974,65,0,35,google_play,1
989,0.0637,11.57,51,1,0.3243,22,0,5,google_play,1
990,0.1494,29.71,86,0,0.0636,33,0,3,google_play,0
991,0.343,24.58,5,0,0.624,27,1,23,website,0
992,0.2846,95.66,47,3,0.2211,41,0,44,referral,0
993,0.0713,69.32,40,0,0.1382,42,0,10,app_store,1
994,0.3378,14.68,1,1,0.0718,50,0,46,app_store,0
995,0.2628,22.23,17,2,0.0797,29,1,17,google_play,0
996,0.1551,15.1,53,0,0.042,61,0,15,referral,0
997,0.1942,20.52,48,1,0.2682,26,0,1,referral,1
998,0.295,44.77,60,1,0.2397,52,1,11,referral,1
999,0.2565,22.83,32,0,0.1647,20,0,16,app_store,0
1000,0.1783,17.3,4,1,0.343,49,0,19,google_play,0
1001,0.2013,37.48,74,0,0.0781,43,0,40,google_play,0
1002,0.1322,6.32,18,0,0.3485,48,0,8,google_play,0
1003,0.1831,18.72,5,0,0.1894,19,1,19,website,0
1004,0.0809,64.01,19,0,0.1832,41,1,4,app_store,1
1005,0.074,66.18,38,0,0.1011,66,0,7,website,0
1006,0.1593,61.18,22,1,0.0556,54,0,25,app_store,0
1007,0.3609,10.36,77,1,0.0693,45,1,12,website,1
1008,0.254,10.31,52,1,0.1524,68,0,2,website,1
1009,0.3569,17.36,58,0,0.3021,30,0,20,app_store,1
1010,0.2704,24.75,5,1,0.1488,38,1,19,website,0
1011,0.3282,14.69,15,0,0.3628,44,0,2,app_store,1
1012,0.159,7.57,50,0,0.0518,43,0,14,google_play,0
1013,0.154,46.97,72,0,0.0509,36,0,21,referral,0
1014,0.2442,41.8,81,0,0.1434,57,0,43,google_play,1
1015,0.3516,16.22,30,0,0.0373,19,0,2,google_play,0
1016,0.1387,40.38,80,0,0.3521,56,0,12,referral,1
1017,0.1961,47.49,46,0,0.1205,19,0,36,app_store,0
1018,0.178,4.64,63,1,0.1963,64,0,44,website,1
1019,0.6758,38.49,52,0,0.4391,30,0,35,website,0
1020,0.2943,23.51,88,0,0.1118,19,0,43,referral,0
1021,0.2769,4.22,10,1,0.2716,37,0,24,app_store,1
1022,0.1773,50.03,50,0,0.1155,43,0,42,google_play,0
1023,0.0101,25.94,59,0,0.0526,66,0,13,app_store,0
1024,0.4226,8.03,47,1,0.1906,18,0,23,app_store,0
1025,0.0986,32.4,61,1,0.0648,54,0,26,app_store,1
1026,0.211,27.85,0,0,0.3439,46,0,33,google_play,0
1027,0.0951,35.82,57,2,0.3463,28,0,42,google_play,1
1028,0.4418,6.34,54,1,0.0038,22,0,25,website,0
1029,0.3804,19.88,60,0,0.0884,62,0,35,app_store,0
1030,0.0717,12.35,54,1,0.1234,28,0,3,referral,1
1031,0.1339,21.89,21,1,0.1121,69,0,43,app_store,0
1032,0.2658,7.47,76,1,0.0593,41,1,20,app_store,1
1033,0.0225,11.22,20,0,0.2164,48,0,36,website,0
1034,0.0318,72.07,69,1,0.0783,38,1,6,website,1
1035,0.1838,55.32,22,2,0.381,26,0,32,website,1
1036,0.415,48.43,62,1,0.5172,49,1,2,website,1
1037,0.1692,68.68,23,1,0.9427,36,0,25,google_play,1
1038,0.4288,6.63,75,1,0.0836,56,1,3,google_play,0
1039,0.2826,23.58,32,0,0.1351,46,0,14,app_store,0
1040,0.1938,29.1,37,1,0.1712,64,0,16,app_store,1
1041,0.4033,18.71,22,1,0.038,47,0,42,google_play,0
1042,0.1302,6.67,29,0,0.1179,68,0,12,referral,1
1043,0.3611,45.54,87,1,0.0681,45,1,33,referral,1
1044,0.4807,37.81,83,0,0.2993,49,0,12,app_store,0
1045,0.1808,15.89,7,0,0.0583,55,0,45,google_play,0
1046,0.056,44.34,55,0,0.0717,69,0,9,google_play,0
1047,0.0173,26.76,76,2,0.1497,24,0,39,google_play,1
1048,0.1651,38.23,52,0,0.1079,23,0,35,google_play,0
1049,0.1909,12.93,32,1,0.1132,39,1,11,google_play,0
1050,0.239,28.99,71,0,0.1641,44,0,24,website,0
1051,0.2849,29.21,54,1,0.169,61,0,17,app_store,0
1052,0.2305,20.86,17,1,0.4041,31,1,15,website,1
1053,0.1423,3.77,28,0,0.3924,26,1,37,website,0
1054,0.1098,27.67,6,0,0.2263,60,0,25,app_store,0
1055,0.0827,29.02,81,1,0.1066,67,0,21,referral,1
1056,0.3018,12.66,16,1,0.0761,34,1,9,google_play,0
1057,0.3928,36.62,5,1,0.0303,37,0,10,referral,0
1058,0.1113,29.12,83,0,0.0895,29,0,28,referral,1
1059,0.3631,32.68,23,0,0.3886,40,0,43,google_play,0
1060,0.1885,18.84,57,2,0.1968,21,0,38,website,0
1061,0.3147,7.42,86,0,0.703,51,1,26,google_play,1
1062,0.4567,7.53,10,1,0.3024,42,0,12,google_play,0
1063,0.2522,39.7,32,0,0.2574,62,0,26,google_play,0
1064,0.0983,11.41,18,1,0.0811,66,0,43,referral,1
1065,0.0831,14.03,22,0,0.2007,24,0,18,google_play,1
1066,0.2546,44.16,80,1,0.1865,60,1,39,google_play,1
1067,0.127,5.5,26,0,0.4519,36,1,21,website,1
1068,0.4326,7.97,20,2,0.1229,63,1,35,google_play,1
1069,0.1708,42.62,10,1,0.103,69,0,13,app_store,0
1070,0.2763,26.02,67,1,0.2847,42,0,18,website,1
1071,0.2997,6.08,30,0,0.0095,36,0,16,referral,0
1072,0.5653,18.03,6,1,0.4759,53,0,13,google_play,1
1073,0.1606,27.75,28,0,0.3629,32,0,6,website,1
1074,0.2716,11.34,78,1,0.197,62,1,46,google_play,0
1075,0.3085,8.92,25,0,0.1596,57,1,19,website,0
1076,0.2103,7.52,73,0,0.0807,63,0,30,referral,0
1077,0.1794,44.37,7,2,0.081,35,0,19,website,0
1078,0.1164,50.92,30,0,0.3408,23,1,27,website,0
1079,0.3624,41.61,53,1,0.1351,68,0,37,app_store,0
1080,0.3774,58.13,0,0,0.204,29,0,45,google_play,0
1081,0.3358,60.12,61,0,0.3239,53,0,30,website,1
1082,0.5314,8.49,89,0,0.4144,62,0,46,website,1
1083,0.3054,49.45,63,1,0.0771,27,0,38,website,0
1084,0.1193,26.54,73,2,0.1874,66,0,10,website,1
1085,0.2263,92.73,14,1,0.1502,49,0,35,google_play,1
1086,0.0894,262.47,44,0,0.2774,65,0,36,app_store,1
1087,0.1741,21.39,58,0,0.5416,58,1,13,google_play,1
1088,0.476,19.82,40,1,0.1249,21,0,3,app_store,0
1089,0.346,18.75,80,0,0.4358,32,0,40,referral,0
1090,0.1202,25.8,69,1,0.0305,50,0,11,app_store,0
1091,0.5939,28.86,88,2,0.0853,46,0,4,google_play,0
1092,0.0991,155.5,65,2,0.4084,51,0,13,website,1
1093,0.269,27.12,80,0,0.0067,66,0,27,app_store,1
1094,0.4039,18.16,70,3,0.0851,54,0,23,referral,1
1095,0.4141,24.76,12,2,0.4371,40,0,41,google_play,1
1096,0.1062,13.77,78,0,0.0633,32,0,32,app_store,0
1097,0.1281,7.58,85,1,0.0901,29,1,41,app_store,0
1098,0.1714,22.12,58,0,0.0679,63,0,46,app_store,0
1099,0.1903,125.64,29,0,0.2383,62,0,37,google_play,1
1100,0.3977,45.69,37,2,0.1519,35,0,26,app_store,0
1101,0.1566,17.54,2,0,0.0913,40,1,35,google_play,0
1102,0.2226,31.36,0,0,0.1007,30,0,30,website,0
1103,0.1305,142.58,32,2,0.2294,32,1,30,website,0
1104,0.3076,28.2,28,1,0.0709,59,0,28,website,1
1105,0.2131,13.16,27,1,0.1084,20,1,21,app_store,0
1106,0.2207,25.74,20,1,0.8593,51,0,14,website,1
1107,0.5069,38.45,60,0,0.0457,23,0,20,google_play,0
1108,0.0493,32.84,34,1,0.4907,39,0,46,google_play,1
1109,0.1174,67.82,88,0,0.3873,32,1,47,website,1
1110,0.2874,26.31,80,0,0.0098,48,0,27,app_store,0
1111,0.1546,4.76,65,0,0.2322,28,0,6,app_store,1
1112,0.2073,34.13,74,1,0.0353,54,1,47,google_play,0
1113,0.3162,32.55,61,0,0.3637,22,1,44,app_store,0
1114,0.38,31.1,19,1,0.1668,27,0,22,app_store,0
1115,0.2024,13.54,15,1,0.2876,65,0,4,app_store,0
1116,0.3454,99.02,45,2,0.1183,29,1,25,app_store,0
1117,0.1633,11.46,64,0,0.1011,35,0,18,google_play,0
1118,0.2375,12.34,48,0,0.065,65,0,37,google_play,0
1119,0.2608,20.9,24,0,0.5479,23,0,37,app_store,0
1120,0.3019,62.08,6,1,0.2186,32,1,27,referral,0
1121,0.235,64.0,25,0,0.0081,64,0,19,google_play,1
1122,0.0383,38.4,80,1,0.2288,68,0,9,website,1
1123,0.3461,45.85,38,0,0.2485,49,0,21,google_play,0
1124,0.6262,9.86,81,0,0.2339,44,0,44,app_store,0
1125,0.3742,7.46,80,1,0.2014,64,0,9,website,1
1126,0.1104,18.91,13,1,0.0592,51,1,44,app_store,1
1127,0.4455,45.6,19,0,0.9132,34,0,16,app_store,0
1128,0.3499,46.44,48,1,0.1527,69,0,24,app_store,0
1129,0.4097,13.35,80,0,0.167,49,0,45,google_play,0
1130,0.1846,12.38,23,0,0.094,58,0,7,referral,0
1131,0.4941,55.59,44,1,0.1699,20,0,24,website,0
1132,0.2902,28.03,36,0,0.3604,68,0,15,app_store,0
1133,0.3405,5.75,6,0,0.2507,45,0,5,referral,0
1134,0.13,11.17,48,1,0.2225,51,0,38,app_store,1
1135,0.208,34.45,60,1,0.1614,26,0,34,website,0
1136,0.4983,10.69,57,2,0.1722,38,1,42,app_store,0
1137,0.4858,12.32,60,0,0.0885,26,0,18,referral,0
1138,0.3195,12.63,72,0,0.164,42,0,19,referral,0
1139,0.2658,45.26,86,0,0.5048,25,0,21,google_play,1
1140,0.0024,24.37,86,2,0.0419,50,0,29,website,1
1141,0.1451,79.32,28,2,0.1666,25,0,1,app_store,0
1142,0.2234,18.17,12,0,0.118,65,0,29,website,1
1143,0.1692,21.17,8,1,0.1719,22,0,10,website,1
1144,0.2003,31.01,70,1,0.0483,31,1,24,app_store,1
1145,0.1835,15.84,39,1,0.0377,28,0,27,website,1
1146,0.0637,8.01,44,0,0.0605,39,0,42,google_play,0
1147,0.5291,19.17,25,0,0.1508,20,0,26,app_store,0
1148,0.2427,14.53,23,0,0.1657,52,0,21,website,0
1149,0.1748,22.45,49,0,0.1429,38,0,8,google_play,1
1150,0.2239,16.14,22,1,0.1571,22,0,36,website,1
1151,0.1926,33.63,51,0,0.2504,31,0,24,referral,1
1152,0.1008,19.18,67,1,0.1262,47,1,21,app_store,1
1153,0.0928,7.92,30,1,0.25,39,0,11,website,1
1154,0.1006,15.87,51,1,0.3148,39,0,44,app_store,1
1155,0.193,10.57,85,0,0.1005,31,0,33,referral,1
1156,0.2522,94.17,69,4,0.7382,18,0,18,referral,1
1157,0.2439,25.34,15,1,0.1047,19,0,26,referral,1
1158,0.1819,39.14,28,1,0.0677,54,1,11,website,1
1159,0.1574,22.94,19,1,0.066,48,0,32,website,1
1160,0.1768,88.56,47,1,0.1644,43,0,33,app_store,0
1161,0.2008,10.15,34,0,0.0395,48,0,30,app_store,0
1162,0.1617,14.1,25,0,0.5101,69,0,31,google_play,1
1163,0.2043,53.46,48,0,0.0496,38,0,27,website,0
1164,0.3769,17.08,50,1,0.3445,30,0,17,website,1
1165,0.2727,14.53,48,0,0.0988,66,0,8,google_play,0
1166,0.3189,16.56,37,1,0.2093,37,0,22,referral,1
1167,0.1593,94.85,63,0,0.1104,49,0,7,google_play,1
1168,0.3207,102.64,21,2,0.1182,53,1,5,referral,0
1169,0.4311,32.68,7,1,0.6333,57,0,26,app_store,0
1170,0.579,28.15,5,1,0.1173,39,0,19,website,1
1171,0.2854,42.45,84,0,0.1386,62,0,11,website,0
1172,0.1601,32.29,24,0,0.0849,53,0,2,website,0
1173,0.3156,27.74,4,1,0.0818,62,0,22,app_store,0
1174,0.2724,17.9,11,1,0.0533,38,1,33,google_play,0
1175,0.6256,15.94,57,2,0.0988,39,0,31,google_play,0
1176,0.3309,34.72,27,0,0.251,53,0,17,google_play,0
1177,0.1277,27.04,47,0,0.2173,34,0,43,website,1
1178,0.5023,68.58,68,1,0.1666,29,0,32,website,0
1179,0.3652,20.46,22,1,0.2119,35,1,23,website,0
1180,0.0089,12.84,17,1,0.3705,45,0,34,app_store,1
1181,0.3337,8.82,33,0,0.1021,64,0,4,google_play,0
1182,0.3285,14.33,38,2,0.0202,26,0,14,app_store,1
1183,0.6285,8.97,44,1,0.6705,21,0,31,app_store,0
1184,0.113,54.78,78,4,0.2895,18,0,40,website,1
1185,0.2318,18.22,4,0,0.4484,55,0,17,website,0
1186,0.1811,14.33,74,1,0.3595,43,0,30,website,1
1187,0.0866,34.32,32,1,0.4388,54,0,18,google_play,1
1188,0.1992,96.0,78,1,0.2579,63,0,1,google_play,1
1189,0.3998,18.2,37,0,0.376,25,0,28,google_play,0
1190,0.263,11.09,11,0,0.4174,46,0,25,app_store,0
1191,0.5696,18.6,44,1,0.0075,32,0,21,google_play,0
1192,0.0699,6.68,70,1,0.3528,55,0,18,referral,1
1193,0.4619,35.17,43,0,0.1385,39,1,22,app_store,0
1194,0.5384,36.74,4,0,0.3311,51,1,4,app_store,0
1195,0.1786,18.04,87,0,0.1745,51,1,21,google_play,1
1196,0.5069,11.2,67,0,0.0558,18,0,5,app_store,0
1197,0.218,131.66,79,0,0.3735,59,1,12,website,0
1198,0.3392,10.38,83,0,0.2333,47,1,20,website,0
1199,0.4421,14.51,63,1,0.0377,32,0,44,app_store,0
1200,0.3269,25.13,43,1,0.2891,22,0,36,app_store,0
1201,0.0989,44.82,87,1,0.1558,21,0,11,google_play,0
1202,0.177,22.08,0,1,0.2277,19,0,33,app_store,0
1203,0.2455,25.15,29,0,0.2068,60,0,45,app_store,0
1204,0.4751,37.65,33,0,0.136,26,0,14,app_store,0
1205,0.1159,231.36,27,1,0.7286,40,0,35,referral,1
1206,0.4314,16.36,13,0,0.2253,56,0,2,website,0
1207,0.6248,17.17,41,1,0.1365,22,1,29,referral,1
1208,0.2389,22.75,20,1,0.2331,62,0,37,google_play,0
1209,0.0231,39.46,61,0,0.2597,32,0,39,website,1
1210,0.481,143.69,73,0,0.0178,51,0,38,website,0
1211,0.1893,22.7,63,0,0.3971,36,0,32,app_store,0
1212,0.1808,36.17,55,0,0.0433,45,0,23,app_store,0
1213,0.5864,5.41,58,1,0.3042,23,0,18,referral,1
1214,0.0997,25.67,31,1,0.3113,35,0,33,app_store,1
1215,0.0513,24.29,17,0,0.0877,45,0,34,website,1
1216,0.2067,50.07,27,0,0.2583,42,0,44,website,0
1217,0.7118,17.08,19,0,0.0123,64,0,34,referral,0
1218,0.1428,10.43,50,0,0.0511,68,0,11,app_store,0
1219,0.3515,28.81,28,0,0.0719,22,0,17,google_play,0
1220,0.2359,8.24,43,2,0.1055,57,0,31,website,1
1221,0.3082,13.98,39,0,0.0697,47,0,2,app_store,0
1222,0.1956,25.5,57,0,0.1475,69,0,39,referral,0
1223,0.1666,4.58,32,0,0.0378,25,1,13,google_play,0
1224,0.3258,20.51,58,1,0.4169,27,0,1,google_play,0
1225,0.1354,74.17,60,1,0.5242,32,1,4,google_play,1
1226,0.4431,7.94,46,1,0.4582,44,0,20,app_store,1
1227,0.1346,15.2,60,0,0.2419,59,0,13,google_play,0
1228,0.6702,37.04,23,0,0.0448,31,0,22,google_play,0
1229,0.341,43.41,28,1,0.0078,31,0,2,referral,0
1230,0.4628,25.55,63,1,0.1107,19,0,17,website,0
1231,0.3004,21.53,67,0,0.1476,60,0,23,referral,0
1232,0.2223,78.06,45,1,0.3025,53,0,18,app_store,1
1233,0.1883,28.47,33,2,0.1618,41,0,16,google_play,0
1234,0.3322,11.7,4,0,0.2118,38,0,23,app_store,0
1235,0.2375,26.69,3,0,0.1221,23,0,24,google_play,0
1236,0.4748,22.32,67,1,0.2145,51,0,46,referral,1
1237,0.4439,18.05,58,0,0.2167,69,0,41,google_play,1
1238,0.4249,7.56,37,1,0.5755,20,1,34,website,1
1239,0.4335,24.41,70,0,0.4337,19,0,22,website,1
1240,0.3724,36.88,50,3,0.0999,29,0,5,referral,1
1241,0.2303,41.48,61,0,0.009,57,1,28,app_store,0
1242,0.1684,24.72,40,1,0.64,62,0,25,referral,0
1243,0.1877,25.15,16,0,0.1642,44,0,3,app_store,0
1244,0.372,16.58,68,1,0.2808,27,0,29,website,1
1245,0.1165,48.31,38,0,0.3474,43,0,47,app_store,0
1246,0.3767,10.67,68,1,0.0204,35,1,13,app_store,0
1247,0.0908,17.04,71,0,0.0754,27,0,35,google_play,1
1248,0.3655,13.96,37,2,0.1361,23,0,2,app_store,1
1249,0.2954,22.69,6,0,0.1132,65,0,33,google_play,0
1250,0.1504,61.49,88,1,0.2878,31,0,29,referral,1
1251,0.0916,10.68,84,1,0.524,33,0,16,website,1
1252,0.5642,29.83,81,1,0.2729,61,0,4,website,1
1253,0.3038,30.3,3,0,0.0743,24,0,23,website,0
1254,0.1374,12.49,36,1,0.058,63,0,1,app_store,1
1255,0.5605,21.44,16,0,0.13,56,0,31,referral,0
1256,0.4669,13.1,59,1,0.0899,36,0,10,website,0
1257,0.3945,26.32,55,0,0.2991,60,0,32,app_store,1
1258,0.1108,22.58,71,2,0.3883,36,0,4,website,1
1259,0.1611,70.34,42,0,0.3194,48,0,3,google_play,1
1260,0.0295,14.36,55,1,0.0169,57,0,11,google_play,1
1261,0.1263,21.75,54,0,0.0856,56,0,6,referral,0
1262,0.2333,18.89,77,1,0.3371,57,1,9,referral,1
1263,0.2939,63.42,40,1,0.3024,67,1,26,app_store,0
1264,0.3907,17.38,4,0,0.1233,27,0,27,referral,0
1265,0.1466,13.15,75,0,0.0693,51,0,19,referral,1
1266,0.0441,14.25,20,0,0.1148,35,0,6,google_play,1
1267,0.0996,14.09,86,2,0.0171,26,0,6,referral,1
1268,0.4053,16.33,86,0,0.0468,63,0,39,website,0
1269,0.5146,13.48,69,0,0.2018,56,0,8,referral,1
1270,0.2201,24.8,30,0,0.2252,23,0,17,google_play,0
1271,0.2407,9.88,53,0,0.1057,63,0,22,website,0
1272,0.4732,36.73,84,2,0.7113,41,0,15,app_store,1
1273,0.2461,25.25,34,2,0.0979,33,0,47,app_store,0
1274,0.1924,76.34,21,1,0.3531,44,0,29,referral,0
1275,0.4179,34.02,56,0,0.0519,34,0,15,website,0
1276,0.4289,31.69,83,0,0.1774,65,1,11,app_store,0
1277,0.2344,100.15,71,1,0.4029,25,0,24,google_play,0
1278,0.4213,33.25,33,1,0.0718,32,1,22,website,1
1279,0.1527,21.11,70,1,0.1338,26,0,15,app_store,0
1280,0.2594,13.35,79,2,0.03,43,0,37,website,0
1281,0.3103,67.83,0,0,0.2477,40,0,25,website,0
1282,0.134,12.11,64,1,0.4439,29,0,19,website,1
1283,0.1591,11.05,62,1,0.0885,55,0,23,website,0
1284,0.1928,11.08,47,0,0.2544,20,0,6,website,1
1285,0.3707,14.49,18,0,0.0343,62,0,46,app_store,0
1286,0.4997,25.29,74,0,0.0781,56,0,26,website,0
1287,0.5003,20.42,47,0,0.3375,32,0,13,google_play,1
1288,0.4401,35.44,81,0,0.1706,56,0,47,google_play,0
1289,0.1777,11.44,67,2,0.0627,18,0,21,google_play,0
1290,0.6149,13.33,26,0,0.4316,56,0,47,website,0
1291,0.0301,27.32,86,0,0.0424,63,1,38,google_play,1
1292,0.4238,12.49,33,0,0.2977,43,0,21,google_play,1
1293,0.3549,9.45,3,1,0.1891,65,1,18,website,0
1294,0.0763,8.41,4,0,0.1856,30,0,6,app_store,0
1295,0.2227,23.71,29,1,0.0425,19,1,8,google_play,0
1296,0.2981,23.38,20,0,0.1827,29,1,29,website,0
1297,0.0997,22.62,5,1,0.1665,63,1,40,referral,1
1298,0.2645,57.5,76,0,0.2267,62,0,12,referral,0
1299,0.1185,30.31,69,2,0.1363,40,1,45,app_store,1
1300,0.3063,24.54,3,0,0.0863,28,0,1,app_store,0
1301,0.3287,63.03,15,0,0.0459,22,0,15,google_play,0
1302,0.0677,48.55,75,1,0.0426,38,0,46,website,1
1303,0.2614,14.72,11,0,0.361,53,0,26,google_play,1
1304,0.3803,44.0,6,0,0.1968,20,0,2,app_store,0
1305,0.0339,84.87,8,0,0.0704,31,0,43,app_store,1
1306,0.3512,85.09,71,1,0.2525,38,0,2,app_store,1
1307,0.392,48.6,63,0,0.2378,25,0,8,website,0
1308,0.5878,32.19,47,1,0.1344,67,0,46,google_play,0
1309,0.3334,30.06,8,0,0.2094,53,0,13,google_play,0
1310,0.1208,68.04,52,2,0.3007,30,1,33,google_play,1
1311,0.307,9.62,40,2,0.1483,25,0,19,website,0
1312,0.3224,59.58,23,1,0.0876,49,0,24,google_play,0
1313,0.4315,26.88,14,2,0.2132,47,0,37,app_store,1
1314,0.527,12.86,3,1,0.1902,37,0,11,website,1
1315,0.295,10.73,56,3,0.2768,32,1,23,referral,1
1316,0.2468,7.43,60,1,0.0608,61,0,2,google_play,1
1317,0.2924,36.42,12,1,0.1802,44,1,34,google_play,0
1318,0.2263,94.23,25,0,0.0277,32,0,30,referral,0
1319,0.3264,17.3,20,2,0.36,43,1,45,google_play,1
1320,0.1159,13.49,87,0,0.006,26,0,45,referral,1
1321,0.4172,57.16,77,1,0.1204,64,0,5,app_store,0
1322,0.3543,26.56,8,1,0.0723,53,0,30,app_store,0
1323,0.3047,59.03,1,0,0.5667,66,0,39,app_store,0
1324,0.1257,12.39,83,0,0.4449,27,0,3,google_play,1
1325,0.1075,38.74,3,0,0.3045,49,1,39,google_play,0
1326,0.4744,87.41,19,0,0.1882,50,0,43,google_play,0
1327,0.5893,11.76,66,1,0.3324,24,0,13,referral,1
1328,0.341,19.6,14,1,0.4381,66,1,17,website,0
1329,0.6385,19.05,19,0,0.4585,28,0,13,app_store,0
1330,0.4464,41.46,62,0,0.2612,48,0,11,app_store,1
1331,0.1385,59.29,20,0,0.1479,46,1,41,app_store,0
1332,0.3055,15.22,57,1,0.1274,29,0,21,google_play,1
1333,0.2185,140.98,0,1,0.1434,55,0,19,referral,0
1334,0.3517,25.52,86,2,0.1659,47,0,18,google_play,1
1335,0.2803,16.49,45,2,0.0767,22,0,36,referral,1
1336,0.3809,66.64,49,0,0.5521,32,0,7,website,1
1337,0.404,27.06,35,0,0.022,51,1,32,website,0
1338,0.1729,18.85,47,1,0.1269,37,0,38,google_play,0
1339,0.2666,16.78,75,0,0.102,26,0,30,website,0
1340,0.3163,106.86,88,0,0.071,58,0,4,google_play,0
1341,0.3719,12.23,9,3,0.013,68,1,15,app_store,0
1342,0.4917,53.95,43,0,0.1441,22,0,21,google_play,0
1343,0.125,13.9,89,1,0.3873,21,0,12,app_store,1
1344,0.1528,15.86,69,2,0.3158,45,0,47,app_store,1
1345,0.1459,23.16,4,2,0.3832,41,0,12,google_play,1
1346,0.4682,33.98,82,2,0.5139,42,1,2,google_play,1
1347,0.3773,7.76,19,2,0.1583,25,0,35,referral,1
1348,0.1544,16.76,13,1,0.2059,31,0,17,google_play,1
1349,0.2753,50.42,12,0,0.09,68,0,21,app_store,0
1350,0.0628,50.26,20,0,0.2223,25,0,28,google_play,1
1351,0.0838,20.02,69,0,0.2104,50,0,46,app_store,1
1352,0.1131,10.78,22,0,0.2538,25,0,22,referral,1
1353,0.4446,28.53,25,1,0.4696,40,0,38,app_store,0
1354,0.402,43.97,50,0,0.1525,67,0,7,app_store,1
1355,0.1618,27.86,2,0,0.1156,29,0,21,referral,0
1356,0.1846,65.61,30,1,0.2345,29,0,29,app_store,0
1357,0.1144,20.31,47,0,0.1778,25,1,47,referral,0
1358,0.1237,9.75,58,1,0.1719,64,1,32,google_play,0
1359,0.1713,16.18,21,1,0.0772,57,1,2,website,0
1360,0.3129,24.56,17,0,0.3988,26,0,10,google_play,0
1361,0.2674,14.99,55,0,0.2988,25,0,36,referral,1
1362,0.04,17.05,23,2,0.1411,19,1,15,referral,1
1363,0.1292,48.1,40,0,0.0383,26,0,28,website,0
1364,0.3454,13.89,85,0,0.0601,19,0,25,app_store,1
1365,0.3038,9.65,7,1,0.5438,53,0,37,app_store,0
1366,0.182,43.25,80,0,0.0644,50,0,8,referral,0
1367,0.3477,38.54,81,2,0.1494,62,0,33,google_play,0
1368,0.1853,11.87,88,0,0.0031,46,0,43,website,0
1369,0.4039,40.25,20,2,0.0269,33,0,44,google_play,0
1370,0.3304,11.12,39,2,0.3123,63,0,32,google_play,1
1371,0.2028,14.78,0,1,0.0985,49,1,23,google_play,0
1372,0.6609,11.32,36,0,0.1665,36,0,1,google_play,0
1373,0.2431,17.8,52,0,0.0367,55,0,31,google_play,0
1374,0.4539,36.41,71,0,0.1942,22,0,10,website,0
1375,0.4308,29.63,74,0,0.1948,54,0,29,google_play,0
1376,0.1135,13.88,15,0,0.2197,27,1,12,website,0
1377,0.1773,28.01,44,0,0.0461,45,0,36,website,0
1378,0.5204,32.06,1,2,0.1463,42,0,25,google_play,0
1379,0.1982,47.89,76,0,0.0927,23,0,3,referral,0
1380,0.3193,31.55,69,0,0.114,29,0,32,google_play,0
1381,0.1605,41.12,6,3,0.0219,46,0,14,referral,1
1382,0.3569,25.67,81,0,0.0892,48,0,17,app_store,0
1383,0.1644,13.87,25,0,0.2405,29,0,10,google_play,0
1384,0.4208,27.47,75,0,0.584,23,1,43,website,1
1385,0.3358,57.45,57,0,0.192,23,0,24,google_play,0
1386,0.3622,59.59,58,0,0.4026,50,1,5,google_play,1
1387,0.4794,4.03,69,0,0.068,65,0,21,app_store,0
1388,0.3169,38.1,21,1,0.135,43,0,20,app_store,1
1389,0.2178,17.36,7,1,0.1077,39,0,2,website,1
1390,0.101,32.47,69,1,0.1332,58,0,16,app_store,1
1391,0.4206,9.43,55,0,0.0614,24,0,8,app_store,0
1392,0.4801,18.15,55,1,0.0591,27,1,12,app_store,0
1393,0.5995,7.98,69,0,0.1117,67,0,10,website,0
1394,0.3902,18.12,67,2,0.4012,43,0,4,google_play,1
1395,0.1253,37.54,11,1,0.4316,25,0,17,app_store,0
1396,0.555,33.5,13,0,0.3101,38,0,38,website,1
1397,0.1956,110.18,13,2,0.3058,69,0,12,google_play,0
1398,0.2005,17.11,32,0,0.1468,59,0,20,referral,0
1399,0.3535,13.27,45,1,0.267,23,0,9,app_store,0
1400,0.1811,64.72,61,2,0.3052,39,1,36,referral,1
1401,0.3694,7.38,38,1,0.1415,24,0,7,google_play,0
1402,0.2131,28.09,4,2,0.1166,49,0,19,google_play,0
1403,0.4862,34.88,38,1,0.5153,65,0,30,google_play,0
1404,0.3929,4.87,47,0,0.3842,40,0,39,website,1
1405,0.1197,11.44,78,2,0.031,24,0,1,website,1
1406,0.4201,9.43,23,0,0.7334,21,0,44,website,1
1407,0.2398,43.96,5,0,0.0274,61,0,25,app_store,0
1408,0.6356,15.65,48,0,0.3559,46,1,26,google_play,0
1409,0.2251,20.45,66,1,0.2051,30,0,19,website,1
1410,0.3628,7.93,43,1,0.0488,64,1,24,app_store,1
1411,0.2653,13.92,73,0,0.0121,67,0,32,website,0
1412,0.1582,14.11,24,0,0.2296,49,0,21,app_store,0
1413,0.2537,21.06,34,1,0.1714,22,0,35,app_store,0
1414,0.398,19.8,87,0,0.1249,61,0,4,app_store,0
1415,0.2325,68.66,62,0,0.3697,60,0,25,google_play,1
1416,0.158,39.81,77,2,0.5147,20,1,33,app_store,1
1417,0.3828,7.07,52,0,0.486,69,1,23,referral,0
1418,0.1814,50.01,22,1,0.1176,53,0,22,google_play,0
1419,0.3974,45.42,23,0,0.2353,27,0,1,app_store,0
1420,0.3546,25.73,20,0,0.0118,47,0,7,referral,0
1421,0.3016,48.91,46,1,0.0195,47,0,27,referral,0
1422,0.4267,56.93,32,0,0.0509,23,0,8,app_store,0
1423,0.5618,17.46,5,1,0.2316,55,0,37,app_store,0
1424,0.3382,10.45,31,0,0.1694,26,0,31,google_play,0
1425,0.1957,36.43,72,0,0.0641,21,1,41,app_store,0
1426,0.4754,13.86,51,0,0.1827,54,1,26,referral,1
1427,0.3992,29.52,5,1,0.0896,52,0,43,app_store,1
1428,0.3553,11.86,34,0,0.2928,38,1,26,referral,0
1429,0.0754,48.51,26,0,0.2989,59,0,39,referral,0
1430,0.4042,14.42,4,0,0.0921,47,0,9,website,0
1431,0.2524,21.16,36,0,0.1718,32,0,14,website,0
1432,0.0367,20.23,35,0,0.2242,68,0,7,app_store,0
1433,0.0172,9.1,44,1,0.2239,29,0,26,website,1
1434,0.1818,52.23,66,0,0.4296,41,0,21,website,1
1435,0.0387,60.31,47,1,0.5701,67,1,22,website,1
1436,0.3014,22.19,22,1,0.5423,20,0,38,referral,0
1437,0.0711,14.42,54,0,0.1869,54,0,5,referral,0
1438,0.2279,20.83,17,0,0.2263,67,0,39,app_store,0
1439,0.2019,17.22,82,1,0.301,44,0,46,app_store,1
1440,0.1494,24.15,54,1,0.3491,28,0,29,google_play,1
1441,0.2034,19.72,42,1,0.1495,56,0,45,website,0
1442,0.2004,13.0,23,2,0.6571,66,0,29,website,1
1443,0.452,54.16,58,0,0.0663,44,0,29,google_play,0
1444,0.6056,21.12,10,0,0.1492,26,0,32,google_play,0
1445,0.4941,94.84,8,0,0.4353,67,0,33,website,0
1446,0.1093,26.39,55,1,0.3601,35,0,18,website,1
1447,0.4296,18.48,75,1,0.1639,68,0,34,website,0
1448,0.4871,20.14,78,0,0.1165,39,0,17,app_store,0
1449,0.0562,18.97,30,2,0.1961,39,0,22,app_store,1
1450,0.1863,22.78,54,0,0.0749,53,0,2,google_play,1
1451,0.4054,28.7,53,0,0.4233,28,0,16,google_play,0
1452,0.1661,11.19,28,0,0.1849,67,0,44,website,1
1453,0.4775,12.0,88,1,0.1929,27,1,41,google_play,0
1454,0.3524,42.36,14,0,0.0354,53,0,46,app_store,0
1455,0.3716,35.12,68,0,0.3639,33,0,28,referral,1
1456,0.529,8.15,79,0,0.5979,49,1,20,google_play,1
1457,0.4563,35.37,36,1,0.0769,55,0,19,website,0
1458,0.1058,44.18,51,0,0.0243,36,0,35,website,0
1459,0.1723,29.27,40,1,0.2222,18,0,7,website,1
1460,0.3156,7.71,5,1,0.0051,65,0,35,app_store,0
1461,0.1625,9.62,13,0,0.0885,29,0,16,website,0
1462,0.3505,23.74,26,1,0.1724,68,0,31,website,1
1463,0.3495,91.62,56,0,0.0272,55,0,9,app_store,0
1464,0.1086,16.83,70,2,0.0841,67,0,11,google_play,1
1465,0.3172,37.48,49,1,0.0999,66,0,16,app_store,0
1466,0.1493,15.63,61,1,0.2695,20,0,22,app_store,1
1467,0.197,80.64,53,1,0.2032,69,0,42,app_store,1
1468,0.3158,25.26,60,2,0.8568,37,0,1,google_play,1
1469,0.4414,10.5,24,1,0.2788,21,0,38,app_store,0
1470,0.1205,13.86,15,0,0.624,51,0,38,app_store,0
1471,0.4411,13.1,63,1,0.1525,51,0,18,referral,0
1472,0.3445,26.61,52,0,0.0624,51,0,43,website,1
1473,0.3174,15.07,26,0,0.3353,66,0,25,app_store,0
1474,0.2201,17.35,12,3,0.1122,51,0,4,google_play,0
1475,0.3241,95.81,40,0,0.1072,28,0,19,google_play,0
1476,0.1343,16.27,49,0,0.2127,29,1,34,google_play,1
1477,0.2135,27.76,13,1,0.1023,51,0,21,website,0
1478,0.4419,20.27,86,1,0.389,51,0,4,app_store,1
1479,0.3378,23.7,64,0,0.1442,63,0,42,google_play,0
1480,0.358,39.13,64,1,0.0493,37,0,33,app_store,0
1481,0.7704,5.27,15,0,0.3408,26,1,8,referral,0
1482,0.2022,27.25,68,0,0.138,54,0,7,website,1
1483,0.3704,18.85,52,0,0.2706,22,1,12,google_play,1
1484,0.1153,27.74,60,1,0.0729,52,0,17,referral,1
1485,0.539,21.28,74,1,0.1733,26,0,40,website,0
1486,0.2545,21.41,46,0,0.2587,48,0,22,website,1
1487,0.2914,30.17,53,0,0.0534,27,0,35,website,0
1488,0.0563,16.69,10,0,0.1003,35,0,8,app_store,1
1489,0.2543,97.22,54,2,0.2619,63,0,42,google_play,1
1490,0.1166,12.51,80,1,0.1542,40,0,6,website,1
1491,0.6379,67.18,79,0,0.1017,25,1,33,app_store,0
1492,0.2436,10.29,15,1,0.3091,40,1,5,website,0
1493,0.1495,20.4,89,1,0.3878,25,0,31,google_play,1
1494,0.2527,30.49,37,2,0.7418,54,0,42,google_play,1
1495,0.171,12.77,17,1,0.1042,37,0,24,referral,0
1496,0.0177,12.17,50,0,0.202,42,0,7,google_play,1
1497,0.2683,20.15,42,1,0.3411,37,1,16,website,0
1498,0.12,45.93,38,0,0.197,41,0,12,website,0
1499,0.2732,25.98,32,0,0.0958,32,1,46,app_store,0
1500,0.5198,92.42,68,0,0.0308,46,0,5,google_play,0
1501,0.4247,36.43,6,0,0.2447,30,0,11,app_store,0
1502,0.4853,17.81,41,2,0.0602,18,0,41,website,1
1503,0.3141,3.72,33,0,0.1707,50,1,19,app_store,0
1504,0.2619,8.28,61,0,0.1904,53,0,17,website,0
1505,0.0878,20.37,62,0,0.1376,42,0,47,google_play,1
1506,0.3572,8.2,84,0,0.1289,24,0,45,app_store,0
1507,0.5154,21.44,76,2,0.1284,39,0,21,website,1
1508,0.2942,28.68,82,0,0.3317,18,0,20,app_store,1
1509,0.7279,19.99,74,0,0.2695,65,0,30,google_play,1
1510,0.2969,20.29,59,0,0.048,67,0,18,website,0
1511,0.4783,96.58,1,0,0.1005,52,0,40,website,0
1512,0.201,25.69,77,1,0.2807,54,0,41,app_store,1
1513,0.2031,22.28,35,2,0.1153,24,0,8,google_play,0
1514,0.1774,12.23,32,1,0.1623,47,0,4,app_store,0
1515,0.1627,24.48,85,0,0.1001,38,0,3,website,1
1516,0.5049,17.55,46,0,0.1079,25,0,5,website,0
1517,0.0861,86.59,49,1,0.1877,45,1,7,website,1
1518,0.1424,36.55,28,0,0.0649,56,1,4,website,0
1519,0.6565,66.31,88,0,0.1271,41,0,43,website,1
1520,0.4456,28.39,33,0,0.022,25,0,9,google_play,0
1521,0.2278,58.68,30,0,0.0347,63,0,41,app_store,0
1522,0.3306,12.18,68,2,0.2605,49,1,40,app_store,1
1523,0.2466,29.22,35,0,0.1977,22,0,19,google_play,0
1524,0.4533,13.35,84,2,0.2556,35,0,16,referral,1
1525,0.1629,18.03,41,1,0.1697,26,0,37,referral,0
1526,0.143,25.26,61,2,0.3255,57,0,43,google_play,1
1527,0.2115,12.55,76,1,0.1753,63,0,10,app_store,1
1528,0.493,8.82,87,0,0.2398,56,0,32,google_play,0
1529,0.0966,48.84,26,0,0.1736,50,0,17,google_play,0
1530,0.4404,7.57,32,1,0.7253,46,0,44,website,1
1531,0.2648,80.08,39,0,0.033,20,0,35,referral,0
1532,0.1782,13.86,43,0,0.0405,24,0,14,referral,0
1533,0.5069,36.47,70,0,0.1297,48,0,13,website,0
1534,0.1386,38.0,88,1,0.1798,44,0,44,app_store,1
1535,0.4473,11.31,29,2,0.4925,68,1,12,google_play,1
1536,0.4233,33.85,0,0,0.0386,58,0,28,referral,1
1537,0.2749,27.66,36,1,0.1998,54,0,40,website,1
1538,0.728,38.16,8,1,0.1225,65,0,45,google_play,0
1539,0.1099,57.21,79,1,0.2512,26,0,23,google_play,1
1540,0.1623,43.36,69,0,0.1012,68,0,26,google_play,0
1541,0.3729,13.36,31,0,0.1231,35,1,9,referral,0
1542,0.5006,22.3,39,0,0.0227,31,0,3,google_play,0
1543,0.6098,13.78,49,0,0.3572,44,1,6,app_store,1
1544,0.5166,16.39,66,1,0.2516,69,0,27,app_store,1
1545,0.392,34.52,6,1,0.0428,21,0,10,google_play,0
1546,0.5375,37.47,34,0,0.4683,22,0,36,google_play,0
1547,0.0742,36.87,85,0,0.1221,26,0,17,website,1
1548,0.145,30.01,36,2,0.1117,54,0,37,app_store,0
1549,0.0915,33.4,59,1,0.0675,37,0,19,website,1
1550,0.2911,17.84,22,0,0.1944,36,0,21,app_store,0
1551,0.3685,63.17,86,2,0.1459,55,0,17,website,1
1552,0.1207,39.16,56,1,0.0428,25,0,10,referral,1
1553,0.3805,24.17,73,0,0.0506,27,1,19,website,0
1554,0.2652,53.97,89,0,0.1451,37,0,9,app_store,1
1555,0.2641,17.11,68,1,0.1991,41,0,42,website,0
1556,0.3254,26.67,17,0,0.0333,24,1,26,referral,0
1557,0.2739,45.9,12,0,0.1792,45,0,19,app_store,0
1558,0.2548,10.46,26,1,0.0929,41,0,7,google_play,0
1559,0.0795,116.27,43,0,0.3945,45,1,46,referral,0
1560,0.1116,16.25,29,0,0.2957,57,1,3,app_store,1
1561,0.0747,17.87,1,0,0.0196,65,0,43,google_play,1
1562,0.1574,24.88,10,1,0.2558,67,1,36,website,1
1563,0.4323,41.18,50,0,0.0282,54,1,43,app_store,0
1564,0.1449,44.03,1,1,0.0163,46,0,12,google_play,0
1565,0.2118,70.06,86,1,0.0834,62,0,31,website,0
1566,0.3368,23.46,23,0,0.2214,18,0,38,google_play,0
1567,0.2705,30.91,34,0,0.1316,68,0,11,website,0
1568,0.1897,8.36,26,0,0.465,38,0,12,google_play,1
1569,0.3529,11.59,31,0,0.5182,65,0,46,app_store,1
1570,0.3296,23.01,57,1,0.4329,20,1,25,google_play,1
1571,0.4416,31.52,25,0,0.1221,62,0,31,website,1
1572,0.1775,23.75,45,1,0.0321,60,0,8,referral,0
1573,0.1919,35.41,51,0,0.2513,47,0,36,referral,1
1574,0.2682,23.58,74,0,0.2248,22,0,5,google_play,0
1575,0.1616,20.83,81,1,0.4233,26,0,30,referral,1
1576,0.0328,131.65,20,0,0.0443,48,0,8,referral,0
1577,0.3416,20.4,52,2,0.1175,27,0,37,referral,0
1578,0.5308,49.83,7,1,0.1322,43,1,1,app_store,0
1579,0.2442,9.84,67,1,0.441,46,0,6,app_store,1
1580,0.2539,26.74,37,0,0.1858,45,1,6,google_play,0
1581,0.1734,15.3,33,0,0.1346,43,1,1,website,0
1582,0.5089,98.1,75,0,0.4817,38,0,9,google_play,1
1583,0.056,16.6,33,1,0.0389,43,0,42,app_store,0
1584,0.482,24.01,25,0,0.2072,53,0,10,app_store,0
1585,0.4781,13.78,21,1,0.1644,23,1,8,website,0
1586,0.2592,13.22,60,0,0.1229,22,0,10,website,1
1587,0.171,23.26,8,0,0.1738,52,0,26,google_play,0
1588,0.4089,31.62,82,0,0.0148,45,0,30,app_store,0
1589,0.3993,51.44,75,0,0.3882,59,0,38,app_store,1
1590,0.3019,16.36,9,0,0.0339,67,0,44,website,0
1591,0.0694,16.17,65,2,0.1469,48,0,24,referral,1
1592,0.5554,60.32,0,1,0.4149,37,0,20,referral,1
1593,0.2276,74.87,11,0,0.0091,53,0,13,google_play,1
1594,0.3478,23.13,56,1,0.5274,62,1,38,website,1
1595,0.0501,33.99,48,0,0.4037,43,1,25,google_play,1
1596,0.0633,78.94,74,0,0.2461,60,1,34,app_store,1
1597,0.0855,156.68,56,0,0.044,48,0,34,app_store,1
1598,0.359,32.89,5,0,0.1656,52,0,30,website,0
1599,0.4906,41.57,77,1,0.2516,24,0,1,app_store,0
1600,0.0619,26.92,29,3,0.3033,43,0,44,app_store,1
1601,0.2864,8.71,12,1,0.0537,23,0,19,app_store,0
1602,0.5257,31.27,35,0,0.0403,31,0,30,google_play,0
1603,0.0393,64.06,10,0,0.0892,34,1,36,website,0
1604,0.5448,14.48,22,1,0.0521,26,1,19,referral,0
1605,0.1848,6.7,23,0,0.1027,42,1,8,google_play,0
1606,0.5636,37.1,82,1,0.2077,53,0,19,website,0
1607,0.2068,7.17,21,0,0.2412,31,0,17,website,1
1608,0.322,8.16,50,0,0.1421,45,0,17,website,0
1609,0.2466,7.81,13,0,0.4776,57,0,30,referral,0
1610,0.1579,6.04,11,0,0.1337,52,0,32,google_play,0
1611,0.1477,51.43,78,2,0.1929,53,0,11,referral,0
1612,0.2176,27.03,35,1,0.1339,36,0,37,website,0
1613,0.3203,103.51,89,0,0.2461,40,1,19,google_play,1
1614,0.4907,41.03,20,0,0.388,64,0,13,google_play,0
1615,0.2199,103.86,58,0,0.0274,30,0,33,google_play,0
1616,0.5488,15.63,1,0,0.1072,58,0,42,google_play,0
1617,0.508,31.62,68,0,0.4419,33,0,47,google_play,0
1618,0.3093,10.06,77,1,0.088,42,0,16,google_play,0
1619,0.2614,20.2,47,0,0.3345,25,0,34,google_play,0
1620,0.3718,66.97,63,2,0.3016,38,0,6,app_store,1
1621,0.1065,23.85,56,0,0.0998,20,0,27,google_play,0
1622,0.111,20.81,45,2,0.2017,47,0,18,website,1
1623,0.2204,24.15,76,0,0.2913,21,0,27,referral,1
1624,0.2197,27.13,69,0,0.0416,67,0,12,referral,0
1625,0.3463,27.15,79,0,0.1829,19,0,15,google_play,0
1626,0.2209,62.37,21,0,0.3966,47,0,28,app_store,0
1627,0.5827,14.81,29,1,0.3903,57,0,30,app_store,0
1628,0.0937,21.23,8,1,0.2372,36,0,15,referral,0
1629,0.3187,26.27,71,0,0.184,23,1,26,app_store,0
1630,0.2194,13.03,35,0,0.0412,48,0,17,google_play,0
1631,0.4899,17.94,1,0,0.1949,46,0,40,website,0
1632,0.6252,41.95,88,0,0.3515,33,0,43,website,1
1633,0.1192,13.78,10,1,0.1474,32,0,24,app_store,1
1634,0.0535,171.0,85,0,0.1855,37,1,24,website,1
1635,0.2024,77.14,26,0,0.1464,19,0,42,app_store,1
1636,0.2884,27.77,55,1,0.2531,40,0,31,google_play,1
1637,0.1341,36.71,44,0,0.068,62,0,39,app_store,1
1638,0.1979,42.07,43,2,0.0242,49,0,41,app_store,0
1639,0.227,36.31,20,0,0.4153,67,0,19,website,0
1640,0.4848,26.23,39,0,0.0785,54,0,47,referral,0
1641,0.0951,168.39,78,1,0.1703,56,1,22,google_play,0
1642,0.1588,14.84,29,0,0.137,43,0,27,app_store,0
1643,0.1738,18.71,48,0,0.1563,59,0,16,referral,0
1644,0.3015,25.81,81,0,0.5829,37,0,5,website,1
1645,0.4695,38.53,37,1,0.1082,62,0,40,google_play,0
1646,0.2516,100.31,88,0,0.275,48,0,36,website,0
1647,0.1926,24.5,71,1,0.1178,22,0,1,google_play,0
1648,0.0897,36.78,54,0,0.0997,42,0,7,google_play,0
1649,0.292,32.13,63,0,0.2576,44,0,13,google_play,1
1650,0.1946,23.15,68,2,0.1404,57,1,25,google_play,0
1651,0.1455,58.51,67,0,0.0714,41,0,46,google_play,0
1652,0.1917,33.11,23,4,0.1246,48,0,36,referral,1
1653,0.15,49.01,29,0,0.0564,62,0,18,app_store,0
1654,0.1345,19.98,83,1,0.1614,47,0,11,google_play,0
1655,0.1641,16.8,28,0,0.2164,22,0,18,app_store,1
1656,0.1917,19.29,64,1,0.1542,23,0,10,app_store,1
1657,0.1656,30.24,27,0,0.2003,34,0,36,google_play,0
1658,0.4122,53.64,31,1,0.4205,23,0,34,app_store,0
1659,0.2423,106.45,71,1,0.4968,62,0,17,google_play,1
1660,0.0956,27.73,57,0,0.1892,41,0,4,website,1
1661,0.1246,90.41,34,0,0.0768,69,0,13,referral,0
1662,0.1396,38.03,55,2,0.0659,38,0,10,website,1
1663,0.8611,15.37,11,2,0.0184,28,0,29,app_store,1
1664,0.1907,26.66,27,1,0.051,68,0,41,app_store,0
1665,0.2617,42.03,45,1,0.0599,26,0,27,website,0
1666,0.0508,44.37,75,4,0.0762,29,0,38,referral,1
1667,0.2008,17.54,18,0,0.1675,32,0,34,referral,0
1668,0.5274,19.12,37,0,0.0281,27,0,15,website,0
1669,0.1677,19.4,51,1,0.3378,54,0,34,referral,1
1670,0.5165,21.36,22,0,0.6818,58,0,20,app_store,0
1671,0.1258,30.38,47,0,0.1054,47,0,46,app_store,0
1672,0.2482,91.99,62,1,0.4674,61,0,29,website,1
1673,0.2644,18.27,24,0,0.1976,25,0,6,app_store,0
1674,0.1536,7.79,20,1,0.245,47,0,42,referral,0
1675,0.2746,7.44,83,0,0.6048,32,0,41,app_store,1
1676,0.4032,43.46,63,0,0.1297,56,0,25,website,0
1677,0.4157,16.75,39,1,0.2531,30,0,15,referral,0
1678,0.561,29.63,29,0,0.1495,26,0,4,google_play,0
1679,0.2373,14.95,47,2,0.1373,44,0,9,referral,0
1680,0.434,22.11,76,0,0.3992,58,0,19,website,1
1681,0.1734,19.54,64,1,0.3866,26,1,25,website,1
1682,0.5977,15.17,46,0,0.0157,45,1,10,google_play,0
1683,0.1242,58.29,57,2,0.3227,55,0,42,app_store,1
1684,0.3769,61.37,12,1,0.1362,31,0,32,website,0
1685,0.2063,38.39,3,1,0.071,18,0,45,referral,0
1686,0.1555,102.59,64,0,0.2313,35,0,34,app_store,1
1687,0.1076,9.77,44,3,0.1379,23,1,27,referral,1
1688,0.4327,21.16,81,1,0.4744,23,0,25,google_play,0
1689,0.1112,19.21,81,0,0.0624,32,0,11,website,1
1690,0.467,40.31,87,0,0.166,55,0,43,app_store,0
1691,0.3988,10.15,80,1,0.336,36,0,13,google_play,1
1692,0.2572,39.14,54,1,0.121,59,1,5,app_store,1
1693,0.5846,8.93,11,0,0.1927,31,0,30,website,0
1694,0.4072,41.41,58,0,0.1304,20,0,45,app_store,1
1695,0.059,55.06,26,0,0.0334,51,1,37,google_play,0
1696,0.3109,11.11,76,0,0.1002,46,0,19,website,0
1697,0.3815,18.97,24,0,0.0711,29,0,7,app_store,0
1698,0.2032,56.44,79,0,0.2266,18,0,46,website,1
1699,0.2655,65.0,82,1,0.0755,21,1,5,app_store,1
1700,0.3457,9.03,42,0,0.0786,48,0,26,app_store,0
1701,0.2491,31.93,87,0,0.2455,26,0,37,website,1
1702,0.1763,38.77,35,2,0.1481,40,0,40,app_store,1
1703,0.1133,24.37,39,0,0.1784,36,0,8,google_play,1
1704,0.5666,67.04,82,2,0.7619,35,0,35,website,1
1705,0.2237,16.73,62,1,0.0495,34,0,27,google_play,0
1706,0.3614,18.35,16,2,0.1093,22,0,5,website,1
1707,0.2055,15.47,15,0,0.03,28,0,5,app_store,0
1708,0.4443,29.13,46,1,0.1055,67,0,39,referral,0
1709,0.2399,20.33,59,0,0.2161,33,0,27,google_play,1
1710,0.4853,45.18,50,1,0.1531,44,1,46,website,0
1711,0.301,19.24,4,1,0.2341,21,0,30,google_play,0
1712,0.0561,21.84,14,0,0.0648,29,0,45,google_play,0
1713,0.1571,29.28,7,1,0.3798,35,0,36,website,1
1714,0.2732,14.24,70,0,0.13,43,1,1,referral,0
1715,0.2633,51.87,35,1,0.7976,65,0,33,app_store,1
1716,0.455,41.15,33,0,0.1473,33,0,18,referral,0
1717,0.4358,40.22,77,1,0.0622,53,1,27,referral,0
1718,0.304,12.47,87,2,0.6786,47,0,2,app_store,0
1719,0.1959,75.15,1,0,0.803,27,0,47,google_play,0
1720,0.0843,6.97,79,2,0.1414,50,0,38,google_play,1
1721,0.1491,42.77,29,2,0.5154,52,0,7,app_store,1
1722,0.169,28.1,69,0,0.3054,56,1,44,app_store,1
1723,0.1945,40.67,57,0,0.2658,63,0,18,referral,1
1724,0.2236,21.93,12,0,0.2782,26,0,23,app_store,0
1725,0.1216,27.05,27,0,0.0145,49,0,3,app_store,0
1726,0.2935,41.62,35,1,0.1636,41,0,31,google_play,0
1727,0.072,25.49,0,0,0.3621,38,0,46,referral,0
1728,0.1315,29.66,34,1,0.4909,68,0,37,google_play,1
1729,0.236,30.34,47,0,0.2669,19,0,30,google_play,0
1730,0.1255,118.52,54,1,0.2399,27,0,36,google_play,1
1731,0.0809,8.34,11,0,0.1232,44,0,42,website,1
1732,0.5685,63.23,64,2,0.1076,50,0,18,website,1
1733,0.3162,35.03,28,3,0.061,51,0,10,app_store,0
1734,0.1734,32.12,46,0,0.4124,40,0,5,app_store,1
1735,0.4053,10.48,80,0,0.065,55,0,1,app_store,0
1736,0.415,57.18,44,1,0.0804,28,0,15,app_store,0
1737,0.2626,11.54,53,0,0.1598,36,0,17,website,1
1738,0.4275,71.53,81,2,0.0113,61,0,2,website,0
1739,0.1401,17.44,65,2,0.1141,40,0,10,website,1
1740,0.2644,71.53,33,0,0.0466,61,0,7,website,0
1741,0.4316,15.53,14,2,0.0737,21,0,27,google_play,1
1742,0.1946,13.27,38,1,0.6083,41,1,39,app_store,0
1743,0.5566,23.81,67,1,0.1762,50,1,22,google_play,0
1744,0.1894,15.15,37,0,0.2026,67,0,34,app_store,0
1745,0.2078,21.59,15,0,0.3562,60,0,6,app_store,0
1746,0.1738,82.93,4,0,0.3318,48,0,34,website,0
1747,0.2117,17.29,78,1,0.2274,23,0,29,app_store,1
1748,0.1094,28.77,20,0,0.4584,39,1,8,google_play,1
1749,0.3032,77.6,62,1,0.7221,64,0,39,website,1
1750,0.3688,30.09,75,0,0.0789,42,0,44,google_play,0
1751,0.1936,56.0,60,0,0.0448,26,0,28,website,0
1752,0.584,37.59,3,0,0.1915,39,0,7,referral,0
1753,0.3445,51.24,19,0,0.1524,42,0,29,google_play,1
1754,0.0422,24.29,8,2,0.2416,23,0,24,google_play,1
1755,0.2485,38.26,38,3,0.4618,56,0,6,app_store,1
1756,0.561,90.26,77,1,0.1887,55,0,47,google_play,0
1757,0.1479,20.19,3,0,0.047,30,0,13,website,0
1758,0.0607,34.12,38,0,0.1945,51,0,22,google_play,1
1759,0.5409,15.83,31,1,0.2629,69,1,44,website,0
1760,0.2802,52.59,52,0,0.0755,56,0,37,referral,0
1761,0.3319,7.9,2,0,0.1044,68,1,36,website,0
1762,0.0669,20.68,56,1,0.1868,19,0,25,app_store,0
1763,0.338,51.46,0,0,0.2219,59,1,42,google_play,0
1764,0.1933,22.86,37,0,0.7478,18,1,2,website,0
1765,0.2419,7.26,16,1,0.4327,62,0,30,website,0
1766,0.5763,14.83,31,0,0.0758,64,0,39,website,0
1767,0.1897,15.75,60,0,0.2321,31,0,42,google_play,1
1768,0.3325,76.5,76,0,0.0629,58,0,37,google_play,0
1769,0.3125,44.21,21,0,0.0985,69,0,35,app_store,0
1770,0.4603,47.48,33,0,0.1729,31,0,8,app_store,0
1771,0.118,10.73,81,1,0.037,29,0,4,app_store,0
1772,0.2252,25.47,87,1,0.2026,68,0,45,website,1
1773,0.061,75.49,49,0,0.0399,39,1,39,referral,0
1774,0.2153,47.55,45,0,0.0352,44,0,24,app_store,1
1775,0.2592,17.8,40,1,0.0938,27,0,17,google_play,0
1776,0.3025,44.01,84,0,0.1031,42,0,27,website,0
1777,0.2067,10.33,38,0,0.0426,45,1,27,app_store,0
1778,0.2569,13.93,35,1,0.0808,62,0,35,app_store,0
1779,0.4358,6.79,40,1,0.041,69,0,11,app_store,1
1780,0.1756,23.47,77,1,0.0743,21,0,16,google_play,1
1781,0.0864,39.56,18,0,0.4418,53,0,13,website,1
1782,0.1564,12.93,0,2,0.0804,49,0,17,website,1
1783,0.303,23.81,37,0,0.2446,54,0,4,app_store,0
1784,0.1621,14.11,44,1,0.1664,53,0,10,google_play,0
1785,0.2727,16.78,1,0,0.3221,46,0,13,google_play,1
1786,0.2147,12.2,49,1,0.1268,67,0,4,google_play,0
1787,0.4508,60.52,37,1,0.0655,31,0,28,app_store,0
1788,0.2659,15.65,57,0,0.4375,56,0,27,google_play,1
1789,0.3636,21.32,34,0,0.146,18,0,5,app_store,0
1790,0.537,17.57,2,0,0.1715,52,1,18,website,0
1791,0.1176,31.65,3,0,0.1977,50,0,17,app_store,1
1792,0.2408,145.1,51,1,0.1478,43,0,44,google_play,0
1793,0.2905,178.48,54,0,0.0437,30,1,22,app_store,0
1794,0.2875,21.78,21,2,0.1673,38,0,24,app_store,1
1795,0.2755,34.02,70,0,0.3407,22,0,13,google_play,1
1796,0.0813,49.81,39,0,0.2825,25,0,29,referral,0
1797,0.1763,61.2,17,1,0.1736,59,0,32,google_play,0
1798,0.3683,39.67,38,2,0.4682,21,1,12,app_store,0
1799,0.1117,55.14,41,2,0.215,57,1,22,app_store,1
1800,0.3953,33.94,9,1,0.2816,50,1,44,google_play,0
1801,0.356,16.37,82,1,0.0278,44,0,39,referral,0
1802,0.1996,54.9,33,0,0.6493,42,1,4,website,0
1803,0.2699,28.03,80,1,0.1139,57,0,46,referral,0
1804,0.2346,32.15,25,3,0.0039,60,0,20,google_play,0
1805,0.3001,9.86,23,1,0.1155,50,1,45,referral,0
1806,0.1086,14.85,16,1,0.3404,60,0,19,app_store,1
1807,0.2972,19.45,19,0,0.0358,53,0,39,website,0
1808,0.3727,36.82,61,1,0.1213,58,0,33,referral,0
1809,0.2932,89.47,19,2,0.1952,37,1,22,referral,0
1810,0.2284,43.91,6,2,0.3722,58,0,33,website,1
1811,0.2761,22.4,53,0,0.4559,50,0,32,app_store,1
1812,0.2459,12.74,63,2,0.0249,40,0,17,google_play,0
1813,0.4928,60.94,75,0,0.23,52,1,28,app_store,1
1814,0.2705,31.81,45,3,0.2692,64,0,31,app_store,1
1815,0.2727,2.71,21,0,0.2476,25,1,47,referral,0
1816,0.3998,52.78,81,1,0.6258,28,0,17,referral,1
1817,0.1514,33.05,57,1,0.449,64,1,9,google_play,1
1818,0.195,5.65,87,1,0.2562,38,0,42,app_store,1
1819,0.2184,39.33,63,0,0.2934,51,1,31,website,1
1820,0.5282,26.99,33,0,0.3236,40,0,24,referral,0
1821,0.2962,10.13,12,3,0.5395,36,1,30,google_play,1
1822,0.2212,105.99,57,0,0.2207,43,0,26,google_play,1
1823,0.1857,34.57,8,1,0.248,39,0,36,website,1
1824,0.189,18.11,74,0,0.2777,44,0,13,referral,0
1825,0.127,14.69,7,0,0.13,35,1,6,google_play,1
1826,0.2914,22.23,24,2,0.1538,25,0,38,google_play,0
1827,0.2625,22.74,40,1,0.0143,59,0,7,google_play,1
1828,0.0814,38.03,84,0,0.0197,32,0,8,google_play,0
1829,0.5266,21.48,23,0,0.0039,35,0,43,google_play,0
1830,0.2265,19.02,32,1,0.2792,19,0,34,google_play,0
1831,0.4117,28.37,32,1,0.1793,53,0,18,app_store,0
1832,0.1933,18.71,11,0,0.473,68,1,10,google_play,0
1833,0.3596,23.41,87,1,0.2716,20,0,40,referral,0
1834,0.0561,66.79,42,0,0.4529,41,0,18,app_store,0
1835,0.3694,18.1,29,1,0.3867,45,0,10,referral,1
1836,0.386,22.46,66,0,0.265,60,0,36,google_play,1
1837,0.1654,14.37,29,1,0.0125,42,0,3,google_play,0
1838,0.1317,53.18,89,1,0.1944,66,0,39,google_play,1
1839,0.2358,7.52,66,1,0.1182,26,0,19,website,0
1840,0.3028,13.72,10,0,0.1485,27,0,9,referral,0
1841,0.1911,40.43,84,2,0.0653,47,1,7,app_store,0
1842,0.0527,22.08,19,0,0.1391,31,0,15,google_play,1
1843,0.1811,45.51,58,1,0.0448,63,0,46,website,0
1844,0.2227,21.43,4,1,0.4272,60,0,12,referral,0
1845,0.2592,15.33,69,1,0.2637,35,0,16,website,1
1846,0.3199,22.52,77,1,0.2665,56,0,19,website,1
1847,0.3998,9.93,20,1,0.0702,28,0,21,app_store,0
1848,0.6066,13.76,21,0,0.1832,51,0,40,google_play,0
1849,0.2756,46.47,16,0,0.1191,53,0,35,google_play,0
1850,0.4028,20.47,11,0,0.2327,59,0,6,google_play,0
1851,0.1288,24.02,89,0,0.5266,68,0,13,app_store,1
1852,0.1048,26.77,50,0,0.2361,62,0,31,website,1
1853,0.4699,8.18,86,0,0.048,69,0,6,referral,0
1854,0.1484,8.24,7,0,0.0366,52,0,41,app_store,0
1855,0.3866,32.04,30,0,0.1361,46,0,23,website,0
1856,0.0273,18.41,68,0,0.1384,39,0,15,referral,1
1857,0.4919,21.03,72,0,0.1733,24,0,29,referral,0
1858,0.075,37.74,56,2,0.0774,21,0,33,google_play,1
1859,0.4513,12.75,25,0,0.0423,48,0,5,website,0
1860,0.2283,16.5,17,0,0.1819,40,0,47,google_play,0
1861,0.3777,19.17,4,0,0.2083,63,0,22,website,1
1862,0.2693,31.05,79,0,0.2802,45,0,13,google_play,1
1863,0.294,19.08,62,0,0.4663,43,0,18,website,1
1864,0.1939,15.75,57,0,0.0639,58,0,40,google_play,0
1865,0.3601,80.28,48,0,0.0696,22,0,22,google_play,0
1866,0.5769,25.23,50,0,0.0286,18,0,3,app_store,0
1867,0.3968,38.8,4,0,0.0371,61,0,16,app_store,0
1868,0.1739,6.91,21,0,0.2747,69,0,20,referral,0
1869,0.376,9.96,38,0,0.0614,64,0,3,referral,0
1870,0.1315,36.97,36,0,0.1872,62,0,34,app_store,1
1871,0.1346,20.73,52,0,0.396,66,0,22,referral,1
1872,0.232,18.72,33,1,0.1679,50,0,3,google_play,0
1873,0.2215,12.61,35,0,0.1118,39,0,4,google_play,0
1874,0.2543,48.52,17,0,0.278,59,0,32,google_play,0
1875,0.3,38.79,3,2,0.3142,22,1,14,website,0
1876,0.4074,23.44,73,1,0.1316,48,1,16,referral,0
1877,0.2763,29.14,84,0,0.0943,66,0,7,app_store,0
1878,0.4398,19.82,68,0,0.1287,47,0,3,google_play,1
1879,0.5965,15.2,83,0,0.2581,62,0,2,website,0
1880,0.4449,17.06,55,0,0.2859,19,0,46,referral,1
1881,0.3328,41.89,79,0,0.4603,25,0,8,app_store,1
1882,0.2557,18.61,37,1,0.0918,35,0,24,google_play,1
1883,0.5274,25.54,62,1,0.0524,61,0,45,app_store,0
1884,0.2716,18.16,27,1,0.1434,29,0,6,website,1
1885,0.3486,47.36,81,0,0.1743,25,0,2,app_store,0
1886,0.4486,15.56,66,0,0.0425,21,0,32,google_play,0
1887,0.2018,71.45,76,0,0.0827,37,0,45,app_store,0
1888,0.0713,16.42,1,1,0.3039,26,0,24,website,1
1889,0.2867,16.43,49,0,0.561,52,0,17,website,1
1890,0.3527,99.72,53,0,0.1498,40,1,12,app_store,0
1891,0.2616,11.63,46,1,0.1531,58,0,8,referral,0
1892,0.6433,23.9,40,0,0.3507,69,0,45,website,0
1893,0.2851,49.81,55,0,0.0586,24,0,9,referral,0
1894,0.4302,8.33,20,0,0.473,59,0,3,website,0
1895,0.3314,29.39,25,1,0.0339,69,0,12,referral,0
1896,0.0821,8.35,89,1,0.053,34,1,37,app_store,1
1897,0.0777,25.17,10,1,0.2257,68,0,22,app_store,1
1898,0.5235,102.02,80,0,0.0448,19,0,25,website,1
1899,0.2996,4.73,83,1,0.0505,23,0,9,google_play,0
1900,0.2433,23.27,45,0,0.4137,56,0,29,google_play,0
1901,0.2646,17.84,44,0,0.4224,23,0,23,app_store,0
1902,0.199,12.12,77,0,0.048,61,0,13,app_store,1
1903,0.4696,8.41,7,0,0.3272,56,0,11,app_store,1
1904,0.4331,52.95,70,0,0.0683,23,1,45,website,0
1905,0.1966,28.17,85,1,0.5245,28,0,39,app_store,1
1906,0.3396,6.68,29,0,0.0182,64,0,25,website,0
1907,0.4948,12.69,72,2,0.0256,62,0,45,app_store,0
1908,0.3139,16.71,44,0,0.2322,54,0,10,referral,1
1909,0.0979,8.17,58,1,0.097,63,0,45,referral,1
1910,0.3068,26.09,88,0,0.4696,67,0,18,app_store,1
1911,0.1865,29.33,89,0,0.1055,54,0,27,website,0
1912,0.5076,29.04,36,0,0.0283,56,0,32,website,0
1913,0.5113,100.94,73,1,0.1972,60,0,34,referral,0
1914,0.4424,12.7,25,0,0.526,20,0,29,google_play,0
1915,0.2936,17.62,7,0,0.1372,44,1,5,app_store,0
1916,0.2333,16.96,63,2,0.3701,26,0,40,app_store,1
1917,0.5925,44.62,64,0,0.0137,39,0,25,app_store,0
1918,0.0602,41.33,39,2,0.2095,23,0,21,google_play,1
1919,0.1846,11.12,10,1,0.0599,45,0,8,website,1
1920,0.2862,67.47,3,0,0.1214,37,0,33,google_play,0
1921,0.3728,12.99,69,0,0.2183,44,0,35,website,0
1922,0.2563,44.6,11,1,0.1009,62,0,37,website,0
1923,0.316,42.76,24,0,0.4019,23,0,38,website,0
1924,0.0936,32.41,25,0,0.7775,27,0,26,website,1
1925,0.2615,19.48,31,1,0.7051,53,1,15,website,1
1926,0.6132,19.73,13,0,0.1829,53,0,19,referral,0
1927,0.5625,34.36,74,1,0.141,41,0,47,referral,0
1928,0.3537,35.46,43,0,0.3601,54,0,18,google_play,0
1929,0.124,40.31,11,1,0.2073,26,0,37,referral,1
1930,0.1972,40.32,64,0,0.0337,66,0,11,website,0
1931,0.1628,31.18,84,0,0.0849,28,0,17,google_play,0
1932,0.3066,65.98,15,1,0.2984,67,0,24,app_store,0
1933,0.1846,16.12,11,1,0.2818,18,0,40,app_store,1
1934,0.1004,25.27,87,0,0.1542,68,0,21,referral,1
1935,0.2878,16.6,2,1,0.1156,60,0,11,website,1
1936,0.5507,135.71,52,0,0.5145,64,0,29,google_play,1
1937,0.11,41.89,2,1,0.2088,53,0,41,website,1
1938,0.4249,49.87,7,1,0.2313,66,0,39,referral,1
1939,0.3068,33.53,72,0,0.3714,28,0,36,referral,0
1940,0.5642,23.58,15,0,0.0877,19,0,5,website,0
1941,0.1029,159.1,43,0,0.4331,27,0,33,google_play,0
1942,0.2555,57.45,55,1,0.4562,49,0,35,website,1
1943,0.5077,19.6,45,0,0.2067,52,0,23,google_play,0
1944,0.378,20.28,45,0,0.3659,18,0,8,website,0
1945,0.3208,28.66,75,1,0.0171,23,0,38,google_play,0
1946,0.1995,16.8,49,1,0.2458,34,0,33,referral,1
1947,0.5884,19.23,46,0,0.0843,47,0,37,website,0
1948,0.3533,8.47,72,0,0.1993,64,0,34,referral,1
1949,0.4294,4.59,86,0,0.0423,32,0,12,website,1
1950,0.5003,97.89,10,1,0.0256,60,0,41,app_store,0
1951,0.3689,17.21,0,0,0.0159,30,0,28,website,0
1952,0.5012,19.83,9,1,0.083,68,0,44,website,0
1953,0.2741,25.75,14,2,0.1578,61,0,27,referral,0
1954,0.5089,39.93,4,1,0.2538,62,0,22,referral,0
1955,0.0654,42.23,70,0,0.2217,68,0,42,website,1
1956,0.5417,50.42,43,0,0.1714,29,1,33,referral,0
1957,0.1084,36.69,82,0,0.124,30,0,43,website,0
1958,0.269,20.34,28,0,0.4599,37,0,34,website,0
1959,0.6715,59.46,63,1,0.0481,66,0,10,google_play,0
1960,0.1579,21.65,42,1,0.1407,51,0,7,google_play,1
1961,0.5503,50.51,26,1,0.3274,65,0,43,website,0
1962,0.2142,8.35,70,0,0.0825,26,0,37,app_store,0
1963,0.1567,61.01,75,2,0.3789,66,0,34,app_store,1
1964,0.2866,13.14,15,0,0.121,63,0,38,website,1
1965,0.3199,8.89,19,0,0.6086,25,0,32,app_store,1
1966,0.2967,9.88,66,3,0.6297,21,0,34,referral,1
1967,0.1483,28.28,39,0,0.0354,68,0,44,google_play,0
1968,0.4128,121.53,48,2,0.0832,21,1,35,website,0
1969,0.2367,21.39,70,0,0.027,32,0,32,website,0
1970,0.216,22.68,67,0,0.316,64,0,42,app_store,1
1971,0.4538,42.01,36,1,0.0547,21,0,9,app_store,0
1972,0.5578,16.39,56,0,0.0066,59,0,17,app_store,0
1973,0.4177,22.09,74,1,0.1703,44,0,18,website,0
1974,0.1856,19.22,12,0,0.2317,37,0,31,app_store,0
1975,0.4694,97.23,54,1,0.0295,19,1,18,app_store,0
1976,0.1324,25.87,39,0,0.3114,41,0,21,google_play,0
1977,0.0819,41.43,77,1,0.2679,21,0,44,app_store,1
1978,0.0894,14.9,25,0,0.1388,34,0,30,website,1
1979,0.14,11.05,21,0,0.5056,56,1,26,website,0
1980,0.327,39.05,68,0,0.3806,64,0,16,referral,0
1981,0.4697,29.28,57,1,0.639,29,0,8,google_play,1
1982,0.177,50.45,17,1,0.2379,68,0,30,website,0
1983,0.4721,13.19,59,0,0.1184,64,0,9,app_store,0
1984,0.0537,23.0,24,1,0.1516,28,0,5,app_store,1
1985,0.408,9.96,37,1,0.052,59,0,23,referral,0
1986,0.1741,17.36,89,1,0.1476,45,0,27,website,1
1987,0.2245,8.92,38,0,0.2564,42,1,3,website,0
1988,0.2723,20.1,83,0,0.1269,65,0,36,app_store,1
1989,0.3024,61.28,82,0,0.1747,64,0,35,app_store,1
1990,0.3164,13.45,59,2,0.0054,56,0,27,app_store,0
1991,0.1367,13.34,19,1,0.3524,69,0,2,app_store,1
1992,0.2874,21.83,57,0,0.1116,42,0,16,website,0
1993,0.1521,21.57,8,0,0.1364,44,0,42,google_play,0
1994,0.0877,42.06,62,1,0.1672,48,0,17,referral,1
1995,0.2958,9.88,46,0,0.1695,19,1,26,google_play,0
1996,0.2686,4.25,89,3,0.1003,61,0,32,website,1
1997,0.0687,25.65,79,0,0.1862,27,0,11,app_store,0
1998,0.1379,80.12,12,0,0.1572,61,1,31,referral,0
1999,0.0651,21.42,87,2,0.1796,26,0,19,website,1
2000,0.5327,32.37,56,1,0.2699,18,0,41,referral,1
2001,0.0981,23.2,80,0,0.4132,18,1,3,app_store,1
2002,0.2721,41.34,78,3,0.2136,24,1,44,referral,1
2003,0.2561,19.96,69,1,0.244,34,0,44,website,1
2004,0.4979,23.3,63,0,0.1353,53,0,44,website,0
2005,0.0459,77.22,9,0,0.2926,46,1,11,referral,1
2006,0.5548,54.64,15,0,0.2098,54,1,4,google_play,0
2007,0.433,15.12,55,0,0.1901,48,0,30,app_store,0
2008,0.327,15.4,89,1,0.4493,34,1,21,app_store,1
2009,0.3361,16.16,58,1,0.2431,42,0,37,app_store,1
2010,0.3183,11.17,60,0,0.1101,30,0,20,website,0
2011,0.1072,16.67,44,0,0.0109,68,1,29,google_play,0
2012,0.2659,22.53,42,0,0.0991,55,0,19,website,0
2013,0.3948,14.28,75,0,0.295,47,0,44,google_play,1
2014,0.3896,35.09,53,0,0.0501,66,0,38,referral,0
2015,0.2557,7.6,88,0,0.0994,32,0,40,referral,0
2016,0.2137,10.74,88,0,0.2157,66,0,31,referral,1
2017,0.2054,38.92,87,2,0.2083,38,0,19,google_play,1
2018,0.0569,92.82,24,0,0.0727,19,0,35,app_store,0
2019,0.3446,29.28,1,0,0.2148,31,0,41,website,0
2020,0.0995,13.68,75,4,0.1961,36,1,37,google_play,1
2021,0.1521,11.26,3,2,0.1908,32,0,23,google_play,1
2022,0.0377,18.87,59,0,0.0049,25,0,33,referral,0
2023,0.1121,59.54,4,0,0.1295,32,0,47,app_store,1
2024,0.178,35.16,85,1,0.1168,36,0,22,app_store,0
2025,0.0851,10.32,28,0,0.0698,20,0,45,app_store,0
2026,0.501,31.62,86,0,0.1099,53,1,36,website,0
2027,0.0437,66.97,67,0,0.1913,41,1,7,app_store,0
2028,0.1799,56.07,5,1,0.0626,69,0,6,google_play,0
2029,0.1023,62.26,51,1,0.0776,28,0,24,app_store,0
2030,0.2359,42.96,2,0,0.0194,32,0,13,google_play,1
2031,0.3258,10.0,43,0,0.1187,65,1,4,app_store,0
2032,0.2669,13.94,64,1,0.3806,39,0,4,referral,1
2033,0.3795,82.9,66,3,0.1835,55,0,28,referral,0
2034,0.5577,19.34,48,0,0.1158,65,0,29,website,0
2035,0.0452,6.5,23,1,0.7216,60,0,25,app_store,1
2036,0.2846,37.5,46,0,0.0902,46,0,35,website,1
2037,0.5813,51.6,89,1,0.2475,42,0,41,website,1
2038,0.1199,23.19,48,1,0.1005,28,0,21,google_play,1
2039,0.1809,36.05,22,1,0.1255,18,0,36,website,1
2040,0.1796,13.74,71,0,0.3701,63,0,18,website,1
2041,0.2607,17.73,33,1,0.077,27,1,44,referral,0
2042,0.1361,6.92,79,3,0.0909,69,0,10,google_play,1
2043,0.3051,11.57,76,1,0.2406,33,0,3,app_store,1
2044,0.2505,67.07,1,2,0.2833,62,0,8,website,1
2045,0.405,2.41,70,1,0.278,39,0,26,app_store,1
2046,0.2731,18.71,69,0,0.2293,24,0,30,google_play,0
2047,0.5982,16.88,13,0,0.6318,36,0,35,website,1
2048,0.1371,37.19,11,0,0.1801,32,0,12,google_play,0
2049,0.5156,5.51,5,3,0.0804,62,1,11,app_store,0
2050,0.0835,14.38,30,1,0.0146,46,0,16,app_store,1
2051,0.1477,16.25,58,0,0.218,35,0,9,website,1
2052,0.342,32.58,86,0,0.1154,67,0,15,google_play,0
2053,0.1413,24.37,62,0,0.1024,22,1,14,referral,1
2054,0.3172,7.7,54,1,0.0749,23,0,7,google_play,0
2055,0.1731,19.35,80,2,0.1887,35,0,3,google_play,1
2056,0.0913,14.24,5,0,0.0864,39,0,6,google_play,0
2057,0.2658,33.94,2,0,0.5182,25,0,33,website,1
2058,0.0817,20.65,7,1,0.2002,54,1,3,app_store,1
2059,0.2068,83.43,78,0,0.3064,65,0,13,website,1
2060,0.1908,15.41,28,1,0.0614,31,1,27,website,0
2061,0.4848,16.49,30,0,0.3335,49,1,1,app_store,0
2062,0.2532,16.9,41,0,0.1049,69,0,27,app_store,0
2063,0.5057,21.43,32,0,0.2968,20,0,33,app_store,0
2064,0.1492,44.22,86,1,0.1269,57,0,35,website,0
2065,0.5592,18.0,58,1,0.1938,19,0,29,app_store,0
2066,0.3308,18.6,63,0,0.1715,49,0,24,google_play,0
2067,0.1608,31.5,77,1,0.3436,62,1,10,referral,1
2068,0.1659,12.65,57,0,0.34,30,0,37,website,1
2069,0.2725,38.15,37,1,0.1853,63,0,42,website,1
2070,0.3637,18.83,43,2,0.1112,32,0,12,google_play,1
2071,0.1266,13.04,0,0,0.4103,47,0,9,app_store,0
2072,0.527,6.77,29,0,0.2081,52,0,14,app_store,0
2073,0.1046,11.34,58,0,0.1853,36,0,44,google_play,1
2074,0.0659,21.23,23,0,0.1397,66,0,43,referral,1
2075,0.1474,23.0,49,0,0.1759,67,0,1,app_store,0
2076,0.6174,20.11,43,1,0.0351,56,0,24,google_play,0
2077,0.1992,8.71,87,0,0.3476,32,0,23,website,1
2078,0.2268,21.15,87,0,0.3326,25,1,42,app_store,1
2079,0.4178,8.27,47,0,0.1171,46,0,37,google_play,0
2080,0.259,10.09,26,0,0.1378,24,0,39,website,0
2081,0.4922,52.44,56,0,0.1294,21,0,35,referral,0
2082,0.1267,22.32,83,0,0.3373,38,0,13,website,1
2083,0.4827,32.96,78,0,0.2081,64,0,39,referral,0
2084,0.3437,65.38,36,1,0.1645,18,0,25,referral,0
2085,0.0096,23.04,24,0,0.5587,68,0,35,app_store,1
2086,0.3064,47.0,54,1,0.3218,26,1,33,website,0
2087,0.1898,31.46,1,0,0.2026,48,0,35,app_store,0
2088,0.2734,14.5,36,0,0.1215,24,1,33,app_store,0
2089,0.1192,21.68,67,1,0.2586,63,0,25,google_play,1
2090,0.459,14.17,48,0,0.3862,62,1,21,google_play,0
2091,0.556,36.78,61,0,0.0689,39,1,36,google_play,0
2092,0.1348,48.18,49,0,0.0794,26,0,7,google_play,1
2093,0.3612,9.21,79,1,0.1763,52,1,33,app_store,1
2094,0.2544,12.95,57,0,0.3588,43,0,3,google_play,1
2095,0.1727,18.66,20,1,0.2237,33,0,12,website,1
2096,0.2731,13.55,79,2,0.0077,64,1,36,app_store,0
2097,0.269,20.34,38,0,0.0298,39,0,27,referral,0
2098,0.2011,30.9,7,1,0.4417,47,0,24,website,1
2099,0.4771,58.96,4,0,0.2186,27,1,7,google_play,0
2100,0.2758,16.82,55,1,0.0525,24,0,34,google_play,0
2101,0.3878,16.28,64,0,0.6098,48,0,25,google_play,1
2102,0.3037,31.09,20,2,0.3183,68,0,5,referral,1
2103,0.1543,23.11,17,0,0.1494,24,0,10,referral,1
2104,0.3487,8.04,32,0,0.2291,20,0,9,website,0
2105,0.2447,13.1,49,1,0.0473,68,1,40,google_play,0
2106,0.5352,18.74,0,1,0.0268,51,0,14,referral,0
2107,0.4062,41.23,45,0,0.5238,19,0,43,referral,1
2108,0.6414,52.01,8,0,0.2124,69,0,10,website,0
2109,0.5544,11.37,36,0,0.2079,23,0,13,website,0
2110,0.1709,13.94,36,1,0.4636,47,0,37,referral,0
2111,0.1429,43.7,4,2,0.2473,32,0,42,website,0
2112,0.0678,17.28,3,0,0.4882,36,0,39,website,1
2113,0.1519,30.66,54,1,0.0506,24,1,31,website,0
2114,0.2961,20.88,32,1,0.1185,50,0,45,google_play,0
2115,0.2754,24.4,46,0,0.1614,69,0,18,google_play,0
2116,0.1057,17.85,16,1,0.2728,64,0,16,app_store,1
2117,0.2846,52.12,21,0,0.0825,40,0,31,app_store,0
2118,0.3111,8.05,28,1,0.1076,40,0,32,google_play,0
2119,0.2634,18.07,59,1,0.3887,53,0,12,website,1
2120,0.1428,48.83,38,1,0.0283,58,0,45,google_play,0
2121,0.4824,20.54,87,1,0.1604,69,0,27,website,0
2122,0.2487,21.98,79,2,0.4141,30,0,30,google_play,1
2123,0.2231,46.44,83,1,0.2497,65,0,40,referral,1
2124,0.1235,32.79,11,0,0.3414,22,0,33,app_store,1
2125,0.6708,42.82,79,0,0.0671,20,0,11,google_play,0
2126,0.3328,54.74,1,0,0.0593,54,0,47,app_store,0
2127,0.1572,8.62,67,0,0.2504,42,0,47,google_play,1
2128,0.273,17.18,47,0,0.2889,64,0,32,app_store,1
2129,0.3323,13.28,72,0,0.0219,18,0,36,app_store,0
2130,0.2498,29.63,41,1,0.3285,21,0,31,referral,0
2131,0.3576,48.86,64,0,0.0837,32,1,36,website,0
2132,0.1349,4.1,29,1,0.0862,18,0,27,google_play,0
2133,0.1863,7.78,36,0,0.2946,50,0,12,google_play,0
2134,0.3255,5.52,82,1,0.0628,29,1,11,google_play,0
2135,0.5099,12.85,16,2,0.157,24,0,43,google_play,1
2136,0.1728,23.97,54,0,0.177,49,0,19,website,0
2137,0.3142,72.07,68,0,0.09,58,1,17,google_play,0
2138,0.3893,9.27,18,0,0.3112,46,0,43,app_store,0
2139,0.2872,123.49,55,0,0.2282,57,0,22,referral,1
2140,0.1172,33.32,48,2,0.2407,24,0,27,app_store,1
2141,0.7329,34.18,72,0,0.2254,30,0,12,app_store,1
2142,0.1346,38.02,58,2,0.0349,59,0,38,app_store,1
2143,0.2875,8.56,85,1,0.4258,31,0,27,website,1
2144,0.1526,15.22,48,1,0.3021,66,0,37,app_store,1
2145,0.2402,11.24,35,1,0.1586,61,1,28,referral,0
2146,0.2504,36.08,52,1,0.0736,38,0,5,website,0
2147,0.1203,12.16,81,0,0.1661,51,0,18,referral,1
2148,0.1013,19.72,0,1,0.1327,50,0,28,google_play,0
2149,0.1841,14.36,6,1,0.4178,43,0,37,website,0
2150,0.2385,62.19,13,0,0.3277,41,0,34,referral,0
2151,0.4431,14.93,22,1,0.5946,29,0,4,google_play,0
2152,0.1473,10.58,53,0,0.265,28,0,47,google_play,0
2153,0.221,32.02,42,1,0.0517,20,0,3,app_store,0
2154,0.2049,21.88,51,0,0.2342,33,1,8,google_play,0
2155,0.2729,61.07,84,1,0.3481,63,1,15,google_play,1
2156,0.4671,28.34,1,0,0.2505,37,0,6,google_play,0
2157,0.3533,27.69,87,0,0.1387,69,1,18,app_store,0
2158,0.2044,42.29,27,2,0.032,69,1,46,referral,0
2159,0.4026,31.56,45,1,0.4551,23,0,8,app_store,0
2160,0.0875,39.82,14,0,0.0912,62,1,31,google_play,0
2161,0.1954,37.55,52,0,0.5159,66,0,46,google_play,1
2162,0.3658,18.18,21,1,0.0685,25,0,10,website,1
2163,0.3385,9.87,40,0,0.1917,40,0,18,app_store,1
2164,0.1902,20.21,19,1,0.0482,53,0,28,app_store,1
2165,0.1865,5.62,80,1,0.074,56,0,3,app_store,1
2166,0.084,13.66,55,1,0.0419,50,0,46,website,1
2167,0.2669,17.35,76,1,0.4717,54,0,25,app_store,1
2168,0.11,56.76,82,0,0.4433,37,0,10,google_play,1
2169,0.1424,20.58,22,0,0.0469,44,0,24,app_store,0
2170,0.2778,78.12,43,0,0.4525,33,0,3,app_store,1
2171,0.6236,31.84,6,0,0.2345,20,0,18,google_play,1
2172,0.3252,7.31,88,1,0.1012,64,0,35,website,1
2173,0.2745,51.1,6,0,0.1242,41,0,2,app_store,0
2174,0.0567,47.52,13,0,0.4803,46,1,27,app_store,0
2175,0.2007,7.08,81,0,0.1456,20,0,6,app_store,1
2176,0.6653,38.07,35,2,0.1165,65,0,45,website,0
2177,0.2393,62.96,65,1,0.0765,45,0,11,app_store,0
2178,0.4258,5.11,57,0,0.2859,36,0,25,google_play,1
2179,0.2757,10.78,15,1,0.1248,46,0,23,app_store,1
2180,0.3288,44.58,58,0,0.2165,59,0,28,referral,0
2181,0.4258,20.26,63,1,0.3609,41,1,22,app_store,1
2182,0.4132,64.79,10,0,0.1123,49,1,31,app_store,0
2183,0.0264,44.7,36,0,0.1618,38,0,39,website,0
2184,0.0285,41.33,9,1,0.3195,47,0,29,google_play,1
2185,0.1985,52.4,52,0,0.0785,31,0,15,referral,0
2186,0.5316,13.04,8,0,0.2802,59,0,41,google_play,0
2187,0.3409,18.63,53,0,0.196,49,0,7,app_store,1
2188,0.2921,90.39,66,0,0.249,28,0,45,app_store,0
2189,0.1907,18.11,61,1,0.136,51,1,32,website,1
2190,0.1729,49.79,6,2,0.9308,49,0,32,app_store,1
2191,0.1043,20.15,25,1,0.0285,59,0,30,website,1
2192,0.7143,13.54,80,0,0.1115,23,0,19,website,0
2193,0.1961,11.6,83,0,0.0856,63,0,3,website,0
2194,0.125,34.1,10,2,0.1133,18,0,9,google_play,1
2195,0.206,57.69,79,0,0.0591,56,0,6,referral,0
2196,0.4803,32.61,9,1,0.0969,60,0,31,google_play,0
2197,0.4283,27.67,1,1,0.1472,69,0,2,app_store,1
2198,0.5417,10.37,11,2,0.1172,19,1,6,google_play,0
2199,0.1916,23.18,61,0,0.0681,59,1,34,referral,0
2200,0.3945,26.28,89,0,0.1581,31,0,19,google_play,0
2201,0.1947,12.51,48,0,0.1264,69,1,42,website,0
2202,0.3376,31.39,18,0,0.0833,58,1,28,app_store,0
2203,0.0848,14.3,45,0,0.2547,61,0,1,app_store,1
2204,0.3808,17.6,40,0,0.0296,55,0,33,google_play,0
2205,0.689,39.82,10,1,0.1798,23,0,1,website,0
2206,0.1676,70.98,32,1,0.2698,56,0,35,app_store,0
2207,0.09,66.79,48,0,0.1295,22,0,27,google_play,0
2208,0.7558,21.0,67,1,0.2439,61,1,35,google_play,1
2209,0.4327,34.06,66,0,0.3635,21,0,28,google_play,1
2210,0.3259,36.19,15,1,0.3533,63,0,44,google_play,1
2211,0.5567,36.04,1,0,0.3659,22,0,47,google_play,0
2212,0.4729,25.39,85,0,0.2115,26,1,27,google_play,1
2213,0.1921,57.57,38,0,0.2603,50,0,26,app_store,0
2214,0.1124,15.13,32,0,0.1126,64,1,18,website,1
2215,0.4724,10.46,55,1,0.039,59,1,5,referral,1
2216,0.1278,29.79,21,0,0.1474,61,0,4,google_play,0
2217,0.1496,18.7,13,0,0.1557,28,1,43,app_store,0
2218,0.5934,89.01,51,2,0.0807,23,1,47,google_play,0
2219,0.1382,16.8,88,2,0.3549,69,0,35,app_store,0
2220,0.2572,47.98,36,0,0.2085,25,0,47,google_play,1
2221,0.5664,32.42,61,0,0.0431,19,0,3,google_play,0
2222,0.0582,8.74,39,0,0.218,52,0,37,app_store,1
2223,0.5543,35.27,61,0,0.1468,36,1,3,google_play,0
2224,0.0579,14.75,64,1,0.2542,68,0,1,website,1
2225,0.1987,125.15,40,1,0.0876,20,0,8,app_store,1
2226,0.0913,13.4,41,0,0.1657,67,0,46,google_play,1
2227,0.2496,12.21,7,0,0.0929,60,0,12,app_store,0
2228,0.2514,5.05,71,0,0.2436,23,0,40,app_store,1
2229,0.0961,13.63,81,1,0.124,38,1,6,app_store,0
2230,0.2941,38.73,1,2,0.5812,49,0,40,website,1
2231,0.1111,11.31,5,2,0.2721,51,1,47,website,0
2232,0.3285,33.4,58,0,0.2903,24,0,29,referral,0
2233,0.1394,27.9,70,1,0.2425,58,0,21,app_store,1
2234,0.3222,11.77,48,0,0.151,38,1,42,google_play,0
2235,0.0809,21.43,15,2,0.1832,25,0,2,app_store,1
2236,0.2545,12.05,62,0,0.1398,58,0,40,app_store,0
2237,0.1346,42.5,64,0,0.0722,59,1,10,google_play,1
2238,0.188,6.51,47,1,0.5586,48,0,36,google_play,1
2239,0.3194,39.03,44,0,0.2482,69,0,13,google_play,0
2240,0.1112,14.05,46,0,0.0588,27,0,17,website,0
2241,0.0313,25.27,40,1,0.1913,49,0,3,referral,1
2242,0.0258,32.28,73,0,0.0533,37,0,11,website,0
2243,0.2526,25.71,89,0,0.1786,22,1,41,google_play,0
2244,0.4275,98.64,64,1,0.0739,59,0,3,google_play,1
2245,0.4632,17.39,89,1,0.1593,69,0,30,google_play,0
2246,0.4675,8.94,79,2,0.2632,30,0,10,google_play,1
2247,0.1889,106.61,4,0,0.035,32,0,7,app_store,0
2248,0.6924,30.21,37,0,0.2211,41,0,36,website,0
2249,0.5398,25.95,80,1,0.146,32,0,13,google_play,1
2250,0.5339,112.02,38,1,0.0246,48,0,38,google_play,0
2251,0.1487,9.35,0,1,0.206,54,0,19,app_store,1
2252,0.449,22.05,6,2,0.3074,62,0,6,website,1
2253,0.3045,10.94,54,0,0.4099,66,0,8,referral,1
2254,0.1696,21.69,78,1,0.0416,29,0,6,website,1
2255,0.5653,8.6,73,1,0.2563,36,0,30,app_store,1
2256,0.1029,24.97,80,2,0.1638,23,0,2,google_play,1
2257,0.1057,23.74,28,0,0.028,35,0,11,app_store,0
2258,0.3498,22.91,84,0,0.3588,51,0,31,website,1
2259,0.144,4.8,63,0,0.0389,51,0,25,app_store,0
2260,0.1824,40.22,18,0,0.3778,21,0,30,google_play,0
2261,0.1809,20.01,54,1,0.0307,24,0,5,google_play,0
2262,0.4037,148.09,1,0,0.0559,58,0,7,website,0
2263,0.6209,16.94,41,0,0.5285,66,0,11,app_store,1
2264,0.3383,15.09,21,0,0.121,59,0,39,referral,0
2265,0.275,26.39,76,1,0.1931,48,0,42,app_store,0
2266,0.2544,9.94,13,0,0.124,59,0,15,app_store,0
2267,0.2556,55.64,61,0,0.3554,28,0,47,google_play,0
2268,0.3548,12.28,46,0,0.1102,40,1,38,website,0
2269,0.0684,13.24,71,1,0.0739,63,0,34,google_play,1
2270,0.2037,42.63,23,0,0.2996,68,0,23,google_play,0
2271,0.1187,28.45,6,0,0.1265,38,0,10,app_store,0
2272,0.2184,28.08,59,2,0.5141,53,0,30,website,1
2273,0.3241,9.47,18,1,0.0868,58,0,21,website,1
2274,0.2998,48.42,65,1,0.0296,25,1,41,google_play,0
2275,0.5748,11.92,53,0,0.2498,42,0,13,website,0
2276,0.421,7.33,39,1,0.2184,35,0,24,website,1
2277,0.0331,31.78,74,2,0.3456,23,0,17,google_play,1
2278,0.3289,21.11,18,0,0.3448,37,0,7,referral,0
2279,0.5082,20.75,69,1,0.1125,58,0,13,google_play,0
2280,0.3801,39.19,59,1,0.3001,18,0,13,google_play,1
2281,0.4747,19.61,42,1,0.4563,40,0,28,app_store,0
2282,0.3708,7.21,47,0,0.0662,60,0,39,website,0
2283,0.468,19.34,73,0,0.0461,31,1,25,app_store,0
2284,0.3189,30.01,35,1,0.8158,33,0,22,referral,0
2285,0.3078,27.79,79,0,0.0778,31,0,30,google_play,0
2286,0.3798,21.64,88,0,0.0461,52,0,15,google_play,0
2287,0.1861,132.65,53,0,0.1242,32,0,10,app_store,0
2288,0.1501,78.39,42,1,0.0038,47,0,11,google_play,0
2289,0.2901,10.59,13,0,0.2208,38,0,21,google_play,0
2290,0.2042,9.41,35,0,0.037,64,0,39,google_play,0
2291,0.4705,62.07,54,0,0.2343,44,0,46,app_store,0
2292,0.6069,51.72,28,2,0.6655,54,0,40,app_store,1
2293,0.1261,69.11,28,0,0.0214,36,0,6,website,0
2294,0.0407,17.98,5,2,0.2096,50,0,41,referral,1
2295,0.125,21.93,32,0,0.0668,27,0,33,google_play,0
2296,0.1816,7.07,29,0,0.0777,67,0,17,referral,0
2297,0.5628,27.13,80,1,0.1408,53,1,45,referral,0
2298,0.4901,15.69,6,0,0.1256,54,0,32,app_store,0
2299,0.1089,14.2,88,1,0.2144,50,0,10,app_store,1
2300,0.4311,46.83,54,1,0.139,26,0,3,app_store,0
2301,0.1928,22.0,63,1,0.1791,51,1,14,google_play,0
2302,0.1879,43.7,61,0,0.1696,54,0,42,app_store,0
2303,0.1766,22.75,28,3,0.0314,62,0,35,google_play,1
2304,0.2808,36.01,66,0,0.4609,20,0,37,google_play,1
2305,0.3545,9.79,25,0,0.0202,19,0,15,app_store,0
2306,0.2833,12.29,25,2,0.121,67,0,13,app_store,1
2307,0.2045,33.7,3,2,0.5077,44,0,39,website,1
2308,0.7437,80.22,85,0,0.3605,58,0,15,app_store,0
2309,0.5251,34.0,5,1,0.1419,64,0,32,app_store,1
2310,0.4731,24.8,37,0,0.0931,27,0,9,app_store,0
2311,0.4352,70.22,6,0,0.201,52,0,5,website,0
2312,0.2578,21.06,87,0,0.6817,39,0,11,google_play,1
2313,0.2012,14.05,60,0,0.1086,52,0,38,referral,0
2314,0.5513,24.65,51,0,0.1151,57,0,15,referral,0
2315,0.3857,31.85,17,1,0.1399,55,0,18,app_store,0
2316,0.0499,10.11,81,1,0.0043,64,0,28,google_play,1
2317,0.1234,26.85,7,1,0.2635,68,0,19,google_play,0
2318,0.4984,7.34,38,1,0.3015,51,0,32,app_store,0
2319,0.2279,19.88,89,0,0.1557,63,1,9,referral,0
2320,0.4644,21.99,33,0,0.1923,48,0,10,app_store,0
2321,0.2496,23.99,64,0,0.1002,31,0,22,website,0
2322,0.3831,6.23,4,0,0.3268,31,0,17,app_store,0
2323,0.1662,26.32,54,0,0.1298,58,0,7,app_store,1
2324,0.3515,45.23,59,2,0.06,42,1,46,website,0
2325,0.0592,65.74,49,0,0.0509,26,0,22,website,0
2326,0.4723,67.83,51,0,0.1493,50,0,2,referral,0
2327,0.376,24.97,86,2,0.0317,37,0,12,app_store,0
2328,0.4124,139.07,65,0,0.0973,40,0,7,google_play,0
2329,0.1257,14.41,55,1,0.1663,41,0,5,website,0
2330,0.3584,14.73,9,0,0.4526,21,0,9,referral,1
2331,0.2396,24.85,3,1,0.1595,53,0,29,google_play,0
2332,0.1504,43.77,0,2,0.14,67,1,40,website,0
2333,0.3297,38.49,53,0,0.1725,26,0,25,website,0
2334,0.1244,4.67,50,0,0.4422,58,0,32,referral,1
2335,0.2346,12.49,38,1,0.1316,68,0,25,referral,0
2336,0.0395,41.97,62,0,0.0318,31,0,9,app_store,0
2337,0.4789,13.17,89,0,0.1157,55,0,12,app_store,0
2338,0.2552,22.42,24,1,0.0582,32,0,43,app_store,0
2339,0.2172,31.54,43,0,0.0322,35,1,25,google_play,0
2340,0.3345,34.42,3,0,0.02,57,0,46,google_play,0
2341,0.4553,44.81,70,0,0.1171,64,1,11,website,0
2342,0.1072,59.73,1,2,0.196,31,0,4,app_store,1
2343,0.395,38.2,73,1,0.2679,42,0,25,referral,1
2344,0.1326,10.39,68,0,0.2311,56,1,40,website,0
2345,0.3315,36.98,4,2,0.0781,45,1,21,website,1
2346,0.1107,52.31,89,1,0.5295,52,0,25,app_store,1
2347,0.0616,33.7,86,0,0.1173,27,0,26,google_play,0
2348,0.1172,60.51,33,1,0.4529,35,0,36,website,1
2349,0.161,28.97,46,1,0.2291,69,0,2,app_store,1
2350,0.369,22.45,70,1,0.1045,55,0,32,app_store,0
2351,0.2121,13.56,74,0,0.0787,34,0,13,app_store,0
2352,0.4096,101.9,1,0,0.1446,27,0,26,google_play,0
2353,0.1972,11.8,57,0,0.2595,38,0,38,app_store,1
2354,0.1795,24.45,14,0,0.2671,23,1,23,app_store,0
2355,0.4706,19.12,40,0,0.3051,49,0,11,google_play,0
2356,0.0782,9.64,84,0,0.1614,45,0,21,google_play,1
2357,0.2571,45.68,24,0,0.2285,28,0,40,app_store,0
2358,0.143,34.79,45,2,0.2133,35,0,38,google_play,1
2359,0.3069,29.1,16,2,0.0996,61,1,24,website,1
2360,0.4763,15.81,86,0,0.1198,68,0,45,google_play,0
2361,0.3395,36.39,64,1,0.2337,59,0,10,website,0
2362,0.1823,20.43,17,0,0.0603,43,0,36,website,0
2363,0.0795,34.35,6,1,0.2252,22,0,34,referral,0
2364,0.2574,67.04,68,0,0.1189,68,0,39,google_play,0
2365,0.4544,4.43,21,1,0.009,21,0,33,website,0
2366,0.2375,49.48,71,2,0.2913,45,0,28,app_store,1
2367,0.2165,129.21,47,0,0.0944,49,0,19,website,0
2368,0.2514,81.83,79,0,0.2713,50,1,4,website,1
2369,0.5002,42.14,19,1,0.0873,48,0,6,referral,0
2370,0.0813,57.77,26,0,0.2556,46,0,6,google_play,0
2371,0.4262,13.53,49,0,0.104,65,0,24,app_store,0
2372,0.5643,29.03,81,1,0.1148,58,0,42,website,0
2373,0.612,22.09,32,1,0.4342,46,0,47,app_store,0
2374,0.3187,17.69,55,0,0.4163,56,0,29,app_store,1
2375,0.1662,49.0,24,1,0.1947,68,1,29,app_store,0
2376,0.4677,21.36,60,0,0.1701,46,0,2,referral,0
2377,0.1808,6.7,64,1,0.1391,64,0,41,app_store,1
2378,0.0197,33.35,8,0,0.3452,34,0,43,website,0
2379,0.3208,24.06,21,0,0.5815,45,0,10,referral,1
2380,0.2224,39.85,45,0,0.2412,44,0,31,website,0
2381,0.6295,18.42,17,0,0.019,21,0,6,google_play,0
2382,0.1301,7.35,19,2,0.1135,30,0,13,app_store,1
2383,0.1578,12.4,15,0,0.125,57,0,17,website,0
2384,0.6021,12.93,61,0,0.1409,65,0,17,google_play,0
2385,0.2356,11.95,18,1,0.5932,63,0,32,app_store,1
2386,0.3507,16.55,88,0,0.1433,33,0,32,referral,0
2387,0.4644,40.82,1,1,0.2125,18,0,2,referral,0
2388,0.152,9.33,27,1,0.3566,51,0,38,referral,1
2389,0.3574,45.52,64,0,0.0291,25,0,20,website,0
2390,0.2282,10.09,41,1,0.1861,62,0,11,app_store,1
2391,0.284,18.79,50,1,0.11,49,0,4,google_play,0
2392,0.4224,23.93,4,0,0.0904,59,0,36,google_play,0
2393,0.2662,19.89,4,2,0.1913,20,0,10,website,1
2394,0.383,37.91,16,0,0.1829,43,0,20,website,1
2395,0.3522,22.74,43,0,0.2593,54,1,23,google_play,0
2396,0.2819,21.98,46,1,0.1084,47,1,45,app_store,0
2397,0.189,4.65,75,1,0.1356,32,0,16,website,0
2398,0.3108,32.48,10,0,0.2153,63,0,4,google_play,0
2399,0.2696,91.38,43,0,0.2109,52,0,12,google_play,0
2400,0.2533,17.39,32,0,0.4981,21,0,39,referral,0
2401,0.3852,38.95,89,2,0.0885,22,0,34,app_store,0
2402,0.3679,13.78,84,2,0.3728,35,1,44,app_store,1
2403,0.2639,48.9,9,0,0.0616,57,0,43,google_play,0
2404,0.1554,35.28,59,1,0.2362,31,0,8,referral,1
2405,0.2589,18.98,55,0,0.152,21,0,41,app_store,0
2406,0.4783,18.12,0,0,0.0472,57,0,1,google_play,0
2407,0.3516,38.54,47,0,0.2068,46,0,24,website,1
2408,0.4765,25.25,62,0,0.2732,59,0,26,referral,1
2409,0.693,10.36,52,0,0.3853,46,1,18,app_store,0
2410,0.2768,8.42,58,0,0.3317,57,0,47,app_store,0
2411,0.3369,37.03,46,2,0.3603,30,0,32,app_store,1
2412,0.2247,14.38,83,0,0.8447,44,0,18,referral,1
2413,0.653,25.15,50,0,0.0532,39,0,36,website,0
2414,0.714,37.03,64,0,0.1536,45,0,14,website,0
2415,0.2519,10.57,81,2,0.3925,35,0,11,app_store,1
2416,0.1696,12.06,48,0,0.4876,18,0,5,google_play,1
2417,0.1629,76.39,32,0,0.0835,68,0,33,app_store,0
2418,0.3374,18.38,61,0,0.0571,50,0,39,google_play,0
2419,0.2406,50.06,59,1,0.3254,68,0,24,website,0
2420,0.3735,141.9,69,0,0.374,22,0,46,google_play,0
2421,0.2362,29.0,19,1,0.2347,47,0,6,app_store,1
2422,0.2621,13.42,1,0,0.3458,51,0,44,google_play,0
2423,0.4165,26.81,31,3,0.0661,31,0,11,referral,1
2424,0.4017,21.5,69,1,0.2277,25,0,19,website,1
2425,0.3583,25.71,48,0,0.0062,34,0,5,google_play,0
2426,0.6201,40.53,6,0,0.1054,40,0,4,website,0
2427,0.245,43.91,63,0,0.0543,52,0,47,website,1
2428,0.2725,6.03,52,0,0.299,35,0,42,google_play,1
2429,0.0956,56.43,82,0,0.0551,43,0,17,app_store,0
2430,0.3014,29.71,35,0,0.0478,41,0,25,google_play,0
2431,0.2211,16.42,63,0,0.0089,40,1,26,website,0
2432,0.1272,41.01,78,0,0.04,39,0,9,website,0
2433,0.4203,11.76,62,0,0.0757,58,0,42,google_play,0
2434,0.3428,12.15,82,1,0.0415,37,0,20,google_play,0
2435,0.7825,51.48,38,2,0.0347,47,0,26,website,1
2436,0.5859,25.71,2,0,0.0867,63,1,40,referral,0
2437,0.0395,73.51,21,0,0.1291,63,0,42,google_play,1
2438,0.3865,15.18,13,3,0.3726,54,0,14,app_store,1
2439,0.2455,30.08,63,2,0.3856,35,0,44,google_play,1
2440,0.0547,32.17,58,0,0.2961,29,0,3,google_play,1
2441,0.1606,32.59,33,0,0.2299,46,0,6,app_store,0
2442,0.243,37.88,42,1,0.4706,55,1,30,google_play,1
2443,0.613,33.84,78,1,0.1144,58,0,8,google_play,1
2444,0.2322,24.86,30,0,0.1234,62,0,5,google_play,0
2445,0.1827,6.3,77,1,0.5358,47,0,12,app_store,0
2446,0.0548,44.92,15,0,0.0588,28,0,31,app_store,1
2447,0.1303,4.66,7,0,0.1313,27,0,41,google_play,0
2448,0.2428,10.34,22,0,0.0908,35,0,20,app_store,0
2449,0.3785,14.98,3,0,0.1295,61,0,34,google_play,0
2450,0.0893,46.17,5,0,0.0468,41,0,46,app_store,0
2451,0.2803,21.0,41,3,0.1201,27,0,4,app_store,1
2452,0.4139,91.15,36,0,0.2297,19,0,47,google_play,0
2453,0.1002,9.29,20,0,0.3539,26,1,13,app_store,1
2454,0.3761,11.36,14,0,0.2795,40,1,42,referral,0
2455,0.2758,5.08,21,1,0.1343,52,0,30,referral,1
2456,0.2367,10.99,66,4,0.0708,69,0,34,website,1
2457,0.1773,15.76,36,0,0.264,36,0,3,app_store,0
2458,0.1802,68.41,52,0,0.1311,26,0,4,referral,1
2459,0.5413,51.01,70,0,0.1773,28,0,1,referral,0
2460,0.3298,28.99,69,1,0.48,47,0,45,referral,1
2461,0.6086,19.73,14,0,0.2667,57,1,24,google_play,0
2462,0.3496,41.9,54,0,0.2792,59,1,44,google_play,0
2463,0.1488,59.8,85,1,0.3947,46,0,37,app_store,1
2464,0.4626,15.6,42,0,0.0084,49,0,29,google_play,0
2465,0.4065,16.73,54,0,0.1076,43,0,10,app_store,1
2466,0.5706,18.14,79,0,0.0775,61,0,11,app_store,0
2467,0.2987,7.29,68,0,0.275,29,0,39,app_store,1
2468,0.5545,57.26,32,2,0.1394,34,1,33,referral,1
2469,0.1677,16.31,14,1,0.4236,30,0,6,referral,1
2470,0.1384,20.03,61,2,0.1631,25,0,7,app_store,1
2471,0.3914,67.98,13,0,0.0675,64,0,20,referral,0
2472,0.1887,16.82,33,0,0.3133,20,0,32,app_store,0
2473,0.5417,59.52,28,0,0.1816,23,0,42,referral,0
2474,0.0984,7.22,12,0,0.1605,62,0,28,app_store,0
2475,0.096,36.34,80,1,0.0429,45,1,5,google_play,0
2476,0.2112,17.96,76,2,0.0046,57,0,14,app_store,1
2477,0.0813,8.12,75,0,0.1611,51,1,12,google_play,0
2478,0.3033,11.08,29,0,0.2011,37,1,37,google_play,0
2479,0.1915,27.07,23,1,0.1308,40,0,41,referral,0
2480,0.0822,12.53,44,0,0.0571,58,0,8,referral,1
2481,0.0193,32.08,37,1,0.2988,22,1,40,google_play,1
2482,0.1812,14.56,33,3,0.2002,18,0,35,google_play,1
2483,0.0061,7.9,44,1,0.0836,58,0,33,app_store,1
2484,0.1532,48.37,61,1,0.3449,69,0,38,app_store,1
2485,0.3726,30.15,29,1,0.2949,64,1,10,app_store,0
2486,0.3803,6.94,68,1,0.1424,41,0,21,website,1
2487,0.4736,38.75,85,0,0.1341,63,0,45,google_play,0
2488,0.2524,26.72,55,0,0.1264,39,0,20,app_store,0
2489,0.4049,18.14,61,0,0.0819,22,0,27,app_store,0
2490,0.0906,18.65,51,1,0.1175,22,0,8,website,1
2491,0.3127,62.7,38,0,0.0308,38,0,4,app_store,0
2492,0.3865,30.67,2,0,0.0391,33,1,37,website,0
2493,0.178,64.87,0,1,0.0968,29,0,47,referral,0
2494,0.4145,34.23,40,1,0.1993,25,0,36,app_store,1
2495,0.2371,28.92,5,0,0.6852,66,0,33,google_play,1
2496,0.2573,14.44,23,0,0.0349,50,1,41,app_store,0
2497,0.0421,27.4,49,2,0.1038,47,0,40,app_store,1
2498,0.4178,50.13,3,1,0.1245,49,0,9,google_play,1
2499,0.4277,25.97,67,1,0.2035,59,0,41,website,1
2500,0.2278,95.15,47,0,0.0948,39,0,38,website,0
2501,0.4868,50.08,55,1,0.1554,52,0,47,app_store,0
2502,0.1436,10.6,15,1,0.3332,50,0,9,referral,0
2503,0.4347,17.47,73,0,0.4474,60,0,35,app_store,1
2504,0.1839,39.3,52,1,0.1163,62,0,3,app_store,1
2505,0.398,8.42,69,0,0.0589,37,0,13,google_play,1
2506,0.1454,22.61,7,1,0.0958,24,0,11,referral,1
2507,0.1635,12.77,72,0,0.0426,61,0,17,app_store,0
2508,0.0723,25.24,47,1,0.2678,35,0,25,website,1
2509,0.2054,12.84,54,2,0.3899,57,1,25,google_play,1
2510,0.6171,51.28,2,1,0.0493,31,0,35,app_store,0
2511,0.0656,17.18,77,1,0.2355,53,1,23,google_play,1
2512,0.055,39.07,2,0,0.1819,24,0,28,app_store,1
2513,0.5048,8.62,30,0,0.2078,27,0,6,google_play,0
2514,0.4765,19.82,25,0,0.3704,63,1,45,google_play,0
2515,0.2202,10.02,13,0,0.098,56,0,9,google_play,1
2516,0.0567,56.56,78,1,0.295,25,0,39,app_store,1
2517,0.1436,14.27,72,0,0.4182,66,0,8,app_store,1
2518,0.1849,23.08,52,1,0.2086,64,1,35,website,1
2519,0.2599,31.39,26,0,0.4216,25,0,36,website,1
2520,0.2634,14.55,73,1,0.4128,67,0,31,website,1
2521,0.0863,10.59,20,0,0.1646,63,1,19,website,0
2522,0.4878,27.94,30,0,0.5813,35,0,2,referral,0
2523,0.2142,6.34,50,0,0.262,19,0,4,website,1
2524,0.1652,62.76,52,0,0.2031,46,1,23,referral,0
2525,0.1575,22.29,50,1,0.2915,35,0,6,referral,1
2526,0.0688,8.74,15,1,0.7509,21,0,6,app_store,1
2527,0.4809,20.38,6,0,0.0941,26,1,27,app_store,0
2528,0.0931,36.76,40,2,0.3412,58,0,32,app_store,1
2529,0.2327,13.85,56,1,0.6539,26,0,28,app_store,1
2530,0.4418,6.3,3,1,0.1095,20,0,15,referral,0
2531,0.0725,22.5,20,1,0.1214,31,0,24,app_store,1
2532,0.2426,41.8,43,1,0.0354,28,0,28,referral,0
2533,0.2826,28.88,11,1,0.0583,48,1,10,referral,1
2534,0.2304,32.52,81,0,0.0757,32,0,23,website,0
2535,0.3305,47.93,86,0,0.0519,68,0,29,google_play,0
2536,0.1435,74.3,49,1,0.3613,61,0,3,website,1
2537,0.2174,3.72,26,1,0.3458,40,0,21,referral,1
2538,0.3729,9.71,80,0,0.1919,29,1,33,app_store,0
2539,0.342,27.59,37,0,0.0517,57,1,10,app_store,0
2540,0.221,29.78,50,2,0.239,23,0,20,referral,1
2541,0.3061,8.3,12,1,0.7613,63,0,5,app_store,1
2542,0.111,14.19,27,0,0.066,68,1,3,referral,1
2543,0.2819,81.9,85,0,0.0956,65,0,8,app_store,0
2544,0.254,19.15,53,0,0.2848,64,1,4,app_store,1
2545,0.7464,28.42,1,0,0.2642,56,1,16,referral,0
2546,0.083,85.93,39,0,0.3966,54,0,27,google_play,1
2547,0.4288,26.2,0,1,0.5493,18,0,34,app_store,0
2548,0.3706,42.57,42,2,0.1868,40,1,42,google_play,0
2549,0.046,36.59,36,1,0.8441,56,0,40,google_play,1
2550,0.2689,19.39,50,0,0.0455,27,0,27,app_store,1
2551,0.4845,18.63,10,2,0.1715,35,0,17,website,1
2552,0.2954,56.1,20,2,0.1357,58,0,21,referral,0
2553,0.5175,24.39,17,0,0.2868,50,0,18,google_play,0
2554,0.3674,12.11,74,1,0.3809,64,0,10,app_store,1
2555,0.2374,52.33,25,1,0.004,54,0,28,referral,0
2556,0.0222,3.33,61,0,0.0856,63,0,41,google_play,1
2557,0.4062,74.05,42,1,0.1678,22,0,20,google_play,0
2558,0.3762,21.53,31,0,0.2134,20,1,37,website,0
2559,0.6429,24.67,80,0,0.041,61,0,12,google_play,0
2560,0.5318,26.0,50,0,0.1778,68,1,39,website,0
2561,0.191,62.27,37,1,0.0622,24,0,6,app_store,0
2562,0.409,27.71,2,0,0.0959,28,1,34,website,0
2563,0.3021,24.15,71,1,0.2503,18,0,45,app_store,1
2564,0.1748,12.6,51,1,0.0583,37,0,29,app_store,0
2565,0.2648,14.89,86,1,0.2507,41,0,30,app_store,1
2566,0.3307,38.45,72,1,0.336,67,0,45,app_store,1
2567,0.1782,28.67,75,0,0.1478,23,0,37,app_store,1
2568,0.3959,79.92,69,0,0.6643,29,0,22,google_play,0
2569,0.28,13.87,76,0,0.7816,55,0,27,app_store,1
2570,0.537,10.94,69,1,0.0153,46,0,13,google_play,0
2571,0.2563,30.26,71,1,0.5273,54,0,20,website,1
2572,0.0899,23.11,62,1,0.0659,33,0,24,app_store,0
2573,0.3247,10.6,10,0,0.5728,26,1,28,referral,0
2574,0.3813,17.06,22,2,0.3658,42,0,25,app_store,1
2575,0.1948,40.18,15,2,0.157,54,0,46,referral,0
2576,0.3016,9.74,89,0,0.0679,50,1,13,website,0
2577,0.1148,11.06,24,1,0.3183,51,0,36,google_play,1
2578,0.2144,14.73,25,0,0.2923,30,0,42,app_store,0
2579,0.1684,14.95,60,1,0.1369,56,0,4,app_store,0
2580,0.2506,42.74,9,0,0.0556,47,0,16,app_store,0
2581,0.3355,16.63,37,1,0.0778,52,0,23,app_store,0
2582,0.6203,76.86,54,0,0.0382,62,0,13,referral,0
2583,0.077,11.82,45,1,0.3177,68,0,12,website,1
2584,0.6712,31.67,0,1,0.1994,55,0,17,google_play,0
2585,0.2402,23.85,73,0,0.0386,46,1,25,app_store,0
2586,0.1604,24.59,43,0,0.1362,39,0,41,website,1
2587,0.4946,4.38,2,0,0.2301,51,0,31,app_store,0
2588,0.5471,11.38,4,0,0.0159,49,0,39,google_play,0
2589,0.607,21.82,77,0,0.2232,49,0,15,referral,0
2590,0.6017,6.18,88,0,0.1856,55,0,12,app_store,0
2591,0.0597,3.17,50,0,0.0831,19,1,21,google_play,0
2592,0.3446,10.34,60,1,0.3386,28,0,32,referral,1
2593,0.3004,31.07,53,0,0.3159,47,1,20,website,1
2594,0.464,34.26,49,0,0.0469,39,1,16,app_store,0
2595,0.2589,10.42,25,0,0.0219,41,0,28,app_store,0
2596,0.3548,21.31,19,0,0.2372,69,0,46,app_store,0
2597,0.1423,33.0,14,1,0.018,29,0,16,website,0
2598,0.4477,62.03,6,0,0.2227,41,1,11,app_store,1
2599,0.0168,60.36,51,0,0.2766,46,0,17,referral,0
2600,0.1859,46.43,58,1,0.0621,52,0,7,website,0
2601,0.1229,16.82,75,0,0.1512,67,0,2,google_play,1
2602,0.3204,23.7,83,0,0.2046,68,0,17,app_store,1
2603,0.0733,25.79,68,0,0.6499,67,0,23,app_store,1
2604,0.1036,21.08,67,0,0.027,35,0,24,referral,0
2605,0.1653,9.36,71,0,0.03,57,0,14,app_store,0
2606,0.3748,67.27,45,0,0.2402,44,0,37,google_play,0
2607,0.3288,33.21,30,0,0.1997,25,0,11,google_play,0
2608,0.3032,45.11,39,0,0.4889,31,1,5,website,0
2609,0.2423,38.95,56,0,0.0447,41,0,30,google_play,0
2610,0.5513,18.11,54,0,0.0417,63,0,8,app_store,0
2611,0.2243,8.59,50,0,0.3129,47,0,3,referral,0
2612,0.4938,41.49,77,0,0.4083,19,1,8,google_play,0
2613,0.1671,39.67,7,1,0.1094,24,0,28,google_play,1
2614,0.3461,30.05,58,1,0.1364,49,0,8,website,1
2615,0.1789,110.69,48,3,0.2702,33,0,25,app_store,0
2616,0.468,16.5,6,1,0.0987,28,0,15,google_play,0
2617,0.389,19.68,0,0,0.3146,56,0,5,app_store,0
2618,0.513,28.35,0,1,0.273,52,1,5,website,0
2619,0.134,17.32,66,1,0.1011,61,0,5,app_store,0
2620,0.1938,20.81,86,0,0.5117,38,0,39,google_play,1
2621,0.1534,50.54,80,0,0.1241,20,0,45,referral,0
2622,0.0678,15.59,2,3,0.2239,51,0,33,website,1
2623,0.1005,16.35,79,0,0.4009,54,0,16,website,1
2624,0.2768,36.76,55,0,0.0104,37,0,24,google_play,0
2625,0.1776,9.74,29,0,0.0882,67,0,1,website,0
2626,0.2739,23.17,18,1,0.3629,50,0,25,google_play,1
2627,0.195,22.33,54,0,0.267,67,0,26,google_play,1
2628,0.1651,38.04,15,1,0.0225,28,0,32,website,1
2629,0.3113,43.05,67,1,0.2403,62,1,29,google_play,1
2630,0.162,21.94,18,0,0.1976,64,0,19,website,0
2631,0.1836,23.1,57,0,0.0602,69,0,19,app_store,0
2632,0.0823,23.94,85,1,0.2009,34,0,10,website,1
2633,0.1556,19.78,1,1,0.2928,53,0,32,app_store,0
2634,0.3515,60.61,13,0,0.2304,32,0,42,app_store,0
2635,0.4242,34.86,47,1,0.2386,47,0,20,referral,1
2636,0.3616,59.52,51,0,0.3585,56,0,6,referral,1
2637,0.4681,13.28,46,3,0.2684,44,1,26,app_store,1
2638,0.0467,58.9,15,0,0.1341,43,0,17,referral,0
2639,0.1961,26.67,72,1,0.325,27,0,8,google_play,1
2640,0.1141,39.6,29,0,0.0449,22,0,15,google_play,1
2641,0.1665,6.45,72,0,0.1542,38,0,46,google_play,0
2642,0.0322,76.59,80,1,0.2448,62,0,9,app_store,1
2643,0.1492,33.39,59,0,0.0864,53,0,25,referral,0
2644,0.2365,90.43,73,0,0.2294,27,0,22,referral,0
2645,0.3065,53.42,13,3,0.5106,62,0,14,app_store,1
2646,0.3663,5.85,24,1,0.2448,63,0,46,app_store,0
2647,0.1423,71.17,50,0,0.0371,62,0,27,website,0
2648,0.4947,27.96,37,1,0.4846,34,0,12,app_store,1
2649,0.5647,38.45,79,0,0.3577,32,0,6,website,1
2650,0.6181,35.85,85,1,0.148,51,0,12,app_store,0
2651,0.5617,22.89,14,0,0.1501,36,0,45,google_play,0
2652,0.2506,18.48,85,1,0.0912,62,0,9,website,0
2653,0.2275,40.2,77,2,0.036,28,1,40,referral,0
2654,0.0908,13.7,24,1,0.024,41,0,9,app_store,1
2655,0.3959,25.02,7,2,0.2438,55,1,1,website,1
2656,0.277,65.45,34,0,0.1025,61,0,34,website,0
2657,0.5866,10.45,86,1,0.0714,37,0,25,referral,0
2658,0.1549,21.34,1,0,0.0514,33,1,22,google_play,0
2659,0.2961,55.57,86,1,0.4602,49,1,18,website,1
2660,0.2207,13.84,20,1,0.0309,47,0,4,app_store,0
2661,0.2438,6.45,88,0,0.0158,28,0,40,google_play,0
2662,0.6158,6.13,49,0,0.3091,52,0,47,website,1
2663,0.1079,17.65,30,1,0.4687,52,1,45,google_play,0
2664,0.2029,79.75,58,0,0.5605,20,1,27,website,0
2665,0.2402,14.38,76,2,0.0461,58,0,1,google_play,1
2666,0.3178,20.05,29,0,0.0856,29,0,19,app_store,1
2667,0.1389,25.46,30,0,0.0666,67,0,19,website,0
2668,0.3762,53.21,61,1,0.2047,61,0,39,app_store,1
2669,0.2163,44.7,9,0,0.3636,34,0,36,google_play,1
2670,0.4532,22.03,62,3,0.0875,30,0,31,app_store,0
2671,0.0812,37.32,38,1,0.0636,65,0,13,app_store,1
2672,0.0246,51.56,25,0,0.07,43,0,33,referral,0
2673,0.2093,7.75,72,0,0.0808,58,0,35,referral,0
2674,0.3015,18.84,55,1,0.3726,68,0,28,referral,1
2675,0.1,10.59,2,1,0.0136,50,0,39,referral,1
2676,0.4201,14.75,86,1,0.0529,47,0,27,referral,0
2677,0.4219,38.67,39,2,0.4989,43,0,44,google_play,1
2678,0.1109,10.59,0,1,0.3001,61,0,37,referral,0
2679,0.2433,123.54,54,0,0.2797,68,0,47,app_store,1
2680,0.1137,38.91,31,0,0.188,49,0,28,website,0
2681,0.3607,16.29,73,0,0.1488,20,0,36,app_store,0
2682,0.0694,22.38,61,0,0.1821,19,0,13,website,1
2683,0.0857,9.96,22,1,0.0239,61,0,43,google_play,0
2684,0.1212,8.74,79,1,0.2182,55,0,13,website,1
2685,0.2642,18.73,9,1,0.5259,66,0,7,app_store,0
2686,0.1133,61.31,31,0,0.14,37,0,29,app_store,0
2687,0.3665,9.16,18,1,0.2574,50,1,44,app_store,0
2688,0.3721,58.16,20,2,1.0,21,0,2,referral,1
2689,0.5768,21.54,55,0,0.5702,46,0,17,app_store,1
2690,0.1952,28.99,72,2,0.2647,65,0,23,google_play,1
2691,0.2355,25.82,55,0,0.3535,44,1,47,google_play,1
2692,0.5238,42.19,3,0,0.1397,59,0,35,google_play,0
2693,0.0565,52.9,32,2,0.1035,41,0,12,website,1
2694,0.152,21.11,51,0,0.5195,53,0,28,google_play,1
2695,0.5014,35.05,46,0,0.106,67,0,26,app_store,0
2696,0.2994,60.98,43,1,0.0684,65,0,40,google_play,1
2697,0.199,43.37,33,0,0.2513,33,0,12,website,0
2698,0.0865,18.37,11,0,0.1226,18,0,25,referral,0
2699,0.1904,21.4,8,1,0.2501,21,0,7,website,1
2700,0.1033,12.3,0,2,0.0679,38,0,15,website,1
2701,0.4399,87.57,8,0,0.4783,55,0,9,app_store,0
2702,0.2746,30.4,68,0,0.0223,65,0,13,website,0
2703,0.2193,9.19,45,1,0.0341,53,0,23,website,0
2704,0.3208,13.63,74,1,0.0774,23,1,47,app_store,0
2705,0.1164,22.03,83,0,0.4076,56,0,11,app_store,1
2706,0.2958,62.77,2,0,0.0553,38,0,29,app_store,0
2707,0.2102,21.46,39,1,0.1357,51,0,36,referral,0
2708,0.3976,37.44,28,0,0.0876,20,0,21,app_store,0
2709,0.2592,14.88,46,0,0.1511,50,1,31,google_play,0
2710,0.3031,38.51,62,2,0.1501,36,1,12,app_store,1
2711,0.5836,61.0,72,0,0.0525,59,0,39,google_play,0
2712,0.0165,42.64,43,2,0.6673,56,0,46,referral,1
2713,0.0668,4.39,49,1,0.6437,55,0,26,google_play,1
2714,0.1217,22.05,3,1,0.0136,62,0,10,app_store,1
2715,0.0594,11.7,4,1,0.1652,61,0,30,google_play,1
2716,0.1505,39.25,32,0,0.0583,68,0,35,website,0
2717,0.0336,25.77,33,0,0.1806,25,0,47,referral,0
2718,0.1199,81.3,40,1,0.0651,25,0,21,app_store,0
2719,0.4599,19.44,2,0,0.1538,28,0,33,google_play,0
2720,0.1107,25.82,21,0,0.1785,61,1,5,google_play,0
2721,0.3495,22.51,82,0,0.0667,63,0,23,app_store,0
2722,0.5347,40.57,3,1,0.0498,47,0,27,referral,0
2723,0.2676,12.43,88,0,0.0436,46,0,1,referral,0
2724,0.0648,12.18,63,2,0.1522,69,0,8,google_play,1
2725,0.3807,16.54,20,1,0.2584,69,0,2,website,0
2726,0.1006,36.94,72,2,0.2843,47,0,4,app_store,1
2727,0.1911,50.77,49,0,0.0542,37,0,14,google_play,1
2728,0.5649,22.99,46,0,1.0,30,0,25,website,1
2729,0.0702,37.12,6,0,0.1403,36,1,4,app_store,0
2730,0.3336,35.01,54,0,0.2681,66,0,27,referral,0
2731,0.2313,23.56,19,0,0.1634,45,0,25,referral,0
2732,0.2476,23.18,29,1,0.4858,63,0,14,app_store,1
2733,0.1542,41.84,7,0,0.3049,47,0,35,website,0
2734,0.4955,93.78,68,0,0.1792,60,0,8,app_store,0
2735,0.2913,48.99,0,0,0.2597,47,0,18,google_play,0
2736,0.4138,56.94,54,0,0.2561,62,0,18,referral,1
2737,0.0618,102.25,58,0,0.3116,63,0,5,referral,1
2738,0.0114,15.05,42,1,0.202,63,1,1,referral,1
2739,0.4155,40.09,39,1,0.0696,31,1,12,website,0
2740,0.2799,67.99,31,0,0.0467,37,0,10,google_play,0
2741,0.0668,47.34,62,0,0.2673,40,0,26,google_play,1
2742,0.3683,16.13,65,1,0.6763,48,0,4,website,1
2743,0.4717,14.04,87,0,0.2329,27,0,3,referral,1
2744,0.1875,76.95,2,0,0.0335,29,0,13,google_play,0
2745,0.44,32.82,80,0,0.3446,57,0,2,app_store,1
2746,0.4722,30.38,42,0,0.1622,26,0,2,website,0
2747,0.1755,24.87,3,1,0.1208,26,0,47,app_store,0
2748,0.4817,70.6,83,0,0.0447,61,0,45,google_play,0
2749,0.254,48.52,36,0,0.1305,22,1,47,referral,0
2750,0.4381,21.54,56,1,0.05,41,0,2,website,1
2751,0.5987,46.43,84,0,0.005,40,0,35,app_store,0
2752,0.1098,27.79,59,0,0.0073,60,0,32,website,0
2753,0.1643,45.16,86,1,0.4806,41,0,35,google_play,1
2754,0.6347,63.39,26,1,0.018,66,0,4,website,0
2755,0.2371,58.29,65,0,0.2759,39,0,25,app_store,1
2756,0.3141,7.33,9,2,0.0428,21,1,27,app_store,0
2757,0.2711,35.15,22,1,0.3283,37,0,8,google_play,0
2758,0.1213,69.04,19,0,0.1348,19,1,32,app_store,0
2759,0.4423,14.83,38,1,0.1913,24,0,11,google_play,0
2760,0.3352,98.74,7,0,0.2496,62,0,19,website,0
2761,0.2716,37.88,25,0,0.0249,20,1,45,google_play,0
2762,0.0877,47.99,4,1,0.0805,22,1,28,website,1
2763,0.1202,47.96,22,1,0.1221,57,0,5,google_play,1
2764,0.2049,9.57,4,1,0.1091,59,0,2,referral,0
2765,0.5326,49.24,23,2,0.1129,62,0,14,website,1
2766,0.5675,34.65,77,1,0.3227,24,0,6,app_store,0
2767,0.2264,17.93,62,0,0.052,29,0,21,website,1
2768,0.0631,76.44,4,1,0.1582,44,0,45,website,1
2769,0.2944,6.51,63,1,0.1553,29,1,45,referral,0
2770,0.2395,15.98,84,1,0.0748,30,0,23,referral,0
2771,0.4024,67.86,51,0,0.5943,53,0,15,website,1
2772,0.4578,49.72,26,1,0.1888,62,0,18,app_store,0
2773,0.1304,16.84,84,0,0.2838,34,0,44,google_play,1
2774,0.0756,14.9,84,2,0.1443,54,1,42,referral,1
2775,0.4119,21.9,68,0,0.0535,36,0,33,google_play,0
2776,0.3485,32.27,37,0,0.5903,33,0,8,app_store,0
2777,0.2942,19.29,37,0,0.1438,26,0,38,google_play,0
2778,0.0491,24.77,23,0,0.1566,22,0,31,app_store,0
2779,0.1915,28.08,74,0,0.0794,52,0,33,referral,1
2780,0.1358,21.0,77,0,0.3869,19,0,38,website,1
2781,0.1506,19.5,21,0,0.0739,69,0,1,app_store,0
2782,0.1333,11.77,37,1,0.0321,40,0,14,google_play,0
2783,0.3171,26.33,37,0,0.2103,20,0,10,app_store,0
2784,0.0462,25.96,70,2,0.4764,44,0,33,website,1
2785,0.3376,13.92,4,2,0.4621,56,0,6,google_play,1
2786,0.1369,32.67,36,3,0.0286,64,0,47,google_play,1
2787,0.1894,61.14,82,2,0.1007,19,0,1,google_play,1
2788,0.4983,28.03,49,0,0.1249,28,0,37,google_play,0
2789,0.1704,36.21,24,0,0.1922,46,0,35,google_play,0
2790,0.1924,53.51,85,2,0.3036,39,0,45,referral,1
2791,0.1832,26.16,9,0,0.3457,24,0,20,referral,0
2792,0.5474,50.06,40,1,0.2166,35,0,32,referral,1
2793,0.1328,5.34,69,1,0.0212,55,0,37,google_play,0
2794,0.2942,16.33,34,0,0.5812,53,0,45,referral,1
2795,0.1363,12.39,85,0,0.1018,65,0,30,website,1
2796,0.123,71.9,73,0,0.0693,34,1,7,app_store,0
2797,0.0604,41.69,75,0,0.0982,50,0,25,google_play,1
2798,0.1574,11.49,43,0,0.1435,40,0,45,google_play,0
2799,0.0634,13.53,29,0,0.1028,62,0,32,website,1
2800,0.1552,10.26,65,1,0.0412,25,0,36,app_store,0
2801,0.0428,33.67,89,0,0.2145,52,0,35,google_play,1
2802,0.288,30.67,52,1,0.1492,27,1,27,website,0
2803,0.3847,19.92,24,2,0.2715,31,0,32,google_play,1
2804,0.2575,14.49,85,0,0.2591,44,0,3,google_play,1
2805,0.0576,26.19,20,1,0.4533,63,0,10,google_play,1
2806,0.2287,162.58,11,1,0.0167,65,0,16,website,0
2807,0.0553,20.46,18,1,0.1055,39,0,45,google_play,1
2808,0.0977,59.61,17,0,0.0758,44,0,30,app_store,0
2809,0.3918,21.7,1,2,0.0243,32,0,37,referral,1
2810,0.1412,52.72,25,2,0.1823,55,0,27,website,1
2811,0.2101,40.79,52,2,0.4285,45,1,25,website,1
2812,0.5528,26.13,81,1,0.2655,69,0,7,referral,1
2813,0.0293,41.82,66,0,0.0708,60,0,37,google_play,1
2814,0.4671,61.86,65,0,0.0688,57,0,18,google_play,0
2815,0.3951,28.02,54,0,0.08,69,0,20,referral,1
2816,0.5114,23.55,74,1,0.1895,25,0,24,app_store,0
2817,0.2082,42.58,47,0,0.0173,34,0,7,referral,0
2818,0.558,83.7,70,1,0.0894,25,0,5,app_store,0
2819,0.0919,10.1,57,5,0.2128,44,0,37,website,1
2820,0.385,11.01,13,1,0.2238,46,0,6,google_play,0
2821,0.3039,71.94,78,0,0.7418,69,0,43,website,1
2822,0.0092,18.29,59,1,0.1304,19,0,40,app_store,0
2823,0.1294,63.86,27,0,0.104,44,0,12,website,0
2824,0.3219,16.68,71,0,0.068,34,0,38,google_play,0
2825,0.4254,19.25,42,0,0.4559,19,0,1,app_store,0
2826,0.7397,55.34,0,0,0.1059,65,1,15,app_store,0
2827,0.4479,44.67,81,0,0.1364,53,0,12,website,0
2828,0.2437,12.08,43,2,0.4634,44,1,39,google_play,0
2829,0.0657,40.58,24,0,0.5107,56,1,27,google_play,1
2830,0.0394,16.74,43,1,0.2853,35,0,40,google_play,1
2831,0.3083,36.25,4,0,0.2554,61,1,32,website,1
2832,0.2501,27.89,81,0,0.2908,48,0,27,app_store,1
2833,0.2301,23.71,29,0,0.0317,62,0,19,app_store,0
2834,0.4273,17.36,35,0,0.1726,60,0,47,website,0
2835,0.4219,8.3,59,1,0.2921,45,0,28,referral,1
2836,0.0324,17.19,44,0,0.0743,28,0,10,app_store,1
2837,0.3004,43.48,5,0,0.1367,57,0,12,website,1
2838,0.3818,36.8,38,0,0.1735,24,0,26,app_store,0
2839,0.0894,14.93,17,0,0.045,30,0,23,google_play,1
2840,0.0189,58.03,27,0,0.0278,42,0,6,google_play,0
2841,0.4321,34.62,38,1,0.2719,18,0,35,referral,0
2842,0.4432,41.43,8,0,0.2103,35,0,44,website,0
2843,0.1791,13.03,33,3,0.0366,24,0,2,app_store,1
2844,0.1275,95.43,17,1,0.1752,19,0,15,app_store,0
2845,0.3269,37.83,83,0,0.2282,65,0,34,app_store,1
2846,0.2054,79.39,39,1,0.2159,22,0,24,website,0
2847,0.249,17.44,47,0,0.4458,61,1,4,website,1
2848,0.0407,7.54,6,0,0.1166,32,0,23,app_store,0
2849,0.0782,14.01,79,1,0.1938,22,0,5,google_play,0
2850,0.2696,56.29,10,1,0.1005,59,1,35,app_store,0
2851,0.2343,12.32,36,1,0.1525,42,0,18,website,1
2852,0.4622,77.22,59,0,0.2218,24,0,5,referral,0
2853,0.1742,16.37,52,0,0.2935,61,0,1,website,1
2854,0.0592,35.67,50,1,0.6018,49,1,6,google_play,1
2855,0.2158,32.04,50,0,0.0181,19,0,6,google_play,0
2856,0.3351,21.88,33,0,0.0934,61,0,31,referral,0
2857,0.2208,21.97,14,0,0.0549,61,0,25,website,0
2858,0.6404,13.64,89,0,0.1431,39,0,37,google_play,0
2859,0.6573,107.12,1,2,0.3387,57,1,28,app_store,1
2860,0.5234,39.04,18,1,0.2372,49,1,28,google_play,0
2861,0.5041,8.71,24,0,0.383,40,0,4,website,0
2862,0.4872,10.51,25,1,0.3044,49,0,39,website,1
2863,0.4616,39.38,4,1,0.1772,53,0,46,app_store,0
2864,0.1407,26.95,60,0,0.379,43,1,17,app_store,0
2865,0.1868,7.62,67,2,0.779,57,0,28,app_store,1
2866,0.312,160.52,17,0,0.4162,55,0,6,google_play,0
2867,0.363,3.85,76,1,0.1606,51,0,22,app_store,0
2868,0.465,19.62,29,1,0.6845,31,0,20,google_play,1
2869,0.3288,27.48,30,0,0.2112,27,0,23,app_store,0
2870,0.2221,16.83,41,0,0.1546,24,0,20,google_play,1
2871,0.1496,49.29,15,1,0.2892,45,0,14,website,0
2872,0.2837,38.83,72,1,0.4826,65,0,32,google_play,1
2873,0.1823,29.95,13,0,0.1369,21,0,21,website,0
2874,0.1585,25.79,75,1,0.3591,49,0,18,google_play,1
2875,0.1947,39.5,45,2,0.2877,51,0,31,google_play,1
2876,0.1197,23.42,20,0,0.3144,29,1,31,app_store,0
2877,0.2007,9.42,39,0,0.0681,55,0,47,website,0
2878,0.3056,53.39,71,1,0.4319,35,0,14,google_play,1
2879,0.1675,92.34,84,0,0.238,35,0,19,google_play,1
2880,0.575,28.78,30,1,0.1962,30,0,4,app_store,0
2881,0.3673,29.2,81,0,0.114,31,0,40,app_store,0
2882,0.3948,26.46,47,0,0.1293,20,0,5,app_store,0
2883,0.296,10.78,85,0,0.0365,48,0,27,website,0
2884,0.0931,18.55,43,0,0.1226,21,0,34,app_store,0
2885,0.2757,47.39,58,3,0.0735,60,1,33,app_store,1
2886,0.486,32.44,63,1,0.2455,48,1,22,app_store,0
2887,0.1284,90.31,76,1,0.2311,48,0,34,app_store,1
2888,0.0853,45.84,43,0,0.0776,27,0,23,google_play,0
2889,0.2178,20.44,72,0,0.3896,26,0,1,website,1
2890,0.1549,43.6,17,0,0.2357,31,1,12,app_store,0
2891,0.3364,23.71,26,0,0.1197,37,0,37,referral,0
2892,0.2263,8.6,2,2,0.1162,34,0,38,website,1
2893,0.4522,56.65,55,2,0.0789,25,0,15,referral,1
2894,0.0391,38.88,44,1,0.1427,55,0,3,website,1
2895,0.5256,213.63,45,0,0.2677,20,1,14,referral,0
2896,0.2015,18.73,41,1,0.358,67,0,25,google_play,0
2897,0.2559,45.58,51,2,0.2425,24,1,42,website,1
2898,0.2959,16.24,54,0,0.1209,23,1,3,google_play,0
2899,0.0909,14.86,39,0,0.254,64,1,18,app_store,1
2900,0.3151,139.51,78,0,0.0217,36,0,9,app_store,0
2901,0.253,6.44,22,0,0.0318,44,0,22,google_play,0
2902,0.3186,26.53,45,1,0.2202,28,0,32,website,1
2903,0.1641,91.99,71,0,0.0925,33,0,19,app_store,1
2904,0.134,9.22,62,1,0.3177,32,1,18,website,1
2905,0.0556,19.0,13,2,0.579,34,1,2,website,1
2906,0.2206,51.21,57,2,0.4151,24,0,1,google_play,1
2907,0.0461,11.69,24,1,0.5652,23,0,31,referral,1
2908,0.8749,34.14,44,0,0.1024,26,0,18,google_play,0
2909,0.4871,15.59,73,3,0.2662,43,0,27,google_play,1
2910,0.1752,69.18,38,1,0.0796,67,0,42,website,0
2911,0.1572,67.48,80,1,0.0441,65,1,35,referral,0
2912,0.3008,19.37,50,0,0.3352,43,1,13,website,0
2913,0.1288,3.63,84,0,0.3562,39,1,3,website,1
2914,0.6114,38.89,57,0,0.0973,48,0,9,referral,0
2915,0.2445,55.46,85,1,0.4429,43,1,19,website,1
2916,0.2599,39.13,26,1,0.0273,61,0,22,website,1
2917,0.2295,35.8,13,1,0.019,19,0,21,google_play,1
2918,0.2104,32.61,87,1,0.2564,41,1,38,app_store,1
2919,0.251,21.33,48,0,0.3468,23,0,41,website,0
2920,0.1614,15.85,82,0,0.0929,60,0,38,referral,0
2921,0.2888,27.74,16,0,0.1185,21,0,10,website,0
2922,0.6316,22.81,79,0,0.0307,33,0,34,google_play,0
2923,0.286,43.37,43,0,0.2882,43,0,7,google_play,0
2924,0.4297,14.72,8,0,0.4004,64,0,29,referral,0
2925,0.093,19.74,66,0,0.1372,41,0,39,website,0
2926,0.3626,28.18,49,0,0.3456,49,1,34,app_store,0
2927,0.3288,15.58,87,1,0.1043,18,0,14,app_store,0
2928,0.512,9.99,58,0,0.6135,31,0,27,google_play,1
2929,0.2961,41.47,87,2,0.0239,65,0,31,website,0
2930,0.1506,10.58,80,0,0.5212,30,0,6,referral,1
2931,0.2348,30.07,51,0,0.1821,50,0,7,app_store,0
2932,0.4013,38.29,57,0,0.1918,46,0,2,referral,0
2933,0.3477,71.3,35,0,0.0697,36,0,20,website,0
2934,0.5137,132.41,75,1,0.1993,19,0,47,website,0
2935,0.1081,66.28,32,0,0.2901,40,0,39,google_play,1
2936,0.1436,16.06,79,0,0.2085,47,0,28,website,1
2937,0.0687,21.38,49,2,0.268,69,0,4,google_play,1
2938,0.2271,32.52,87,1,0.2433,56,0,24,google_play,1
2939,0.0657,25.21,10,0,0.6675,42,0,10,google_play,1
2940,0.1746,29.3,27,0,0.1668,37,0,20,website,0
2941,0.2823,62.95,33,0,0.2492,58,1,26,website,0
2942,0.1578,28.78,60,2,0.4264,67,0,12,website,1
2943,0.0577,49.84,12,0,0.0778,39,0,21,referral,0
2944,0.1984,11.9,23,1,0.2328,39,1,33,google_play,1
2945,0.2945,36.76,5,0,0.7177,44,1,43,app_store,0
2946,0.1457,8.13,28,2,0.0031,36,1,34,referral,0
2947,0.2234,57.34,86,1,0.2261,54,1,8,google_play,1
2948,0.1333,22.99,80,0,0.1716,48,1,42,website,0
2949,0.4458,9.96,28,0,0.1877,32,0,33,app_store,0
2950,0.3011,21.51,63,0,0.2871,32,0,27,app_store,0
2951,0.6564,36.45,42,1,0.504,62,0,45,app_store,0
2952,0.4444,10.98,27,0,0.0567,30,0,10,app_store,0
2953,0.1487,14.12,62,3,0.1149,32,0,37,app_store,1
2954,0.1283,19.8,32,0,0.2985,62,0,28,referral,0
2955,0.6904,46.82,45,1,0.1269,57,0,45,referral,0
2956,0.2578,6.39,6,0,0.2027,24,1,33,google_play,0
2957,0.321,36.01,80,2,0.1826,58,0,26,website,1
2958,0.4842,21.86,79,0,0.0313,24,1,16,app_store,0
2959,0.5472,55.32,81,0,0.2312,19,0,43,app_store,0
2960,0.2082,34.6,36,1,0.0385,51,0,25,website,0
2961,0.1842,67.65,25,0,0.1018,41,0,23,website,0
2962,0.4002,34.83,49,0,0.3029,18,0,33,referral,1
2963,0.0559,11.19,38,2,0.2289,63,0,30,referral,1
2964,0.2617,35.27,29,0,0.0673,47,0,9,referral,1
2965,0.2591,36.86,18,1,0.3093,64,0,28,app_store,0
2966,0.4144,16.01,32,0,0.2308,23,0,14,app_store,1
2967,0.2321,17.79,83,0,0.154,30,0,34,referral,0
2968,0.3122,4.82,64,1,0.1009,67,0,14,google_play,0
2969,0.2905,43.37,5,1,0.242,48,1,26,app_store,0
2970,0.1432,23.43,22,0,0.0379,26,0,26,website,0
2971,0.1781,17.3,72,3,0.041,26,0,6,google_play,1
2972,0.3222,12.74,27,1,0.1447,42,0,44,app_store,1
2973,0.6051,18.18,74,0,0.089,58,0,46,referral,0
2974,0.2334,34.94,66,1,0.2595,41,0,21,website,1
2975,0.1876,29.15,79,0,0.0515,23,0,40,google_play,0
2976,0.343,20.32,85,1,0.052,32,0,38,referral,0
2977,0.1499,10.88,58,1,0.2432,64,0,33,app_store,1
2978,0.3206,20.15,74,0,0.0903,57,1,38,app_store,0
2979,0.2812,14.26,46,0,0.1859,57,1,42,app_store,0
2980,0.4341,21.89,79,1,0.0171,36,0,13,website,0
2981,0.1561,39.34,54,1,0.8445,42,1,2,google_play,1
2982,0.2298,17.44,8,0,0.0261,33,0,32,app_store,1
2983,0.5324,81.9,17,1,0.1083,47,0,40,website,0
2984,0.5727,17.02,40,1,0.5611,30,0,3,google_play,0
2985,0.1273,7.63,15,1,0.2716,44,0,5,app_store,1
2986,0.3329,21.67,16,1,0.2731,46,0,39,website,1
2987,0.715,16.58,71,0,0.098,28,0,10,website,0
2988,0.5579,275.81,4,1,0.0468,37,1,38,app_store,0
2989,0.3604,18.29,49,0,0.0702,39,0,11,referral,0
2990,0.2601,8.67,67,0,0.3559,61,0,39,google_play,0
2991,0.2852,25.25,83,1,0.4739,46,1,18,google_play,1
2992,0.0362,21.88,36,0,0.1214,32,0,41,google_play,1
2993,0.1166,10.85,24,1,0.3061,23,1,35,app_store,0
2994,0.4403,31.55,63,0,0.6091,31,0,42,referral,1
2995,0.184,36.46,25,0,0.1131,19,0,31,website,0
2996,0.2116,25.97,9,1,0.1056,54,0,38,app_store,0
2997,0.1532,20.35,45,1,0.1673,28,0,40,google_play,0
2998,0.0935,18.96,25,0,0.1628,44,0,18,referral,0
2999,0.106,15.86,7,1,0.0979,64,1,3,referral,0
3000,0.2874,10.0,57,2,0.1,39,0,44,referral,1
3001,0.3312,69.37,66,1,0.1862,31,0,15,app_store,0
3002,0.0895,135.14,84,0,0.4652,32,1,12,website,1
3003,0.1821,11.95,15,1,0.0061,51,0,46,app_store,0
3004,0.1806,16.09,71,1,0.2256,57,0,13,google_play,1
3005,0.142,11.51,50,0,0.0825,63,0,1,website,0
3006,0.2305,45.76,18,1,0.1178,47,0,46,google_play,0
3007,0.4233,12.05,8,1,0.2385,28,0,12,app_store,0
3008,0.3141,40.0,13,0,0.0707,40,1,1,google_play,0
3009,0.215,33.1,36,1,0.094,56,0,42,app_store,0
3010,0.2759,22.04,64,0,0.0728,32,1,11,google_play,0
3011,0.4769,63.56,50,0,0.0396,48,0,27,google_play,0
3012,0.29,19.2,17,1,0.2485,50,0,9,website,0
3013,0.341,24.57,47,0,0.3337,65,1,38,app_store,1
3014,0.1746,10.47,34,0,0.2968,39,1,14,website,0
3015,0.087,4.44,87,0,0.1593,38,0,25,website,0
3016,0.0248,51.52,80,1,0.3287,60,0,8,app_store,1
3017,0.1739,15.91,60,0,0.6415,20,0,35,website,1
3018,0.28,55.12,66,0,0.0582,63,0,31,google_play,0
3019,0.263,19.17,47,1,0.8736,65,0,18,referral,1
3020,0.065,22.73,56,0,0.0364,28,0,30,website,0
3021,0.1193,28.34,58,2,0.2459,65,0,47,google_play,1
3022,0.3592,16.82,82,2,0.2153,42,0,42,referral,1
3023,0.243,7.92,66,1,0.2278,31,1,14,website,1
3024,0.347,13.33,73,0,0.1464,56,0,9,app_store,1
3025,0.7027,12.62,85,0,0.11,39,0,14,website,1
3026,0.2595,23.96,22,0,0.1404,23,0,36,app_store,0
3027,0.1916,53.62,13,2,0.0149,41,0,38,google_play,0
3028,0.2493,14.76,79,0,0.2873,49,0,37,referral,0
3029,0.2629,22.88,64,0,0.0495,20,0,38,referral,0
3030,0.3225,29.0,11,2,0.2299,25,1,26,app_store,0
3031,0.2575,14.07,1,1,0.0873,40,0,1,referral,0
3032,0.6235,32.13,34,0,0.118,35,0,36,website,0
3033,0.2182,53.0,0,2,0.1289,26,0,27,google_play,1
3034,0.7271,32.31,65,1,0.0475,66,0,24,app_store,0
3035,0.269,23.68,64,2,0.2293,39,0,13,website,1
3036,0.1225,13.62,40,0,0.3429,65,0,17,google_play,0
3037,0.1197,22.58,49,3,0.6654,40,0,2,website,1
3038,0.3376,14.48,62,0,0.1239,22,1,38,google_play,0
3039,0.1597,16.27,71,0,0.1,39,0,18,app_store,0
3040,0.4473,22.52,75,0,0.3327,39,0,32,google_play,1
3041,0.1199,21.21,33,1,0.155,49,0,32,google_play,0
3042,0.0718,50.56,36,1,0.2614,36,0,12,app_store,1
3043,0.0885,16.26,13,0,0.0816,56,0,14,app_store,0
3044,0.4821,32.2,27,1,0.0545,46,0,31,app_store,0
3045,0.0818,17.72,57,0,0.3465,37,0,13,google_play,1
3046,0.4108,12.97,69,0,0.0592,56,0,2,referral,0
3047,0.3566,37.51,46,1,0.0269,58,1,28,app_store,0
3048,0.4942,32.89,20,1,0.352,27,0,40,app_store,0
3049,0.478,16.12,26,0,0.0673,61,0,21,google_play,0
3050,0.1751,2.75,43,0,0.05,66,0,33,website,1
3051,0.3298,53.75,41,0,0.3108,35,0,12,website,0
3052,0.3704,42.27,83,0,0.2632,61,0,31,google_play,1
3053,0.4993,55.03,49,1,0.3899,27,0,47,app_store,1
3054,0.0431,57.14,71,0,0.4523,52,0,15,google_play,1
3055,0.1086,24.79,18,0,0.3393,41,0,16,google_play,1
3056,0.166,18.33,21,0,0.0932,30,0,11,app_store,0
3057,0.2391,7.0,66,3,0.4057,36,0,4,referral,1
3058,0.5745,26.97,36,1,0.2762,29,0,47,app_store,0
3059,0.3518,17.91,54,0,0.5911,32,0,18,google_play,1
3060,0.2217,14.18,34,1,0.0506,22,0,37,website,1
3061,0.324,9.48,5,2,0.0629,59,0,44,website,1
3062,0.3557,11.93,32,1,0.182,29,0,22,referral,0
3063,0.2823,9.56,45,0,0.3954,66,0,32,google_play,0
3064,0.4184,49.16,52,0,0.2173,66,0,34,google_play,1
3065,0.1798,53.57,24,0,0.6597,41,0,13,google_play,0
3066,0.432,14.59,40,2,0.068,32,0,42,google_play,1
3067,0.069,57.81,79,0,0.6164,21,0,35,google_play,1
3068,0.1839,26.36,45,1,0.0781,43,0,6,app_store,0
3069,0.6467,68.56,40,1,0.5256,40,1,8,app_store,0
3070,0.449,37.25,28,0,0.1751,23,0,41,website,0
3071,0.4709,38.19,12,0,0.5794,35,0,8,google_play,0
3072,0.3627,29.12,86,0,0.3909,57,1,31,app_store,0
3073,0.4139,14.8,59,1,0.2377,47,0,15,website,1
3074,0.4937,9.74,13,1,0.0485,64,1,32,website,0
3075,0.2509,28.32,23,1,0.1463,30,1,4,google_play,1
3076,0.167,22.95,79,1,0.3482,68,0,34,referral,1
3077,0.1563,151.35,86,0,0.405,54,0,32,referral,1
3078,0.4073,41.4,48,1,0.2948,33,0,13,google_play,1
3079,0.0739,13.58,3,2,0.2587,68,0,12,website,1
3080,0.368,23.13,74,0,0.1288,31,0,33,referral,0
3081,0.5172,18.96,11,1,0.1852,29,0,22,app_store,0
3082,0.1515,23.87,56,0,0.2023,59,0,35,referral,0
3083,0.1643,9.8,89,1,0.0826,40,0,43,google_play,0
3084,0.3523,46.31,2,0,0.2712,61,0,29,google_play,0
3085,0.0973,18.6,85,0,0.3865,56,0,42,website,1
3086,0.2921,38.78,5,1,0.179,28,0,3,google_play,0
3087,0.3588,16.08,5,0,0.0601,32,1,32,referral,0
3088,0.2428,18.57,50,0,0.2232,63,0,39,app_store,0
3089,0.3842,37.16,34,1,0.4542,55,0,33,website,1
3090,0.4905,5.76,21,1,0.0257,68,0,32,app_store,0
3091,0.1241,48.96,84,0,0.3478,45,0,42,app_store,0
3092,0.3995,68.64,34,1,0.1032,56,0,2,app_store,0
3093,0.2101,67.71,24,0,0.0877,48,0,47,google_play,0
3094,0.3151,15.02,69,1,0.0828,67,1,31,website,0
3095,0.1249,30.3,77,2,0.2198,35,0,46,website,1
3096,0.3097,17.95,58,0,0.3855,66,0,45,app_store,1
3097,0.1934,8.67,46,0,0.4276,26,0,9,website,1
3098,0.3067,26.1,37,1,0.4115,45,0,29,google_play,1
3099,0.2315,8.85,72,0,0.0227,47,0,30,google_play,1
3100,0.3038,37.32,58,1,0.2008,39,0,23,website,1
3101,0.4624,43.52,59,0,0.2429,43,0,21,google_play,0
3102,0.4606,60.57,88,1,0.0499,53,1,27,google_play,0
3103,0.4053,35.12,72,0,0.6119,36,0,12,website,1
3104,0.2591,18.36,69,0,0.2844,26,0,3,google_play,0
3105,0.2445,21.49,30,0,0.0309,64,1,19,app_store,0
3106,0.0516,26.73,69,1,0.2436,34,0,44,website,1
3107,0.2086,68.31,88,0,0.6819,59,0,47,google_play,0
3108,0.4375,68.81,63,0,0.0186,48,0,12,website,0
3109,0.53,23.13,35,0,0.0028,23,1,41,app_store,0
3110,0.4367,48.81,1,0,0.6615,30,0,39,google_play,0
3111,0.0733,17.09,3,0,0.0736,57,0,14,google_play,0
3112,0.1013,33.29,27,0,0.0822,28,0,23,google_play,1
3113,0.1933,19.21,69,0,0.1651,55,0,26,website,0
3114,0.6442,29.1,9,1,0.2473,30,1,3,website,0
3115,0.0687,13.8,19,0,0.0267,57,0,10,google_play,0
3116,0.3657,9.08,32,2,0.08,48,0,33,referral,0
3117,0.2494,10.25,8,0,0.1453,60,0,11,referral,0
3118,0.2884,36.9,53,1,0.1352,50,0,30,google_play,0
3119,0.3338,11.25,61,0,0.1048,22,1,18,google_play,0
3120,0.1019,19.32,2,0,0.0298,58,0,33,google_play,0
3121,0.1519,45.75,70,1,0.542,69,0,10,google_play,1
3122,0.3237,53.74,11,2,0.1054,39,1,19,referral,0
3123,0.2544,12.36,56,1,0.4293,65,0,18,website,1
3124,0.4083,4.57,5,0,0.4629,38,0,6,app_store,1
3125,0.2132,13.98,22,0,0.0502,29,1,21,app_store,0
3126,0.6225,28.23,56,2,0.5264,62,0,37,google_play,1
3127,0.2516,39.24,18,0,0.2402,34,0,14,google_play,0
3128,0.4196,10.74,66,0,0.2467,29,0,29,app_store,1
3129,0.1282,7.12,28,2,0.1817,34,0,12,app_store,1
3130,0.1695,12.99,79,1,0.1391,47,0,15,app_store,0
3131,0.3883,17.06,61,0,0.1653,52,0,32,google_play,0
3132,0.2404,105.78,31,0,0.5184,62,0,27,website,1
3133,0.2937,26.49,5,0,0.1419,53,1,44,google_play,0
3134,0.8009,38.63,67,0,0.3082,57,0,15,app_store,1
3135,0.3323,52.99,77,1,0.0853,21,0,37,google_play,0
3136,0.2374,17.91,41,2,0.1351,24,0,11,google_play,1
3137,0.4392,26.32,86,1,0.1396,29,0,11,app_store,0
3138,0.348,29.29,36,0,0.0741,53,0,41,google_play,0
3139,0.3864,37.5,79,1,0.0595,54,0,43,google_play,0
3140,0.2138,22.42,11,0,0.175,54,0,16,website,0
3141,0.1925,50.95,38,2,0.1817,37,0,11,google_play,0
3142,0.0888,53.11,66,0,0.0912,19,0,7,referral,1
3143,0.1639,20.12,47,0,0.1359,40,0,35,website,1
3144,0.3037,41.74,48,3,0.3922,66,0,13,website,1
3145,0.43,32.22,46,0,0.1674,45,1,20,app_store,0
3146,0.5282,158.1,9,0,0.0872,53,0,11,app_store,0
3147,0.0204,45.94,53,1,0.0436,18,1,16,website,1
3148,0.0543,32.15,1,0,0.2385,60,0,21,website,1
3149,0.0588,16.47,76,2,0.6928,40,0,7,app_store,1
3150,0.4512,11.89,34,0,0.2479,22,0,42,website,0
3151,0.3655,35.5,77,0,0.0515,61,0,44,google_play,0
3152,0.2565,7.42,30,0,0.3103,63,0,44,referral,0
3153,0.1892,76.46,27,1,0.338,53,0,38,google_play,0
3154,0.3102,5.8,58,0,0.3606,40,0,43,app_store,1
3155,0.1791,11.94,9,0,0.1075,46,0,26,google_play,0
3156,0.082,49.4,45,1,0.009,18,0,42,referral,1
3157,0.6194,23.93,50,1,0.1911,29,0,6,app_store,0
3158,0.2672,27.89,24,1,0.2359,38,0,8,google_play,0
3159,0.13,15.16,3,0,0.1051,63,0,28,google_play,1
3160,0.2097,22.44,76,1,0.2668,55,0,9,website,1
3161,0.4125,39.6,60,2,0.1755,31,0,9,google_play,1
3162,0.3768,13.7,69,0,0.2951,51,0,16,app_store,1
3163,0.1435,20.42,64,2,0.1697,62,0,16,app_store,0
3164,0.1755,24.62,82,0,0.0917,52,1,28,google_play,0
3165,0.5282,20.3,60,0,0.4959,19,0,5,referral,1
3166,0.3182,41.5,10,0,0.3069,65,1,1,website,0
3167,0.3611,33.84,23,3,0.3426,39,1,6,website,1
3168,0.1641,22.8,59,0,0.1714,28,0,37,app_store,0
3169,0.0662,7.43,66,1,0.0046,29,1,34,app_store,0
3170,0.2192,56.11,74,1,0.1955,28,0,1,app_store,1
3171,0.2874,12.85,26,0,0.4951,36,1,22,google_play,0
3172,0.376,85.05,30,0,0.0121,66,0,32,website,0
3173,0.2416,13.58,38,0,0.2651,29,1,14,google_play,0
3174,0.0301,29.31,89,1,0.0607,43,0,40,website,1
3175,0.3346,38.29,62,1,0.4537,23,1,2,app_store,1
3176,0.3197,21.38,64,0,0.1474,33,0,41,app_store,0
3177,0.1094,30.52,27,1,0.1346,36,1,16,website,0
3178,0.3083,20.13,27,1,0.1569,47,0,38,app_store,0
3179,0.6644,92.06,79,0,0.2303,63,0,35,app_store,1
3180,0.5108,28.26,45,0,0.0364,54,0,8,app_store,0
3181,0.5514,22.61,29,1,0.0771,65,0,47,app_store,0
3182,0.1515,29.11,36,1,0.4411,51,0,22,google_play,0
3183,0.3731,54.19,77,0,0.308,37,0,38,app_store,1
3184,0.0402,32.24,6,2,0.1805,67,0,19,google_play,1
3185,0.2241,27.89,84,1,0.0587,52,0,46,website,1
3186,0.2625,8.99,52,0,0.5011,48,1,4,app_store,1
3187,0.325,55.08,33,0,0.0857,42,0,46,referral,0
3188,0.3977,31.35,25,1,0.0376,69,0,15,app_store,0
3189,0.3366,17.96,4,1,0.0929,26,0,35,google_play,0
3190,0.1588,30.84,78,1,0.2365,60,0,3,website,1
3191,0.2114,64.95,22,1,0.525,30,0,18,website,0
3192,0.2386,40.47,9,0,0.1008,67,0,24,google_play,0
3193,0.2819,97.32,69,0,0.0098,63,0,32,google_play,0
3194,0.7878,45.24,58,0,0.2401,28,0,33,google_play,1
3195,0.4663,6.36,8,0,0.0584,32,0,8,website,0
3196,0.1662,59.3,39,1,0.07,55,0,27,google_play,0
3197,0.376,7.24,78,2,0.0756,50,0,25,app_store,0
3198,0.0402,63.16,18,0,0.2978,62,1,34,app_store,0
3199,0.2314,45.58,53,1,0.4731,31,0,40,website,1
3200,0.1312,79.52,54,0,0.2231,34,0,39,google_play,1
3201,0.2675,33.45,71,0,0.1612,65,1,9,app_store,0
3202,0.2997,29.97,19,0,0.1436,61,0,4,website,0
3203,0.3401,58.38,68,1,0.3834,60,0,46,website,1
3204,0.359,10.76,0,0,0.4161,55,0,36,referral,0
3205,0.0256,25.23,67,0,0.0559,61,0,7,website,1
3206,0.0666,20.88,1,0,0.1443,39,0,2,website,0
3207,0.2045,18.16,2,0,0.1868,56,0,28,google_play,0
3208,0.2882,16.45,8,0,0.3941,41,0,14,google_play,0
3209,0.2101,27.4,66,1,0.1824,55,1,42,website,0
3210,0.2582,40.56,73,1,0.0281,59,0,34,app_store,0
3211,0.2104,69.49,60,0,0.1373,23,0,28,website,0
3212,0.2594,20.1,86,0,0.2013,35,0,4,google_play,1
3213,0.2318,18.97,54,1,0.2054,26,1,23,website,1
3214,0.0144,3.41,89,0,0.0985,51,0,37,app_store,1
3215,0.548,68.39,77,4,0.3104,21,0,12,website,1
3216,0.1581,9.48,60,0,0.2343,22,1,7,referral,1
3217,0.1595,34.34,47,0,0.1729,66,0,46,google_play,0
3218,0.5421,30.11,45,2,0.1199,69,0,5,app_store,0
3219,0.1081,49.07,51,0,0.392,34,0,2,app_store,1
3220,0.1033,13.25,23,0,0.733,39,0,25,referral,1
3221,0.3429,36.67,46,0,0.1908,59,0,4,website,1
3222,0.1578,76.7,6,0,0.19,46,0,36,referral,0
3223,0.2632,28.87,67,0,0.0423,69,0,10,google_play,0
3224,0.2418,13.29,89,0,0.015,30,0,45,website,0
3225,0.4394,8.78,83,1,0.5253,30,0,10,website,1
3226,0.0939,69.56,63,0,0.1348,68,1,47,app_store,1
3227,0.3993,18.04,53,0,0.049,47,0,47,website,0
3228,0.3006,20.73,41,0,0.0878,21,0,35,google_play,0
3229,0.1604,144.02,31,0,0.2484,22,0,23,referral,0
3230,0.0134,46.81,19,0,0.1002,51,1,44,app_store,0
3231,0.0962,54.71,46,2,0.3358,33,0,47,app_store,1
3232,0.0302,77.41,65,0,0.1297,54,0,7,app_store,0
3233,0.3905,8.23,85,0,0.3549,37,0,32,google_play,1
3234,0.3153,71.83,50,0,0.3327,54,0,24,website,1
3235,0.6313,79.01,16,0,0.194,44,0,41,website,0
3236,0.2652,17.95,50,0,0.1941,44,0,30,website,0
3237,0.0992,41.53,81,2,0.8946,34,0,37,app_store,1
3238,0.3058,48.29,40,1,0.0266,51,0,8,google_play,0
3239,0.2886,14.95,74,1,0.275,44,0,34,website,1
3240,0.3505,46.53,73,1,0.4746,60,0,6,app_store,1
3241,0.2509,15.73,33,2,0.114,30,0,47,google_play,1
3242,0.4247,150.57,66,0,0.7844,34,1,15,app_store,0
3243,0.1794,27.47,78,1,0.0516,50,0,13,website,0
3244,0.3073,36.49,14,1,0.2446,23,0,33,google_play,0
3245,0.1853,7.85,67,1,0.0745,68,0,23,website,0
3246,0.2325,32.37,42,0,0.0484,58,0,25,app_store,0
3247,0.1903,57.63,85,1,0.2195,42,0,46,website,1
3248,0.2991,13.12,82,1,0.0607,49,0,6,website,0
3249,0.3295,17.02,45,0,0.3123,45,1,3,google_play,0
3250,0.3514,14.92,58,0,0.3917,43,0,2,app_store,0
3251,0.1613,10.94,64,0,0.1483,45,0,29,google_play,0
3252,0.2617,9.91,25,0,0.0793,30,1,18,app_store,0
3253,0.2031,50.42,31,0,0.2882,33,0,18,app_store,0
3254,0.1211,10.12,63,0,0.15,25,0,33,google_play,1
3255,0.1527,7.04,34,1,0.332,50,0,19,app_store,1
3256,0.3274,16.9,10,1,0.0489,54,0,29,referral,0
3257,0.526,25.41,16,0,0.107,28,0,15,website,0
3258,0.1225,36.83,29,0,0.0503,47,1,7,website,0
3259,0.2129,13.18,51,0,0.2358,47,0,38,app_store,0
3260,0.5001,16.25,58,0,0.1755,23,1,29,app_store,0
3261,0.1037,35.82,0,0,0.0473,65,0,24,website,1
3262,0.1645,46.21,23,1,0.1992,55,0,2,referral,1
3263,0.3158,58.58,82,2,0.3207,32,0,41,website,1
3264,0.3098,34.32,16,0,0.4434,68,0,1,google_play,0
3265,0.676,7.69,29,0,0.0334,30,0,39,google_play,0
3266,0.2451,13.29,58,3,0.411,18,0,16,website,1
3267,0.2697,59.01,56,0,0.2098,64,0,32,app_store,0
3268,0.2679,84.74,84,2,0.617,68,0,25,website,1
3269,0.2913,23.07,87,0,0.3505,19,0,3,website,1
3270,0.0434,21.69,31,0,0.0518,37,0,2,website,1
3271,0.2968,12.17,37,0,0.1332,46,0,32,website,0
3272,0.2505,66.3,22,1,0.0694,33,0,35,website,0
3273,0.5234,11.7,6,0,0.0457,31,0,18,referral,0
3274,0.1699,96.85,72,0,0.3614,27,0,38,google_play,1
3275,0.1903,23.17,33,3,0.1457,69,0,39,google_play,0
3276,0.3877,13.44,60,0,0.1538,25,0,47,website,0
3277,0.413,7.04,88,1,0.144,50,0,39,referral,1
3278,0.5237,20.3,52,1,0.1498,57,0,8,google_play,0
3279,0.7243,22.46,86,1,0.3181,69,1,15,referral,1
3280,0.3699,19.63,41,0,0.1425,67,1,4,website,0
3281,0.118,24.62,61,0,0.025,25,1,22,referral,1
3282,0.2686,64.71,59,0,0.3049,56,0,45,website,0
3283,0.0768,37.83,61,0,0.0166,58,1,32,referral,0
3284,0.074,28.12,89,2,0.1302,38,0,30,referral,1
3285,0.5287,54.55,43,1,0.3055,40,0,31,google_play,0
3286,0.1499,12.92,48,0,0.1999,34,0,32,app_store,1
3287,0.3068,40.42,45,1,0.1728,24,0,17,website,0
3288,0.2821,39.89,70,1,0.1424,32,0,37,google_play,0
3289,0.35,70.09,49,0,0.1774,38,0,21,app_store,0
3290,0.2239,9.4,16,0,0.1485,52,0,15,app_store,0
3291,0.2331,13.38,35,1,0.1125,43,0,25,google_play,0
3292,0.5104,13.91,2,0,0.214,32,0,31,referral,0
3293,0.5384,34.29,73,2,0.0584,37,0,10,website,0
3294,0.2903,28.7,49,0,0.1247,56,1,30,app_store,0
3295,0.1635,36.5,81,2,0.0917,46,0,35,app_store,1
3296,0.3135,5.61,49,1,0.0428,69,0,8,website,0
3297,0.0981,68.75,77,0,0.0368,32,1,37,website,0
3298,0.3254,28.92,76,0,0.1984,68,0,39,app_store,0
3299,0.5531,36.12,25,1,0.0103,27,0,20,website,0
3300,0.217,31.79,53,0,0.6917,65,1,24,referral,1
3301,0.6626,15.81,18,0,0.0886,29,0,11,website,0
3302,0.2878,35.26,30,0,0.2226,56,0,29,google_play,0
3303,0.3873,25.88,87,0,0.101,55,0,17,google_play,0
3304,0.4224,25.64,43,0,0.108,56,1,43,website,0
3305,0.2589,34.65,14,0,0.2631,37,0,21,referral,0
3306,0.091,22.83,86,1,0.3447,69,1,30,app_store,1
3307,0.2239,9.46,33,2,0.0974,39,0,36,google_play,0
3308,0.3177,21.61,65,0,0.2432,41,0,20,app_store,0
3309,0.5379,76.52,4,0,0.1526,36,1,26,app_store,0
3310,0.1977,16.65,11,2,0.028,57,0,16,app_store,0
3311,0.3108,26.2,18,0,0.057,22,0,30,app_store,1
3312,0.4839,43.99,84,0,0.0759,38,0,29,referral,0
3313,0.2505,108.15,38,2,0.2999,67,0,14,google_play,1
3314,0.6027,20.51,79,3,0.4478,55,0,8,google_play,1
3315,0.1994,10.39,5,0,0.1619,34,1,30,website,0
3316,0.076,39.28,61,0,0.1549,30,0,15,website,0
3317,0.2868,13.89,51,0,0.0721,56,0,4,referral,0
3318,0.1494,30.17,27,1,0.6319,35,0,45,google_play,0
3319,0.1275,37.5,38,0,0.1136,39,0,41,google_play,0
3320,0.2902,17.54,29,0,0.1066,42,0,20,google_play,0
3321,0.2424,20.28,38,0,0.0883,63,0,9,app_store,0
3322,0.6015,43.53,46,0,0.0368,25,0,45,app_store,0
3323,0.11,52.71,68,0,0.2397,41,0,26,google_play,1
3324,0.1278,25.3,77,2,0.2603,60,0,11,google_play,1
3325,0.4573,27.61,35,1,0.1651,64,0,34,google_play,0
3326,0.0917,11.17,76,0,0.2313,55,1,8,google_play,1
3327,0.3305,26.65,6,2,0.0792,41,0,25,app_store,0
3328,0.1002,18.65,37,0,0.0639,35,0,11,referral,1
3329,0.4424,25.92,61,0,0.0896,31,0,44,google_play,0
3330,0.2007,66.2,77,1,0.0301,64,0,42,google_play,0
3331,0.1949,11.15,62,0,0.1054,25,0,45,google_play,0
3332,0.2083,55.85,39,1,0.2198,29,0,10,website,1
3333,0.2514,28.12,46,0,0.0994,43,0,38,website,0
3334,0.0821,24.07,36,2,0.0409,38,1,43,website,1
3335,0.167,13.35,0,0,0.0736,46,0,39,app_store,0
3336,0.0619,29.83,69,0,0.2063,19,0,21,google_play,1
3337,0.1065,112.17,85,1,0.0301,59,0,7,website,1
3338,0.2091,4.12,40,2,0.3502,25,0,26,app_store,1
3339,0.2133,6.24,27,0,0.1323,52,0,45,app_store,0
3340,0.5639,21.68,74,1,0.3273,56,0,16,google_play,1
3341,0.0916,30.84,27,0,0.2155,40,0,16,app_store,0
3342,0.5756,47.35,70,0,0.4316,24,0,40,app_store,0
3343,0.2854,33.67,16,2,0.4063,68,1,9,google_play,1
3344,0.4632,7.81,1,0,0.0958,37,0,14,app_store,0
3345,0.2587,37.76,57,0,0.0963,60,0,37,website,0
3346,0.5124,21.74,75,0,0.3738,38,0,13,app_store,0
3347,0.4239,45.59,53,0,0.1185,60,0,2,website,1
3348,0.207,14.85,44,1,0.4093,29,0,47,google_play,0
3349,0.0753,8.4,79,2,0.1315,18,0,29,website,1
3350,0.045,17.89,59,0,0.1217,23,1,21,website,0
3351,0.2856,34.6,56,0,0.0486,28,0,32,referral,0
3352,0.1844,32.07,0,0,0.6315,39,1,25,google_play,1
3353,0.3604,24.82,24,1,0.0163,39,0,12,referral,0
3354,0.6065,15.99,9,0,0.0442,45,0,26,google_play,0
3355,0.3668,22.37,70,1,0.1081,58,0,27,app_store,0
3356,0.1108,69.22,12,1,0.7755,32,0,14,google_play,1
3357,0.1543,146.42,26,0,0.1313,68,0,26,referral,0
3358,0.2705,33.05,31,2,0.4088,38,0,8,website,1
3359,0.4849,50.28,80,0,0.2049,67,0,30,referral,0
3360,0.2709,14.74,46,2,0.2146,37,0,11,google_play,1
3361,0.4528,63.26,9,1,0.4061,46,0,40,google_play,0
3362,0.0988,19.21,20,2,0.0144,55,0,9,google_play,1
3363,0.1717,10.11,38,2,0.031,22,0,12,website,0
3364,0.5042,54.96,39,1,0.3139,41,0,27,google_play,0
3365,0.1929,26.12,88,1,0.0608,57,0,32,app_store,0
3366,0.3062,65.08,72,0,0.3176,55,0,13,app_store,1
3367,0.4957,43.75,68,2,0.2065,60,0,46,website,1
3368,0.1596,9.92,89,0,0.1836,42,0,1,referral,0
3369,0.2079,27.92,31,1,0.328,29,0,12,app_store,0
3370,0.1222,13.1,47,0,0.0563,43,0,5,app_store,0
3371,0.2676,59.42,67,1,0.3832,33,0,21,google_play,1
3372,0.1769,26.06,75,0,0.1707,52,0,29,referral,0
3373,0.4219,15.47,1,0,0.1278,65,1,45,google_play,0
3374,0.3078,5.92,30,2,0.2304,32,0,7,website,1
3375,0.268,55.5,1,0,0.0675,65,0,33,website,0
3376,0.2194,19.3,10,1,0.0033,25,0,40,google_play,0
3377,0.0828,20.42,36,1,0.0839,56,1,19,app_store,0
3378,0.4122,34.42,42,1,0.2414,63,0,22,google_play,0
3379,0.3038,13.21,86,0,0.2702,53,0,37,app_store,1
3380,0.2091,8.48,31,1,0.0266,47,1,19,google_play,1
3381,0.3219,28.08,51,0,0.2851,68,1,8,referral,0
3382,0.1427,12.78,68,1,0.371,34,0,4,app_store,1
3383,0.3159,23.25,9,1,0.1733,48,0,26,app_store,0
3384,0.4883,13.39,61,1,0.2299,64,0,9,referral,1
3385,0.2734,9.47,51,2,0.0651,28,0,17,app_store,0
3386,0.2135,7.78,70,0,0.1871,38,0,36,app_store,0
3387,0.2288,26.33,81,0,0.12,48,0,41,website,0
3388,0.52,52.86,40,1,0.0888,64,0,34,website,0
3389,0.1575,48.65,51,0,0.1355,64,0,42,website,0
3390,0.2204,24.96,14,0,0.0345,50,0,27,google_play,1
3391,0.2697,66.51,25,0,0.4464,69,0,12,google_play,0
3392,0.0551,16.86,34,0,0.513,49,0,2,referral,1
3393,0.2282,43.52,87,2,0.3032,61,0,47,referral,1
3394,0.4932,17.38,49,0,0.3234,68,0,30,website,1
3395,0.0587,14.76,84,2,0.2614,59,0,43,website,1
3396,0.1519,43.24,24,3,0.4188,57,0,9,website,1
3397,0.1703,33.21,42,0,0.2077,55,0,33,referral,1
3398,0.1322,38.12,27,0,0.0733,35,0,45,google_play,0
3399,0.1266,8.65,75,0,0.2083,28,0,32,referral,1
3400,0.1815,50.42,56,1,0.1915,28,0,32,google_play,0
3401,0.5097,39.41,27,0,0.088,44,1,39,app_store,0
3402,0.1106,18.5,13,2,0.2161,18,0,13,website,1
3403,0.1144,36.9,19,0,0.1642,65,0,17,website,1
3404,0.1636,52.84,82,0,0.1611,38,0,23,google_play,0
3405,0.6168,14.66,40,1,0.4559,65,0,47,website,0
3406,0.3357,14.72,67,0,0.0294,28,0,16,google_play,0
3407,0.3102,20.05,80,1,0.2385,67,0,29,app_store,1
3408,0.4927,5.18,54,1,0.1697,40,0,34,app_store,0
3409,0.1782,30.91,68,1,0.2434,32,0,33,app_store,1
3410,0.2242,46.41,27,0,0.1885,32,0,16,referral,0
3411,0.0433,36.56,89,0,0.2735,62,0,42,website,1
3412,0.2737,34.31,47,0,0.0101,20,0,35,google_play,0
3413,0.2415,50.22,70,0,0.1125,20,1,47,app_store,0
3414,0.427,22.87,48,0,0.1867,56,0,18,referral,0
3415,0.1178,8.16,70,1,0.2478,51,0,26,app_store,1
3416,0.5929,26.86,88,2,0.4914,35,0,33,app_store,1
3417,0.6304,61.01,76,0,0.0953,37,0,7,website,0
3418,0.1881,31.59,28,2,0.3332,52,1,47,google_play,0
3419,0.0649,18.91,3,0,0.1693,67,0,25,website,0
3420,0.2202,42.47,40,2,0.2456,68,0,41,google_play,0
3421,0.4566,32.15,64,0,0.2597,29,0,10,website,1
3422,0.5375,21.09,76,2,0.327,41,0,44,app_store,1
3423,0.4826,26.67,7,0,0.5016,36,0,3,website,0
3424,0.5243,19.65,49,0,0.4812,65,0,43,app_store,1
3425,0.1075,37.73,44,1,0.0998,21,0,21,google_play,0
3426,0.0809,13.07,52,0,0.1104,69,1,37,google_play,1
3427,0.133,30.91,43,0,0.6895,21,1,15,website,1
3428,0.4287,45.08,76,1,0.2556,30,0,4,referral,1
3429,0.4569,28.98,67,1,0.2927,30,0,37,app_store,1
3430,0.4224,29.21,16,1,0.0213,69,0,1,app_store,0
3431,0.2689,25.76,84,1,0.3443,57,0,28,google_play,1
3432,0.0658,35.67,59,0,0.2205,38,1,1,app_store,1
3433,0.1623,19.08,15,0,0.1526,24,1,29,website,0
3434,0.4055,22.39,48,0,0.1276,38,0,20,referral,1
3435,0.1375,13.06,83,0,0.1443,45,0,34,app_store,0
3436,0.1991,20.31,19,0,0.0973,67,0,20,app_store,0
3437,0.3872,6.03,63,1,0.2379,58,0,43,website,1
3438,0.3339,25.03,70,0,0.1992,64,0,41,referral,1
3439,0.3301,37.76,55,1,0.0144,33,0,13,website,0
3440,0.3318,23.41,46,1,0.1304,30,0,42,website,1
3441,0.32,46.75,66,0,0.0831,49,0,13,app_store,0
3442,0.4057,62.47,41,1,0.0699,33,0,42,website,0
3443,0.1494,24.26,19,0,0.3384,46,0,36,website,0
3444,0.25,12.21,5,1,0.0245,49,0,31,app_store,0
3445,0.1356,52.67,5,2,0.3431,61,0,46,referral,1
3446,0.0501,45.72,56,0,0.2412,48,0,44,referral,1
3447,0.2574,33.59,19,1,0.1777,24,0,33,app_store,0
3448,0.8783,16.99,23,1,0.5174,36,0,31,app_store,0
3449,0.2746,31.96,31,1,0.1331,22,0,24,website,0
3450,0.1783,19.73,56,0,0.0489,63,1,14,app_store,0
3451,0.1564,14.68,38,0,0.2767,65,0,20,app_store,0
3452,0.5766,31.54,74,2,0.0544,24,0,27,app_store,0
3453,0.2147,12.41,10,1,0.3518,65,1,28,referral,0
3454,0.4537,41.64,10,1,0.1889,37,0,29,app_store,0
3455,0.2143,29.88,68,0,0.363,26,0,10,website,1
3456,0.0773,22.69,32,1,0.1692,33,0,8,app_store,1
3457,0.4143,23.83,49,1,0.2998,30,0,37,google_play,1
3458,0.1302,11.57,55,0,0.1852,59,0,22,website,0
3459,0.0919,12.07,59,0,0.2372,38,0,21,website,1
3460,0.2863,82.52,66,0,0.2147,21,0,42,website,0
3461,0.2824,22.07,7,1,0.1497,54,0,32,website,0
3462,0.2811,9.05,23,0,0.2499,47,0,43,website,0
3463,0.3231,46.66,45,0,0.1511,55,0,16,google_play,0
3464,0.208,11.98,13,1,0.2214,59,0,28,google_play,0
3465,0.3536,36.73,78,1,0.1295,61,0,31,website,0
3466,0.1594,68.85,27,0,0.5812,44,0,40,google_play,1
3467,0.397,21.07,77,1,0.0264,19,0,17,app_store,0
3468,0.5099,55.17,42,1,0.1795,35,1,37,website,0
3469,0.2624,41.0,63,0,0.0723,23,0,14,app_store,0
3470,0.4307,73.8,89,1,0.2957,19,0,23,app_store,1
3471,0.2467,36.87,54,1,0.0792,46,0,24,website,0
3472,0.3395,16.94,26,0,0.1891,42,0,22,referral,0
3473,0.3839,5.71,83,0,0.0305,57,0,23,google_play,0
3474,0.0926,14.09,13,1,0.5069,37,0,46,app_store,1
3475,0.4824,17.26,9,1,0.3565,49,0,10,app_store,1
3476,0.3735,49.15,4,0,0.1419,48,0,11,google_play,0
3477,0.0983,57.39,3,1,0.1605,58,1,7,referral,0
3478,0.1246,11.39,29,0,0.0488,46,0,41,google_play,0
3479,0.2293,57.75,65,0,0.4183,55,0,25,app_store,0
3480,0.2036,14.28,60,1,0.0854,36,0,34,google_play,0
3481,0.4288,13.69,31,0,0.1709,33,1,25,referral,0
3482,0.2662,9.31,76,2,0.6223,52,0,26,website,1
3483,0.2485,31.08,11,0,0.0453,45,1,10,app_store,0
3484,0.1181,16.28,35,1,0.2446,37,0,36,website,1
3485,0.1003,61.5,84,1,0.1441,65,0,24,app_store,1
3486,0.1283,12.99,82,1,0.1147,34,1,7,referral,0
3487,0.164,40.96,1,0,0.3167,63,0,38,app_store,0
3488,0.1543,10.5,31,0,0.6246,27,0,28,google_play,1
3489,0.2779,50.52,71,0,0.1247,67,0,12,website,0
3490,0.2688,26.63,87,0,0.1655,28,0,19,google_play,1
3491,0.547,30.12,36,1,0.2423,55,0,45,website,0
3492,0.0247,19.09,26,1,0.0391,37,1,29,referral,0
3493,0.0321,18.35,34,0,0.2204,31,0,36,google_play,1
3494,0.1477,34.73,48,0,0.222,69,0,29,app_store,0
3495,0.1483,87.0,37,0,0.0599,39,0,19,website,0
3496,0.5846,11.77,73,1,0.0866,18,0,29,app_store,0
3497,0.3133,19.33,31,2,0.2049,54,0,26,app_store,0
3498,0.1958,15.98,71,0,0.0394,46,1,20,app_store,0
3499,0.267,8.51,9,0,0.1893,36,1,15,google_play,0
3500,0.4286,8.44,85,1,0.1611,26,0,34,app_store,0
3501,0.2362,14.69,63,1,0.2247,19,0,41,google_play,1
3502,0.4221,18.59,62,2,0.4054,55,0,14,google_play,1
3503,0.2237,66.11,46,1,0.0462,29,0,3,website,1
3504,0.3162,49.03,1,0,0.1037,41,1,20,website,0
3505,0.3602,13.81,35,1,0.3761,32,0,6,website,0
3506,0.3124,42.14,50,0,0.5516,20,0,26,app_store,1
3507,0.044,14.02,47,1,0.0587,60,0,1,app_store,1
3508,0.2991,23.07,20,1,0.0299,54,1,19,app_store,0
3509,0.1316,30.77,43,0,0.103,25,0,43,google_play,0
3510,0.1422,107.45,59,0,0.2665,62,0,19,website,1
3511,0.1876,29.61,22,1,0.0236,59,0,42,website,0
3512,0.2202,8.72,77,1,0.2688,25,0,10,website,1
3513,0.3712,41.3,13,1,0.1881,34,0,46,website,0
3514,0.0889,54.38,8,0,0.3705,19,0,43,app_store,0
3515,0.491,45.7,71,0,0.3821,29,0,41,google_play,1
3516,0.2774,12.23,50,2,0.2509,50,0,1,google_play,1
3517,0.3636,26.76,64,1,0.4768,38,0,8,google_play,1
3518,0.0757,24.23,56,0,0.1466,39,0,12,google_play,0
3519,0.0891,84.66,17,0,0.0446,59,0,13,app_store,1
3520,0.2552,37.78,19,0,0.04,47,1,28,website,0
3521,0.7967,81.59,10,0,0.1611,57,1,31,website,0
3522,0.4759,14.93,26,1,0.0185,61,0,27,website,0
3523,0.6513,21.08,49,0,0.4672,48,1,44,referral,1
3524,0.2992,16.84,48,0,0.1948,52,1,29,google_play,0
3525,0.0472,48.67,58,0,0.0619,27,1,33,google_play,0
3526,0.1512,54.47,35,0,0.1556,42,0,46,google_play,0
3527,0.1544,32.25,52,1,0.034,58,0,12,google_play,0
3528,0.2169,26.22,7,1,0.0744,55,0,21,website,1
3529,0.3727,32.87,24,0,0.0467,56,0,43,app_store,0
3530,0.1725,9.32,70,1,0.2067,42,0,29,google_play,1
3531,0.2035,18.4,65,0,0.2498,42,1,39,google_play,0
3532,0.4899,19.46,70,0,0.2784,52,0,17,google_play,1
3533,0.4533,24.3,19,1,0.3683,27,0,23,google_play,0
3534,0.3386,15.54,53,1,0.0542,68,0,25,google_play,0
3535,0.42,13.54,46,1,0.0842,26,0,33,app_store,1
3536,0.3006,8.02,50,0,0.177,53,0,39,app_store,0
3537,0.5617,33.2,17,1,0.0535,23,0,41,google_play,0
3538,0.1956,9.39,18,0,0.063,64,0,29,app_store,0
3539,0.3431,49.38,31,0,0.0467,46,1,37,app_store,0
3540,0.3157,30.78,35,0,0.4044,56,0,10,website,1
3541,0.2867,45.63,44,0,0.3338,32,1,19,website,1
3542,0.2806,13.14,67,5,0.2599,67,1,44,app_store,1
3543,0.4719,90.44,51,0,0.2058,50,0,5,website,1
3544,0.1925,116.02,80,0,0.077,54,0,4,referral,1
3545,0.1899,25.05,9,0,0.1862,42,0,9,website,0
3546,0.4494,32.31,69,0,0.0468,31,0,46,google_play,0
3547,0.347,24.31,32,0,0.6564,44,0,19,google_play,1
3548,0.4152,49.66,66,0,0.1132,18,0,22,google_play,0
3549,0.1266,42.73,48,0,0.5007,58,0,40,google_play,1
3550,0.0983,7.08,6,2,0.111,61,0,30,app_store,1
3551,0.3677,13.75,71,1,0.3077,67,0,27,google_play,1
3552,0.1433,32.3,27,1,0.1293,25,0,18,google_play,0
3553,0.2686,42.17,23,1,0.1237,26,0,17,website,1
3554,0.4724,27.24,20,1,0.014,67,0,41,app_store,0
3555,0.2742,7.48,71,3,0.2328,65,0,34,app_store,1
3556,0.1658,36.22,56,0,0.1804,32,0,13,website,1
3557,0.2723,88.0,86,0,0.3021,18,0,41,website,1
3558,0.5357,4.92,11,0,0.1662,27,0,22,referral,0
3559,0.2915,47.35,58,0,0.4121,51,0,42,app_store,0
3560,0.0294,88.45,19,0,0.0346,24,0,41,app_store,0
3561,0.2123,47.49,66,0,0.0807,62,0,4,google_play,0
3562,0.2673,23.18,15,0,0.4864,40,0,32,google_play,0
3563,0.4246,45.96,72,0,0.2677,66,0,36,referral,1
3564,0.3253,23.09,37,2,0.3685,61,0,11,app_store,1
3565,0.3514,35.85,77,0,0.4722,19,1,10,website,1
3566,0.3158,26.01,35,1,0.0812,43,0,20,google_play,0
3567,0.1183,26.52,8,1,0.0969,36,0,35,app_store,1
3568,0.1168,14.39,19,1,0.371,29,0,23,website,0
3569,0.2401,17.74,28,0,0.1444,58,0,1,app_store,0
3570,0.0603,76.5,17,0,0.1554,37,0,26,website,0
3571,0.3028,15.9,45,1,0.0884,22,1,23,google_play,0
3572,0.1703,6.24,72,1,0.1931,50,0,18,website,1
3573,0.0832,287.37,30,2,0.1248,54,0,4,google_play,1
3574,0.3981,18.07,7,3,0.1199,43,0,21,app_store,0
3575,0.1087,20.33,19,0,0.0774,45,0,21,app_store,0
3576,0.3676,18.51,40,0,0.0733,67,0,2,website,1
3577,0.56,24.81,82,1,0.404,33,0,6,app_store,1
3578,0.1394,14.42,51,0,0.3799,64,1,9,referral,1
3579,0.1715,69.59,69,0,0.0859,40,1,4,website,0
3580,0.1266,21.33,20,1,0.0488,29,0,31,google_play,0
3581,0.427,11.8,20,0,0.31,23,0,23,google_play,0
3582,0.2933,3.29,9,1,0.2159,44,0,45,app_store,0
3583,0.1656,52.79,21,0,0.11,33,0,46,website,0
3584,0.4569,18.02,85,0,0.1625,54,0,44,app_store,0
3585,0.2232,31.91,56,0,0.0416,29,0,7,google_play,0
3586,0.1263,12.8,48,0,0.0401,62,0,47,google_play,0
3587,0.2305,26.2,41,1,0.0161,54,0,43,google_play,0
3588,0.2009,24.07,9,0,0.1649,44,0,12,app_store,0
3589,0.0671,46.74,27,0,0.3008,66,0,18,google_play,0
3590,0.0533,27.55,17,1,0.2625,18,0,20,app_store,0
3591,0.0678,11.18,75,0,0.1424,60,1,36,app_store,1
3592,0.0832,131.85,23,2,0.0747,48,0,14,google_play,1
3593,0.3154,33.25,84,0,0.4374,43,0,28,google_play,1
3594,0.1543,12.66,22,1,0.2518,61,0,18,app_store,1
3595,0.1466,28.0,32,0,0.1337,32,1,13,google_play,1
3596,0.1133,32.26,8,1,0.0064,35,0,5,app_store,0
3597,0.296,34.43,58,0,0.2246,28,0,30,website,0
3598,0.3385,31.64,13,0,0.4616,21,0,28,referral,0
3599,0.3755,29.13,30,0,0.1182,25,1,39,app_store,0
3600,0.4305,46.64,87,1,0.0321,60,0,42,website,0
3601,0.5042,40.83,85,0,0.1431,22,1,46,app_store,0
3602,0.1005,41.37,7,0,0.0653,41,0,36,google_play,1
3603,0.5331,7.07,36,0,0.1862,59,0,15,website,0
3604,0.1419,7.29,51,1,0.0658,34,0,1,google_play,1
3605,0.322,14.08,18,0,0.3677,59,0,37,app_store,0
3606,0.2464,20.62,7,0,0.0941,21,0,9,website,0
3607,0.0403,14.41,35,1,0.0953,65,1,10,app_store,0
3608,0.5575,12.05,44,0,0.3165,38,0,44,google_play,0
3609,0.5552,29.0,28,2,0.4922,61,0,43,google_play,0
3610,0.2231,13.32,76,0,0.0763,55,0,35,website,0
3611,0.657,4.56,45,0,0.1446,53,0,12,app_store,0
3612,0.2602,9.48,33,0,0.261,55,1,4,website,0
3613,0.3638,16.01,8,0,0.7075,18,0,29,app_store,0
3614,0.3284,20.48,84,0,0.094,28,1,41,app_store,1
3615,0.439,46.02,55,0,0.5593,44,0,13,google_play,1
3616,0.4393,33.25,79,1,0.0743,52,0,10,website,0
3617,0.5077,6.03,69,1,0.3765,54,0,21,app_store,1
3618,0.2038,67.82,54,1,0.3206,46,0,22,app_store,1
3619,0.2171,21.34,23,1,0.3516,69,0,5,website,1
3620,0.768,25.75,25,1,0.2401,51,0,25,website,0
3621,0.5314,26.71,22,1,0.2444,24,0,15,google_play,0
3622,0.7456,13.51,61,0,0.3352,25,0,12,app_store,0
3623,0.0428,36.39,30,1,0.1802,67,0,14,website,1
3624,0.2437,6.27,11,0,0.2314,52,0,40,app_store,1
3625,0.1994,62.68,46,1,0.3,21,0,38,app_store,0
3626,0.538,27.97,4,1,0.094,41,0,41,google_play,0
3627,0.3462,31.64,9,1,0.4729,42,0,27,google_play,0
3628,0.3226,35.47,78,0,0.0901,55,0,43,app_store,0
3629,0.2773,18.01,49,0,0.3679,45,1,40,google_play,1
3630,0.2849,59.73,22,0,0.0774,65,1,24,website,1
3631,0.1289,14.77,59,2,0.1252,43,0,6,app_store,1
3632,0.1585,12.18,33,1,0.0209,42,0,37,google_play,1
3633,0.2951,27.23,88,1,0.0517,39,0,3,google_play,1
3634,0.3681,9.35,77,0,0.0978,44,0,6,google_play,0
3635,0.1998,16.5,86,0,0.1804,58,0,14,app_store,0
3636,0.6469,29.45,23,0,0.2863,59,1,6,google_play,0
3637,0.2862,41.04,28,0,0.0792,22,0,19,website,0
3638,0.0536,23.9,55,0,0.0677,54,0,6,app_store,1
3639,0.4668,13.03,59,0,0.347,52,0,3,website,1
3640,0.426,19.37,12,0,0.2199,65,0,39,app_store,0
3641,0.3886,15.37,65,0,0.0882,42,1,14,referral,0
3642,0.2717,22.91,35,0,0.0982,28,0,18,website,1
3643,0.2714,15.89,74,0,0.0583,51,0,3,website,1
3644,0.2047,12.38,44,0,0.0025,63,0,9,google_play,0
3645,0.5354,11.34,7,2,0.0194,37,1,34,google_play,0
3646,0.177,6.77,51,0,0.542,33,1,11,referral,1
3647,0.3227,52.29,11,1,0.4571,62,0,42,website,0
3648,0.3407,40.49,64,1,0.26,47,0,19,referral,1
3649,0.2699,10.38,26,0,0.0397,39,1,11,google_play,0
3650,0.3317,38.69,46,0,0.0202,29,0,8,app_store,1
3651,0.5412,25.27,24,0,0.4381,29,0,1,app_store,1
3652,0.1314,9.93,12,1,0.0855,18,0,44,website,1
3653,0.1703,11.76,70,0,0.1683,32,0,9,app_store,1
3654,0.2307,22.1,18,1,0.0289,35,0,43,google_play,0
3655,0.0562,41.22,73,0,0.3315,58,0,2,app_store,1
3656,0.2997,37.18,57,0,0.0743,45,1,23,website,0
3657,0.2782,16.83,42,1,0.1844,31,0,2,referral,1
3658,0.441,33.83,44,0,0.4623,45,0,45,google_play,0
3659,0.4871,21.89,42,0,0.1981,52,0,22,google_play,0
3660,0.1833,14.67,38,0,0.2225,22,0,21,referral,0
3661,0.2043,48.06,46,0,0.1342,60,1,31,google_play,0
3662,0.2688,27.36,1,2,0.3994,53,0,39,website,1
3663,0.4886,35.08,2,0,0.6161,34,1,45,app_store,0
3664,0.1307,11.38,56,3,0.1052,47,0,32,app_store,1
3665,0.2979,17.05,35,2,0.0715,66,0,46,google_play,1
3666,0.0725,43.56,72,0,0.0918,47,0,26,google_play,1
3667,0.0574,20.16,8,0,0.1403,52,0,20,google_play,0
3668,0.0823,20.99,10,3,0.1488,45,0,36,website,1
3669,0.3041,11.67,11,0,0.1389,65,0,37,google_play,0
3670,0.1436,28.16,78,0,0.2923,46,0,16,referral,0
3671,0.1234,11.53,61,0,0.4076,59,0,7,google_play,1
3672,0.1485,31.69,42,0,0.3645,20,0,20,website,0
3673,0.3278,12.24,48,0,0.7137,63,0,14,website,1
3674,0.4472,21.19,26,0,0.1212,64,0,4,google_play,0
3675,0.328,73.89,39,0,0.0904,66,0,45,google_play,1
3676,0.1338,31.69,29,0,0.2419,24,0,31,google_play,0
3677,0.0552,19.25,68,0,0.016,31,0,40,google_play,1
3678,0.0134,44.69,69,0,0.17,69,0,39,google_play,0
3679,0.3742,14.78,52,0,0.069,18,0,6,website,0
3680,0.1238,12.3,20,1,0.5328,35,0,12,google_play,1
3681,0.4423,19.01,23,1,0.1649,20,0,33,google_play,0
3682,0.606,52.94,34,0,0.0549,65,0,33,app_store,0
3683,0.5304,50.89,59,2,0.3261,39,0,32,website,1
3684,0.1944,17.33,79,2,0.0844,37,1,38,app_store,0
3685,0.4713,20.11,25,2,0.068,59,0,43,app_store,0
3686,0.2117,32.92,71,0,0.2161,23,0,19,app_store,1
3687,0.0942,134.25,9,2,0.1414,34,0,25,website,1
3688,0.4919,20.77,12,0,0.2156,42,0,7,referral,0
3689,0.476,64.57,85,0,0.7586,21,0,28,app_store,1
3690,0.1558,29.21,29,1,0.1168,36,0,46,app_store,0
3691,0.2842,44.58,75,0,0.0628,20,0,10,app_store,0
3692,0.189,49.87,32,1,0.0509,38,0,2,app_store,0
3693,0.4829,27.75,49,0,0.2339,57,0,41,website,0
3694,0.1851,24.05,1,2,0.2075,50,0,35,website,0
3695,0.5044,21.22,8,1,0.1516,40,0,45,google_play,0
3696,0.448,31.36,86,1,0.117,65,0,8,app_store,0
3697,0.3164,56.34,38,0,0.1347,29,0,6,website,0
3698,0.3938,61.92,68,0,0.097,66,0,32,referral,0
3699,0.0657,57.25,51,0,0.0564,46,0,37,website,1
3700,0.1966,17.7,60,0,0.2996,43,1,3,app_store,1
3701,0.3728,16.48,29,1,0.0734,32,0,38,google_play,0
3702,0.4729,13.74,85,1,0.2067,51,0,38,referral,0
3703,0.5219,27.33,17,0,0.1614,67,0,47,google_play,0
3704,0.0528,47.14,65,0,0.2701,35,0,18,app_store,1
3705,0.2185,16.52,45,1,0.0299,54,0,18,website,1
3706,0.1029,21.58,48,1,0.1446,37,1,4,google_play,1
3707,0.0632,38.58,79,0,0.3422,23,0,46,referral,1
3708,0.2893,19.59,1,1,0.2099,26,1,46,website,0
3709,0.1276,21.47,28,2,0.428,33,0,8,app_store,1
3710,0.2988,53.52,70,0,0.1967,53,1,2,website,1
3711,0.2005,24.94,78,0,0.027,48,0,41,google_play,0
3712,0.3467,14.82,83,2,0.2077,62,0,42,app_store,1
3713,0.4103,26.24,34,0,0.5728,37,0,32,website,0
3714,0.2327,33.23,36,0,0.1076,19,1,6,google_play,0
3715,0.135,141.62,25,1,0.225,29,0,16,website,0
3716,0.3797,71.05,34,0,0.2769,42,1,14,app_store,0
3717,0.0695,229.21,77,0,0.4418,28,0,32,referral,1
3718,0.1188,11.64,32,1,0.0828,30,0,9,referral,1
3719,0.1932,64.97,8,0,0.2425,66,0,1,google_play,1
3720,0.0654,72.75,89,1,0.0508,62,0,31,website,1
3721,0.0543,25.06,68,0,0.3472,39,0,35,app_store,1
3722,0.3458,18.64,12,0,0.1077,45,0,26,app_store,0
3723,0.4293,41.1,42,2,0.1146,28,0,11,app_store,0
3724,0.2977,19.53,69,1,0.3112,31,0,15,google_play,0
3725,0.0711,11.01,7,3,0.2079,62,0,19,app_store,1
3726,0.1472,9.1,20,1,0.2139,56,0,43,google_play,0
3727,0.3747,8.6,60,1,0.3016,43,0,34,app_store,0
3728,0.3254,28.88,67,0,0.1086,34,0,23,website,0
3729,0.4755,39.25,33,3,0.0823,59,0,45,app_store,0
3730,0.4933,12.4,3,0,0.435,69,0,32,google_play,1
3731,0.6248,34.42,68,1,1.0,23,0,30,google_play,1
3732,0.1724,34.25,65,1,0.2318,31,0,7,google_play,1
3733,0.2773,31.27,46,1,0.3265,51,1,35,app_store,1
3734,0.1415,39.49,23,0,0.2209,29,0,5,website,1
3735,0.1697,28.53,72,0,0.1879,68,0,33,website,0
3736,0.2621,62.37,62,1,0.1096,27,0,30,app_store,1
3737,0.1959,37.96,2,0,0.3166,34,0,16,referral,0
3738,0.1406,10.19,74,0,0.3995,59,0,18,referral,1
3739,0.341,88.95,43,0,0.1798,46,0,26,google_play,0
3740,0.1321,12.52,62,0,0.3363,18,0,6,google_play,1
3741,0.382,24.26,45,0,0.3301,65,0,17,website,0
3742,0.3787,146.42,8,1,0.4083,36,0,40,google_play,0
3743,0.2882,34.56,76,1,0.0211,57,0,15,app_store,0
3744,0.2246,13.79,78,1,0.0606,22,0,8,google_play,0
3745,0.091,31.05,77,0,0.074,29,0,37,referral,1
3746,0.253,35.36,48,0,0.0697,34,0,19,google_play,0
3747,0.3392,28.24,43,1,0.115,46,1,12,google_play,0
3748,0.1367,17.21,20,1,0.5627,36,0,33,app_store,1
3749,0.3632,10.02,24,0,0.0412,65,0,46,website,0
3750,0.5043,10.86,14,0,0.1485,31,0,1,app_store,0
3751,0.4275,14.22,39,0,0.2969,62,1,6,app_store,0
3752,0.7205,60.73,58,0,0.2218,44,0,15,referral,0
3753,0.2335,10.45,65,0,0.112,53,1,21,app_store,0
3754,0.3053,27.36,35,1,0.2452,24,0,30,website,0
3755,0.2366,65.29,6,0,0.1155,31,0,35,google_play,0
3756,0.1081,38.69,81,0,0.0377,52,1,43,google_play,1
3757,0.1972,66.35,87,0,0.2413,28,0,38,google_play,1
3758,0.0384,16.27,62,1,0.2527,21,0,42,website,1
3759,0.4463,38.08,57,0,0.1647,31,0,44,referral,0
3760,0.1861,54.91,80,2,0.338,49,0,6,app_store,1
3761,0.3053,47.41,38,0,0.3759,59,0,15,app_store,0
3762,0.1339,45.74,45,0,0.4036,37,0,4,app_store,1
3763,0.299,10.63,53,0,0.5922,36,0,10,website,1
3764,0.2694,39.13,46,0,0.6347,24,0,7,app_store,1
3765,0.3394,34.52,80,0,0.0913,52,0,1,app_store,1
3766,0.1234,22.08,21,2,0.8949,44,0,28,referral,0
3767,0.0842,16.06,36,1,0.0271,42,0,18,google_play,1
3768,0.4026,33.63,86,3,0.2006,48,0,13,app_store,1
3769,0.1085,12.29,20,1,0.3624,24,0,2,app_store,1
3770,0.3075,18.14,55,0,0.0322,62,0,27,app_store,1
3771,0.4461,47.44,60,1,0.4074,23,0,33,app_store,0
3772,0.4883,50.88,77,0,0.1418,49,1,40,website,0
3773,0.3011,34.38,4,1,0.0726,54,0,1,google_play,0
3774,0.1623,17.78,45,0,0.0181,69,0,28,referral,0
3775,0.4779,11.27,33,0,0.5046,47,0,6,app_store,0
3776,0.206,14.22,40,0,0.0801,68,0,37,google_play,0
3777,0.0125,60.34,18,1,0.1407,62,0,32,google_play,1
3778,0.3346,28.11,28,1,0.1863,68,0,4,website,1
3779,0.3437,22.84,67,0,0.161,67,0,18,website,0
3780,0.5183,27.51,84,0,0.0401,51,0,27,google_play,0
3781,0.1202,39.61,77,1,0.2041,33,0,28,google_play,0
3782,0.2624,11.96,66,0,0.2175,61,0,41,app_store,0
3783,0.587,17.45,72,0,0.1242,40,1,47,google_play,0
3784,0.083,38.56,66,0,0.1688,61,0,20,website,1
3785,0.2005,29.02,9,1,0.1804,38,0,20,google_play,0
3786,0.3606,53.21,57,0,0.1729,20,0,42,referral,0
3787,0.4572,41.57,12,0,0.2051,63,0,36,website,0
3788,0.28,14.29,32,0,0.1833,23,0,20,website,1
3789,0.2997,2.37,83,0,0.1442,56,1,14,google_play,0
3790,0.2796,28.3,81,0,0.1568,21,0,25,website,0
3791,0.5782,11.8,55,1,0.0292,39,0,31,website,0
3792,0.2972,35.0,63,1,0.2748,43,0,7,referral,1
3793,0.4645,74.69,24,0,0.3208,64,1,11,referral,0
3794,0.2765,11.93,67,1,0.0792,22,1,21,website,1
3795,0.3275,38.57,53,0,0.155,37,1,11,app_store,0
3796,0.0936,45.11,46,0,0.0281,43,1,9,app_store,0
3797,0.2907,31.25,65,0,0.2725,51,1,32,google_play,1
3798,0.4887,30.86,83,0,0.0837,49,0,26,google_play,0
3799,0.1631,5.73,60,0,0.4876,32,0,12,google_play,1
3800,0.5801,25.68,37,1,0.2517,23,0,14,google_play,0
3801,0.3375,24.38,33,2,0.0622,29,0,20,referral,1
3802,0.197,51.15,23,1,0.1096,21,1,5,google_play,0
3803,0.3528,48.04,55,2,0.0867,46,0,9,referral,0
3804,0.3067,17.16,32,0,0.2383,50,0,44,referral,0
3805,0.0761,6.49,7,0,0.085,48,0,20,google_play,0
3806,0.0906,8.03,50,0,0.1609,28,0,2,website,1
3807,0.1646,65.77,82,0,0.2406,58,0,40,google_play,1
3808,0.0677,23.24,1,0,0.3244,27,0,47,google_play,0
3809,0.2446,8.91,72,1,0.1941,54,0,27,website,0
3810,0.2271,9.72,77,0,0.1282,57,0,3,app_store,0
3811,0.1692,28.83,79,1,0.5175,23,0,43,website,1
3812,0.2726,26.7,8,3,0.1374,58,1,14,referral,1
3813,0.467,78.19,23,0,0.0633,46,0,43,google_play,1
3814,0.3738,23.19,71,0,0.0946,19,0,5,referral,1
3815,0.3373,32.15,21,2,0.0105,69,0,44,app_store,0
3816,0.6226,23.82,87,0,0.3868,20,0,34,app_store,1
3817,0.4682,43.52,50,0,0.0785,27,1,14,website,0
3818,0.4305,84.1,30,0,0.1188,42,0,7,website,0
3819,0.2574,47.52,33,0,0.2525,32,0,42,app_store,1
3820,0.6722,97.49,39,0,0.0834,38,0,16,app_store,0
3821,0.2441,35.83,17,1,0.0324,37,1,30,referral,0
3822,0.2722,8.08,32,0,0.0346,51,1,21,website,0
3823,0.0295,13.78,71,0,0.0902,46,0,13,google_play,1
3824,0.3367,43.58,6,0,0.1402,55,0,43,google_play,0
3825,0.1373,20.72,7,1,0.3347,57,0,26,google_play,0
3826,0.5651,24.56,35,0,0.5915,28,0,37,app_store,0
3827,0.2589,13.91,2,1,0.2978,40,0,45,referral,0
3828,0.101,67.43,39,1,0.332,51,0,40,google_play,1
3829,0.2137,71.66,74,0,0.1306,61,0,40,website,0
3830,0.5909,20.9,47,0,0.1963,38,0,46,app_store,0
3831,0.3887,21.04,19,1,0.1265,60,1,2,app_store,0
3832,0.7826,59.91,5,0,0.1908,41,0,28,referral,0
3833,0.7753,51.02,78,2,0.136,53,0,19,app_store,0
3834,0.2014,7.83,70,0,0.0283,23,0,7,website,1
3835,0.3719,39.47,50,0,0.1017,69,0,2,google_play,0
3836,0.085,34.71,25,0,0.6179,47,0,2,google_play,1
3837,0.0213,27.96,54,0,0.2613,26,0,44,google_play,1
3838,0.3204,13.27,68,1,0.0205,52,0,17,website,1
3839,0.1961,13.48,1,0,0.0916,54,0,19,google_play,0
3840,0.1064,2.8,67,0,0.3898,20,0,1,website,1
3841,0.1571,15.49,39,1,0.1973,49,1,8,website,0
3842,0.1629,6.18,34,2,0.2246,46,1,34,app_store,1
3843,0.2859,16.8,82,1,0.0611,35,0,38,app_store,1
3844,0.3182,32.51,73,0,0.4603,42,0,9,website,1
3845,0.2738,10.83,67,2,0.1594,40,1,4,google_play,1
3846,0.4217,62.32,63,1,0.3035,23,0,41,google_play,0
3847,0.4748,96.46,23,1,0.3475,32,0,19,app_store,0
3848,0.2297,28.96,85,1,0.2826,26,0,31,app_store,1
3849,0.1421,37.56,3,0,0.3249,28,1,47,website,0
3850,0.1347,7.9,31,1,0.6371,39,1,45,google_play,0
3851,0.1037,27.89,12,0,0.3252,34,0,15,website,1
3852,0.0758,9.17,17,0,0.1085,37,0,30,google_play,1
3853,0.1101,7.34,71,2,0.0701,28,0,19,google_play,1
3854,0.0889,10.11,20,0,0.3627,48,1,39,google_play,0
3855,0.4491,22.02,44,0,0.1957,36,0,2,website,0
3856,0.2492,23.84,63,1,0.0184,68,0,8,google_play,0
3857,0.264,23.31,43,0,0.1136,24,0,7,google_play,0
3858,0.1286,10.86,23,1,0.6225,23,0,31,app_store,1
3859,0.0965,26.42,77,0,0.1122,28,0,34,google_play,0
3860,0.0505,15.08,29,0,0.0524,39,1,34,website,1
3861,0.1914,26.85,40,0,0.1924,40,0,15,website,0
3862,0.3076,20.8,20,0,0.0693,50,0,9,app_store,0
3863,0.43,6.95,40,0,0.2059,60,1,3,google_play,0
3864,0.112,15.25,3,1,0.1243,54,0,9,referral,1
3865,0.1967,35.91,5,2,0.1673,32,0,34,website,1
3866,0.2119,44.13,2,1,0.1653,27,0,17,google_play,0
3867,0.3803,10.36,70,0,0.2543,61,0,29,website,1
3868,0.4009,14.37,26,0,0.4932,46,0,13,app_store,0
3869,0.647,17.94,40,1,0.4407,20,0,46,referral,0
3870,0.2116,55.7,37,0,0.333,25,0,39,app_store,0
3871,0.093,34.07,84,1,0.0584,30,0,26,app_store,0
3872,0.2586,10.01,71,1,0.1536,63,0,42,website,0
3873,0.3211,34.62,20,0,0.0577,57,0,5,referral,0
3874,0.6429,59.63,5,0,0.1643,63,1,24,website,0
3875,0.1874,28.54,17,0,0.1403,66,1,16,referral,1
3876,0.6561,14.26,16,0,0.5612,22,0,37,google_play,0
3877,0.1892,44.42,0,0,0.1677,20,0,9,app_store,0
3878,0.3184,27.92,65,0,0.1464,48,0,30,website,0
3879,0.4014,20.6,62,0,0.1345,61,0,26,google_play,0
3880,0.2058,45.84,50,0,0.0783,24,0,30,referral,0
3881,0.0396,24.47,48,1,0.1212,46,0,14,website,0
3882,0.0984,25.96,24,1,0.1687,55,0,21,app_store,0
3883,0.0454,44.8,25,4,0.1967,41,0,14,app_store,1
3884,0.0868,17.28,8,1,0.2328,29,0,8,referral,0
3885,0.0712,10.92,29,0,0.1372,33,0,30,website,1
3886,0.3329,30.8,37,0,0.1383,44,1,43,website,0
3887,0.4606,72.95,27,0,0.5419,36,0,23,app_store,1
3888,0.0815,4.99,80,1,0.1786,63,0,42,google_play,1
3889,0.3934,40.99,34,1,0.1004,62,0,33,referral,0
3890,0.1218,25.14,67,1,0.1063,28,0,45,google_play,0
3891,0.1038,16.88,27,4,0.082,68,0,32,website,1
3892,0.3763,15.6,79,0,0.0305,33,1,36,app_store,0
3893,0.564,46.16,39,0,0.1737,57,0,6,google_play,0
3894,0.1211,39.48,68,1,0.288,52,0,10,google_play,1
3895,0.256,11.87,76,0,0.2294,20,0,3,app_store,1
3896,0.0709,30.36,75,0,0.3627,51,0,6,website,1
3897,0.3776,64.11,47,0,0.1466,52,0,22,app_store,0
3898,0.1166,39.97,74,1,0.1301,39,1,20,google_play,1
3899,0.2989,7.63,69,1,0.0925,24,0,43,website,0
3900,0.3277,38.56,17,0,0.0462,35,0,1,referral,0
3901,0.0778,10.25,51,2,0.2957,66,0,38,website,1
3902,0.3086,28.58,46,2,0.4474,18,1,36,referral,1
3903,0.4995,14.54,24,1,0.1094,37,0,42,website,0
3904,0.1187,32.52,61,0,0.0439,21,0,20,referral,0
3905,0.203,15.35,87,0,0.0683,54,1,47,app_store,0
3906,0.0523,11.79,39,0,0.1537,42,0,27,app_store,1
3907,0.1949,30.58,16,0,0.262,42,0,20,website,0
3908,0.3177,26.6,66,1,0.7065,59,1,15,referral,1
3909,0.2011,43.6,85,1,0.9592,55,1,38,website,1
3910,0.3124,16.93,3,1,0.0062,69,1,8,app_store,0
3911,0.3084,8.5,84,1,0.2399,43,1,18,app_store,1
3912,0.1975,39.38,65,1,0.0963,66,1,37,google_play,0
3913,0.3376,67.55,16,3,0.028,24,0,1,app_store,1
3914,0.2536,16.37,33,0,0.1832,48,0,25,website,0
3915,0.3235,34.48,14,1,0.0845,20,0,20,app_store,1
3916,0.1619,19.72,50,2,0.2147,36,0,34,google_play,1
3917,0.3834,94.9,26,0,0.3475,24,1,15,website,0
3918,0.4705,16.98,57,0,0.269,47,0,1,website,1
3919,0.1678,23.75,54,0,0.626,40,0,14,google_play,1
3920,0.0459,5.96,71,2,0.0135,39,0,11,referral,1
3921,0.1595,73.79,38,0,0.2088,49,0,31,google_play,1
3922,0.2053,16.88,54,3,0.0712,55,0,1,google_play,1
3923,0.2955,60.88,76,0,0.1503,36,1,28,app_store,0
3924,0.166,15.35,38,0,0.1595,61,0,42,website,0
3925,0.5267,23.22,88,1,0.3298,64,0,4,referral,1
3926,0.527,14.2,41,0,0.2654,38,0,35,website,1
3927,0.3551,12.75,39,0,0.2085,59,0,36,app_store,0
3928,0.4416,19.98,53,0,0.4607,20,0,17,website,1
3929,0.3584,22.27,1,1,0.0679,51,0,44,app_store,1
3930,0.1842,19.0,47,0,0.0565,66,1,15,google_play,0
3931,0.1657,8.45,87,1,0.2677,42,0,16,website,1
3932,0.2639,29.92,56,1,0.2143,47,0,47,app_store,1
3933,0.1431,6.24,37,0,0.2126,44,0,30,app_store,0
3934,0.3073,19.37,41,2,0.1534,28,1,39,referral,0
3935,0.2698,8.11,45,0,0.0919,20,0,10,google_play,0
3936,0.1395,46.07,9,3,0.1881,24,0,17,google_play,1
3937,0.0881,58.12,56,1,0.089,35,0,6,google_play,0
3938,0.2533,37.13,10,2,0.1304,31,0,20,website,0
3939,0.1478,17.58,68,0,0.2746,65,1,1,referral,1
3940,0.121,14.6,10,2,0.0497,62,1,7,website,1
3941,0.293,20.54,43,0,0.3252,26,0,33,google_play,0
3942,0.1877,23.61,84,2,0.1216,29,0,28,app_store,0
3943,0.3661,34.39,3,2,0.2459,50,1,3,website,0
3944,0.0852,32.41,5,2,0.0179,35,0,40,app_store,1
3945,0.2817,5.89,56,0,0.0284,50,0,15,website,1
3946,0.155,39.0,60,0,0.4463,66,1,37,app_store,1
3947,0.1112,32.13,40,1,0.3122,31,0,23,app_store,0
3948,0.1585,14.19,16,1,0.0502,22,0,19,google_play,1
3949,0.1269,12.46,48,1,0.4346,32,0,6,google_play,0
3950,0.1588,25.61,64,0,0.6645,24,0,43,google_play,1
3951,0.5925,27.83,24,0,0.0683,30,0,37,google_play,0
3952,0.098,11.34,12,0,0.0967,44,0,17,google_play,1
3953,0.2648,25.55,0,0,0.0048,54,0,47,website,0
3954,0.3928,27.91,86,2,0.3861,58,1,13,website,1
3955,0.3599,44.73,11,2,0.0865,33,0,31,app_store,0
3956,0.07,22.7,59,0,0.0272,23,0,10,google_play,1
3957,0.2343,5.93,52,1,0.0199,50,0,21,app_store,0
3958,0.0758,29.27,48,1,0.0863,22,0,23,google_play,1
3959,0.7243,7.51,58,0,0.0218,31,1,27,google_play,0
3960,0.3927,13.53,15,0,0.2674,29,0,44,app_store,0
3961,0.1913,9.53,11,0,0.1512,25,0,27,google_play,0
3962,0.2578,34.66,48,1,1.0,25,0,23,google_play,1
3963,0.0662,11.47,39,0,0.3456,49,0,36,website,0
3964,0.5129,49.38,50,0,0.3376,43,0,22,google_play,1
3965,0.1857,10.91,56,1,0.4021,34,0,2,website,1
3966,0.2071,5.99,87,2,0.0491,60,1,6,referral,0
3967,0.093,19.23,38,1,0.4348,38,0,47,website,1
3968,0.5855,9.68,66,0,0.115,55,1,19,google_play,0
3969,0.3769,61.66,62,0,0.3092,56,0,34,referral,0
3970,0.3949,15.25,23,0,0.4485,39,0,35,app_store,0
3971,0.1967,55.03,84,0,0.0047,24,0,39,google_play,0
3972,0.2349,19.8,80,2,0.1177,66,0,35,website,1
3973,0.3613,31.48,29,1,0.0949,62,0,24,website,0
3974,0.4183,16.94,32,0,0.2208,23,0,25,website,1
3975,0.1618,129.54,71,1,0.1071,46,0,16,google_play,0
3976,0.3758,10.98,62,2,0.1188,52,0,11,referral,1
3977,0.3119,2.9,21,1,0.1002,22,0,30,google_play,1
3978,0.2882,29.43,15,0,0.0621,69,0,13,google_play,0
3979,0.6125,11.97,52,0,0.0216,42,0,20,referral,0
3980,0.0853,28.3,67,2,0.1719,51,1,2,google_play,1
3981,0.1265,23.37,78,2,0.1062,28,0,15,google_play,1
3982,0.2859,16.94,34,1,0.1919,23,1,14,referral,1
3983,0.2272,18.45,79,1,0.0758,24,1,27,referral,0
3984,0.5495,32.67,67,0,0.4498,50,0,9,website,0
3985,0.4392,19.05,37,2,0.1353,67,1,29,referral,0
3986,0.2464,22.04,69,1,0.548,41,0,42,app_store,1
3987,0.2989,17.31,74,0,0.0481,41,0,40,app_store,0
3988,0.2237,76.7,80,1,0.1555,25,0,29,app_store,0
3989,0.1289,61.36,42,1,0.3219,40,0,15,google_play,1
3990,0.192,8.75,48,0,0.0332,68,0,16,google_play,0
3991,0.3058,24.58,58,1,0.0703,39,0,30,google_play,0
3992,0.2152,13.87,25,0,0.3772,30,0,3,app_store,1
3993,0.2599,10.26,47,0,0.3619,27,0,43,google_play,0
3994,0.5517,2.61,52,0,0.1351,61,0,6,website,0
3995,0.0405,19.53,50,0,0.1598,62,1,19,app_store,0
3996,0.0154,20.61,30,2,0.3218,57,0,44,google_play,1
3997,0.3502,63.38,6,0,0.0814,44,0,45,website,0
3998,0.4274,51.07,47,0,0.1813,65,0,31,app_store,0
3999,0.1131,34.61,76,0,0.0681,26,1,25,google_play,0
4000,0.2125,41.12,64,1,0.0475,23,1,29,referral,0
4001,0.2445,44.53,27,0,0.3381,52,1,47,referral,0
4002,0.1979,34.51,54,0,0.0394,32,0,35,referral,0
4003,0.1226,64.67,9,0,0.0276,55,0,4,app_store,0
4004,0.2101,10.09,57,0,0.2823,38,0,32,website,1
4005,0.1838,17.44,32,0,0.0639,27,1,1,referral,0
4006,0.5551,15.8,50,0,0.3042,68,0,38,google_play,1
4007,0.2995,16.68,7,0,0.4202,67,1,45,google_play,0
4008,0.2784,22.06,38,0,0.0201,32,1,44,google_play,0
4009,0.2585,76.92,2,0,0.0853,50,0,37,app_store,0
4010,0.106,45.91,68,0,0.3667,33,0,32,website,1
4011,0.2385,57.75,33,2,0.1532,40,0,37,google_play,0
4012,0.143,23.23,86,0,0.1799,46,0,9,google_play,0
4013,0.379,22.51,44,0,0.3364,45,0,39,google_play,1
4014,0.3008,36.78,8,0,0.0566,57,0,17,google_play,0
4015,0.0991,33.2,81,0,0.1075,49,0,7,website,1
4016,0.4601,33.18,42,0,0.3232,51,0,29,app_store,0
4017,0.1475,124.32,34,1,0.2318,69,0,40,app_store,0
4018,0.2001,36.97,61,1,0.078,69,0,32,website,0
4019,0.4439,14.14,72,0,0.0772,66,0,18,google_play,0
4020,0.5208,14.99,64,1,0.1653,25,0,13,app_store,0
4021,0.3911,44.23,56,1,0.2375,20,1,11,website,0
4022,0.5408,41.87,85,0,0.1111,20,0,47,referral,0
4023,0.5157,48.67,41,1,0.1905,69,0,10,website,1
4024,0.4043,35.33,40,0,0.2097,51,0,10,website,1
4025,0.339,11.85,4,1,0.3811,25,1,26,website,1
4026,0.3497,71.93,45,0,0.2509,69,0,16,website,0
4027,0.7694,62.8,76,0,0.2045,21,0,28,website,0
4028,0.2805,18.73,25,3,0.0732,29,0,11,app_store,1
4029,0.1083,31.71,55,0,0.471,18,0,17,referral,1
4030,0.1063,27.94,73,0,0.0328,55,0,30,website,1
4031,0.3448,18.91,19,3,0.3219,67,0,3,google_play,1
4032,0.4052,10.9,0,0,0.0286,52,0,15,app_store,0
4033,0.0409,36.68,24,0,0.2372,55,0,36,app_store,0
4034,0.3297,8.63,3,1,0.2857,25,0,16,app_store,0
4035,0.2527,16.17,66,0,0.1787,31,0,15,website,0
4036,0.4779,81.31,29,0,0.2757,51,0,34,app_store,0
4037,0.449,32.83,73,0,0.1249,30,0,24,website,1
4038,0.2137,32.08,68,0,0.0301,31,1,34,website,0
4039,0.1258,19.96,65,0,0.0946,36,0,4,website,1
4040,0.2265,8.22,22,0,0.2236,60,0,27,website,0
4041,0.2654,32.79,18,2,0.1189,46,0,38,referral,0
4042,0.3496,34.79,28,1,0.4282,20,0,15,referral,0
4043,0.2356,42.77,6,0,0.041,56,0,8,referral,0
4044,0.0742,18.64,30,2,0.1424,24,0,13,app_store,1
4045,0.3364,18.43,39,1,0.17,24,1,15,app_store,0
4046,0.3342,36.51,48,0,0.4325,47,0,44,referral,1
4047,0.4724,10.17,48,0,0.0343,68,0,8,website,0
4048,0.2562,43.34,73,1,0.2214,57,1,37,google_play,1
4049,0.4365,21.93,48,0,0.2025,63,0,46,website,1
4050,0.3469,30.12,70,0,0.3467,30,0,34,app_store,1
4051,0.1398,123.39,49,0,0.1771,50,0,3,website,0
4052,0.0811,20.28,20,1,0.0902,23,0,3,app_store,1
4053,0.181,27.05,63,1,0.0522,29,0,42,website,0
4054,0.0886,25.05,88,0,0.1617,49,0,3,website,0
4055,0.2592,6.14,51,1,0.0584,37,0,6,referral,0
4056,0.2992,37.64,52,0,0.2751,18,1,45,website,1
4057,0.2065,4.78,21,1,0.2798,65,0,4,app_store,0
4058,0.6526,41.69,68,1,0.0256,40,0,24,website,0
4059,0.0929,15.12,3,0,0.2254,52,0,12,app_store,0
4060,0.2743,14.63,64,0,0.2413,69,0,26,website,1
4061,0.3461,23.88,43,0,0.1561,47,1,1,google_play,0
4062,0.0952,9.7,83,1,0.1232,42,0,27,website,1
4063,0.5204,22.68,17,0,0.0962,40,0,30,website,1
4064,0.6906,11.39,43,0,0.0962,53,0,40,referral,0
4065,0.3994,9.95,36,0,0.1145,34,0,34,referral,0
4066,0.0678,21.05,74,2,0.2588,24,1,22,google_play,1
4067,0.366,57.77,20,1,0.6524,57,0,46,google_play,0
4068,0.2516,40.67,36,0,0.4242,27,0,28,referral,0
4069,0.2879,16.77,43,1,0.251,54,1,1,website,0
4070,0.7079,21.88,50,0,0.6413,56,0,26,website,0
4071,0.226,16.78,21,2,0.0742,46,0,28,google_play,1
4072,0.4344,10.63,36,0,0.2727,69,0,5,app_store,0
4073,0.0701,11.79,27,1,0.0833,69,0,14,website,1
4074,0.3723,29.53,13,0,0.0064,57,0,1,website,0
4075,0.0619,14.71,17,0,0.0919,68,1,43,referral,1
4076,0.2107,23.51,18,0,0.4592,20,0,43,app_store,1
4077,0.4377,12.01,53,0,0.1076,25,1,6,google_play,0
4078,0.4377,42.7,66,0,0.1825,53,0,2,referral,0
4079,0.1556,38.37,61,0,0.3564,35,0,25,website,1
4080,0.2977,72.94,0,2,0.2713,23,0,36,referral,1
4081,0.3572,63.63,48,1,0.0758,65,0,20,google_play,0
4082,0.4442,12.87,20,0,0.0071,54,0,4,google_play,0
4083,0.2849,13.44,89,1,0.0051,51,0,9,referral,0
4084,0.4392,31.37,13,0,0.4061,26,1,14,website,0
4085,0.5135,13.19,38,0,0.1512,56,0,13,app_store,0
4086,0.2408,28.92,50,1,0.0131,20,0,12,app_store,0
4087,0.2243,19.25,16,1,0.2003,56,1,35,website,1
4088,0.182,46.6,4,0,0.0776,50,1,31,app_store,0
4089,0.2202,47.55,74,1,0.2117,64,0,11,app_store,1
4090,0.2889,19.8,28,2,0.1939,33,0,4,google_play,1
4091,0.1861,6.82,40,1,0.1816,38,1,47,referral,0
4092,0.4749,49.76,66,0,0.0926,35,0,47,referral,0
4093,0.5217,15.99,34,0,0.1205,51,0,17,google_play,0
4094,0.3425,24.13,41,2,0.1286,49,0,20,referral,0
4095,0.3882,22.29,48,0,0.0516,22,0,34,app_store,1
4096,0.0387,32.1,67,1,0.1236,18,0,23,website,1
4097,0.2973,15.87,12,0,0.2029,29,1,32,referral,0
4098,0.1646,11.21,89,1,0.2936,68,0,34,app_store,1
4099,0.1897,27.28,82,0,0.103,38,0,39,google_play,0
4100,0.4058,43.75,55,0,0.4131,45,0,11,google_play,1
4101,0.4028,22.51,74,0,0.0605,22,0,34,google_play,0
4102,0.2707,22.46,62,1,0.0586,45,0,22,google_play,1
4103,0.3996,10.69,83,0,0.1712,33,1,37,app_store,0
4104,0.1281,35.16,2,0,0.0795,32,0,22,google_play,0
4105,0.5304,36.98,42,0,0.0739,34,0,44,website,0
4106,0.4835,22.76,88,0,0.2805,32,0,8,website,1
4107,0.2101,12.4,29,1,0.2067,45,0,28,app_store,0
4108,0.1951,25.98,75,0,0.7431,56,1,12,website,1
4109,0.3646,27.55,12,1,0.0576,41,0,45,website,0
4110,0.257,23.84,0,0,0.2453,41,0,37,app_store,0
4111,0.1162,11.49,59,0,0.4551,56,0,35,google_play,1
4112,0.3131,29.3,82,1,0.4738,34,0,37,app_store,0
4113,0.118,27.49,21,1,0.0255,54,0,43,app_store,0
4114,0.2726,32.89,74,0,0.5686,42,0,20,website,1
4115,0.0718,22.3,27,0,0.1009,52,0,12,referral,0
4116,0.426,60.25,87,1,0.2652,52,0,46,referral,0
4117,0.2617,24.5,1,0,0.2676,29,0,28,referral,0
4118,0.327,65.14,66,0,0.0357,27,0,14,referral,1
4119,0.5278,28.67,86,0,0.4944,62,1,18,google_play,1
4120,0.4862,10.9,47,0,0.0604,25,0,36,app_store,0
4121,0.4111,44.04,75,0,0.1342,51,0,28,website,0
4122,0.0466,19.01,5,0,0.0088,49,0,15,website,1
4123,0.3822,17.98,64,0,0.0922,48,0,6,website,0
4124,0.5709,50.74,4,0,0.4594,60,0,35,referral,0
4125,0.1394,10.23,68,0,0.1447,59,0,39,app_store,1
4126,0.1369,7.2,15,0,0.0215,63,0,26,website,0
4127,0.2754,21.04,74,0,0.3821,33,0,37,referral,1
4128,0.1939,30.3,47,1,0.0107,58,0,13,website,0
4129,0.4974,45.03,19,1,0.0421,38,0,4,website,0
4130,0.116,27.15,73,1,0.1084,26,1,29,website,1
4131,0.1448,5.08,42,0,0.1516,30,1,38,app_store,0
4132,0.0483,12.43,83,3,0.1714,41,0,15,google_play,1
4133,0.2167,10.16,39,1,0.2781,18,0,35,google_play,1
4134,0.1219,6.56,39,1,0.4261,35,0,39,app_store,1
4135,0.1838,21.78,3,1,0.1451,29,0,37,referral,1
4136,0.2684,35.08,19,0,0.2521,56,0,6,referral,0
4137,0.6269,48.42,55,1,0.3341,24,0,16,google_play,1
4138,0.3252,34.73,23,0,0.2756,36,0,13,google_play,0
4139,0.2696,16.6,11,2,0.0995,54,0,29,google_play,0
4140,0.2881,52.33,20,1,0.1624,39,0,10,google_play,0
4141,0.5021,21.17,51,1,0.3159,26,0,44,google_play,1
4142,0.4432,25.59,33,1,0.0225,64,1,2,google_play,0
4143,0.5368,15.43,67,1,0.1522,61,1,28,referral,0
4144,0.1788,20.67,83,1,0.1925,46,0,39,website,1
4145,0.2083,18.27,9,2,0.2169,26,0,14,referral,1
4146,0.146,9.33,6,1,0.1806,38,0,25,website,1
4147,0.2156,38.32,15,2,0.6424,47,1,13,referral,0
4148,0.1954,27.59,1,1,0.3067,58,0,33,website,1
4149,0.3946,42.8,78,0,0.3395,24,0,18,app_store,1
4150,0.0728,14.99,67,0,0.1544,42,0,37,app_store,1
4151,0.2807,40.2,65,1,0.0883,54,0,11,app_store,0
4152,0.2656,8.18,82,1,0.1197,59,0,15,website,1
4153,0.398,35.84,70,0,0.1439,41,0,25,google_play,0
4154,0.187,39.37,74,0,0.1461,58,0,26,website,0
4155,0.4502,11.86,13,0,0.0395,27,0,35,app_store,0
4156,0.2292,53.61,78,0,0.0373,41,0,24,app_store,0
4157,0.2018,73.04,61,1,0.0678,35,1,14,google_play,0
4158,0.1872,16.41,12,1,0.4851,54,0,2,app_store,0
4159,0.1088,67.67,12,0,0.3121,33,0,33,referral,0
4160,0.0882,7.45,67,1,0.035,18,1,38,website,1
4161,0.4448,22.3,37,1,0.2288,57,1,7,google_play,0
4162,0.1227,3.94,28,0,0.1363,19,0,30,google_play,0
4163,0.0731,47.03,3,1,0.0702,32,0,4,google_play,1
4164,0.3052,8.4,37,2,0.077,27,0,16,app_store,0
4165,0.3606,6.26,29,0,0.0108,67,0,16,google_play,0
4166,0.1391,29.48,26,0,0.196,39,0,32,google_play,0
4167,0.2643,50.67,87,2,0.1322,26,0,37,app_store,1
4168,0.2671,18.48,17,2,0.0439,63,0,1,referral,1
4169,0.5413,26.99,62,0,0.0455,32,0,9,website,0
4170,0.3891,84.21,58,2,0.1591,51,1,34,app_store,0
4171,0.5747,12.61,3,1,0.6074,68,0,6,google_play,1
4172,0.1756,12.34,0,0,0.0868,34,0,42,referral,0
4173,0.4693,52.45,69,1,0.2695,33,1,20,referral,1
4174,0.2718,28.7,46,0,0.1599,57,1,19,google_play,0
4175,0.3249,66.51,35,1,0.1392,32,0,26,app_store,0
4176,0.0459,9.9,41,0,0.2133,31,1,28,app_store,1
4177,0.3303,7.01,26,2,0.1597,38,0,23,website,1
4178,0.1228,8.99,83,0,0.207,18,0,35,referral,1
4179,0.0884,40.23,17,0,0.2146,65,0,17,google_play,0
4180,0.0921,56.85,17,1,0.017,57,0,24,google_play,1
4181,0.0979,51.91,37,0,0.1584,45,0,16,app_store,0
4182,0.3473,36.19,13,0,0.5716,67,0,31,google_play,1
4183,0.4762,58.97,23,1,0.1326,69,0,9,app_store,0
4184,0.4829,16.04,59,0,0.0963,20,0,25,website,0
4185,0.1728,6.11,82,0,0.0224,23,0,21,google_play,0
4186,0.1848,7.91,4,0,0.401,69,0,38,google_play,0
4187,0.1039,8.87,63,2,0.0693,33,0,19,website,1
4188,0.3586,6.33,18,0,0.0944,58,1,23,referral,0
4189,0.2598,9.47,82,0,0.3422,49,1,40,app_store,0
4190,0.5231,12.83,67,0,0.072,64,0,32,website,0
4191,0.309,37.52,3,0,0.0451,66,0,28,website,0
4192,0.1238,30.14,62,0,0.1444,42,0,15,google_play,1
4193,0.6426,70.52,3,0,0.2447,50,1,16,app_store,0
4194,0.5079,10.3,35,1,0.229,57,1,3,app_store,1
4195,0.4682,31.85,56,1,0.1389,42,1,14,website,0
4196,0.558,61.64,77,0,0.0809,35,1,16,google_play,0
4197,0.1008,17.16,55,0,0.3249,19,0,39,google_play,1
4198,0.4197,17.96,74,1,0.1379,29,0,12,app_store,0
4199,0.5452,64.54,64,1,0.1185,45,0,25,app_store,0
4200,0.2439,19.12,10,0,0.5293,69,1,8,app_store,0
4201,0.4067,66.9,50,1,0.3009,26,0,34,app_store,1
4202,0.1679,8.7,11,2,0.2155,58,0,39,app_store,0
4203,0.4431,76.2,3,0,0.1071,27,0,26,google_play,0
4204,0.5696,59.16,80,1,0.4657,62,0,29,app_store,1
4205,0.2235,12.56,61,0,0.1616,20,0,44,google_play,0
4206,0.1314,19.77,2,2,0.1425,44,0,24,website,1
4207,0.0969,10.29,74,0,0.0164,18,0,25,app_store,0
4208,0.372,17.37,75,2,0.4226,48,1,1,referral,1
4209,0.1281,8.21,63,0,0.4762,64,0,26,app_store,1
4210,0.321,7.06,39,0,0.0924,54,1,4,app_store,0
4211,0.145,10.2,73,0,0.2332,63,0,46,website,0
4212,0.3984,50.69,89,0,0.0738,28,1,4,app_store,0
4213,0.2839,6.67,39,1,0.4815,34,0,12,google_play,0
4214,0.2819,64.13,25,0,0.2105,60,1,47,website,0
4215,0.0391,46.53,9,1,0.5875,36,0,33,referral,1
4216,0.2325,61.69,22,0,0.1643,40,0,45,referral,0
4217,0.3844,31.23,80,0,0.1498,34,0,9,website,0
4218,0.2111,77.82,59,0,0.0978,68,1,22,website,0
4219,0.2388,8.99,68,0,0.1527,25,0,16,app_store,0
4220,0.093,63.93,11,0,0.0354,56,0,15,google_play,0
4221,0.3625,206.23,48,1,0.3108,50,0,41,app_store,1
4222,0.2511,20.4,26,1,0.1013,19,0,24,referral,1
4223,0.0668,23.6,12,2,0.1824,59,0,24,app_store,0
4224,0.2549,12.87,62,1,0.1437,69,0,44,app_store,0
4225,0.3306,25.7,15,0,0.05,60,1,29,app_store,0
4226,0.2379,27.95,80,0,0.0586,63,1,21,google_play,1
4227,0.2236,4.69,17,1,0.3521,36,1,17,app_store,0
4228,0.3191,37.65,55,0,0.0689,51,0,31,referral,0
4229,0.1783,53.34,13,4,0.0119,37,0,3,google_play,1
4230,0.3071,13.24,22,0,0.0983,54,0,23,website,0
4231,0.5275,18.23,73,0,0.1175,40,0,19,app_store,0
4232,0.3464,44.42,78,3,0.2057,29,1,33,google_play,1
4233,0.1814,12.8,40,2,0.0522,43,0,26,app_store,0
4234,0.2518,41.28,18,1,0.4185,68,0,41,google_play,1
4235,0.2393,29.97,26,0,0.0088,30,0,3,app_store,0
4236,0.3153,125.77,51,0,0.0423,19,0,11,website,0
4237,0.0924,22.43,30,3,0.1074,30,1,20,website,1
4238,0.1397,16.88,73,0,0.3382,63,0,47,app_store,0
4239,0.2357,29.17,24,0,0.4182,36,0,12,google_play,0
4240,0.5791,26.6,30,0,0.1184,33,0,39,google_play,0
4241,0.2052,76.89,47,0,0.13,40,0,46,referral,0
4242,0.5807,74.12,26,0,0.069,19,0,47,google_play,0
4243,0.2594,14.72,40,1,0.1547,63,0,37,website,1
4244,0.0845,21.44,23,0,0.134,44,1,39,google_play,1
4245,0.3086,15.09,80,0,0.7909,64,0,37,google_play,1
4246,0.3537,13.33,42,0,0.1414,30,0,20,referral,0
4247,0.3238,2.5,15,0,0.1972,45,0,2,app_store,0
4248,0.2045,80.01,15,1,0.0177,35,0,10,google_play,0
4249,0.1934,15.34,77,0,0.0503,51,0,14,google_play,0
4250,0.2719,17.95,37,1,0.1181,48,1,47,app_store,0
4251,0.0458,170.56,28,0,0.3214,61,0,6,google_play,1
4252,0.1385,15.67,30,2,0.0157,19,0,19,app_store,1
4253,0.5022,21.58,87,0,0.2367,21,0,9,website,0
4254,0.2533,29.58,33,0,0.0664,53,0,36,app_store,0
4255,0.3224,31.08,62,0,0.7439,29,0,23,website,1
4256,0.2263,15.91,24,0,0.2649,31,1,17,app_store,0
4257,0.0428,53.86,83,3,0.1814,26,0,9,website,1
4258,0.169,27.45,62,1,0.2617,27,0,32,google_play,1
4259,0.4901,26.54,81,0,0.2348,42,0,38,google_play,0
4260,0.0636,15.31,22,1,0.016,56,0,43,app_store,1
4261,0.7107,22.39,43,1,0.1221,35,0,26,referral,0
4262,0.4331,48.54,29,0,0.1171,28,0,37,website,0
4263,0.3248,48.65,38,0,0.4947,37,0,44,google_play,0
4264,0.3735,18.17,22,1,0.7794,54,0,29,app_store,0
4265,0.2451,14.27,15,1,0.1168,57,0,37,app_store,0
4266,0.529,45.38,34,1,0.248,60,0,34,website,0
4267,0.4147,30.29,31,0,0.0074,25,0,23,referral,0
4268,0.0493,45.32,48,0,0.5727,50,0,40,website,1
4269,0.2019,12.45,27,0,0.2283,64,0,11,website,0
4270,0.243,24.17,13,3,0.1748,20,0,6,google_play,1
4271,0.2292,45.4,31,0,0.199,20,0,44,app_store,0
4272,0.4831,14.9,63,2,0.0856,68,0,31,referral,0
4273,0.1406,91.94,16,0,0.3244,69,1,45,app_store,0
4274,0.1287,76.8,33,0,0.3692,25,0,38,google_play,0
4275,0.5328,21.27,19,0,0.5243,65,0,43,website,0
4276,0.1301,21.38,59,1,0.1065,36,1,40,website,0
4277,0.2286,30.72,72,1,0.0393,50,0,31,google_play,0
4278,0.1108,27.63,80,1,0.1177,32,0,37,website,1
4279,0.3624,57.41,71,0,0.0203,33,0,26,referral,0
4280,0.3254,13.24,4,0,0.0515,46,0,42,referral,0
4281,0.1625,13.34,77,1,0.394,47,1,14,google_play,1
4282,0.2037,29.66,81,1,0.13,40,0,1,google_play,0
4283,0.2153,34.69,16,0,0.4862,36,0,14,app_store,0
4284,0.2187,23.92,38,1,0.052,59,0,18,website,1
4285,0.396,45.92,85,0,0.0616,35,1,17,referral,0
4286,0.1134,63.89,58,0,0.0296,52,0,8,google_play,1
4287,0.3213,41.39,22,0,0.1874,64,1,47,google_play,0
4288,0.0198,31.81,45,0,0.1294,52,0,16,app_store,1
4289,0.3835,21.08,17,0,0.562,40,0,19,website,0
4290,0.25,25.86,42,1,0.1461,26,0,26,app_store,0
4291,0.0654,9.43,11,1,0.357,22,0,33,website,1
4292,0.2154,10.67,67,0,0.0873,29,0,10,website,1
4293,0.1999,59.21,12,0,0.0923,22,0,10,google_play,1
4294,0.2891,83.72,0,0,0.0866,67,0,10,app_store,0
4295,0.0221,9.43,24,1,0.0789,35,0,31,website,1
4296,0.5013,35.97,33,0,0.2181,37,0,28,referral,0
4297,0.1561,8.44,88,0,0.5298,62,0,29,referral,0
4298,0.0732,77.76,58,0,0.158,54,0,13,referral,1
4299,0.1905,24.25,64,1,0.0143,63,0,6,referral,1
4300,0.1982,143.09,64,1,0.3306,36,1,11,google_play,0
4301,0.1427,15.71,48,3,0.3192,60,0,32,website,1
4302,0.1404,17.17,3,0,0.1026,32,0,35,app_store,0
4303,0.0435,32.45,31,1,0.1053,61,0,4,google_play,0
4304,0.3344,46.18,66,0,0.0645,26,0,16,website,0
4305,0.0614,43.29,53,0,0.202,48,0,38,app_store,1
4306,0.1872,48.51,30,0,0.2736,22,0,4,app_store,1
4307,0.4534,20.94,42,0,0.3251,22,1,44,website,0
4308,0.1315,48.9,6,2,0.3105,57,0,16,referral,1
4309,0.3115,116.34,80,1,0.1489,65,0,43,referral,0
4310,0.1775,42.98,23,1,0.2216,66,0,6,app_store,1
4311,0.3499,13.84,24,1,0.1908,53,0,41,google_play,0
4312,0.352,33.08,23,0,0.2848,21,0,2,google_play,0
4313,0.3647,6.23,17,0,0.0731,39,0,19,google_play,0
4314,0.4787,40.11,37,1,0.2277,66,0,5,app_store,0
4315,0.1301,7.64,24,0,0.0779,21,0,14,website,0
4316,0.213,40.56,52,1,0.3462,38,0,44,app_store,1
4317,0.3369,23.85,67,0,0.0666,32,0,31,google_play,0
4318,0.0717,49.57,11,0,0.178,41,1,6,referral,0
4319,0.2048,25.38,49,0,0.1287,61,0,2,website,0
4320,0.1378,65.98,9,2,0.0797,42,0,20,google_play,1
4321,0.6512,36.63,65,0,0.1437,62,0,18,google_play,0
4322,0.6846,53.04,42,0,0.1344,56,0,24,app_store,0
4323,0.0965,18.75,44,0,0.1705,24,0,9,app_store,1
4324,0.4035,18.07,29,1,0.0452,58,0,28,app_store,0
4325,0.192,9.25,36,1,0.4688,29,0,13,app_store,0
4326,0.5091,11.06,33,0,0.1047,47,1,19,app_store,0
4327,0.3058,26.25,22,0,0.1993,32,0,14,google_play,1
4328,0.28,25.68,76,1,0.107,24,0,40,google_play,1
4329,0.2295,32.51,72,2,0.0538,60,0,18,website,0
4330,0.1381,15.15,26,0,0.0994,20,0,8,website,1
4331,0.2899,27.64,31,0,0.0839,26,0,35,app_store,0
4332,0.4764,62.97,64,0,0.2095,38,0,8,website,1
4333,0.2125,33.24,3,2,0.0969,31,0,31,google_play,1
4334,0.3664,25.23,20,0,0.1832,56,0,5,google_play,0
4335,0.529,29.97,26,2,0.1886,34,0,39,referral,1
4336,0.5737,58.6,10,2,0.4151,52,0,6,google_play,1
4337,0.2679,27.71,14,2,0.2287,64,0,44,google_play,0
4338,0.1018,17.06,49,0,0.1119,59,0,24,app_store,1
4339,0.5801,17.17,50,0,0.1695,35,0,29,website,0
4340,0.313,16.76,66,0,0.0328,65,0,31,website,0
4341,0.205,16.47,44,2,0.079,25,1,42,google_play,0
4342,0.1807,42.64,29,0,0.2004,68,0,32,website,0
4343,0.0477,80.67,43,1,0.2402,52,0,37,website,1
4344,0.3818,18.43,85,0,0.1431,62,0,15,google_play,0
4345,0.1543,13.05,22,0,0.7104,31,1,39,website,0
4346,0.1972,10.08,78,2,0.4008,22,0,25,website,0
4347,0.2532,82.15,9,0,0.1678,61,0,8,app_store,0
4348,0.5871,48.26,64,3,0.1131,45,0,22,referral,1
4349,0.3811,15.23,10,0,0.086,52,0,37,app_store,0
4350,0.3825,27.06,79,2,0.0767,43,0,42,google_play,1
4351,0.3942,65.5,31,1,0.005,55,0,28,website,0
4352,0.2669,23.46,26,0,0.1623,58,1,2,google_play,0
4353,0.1055,44.87,56,2,0.1747,38,0,4,referral,1
4354,0.1649,21.99,43,1,0.0941,29,0,45,referral,0
4355,0.4644,19.95,1,0,0.2663,64,0,12,google_play,0
4356,0.2784,3.84,65,0,0.3828,24,0,3,app_store,1
4357,0.1732,18.48,0,2,0.0185,28,0,8,app_store,0
4358,0.6108,16.86,72,1,0.422,47,0,45,google_play,1
4359,0.3943,35.31,11,3,0.8001,46,0,20,google_play,0
4360,0.3539,29.22,81,0,0.2233,61,0,2,google_play,1
4361,0.2965,28.18,45,0,0.1201,69,0,33,google_play,0
4362,0.1936,47.79,7,0,0.1381,46,0,41,google_play,0
4363,0.2967,4.78,29,0,0.0812,40,1,41,google_play,0
4364,0.2325,23.7,22,1,0.0928,18,0,32,website,0
4365,0.234,10.82,39,1,0.3005,31,0,22,app_store,0
4366,0.05,10.22,84,0,0.0283,41,0,32,google_play,0
4367,0.4586,20.02,27,1,0.0289,37,0,35,website,1
4368,0.3388,24.91,46,0,0.0279,19,0,25,referral,0
4369,0.3134,34.87,61,0,0.3568,62,0,8,google_play,0
4370,0.3579,33.29,72,1,0.0884,28,0,33,google_play,0
4371,0.6039,13.76,27,0,0.2877,27,0,21,app_store,0
4372,0.2268,21.37,13,0,0.2209,62,0,37,google_play,1
4373,0.1174,67.08,18,0,0.1691,58,1,39,app_store,0
4374,0.4514,75.92,59,0,0.1239,66,0,33,website,0
4375,0.266,19.79,68,2,0.2238,52,0,35,app_store,1
4376,0.2704,26.18,57,1,0.0554,26,0,32,app_store,0
4377,0.0625,13.1,86,3,0.107,20,0,9,referral,1
4378,0.388,50.36,47,0,0.0665,32,1,8,website,0
4379,0.2077,124.12,50,0,0.1361,56,0,17,referral,0
4380,0.4576,16.87,4,0,0.7534,22,1,39,app_store,0
4381,0.2398,55.89,5,0,0.3811,46,0,36,app_store,0
4382,0.3145,41.08,87,0,0.0331,41,0,5,referral,0
4383,0.1055,21.81,72,1,0.0456,20,0,33,website,0
4384,0.1535,15.07,70,0,0.0656,64,0,11,app_store,1
4385,0.4848,139.06,38,1,0.0342,32,1,17,referral,0
4386,0.2714,41.94,8,1,0.1358,24,0,37,website,0
4387,0.3944,47.99,62,0,0.6757,34,0,13,app_store,1
4388,0.0631,21.16,7,0,0.4186,57,0,30,website,0
4389,0.251,25.6,52,0,0.1709,35,0,16,website,0
4390,0.2573,10.47,33,0,0.0534,31,0,23,website,0
4391,0.1369,41.79,45,0,0.0101,24,0,3,app_store,0
4392,0.1787,18.87,13,1,0.0662,69,0,37,website,1
4393,0.1108,11.96,33,0,0.0289,66,0,16,google_play,1
4394,0.2532,13.48,34,1,0.2294,66,0,35,google_play,0
4395,0.2525,132.61,18,0,0.3876,22,0,7,website,0
4396,0.2238,19.92,57,2,0.0049,67,1,28,website,0
4397,0.2884,31.75,34,2,0.0334,18,0,40,referral,0
4398,0.1451,10.63,34,0,0.6285,27,0,5,referral,0
4399,0.3572,21.49,14,2,0.0325,60,0,33,app_store,0
4400,0.2008,9.4,21,1,0.0746,57,0,47,website,0
4401,0.1642,31.83,60,1,0.1234,68,0,5,website,0
4402,0.3112,12.97,67,0,0.0554,51,1,23,referral,0
4403,0.2802,42.89,7,0,0.2557,34,1,31,website,0
4404,0.4506,7.01,23,0,0.0872,64,1,23,google_play,0
4405,0.255,15.76,64,0,0.0482,27,0,36,google_play,0
4406,0.2141,55.91,19,0,0.496,33,0,2,app_store,1
4407,0.0819,71.75,71,2,0.1589,68,0,5,app_store,1
4408,0.1914,24.64,81,1,0.1093,48,0,12,website,0
4409,0.4839,18.69,55,0,0.1129,45,0,9,app_store,0
4410,0.275,26.62,39,0,0.1651,22,0,20,website,1
4411,0.2883,103.17,74,0,0.078,42,0,9,app_store,0
4412,0.3348,20.33,62,0,0.2271,20,0,34,app_store,1
4413,0.2489,24.59,30,0,0.1447,46,0,11,app_store,1
4414,0.3027,11.74,87,1,0.1728,20,0,14,google_play,1
4415,0.0687,15.27,44,0,0.1878,60,0,9,google_play,1
4416,0.1506,33.4,38,2,0.1776,49,0,44,google_play,0
4417,0.2015,45.84,45,0,0.3049,29,0,27,website,0
4418,0.5756,30.32,82,0,0.5542,25,1,45,referral,1
4419,0.2146,43.88,57,2,0.1441,50,1,36,referral,1
4420,0.1817,12.18,83,1,0.4955,20,0,42,website,1
4421,0.2481,11.36,42,2,0.0082,50,0,30,app_store,1
4422,0.2869,42.78,35,2,0.327,46,0,22,referral,0
4423,0.3763,17.58,5,1,0.3442,50,0,39,referral,1
4424,0.1917,10.78,71,0,0.0909,61,0,18,google_play,0
4425,0.2384,28.28,46,0,0.2342,52,0,30,referral,0
4426,0.0857,26.05,38,0,0.3866,30,0,38,google_play,1
4427,0.2795,21.48,2,0,0.109,23,0,21,google_play,1
4428,0.2819,74.51,51,1,0.0533,59,0,28,website,0
4429,0.1519,91.13,39,2,0.115,29,0,23,app_store,0
4430,0.223,48.03,44,0,0.2461,65,0,8,referral,0
4431,0.5197,33.14,2,2,0.1173,38,0,38,website,1
4432,0.1297,64.46,47,0,0.1908,56,0,6,app_store,0
4433,0.3688,27.4,43,1,0.2305,67,0,10,google_play,1
4434,0.3035,21.42,73,0,0.1447,35,0,27,website,0
4435,0.5635,16.3,33,0,0.1072,54,0,46,website,0
4436,0.2867,14.19,12,1,0.1947,36,0,12,google_play,0
4437,0.0807,46.97,45,1,0.4444,51,1,47,website,0
4438,0.4789,8.57,57,1,0.058,59,0,3,app_store,1
4439,0.3384,16.18,47,0,0.0851,23,1,42,google_play,0
4440,0.4406,19.15,11,1,0.093,23,1,5,referral,0
4441,0.202,9.16,71,1,0.1005,42,0,15,app_store,1
4442,0.1542,18.65,48,0,0.1972,34,0,18,google_play,1
4443,0.6439,26.2,84,1,0.1041,24,0,20,referral,0
4444,0.2615,50.35,15,0,0.3896,47,1,27,app_store,0
4445,0.7877,17.22,22,0,0.1922,44,0,26,app_store,0
4446,0.2069,26.32,2,1,0.1861,22,0,44,app_store,0
4447,0.3815,8.62,82,0,0.1394,37,0,47,website,0
4448,0.3061,10.47,50,0,0.5476,51,0,46,app_store,0
4449,0.2598,6.47,33,1,0.4887,27,1,15,referral,1
4450,0.1494,48.68,9,0,0.2244,19,1,3,app_store,0
4451,0.1377,19.5,14,1,0.0554,23,0,19,google_play,0
4452,0.4029,28.64,6,0,0.1268,63,0,34,app_store,0
4453,0.5157,35.39,54,0,0.1094,50,0,25,google_play,0
4454,0.2769,43.2,38,2,0.1267,58,0,28,website,0
4455,0.3237,99.86,35,1,0.0307,37,1,11,app_store,0
4456,0.4631,23.83,67,0,0.0257,49,0,24,referral,0
4457,0.1478,14.91,28,1,0.2038,50,0,34,app_store,0
4458,0.6461,40.0,33,0,0.1888,68,0,10,google_play,0
4459,0.5706,128.26,56,1,0.1873,28,0,20,website,0
4460,0.5173,16.82,53,1,0.4765,44,0,31,website,0
4461,0.0835,14.06,62,0,0.2967,55,0,3,app_store,1
4462,0.2581,4.1,59,1,0.4924,28,0,27,google_play,1
4463,0.234,5.77,40,0,0.0225,65,0,36,website,0
4464,0.0407,66.26,32,1,0.3664,27,0,11,website,0
4465,0.0623,21.73,24,0,0.2514,30,0,19,google_play,1
4466,0.1216,11.06,3,0,0.4858,61,0,10,referral,0
4467,0.2131,24.58,70,0,0.078,28,1,46,app_store,1
4468,0.2038,151.55,53,2,0.5138,59,0,27,app_store,1
4469,0.5379,24.6,58,1,0.8069,29,0,22,google_play,1
4470,0.0246,93.72,70,1,0.1208,46,0,18,google_play,0
4471,0.492,12.73,56,0,0.1341,55,0,38,google_play,0
4472,0.0898,68.18,5,0,0.2386,20,0,12,google_play,1
4473,0.1678,16.56,82,0,0.0475,45,0,9,website,1
4474,0.4126,14.31,4,0,0.3893,45,1,38,google_play,1
4475,0.1437,12.71,89,1,0.1516,67,0,27,website,1
4476,0.1104,19.56,19,2,0.0489,35,0,47,app_store,1
4477,0.1453,48.58,4,0,0.164,19,0,39,website,0
4478,0.2102,17.51,83,1,0.1225,42,1,21,google_play,1
4479,0.3495,51.87,22,1,0.2054,38,1,10,website,0
4480,0.4503,14.85,59,2,0.2424,35,0,1,referral,1
4481,0.1306,23.16,72,0,0.1298,29,0,12,referral,0
4482,0.4558,16.92,34,0,0.3676,54,0,12,app_store,0
4483,0.3156,87.21,9,1,0.0672,20,0,3,referral,0
4484,0.0646,35.24,24,2,0.1384,28,0,37,google_play,1
4485,0.2483,29.93,2,0,0.01,63,0,32,app_store,0
4486,0.4395,20.18,37,1,0.211,25,0,38,referral,1
4487,0.3436,16.31,29,1,0.1647,60,0,11,app_store,0
4488,0.4398,12.13,53,0,0.1353,19,0,14,website,0
4489,0.2978,61.89,70,1,0.0852,35,0,5,google_play,0
4490,0.5547,7.92,76,1,0.1536,28,0,8,google_play,0
4491,0.1745,19.04,36,1,0.5877,42,0,7,referral,1
4492,0.317,45.5,30,0,0.1481,35,1,7,referral,0
4493,0.3936,7.59,19,0,0.0528,51,0,23,website,0
4494,0.5664,27.79,59,0,0.1066,21,0,15,website,0
4495,0.1711,13.34,15,0,0.2197,31,0,38,google_play,0
4496,0.112,24.99,81,0,0.1539,61,0,39,app_store,1
4497,0.3401,21.8,49,0,0.5618,46,0,40,google_play,0
4498,0.0934,5.06,76,1,0.6296,55,0,3,website,1
4499,0.0448,38.34,31,1,0.2814,44,1,5,referral,0
4500,0.1824,12.29,83,0,0.1302,65,1,41,website,0
4501,0.4053,16.71,56,0,0.1805,58,0,6,referral,0
4502,0.0855,25.42,41,1,0.3982,20,0,37,referral,1
4503,0.2101,31.91,71,0,0.2305,38,0,6,website,1
4504,0.1884,33.55,60,0,0.106,19,0,39,referral,0
4505,0.7869,42.67,0,1,0.1319,58,0,3,google_play,0
4506,0.0677,4.36,8,0,0.4422,27,0,45,app_store,0
4507,0.6711,34.4,29,0,0.1993,29,0,27,google_play,0
4508,0.222,24.72,44,0,0.0925,68,0,24,website,0
4509,0.1739,16.65,49,1,0.1226,48,0,8,app_store,1
4510,0.2812,29.48,79,0,0.0096,53,0,2,google_play,0
4511,0.6299,46.73,60,1,0.1344,25,0,23,app_store,0
4512,0.2524,13.28,31,0,0.0578,43,0,2,app_store,0
4513,0.4648,65.46,27,0,0.4542,43,0,39,google_play,0
4514,0.0597,54.73,17,0,0.0741,50,0,21,app_store,1
4515,0.0491,31.79,42,2,0.1585,64,0,12,referral,1
4516,0.4502,10.42,86,1,0.1699,63,0,29,website,0
4517,0.177,110.88,9,2,0.1467,34,1,2,app_store,1
4518,0.2546,29.94,3,0,0.111,27,0,44,referral,0
4519,0.6466,27.22,8,0,0.1091,43,1,36,app_store,0
4520,0.2126,26.56,46,0,0.2495,68,0,44,referral,1
4521,0.4275,36.12,77,0,0.4416,36,1,11,app_store,1
4522,0.178,46.94,57,2,0.1243,34,0,31,app_store,1
4523,0.2876,24.1,48,0,0.1054,68,0,28,google_play,1
4524,0.0625,10.28,60,0,0.1304,20,1,38,referral,0
4525,0.4915,50.63,41,3,0.0952,34,0,14,app_store,1
4526,0.4826,13.86,87,0,0.1164,67,0,17,referral,0
4527,0.494,12.14,39,2,0.0075,34,0,15,app_store,0
4528,0.0677,23.46,72,0,0.1333,43,0,42,referral,1
4529,0.4121,17.83,85,1,0.0649,52,0,32,google_play,0
4530,0.4448,32.01,40,3,0.039,40,0,2,website,1
4531,0.1206,36.56,38,1,0.0352,27,0,43,website,1
4532,0.3586,17.65,58,0,0.2273,60,0,1,google_play,1
4533,0.3672,26.71,23,1,0.1236,21,0,7,google_play,0
4534,0.0169,17.47,69,1,0.0714,38,0,10,google_play,1
4535,0.1726,41.96,8,0,0.0536,40,1,22,referral,1
4536,0.2539,34.58,62,0,0.2849,50,0,5,app_store,1
4537,0.1166,40.54,72,0,0.1064,23,0,10,website,1
4538,0.0496,20.11,28,0,0.1843,28,0,8,google_play,1
4539,0.3067,29.4,85,1,0.0789,60,1,9,app_store,0
4540,0.0678,35.06,86,2,0.0911,18,0,23,google_play,1
4541,0.1943,41.44,83,0,0.102,62,1,22,google_play,0
4542,0.6575,39.02,4,0,0.1485,54,1,32,website,0
4543,0.0503,22.51,15,1,0.1109,48,0,31,website,1
4544,0.3681,10.97,51,0,0.0972,29,1,38,website,0
4545,0.1796,34.85,57,1,0.4051,28,0,23,referral,1
4546,0.1556,33.66,56,2,0.0133,58,0,25,website,1
4547,0.337,11.36,47,0,0.0641,42,0,1,referral,0
4548,0.1636,44.38,13,0,0.0098,28,1,23,app_store,0
4549,0.2855,27.37,36,0,0.246,58,0,27,google_play,0
4550,0.507,22.42,43,0,0.3574,33,0,11,referral,0
4551,0.6113,28.49,73,1,0.089,43,0,41,website,0
4552,0.3586,47.08,76,0,0.5468,49,1,13,app_store,1
4553,0.3383,73.04,80,0,0.1303,53,0,36,website,0
4554,0.2222,23.63,83,1,0.0753,46,0,47,app_store,0
4555,0.1801,20.88,12,1,0.4477,51,0,37,google_play,1
4556,0.1548,37.54,81,0,0.1011,26,0,17,app_store,0
4557,0.1127,9.6,0,0,0.4827,26,0,32,google_play,1
4558,0.2292,44.86,5,0,0.2962,44,0,40,referral,0
4559,0.0935,9.5,17,0,0.1218,23,0,6,website,1
4560,0.2586,9.37,11,2,0.0083,58,1,6,website,1
4561,0.2708,72.77,72,1,0.1153,49,1,25,google_play,0
4562,0.1244,5.71,28,0,0.2894,66,0,39,referral,0
4563,0.1849,61.26,82,0,0.0257,48,0,12,app_store,0
4564,0.1533,73.1,57,0,0.3969,63,0,3,google_play,1
4565,0.3119,31.12,61,0,0.2792,35,0,10,google_play,1
4566,0.4159,37.49,14,0,0.437,66,0,10,app_store,0
4567,0.1844,8.15,1,0,0.0279,20,0,41,google_play,0
4568,0.2368,17.38,10,0,0.2987,44,0,35,referral,1
4569,0.3182,31.53,52,2,0.1379,61,1,31,website,1
4570,0.0663,30.89,80,0,0.2346,30,0,41,referral,1
4571,0.3722,33.48,37,0,0.1524,59,0,39,website,0
4572,0.1055,30.88,48,2,0.6124,44,1,11,google_play,1
4573,0.0616,24.9,70,0,0.2633,40,1,11,google_play,1
4574,0.2369,10.43,16,0,0.2319,24,0,40,google_play,0
4575,0.4973,31.39,67,0,0.1975,42,0,31,referral,0
4576,0.2303,11.07,60,0,0.1612,50,0,36,website,1
4577,0.1949,19.0,17,0,0.3238,38,1,11,referral,0
4578,0.4751,65.01,34,1,0.0252,18,0,18,website,0
4579,0.1665,8.21,28,0,0.0278,22,0,40,referral,0
4580,0.1566,22.49,88,0,0.1291,41,0,21,google_play,0
4581,0.1049,45.05,19,3,0.1456,33,1,29,app_store,1
4582,0.3539,38.36,84,0,0.0376,33,0,10,google_play,0
4583,0.5056,30.38,47,1,0.0337,20,0,8,referral,0
4584,0.6586,15.27,4,0,0.2537,21,0,2,app_store,0
4585,0.2742,61.41,7,1,0.33,20,0,29,google_play,0
4586,0.1177,10.41,11,2,0.0494,54,0,4,website,1
4587,0.2949,39.85,53,0,0.6849,25,0,32,website,1
4588,0.1527,27.31,80,0,0.1951,18,0,36,app_store,0
4589,0.5306,14.14,43,0,0.6798,54,1,35,google_play,0
4590,0.2084,18.68,34,0,0.3512,32,0,2,website,0
4591,0.2349,87.16,50,1,0.2879,45,0,25,website,1
4592,0.4133,10.88,19,2,0.3399,63,1,7,google_play,1
4593,0.251,7.16,75,0,0.2806,62,1,40,app_store,0
4594,0.5217,15.7,29,2,0.2148,58,1,41,google_play,0
4595,0.248,32.76,43,3,0.0813,41,0,24,website,1
4596,0.5148,66.46,18,1,0.3064,33,1,34,google_play,0
4597,0.3275,24.97,70,2,0.0388,63,1,3,app_store,0
4598,0.3678,7.85,56,2,0.0071,53,0,2,google_play,1
4599,0.6821,26.23,84,0,0.1455,51,1,40,referral,0
4600,0.0726,44.66,73,1,0.1843,23,0,25,website,1
4601,0.1353,30.7,8,1,0.4531,27,0,47,google_play,0
4602,0.2161,34.66,55,2,0.2797,37,0,24,referral,1
4603,0.339,6.62,6,1,0.6101,19,0,18,google_play,0
4604,0.3367,9.59,59,1,0.0652,52,1,41,referral,0
4605,0.0509,22.34,16,0,0.0448,32,1,2,referral,1
4606,0.1438,54.24,19,0,0.0968,49,1,26,google_play,0
4607,0.3107,14.12,65,0,0.1549,48,0,16,google_play,0
4608,0.4039,28.31,21,0,0.0495,22,0,33,app_store,0
4609,0.4038,27.56,57,1,0.1091,60,1,47,referral,0
4610,0.1662,11.82,17,0,0.048,51,1,47,google_play,0
4611,0.07,14.65,54,0,0.2395,64,0,15,website,1
4612,0.321,24.1,88,1,0.2892,40,1,34,app_store,0
4613,0.16,18.99,60,0,0.2962,25,0,42,referral,1
4614,0.3762,43.57,18,0,0.4099,48,0,34,app_store,0
4615,0.0661,18.27,41,0,0.1361,18,1,12,google_play,0
4616,0.6032,45.65,21,1,0.0766,39,0,38,app_store,0
4617,0.086,19.04,26,0,0.1483,64,1,40,google_play,0
4618,0.1891,24.95,38,0,0.064,37,0,17,app_store,0
4619,0.1111,42.95,16,2,0.1595,50,0,4,website,1
4620,0.4256,22.76,23,2,0.3809,21,1,22,app_store,1
4621,0.277,18.21,84,0,0.2608,32,1,47,app_store,1
4622,0.1863,23.37,64,0,0.2635,31,1,17,app_store,1
4623,0.2649,45.85,22,0,0.0636,66,1,44,referral,0
4624,0.2229,30.94,1,0,0.0611,57,0,13,website,1
4625,0.2124,5.47,30,0,0.3363,47,1,20,referral,0
4626,0.1463,14.8,14,0,0.0351,31,0,14,website,1
4627,0.4456,14.89,64,0,0.3758,68,0,4,google_play,1
4628,0.0719,36.91,38,2,0.3597,41,0,45,google_play,1
4629,0.2798,6.41,67,1,0.1549,52,0,15,app_store,1
4630,0.0942,29.84,74,1,0.0478,38,0,33,referral,1
4631,0.7196,38.29,47,0,0.0919,24,0,24,website,0
4632,0.2492,38.29,69,0,0.0203,67,0,44,website,0
4633,0.3594,23.12,46,0,0.0067,56,0,25,referral,0
4634,0.0718,7.92,58,1,0.1482,23,0,4,app_store,1
4635,0.0726,20.49,87,2,0.03,36,0,47,google_play,1
4636,0.3381,68.83,86,0,0.1595,48,0,27,app_store,0
4637,0.1465,16.17,41,0,0.2738,34,1,32,website,0
4638,0.3949,112.91,47,0,0.238,53,1,15,app_store,1
4639,0.2223,43.29,80,0,0.106,27,1,2,google_play,1
4640,0.0949,22.2,5,0,0.1209,35,0,4,google_play,1
4641,0.4035,28.73,88,0,0.0511,35,0,36,app_store,0
4642,0.4493,31.88,56,0,0.2257,18,1,1,app_store,0
4643,0.3643,16.38,5,0,0.089,62,1,16,referral,0
4644,0.409,18.36,50,1,0.0734,52,0,43,website,0
4645,0.1627,99.11,59,0,0.327,25,1,30,google_play,1
4646,0.1167,69.7,50,0,0.1121,44,1,27,app_store,0
4647,0.1344,18.83,86,0,0.0872,23,0,15,website,0
4648,0.1989,14.22,41,1,0.2909,45,0,19,google_play,0
4649,0.537,8.04,39,0,0.0432,62,0,4,referral,0
4650,0.2716,111.01,18,0,0.3629,39,0,18,google_play,0
4651,0.3587,50.25,34,0,0.0009,29,0,31,app_store,0
4652,0.35,58.7,47,1,0.2268,61,0,2,google_play,1
4653,0.0686,16.77,33,1,0.2525,35,0,25,website,1
4654,0.3148,16.02,7,2,0.0743,54,0,12,google_play,0
4655,0.0477,12.87,68,1,0.0662,66,0,5,google_play,1
4656,0.3015,2.69,24,1,0.2651,24,1,16,referral,0
4657,0.3582,13.3,60,1,0.3384,56,0,11,app_store,1
4658,0.1729,30.68,87,1,0.164,63,0,31,google_play,1
4659,0.0515,29.19,39,0,0.1717,42,1,41,google_play,0
4660,0.1691,15.94,3,1,0.1497,21,1,5,referral,0
4661,0.3834,38.79,52,0,0.1569,37,0,14,website,0
4662,0.1796,15.3,4,0,0.0393,45,0,32,referral,1
4663,0.0118,41.99,53,1,0.3115,20,0,26,referral,1
4664,0.2845,41.61,87,1,0.1414,25,0,44,website,0
4665,0.4177,43.53,26,0,0.3194,45,0,17,website,0
4666,0.1029,25.83,30,1,0.4871,27,0,31,website,1
4667,0.4489,13.86,0,1,0.1633,37,0,43,referral,0
4668,0.2004,10.65,23,0,0.1901,56,0,4,google_play,1
4669,0.5301,5.38,0,0,0.0512,20,1,12,app_store,0
4670,0.4117,41.68,48,0,0.4478,29,0,25,app_store,0
4671,0.3751,7.54,40,1,0.1413,21,0,1,referral,0
4672,0.2524,22.32,55,1,0.1054,47,0,9,referral,1
4673,0.2645,28.58,61,0,0.1675,24,0,1,app_store,0
4674,0.3294,11.61,3,1,0.0729,28,1,5,google_play,0
4675,0.2652,22.51,82,0,0.0117,32,0,28,website,0
4676,0.1447,30.67,24,2,0.4636,28,0,22,app_store,0
4677,0.4037,20.26,75,0,0.0837,55,0,13,app_store,0
4678,0.4546,33.86,84,1,0.1159,64,0,46,google_play,0
4679,0.0541,17.97,31,0,0.1257,60,0,38,google_play,0
4680,0.2863,20.2,70,0,0.0853,30,0,28,referral,0
4681,0.424,13.17,48,2,0.3861,62,0,8,website,1
4682,0.3544,22.31,56,1,0.4264,40,0,42,app_store,1
4683,0.2963,24.64,40,1,0.6205,67,0,33,website,0
4684,0.3368,12.85,7,1,0.1603,31,0,22,google_play,0
4685,0.1429,33.12,18,1,0.0741,50,0,41,google_play,0
4686,0.7302,4.37,19,1,0.1702,41,0,7,app_store,0
4687,0.092,52.32,18,0,0.2484,58,0,46,google_play,0
4688,0.1607,9.1,62,0,0.0801,58,0,28,google_play,0
4689,0.3411,50.82,75,0,0.1366,50,0,25,app_store,0
4690,0.2598,37.88,8,0,0.2477,53,0,26,app_store,0
4691,0.6183,49.84,11,0,0.7249,29,0,47,google_play,0
4692,0.1467,11.15,35,1,0.1037,34,0,46,referral,0
4693,0.1641,21.27,6,0,0.0402,35,1,11,website,0
4694,0.1162,30.13,84,0,0.4671,52,1,40,referral,1
4695,0.5235,33.1,24,0,0.0506,32,0,10,referral,0
4696,0.1258,44.17,67,2,0.0998,22,1,43,website,0
4697,0.4931,38.7,44,1,0.0834,63,0,20,app_store,0
4698,0.3858,34.23,34,0,0.1972,20,0,13,website,1
4699,0.2137,34.6,4,0,0.1623,52,0,28,website,1
4700,0.1974,39.59,41,0,0.3262,38,0,30,app_store,1
4701,0.266,24.88,30,1,0.0637,23,1,28,app_store,0
4702,0.3666,54.71,19,0,0.3064,62,0,24,website,0
4703,0.4619,23.25,74,0,0.4156,49,0,31,referral,0
4704,0.4445,7.51,2,1,0.1093,41,1,43,app_store,0
4705,0.1584,58.66,33,0,0.2991,54,0,46,website,0
4706,0.5837,34.04,2,0,0.3885,18,0,12,website,1
4707,0.2124,22.1,53,0,0.2186,58,1,6,website,0
4708,0.4482,26.57,51,1,0.1195,61,0,19,website,0
4709,0.2175,70.45,86,1,0.0642,21,1,2,referral,0
4710,0.3889,26.31,8,0,0.1143,46,1,8,google_play,0
4711,0.5666,71.05,63,0,0.4905,53,0,9,google_play,1
4712,0.3591,34.13,73,0,0.2306,60,0,1,app_store,1
4713,0.6154,19.03,61,1,0.0396,18,0,29,website,1
4714,0.0825,9.81,85,0,0.0365,21,1,9,google_play,1
4715,0.2236,26.15,87,0,0.235,41,0,22,google_play,1
4716,0.1916,61.55,6,1,0.5362,52,0,4,website,1
4717,0.4909,16.48,8,0,0.1677,57,0,25,app_store,0
4718,0.3432,31.71,17,2,0.599,39,0,35,website,1
4719,0.1968,71.85,84,0,0.2314,32,0,17,app_store,0
4720,0.227,7.09,17,0,0.1425,22,0,20,app_store,0
4721,0.6815,32.4,13,0,0.1046,63,0,3,app_store,0
4722,0.1978,36.16,46,0,0.2694,63,0,38,website,1
4723,0.2648,31.48,3,1,0.3812,65,0,17,website,0
4724,0.0707,7.44,65,1,0.1026,59,0,33,google_play,0
4725,0.5145,14.42,41,1,0.2372,21,0,32,referral,0
4726,0.3029,5.7,89,3,0.2343,59,0,21,google_play,1
4727,0.2073,9.75,79,0,0.2156,61,0,9,google_play,1
4728,0.1648,44.28,45,3,0.1073,33,0,5,google_play,1
4729,0.2667,19.47,28,1,0.1488,49,0,33,google_play,1
4730,0.3258,43.53,3,0,0.3003,44,1,12,app_store,0
4731,0.0246,41.9,8,1,0.064,32,0,38,google_play,1
4732,0.2111,11.17,7,1,0.0747,61,0,30,app_store,0
4733,0.3441,27.62,1,1,0.074,29,0,46,website,0
4734,0.3324,8.08,43,1,0.3062,60,0,4,app_store,0
4735,0.3473,29.73,35,2,0.124,44,0,28,referral,0
4736,0.4586,33.0,10,0,0.4236,58,0,27,website,0
4737,0.2749,20.92,88,2,0.1555,60,0,29,google_play,0
4738,0.0596,7.56,82,1,0.1485,23,0,33,website,1
4739,0.4177,8.66,61,0,0.4314,44,0,40,app_store,1
4740,0.1264,145.45,80,0,0.1817,27,0,24,referral,0
4741,0.3557,37.9,45,2,0.1759,18,1,39,app_store,0
4742,0.126,20.18,36,0,0.3007,46,0,2,website,1
4743,0.3024,48.04,18,0,0.3319,53,0,47,app_store,1
4744,0.2437,68.73,57,2,0.6803,40,0,9,app_store,1
4745,0.5032,57.25,85,1,0.0971,46,1,25,app_store,0
4746,0.2167,21.42,85,1,0.036,39,0,13,google_play,0
4747,0.3572,19.42,3,0,0.1834,25,0,25,website,0
4748,0.6628,42.82,0,0,0.0993,34,0,16,website,0
4749,0.4099,20.81,3,0,0.3012,32,0,1,google_play,0
4750,0.1542,56.77,14,1,0.1251,65,0,27,google_play,0
4751,0.1182,26.54,26,0,0.1509,50,0,4,app_store,1
4752,0.2216,42.75,49,0,0.1408,32,1,13,referral,0
4753,0.5425,50.79,40,1,0.057,39,0,46,app_store,0
4754,0.1116,9.88,62,1,0.4493,68,0,25,app_store,1
4755,0.1845,27.17,80,0,0.0577,23,0,25,referral,0
4756,0.4136,54.81,5,0,0.1933,54,0,16,referral,0
4757,0.1626,13.95,64,0,0.031,61,0,34,website,0
4758,0.2529,16.72,55,1,0.066,61,0,41,website,1
4759,0.1387,56.88,35,0,0.0855,47,0,11,google_play,0
4760,0.6067,71.49,62,1,0.0351,64,0,46,website,0
4761,0.547,2.09,58,0,0.5481,32,0,22,app_store,1
4762,0.328,56.77,25,0,0.2015,28,0,18,google_play,0
4763,0.1321,4.82,65,1,0.3564,49,0,23,app_store,1
4764,0.523,23.47,36,1,0.3709,33,1,1,google_play,0
4765,0.0396,9.3,16,1,0.0833,47,0,14,google_play,1
4766,0.1021,16.72,88,0,0.6051,24,0,19,app_store,1
4767,0.2519,26.4,30,1,0.0704,21,0,30,referral,0
4768,0.1411,35.57,49,0,0.2243,22,0,23,website,1
4769,0.4538,66.73,21,0,0.3029,38,0,10,google_play,0
4770,0.0542,9.57,48,3,0.3294,29,0,15,website,1
4771,0.1095,55.11,74,1,0.2086,48,0,5,google_play,1
4772,0.3172,20.2,27,0,0.2173,45,0,27,app_store,0
4773,0.1707,20.5,79,0,0.211,19,1,31,google_play,0
4774,0.0504,80.66,42,0,0.0663,21,0,22,referral,1
4775,0.3275,44.24,80,0,0.1769,57,0,38,google_play,0
4776,0.1325,7.56,7,0,0.4025,18,0,2,referral,0
4777,0.4675,23.22,53,1,0.5571,44,0,28,website,1
4778,0.4121,14.54,68,0,0.2255,46,0,28,referral,0
4779,0.2047,18.1,31,1,0.0228,64,0,9,website,0
4780,0.2455,22.38,55,1,0.2126,63,0,5,app_store,1
4781,0.2429,33.93,45,0,0.4626,26,0,28,app_store,0
4782,0.3714,10.19,38,0,0.5457,28,1,26,website,1
4783,0.3918,21.01,79,2,0.2854,22,1,37,google_play,0
4784,0.3126,18.61,13,0,0.378,20,0,32,google_play,0
4785,0.2227,32.1,61,0,0.2231,30,0,21,website,1
4786,0.4856,23.64,2,1,0.063,42,0,19,google_play,1
4787,0.4643,47.3,74,1,0.7337,52,0,33,google_play,1
4788,0.3832,29.4,39,0,0.04,64,0,26,app_store,0
4789,0.037,37.42,7,0,0.0275,57,0,1,website,1
4790,0.2967,28.88,22,0,0.3462,36,0,28,website,0
4791,0.1898,10.97,47,1,0.4553,35,0,40,website,1
4792,0.253,18.87,54,0,0.5432,41,0,41,app_store,0
4793,0.1113,15.36,73,1,0.0925,47,0,34,google_play,1
4794,0.4767,41.73,77,0,0.2659,57,0,18,google_play,1
4795,0.0735,44.52,47,0,0.0422,36,1,47,app_store,1
4796,0.1971,23.17,16,0,0.0318,43,0,28,google_play,1
4797,0.1232,27.16,27,1,0.3553,18,0,3,google_play,0
4798,0.1061,8.12,62,0,0.2913,50,0,42,google_play,1
4799,0.4901,18.67,31,0,0.0733,23,0,1,app_store,0
4800,0.3589,4.26,43,0,0.0939,56,0,20,website,0
4801,0.4901,43.22,5,1,0.0613,68,0,27,app_store,1
4802,0.119,116.78,59,0,0.1591,32,1,2,website,0
4803,0.2858,16.89,79,0,0.1485,23,0,43,google_play,0
4804,0.4504,28.79,84,0,0.2183,26,0,18,app_store,1
4805,0.0824,32.85,62,0,0.1951,66,0,23,google_play,1
4806,0.1079,11.07,7,0,0.1452,32,1,11,google_play,0
4807,0.2465,22.38,81,2,0.0687,36,1,11,google_play,1
4808,0.2523,34.04,41,0,0.6415,42,0,12,website,0
4809,0.0158,27.61,14,0,0.1439,66,0,29,website,0
4810,0.0366,25.58,4,1,0.0505,44,0,44,app_store,0
4811,0.5509,19.94,21,0,0.4409,41,0,30,google_play,0
4812,0.0408,13.86,6,2,0.2025,35,0,34,app_store,1
4813,0.1185,39.38,48,0,0.1356,20,0,18,google_play,1
4814,0.309,84.12,59,1,0.01,24,0,31,google_play,0
4815,0.1823,6.03,8,0,0.0458,50,0,26,app_store,0
4816,0.1311,5.43,63,2,0.638,20,1,8,app_store,1
4817,0.0806,10.48,55,1,0.6231,50,0,1,google_play,1
4818,0.3122,18.01,71,2,0.1327,22,1,7,app_store,1
4819,0.6468,20.42,29,0,0.0506,24,0,8,website,0
4820,0.0075,26.82,6,0,0.012,28,0,6,google_play,0
4821,0.2178,25.81,15,0,0.2977,59,0,15,google_play,0
4822,0.6509,22.26,22,1,0.0544,41,0,39,app_store,0
4823,0.4211,59.77,30,0,0.2706,26,0,6,app_store,0
4824,0.2297,12.83,42,1,0.2538,30,0,15,google_play,0
4825,0.1504,46.3,84,0,0.0954,19,0,18,google_play,0
4826,0.311,98.45,58,1,0.3399,63,0,22,referral,1
4827,0.0556,8.76,54,2,0.1036,62,1,7,referral,1
4828,0.3947,6.27,76,0,0.0585,61,0,34,website,0
4829,0.5213,27.94,55,1,0.2392,69,0,38,website,1
4830,0.6044,38.58,12,0,0.8122,38,0,43,app_store,0
4831,0.1522,25.16,68,0,0.399,66,0,28,website,0
4832,0.5529,5.54,54,0,0.9031,50,0,27,website,1
4833,0.5794,7.53,74,4,0.086,22,1,32,referral,1
4834,0.3842,17.19,62,0,0.406,43,0,21,referral,1
4835,0.1962,32.82,52,0,0.3402,35,0,13,website,1
4836,0.3044,19.14,7,0,0.1944,18,0,47,website,0
4837,0.1199,28.48,40,0,0.3118,68,1,44,website,0
4838,0.2784,27.93,20,1,0.7779,46,1,28,website,0
4839,0.0941,47.08,8,0,0.4987,69,1,24,referral,1
4840,0.2869,10.89,61,1,0.2065,34,0,17,referral,1
4841,0.1665,26.09,69,1,0.3629,56,1,11,referral,1
4842,0.1956,67.16,7,1,0.0463,44,0,25,app_store,1
4843,0.2553,14.11,21,1,0.1553,43,0,30,referral,0
4844,0.2616,15.82,74,0,0.5291,29,0,11,google_play,0
4845,0.2813,26.06,14,1,0.1389,39,0,38,website,0
4846,0.2149,11.7,63,0,0.1357,42,0,34,app_store,0
4847,0.0353,10.86,84,0,0.3561,43,0,43,google_play,1
4848,0.2689,19.24,82,0,0.1966,32,0,7,website,0
4849,0.0997,20.68,59,1,0.3056,45,0,47,google_play,1
4850,0.335,41.51,88,0,0.0756,18,0,1,google_play,0
4851,0.2335,13.1,53,0,0.0787,61,0,40,app_store,0
4852,0.4891,25.06,80,0,0.1338,40,0,5,google_play,0
4853,0.3035,58.21,62,0,0.1346,51,0,6,website,0
4854,0.4899,55.83,32,0,0.3593,29,0,34,app_store,0
4855,0.2561,22.71,31,0,0.2772,24,0,44,google_play,1
4856,0.1012,28.0,65,1,0.2355,32,0,22,app_store,1
4857,0.3477,13.02,79,0,0.3989,33,1,35,google_play,0
4858,0.5705,30.03,31,0,0.1593,61,0,26,google_play,0
4859,0.5488,71.61,44,2,0.0659,57,1,25,referral,0
4860,0.5153,60.92,20,0,0.0665,61,1,35,app_store,0
4861,0.5169,24.15,48,2,0.1417,37,0,32,google_play,1
4862,0.091,31.25,16,1,0.4534,67,0,32,google_play,1
4863,0.0144,14.66,30,0,0.1112,57,0,5,referral,1
4864,0.5727,12.8,8,1,0.3108,32,0,43,referral,0
4865,0.0991,19.01,88,1,0.0228,22,0,10,google_play,1
4866,0.4519,29.65,42,0,0.0514,54,1,28,referral,0
4867,0.0992,40.66,44,2,0.0971,49,0,38,app_store,1
4868,0.0956,23.21,31,2,0.0917,49,0,28,google_play,1
4869,0.1125,33.38,3,0,0.4326,64,0,13,google_play,1
4870,0.0733,4.11,46,0,0.3033,55,0,19,google_play,1
4871,0.4969,27.64,80,1,0.3646,25,0,30,website,1
4872,0.4189,15.89,37,1,0.0687,62,0,31,referral,0
4873,0.3695,10.22,37,0,0.3431,42,0,13,website,0
4874,0.09,33.71,47,0,0.1294,22,0,42,google_play,0
4875,0.2083,67.56,52,0,0.0453,31,0,38,google_play,0
4876,0.2566,24.3,55,0,0.1804,68,0,36,app_store,0
4877,0.095,45.42,23,1,0.112,20,0,7,google_play,1
4878,0.276,18.31,17,0,0.1699,18,1,8,google_play,0
4879,0.2473,103.23,2,3,0.4268,64,0,43,app_store,1
4880,0.1804,8.14,3,0,0.1407,47,0,7,website,0
4881,0.2313,22.86,8,0,0.032,43,0,47,app_store,0
4882,0.0428,41.51,79,2,0.2983,54,0,10,referral,1
4883,0.3814,24.01,25,1,0.097,60,1,3,website,0
4884,0.4541,64.3,71,1,0.1357,38,1,46,referral,0
4885,0.2301,5.75,74,1,0.3773,19,0,28,website,1
4886,0.11,22.7,81,0,0.2033,50,0,43,referral,1
4887,0.3861,20.6,89,1,0.5681,41,1,7,website,1
4888,0.0273,22.71,40,1,0.3366,54,0,1,app_store,1
4889,0.235,8.1,9,0,0.1091,55,0,37,google_play,0
4890,0.0868,20.01,75,1,0.6173,35,0,32,app_store,1
4891,0.06,19.37,58,0,0.1048,29,0,14,referral,1
4892,0.2323,29.08,43,1,0.1612,22,0,23,app_store,1
4893,0.5029,52.92,84,3,0.2765,28,0,45,google_play,1
4894,0.2458,26.52,43,1,0.0782,38,1,16,google_play,0
4895,0.1707,32.87,27,0,0.0134,29,0,19,app_store,0
4896,0.0757,59.16,30,0,0.0279,21,0,25,google_play,0
4897,0.5211,56.4,83,0,0.507,28,0,43,referral,0
4898,0.0441,4.62,38,0,0.0289,52,0,36,app_store,0
4899,0.5438,42.87,41,2,0.1189,63,0,10,website,0
4900,0.158,42.68,67,0,0.2403,35,1,9,google_play,1
4901,0.339,20.42,31,0,0.1106,67,0,2,referral,0
4902,0.1944,17.8,10,1,0.302,37,0,9,website,0
4903,0.2837,11.13,73,1,0.2381,67,0,35,referral,1
4904,0.3666,6.3,61,1,0.0743,26,0,17,website,0
4905,0.3036,44.47,9,1,0.2653,28,0,25,app_store,1
4906,0.2632,41.91,16,2,0.265,40,0,39,app_store,0
4907,0.0708,22.87,43,0,0.1641,32,0,24,website,1
4908,0.5957,40.32,27,1,0.2934,22,0,17,google_play,0
4909,0.3189,50.22,18,0,0.2006,39,1,47,google_play,0
4910,0.6142,6.98,82,1,0.1567,35,0,33,app_store,0
4911,0.0653,29.21,41,0,0.1475,27,0,37,google_play,1
4912,0.1053,20.7,0,0,0.0825,54,0,31,app_store,1
4913,0.0603,33.2,47,0,0.0085,31,1,39,app_store,0
4914,0.3674,27.95,28,0,0.2988,67,1,27,website,0
4915,0.6274,42.05,56,1,0.0141,39,1,30,referral,0
4916,0.3985,8.1,14,2,0.0493,66,0,2,google_play,0
4917,0.4208,61.55,12,1,0.2322,57,0,37,google_play,0
4918,0.1347,17.0,12,0,0.1685,37,0,21,app_store,0
4919,0.3406,22.33,72,0,0.2653,35,0,17,app_store,1
4920,0.2087,7.16,77,0,0.3855,46,0,37,website,1
4921,0.2802,22.82,82,0,0.1232,46,0,9,app_store,0
4922,0.1387,24.22,18,0,0.3938,57,0,47,google_play,0
4923,0.1136,23.2,79,2,0.3531,56,0,33,website,1
4924,0.1851,14.66,11,1,0.5473,44,0,24,website,0
4925,0.3076,10.45,51,0,0.1085,61,0,29,google_play,0
4926,0.5738,38.43,24,1,0.0905,58,0,42,website,0
4927,0.0276,7.27,60,1,0.2678,59,0,44,app_store,1
4928,0.1533,43.09,29,1,0.0992,19,0,24,google_play,1
4929,0.5112,80.33,81,0,0.2618,32,0,13,website,1
4930,0.1114,115.79,48,2,0.3506,26,0,20,app_store,1
4931,0.4527,11.49,9,1,0.349,50,0,25,app_store,1
4932,0.5233,37.1,39,0,0.2907,42,1,8,google_play,0
4933,0.1728,16.55,63,1,0.5187,24,1,10,google_play,1
4934,0.5208,57.81,51,0,0.3558,21,0,41,app_store,1
4935,0.2303,32.3,51,0,0.1566,25,0,37,google_play,1
4936,0.2795,19.99,42,1,0.7349,55,0,3,website,1
4937,0.2675,12.97,64,2,0.3968,22,0,24,google_play,1
4938,0.4003,18.94,70,1,0.1244,20,0,43,app_store,0
4939,0.3419,15.3,17,0,0.0981,69,0,37,website,0
4940,0.3758,24.12,76,1,0.0771,58,0,17,website,0
4941,0.4302,25.0,26,1,0.412,29,0,45,google_play,0
4942,0.4194,16.64,8,0,0.0646,19,1,29,website,0
4943,0.5481,15.63,82,0,0.1609,62,0,3,app_store,0
4944,0.1971,38.06,5,1,0.0569,53,1,41,website,0
4945,0.1423,40.06,8,0,0.0993,48,0,6,website,0
4946,0.1185,13.89,58,0,0.1267,28,1,3,website,1
4947,0.3121,23.61,83,1,0.0929,63,0,45,google_play,0
4948,0.1959,13.4,35,2,0.1178,58,0,7,website,1
4949,0.2471,152.25,64,1,0.1516,63,0,20,app_store,1
4950,0.2951,12.7,68,0,0.324,40,0,9,website,1
4951,0.3831,29.29,23,0,0.1126,22,0,22,app_store,0
4952,0.2362,33.5,83,0,0.2464,33,0,28,app_store,1
4953,0.274,15.4,62,0,0.3207,48,0,35,referral,1
4954,0.2408,13.43,68,1,0.0973,40,0,12,google_play,0
4955,0.0339,20.17,80,0,0.1416,67,1,32,website,0
4956,0.2174,13.39,1,2,0.0275,43,0,28,google_play,1
4957,0.5016,27.99,18,0,0.0431,35,1,19,referral,0
4958,0.0479,13.53,1,1,0.0738,38,1,38,referral,0
4959,0.175,27.18,62,1,0.2879,43,0,27,website,1
4960,0.614,5.78,54,4,0.0329,41,0,12,google_play,0
4961,0.2592,13.95,86,0,0.2655,18,0,12,website,1
4962,0.3994,18.28,50,2,0.062,57,0,9,website,1
4963,0.0673,49.43,22,0,0.8324,23,0,46,website,0
4964,0.4033,6.73,65,1,0.1559,68,0,1,app_store,1
4965,0.0983,49.94,82,0,0.2132,63,1,28,google_play,1
4966,0.5521,38.93,10,0,0.1124,42,0,34,website,0
4967,0.188,7.03,11,1,0.2607,28,0,21,google_play,0
4968,0.5076,35.75,17,1,0.1562,51,1,25,app_store,0
4969,0.1018,12.79,65,1,0.1521,20,0,40,website,1
4970,0.3278,36.59,35,2,0.2168,56,0,8,website,1
4971,0.4398,38.14,4,1,0.0364,47,1,32,website,0
4972,0.2546,42.74,84,0,0.4392,36,0,3,app_store,1
4973,0.4657,16.44,47,1,0.0973,53,0,31,app_store,0
4974,0.1123,39.55,19,0,0.0913,65,0,26,website,0
4975,0.2533,72.09,4,1,0.2963,34,0,23,website,1
4976,0.1972,20.01,52,1,0.4084,48,0,43,website,1
4977,0.1942,21.87,87,3,0.2204,44,0,37,website,1
4978,0.1725,40.34,24,2,0.2764,69,0,27,website,1
4979,0.3747,3.34,75,0,0.2162,31,1,7,app_store,1
4980,0.3207,12.34,20,2,0.382,43,0,32,google_play,1
4981,0.1913,49.65,77,0,0.0829,24,1,27,website,1
4982,0.4308,27.32,60,1,0.1526,23,1,42,google_play,0
4983,0.6283,21.1,83,1,0.0407,54,0,33,website,0
4984,0.2534,12.69,49,1,0.5538,49,0,5,google_play,1
4985,0.0754,24.99,64,0,0.4485,55,0,2,referral,1
4986,0.1869,16.92,17,1,0.2738,54,1,27,website,1
4987,0.4967,7.22,26,0,0.3164,58,0,18,website,0
4988,0.0355,61.06,83,0,0.0643,58,0,13,google_play,1
4989,0.1238,15.08,89,1,0.3501,31,0,4,app_store,1
4990,0.384,20.28,58,0,0.3455,44,0,28,referral,0
4991,0.4747,7.04,31,1,0.1087,62,1,20,google_play,0
4992,0.2432,16.87,38,1,0.0985,31,0,29,website,1
4993,0.41,49.61,78,1,0.0519,43,0,43,app_store,0
4994,0.3228,47.07,68,0,0.0888,67,1,31,referral,0
4995,0.2504,24.97,67,1,0.3298,59,0,1,website,1
4996,0.4598,15.84,52,1,0.1002,68,0,16,referral,0
4997,0.1222,24.98,57,0,0.2309,39,1,44,google_play,0
4998,0.2776,34.95,70,1,0.3224,36,0,13,website,1
4999,0.5173,8.6,60,1,0.134,67,0,42,google_play,0
5000,0.3914,29.24,77,0,0.3372,38,0,20,referral,0
5001,0.4609,41.95,0,0,0.1418,23,0,22,app_store,0
5002,0.2752,23.52,13,0,0.0531,18,0,3,website,0
5003,0.6791,24.2,51,1,0.3692,50,0,7,referral,1
5004,0.5418,14.75,58,1,0.4597,32,1,2,website,1
5005,0.6495,30.21,8,0,0.1512,66,0,30,app_store,0
5006,0.5126,75.62,24,1,0.2263,34,0,20,google_play,0
5007,0.1117,65.66,89,1,0.1034,49,0,18,website,0
5008,0.4379,16.4,76,1,0.131,21,1,41,google_play,0
5009,0.1815,18.87,18,2,0.0334,48,0,47,referral,0
5010,0.1707,63.81,6,1,0.3047,19,0,3,google_play,0
5011,0.3663,37.21,76,2,0.2224,20,1,23,website,1
5012,0.2588,36.69,54,2,0.0792,41,0,10,app_store,1
5013,0.1653,6.92,71,0,0.34,64,0,39,app_store,1
5014,0.066,46.54,0,2,0.2166,61,0,23,google_play,1
5015,0.2139,20.16,60,0,0.2463,28,0,21,app_store,0
5016,0.448,28.89,26,2,0.1875,64,0,13,website,0
5017,0.0357,14.97,51,0,0.1713,24,0,45,referral,1
5018,0.105,77.84,69,0,0.0981,36,0,22,website,0
5019,0.2242,12.4,38,1,0.2011,31,0,47,google_play,0
5020,0.3784,96.23,70,0,0.0655,54,0,37,website,0
5021,0.3068,25.03,68,0,0.161,63,0,23,website,0
5022,0.1511,21.82,21,1,0.0463,36,0,11,app_store,0
5023,0.1257,13.22,34,0,0.0571,26,0,7,website,0
5024,0.2337,17.01,76,2,0.1617,56,0,21,app_store,0
5025,0.4544,21.28,67,0,0.0281,27,0,20,google_play,0
5026,0.337,26.96,45,0,0.4009,34,0,33,google_play,0
5027,0.4605,35.79,16,1,0.097,20,0,37,website,1
5028,0.5436,21.2,1,1,0.14,26,0,4,website,0
5029,0.5685,35.77,73,1,0.3212,20,1,39,referral,0
5030,0.2469,56.14,77,0,0.6106,19,0,3,google_play,1
5031,0.2822,51.48,69,2,0.0791,27,1,46,website,0
5032,0.3743,38.04,49,0,0.0063,66,0,10,google_play,0
5033,0.2003,34.82,68,0,0.0558,63,0,37,referral,0
5034,0.5126,11.68,17,0,0.1978,46,0,40,app_store,0
5035,0.5212,28.4,36,0,0.4915,18,0,34,website,0
5036,0.4965,11.48,31,1,0.1516,29,0,12,app_store,0
5037,0.2745,49.99,63,0,0.0957,32,0,17,website,1
5038,0.6109,30.02,81,0,0.1065,67,0,27,google_play,0
5039,0.3221,54.1,45,0,0.2095,44,0,28,app_store,0
5040,0.0686,55.85,38,0,0.108,58,1,46,google_play,0
5041,0.4513,33.41,24,0,0.0087,28,0,13,app_store,1
5042,0.4868,15.28,20,1,0.317,48,0,24,website,1
5043,0.1085,5.1,42,0,0.0811,49,0,44,app_store,0
5044,0.1035,35.87,12,0,0.0931,50,0,9,app_store,0
5045,0.1795,21.81,36,1,0.1815,19,0,10,website,0
5046,0.3149,42.96,75,0,0.4265,47,1,3,app_store,1
5047,0.2289,40.0,14,0,0.1606,41,1,29,google_play,1
5048,0.2097,37.3,20,0,0.381,30,0,32,website,1
5049,0.2984,29.17,1,0,0.0917,29,0,25,website,0
5050,0.1037,7.68,30,1,0.0484,69,0,16,app_store,1
5051,0.1298,59.42,58,0,0.23,67,0,36,google_play,1
5052,0.0518,10.18,88,0,0.1278,39,0,22,app_store,1
5053,0.3858,15.59,66,1,0.111,54,0,18,app_store,0
5054,0.1843,19.47,27,1,0.4191,33,0,30,google_play,0
5055,0.5114,24.85,27,0,0.1253,50,0,16,website,0
5056,0.4805,19.62,36,0,0.2867,37,1,3,app_store,1
5057,0.4095,16.63,89,0,0.1501,33,0,10,google_play,0
5058,0.3927,43.03,31,0,0.388,29,0,28,website,0
5059,0.1536,9.66,19,1,0.3376,36,0,21,google_play,1
5060,0.3743,18.36,80,1,0.3606,40,0,43,website,1
5061,0.3731,5.65,54,0,0.063,60,1,47,app_store,0
5062,0.1954,11.92,41,1,0.0609,45,0,12,app_store,1
5063,0.186,8.21,73,0,0.1047,19,0,17,website,0
5064,0.657,41.01,36,2,0.9253,25,0,35,google_play,0
5065,0.394,27.96,64,0,0.073,42,1,38,website,0
5066,0.18,13.93,28,0,0.4426,64,0,29,app_store,0
5067,0.2485,2.61,35,0,0.1329,49,0,6,app_store,0
5068,0.0994,8.43,69,1,0.2961,68,0,27,app_store,1
5069,0.0762,11.37,77,1,0.1254,65,0,41,app_store,0
5070,0.2936,19.06,67,1,0.1958,39,0,8,google_play,1
5071,0.0922,41.7,67,0,0.0508,23,0,25,app_store,0
5072,0.2058,8.96,29,1,0.2632,32,0,12,google_play,1
5073,0.199,9.53,23,0,0.0203,39,0,31,app_store,0
5074,0.2232,7.59,51,0,0.1733,36,0,9,google_play,0
5075,0.0752,24.58,66,1,0.3254,66,0,11,app_store,1
5076,0.2069,5.37,72,0,0.1247,25,0,39,google_play,1
5077,0.5017,7.13,29,0,0.1692,24,1,45,referral,0
5078,0.371,34.12,22,0,0.3379,53,0,45,google_play,1
5079,0.2463,71.29,23,2,0.0925,42,0,13,website,0
5080,0.249,25.65,31,1,0.1011,21,0,30,app_store,0
5081,0.0463,19.69,34,0,0.2121,49,1,28,google_play,1
5082,0.2596,112.69,83,0,0.1816,66,0,12,google_play,0
5083,0.2154,17.03,35,0,0.3033,27,0,20,website,0
5084,0.1459,17.07,3,0,0.2664,40,0,46,app_store,0
5085,0.2199,16.85,1,1,0.0292,55,0,12,app_store,0
5086,0.387,70.14,19,0,0.0752,63,1,41,google_play,0
5087,0.3488,35.78,23,1,0.157,24,0,6,google_play,1
5088,0.0881,35.51,6,0,0.0965,25,0,40,google_play,0
5089,0.254,30.83,61,1,0.2959,47,0,9,google_play,1
5090,0.398,17.82,84,0,0.2563,53,0,35,app_store,1
5091,0.6109,19.57,33,0,0.0316,44,0,40,website,0
5092,0.1962,12.49,26,1,0.6042,44,1,2,website,1
5093,0.3279,18.59,56,0,0.1081,52,0,42,app_store,0
5094,0.0854,29.9,47,1,0.2063,50,1,34,google_play,1
5095,0.3348,21.4,58,1,0.1679,62,1,26,app_store,0
5096,0.4381,43.23,78,2,0.0074,64,0,30,google_play,0
5097,0.4338,29.48,88,1,0.3874,21,0,4,referral,1
5098,0.4105,28.02,23,0,0.3276,24,0,4,app_store,1
5099,0.2566,13.36,38,0,0.4166,56,0,24,app_store,0
5100,0.2509,10.4,7,1,0.0077,61,0,20,website,1
5101,0.3032,11.15,53,0,0.1142,38,1,47,website,0
5102,0.4332,52.54,27,1,0.4376,63,0,35,referral,0
5103,0.3491,7.32,64,1,0.1172,40,0,27,app_store,0
5104,0.597,28.02,44,0,0.0364,50,1,23,google_play,0
5105,0.4771,28.03,60,0,0.1433,19,0,1,google_play,0
5106,0.3673,15.2,43,0,0.3568,65,0,8,app_store,0
5107,0.4735,23.92,47,0,0.3212,40,1,8,website,1
5108,0.1083,27.66,56,0,0.0017,38,0,44,app_store,0
5109,0.442,10.93,71,1,0.2388,36,0,10,google_play,0
5110,0.3119,14.12,11,0,0.0347,61,1,19,app_store,1
5111,0.5334,22.33,58,0,0.0515,42,0,25,website,0
5112,0.2437,22.82,40,0,0.2869,46,0,46,google_play,0
5113,0.2159,9.07,60,0,0.1044,48,0,18,website,1
5114,0.523,24.59,58,0,0.6897,18,0,23,website,1
5115,0.1081,25.25,25,1,0.0726,40,0,26,google_play,1
5116,0.2151,46.57,40,0,0.099,51,0,17,app_store,0
5117,0.4521,22.79,71,0,0.0566,50,1,41,website,0
5118,0.2593,17.45,56,2,0.149,32,0,19,app_store,1
5119,0.2891,39.59,50,0,0.7835,22,0,37,google_play,0
5120,0.5848,50.45,75,0,0.2291,25,0,41,referral,1
5121,0.334,8.78,76,2,0.3394,21,0,25,app_store,1
5122,0.3182,16.02,5,2,0.3706,20,0,29,google_play,1
5123,0.2218,5.26,14,0,0.1174,31,0,15,referral,0
5124,0.0241,11.78,65,2,0.2447,59,1,6,google_play,1
5125,0.0247,65.22,35,1,0.0583,49,0,3,app_store,1
5126,0.4234,10.87,88,0,0.3146,51,0,27,referral,0
5127,0.1436,31.91,63,2,0.072,31,0,47,referral,1
5128,0.058,30.69,19,0,0.3996,64,0,33,website,0
5129,0.2336,15.3,81,2,0.5589,47,0,22,website,1
5130,0.4114,16.75,10,2,0.4062,23,0,46,google_play,1
5131,0.2295,61.0,77,0,0.1579,69,0,41,website,1
5132,0.229,44.55,68,1,0.2694,59,0,37,google_play,0
5133,0.6566,110.2,54,0,0.2057,22,1,20,google_play,1
5134,0.1248,3.85,7,1,0.2277,39,0,17,google_play,0
5135,0.076,33.45,66,0,0.1525,49,0,19,app_store,1
5136,0.3537,4.34,44,0,0.2964,40,0,38,google_play,0
5137,0.1024,22.35,36,0,0.0501,20,0,19,referral,1
5138,0.0562,19.65,55,2,0.1771,40,0,34,referral,0
5139,0.3991,10.28,15,1,0.0584,31,0,24,app_store,0
5140,0.2434,15.01,57,2,0.201,66,0,19,app_store,1
5141,0.425,18.59,43,0,0.0069,50,0,31,app_store,0
5142,0.1969,31.12,46,0,0.2089,37,0,34,app_store,1
5143,0.0828,10.27,85,1,0.2382,50,0,25,google_play,1
5144,0.1145,13.67,33,0,0.1514,39,0,24,referral,0
5145,0.4865,32.96,33,0,0.0333,52,0,5,app_store,0
5146,0.3133,37.89,76,0,0.0787,35,0,45,app_store,0
5147,0.3326,144.33,47,1,0.1157,36,0,46,google_play,0
5148,0.251,25.75,87,1,0.6222,32,0,20,google_play,1
5149,0.1244,35.66,84,1,0.1111,32,0,28,app_store,0
5150,0.2822,19.56,18,3,0.2159,61,0,39,website,1
5151,0.6874,61.09,9,0,0.2791,59,0,29,app_store,0
5152,0.1612,11.91,17,1,0.2659,26,0,38,website,0
5153,0.5746,21.84,4,0,0.5127,46,1,28,app_store,0
5154,0.4125,27.28,73,3,0.2245,40,0,5,referral,1
5155,0.5511,32.21,55,1,0.0512,23,0,5,referral,0
5156,0.6416,44.07,11,2,0.3099,36,0,24,app_store,0
5157,0.1491,19.84,31,2,0.1456,50,1,22,google_play,0
5158,0.0843,42.74,2,0,0.3783,49,0,29,referral,1
5159,0.4166,8.5,59,0,0.4386,54,0,19,google_play,1
5160,0.3903,27.29,76,0,0.1578,64,1,2,app_store,0
5161,0.115,6.1,35,0,0.076,50,1,12,google_play,1
5162,0.4753,19.53,66,1,0.022,68,0,33,referral,0
5163,0.3662,131.71,45,0,0.1954,44,0,31,google_play,0
5164,0.2989,27.56,62,0,0.4564,57,0,1,referral,1
5165,0.0919,16.38,86,1,0.1027,67,1,36,referral,0
5166,0.5311,32.8,36,0,0.4388,56,1,14,app_store,0
5167,0.6771,22.13,42,0,0.1799,60,0,6,google_play,0
5168,0.2766,10.41,34,0,0.0302,19,0,4,referral,0
5169,0.3063,6.29,61,1,0.0699,64,0,40,google_play,0
5170,0.2362,22.68,37,1,0.1218,44,0,11,google_play,0
5171,0.3937,19.96,89,0,0.0967,45,0,36,google_play,0
5172,0.0365,19.15,57,1,0.0109,66,0,7,website,1
5173,0.249,41.29,35,1,0.1551,25,1,46,referral,0
5174,0.4472,60.61,40,1,0.1493,46,0,16,website,0
5175,0.1818,38.53,0,0,0.1016,41,0,16,google_play,0
5176,0.5181,18.34,45,0,0.1973,20,1,35,app_store,0
5177,0.6432,25.48,63,1,0.084,64,0,30,website,0
5178,0.5043,50.56,20,1,0.4867,18,0,41,app_store,1
5179,0.2762,43.29,57,0,0.5153,54,0,10,google_play,1
5180,0.4006,35.04,49,0,0.1202,35,0,41,google_play,0
5181,0.1927,16.68,31,0,0.1263,66,0,36,app_store,0
5182,0.7648,50.7,72,0,0.1273,50,0,15,referral,0
5183,0.0984,62.91,65,0,0.1557,64,1,8,referral,0
5184,0.6723,43.55,16,0,0.0181,55,0,47,google_play,0
5185,0.4979,192.53,68,0,0.2269,67,0,35,referral,1
5186,0.1282,41.44,20,0,0.2826,32,0,27,referral,0
5187,0.4491,54.77,20,1,0.1054,20,0,39,app_store,1
5188,0.3091,38.42,48,1,0.1927,36,1,38,app_store,1
5189,0.2371,22.4,17,0,0.1631,18,0,23,google_play,0
5190,0.2305,10.77,4,0,0.1937,56,0,15,website,0
5191,0.2401,14.32,61,0,0.1116,50,0,17,google_play,0
5192,0.3166,14.42,68,2,0.2006,42,0,42,app_store,1
5193,0.6192,10.53,38,0,0.1039,24,0,46,app_store,0
5194,0.0493,20.07,29,1,0.007,32,0,22,website,1
5195,0.1026,24.59,11,0,0.3458,40,0,32,app_store,1
5196,0.0803,56.48,69,1,0.2436,35,0,6,app_store,1
5197,0.5014,10.55,10,1,0.0445,65,0,24,google_play,0
5198,0.3137,45.8,50,0,0.2107,29,0,40,app_store,0
5199,0.1293,29.6,0,0,0.3086,54,0,27,website,1
5200,0.2587,31.93,51,0,0.1203,41,0,38,app_store,0
5201,0.3648,22.94,7,0,0.1344,30,0,15,website,1
5202,0.1249,106.09,10,0,0.1812,35,0,12,app_store,0
5203,0.3069,14.15,60,1,0.2632,41,0,36,google_play,1
5204,0.3492,16.6,28,0,0.2538,53,0,31,google_play,0
5205,0.0303,26.64,84,0,0.2029,63,1,11,google_play,1
5206,0.4234,32.36,56,1,0.3033,31,0,9,app_store,1
5207,0.5433,28.72,71,0,0.1326,50,0,5,app_store,0
5208,0.3885,23.69,13,1,0.0204,42,0,6,app_store,0
5209,0.1945,35.46,43,1,0.2012,42,1,18,website,0
5210,0.28,37.38,40,0,0.2975,61,1,44,app_store,0
5211,0.1592,23.88,62,1,0.1434,19,0,11,google_play,1
5212,0.3719,88.74,1,0,0.0495,46,0,13,google_play,0
5213,0.5036,33.42,53,0,0.0473,45,0,32,app_store,0
5214,0.1754,20.23,76,0,0.431,61,0,24,website,1
5215,0.3138,58.58,20,0,0.0823,57,1,1,google_play,0
5216,0.2659,5.93,24,0,0.0281,53,0,35,website,1
5217,0.3689,11.16,35,0,0.0351,23,0,21,website,0
5218,0.4335,21.27,68,0,0.1358,41,0,34,referral,0
5219,0.2777,10.76,43,1,0.0838,50,0,34,google_play,0
5220,0.1261,43.05,74,1,0.2068,44,1,26,website,1
5221,0.1841,42.03,24,0,0.3238,53,1,30,referral,1
5222,0.2831,76.84,85,0,0.1731,34,0,38,website,1
5223,0.3962,16.37,84,0,0.2673,59,0,41,app_store,1
5224,0.5779,36.5,27,0,0.2235,45,0,24,google_play,0
5225,0.6593,60.09,25,1,0.1217,43,1,4,google_play,0
5226,0.0939,27.49,68,0,0.4824,46,0,46,app_store,1
5227,0.4897,48.92,62,0,0.139,67,0,4,website,0
5228,0.2826,22.87,63,0,0.147,35,0,11,google_play,1
5229,0.7266,61.58,29,2,0.3859,55,0,24,app_store,0
5230,0.24,14.4,58,0,0.1047,25,0,17,referral,0
5231,0.4087,8.28,43,1,0.2966,45,0,18,google_play,0
5232,0.4137,18.82,81,1,0.3666,62,0,32,app_store,1
5233,0.2912,23.07,63,0,0.2703,37,0,27,google_play,1
5234,0.4424,33.32,58,0,0.0986,32,0,19,app_store,0
5235,0.0444,33.64,68,0,0.2905,27,0,41,app_store,1
5236,0.1687,14.93,42,1,0.3286,54,0,3,app_store,1
5237,0.2303,12.2,21,0,0.2298,69,0,21,website,0
5238,0.1928,76.59,49,0,0.4899,67,0,3,website,1
5239,0.1404,22.28,49,1,0.2061,59,1,27,app_store,1
5240,0.1202,17.58,39,0,0.2975,26,0,12,app_store,1
5241,0.4847,30.67,57,1,0.1239,29,0,20,google_play,1
5242,0.3412,12.44,42,1,0.1775,31,0,8,google_play,1
5243,0.0547,14.87,3,1,0.0429,20,0,45,app_store,1
5244,0.2874,42.7,79,0,0.1338,35,0,43,website,1
5245,0.1978,12.06,68,2,0.1032,25,1,22,referral,1
5246,0.3408,9.67,89,1,0.1763,24,0,28,website,0
5247,0.7244,19.13,56,1,0.364,31,1,11,app_store,1
5248,0.125,29.41,78,0,0.0162,53,1,26,website,1
5249,0.1668,64.22,57,0,0.2585,58,1,23,website,0
5250,0.173,31.14,88,1,0.3502,52,1,21,app_store,1
5251,0.1839,35.21,18,2,0.0898,33,0,30,website,0
5252,0.0711,11.99,24,1,0.3766,47,0,45,google_play,1
5253,0.3237,27.96,44,1,0.262,27,1,4,app_store,1
5254,0.1711,11.21,20,4,0.298,63,0,39,google_play,1
5255,0.2582,46.56,51,0,0.0515,65,0,33,website,0
5256,0.183,26.56,33,0,0.0182,36,0,33,referral,0
5257,0.7171,23.66,31,0,0.3031,55,1,22,app_store,0
5258,0.3464,34.95,31,1,0.1452,57,0,3,app_store,0
5259,0.3428,17.4,61,0,0.1067,35,0,46,app_store,0
5260,0.4237,17.47,12,1,0.1202,69,1,37,app_store,0
5261,0.3186,12.61,3,2,0.1467,35,0,19,app_store,1
5262,0.7558,85.35,80,2,0.0626,21,1,36,referral,0
5263,0.3427,20.92,45,0,0.0795,30,0,6,referral,0
5264,0.1753,19.66,72,2,0.1613,42,0,23,website,1
5265,0.2188,39.87,5,0,0.2339,26,1,29,referral,0
5266,0.5272,24.73,21,1,0.2811,58,0,16,app_store,1
5267,0.1361,4.83,39,0,0.444,43,0,47,referral,0
5268,0.0298,101.08,46,2,0.042,29,0,23,app_store,1
5269,0.1683,17.54,80,1,0.352,33,0,11,website,1
5270,0.5169,13.63,12,1,0.0208,26,0,24,app_store,0
5271,0.404,21.89,40,0,0.111,31,0,15,website,0
5272,0.4147,17.09,14,0,0.0708,25,0,14,website,1
5273,0.0862,17.32,88,1,0.1897,43,0,17,app_store,0
5274,0.0764,26.61,59,1,0.0815,32,0,45,app_store,0
5275,0.1361,6.67,67,1,0.1457,55,0,6,website,1
5276,0.3755,41.03,56,0,0.0511,53,0,44,referral,0
5277,0.3739,47.84,85,0,0.1238,37,0,42,app_store,0
5278,0.0561,7.52,87,0,0.0765,37,0,44,website,0
5279,0.3402,33.75,78,1,0.1354,47,0,39,google_play,0
5280,0.4743,13.47,18,0,0.1117,20,0,9,google_play,0
5281,0.7001,18.06,77,0,0.3183,35,0,45,referral,0
5282,0.2318,31.38,23,1,0.1828,52,1,39,referral,0
5283,0.1038,44.99,29,0,0.0161,67,0,15,website,0
5284,0.2111,30.93,1,0,0.4422,33,0,11,app_store,0
5285,0.2751,9.28,74,2,0.1114,29,0,44,google_play,1
5286,0.6911,25.66,81,0,0.2179,55,1,34,app_store,0
5287,0.1106,34.56,30,0,0.1623,41,0,7,google_play,1
5288,0.5597,14.28,69,0,0.1604,56,0,45,google_play,0
5289,0.2478,13.57,76,1,0.0218,47,0,41,website,0
5290,0.3476,23.34,51,0,0.0138,30,1,44,referral,0
5291,0.2654,36.65,42,0,0.3334,29,0,27,app_store,0
5292,0.9125,16.5,57,0,0.1569,53,0,10,app_store,0
5293,0.2754,29.03,0,0,0.2789,41,0,31,app_store,0
5294,0.0669,10.15,40,1,0.0939,38,0,16,website,1
5295,0.3321,29.65,82,1,0.5864,69,0,1,referral,1
5296,0.2572,6.86,30,0,0.1262,32,0,32,website,0
5297,0.194,30.47,62,0,0.2647,47,1,31,google_play,1
5298,0.1803,45.47,3,0,0.0391,66,0,33,google_play,1
5299,0.3729,21.83,61,0,0.3493,51,0,9,app_store,1
5300,0.5889,36.24,29,0,0.0958,38,0,30,app_store,0
5301,0.1373,29.13,78,1,0.2149,54,0,26,google_play,1
5302,0.1567,9.36,66,0,0.153,42,1,45,website,0
5303,0.4035,10.73,86,1,0.2282,54,0,20,website,1
5304,0.441,19.04,8,0,0.2412,38,0,35,website,0
5305,0.5088,22.11,68,1,0.1439,67,0,1,google_play,0
5306,0.1461,14.19,25,0,0.1232,61,0,43,google_play,0
5307,0.3783,10.44,51,0,0.2105,26,0,41,app_store,1
5308,0.3497,3.32,21,0,0.0545,61,0,30,website,0
5309,0.2701,79.16,16,0,0.1676,51,0,38,referral,0
5310,0.5227,80.91,75,1,0.1538,26,0,17,google_play,0
5311,0.3079,13.58,64,1,0.6745,33,1,23,google_play,1
5312,0.1043,8.95,46,1,0.1548,33,0,12,app_store,1
5313,0.594,67.93,45,1,0.4792,53,0,33,app_store,0
5314,0.0874,5.56,46,1,0.276,33,0,14,website,1
5315,0.2762,50.38,47,0,0.1189,47,0,46,app_store,0
5316,0.5178,38.31,70,1,0.0105,60,0,23,google_play,0
5317,0.2331,19.21,58,2,0.1811,42,0,25,website,0
5318,0.123,65.05,79,2,0.1474,50,0,30,website,1
5319,0.2234,15.46,68,0,0.0519,51,0,40,referral,0
5320,0.4992,44.18,21,1,0.5374,39,0,21,google_play,0
5321,0.1341,20.6,23,0,0.0294,42,0,15,app_store,0
5322,0.4003,10.47,45,2,0.2483,51,0,4,google_play,0
5323,0.4184,102.52,28,1,0.1174,53,0,45,google_play,0
5324,0.2202,14.94,60,0,0.0535,60,0,38,referral,0
5325,0.2569,18.17,21,0,0.0805,30,1,10,app_store,0
5326,0.5544,43.35,40,0,0.7494,50,0,12,app_store,0
5327,0.5941,58.45,67,2,0.2752,21,0,4,app_store,1
5328,0.3446,9.75,47,1,0.1656,57,0,43,google_play,0
5329,0.4779,67.26,41,0,0.2086,25,1,10,website,0
5330,0.2485,24.42,87,1,0.2339,47,1,41,google_play,1
5331,0.0178,23.07,53,0,0.2951,42,1,39,app_store,1
5332,0.1411,21.82,68,0,0.2183,56,1,39,app_store,0
5333,0.0266,24.25,47,0,0.0762,26,0,43,website,0
5334,0.2588,8.24,58,1,0.3868,35,0,43,app_store,1
5335,0.0294,32.61,76,0,0.3235,33,0,18,app_store,1
5336,0.0905,28.3,17,1,0.05,37,0,16,google_play,1
5337,0.2238,18.97,52,1,0.1088,63,0,8,google_play,0
5338,0.6702,28.33,29,2,0.0077,69,0,5,website,0
5339,0.4146,21.25,88,0,0.1238,68,0,3,website,0
5340,0.2654,23.29,41,2,0.0899,31,0,1,google_play,0
5341,0.3998,32.86,53,0,0.1475,69,0,11,google_play,0
5342,0.2171,20.94,3,0,0.0455,36,0,30,google_play,0
5343,0.4986,14.24,45,2,0.0548,35,1,34,google_play,0
5344,0.0502,41.73,37,1,0.1587,20,0,19,google_play,1
5345,0.3186,11.56,5,0,0.0633,28,1,38,app_store,0
5346,0.3907,51.22,0,0,0.0679,32,0,16,website,1
5347,0.2268,19.29,38,0,0.5274,67,0,11,app_store,1
5348,0.2653,45.29,76,0,0.1168,18,0,22,referral,0
5349,0.3417,67.12,30,0,0.1635,59,1,8,referral,0
5350,0.0618,23.53,75,0,0.2219,66,0,39,referral,1
5351,0.6546,45.17,52,0,0.0911,32,0,8,app_store,0
5352,0.1014,38.14,54,1,0.018,56,1,27,website,0
5353,0.5091,27.88,31,0,0.346,45,0,9,referral,0
5354,0.3821,37.41,68,0,0.1279,57,0,1,google_play,0
5355,0.0671,20.17,27,1,0.3081,24,0,6,referral,1
5356,0.0974,77.43,61,0,0.1297,53,1,5,google_play,0
5357,0.1165,26.02,89,2,0.0956,61,0,10,website,1
5358,0.1671,14.71,51,0,0.1652,45,0,11,google_play,0
5359,0.1786,18.11,28,0,0.2961,62,0,31,website,0
5360,0.5975,45.66,40,0,0.1974,69,0,9,app_store,0
5361,0.1767,12.88,76,0,0.178,42,0,12,google_play,0
5362,0.1457,92.24,46,0,0.4355,39,0,22,google_play,0
5363,0.1098,61.19,72,1,0.5901,59,1,12,website,1
5364,0.5107,10.36,80,0,0.2816,41,0,37,website,1
5365,0.08,42.15,29,1,0.1273,31,0,15,website,0
5366,0.5322,12.46,12,0,0.0772,27,0,19,website,0
5367,0.6007,13.69,34,0,0.0467,65,0,28,google_play,0
5368,0.1911,17.67,16,1,0.0272,26,0,13,app_store,0
5369,0.4627,14.59,66,1,0.2566,23,0,26,website,1
5370,0.2612,40.76,52,0,0.1556,62,0,32,app_store,0
5371,0.1025,29.3,34,0,0.3453,59,0,45,google_play,1
5372,0.3171,32.98,72,1,0.1177,43,1,40,google_play,0
5373,0.4191,24.58,3,1,0.025,18,0,30,google_play,0
5374,0.429,16.95,7,1,0.4353,39,0,34,google_play,0
5375,0.2654,17.04,45,1,0.0987,26,0,13,website,0
5376,0.0411,53.19,20,2,0.1496,63,0,15,referral,1
5377,0.0486,19.22,47,1,0.5555,29,0,10,google_play,1
5378,0.1985,65.17,13,0,0.2717,31,0,29,google_play,0
5379,0.4581,15.72,29,0,0.3201,54,0,17,referral,0
5380,0.1571,25.34,53,0,0.2505,60,0,15,google_play,0
5381,0.2991,30.46,4,0,0.1044,18,0,47,app_store,0
5382,0.2129,56.11,33,0,0.3356,55,1,32,google_play,1
5383,0.1436,48.35,39,0,0.0987,68,0,30,website,1
5384,0.2106,30.42,74,0,0.228,47,0,23,referral,0
5385,0.3633,25.85,86,1,0.1496,40,0,13,google_play,0
5386,0.0753,12.99,11,1,0.0037,52,0,43,referral,1
5387,0.1255,21.44,83,1,0.3868,58,0,7,website,1
5388,0.4861,119.57,87,0,0.5332,44,0,29,website,1
5389,0.0808,12.54,75,1,0.1308,57,0,8,website,1
5390,0.3682,16.55,59,2,0.2009,56,0,4,google_play,1
5391,0.1576,9.32,33,1,0.0811,65,1,43,app_store,0
5392,0.0834,14.54,9,0,0.1287,47,0,19,google_play,0
5393,0.2773,10.72,16,0,0.2737,69,0,25,google_play,0
5394,0.4466,10.4,88,1,0.9316,62,1,27,app_store,1
5395,0.0982,30.75,87,1,0.096,54,0,19,website,1
5396,0.3943,40.91,64,0,0.1723,43,0,18,website,0
5397,0.12,31.4,77,0,0.0875,67,0,42,google_play,1
5398,0.351,12.0,45,0,0.0246,20,1,14,referral,0
5399,0.3461,7.55,17,2,0.104,46,0,36,website,1
5400,0.2478,5.86,66,1,0.2437,49,0,44,app_store,1
5401,0.3388,10.45,38,0,0.06,31,0,42,app_store,0
5402,0.0501,11.96,46,2,0.1096,68,0,40,google_play,1
5403,0.0599,17.79,54,0,0.2291,34,0,9,app_store,1
5404,0.0825,29.48,72,0,0.0692,41,1,28,website,1
5405,0.2126,18.71,54,0,0.012,44,1,24,referral,0
5406,0.5475,74.37,73,0,0.1362,54,0,10,google_play,0
5407,0.2973,123.31,58,1,0.1501,59,0,14,website,0
5408,0.4209,22.77,19,0,0.1148,61,1,8,app_store,0
5409,0.2147,6.42,85,0,0.567,39,0,30,google_play,1
5410,0.0546,16.85,21,2,0.2369,37,0,33,google_play,1
5411,0.2161,20.35,13,0,0.0762,67,0,32,google_play,0
5412,0.2958,39.65,72,1,0.0533,45,0,27,referral,0
5413,0.4038,9.63,80,1,0.3254,50,0,29,app_store,0
5414,0.2487,7.88,22,1,0.0593,39,0,27,google_play,0
5415,0.1679,29.47,24,0,0.3819,56,1,29,app_store,0
5416,0.0779,16.73,15,0,0.0976,36,0,32,app_store,0
5417,0.36,16.55,49,0,0.2383,28,0,11,website,1
5418,0.1635,13.25,43,1,0.5199,34,0,31,referral,1
5419,0.1674,18.49,49,0,0.0897,30,0,22,app_store,0
5420,0.3045,28.2,24,0,0.326,46,0,31,app_store,0
5421,0.4153,4.56,62,1,0.4178,53,0,25,website,1
5422,0.2045,24.82,29,0,0.2865,22,0,16,website,1
5423,0.0869,39.7,31,0,0.2741,28,0,43,app_store,0
5424,0.1634,33.55,39,0,0.1107,25,0,47,app_store,0
5425,0.2709,107.24,10,0,0.3534,46,0,5,app_store,0
5426,0.2439,18.06,34,0,0.1034,38,0,39,app_store,0
5427,0.1638,22.99,76,0,0.3225,63,0,16,app_store,1
5428,0.1006,59.83,24,0,0.0786,30,1,22,app_store,0
5429,0.3027,25.48,16,0,0.0404,30,1,45,google_play,0
5430,0.2215,70.38,67,1,1.0,51,0,19,website,1
5431,0.4576,43.46,21,1,0.3456,53,0,3,app_store,0
5432,0.0561,27.13,65,0,0.1601,56,0,34,app_store,0
5433,0.212,24.34,7,2,0.3563,66,1,43,website,0
5434,0.2984,20.82,17,0,0.0984,34,0,9,app_store,0
5435,0.242,23.94,45,2,0.475,58,0,2,referral,1
5436,0.3249,13.57,81,1,0.0316,31,1,47,referral,0
5437,0.176,39.42,54,0,0.1727,68,0,1,referral,1
5438,0.1707,93.69,13,0,0.2606,37,0,27,app_store,1
5439,0.4809,6.9,46,1,0.3916,69,1,37,app_store,1
5440,0.3037,55.99,4,0,0.253,41,0,10,google_play,0
5441,0.408,29.06,7,0,0.1281,37,0,35,google_play,0
5442,0.4721,50.96,16,1,0.3334,57,1,31,google_play,0
5443,0.2438,16.27,75,0,0.4344,42,1,29,referral,0
5444,0.3325,21.61,81,0,0.1852,42,0,46,website,1
5445,0.1949,59.49,5,0,0.238,43,0,34,referral,1
5446,0.4891,23.7,31,0,0.5034,55,0,37,app_store,0
5447,0.0169,43.71,88,0,0.3129,59,0,2,google_play,1
5448,0.1128,16.25,41,1,0.2779,53,0,13,referral,1
5449,0.3546,21.35,33,0,0.2584,22,0,7,referral,0
5450,0.4171,35.04,44,1,0.1873,46,0,41,google_play,0
5451,0.3375,32.57,51,0,0.3797,52,1,25,website,0
5452,0.2814,43.76,18,2,0.1407,21,0,7,website,1
5453,0.2787,19.32,62,0,0.1916,33,0,27,website,0
5454,0.3745,24.53,28,0,0.1008,42,0,16,google_play,0
5455,0.2754,48.35,47,0,0.0284,54,0,41,app_store,0
5456,0.4047,67.35,61,0,0.0466,67,0,23,website,1
5457,0.3879,13.64,75,0,0.1023,68,0,7,app_store,0
5458,0.3766,56.35,61,0,0.1157,47,0,42,referral,0
5459,0.4151,14.32,70,0,0.278,23,0,40,website,0
5460,0.2216,28.37,2,0,0.1572,53,0,41,google_play,0
5461,0.2736,29.89,52,0,0.1349,31,0,41,website,0
5462,0.265,17.44,26,0,0.0375,32,0,27,google_play,0
5463,0.3512,21.67,1,1,0.1795,23,0,16,app_store,0
5464,0.0565,7.11,63,1,0.7381,44,0,20,app_store,1
5465,0.2965,40.75,57,0,0.2264,42,0,18,google_play,1
5466,0.4477,20.2,80,0,0.0827,65,0,16,google_play,0
5467,0.3878,23.82,71,4,0.1374,42,0,43,website,1
5468,0.3865,16.43,37,0,0.1328,24,0,39,website,0
5469,0.3238,40.84,73,0,0.0593,23,0,29,google_play,0
5470,0.3728,27.93,32,2,0.0425,46,0,47,app_store,0
5471,0.1238,10.97,48,1,0.1532,50,1,14,app_store,1
5472,0.535,22.68,7,0,0.1256,19,0,18,referral,0
5473,0.0359,11.89,30,0,0.1036,58,1,35,google_play,0
5474,0.4673,24.88,51,2,0.1433,35,0,41,google_play,0
5475,0.029,39.56,32,0,0.0764,59,0,44,app_store,0
5476,0.5424,28.07,28,0,0.0348,51,0,25,app_store,0
5477,0.3544,33.25,33,0,0.0306,22,0,21,website,0
5478,0.2729,51.42,51,0,0.0612,49,0,38,website,0
5479,0.3074,13.83,62,2,0.2323,57,0,14,google_play,1
5480,0.2771,18.05,13,2,0.0474,60,0,9,google_play,0
5481,0.0171,6.96,63,3,0.3849,54,1,20,website,1
5482,0.2441,18.81,71,1,0.3307,65,0,37,website,1
5483,0.3604,15.97,53,3,0.075,42,0,40,google_play,1
5484,0.6082,38.78,12,0,0.1886,45,0,7,website,0
5485,0.2697,33.88,68,3,0.463,36,0,33,app_store,1
5486,0.2106,70.15,27,4,0.1512,69,0,18,website,1
5487,0.0326,17.27,43,0,0.303,48,0,47,google_play,0
5488,0.1768,32.38,16,1,0.2423,68,0,34,website,1
5489,0.2609,41.19,48,1,0.012,20,0,4,website,1
5490,0.3764,121.99,83,0,0.0317,46,0,36,app_store,0
5491,0.1318,33.28,78,1,0.0969,68,0,38,app_store,0
5492,0.4764,23.72,30,1,0.1896,33,0,3,google_play,0
5493,0.3166,26.79,45,0,0.3949,48,0,47,google_play,0
5494,0.2367,33.98,22,0,0.0947,43,1,6,website,0
5495,0.5161,64.16,26,0,0.4154,51,0,13,referral,0
5496,0.2536,18.21,12,0,0.0402,45,0,27,app_store,0
5497,0.4771,14.91,37,1,0.2593,18,0,40,app_store,0
5498,0.3402,153.75,27,2,0.0892,57,1,21,app_store,0
5499,0.2908,11.15,22,0,0.082,55,1,45,app_store,0
5500,0.2391,44.65,20,0,0.1826,48,0,34,referral,0
5501,0.0779,32.83,20,0,0.1175,25,0,24,app_store,1
5502,0.0682,30.73,9,0,0.173,50,0,22,google_play,1
5503,0.2578,10.39,54,4,0.3418,64,0,1,website,1
5504,0.299,163.42,2,1,0.1731,24,0,13,referral,0
5505,0.153,27.76,1,0,0.8038,27,0,42,google_play,0
5506,0.3734,17.11,86,0,0.0782,62,0,32,app_store,0
5507,0.0707,9.67,27,0,0.3476,69,0,45,website,0
5508,0.2206,6.0,0,0,0.1319,55,0,4,google_play,1
5509,0.3641,40.16,57,0,0.4335,60,0,36,website,1
5510,0.3217,13.65,47,0,0.5537,27,1,22,website,1
5511,0.1779,20.33,19,1,0.4986,25,0,15,referral,0
5512,0.3037,16.09,26,0,0.0543,45,0,27,website,0
5513,0.1174,35.75,89,0,0.1616,51,0,40,app_store,0
5514,0.4164,32.22,39,2,0.1423,43,0,4,app_store,1
5515,0.3645,41.53,56,1,0.0511,66,1,13,app_store,0
5516,0.2385,42.66,68,0,0.3094,31,0,31,app_store,1
5517,0.1221,14.86,56,1,0.0889,66,0,42,google_play,0
5518,0.227,9.56,9,0,0.1462,27,0,42,google_play,0
5519,0.5111,22.11,48,0,0.0438,26,1,27,google_play,0
5520,0.118,35.24,60,0,0.1476,58,0,1,website,1
5521,0.247,26.46,68,0,0.1309,66,0,38,website,1
5522,0.0133,6.63,88,1,0.1464,38,0,17,app_store,1
5523,0.4639,25.54,62,0,0.0722,32,0,33,app_store,0
5524,0.4125,12.18,32,0,0.2314,46,0,37,google_play,0
5525,0.2255,24.92,75,0,0.1286,65,0,23,app_store,0
5526,0.3908,48.19,24,1,0.0975,53,0,27,app_store,1
5527,0.4258,4.28,23,0,0.0615,38,0,23,app_store,0
5528,0.1883,70.46,67,0,0.0307,20,1,7,referral,0
5529,0.3096,11.8,38,3,0.1359,48,0,29,app_store,1
5530,0.2134,49.26,36,2,0.0271,43,0,26,app_store,1
5531,0.432,44.2,48,1,0.0605,25,0,20,google_play,0
5532,0.1189,19.87,27,3,0.2985,21,0,11,google_play,1
5533,0.4946,33.72,31,0,0.0434,50,0,12,website,0
5534,0.1664,15.01,39,0,0.0713,44,0,8,website,0
5535,0.1149,7.33,23,0,0.1124,41,0,2,app_store,1
5536,0.5118,54.4,49,1,0.082,51,0,17,google_play,0
5537,0.4067,15.21,1,2,0.0739,20,0,23,website,1
5538,0.3544,86.53,77,0,0.209,35,0,27,app_store,1
5539,0.3115,45.52,33,0,0.3722,38,0,2,website,0
5540,0.6004,13.58,85,0,0.0478,50,0,36,website,0
5541,0.3008,37.04,41,1,0.4748,34,1,23,app_store,1
5542,0.0299,35.5,55,0,0.1287,22,0,42,website,1
5543,0.4721,81.92,72,1,0.1385,32,0,5,google_play,0
5544,0.2749,17.42,74,0,0.1946,66,0,16,app_store,0
5545,0.1649,20.85,61,0,0.1004,33,0,14,app_store,1
5546,0.6829,33.22,33,0,0.1277,67,0,22,website,0
5547,0.1723,24.85,30,0,0.1912,18,1,29,website,0
5548,0.061,9.27,60,0,0.1425,45,0,4,google_play,1
5549,0.2585,49.92,66,0,0.0601,51,0,4,google_play,0
5550,0.0236,75.09,52,2,0.4033,55,0,42,google_play,1
5551,0.3738,27.31,13,0,0.5425,33,1,28,google_play,0
5552,0.2785,10.07,45,2,0.3309,44,0,16,app_store,1
5553,0.2975,22.67,26,1,0.4363,46,0,26,website,1
5554,0.405,12.98,51,0,0.214,46,0,11,website,1
5555,0.1008,20.46,29,0,0.047,35,0,7,google_play,0
5556,0.0389,27.93,62,0,0.1833,47,0,20,google_play,1
5557,0.4058,38.83,2,0,0.2981,61,0,19,referral,0
5558,0.3323,65.6,50,1,0.3337,52,0,26,referral,0
5559,0.0465,38.05,78,0,0.2229,34,0,6,app_store,1
5560,0.6456,11.7,10,2,0.2719,26,0,2,referral,0
5561,0.199,39.54,38,0,0.4571,28,0,5,google_play,0
5562,0.2699,20.09,80,0,0.5899,39,0,39,website,1
5563,0.1289,21.74,27,2,0.1112,33,0,43,website,0
5564,0.5029,24.29,54,0,0.0736,33,1,27,website,0
5565,0.4669,26.97,66,2,0.0827,69,0,15,app_store,0
5566,0.0959,49.84,53,0,0.0342,29,0,27,app_store,0
5567,0.2405,34.74,47,1,0.0485,34,0,24,website,0
5568,0.296,10.7,11,2,0.0431,45,0,43,google_play,1
5569,0.1829,8.57,79,0,1.0,42,0,22,google_play,1
5570,0.4044,38.67,58,2,0.0472,67,1,5,app_store,0
5571,0.3745,35.77,61,0,0.179,69,0,25,website,0
5572,0.0893,59.31,0,1,0.0298,69,0,41,google_play,0
5573,0.4957,22.9,80,1,0.246,69,0,5,referral,0
5574,0.3482,29.84,68,2,0.1837,67,0,6,google_play,1
5575,0.1513,34.27,64,2,0.4404,26,0,12,google_play,1
5576,0.3496,8.26,15,4,0.1417,32,0,22,app_store,1
5577,0.2716,7.94,70,0,0.3256,29,0,10,google_play,1
5578,0.3335,41.06,27,0,0.135,65,1,43,google_play,0
5579,0.6097,31.77,38,4,0.3315,59,0,41,app_store,1
5580,0.4056,62.97,39,0,0.4676,43,0,36,website,0
5581,0.1373,89.18,9,1,0.0827,66,0,8,google_play,1
5582,0.3802,19.88,11,0,0.2829,33,0,23,website,0
5583,0.2126,19.17,43,0,0.0474,60,0,22,website,0
5584,0.4583,9.49,55,0,0.1255,63,0,6,app_store,0
5585,0.1333,35.26,48,0,0.0981,19,1,9,website,0
5586,0.2128,5.81,41,1,0.1203,25,0,2,referral,1
5587,0.1713,12.44,22,1,0.1879,26,0,16,referral,0
5588,0.161,30.45,75,0,0.218,61,0,36,website,1
5589,0.3668,15.47,20,0,0.2358,58,1,30,website,0
5590,0.4711,23.73,21,0,0.7097,57,0,39,app_store,0
5591,0.3661,21.22,33,0,0.4265,48,1,1,google_play,0
5592,0.2038,11.26,31,0,0.0515,48,0,5,google_play,0
5593,0.2739,5.78,37,0,0.1397,24,0,19,app_store,0
5594,0.2403,40.05,21,1,0.2369,20,0,43,google_play,0
5595,0.2063,21.66,55,0,0.4873,42,0,23,app_store,1
5596,0.2355,31.12,51,1,0.0458,39,0,46,referral,0
5597,0.3829,23.55,26,0,0.2872,53,0,36,website,0
5598,0.2747,23.26,82,0,0.4303,58,0,31,app_store,1
5599,0.1547,27.51,6,2,0.0307,53,0,43,google_play,0
5600,0.2216,21.44,25,2,0.128,61,1,13,website,0
5601,0.1821,19.36,29,0,0.08,26,0,5,website,0
5602,0.2734,12.14,24,0,0.2244,31,1,41,google_play,0
5603,0.2428,139.46,20,1,0.2283,31,0,33,website,0
5604,0.1769,49.64,73,0,0.0285,25,0,1,referral,0
5605,0.2102,69.67,55,0,0.0587,30,0,9,app_store,0
5606,0.0679,59.64,69,0,0.2971,23,0,32,website,1
5607,0.264,20.18,33,0,0.0651,53,0,41,website,0
5608,0.2654,21.6,45,1,0.3334,43,0,28,app_store,0
5609,0.5789,24.58,52,0,0.118,47,0,17,google_play,0
5610,0.3219,19.01,62,0,0.1745,30,0,30,google_play,0
5611,0.2492,45.36,32,0,0.1015,32,1,15,referral,0
5612,0.0382,13.88,50,0,0.1193,47,0,2,google_play,1
5613,0.0947,11.63,51,0,0.1307,63,0,14,referral,1
5614,0.4541,9.9,9,0,0.2258,64,0,38,app_store,0
5615,0.2222,19.55,0,1,0.1135,57,1,19,google_play,1
5616,0.2277,17.63,86,1,0.0841,35,0,8,referral,0
5617,0.4045,15.91,53,1,0.0838,51,0,45,website,0
5618,0.3326,26.01,53,1,0.099,34,0,5,app_store,0
5619,0.2058,10.85,4,1,0.1563,44,1,47,website,1
5620,0.2132,41.25,88,0,0.1264,59,0,10,website,0
5621,0.2478,11.38,68,2,0.1655,28,0,12,app_store,0
5622,0.1635,10.8,29,1,0.1138,64,0,41,google_play,0
5623,0.1922,15.63,81,0,0.167,35,0,10,google_play,0
5624,0.1311,22.27,66,0,0.229,41,1,9,website,1
5625,0.2834,44.81,47,2,0.6296,31,0,8,referral,1
5626,0.2941,23.28,1,0,0.2071,30,0,31,app_store,0
5627,0.0379,7.98,2,0,0.2463,28,0,25,google_play,0
5628,0.6073,34.51,24,0,0.5136,26,0,7,app_store,0
5629,0.251,34.05,27,0,0.3248,20,1,18,app_store,0
5630,0.2883,16.34,62,2,0.0648,26,0,30,app_store,0
5631,0.1127,27.65,9,0,0.1182,29,0,37,google_play,1
5632,0.5026,66.97,22,1,0.358,48,0,7,app_store,0
5633,0.3164,13.4,6,1,0.2402,34,0,10,app_store,0
5634,0.3608,48.06,48,0,0.1243,27,0,2,website,0
5635,0.2069,59.49,57,2,0.1904,57,0,45,website,1
5636,0.4353,27.75,75,1,0.023,40,0,33,app_store,0
5637,0.1814,10.38,60,1,0.0659,61,0,29,google_play,0
5638,0.7399,61.24,10,1,0.2811,24,1,3,google_play,0
5639,0.0673,46.58,56,1,0.147,50,0,14,website,1
5640,0.1782,36.01,17,0,0.0957,51,0,5,referral,0
5641,0.064,23.65,13,0,0.2308,33,1,11,google_play,1
5642,0.3849,55.16,18,1,0.4388,26,0,19,google_play,0
5643,0.2956,13.53,16,2,0.1745,60,1,44,referral,1
5644,0.2648,44.7,79,2,0.3302,66,0,12,website,1
5645,0.3798,19.59,27,1,0.1603,45,0,28,website,0
5646,0.3199,7.59,23,1,0.3201,52,0,12,referral,0
5647,0.2988,12.14,36,0,0.2098,44,0,46,google_play,0
5648,0.4436,32.55,12,0,0.0671,47,0,19,website,0
5649,0.0736,28.66,20,3,0.2407,64,0,46,google_play,1
5650,0.4439,33.46,71,2,0.1075,56,0,40,google_play,1
5651,0.2602,18.97,80,2,0.1124,49,0,37,website,1
5652,0.5283,28.44,77,1,0.2339,28,0,4,app_store,1
5653,0.5044,38.01,2,1,0.1655,41,0,15,website,0
5654,0.2935,127.99,53,0,0.0115,60,0,19,google_play,0
5655,0.1067,18.64,43,0,0.2116,43,0,33,google_play,1
5656,0.0966,50.27,75,0,0.1884,52,0,5,app_store,0
5657,0.0896,38.58,85,0,0.058,27,0,37,google_play,1
5658,0.4815,26.73,30,1,0.0526,53,0,15,google_play,0
5659,0.3968,9.87,88,1,0.0783,38,1,44,app_store,0
5660,0.167,64.9,28,0,0.0894,54,0,3,app_store,0
5661,0.2289,29.2,29,0,0.0843,61,1,10,app_store,0
5662,0.1737,16.22,50,0,0.0079,32,0,18,app_store,0
5663,0.243,13.21,56,0,0.0345,22,0,25,website,1
5664,0.4897,29.45,85,2,0.3601,19,0,16,website,1
5665,0.2092,12.72,72,0,0.054,23,0,27,referral,0
5666,0.2153,16.48,80,1,0.0655,67,0,32,website,1
5667,0.0486,16.22,20,2,0.39,61,1,37,app_store,1
5668,0.4845,25.34,87,1,0.1229,56,0,33,app_store,1
5669,0.3121,37.35,49,2,0.3333,34,0,22,google_play,1
5670,0.263,19.64,71,1,0.3296,38,1,41,app_store,0
5671,0.496,21.14,87,1,0.578,38,1,6,website,0
5672,0.3898,26.46,40,0,0.4018,62,0,4,google_play,1
5673,0.1439,14.53,80,0,0.0401,63,1,1,referral,0
5674,0.1829,16.26,8,0,0.0953,28,0,34,google_play,1
5675,0.2341,17.69,79,1,0.139,68,0,43,google_play,0
5676,0.0651,30.01,83,0,0.2417,44,0,41,google_play,1
5677,0.2946,75.65,54,1,0.0381,48,0,9,app_store,0
5678,0.507,10.26,50,0,0.2453,51,1,10,app_store,0
5679,0.0784,29.0,56,0,0.2202,57,1,7,google_play,1
5680,0.4455,20.89,69,0,0.3076,61,0,13,google_play,1
5681,0.3123,21.78,20,0,0.1066,58,0,14,app_store,0
5682,0.2904,17.43,39,0,0.2274,18,0,18,referral,1
5683,0.2433,54.54,72,1,0.0938,61,0,16,app_store,0
5684,0.4654,4.49,69,0,0.0941,23,0,30,google_play,0
5685,0.1767,11.08,69,0,0.2955,61,0,15,referral,1
5686,0.2564,52.62,35,0,0.153,59,0,2,app_store,0
5687,0.3693,55.44,38,0,0.2211,33,0,1,referral,1
5688,0.1034,84.1,53,1,0.0832,47,0,23,google_play,1
5689,0.3251,30.41,77,0,0.2828,63,0,20,website,1
5690,0.611,34.38,60,1,0.2991,41,1,38,app_store,1
5691,0.1651,6.66,22,1,0.6199,50,0,43,website,1
5692,0.3933,24.58,4,0,0.2538,47,0,36,google_play,0
5693,0.2333,36.3,76,0,0.3444,30,1,46,app_store,1
5694,0.0938,17.43,9,0,0.3305,37,0,11,app_store,1
5695,0.482,23.0,56,1,0.1283,18,0,34,google_play,0
5696,0.229,58.12,61,2,0.2331,40,0,1,google_play,1
5697,0.1001,68.02,4,1,0.2332,20,0,28,website,0
5698,0.4773,29.23,35,0,0.1678,55,0,24,referral,0
5699,0.6214,23.67,31,0,0.0147,40,0,8,google_play,0
5700,0.532,40.86,5,1,0.3956,19,0,5,referral,0
5701,0.2382,18.94,61,0,0.509,27,0,9,google_play,1
5702,0.2737,50.95,28,1,0.18,59,0,15,website,1
5703,0.428,16.99,65,0,0.2075,28,1,42,referral,1
5704,0.3462,41.47,63,2,0.0364,42,0,10,google_play,1
5705,0.3657,24.2,33,0,0.0247,60,1,24,app_store,0
5706,0.1297,15.9,38,1,0.7169,59,0,31,app_store,1
5707,0.1978,31.55,20,1,0.5188,43,0,42,google_play,1
5708,0.2465,18.64,0,0,0.4132,58,0,23,google_play,0
5709,0.0608,49.2,15,1,0.3188,67,0,4,app_store,1
5710,0.2866,12.23,9,0,0.4143,51,0,13,app_store,1
5711,0.2242,28.71,87,1,0.2947,60,0,42,app_store,1
5712,0.4915,14.7,18,2,0.2753,49,0,4,google_play,1
5713,0.6238,56.87,35,0,0.4748,20,0,32,app_store,0
5714,0.1544,40.46,51,0,0.3243,67,0,1,website,1
5715,0.3588,23.78,36,1,0.0265,68,1,12,app_store,0
5716,0.1263,24.27,83,0,0.2946,49,0,14,referral,1
5717,0.217,79.76,15,0,0.3917,26,0,40,website,0
5718,0.2487,41.74,73,1,0.1618,43,0,4,app_store,1
5719,0.1711,14.45,33,1,0.4442,44,0,6,app_store,0
5720,0.2351,47.2,62,0,0.0575,66,1,24,app_store,0
5721,0.1537,16.54,88,1,0.0345,55,0,35,google_play,0
5722,0.1672,27.31,10,1,0.1245,26,0,47,website,0
5723,0.6079,5.65,45,0,0.1649,42,1,10,app_store,0
5724,0.2767,43.4,43,1,0.2319,61,0,33,google_play,0
5725,0.3683,15.35,63,0,0.128,60,0,2,app_store,0
5726,0.1073,21.21,63,0,0.2214,55,0,30,website,1
5727,0.2601,9.25,84,2,0.087,65,1,3,app_store,0
5728,0.1023,27.83,43,1,0.0699,55,1,39,google_play,1
5729,0.5184,25.77,83,0,0.1598,41,0,6,google_play,0
5730,0.4371,10.05,83,0,0.5512,64,0,37,google_play,1
5731,0.1112,25.1,79,1,0.1085,25,0,3,website,1
5732,0.23,20.38,30,1,0.2052,53,0,45,app_store,0
5733,0.2521,57.79,81,2,0.6351,62,0,6,website,1
5734,0.1134,14.94,11,1,0.5415,29,0,6,referral,1
5735,0.2504,34.31,55,2,0.2389,41,0,3,google_play,1
5736,0.5213,8.76,10,0,0.1009,25,0,36,website,1
5737,0.2609,25.95,78,0,0.1132,25,1,17,google_play,0
5738,0.4118,31.51,37,3,0.1392,48,0,44,google_play,0
5739,0.3156,32.63,71,0,0.196,57,0,27,referral,0
5740,0.2843,22.58,60,0,0.1538,45,0,2,referral,0
5741,0.0745,82.45,89,1,0.3388,68,0,25,referral,1
5742,0.1266,19.06,16,1,0.3597,50,0,1,app_store,1
5743,0.227,34.37,79,0,0.0577,55,0,20,google_play,0
5744,0.195,19.68,18,0,0.1062,42,0,10,google_play,0
5745,0.5975,13.65,48,2,0.2176,48,1,22,app_store,1
5746,0.3626,10.68,3,1,0.0924,24,1,44,google_play,0
5747,0.1376,12.93,0,0,0.2811,44,0,38,app_store,0
5748,0.5013,37.45,40,0,0.2373,60,1,37,app_store,0
5749,0.3981,62.11,89,1,0.4182,18,0,32,app_store,1
5750,0.067,37.37,34,0,0.1176,28,1,11,google_play,0
5751,0.2605,19.4,48,0,0.1295,39,1,40,google_play,0
5752,0.5582,15.8,35,0,0.4472,21,0,43,website,0
5753,0.107,27.52,84,0,0.0327,19,0,46,website,1
5754,0.2383,11.84,23,1,0.1517,19,0,9,google_play,0
5755,0.5586,45.54,37,0,0.1517,22,0,16,website,0
5756,0.3649,31.77,30,1,0.1091,46,0,2,referral,1
5757,0.196,12.46,58,0,0.0845,54,0,5,website,0
5758,0.165,69.68,46,1,0.1413,48,1,22,app_store,0
5759,0.5897,10.55,79,1,0.1793,33,0,3,referral,0
5760,0.0629,25.44,6,0,0.2925,52,0,8,app_store,1
5761,0.4543,43.98,14,0,0.0781,34,0,22,website,0
5762,0.2485,41.02,30,0,0.0567,41,0,16,app_store,0
5763,0.3781,15.84,32,0,0.0367,43,0,2,website,1
5764,0.3302,18.38,50,0,0.1316,69,0,43,google_play,0
5765,0.2404,12.57,78,1,0.0469,44,1,14,google_play,0
5766,0.2316,28.59,84,0,0.2348,44,0,10,website,1
5767,0.4868,43.56,44,1,0.0765,23,0,6,website,0
5768,0.5139,6.45,53,1,0.3988,59,0,13,app_store,1
5769,0.0817,36.2,59,0,0.1618,21,0,9,website,1
5770,0.465,17.39,52,1,0.4132,52,0,3,app_store,1
5771,0.2871,22.99,48,1,0.1713,68,0,10,google_play,1
5772,0.3394,11.64,84,2,0.1206,45,0,29,website,1
5773,0.3057,15.91,42,2,0.0693,18,0,16,google_play,0
5774,0.2255,98.95,54,1,0.0751,34,0,21,google_play,0
5775,0.2356,19.36,32,0,0.1314,18,0,4,website,0
5776,0.0486,24.35,38,0,0.0655,24,0,43,app_store,1
5777,0.4789,12.93,86,0,0.2019,51,0,24,app_store,0
5778,0.1608,149.6,14,0,0.139,34,0,39,google_play,0
5779,0.3842,33.99,65,1,0.2009,18,0,19,website,1
5780,0.2013,24.17,9,2,0.0882,53,0,28,google_play,1
5781,0.066,46.72,85,1,0.1256,50,0,31,app_store,1
5782,0.4539,31.45,5,0,0.1362,21,1,27,app_store,0
5783,0.3751,21.75,77,0,0.1316,32,0,22,app_store,0
5784,0.184,22.43,80,0,0.2348,47,0,44,referral,1
5785,0.2922,8.35,3,1,0.189,31,0,12,website,0
5786,0.6152,18.99,85,1,0.0615,29,0,2,referral,0
5787,0.0951,17.22,77,2,0.1132,60,0,43,referral,1
5788,0.3609,30.71,24,2,0.0783,53,0,22,google_play,1
5789,0.1124,21.15,7,0,0.0095,20,0,10,app_store,0
5790,0.038,39.65,6,0,0.2581,37,0,41,google_play,1
5791,0.1529,26.31,84,1,0.5249,61,0,24,app_store,1
5792,0.1349,13.61,84,0,0.0604,61,0,32,referral,1
5793,0.4795,69.56,46,0,0.2237,55,0,32,google_play,0
5794,0.1859,18.72,75,0,0.3729,69,0,47,google_play,0
5795,0.2074,36.16,27,1,0.2424,42,0,45,website,1
5796,0.2454,9.8,4,0,0.1543,52,0,1,referral,0
5797,0.3373,42.06,59,0,0.2812,54,0,33,referral,1
5798,0.4363,7.81,23,0,0.1391,23,0,9,app_store,0
5799,0.09,95.2,81,0,0.0577,54,0,20,google_play,1
5800,0.4032,39.62,76,0,0.3739,54,0,18,app_store,1
5801,0.4089,21.07,89,0,0.0581,22,0,29,google_play,0
5802,0.4329,36.6,51,0,0.1721,44,0,20,referral,1
5803,0.3864,10.1,20,0,0.2926,50,0,12,google_play,0
5804,0.0704,21.29,35,0,0.1115,26,0,35,website,1
5805,0.3285,41.32,66,0,0.042,65,0,26,website,0
5806,0.395,36.64,74,2,0.2525,36,1,13,app_store,1
5807,0.3241,24.4,19,0,0.0681,21,0,22,website,0
5808,0.0516,30.6,1,0,0.3788,57,0,45,app_store,1
5809,0.1317,52.27,3,2,0.2419,20,0,27,app_store,0
5810,0.1752,40.7,40,1,0.067,29,0,35,website,1
5811,0.603,6.59,14,2,0.241,21,0,3,referral,1
5812,0.4459,24.4,85,0,0.1081,29,0,18,google_play,0
5813,0.3986,24.86,69,1,0.3119,69,0,18,google_play,0
5814,0.2626,10.22,67,1,0.0325,68,0,21,app_store,0
5815,0.4449,11.72,11,0,0.0068,35,0,29,google_play,0
5816,0.4133,69.97,18,0,0.5039,66,0,46,website,0
5817,0.3507,14.76,65,0,0.075,26,0,27,google_play,0
5818,0.5788,18.24,74,0,0.3217,44,0,8,website,1
5819,0.4571,14.02,85,0,0.1036,31,0,29,referral,0
5820,0.4752,32.76,44,1,0.1645,19,0,41,referral,1
5821,0.2604,29.83,66,3,0.1245,38,0,16,google_play,0
5822,0.6595,95.29,17,0,0.388,53,0,44,app_store,0
5823,0.7102,16.85,24,0,0.5845,51,0,25,website,0
5824,0.1771,35.39,65,0,0.0603,37,0,27,referral,0
5825,0.0465,6.55,79,3,0.1446,26,0,18,google_play,1
5826,0.4993,9.09,10,3,0.1414,25,0,18,google_play,0
5827,0.3614,62.31,71,1,0.3566,59,0,42,referral,1
5828,0.117,53.17,63,0,0.4024,21,0,11,app_store,1
5829,0.0925,33.47,54,0,0.1905,36,0,8,app_store,1
5830,0.2721,53.98,71,0,0.5926,55,1,26,app_store,1
5831,0.1738,11.55,87,1,0.2368,33,0,44,app_store,1
5832,0.2757,78.01,18,2,0.1676,68,0,17,website,0
5833,0.4431,11.89,16,1,0.0486,49,0,15,app_store,0
5834,0.0534,30.78,81,0,0.0383,24,0,33,google_play,0
5835,0.0315,170.77,0,0,0.3165,52,0,35,referral,1
5836,0.235,13.23,62,0,0.1053,56,1,32,website,0
5837,0.1977,63.05,23,1,0.0189,54,0,33,app_store,0
5838,0.3838,48.25,37,0,0.039,38,0,29,google_play,0
5839,0.1036,16.89,26,1,0.1123,63,0,20,website,1
5840,0.345,105.96,39,2,0.2948,28,0,15,website,1
5841,0.3371,12.96,15,2,0.2148,49,0,21,app_store,1
5842,0.4612,23.91,45,1,0.2032,67,0,28,google_play,0
5843,0.4741,38.44,49,1,0.0623,61,0,10,app_store,0
5844,0.1673,22.95,21,1,0.0582,41,0,35,website,1
5845,0.3028,216.14,9,0,0.0639,20,0,15,google_play,0
5846,0.1579,10.17,24,1,0.2023,52,1,23,google_play,1
5847,0.2478,76.14,55,2,0.1467,60,0,4,app_store,0
5848,0.1836,5.03,4,0,0.2084,63,0,1,app_store,0
5849,0.3894,3.24,11,1,0.181,39,0,39,referral,1
5850,0.7483,25.46,55,0,0.1662,55,0,2,google_play,0
5851,0.0568,41.1,35,0,0.312,39,0,23,website,1
5852,0.438,69.62,6,0,0.2205,36,0,27,website,0
5853,0.3025,75.63,41,0,0.2312,59,0,13,app_store,0
5854,0.3737,28.22,75,0,0.0837,29,0,9,website,0
5855,0.1372,34.77,14,3,0.3627,33,0,41,google_play,1
5856,0.0501,29.08,66,1,0.3143,34,1,45,google_play,1
5857,0.1675,71.39,86,1,0.0542,60,1,26,google_play,0
5858,0.1541,10.33,48,0,0.1644,21,1,16,google_play,0
5859,0.5239,15.4,8,0,0.1727,59,0,34,website,0
5860,0.3514,44.67,87,0,0.3764,35,0,28,google_play,1
5861,0.2477,51.26,17,1,0.3398,31,0,40,app_store,1
5862,0.2652,62.93,71,0,0.2825,45,0,22,website,1
5863,0.5786,23.35,34,1,0.2983,63,0,4,app_store,0
5864,0.2873,17.31,77,0,0.1074,30,0,44,app_store,0
5865,0.4064,40.15,73,2,0.184,36,1,46,app_store,0
5866,0.5884,11.38,38,0,0.5917,55,0,4,website,0
5867,0.4202,78.76,49,1,0.2294,24,0,10,app_store,1
5868,0.2641,17.25,10,3,0.2215,34,0,43,app_store,0
5869,0.0629,20.21,32,0,0.0972,49,0,38,google_play,0
5870,0.1287,41.51,79,2,0.0839,28,0,16,google_play,0
5871,0.116,14.76,42,0,0.0971,59,0,46,website,0
5872,0.3609,10.97,26,0,0.1786,44,0,16,google_play,0
5873,0.5037,54.98,76,1,0.227,42,0,4,app_store,1
5874,0.226,11.82,60,2,0.2071,22,1,27,google_play,1
5875,0.1207,29.43,39,0,0.0995,60,0,27,website,0
5876,0.3178,24.9,13,0,0.2566,21,0,17,website,0
5877,0.3174,6.49,21,0,0.0359,33,0,34,website,0
5878,0.1807,11.79,35,1,0.3251,22,0,25,website,1
5879,0.5564,31.45,18,0,0.1167,66,0,3,google_play,0
5880,0.5455,58.15,24,0,0.1061,68,0,4,google_play,0
5881,0.2412,14.39,75,0,0.033,22,0,38,app_store,0
5882,0.3038,13.19,62,1,0.3446,65,0,38,referral,1
5883,0.2199,38.17,22,2,0.1455,60,1,46,app_store,1
5884,0.2439,43.0,49,0,0.0151,39,0,38,website,0
5885,0.2715,47.17,48,2,0.0072,52,0,6,website,1
5886,0.1113,28.63,77,0,0.2923,19,0,45,referral,1
5887,0.2492,16.92,62,1,0.3493,24,0,38,website,1
5888,0.4145,42.46,69,0,0.0732,32,0,4,app_store,0
5889,0.0997,23.13,13,0,0.0416,38,1,13,website,0
5890,0.0764,39.24,38,0,0.1492,61,1,30,website,0
5891,0.345,17.06,1,0,0.1869,29,0,4,referral,0
5892,0.054,21.18,61,0,0.5149,57,0,5,app_store,1
5893,0.3551,35.69,89,0,0.0755,65,0,7,google_play,0
5894,0.2525,5.81,61,0,0.3426,69,0,41,app_store,0
5895,0.2614,62.62,73,0,0.5161,57,0,32,referral,1
5896,0.2665,23.68,10,0,0.3795,48,0,21,google_play,1
5897,0.022,3.41,85,0,0.3103,31,0,46,app_store,1
5898,0.2615,27.61,66,0,0.2352,49,0,33,website,1
5899,0.1202,18.11,50,0,0.15,52,1,29,app_store,0
5900,0.3288,11.83,36,0,0.0874,23,0,21,website,0
5901,0.2823,96.59,20,1,0.2155,34,1,22,referral,0
5902,0.2073,44.08,78,0,0.1259,44,0,28,website,0
5903,0.1951,21.96,46,1,0.0996,39,0,17,app_store,1
5904,0.3734,25.49,86,0,0.0945,39,0,9,app_store,0
5905,0.5982,29.58,68,1,0.0885,27,0,32,app_store,0
5906,0.4033,7.85,77,0,0.4693,31,0,1,app_store,0
5907,0.3491,154.5,53,0,0.0724,61,0,35,google_play,0
5908,0.0618,25.31,44,0,0.2851,63,0,19,app_store,1
5909,0.2352,87.0,42,1,0.1983,33,1,23,website,0
5910,0.4079,13.55,5,0,0.7138,48,0,21,website,1
5911,0.1217,36.99,50,2,0.3291,63,0,33,app_store,1
5912,0.1913,10.71,38,1,0.1235,25,0,1,google_play,1
5913,0.5146,3.26,20,0,0.6337,69,1,17,app_store,1
5914,0.2367,46.2,60,0,0.0533,46,0,36,google_play,0
5915,0.5879,28.12,34,1,0.0164,52,0,22,google_play,0
5916,0.6865,16.93,6,1,0.148,20,0,37,google_play,0
5917,0.4597,2.31,40,1,0.2475,28,0,28,website,0
5918,0.0989,17.65,22,0,0.1418,59,0,12,app_store,0
5919,0.5637,29.71,68,0,0.722,45,1,40,app_store,0
5920,0.0808,11.54,25,1,0.3853,36,0,16,app_store,1
5921,0.3158,26.9,47,1,0.031,65,0,9,website,0
5922,0.2272,15.73,79,0,0.0836,37,0,26,app_store,0
5923,0.2478,10.58,40,1,0.0498,59,1,26,app_store,1
5924,0.3744,22.21,67,0,0.2843,69,0,33,google_play,0
5925,0.1119,5.37,85,1,0.1114,51,0,12,app_store,1
5926,0.4707,34.85,3,2,0.229,48,0,26,website,1
5927,0.1575,26.28,18,0,0.0795,41,0,30,app_store,0
5928,0.2906,37.47,55,0,0.0189,38,1,34,referral,0
5929,0.0626,54.06,72,2,0.253,67,0,25,google_play,1
5930,0.1687,20.56,11,1,0.0886,24,0,12,google_play,0
5931,0.1184,3.74,0,0,0.1175,35,0,9,google_play,1
5932,0.1696,20.5,54,1,0.2338,54,1,36,google_play,1
5933,0.2005,11.01,35,2,0.2493,46,0,10,app_store,1
5934,0.1668,66.88,4,1,0.0638,60,0,15,google_play,1
5935,0.2669,18.92,17,1,0.1226,50,0,37,google_play,0
5936,0.0378,44.21,75,1,0.2426,22,0,27,google_play,1
5937,0.3094,68.22,43,0,0.0796,36,1,8,website,0
5938,0.1463,14.54,34,1,0.3602,57,0,28,app_store,0
5939,0.4342,25.86,44,0,0.7945,67,1,35,google_play,0
5940,0.1937,25.22,59,2,0.1704,54,0,45,app_store,0
5941,0.3267,114.94,35,0,0.2963,58,0,2,app_store,0
5942,0.1151,59.52,22,0,0.2245,40,0,2,app_store,0
5943,0.386,11.65,4,1,0.0624,67,0,21,app_store,0
5944,0.1642,16.0,87,1,0.2402,57,0,17,website,0
5945,0.2556,17.73,20,0,0.3062,63,1,38,website,0
5946,0.3314,13.89,79,1,0.2374,51,0,22,app_store,1
5947,0.5387,19.66,23,1,0.0528,32,0,24,website,0
5948,0.1808,16.93,66,1,0.0858,27,0,24,app_store,0
5949,0.1248,25.16,41,0,0.6399,66,0,45,app_store,1
5950,0.2678,22.63,23,0,0.1011,21,1,47,google_play,0
5951,0.1595,55.01,38,3,0.1356,40,0,6,website,1
5952,0.4701,14.39,60,0,0.0344,19,0,15,google_play,0
5953,0.0726,7.63,18,0,0.0432,69,0,16,app_store,1
5954,0.314,17.37,79,1,0.1028,67,0,2,website,0
5955,0.2649,15.97,54,1,0.4487,44,0,16,google_play,1
5956,0.3294,68.81,23,0,0.0335,50,1,30,app_store,0
5957,0.2296,44.33,42,2,0.04,55,0,23,app_store,0
5958,0.1355,60.86,65,0,0.064,49,0,28,app_store,0
5959,0.1662,48.13,19,1,0.1541,50,0,1,app_store,0
5960,0.0813,6.17,71,2,0.1845,37,0,20,referral,1
5961,0.2561,13.51,6,0,0.151,36,0,38,website,0
5962,0.1952,8.59,68,0,0.1079,37,0,37,app_store,1
5963,0.2672,73.48,11,0,0.0962,44,0,22,referral,1
5964,0.1829,44.17,71,0,0.1196,66,0,22,app_store,0
5965,0.2193,32.42,6,0,0.1276,26,0,13,app_store,1
5966,0.4068,16.48,70,0,0.1005,22,0,25,website,0
5967,0.1014,17.83,3,0,0.0487,26,0,32,referral,0
5968,0.3199,13.44,45,3,0.1203,62,0,41,google_play,0
5969,0.4364,38.66,8,1,0.072,59,0,19,referral,0
5970,0.1015,26.38,14,1,0.397,38,0,21,website,0
5971,0.1949,39.87,30,0,0.2983,41,0,28,referral,0
5972,0.2796,32.88,81,0,0.0699,50,0,22,app_store,0
5973,0.7324,43.72,47,1,0.7665,63,0,38,website,0
5974,0.0454,35.22,19,1,0.1651,60,1,4,app_store,1
5975,0.048,53.06,42,1,0.1751,53,0,9,referral,1
5976,0.554,41.17,5,2,0.1167,50,1,31,google_play,0
5977,0.2946,17.12,81,1,0.1011,32,0,9,app_store,1
5978,0.0948,34.55,74,1,0.5813,63,1,11,google_play,1
5979,0.1734,30.46,81,0,0.4593,39,0,30,referral,1
5980,0.4309,21.47,16,1,0.1407,36,0,29,app_store,1
5981,0.089,24.24,16,0,0.2621,64,0,11,app_store,1
5982,0.2468,49.64,9,2,0.2558,23,0,12,google_play,1
5983,0.1521,35.82,78,1,0.3211,61,0,2,google_play,1
5984,0.1184,47.06,53,0,0.2892,56,0,12,website,1
5985,0.1531,25.23,50,1,0.396,38,0,27,google_play,1
5986,0.3226,54.86,50,0,0.1551,39,1,19,app_store,0
5987,0.2089,42.16,66,1,0.0234,61,0,8,app_store,0
5988,0.4172,13.95,82,2,0.1974,53,0,27,referral,0
5989,0.4507,19.09,71,2,0.4796,59,0,45,app_store,1
5990,0.3826,13.53,22,0,0.0112,63,0,13,website,1
5991,0.2841,11.52,36,1,0.938,40,0,11,app_store,0
5992,0.3128,160.09,88,0,0.5055,22,1,18,app_store,1
5993,0.1504,78.86,38,0,0.7498,58,0,18,google_play,0
5994,0.5987,55.09,70,0,0.0928,28,0,2,google_play,0
5995,0.3391,33.59,67,1,0.0096,24,0,35,website,0
5996,0.3048,16.79,87,1,0.0529,54,0,11,app_store,0
5997,0.1893,11.29,74,0,0.1063,33,0,11,google_play,0
5998,0.5697,21.18,54,0,0.3892,39,0,10,app_store,0
5999,0.198,14.82,39,0,0.0904,51,0,35,app_store,0
6000,0.4495,40.44,2,1,0.2559,58,0,20,website,0
6001,0.3587,27.29,22,2,0.1031,49,1,20,google_play,0
6002,0.3563,44.67,40,1,0.0746,59,0,29,app_store,0
6003,0.1404,29.07,60,1,0.0864,49,0,30,app_store,1
6004,0.0642,7.51,86,1,0.0301,52,0,37,app_store,1
6005,0.5142,21.74,70,0,0.1585,42,1,6,referral,0
6006,0.6831,32.18,15,0,0.7589,31,0,3,app_store,1
6007,0.2279,29.74,68,1,0.2447,19,0,45,website,0
6008,0.171,16.64,82,1,0.1942,30,0,16,referral,1
6009,0.3508,17.41,35,1,0.1239,53,0,10,app_store,1
6010,0.3267,15.4,21,0,0.6041,55,0,24,website,1
6011,0.5291,7.62,16,1,0.3828,31,0,7,app_store,0
6012,0.1191,24.04,11,0,0.3464,28,0,32,google_play,0
6013,0.2349,42.33,45,1,0.4896,67,0,9,website,1
6014,0.2165,17.58,84,0,0.349,32,1,27,google_play,0
6015,0.0491,10.28,25,1,0.0277,59,1,12,referral,0
6016,0.0843,49.21,4,2,0.3358,32,0,35,website,1
6017,0.1657,63.68,28,1,0.2019,43,0,8,app_store,0
6018,0.4604,18.02,4,0,0.2137,69,1,3,google_play,0
6019,0.2308,12.72,61,0,0.0055,61,0,38,referral,0
6020,0.4271,22.17,8,2,0.0609,47,0,14,google_play,1
6021,0.2996,29.86,29,0,0.1516,55,1,41,app_store,0
6022,0.5088,17.91,67,1,0.6601,39,0,41,referral,1
6023,0.0129,8.17,72,2,0.029,69,0,22,website,0
6024,0.1025,48.06,1,0,0.1182,36,0,1,referral,1
6025,0.4647,29.06,35,0,0.2597,38,0,30,app_store,0
6026,0.2714,72.54,28,0,0.337,19,1,26,google_play,1
6027,0.3685,25.27,15,1,0.6216,35,0,26,app_store,1
6028,0.2827,68.76,21,0,0.2057,64,0,19,google_play,0
6029,0.3601,20.94,40,2,0.0195,56,0,12,app_store,0
6030,0.3611,16.07,71,0,0.1162,55,0,20,referral,0
6031,0.3428,17.29,31,0,0.1827,50,0,37,website,0
6032,0.1224,87.97,28,0,0.1356,62,0,42,website,0
6033,0.0762,21.51,28,2,0.0184,65,0,15,website,1
6034,0.0898,74.23,80,0,0.3248,54,0,9,referral,1
6035,0.4337,17.76,17,1,0.378,36,0,2,google_play,1
6036,0.451,9.31,68,2,0.2655,19,0,27,app_store,1
6037,0.5097,40.02,21,2,0.0913,49,0,40,google_play,0
6038,0.2054,15.66,71,1,0.2602,26,0,39,website,1
6039,0.4235,30.34,67,1,0.1947,57,0,23,referral,0
6040,0.7218,28.24,21,0,0.0307,31,0,9,referral,0
6041,0.5889,27.95,68,0,0.1033,59,0,17,referral,0
6042,0.15,77.79,16,1,0.2983,35,1,42,app_store,0
6043,0.1774,29.27,38,1,0.1883,33,0,31,google_play,0
6044,0.1918,26.67,31,0,0.1244,41,0,16,app_store,1
6045,0.0971,19.14,26,0,0.1686,25,0,28,google_play,0
6046,0.2425,35.75,52,0,0.0839,33,0,47,website,0
6047,0.1956,33.52,56,2,0.0465,25,0,31,website,0
6048,0.1745,18.52,78,1,0.3074,62,0,32,app_store,1
6049,0.7854,47.44,59,2,0.3304,21,0,3,google_play,1
6050,0.2347,21.26,31,0,0.2881,28,0,1,app_store,0
6051,0.6886,36.82,49,0,0.3585,49,0,14,referral,1
6052,0.2569,9.7,42,3,0.0841,60,0,30,google_play,1
6053,0.3085,46.5,67,1,0.0615,59,0,34,app_store,0
6054,0.3375,14.84,59,0,0.145,47,0,21,referral,0
6055,0.2491,39.36,37,1,0.0212,27,0,33,referral,0
6056,0.1569,60.14,45,0,0.2555,39,0,40,referral,0
6057,0.1452,32.69,58,0,0.21,24,0,26,app_store,1
6058,0.1332,54.97,43,0,0.2246,35,1,44,app_store,0
6059,0.6006,11.53,46,0,0.0525,27,0,5,app_store,0
6060,0.1435,23.15,30,0,0.2374,30,0,19,app_store,0
6061,0.5803,15.59,28,0,0.4893,25,1,11,google_play,0
6062,0.483,15.45,69,0,0.223,33,0,5,app_store,1
6063,0.3295,8.13,11,1,0.1477,51,0,36,google_play,1
6064,0.1279,25.96,28,0,0.0874,28,0,19,app_store,0
6065,0.1721,47.39,17,0,0.148,31,0,19,referral,1
6066,0.2138,59.52,18,1,0.3742,57,0,2,referral,0
6067,0.3986,11.71,44,0,0.1406,29,0,37,app_store,0
6068,0.3811,17.53,15,0,0.1226,56,0,6,google_play,0
6069,0.0324,14.61,17,0,0.1292,69,0,33,google_play,1
6070,0.1924,13.92,81,0,0.0182,43,0,7,website,0
6071,0.1884,19.93,86,0,0.4521,61,1,7,website,1
6072,0.1916,24.87,41,0,0.2716,34,1,20,app_store,0
6073,0.4888,20.02,32,0,0.3309,58,0,31,google_play,0
6074,0.2392,9.26,51,1,0.0605,47,0,40,app_store,0
6075,0.083,48.34,13,0,0.2054,61,0,9,google_play,0
6076,0.422,27.79,24,0,0.4848,68,0,25,app_store,0
6077,0.2642,32.31,83,0,0.0775,62,1,16,app_store,0
6078,0.5375,33.64,4,0,0.2801,41,1,17,google_play,0
6079,0.3321,37.77,75,1,0.0784,21,0,21,app_store,0
6080,0.2711,27.32,80,1,0.2606,63,1,20,google_play,1
6081,0.1406,13.69,22,0,0.1115,57,0,25,website,0
6082,0.4964,70.86,45,0,0.2331,27,0,19,website,0
6083,0.357,38.36,60,0,0.1885,33,0,16,referral,0
6084,0.2166,13.09,17,0,0.367,30,0,22,website,1
6085,0.3062,13.22,64,1,0.3726,53,0,21,app_store,1
6086,0.0301,98.79,82,0,0.073,56,1,3,app_store,1
6087,0.2166,21.9,44,0,0.2781,48,0,24,google_play,0
6088,0.3922,15.27,77,1,0.1558,42,0,12,google_play,0
6089,0.3029,16.92,52,1,0.1197,19,0,4,app_store,1
6090,0.2989,33.64,2,0,0.1017,34,0,30,referral,0
6091,0.3423,17.59,75,1,0.18,62,0,11,google_play,0
6092,0.4124,26.93,44,0,0.6457,64,0,35,referral,0
6093,0.332,123.54,44,0,0.2376,21,0,10,website,0
6094,0.3138,8.17,21,1,0.2281,45,0,45,app_store,0
6095,0.2519,18.46,41,1,0.0914,25,0,27,app_store,1
6096,0.1847,25.61,42,2,0.1352,38,1,12,app_store,1
6097,0.5041,7.14,66,0,0.2876,51,0,23,website,0
6098,0.2192,35.23,52,0,0.3509,25,0,46,google_play,1
6099,0.1499,45.91,84,0,0.2427,37,0,33,website,1
6100,0.1784,9.28,23,1,0.08,42,0,16,google_play,1
6101,0.1462,23.17,83,0,0.2511,67,0,32,google_play,0
6102,0.2827,27.89,64,0,0.0358,22,1,5,google_play,0
6103,0.1361,36.68,55,1,0.3318,66,0,47,referral,1
6104,0.246,158.9,58,0,0.1789,41,0,16,website,0
6105,0.5379,14.6,49,1,0.1085,39,0,28,referral,0
6106,0.3271,35.74,7,2,0.031,68,0,12,google_play,0
6107,0.2651,22.44,56,1,0.0251,60,0,44,website,0
6108,0.0713,19.91,22,0,0.288,67,0,30,google_play,1
6109,0.3003,24.81,5,1,0.2642,65,1,20,app_store,0
6110,0.0175,32.71,34,0,0.278,43,1,12,google_play,0
6111,0.4218,24.7,80,0,0.2865,54,0,6,app_store,1
6112,0.0542,29.75,6,0,0.0006,54,1,1,website,0
6113,0.0578,23.19,3,1,0.0854,19,1,40,google_play,1
6114,0.3206,12.73,32,1,0.1004,64,1,12,google_play,0
6115,0.2649,43.72,6,0,0.2197,63,0,10,website,0
6116,0.4429,50.34,4,2,0.0657,62,0,7,website,0
6117,0.433,48.76,3,1,0.092,53,1,21,app_store,0
6118,0.1517,39.33,69,0,0.563,49,1,9,app_store,1
6119,0.2584,14.25,65,0,0.015,42,1,28,referral,0
6120,0.2229,12.59,19,0,0.0404,39,0,5,website,0
6121,0.5214,46.58,25,0,0.0324,25,0,24,google_play,0
6122,0.3243,10.56,66,2,0.1339,62,0,32,app_store,0
6123,0.2108,15.18,36,0,0.158,38,0,41,google_play,0
6124,0.2325,110.2,32,0,0.1866,40,0,21,website,0
6125,0.0366,35.01,22,0,0.3461,34,1,35,google_play,0
6126,0.5569,27.43,43,0,0.1487,30,0,25,referral,0
6127,0.6285,6.71,83,1,0.1185,29,0,32,app_store,1
6128,0.611,15.34,20,0,0.0835,26,0,40,app_store,0
6129,0.1075,44.05,89,2,0.3469,41,0,25,referral,1
6130,0.3777,8.69,20,2,0.4547,65,1,20,app_store,1
6131,0.4159,32.52,39,0,0.3924,33,0,22,website,0
6132,0.4273,9.32,46,0,0.0569,44,0,32,website,0
6133,0.1899,15.85,73,3,0.1411,48,0,41,app_store,0
6134,0.297,8.15,66,1,0.2577,69,1,6,website,1
6135,0.2676,26.22,22,1,0.147,57,0,39,referral,0
6136,0.4084,7.46,66,1,0.2853,47,0,17,app_store,1
6137,0.4381,23.14,58,0,0.0469,33,0,26,app_store,0
6138,0.1704,38.36,4,0,0.33,27,0,36,google_play,1
6139,0.1221,28.22,11,1,0.0118,36,0,14,website,0
6140,0.3686,33.97,35,2,0.137,61,0,3,referral,0
6141,0.0333,28.73,77,0,0.1715,39,0,4,website,1
6142,0.4746,23.02,72,1,0.1255,43,0,23,app_store,0
6143,0.4141,23.38,38,0,0.1226,23,0,19,website,0
6144,0.5218,30.12,30,0,0.9355,64,0,31,referral,0
6145,0.2554,11.42,65,0,0.1027,60,1,4,app_store,1
6146,0.2462,18.59,4,3,0.2732,66,0,39,app_store,0
6147,0.2374,101.88,57,0,0.264,61,1,29,referral,0
6148,0.2753,34.44,57,0,0.312,44,0,9,app_store,1
6149,0.18,58.82,70,1,0.1297,29,1,40,app_store,0
6150,0.2341,31.13,87,1,0.6166,62,1,16,referral,1
6151,0.5153,14.7,34,0,0.3762,44,0,47,app_store,0
6152,0.5984,19.82,84,0,0.3674,22,0,38,google_play,1
6153,0.1123,7.25,54,0,0.0268,59,0,30,google_play,1
6154,0.1018,64.21,30,1,0.2343,68,0,5,website,1
6155,0.6822,45.92,55,2,0.4306,56,0,11,referral,1
6156,0.2006,13.66,12,0,0.0779,31,0,24,website,1
6157,0.0531,41.89,17,0,0.3624,45,0,3,google_play,1
6158,0.3639,39.34,27,1,0.2656,36,0,16,google_play,0
6159,0.1984,25.9,16,0,0.2076,41,0,30,website,1
6160,0.0955,34.24,73,0,0.1031,38,1,20,website,1
6161,0.284,36.56,63,0,0.3511,21,1,9,app_store,1
6162,0.2233,32.11,73,0,0.2047,41,0,24,app_store,1
6163,0.3066,27.27,20,0,0.2945,34,0,16,website,0
6164,0.1154,26.05,4,1,0.5166,65,0,19,app_store,1
6165,0.5358,16.49,56,2,0.0358,46,0,2,google_play,0
6166,0.3866,46.33,37,2,0.0856,56,0,19,app_store,0
6167,0.266,98.2,86,0,0.2645,31,0,28,referral,0
6168,0.3241,11.2,18,1,0.1363,23,0,8,google_play,1
6169,0.2958,25.13,24,1,0.3571,68,0,1,google_play,0
6170,0.3235,15.53,32,0,0.1257,20,0,39,app_store,0
6171,0.2422,36.06,78,1,0.3355,21,0,20,google_play,1
6172,0.3381,33.07,88,1,0.0078,31,0,15,google_play,1
6173,0.3427,26.96,47,1,0.2054,62,1,47,website,1
6174,0.0734,16.22,21,0,0.1102,64,0,16,website,1
6175,0.3116,17.62,52,0,0.1657,31,0,26,referral,0
6176,0.3501,14.4,3,1,0.0581,20,0,17,website,0
6177,0.2666,7.35,24,0,0.3468,50,0,20,google_play,0
6178,0.2116,58.0,36,0,0.1095,48,1,11,app_store,0
6179,0.4632,39.18,83,0,0.0541,40,0,5,app_store,0
6180,0.0308,60.53,7,0,0.2166,61,0,45,google_play,1
6181,0.2481,19.22,64,0,0.3689,66,0,15,app_store,1
6182,0.429,34.57,23,0,0.2353,44,0,1,google_play,0
6183,0.306,13.55,63,1,0.1559,42,0,1,website,1
6184,0.0743,16.47,38,0,0.1051,50,1,6,website,0
6185,0.2169,102.98,77,0,0.0621,61,0,18,website,0
6186,0.2072,18.89,9,2,0.0846,31,0,26,google_play,1
6187,0.3111,47.61,9,1,0.0817,68,0,11,referral,1
6188,0.1665,29.25,54,1,0.2094,65,0,31,app_store,1
6189,0.2469,9.24,9,1,0.2013,37,0,19,google_play,0
6190,0.2585,22.33,81,0,0.0441,22,0,15,app_store,0
6191,0.2144,31.96,7,2,0.1159,36,1,4,referral,1
6192,0.2374,40.32,28,0,0.0014,49,0,20,website,0
6193,0.0372,7.02,79,0,0.214,31,0,26,referral,1
6194,0.0351,12.48,43,0,0.035,20,0,31,website,1
6195,0.1688,30.49,81,1,0.239,27,0,10,app_store,1
6196,0.2772,12.7,66,1,0.238,21,1,40,app_store,1
6197,0.6763,57.58,38,0,0.2214,55,0,45,google_play,0
6198,0.3679,23.49,78,0,0.324,57,1,13,google_play,1
6199,0.4228,34.49,59,0,0.0212,47,0,9,app_store,0
6200,0.0902,60.77,59,0,0.1609,46,0,4,website,1
6201,0.2793,10.48,76,0,0.3011,45,0,46,google_play,0
6202,0.2687,33.91,12,0,0.0683,47,0,32,google_play,0
6203,0.2146,26.96,32,0,0.0188,68,0,21,app_store,0
6204,0.171,27.54,36,0,0.0498,59,0,18,google_play,0
6205,0.2919,20.98,23,0,0.0518,67,0,9,referral,0
6206,0.4291,27.43,27,1,0.0795,22,1,24,google_play,0
6207,0.094,3.16,87,0,0.1116,39,0,38,google_play,1
6208,0.49,58.61,0,0,0.1252,52,0,46,referral,0
6209,0.3256,9.63,17,0,0.132,51,0,32,google_play,0
6210,0.2003,84.96,49,1,0.0706,61,1,35,website,0
6211,0.1276,12.62,45,0,0.267,43,0,1,website,1
6212,0.3325,12.24,80,1,0.1005,56,1,36,google_play,0
6213,0.0921,32.58,52,0,0.26,25,1,34,google_play,1
6214,0.3119,29.67,87,0,0.264,60,0,8,website,1
6215,0.363,33.63,33,1,0.2666,30,0,45,google_play,0
6216,0.022,31.6,87,0,0.2984,25,0,28,referral,1
6217,0.3208,22.23,44,0,0.3317,42,0,34,app_store,0
6218,0.0553,18.97,9,0,0.0212,66,1,44,website,1
6219,0.0126,36.88,72,1,0.0609,64,0,1,google_play,1
6220,0.2216,15.12,18,0,0.1434,44,0,12,app_store,1
6221,0.2915,26.67,64,0,0.2684,68,1,1,google_play,1
6222,0.2505,7.49,80,0,0.1609,23,0,1,website,0
6223,0.3371,29.31,71,2,0.2813,37,0,28,app_store,1
6224,0.488,26.28,26,1,0.153,26,0,27,google_play,0
6225,0.4933,23.84,25,2,0.1749,18,0,8,google_play,0
6226,0.1894,80.99,9,1,0.5222,67,1,8,google_play,0
6227,0.1709,69.85,23,0,0.085,29,0,27,website,0
6228,0.1765,46.53,51,0,0.281,69,0,23,google_play,1
6229,0.123,45.82,22,0,0.1422,54,0,36,website,1
6230,0.2674,26.42,76,0,0.2744,46,0,38,google_play,1
6231,0.5171,30.42,48,1,0.2392,66,1,31,website,0
6232,0.4866,33.21,51,1,0.0979,27,0,43,website,0
6233,0.2167,37.4,14,0,0.2205,31,0,15,google_play,0
6234,0.14,25.79,80,1,0.0348,44,0,3,google_play,1
6235,0.222,35.85,86,1,0.0433,31,0,14,google_play,0
6236,0.3037,25.67,57,1,0.4215,38,0,25,app_store,1
6237,0.3242,32.95,73,0,0.1984,38,0,23,website,0
6238,0.2947,46.63,59,0,0.0638,61,0,31,website,0
6239,0.2482,15.5,88,1,0.0288,35,0,10,google_play,0
6240,0.2742,26.91,36,1,0.0104,53,0,7,website,0
6241,0.6484,25.87,22,0,0.1214,56,0,18,app_store,0
6242,0.661,12.03,47,1,0.0207,37,0,2,google_play,0
6243,0.2271,64.96,58,0,0.2926,22,0,44,app_store,0
6244,0.2197,13.76,74,1,0.0988,69,0,8,app_store,0
6245,0.1958,66.88,81,0,0.0082,45,0,46,website,0
6246,0.5576,9.59,6,0,0.0812,32,0,41,website,0
6247,0.4322,8.61,39,1,0.1713,56,0,31,website,1
6248,0.0898,19.39,59,1,0.1774,59,0,27,app_store,0
6249,0.405,32.41,43,0,0.1044,24,0,33,website,0
6250,0.5094,32.28,8,0,0.1671,61,1,14,website,0
6251,0.4852,60.65,3,2,0.2314,31,0,4,app_store,0
6252,0.1368,14.31,65,0,0.4383,61,0,1,website,1
6253,0.3342,46.91,86,0,0.0374,19,0,3,referral,1
6254,0.1897,7.68,56,1,0.0377,67,0,17,referral,0
6255,0.2005,12.47,66,1,0.1245,68,1,5,app_store,0
6256,0.1841,20.4,47,0,0.5245,23,0,4,google_play,1
6257,0.0559,11.36,86,1,0.2205,65,0,28,google_play,1
6258,0.2811,35.98,30,0,0.2224,58,0,28,google_play,0
6259,0.2658,15.55,20,2,0.0546,58,0,3,website,1
6260,0.2893,49.51,65,0,0.3369,31,0,12,google_play,0
6261,0.3857,45.06,69,0,0.1607,55,0,10,referral,0
6262,0.4831,15.29,77,4,0.4542,26,0,41,google_play,1
6263,0.0489,19.17,18,0,0.1413,45,0,5,app_store,0
6264,0.1131,23.05,11,2,0.1305,30,0,41,website,1
6265,0.1403,63.31,13,0,0.0223,57,0,31,google_play,0
6266,0.5337,12.68,82,1,0.1459,47,0,38,app_store,0
6267,0.3959,4.66,82,1,0.3992,46,0,11,referral,1
6268,0.3076,18.24,56,1,0.4768,51,0,46,google_play,1
6269,0.2673,12.89,11,0,0.1388,34,0,16,website,0
6270,0.051,8.4,65,0,0.2428,18,0,22,app_store,1
6271,0.3848,23.91,60,2,0.0874,29,0,41,referral,0
6272,0.2657,10.79,70,0,0.1593,46,1,10,website,0
6273,0.1003,31.08,37,1,0.1033,30,0,47,website,0
6274,0.1942,10.57,3,0,0.0633,32,0,44,google_play,0
6275,0.0995,193.89,83,0,0.0903,36,0,21,google_play,1
6276,0.3747,51.49,39,1,0.422,48,0,6,app_store,0
6277,0.2111,14.69,46,0,0.2041,24,0,24,app_store,0
6278,0.3153,14.3,76,0,0.0049,22,0,32,website,0
6279,0.4222,21.48,57,1,0.0333,62,0,13,app_store,0
6280,0.1245,41.07,28,0,0.0181,53,0,42,referral,0
6281,0.0603,17.93,68,1,0.2515,67,0,6,app_store,1
6282,0.0607,10.88,46,2,0.1458,67,0,20,referral,1
6283,0.3195,8.88,31,0,0.09,18,0,31,app_store,0
6284,0.5064,24.21,44,0,0.2558,21,0,21,app_store,0
6285,0.3369,14.77,84,1,0.0647,52,0,27,app_store,0
6286,0.168,29.91,82,0,0.4384,18,0,44,website,1
6287,0.2785,5.54,6,1,0.1403,30,0,12,google_play,0
6288,0.0542,34.15,1,0,0.4477,48,0,30,website,1
6289,0.18,19.6,11,1,0.065,51,0,18,app_store,0
6290,0.5345,7.18,17,0,0.0804,29,0,16,referral,1
6291,0.2155,31.61,60,0,0.6212,58,0,3,app_store,1
6292,0.3275,34.78,62,1,0.2716,25,0,14,app_store,1
6293,0.6589,13.95,39,0,0.6824,57,1,37,app_store,0
6294,0.1258,38.57,60,1,0.2205,19,0,43,app_store,1
6295,0.4255,9.43,30,0,0.1023,39,0,1,app_store,0
6296,0.2284,4.92,23,1,0.1052,28,0,6,google_play,0
6297,0.1721,21.78,68,0,0.2543,67,0,8,app_store,1
6298,0.1223,13.19,49,0,0.5635,68,0,44,app_store,1
6299,0.3596,10.26,69,1,0.1368,28,0,39,website,1
6300,0.0624,36.58,32,0,0.184,51,0,18,website,1
6301,0.0701,28.51,78,0,0.3335,43,0,5,app_store,1
6302,0.1255,77.34,61,1,0.2174,57,1,40,app_store,1
6303,0.3721,32.85,15,1,0.1723,50,0,41,app_store,0
6304,0.1872,36.12,64,1,0.0287,65,1,5,referral,1
6305,0.1466,13.31,72,1,0.2527,40,0,16,referral,1
6306,0.451,5.48,78,4,0.2325,61,0,25,app_store,1
6307,0.0622,97.96,60,0,0.0154,18,0,43,website,1
6308,0.526,34.64,15,0,0.1374,68,0,27,google_play,0
6309,0.266,75.39,76,0,0.0126,61,0,12,referral,1
6310,0.204,10.73,58,1,0.2633,48,0,32,website,1
6311,0.0887,49.63,53,1,0.1717,64,1,20,app_store,1
6312,0.2589,30.03,88,0,0.2689,45,0,20,app_store,1
6313,0.1057,51.61,79,2,0.1129,53,0,39,google_play,1
6314,0.4485,36.83,10,1,0.291,24,0,39,referral,0
6315,0.3328,20.9,69,0,0.4432,38,0,15,google_play,1
6316,0.5669,29.86,74,2,0.1235,48,0,24,app_store,0
6317,0.1345,19.16,83,0,0.3623,32,0,42,referral,1
6318,0.0871,44.08,63,1,0.1902,36,0,36,app_store,1
6319,0.1046,14.05,58,1,0.1811,19,0,14,website,1
6320,0.7202,15.0,18,1,0.6517,23,0,28,google_play,1
6321,0.2888,21.92,37,2,0.1663,45,0,18,website,0
6322,0.2921,37.73,20,0,0.0192,62,1,39,google_play,0
6323,0.2197,25.46,35,0,0.397,19,0,2,app_store,1
6324,0.467,19.51,57,3,0.2503,66,0,11,google_play,1
6325,0.1324,51.39,36,1,0.3199,22,0,39,website,0
6326,0.2518,37.04,12,0,0.6817,42,0,35,app_store,1
6327,0.3091,17.79,61,1,0.0895,43,1,40,website,0
6328,0.437,11.83,30,1,0.8362,44,0,30,google_play,1
6329,0.3654,21.69,30,0,0.2056,41,0,15,app_store,1
6330,0.5662,15.86,44,1,0.0322,35,0,25,referral,0
6331,0.125,14.29,0,1,0.4716,51,0,35,app_store,0
6332,0.2001,41.46,67,1,0.3885,54,1,46,google_play,1
6333,0.4774,54.01,8,3,0.1154,58,0,37,referral,1
6334,0.2688,23.53,71,0,0.0984,63,0,32,referral,0
6335,0.3956,24.43,71,1,0.4816,45,0,17,google_play,1
6336,0.2886,14.62,21,0,0.0628,54,0,34,app_store,0
6337,0.3015,11.65,83,2,0.0786,50,0,30,app_store,1
6338,0.0694,42.82,51,0,0.4345,30,0,20,app_store,1
6339,0.3487,10.08,6,1,0.3362,49,0,29,app_store,0
6340,0.3395,15.9,16,1,0.1948,30,0,29,website,0
6341,0.0964,15.55,29,2,0.2256,66,0,15,website,1
6342,0.243,33.01,1,0,0.1384,22,1,21,app_store,0
6343,0.1603,21.37,47,1,0.0766,50,0,12,referral,1
6344,0.5901,16.47,16,2,0.06,37,1,33,app_store,0
6345,0.2007,63.53,69,0,0.2926,50,0,10,website,1
6346,0.0532,76.8,50,0,0.1068,67,1,27,app_store,0
6347,0.4585,32.22,62,1,0.3245,45,0,15,google_play,1
6348,0.3554,27.13,15,1,0.0734,22,0,42,website,0
6349,0.1971,17.25,89,1,0.0837,60,0,29,website,0
6350,0.2789,24.22,60,1,0.0932,49,0,15,app_store,0
6351,0.3242,10.55,52,1,0.1922,65,0,37,google_play,1
6352,0.3637,49.01,83,0,0.2063,30,1,10,app_store,1
6353,0.234,22.37,37,1,0.6771,35,0,11,google_play,0
6354,0.3306,15.16,40,0,0.1548,61,0,40,app_store,0
6355,0.4074,19.45,81,0,0.1702,32,0,43,app_store,0
6356,0.0796,40.22,76,0,0.0666,61,0,28,referral,1
6357,0.1087,20.5,26,0,0.1425,59,0,10,website,0
6358,0.1715,14.14,61,0,0.2131,67,1,36,referral,1
6359,0.0762,5.68,18,0,0.0657,68,0,5,app_store,1
6360,0.6197,23.23,5,1,0.0802,55,0,25,referral,0
6361,0.1063,31.91,24,0,0.2459,30,1,9,website,1
6362,0.4323,17.4,11,1,0.3977,25,0,41,referral,0
6363,0.0854,14.07,27,1,0.562,25,0,1,google_play,1
6364,0.1468,11.16,25,0,0.1539,61,1,20,app_store,0
6365,0.411,18.85,43,1,0.248,55,0,21,google_play,1
6366,0.5099,11.25,86,0,0.0469,22,0,35,google_play,0
6367,0.0925,11.2,26,0,0.1704,27,0,13,app_store,0
6368,0.386,17.54,35,3,0.2197,54,0,36,app_store,0
6369,0.0574,91.71,76,0,0.2363,51,0,38,app_store,0
6370,0.0918,125.79,30,0,0.1188,49,0,43,referral,0
6371,0.4517,55.94,89,0,0.3273,58,0,10,referral,0
6372,0.5857,38.51,60,0,0.113,33,0,46,referral,0
6373,0.4746,6.32,86,0,0.1575,33,0,40,app_store,0
6374,0.4401,159.71,72,1,0.2259,48,0,34,website,1
6375,0.3245,32.28,61,0,0.1628,60,0,36,app_store,1
6376,0.2078,11.36,64,2,0.0831,69,0,43,google_play,0
6377,0.5176,160.84,63,0,0.0431,21,1,46,website,0
6378,0.3445,22.9,76,1,0.2071,34,0,8,app_store,1
6379,0.1513,43.99,4,0,0.0602,51,0,20,referral,0
6380,0.0951,19.68,9,0,0.1689,42,0,43,app_store,0
6381,0.1401,36.5,43,0,0.0561,54,0,25,google_play,0
6382,0.2425,39.66,34,2,0.0603,47,0,36,app_store,1
6383,0.1987,44.79,54,3,0.0258,51,0,25,google_play,1
6384,0.419,60.24,22,2,0.2013,30,1,2,app_store,0
6385,0.1113,27.35,82,0,0.4071,18,0,16,website,1
6386,0.3165,28.41,15,0,0.0743,42,0,12,app_store,0
6387,0.0418,23.72,7,1,0.0801,46,0,3,app_store,0
6388,0.172,11.81,68,2,0.2636,60,0,46,website,1
6389,0.5046,13.02,46,1,0.1634,50,0,9,referral,0
6390,0.1499,19.77,75,0,0.0563,52,0,39,referral,0
6391,0.3939,59.36,38,1,0.0881,49,1,11,app_store,1
6392,0.0744,34.11,88,0,0.3017,54,0,23,website,1
6393,0.1529,22.98,13,2,0.0554,45,0,23,app_store,0
6394,0.2851,20.4,41,1,0.0842,61,0,10,app_store,0
6395,0.4424,10.84,86,1,0.3149,53,1,36,app_store,1
6396,0.2786,13.08,9,0,0.6274,54,1,11,referral,0
6397,0.317,27.34,82,0,0.1387,66,0,34,google_play,0
6398,0.1138,24.68,78,1,0.1168,31,0,33,google_play,0
6399,0.2815,42.3,13,0,0.0414,58,0,17,google_play,0
6400,0.2878,21.08,51,1,0.209,69,0,14,website,1
6401,0.2205,36.5,22,1,0.4098,21,1,32,referral,0
6402,0.504,8.4,17,1,0.1346,40,0,39,app_store,0
6403,0.1173,12.62,51,0,0.1048,32,0,3,google_play,0
6404,0.0641,29.5,31,0,0.3606,68,0,41,website,1
6405,0.3101,24.81,23,0,0.2311,23,0,2,google_play,1
6406,0.4047,41.12,76,1,0.0523,60,0,28,google_play,0
6407,0.2593,55.87,61,1,0.2335,29,0,29,website,1
6408,0.3556,57.68,22,1,0.1791,54,0,30,website,0
6409,0.5836,74.45,72,0,0.12,30,0,42,app_store,0
6410,0.1712,87.76,79,2,0.6268,27,0,37,website,1
6411,0.0864,19.12,37,0,0.1381,52,0,24,google_play,1
6412,0.4143,122.7,57,1,0.0558,26,0,37,referral,0
6413,0.178,185.4,86,1,0.2553,69,1,24,referral,1
6414,0.2841,9.86,35,0,0.1135,50,0,20,app_store,0
6415,0.3422,16.25,13,2,0.0869,32,1,40,app_store,1
6416,0.3639,31.57,4,0,0.0479,21,1,22,website,0
6417,0.7712,28.86,18,0,0.1071,43,0,29,app_store,0
6418,0.3233,7.53,1,1,0.2548,25,0,38,app_store,0
6419,0.0757,12.62,65,1,0.3005,54,0,43,google_play,1
6420,0.6922,28.55,82,2,0.0419,62,0,18,app_store,0
6421,0.5435,21.07,48,1,0.1095,31,0,3,app_store,0
6422,0.3318,37.89,85,0,0.02,52,0,13,app_store,1
6423,0.3775,96.45,56,2,0.2026,19,1,12,app_store,1
6424,0.1467,10.27,88,0,0.7127,20,0,31,google_play,1
6425,0.3948,123.96,48,1,0.1945,29,0,10,app_store,0
6426,0.1208,91.54,35,1,0.5502,52,1,17,referral,0
6427,0.2543,7.33,78,1,0.1363,19,0,20,google_play,0
6428,0.1627,10.64,69,2,0.1234,67,1,39,google_play,0
6429,0.2618,18.49,34,2,0.1074,56,1,47,app_store,0
6430,0.329,12.59,39,0,0.0804,43,1,6,referral,0
6431,0.0652,36.87,5,2,0.2276,30,0,23,website,1
6432,0.3681,38.26,32,1,0.0384,34,0,10,app_store,0
6433,0.0864,27.09,61,0,0.3867,53,0,47,referral,1
6434,0.4158,31.87,25,0,0.0893,48,0,10,google_play,0
6435,0.3168,22.34,46,3,0.3506,19,0,19,app_store,1
6436,0.1623,32.38,72,1,0.5251,35,0,36,app_store,1
6437,0.0802,93.59,55,0,0.4439,63,0,37,website,1
6438,0.3803,4.61,29,0,0.2428,52,1,21,google_play,1
6439,0.457,24.84,21,0,0.2792,18,0,23,app_store,1
6440,0.1689,33.97,52,0,0.0455,61,0,28,website,1
6441,0.2756,22.89,71,1,0.2653,43,0,28,referral,1
6442,0.1971,30.54,76,0,0.3132,24,0,29,website,1
6443,0.8057,56.78,5,1,0.3224,57,0,34,referral,0
6444,0.1921,17.09,27,1,0.3845,45,0,27,app_store,1
6445,0.2756,115.15,17,0,0.6128,34,0,29,website,0
6446,0.5556,8.68,58,2,0.1769,41,1,41,google_play,0
6447,0.1684,37.88,0,0,0.1774,65,0,8,website,0
6448,0.2957,24.3,16,0,0.2129,21,0,45,website,0
6449,0.2893,29.43,62,4,0.2146,40,0,43,app_store,1
6450,0.3447,41.8,66,3,0.2577,30,0,46,website,1
6451,0.2085,15.92,68,1,0.6727,59,0,9,website,1
6452,0.6959,53.07,6,1,0.2597,52,0,20,app_store,0
6453,0.3383,97.76,48,0,0.1837,67,0,33,website,0
6454,0.1993,20.03,61,2,0.0459,30,0,32,app_store,1
6455,0.1143,17.07,16,1,0.2772,59,0,41,website,1
6456,0.4058,59.49,66,1,0.1362,36,1,9,website,0
6457,0.3116,48.8,4,0,0.4731,20,0,35,google_play,0
6458,0.2991,8.2,78,0,0.026,24,0,31,referral,0
6459,0.4093,36.12,26,2,0.0119,26,0,27,app_store,0
6460,0.2869,42.22,78,3,0.1553,61,0,26,referral,1
6461,0.2368,23.61,34,5,0.0624,60,0,25,app_store,1
6462,0.1798,70.13,73,0,0.2589,30,0,30,google_play,1
6463,0.4698,7.98,42,2,0.2553,69,0,19,google_play,1
6464,0.3716,5.45,17,0,0.109,66,0,6,app_store,0
6465,0.1186,51.7,68,0,0.1876,27,1,2,google_play,0
6466,0.3555,13.89,60,1,0.2771,68,0,41,website,1
6467,0.2661,23.94,84,0,0.0903,40,0,17,app_store,0
6468,0.2921,11.1,26,2,0.0903,27,0,5,google_play,1
6469,0.2402,44.55,72,1,0.8466,63,0,26,website,1
6470,0.092,31.14,34,0,0.2769,29,0,8,google_play,1
6471,0.182,22.36,31,1,0.1667,47,0,43,app_store,0
6472,0.273,10.34,20,1,0.2791,42,0,41,website,1
6473,0.1959,21.93,1,0,0.29,58,0,4,website,1
6474,0.3354,30.99,47,1,0.1527,29,1,18,website,1
6475,0.2392,16.91,87,0,0.1057,32,0,33,referral,0
6476,0.2843,17.32,54,1,0.3464,49,0,46,google_play,0
6477,0.3432,24.71,61,1,0.1415,44,0,8,google_play,1
6478,0.1519,39.32,61,0,0.318,32,0,39,app_store,1
6479,0.1402,33.01,28,0,0.1745,29,1,4,google_play,0
6480,0.191,55.88,83,0,0.2247,39,0,17,website,1
6481,0.1173,23.04,83,0,0.3851,65,0,34,website,1
6482,0.394,49.85,68,2,0.1353,57,0,28,google_play,1
6483,0.4957,10.85,8,0,0.1419,23,1,8,google_play,0
6484,0.1136,32.42,3,0,0.5267,53,0,37,app_store,1
6485,0.5544,31.23,30,2,0.0556,64,1,22,website,0
6486,0.4264,127.78,88,0,0.2206,45,0,41,referral,1
6487,0.2781,15.35,44,1,0.2425,39,1,38,website,0
6488,0.1498,10.58,80,1,0.7111,64,0,45,app_store,1
6489,0.2406,14.31,25,0,0.0231,36,0,13,website,0
6490,0.2937,15.76,66,0,0.0547,38,1,1,website,0
6491,0.1203,32.69,10,1,0.1246,65,0,12,google_play,1
6492,0.3511,10.15,38,0,0.332,27,0,13,google_play,0
6493,0.105,31.24,11,2,0.0601,18,0,31,google_play,1
6494,0.3061,25.13,0,0,0.1473,47,0,26,app_store,0
6495,0.5911,46.53,59,0,0.0007,58,0,8,website,0
6496,0.2692,37.84,20,0,0.1116,36,1,6,google_play,0
6497,0.1661,43.81,87,0,0.0367,59,1,35,referral,0
6498,0.4409,34.6,88,1,0.2976,62,1,11,google_play,1
6499,0.5207,55.56,88,0,0.0793,29,0,46,referral,0
6500,0.3636,8.64,67,2,0.2509,52,0,45,google_play,1
6501,0.2325,8.86,42,1,0.6783,28,0,8,app_store,0
6502,0.5471,24.18,22,0,0.2555,51,0,35,referral,0
6503,0.1242,26.02,68,1,0.0147,34,0,37,referral,0
6504,0.4268,11.98,63,1,0.2476,37,0,8,google_play,1
6505,0.3663,36.31,18,0,0.2599,36,0,14,google_play,0
6506,0.181,9.84,20,0,0.1121,48,0,26,referral,0
6507,0.1715,20.34,62,0,0.0664,32,0,23,app_store,1
6508,0.0804,24.23,66,0,0.0872,24,0,5,website,0
6509,0.1466,36.61,41,0,0.2348,27,0,8,website,0
6510,0.1364,17.24,9,0,0.2879,49,0,47,referral,0
6511,0.0817,57.45,58,1,0.1819,28,0,42,website,1
6512,0.2859,79.53,13,0,0.1106,44,0,40,google_play,0
6513,0.2134,71.99,2,1,0.0965,42,0,2,google_play,0
6514,0.5217,86.96,83,1,0.0321,19,0,28,website,0
6515,0.2997,51.74,68,0,0.436,49,0,25,app_store,1
6516,0.3821,37.74,63,0,0.0265,27,0,47,google_play,1
6517,0.3162,14.52,50,0,0.208,58,0,37,website,0
6518,0.4611,16.53,65,2,0.5221,62,0,10,app_store,1
6519,0.357,47.66,49,0,0.4013,53,0,46,referral,1
6520,0.1807,7.05,86,1,0.1615,43,0,41,app_store,1
6521,0.3418,61.96,20,0,0.423,50,1,24,app_store,0
6522,0.1881,16.05,39,0,0.1069,22,0,45,website,0
6523,0.0457,16.88,32,0,0.4059,31,0,1,website,1
6524,0.1225,42.23,36,0,0.3784,41,0,32,website,1
6525,0.2761,29.85,4,0,0.0127,25,0,12,google_play,0
6526,0.5155,18.29,81,1,0.0709,27,0,41,google_play,0
6527,0.256,12.97,31,0,0.276,27,0,8,app_store,0
6528,0.4705,8.58,52,0,0.4191,37,1,3,app_store,1
6529,0.2866,5.4,24,1,0.2656,61,0,4,website,0
6530,0.3001,68.32,9,1,0.1148,50,0,42,app_store,1
6531,0.2232,21.08,70,1,0.0083,45,0,30,google_play,0
6532,0.3777,13.17,40,1,0.1826,50,0,19,app_store,1
6533,0.2917,41.52,12,0,0.9088,46,0,29,app_store,0
6534,0.1146,14.22,58,0,0.0493,45,0,28,app_store,0
6535,0.7043,14.41,14,1,0.1572,68,0,2,website,0
6536,0.4882,56.42,79,0,0.0953,63,0,45,google_play,0
6537,0.4018,41.23,72,1,0.0442,18,1,38,google_play,1
6538,0.4247,27.89,63,0,0.3942,35,1,9,google_play,1
6539,0.1942,16.64,52,1,0.0423,61,1,14,website,1
6540,0.3042,28.89,87,0,0.319,69,0,32,referral,1
6541,0.0781,36.83,58,0,0.0448,68,0,12,website,0
6542,0.264,29.39,2,0,0.4508,41,0,36,app_store,0
6543,0.4384,57.4,11,0,0.1589,28,0,8,google_play,0
6544,0.1687,12.17,60,0,0.1212,51,1,40,app_store,0
6545,0.3162,20.48,58,1,0.2183,40,0,35,referral,1
6546,0.0354,36.23,33,0,0.1965,50,0,2,app_store,1
6547,0.2763,16.43,58,0,0.0933,52,0,16,referral,1
6548,0.3068,47.8,32,1,0.0523,34,0,13,referral,1
6549,0.3514,62.8,42,0,0.3732,67,0,15,app_store,0
6550,0.311,25.57,15,1,0.2332,32,1,17,app_store,1
6551,0.2798,32.07,86,1,0.026,56,0,10,website,1
6552,0.665,21.2,56,0,0.2646,34,0,12,google_play,0
6553,0.4864,19.99,24,0,0.0454,40,0,25,website,1
6554,0.3736,60.24,60,0,0.0973,41,0,41,google_play,0
6555,0.5423,13.66,51,0,0.3113,47,0,46,app_store,1
6556,0.209,43.76,25,0,0.4348,51,1,6,website,0
6557,0.2717,17.37,11,0,0.2071,37,0,19,website,0
6558,0.2189,13.57,61,0,0.1659,67,0,33,app_store,0
6559,0.2345,49.68,34,1,0.2753,45,0,15,google_play,0
6560,0.4026,39.94,23,0,0.288,61,0,45,referral,0
6561,0.2278,15.53,23,0,0.0574,42,0,25,referral,0
6562,0.3123,21.81,14,0,0.2122,24,0,22,google_play,0
6563,0.3617,22.48,62,0,0.3513,19,1,39,google_play,1
6564,0.4948,28.92,84,0,0.0732,66,0,15,referral,0
6565,0.2164,17.42,68,1,0.0549,45,0,35,website,0
6566,0.1767,82.73,19,1,0.086,47,0,13,app_store,0
6567,0.1417,11.29,77,1,0.1518,18,0,28,app_store,0
6568,0.555,8.49,43,0,0.275,54,1,36,website,0
6569,0.2477,22.6,22,0,0.0481,49,0,32,app_store,0
6570,0.221,6.1,38,0,0.251,27,0,43,app_store,0
6571,0.3672,14.24,58,1,0.2548,35,0,25,app_store,1
6572,0.1432,15.75,58,1,0.0966,45,0,29,website,0
6573,0.5719,24.79,45,2,0.3389,68,1,25,app_store,0
6574,0.238,21.37,41,0,0.1192,24,0,14,app_store,0
6575,0.4457,28.94,48,1,0.1491,64,0,35,app_store,1
6576,0.2215,14.21,66,0,0.2821,23,0,14,website,1
6577,0.4027,18.82,20,0,0.2977,45,1,10,website,0
6578,0.2705,36.79,25,1,0.2722,63,0,1,referral,1
6579,0.2836,5.01,63,1,0.2106,60,0,1,google_play,1
6580,0.3989,32.93,64,1,0.3836,31,0,24,google_play,1
6581,0.2567,5.47,56,0,0.2802,48,0,3,app_store,1
6582,0.2701,24.72,69,0,0.0258,42,0,41,google_play,0
6583,0.3745,35.3,81,0,0.3993,47,0,26,google_play,0
6584,0.1953,30.43,34,1,0.0696,65,0,31,website,1
6585,0.4275,15.89,54,1,0.0911,60,1,15,app_store,0
6586,0.3104,29.37,77,0,0.2778,19,0,42,app_store,1
6587,0.1608,12.68,62,0,0.056,26,0,44,website,0
6588,0.2893,64.55,16,0,0.7379,59,0,38,app_store,0
6589,0.1542,43.9,31,2,0.0613,45,0,15,website,0
6590,0.2561,12.63,54,0,0.2362,68,0,17,app_store,1
6591,0.2788,64.32,16,1,0.218,32,0,17,app_store,0
6592,0.0368,28.11,67,1,0.0912,69,0,10,app_store,1
6593,0.31,11.13,85,0,0.1036,59,0,2,google_play,0
6594,0.1862,55.55,51,1,0.3906,24,0,21,website,1
6595,0.1824,77.52,54,0,0.2218,65,0,4,referral,0
6596,0.3351,20.51,61,1,0.1967,46,0,22,google_play,0
6597,0.1286,31.7,43,0,0.0176,51,0,4,google_play,0
6598,0.1773,24.31,63,1,0.4545,61,0,32,website,1
6599,0.5318,36.8,89,0,0.4841,38,0,27,google_play,1
6600,0.0948,42.79,28,2,0.0479,24,0,5,app_store,0
6601,0.2562,48.92,23,0,0.1237,48,1,18,referral,0
6602,0.1805,6.73,42,0,0.1081,44,1,4,google_play,0
6603,0.3182,17.07,63,1,0.4063,50,1,27,google_play,0
6604,0.1612,48.22,67,1,0.5637,63,0,47,website,1
6605,0.1998,15.05,20,0,0.1075,28,0,18,app_store,0
6606,0.1723,31.28,85,4,0.3059,31,0,7,google_play,1
6607,0.4772,12.92,39,0,0.1918,59,0,40,referral,0
6608,0.3174,39.43,43,0,0.1359,20,0,5,referral,1
6609,0.153,25.18,34,0,0.2738,40,0,39,google_play,0
6610,0.0858,37.44,3,0,0.0741,54,1,32,app_store,0
6611,0.1633,32.35,67,0,0.0748,18,0,5,google_play,0
6612,0.5531,9.17,41,0,0.1656,56,0,15,google_play,0
6613,0.1269,106.32,42,0,0.0863,54,0,37,app_store,0
6614,0.2571,9.82,47,1,0.0951,45,0,12,google_play,0
6615,0.2631,139.74,31,2,0.9601,63,0,36,google_play,1
6616,0.2699,5.41,11,0,0.007,35,0,2,referral,0
6617,0.0517,25.73,26,0,0.1589,23,0,47,google_play,0
6618,0.0629,9.16,49,4,0.1253,44,0,21,google_play,1
6619,0.2814,76.02,75,1,0.0279,29,0,24,website,0
6620,0.2415,12.06,39,1,0.1751,58,0,21,google_play,0
6621,0.2263,11.4,18,2,0.2063,22,0,41,google_play,0
6622,0.1132,25.13,24,0,0.0711,58,0,17,app_store,0
6623,0.3713,66.76,41,1,0.0856,54,0,35,google_play,0
6624,0.0819,58.15,82,0,0.0568,41,0,26,app_store,1
6625,0.0205,20.99,38,0,0.7206,39,0,18,app_store,1
6626,0.249,19.6,23,0,0.0806,33,0,4,app_store,0
6627,0.2477,35.34,42,2,0.4804,49,0,7,google_play,0
6628,0.4424,23.55,82,1,0.0972,27,0,23,website,0
6629,0.221,25.96,60,0,0.2333,36,0,38,referral,0
6630,0.3506,22.22,64,1,0.2695,44,0,27,app_store,1
6631,0.2418,37.61,79,1,0.0219,42,1,6,website,0
6632,0.4206,33.64,2,0,0.3117,40,1,25,google_play,0
6633,0.1124,71.16,14,0,0.0766,20,0,33,referral,1
6634,0.4747,15.71,20,0,0.2841,29,0,8,app_store,1
6635,0.1653,15.61,64,2,0.1619,40,0,40,google_play,0
6636,0.0645,22.99,18,0,0.251,49,0,13,referral,1
6637,0.2483,21.29,12,0,0.4461,21,0,15,website,0
6638,0.3659,44.88,38,2,0.303,61,0,10,app_store,0
6639,0.1416,11.72,0,0,0.0376,35,0,26,website,0
6640,0.2537,59.68,79,1,0.4681,58,0,2,google_play,1
6641,0.0628,20.1,0,1,0.1071,61,0,21,app_store,0
6642,0.2895,56.09,13,1,0.0209,46,1,11,app_store,0
6643,0.0584,144.3,80,0,0.053,49,0,3,referral,1
6644,0.0252,50.33,88,1,0.2029,35,0,17,google_play,1
6645,0.0682,37.99,76,1,0.0754,33,0,12,google_play,1
6646,0.0552,53.57,44,1,0.418,36,0,20,website,1
6647,0.3269,19.97,29,4,0.2456,44,0,9,referral,0
6648,0.2998,29.49,82,0,0.1762,40,0,2,website,1
6649,0.0562,15.32,58,1,0.3366,45,0,35,app_store,1
6650,0.4352,16.02,3,1,0.2273,56,0,7,referral,1
6651,0.1239,30.44,13,0,0.201,54,0,1,google_play,0
6652,0.0761,26.23,80,1,0.0598,39,0,13,website,0
6653,0.632,33.18,67,1,0.1191,23,0,8,website,0
6654,0.0891,26.95,6,0,0.1268,41,0,24,referral,1
6655,0.2331,20.13,89,0,0.1081,66,0,2,website,0
6656,0.2201,46.83,51,0,0.1755,49,0,18,google_play,0
6657,0.368,15.92,85,0,0.0684,69,1,25,app_store,0
6658,0.2244,29.25,86,0,0.0757,48,0,37,app_store,0
6659,0.174,54.78,57,0,0.0271,34,1,36,website,0
6660,0.6556,40.31,4,0,0.174,32,0,39,website,0
6661,0.0942,24.04,40,0,0.5314,56,0,8,app_store,1
6662,0.2338,6.98,80,0,0.4548,66,0,4,website,1
6663,0.4443,19.34,32,0,0.1699,45,0,15,website,0
6664,0.3376,108.54,27,0,0.2065,32,0,34,website,0
6665,0.0777,20.62,24,0,0.2619,52,0,14,app_store,1
6666,0.3048,24.44,60,0,0.0206,40,0,22,app_store,0
6667,0.4111,27.62,7,1,0.3107,68,0,44,website,0
6668,0.1875,33.09,39,0,0.1044,66,0,42,referral,0
6669,0.0831,15.51,18,2,0.2183,44,0,4,referral,1
6670,0.3974,41.7,79,0,0.3363,58,1,14,website,1
6671,0.1049,32.66,50,1,0.1098,22,0,43,google_play,1
6672,0.4256,7.35,24,2,0.4207,24,0,2,google_play,0
6673,0.504,4.13,24,0,0.2247,62,0,37,referral,1
6674,0.1257,16.85,66,0,0.0878,26,0,15,google_play,0
6675,0.0425,10.51,65,1,0.0117,65,1,16,app_store,0
6676,0.4902,30.46,79,2,0.08,34,1,14,google_play,0
6677,0.0308,18.88,69,2,0.0648,54,0,30,referral,1
6678,0.2004,34.09,13,2,0.2019,28,1,3,app_store,1
6679,0.0199,34.41,42,0,0.1673,18,0,27,google_play,0
6680,0.1174,12.13,0,1,0.0422,33,0,39,website,0
6681,0.0689,19.01,81,0,0.2757,43,1,12,google_play,1
6682,0.5697,16.65,68,2,0.2584,35,1,43,website,1
6683,0.1769,47.14,73,0,0.0947,63,1,41,website,0
6684,0.2115,21.69,65,1,0.1575,19,0,42,website,0
6685,0.2518,58.89,6,0,0.114,50,1,36,website,1
6686,0.5952,61.23,60,1,0.2831,33,0,47,referral,1
6687,0.016,22.31,72,0,0.1743,24,1,23,app_store,1
6688,0.2929,16.21,57,0,0.0576,21,0,22,app_store,1
6689,0.3159,13.29,74,1,0.389,63,0,14,referral,1
6690,0.4195,40.32,53,2,0.1752,32,0,13,google_play,0
6691,0.2952,22.87,31,0,0.0119,48,0,21,app_store,0
6692,0.0713,14.73,36,0,0.2228,39,0,1,app_store,1
6693,0.3631,45.97,44,2,0.7854,22,0,27,google_play,1
6694,0.1591,46.56,26,2,0.019,25,1,46,app_store,1
6695,0.0238,12.63,6,0,0.019,38,0,28,google_play,0
6696,0.2199,31.6,44,0,0.0673,40,1,47,website,0
6697,0.4712,37.04,23,1,0.1073,29,0,32,website,0
6698,0.1216,80.73,46,0,0.549,32,0,28,website,1
6699,0.5349,21.86,85,1,0.1346,38,0,44,google_play,0
6700,0.5753,24.54,60,1,0.2129,38,0,13,referral,1
6701,0.4917,38.97,83,1,0.3042,68,1,43,app_store,0
6702,0.4213,59.64,74,2,0.1194,67,0,16,referral,1
6703,0.5914,32.47,61,0,0.4572,36,0,28,referral,1
6704,0.5192,28.73,12,0,0.0067,34,0,10,google_play,0
6705,0.2547,16.56,1,2,0.3384,38,0,25,app_store,1
6706,0.64,19.56,14,0,0.0814,68,0,37,google_play,0
6707,0.5186,22.1,2,0,0.028,69,0,19,app_store,0
6708,0.7081,40.08,44,0,0.3961,32,0,25,app_store,0
6709,0.2614,33.59,53,0,0.405,66,1,40,google_play,0
6710,0.4014,15.14,49,2,0.0856,49,0,31,app_store,0
6711,0.2488,44.47,20,1,0.2936,54,1,19,google_play,0
6712,0.17,21.79,38,0,0.2349,32,1,1,referral,0
6713,0.3255,22.01,58,0,0.1461,60,0,16,google_play,0
6714,0.2369,42.0,26,1,0.2129,24,0,27,google_play,0
6715,0.0398,45.83,8,0,0.281,56,0,3,google_play,1
6716,0.2929,31.25,14,2,0.1799,32,1,36,referral,0
6717,0.1294,90.93,88,0,0.2354,31,0,23,app_store,1
6718,0.2829,6.6,19,0,0.008,58,0,34,app_store,0
6719,0.3136,48.23,10,0,0.4104,58,0,24,google_play,0
6720,0.3068,12.19,75,0,0.1311,62,1,39,google_play,0
6721,0.1427,24.24,30,1,0.2916,41,0,5,google_play,1
6722,0.2176,24.96,86,0,0.3696,54,0,35,app_store,1
6723,0.5409,23.7,8,0,0.3417,43,0,47,website,0
6724,0.2421,13.04,4,0,0.1727,31,0,44,app_store,0
6725,0.3711,9.54,34,0,0.1129,54,0,4,website,0
6726,0.1104,6.42,81,1,0.2531,51,0,16,referral,1
6727,0.2369,21.34,30,1,0.4547,54,1,11,google_play,1
6728,0.0184,27.13,65,0,0.3644,60,0,22,app_store,1
6729,0.5572,37.42,58,2,0.0812,64,0,12,website,1
6730,0.2906,55.65,6,0,0.2376,64,0,22,google_play,0
6731,0.6397,44.45,77,1,0.3141,54,0,1,app_store,0
6732,0.403,49.29,10,1,0.1411,68,0,32,app_store,1
6733,0.1017,12.25,72,1,0.2537,49,0,31,app_store,1
6734,0.6066,53.46,10,1,0.2766,33,1,3,google_play,0
6735,0.0571,32.07,65,1,0.1636,56,0,7,website,0
6736,0.3427,9.94,80,0,0.3336,65,1,32,website,1
6737,0.3135,52.23,89,0,0.2324,59,0,9,app_store,1
6738,0.2591,13.31,60,0,0.0806,45,1,31,website,0
6739,0.1207,11.95,3,0,0.4948,39,0,21,app_store,1
6740,0.7139,72.66,3,1,0.2299,55,0,24,google_play,0
6741,0.5529,29.18,71,0,0.0713,43,0,39,website,0
6742,0.4046,11.89,41,0,0.1668,28,1,7,google_play,1
6743,0.541,16.94,11,0,0.2795,45,0,18,website,0
6744,0.217,51.75,24,0,0.31,39,0,19,google_play,1
6745,0.2386,10.65,54,0,0.2128,59,0,35,website,1
6746,0.1544,22.35,8,1,0.2094,33,0,27,google_play,1
6747,0.5625,22.34,73,0,0.3713,57,0,31,app_store,1
6748,0.4566,165.91,70,1,0.4746,42,0,26,website,1
6749,0.6967,8.89,59,0,0.3481,42,0,32,referral,1
6750,0.3244,9.15,49,0,0.2815,43,0,26,referral,1
6751,0.2399,16.59,10,0,0.1548,58,0,44,app_store,0
6752,0.1559,15.76,36,1,0.2889,27,0,17,website,1
6753,0.5468,25.28,16,1,0.0552,58,0,42,app_store,0
6754,0.0641,17.73,51,1,0.4309,41,0,11,app_store,1
6755,0.5405,44.62,79,0,0.154,54,0,5,referral,0
6756,0.2075,26.23,79,0,0.0693,47,0,20,app_store,0
6757,0.3122,12.55,81,0,0.2764,27,0,30,google_play,1
6758,0.2326,20.89,30,0,0.2448,28,0,22,referral,0
6759,0.2941,20.42,67,1,0.0582,34,1,10,referral,1
6760,0.4797,54.96,40,2,0.0216,66,0,6,google_play,1
6761,0.0213,45.24,26,1,0.307,51,0,30,website,1
6762,0.2512,40.69,68,1,0.0915,58,0,39,google_play,0
6763,0.0986,14.85,22,1,0.2885,34,0,2,google_play,1
6764,0.1029,30.75,58,0,0.3076,18,0,13,website,1
6765,0.3746,11.03,6,0,0.0546,51,0,32,referral,0
6766,0.2198,39.01,53,1,0.0447,50,0,23,website,0
6767,0.0586,57.88,42,1,0.4383,56,0,14,google_play,1
6768,0.0967,5.73,6,0,0.0641,39,0,20,referral,1
6769,0.2626,23.29,35,1,0.0459,61,0,2,referral,1
6770,0.0635,23.28,82,1,0.115,44,0,1,website,1
6771,0.4402,46.78,22,1,0.0758,45,0,30,website,0
6772,0.6955,16.41,35,1,0.2053,41,1,9,google_play,0
6773,0.1188,16.25,58,1,0.2922,42,0,13,website,1
6774,0.1364,27.8,11,0,0.1857,40,1,1,website,0
6775,0.2319,38.05,18,1,0.089,38,0,46,website,0
6776,0.0962,28.72,28,1,0.2853,44,0,45,google_play,0
6777,0.0966,46.09,8,1,0.2259,55,0,9,referral,0
6778,0.0775,40.29,42,1,0.076,30,0,45,app_store,1
6779,0.1139,17.32,38,0,0.1794,55,0,24,app_store,0
6780,0.4527,25.3,15,4,0.5356,52,0,8,google_play,1
6781,0.3201,36.57,65,2,0.1044,24,0,27,referral,0
6782,0.4484,14.3,50,1,0.7618,55,0,5,app_store,1
6783,0.2503,15.48,16,0,0.009,69,0,33,app_store,0
6784,0.2537,8.97,24,0,0.2566,43,0,18,app_store,0
6785,0.2137,56.92,52,1,0.1472,45,0,29,app_store,0
6786,0.2458,113.67,26,0,0.0273,53,1,44,website,0
6787,0.2569,15.52,7,1,0.3977,59,0,39,website,0
6788,0.4456,37.31,69,0,0.0975,48,0,35,google_play,0
6789,0.1706,59.79,24,1,0.0864,28,0,32,app_store,1
6790,0.2258,11.02,57,1,0.3636,69,0,46,app_store,1
6791,0.2263,31.85,75,0,0.4521,49,0,23,website,1
6792,0.415,63.24,5,0,0.2766,46,0,8,website,0
6793,0.498,20.79,13,1,0.4418,32,1,7,app_store,0
6794,0.2726,23.67,23,2,0.2329,58,0,37,website,0
6795,0.4969,65.91,59,0,0.1172,68,0,12,app_store,0
6796,0.3398,18.65,0,1,0.0234,62,0,45,website,0
6797,0.1186,16.79,1,0,0.0735,65,1,7,website,0
6798,0.2176,22.07,73,0,0.0072,48,0,14,google_play,1
6799,0.3817,89.94,49,0,0.4606,42,0,1,google_play,0
6800,0.0974,44.01,11,0,0.4055,49,0,23,google_play,1
6801,0.3155,36.75,21,0,0.0632,20,0,39,website,0
6802,0.2638,36.48,48,0,0.1728,35,0,19,google_play,0
6803,0.4617,11.56,20,0,0.0189,52,0,45,app_store,0
6804,0.0884,37.52,11,2,0.1077,40,0,37,google_play,1
6805,0.1259,18.85,45,0,0.0451,60,0,41,google_play,0
6806,0.3043,22.24,6,1,0.1422,49,0,15,google_play,0
6807,0.4711,21.46,88,1,0.3163,31,0,43,app_store,1
6808,0.3394,49.44,66,0,0.1046,33,0,22,google_play,0
6809,0.4734,92.18,21,1,0.1965,39,0,1,app_store,0
6810,0.4692,13.53,85,1,0.1518,40,0,7,app_store,0
6811,0.6621,54.34,49,0,0.0676,36,0,43,app_store,0
6812,0.1321,23.19,22,0,0.2051,43,0,45,app_store,0
6813,0.3978,44.84,34,1,0.0907,42,0,24,website,0
6814,0.3696,32.55,69,0,0.2546,56,0,4,app_store,1
6815,0.2444,17.17,62,1,0.0739,19,0,7,referral,1
6816,0.1273,16.99,34,1,0.1085,45,0,14,app_store,0
6817,0.5827,22.76,83,0,0.1151,69,0,45,google_play,0
6818,0.1031,34.02,6,3,0.0478,36,0,21,website,1
6819,0.3671,37.48,38,0,0.6862,52,0,25,app_store,0
6820,0.107,211.88,24,0,0.3138,57,0,28,app_store,0
6821,0.1283,38.85,81,0,0.1087,61,0,35,google_play,1
6822,0.2526,10.7,17,0,0.133,67,0,5,google_play,0
6823,0.4683,64.09,82,0,0.1484,46,0,26,google_play,0
6824,0.4446,40.35,66,1,0.1171,68,1,39,website,0
6825,0.0371,23.73,78,0,0.0984,47,0,30,website,0
6826,0.5016,12.25,34,1,0.1303,32,0,36,website,0
6827,0.4276,21.89,22,0,0.136,24,1,25,google_play,0
6828,0.1905,60.41,16,0,0.2767,38,0,11,website,1
6829,0.2466,37.74,63,0,0.2782,48,0,44,app_store,0
6830,0.168,68.84,8,0,0.0785,36,0,44,website,0
6831,0.4563,66.33,30,0,0.5696,52,0,29,referral,0
6832,0.1494,30.75,39,0,0.5629,38,0,1,website,1
6833,0.3112,2.94,17,1,0.055,33,0,21,app_store,0
6834,0.3919,14.15,40,0,0.3547,49,0,31,google_play,0
6835,0.4517,9.05,41,1,0.2312,31,0,28,referral,1
6836,0.32,71.77,13,0,0.1954,54,0,33,google_play,0
6837,0.7141,38.14,43,0,0.188,29,0,32,app_store,0
6838,0.354,22.86,50,1,0.3722,67,0,45,app_store,1
6839,0.242,18.46,58,0,0.142,53,0,43,google_play,0
6840,0.1861,56.76,22,0,0.9468,35,0,31,website,0
6841,0.2322,14.16,28,1,0.357,50,0,6,app_store,1
6842,0.4549,10.76,83,0,0.0901,40,0,32,app_store,1
6843,0.1071,10.13,7,0,0.5847,23,0,25,app_store,1
6844,0.1786,28.63,26,0,0.6089,29,0,17,referral,1
6845,0.4317,15.0,26,2,0.0767,39,1,27,app_store,0
6846,0.1925,53.33,21,2,0.1189,60,0,45,referral,1
6847,0.2438,26.21,73,0,0.5527,62,0,4,website,1
6848,0.1607,9.9,80,0,0.0462,67,0,41,referral,1
6849,0.2567,22.13,77,1,0.0952,50,0,32,app_store,1
6850,0.582,13.19,17,1,0.1766,61,0,35,google_play,0
6851,0.5435,23.83,6,0,0.4145,60,0,26,google_play,0
6852,0.0972,55.68,79,0,0.1965,41,0,7,app_store,0
6853,0.3752,23.25,18,0,0.2231,40,0,37,website,0
6854,0.3692,16.2,71,2,0.2657,40,0,16,google_play,1
6855,0.0691,35.21,5,0,0.3636,54,0,22,website,1
6856,0.0943,19.12,54,1,0.1939,40,0,21,google_play,1
6857,0.4324,37.44,44,0,0.1167,35,0,29,google_play,0
6858,0.0477,32.37,78,0,0.1506,54,1,32,google_play,0
6859,0.1838,12.3,15,0,0.2936,41,0,22,referral,1
6860,0.2894,10.25,7,2,0.0771,67,0,11,website,1
6861,0.0392,19.82,70,1,0.1616,20,0,10,google_play,1
6862,0.2218,34.21,34,1,0.0439,46,0,29,app_store,0
6863,0.2574,86.11,73,0,0.1756,69,0,12,referral,0
6864,0.2947,11.6,25,0,0.3319,33,1,33,website,0
6865,0.1608,12.62,44,2,0.1979,35,0,42,google_play,0
6866,0.1519,50.46,49,2,0.0107,68,0,5,app_store,1
6867,0.3816,29.08,41,2,0.0109,59,0,18,app_store,1
6868,0.3636,22.38,56,0,0.1097,28,0,24,google_play,0
6869,0.2164,40.58,48,0,0.032,28,0,41,app_store,0
6870,0.0447,60.42,38,0,0.5094,65,0,6,google_play,1
6871,0.1238,52.38,21,0,0.0764,45,0,15,referral,0
6872,0.4224,15.49,15,0,0.088,66,1,10,google_play,0
6873,0.2599,34.44,62,1,0.2096,50,0,27,website,1
6874,0.1511,55.9,81,0,0.4266,23,0,6,app_store,1
6875,0.4198,20.68,60,1,0.0272,66,0,42,website,0
6876,0.3348,32.91,13,0,0.1195,54,0,35,app_store,0
6877,0.2523,16.81,12,0,0.0369,32,0,22,referral,0
6878,0.0649,13.0,36,0,0.1272,68,0,6,google_play,0
6879,0.2499,33.89,27,0,0.0754,48,0,21,google_play,0
6880,0.1528,48.41,19,1,0.2371,67,0,38,referral,1
6881,0.3997,43.31,42,0,0.1151,47,0,41,google_play,0
6882,0.2798,9.96,44,1,0.3804,63,0,32,referral,0
6883,0.3812,63.73,82,1,0.1421,57,0,36,app_store,0
6884,0.8251,38.22,70,2,0.1569,34,0,14,app_store,0
6885,0.2551,56.08,14,0,0.1176,34,1,10,referral,0
6886,0.1449,13.31,51,0,0.5772,54,0,2,website,1
6887,0.1986,46.03,6,1,0.769,53,0,4,google_play,0
6888,0.5982,40.01,89,0,0.0654,56,0,47,app_store,0
6889,0.2415,10.56,11,0,0.3339,48,0,3,google_play,1
6890,0.2093,34.88,85,1,0.1721,52,0,31,referral,0
6891,0.3228,12.46,21,1,0.1517,60,0,14,website,1
6892,0.112,25.93,89,2,0.4426,19,0,17,google_play,1
6893,0.1523,130.02,54,0,0.0818,19,0,30,app_store,0
6894,0.1982,31.44,49,1,0.3216,61,0,47,google_play,1
6895,0.3765,23.71,2,1,0.1508,59,1,46,google_play,0
6896,0.2689,9.08,65,0,0.0662,48,0,3,app_store,0
6897,0.1282,31.46,3,0,0.0602,46,0,2,website,0
6898,0.8239,23.1,46,0,0.1238,36,0,39,referral,0
6899,0.3173,6.29,80,0,0.0417,52,0,14,google_play,0
6900,0.2642,11.97,67,0,0.1677,29,0,18,website,0
6901,0.4888,47.92,10,0,0.3452,65,0,34,app_store,1
6902,0.194,63.45,14,1,0.3146,20,0,10,referral,0
6903,0.2909,27.06,29,0,0.3038,21,0,44,app_store,0
6904,0.1087,52.16,65,0,0.0629,32,0,9,referral,1
6905,0.2117,26.32,32,1,0.1017,38,0,32,referral,1
6906,0.1888,15.15,54,1,0.0861,30,0,6,app_store,0
6907,0.3515,120.04,71,1,0.0919,60,0,46,google_play,0
6908,0.3746,9.57,63,0,0.052,69,0,37,app_store,0
6909,0.36,34.59,82,1,0.304,66,0,3,google_play,0
6910,0.1449,16.31,77,0,0.1666,52,0,2,website,0
6911,0.1025,22.23,69,2,0.0364,61,0,28,website,1
6912,0.2503,78.22,22,0,0.0986,56,0,4,website,0
6913,0.1236,26.54,45,2,0.217,61,0,31,website,0
6914,0.0895,20.51,71,1,0.1421,22,0,4,google_play,1
6915,0.2721,17.55,48,0,0.0613,18,0,47,website,0
6916,0.3703,38.12,74,1,0.0725,61,0,8,app_store,0
6917,0.3346,13.26,39,1,0.4558,30,0,46,referral,1
6918,0.3588,27.48,83,0,0.2385,25,0,33,google_play,1
6919,0.5462,23.41,88,0,0.1892,64,1,2,website,0
6920,0.1455,14.87,27,0,0.2119,62,1,8,app_store,0
6921,0.5468,9.44,86,1,0.2122,69,0,45,google_play,1
6922,0.0558,26.34,36,0,0.2934,46,0,20,website,1
6923,0.4778,19.82,68,1,0.2565,31,0,13,website,1
6924,0.6471,30.08,58,0,0.2887,37,0,42,referral,0
6925,0.2859,5.64,79,0,0.6933,63,0,30,website,1
6926,0.1597,18.65,80,0,0.0796,55,0,24,app_store,0
6927,0.1826,46.71,49,1,0.0905,22,1,8,website,0
6928,0.3306,8.11,11,1,0.1656,23,0,40,website,1
6929,0.457,95.5,50,1,0.208,26,0,46,google_play,0
6930,0.276,33.14,55,1,0.261,37,1,4,website,1
6931,0.4464,23.27,67,0,0.0767,58,0,14,website,0
6932,0.4363,27.71,62,1,0.112,64,0,20,website,0
6933,0.0969,14.14,31,0,0.0352,62,0,17,referral,1
6934,0.1706,69.36,74,2,0.1229,21,0,4,website,1
6935,0.0938,29.1,59,0,0.0273,67,0,9,google_play,0
6936,0.7113,26.9,67,1,0.3769,25,1,40,app_store,1
6937,0.5979,51.81,38,0,0.0436,23,0,20,google_play,0
6938,0.163,33.68,30,0,0.0904,31,0,46,google_play,0
6939,0.5219,15.96,82,0,0.5012,50,1,18,google_play,0
6940,0.422,25.08,60,0,0.0785,48,1,8,website,0
6941,0.0554,38.2,32,0,0.009,41,0,19,app_store,1
6942,0.437,26.75,33,0,0.0006,44,1,33,website,0
6943,0.101,10.0,57,0,0.4948,42,1,36,google_play,1
6944,0.2518,68.39,41,0,0.0879,50,0,8,website,0
6945,0.1344,28.71,1,0,0.4863,49,0,17,referral,0
6946,0.1338,19.46,7,1,0.3349,20,0,34,app_store,1
6947,0.2729,40.45,52,0,0.1732,65,0,41,referral,0
6948,0.2703,18.15,15,0,0.2887,24,0,9,website,0
6949,0.3114,8.77,69,1,0.3199,66,0,17,google_play,1
6950,0.4968,25.55,31,0,0.4561,65,0,26,referral,0
6951,0.2267,40.93,74,0,0.8137,47,0,29,app_store,1
6952,0.4133,21.19,70,0,0.2683,37,0,24,website,0
6953,0.055,21.77,78,2,0.1425,48,0,32,google_play,1
6954,0.4621,22.47,56,1,0.5729,24,0,19,google_play,1
6955,0.6099,23.81,45,1,0.1624,56,0,17,website,0
6956,0.4808,28.35,61,0,0.1761,33,0,22,google_play,0
6957,0.6486,44.71,52,2,0.0976,55,1,39,google_play,0
6958,0.3431,42.82,82,0,0.1562,45,0,36,google_play,0
6959,0.1695,106.08,28,0,0.2151,59,0,15,website,0
6960,0.4772,86.67,9,0,0.491,31,0,14,referral,0
6961,0.0437,13.99,85,1,0.1865,22,0,26,app_store,1
6962,0.1703,21.78,74,1,0.1051,64,0,3,app_store,0
6963,0.0962,42.35,56,0,0.1128,47,1,38,google_play,1
6964,0.1396,7.29,13,1,0.7606,37,0,40,referral,0
6965,0.3908,31.83,23,0,0.1672,56,0,14,app_store,0
6966,0.1904,14.02,28,1,0.5841,18,0,2,google_play,1
6967,0.2369,24.6,80,0,0.1166,30,0,21,google_play,0
6968,0.2436,25.75,32,0,0.216,40,0,8,referral,0
6969,0.0955,7.4,57,0,0.1711,52,0,34,google_play,1
6970,0.3516,138.74,84,0,0.0862,30,0,28,google_play,0
6971,0.2151,17.49,61,0,0.145,20,0,22,website,1
6972,0.458,69.85,50,3,0.2111,38,0,38,website,1
6973,0.2926,8.13,11,0,0.447,54,1,18,google_play,0
6974,0.2437,16.12,23,0,0.0584,49,0,12,referral,0
6975,0.2429,44.12,1,1,0.5069,41,0,16,app_store,1
6976,0.4973,21.3,14,0,0.1842,19,0,36,website,0
6977,0.4683,44.14,52,1,0.4453,52,0,40,website,1
6978,0.4658,39.31,60,2,0.184,24,0,39,google_play,0
6979,0.1122,14.1,15,0,0.2265,32,0,3,google_play,1
6980,0.5372,59.36,29,0,0.0287,36,0,3,google_play,0
6981,0.0483,37.67,61,0,0.0595,37,1,19,website,1
6982,0.2256,9.14,6,0,0.006,48,0,27,referral,0
6983,0.1834,27.04,54,0,0.2381,27,0,18,google_play,1
6984,0.1272,39.68,42,2,0.2729,64,1,32,google_play,1
6985,0.3516,23.43,29,0,0.2146,35,0,29,google_play,0
6986,0.1588,25.99,41,1,0.2212,57,0,30,website,1
6987,0.3114,35.3,39,1,0.4325,25,0,43,google_play,0
6988,0.2545,8.0,78,0,0.0162,27,0,36,app_store,0
6989,0.213,21.82,74,1,0.1682,61,1,34,referral,0
6990,0.2823,19.32,84,0,0.0525,62,0,4,google_play,0
6991,0.3433,42.62,61,1,0.1161,40,1,29,app_store,0
6992,0.483,16.92,43,0,0.0723,55,0,15,website,0
6993,0.0581,98.15,27,0,0.2438,23,0,39,referral,0
6994,0.0475,16.65,52,0,0.0548,21,1,37,referral,0
6995,0.132,11.4,45,0,0.2597,61,1,36,app_store,0
6996,0.2264,59.22,77,1,0.0867,56,0,46,website,0
6997,0.1782,38.02,40,0,0.2126,66,0,30,app_store,1
6998,0.2267,32.74,62,0,0.1443,25,0,1,app_store,1
6999,0.5736,21.07,4,1,0.0761,48,0,42,google_play,0
7000,0.0243,19.49,39,1,0.0544,29,1,7,app_store,1
7001,0.1294,34.4,32,1,0.0384,31,0,17,google_play,1
7002,0.2583,16.76,57,0,0.0812,23,0,45,app_store,0
7003,0.0445,86.68,10,2,0.38,57,0,25,google_play,1
7004,0.5615,29.46,12,0,0.2452,56,0,39,google_play,0
7005,0.823,20.63,15,0,0.0641,61,0,26,google_play,1
7006,0.0759,18.66,50,0,0.2364,63,0,14,website,1
7007,0.1299,10.63,30,0,0.0586,50,0,34,referral,0
7008,0.2799,40.89,7,0,0.2289,59,0,31,referral,0
7009,0.4008,14.33,89,0,0.3798,45,1,41,website,1
7010,0.2162,22.42,56,0,0.0518,28,0,15,app_store,0
7011,0.5356,145.94,53,2,0.0886,53,0,3,google_play,1
7012,0.5525,6.94,58,0,0.3496,53,0,20,google_play,0
7013,0.3498,22.88,27,0,0.0783,33,0,9,app_store,0
7014,0.341,9.41,2,0,0.0666,46,0,38,google_play,0
7015,0.1313,16.84,14,1,0.1142,58,1,14,referral,0
7016,0.1739,22.21,73,2,0.1726,41,0,39,website,1
7017,0.2135,9.85,34,0,0.0343,57,0,22,website,0
7018,0.1475,32.67,88,0,0.1228,29,1,36,google_play,1
7019,0.3957,68.57,24,1,0.0112,24,1,43,website,0
7020,0.1837,30.97,42,0,0.2944,44,1,10,google_play,0
7021,0.0869,44.18,78,1,0.0314,36,1,38,google_play,0
7022,0.1534,76.48,65,1,0.0467,38,0,20,website,0
7023,0.2939,37.52,47,1,0.1927,66,0,11,app_store,1
7024,0.626,4.72,52,0,0.1575,58,0,36,website,0
7025,0.5119,27.81,84,1,0.3185,19,0,33,app_store,1
7026,0.4826,4.26,44,1,0.0802,51,0,35,app_store,0
7027,0.183,14.8,29,1,0.1712,44,0,38,website,1
7028,0.2011,8.59,68,0,0.4844,39,1,31,google_play,1
7029,0.1304,29.7,11,0,0.0791,47,0,8,google_play,0
7030,0.38,13.09,3,0,0.0463,29,0,7,website,0
7031,0.0855,30.27,76,1,0.3403,45,0,18,app_store,1
7032,0.2243,42.39,81,1,0.2294,63,1,41,google_play,1
7033,0.1,12.54,57,1,0.0937,37,0,23,website,1
7034,0.3265,29.25,17,0,0.1095,22,0,8,google_play,0
7035,0.4709,3.92,62,2,0.2805,23,0,6,app_store,1
7036,0.1827,8.63,85,0,0.0989,61,0,29,app_store,1
7037,0.0555,59.58,13,0,0.1711,53,1,17,website,0
7038,0.4669,13.23,16,0,0.1547,69,0,30,google_play,0
7039,0.2176,16.99,28,0,0.3179,61,0,41,app_store,0
7040,0.2507,13.84,25,0,0.4313,58,0,15,google_play,0
7041,0.2191,7.29,5,1,0.6595,34,0,5,app_store,0
7042,0.3808,11.9,7,0,0.1255,68,1,11,google_play,0
7043,0.1557,24.43,24,2,0.1011,63,0,30,app_store,1
7044,0.0896,18.73,22,1,0.3634,61,1,7,app_store,1
7045,0.4629,52.0,60,0,0.4386,23,1,30,google_play,0
7046,0.0799,15.91,69,0,0.3531,32,0,3,app_store,1
7047,0.1629,24.33,72,0,0.1056,34,0,8,app_store,1
7048,0.262,16.76,79,0,0.0115,57,0,5,referral,0
7049,0.2435,47.17,84,0,0.3045,45,0,24,google_play,0
7050,0.5635,9.0,67,1,0.2306,30,1,34,google_play,1
7051,0.3069,34.27,31,0,0.2137,20,0,18,app_store,1
7052,0.5454,32.57,20,0,0.0663,58,0,28,website,0
7053,0.4814,13.81,23,2,0.3113,38,0,5,referral,1
7054,0.3962,22.88,64,1,0.127,39,0,6,app_store,1
7055,0.3244,32.16,76,1,0.0634,52,0,36,google_play,1
7056,0.1026,15.12,3,0,0.1004,33,0,39,app_store,1
7057,0.0301,14.9,32,1,0.4024,69,0,4,website,1
7058,0.4057,10.37,41,2,0.2409,44,0,20,website,1
7059,0.1075,101.05,36,0,0.0105,35,0,14,app_store,0
7060,0.4157,17.69,49,0,0.4395,23,0,27,google_play,1
7061,0.3663,10.4,19,1,0.4321,42,0,16,google_play,0
7062,0.0907,7.12,8,1,0.0708,48,0,6,website,0
7063,0.49,13.99,4,0,0.3236,36,0,32,google_play,0
7064,0.1531,29.57,0,3,0.0598,27,0,27,referral,1
7065,0.0332,20.52,17,1,0.185,67,0,41,app_store,0
7066,0.2325,31.36,68,1,0.2937,37,0,11,google_play,1
7067,0.1516,40.48,16,0,0.0352,57,0,30,website,0
7068,0.3941,22.07,34,0,0.6435,61,1,2,website,0
7069,0.2861,22.44,66,0,0.1877,53,0,9,referral,0
7070,0.0201,73.41,89,0,0.2288,60,0,24,referral,1
7071,0.1281,41.09,57,0,0.1915,61,0,28,google_play,0
7072,0.643,32.11,10,0,0.457,67,0,37,referral,0
7073,0.1692,19.29,5,0,0.2258,60,0,30,website,1
7074,0.2491,39.36,13,0,0.4487,44,0,21,referral,0
7075,0.0589,31.39,1,2,0.3365,67,0,5,website,1
7076,0.0412,30.58,18,1,0.1451,60,0,23,referral,1
7077,0.2896,40.53,42,2,0.1064,62,0,46,website,0
7078,0.1485,30.82,75,0,0.2156,37,0,22,referral,1
7079,0.1855,8.47,51,0,0.0675,33,0,31,app_store,0
7080,0.2441,25.49,77,1,0.1823,40,0,31,referral,1
7081,0.1408,11.24,60,0,0.1498,21,0,27,google_play,1
7082,0.2797,38.22,7,2,0.0513,49,0,44,google_play,1
7083,0.609,8.18,27,0,0.1079,22,1,4,website,0
7084,0.3055,24.0,43,0,0.2236,22,1,36,referral,0
7085,0.1534,25.55,50,1,0.0173,18,0,22,google_play,0
7086,0.0478,10.99,68,1,0.6566,61,0,32,referral,1
7087,0.4379,23.18,54,1,0.0556,42,0,3,website,0
7088,0.0224,41.99,70,0,0.6531,34,0,5,app_store,1
7089,0.0776,16.62,2,1,0.4125,45,0,10,google_play,1
7090,0.3634,30.04,31,0,0.2308,55,0,47,website,0
7091,0.4614,35.0,89,0,0.0852,32,0,44,google_play,1
7092,0.2288,11.62,12,0,0.3989,27,0,44,google_play,0
7093,0.3838,25.25,85,1,0.1693,59,0,34,website,1
7094,0.1313,21.17,30,2,0.0484,66,1,10,app_store,1
7095,0.0567,24.28,33,0,0.1903,55,0,22,website,0
7096,0.2645,7.98,9,1,0.2085,50,0,20,app_store,1
7097,0.5393,9.16,53,2,0.2041,21,0,41,google_play,1
7098,0.2632,57.63,22,1,0.0654,38,0,15,google_play,1
7099,0.3851,41.65,34,1,0.2186,46,0,6,referral,0
7100,0.6914,28.62,66,0,0.1966,65,0,28,website,0
7101,0.1222,46.12,75,0,0.2778,20,0,10,google_play,1
7102,0.1029,9.7,65,2,0.0054,35,0,17,google_play,1
7103,0.2593,20.93,8,1,0.3186,43,0,4,website,0
7104,0.2217,19.6,55,1,0.1303,58,0,9,app_store,1
7105,0.2779,14.31,15,0,0.218,69,0,17,app_store,0
7106,0.1331,11.09,83,0,0.298,21,0,28,app_store,1
7107,0.0241,61.64,65,0,0.0461,55,0,15,app_store,0
7108,0.1543,15.79,51,3,0.01,48,1,23,google_play,0
7109,0.1797,33.63,22,0,0.0806,54,0,22,google_play,0
7110,0.5136,30.96,89,0,0.024,64,0,7,website,0
7111,0.2208,51.0,88,1,0.2162,45,0,8,app_store,1
7112,0.6582,41.01,54,1,0.0287,67,0,11,website,0
7113,0.4833,19.78,75,0,0.1199,47,0,18,referral,0
7114,0.3251,10.12,63,1,0.2756,42,0,28,referral,1
7115,0.3637,45.82,74,1,0.0682,24,1,38,google_play,0
7116,0.6312,57.71,11,0,0.2264,65,0,33,website,0
7117,0.1149,137.58,15,2,0.2231,27,0,11,google_play,1
7118,0.36,48.65,25,0,0.4257,30,0,10,google_play,0
7119,0.4488,15.69,17,0,0.3977,20,0,22,google_play,0
7120,0.2892,17.18,64,0,0.469,53,0,15,website,1
7121,0.2093,5.73,73,0,0.0442,62,1,17,website,1
7122,0.4271,13.9,62,4,0.3776,34,0,6,website,1
7123,0.3469,10.09,38,0,0.1486,49,0,45,website,0
7124,0.4169,37.03,63,0,0.3447,47,0,26,website,0
7125,0.3132,47.96,67,1,0.4021,48,0,45,website,1
7126,0.306,119.19,7,0,0.3299,53,0,31,website,0
7127,0.299,212.97,56,1,0.0924,23,0,9,google_play,0
7128,0.2879,29.2,1,0,0.3992,64,1,5,referral,1
7129,0.3339,16.31,78,0,0.1337,36,0,10,app_store,0
7130,0.2046,18.66,3,0,0.7763,50,0,41,google_play,0
7131,0.0824,15.11,71,0,0.3053,59,0,38,google_play,1
7132,0.4125,126.54,5,0,0.4248,27,0,41,website,0
7133,0.5125,3.53,60,0,0.0158,22,0,4,google_play,0
7134,0.3089,76.26,6,0,0.107,55,0,17,app_store,0
7135,0.159,12.76,57,0,0.1267,42,1,36,website,0
7136,0.3635,18.66,20,0,0.1739,20,0,41,app_store,0
7137,0.5647,4.03,71,0,0.409,18,0,9,website,1
7138,0.025,51.34,88,1,0.3008,37,0,37,website,1
7139,0.1558,42.74,44,0,0.7678,66,0,24,google_play,1
7140,0.127,11.41,18,0,0.0845,49,0,11,referral,0
7141,0.0822,53.26,46,0,0.2238,68,0,32,referral,1
7142,0.3987,46.55,11,0,0.6882,40,0,33,app_store,0
7143,0.5297,16.93,84,0,0.0833,37,1,31,app_store,0
7144,0.2021,5.83,3,0,0.469,24,0,7,referral,0
7145,0.0753,21.04,71,0,0.0173,18,0,33,website,0
7146,0.2661,50.86,67,1,0.118,26,0,43,google_play,0
7147,0.3914,12.93,79,0,0.0034,26,0,30,app_store,0
7148,0.2035,52.3,70,0,0.1711,60,1,5,app_store,0
7149,0.3583,13.43,60,0,0.0533,26,0,33,app_store,0
7150,0.2472,23.03,18,0,0.1268,69,0,25,google_play,0
7151,0.4035,14.65,33,1,0.2249,31,0,14,app_store,1
7152,0.4567,27.37,50,1,0.2197,33,0,38,google_play,0
7153,0.4688,43.59,83,0,0.2972,35,0,9,website,0
7154,0.4096,76.82,53,0,0.1313,64,0,40,google_play,0
7155,0.6187,28.38,22,2,0.1955,58,0,42,website,0
7156,0.2566,8.24,31,0,0.1582,39,0,46,website,0
7157,0.2552,38.19,28,1,0.1403,32,0,17,google_play,0
7158,0.2185,19.92,61,1,0.1268,29,0,36,google_play,0
7159,0.2382,19.62,20,2,0.3985,52,0,2,app_store,0
7160,0.5711,26.42,89,0,0.0163,62,0,8,google_play,0
7161,0.2954,36.29,64,0,0.1603,56,0,34,google_play,0
7162,0.432,18.37,20,1,0.2368,58,0,42,website,0
7163,0.1684,36.84,52,0,0.3195,56,0,27,app_store,1
7164,0.4386,32.57,24,1,0.2747,40,0,19,app_store,0
7165,0.3598,36.86,51,1,0.0926,34,0,36,google_play,0
7166,0.1362,45.42,44,2,0.0413,21,0,8,google_play,0
7167,0.4955,5.24,63,0,0.0274,68,1,10,google_play,0
7168,0.1092,18.64,18,0,0.1358,23,0,1,website,1
7169,0.1093,22.05,74,0,0.0328,57,0,45,app_store,0
7170,0.4495,20.61,69,2,0.178,50,0,26,website,1
7171,0.1947,13.38,23,1,0.3188,42,0,3,google_play,0
7172,0.3224,15.54,74,1,0.0139,28,0,26,google_play,0
7173,0.1056,35.33,68,0,0.4516,56,0,15,website,1
7174,0.1178,33.87,29,3,0.2891,33,0,24,google_play,1
7175,0.2106,25.1,46,1,0.0047,31,0,46,google_play,0
7176,0.1253,12.15,0,1,0.2248,21,0,2,app_store,0
7177,0.1449,44.78,80,0,0.0463,43,0,1,website,0
7178,0.3017,42.57,61,1,0.0112,61,1,34,google_play,0
7179,0.5288,53.45,3,0,0.0013,59,0,31,website,0
7180,0.2129,14.19,68,0,0.1922,64,0,1,website,0
7181,0.1962,310.72,21,1,0.2374,24,0,1,app_store,0
7182,0.3964,28.62,45,1,0.0676,22,0,46,app_store,1
7183,0.2758,14.44,16,2,0.3021,19,0,5,app_store,0
7184,0.2448,129.71,1,0,0.0967,57,0,1,website,1
7185,0.1382,41.4,5,0,0.079,40,0,44,app_store,0
7186,0.1951,28.27,2,1,0.1626,69,0,37,app_store,0
7187,0.3932,30.77,60,0,0.2444,48,0,9,referral,0
7188,0.2484,60.2,84,0,0.082,23,1,34,app_store,0
7189,0.1041,29.27,71,0,0.2992,61,0,4,website,1
7190,0.4455,7.34,85,0,0.522,49,0,14,referral,1
7191,0.2881,24.23,47,1,0.0208,69,0,37,app_store,1
7192,0.1403,46.05,31,0,0.0896,54,0,46,app_store,1
7193,0.1928,23.73,75,0,0.2774,53,0,1,website,1
7194,0.4147,12.31,19,0,0.0181,56,1,36,google_play,0
7195,0.1319,23.92,57,4,0.0484,60,1,18,google_play,1
7196,0.2499,44.92,12,0,0.0239,38,0,46,app_store,0
7197,0.3779,59.93,58,0,0.064,37,0,36,google_play,0
7198,0.2747,11.29,22,1,0.0642,35,0,11,referral,0
7199,0.2677,10.76,20,1,0.1933,53,0,12,app_store,1
7200,0.1265,23.54,68,1,0.2635,54,0,6,website,1
7201,0.3271,15.1,86,1,0.2637,48,0,1,app_store,1
7202,0.3001,16.37,60,0,0.1204,38,0,17,referral,1
7203,0.0492,20.33,44,1,0.4335,26,0,1,google_play,1
7204,0.3358,41.94,64,3,0.1702,34,0,39,app_store,1
7205,0.5171,13.59,86,0,0.0525,31,0,8,website,0
7206,0.5311,10.84,71,0,0.1394,36,0,41,website,0
7207,0.2698,14.62,36,0,0.5902,46,0,47,app_store,0
7208,0.1935,8.51,49,1,0.01,47,0,36,referral,1
7209,0.4366,25.45,40,0,0.5088,68,1,31,google_play,0
7210,0.2277,26.48,46,1,0.2336,67,0,26,website,1
7211,0.176,49.75,63,2,0.1196,20,0,28,referral,1
7212,0.6164,11.69,19,0,0.4851,36,0,21,google_play,0
7213,0.0629,26.74,72,0,0.1745,24,0,3,website,1
7214,0.4954,31.01,45,0,0.1207,19,0,42,app_store,0
7215,0.2032,8.3,21,1,0.2731,31,0,45,app_store,0
7216,0.3622,28.6,81,0,0.4003,68,0,14,google_play,1
7217,0.2619,29.35,89,0,0.5357,55,0,27,website,1
7218,0.4037,22.43,48,1,0.1237,31,0,26,app_store,1
7219,0.2473,10.0,3,0,0.0613,39,0,11,app_store,0
7220,0.2171,23.26,52,3,0.0458,68,0,16,app_store,0
7221,0.3172,6.24,4,1,0.0759,37,0,2,google_play,1
7222,0.3696,30.8,77,1,0.214,62,0,33,app_store,1
7223,0.1901,41.23,10,0,0.2836,45,0,30,google_play,0
7224,0.1866,21.05,67,0,0.5586,56,0,23,referral,1
7225,0.4498,60.08,50,0,0.189,19,0,39,website,0
7226,0.1918,15.06,63,0,0.4181,42,0,18,google_play,1
7227,0.238,14.74,57,0,0.1093,69,0,17,google_play,1
7228,0.405,20.19,29,1,0.2853,69,0,33,website,1
7229,0.3869,119.64,80,1,0.2094,59,0,11,website,1
7230,0.4986,20.11,71,0,0.041,32,1,44,google_play,0
7231,0.1713,109.98,40,2,0.0683,43,0,10,app_store,0
7232,0.2759,23.88,77,0,0.5659,44,0,28,website,1
7233,0.3113,13.94,70,1,0.6464,60,1,44,app_store,0
7234,0.438,96.26,31,0,0.1362,27,0,20,google_play,1
7235,0.0895,27.92,55,1,0.4212,46,0,26,referral,1
7236,0.0857,19.97,16,1,0.0828,62,0,36,website,1
7237,0.0815,44.82,37,0,0.0297,20,0,20,google_play,0
7238,0.3896,58.74,35,0,0.0225,38,1,16,website,0
7239,0.3946,16.33,51,1,0.283,58,0,26,referral,0
7240,0.2732,46.12,29,0,0.0357,44,0,3,app_store,1
7241,0.0742,20.93,19,2,0.0465,65,0,19,app_store,1
7242,0.6251,12.34,33,1,0.2178,54,1,26,referral,0
7243,0.291,14.95,68,1,0.1696,54,0,14,referral,0
7244,0.2638,10.8,3,0,0.0966,54,0,2,website,0
7245,0.392,26.08,48,0,0.3472,23,1,2,google_play,0
7246,0.2398,26.14,50,0,0.1201,41,0,47,app_store,0
7247,0.1789,54.57,74,0,0.4281,63,1,47,google_play,1
7248,0.1315,45.06,18,0,0.1246,39,0,6,website,0
7249,0.3962,18.49,33,1,0.1974,39,0,32,app_store,0
7250,0.2553,21.43,3,0,0.3053,27,0,22,google_play,1
7251,0.3542,15.58,17,0,0.1788,56,0,11,app_store,0
7252,0.392,26.49,66,0,0.0921,52,0,28,website,0
7253,0.3919,21.02,43,0,0.3762,68,1,3,app_store,0
7254,0.5089,25.4,65,1,0.1729,33,0,34,google_play,0
7255,0.3075,68.27,44,0,0.3325,28,0,18,referral,0
7256,0.3388,70.79,64,0,0.1103,68,0,23,website,0
7257,0.5403,15.85,28,1,0.1376,35,0,33,website,0
7258,0.1619,42.26,52,0,0.2857,48,0,9,app_store,1
7259,0.1069,38.76,54,2,0.0882,21,0,20,google_play,1
7260,0.432,16.7,59,1,0.3537,26,0,1,referral,1
7261,0.3975,65.92,26,1,0.0963,61,0,23,app_store,0
7262,0.0588,8.71,28,0,0.16,56,0,3,app_store,1
7263,0.2235,52.09,53,0,0.1114,59,0,7,website,0
7264,0.2643,22.6,81,0,0.8173,52,0,42,google_play,0
7265,0.4385,11.59,47,0,0.0801,50,0,42,referral,0
7266,0.3362,21.57,39,0,0.097,50,0,15,app_store,0
7267,0.1359,91.34,1,1,0.146,61,0,37,app_store,0
7268,0.496,142.25,7,1,0.1123,48,0,11,app_store,0
7269,0.4503,14.22,60,0,0.0811,29,0,35,google_play,0
7270,0.1148,23.87,13,0,0.2355,49,0,1,website,1
7271,0.6486,21.54,36,0,0.0994,27,0,32,google_play,0
7272,0.3441,24.21,8,2,0.2363,67,0,47,google_play,1
7273,0.4266,76.51,72,0,0.0429,46,0,39,app_store,0
7274,0.315,18.66,21,1,0.2947,55,0,15,referral,0
7275,0.3213,14.19,65,0,0.297,30,0,45,app_store,1
7276,0.3701,17.97,43,0,0.011,63,0,24,google_play,0
7277,0.3923,21.52,71,2,0.0489,30,0,14,referral,0
7278,0.4764,42.06,42,1,0.0447,41,0,8,app_store,1
7279,0.351,26.79,23,0,0.0865,55,1,7,app_store,0
7280,0.2903,39.09,86,3,0.0765,21,1,18,app_store,1
7281,0.1902,51.47,67,1,0.0429,29,0,23,website,0
7282,0.0907,20.15,57,0,0.0475,23,0,9,google_play,1
7283,0.4188,23.36,59,0,0.4283,18,0,9,app_store,1
7284,0.4046,34.6,78,3,0.3675,40,0,3,app_store,1
7285,0.4845,15.94,82,1,0.128,62,1,9,google_play,0
7286,0.5776,25.31,14,0,0.1148,42,0,26,google_play,0
7287,0.214,51.47,58,0,0.0914,68,0,27,app_store,0
7288,0.0646,26.72,82,0,0.0354,21,0,11,website,0
7289,0.1954,59.9,10,0,0.1787,20,0,20,google_play,0
7290,0.1675,12.97,76,0,0.1414,25,0,43,website,0
7291,0.5416,31.08,48,1,0.6478,36,1,24,website,1
7292,0.2506,36.77,6,1,0.2367,19,0,44,referral,0
7293,0.7902,30.62,57,1,0.007,54,0,37,website,0
7294,0.3036,20.05,28,1,0.3049,21,0,25,website,0
7295,0.3783,8.84,82,0,0.1992,18,0,34,google_play,0
7296,0.4366,53.67,81,1,0.1447,26,1,46,google_play,0
7297,0.0466,9.14,25,2,0.0355,26,0,25,website,1
7298,0.0153,9.63,74,1,0.4397,24,1,4,google_play,1
7299,0.149,36.85,32,1,0.097,43,0,32,google_play,0
7300,0.3607,18.95,18,0,0.2459,27,0,26,website,0
7301,0.2322,27.13,74,0,0.4073,32,0,8,app_store,0
7302,0.194,9.99,42,0,0.1954,31,0,28,google_play,0
7303,0.4763,30.09,54,1,0.0746,43,0,32,app_store,0
7304,0.1783,44.05,24,3,0.2018,29,0,7,website,0
7305,0.0624,8.22,40,0,0.4161,42,0,5,google_play,0
7306,0.2257,29.27,74,0,0.2333,26,0,2,website,1
7307,0.133,46.14,64,1,0.1701,21,0,1,referral,1
7308,0.3146,9.64,88,0,0.293,43,0,41,app_store,1
7309,0.1383,27.15,2,1,0.4035,44,0,21,google_play,0
7310,0.4999,25.43,72,0,0.0848,54,0,13,website,0
7311,0.4515,31.49,34,0,0.1207,42,0,42,app_store,0
7312,0.1279,20.27,65,1,0.2235,33,0,37,google_play,1
7313,0.0888,8.85,37,0,0.1822,51,0,31,app_store,1
7314,0.3387,18.58,15,2,0.0688,25,0,29,google_play,0
7315,0.0997,16.63,7,1,0.1456,35,0,47,website,0
7316,0.2928,23.39,89,0,0.3164,35,0,47,referral,1
7317,0.0745,57.03,86,1,0.2153,44,0,1,app_store,1
7318,0.3395,8.67,29,1,0.5949,22,0,14,app_store,1
7319,0.5155,48.06,88,1,0.2054,36,0,26,website,0
7320,0.2735,84.58,71,0,0.0535,60,1,6,app_store,0
7321,0.1135,81.04,53,0,0.3003,31,0,11,google_play,1
7322,0.0834,85.92,46,2,0.3101,52,0,34,google_play,1
7323,0.3335,28.07,30,1,0.0456,58,1,31,website,0
7324,0.0542,25.8,75,1,0.3148,53,0,1,google_play,1
7325,0.1913,6.92,58,1,0.4063,28,1,18,referral,1
7326,0.0724,21.07,81,1,0.1185,65,0,36,app_store,0
7327,0.0493,54.21,83,0,0.3267,36,0,41,google_play,1
7328,0.0098,9.07,82,1,0.6673,19,1,38,website,1
7329,0.3498,13.44,78,0,0.4072,69,0,47,google_play,1
7330,0.1088,26.49,57,0,0.057,54,0,28,website,0
7331,0.243,7.71,29,2,0.2427,66,1,11,google_play,1
7332,0.3485,87.92,40,0,0.1986,52,0,37,website,0
7333,0.2943,36.91,64,0,0.1784,20,1,23,app_store,0
7334,0.3631,31.2,49,0,0.0146,33,0,40,google_play,0
7335,0.2027,43.22,13,0,0.1946,26,1,25,website,0
7336,0.2995,19.35,67,0,0.3858,38,0,47,google_play,1
7337,0.6006,29.84,60,1,0.0588,65,0,28,google_play,0
7338,0.504,12.38,23,0,0.1456,56,0,27,google_play,0
7339,0.3263,4.85,21,0,0.0484,52,0,2,google_play,0
7340,0.1089,23.98,65,1,0.121,40,1,26,website,1
7341,0.3508,74.25,72,1,0.23,55,0,47,app_store,0
7342,0.2214,79.22,87,2,0.0844,55,0,15,google_play,1
7343,0.1722,21.5,62,1,0.1497,32,0,15,referral,1
7344,0.1702,20.21,66,0,0.3249,29,0,14,app_store,1
7345,0.3461,8.26,1,1,0.0426,46,0,20,app_store,0
7346,0.2303,51.6,44,0,0.3029,28,0,6,google_play,1
7347,0.367,32.99,50,1,0.1331,22,0,42,app_store,0
7348,0.192,21.49,9,1,0.1868,63,0,9,app_store,0
7349,0.4346,6.17,40,2,0.1001,34,0,21,app_store,0
7350,0.1069,6.95,6,0,0.2266,38,1,29,google_play,1
7351,0.3777,26.86,84,0,0.2096,49,0,26,google_play,0
7352,0.3832,8.33,12,0,0.1245,33,0,39,app_store,0
7353,0.5295,35.76,49,0,0.065,19,0,26,google_play,0
7354,0.1651,37.0,66,0,0.1547,49,0,26,google_play,0
7355,0.4348,9.77,10,0,0.0351,20,1,30,app_store,0
7356,0.4616,25.38,33,0,0.2813,38,0,35,app_store,0
7357,0.1933,12.71,71,1,0.0624,60,0,30,website,0
7358,0.1841,47.42,46,1,0.0708,20,0,28,website,0
7359,0.371,245.56,79,0,0.1398,55,0,16,app_store,0
7360,0.2069,22.57,10,2,0.7005,27,0,43,google_play,0
7361,0.6253,69.02,49,1,0.3189,60,0,3,google_play,1
7362,0.1546,50.37,57,1,0.1286,57,0,7,website,1
7363,0.4089,23.24,78,2,0.1798,36,0,14,website,1
7364,0.1022,35.6,46,0,0.0103,53,1,27,referral,1
7365,0.3411,10.12,27,0,0.2742,26,1,14,referral,0
7366,0.303,27.02,19,1,0.4008,61,0,12,app_store,1
7367,0.3779,19.89,26,0,0.1248,23,0,33,app_store,0
7368,0.2538,63.54,16,0,0.2138,54,0,36,website,0
7369,0.4994,15.82,79,1,0.4204,52,0,44,website,0
7370,0.5328,11.73,18,0,0.3222,45,0,36,referral,0
7371,0.0942,12.05,37,1,0.0981,25,1,1,referral,1
7372,0.4405,44.66,10,0,0.536,43,0,4,website,1
7373,0.0569,21.57,89,0,0.1623,32,0,16,app_store,0
7374,0.1021,7.55,38,0,0.1469,36,0,7,referral,1
7375,0.146,49.91,84,0,0.0641,24,0,3,app_store,0
7376,0.1878,8.52,46,0,0.0429,18,0,46,website,1
7377,0.3123,16.71,48,0,0.152,58,0,20,website,1
7378,0.175,21.17,73,0,0.4754,39,1,3,website,1
7379,0.2134,11.39,70,0,0.153,51,0,25,website,0
7380,0.4717,7.48,81,0,0.0123,40,0,10,website,0
7381,0.3574,43.35,71,2,0.6675,43,0,30,website,1
7382,0.3106,38.72,80,2,0.02,59,0,28,google_play,1
7383,0.3146,25.47,32,2,0.0486,65,0,46,referral,0
7384,0.1032,31.68,1,0,0.0943,23,0,15,referral,0
7385,0.2515,7.46,41,1,0.1526,35,1,41,app_store,0
7386,0.0377,35.35,15,0,0.3404,46,0,21,website,1
7387,0.0243,32.77,81,1,0.2248,66,0,42,google_play,1
7388,0.3069,33.44,66,0,0.0278,33,0,23,google_play,0
7389,0.2487,33.35,45,0,0.4864,39,0,31,app_store,0
7390,0.0099,49.2,54,1,0.0057,66,0,11,google_play,1
7391,0.148,22.62,27,2,0.1059,32,1,43,website,1
7392,0.3763,25.64,70,0,0.1533,31,0,14,website,0
7393,0.5154,9.64,11,1,0.7404,47,0,3,website,1
7394,0.3706,39.65,68,1,0.038,27,0,30,google_play,0
7395,0.3487,15.36,38,0,0.0175,59,0,17,app_store,0
7396,0.2628,16.16,40,2,0.0279,68,0,33,google_play,1
7397,0.3198,18.43,40,1,0.1586,43,0,46,google_play,0
7398,0.0516,11.58,86,1,0.1394,38,0,7,referral,0
7399,0.3545,22.77,44,0,0.3121,69,0,12,google_play,0
7400,0.1965,43.68,2,0,0.1058,23,0,9,google_play,0
7401,0.4266,11.27,67,3,0.0883,52,0,31,google_play,0
7402,0.515,24.25,83,1,0.2642,44,0,42,google_play,0
7403,0.321,39.11,87,0,0.4805,51,0,35,website,1
7404,0.5531,4.32,24,2,0.6457,33,0,2,referral,1
7405,0.3462,89.84,35,1,0.2976,49,0,33,website,0
7406,0.07,17.75,24,0,0.2511,35,1,47,app_store,1
7407,0.3807,12.75,72,1,0.2374,56,0,4,website,1
7408,0.2305,25.97,58,0,0.1688,54,1,27,google_play,1
7409,0.4833,15.3,56,0,0.2817,31,0,3,google_play,0
7410,0.0553,23.35,88,0,0.2449,40,1,25,google_play,1
7411,0.0429,14.52,76,0,0.0748,35,0,18,app_store,0
7412,0.1381,53.99,12,1,0.0121,32,0,15,website,0
7413,0.0739,160.56,38,0,0.0279,68,0,8,app_store,0
7414,0.4464,40.69,83,2,0.2002,35,0,28,google_play,1
7415,0.4309,28.21,41,0,0.0595,66,1,21,website,0
7416,0.1545,16.67,32,0,0.1123,36,0,2,app_store,1
7417,0.4355,51.57,27,0,0.0922,50,0,14,app_store,0
7418,0.0712,14.33,62,0,0.5316,48,1,30,google_play,1
7419,0.5351,30.66,63,0,0.1313,43,0,45,website,0
7420,0.3914,17.05,40,0,0.0469,41,0,32,app_store,0
7421,0.4983,10.18,25,3,0.2537,46,0,42,app_store,0
7422,0.2445,21.13,3,1,0.0577,62,0,29,referral,0
7423,0.0443,12.31,36,2,0.0546,19,0,46,app_store,1
7424,0.2638,68.92,31,3,0.215,48,0,22,google_play,0
7425,0.174,14.47,46,1,0.351,62,0,20,google_play,1
7426,0.2615,22.4,0,2,0.0599,35,0,15,website,1
7427,0.3806,15.57,73,2,0.3975,69,0,28,website,1
7428,0.5324,10.33,22,1,0.446,35,1,4,google_play,1
7429,0.1417,39.61,58,0,0.2763,27,0,21,app_store,1
7430,0.4616,22.96,44,1,0.8103,63,0,20,app_store,1
7431,0.0975,126.5,48,0,0.618,33,1,19,app_store,1
7432,0.2441,51.07,80,0,0.2955,57,0,23,google_play,1
7433,0.344,25.77,6,0,0.0157,47,0,12,google_play,0
7434,0.0229,31.72,30,2,0.2746,57,0,22,google_play,1
7435,0.6514,23.03,6,2,0.7147,33,0,40,referral,0
7436,0.4615,11.95,70,0,0.2931,54,0,32,app_store,1
7437,0.2404,8.97,32,1,0.2755,19,0,38,website,0
7438,0.3244,11.72,40,0,0.1148,29,0,31,website,0
7439,0.3905,62.56,2,0,0.5179,37,0,44,app_store,0
7440,0.1566,29.37,54,0,0.0903,29,0,37,app_store,0
7441,0.0538,35.73,20,0,0.1217,52,0,3,google_play,1
7442,0.4361,42.56,5,0,0.2529,46,1,32,google_play,0
7443,0.3887,21.33,85,1,0.2619,67,1,9,website,1
7444,0.1558,16.06,46,0,0.2291,35,1,32,google_play,1
7445,0.1944,100.87,19,0,0.3095,59,1,41,app_store,1
7446,0.2676,35.57,31,1,0.0102,47,0,46,referral,0
7447,0.3758,7.65,71,1,0.3247,27,1,44,referral,0
7448,0.3071,7.18,42,0,0.4935,27,0,33,website,0
7449,0.0206,41.47,59,0,0.1433,34,0,42,referral,1
7450,0.1222,13.22,26,0,0.1163,36,0,27,website,1
7451,0.2983,22.4,11,1,0.0259,40,0,16,google_play,1
7452,0.2771,5.3,0,0,0.207,41,0,18,app_store,0
7453,0.1795,17.74,18,0,0.0304,59,0,34,app_store,0
7454,0.1935,46.46,83,0,0.0705,50,0,31,app_store,0
7455,0.0224,16.87,2,0,0.3117,31,0,39,referral,1
7456,0.7298,10.81,1,1,0.0559,49,0,25,app_store,0
7457,0.3788,20.68,2,1,0.052,49,0,17,website,0
7458,0.3209,25.14,66,0,0.2012,41,0,43,google_play,1
7459,0.3993,19.17,79,0,0.1192,37,0,37,referral,0
7460,0.3478,8.13,40,0,0.4448,66,0,20,app_store,0
7461,0.1743,32.31,88,0,0.0934,33,0,34,google_play,0
7462,0.0601,16.42,32,0,0.326,54,0,45,app_store,1
7463,0.1075,27.72,83,1,0.0349,33,0,10,referral,1
7464,0.0374,12.39,44,0,0.029,69,0,13,app_store,0
7465,0.4195,58.68,31,0,0.0607,22,1,35,website,0
7466,0.5634,40.4,79,0,0.022,37,0,13,referral,0
7467,0.393,19.07,6,0,0.2425,33,0,16,app_store,1
7468,0.1302,30.35,10,0,0.0974,50,0,44,google_play,0
7469,0.4091,77.09,68,0,0.5998,34,0,43,google_play,1
7470,0.3108,55.84,82,1,0.1833,45,1,9,app_store,0
7471,0.4715,70.56,25,0,0.0463,35,1,15,google_play,0
7472,0.6469,37.47,55,0,0.4325,64,0,35,referral,0
7473,0.2034,16.79,17,2,0.0834,23,0,25,google_play,1
7474,0.0883,37.04,14,2,0.1495,47,1,37,app_store,1
7475,0.2652,80.6,41,0,0.1295,45,0,47,website,0
7476,0.2328,37.49,85,0,0.0966,63,0,7,website,1
7477,0.1752,13.75,7,1,0.0307,61,0,47,app_store,0
7478,0.2303,25.7,80,1,0.0226,69,0,35,website,1
7479,0.3682,41.77,2,1,0.2163,51,0,42,google_play,0
7480,0.0491,27.67,89,1,0.0553,52,0,23,google_play,1
7481,0.2446,41.86,45,1,0.3173,66,0,20,app_store,0
7482,0.3724,15.9,72,1,0.2022,37,0,19,app_store,1
7483,0.5408,21.11,56,1,0.0411,29,1,33,app_store,0
7484,0.2578,31.15,75,0,0.1512,51,0,41,app_store,0
7485,0.2246,32.2,54,0,0.24,59,0,28,app_store,1
7486,0.176,15.75,13,1,0.0147,28,0,35,website,0
7487,0.0168,4.42,2,0,0.4308,20,0,12,app_store,1
7488,0.0728,3.26,74,0,0.1175,24,0,15,website,1
7489,0.4479,23.74,7,1,0.2376,69,0,7,website,0
7490,0.369,27.89,65,1,0.1816,24,0,33,app_store,1
7491,0.1098,21.22,16,0,0.3577,35,0,13,app_store,0
7492,0.287,25.14,59,1,0.0643,58,0,24,app_store,0
7493,0.2135,75.24,30,0,0.0298,41,1,16,website,0
7494,0.0121,17.33,79,1,0.1189,41,0,35,referral,1
7495,0.232,31.68,65,0,0.1825,24,0,27,app_store,0
7496,0.3984,79.74,42,0,0.1212,57,1,4,google_play,0
7497,0.34,11.88,2,0,0.5724,28,0,7,app_store,0
7498,0.5685,84.71,27,0,0.0744,34,0,24,website,0
7499,0.2088,48.41,16,1,0.0475,36,0,44,google_play,0
7500,0.309,19.74,66,3,0.0478,51,0,14,google_play,1
7501,0.2528,4.16,66,2,0.1165,46,0,44,app_store,1
7502,0.2087,64.94,38,3,0.0383,29,1,46,referral,1
7503,0.1093,84.71,35,1,0.2302,67,0,3,google_play,1
7504,0.2358,15.09,51,0,0.1592,59,0,31,website,1
7505,0.3493,88.52,40,0,0.0872,30,1,10,website,0
7506,0.5335,7.51,43,1,0.0907,34,1,7,website,0
7507,0.2938,30.09,9,0,0.2598,61,0,22,google_play,1
7508,0.6102,21.66,78,0,0.1718,30,0,31,website,0
7509,0.2615,9.62,26,0,0.1701,33,0,40,website,0
7510,0.3593,20.6,35,1,0.4075,27,0,4,referral,1
7511,0.1923,24.01,30,1,0.2001,67,0,27,google_play,0
7512,0.1539,10.67,86,0,0.3463,38,0,28,google_play,1
7513,0.5751,39.36,86,2,0.1483,58,0,37,google_play,0
7514,0.2524,15.22,82,0,0.0186,29,0,2,website,0
7515,0.1121,19.08,50,0,0.1313,30,0,44,google_play,0
7516,0.6303,67.55,29,0,0.2308,46,0,6,google_play,0
7517,0.257,15.52,11,1,0.2253,37,0,18,google_play,0
7518,0.2209,5.04,49,2,0.0937,59,1,23,google_play,0
7519,0.0579,20.57,67,1,0.4334,50,1,37,website,1
7520,0.3982,26.48,61,0,0.0198,62,0,17,referral,1
7521,0.486,20.72,83,0,0.3146,52,0,32,app_store,1
7522,0.4369,44.8,87,0,0.291,38,1,24,google_play,0
7523,0.3356,32.46,3,0,0.2677,56,0,39,app_store,0
7524,0.2259,16.12,37,1,0.008,66,0,42,google_play,0
7525,0.2931,39.95,47,0,0.1484,20,0,42,app_store,0
7526,0.2062,33.94,53,1,0.1255,57,0,24,google_play,1
7527,0.2886,33.23,36,1,0.0456,19,0,5,referral,0
7528,0.3614,21.94,59,3,0.1647,35,0,44,app_store,1
7529,0.3248,29.96,55,2,0.2212,48,0,44,app_store,1
7530,0.3849,26.48,47,1,0.1362,62,0,19,google_play,0
7531,0.0924,19.88,9,1,0.0947,54,0,29,referral,0
7532,0.0487,34.31,25,0,0.1006,24,0,25,app_store,0
7533,0.4737,36.22,13,1,0.1589,59,0,13,referral,0
7534,0.564,36.23,31,1,0.0404,46,0,43,app_store,0
7535,0.3363,37.78,49,0,0.1212,47,0,33,website,0
7536,0.25,5.08,33,1,0.0281,43,0,12,referral,1
7537,0.3345,46.2,43,1,0.0507,35,0,38,referral,0
7538,0.3974,12.49,25,0,0.1908,58,0,6,google_play,0
7539,0.4257,53.74,62,0,0.0793,57,0,23,app_store,0
7540,0.1784,9.47,45,1,0.0614,21,0,21,app_store,0
7541,0.2176,74.24,64,0,0.0615,24,0,35,app_store,0
7542,0.2615,5.32,5,0,0.1063,41,1,44,website,0
7543,0.567,30.76,74,1,0.0965,62,0,40,website,0
7544,0.4923,18.99,70,2,0.3056,50,0,21,referral,1
7545,0.2952,33.93,67,1,0.0131,44,0,19,app_store,0
7546,0.2198,82.09,0,0,0.2652,39,0,18,app_store,0
7547,0.113,28.95,85,0,0.2181,61,0,31,website,1
7548,0.4551,47.36,57,1,0.143,68,0,42,google_play,0
7549,0.0555,71.82,53,0,0.7031,54,1,25,website,1
7550,0.6353,15.91,5,1,0.1906,64,0,10,app_store,0
7551,0.3511,31.61,69,0,0.1758,19,0,45,app_store,0
7552,0.4658,63.92,86,3,0.4005,60,0,5,app_store,1
7553,0.4948,31.4,82,1,0.0672,57,0,10,website,0
7554,0.5771,16.27,52,0,0.0226,38,0,27,app_store,1
7555,0.2247,35.18,42,0,0.1939,45,1,33,website,0
7556,0.2603,26.59,37,1,0.3443,37,0,33,google_play,1
7557,0.4713,35.04,10,0,0.5643,20,0,16,google_play,0
7558,0.3555,16.95,33,1,0.1346,57,0,10,app_store,0
7559,0.3387,29.07,75,0,0.0766,19,0,22,website,1
7560,0.0929,22.25,84,0,0.1207,54,0,27,website,1
7561,0.304,17.35,10,0,0.2511,26,0,21,app_store,1
7562,0.0474,61.36,16,0,0.1016,46,0,30,google_play,1
7563,0.0582,17.12,30,0,0.4345,31,0,14,app_store,1
7564,0.4373,14.46,41,0,0.1309,69,1,11,app_store,0
7565,0.2949,10.69,70,1,0.1004,23,0,11,referral,0
7566,0.3398,23.45,51,3,0.1544,63,0,18,website,0
7567,0.3535,22.05,18,1,0.42,65,0,6,referral,0
7568,0.5579,40.67,12,0,0.0735,50,1,30,website,0
7569,0.247,10.36,19,0,0.4539,29,0,3,website,1
7570,0.1709,7.55,16,0,0.189,60,0,10,google_play,0
7571,0.4585,6.7,74,1,0.2679,50,0,43,google_play,1
7572,0.093,33.76,9,3,0.2167,43,0,8,website,1
7573,0.3668,50.61,30,0,0.1666,19,0,4,app_store,0
7574,0.1957,47.81,76,0,0.3692,51,0,34,google_play,0
7575,0.1569,17.27,45,0,0.045,51,0,35,website,0
7576,0.3244,26.87,3,0,0.0803,29,0,28,google_play,0
7577,0.2349,5.09,23,1,0.5015,20,0,46,website,0
7578,0.12,76.14,17,0,0.2673,44,0,23,app_store,1
7579,0.1321,55.13,32,0,0.2314,29,0,38,google_play,0
7580,0.2651,46.19,45,0,0.6079,37,1,32,referral,0
7581,0.6758,13.09,70,0,0.1262,26,0,16,website,0
7582,0.1903,19.02,85,1,0.2974,44,1,15,google_play,0
7583,0.2883,21.48,77,0,0.2486,60,0,18,app_store,1
7584,0.314,80.66,45,0,0.0659,21,0,42,website,0
7585,0.1618,49.4,42,1,0.0894,38,0,39,referral,0
7586,0.4585,21.52,34,0,0.3372,53,0,36,app_store,0
7587,0.2563,36.94,45,0,0.124,42,0,1,app_store,0
7588,0.2718,12.96,12,1,0.2108,59,0,13,google_play,0
7589,0.4354,9.31,61,1,0.2984,59,0,30,website,0
7590,0.2647,23.38,10,0,0.0793,46,1,11,google_play,0
7591,0.6078,11.07,25,1,0.3495,24,0,22,website,1
7592,0.3321,7.51,73,0,0.1497,51,0,17,google_play,0
7593,0.3907,25.11,68,0,0.216,40,0,32,google_play,0
7594,0.6747,20.38,32,1,0.1165,57,0,13,app_store,0
7595,0.6353,12.11,85,0,0.2373,20,0,1,app_store,0
7596,0.0362,18.54,43,1,0.0852,55,0,10,google_play,0
7597,0.304,31.98,15,0,0.1351,63,0,2,app_store,0
7598,0.3315,20.95,84,2,0.2506,64,0,30,app_store,1
7599,0.0133,27.06,33,1,0.2431,42,0,41,website,1
7600,0.0785,21.78,35,0,0.089,67,1,44,website,0
7601,0.1031,82.35,11,3,0.4447,67,1,45,website,1
7602,0.0904,62.21,19,1,0.062,23,0,46,referral,0
7603,0.3093,26.61,9,0,0.315,56,0,13,app_store,1
7604,0.2671,13.82,44,2,0.3023,25,0,42,app_store,1
7605,0.396,16.57,53,0,0.0507,37,0,29,google_play,0
7606,0.2747,9.93,47,1,0.282,39,0,19,google_play,1
7607,0.1706,14.04,25,0,0.3088,54,0,45,referral,0
7608,0.3653,39.16,0,1,0.0382,23,1,36,google_play,0
7609,0.306,16.19,23,0,0.1657,21,0,13,referral,0
7610,0.2356,21.7,86,1,0.3935,61,0,28,app_store,1
7611,0.4685,56.09,35,0,0.0502,40,0,15,referral,0
7612,0.203,36.13,21,0,0.1854,46,0,22,website,0
7613,0.2313,25.74,62,1,0.7686,38,0,45,google_play,1
7614,0.2697,22.65,43,0,0.1376,50,0,46,website,0
7615,0.2506,21.36,26,1,0.1488,28,0,25,google_play,0
7616,0.4253,47.08,25,0,0.1504,40,0,21,referral,0
7617,0.1782,30.22,47,0,0.1055,53,0,25,app_store,0
7618,0.4723,20.5,89,3,0.0481,52,0,13,website,1
7619,0.2519,10.06,72,1,0.5466,27,1,31,google_play,1
7620,0.5249,34.39,48,0,0.2574,69,0,18,app_store,0
7621,0.0796,31.18,6,0,0.1719,27,0,11,app_store,1
7622,0.4301,8.1,61,0,0.0741,43,0,15,referral,0
7623,0.4237,22.02,16,1,0.2716,54,0,4,referral,0
7624,0.2158,31.02,78,0,0.1663,24,1,42,app_store,0
7625,0.0835,20.43,47,2,0.0699,69,0,33,google_play,1
7626,0.236,87.35,12,0,0.0225,37,0,26,app_store,0
7627,0.4041,71.45,24,1,0.0934,18,0,22,google_play,1
7628,0.2183,10.14,37,1,0.0817,22,0,37,app_store,0
7629,0.1238,20.62,84,0,0.1365,47,0,32,google_play,0
7630,0.2718,48.34,57,0,0.1522,28,0,17,referral,0
7631,0.4549,23.14,6,0,0.0851,24,0,45,referral,0
7632,0.0582,41.09,45,0,0.236,24,0,28,google_play,1
7633,0.1646,15.59,29,2,0.2736,55,0,5,app_store,1
7634,0.3095,8.17,71,0,0.2609,29,0,43,website,1
7635,0.1319,39.86,0,0,0.0736,60,0,40,app_store,0
7636,0.2821,19.44,80,2,0.5254,28,0,46,website,1
7637,0.7294,149.12,0,0,0.0643,39,1,2,google_play,0
7638,0.7845,47.38,49,2,0.1322,52,0,28,referral,0
7639,0.3774,11.68,6,0,0.0707,55,1,9,referral,0
7640,0.2694,39.31,34,0,0.2124,25,1,40,website,0
7641,0.5372,23.35,36,0,0.2999,56,0,3,website,0
7642,0.2747,35.44,54,1,0.17,56,0,11,website,1
7643,0.3109,14.78,30,0,0.7621,56,0,6,app_store,0
7644,0.0224,30.52,81,0,0.1117,55,1,31,app_store,0
7645,0.5141,51.49,38,1,0.3896,40,1,26,referral,1
7646,0.1634,43.63,80,1,0.22,32,0,13,website,1
7647,0.5285,52.78,32,0,0.0542,34,0,7,referral,0
7648,0.1359,217.24,60,1,0.0817,34,0,1,website,0
7649,0.2056,17.69,6,0,0.1552,65,0,37,app_store,0
7650,0.1529,86.82,30,1,0.0726,62,0,31,google_play,0
7651,0.1212,30.17,54,0,0.1271,57,0,43,app_store,0
7652,0.2606,18.71,30,1,0.1842,27,0,5,website,1
7653,0.5127,24.41,29,0,0.4879,56,0,1,google_play,0
7654,0.0529,46.15,41,1,0.2744,21,1,10,app_store,1
7655,0.2399,18.96,48,1,0.042,56,0,28,google_play,0
7656,0.3549,6.22,41,1,0.0398,38,0,34,app_store,0
7657,0.2496,44.16,72,1,0.0159,67,0,37,website,0
7658,0.2632,28.77,51,1,0.1869,56,0,45,referral,1
7659,0.377,17.06,81,0,0.0883,47,0,4,website,1
7660,0.1471,10.15,18,0,0.1705,54,0,8,google_play,1
7661,0.0727,32.61,78,1,0.0247,66,0,25,google_play,1
7662,0.4744,60.56,29,0,0.1234,18,0,13,google_play,0
7663,0.4178,13.1,32,0,0.2111,64,1,45,website,0
7664,0.0545,29.89,72,0,0.127,34,0,9,referral,0
7665,0.1134,115.52,15,0,0.0503,29,0,7,google_play,0
7666,0.2547,47.66,80,0,0.2516,36,0,35,website,0
7667,0.2822,24.61,50,0,0.1751,32,1,43,google_play,0
7668,0.0694,22.94,52,1,0.1329,44,0,11,app_store,1
7669,0.5029,17.68,78,0,0.3535,37,0,32,website,1
7670,0.1002,25.99,50,0,0.1896,45,1,37,website,0
7671,0.0636,18.48,72,0,0.1038,27,0,39,referral,1
7672,0.164,20.49,23,1,0.1304,38,0,35,website,0
7673,0.2212,22.79,41,0,0.0239,47,1,3,website,0
7674,0.4168,8.04,20,0,0.0847,34,0,13,website,0
7675,0.4254,22.43,69,1,0.5373,35,0,25,google_play,1
7676,0.4608,166.2,81,0,0.1321,61,0,6,google_play,0
7677,0.2667,9.53,16,0,0.1815,31,0,1,google_play,0
7678,0.2864,73.93,83,0,0.1255,33,0,34,app_store,0
7679,0.2933,52.9,2,1,0.1451,47,0,32,referral,1
7680,0.2412,39.97,71,1,0.1661,58,0,15,app_store,0
7681,0.149,17.59,82,1,0.1882,24,0,23,referral,0
7682,0.0281,48.8,71,0,0.2225,34,0,1,website,1
7683,0.5512,93.1,85,1,0.6331,42,0,12,google_play,1
7684,0.1233,55.33,79,1,0.235,51,1,39,website,1
7685,0.2972,31.03,65,0,0.1103,36,0,24,website,1
7686,0.2607,26.46,16,0,0.0346,61,0,33,app_store,0
7687,0.2635,16.71,30,1,0.2905,50,0,17,referral,0
7688,0.1948,28.21,17,0,0.0829,26,0,40,referral,0
7689,0.3218,38.41,7,0,0.1612,19,1,33,app_store,0
7690,0.5435,27.07,42,0,0.1302,40,0,5,website,0
7691,0.3506,24.93,3,0,0.0546,32,0,10,website,0
7692,0.3837,25.17,15,0,0.5159,49,1,16,referral,0
7693,0.0792,95.15,2,0,0.0489,46,0,18,app_store,1
7694,0.5955,29.83,69,1,0.2739,35,0,39,google_play,1
7695,0.3364,30.62,26,0,0.218,27,1,44,website,0
7696,0.4272,4.92,75,3,0.1706,36,0,39,google_play,1
7697,0.2413,51.87,24,1,0.4674,24,0,4,website,1
7698,0.7961,39.79,53,1,0.3617,26,0,4,google_play,0
7699,0.3539,38.49,23,0,0.0843,41,0,26,website,0
7700,0.1522,40.35,52,0,0.013,64,0,14,referral,0
7701,0.0994,13.57,79,1,0.2822,44,0,39,google_play,1
7702,0.0441,21.52,34,2,0.0217,26,0,42,website,1
7703,0.3916,90.53,15,0,0.413,41,0,29,app_store,1
7704,0.2066,9.89,23,1,0.2285,29,0,21,app_store,0
7705,0.4372,10.32,10,1,0.1012,60,1,26,google_play,0
7706,0.4976,9.43,65,0,0.1004,61,0,27,app_store,0
7707,0.2136,23.18,36,1,0.0846,41,1,31,referral,0
7708,0.0797,80.52,43,2,0.0701,39,0,15,referral,1
7709,0.6065,32.03,70,1,0.0584,59,0,18,referral,0
7710,0.226,56.44,50,1,0.0954,24,0,10,referral,0
7711,0.463,6.51,42,0,0.2069,46,0,10,website,0
7712,0.171,14.63,11,1,0.1019,55,0,6,referral,0
7713,0.0896,16.36,59,0,0.1563,57,0,8,website,1
7714,0.3394,80.89,35,1,0.1176,26,0,25,app_store,0
7715,0.2697,29.15,58,0,0.1847,58,0,19,app_store,0
7716,0.3354,25.47,3,0,0.1066,49,0,46,app_store,0
7717,0.1446,30.23,13,0,0.0944,31,0,34,referral,0
7718,0.1684,22.33,81,0,0.1051,56,0,4,app_store,0
7719,0.6202,106.14,66,0,0.1619,33,1,35,app_store,0
7720,0.5858,103.22,54,0,0.4659,24,0,26,website,1
7721,0.2489,57.78,10,1,0.0693,30,0,6,google_play,0
7722,0.0639,53.4,51,0,0.2232,42,0,37,referral,1
7723,0.1671,18.45,64,0,0.2186,39,0,18,google_play,1
7724,0.2385,36.62,70,3,0.1298,69,0,14,google_play,1
7725,0.4614,6.49,83,0,0.0978,42,0,7,google_play,0
7726,0.237,19.53,76,0,0.3765,51,0,21,website,1
7727,0.3035,8.89,10,1,0.2416,57,0,37,app_store,1
7728,0.1951,37.45,30,0,0.2877,31,0,19,referral,0
7729,0.1388,24.58,11,0,0.0025,26,0,22,app_store,0
7730,0.4941,45.15,13,0,0.3978,35,0,14,referral,1
7731,0.7987,41.73,88,0,0.1169,26,0,32,app_store,0
7732,0.5712,57.99,37,1,0.2826,66,0,34,website,0
7733,0.2701,15.44,87,0,0.1811,21,0,47,website,0
7734,0.3745,7.5,87,1,0.4133,50,0,25,app_store,1
7735,0.0735,102.75,43,0,0.0446,52,0,19,google_play,0
7736,0.2088,18.04,52,0,0.86,69,0,14,referral,1
7737,0.157,25.57,13,1,0.0528,68,0,30,google_play,0
7738,0.3458,55.89,19,1,0.3837,54,0,19,website,0
7739,0.2004,21.5,57,1,0.0693,37,0,28,google_play,1
7740,0.2684,11.85,78,0,0.2418,53,0,38,google_play,1
7741,0.2653,116.15,47,0,0.5022,42,0,45,google_play,0
7742,0.0598,17.98,18,0,0.2797,30,0,39,website,0
7743,0.2351,96.29,35,1,0.3921,27,0,40,website,1
7744,0.1102,34.23,53,0,0.3749,29,0,44,website,1
7745,0.2388,53.59,65,1,0.5826,18,0,15,website,1
7746,0.4236,52.87,8,1,0.1921,50,0,7,website,0
7747,0.1983,19.88,21,0,0.4043,52,0,31,app_store,0
7748,0.32,40.4,16,0,0.1008,29,0,13,referral,0
7749,0.1846,105.7,70,0,0.3343,39,0,33,website,1
7750,0.0639,66.94,24,0,0.0377,30,0,34,website,1
7751,0.2423,59.71,58,0,0.1979,55,0,35,google_play,0
7752,0.1372,43.05,11,0,0.2128,47,0,13,google_play,0
7753,0.1235,24.81,10,0,0.2066,39,1,39,google_play,1
7754,0.0963,14.62,10,0,0.0847,50,0,43,app_store,0
7755,0.3306,81.31,38,0,0.1046,54,0,5,website,0
7756,0.553,17.89,1,0,0.3325,62,0,36,app_store,0
7757,0.6168,18.93,46,1,0.049,63,0,31,app_store,0
7758,0.1533,26.98,24,1,0.3093,47,0,1,app_store,1
7759,0.1239,9.56,43,2,0.2245,30,0,2,website,1
7760,0.3847,20.53,55,1,0.229,68,0,4,google_play,1
7761,0.3333,15.71,42,0,0.2,32,0,36,google_play,0
7762,0.2952,9.75,71,3,0.0784,25,0,37,app_store,1
7763,0.4219,11.07,71,0,0.1195,45,0,12,google_play,0
7764,0.4728,26.01,55,2,0.0251,24,0,12,google_play,0
7765,0.2343,54.24,48,1,0.4916,42,0,25,google_play,1
7766,0.2571,24.84,51,0,0.0384,43,0,1,app_store,1
7767,0.1784,12.31,20,2,0.3447,62,0,30,app_store,0
7768,0.1385,16.69,44,0,0.029,67,0,42,google_play,0
7769,0.5747,33.63,52,0,0.0011,21,0,21,app_store,0
7770,0.3221,59.07,83,1,0.2424,49,0,14,website,1
7771,0.2154,51.8,26,1,0.1216,52,0,5,website,0
7772,0.2949,31.33,63,1,0.053,28,1,18,website,1
7773,0.3408,76.49,17,0,0.1266,21,1,18,app_store,0
7774,0.2033,18.28,8,1,0.0819,42,0,3,app_store,1
7775,0.1468,11.63,89,1,0.4336,21,0,36,app_store,1
7776,0.0616,21.68,22,3,0.1173,62,0,22,app_store,1
7777,0.1849,64.04,56,0,0.3362,68,0,8,website,1
7778,0.1363,43.23,23,0,0.2306,48,0,3,app_store,0
7779,0.3606,56.84,29,0,0.0734,38,0,24,website,0
7780,0.2663,24.9,69,1,0.193,58,0,5,referral,0
7781,0.6218,29.36,24,2,0.2111,36,0,32,app_store,0
7782,0.4612,22.88,5,1,0.2,65,1,34,website,0
7783,0.1712,14.55,37,1,0.1448,64,0,7,website,0
7784,0.4139,27.27,69,0,0.3712,43,0,36,website,0
7785,0.4594,22.78,69,0,0.3339,22,0,42,app_store,1
7786,0.2902,18.99,53,2,0.0119,67,1,38,google_play,0
7787,0.3374,40.71,68,0,0.1468,23,0,42,app_store,0
7788,0.1885,29.16,72,1,0.3047,34,0,13,website,1
7789,0.1425,68.64,50,2,0.0469,63,0,47,app_store,0
7790,0.0934,14.54,41,1,0.0212,24,0,22,website,1
7791,0.1281,20.05,73,0,0.0532,31,0,40,website,0
7792,0.1075,7.72,61,1,0.1959,53,0,10,website,0
7793,0.1204,13.32,47,1,0.072,56,0,11,referral,0
7794,0.1373,41.4,9,0,0.1011,40,0,24,website,1
7795,0.1314,47.11,71,0,0.1421,58,0,33,google_play,0
7796,0.0281,43.3,4,1,0.1496,33,1,38,google_play,1
7797,0.1777,66.14,72,1,0.2306,69,1,10,app_store,1
7798,0.1368,39.03,50,2,0.1206,27,0,44,referral,0
7799,0.1552,27.92,50,0,0.4226,37,0,34,google_play,0
7800,0.4772,42.68,86,0,0.0973,66,0,38,website,0
7801,0.1952,15.73,16,0,0.2093,36,0,15,referral,0
7802,0.3647,8.48,38,0,0.1097,69,0,31,google_play,0
7803,0.0969,20.36,66,0,0.1921,63,0,24,app_store,1
7804,0.3135,22.13,81,0,0.0846,61,1,11,referral,0
7805,0.519,29.01,75,0,0.4971,52,0,30,google_play,1
7806,0.0654,15.35,62,1,0.0365,26,0,24,app_store,1
7807,0.4173,17.62,47,1,0.1148,36,0,18,referral,1
7808,0.224,46.64,81,0,0.4202,41,0,30,website,1
7809,0.4302,11.45,63,0,0.5532,53,1,27,referral,1
7810,0.3844,25.13,49,1,0.0656,51,0,47,google_play,1
7811,0.4698,17.44,43,1,0.4486,52,0,43,google_play,0
7812,0.4416,8.26,29,0,0.0603,49,0,43,app_store,0
7813,0.208,20.26,0,1,0.0719,46,0,15,app_store,0
7814,0.2635,14.39,64,0,0.0348,19,0,20,app_store,0
7815,0.0709,20.1,70,1,0.0764,46,0,3,google_play,0
7816,0.2667,28.53,4,1,0.1632,61,0,43,referral,0
7817,0.5134,5.88,40,0,0.0444,62,1,44,google_play,0
7818,0.529,55.55,29,2,0.2323,35,1,31,app_store,0
7819,0.268,221.24,86,0,0.1597,67,0,3,app_store,0
7820,0.6697,13.93,73,0,0.2507,23,0,21,website,1
7821,0.3788,17.86,2,0,0.2828,51,0,2,website,0
7822,0.1258,15.18,36,0,0.2316,34,0,1,app_store,0
7823,0.1312,12.64,78,0,0.2643,19,0,24,google_play,0
7824,0.5306,108.79,58,2,0.3346,58,0,36,app_store,1
7825,0.0575,21.69,12,0,0.3182,53,1,34,google_play,0
7826,0.4309,43.87,38,0,0.2603,44,0,6,website,0
7827,0.3389,61.46,7,1,0.0912,34,0,27,app_store,0
7828,0.1436,56.08,21,1,0.0117,48,0,9,google_play,0
7829,0.8174,59.11,36,4,0.2845,34,0,13,app_store,0
7830,0.2346,10.73,78,0,0.1862,63,0,45,website,0
7831,0.2081,51.1,16,0,0.1242,64,0,8,app_store,1
7832,0.2448,20.58,47,0,0.0583,57,1,14,referral,0
7833,0.3541,85.2,59,0,0.0659,35,0,45,referral,0
7834,0.6013,14.54,69,0,0.0562,34,0,9,referral,0
7835,0.103,11.68,54,0,0.2872,45,1,17,app_store,1
7836,0.2859,25.98,11,1,0.02,53,0,33,app_store,1
7837,0.3251,40.71,75,0,0.0914,30,0,6,app_store,0
7838,0.1169,7.39,85,1,0.1969,25,1,33,google_play,1
7839,0.3147,19.48,76,0,0.1267,65,0,28,website,0
7840,0.2044,12.0,16,2,0.2271,53,0,2,google_play,1
7841,0.1126,49.37,26,0,0.2031,50,1,5,app_store,1
7842,0.5177,17.4,5,0,0.1683,57,0,17,referral,0
7843,0.4694,56.88,69,0,0.3941,64,1,26,google_play,1
7844,0.2734,15.66,19,0,0.0448,41,0,32,referral,0
7845,0.1661,31.98,84,0,0.7314,32,0,33,google_play,1
7846,0.2599,9.83,56,1,0.7158,27,0,6,google_play,1
7847,0.047,23.95,28,0,0.5431,52,0,35,website,1
7848,0.5266,12.01,41,0,0.0476,52,0,39,app_store,0
7849,0.111,75.34,32,1,0.2179,50,0,38,website,0
7850,0.2196,54.81,8,0,0.0525,20,0,21,app_store,0
7851,0.3191,30.08,13,1,0.0018,54,0,3,referral,0
7852,0.6466,52.93,48,2,0.1376,68,0,34,google_play,0
7853,0.3947,18.21,89,1,0.2589,42,0,20,app_store,1
7854,0.3765,39.66,15,0,0.5036,50,0,36,website,0
7855,0.5218,24.45,85,0,0.2475,36,0,33,app_store,0
7856,0.2469,37.08,14,1,0.7263,43,0,2,referral,1
7857,0.3325,28.18,63,2,0.16,60,0,14,app_store,1
7858,0.2551,24.86,82,0,0.2275,20,1,34,google_play,1
7859,0.672,7.28,2,2,0.1537,19,0,14,app_store,0
7860,0.4071,16.45,26,1,0.1354,20,0,39,website,0
7861,0.1399,92.09,46,0,0.0537,45,0,8,google_play,0
7862,0.6254,23.85,48,0,0.3189,33,1,11,app_store,1
7863,0.1549,15.7,78,0,0.081,37,1,1,google_play,0
7864,0.0981,26.78,28,0,0.0724,21,0,11,app_store,1
7865,0.5169,8.91,8,2,0.4271,37,0,35,app_store,1
7866,0.4111,18.6,58,2,0.0888,49,0,18,website,1
7867,0.3612,29.53,37,1,0.0976,28,0,14,website,1
7868,0.3291,36.62,18,0,0.0025,23,0,21,website,0
7869,0.4267,33.04,8,0,0.2454,44,0,39,google_play,0
7870,0.4025,74.79,29,0,0.4504,29,1,45,website,0
7871,0.1955,16.18,80,1,0.1284,26,0,11,google_play,0
7872,0.5394,9.06,3,1,0.4656,35,0,41,google_play,0
7873,0.521,20.16,57,0,0.1761,36,0,40,app_store,0
7874,0.1891,17.45,23,0,0.1293,60,1,34,referral,0
7875,0.4711,29.52,55,0,0.1617,43,1,42,referral,0
7876,0.2823,21.17,78,1,0.096,54,0,27,referral,0
7877,0.4429,28.63,28,1,0.0891,45,0,43,website,1
7878,0.0598,27.83,36,1,0.1267,33,0,26,google_play,0
7879,0.5198,48.11,36,1,0.0988,49,1,37,website,0
7880,0.1317,25.64,63,2,0.126,48,1,15,website,0
7881,0.2005,29.87,68,0,0.01,45,1,4,app_store,0
7882,0.3019,90.05,35,0,0.0265,36,0,20,google_play,0
7883,0.2537,8.22,8,0,0.1386,37,0,15,google_play,0
7884,0.3759,29.4,48,0,0.0296,42,0,9,google_play,0
7885,0.1663,23.85,62,0,0.0335,47,0,26,website,0
7886,0.3239,26.74,41,0,0.1359,64,0,42,app_store,0
7887,0.2868,38.81,44,1,0.2279,30,0,30,referral,0
7888,0.4669,14.42,60,0,0.0482,56,0,11,app_store,0
7889,0.0556,17.34,37,0,0.2116,49,0,24,app_store,0
7890,0.2845,43.22,64,0,0.0471,22,0,23,website,1
7891,0.288,23.18,57,0,0.2475,18,1,26,google_play,1
7892,0.1616,13.2,9,0,0.1072,65,0,33,google_play,0
7893,0.1099,44.83,1,2,0.4874,67,0,4,website,1
7894,0.3054,40.25,87,0,0.1989,56,0,43,website,0
7895,0.1442,28.84,47,4,0.2091,40,0,24,google_play,1
7896,0.2365,34.38,70,0,0.2098,66,1,31,app_store,1
7897,0.3013,38.25,51,1,0.2643,52,1,11,google_play,1
7898,0.0541,24.15,23,0,0.197,33,0,3,google_play,0
7899,0.7508,31.94,10,1,0.1781,62,0,18,google_play,0
7900,0.3573,11.16,76,2,0.8208,19,0,42,google_play,1
7901,0.1964,22.24,10,2,0.0534,64,0,12,app_store,0
7902,0.2839,50.5,36,0,0.1478,44,0,37,google_play,0
7903,0.1282,119.71,34,0,0.2971,66,0,21,google_play,0
7904,0.0553,28.02,15,0,0.1295,21,0,41,website,0
7905,0.164,13.65,82,2,0.0861,67,0,10,google_play,0
7906,0.1543,20.05,47,0,0.3278,55,0,25,website,1
7907,0.1673,9.31,54,0,0.2658,69,0,44,website,1
7908,0.4824,41.12,34,0,0.2436,69,1,42,google_play,0
7909,0.4089,26.54,50,0,0.2734,42,0,4,app_store,1
7910,0.1485,13.17,79,1,0.452,35,0,7,app_store,1
7911,0.0355,22.49,87,1,0.0287,69,0,42,referral,1
7912,0.4133,42.12,26,0,0.115,21,0,44,website,1
7913,0.2739,26.63,48,0,0.2445,39,0,38,referral,1
7914,0.4949,15.88,32,1,0.2339,22,0,10,google_play,1
7915,0.4953,52.6,2,1,0.0755,29,0,12,app_store,1
7916,0.212,32.69,60,0,0.0546,53,0,5,google_play,1
7917,0.1707,15.05,75,0,0.2277,57,1,37,app_store,1
7918,0.1918,26.17,41,0,0.1706,43,0,36,app_store,0
7919,0.3617,5.85,86,0,0.2412,28,0,29,google_play,1
7920,0.2323,30.84,67,0,0.5456,50,0,44,website,1
7921,0.1462,181.88,87,0,0.1334,50,0,32,referral,0
7922,0.1566,55.18,2,0,0.0378,28,0,7,app_store,0
7923,0.1115,22.8,19,0,0.0525,43,0,17,app_store,1
7924,0.5712,30.52,24,1,0.3915,44,0,24,website,0
7925,0.6115,37.53,48,0,0.3019,35,0,2,google_play,0
7926,0.1767,39.27,83,2,0.2473,65,0,29,website,1
7927,0.4475,23.62,36,1,0.2673,60,0,10,app_store,0
7928,0.1197,5.57,20,0,0.0996,62,0,31,website,1
7929,0.2311,20.05,39,0,0.3684,27,0,15,google_play,1
7930,0.3755,16.84,41,0,0.0256,52,0,28,google_play,0
7931,0.4201,23.86,28,2,0.2385,55,0,18,google_play,1
7932,0.3352,15.14,64,0,0.0806,40,0,13,app_store,0
7933,0.1289,39.11,2,1,0.0558,55,1,37,referral,0
7934,0.531,105.75,27,0,0.124,43,1,1,website,0
7935,0.0988,50.62,18,0,0.2298,19,0,31,google_play,1
7936,0.3182,24.36,6,0,0.0588,23,0,44,website,0
7937,0.7347,73.8,7,0,0.0417,20,0,26,google_play,0
7938,0.1798,49.47,77,0,0.3234,39,0,10,app_store,1
7939,0.3913,42.58,43,0,0.0024,49,0,19,google_play,0
7940,0.3291,17.11,87,1,0.0375,20,0,3,website,1
7941,0.3598,23.08,16,1,0.1905,36,0,33,google_play,0
7942,0.3096,38.46,85,0,0.4066,54,0,21,google_play,1
7943,0.3766,115.57,45,0,0.1734,36,0,7,referral,0
7944,0.2657,69.86,9,1,0.1847,38,1,44,referral,1
7945,0.3258,38.66,18,1,0.0625,48,0,35,website,0
7946,0.4072,28.58,43,0,0.6079,43,0,2,website,0
7947,0.5857,43.56,61,0,0.0444,59,0,43,website,0
7948,0.38,37.13,74,0,0.2729,57,0,26,google_play,1
7949,0.1881,74.66,82,0,0.1155,36,0,12,app_store,1
7950,0.2542,11.87,80,0,0.1757,68,0,20,app_store,1
7951,0.3291,26.17,52,1,0.2575,22,0,43,app_store,1
7952,0.2021,43.46,2,0,0.0658,57,0,10,app_store,0
7953,0.096,69.31,9,0,0.2974,51,0,33,website,0
7954,0.2243,100.29,89,1,0.0884,20,0,31,website,1
7955,0.2236,9.22,14,0,0.5317,40,0,12,app_store,0
7956,0.1251,15.48,8,0,0.2091,49,1,6,google_play,0
7957,0.1765,24.38,73,0,0.2463,56,0,35,app_store,1
7958,0.0254,10.75,49,0,0.166,20,0,47,app_store,1
7959,0.1863,82.18,37,3,0.0516,59,0,39,app_store,1
7960,0.2989,27.93,40,0,0.0648,24,0,7,website,0
7961,0.199,58.24,61,0,0.0899,23,0,45,google_play,0
7962,0.2106,22.63,89,0,0.0631,59,0,20,google_play,0
7963,0.702,34.09,60,1,0.1559,68,1,36,referral,0
7964,0.3549,9.86,51,0,0.7491,51,0,3,google_play,1
7965,0.2898,12.21,19,2,0.2849,31,0,41,website,1
7966,0.3099,12.37,30,1,0.3701,51,0,30,google_play,1
7967,0.2477,7.73,26,0,0.2624,21,0,29,website,1
7968,0.2205,52.54,65,0,0.1326,24,0,34,referral,0
7969,0.2056,25.35,64,1,0.1466,27,1,23,google_play,1
7970,0.1148,53.7,3,2,0.0469,19,0,28,referral,1
7971,0.4824,23.61,1,0,0.2722,49,0,4,app_store,1
7972,0.1523,56.35,85,1,0.1603,20,0,42,google_play,0
7973,0.3622,49.92,44,0,0.1095,57,0,12,app_store,0
7974,0.0301,23.51,83,2,0.1318,56,1,1,website,1
7975,0.2021,29.42,12,1,0.0823,65,0,42,google_play,0
7976,0.3423,32.77,33,0,0.1312,29,0,29,website,0
7977,0.4003,55.91,46,1,0.5254,60,0,37,app_store,1
7978,0.0856,25.03,17,0,0.3033,65,0,41,website,0
7979,0.2162,32.87,43,0,0.0616,59,0,17,referral,1
7980,0.4341,9.11,23,0,0.6972,21,0,13,app_store,1
7981,0.1139,13.81,49,0,0.0094,30,0,3,website,1
7982,0.1222,15.31,38,1,0.1198,22,0,30,google_play,0
7983,0.1576,36.75,31,1,0.0079,30,1,16,app_store,1
7984,0.373,15.64,67,3,0.5285,43,0,9,google_play,1
7985,0.304,27.71,20,0,0.4321,30,0,21,referral,0
7986,0.3429,22.81,25,0,0.1421,31,1,41,app_store,0
7987,0.1218,25.64,42,1,0.2224,41,1,10,app_store,1
7988,0.0739,46.97,25,2,0.1654,27,1,11,website,1
7989,0.5791,28.69,41,0,0.7372,19,0,28,app_store,0
7990,0.1593,21.47,15,1,0.0387,30,1,1,google_play,1
7991,0.0608,33.92,42,1,0.2347,38,0,47,app_store,0
7992,0.1916,79.24,44,2,0.1569,26,0,2,website,0
7993,0.393,26.53,48,3,0.3635,27,0,13,google_play,1
7994,0.3923,10.42,47,0,0.1712,58,0,8,website,0
7995,0.5265,9.77,43,0,0.1023,35,0,36,google_play,0
7996,0.1198,20.16,33,0,0.1505,20,0,42,referral,0
7997,0.4112,11.04,30,1,0.2082,45,0,12,google_play,0
7998,0.0689,4.6,47,0,0.3355,31,0,38,website,1
7999,0.0655,19.99,25,0,0.1649,66,1,30,google_play,1
8000,0.3277,32.02,29,0,0.2059,43,0,8,google_play,0
8001,0.2771,64.63,66,2,0.0507,31,0,10,app_store,0
8002,0.4966,24.23,69,1,0.1529,65,0,30,google_play,0
8003,0.1125,30.47,48,0,0.0245,45,1,34,website,1
8004,0.5939,35.2,68,3,0.0869,30,1,17,website,0
8005,0.3959,26.0,9,1,0.6359,63,0,32,website,0
8006,0.3559,15.38,77,1,0.2726,61,0,8,app_store,1
8007,0.0885,112.14,18,2,0.0325,60,0,34,google_play,1
8008,0.4105,12.28,37,0,0.0365,24,0,5,google_play,0
8009,0.5329,32.83,42,1,0.1239,65,1,47,app_store,1
8010,0.223,14.21,35,0,0.4569,36,1,46,referral,0
8011,0.5833,26.55,2,0,0.2444,25,0,22,google_play,0
8012,0.081,32.68,68,1,0.7528,50,0,4,app_store,1
8013,0.1112,21.3,11,1,0.099,62,0,17,app_store,1
8014,0.1331,10.49,79,0,0.579,43,0,30,app_store,1
8015,0.0739,19.24,12,2,0.1887,61,0,4,website,1
8016,0.5404,53.89,56,3,0.6236,24,0,3,website,0
8017,0.0812,8.57,78,1,0.0234,60,0,1,google_play,0
8018,0.1449,76.83,59,1,0.4232,59,0,35,app_store,1
8019,0.1025,26.22,34,2,0.9745,43,0,16,app_store,1
8020,0.505,40.46,56,0,0.3873,54,0,21,app_store,0
8021,0.3808,11.73,77,1,0.1662,31,0,39,app_store,0
8022,0.1373,22.1,55,0,0.2881,56,1,32,app_store,1
8023,0.13,15.39,32,2,0.3625,36,0,6,google_play,1
8024,0.5153,30.17,22,0,0.2353,19,0,21,website,0
8025,0.2483,11.42,63,1,0.1018,46,1,34,website,0
8026,0.1626,15.89,15,0,0.5465,25,1,36,website,0
8027,0.5436,104.3,46,0,0.0629,50,0,38,app_store,0
8028,0.0395,38.58,13,3,0.5011,63,0,36,website,1
8029,0.0943,32.0,20,0,0.1205,30,0,13,google_play,0
8030,0.1173,31.64,79,0,0.1599,63,0,28,google_play,1
8031,0.1346,68.1,81,3,0.049,22,0,25,google_play,1
8032,0.1698,22.45,73,0,0.2153,63,0,7,google_play,1
8033,0.1932,47.25,78,2,0.3666,53,0,19,app_store,1
8034,0.5175,4.7,68,2,0.0145,36,0,10,app_store,1
8035,0.2657,22.56,67,0,0.2086,18,1,10,app_store,1
8036,0.0759,19.76,70,0,0.3329,31,0,21,app_store,1
8037,0.2309,17.0,59,1,0.1171,22,0,46,referral,0
8038,0.1107,41.16,69,1,0.1585,45,0,41,website,1
8039,0.1463,22.33,39,2,0.6207,30,0,27,website,1
8040,0.5471,21.92,64,1,0.3338,22,1,27,website,0
8041,0.3361,14.17,11,0,0.2435,22,0,35,website,0
8042,0.5254,18.62,35,0,0.0913,54,0,34,website,0
8043,0.2372,6.02,37,0,0.1524,43,0,34,app_store,0
8044,0.0558,19.67,52,0,0.0608,67,0,41,google_play,1
8045,0.1036,9.11,65,0,0.16,53,0,22,website,1
8046,0.5194,72.33,88,2,0.1153,32,0,23,app_store,0
8047,0.4353,41.0,43,1,0.2012,30,1,32,google_play,0
8048,0.366,46.48,72,2,0.2492,50,0,26,google_play,1
8049,0.4398,9.73,88,0,0.0229,68,0,15,google_play,0
8050,0.3503,44.11,22,0,0.0452,58,1,14,app_store,0
8051,0.2588,15.38,56,0,0.4528,26,0,23,google_play,1
8052,0.2703,29.78,11,2,0.2963,26,0,31,app_store,0
8053,0.0641,21.53,14,0,0.4327,67,0,31,website,1
8054,0.3138,9.35,46,1,0.2801,67,0,3,google_play,1
8055,0.177,11.87,7,0,0.1017,22,0,38,referral,0
8056,0.0166,38.92,48,1,0.1001,58,0,17,referral,1
8057,0.2166,38.06,19,0,0.2873,57,0,22,app_store,0
8058,0.3055,9.39,61,1,0.4571,52,0,33,app_store,1
8059,0.2697,54.36,48,1,0.1793,44,0,43,google_play,0
8060,0.6085,18.78,71,0,0.1592,43,0,33,website,1
8061,0.3822,10.0,87,1,0.144,64,0,24,website,0
8062,0.4758,16.7,75,1,0.2781,33,0,8,referral,1
8063,0.5883,9.5,88,2,0.0564,32,0,45,app_store,0
8064,0.1609,14.76,46,1,0.1086,28,0,18,google_play,1
8065,0.5101,17.55,68,0,0.2095,38,0,8,website,1
8066,0.1505,35.2,84,0,0.0333,52,0,39,google_play,0
8067,0.1373,43.33,21,1,0.0486,67,0,33,referral,1
8068,0.3105,51.63,75,1,0.0481,60,0,26,app_store,0
8069,0.2585,42.53,89,1,0.355,29,0,32,website,1
8070,0.5526,6.47,30,0,0.6254,27,1,15,google_play,0
8071,0.1758,8.92,84,0,0.2687,22,0,29,google_play,1
8072,0.1575,52.91,36,0,0.2069,61,0,21,app_store,0
8073,0.1953,17.7,58,1,0.1735,68,1,7,app_store,1
8074,0.0536,22.26,5,2,0.1924,23,1,37,website,0
8075,0.0458,38.2,1,0,0.0758,46,0,22,google_play,1
8076,0.2586,60.54,70,2,0.3288,51,0,16,referral,1
8077,0.6072,34.09,22,0,0.142,61,0,43,website,0
8078,0.0778,13.44,71,0,0.0804,55,0,20,google_play,0
8079,0.2854,10.44,43,0,0.3407,47,1,31,google_play,0
8080,0.553,11.6,8,0,0.0552,40,0,38,google_play,0
8081,0.1404,57.81,26,1,0.1799,42,1,29,app_store,0
8082,0.1702,44.81,17,0,0.1842,35,0,5,app_store,0
8083,0.4037,25.34,55,0,0.1033,41,0,7,google_play,1
8084,0.329,9.05,9,1,0.0346,31,0,12,website,1
8085,0.1555,45.8,51,0,0.114,43,0,46,app_store,0
8086,0.255,28.01,73,0,0.1108,18,0,27,app_store,0
8087,0.3733,14.34,88,1,0.1035,57,0,16,app_store,0
8088,0.481,23.62,61,0,0.1374,48,1,43,referral,0
8089,0.1586,34.98,39,0,0.0229,18,0,22,google_play,0
8090,0.1301,17.96,46,3,0.1993,39,0,3,app_store,1
8091,0.3828,11.88,2,1,0.0601,42,1,25,website,0
8092,0.6003,28.0,80,0,0.1322,19,1,25,google_play,0
8093,0.3711,29.27,4,0,0.1797,23,1,40,app_store,0
8094,0.3493,6.52,87,0,0.0195,27,0,24,referral,0
8095,0.0509,23.33,14,1,0.061,47,0,38,website,1
8096,0.1634,13.6,82,1,0.4316,26,0,17,website,1
8097,0.1443,34.25,22,0,0.2029,36,0,36,app_store,1
8098,0.2833,7.45,3,3,0.1093,25,0,1,referral,1
8099,0.5304,10.06,60,0,0.0518,31,0,40,referral,0
8100,0.3704,4.76,86,0,0.4695,31,0,35,google_play,0
8101,0.5068,32.8,60,0,0.5298,50,0,7,google_play,0
8102,0.5097,8.59,29,0,0.0747,47,0,29,google_play,0
8103,0.5836,9.7,75,1,0.1851,25,1,29,website,0
8104,0.103,23.02,53,1,0.2417,23,0,34,google_play,1
8105,0.2031,21.94,0,0,0.7853,62,0,19,google_play,1
8106,0.287,38.31,17,1,0.1924,18,0,35,app_store,0
8107,0.2371,41.11,61,1,0.1962,40,0,25,google_play,1
8108,0.3464,54.12,5,0,0.0099,49,1,18,google_play,0
8109,0.3291,75.96,50,1,0.0209,20,0,32,google_play,0
8110,0.2908,50.9,27,0,0.1157,31,0,30,website,0
8111,0.1703,30.96,23,1,0.3072,36,1,38,google_play,0
8112,0.073,28.56,46,1,0.0763,53,0,45,google_play,0
8113,0.1507,37.78,53,0,0.1856,40,0,7,app_store,1
8114,0.1203,5.96,50,0,0.3251,67,0,22,app_store,1
8115,0.1833,22.02,13,0,0.0516,20,1,45,website,0
8116,0.2042,6.83,61,0,0.1935,60,0,39,google_play,1
8117,0.2694,14.67,1,0,0.3355,40,0,47,google_play,0
8118,0.127,8.73,38,2,0.1012,23,0,6,google_play,0
8119,0.2477,32.21,42,1,0.0584,43,0,11,app_store,1
8120,0.3043,37.37,49,1,0.0429,21,1,38,referral,0
8121,0.2198,57.47,57,0,0.1742,44,0,15,google_play,0
8122,0.2656,12.46,75,0,0.1343,66,0,46,app_store,0
8123,0.4331,15.48,49,1,0.1023,58,0,20,website,1
8124,0.4462,52.35,66,1,0.0379,20,0,17,google_play,1
8125,0.2961,17.14,71,1,0.0601,56,1,11,app_store,0
8126,0.3266,14.83,38,1,0.1651,23,0,32,referral,1
8127,0.1523,40.4,21,0,0.1371,37,0,23,website,0
8128,0.2986,35.27,61,1,0.0792,66,0,5,website,0
8129,0.1888,47.94,30,1,0.29,58,0,45,website,0
8130,0.2791,34.39,12,0,0.0527,36,0,22,app_store,0
8131,0.7628,18.62,52,1,0.1562,22,0,5,website,1
8132,0.432,64.2,23,3,0.2008,23,0,29,referral,1
8133,0.5902,45.53,34,0,0.2097,60,0,14,app_store,0
8134,0.5415,24.24,42,0,0.4641,55,0,18,google_play,0
8135,0.317,45.62,69,0,0.1792,62,0,7,app_store,0
8136,0.441,24.3,57,0,0.1879,67,1,22,website,0
8137,0.1499,12.82,1,0,0.0501,59,0,41,google_play,1
8138,0.3324,26.51,9,1,0.3797,31,0,25,website,1
8139,0.2498,94.48,69,0,0.2859,67,0,44,google_play,1
8140,0.0672,50.86,83,2,0.2643,25,1,26,website,1
8141,0.4603,32.82,73,0,0.1327,31,0,31,referral,0
8142,0.6081,13.1,16,0,0.3746,58,0,17,website,0
8143,0.2052,10.72,63,0,0.0567,21,0,16,website,1
8144,0.1731,20.67,8,1,0.1132,57,0,26,referral,1
8145,0.3783,16.03,49,1,0.1378,60,1,6,app_store,0
8146,0.544,24.84,27,0,0.0842,49,1,5,google_play,0
8147,0.0763,27.27,21,0,0.1642,59,0,4,app_store,1
8148,0.1702,9.06,30,1,0.0862,26,1,5,referral,0
8149,0.3882,13.65,13,0,0.3014,34,0,35,website,0
8150,0.1369,19.14,84,1,0.1129,26,0,4,google_play,1
8151,0.2249,33.29,80,1,0.2085,41,0,46,app_store,1
8152,0.0955,34.18,81,1,0.4425,63,0,24,google_play,1
8153,0.4133,11.9,89,0,0.0562,46,0,9,google_play,0
8154,0.2277,10.41,77,0,0.4473,21,0,40,website,0
8155,0.2886,12.65,14,0,0.1337,19,0,17,website,1
8156,0.1984,42.84,42,1,0.1678,23,0,40,website,0
8157,0.1778,17.61,34,1,0.0717,64,0,8,app_store,0
8158,0.4609,26.43,0,0,0.1927,18,0,11,google_play,0
8159,0.366,32.85,20,0,0.7069,62,0,24,google_play,0
8160,0.0818,57.93,63,0,0.2729,31,0,25,app_store,1
8161,0.4624,10.44,18,0,0.2891,59,0,47,website,0
8162,0.0442,57.34,53,0,0.2818,38,0,28,referral,1
8163,0.3901,36.77,63,1,0.104,40,0,23,google_play,0
8164,0.1837,78.83,0,0,0.3686,49,0,32,referral,0
8165,0.1057,65.6,84,0,0.0943,31,0,18,google_play,0
8166,0.1896,26.49,42,0,0.1565,35,1,21,website,0
8167,0.2061,14.53,35,0,0.0052,62,0,17,referral,0
8168,0.2288,38.97,1,0,0.3172,46,0,21,google_play,0
8169,0.3377,11.21,75,1,0.185,32,0,20,app_store,0
8170,0.1643,28.54,80,0,0.2535,63,1,9,google_play,1
8171,0.2609,14.58,78,0,0.7153,41,1,10,website,1
8172,0.3193,20.72,52,1,0.0671,32,0,29,app_store,0
8173,0.092,5.33,61,0,0.3248,28,0,24,google_play,1
8174,0.546,23.13,74,0,0.1634,66,0,41,website,0
8175,0.4166,26.68,70,1,0.0505,41,0,35,google_play,0
8176,0.3669,16.9,44,0,0.1995,48,1,1,app_store,0
8177,0.0559,23.13,8,1,0.1726,51,0,39,google_play,0
8178,0.0495,11.49,36,0,0.1518,41,0,6,google_play,1
8179,0.6376,42.34,71,1,0.0151,20,1,47,website,0
8180,0.1133,24.96,87,0,0.3018,20,0,34,google_play,1
8181,0.2996,117.56,13,2,0.4348,31,0,32,google_play,0
8182,0.1986,30.1,76,1,0.2591,53,0,19,referral,1
8183,0.5186,32.06,65,1,0.3514,23,0,34,app_store,1
8184,0.5087,17.66,32,0,0.42,62,0,30,website,0
8185,0.3111,56.52,86,1,0.0287,40,0,17,app_store,0
8186,0.513,18.18,4,0,0.1453,34,0,9,website,0
8187,0.5064,82.28,25,0,0.1006,19,0,25,app_store,0
8188,0.0813,80.63,7,1,0.6716,39,1,6,google_play,1
8189,0.3068,17.14,43,1,0.0269,32,0,46,google_play,0
8190,0.1473,20.21,68,0,0.1033,58,0,1,app_store,1
8191,0.1024,14.76,42,0,0.0274,25,0,39,referral,1
8192,0.4004,9.62,35,0,0.3696,61,0,21,website,0
8193,0.2779,30.13,17,0,0.1895,27,1,20,app_store,0
8194,0.4195,24.61,30,0,0.2077,35,0,14,app_store,0
8195,0.0534,38.97,1,0,0.3308,43,0,10,google_play,1
8196,0.2357,23.69,53,2,0.1071,28,0,4,website,1
8197,0.554,45.18,68,0,0.1197,66,1,39,google_play,0
8198,0.2448,23.72,64,0,0.2012,18,1,26,google_play,0
8199,0.297,21.4,80,0,0.0668,50,0,23,google_play,1
8200,0.0664,26.08,41,1,0.0949,66,0,31,google_play,0
8201,0.2894,41.76,24,1,0.2995,69,0,7,referral,0
8202,0.0651,18.94,45,0,0.1475,32,0,25,referral,0
8203,0.4736,46.33,60,1,0.1214,50,0,26,referral,0
8204,0.2663,14.64,65,1,0.0376,50,0,36,google_play,0
8205,0.1558,19.69,55,0,0.2242,53,1,2,referral,1
8206,0.6429,6.65,15,1,0.0243,66,0,7,app_store,0
8207,0.4208,19.32,29,0,0.1142,68,0,20,google_play,0
8208,0.3203,11.19,11,2,0.021,56,0,17,app_store,0
8209,0.3024,36.16,24,0,0.1427,30,0,37,app_store,0
8210,0.1395,35.03,35,0,0.069,64,0,44,google_play,0
8211,0.6381,57.5,78,1,0.2923,59,1,6,app_store,0
8212,0.1506,78.5,33,0,0.1089,40,0,44,website,0
8213,0.1545,21.89,35,0,0.2229,45,0,30,google_play,0
8214,0.2691,14.64,56,0,0.1726,49,0,42,website,1
8215,0.2595,34.07,89,0,0.0934,23,0,42,google_play,1
8216,0.2555,18.7,25,2,0.217,20,0,40,app_store,1
8217,0.4696,16.06,74,2,0.0785,20,0,3,referral,1
8218,0.1922,24.24,83,0,0.0874,67,1,38,app_store,0
8219,0.0461,16.25,75,1,0.0636,32,1,45,app_store,0
8220,0.5045,103.72,15,1,0.7686,23,0,5,website,0
8221,0.3639,20.4,19,0,0.232,38,0,32,app_store,0
8222,0.3654,24.01,70,1,0.0624,59,0,33,google_play,0
8223,0.6767,43.23,37,1,0.0806,32,0,11,app_store,0
8224,0.2006,113.63,42,0,0.4331,30,0,40,website,0
8225,0.336,20.95,10,1,0.7575,41,1,25,google_play,0
8226,0.0955,6.62,14,0,0.42,46,0,34,google_play,1
8227,0.4955,23.25,33,2,0.5678,53,1,13,app_store,0
8228,0.2475,7.43,63,0,0.085,54,0,28,website,0
8229,0.102,17.09,89,0,0.1626,50,0,12,website,1
8230,0.2485,69.98,6,0,0.1998,66,0,14,website,0
8231,0.3957,14.0,56,2,0.3166,33,0,15,referral,1
8232,0.3506,11.8,83,1,0.189,29,1,2,google_play,1
8233,0.1856,44.73,30,1,0.0334,67,0,8,google_play,0
8234,0.4748,21.06,79,1,0.2838,51,1,10,google_play,0
8235,0.3493,57.22,26,0,0.1765,41,0,35,app_store,0
8236,0.2242,20.18,49,0,0.2128,53,0,46,google_play,1
8237,0.3034,38.54,19,0,0.6877,37,1,13,app_store,0
8238,0.53,8.33,74,0,0.1874,64,1,31,website,0
8239,0.2934,12.75,9,1,0.1624,33,0,31,google_play,0
8240,0.39,21.56,51,1,0.5288,32,0,25,google_play,1
8241,0.1566,18.49,15,0,0.1129,38,0,46,website,0
8242,0.0915,140.99,18,0,0.0634,45,0,6,google_play,0
8243,0.4977,49.96,32,0,0.0598,24,0,34,google_play,0
8244,0.5392,49.04,8,0,0.2482,67,0,14,app_store,0
8245,0.4089,21.77,38,0,0.1891,37,0,20,referral,0
8246,0.0596,9.25,28,0,0.2461,56,0,40,website,0
8247,0.1358,79.14,34,0,0.1219,23,0,33,google_play,0
8248,0.5367,7.89,15,0,0.4543,27,0,47,google_play,0
8249,0.154,16.69,13,0,0.111,52,1,28,referral,0
8250,0.3882,36.65,65,0,0.1943,50,1,4,google_play,0
8251,0.5614,152.31,25,2,0.0178,36,1,18,app_store,0
8252,0.0314,82.96,51,0,0.1889,64,0,33,referral,0
8253,0.1728,37.94,39,0,0.5158,47,0,38,website,0
8254,0.1807,110.43,27,2,0.1808,43,0,41,referral,0
8255,0.221,17.36,7,0,0.5816,40,0,28,google_play,1
8256,0.1425,33.64,46,0,0.1556,66,0,34,google_play,0
8257,0.2335,68.13,4,3,0.0733,61,1,39,google_play,0
8258,0.4333,9.19,24,0,0.1142,31,0,4,referral,0
8259,0.4476,31.92,71,0,0.1406,33,1,4,app_store,0
8260,0.3829,33.44,12,0,0.4597,35,1,22,google_play,0
8261,0.2952,32.71,17,0,0.2131,52,0,2,website,0
8262,0.3977,11.82,75,1,0.158,23,0,9,website,1
8263,0.6509,33.29,27,0,0.6283,23,1,4,google_play,0
8264,0.525,30.15,43,0,0.1314,36,0,38,google_play,1
8265,0.5372,16.7,9,1,0.0118,65,0,45,app_store,0
8266,0.6804,42.35,41,0,0.2225,39,0,22,app_store,0
8267,0.529,63.15,16,2,0.0554,50,0,20,google_play,1
8268,0.4328,15.0,36,1,0.0593,19,0,36,referral,0
8269,0.1408,34.7,75,0,0.32,31,0,5,website,1
8270,0.1052,64.49,48,0,0.1643,65,1,29,google_play,0
8271,0.2228,65.33,83,0,0.0635,37,0,36,google_play,1
8272,0.4215,22.01,86,0,0.1428,45,0,22,app_store,0
8273,0.4077,51.96,37,1,0.1407,19,0,22,website,1
8274,0.1976,20.7,24,0,0.2647,29,0,13,google_play,0
8275,0.129,43.48,19,1,0.2644,65,1,41,google_play,0
8276,0.1478,14.62,55,2,0.3413,29,0,18,referral,1
8277,0.4822,8.46,62,0,0.2067,45,1,37,app_store,0
8278,0.1804,35.62,69,0,0.0228,46,0,7,referral,1
8279,0.3051,45.41,18,0,0.1946,55,0,47,referral,0
8280,0.1555,40.22,59,1,0.0564,49,0,40,google_play,0
8281,0.2519,13.84,61,0,0.5957,49,0,47,website,1
8282,0.1735,4.34,44,0,0.3539,66,0,43,app_store,0
8283,0.4046,45.22,61,0,0.5395,57,0,7,google_play,1
8284,0.3251,68.11,44,1,0.1849,54,0,40,google_play,0
8285,0.1478,6.51,71,1,0.2207,20,1,40,app_store,1
8286,0.4445,19.81,27,1,0.0068,49,0,5,website,1
8287,0.0628,12.74,22,1,0.0677,62,0,34,google_play,1
8288,0.4414,29.15,55,1,0.0036,53,0,25,website,1
8289,0.2933,62.53,28,2,0.0967,50,0,2,app_store,0
8290,0.3286,20.84,45,0,0.0787,60,0,29,website,0
8291,0.3474,17.21,22,0,0.1236,22,0,28,google_play,0
8292,0.1511,32.26,21,2,0.728,39,0,27,website,1
8293,0.2332,5.55,57,0,0.0851,27,0,17,app_store,0
8294,0.1819,44.1,25,0,0.0892,32,0,39,google_play,1
8295,0.0922,51.44,87,0,0.2109,31,1,14,app_store,1
8296,0.0802,24.61,73,2,0.2271,67,0,44,app_store,0
8297,0.1021,18.03,37,0,0.0407,32,0,46,website,0
8298,0.2236,20.14,21,0,0.0159,24,0,42,website,0
8299,0.3242,20.2,30,2,0.2429,68,0,16,app_store,0
8300,0.2461,23.56,40,0,0.7135,60,0,34,website,0
8301,0.4794,8.23,52,0,0.0856,18,0,14,referral,0
8302,0.402,32.78,32,1,0.0955,20,0,46,website,1
8303,0.4189,18.97,31,0,0.6094,20,0,26,website,0
8304,0.1235,24.89,44,1,0.5037,26,0,21,app_store,0
8305,0.5524,16.37,10,0,0.1256,61,0,46,website,0
8306,0.3898,32.03,3,2,0.1473,62,1,4,app_store,1
8307,0.1074,62.21,44,0,0.189,33,0,19,referral,0
8308,0.1914,28.39,64,0,0.0603,36,0,7,app_store,0
8309,0.4709,7.8,52,0,0.0811,43,0,31,referral,0
8310,0.0651,24.61,6,2,0.0412,68,0,5,google_play,1
8311,0.3788,28.41,38,0,0.3399,23,0,22,google_play,0
8312,0.2927,23.61,48,1,0.023,42,0,6,referral,0
8313,0.3803,14.35,68,0,0.2059,43,0,11,referral,1
8314,0.3648,23.76,60,0,0.0956,57,0,38,app_store,0
8315,0.06,44.22,61,0,0.0243,44,0,41,app_store,1
8316,0.5127,19.94,0,0,0.7953,66,0,20,website,1
8317,0.3117,64.45,41,0,0.3508,27,0,41,website,0
8318,0.4235,15.56,83,0,0.2664,20,0,44,app_store,1
8319,0.0765,11.92,85,0,0.3806,49,0,10,referral,1
8320,0.2137,20.86,69,1,0.2836,34,0,46,app_store,1
8321,0.1224,5.91,52,1,0.3619,64,0,45,referral,1
8322,0.5832,24.39,73,1,0.2468,20,0,1,app_store,1
8323,0.4918,19.45,32,0,0.2485,29,1,40,google_play,0
8324,0.1517,39.68,40,0,0.3183,53,0,40,app_store,0
8325,0.3553,7.41,33,0,0.3318,43,0,29,website,0
8326,0.0732,41.92,9,0,0.7601,41,0,28,referral,1
8327,0.1542,27.33,1,0,0.3017,42,0,16,website,0
8328,0.4629,74.42,29,0,0.0167,44,0,42,google_play,0
8329,0.0462,21.78,60,0,0.2044,62,0,8,app_store,1
8330,0.2561,31.15,64,2,0.377,68,0,21,website,1
8331,0.2618,38.25,67,1,0.0923,39,0,41,referral,0
8332,0.5259,5.91,50,0,0.3025,68,1,1,app_store,1
8333,0.1813,53.39,20,0,0.1422,41,0,31,app_store,0
8334,0.7035,22.41,76,1,0.1003,47,1,32,google_play,0
8335,0.2347,10.08,69,0,0.0446,39,1,30,referral,0
8336,0.1162,23.27,18,2,0.1698,24,0,20,app_store,1
8337,0.0112,55.69,60,0,0.0922,61,0,12,website,1
8338,0.3666,19.3,20,0,0.3938,31,1,5,google_play,1
8339,0.2402,26.39,4,0,0.311,61,0,46,app_store,0
8340,0.0622,6.04,4,0,0.2179,33,1,37,referral,1
8341,0.3338,13.48,23,1,0.2333,24,0,3,google_play,0
8342,0.1995,40.26,19,3,0.111,26,0,10,google_play,1
8343,0.3517,51.47,89,0,0.0892,18,0,16,website,0
8344,0.1503,28.44,85,1,0.0891,59,0,8,website,1
8345,0.2509,36.92,0,0,0.1587,63,0,22,google_play,0
8346,0.2685,18.54,88,2,0.4395,55,0,20,referral,1
8347,0.2527,24.89,82,0,0.2074,25,1,22,google_play,0
8348,0.3481,11.68,85,1,0.0545,53,0,17,google_play,0
8349,0.27,17.4,73,4,0.2848,34,0,34,google_play,1
8350,0.306,24.05,10,1,0.254,69,0,4,app_store,1
8351,0.1795,8.21,65,0,0.0144,48,1,36,app_store,0
8352,0.1161,131.11,68,1,0.3777,19,0,2,referral,1
8353,0.0891,14.98,50,1,0.0528,39,1,28,app_store,0
8354,0.455,28.42,9,1,0.1729,33,0,32,website,0
8355,0.1276,10.22,22,2,0.446,54,0,13,app_store,1
8356,0.1033,2.96,46,1,0.2126,22,0,38,google_play,1
8357,0.8781,81.34,14,1,0.2229,53,0,7,website,0
8358,0.3164,25.52,87,0,0.7788,20,0,24,google_play,1
8359,0.5963,5.36,5,1,0.0818,43,0,21,website,0
8360,0.2406,11.96,48,1,0.4712,25,0,39,website,1
8361,0.0542,104.37,50,1,0.3476,22,0,18,google_play,1
8362,0.023,34.38,41,0,0.1135,64,0,41,google_play,0
8363,0.4997,4.03,79,1,0.3458,22,0,11,referral,1
8364,0.0941,17.14,10,2,0.0098,53,0,10,app_store,0
8365,0.1773,21.58,13,0,0.1966,45,0,10,website,0
8366,0.2047,35.43,5,0,0.1093,28,0,21,website,1
8367,0.4377,24.38,21,2,0.0833,38,1,42,google_play,0
8368,0.294,7.29,3,1,0.0372,61,1,17,website,0
8369,0.1532,15.74,13,0,0.3093,25,1,8,google_play,0
8370,0.1357,13.0,55,0,0.1272,49,1,19,google_play,1
8371,0.0484,41.43,56,0,0.1142,47,0,42,app_store,0
8372,0.5767,16.78,66,0,0.0243,46,0,4,google_play,0
8373,0.2406,16.64,68,3,0.3188,28,0,11,app_store,1
8374,0.0236,20.44,68,0,0.2197,45,0,9,google_play,1
8375,0.3689,13.42,75,0,0.1286,47,0,37,app_store,0
8376,0.2301,70.53,68,1,0.0868,23,0,6,referral,0
8377,0.671,53.83,21,1,0.1458,38,0,46,app_store,0
8378,0.4133,55.62,89,1,0.3613,19,0,41,google_play,0
8379,0.1399,10.35,63,1,0.1259,26,0,44,google_play,0
8380,0.3472,31.39,10,0,0.4317,45,0,24,app_store,0
8381,0.1529,42.6,40,0,0.3521,35,0,14,referral,1
8382,0.4119,11.96,81,0,0.5531,49,0,8,google_play,1
8383,0.341,10.79,89,1,0.3061,30,0,2,website,1
8384,0.1226,12.25,87,0,0.1563,37,1,20,google_play,0
8385,0.5061,8.82,63,1,0.1312,64,1,25,website,0
8386,0.2456,51.07,52,1,0.2822,69,0,28,google_play,1
8387,0.1076,47.85,9,0,0.6756,19,0,13,website,1
8388,0.1795,19.56,52,0,0.0758,41,0,42,google_play,0
8389,0.0402,23.46,27,0,0.4397,50,1,39,website,0
8390,0.3126,15.23,24,0,0.0692,36,0,41,website,0
8391,0.1449,123.96,60,0,0.2393,48,0,17,referral,1
8392,0.2038,18.08,21,1,0.2499,23,0,9,google_play,0
8393,0.1426,16.94,62,2,0.4784,30,0,36,referral,1
8394,0.347,22.43,38,1,0.0824,48,0,34,google_play,0
8395,0.1163,9.77,35,1,0.1414,55,0,32,google_play,1
8396,0.2569,29.59,25,0,0.2282,48,0,29,app_store,0
8397,0.6751,66.57,26,2,0.5927,51,0,9,google_play,0
8398,0.3448,21.72,71,1,0.103,36,1,30,app_store,0
8399,0.1559,42.98,23,2,0.0403,64,0,5,app_store,1
8400,0.125,6.22,57,0,0.1552,44,0,14,website,0
8401,0.2114,12.59,29,0,0.0773,59,0,11,google_play,0
8402,0.4743,26.25,61,0,0.6233,37,0,7,app_store,1
8403,0.4505,6.73,7,2,0.0868,28,1,19,referral,0
8404,0.7311,30.87,82,0,0.1409,57,1,44,app_store,0
8405,0.162,19.77,32,0,0.0906,31,0,29,app_store,0
8406,0.1168,30.19,15,1,0.1646,29,0,30,website,1
8407,0.3188,20.85,14,0,0.1496,43,0,39,website,0
8408,0.0894,21.87,67,0,0.4431,24,0,37,app_store,1
8409,0.4501,3.96,19,1,0.6459,48,0,40,app_store,1
8410,0.5144,11.42,24,1,0.0074,50,0,36,google_play,0
8411,0.204,35.0,20,0,0.5748,68,0,16,google_play,0
8412,0.2249,9.1,27,0,0.5318,40,0,26,website,0
8413,0.2656,12.34,15,1,0.0721,23,0,32,website,0
8414,0.2787,18.07,52,0,0.0485,29,0,6,referral,0
8415,0.3774,19.27,45,1,0.3298,62,0,28,referral,0
8416,0.1289,40.5,7,3,0.2283,40,0,4,google_play,1
8417,0.4354,28.81,59,0,0.1363,20,1,28,google_play,0
8418,0.5248,15.44,82,0,0.0203,59,0,46,website,0
8419,0.2089,7.39,78,0,0.0761,47,1,47,google_play,0
8420,0.3094,208.5,29,0,0.2355,51,0,44,app_store,0
8421,0.299,25.19,47,1,0.3459,31,0,1,google_play,1
8422,0.5876,46.51,39,0,0.379,51,0,23,google_play,0
8423,0.3284,4.62,4,1,0.1476,57,1,17,website,0
8424,0.0594,18.91,49,0,0.1631,21,0,36,website,0
8425,0.7129,18.42,29,0,0.0028,22,0,2,referral,0
8426,0.1873,17.72,77,0,0.0082,24,0,33,website,0
8427,0.1277,42.3,47,0,0.4344,25,0,16,referral,1
8428,0.3029,20.38,32,0,0.3602,41,0,15,website,1
8429,0.2927,18.16,64,1,0.1798,40,0,42,app_store,1
8430,0.1127,24.3,16,1,0.0851,27,0,44,google_play,1
8431,0.1399,24.97,20,0,0.1549,34,0,38,website,0
8432,0.4346,10.51,53,0,0.1147,54,0,34,google_play,0
8433,0.429,49.06,68,0,0.303,57,1,6,website,0
8434,0.0707,16.37,72,0,0.045,56,0,21,website,0
8435,0.0678,22.82,66,0,0.2425,45,1,28,google_play,1
8436,0.4017,69.95,61,0,0.0617,51,1,32,website,0
8437,0.1594,187.58,67,0,0.2265,67,0,39,google_play,1
8438,0.1137,34.04,71,1,0.2157,58,0,35,website,1
8439,0.3465,7.25,59,0,0.0396,29,1,20,app_store,0
8440,0.203,20.07,45,0,0.3812,53,0,40,app_store,0
8441,0.1737,81.53,20,1,0.0859,63,0,5,app_store,0
8442,0.2179,20.88,67,2,0.5799,25,1,17,website,1
8443,0.2625,43.95,52,1,0.2036,64,0,38,website,1
8444,0.1747,43.51,17,1,0.119,47,0,41,app_store,1
8445,0.2632,14.99,24,2,0.2821,29,1,24,website,0
8446,0.4555,92.29,88,0,0.1113,28,1,17,google_play,0
8447,0.6412,33.12,82,0,0.0384,57,0,43,referral,0
8448,0.3581,24.08,6,1,0.1148,23,0,7,app_store,1
8449,0.3302,21.88,4,0,0.0361,64,1,35,website,0
8450,0.3089,10.8,77,0,0.2494,54,0,39,app_store,0
8451,0.4186,14.12,60,1,0.4918,65,0,11,app_store,1
8452,0.3563,11.99,46,2,0.0869,41,0,35,google_play,1
8453,0.1207,120.52,78,1,0.3703,20,0,43,website,1
8454,0.4914,50.7,42,0,0.3134,63,0,34,website,0
8455,0.1394,12.1,30,0,0.0695,22,1,9,website,0
8456,0.2027,89.15,16,0,0.0917,32,0,17,google_play,0
8457,0.462,63.78,22,2,0.261,48,0,25,app_store,0
8458,0.5159,15.64,25,1,0.8241,32,0,45,google_play,0
8459,0.2828,35.58,10,1,0.0518,18,1,37,website,0
8460,0.2717,15.22,38,0,0.0224,45,0,20,app_store,0
8461,0.2737,50.28,46,0,0.0878,55,0,9,referral,1
8462,0.1649,34.62,65,0,0.0486,53,1,36,google_play,0
8463,0.1421,18.24,16,0,0.1688,46,0,11,website,0
8464,0.3216,10.32,89,0,0.1834,24,1,7,referral,0
8465,0.0851,23.44,53,1,0.2937,28,0,9,website,1
8466,0.1607,34.61,17,0,0.4271,27,0,16,google_play,0
8467,0.1656,60.96,51,0,0.6008,32,0,42,google_play,1
8468,0.17,38.1,45,1,0.1187,19,0,47,google_play,0
8469,0.4844,46.92,11,0,0.013,27,0,30,google_play,0
8470,0.307,14.49,45,1,0.0609,54,0,26,app_store,0
8471,0.1148,6.14,62,2,0.2559,31,0,45,website,1
8472,0.2224,7.5,2,0,0.1391,23,1,11,referral,1
8473,0.1687,20.0,82,1,0.0476,28,0,12,app_store,0
8474,0.0494,14.28,85,0,0.1184,51,0,33,app_store,0
8475,0.3367,22.51,83,0,0.195,42,0,3,website,1
8476,0.4212,41.0,87,0,0.7983,68,0,8,referral,0
8477,0.4103,38.07,13,0,0.309,58,0,19,website,0
8478,0.509,4.75,16,1,0.5151,35,0,39,app_store,1
8479,0.2635,149.29,74,1,0.2397,46,0,29,google_play,1
8480,0.0822,32.26,10,2,0.3028,52,0,37,referral,1
8481,0.2117,30.04,67,0,0.1277,69,0,14,google_play,0
8482,0.1943,22.11,9,0,0.2207,37,0,10,website,0
8483,0.1772,20.17,86,1,0.0895,20,0,17,referral,1
8484,0.1319,52.99,49,0,0.5112,38,0,15,google_play,1
8485,0.2416,12.41,22,0,0.349,35,0,19,website,0
8486,0.3701,30.41,18,0,0.0336,55,0,36,referral,0
8487,0.4584,70.9,51,0,0.0694,31,0,11,website,1
8488,0.2059,28.02,15,1,0.0747,52,0,18,google_play,0
8489,0.1049,35.14,48,2,0.1183,59,0,40,app_store,1
8490,0.6035,9.18,68,0,0.0704,66,0,26,app_store,0
8491,0.0828,43.75,74,1,0.1343,43,0,3,website,1
8492,0.2457,31.77,87,0,0.2115,20,0,2,app_store,1
8493,0.2257,22.87,6,1,0.0653,54,0,16,website,0
8494,0.1078,40.66,76,0,0.8371,62,0,7,app_store,1
8495,0.6414,11.02,47,0,0.056,22,0,24,google_play,0
8496,0.0955,86.56,73,1,0.1138,63,0,47,app_store,0
8497,0.2833,185.79,40,2,0.245,57,0,31,website,0
8498,0.1945,16.11,44,1,0.0992,19,0,4,website,0
8499,0.2581,55.87,88,1,0.0833,18,0,2,google_play,0
8500,0.3769,22.18,41,1,0.0623,30,0,2,app_store,0
8501,0.4361,10.37,73,1,0.1011,21,0,36,website,0
8502,0.2243,60.83,74,1,0.012,49,0,12,google_play,0
8503,0.0515,20.11,85,1,0.2373,69,0,11,website,1
8504,0.5011,37.65,13,0,0.2288,30,1,22,google_play,0
8505,0.5529,93.44,62,0,0.0974,61,0,25,app_store,0
8506,0.2547,35.5,62,1,0.7155,33,1,4,website,1
8507,0.3465,28.39,21,1,0.017,28,0,44,website,1
8508,0.2469,12.53,46,0,0.478,28,0,32,website,1
8509,0.3065,12.56,59,0,0.2606,43,0,25,website,0
8510,0.2595,22.3,29,0,0.1987,57,0,44,google_play,1
8511,0.5869,18.82,75,2,0.0426,33,0,46,referral,0
8512,0.2907,39.49,56,1,0.0371,59,0,3,google_play,0
8513,0.4085,11.45,26,1,0.1763,20,0,41,google_play,0
8514,0.4241,14.26,69,0,0.2007,43,0,31,app_store,0
8515,0.159,22.06,52,0,0.0412,65,0,26,website,0
8516,0.0502,26.24,86,0,0.3118,63,1,4,google_play,0
8517,0.1408,25.56,9,2,0.2126,27,0,29,google_play,0
8518,0.0901,21.4,54,1,0.2203,25,1,18,google_play,1
8519,0.5791,14.17,13,0,0.1609,26,0,43,google_play,0
8520,0.1799,36.8,74,0,0.1828,35,0,7,google_play,1
8521,0.3719,56.14,35,0,0.1923,38,0,2,referral,0
8522,0.1825,30.48,31,0,0.0953,39,1,12,app_store,0
8523,0.2341,16.35,46,2,0.1715,54,0,21,google_play,1
8524,0.5211,6.42,16,1,0.2487,61,0,31,google_play,0
8525,0.6688,78.42,38,0,0.4477,53,0,33,app_store,0
8526,0.0892,21.71,51,0,0.2861,57,0,32,referral,1
8527,0.3689,61.89,3,0,0.2452,27,0,7,app_store,1
8528,0.059,77.43,58,1,0.0165,21,0,39,google_play,1
8529,0.2644,43.06,72,0,0.0055,36,1,42,google_play,0
8530,0.3447,47.86,69,1,0.0502,36,0,32,website,0
8531,0.109,45.27,26,0,0.2746,55,0,26,google_play,0
8532,0.2916,21.01,64,0,0.0185,44,0,25,website,0
8533,0.1197,10.98,82,0,0.3189,48,0,28,app_store,1
8534,0.1179,42.89,27,1,0.1848,24,0,9,app_store,0
8535,0.5332,8.41,21,1,0.4558,56,0,28,website,0
8536,0.5755,18.64,87,0,0.1255,23,0,26,website,1
8537,0.6212,15.68,59,0,0.0523,20,0,24,app_store,0
8538,0.3283,36.64,8,1,0.1671,19,1,19,google_play,0
8539,0.2615,28.87,41,0,0.1908,32,1,36,google_play,0
8540,0.1675,15.66,82,1,0.1106,46,0,20,google_play,0
8541,0.0809,18.26,1,3,0.1588,69,0,37,app_store,1
8542,0.6251,96.62,77,2,0.3428,22,0,4,app_store,1
8543,0.1549,14.17,54,0,0.1027,49,1,44,google_play,0
8544,0.3863,21.58,54,0,0.1355,69,0,45,google_play,0
8545,0.291,36.79,2,1,0.1651,36,1,5,app_store,0
8546,0.4773,25.77,66,1,0.1045,39,0,32,app_store,0
8547,0.372,37.57,4,1,0.4236,44,0,21,referral,0
8548,0.1707,52.93,31,0,0.1674,21,0,5,google_play,0
8549,0.1253,67.19,59,1,0.0282,54,0,9,referral,0
8550,0.059,25.32,85,0,0.1024,27,0,15,referral,1
8551,0.0738,32.58,44,0,0.1303,37,0,17,app_store,0
8552,0.0969,28.42,60,0,0.394,30,0,30,google_play,1
8553,0.1258,13.11,79,0,0.1114,57,0,5,website,0
8554,0.451,28.12,78,0,0.2113,65,0,38,google_play,0
8555,0.2432,7.74,40,2,0.374,64,0,40,google_play,0
8556,0.496,31.9,76,1,0.2391,48,0,39,google_play,0
8557,0.3144,5.52,88,0,0.1444,39,0,3,google_play,1
8558,0.2062,12.27,36,0,0.2876,35,0,22,google_play,0
8559,0.2672,44.65,1,0,0.4942,65,1,17,website,0
8560,0.1855,33.97,13,1,0.2373,54,1,16,website,0
8561,0.347,24.24,82,0,0.2507,64,0,41,website,0
8562,0.1559,17.9,64,0,0.2148,30,0,42,website,1
8563,0.173,13.39,19,2,0.1207,59,1,41,website,0
8564,0.2064,16.45,63,0,0.067,57,1,25,website,0
8565,0.0636,39.63,17,1,0.1041,52,1,46,google_play,1
8566,0.5563,20.54,79,1,0.4527,41,0,9,website,1
8567,0.3086,5.7,43,0,0.4814,57,1,7,referral,0
8568,0.4954,10.36,76,1,0.1596,33,0,37,app_store,0
8569,0.3386,13.9,58,0,0.4797,20,0,6,website,1
8570,0.3099,20.39,19,1,0.1099,52,1,26,app_store,0
8571,0.3368,19.98,56,1,0.0574,45,1,20,google_play,0
8572,0.1083,11.72,60,0,0.2084,59,0,10,google_play,1
8573,0.2661,37.73,31,0,0.4265,22,0,10,google_play,0
8574,0.1217,6.14,49,0,0.1265,20,0,35,app_store,0
8575,0.5266,14.55,55,0,0.2603,65,0,39,google_play,1
8576,0.1765,42.49,5,2,0.2055,64,1,30,google_play,0
8577,0.1447,35.8,40,0,0.0839,63,0,32,app_store,0
8578,0.2075,20.31,66,0,0.053,53,0,1,google_play,1
8579,0.0916,47.33,18,4,0.0642,44,0,20,app_store,1
8580,0.0925,29.44,14,0,0.1503,39,1,41,app_store,0
8581,0.5076,25.77,3,0,0.1007,36,0,12,app_store,0
8582,0.2081,37.36,62,0,0.1788,60,0,33,google_play,0
8583,0.1075,32.6,58,2,0.1823,58,0,36,website,1
8584,0.225,62.31,2,0,0.1493,65,1,18,google_play,0
8585,0.5411,20.23,53,1,0.0899,32,0,13,google_play,1
8586,0.1145,20.7,34,0,0.1655,56,0,4,website,0
8587,0.5061,28.16,45,1,0.0391,47,1,44,google_play,0
8588,0.1444,24.9,57,0,0.2174,61,0,17,app_store,1
8589,0.1735,90.0,40,3,0.0708,53,0,46,app_store,1
8590,0.3299,35.41,35,2,0.3666,67,1,37,referral,1
8591,0.5507,14.79,45,0,0.157,57,1,12,referral,0
8592,0.1303,8.64,84,1,0.394,26,1,17,google_play,1
8593,0.2058,73.68,10,0,0.4011,36,0,34,google_play,0
8594,0.2242,18.87,31,0,0.2601,51,0,22,app_store,0
8595,0.2298,30.92,61,0,0.1026,46,0,29,app_store,0
8596,0.7146,24.22,42,0,0.0158,56,0,13,website,0
8597,0.2834,43.14,77,0,0.0408,66,0,10,google_play,0
8598,0.0805,16.66,25,0,0.3062,60,0,5,app_store,0
8599,0.3109,26.66,10,0,0.0667,34,0,21,app_store,0
8600,0.4588,16.75,18,2,0.1043,38,0,6,google_play,0
8601,0.3168,171.93,69,2,0.1283,54,0,45,app_store,0
8602,0.3254,14.49,55,1,0.6395,66,1,21,google_play,1
8603,0.2228,36.31,37,1,0.167,52,1,17,google_play,0
8604,0.3995,179.79,19,0,0.2097,35,0,33,app_store,0
8605,0.2392,52.93,70,1,0.0771,31,0,46,google_play,0
8606,0.1298,24.17,29,1,0.3419,41,0,6,google_play,0
8607,0.3128,27.57,45,0,0.2258,20,0,26,website,0
8608,0.0312,13.89,72,1,0.2126,65,0,29,website,1
8609,0.4558,79.51,19,1,0.0824,50,0,1,google_play,0
8610,0.2244,20.95,35,0,0.2043,52,0,12,referral,0
8611,0.2244,23.3,36,1,0.3027,26,0,34,google_play,1
8612,0.4119,13.27,8,0,0.0982,21,1,13,app_store,0
8613,0.3072,19.71,10,1,0.0829,59,0,42,app_store,0
8614,0.1117,25.68,21,0,0.0846,62,1,41,app_store,1
8615,0.2441,52.6,1,0,0.017,54,1,19,website,0
8616,0.1959,29.56,38,0,0.8505,20,1,17,google_play,1
8617,0.1864,52.8,2,0,0.081,40,0,20,app_store,0
8618,0.1295,4.96,55,0,0.1862,49,0,10,website,0
8619,0.393,65.4,86,0,0.0912,63,0,12,google_play,1
8620,0.611,9.59,47,0,0.1289,51,0,4,google_play,0
8621,0.455,42.03,89,2,0.0967,23,0,32,website,0
8622,0.4624,2.78,47,0,0.1446,27,0,3,app_store,0
8623,0.0765,25.69,3,1,0.1673,41,0,33,google_play,1
8624,0.0355,47.62,36,0,0.2613,52,0,12,referral,0
8625,0.2065,13.61,17,0,0.2304,23,0,25,google_play,0
8626,0.2934,25.16,43,1,0.024,37,0,32,referral,0
8627,0.5875,46.92,43,0,0.2696,38,0,18,app_store,0
8628,0.1119,41.02,65,0,0.2144,55,0,21,referral,1
8629,0.2149,8.23,58,0,0.4181,40,0,2,website,1
8630,0.3867,49.36,15,1,0.0597,34,1,5,google_play,0
8631,0.1063,81.13,15,3,0.1085,38,0,13,website,1
8632,0.1737,57.43,14,0,0.4285,49,1,10,website,1
8633,0.2047,10.37,19,2,0.2273,34,0,13,google_play,0
8634,0.1923,11.47,87,1,0.0532,38,1,43,website,1
8635,0.4569,25.87,46,1,0.3906,64,0,33,app_store,1
8636,0.1635,36.96,20,0,0.0719,69,0,33,app_store,0
8637,0.4115,45.13,4,0,0.0827,56,0,11,website,0
8638,0.3334,14.09,45,0,0.2479,64,0,16,referral,0
8639,0.1194,23.29,48,0,0.1662,56,0,4,app_store,0
8640,0.1486,13.84,56,0,0.2378,46,0,5,google_play,1
8641,0.1139,12.13,79,1,0.1551,52,1,39,website,0
8642,0.051,32.6,35,0,0.2384,42,0,5,website,1
8643,0.2949,23.3,88,0,0.0354,57,0,5,referral,0
8644,0.2752,33.74,43,0,0.2525,37,0,15,app_store,0
8645,0.5507,16.44,48,0,0.0222,55,0,5,app_store,0
8646,0.0718,39.2,85,1,0.163,19,0,38,google_play,0
8647,0.2159,11.14,33,0,0.1956,29,1,32,referral,0
8648,0.2471,17.84,3,2,0.2031,61,0,28,referral,1
8649,0.3089,11.31,69,0,0.2236,59,0,21,referral,1
8650,0.4291,29.94,55,1,0.1283,41,0,31,website,0
8651,0.4234,87.25,81,0,0.0739,25,0,42,website,0
8652,0.4469,31.76,81,2,0.5582,57,0,25,google_play,1
8653,0.1305,22.85,43,0,0.0664,39,0,42,website,1
8654,0.5619,21.37,63,0,0.2173,67,0,26,referral,0
8655,0.6269,16.35,76,3,0.3974,49,0,1,google_play,1
8656,0.23,53.18,68,1,0.1842,32,0,44,website,1
8657,0.2572,32.73,38,0,0.3268,42,0,41,app_store,0
8658,0.5131,7.6,37,3,0.0833,62,1,31,referral,1
8659,0.3396,52.55,40,2,0.4163,63,0,8,website,0
8660,0.3358,13.34,64,1,0.0284,25,0,12,referral,0
8661,0.1669,15.5,51,0,0.0589,53,0,35,google_play,0
8662,0.8238,32.51,11,2,0.0008,47,0,26,google_play,0
8663,0.268,16.14,38,1,0.1872,27,0,31,app_store,0
8664,0.4643,117.92,30,0,0.1631,21,0,26,app_store,0
8665,0.1607,20.76,22,1,0.1747,53,0,1,website,0
8666,0.4826,38.21,81,1,0.2276,22,0,29,website,0
8667,0.5341,8.32,78,1,0.0854,18,0,9,google_play,1
8668,0.5508,15.94,55,0,0.1533,58,0,25,google_play,0
8669,0.4124,22.38,85,0,0.0129,65,0,11,app_store,0
8670,0.2684,49.29,17,1,0.155,35,0,12,website,0
8671,0.6891,11.55,49,1,0.0536,43,0,8,google_play,1
8672,0.3205,56.8,62,1,0.3907,34,0,39,referral,1
8673,0.0885,26.82,71,1,0.0627,60,0,8,app_store,1
8674,0.5349,30.85,35,0,0.3022,48,0,15,app_store,0
8675,0.217,14.56,20,2,0.0463,37,0,30,app_store,0
8676,0.3007,12.48,36,3,0.2401,30,1,39,referral,1
8677,0.0301,5.34,62,0,0.5715,59,0,23,app_store,1
8678,0.3372,30.26,85,0,0.1931,59,0,25,google_play,0
8679,0.254,38.06,27,0,0.5774,32,0,16,google_play,1
8680,0.2616,19.04,31,1,0.0111,18,0,24,app_store,0
8681,0.1187,8.1,15,2,0.4106,65,0,21,google_play,1
8682,0.3787,16.62,32,0,0.0402,48,1,27,app_store,0
8683,0.1205,31.85,43,1,0.2013,26,0,12,google_play,1
8684,0.2771,27.91,50,1,0.1275,29,0,8,website,1
8685,0.2627,39.27,2,0,0.3236,39,1,39,referral,0
8686,0.3646,7.91,14,0,0.0973,30,0,11,website,0
8687,0.2387,18.48,26,2,0.1198,57,0,17,app_store,0
8688,0.263,22.87,44,0,0.2685,32,0,44,google_play,0
8689,0.2788,38.21,20,3,0.0739,26,0,7,app_store,1
8690,0.3427,16.08,10,0,0.2348,22,0,28,app_store,0
8691,0.4212,35.67,44,0,0.1561,54,0,12,google_play,0
8692,0.2954,12.62,87,0,0.2876,33,0,11,google_play,0
8693,0.5357,28.56,44,0,0.1488,18,0,11,app_store,0
8694,0.2422,19.98,81,0,0.1187,21,0,19,app_store,1
8695,0.1476,19.18,61,0,1.0,26,1,18,website,1
8696,0.624,132.85,71,2,0.2949,65,0,38,google_play,1
8697,0.4014,19.43,10,1,0.7018,63,0,5,app_store,0
8698,0.3091,18.25,70,0,0.1625,32,0,26,google_play,0
8699,0.2999,9.05,39,0,0.0452,51,0,47,website,0
8700,0.1997,49.06,72,1,0.0195,28,0,5,website,0
8701,0.0728,16.77,4,1,0.048,40,1,26,app_store,0
8702,0.5721,23.99,25,0,0.8288,27,0,21,google_play,0
8703,0.5784,13.59,72,1,0.2028,19,0,7,website,1
8704,0.1036,32.82,5,1,0.0889,48,0,30,google_play,1
8705,0.5219,47.12,80,0,0.1169,67,0,11,website,0
8706,0.3946,61.32,15,1,0.1549,59,0,30,google_play,0
8707,0.1175,22.61,89,0,0.0102,69,0,30,app_store,0
8708,0.2532,16.19,75,2,0.5437,50,0,11,google_play,1
8709,0.2101,15.47,46,0,0.3799,32,1,31,website,1
8710,0.2579,24.84,3,2,0.1703,53,0,10,google_play,0
8711,0.1955,29.3,76,0,0.025,56,1,26,google_play,0
8712,0.1412,35.91,3,0,0.1613,55,0,32,google_play,0
8713,0.2577,13.56,41,0,0.0438,31,0,39,app_store,0
8714,0.3552,26.95,67,1,0.1854,39,0,28,app_store,1
8715,0.1985,12.02,18,1,0.277,59,0,27,google_play,0
8716,0.6495,22.41,4,1,0.5189,54,0,23,app_store,1
8717,0.321,65.17,75,1,0.1657,28,0,24,website,0
8718,0.5556,20.91,75,3,0.0456,37,0,38,referral,1
8719,0.1171,13.21,4,0,0.4846,29,1,15,google_play,1
8720,0.1349,31.35,11,0,0.1572,47,1,46,website,0
8721,0.2307,45.88,53,2,0.0923,65,0,46,website,0
8722,0.4824,14.32,0,0,0.0878,18,0,29,website,1
8723,0.3171,9.5,84,1,0.4159,55,0,24,website,1
8724,0.5224,13.9,37,1,0.1841,46,0,14,app_store,0
8725,0.0391,18.03,24,2,0.1951,26,0,23,google_play,1
8726,0.3033,71.0,20,0,0.0345,22,0,33,google_play,0
8727,0.8506,9.18,22,1,0.0288,40,0,46,website,0
8728,0.0913,7.49,67,0,0.0572,56,0,29,google_play,1
8729,0.2689,29.68,9,1,0.072,44,1,38,app_store,0
8730,0.2257,14.91,51,0,0.0141,19,0,28,google_play,0
8731,0.2336,12.26,45,0,0.0282,32,0,1,app_store,0
8732,0.0557,38.66,19,2,0.2723,33,0,35,google_play,1
8733,0.6058,26.15,57,0,0.3417,35,0,34,google_play,0
8734,0.1821,49.59,31,0,0.5638,30,0,32,website,1
8735,0.0931,41.02,45,1,0.4498,23,0,13,google_play,1
8736,0.1315,10.53,19,1,0.0711,19,1,2,referral,0
8737,0.1128,7.57,30,0,0.3035,64,0,30,referral,0
8738,0.1011,53.7,66,2,0.1085,37,0,7,referral,1
8739,0.2516,22.49,38,0,0.0432,56,0,1,app_store,0
8740,0.4559,202.42,54,0,0.3644,31,0,27,google_play,0
8741,0.4254,48.27,75,0,0.0357,69,0,45,google_play,0
8742,0.1771,64.06,59,0,0.1105,50,0,46,referral,0
8743,0.2693,12.67,84,1,0.0356,20,0,8,website,1
8744,0.2056,23.13,26,1,0.2275,23,0,47,app_store,0
8745,0.2049,43.21,29,0,0.0982,47,0,6,referral,1
8746,0.0803,23.13,21,1,0.0628,19,0,37,google_play,1
8747,0.1555,25.51,57,0,0.0872,58,1,4,google_play,0
8748,0.2595,29.09,68,0,0.328,32,0,20,website,0
8749,0.2662,14.78,74,1,0.1744,41,0,12,app_store,1
8750,0.5124,13.22,29,0,0.2307,20,0,19,referral,0
8751,0.4576,21.58,57,1,0.3354,40,0,31,website,1
8752,0.4304,18.35,22,0,0.3438,47,0,21,app_store,0
8753,0.3894,13.27,79,1,0.0589,33,1,27,google_play,0
8754,0.2961,22.45,7,0,0.1197,40,0,16,app_store,0
8755,0.6797,9.83,59,0,0.2574,21,0,42,app_store,1
8756,0.4478,41.83,26,1,0.412,24,0,32,app_store,0
8757,0.1198,37.07,22,0,0.0273,51,0,41,website,0
8758,0.1835,39.59,2,0,0.0747,68,0,24,google_play,0
8759,0.4543,13.64,54,0,0.0034,50,0,10,google_play,0
8760,0.0804,12.48,21,0,0.1196,51,0,28,app_store,0
8761,0.2774,61.86,50,0,0.1125,68,0,31,website,1
8762,0.323,21.39,27,2,0.243,66,1,4,app_store,0
8763,0.6802,36.56,30,1,0.649,35,0,7,referral,0
8764,0.6402,10.95,15,1,0.2861,21,0,29,google_play,0
8765,0.232,20.08,7,0,0.0101,53,0,25,app_store,0
8766,0.0258,56.5,78,1,0.2188,38,0,24,website,0
8767,0.3242,26.94,74,2,0.255,67,1,27,app_store,1
8768,0.0157,20.6,60,1,0.1971,39,0,34,app_store,0
8769,0.0359,36.47,71,1,0.112,64,0,38,referral,1
8770,0.1723,30.61,79,0,0.1497,26,0,20,app_store,0
8771,0.0219,105.55,2,2,0.2034,57,0,30,app_store,1
8772,0.1357,25.24,33,0,0.0315,39,0,9,app_store,1
8773,0.4172,38.6,65,2,0.2262,33,0,7,website,1
8774,0.2059,22.32,4,0,0.0168,67,0,8,app_store,0
8775,0.2661,12.28,59,0,0.6162,52,0,24,google_play,1
8776,0.1161,32.96,56,2,0.1624,49,0,28,app_store,1
8777,0.5008,8.79,32,1,0.0957,30,0,13,app_store,0
8778,0.3547,48.94,78,0,0.0928,30,0,19,google_play,0
8779,0.1061,9.76,71,0,0.2437,69,0,33,website,1
8780,0.2328,13.2,62,0,0.3108,52,0,1,app_store,1
8781,0.342,12.45,74,0,0.0527,38,0,45,google_play,0
8782,0.0981,37.89,11,0,0.3766,19,0,37,website,1
8783,0.0728,11.2,77,1,0.1197,32,0,28,website,1
8784,0.1054,35.04,53,0,0.1463,67,0,8,website,0
8785,0.6728,15.31,6,1,0.1589,32,0,36,app_store,0
8786,0.163,22.6,50,0,0.0858,21,0,37,referral,0
8787,0.1292,16.85,33,0,0.4397,60,0,36,app_store,0
8788,0.1062,125.08,53,1,0.2138,58,0,23,google_play,1
8789,0.1294,7.65,2,2,0.1308,46,0,2,referral,1
8790,0.1832,34.56,0,0,0.1093,43,0,4,website,0
8791,0.0712,24.37,65,1,0.1679,46,1,18,website,1
8792,0.6324,14.21,73,0,0.2971,18,0,1,referral,1
8793,0.097,32.34,37,0,0.2196,48,1,7,app_store,0
8794,0.2144,12.52,31,1,0.1273,45,0,46,app_store,0
8795,0.0661,11.57,67,1,0.2391,48,0,39,website,1
8796,0.0967,10.99,27,0,0.1777,56,0,26,app_store,1
8797,0.1257,25.99,71,0,0.4367,52,0,15,website,1
8798,0.8051,16.12,51,1,0.2517,26,0,38,referral,1
8799,0.1897,13.37,5,1,0.1343,49,0,23,website,1
8800,0.0885,31.19,62,0,0.2064,68,0,34,website,1
8801,0.3736,52.19,84,1,0.0324,40,0,35,google_play,0
8802,0.4469,9.09,68,2,0.225,21,0,43,app_store,1
8803,0.3372,30.93,44,1,0.1498,68,0,4,app_store,0
8804,0.1005,35.4,55,0,0.164,65,0,44,website,0
8805,0.0576,59.84,87,1,0.1375,56,1,33,app_store,1
8806,0.3953,20.03,48,0,0.1952,58,0,34,app_store,0
8807,0.401,72.34,12,2,0.2792,62,0,21,referral,0
8808,0.0528,36.92,15,1,0.1318,22,0,2,referral,1
8809,0.0435,6.58,31,0,0.7188,35,0,37,website,0
8810,0.2988,30.27,76,0,0.1604,24,0,10,website,0
8811,0.1342,24.23,41,3,0.6777,60,1,6,google_play,1
8812,0.3022,48.85,63,1,0.048,53,0,10,google_play,1
8813,0.3108,56.03,84,1,0.1012,19,0,16,google_play,1
8814,0.4194,12.43,60,0,0.1888,23,0,14,website,0
8815,0.214,46.27,9,0,0.1078,19,0,46,app_store,0
8816,0.426,22.41,84,1,0.3835,28,0,44,referral,1
8817,0.2732,14.93,49,1,0.0195,56,0,41,referral,0
8818,0.2974,67.64,40,0,0.1469,43,0,21,google_play,0
8819,0.2085,17.58,11,0,0.4511,49,1,22,website,1
8820,0.0877,25.09,41,0,0.2691,20,0,22,website,1
8821,0.2968,23.28,20,1,0.1521,53,0,3,website,0
8822,0.5499,35.17,35,1,0.0917,38,0,25,google_play,0
8823,0.2356,61.79,54,0,0.1432,44,0,36,app_store,1
8824,0.4281,75.69,12,1,0.0042,55,0,41,app_store,0
8825,0.3492,46.22,25,0,0.0856,26,0,46,referral,0
8826,0.2871,7.52,48,0,0.2639,65,0,11,google_play,1
8827,0.5196,68.04,25,1,0.1354,52,0,32,app_store,0
8828,0.1662,37.36,45,0,0.2205,26,0,22,google_play,1
8829,0.2899,52.89,60,0,0.2594,25,0,34,referral,0
8830,0.4776,19.87,24,0,0.2809,62,0,28,google_play,0
8831,0.1641,24.32,72,1,0.4819,54,0,35,app_store,1
8832,0.4126,47.7,26,0,0.1901,22,0,28,website,0
8833,0.323,100.29,3,2,0.1255,39,0,35,website,0
8834,0.1593,28.09,78,2,0.5995,30,0,2,referral,1
8835,0.1441,10.24,20,0,0.3842,58,0,42,app_store,0
8836,0.2265,37.25,36,0,0.1659,35,0,17,google_play,0
8837,0.1352,21.53,47,2,0.1442,47,0,19,app_store,0
8838,0.3061,11.72,67,1,0.1339,21,0,8,google_play,0
8839,0.0751,22.37,81,1,0.2678,41,0,38,app_store,1
8840,0.2316,34.26,36,2,0.2866,20,0,23,website,1
8841,0.0672,51.26,33,0,0.1605,46,0,9,website,1
8842,0.0428,17.49,18,1,0.0951,43,0,10,referral,0
8843,0.3379,18.03,25,1,0.0969,48,0,43,website,0
8844,0.0482,22.85,50,0,0.3337,26,0,34,app_store,1
8845,0.7185,83.87,8,1,0.1141,39,0,34,google_play,0
8846,0.2792,62.77,77,1,0.2994,28,0,16,app_store,1
8847,0.4014,36.42,18,0,0.3284,48,0,14,website,0
8848,0.379,35.47,53,1,0.0735,33,0,29,app_store,0
8849,0.2811,19.68,44,0,0.4056,20,1,41,app_store,1
8850,0.0601,42.12,15,1,0.2299,36,0,26,google_play,1
8851,0.1478,12.24,26,1,0.2306,60,0,8,google_play,1
8852,0.3943,34.31,46,0,0.3251,51,1,41,website,1
8853,0.3247,5.92,53,1,0.1313,67,0,26,google_play,1
8854,0.5693,7.78,15,1,0.2939,57,0,47,website,0
8855,0.257,6.33,27,0,0.1388,53,0,12,app_store,1
8856,0.4249,91.59,43,0,0.0264,54,0,11,referral,0
8857,0.2098,21.96,21,0,0.3083,25,0,45,google_play,0
8858,0.2201,9.52,12,0,0.0301,68,0,25,referral,1
8859,0.4824,135.12,57,0,0.1576,19,1,36,website,0
8860,0.0638,14.26,17,0,0.1277,33,0,39,google_play,0
8861,0.3284,35.45,65,1,0.3225,60,0,28,app_store,1
8862,0.315,14.18,12,0,0.2204,32,0,36,app_store,0
8863,0.2183,42.76,82,0,0.0679,55,0,45,google_play,0
8864,0.2073,24.28,47,0,0.1112,48,0,44,website,0
8865,0.1636,14.54,50,1,0.0703,36,0,1,google_play,0
8866,0.6685,9.63,36,0,0.0528,37,1,36,app_store,0
8867,0.1656,14.93,85,0,0.064,35,0,33,referral,0
8868,0.423,12.14,6,1,0.4772,34,0,26,website,0
8869,0.3605,7.15,19,0,0.0631,28,0,19,referral,0
8870,0.2257,41.02,65,1,0.2312,40,0,12,google_play,1
8871,0.1121,53.59,47,1,0.4828,64,0,37,app_store,1
8872,0.2208,15.23,48,1,0.1062,66,0,18,referral,0
8873,0.1806,5.71,41,1,0.077,26,0,41,website,0
8874,0.3818,31.63,45,0,0.1342,64,1,15,website,0
8875,0.2225,27.35,62,0,0.1762,64,0,4,app_store,0
8876,0.4111,12.18,46,3,0.069,68,0,45,website,0
8877,0.3908,23.54,20,0,0.262,24,0,1,website,0
8878,0.4586,3.56,74,1,0.5372,60,0,24,google_play,1
8879,0.5564,24.67,11,1,0.1082,25,0,7,referral,0
8880,0.3086,22.04,83,1,0.1537,51,0,38,website,1
8881,0.6497,62.21,39,0,0.1235,41,0,33,app_store,0
8882,0.4099,29.3,42,0,0.2636,31,0,5,google_play,0
8883,0.2387,26.14,61,1,0.2505,31,0,42,google_play,1
8884,0.2274,97.02,75,1,0.4608,18,0,17,app_store,1
8885,0.6741,14.08,64,0,0.0293,53,0,45,referral,0
8886,0.4099,8.61,14,3,0.0416,55,0,29,app_store,1
8887,0.3387,46.48,60,1,0.2091,44,0,30,google_play,1
8888,0.2929,51.0,68,0,0.0431,59,0,5,google_play,0
8889,0.3649,51.85,58,0,0.1248,43,1,1,referral,0
8890,0.3984,20.84,35,0,0.294,36,1,1,referral,0
8891,0.2787,14.91,14,1,0.2814,55,0,36,website,1
8892,0.4341,10.28,8,2,0.5072,38,1,31,app_store,1
8893,0.3286,13.18,71,0,0.0536,42,0,47,app_store,0
8894,0.5132,8.55,78,1,0.0378,45,0,47,website,0
8895,0.3753,18.03,50,1,0.2156,34,0,18,website,1
8896,0.4507,78.37,80,0,0.3084,65,0,28,app_store,1
8897,0.2365,16.75,6,1,0.2816,57,0,4,app_store,0
8898,0.2959,26.84,82,0,0.1645,58,0,29,google_play,0
8899,0.1916,35.98,22,1,0.3841,47,0,5,app_store,1
8900,0.0242,19.05,33,3,0.4029,51,0,4,google_play,1
8901,0.4535,18.95,23,0,0.0487,19,0,2,google_play,0
8902,0.1898,60.35,33,1,0.6495,45,0,26,google_play,0
8903,0.2777,27.95,11,0,0.1086,19,0,20,referral,0
8904,0.4001,54.08,44,0,0.2424,36,0,3,referral,0
8905,0.295,130.51,12,1,0.0104,24,0,25,google_play,0
8906,0.1056,13.34,15,1,0.1918,40,0,5,app_store,1
8907,0.1959,22.0,80,0,0.253,44,0,40,app_store,0
8908,0.1417,21.83,9,1,0.0576,39,0,17,referral,0
8909,0.0928,17.34,40,2,0.0073,46,0,37,app_store,1
8910,0.4662,18.14,46,1,0.162,30,1,44,app_store,0
8911,0.3237,65.5,37,2,0.2767,44,0,19,google_play,0
8912,0.567,26.3,44,0,0.0858,50,0,47,google_play,0
8913,0.3738,140.14,72,0,0.3116,35,1,45,google_play,1
8914,0.3474,18.46,31,0,0.4477,54,0,13,app_store,0
8915,0.2312,70.4,32,0,0.37,24,0,11,app_store,1
8916,0.5072,84.04,17,2,0.4433,33,0,34,google_play,0
8917,0.3238,23.15,28,0,0.3587,68,0,6,website,1
8918,0.114,33.55,78,0,0.0445,44,0,13,google_play,1
8919,0.1362,45.51,18,0,0.4354,18,1,45,google_play,0
8920,0.1422,16.61,16,1,0.3865,51,0,40,google_play,1
8921,0.2089,78.62,7,0,0.1165,53,0,17,referral,0
8922,0.6564,13.9,88,0,0.0593,41,0,5,app_store,0
8923,0.3693,17.04,17,0,0.2177,22,0,10,app_store,0
8924,0.214,17.17,18,2,0.3747,53,0,36,referral,1
8925,0.1505,28.72,73,0,0.7214,42,0,9,website,1
8926,0.1526,30.86,80,0,0.0368,32,0,24,google_play,0
8927,0.2807,15.71,50,0,0.1314,56,0,5,website,0
8928,0.489,22.66,26,0,0.133,59,0,43,google_play,0
8929,0.5359,11.24,52,1,0.0305,27,0,10,website,0
8930,0.3801,55.43,73,1,0.3806,64,1,15,google_play,1
8931,0.3465,39.9,33,2,0.1805,68,1,33,referral,0
8932,0.0513,19.24,71,1,0.5594,45,0,41,app_store,1
8933,0.144,21.44,44,0,0.013,50,0,47,referral,0
8934,0.3499,15.42,61,0,0.153,66,1,1,app_store,1
8935,0.5851,12.8,59,1,0.2016,32,0,26,website,1
8936,0.7485,11.51,39,0,0.4283,24,0,12,google_play,0
8937,0.5053,12.83,37,2,0.0906,23,0,19,app_store,0
8938,0.0693,47.99,72,1,0.2869,41,0,37,google_play,1
8939,0.0624,50.65,29,0,0.1632,48,0,1,referral,0
8940,0.2269,9.41,59,0,0.217,33,0,36,app_store,1
8941,0.5156,40.01,22,0,0.1654,47,0,8,website,0
8942,0.1942,10.44,59,0,0.2999,58,0,38,website,1
8943,0.3447,41.9,19,0,0.1718,30,0,18,app_store,0
8944,0.6648,26.02,45,0,0.1809,67,0,3,website,0
8945,0.5077,17.04,51,0,0.1235,37,1,4,app_store,1
8946,0.422,33.52,13,0,0.0737,59,1,15,referral,0
8947,0.28,63.06,6,2,0.2266,44,0,3,app_store,0
8948,0.2241,6.6,22,0,0.1553,49,1,40,website,0
8949,0.3293,54.41,14,0,0.0466,59,0,2,website,1
8950,0.1452,14.06,27,0,0.3359,21,1,2,google_play,0
8951,0.36,66.46,53,0,0.589,66,0,45,website,1
8952,0.5923,45.0,30,1,0.1487,23,0,8,app_store,0
8953,0.0503,11.19,72,2,0.1305,63,0,37,app_store,0
8954,0.0509,16.32,42,1,0.4892,47,0,41,referral,0
8955,0.3486,34.34,23,1,0.0802,35,0,17,website,1
8956,0.1149,47.6,1,0,0.2343,64,0,45,website,0
8957,0.2108,34.24,0,0,0.7491,66,0,37,app_store,1
8958,0.636,32.23,84,1,0.1109,18,1,22,app_store,0
8959,0.2236,15.69,60,1,0.6312,36,0,15,app_store,1
8960,0.4676,25.12,76,0,0.0886,62,0,42,website,0
8961,0.2331,23.3,3,0,0.2216,24,0,5,google_play,0
8962,0.344,8.58,19,2,0.0502,63,0,39,referral,1
8963,0.2979,31.03,29,2,0.2389,30,0,47,website,1
8964,0.4277,18.97,9,0,0.0199,23,0,40,website,1
8965,0.1146,64.27,40,1,0.2285,46,1,14,google_play,1
8966,0.4094,55.64,83,0,0.0648,26,0,19,google_play,0
8967,0.0419,27.91,68,1,0.3585,51,0,38,website,1
8968,0.2806,53.14,24,0,0.0118,61,0,2,website,0
8969,0.1724,37.74,69,0,0.2465,40,1,40,app_store,1
8970,0.7489,24.15,20,0,0.5303,66,0,45,app_store,0
8971,0.3734,9.11,37,1,0.1851,58,1,30,google_play,0
8972,0.0962,21.94,68,0,0.0087,53,0,24,app_store,1
8973,0.3585,19.42,78,0,0.2743,23,1,13,app_store,0
8974,0.4045,22.7,64,0,0.509,35,0,30,website,0
8975,0.2219,20.9,34,1,0.1671,63,0,38,app_store,0
8976,0.4489,53.11,24,1,0.0231,45,0,40,app_store,0
8977,0.1772,57.38,42,0,0.0805,58,0,3,app_store,0
8978,0.3943,17.43,73,0,0.4577,45,1,19,referral,0
8979,0.2458,9.71,35,1,0.1509,45,0,7,app_store,0
8980,0.745,12.43,41,0,0.1057,54,1,43,google_play,0
8981,0.2453,58.51,55,0,0.2448,27,0,21,app_store,0
8982,0.6337,47.94,53,1,0.1793,55,0,45,app_store,0
8983,0.0943,11.05,36,1,0.146,59,1,21,app_store,1
8984,0.276,8.79,22,0,0.184,33,1,31,app_store,0
8985,0.0556,16.22,83,0,0.187,60,0,3,referral,1
8986,0.4562,86.23,88,0,0.7968,35,0,26,app_store,0
8987,0.4582,32.9,75,0,0.1744,30,0,26,google_play,0
8988,0.3727,20.79,16,0,0.492,64,0,11,website,0
8989,0.2005,22.47,35,1,0.136,19,0,13,google_play,1
8990,0.0668,6.57,35,2,0.2008,29,0,40,website,1
8991,0.6285,20.0,2,0,0.0547,22,1,31,app_store,0
8992,0.085,58.45,46,0,0.1144,55,0,27,app_store,1
8993,0.2415,18.61,49,0,0.2797,33,0,45,app_store,1
8994,0.5099,20.68,64,0,0.3031,51,0,5,google_play,1
8995,0.2247,30.89,21,1,0.0838,24,0,46,app_store,1
8996,0.124,11.17,41,0,0.0097,54,0,42,app_store,0
8997,0.315,30.97,28,2,0.4914,69,0,19,referral,1
8998,0.2824,13.74,13,0,0.1648,27,0,23,google_play,0
8999,0.1383,17.3,41,0,0.1052,19,0,11,google_play,1
9000,0.5677,18.83,18,0,0.2588,59,0,44,google_play,0
9001,0.2716,18.83,72,0,0.1621,26,0,40,referral,0
9002,0.3311,26.35,42,1,0.1677,45,0,24,google_play,1
9003,0.17,23.3,67,1,0.3604,56,0,26,app_store,1
9004,0.2872,21.6,19,0,0.1867,38,0,30,app_store,0
9005,0.2119,26.72,50,1,0.0334,68,0,38,website,0
9006,0.2225,13.0,28,1,0.2103,63,0,24,referral,0
9007,0.4294,5.42,65,1,0.193,57,0,42,app_store,1
9008,0.5962,24.38,80,1,0.1992,51,0,45,website,0
9009,0.1462,15.16,27,1,0.1502,36,1,11,app_store,1
9010,0.3437,33.73,41,0,0.1057,60,1,39,referral,0
9011,0.3674,16.67,44,0,0.0331,56,1,19,google_play,0
9012,0.3527,6.5,19,0,0.0473,22,0,41,app_store,0
9013,0.1182,22.56,6,1,0.0472,62,0,12,google_play,1
9014,0.0583,51.22,68,1,0.4669,29,0,43,referral,1
9015,0.1862,30.54,4,1,0.3356,45,0,27,google_play,0
9016,0.4006,9.08,1,1,0.1235,23,1,3,website,1
9017,0.5631,15.83,14,0,0.2369,68,0,31,website,0
9018,0.0628,17.33,41,0,0.1052,51,1,42,app_store,1
9019,0.4131,21.57,67,2,0.0793,58,0,36,website,0
9020,0.1105,16.27,82,0,0.2663,42,0,39,google_play,1
9021,0.6663,7.18,82,1,0.4456,49,1,29,app_store,1
9022,0.2127,22.28,84,0,0.511,20,0,25,website,1
9023,0.4589,66.86,55,0,0.1774,49,1,31,app_store,0
9024,0.2063,15.53,44,1,0.1071,49,0,1,website,0
9025,0.6047,10.27,3,1,0.0853,19,0,5,app_store,0
9026,0.3072,66.5,41,1,0.1839,43,0,17,referral,1
9027,0.2077,94.13,56,0,0.3949,59,0,29,website,1
9028,0.0186,18.44,63,0,0.0262,23,0,8,website,1
9029,0.2678,28.97,24,1,0.0925,43,1,15,google_play,0
9030,0.557,28.63,28,2,0.3092,48,0,40,google_play,0
9031,0.1584,45.7,79,2,0.3109,32,1,12,referral,1
9032,0.4004,11.22,75,0,0.217,63,0,40,app_store,1
9033,0.19,24.02,65,0,0.3536,54,0,23,app_store,1
9034,0.1436,11.44,34,2,0.1122,47,0,45,website,1
9035,0.078,31.24,32,0,0.7124,40,0,42,website,1
9036,0.2524,70.75,46,0,0.0338,25,1,34,app_store,0
9037,0.2795,30.98,39,1,0.1108,39,0,38,app_store,0
9038,0.5168,13.53,71,0,0.463,30,1,44,google_play,1
9039,0.1446,49.25,64,1,0.3059,50,0,32,app_store,1
9040,0.5267,15.99,15,2,0.2771,42,0,8,app_store,1
9041,0.037,34.17,83,1,0.167,32,0,42,website,0
9042,0.0696,14.25,41,0,0.0183,22,0,29,google_play,0
9043,0.2267,9.68,26,0,0.6963,40,0,39,google_play,0
9044,0.0346,14.41,38,1,0.1442,18,0,21,referral,1
9045,0.1398,3.7,69,2,0.049,36,0,33,app_store,1
9046,0.3777,11.49,31,1,0.1165,54,0,4,google_play,0
9047,0.1459,109.83,61,0,0.1685,67,0,39,referral,0
9048,0.4461,3.41,55,1,0.0195,22,0,39,google_play,0
9049,0.2585,8.17,21,0,0.1373,64,1,25,app_store,0
9050,0.2702,83.03,51,0,0.3528,53,0,38,google_play,1
9051,0.0512,12.53,22,0,0.2148,45,0,17,google_play,0
9052,0.2044,18.5,71,0,0.0333,58,0,4,google_play,0
9053,0.2059,24.27,19,1,0.054,45,0,30,referral,0
9054,0.2934,7.74,29,1,0.0657,21,0,42,website,0
9055,0.7137,50.94,15,0,0.1473,50,0,35,referral,0
9056,0.4048,22.55,28,1,0.3201,22,0,12,website,1
9057,0.1673,15.73,27,0,0.2199,30,0,41,referral,1
9058,0.3856,47.5,34,0,0.2496,51,1,14,google_play,0
9059,0.2183,9.66,11,0,0.0682,37,1,46,app_store,0
9060,0.3567,25.2,62,1,0.2298,46,0,17,referral,1
9061,0.1723,12.06,22,0,0.0364,69,0,22,referral,0
9062,0.2411,10.19,33,0,0.2394,35,0,34,app_store,1
9063,0.4177,99.66,32,1,0.3291,46,0,4,website,0
9064,0.1179,26.79,88,2,0.1972,45,0,11,website,1
9065,0.0185,47.62,50,0,0.2469,27,0,47,app_store,1
9066,0.2356,17.05,76,0,0.2334,66,0,18,app_store,0
9067,0.3727,11.94,39,1,0.0896,52,0,41,referral,0
9068,0.2608,2.77,71,1,0.1544,46,0,11,app_store,0
9069,0.2142,19.65,28,0,0.1923,58,1,31,app_store,0
9070,0.5872,7.68,48,0,0.0429,36,0,21,website,0
9071,0.2829,26.21,10,1,0.39,48,0,21,app_store,1
9072,0.0365,9.93,24,2,0.4051,67,1,26,google_play,1
9073,0.3058,34.04,50,0,0.141,62,0,38,app_store,0
9074,0.3447,103.64,34,0,0.2121,25,1,42,referral,0
9075,0.434,177.36,75,2,0.3764,51,1,27,app_store,0
9076,0.1979,30.7,45,1,0.1799,66,1,21,website,0
9077,0.2759,24.34,55,1,0.3257,61,0,10,website,1
9078,0.1277,15.02,13,0,0.2934,47,0,15,website,0
9079,0.5487,14.2,51,1,0.1877,23,0,10,app_store,0
9080,0.1588,12.9,7,1,0.2222,22,0,2,app_store,1
9081,0.3125,69.25,34,0,0.2371,64,1,32,referral,1
9082,0.3183,18.65,8,0,0.2913,33,0,21,google_play,1
9083,0.0357,111.3,47,0,0.073,65,0,33,website,1
9084,0.252,12.81,58,0,0.133,66,0,33,google_play,0
9085,0.3703,22.23,60,1,0.0315,19,0,26,app_store,0
9086,0.3194,10.1,81,0,0.2323,24,1,46,google_play,1
9087,0.441,35.61,26,0,0.0778,23,0,31,app_store,0
9088,0.233,21.29,67,2,0.3866,38,0,42,app_store,1
9089,0.536,23.96,85,0,0.407,35,0,40,website,0
9090,0.3613,19.75,49,1,0.0985,48,0,8,google_play,0
9091,0.3959,36.22,1,0,0.194,45,0,39,app_store,0
9092,0.265,39.23,70,0,0.3921,63,0,13,app_store,0
9093,0.4343,43.89,30,2,0.202,52,1,38,google_play,0
9094,0.0492,12.7,7,2,0.0934,22,0,23,website,1
9095,0.3791,30.71,88,0,0.1429,23,1,32,referral,0
9096,0.362,17.32,37,1,0.1601,55,0,36,website,0
9097,0.0243,62.18,72,0,0.2067,50,0,8,google_play,1
9098,0.36,29.17,27,2,0.3105,25,0,13,app_store,1
9099,0.2975,30.27,5,0,0.2425,45,0,3,website,0
9100,0.2107,20.21,47,1,0.0983,52,0,15,website,1
9101,0.2168,13.88,32,0,0.1721,52,0,28,website,0
9102,0.0599,25.83,60,1,0.0724,56,0,26,google_play,0
9103,0.1364,57.83,61,0,0.1211,50,0,26,google_play,0
9104,0.1742,14.32,78,2,0.0902,60,0,23,google_play,0
9105,0.277,61.8,49,0,0.1719,32,0,40,referral,0
9106,0.1789,36.55,63,0,0.4839,37,0,36,google_play,1
9107,0.3262,5.92,84,1,0.1206,41,0,6,website,0
9108,0.462,12.92,86,1,0.1368,21,1,17,website,0
9109,0.3096,121.74,71,1,0.0183,43,0,9,google_play,1
9110,0.1306,22.53,56,0,0.1821,30,0,20,app_store,1
9111,0.2065,13.03,59,2,0.1121,43,0,8,google_play,1
9112,0.1886,13.32,77,0,0.2109,64,0,47,website,0
9113,0.4474,22.3,54,1,0.2747,25,0,46,app_store,1
9114,0.374,46.65,55,1,0.012,26,0,13,referral,1
9115,0.7046,19.37,89,0,0.2148,21,0,19,app_store,0
9116,0.6476,14.26,70,0,0.0802,59,0,21,google_play,0
9117,0.204,5.02,45,0,0.0981,50,0,17,website,1
9118,0.1728,12.98,50,2,0.0978,44,0,42,website,1
9119,0.4119,15.05,0,1,0.0309,56,0,10,app_store,0
9120,0.1091,30.72,44,1,0.5956,68,0,30,website,1
9121,0.3954,32.59,66,0,0.3789,60,1,40,google_play,1
9122,0.2419,67.17,28,0,0.0885,62,0,15,app_store,0
9123,0.2068,10.66,47,3,0.1169,55,0,41,google_play,0
9124,0.0447,26.94,43,1,0.129,37,0,37,google_play,1
9125,0.4656,27.45,75,0,0.4099,49,0,9,website,1
9126,0.0555,12.18,28,1,0.0134,41,0,14,google_play,1
9127,0.2765,46.48,40,0,0.3434,57,0,18,website,1
9128,0.2202,80.88,19,0,0.4051,34,0,44,website,0
9129,0.1429,24.95,14,0,0.3572,56,0,30,referral,0
9130,0.2148,17.56,52,1,0.2963,18,0,19,referral,1
9131,0.2518,69.81,59,0,0.2119,38,0,17,website,1
9132,0.3891,33.3,51,1,0.6696,19,0,40,google_play,1
9133,0.278,10.48,82,0,0.032,50,0,19,google_play,0
9134,0.5501,21.42,63,0,0.3529,60,0,2,website,1
9135,0.3976,19.04,8,2,0.3914,45,0,37,app_store,1
9136,0.1626,13.57,52,0,0.0397,42,0,2,app_store,1
9137,0.3042,14.02,16,0,0.1024,30,0,36,app_store,0
9138,0.0932,15.35,7,1,0.1719,41,0,12,app_store,0
9139,0.2132,43.27,20,1,0.0462,52,1,44,referral,0
9140,0.2545,19.96,70,1,0.3016,60,0,33,google_play,1
9141,0.0682,26.06,12,1,0.1008,24,0,19,app_store,1
9142,0.166,48.29,89,1,0.0032,28,0,34,referral,0
9143,0.455,19.9,50,0,0.0331,20,0,47,referral,0
9144,0.424,10.57,32,1,0.143,33,0,5,website,1
9145,0.1946,47.51,6,0,0.3234,66,0,14,app_store,0
9146,0.6522,18.8,28,0,0.3749,62,1,24,website,0
9147,0.4443,85.38,88,1,0.1537,31,0,26,app_store,0
9148,0.3884,49.71,38,1,0.0517,55,0,40,google_play,0
9149,0.1025,35.53,15,1,0.1668,48,0,45,website,1
9150,0.1534,28.74,84,1,0.1175,43,0,41,app_store,1
9151,0.1613,53.83,4,1,0.2556,32,0,40,referral,0
9152,0.0488,29.21,42,0,0.0296,35,1,33,referral,0
9153,0.3055,5.37,30,0,0.2234,67,0,30,app_store,0
9154,0.1202,22.85,36,0,0.0927,31,1,4,google_play,0
9155,0.451,36.6,42,0,0.1305,30,0,16,referral,0
9156,0.3443,12.15,39,0,0.1185,30,0,34,website,0
9157,0.4374,150.59,74,1,0.0889,40,1,25,website,0
9158,0.1641,22.14,7,0,0.1621,30,0,43,referral,0
9159,0.3726,36.35,55,0,0.0239,29,0,29,referral,0
9160,0.5324,55.73,54,0,0.1697,27,0,42,referral,0
9161,0.252,37.45,88,0,0.1544,63,0,38,website,0
9162,0.3298,22.77,82,0,0.3394,29,0,7,referral,1
9163,0.3281,32.48,35,0,0.1093,20,0,28,app_store,1
9164,0.4399,21.43,49,0,0.0727,36,0,6,referral,0
9165,0.2573,22.97,8,0,0.3126,61,0,44,referral,0
9166,0.2007,10.99,73,0,0.383,35,0,41,app_store,1
9167,0.0807,20.45,81,0,0.4847,68,1,18,app_store,1
9168,0.1661,10.57,78,1,0.2333,19,1,22,website,1
9169,0.033,24.45,51,0,0.0171,50,0,25,google_play,0
9170,0.4481,18.45,78,0,0.1362,32,1,16,app_store,0
9171,0.0471,34.85,45,2,0.5643,57,0,1,website,1
9172,0.3826,8.61,13,0,0.2996,20,1,38,app_store,0
9173,0.5685,12.81,40,0,0.1042,33,0,11,app_store,0
9174,0.5388,12.88,3,1,0.0527,58,0,16,google_play,0
9175,0.2014,24.28,16,0,0.1176,38,0,22,google_play,0
9176,0.1028,20.67,43,0,0.3678,28,0,3,referral,0
9177,0.4069,52.86,33,0,0.1097,18,0,33,app_store,0
9178,0.1093,25.26,2,0,0.1683,32,0,1,website,0
9179,0.1217,24.53,29,0,0.0635,55,0,8,website,1
9180,0.3907,11.72,39,0,0.1273,60,0,21,website,0
9181,0.3774,20.04,32,0,0.0142,43,0,5,referral,1
9182,0.6297,9.64,41,0,0.25,49,1,45,referral,0
9183,0.1766,34.66,24,1,0.1717,57,0,17,website,1
9184,0.2357,43.88,35,1,0.3861,31,0,26,app_store,0
9185,0.1992,8.54,45,0,0.1733,66,0,33,website,0
9186,0.1008,25.31,16,0,0.083,23,0,16,referral,1
9187,0.223,22.8,67,0,0.109,34,0,32,app_store,0
9188,0.2019,57.0,23,0,0.2008,50,0,8,app_store,0
9189,0.1354,12.19,86,0,0.1926,18,1,19,website,0
9190,0.3366,14.41,30,1,0.0206,54,0,27,app_store,1
9191,0.0859,29.51,10,1,0.1351,26,1,27,website,1
9192,0.179,17.44,48,1,0.044,35,0,25,app_store,0
9193,0.3175,18.09,78,1,0.0083,24,0,29,referral,0
9194,0.7292,17.86,48,4,0.1214,58,0,32,app_store,0
9195,0.1976,35.37,31,1,0.397,26,0,40,website,0
9196,0.0557,54.34,77,0,0.1338,54,0,14,app_store,1
9197,0.4164,23.16,46,1,0.3755,21,0,26,app_store,1
9198,0.1801,20.3,41,0,0.3724,41,0,41,app_store,1
9199,0.4195,39.06,10,2,0.371,18,1,16,website,0
9200,0.5527,28.35,59,1,0.4979,19,0,35,referral,1
9201,0.0961,27.42,12,2,0.0223,62,1,16,app_store,0
9202,0.2154,54.25,66,0,0.1031,29,0,36,app_store,0
9203,0.5505,11.63,73,1,0.1813,41,1,19,google_play,0
9204,0.1894,20.4,52,2,0.246,35,1,47,app_store,1
9205,0.3149,12.35,46,0,0.1226,54,1,42,referral,0
9206,0.3079,16.85,81,1,0.2102,47,0,36,google_play,1
9207,0.0007,10.05,21,2,0.7209,37,0,28,app_store,1
9208,0.3569,18.83,8,1,0.0417,20,0,44,google_play,0
9209,0.3013,31.79,83,0,0.2488,67,0,14,google_play,1
9210,0.3784,3.89,23,1,0.3851,48,0,29,website,0
9211,0.2102,19.52,77,0,0.0617,22,0,43,google_play,0
9212,0.2764,23.04,13,0,0.1598,21,0,27,google_play,0
9213,0.6263,20.23,34,1,0.1631,25,0,24,website,0
9214,0.0275,7.59,72,0,0.0677,47,1,29,website,0
9215,0.5063,47.89,18,0,0.287,47,0,20,app_store,1
9216,0.1613,47.45,18,0,0.6138,27,0,15,app_store,1
9217,0.177,54.62,31,0,0.0492,30,0,29,google_play,0
9218,0.2508,16.59,62,0,0.0595,65,0,35,app_store,0
9219,0.4763,27.68,62,0,0.073,35,0,38,website,0
9220,0.2173,14.72,63,1,0.0902,48,0,19,website,0
9221,0.0653,11.58,29,1,0.1206,49,0,20,app_store,1
9222,0.5567,11.16,67,0,0.0895,28,1,38,app_store,0
9223,0.3911,28.23,42,1,0.6037,63,0,45,referral,0
9224,0.3357,44.04,33,0,0.2835,53,0,43,website,0
9225,0.152,60.37,85,2,0.8867,21,1,45,referral,1
9226,0.0726,23.7,89,2,0.266,28,0,5,app_store,1
9227,0.453,15.22,84,0,0.0617,45,1,16,website,0
9228,0.0859,22.93,48,1,0.3174,39,0,11,google_play,1
9229,0.3496,48.42,40,0,0.0702,22,0,14,website,0
9230,0.2769,76.38,9,1,0.382,54,0,15,app_store,1
9231,0.2702,55.93,80,0,0.058,54,1,13,referral,0
9232,0.1736,52.2,24,0,0.3886,56,0,5,app_store,0
9233,0.3474,63.63,34,1,0.04,44,0,12,google_play,0
9234,0.1965,25.83,31,0,0.3721,66,0,11,referral,1
9235,0.2405,29.88,43,0,0.2081,65,0,38,google_play,0
9236,0.2707,51.53,33,0,0.1669,24,0,9,app_store,0
9237,0.462,35.18,19,2,0.2839,59,0,24,app_store,1
9238,0.3864,45.01,30,1,0.1324,60,0,45,website,0
9239,0.0488,16.03,22,1,0.18,24,1,4,website,0
9240,0.5279,65.3,68,1,0.0247,30,0,28,google_play,0
9241,0.3817,17.3,62,0,0.0778,29,0,7,website,0
9242,0.6479,53.44,0,0,0.012,57,0,8,app_store,1
9243,0.1335,23.04,70,1,0.2027,51,0,17,app_store,1
9244,0.0703,16.89,56,1,0.0594,41,0,43,app_store,0
9245,0.1801,6.08,51,1,0.0762,39,0,15,google_play,1
9246,0.3302,21.06,43,1,0.0565,48,1,3,referral,1
9247,0.0678,10.25,57,0,0.0706,41,0,10,website,0
9248,0.1433,12.86,5,1,0.4951,30,0,43,app_store,1
9249,0.3411,35.04,28,2,0.0086,64,0,33,app_store,0
9250,0.0145,8.48,52,1,0.1573,47,0,9,website,1
9251,0.2097,58.05,81,0,0.1936,41,0,42,website,0
9252,0.3414,143.21,20,2,0.0596,56,0,45,google_play,1
9253,0.2523,17.49,62,1,0.3566,41,0,32,app_store,0
9254,0.1528,57.01,83,1,0.2054,53,0,35,google_play,1
9255,0.3598,9.23,78,1,0.2037,21,0,34,website,1
9256,0.0325,32.46,67,0,0.2997,37,0,33,website,1
9257,0.6355,31.45,69,1,0.1826,58,1,28,referral,0
9258,0.1477,211.16,57,0,0.2685,51,0,41,google_play,1
9259,0.0506,18.91,42,1,0.1192,43,1,36,website,1
9260,0.3584,33.9,79,1,0.2452,53,0,27,referral,1
9261,0.5492,21.56,60,0,0.1723,59,1,37,google_play,0
9262,0.4351,18.92,82,0,0.1934,27,1,11,website,1
9263,0.1829,22.27,12,0,0.1825,69,0,39,app_store,0
9264,0.6015,21.5,8,0,0.0985,51,0,30,app_store,0
9265,0.229,15.75,32,1,0.1401,53,1,1,google_play,1
9266,0.5939,29.59,12,3,0.4622,30,1,13,google_play,1
9267,0.1741,13.11,53,0,0.061,38,0,2,app_store,0
9268,0.6615,18.55,78,0,0.0774,39,0,21,referral,0
9269,0.368,94.17,15,2,0.0468,36,1,30,website,0
9270,0.7382,22.62,77,1,0.2946,44,1,8,google_play,1
9271,0.2541,45.63,73,1,0.1077,64,1,32,website,0
9272,0.2894,23.26,5,0,0.2407,27,0,30,google_play,0
9273,0.1912,42.01,34,0,0.129,53,0,1,app_store,0
9274,0.2134,21.71,44,1,0.0626,51,0,29,google_play,0
9275,0.0256,4.02,82,0,0.0922,19,0,25,referral,1
9276,0.0876,24.01,45,0,0.1168,34,0,1,app_store,1
9277,0.1596,12.17,74,0,0.1515,40,0,28,google_play,1
9278,0.1893,19.88,38,0,0.0937,26,0,28,google_play,0
9279,0.3265,39.72,24,0,0.2311,27,1,28,google_play,0
9280,0.2418,87.49,69,0,0.0805,29,0,33,referral,0
9281,0.0387,9.15,0,1,0.0474,25,0,6,referral,1
9282,0.1419,20.75,44,0,0.2518,29,0,40,referral,0
9283,0.0744,24.83,6,0,0.1231,53,0,5,app_store,1
9284,0.2402,25.39,3,1,0.3472,28,0,19,google_play,1
9285,0.0804,25.5,7,1,0.6807,29,0,17,website,1
9286,0.0573,36.39,12,0,0.0832,28,0,47,app_store,1
9287,0.1048,18.06,26,3,0.2887,39,0,24,website,1
9288,0.3932,21.35,85,1,0.0447,57,0,16,google_play,0
9289,0.4795,32.33,1,0,0.1624,23,0,46,app_store,0
9290,0.2732,15.04,82,1,0.3854,41,0,12,google_play,1
9291,0.5884,16.22,41,0,0.1758,21,0,5,google_play,0
9292,0.0999,23.42,74,1,0.3832,41,0,20,website,1
9293,0.6067,16.22,52,0,0.119,43,0,41,google_play,0
9294,0.1202,12.37,65,1,0.0331,44,0,47,website,0
9295,0.1371,11.4,70,0,0.1506,32,0,2,website,0
9296,0.2588,23.8,61,2,0.1507,47,0,30,website,1
9297,0.2593,64.02,80,0,0.238,42,0,42,referral,1
9298,0.0869,32.29,86,0,0.0841,23,0,29,google_play,0
9299,0.178,12.6,2,0,0.1647,52,0,37,app_store,0
9300,0.3332,72.52,19,0,0.223,51,0,11,website,0
9301,0.6112,17.27,88,1,0.2485,56,0,30,app_store,1
9302,0.4431,74.51,69,0,0.2459,19,0,40,website,1
9303,0.1991,23.29,51,0,0.3137,34,0,28,app_store,1
9304,0.2629,29.56,44,0,0.1039,64,0,22,website,0
9305,0.4831,18.99,58,0,0.0736,34,1,44,app_store,0
9306,0.3364,19.9,65,0,0.1736,60,0,2,google_play,0
9307,0.1749,64.56,20,1,0.5862,22,0,34,website,1
9308,0.2491,21.64,76,0,0.0427,38,1,30,website,0
9309,0.5744,47.47,42,2,0.2243,23,0,40,website,1
9310,0.1338,25.36,68,0,0.0961,52,0,37,referral,0
9311,0.5334,22.62,30,0,0.0253,61,0,27,google_play,0
9312,0.37,37.97,75,0,0.3857,63,0,46,app_store,0
9313,0.1046,22.58,36,0,0.2394,59,0,22,google_play,0
9314,0.2021,14.13,41,0,0.0238,23,0,46,google_play,0
9315,0.4496,14.43,33,0,0.1248,30,0,34,google_play,0
9316,0.4159,36.79,47,0,0.0355,68,1,23,google_play,0
9317,0.3076,5.22,14,1,0.0629,46,0,1,google_play,0
9318,0.2197,31.92,17,1,0.2798,62,0,21,app_store,1
9319,0.3629,8.97,29,1,0.3797,23,1,39,google_play,1
9320,0.0434,27.73,62,0,0.325,67,1,4,google_play,1
9321,0.5127,62.62,66,0,0.449,22,0,27,referral,0
9322,0.5471,13.21,57,1,0.3965,69,0,28,referral,1
9323,0.2297,35.4,24,1,0.1317,64,0,2,website,1
9324,0.3491,53.89,12,1,0.0362,37,1,9,website,0
9325,0.1123,16.39,66,1,0.0355,46,1,42,app_store,0
9326,0.4312,15.6,59,1,0.0254,67,0,19,website,0
9327,0.1206,31.9,41,2,0.5538,46,0,24,google_play,1
9328,0.3236,58.85,41,0,0.1672,26,0,45,google_play,0
9329,0.1394,121.23,87,0,0.1818,26,0,41,app_store,0
9330,0.4307,14.61,56,0,0.4195,64,0,22,app_store,1
9331,0.4898,38.6,32,1,0.5484,39,1,26,website,0
9332,0.1807,17.53,29,2,0.1735,58,0,34,app_store,0
9333,0.3983,11.13,86,2,0.1073,40,1,39,app_store,0
9334,0.1716,20.83,43,1,0.344,53,0,16,website,1
9335,0.1177,20.87,4,0,0.2066,56,0,37,app_store,0
9336,0.415,26.06,16,0,0.0453,48,1,43,app_store,0
9337,0.3379,32.89,8,0,0.2845,55,0,18,google_play,0
9338,0.1938,28.87,10,0,0.0674,19,0,43,app_store,1
9339,0.1856,57.43,23,0,0.0501,40,0,30,referral,0
9340,0.124,91.36,34,0,0.1544,50,0,22,google_play,0
9341,0.413,24.8,79,0,0.3835,59,0,43,referral,1
9342,0.4262,17.38,70,0,0.0052,65,1,17,referral,0
9343,0.2928,21.34,65,0,0.2321,30,0,44,app_store,1
9344,0.1843,20.88,86,0,0.0186,50,1,36,google_play,0
9345,0.1796,16.22,24,1,0.1125,28,1,15,google_play,1
9346,0.1781,8.59,87,1,0.0493,26,0,3,google_play,0
9347,0.2316,9.55,0,1,0.3259,29,0,30,website,1
9348,0.3662,39.59,0,5,0.1721,54,0,21,app_store,1
9349,0.2046,41.47,73,0,0.2918,57,0,8,app_store,1
9350,0.243,30.81,39,0,0.3045,28,0,5,google_play,1
9351,0.156,20.71,76,1,0.1596,26,0,37,google_play,1
9352,0.0359,17.23,11,0,0.1603,36,0,24,app_store,0
9353,0.1799,9.39,23,1,0.2541,54,0,41,website,0
9354,0.5507,15.55,76,0,0.0139,41,0,36,referral,0
9355,0.1048,14.7,2,0,0.5163,46,0,24,google_play,0
9356,0.297,9.12,82,0,0.1247,29,0,22,google_play,0
9357,0.1399,28.57,87,0,0.1039,63,0,16,app_store,0
9358,0.2728,14.63,26,1,0.2755,34,0,11,google_play,1
9359,0.0732,25.24,33,0,0.1666,44,0,41,referral,0
9360,0.2719,8.71,19,0,0.4182,55,0,36,app_store,0
9361,0.5137,37.01,20,0,0.0454,37,0,32,website,0
9362,0.1373,33.13,74,1,0.0544,28,0,25,website,0
9363,0.253,17.13,87,0,0.0602,32,0,3,website,0
9364,0.2989,64.16,60,1,0.3052,47,0,13,google_play,1
9365,0.1269,23.18,66,0,0.1074,47,0,46,app_store,0
9366,0.1078,26.98,0,1,0.0234,46,1,36,app_store,0
9367,0.1183,8.22,15,1,0.1739,23,0,30,website,0
9368,0.2554,14.18,23,0,0.0957,66,1,13,google_play,0
9369,0.0681,15.55,41,0,0.477,26,0,12,app_store,1
9370,0.594,42.41,21,0,0.2508,40,0,5,app_store,0
9371,0.3709,48.16,37,0,0.522,57,0,19,referral,1
9372,0.519,16.46,47,1,0.1186,25,0,45,website,0
9373,0.422,27.64,35,3,0.2749,67,0,9,app_store,1
9374,0.1293,44.69,63,2,0.0259,44,1,15,google_play,0
9375,0.3474,19.34,60,0,0.2818,37,0,8,google_play,0
9376,0.2689,8.82,35,0,0.2049,61,0,30,referral,0
9377,0.3294,40.35,11,2,0.1899,61,0,17,app_store,0
9378,0.2986,33.03,88,2,0.088,69,1,45,google_play,0
9379,0.395,30.08,39,0,0.0871,45,0,42,google_play,0
9380,0.6151,48.03,35,0,0.1639,41,0,12,website,0
9381,0.5337,50.87,48,0,0.2222,53,0,33,website,1
9382,0.0829,37.89,64,0,0.1338,48,0,9,referral,0
9383,0.2372,10.81,56,0,0.0096,44,1,47,referral,0
9384,0.4155,8.51,77,0,0.0972,68,0,40,google_play,0
9385,0.244,31.35,13,1,0.0255,65,0,26,website,0
9386,0.1465,25.68,61,1,0.0197,51,0,26,app_store,0
9387,0.4259,27.06,74,2,0.2577,31,0,2,app_store,1
9388,0.4557,80.13,63,0,0.2518,50,0,37,website,1
9389,0.5055,46.63,50,1,0.0381,41,0,17,referral,0
9390,0.2268,21.56,29,0,0.0524,48,1,43,app_store,0
9391,0.4709,14.65,86,1,0.1022,69,0,16,referral,0
9392,0.2374,38.53,67,1,0.1118,60,0,26,google_play,0
9393,0.1706,33.91,33,0,0.1334,43,0,6,website,0
9394,0.7475,21.1,88,1,0.0256,64,0,45,google_play,0
9395,0.3078,3.61,82,0,0.0587,63,0,36,website,0
9396,0.0281,12.54,36,1,0.1282,35,0,21,google_play,1
9397,0.1567,44.4,8,0,0.1047,33,0,20,website,0
9398,0.2439,9.93,19,0,0.452,18,0,28,app_store,0
9399,0.3188,36.8,87,0,0.0875,65,0,46,website,0
9400,0.1828,33.47,86,1,0.1282,56,0,21,app_store,1
9401,0.4107,12.26,69,0,0.5302,62,0,31,referral,1
9402,0.4626,46.06,12,2,0.1056,23,0,17,google_play,0
9403,0.5227,23.2,39,2,0.2373,65,0,12,google_play,1
9404,0.4083,22.11,54,0,0.1337,38,1,16,google_play,0
9405,0.1816,10.97,6,0,0.0855,52,0,21,app_store,0
9406,0.2554,60.84,53,1,0.1392,63,0,11,google_play,0
9407,0.2335,10.65,72,1,0.2687,67,0,22,app_store,1
9408,0.5046,10.56,72,0,0.1152,42,0,12,app_store,0
9409,0.3206,27.09,37,2,0.263,35,0,19,website,1
9410,0.1343,12.35,65,0,0.2274,19,1,7,referral,0
9411,0.2032,104.33,56,0,0.0509,50,0,18,app_store,0
9412,0.3307,12.29,37,1,0.066,29,0,15,website,1
9413,0.1704,42.74,39,1,0.0373,55,0,32,app_store,0
9414,0.1276,77.48,70,1,0.1213,63,0,3,app_store,0
9415,0.1961,40.49,20,0,0.0835,58,1,7,google_play,0
9416,0.1807,14.46,76,0,0.1358,60,0,46,website,0
9417,0.2044,31.2,7,1,0.4726,52,0,30,referral,0
9418,0.411,63.35,20,0,0.1535,65,0,29,app_store,0
9419,0.1179,8.59,88,1,0.1182,64,0,41,website,1
9420,0.3581,52.9,57,1,0.1494,26,0,45,website,0
9421,0.2372,34.6,22,0,0.0811,49,0,9,google_play,0
9422,0.3483,92.11,6,0,0.1011,60,1,23,website,0
9423,0.5722,33.11,40,2,0.0314,30,0,29,google_play,0
9424,0.3722,27.29,80,0,0.2735,18,0,28,google_play,1
9425,0.1717,39.59,51,1,0.3101,31,0,26,google_play,1
9426,0.3553,10.3,5,0,0.3089,36,0,9,google_play,0
9427,0.2765,13.86,70,0,0.1227,28,0,32,referral,0
9428,0.3507,25.75,44,1,0.2233,32,0,1,google_play,0
9429,0.1041,17.0,24,1,0.1636,19,1,8,website,1
9430,0.1547,15.99,46,0,0.3694,56,1,46,google_play,1
9431,0.5288,102.16,69,1,0.0793,47,0,29,app_store,0
9432,0.2274,86.12,67,1,0.2879,62,1,9,website,1
9433,0.1293,4.14,11,1,0.1983,50,0,31,app_store,0
9434,0.4891,25.23,18,0,0.31,63,0,17,app_store,0
9435,0.1789,10.65,73,0,0.293,35,0,10,google_play,1
9436,0.1889,54.9,27,0,0.0814,61,0,43,app_store,0
9437,0.2093,28.67,81,1,0.0619,53,0,11,referral,1
9438,0.4395,68.41,11,0,0.1049,67,0,18,referral,0
9439,0.1593,13.42,81,0,0.0827,18,0,14,website,0
9440,0.1543,12.62,44,0,0.2204,61,1,7,referral,0
9441,0.0667,21.05,3,1,0.0314,29,1,42,website,0
9442,0.3554,16.15,10,0,0.236,57,0,33,app_store,0
9443,0.1858,23.0,44,0,0.0631,51,0,22,website,0
9444,0.2594,56.31,8,1,0.2499,45,0,9,website,1
9445,0.1225,34.03,80,0,0.2753,38,1,16,google_play,1
9446,0.178,19.93,1,0,0.3823,28,0,38,google_play,1
9447,0.1485,25.48,71,0,0.169,41,0,2,app_store,0
9448,0.3156,8.1,78,1,0.0824,21,0,27,website,0
9449,0.2709,6.25,79,0,0.37,34,0,15,app_store,1
9450,0.1071,57.27,17,0,0.0509,44,0,31,google_play,1
9451,0.5846,14.4,64,2,0.1229,23,0,36,website,1
9452,0.3801,66.93,64,0,0.0332,61,0,9,website,0
9453,0.3499,19.8,76,1,0.0474,55,1,43,app_store,0
9454,0.322,26.95,68,0,0.0622,18,0,14,app_store,0
9455,0.097,43.88,5,0,0.3603,49,0,36,google_play,0
9456,0.1415,47.62,59,0,0.1107,67,0,6,google_play,1
9457,0.0294,17.12,17,0,0.0721,50,0,42,referral,1
9458,0.2013,25.78,6,0,0.1876,28,0,31,website,0
9459,0.4391,24.22,65,1,0.1419,26,0,25,google_play,0
9460,0.5949,31.97,37,1,0.1571,34,0,38,referral,0
9461,0.1015,28.08,73,1,0.3726,49,1,26,app_store,1
9462,0.1408,14.72,65,2,0.2497,54,0,19,app_store,1
9463,0.2322,27.24,16,1,0.23,49,0,12,website,0
9464,0.419,8.81,31,0,0.2311,33,0,29,google_play,1
9465,0.3294,24.59,72,0,0.4887,52,0,16,website,0
9466,0.141,26.65,48,0,0.1505,61,0,13,google_play,0
9467,0.0782,12.35,20,2,0.0596,35,1,46,referral,0
9468,0.081,20.14,65,0,0.136,53,0,11,website,1
9469,0.1163,17.13,59,0,0.1373,29,0,31,google_play,0
9470,0.049,17.35,80,0,0.4091,58,0,12,app_store,1
9471,0.2491,41.69,46,1,0.3547,23,0,15,app_store,1
9472,0.3475,33.91,72,0,0.2778,54,0,38,google_play,1
9473,0.2538,48.08,69,1,0.0672,46,0,35,referral,0
9474,0.5286,105.09,20,2,0.091,31,0,1,app_store,0
9475,0.3743,52.89,38,2,0.4362,55,0,1,app_store,1
9476,0.5873,8.37,42,0,0.1698,26,0,15,app_store,0
9477,0.0863,15.5,18,0,0.232,24,0,41,app_store,0
9478,0.0069,62.77,52,2,0.2167,31,0,40,referral,1
9479,0.2129,18.61,74,0,0.2941,33,0,24,google_play,1
9480,0.1833,17.76,6,0,0.0841,65,0,47,referral,0
9481,0.0338,31.0,83,0,0.0936,54,0,5,google_play,1
9482,0.1471,20.1,74,3,0.2009,57,1,25,google_play,1
9483,0.7187,81.17,56,1,0.1234,25,0,8,referral,0
9484,0.4785,21.91,78,0,0.0294,64,1,24,website,1
9485,0.1623,132.72,77,0,0.0274,23,1,39,website,0
9486,0.6087,16.58,86,1,0.229,66,0,3,google_play,1
9487,0.2235,15.49,1,0,0.1508,27,1,17,app_store,0
9488,0.353,13.67,81,0,0.1634,26,0,1,website,0
9489,0.4975,14.14,49,0,0.4559,45,0,15,referral,1
9490,0.069,40.71,72,0,0.4298,36,0,36,website,1
9491,0.5574,9.58,34,0,0.3176,28,1,33,app_store,0
9492,0.223,12.15,40,0,0.0283,49,0,12,app_store,1
9493,0.1819,35.29,64,0,0.2842,65,1,43,google_play,1
9494,0.5123,5.37,37,0,0.0646,18,0,10,app_store,0
9495,0.383,8.75,29,0,0.2755,40,0,19,google_play,0
9496,0.2638,23.66,11,1,0.2274,69,0,1,website,1
9497,0.4417,32.64,1,0,0.1943,22,0,39,google_play,0
9498,0.1627,19.39,79,1,0.2612,40,0,26,app_store,1
9499,0.303,33.28,42,0,0.6929,64,0,1,app_store,0
9500,0.1309,13.43,25,0,0.0216,26,0,15,app_store,1
9501,0.3489,70.79,53,2,0.1706,67,1,2,google_play,0
9502,0.2936,46.42,88,0,0.0931,18,0,34,referral,0
9503,0.3879,13.87,61,0,0.2002,23,0,14,app_store,0
9504,0.1423,21.5,47,0,0.0633,32,0,33,referral,0
9505,0.0987,6.2,74,0,0.371,38,0,6,app_store,1
9506,0.2112,47.03,2,1,0.121,31,0,23,app_store,0
9507,0.1702,10.02,89,0,0.0418,55,0,9,referral,0
9508,0.277,16.83,64,1,0.0723,49,0,45,app_store,0
9509,0.1185,19.98,68,2,0.4901,26,0,45,website,1
9510,0.182,9.36,21,3,0.0634,57,0,18,website,1
9511,0.3303,13.69,27,0,0.0042,49,0,45,google_play,0
9512,0.2801,31.84,56,0,0.2263,68,0,34,referral,0
9513,0.0702,17.31,84,0,0.0777,57,0,23,app_store,1
9514,0.2175,45.16,22,1,0.0376,61,0,27,google_play,1
9515,0.2621,41.23,61,1,0.406,52,0,43,app_store,1
9516,0.0499,13.54,27,0,0.0944,34,1,17,google_play,0
9517,0.3611,17.86,80,0,0.0956,32,0,34,website,0
9518,0.0392,17.86,52,0,0.3144,60,0,36,referral,1
9519,0.1708,18.49,37,0,0.4221,27,0,42,app_store,0
9520,0.1952,68.88,89,0,0.0857,67,0,38,app_store,0
9521,0.2079,28.05,12,0,0.2586,69,0,46,google_play,0
9522,0.7271,7.68,36,1,0.3445,23,0,8,app_store,0
9523,0.2375,15.51,61,0,0.1844,41,0,32,referral,1
9524,0.3114,17.75,36,0,0.0233,69,1,9,referral,0
9525,0.1647,33.0,12,1,0.5385,55,0,12,google_play,1
9526,0.4015,86.62,26,2,0.064,51,0,13,website,1
9527,0.1595,42.57,78,2,0.0181,65,1,41,google_play,0
9528,0.768,22.84,16,0,0.0378,28,0,17,referral,0
9529,0.2783,13.52,57,1,0.339,59,0,42,google_play,1
9530,0.2511,66.33,12,1,0.5554,66,0,18,google_play,0
9531,0.6934,19.93,39,0,0.2199,27,1,25,app_store,0
9532,0.0738,9.08,36,1,0.8544,23,0,5,app_store,1
9533,0.2952,31.51,11,2,0.3877,65,0,10,referral,1
9534,0.0707,10.33,70,0,0.2204,41,1,45,google_play,0
9535,0.4984,38.93,25,0,0.1266,62,0,47,website,0
9536,0.2643,18.62,51,0,0.7424,48,0,1,website,1
9537,0.2813,19.81,25,2,0.3433,61,0,7,google_play,1
9538,0.3316,3.59,37,1,0.4991,42,1,36,website,1
9539,0.3752,52.16,4,2,0.6287,30,0,40,website,0
9540,0.1685,10.75,22,0,0.2743,42,0,34,google_play,0
9541,0.0686,14.8,13,0,0.2247,20,0,18,app_store,0
9542,0.0808,28.04,58,1,0.1021,19,0,18,google_play,1
9543,0.3126,22.15,54,1,0.2726,54,0,6,referral,1
9544,0.2088,122.41,20,0,0.079,23,0,7,referral,0
9545,0.4469,7.33,3,1,0.6849,51,0,42,website,1
9546,0.2667,18.76,30,1,0.477,25,0,5,app_store,0
9547,0.231,42.53,42,0,0.1651,21,0,47,google_play,0
9548,0.4775,17.99,5,0,0.1776,55,0,29,google_play,0
9549,0.3974,24.48,53,0,0.0703,20,0,38,app_store,0
9550,0.3005,149.8,40,2,0.1326,35,0,41,app_store,1
9551,0.3062,25.69,22,0,0.0401,32,0,32,google_play,0
9552,0.0696,65.4,36,0,0.4838,56,0,14,website,1
9553,0.434,38.66,89,2,0.1436,50,0,4,app_store,1
9554,0.4206,41.11,86,0,0.1638,58,0,24,app_store,0
9555,0.2537,21.35,41,0,0.1926,47,0,19,website,0
9556,0.4679,7.84,80,0,0.2392,51,0,38,website,0
9557,0.484,52.53,67,1,0.1888,50,0,8,app_store,0
9558,0.4328,36.22,25,0,0.1273,44,0,35,app_store,0
9559,0.2393,35.69,20,0,0.3558,51,0,25,website,1
9560,0.355,22.09,7,3,0.1946,23,0,10,app_store,1
9561,0.2678,15.58,3,1,0.2413,29,0,22,app_store,0
9562,0.184,61.92,39,0,0.4634,26,0,38,website,0
9563,0.29,30.84,6,0,0.1818,69,0,6,referral,0
9564,0.7016,6.82,63,0,0.1691,59,0,13,app_store,0
9565,0.0534,23.63,26,2,0.1431,65,0,10,google_play,1
9566,0.3854,19.83,20,2,0.151,52,1,27,google_play,1
9567,0.5341,3.9,27,0,0.0734,46,0,44,google_play,0
9568,0.179,14.53,45,1,0.1121,54,0,2,google_play,1
9569,0.1055,151.0,17,0,0.1098,19,0,28,referral,0
9570,0.1368,4.7,28,3,0.1796,55,0,33,app_store,1
9571,0.6996,10.94,30,2,0.0961,34,1,25,referral,0
9572,0.6094,4.47,86,0,0.1324,68,0,35,website,0
9573,0.3648,8.1,10,0,0.0694,21,0,16,website,0
9574,0.4235,6.77,13,3,0.1721,67,0,4,referral,1
9575,0.4458,10.71,79,0,0.0895,53,0,37,website,0
9576,0.1463,81.55,65,0,0.0679,27,0,3,google_play,1
9577,0.581,46.25,27,1,0.2091,41,1,23,google_play,0
9578,0.2501,20.46,7,0,0.0747,66,0,34,google_play,0
9579,0.2067,79.18,65,1,0.0895,19,0,6,google_play,1
9580,0.2128,17.58,56,2,0.1281,65,0,39,app_store,1
9581,0.257,12.57,82,0,0.0411,34,0,5,google_play,0
9582,0.5543,18.12,4,2,0.1323,60,0,27,referral,1
9583,0.269,8.1,84,1,0.4638,18,0,2,referral,1
9584,0.1035,6.55,49,0,0.1737,18,1,4,google_play,1
9585,0.1388,38.93,50,1,0.0742,47,0,27,website,0
9586,0.4356,30.94,69,0,0.1066,51,0,9,app_store,0
9587,0.3765,9.96,29,0,0.5055,38,0,24,website,0
9588,0.5398,34.03,49,1,0.2448,22,0,28,google_play,1
9589,0.3144,34.99,81,0,0.5643,58,0,14,website,0
9590,0.0868,16.07,49,1,0.0419,29,0,2,website,1
9591,0.4813,12.59,87,1,0.0863,67,0,2,app_store,0
9592,0.4742,42.7,6,0,0.2088,32,1,36,google_play,0
9593,0.1332,33.56,67,0,0.2437,49,0,31,referral,1
9594,0.588,82.93,86,1,0.1713,26,0,35,app_store,0
9595,0.1136,33.29,52,1,0.5119,35,0,24,website,1
9596,0.2026,7.09,0,0,0.1701,56,0,41,google_play,0
9597,0.0061,8.39,14,0,0.0377,62,0,21,website,0
9598,0.1912,21.06,25,1,0.1541,26,0,11,referral,1
9599,0.4632,43.22,56,0,0.6369,34,1,41,google_play,1
9600,0.1696,30.71,73,0,0.1447,31,0,21,app_store,0
9601,0.3692,15.93,21,2,0.1417,45,0,36,google_play,1
9602,0.2902,7.55,12,2,0.2384,43,0,31,google_play,0
9603,0.1881,68.59,16,3,0.0625,67,0,37,app_store,1
9604,0.1942,66.34,22,0,0.1164,37,0,45,website,0
9605,0.2635,9.16,36,1,0.2885,67,0,12,website,1
9606,0.1913,39.06,69,0,0.2573,36,0,39,google_play,1
9607,0.0163,29.33,35,2,0.2193,44,0,23,website,1
9608,0.2872,39.6,71,0,0.2209,21,0,17,google_play,1
9609,0.6015,70.99,45,1,0.4875,21,0,32,app_store,0
9610,0.465,66.53,62,1,0.1198,34,0,45,google_play,0
9611,0.3021,34.97,34,3,0.0231,30,1,9,app_store,0
9612,0.3267,20.68,74,1,0.4108,53,0,18,website,1
9613,0.3339,19.89,3,1,0.1671,39,0,20,app_store,0
9614,0.3657,21.05,34,2,0.2338,19,1,46,google_play,1
9615,0.3431,165.83,43,2,0.0319,44,0,26,google_play,0
9616,0.1391,25.32,72,0,0.1748,62,0,36,app_store,0
9617,0.5208,42.34,27,0,0.084,68,0,3,website,0
9618,0.3335,32.83,18,0,0.4204,22,0,25,referral,0
9619,0.2182,12.27,53,0,0.03,68,1,17,app_store,0
9620,0.2872,34.28,47,0,0.3568,63,0,3,app_store,1
9621,0.1446,15.43,37,2,0.2801,55,0,36,referral,1
9622,0.24,12.65,50,0,0.1669,27,0,45,google_play,0
9623,0.1811,37.19,36,0,0.046,45,1,10,app_store,0
9624,0.2688,10.12,12,0,0.059,42,1,47,google_play,0
9625,0.4577,45.34,77,1,0.1613,49,0,46,app_store,0
9626,0.3584,36.57,14,1,0.0691,20,0,35,app_store,0
9627,0.3449,59.47,66,2,0.1587,63,1,10,website,1
9628,0.0162,34.33,17,2,0.22,65,1,38,website,1
9629,0.3292,12.57,71,3,0.2758,26,0,7,referral,1
9630,0.1537,53.51,19,1,0.1528,53,0,28,referral,0
9631,0.0614,55.48,57,1,0.2206,18,0,41,website,1
9632,0.3916,45.85,87,2,0.0574,62,0,43,referral,1
9633,0.2772,40.98,79,3,0.5162,18,0,3,google_play,1
9634,0.1353,8.72,19,0,0.0542,30,0,43,referral,0
9635,0.1332,44.66,56,1,0.0611,39,0,41,referral,0
9636,0.2365,10.23,28,0,0.0499,58,1,31,app_store,1
9637,0.0128,15.88,2,0,0.1693,38,0,19,website,1
9638,0.2504,13.71,86,0,0.6058,29,0,38,app_store,1
9639,0.4114,8.18,45,0,0.7452,33,0,39,referral,1
9640,0.1365,27.78,39,0,0.3369,60,1,6,google_play,0
9641,0.3553,24.0,51,0,0.4132,40,0,39,google_play,0
9642,0.5603,62.16,15,0,0.1965,45,0,21,website,0
9643,0.2624,57.04,80,0,0.0125,58,0,27,google_play,0
9644,0.492,27.77,38,1,0.0522,27,0,42,app_store,0
9645,0.2112,42.59,46,0,0.2009,32,0,3,referral,0
9646,0.1241,22.81,84,0,0.2901,42,0,4,website,1
9647,0.2104,22.71,21,2,0.2153,53,0,24,website,1
9648,0.202,26.79,79,0,0.4226,21,0,36,app_store,1
9649,0.2772,22.08,40,1,0.2199,50,1,4,google_play,0
9650,0.2178,28.46,9,0,0.0503,29,0,12,google_play,1
9651,0.4508,39.03,38,0,0.3333,68,0,3,app_store,1
9652,0.4444,10.45,41,0,0.3769,37,0,28,website,0
9653,0.2475,18.44,50,1,0.0606,48,0,33,website,0
9654,0.2181,42.23,50,0,0.0599,28,0,4,app_store,0
9655,0.1022,16.64,23,0,0.2474,41,0,18,app_store,1
9656,0.5686,16.89,80,1,0.2741,27,0,31,referral,1
9657,0.103,49.94,29,1,0.1847,21,0,3,website,1
9658,0.5469,14.61,60,2,0.1823,34,1,13,app_store,0
9659,0.2868,33.23,86,1,0.2279,63,0,20,google_play,1
9660,0.0988,27.24,12,3,0.1579,25,1,19,google_play,1
9661,0.3382,45.66,43,0,0.1849,36,0,38,app_store,0
9662,0.1596,23.42,9,2,0.2282,26,0,34,app_store,1
9663,0.5028,14.11,76,1,0.2385,58,1,45,referral,1
9664,0.0644,15.54,74,1,0.4186,22,0,20,referral,1
9665,0.4707,78.19,86,0,0.1474,53,0,14,google_play,0
9666,0.343,16.89,81,1,0.0511,39,0,38,google_play,0
9667,0.1091,16.13,72,2,0.0983,43,0,39,google_play,0
9668,0.0465,17.76,31,0,0.2381,64,0,20,app_store,1
9669,0.2144,20.3,35,0,0.0323,33,0,30,google_play,1
9670,0.2207,18.44,4,1,0.2653,41,0,14,google_play,1
9671,0.4282,36.42,17,2,0.2374,29,0,1,app_store,0
9672,0.0523,26.34,40,2,0.5162,46,0,36,google_play,1
9673,0.0277,16.23,72,0,0.0329,39,1,28,google_play,0
9674,0.7169,40.68,78,1,0.1606,61,0,3,website,0
9675,0.3702,29.88,55,0,0.4466,58,0,4,referral,1
9676,0.555,62.11,16,2,0.4941,47,0,31,google_play,1
9677,0.4076,30.61,28,1,0.1771,31,0,41,app_store,0
9678,0.1113,22.43,18,2,0.2676,52,0,14,google_play,1
9679,0.3151,21.28,72,0,0.293,29,0,22,referral,0
9680,0.5277,27.16,76,0,0.2037,39,0,42,google_play,1
9681,0.531,31.72,51,1,0.128,27,0,38,google_play,0
9682,0.0748,24.5,33,0,0.1873,63,0,22,website,1
9683,0.3386,18.02,70,0,0.1376,35,1,39,app_store,0
9684,0.1889,38.04,73,0,0.0092,59,0,7,referral,0
9685,0.0268,33.22,45,3,0.0733,25,1,20,website,1
9686,0.3427,24.85,69,2,0.0777,49,0,47,google_play,0
9687,0.1471,39.17,55,0,0.0525,67,0,13,google_play,0
9688,0.6682,23.26,82,0,0.4442,20,0,6,referral,1
9689,0.2425,24.74,32,0,0.0554,55,0,15,google_play,0
9690,0.3601,38.17,16,2,0.2337,56,1,36,app_store,0
9691,0.3338,42.98,31,0,0.3126,55,0,7,referral,0
9692,0.0831,38.76,18,0,0.1077,60,1,26,referral,1
9693,0.3583,14.37,64,1,0.2299,42,0,20,app_store,0
9694,0.5071,31.92,14,2,0.0334,45,0,42,app_store,0
9695,0.3937,25.29,34,1,0.5293,33,0,29,google_play,0
9696,0.0939,32.27,0,0,0.0793,26,0,36,app_store,0
9697,0.4068,87.93,36,0,0.3064,62,1,42,app_store,0
9698,0.3647,21.17,63,0,0.4461,35,0,32,website,1
9699,0.2418,24.91,26,1,0.2765,46,0,31,google_play,0
9700,0.1662,16.55,76,1,0.151,35,0,45,website,0
9701,0.4958,21.45,71,2,0.1214,33,0,22,app_store,1
9702,0.1394,15.27,8,1,0.1185,22,0,15,google_play,1
9703,0.6409,11.58,74,0,0.3807,19,1,11,website,1
9704,0.3792,6.24,39,0,0.7658,26,0,20,website,1
9705,0.0491,15.08,14,0,0.1542,53,0,21,website,1
9706,0.3668,15.82,65,1,0.5478,33,0,15,app_store,1
9707,0.2891,23.54,61,2,0.2723,55,1,41,referral,1
9708,0.2586,16.82,14,0,0.2277,62,0,8,google_play,1
9709,0.2304,50.54,22,0,0.0078,60,0,14,google_play,0
9710,0.5145,28.75,41,0,0.0857,26,0,46,google_play,0
9711,0.1851,41.24,21,1,0.0767,44,0,29,app_store,1
9712,0.2364,48.82,49,0,0.1842,29,0,8,website,0
9713,0.4916,64.77,17,0,0.0216,25,0,29,website,0
9714,0.3345,48.48,67,1,0.2223,41,0,27,app_store,0
9715,0.2551,13.21,19,4,0.358,30,0,29,google_play,0
9716,0.3247,44.77,6,1,0.144,55,0,1,google_play,0
9717,0.117,30.7,35,1,0.1138,41,0,20,website,1
9718,0.155,62.96,20,1,0.0073,52,0,23,referral,0
9719,0.3257,24.98,26,1,0.1001,48,1,42,google_play,0
9720,0.0782,54.66,37,2,0.0114,60,0,47,app_store,1
9721,0.5533,26.31,18,1,0.3765,37,0,36,referral,1
9722,0.0654,27.05,8,1,0.2686,35,0,4,app_store,1
9723,0.1596,39.1,56,1,0.0596,33,0,28,website,0
9724,0.2417,19.68,58,0,0.1725,46,0,45,website,0
9725,0.2449,36.12,71,0,0.3683,39,0,14,google_play,1
9726,0.1787,8.47,47,0,0.3055,26,0,34,app_store,1
9727,0.5365,34.41,38,0,0.202,57,0,10,app_store,0
9728,0.4176,10.07,11,1,0.1313,40,0,3,google_play,0
9729,0.0346,36.16,0,0,0.4162,52,0,35,google_play,0
9730,0.4943,2.76,6,0,0.6355,59,0,42,app_store,0
9731,0.2873,6.89,53,0,0.1984,58,0,15,app_store,0
9732,0.3047,25.46,42,1,0.315,33,0,37,google_play,1
9733,0.5917,25.77,74,1,0.1476,40,1,23,website,1
9734,0.1924,20.56,82,2,0.5273,51,0,36,website,1
9735,0.6505,40.68,55,0,0.3057,59,0,45,website,1
9736,0.4292,47.12,18,2,0.0359,65,0,39,app_store,0
9737,0.3802,144.26,76,0,0.1335,36,1,42,app_store,0
9738,0.4265,25.3,76,0,0.1701,39,0,3,referral,0
9739,0.0527,50.61,1,2,0.3488,65,0,18,app_store,1
9740,0.3491,13.74,69,0,0.1821,29,0,21,referral,1
9741,0.2511,16.73,20,0,0.0118,61,0,42,website,1
9742,0.4691,13.81,23,2,0.1234,46,0,18,referral,0
9743,0.4045,22.71,58,1,0.0756,68,1,15,referral,0
9744,0.288,28.68,39,0,0.5123,40,0,21,referral,1
9745,0.4534,50.87,33,0,0.1442,63,0,40,google_play,0
9746,0.0523,31.25,38,0,0.0316,67,1,29,app_store,0
9747,0.3323,62.53,17,0,0.1225,44,0,2,website,0
9748,0.3748,63.26,20,1,0.1057,66,0,10,google_play,0
9749,0.2123,25.24,82,0,0.4997,58,0,26,website,1
9750,0.0088,22.81,79,0,0.2591,30,0,15,website,1
9751,0.602,8.44,36,1,0.1942,26,0,27,website,0
9752,0.0156,16.78,83,2,0.0994,44,1,21,website,1
9753,0.2297,13.92,75,1,0.2776,55,0,6,google_play,1
9754,0.1847,14.36,86,1,0.2589,59,0,37,google_play,1
9755,0.4217,18.24,86,1,0.1285,58,0,30,google_play,0
9756,0.0722,35.46,62,2,0.1314,23,0,25,referral,1
9757,0.517,30.05,2,1,0.3189,40,0,33,website,0
9758,0.2262,49.0,74,0,0.091,21,0,28,website,0
9759,0.1677,32.11,85,0,0.1812,35,1,21,referral,0
9760,0.4591,16.22,89,0,0.8352,35,0,41,app_store,0
9761,0.3879,41.67,64,0,0.1504,27,0,23,app_store,0
9762,0.196,9.4,89,1,0.4798,69,0,41,website,1
9763,0.1083,48.62,69,0,0.0579,47,0,35,referral,1
9764,0.3053,14.35,25,1,0.2989,23,0,28,referral,1
9765,0.2873,4.92,16,1,0.1279,67,0,8,app_store,1
9766,0.2276,35.92,52,1,0.4602,62,0,41,google_play,1
9767,0.3435,19.76,15,0,0.1644,25,0,37,app_store,0
9768,0.5811,55.83,60,0,0.6086,29,0,43,google_play,1
9769,0.2649,48.13,42,1,0.4742,60,0,5,website,1
9770,0.0765,12.3,48,0,0.29,44,0,42,referral,1
9771,0.2018,71.25,13,0,0.0424,39,0,8,website,0
9772,0.3157,6.56,29,0,0.4772,35,0,39,app_store,0
9773,0.075,33.97,64,0,0.1355,39,1,34,google_play,1
9774,0.1068,66.5,61,0,0.2326,39,1,3,app_store,1
9775,0.3947,12.05,81,2,0.2691,62,0,43,app_store,1
9776,0.3836,107.6,72,1,0.1308,22,0,9,app_store,0
9777,0.6196,27.48,85,0,0.0802,56,1,27,referral,0
9778,0.1429,31.85,20,0,0.187,51,0,21,app_store,0
9779,0.341,55.82,27,0,0.1015,57,0,13,app_store,0
9780,0.2152,32.87,46,0,0.094,47,1,35,google_play,0
9781,0.5346,9.7,46,1,0.0328,31,0,17,google_play,1
9782,0.5572,2.58,44,0,0.1163,43,0,47,referral,0
9783,0.206,12.39,17,0,0.1483,40,0,42,website,0
9784,0.0276,13.18,21,0,0.0803,43,0,31,website,1
9785,0.1621,12.63,30,0,0.0357,59,0,22,google_play,0
9786,0.4677,15.76,84,0,0.0458,25,0,22,website,0
9787,0.2519,3.34,24,0,0.0814,48,1,41,app_store,0
9788,0.2777,10.65,51,0,0.2303,30,0,47,app_store,0
9789,0.3438,35.96,46,0,0.1809,52,1,39,google_play,0
9790,0.3354,50.88,36,1,0.1413,37,0,29,website,1
9791,0.526,14.73,23,0,0.2014,49,0,13,app_store,0
9792,0.3219,39.79,46,0,0.1977,39,0,9,google_play,0
9793,0.2676,4.0,1,1,0.0934,34,1,5,referral,0
9794,0.2688,29.64,83,0,0.0778,64,0,21,google_play,0
9795,0.0493,56.22,23,0,0.2215,52,1,32,google_play,1
9796,0.1852,35.2,70,1,0.1963,30,0,10,website,0
9797,0.2689,24.08,12,1,0.0503,29,0,27,app_store,1
9798,0.2124,4.12,71,0,0.0715,43,0,32,google_play,0
9799,0.0213,92.14,3,0,0.2816,57,0,39,website,0
9800,0.5145,95.46,36,1,0.2151,24,0,31,google_play,0
9801,0.2258,40.07,42,1,0.5456,27,1,28,google_play,0
9802,0.1593,62.32,86,1,0.1268,55,0,9,website,0
9803,0.157,24.57,57,0,0.3496,24,0,26,referral,1
9804,0.1367,41.8,57,1,0.3938,29,0,31,referral,0
9805,0.4139,44.14,81,1,0.2269,33,0,47,app_store,1
9806,0.1286,23.47,78,0,0.1781,54,1,21,app_store,0
9807,0.3339,13.75,18,1,0.0942,29,0,46,google_play,1
9808,0.5777,45.26,35,0,0.4048,58,1,40,app_store,0
9809,0.1526,91.39,6,2,0.5691,25,0,1,google_play,1
9810,0.3487,58.52,67,0,0.0829,29,0,3,website,0
9811,0.6258,31.14,65,0,0.3041,63,0,20,app_store,0
9812,0.3334,29.51,3,1,0.0175,31,0,44,google_play,1
9813,0.5576,30.72,46,1,0.3366,43,0,22,website,1
9814,0.2341,4.96,77,0,0.1748,46,0,6,google_play,0
9815,0.3452,22.77,82,0,0.1986,58,0,22,app_store,0
9816,0.3723,21.09,30,1,0.1179,36,1,20,referral,1
9817,0.2028,10.54,42,0,0.2591,56,0,7,google_play,1
9818,0.4195,51.32,28,2,0.1271,62,0,5,google_play,0
9819,0.4607,29.88,78,0,0.1658,25,0,18,app_store,0
9820,0.0549,3.93,26,2,0.9287,31,0,39,google_play,1
9821,0.4516,28.92,5,2,0.3138,36,0,13,website,1
9822,0.1491,59.95,72,0,0.1293,56,0,14,google_play,0
9823,0.6248,16.17,89,0,0.0904,65,0,19,google_play,0
9824,0.5989,11.97,14,0,0.2765,32,0,20,referral,0
9825,0.0821,9.95,37,0,0.3099,63,1,43,google_play,0
9826,0.0528,26.31,68,0,0.153,18,0,44,google_play,0
9827,0.0867,14.76,78,1,0.1655,49,0,22,referral,1
9828,0.2458,8.76,3,2,0.3976,27,0,37,google_play,0
9829,0.1124,76.25,3,0,0.0945,65,0,37,google_play,1
9830,0.1772,28.3,83,0,0.4935,67,0,5,google_play,1
9831,0.3486,17.0,16,0,0.1604,32,0,7,google_play,0
9832,0.1759,79.17,4,1,0.0128,33,0,31,referral,0
9833,0.1198,29.73,52,0,0.2688,20,0,47,google_play,1
9834,0.4416,22.32,27,1,0.2601,41,0,18,website,0
9835,0.2102,28.58,1,0,0.1379,27,0,40,google_play,0
9836,0.3586,16.94,41,0,0.4873,19,1,38,google_play,0
9837,0.2416,22.25,50,0,0.1294,28,0,27,google_play,0
9838,0.3513,36.92,57,0,0.4639,34,0,38,google_play,1
9839,0.046,79.59,24,1,0.0745,58,0,5,website,1
9840,0.5818,16.7,88,0,0.4726,63,0,13,website,1
9841,0.1554,38.07,47,0,0.4776,61,1,31,app_store,1
9842,0.2482,8.74,6,1,0.3858,51,0,15,referral,1
9843,0.2549,34.96,67,0,0.0947,59,0,5,google_play,0
9844,0.0595,86.71,35,1,0.174,55,0,10,app_store,1
9845,0.3863,24.94,56,1,0.0379,39,0,31,app_store,0
9846,0.303,16.38,60,0,0.3365,26,0,29,referral,0
9847,0.3912,16.91,67,1,0.1523,30,0,35,website,0
9848,0.5429,34.42,15,1,0.1772,62,0,11,website,0
9849,0.0221,25.59,31,1,0.1055,33,0,41,app_store,1
9850,0.2213,18.48,87,1,0.057,34,0,32,referral,0
9851,0.3604,38.76,64,1,0.0346,43,0,47,google_play,0
9852,0.0676,13.27,3,0,0.02,62,0,5,app_store,1
9853,0.004,44.95,48,0,0.4801,51,0,32,google_play,1
9854,0.552,19.68,69,0,0.1753,51,1,12,website,0
9855,0.6766,38.91,45,1,0.1137,39,0,19,website,0
9856,0.098,44.16,67,2,0.2515,26,0,10,google_play,1
9857,0.3101,6.3,56,2,0.0744,38,0,46,app_store,0
9858,0.445,23.35,73,2,0.2977,35,0,1,app_store,1
9859,0.3102,8.41,45,1,0.118,48,0,21,app_store,0
9860,0.1523,7.3,86,1,0.0533,19,0,14,website,1
9861,0.5391,20.82,40,0,0.0368,25,0,39,app_store,0
9862,0.2629,30.42,59,3,0.2407,65,0,13,referral,1
9863,0.0904,8.32,28,0,0.1376,48,0,18,website,1
9864,0.1562,29.66,71,1,0.1181,48,1,23,website,0
9865,0.4959,13.3,54,2,0.132,56,0,38,referral,0
9866,0.4697,25.73,10,1,0.1098,59,0,4,website,0
9867,0.3603,144.12,26,1,0.3873,21,0,34,google_play,0
9868,0.2335,19.65,53,0,0.0779,27,0,7,google_play,1
9869,0.0547,11.06,0,0,0.1675,62,0,17,google_play,1
9870,0.1268,24.23,83,0,0.2652,61,0,42,website,1
9871,0.371,21.48,5,0,0.039,46,0,3,app_store,0
9872,0.5772,19.26,9,2,0.3533,40,1,21,google_play,1
9873,0.0886,25.13,79,0,0.2252,33,0,1,referral,1
9874,0.44,21.56,17,0,0.333,31,0,25,website,1
9875,0.0833,10.32,76,2,0.498,66,0,26,referral,1
9876,0.4109,43.69,30,0,0.226,54,0,7,website,1
9877,0.486,61.53,86,3,0.1449,69,0,43,google_play,1
9878,0.3667,18.91,26,0,0.2794,56,0,31,app_store,0
9879,0.3884,31.36,40,0,0.3806,53,0,7,website,0
9880,0.251,5.86,79,1,0.7038,67,0,5,google_play,1
9881,0.1656,24.22,24,1,0.0617,31,0,14,google_play,0
9882,0.0306,94.29,24,0,0.015,36,0,20,app_store,0
9883,0.4019,42.95,89,0,0.1322,20,0,43,google_play,0
9884,0.2572,27.33,13,2,0.0554,65,0,16,app_store,1
9885,0.4463,23.78,54,0,0.0296,37,0,36,app_store,0
9886,0.5844,19.9,34,0,0.3928,67,0,1,app_store,0
9887,0.7116,32.91,81,0,0.1118,32,0,29,google_play,0
9888,0.1512,50.4,47,0,0.1312,61,0,38,website,0
9889,0.5704,17.27,32,0,0.177,20,0,29,referral,0
9890,0.3016,41.5,30,1,0.1594,25,1,24,google_play,1
9891,0.1649,13.93,69,1,0.0661,56,0,23,app_store,0
9892,0.5047,18.07,9,1,0.0754,39,0,16,google_play,0
9893,0.1688,11.27,70,3,0.3399,57,0,29,referral,1
9894,0.3296,27.45,8,1,0.1367,49,0,40,website,0
9895,0.0963,26.01,59,0,0.0244,59,0,3,referral,1
9896,0.2565,32.38,33,0,0.0313,56,0,22,app_store,0
9897,0.3046,30.45,21,4,0.0279,25,0,1,app_store,1
9898,0.1515,40.7,23,1,0.1166,34,0,20,referral,1
9899,0.23,105.57,74,0,0.2058,36,0,22,google_play,1
9900,0.257,40.98,78,1,0.2532,31,1,7,website,1
9901,0.1947,6.16,42,1,0.0666,31,1,7,app_store,0
9902,0.0741,20.62,0,1,0.1382,30,0,6,google_play,1
9903,0.0596,23.93,67,1,0.224,26,0,28,app_store,1
9904,0.1739,8.09,10,1,0.2092,37,1,16,app_store,0
9905,0.1954,43.86,48,0,0.4026,27,0,35,app_store,1
9906,0.2429,85.8,79,0,0.1524,68,0,42,app_store,0
9907,0.2949,13.37,9,0,0.2443,63,1,42,referral,0
9908,0.0734,59.4,30,0,0.1132,30,0,5,google_play,0
9909,0.6019,52.0,39,0,0.2791,32,0,25,website,0
9910,0.2856,29.72,15,1,0.0932,29,0,34,website,0
9911,0.6218,43.88,34,0,0.1488,57,0,26,app_store,0
9912,0.2015,14.37,32,0,0.07,59,0,20,website,0
9913,0.1379,54.91,83,0,0.2205,43,0,25,app_store,1
9914,0.5253,59.51,5,1,0.3829,30,0,6,referral,1
9915,0.5744,34.26,75,0,0.394,44,0,1,google_play,1
9916,0.156,30.38,75,0,0.4978,30,0,10,website,1
9917,0.2492,14.08,28,1,0.0674,67,0,34,referral,1
9918,0.0221,47.58,74,2,0.0626,45,1,16,app_store,0
9919,0.1522,24.78,54,2,0.0317,48,0,24,app_store,0
9920,0.2693,22.3,85,2,0.3174,35,1,22,app_store,1
9921,0.6335,47.51,39,0,0.0522,51,0,5,google_play,0
9922,0.1426,20.04,24,3,0.0599,29,1,22,google_play,1
9923,0.0643,14.97,59,1,0.1286,65,1,26,app_store,1
9924,0.1993,52.53,39,0,0.3504,22,1,37,app_store,0
9925,0.3525,8.53,39,0,0.0992,45,1,32,referral,1
9926,0.1119,40.83,17,0,0.1725,26,0,22,website,0
9927,0.0372,10.36,36,0,0.5376,36,0,29,google_play,1
9928,0.4133,6.91,43,0,0.0881,19,0,10,website,0
9929,0.3196,38.86,69,1,0.2557,30,0,18,website,1
9930,0.3021,30.79,78,1,0.0973,29,0,16,referral,0
9931,0.3142,15.76,85,0,0.4376,65,1,41,referral,1
9932,0.2875,10.92,21,0,0.7456,53,0,24,app_store,0
9933,0.2112,31.09,4,0,0.0474,38,1,15,app_store,0
9934,0.1595,17.68,28,0,0.288,27,0,40,website,0
9935,0.2691,42.68,1,0,0.1587,49,0,9,google_play,0
9936,0.3281,16.39,84,0,0.2501,37,0,3,app_store,1
9937,0.0385,18.22,47,1,0.23,20,0,27,website,1
9938,0.0896,53.32,61,1,0.1762,51,0,26,google_play,1
9939,0.4495,11.95,65,0,0.2647,33,0,3,app_store,1
9940,0.278,8.86,13,0,0.2502,20,0,24,google_play,0
9941,0.1189,12.75,82,0,0.4438,62,0,5,website,1
9942,0.5816,29.06,83,1,0.5844,62,1,19,referral,1
9943,0.0499,93.5,26,0,0.0647,50,0,17,website,0
9944,0.7296,27.29,52,0,0.1025,52,0,43,referral,0
9945,0.0187,13.33,42,2,0.2146,44,0,1,app_store,1
9946,0.1614,13.73,22,0,0.1422,65,0,10,app_store,0
9947,0.1684,32.7,74,1,0.137,45,0,7,app_store,0
9948,0.29,7.29,70,1,0.0382,69,0,29,app_store,1
9949,0.1934,6.57,30,0,0.1612,47,0,27,referral,0
9950,0.0387,28.15,78,1,0.1207,63,1,43,referral,0
9951,0.3979,45.57,5,3,0.167,33,0,4,website,1
9952,0.3698,46.38,25,1,0.3758,55,0,23,google_play,1
9953,0.3429,31.26,76,0,0.1209,56,1,12,website,1
9954,0.1631,56.71,47,0,0.4749,64,0,23,website,1
9955,0.1858,21.49,24,1,0.1694,42,0,26,google_play,1
9956,0.3826,18.82,59,3,0.2212,43,0,42,google_play,1
9957,0.2846,23.66,88,1,0.2336,40,1,31,google_play,0
9958,0.3427,30.17,29,0,0.237,50,1,14,website,0
9959,0.0708,373.75,22,0,0.046,56,0,35,website,0
9960,0.2017,21.37,12,0,0.4683,32,0,20,app_store,0
9961,0.3876,27.81,56,0,0.5941,37,1,2,google_play,1
9962,0.3235,82.78,41,1,0.2072,59,0,42,website,0
9963,0.5619,36.16,83,1,0.1023,54,0,3,website,0
9964,0.0942,7.57,13,1,0.0794,44,0,44,website,1
9965,0.4617,81.72,23,0,0.2822,39,1,18,app_store,0
9966,0.5385,30.78,74,0,0.1602,42,1,40,app_store,0
9967,0.3989,3.37,38,0,0.1993,27,0,18,app_store,0
9968,0.2791,18.45,41,0,0.051,66,0,3,app_store,0
9969,0.3486,14.82,38,1,0.2216,52,0,35,referral,0
9970,0.3163,17.6,63,0,0.028,22,0,6,referral,0
9971,0.2988,23.94,47,1,0.0693,69,1,15,website,0
9972,0.4323,40.68,9,1,0.07,30,0,3,google_play,1
9973,0.4133,59.56,33,1,0.2197,26,0,10,website,0
9974,0.3523,61.1,58,0,0.208,22,0,18,referral,0
9975,0.0497,75.34,47,1,0.3405,46,0,27,google_play,1
9976,0.1633,21.33,55,0,0.5324,25,0,34,app_store,1
9977,0.2459,5.68,56,2,0.4177,29,0,17,app_store,1
9978,0.1343,4.25,11,3,0.1844,21,0,11,app_store,1
9979,0.4798,42.18,27,0,0.4328,36,0,4,website,0
9980,0.314,23.52,7,0,0.2642,34,0,41,referral,1
9981,0.2142,69.97,56,1,0.075,18,0,39,website,1
9982,0.5758,33.94,29,0,0.0196,42,0,27,referral,0
9983,0.2064,7.18,18,2,0.1455,64,0,13,google_play,1
9984,0.2639,16.07,63,0,0.0202,52,0,35,google_play,0
9985,0.3476,33.1,23,0,0.2449,36,0,3,website,0
9986,0.1717,11.25,15,1,0.1997,38,0,40,website,0
9987,0.1221,70.36,7,1,0.0251,66,0,31,website,1
9988,0.0239,18.02,28,3,0.0531,23,1,38,website,1
9989,0.3539,19.58,77,0,0.408,45,0,11,app_store,1
9990,0.3112,7.98,23,1,0.0899,43,0,38,app_store,0
9991,0.354,102.15,38,2,0.1385,49,0,6,google_play,1
9992,0.2326,21.4,44,1,0.0267,58,0,13,google_play,1
9993,0.0541,30.07,26,0,0.5741,18,0,8,website,0
9994,0.3987,14.28,66,1,0.1406,57,0,34,referral,0
9995,0.152,18.61,60,0,0.0518,53,0,46,google_play,0
9996,0.1338,30.43,2,0,0.1295,29,1,18,app_store,0
9997,0.1028,33.23,32,0,0.4129,61,0,18,website,0
9998,0.6043,36.72,72,2,0.3257,19,0,32,website,1
9999,0.1713,49.79,44,1,0.2678,35,0,30,app_store,0
10000,0.4926,39.86,9,0,0.1678,37,0,23,referral,0
10001,0.0405,35.94,33,2,0.3558,20,0,27,google_play,1
10002,0.4858,15.48,33,0,0.3229,26,0,19,referral,1
10003,0.6681,20.95,24,0,0.7575,58,0,20,app_store,0
10004,0.3115,10.39,21,1,0.4672,35,1,36,referral,1
10005,0.1991,17.29,87,3,0.0192,23,0,23,google_play,1
10006,0.5371,33.08,67,0,0.1426,50,1,36,app_store,0
10007,0.1241,32.48,0,0,0.0063,37,0,11,website,0
10008,0.131,39.01,79,1,0.4157,22,1,14,google_play,1
10009,0.0709,68.71,29,1,0.1676,38,0,10,app_store,1
10010,0.2658,9.78,22,1,0.1052,60,0,40,referral,0
10011,0.2166,6.64,59,1,0.0394,21,1,7,referral,0
10012,0.3276,20.41,84,3,0.0236,45,0,14,website,1
10013,0.365,68.87,41,0,0.1531,66,0,27,app_store,0
10014,0.1698,67.31,83,0,0.3374,60,0,21,google_play,1
10015,0.4858,28.19,44,0,0.1372,26,0,13,website,0
10016,0.3333,20.09,45,1,0.1341,35,0,27,referral,0
10017,0.2208,29.46,52,1,0.4349,54,0,13,google_play,1
10018,0.2239,53.74,85,3,0.2262,50,0,5,website,1
10019,0.3767,14.22,68,1,0.6108,29,0,40,website,1
10020,0.1261,16.45,58,1,0.0166,50,0,43,google_play,0
10021,0.5748,26.23,9,0,0.7687,19,0,29,google_play,0
10022,0.3802,53.71,18,1,0.3735,27,0,4,website,1
10023,0.7277,44.02,5,3,0.1386,27,1,15,google_play,0
10024,0.5038,6.18,36,1,0.276,61,0,21,website,0
10025,0.1004,44.1,30,1,0.1978,43,1,47,google_play,1
10026,0.3549,24.29,2,0,0.6166,48,0,17,app_store,1
10027,0.0844,38.31,41,0,0.2809,57,0,39,website,0
10028,0.2638,21.1,19,1,0.1894,27,0,27,google_play,0
10029,0.2092,34.8,73,0,0.2491,57,0,12,google_play,0
10030,0.1417,25.35,38,0,0.4747,59,1,8,google_play,0
10031,0.214,16.76,1,0,0.4005,61,0,40,website,0
10032,0.2007,14.43,64,0,0.4712,57,1,28,app_store,0
10033,0.1734,21.46,56,0,0.0914,20,0,47,google_play,0
10034,0.7415,9.91,66,0,0.0375,41,0,19,referral,0
10035,0.2906,18.0,30,0,0.034,32,0,41,app_store,0
10036,0.3882,19.59,84,0,0.133,41,1,5,google_play,1
10037,0.0453,50.68,40,0,0.4204,20,0,9,referral,0
10038,0.1198,39.03,55,1,0.1199,29,0,46,referral,0
10039,0.3768,100.38,51,0,0.0599,69,0,21,app_store,0
10040,0.2767,7.58,51,0,0.0281,30,0,30,website,0
10041,0.2656,20.5,19,0,0.3693,33,0,28,google_play,0
10042,0.1028,58.15,41,0,0.042,49,0,47,app_store,0
10043,0.1233,29.73,18,1,0.1307,57,1,29,website,0
10044,0.2033,21.06,21,1,0.145,61,0,40,app_store,0
10045,0.51,12.77,69,0,0.0726,28,0,24,website,0
10046,0.2317,39.88,70,1,0.1918,62,0,36,referral,0
10047,0.227,27.95,74,1,0.4319,42,1,12,referral,1
10048,0.4573,19.36,53,2,0.1286,53,0,21,google_play,0
10049,0.1102,49.7,23,0,0.0935,39,0,38,app_store,0
10050,0.1437,117.55,9,2,0.5459,47,1,36,website,1
10051,0.1224,13.17,56,1,0.1491,46,0,12,app_store,0
10052,0.3551,36.9,79,1,0.2413,43,0,36,google_play,1
10053,0.4391,27.03,46,0,0.2462,47,0,10,google_play,1
10054,0.1789,38.65,25,0,0.3114,35,1,38,app_store,0
10055,0.2657,61.83,53,2,0.525,28,0,25,website,1
10056,0.6461,66.39,14,0,0.1133,46,0,33,google_play,0
10057,0.3164,17.31,77,1,0.0353,24,0,46,website,0
10058,0.4098,7.68,34,1,0.0553,66,0,42,referral,0
10059,0.211,22.98,53,1,0.6774,28,1,45,app_store,1
10060,0.0751,23.07,60,1,0.0496,51,0,26,website,1
10061,0.2774,3.57,77,0,0.0901,30,1,3,app_store,0
10062,0.236,49.86,30,0,0.1119,66,1,33,referral,0
10063,0.344,16.99,42,3,0.1166,68,0,30,app_store,1
10064,0.5019,23.66,33,0,0.0171,35,0,40,google_play,0
10065,0.438,16.45,5,0,0.152,30,0,31,google_play,0
10066,0.1691,21.22,27,1,0.058,27,0,42,app_store,0
10067,0.0297,59.94,14,1,0.106,60,1,47,app_store,1
10068,0.119,26.02,67,1,0.1434,52,0,19,app_store,1
10069,0.092,108.32,58,0,0.2125,24,0,25,referral,1
10070,0.1815,38.11,9,0,0.2466,45,1,5,google_play,0
10071,0.1814,40.08,34,2,0.1738,52,0,18,google_play,1
10072,0.5309,21.26,1,0,0.1216,42,0,11,google_play,1
10073,0.3956,23.52,42,0,0.0438,26,0,43,google_play,0
10074,0.2788,50.54,21,2,0.3382,60,1,18,google_play,0
10075,0.4872,56.32,66,0,0.1273,56,0,4,google_play,0
10076,0.3511,29.56,84,0,0.1746,62,0,12,google_play,1
10077,0.0547,36.23,56,0,0.3364,31,0,8,google_play,1
10078,0.2959,22.24,12,0,0.0495,67,0,40,app_store,0
10079,0.4188,28.62,66,1,0.2078,42,0,39,website,0
10080,0.1934,26.08,46,0,0.013,21,0,14,google_play,0
10081,0.3913,25.22,3,0,0.2606,29,0,15,referral,0
10082,0.514,49.47,7,2,0.178,32,0,4,google_play,0
10083,0.303,23.69,83,1,0.0487,51,0,30,google_play,1
10084,0.5255,15.79,67,0,0.1969,63,0,14,google_play,0
10085,0.5779,20.32,32,3,0.005,65,0,19,referral,0
10086,0.3903,20.08,0,0,0.1335,23,0,3,google_play,0
10087,0.042,33.4,63,0,0.2258,49,0,12,app_store,1
10088,0.1752,16.6,41,0,0.2758,38,0,15,website,1
10089,0.446,53.94,37,0,0.3323,26,0,33,app_store,0
10090,0.1846,20.32,2,1,0.4119,63,0,3,referral,0
10091,0.0638,73.58,18,1,0.0329,37,0,40,website,0
10092,0.0761,24.98,21,1,0.267,64,0,26,referral,1
10093,0.3586,35.51,49,0,0.0357,50,0,40,app_store,0
10094,0.4346,49.19,55,0,0.1466,48,0,39,google_play,0
10095,0.0593,57.77,7,1,0.2642,27,0,25,app_store,0
10096,0.1761,38.05,85,1,0.0748,22,0,35,google_play,0
10097,0.2126,153.73,4,1,0.0407,28,1,4,website,0
10098,0.2988,24.59,60,0,0.1911,28,0,22,app_store,1
10099,0.0931,8.53,25,0,0.0877,57,0,42,website,0
10100,0.4794,23.94,89,0,0.0502,31,0,23,google_play,0
10101,0.1921,42.79,38,1,0.4156,31,1,40,website,0
10102,0.3088,33.73,53,2,0.1831,56,0,39,google_play,1
10103,0.4165,12.03,22,3,0.0938,40,0,5,google_play,1
10104,0.2968,19.36,30,1,0.1876,34,1,34,app_store,1
10105,0.2797,13.92,89,1,0.0479,65,0,35,google_play,0
10106,0.3897,15.41,75,0,0.1322,57,0,25,referral,0
10107,0.0596,22.98,2,2,0.1837,45,0,38,app_store,1
10108,0.0449,34.01,60,0,0.1762,24,0,23,app_store,1
10109,0.3342,14.73,78,1,0.0103,26,0,40,website,0
10110,0.4166,15.74,58,2,0.1279,34,0,23,app_store,0
10111,0.4957,40.35,38,1,0.2033,19,0,44,referral,0
10112,0.3303,13.47,37,0,0.2067,64,1,11,app_store,0
10113,0.3624,13.05,68,1,0.1949,59,1,45,website,1
10114,0.6659,114.3,82,0,0.0236,32,0,30,website,0
10115,0.3028,16.97,81,1,0.1225,19,0,30,google_play,0
10116,0.3612,6.84,51,0,0.4398,22,0,37,app_store,0
10117,0.5472,10.3,52,1,0.0263,52,0,29,referral,0
10118,0.4556,6.08,65,1,0.1335,32,1,14,google_play,0
10119,0.1647,77.84,44,1,0.5759,41,0,14,website,1
10120,0.4182,23.32,4,1,0.0405,47,1,35,website,0
10121,0.3257,11.84,56,0,0.4143,62,1,28,website,0
10122,0.0706,36.34,72,1,0.0849,69,0,26,website,0
10123,0.3039,81.34,87,4,0.0403,28,1,31,app_store,1
10124,0.326,21.76,25,2,0.1355,51,0,1,google_play,1
10125,0.2105,76.95,7,0,0.6728,65,0,39,app_store,0
10126,0.236,19.39,53,0,0.1904,36,0,14,website,0
10127,0.2372,10.77,50,0,0.2391,27,0,32,app_store,1
10128,0.1283,87.09,63,0,0.2006,25,0,41,referral,1
10129,0.2063,14.81,43,0,0.0693,32,0,38,website,0
10130,0.1302,16.51,60,2,0.4,48,0,8,app_store,1
10131,0.3506,50.77,73,1,0.2321,51,0,11,google_play,0
10132,0.1797,25.15,20,0,0.1921,51,0,10,referral,1
10133,0.2593,22.71,9,0,0.4297,47,1,31,app_store,0
10134,0.0757,20.53,70,0,0.1099,54,1,2,app_store,1
10135,0.2514,15.39,57,0,0.0943,41,0,13,website,0
10136,0.3449,27.84,13,0,0.4104,46,0,22,app_store,0
10137,0.1583,34.51,27,1,0.1657,56,0,15,website,0
10138,0.4037,20.98,49,0,0.549,65,1,38,website,1
10139,0.1393,36.47,68,2,0.1105,28,0,19,google_play,1
10140,0.4467,32.74,48,0,0.0273,58,0,9,website,0
10141,0.8313,32.17,5,1,0.2025,39,0,15,website,0
10142,0.25,20.11,69,0,0.2731,39,0,10,google_play,1
10143,0.4948,18.92,75,1,0.7084,66,0,9,website,1
10144,0.2261,31.8,3,1,0.5106,68,0,44,app_store,0
10145,0.2952,10.59,0,1,0.1047,53,1,44,website,0
10146,0.2901,186.75,11,1,0.0718,66,1,39,website,0
10147,0.2495,4.22,79,0,0.2163,34,1,22,app_store,1
10148,0.4535,16.57,84,0,0.0639,55,0,31,google_play,0
10149,0.4264,35.16,43,0,0.2611,68,1,42,app_store,0
10150,0.4954,40.89,38,0,0.0708,60,0,12,app_store,0
10151,0.2621,13.58,83,0,0.1666,18,1,20,website,0
10152,0.1624,15.56,22,1,0.3694,36,0,31,referral,1
10153,0.392,25.4,0,2,0.1237,21,0,18,website,1
10154,0.3813,9.48,76,0,0.1359,28,0,10,google_play,1
10155,0.1633,10.57,82,3,0.3868,43,0,46,referral,1
10156,0.2679,45.32,72,0,0.2151,67,0,2,google_play,1
10157,0.2881,43.47,48,0,0.0446,20,0,47,google_play,0
10158,0.2245,24.73,89,0,0.1184,20,1,37,app_store,0
10159,0.4437,42.05,5,0,0.0852,52,0,8,google_play,0
10160,0.5197,26.19,79,2,0.0573,39,1,33,website,1
10161,0.5609,14.27,88,4,0.0398,52,0,3,referral,1
10162,0.2107,10.9,48,0,0.3098,62,0,34,website,1
10163,0.1348,37.98,25,2,0.2116,21,0,34,referral,1
10164,0.0371,15.3,18,2,0.1324,22,0,28,app_store,1
10165,0.0605,43.22,16,1,0.0721,37,0,13,google_play,1
10166,0.1306,19.81,9,1,0.3547,31,0,18,app_store,0
10167,0.2089,60.91,6,0,0.3204,41,0,35,app_store,0
10168,0.4536,12.56,47,0,0.1197,23,1,33,app_store,0
10169,0.1356,11.05,46,1,0.12,27,1,24,website,1
10170,0.3323,28.34,9,0,0.3444,21,1,22,google_play,0
10171,0.5745,19.23,60,1,0.6619,28,0,21,website,1
10172,0.2928,27.2,47,1,0.1273,31,0,13,referral,0
10173,0.179,23.31,27,2,0.2892,56,0,19,app_store,1
10174,0.1676,17.1,80,0,0.2828,22,0,43,google_play,0
10175,0.13,20.33,62,0,0.1568,26,1,35,website,0
10176,0.4311,5.3,34,1,0.5339,25,0,37,google_play,0
10177,0.1774,69.61,76,0,0.4615,64,0,39,referral,1
10178,0.5027,15.66,88,0,0.1836,47,0,3,referral,0
10179,0.2337,33.28,40,1,0.4553,68,0,28,website,1
10180,0.3499,5.72,55,1,0.3045,21,0,42,google_play,0
10181,0.1294,13.18,86,1,0.0383,49,0,20,website,0
10182,0.4423,29.22,40,1,0.0995,34,1,22,google_play,0
10183,0.4885,86.87,9,0,0.4352,23,0,19,website,0
10184,0.1182,33.42,37,1,0.0845,39,0,39,google_play,1
10185,0.4353,36.03,65,0,0.0057,67,0,14,google_play,1
10186,0.2506,17.3,88,0,0.5533,55,1,24,google_play,1
10187,0.4091,24.16,66,2,0.2223,49,0,20,website,1
10188,0.0463,21.22,86,1,0.0541,30,0,16,app_store,1
10189,0.2293,30.21,50,0,0.1374,30,0,32,google_play,0
10190,0.2036,58.05,66,0,0.365,65,0,3,referral,1
10191,0.1596,19.05,12,0,0.4158,58,0,19,google_play,0
10192,0.153,24.8,76,0,0.5328,55,1,9,app_store,1
10193,0.0706,18.48,48,0,0.0779,53,1,15,app_store,0
10194,0.6339,20.3,2,1,0.4102,52,0,42,website,0
10195,0.2805,53.86,14,0,0.1565,60,0,37,app_store,0
10196,0.4756,33.32,65,1,0.0241,29,1,26,google_play,0
10197,0.3634,30.44,7,0,0.1895,63,0,39,app_store,0
10198,0.362,22.3,57,0,0.097,19,0,18,google_play,1
10199,0.4154,13.31,48,1,0.1865,66,0,21,app_store,1
10200,0.4077,39.67,41,1,0.1747,67,0,41,website,0
10201,0.4417,43.85,54,0,0.0529,41,0,42,google_play,0
10202,0.4418,45.17,60,0,0.1471,29,0,31,app_store,0
10203,0.2396,24.12,72,0,0.0809,64,0,15,app_store,0
10204,0.2692,14.15,48,2,0.3883,18,0,17,website,1
10205,0.2995,38.19,18,0,0.196,28,0,4,google_play,0
10206,0.1506,51.95,79,0,0.4832,27,1,43,app_store,0
10207,0.1031,43.89,83,3,0.0841,32,0,28,google_play,1
10208,0.0378,14.13,17,1,0.0929,45,0,26,referral,1
10209,0.1931,31.76,51,0,0.1354,40,0,28,google_play,0
10210,0.2765,6.25,43,1,0.4653,64,1,22,website,0
10211,0.2718,62.33,58,1,0.7303,22,0,6,app_store,1
10212,0.3059,27.51,5,1,0.0485,37,1,27,app_store,0
10213,0.2594,28.07,15,0,0.028,57,0,23,app_store,1
10214,0.2148,72.19,14,0,0.1289,38,0,34,google_play,0
10215,0.2998,16.2,72,0,0.033,36,0,13,google_play,0
10216,0.194,26.6,55,1,0.3334,44,0,40,referral,1
10217,0.1063,13.41,59,1,0.2205,40,0,30,app_store,1
10218,0.3805,8.6,28,0,0.3127,35,0,33,website,0
10219,0.1609,29.82,16,1,0.1154,50,0,30,website,1
10220,0.2481,28.88,8,1,0.1372,60,0,46,google_play,0
10221,0.5766,5.55,45,3,0.4552,64,0,30,app_store,0
10222,0.2247,40.87,68,0,0.2953,22,0,26,google_play,1
10223,0.3152,23.82,34,1,0.1036,68,0,7,app_store,0
10224,0.1119,41.54,87,0,0.3084,38,0,24,website,0
10225,0.5216,28.92,89,0,0.0588,61,1,11,google_play,1
10226,0.2614,51.01,6,0,0.3457,56,1,11,website,0
10227,0.2892,55.27,88,1,0.3694,47,1,25,website,1
10228,0.127,28.2,69,1,0.1216,63,0,43,app_store,0
10229,0.1055,46.81,53,0,0.1167,31,0,16,website,1
10230,0.0871,45.5,17,1,0.0754,19,1,38,google_play,0
10231,0.1762,10.73,34,1,0.1644,66,0,25,google_play,1
10232,0.4642,13.22,74,1,0.162,57,0,11,referral,0
10233,0.5925,12.1,42,3,0.2857,36,0,10,app_store,0
10234,0.577,39.04,81,0,0.3719,41,0,31,google_play,1
10235,0.2618,14.95,23,1,0.1852,27,0,20,google_play,1
10236,0.0986,5.91,27,0,0.1141,24,1,39,app_store,0
10237,0.2045,12.11,69,0,0.0771,51,1,38,app_store,0
10238,0.096,18.77,10,2,0.2051,52,0,27,google_play,1
10239,0.2841,33.84,45,2,0.0289,37,1,29,google_play,0
10240,0.2672,60.64,30,1,0.0432,24,0,18,app_store,0
10241,0.1299,47.78,50,2,0.072,61,1,37,website,0
10242,0.1373,27.79,14,0,0.0481,55,0,12,referral,0
10243,0.285,13.75,4,3,0.1928,68,0,37,website,1
10244,0.2256,6.03,69,3,0.0365,60,0,11,website,1
10245,0.3575,17.45,7,1,0.2253,60,0,5,website,0
10246,0.4768,20.08,34,0,0.1839,46,0,25,app_store,0
10247,0.1854,26.31,19,0,0.2674,32,0,12,google_play,0
10248,0.0472,45.9,62,0,0.0485,54,0,2,referral,1
10249,0.5138,39.25,39,0,0.1696,57,0,29,app_store,0
10250,0.5913,26.19,89,0,0.1167,43,1,1,app_store,0
10251,0.4271,18.56,39,0,0.238,22,0,30,google_play,0
10252,0.136,8.45,23,0,0.0479,30,0,45,google_play,1
10253,0.1177,14.01,76,0,0.1013,31,1,22,app_store,0
10254,0.2665,12.49,74,1,0.0328,33,0,44,app_store,0
10255,0.2054,150.63,70,1,0.5112,65,0,47,google_play,1
10256,0.4717,99.13,41,0,0.2084,54,0,20,app_store,0
10257,0.3361,10.16,57,2,0.1202,64,0,34,google_play,0
10258,0.2046,32.3,24,0,0.1586,22,0,29,referral,0
10259,0.4918,9.53,2,1,0.1184,53,0,5,website,1
10260,0.116,28.69,8,2,0.4503,35,0,43,website,1
10261,0.5077,17.4,49,0,0.0913,68,0,36,referral,0
10262,0.1839,22.21,21,1,0.0715,42,0,18,google_play,0
10263,0.5058,51.22,88,1,0.2359,31,1,15,website,1
10264,0.1284,31.84,5,0,0.3958,56,1,46,app_store,0
10265,0.2213,45.1,44,0,0.1153,46,0,8,app_store,0
10266,0.3013,34.88,50,0,0.5181,53,0,42,app_store,1
10267,0.8911,14.69,49,0,0.1049,67,0,10,app_store,0
10268,0.2602,9.8,45,0,0.0576,49,1,40,website,0
10269,0.6423,19.89,4,1,0.0564,19,0,41,google_play,0
10270,0.4125,19.87,59,0,0.2268,19,1,32,google_play,1
10271,0.0831,17.01,23,0,0.1311,29,1,27,app_store,1
10272,0.6826,14.98,23,0,0.6254,56,0,46,google_play,0
10273,0.1521,25.7,54,0,0.0971,56,0,20,google_play,0
10274,0.0719,61.86,70,2,0.0403,69,0,27,website,1
10275,0.447,5.64,77,1,0.5405,55,0,26,referral,1
10276,0.2692,10.28,77,1,0.5888,47,0,19,website,1
10277,0.1741,29.46,68,0,0.1289,57,0,46,app_store,0
10278,0.1994,6.68,38,0,0.1755,62,0,34,google_play,0
10279,0.1797,8.93,75,1,0.1979,24,1,25,website,0
10280,0.3365,107.87,81,0,0.0687,51,0,20,referral,0
10281,0.1007,36.37,71,1,0.0437,36,0,6,website,1
10282,0.1081,158.95,0,0,0.0226,25,0,1,referral,1
10283,0.2581,7.42,56,0,0.4157,36,0,19,app_store,1
10284,0.4175,105.58,82,1,0.3922,33,0,11,referral,1
10285,0.0206,9.8,47,1,0.213,43,0,6,google_play,1
10286,0.2597,45.91,7,0,0.0975,31,0,10,google_play,0
10287,0.3055,5.35,32,0,0.2225,26,0,15,referral,0
10288,0.1816,30.06,62,0,0.509,47,0,42,app_store,0
10289,0.2132,31.58,72,0,0.6262,58,0,43,google_play,1
10290,0.3075,17.92,55,2,0.23,20,0,26,google_play,0
10291,0.2593,9.26,39,0,0.1792,37,1,19,website,0
10292,0.3314,20.16,46,2,0.1231,64,0,12,app_store,1
10293,0.1984,29.02,48,0,0.2252,59,0,42,referral,1
10294,0.2026,10.96,89,0,0.3003,31,0,25,google_play,1
10295,0.2597,21.23,89,1,0.1205,47,0,25,google_play,1
10296,0.3874,23.47,40,0,0.1103,67,0,43,google_play,0
10297,0.1473,33.66,25,0,0.3511,48,0,7,website,0
10298,0.2237,8.05,20,1,0.1698,20,0,31,website,0
10299,0.3271,16.18,38,1,0.0874,47,0,4,app_store,0
10300,0.0689,27.75,14,2,0.252,59,1,19,google_play,1
10301,0.2976,18.57,7,0,0.1434,42,0,18,google_play,0
10302,0.2201,11.37,28,0,0.1617,34,0,43,google_play,0
10303,0.6523,47.23,30,0,0.0638,66,0,26,google_play,0
10304,0.1767,48.33,67,1,0.0401,61,0,21,google_play,0
10305,0.0477,41.57,80,2,0.8711,55,1,24,google_play,1
10306,0.1131,18.99,29,0,0.1314,36,0,44,referral,1
10307,0.0563,21.24,24,1,0.1992,40,0,28,google_play,1
10308,0.1677,58.79,34,1,0.1088,19,0,46,app_store,0
10309,0.2692,43.0,75,0,0.1822,64,0,31,google_play,0
10310,0.3325,59.43,28,3,0.3651,24,0,8,google_play,1
10311,0.1212,26.02,48,0,0.398,30,0,40,website,1
10312,0.5487,37.58,41,0,0.1106,51,0,12,app_store,0
10313,0.2392,39.05,48,0,0.0545,46,0,27,website,0
10314,0.0158,67.35,45,1,0.6176,49,0,18,app_store,1
10315,0.1823,4.97,88,0,0.1338,28,1,36,google_play,0
10316,0.075,26.73,12,0,0.2574,47,0,41,referral,1
10317,0.2632,47.81,42,1,0.6659,54,0,10,referral,1
10318,0.4681,55.91,58,1,0.3102,35,1,27,website,1
10319,0.1777,17.87,27,1,0.2562,38,0,41,app_store,0
10320,0.1431,32.23,44,1,0.3458,52,0,9,app_store,1
10321,0.5546,41.05,57,0,0.1633,59,1,5,google_play,1
10322,0.3117,59.04,71,1,0.4403,55,0,13,website,1
10323,0.1879,31.47,45,0,0.1223,35,0,18,google_play,0
10324,0.365,29.37,64,0,0.1201,29,1,47,website,0
10325,0.2344,20.3,42,0,0.0919,33,0,34,referral,0
10326,0.2614,53.78,38,0,0.4824,21,1,38,website,0
10327,0.5311,58.59,80,2,0.0494,59,0,36,website,1
10328,0.2823,50.93,33,2,0.9869,20,1,33,google_play,0
10329,0.5577,41.24,66,0,0.4096,59,0,20,referral,0
10330,0.2506,29.12,19,1,0.1825,41,0,3,app_store,1
10331,0.579,16.26,37,0,0.0743,23,1,15,app_store,0
10332,0.0593,14.61,15,0,0.0732,46,0,45,referral,0
10333,0.2393,50.44,16,1,0.4887,18,0,45,app_store,0
10334,0.0789,54.21,28,0,0.1253,39,1,13,app_store,1
10335,0.0865,29.13,6,0,0.025,18,0,21,google_play,0
10336,0.4254,29.12,55,0,0.0418,43,0,44,app_store,0
10337,0.2643,28.48,22,1,0.1188,58,0,5,website,0
10338,0.1349,56.77,57,1,0.1177,28,1,14,google_play,1
10339,0.3802,41.66,87,0,0.2638,58,0,25,google_play,1
10340,0.0752,18.15,83,0,0.2421,23,0,38,website,1
10341,0.556,35.03,10,0,0.1223,41,0,18,referral,0
10342,0.1585,8.1,55,1,0.1199,42,0,20,referral,0
10343,0.4603,15.92,89,1,0.0532,69,0,47,website,1
10344,0.0899,7.21,62,1,0.3152,21,0,13,google_play,1
10345,0.3074,13.47,57,1,0.4392,65,0,45,app_store,1
10346,0.4296,14.37,72,0,0.3319,33,1,35,website,1
10347,0.1377,5.71,44,0,0.0382,37,0,42,google_play,0
10348,0.352,55.74,63,0,0.143,43,1,26,app_store,0
10349,0.1193,17.18,76,1,0.1081,60,0,26,google_play,1
10350,0.3438,19.57,52,1,0.271,22,0,16,google_play,1
10351,0.0605,13.43,27,1,0.4516,60,1,20,google_play,1
10352,0.3443,36.45,68,0,0.4234,41,0,35,app_store,1
10353,0.4045,64.49,4,0,0.023,47,0,30,website,0
10354,0.1825,35.37,60,1,0.1051,42,0,4,google_play,1
10355,0.2548,31.3,15,3,0.0476,62,1,4,referral,1
10356,0.1993,6.16,1,0,0.222,18,0,45,website,1
10357,0.2286,22.85,72,1,0.1234,57,0,47,google_play,1
10358,0.1254,38.59,72,1,0.1256,63,0,40,app_store,1
10359,0.4205,56.79,52,1,0.0572,25,1,20,google_play,0
10360,0.3415,37.51,1,0,0.5673,54,0,3,google_play,0
10361,0.5381,105.8,42,1,0.192,41,0,20,google_play,0
10362,0.1437,14.73,40,1,0.029,35,1,22,google_play,0
10363,0.3932,14.73,68,2,0.4726,47,0,1,website,1
10364,0.2543,32.08,77,0,0.0841,50,0,4,website,0
10365,0.3515,60.0,43,1,0.1135,53,0,8,website,0
10366,0.7083,67.17,62,1,0.1818,33,0,15,google_play,0
10367,0.4584,5.9,42,0,0.2554,57,0,44,google_play,0
10368,0.0773,26.5,82,0,0.1242,43,0,23,website,0
10369,0.0233,47.79,82,1,0.3035,31,1,30,referral,1
10370,0.3026,46.86,65,0,0.1202,29,0,46,google_play,0
10371,0.2024,36.43,51,1,0.2744,20,0,14,google_play,1
10372,0.0905,23.11,44,1,0.0516,30,1,31,app_store,1
10373,0.5076,2.93,58,0,0.2658,63,0,35,app_store,1
10374,0.3011,103.48,32,1,0.2579,47,1,24,google_play,0
10375,0.1873,37.65,57,0,0.597,68,0,39,website,1
10376,0.1692,13.23,1,1,0.172,60,0,27,referral,1
10377,0.121,19.56,24,1,0.1466,20,1,46,referral,0
10378,0.2765,29.44,64,0,0.1027,60,1,26,website,0
10379,0.2602,34.21,89,1,0.1997,42,0,46,website,0
10380,0.4542,9.27,17,1,0.1789,31,0,19,google_play,0
10381,0.3281,12.26,3,0,0.1822,48,0,32,app_store,0
10382,0.4701,34.82,31,2,0.0047,65,0,4,app_store,0
10383,0.2699,16.38,28,1,0.2169,19,0,13,google_play,1
10384,0.2855,7.06,89,2,0.0821,50,0,40,google_play,0
10385,0.2077,14.1,30,0,0.0199,26,0,47,app_store,0
10386,0.1334,24.32,83,0,0.1406,45,0,25,app_store,0
10387,0.0777,7.79,88,1,0.2202,65,0,22,app_store,1
10388,0.3233,77.05,0,0,0.0771,25,0,24,referral,0
10389,0.3605,56.36,53,1,0.2827,29,0,30,website,1
10390,0.4653,46.6,24,2,0.0504,22,0,33,app_store,0
10391,0.2618,26.14,33,0,0.259,55,1,37,app_store,0
10392,0.3713,10.33,38,0,0.0766,26,0,33,google_play,0
10393,0.4125,13.63,28,1,0.0845,60,0,15,google_play,0
10394,0.1895,61.94,15,0,0.051,38,0,14,website,0
10395,0.444,14.08,7,3,0.4143,27,1,17,google_play,0
10396,0.1524,23.98,13,0,0.0804,42,0,44,google_play,0
10397,0.1365,20.03,2,2,0.1491,29,0,17,google_play,0
10398,0.3509,21.98,36,0,0.2258,68,1,45,google_play,0
10399,0.3634,22.46,14,1,0.5022,56,0,29,google_play,0
10400,0.1945,20.76,17,1,0.2867,54,0,33,google_play,0
10401,0.0795,17.88,41,0,0.2675,22,0,2,website,1
10402,0.0637,19.62,52,1,0.019,30,0,17,app_store,1
10403,0.36,21.2,25,0,0.254,62,0,15,app_store,0
10404,0.1478,12.67,43,1,0.2695,23,0,41,website,0
10405,0.2158,9.2,88,0,0.206,25,0,13,app_store,1
10406,0.6899,18.93,79,0,0.2935,22,1,41,app_store,1
10407,0.0668,13.29,25,0,0.0593,42,0,44,website,0
10408,0.1539,23.42,63,0,0.1028,38,0,5,website,0
10409,0.3326,11.62,75,1,0.108,34,0,25,website,0
10410,0.3029,6.52,50,1,0.3249,45,0,3,website,1
10411,0.2305,67.91,76,0,0.3351,34,1,47,website,0
10412,0.0599,15.76,29,0,0.0865,24,0,38,google_play,1
10413,0.2578,5.17,19,1,0.3549,33,1,10,app_store,1
10414,0.4961,41.28,38,0,0.3032,61,0,32,app_store,0
10415,0.2945,17.38,20,1,0.1127,47,0,6,website,1
10416,0.0847,23.39,54,0,0.322,18,0,24,website,1
10417,0.1817,26.63,64,0,0.2427,41,0,6,google_play,1
10418,0.5414,46.72,80,0,0.5207,44,0,2,google_play,1
10419,0.6279,28.5,86,2,0.1982,42,0,24,google_play,0
10420,0.3471,8.63,44,0,0.3691,21,0,33,website,0
10421,0.2658,9.96,47,1,0.0968,61,1,31,app_store,0
10422,0.4211,8.42,0,0,0.2202,45,0,21,app_store,0
10423,0.183,16.25,33,1,0.2852,21,0,33,website,0
10424,0.372,30.23,26,0,0.1433,25,0,7,website,0
10425,0.1686,13.03,2,0,0.527,68,0,17,app_store,0
10426,0.1373,14.32,4,0,0.1758,21,1,1,referral,0
10427,0.0642,13.91,71,0,0.616,37,1,16,app_store,1
10428,0.4712,15.29,10,0,0.2793,64,0,19,google_play,0
10429,0.2274,37.08,22,3,0.432,51,0,42,referral,0
10430,0.3279,18.87,56,1,0.5313,18,0,27,app_store,1
10431,0.493,50.23,17,0,0.2067,39,1,16,app_store,0
10432,0.1186,15.97,51,0,0.2462,37,1,7,google_play,1
10433,0.1162,23.69,19,1,0.4442,40,0,31,website,1
10434,0.5741,20.29,32,0,0.0442,56,1,6,app_store,0
10435,0.2624,28.45,60,1,0.1406,48,1,7,website,1
10436,0.3164,33.86,73,0,0.1266,22,0,45,app_store,0
10437,0.3152,23.77,37,0,0.2302,54,0,15,google_play,0
10438,0.0614,154.04,53,1,0.1001,68,1,32,google_play,0
10439,0.3982,68.16,72,0,0.1339,61,0,2,google_play,0
10440,0.4048,16.07,72,2,0.3186,61,1,28,app_store,1
10441,0.185,60.44,8,3,0.195,22,0,27,google_play,1
10442,0.266,56.03,4,2,0.2389,53,1,20,app_store,0
10443,0.3633,9.57,61,1,0.4093,23,0,8,app_store,1
10444,0.2735,5.47,43,0,0.2243,53,0,47,referral,0
10445,0.4283,27.97,78,1,0.0333,55,0,20,referral,0
10446,0.2824,21.93,53,0,0.4875,19,0,24,website,1
10447,0.1939,4.24,76,0,0.1396,41,1,37,website,0
10448,0.2072,26.34,69,1,0.0441,61,0,37,website,0
10449,0.3171,24.89,15,0,0.0257,50,0,45,app_store,0
10450,0.2894,15.73,79,2,0.5396,59,1,2,website,1
10451,0.2232,72.71,53,1,0.3452,21,1,35,app_store,1
10452,0.4455,20.6,8,0,0.219,43,1,10,website,1
10453,0.0326,18.28,85,2,0.294,66,0,15,app_store,1
10454,0.2116,24.1,20,0,0.2185,65,0,42,google_play,0
10455,0.2257,9.28,71,2,0.0861,42,0,6,website,1
10456,0.2862,12.69,34,0,0.194,37,0,20,app_store,0
10457,0.1484,3.35,77,2,0.041,20,0,36,website,1
10458,0.1584,31.57,8,1,0.2968,66,0,45,app_store,0
10459,0.1882,45.75,83,0,0.2334,54,0,27,app_store,0
10460,0.2028,29.35,44,0,0.1254,18,0,30,website,0
10461,0.3122,27.8,10,0,0.1964,22,0,18,app_store,0
10462,0.1795,22.6,40,1,0.5589,33,1,12,referral,1
10463,0.2842,68.82,16,0,0.2399,19,0,2,website,1
10464,0.1836,21.55,47,1,0.1243,50,0,27,referral,0
10465,0.6317,44.68,71,0,0.229,66,0,25,app_store,1
10466,0.1762,41.6,10,1,0.1477,45,0,16,app_store,0
10467,0.2064,9.09,71,1,0.0986,44,0,18,website,1
10468,0.1527,37.69,73,1,0.0479,21,0,28,google_play,0
10469,0.0528,10.91,9,0,0.2316,58,0,9,app_store,1
10470,0.051,16.07,75,1,0.0723,28,0,5,app_store,1
10471,0.1097,20.98,77,1,0.2684,59,0,20,app_store,1
10472,0.3615,57.21,56,0,0.2469,34,1,29,referral,1
10473,0.0535,14.42,27,0,0.4001,22,0,3,google_play,1
10474,0.0805,30.03,15,1,0.0889,34,0,6,referral,1
10475,0.3307,7.99,83,2,0.0851,32,0,7,referral,0
10476,0.2098,20.89,71,0,0.1786,33,0,36,google_play,0
10477,0.402,17.04,5,1,0.2568,33,0,12,website,1
10478,0.384,57.61,22,0,0.2238,68,0,46,website,0
10479,0.4096,14.1,54,0,0.3096,24,1,12,google_play,0
10480,0.1248,7.98,54,2,0.206,30,0,24,website,1
10481,0.1123,17.62,88,1,0.238,30,0,3,google_play,1
10482,0.0693,15.49,61,0,0.0686,63,0,21,referral,0
10483,0.3042,28.3,52,0,0.2887,59,0,23,app_store,1
10484,0.1948,60.19,30,0,0.1632,57,0,42,google_play,0
10485,0.1209,18.89,10,2,0.0211,32,1,39,app_store,0
10486,0.1394,30.88,25,0,0.1782,30,1,22,website,0
10487,0.2735,22.31,8,1,0.1492,37,1,4,website,1
10488,0.5602,33.97,85,1,0.0885,23,0,9,google_play,0
10489,0.2521,12.08,51,0,0.6989,46,1,2,app_store,1
10490,0.3886,23.56,37,1,0.1965,35,0,47,app_store,0
10491,0.2215,46.39,65,2,0.3635,53,0,14,referral,1
10492,0.5123,14.05,57,0,0.1753,46,0,37,app_store,0
10493,0.6104,21.21,72,2,0.3965,26,0,38,website,1
10494,0.3169,22.82,4,1,0.1958,47,1,38,app_store,0
10495,0.2043,8.48,52,2,0.0992,23,0,13,website,0
10496,0.3121,39.66,0,0,0.0415,59,0,19,website,0
10497,0.4868,16.06,27,1,0.4144,35,0,26,google_play,1
10498,0.1505,23.17,30,0,0.7638,27,0,6,referral,0
10499,0.2033,36.79,9,0,0.2418,35,0,3,app_store,0
10500,0.3596,39.49,84,1,0.0225,36,0,30,app_store,0
10501,0.3498,10.42,59,0,0.0425,38,1,11,website,0
10502,0.46,31.99,73,1,0.1715,68,0,15,website,0
10503,0.4565,47.68,50,2,0.3616,48,1,21,app_store,1
10504,0.4608,15.12,44,3,0.2494,21,0,34,app_store,1
10505,0.7577,41.76,23,0,0.7032,54,0,25,app_store,0
10506,0.2807,31.98,20,0,0.223,33,0,46,google_play,0
10507,0.0413,33.85,85,0,0.1098,57,0,27,app_store,0
10508,0.0433,43.9,82,2,0.0439,19,1,22,website,1
10509,0.6695,12.93,50,1,0.3187,23,0,28,google_play,1
10510,0.2637,12.4,77,1,0.2554,37,0,43,app_store,1
10511,0.232,54.23,70,1,0.2364,23,0,21,app_store,1
10512,0.5827,19.4,67,0,0.3547,45,0,13,app_store,0
10513,0.2813,8.74,54,0,0.1229,59,0,46,app_store,0
10514,0.1765,21.62,33,0,0.4804,43,0,19,google_play,0
10515,0.5071,22.49,13,1,0.0884,19,0,44,google_play,0
10516,0.5391,28.81,41,3,0.1587,29,0,24,app_store,1
10517,0.4046,18.55,83,0,0.2914,62,0,45,app_store,1
10518,0.3544,81.97,9,1,0.13,42,0,34,app_store,0
10519,0.3135,12.98,51,0,0.7301,61,0,26,app_store,1
10520,0.2479,6.24,43,0,0.1567,53,1,12,app_store,0
10521,0.3239,8.7,58,0,0.0891,68,0,20,website,0
10522,0.4235,14.5,64,3,0.1073,28,0,39,website,0
10523,0.2935,33.88,46,1,0.303,38,0,46,app_store,1
10524,0.2539,21.02,53,0,0.4486,33,1,33,app_store,1
10525,0.0147,30.93,69,0,0.1016,46,1,36,app_store,1
10526,0.2036,15.17,18,1,0.2302,39,0,34,app_store,0
10527,0.4947,32.34,84,1,0.1512,18,0,35,google_play,0
10528,0.0623,8.0,46,0,0.0031,39,0,23,website,0
10529,0.282,27.08,29,1,0.1295,51,0,43,website,0
10530,0.1323,36.78,80,1,0.1102,60,0,1,website,1
10531,0.2356,12.68,76,0,0.0035,66,0,42,google_play,0
10532,0.1846,78.45,15,1,0.1884,32,1,47,google_play,0
10533,0.2592,6.51,10,0,0.0171,25,1,2,referral,0
10534,0.3076,39.49,76,0,0.3833,42,0,33,app_store,1
10535,0.1884,43.38,38,0,0.4029,41,1,43,app_store,0
10536,0.2532,13.19,88,1,0.2272,41,0,46,website,0
10537,0.3367,30.16,80,0,0.2551,33,0,34,app_store,1
10538,0.0653,13.24,10,0,0.2147,20,0,38,referral,0
10539,0.4843,29.66,52,0,0.2745,20,1,27,app_store,1
10540,0.2919,20.67,49,0,0.0358,58,0,17,referral,1
10541,0.4002,24.16,3,2,0.7229,18,0,24,google_play,0
10542,0.3215,16.03,29,2,0.1455,25,0,25,app_store,1
10543,0.3857,16.09,33,0,0.2281,24,0,21,website,0
10544,0.0437,14.05,53,0,0.1852,41,0,42,google_play,0
10545,0.4105,37.85,64,0,0.2376,37,1,8,app_store,0
10546,0.1677,77.6,13,1,0.1078,61,1,23,google_play,1
10547,0.38,118.86,29,0,0.0367,52,0,24,website,0
10548,0.0896,46.47,36,1,0.0502,34,0,37,website,0
10549,0.1537,24.07,21,0,0.377,41,0,4,referral,1
10550,0.4371,48.56,77,0,0.209,21,0,14,app_store,1
10551,0.1513,30.91,72,2,0.2751,23,0,18,app_store,1
10552,0.4343,19.01,9,1,0.1943,58,0,17,app_store,0
10553,0.3431,96.23,22,0,0.212,55,0,19,google_play,0
10554,0.0855,48.0,25,1,0.0095,52,0,11,website,1
10555,0.4574,14.4,18,0,0.3193,68,0,42,app_store,0
10556,0.33,47.58,13,2,0.1228,32,0,32,referral,1
10557,0.1316,36.33,62,1,0.3109,56,1,32,app_store,1
10558,0.3423,12.6,76,1,0.6004,37,0,10,google_play,1
10559,0.3548,25.59,62,0,0.3443,62,0,25,app_store,1
10560,0.0281,23.35,62,0,0.4293,53,1,8,google_play,1
10561,0.149,3.95,0,2,0.0985,38,0,12,google_play,0
10562,0.2453,9.07,8,0,0.1843,63,0,1,google_play,0
10563,0.1328,52.24,50,0,0.3247,61,1,10,website,1
10564,0.2132,14.74,57,0,0.3462,67,0,18,app_store,1
10565,0.2732,36.87,5,0,0.1565,59,0,9,google_play,0
10566,0.3672,59.38,65,4,0.0583,25,0,45,app_store,1
10567,0.2183,5.75,81,0,0.1412,33,0,5,app_store,0
10568,0.1516,75.67,58,0,0.0939,55,0,3,website,0
10569,0.4077,21.73,66,0,0.1219,43,0,36,referral,0
10570,0.2791,32.14,67,1,0.5005,32,0,2,referral,1
10571,0.243,95.19,66,1,0.7267,49,0,22,google_play,1
10572,0.3619,48.15,47,2,0.6729,64,1,16,app_store,1
10573,0.0677,21.65,66,0,0.071,57,0,16,google_play,0
10574,0.5623,16.88,0,0,0.7951,62,0,32,referral,1
10575,0.0908,17.91,16,0,0.1309,68,0,31,referral,0
10576,0.6302,16.51,42,0,0.2253,52,0,46,referral,0
10577,0.1092,59.35,9,3,0.1496,49,0,42,google_play,1
10578,0.3946,35.8,40,0,0.1898,66,0,20,website,0
10579,0.4534,28.41,40,1,0.1498,22,0,21,website,0
10580,0.3342,21.04,43,0,0.3849,48,0,22,website,0
10581,0.3443,40.84,62,0,0.1346,53,0,29,website,0
10582,0.1995,6.56,31,2,0.0753,63,0,41,website,0
10583,0.2536,90.36,89,0,0.2232,26,0,9,google_play,1
10584,0.4087,20.34,3,0,0.2392,38,0,22,app_store,0
10585,0.1623,12.6,25,0,0.4102,67,1,10,website,0
10586,0.5728,54.74,78,0,0.224,21,0,35,website,1
10587,0.3935,53.85,81,1,0.177,68,0,14,website,1
10588,0.3274,23.29,80,1,0.1041,60,0,41,google_play,0
10589,0.0881,62.13,6,0,0.0393,62,1,7,app_store,0
10590,0.1089,49.5,42,0,0.025,54,0,34,app_store,0
10591,0.0837,32.0,27,0,0.2157,22,0,40,app_store,1
10592,0.3768,7.78,6,0,0.1195,43,0,20,website,0
10593,0.3239,26.8,36,0,0.2416,69,0,33,website,1
10594,0.1615,24.68,2,0,0.0236,66,0,25,google_play,0
10595,0.2559,20.61,31,0,0.0446,37,0,13,app_store,0
10596,0.3544,18.93,52,1,0.3602,56,0,31,referral,0
10597,0.3181,41.52,75,1,0.2241,55,0,43,app_store,0
10598,0.1101,10.26,8,0,0.1032,63,0,6,website,0
10599,0.5532,56.59,39,0,0.2141,39,0,2,google_play,0
10600,0.0105,23.68,37,0,0.4301,38,0,7,app_store,1
10601,0.3041,13.61,69,0,0.1855,44,0,26,referral,0
10602,0.4238,20.02,22,0,0.4546,32,0,40,referral,0
10603,0.171,28.2,79,0,0.1731,28,0,47,website,1
10604,0.2665,67.33,24,0,0.045,44,0,11,app_store,0
10605,0.1178,40.33,45,0,0.2038,64,0,8,google_play,1
10606,0.1696,56.08,73,1,0.1353,43,0,34,google_play,0
10607,0.5487,23.47,34,0,0.3764,54,0,18,app_store,0
10608,0.3935,21.15,67,0,0.2535,54,0,45,app_store,1
10609,0.2338,90.0,0,1,0.0598,47,0,1,website,1
10610,0.1134,22.28,86,0,0.3238,55,0,20,referral,1
10611,0.2121,16.72,65,0,0.0678,28,0,37,google_play,0
10612,0.2883,15.57,13,0,0.6798,20,0,4,referral,1
10613,0.1886,30.16,86,1,0.1916,39,0,15,google_play,0
10614,0.2374,11.49,77,0,0.3672,30,1,7,website,1
10615,0.0088,27.89,21,2,0.0926,38,0,20,referral,1
10616,0.2515,27.52,32,2,0.3047,62,0,18,google_play,1
10617,0.2351,37.11,84,0,0.0822,22,0,6,app_store,1
10618,0.4595,7.21,33,2,0.0303,37,1,20,google_play,1
10619,0.1812,6.06,88,3,0.1352,49,0,15,google_play,1
10620,0.3737,18.06,24,1,0.0901,58,0,23,website,0
10621,0.413,22.25,59,0,0.0692,48,0,6,website,1
10622,0.3768,11.22,18,0,0.6982,18,0,32,google_play,0
10623,0.2909,9.41,57,0,0.1207,47,1,16,website,1
10624,0.2962,33.2,74,0,0.4462,46,0,2,google_play,1
10625,0.3955,19.72,75,1,0.1308,41,0,42,website,0
10626,0.2176,43.21,37,0,0.2102,56,0,24,referral,0
10627,0.2947,9.36,87,1,0.311,28,0,36,app_store,1
10628,0.1737,22.74,38,0,0.1243,20,0,21,website,1
10629,0.4753,79.1,56,1,0.0734,49,0,25,referral,1
10630,0.3935,19.92,79,0,0.0737,64,1,25,app_store,0
10631,0.1119,16.31,2,2,0.2254,43,1,16,app_store,1
10632,0.2997,46.45,62,0,0.114,30,0,43,app_store,0
10633,0.3601,57.57,68,0,0.1971,49,0,27,referral,0
10634,0.5107,15.73,37,0,0.0305,18,0,18,app_store,0
10635,0.4486,16.56,26,1,0.3326,30,1,28,app_store,0
10636,0.3162,44.96,65,1,0.054,48,0,19,app_store,0
10637,0.0921,30.27,45,0,0.1039,40,0,47,app_store,0
10638,0.2806,30.75,10,0,0.2055,59,0,29,referral,0
10639,0.2828,28.95,56,0,0.2164,60,0,1,referral,1
10640,0.2458,23.68,85,2,0.4251,44,0,33,website,0
10641,0.4648,49.49,33,0,0.3746,50,0,22,google_play,0
10642,0.4079,64.84,70,0,0.1406,33,0,18,app_store,0
10643,0.4029,11.93,10,0,0.8593,19,0,45,app_store,0
10644,0.5002,45.65,4,0,0.3541,47,0,22,google_play,0
10645,0.3142,23.79,48,0,0.3191,54,1,35,website,0
10646,0.2979,9.97,22,0,0.0418,26,0,26,google_play,0
10647,0.3579,12.85,42,3,0.027,58,0,16,google_play,1
10648,0.0511,18.42,34,0,0.268,43,0,31,app_store,0
10649,0.2601,51.45,87,0,0.2287,29,0,21,app_store,0
10650,0.1717,11.89,32,0,0.2826,40,1,41,referral,0
10651,0.3831,6.96,7,0,0.1151,46,1,18,referral,0
10652,0.4823,20.38,21,1,0.0016,28,0,23,referral,0
10653,0.2898,17.56,78,0,0.1307,65,1,33,website,0
10654,0.0405,51.91,43,0,0.0862,62,0,37,google_play,0
10655,0.7565,29.37,44,0,0.3492,19,0,30,website,0
10656,0.2824,40.4,74,0,0.0738,51,0,32,google_play,0
10657,0.4131,18.63,18,1,0.0612,58,0,4,website,0
10658,0.5073,10.46,75,0,0.0243,24,0,46,website,0
10659,0.6915,61.47,26,1,0.8502,59,0,9,website,0
10660,0.3012,16.23,69,0,0.0708,18,0,15,google_play,0
10661,0.6265,38.6,0,1,0.2182,64,0,26,website,0
10662,0.2652,18.96,35,3,0.0353,30,0,20,app_store,1
10663,0.0396,38.87,48,1,0.0939,67,1,36,website,0
10664,0.3968,30.31,44,0,0.3822,68,0,28,app_store,0
10665,0.7036,26.83,83,1,0.0677,31,0,23,referral,1
10666,0.0319,32.76,30,1,0.1621,54,0,16,website,1
10667,0.1389,20.72,67,1,0.0198,31,0,17,google_play,0
10668,0.6141,7.44,80,0,0.4046,61,0,31,app_store,0
10669,0.5842,30.03,26,1,0.135,57,1,17,app_store,0
10670,0.1261,54.7,66,1,0.3304,29,0,43,website,1
10671,0.4675,23.78,31,1,0.0923,50,0,29,app_store,1
10672,0.3675,19.7,40,0,0.3523,29,0,45,app_store,0
10673,0.2245,29.45,26,0,0.0528,28,1,30,website,0
10674,0.3306,48.69,30,2,0.1919,34,1,46,google_play,0
10675,0.2484,20.15,11,0,0.0098,33,1,35,website,0
10676,0.2925,8.62,69,1,0.3259,37,0,15,website,1
10677,0.1681,27.4,14,0,0.0651,52,1,23,referral,0
10678,0.3004,31.66,66,1,0.0389,56,0,31,referral,1
10679,0.4761,27.71,64,0,0.2005,50,0,21,website,1
10680,0.1012,17.35,79,2,0.1176,36,0,42,website,1
10681,0.1652,31.0,52,1,0.0291,61,0,28,app_store,0
10682,0.0733,20.87,13,0,0.3842,60,0,20,website,1
10683,0.2401,18.07,25,0,0.0177,38,1,20,website,0
10684,0.128,20.08,70,1,0.3254,38,0,21,google_play,0
10685,0.0573,27.69,23,0,0.3009,51,0,32,app_store,0
10686,0.1289,29.86,72,0,0.17,61,0,9,app_store,1
10687,0.4436,17.12,65,0,0.2106,63,0,31,app_store,1
10688,0.5383,28.2,56,0,0.1902,32,0,42,app_store,0
10689,0.5317,32.05,8,0,0.3994,56,0,37,google_play,0
10690,0.4845,36.24,50,2,0.3201,63,1,12,website,1
10691,0.267,34.37,19,3,0.4345,67,0,6,google_play,1
10692,0.213,61.06,89,0,0.2111,40,1,3,google_play,1
10693,0.5206,39.66,31,1,0.0425,19,0,28,google_play,0
10694,0.3869,99.78,39,1,0.3568,42,0,44,website,0
10695,0.1369,50.5,78,0,0.0869,62,0,19,app_store,0
10696,0.6348,49.39,2,0,0.2217,50,0,14,referral,0
10697,0.1372,10.4,73,0,0.1074,45,0,43,google_play,0
10698,0.5353,41.65,25,1,0.2939,40,0,36,google_play,0
10699,0.4264,44.51,7,0,0.0493,68,0,36,google_play,0
10700,0.4329,23.78,17,0,0.0931,68,0,47,referral,0
10701,0.1592,5.85,50,0,0.0522,62,0,41,app_store,0
10702,0.212,4.8,20,0,0.1519,23,0,32,website,0
10703,0.179,20.17,75,0,0.1548,31,0,46,referral,0
10704,0.3218,16.83,6,0,0.1249,53,0,39,referral,0
10705,0.2056,8.64,49,1,0.464,56,0,21,app_store,1
10706,0.0982,32.17,2,0,0.416,69,0,35,website,1
10707,0.1603,11.1,41,0,0.5883,54,0,11,app_store,0
10708,0.2383,7.64,66,2,0.0548,55,1,15,website,1
10709,0.154,103.99,80,1,0.1234,64,1,39,app_store,0
10710,0.4805,34.93,76,1,0.146,66,0,11,referral,0
10711,0.4997,18.21,66,0,0.0172,41,0,18,app_store,0
10712,0.246,9.13,77,1,0.0494,51,0,19,google_play,1
10713,0.2956,13.2,45,1,0.7249,56,1,41,google_play,1
10714,0.4023,15.87,80,1,0.064,43,0,22,website,0
10715,0.546,16.77,15,0,0.2544,44,0,18,referral,0
10716,0.3098,19.57,41,0,0.7675,58,0,22,google_play,1
10717,0.1974,10.73,16,1,0.1585,37,1,36,app_store,0
10718,0.1793,13.31,13,0,0.0765,66,1,18,website,1
10719,0.6025,7.41,21,0,0.3401,50,0,17,google_play,0
10720,0.169,6.14,66,0,0.3568,60,0,27,website,1
10721,0.1638,8.37,52,1,0.1001,54,0,29,app_store,1
10722,0.5226,16.01,50,0,0.7021,32,0,39,referral,1
10723,0.2471,19.78,49,0,0.3339,63,0,7,app_store,1
10724,0.3791,33.98,38,2,0.2385,30,0,35,google_play,1
10725,0.3656,32.81,56,1,0.1312,38,0,9,google_play,0
10726,0.0965,37.96,15,1,0.0515,51,0,33,website,1
10727,0.2168,19.82,17,0,0.0727,34,0,21,google_play,0
10728,0.1256,38.81,27,1,0.3635,67,0,31,app_store,0
10729,0.1464,5.47,46,1,0.6119,42,1,11,app_store,1
10730,0.1569,37.44,57,0,0.1177,20,1,39,referral,0
10731,0.0991,23.86,54,0,0.0863,52,1,20,website,0
10732,0.5864,48.1,12,1,0.0391,69,0,34,referral,0
10733,0.28,3.76,77,1,0.0261,52,0,18,app_store,0
10734,0.4775,46.45,65,0,0.3016,47,0,13,website,1
10735,0.2545,7.86,24,1,0.1462,69,0,43,referral,1
10736,0.5099,53.7,14,1,0.1389,32,0,3,referral,1
10737,0.0486,13.6,25,0,0.0247,20,0,14,app_store,1
10738,0.061,32.81,87,2,0.0565,23,0,14,referral,1
10739,0.2692,23.1,89,1,0.2301,38,0,42,website,1
10740,0.2753,49.92,37,0,0.3302,63,1,1,google_play,0
10741,0.4238,27.27,5,2,0.1891,42,0,38,app_store,1
10742,0.2632,73.64,31,0,0.0319,30,1,39,referral,0
10743,0.2747,14.82,43,1,0.1395,21,1,41,app_store,0
10744,0.2647,11.89,86,1,0.4485,37,0,42,app_store,1
10745,0.2734,15.53,83,0,0.3321,24,0,13,website,1
10746,0.0657,38.22,62,1,0.3101,56,0,36,app_store,1
10747,0.4084,39.34,49,3,0.175,56,0,41,website,1
10748,0.4604,9.96,45,1,0.4861,23,0,41,referral,1
10749,0.1641,13.55,52,1,0.2257,24,0,38,google_play,1
10750,0.3133,30.02,8,0,0.6166,21,0,35,app_store,0
10751,0.1412,58.66,24,0,0.029,45,0,46,referral,0
10752,0.2459,15.0,52,0,0.0528,26,0,37,app_store,0
10753,0.3525,9.04,66,0,0.1475,65,0,3,website,0
10754,0.4046,49.51,38,0,0.1754,20,0,35,google_play,0
10755,0.5942,7.22,86,0,0.2566,61,1,40,google_play,1
10756,0.3018,35.8,67,0,0.0855,46,1,43,referral,0
10757,0.1915,5.38,41,2,0.0348,39,0,39,referral,1
10758,0.2563,22.55,88,0,0.3206,33,0,12,referral,1
10759,0.2831,19.16,77,0,0.3775,69,0,43,app_store,1
10760,0.2162,14.19,46,0,0.2096,21,0,24,app_store,0
10761,0.2605,67.2,3,0,0.0693,24,1,25,referral,0
10762,0.0589,23.14,52,0,0.3068,59,0,44,google_play,1
10763,0.0941,21.81,75,0,0.3691,46,1,8,app_store,1
10764,0.2302,20.5,80,2,0.2887,40,0,15,website,1
10765,0.1543,14.33,86,0,0.0374,25,0,29,google_play,0
10766,0.503,88.18,6,0,0.0291,37,1,29,website,0
10767,0.2958,18.84,76,1,0.3119,31,1,47,app_store,1
10768,0.3761,89.87,36,0,0.159,39,0,8,google_play,0
10769,0.2043,13.76,7,1,0.2298,37,0,28,referral,1
10770,0.2886,24.85,39,0,0.5486,63,0,24,website,0
10771,0.4074,17.55,57,0,0.1716,61,1,34,google_play,0
10772,0.3554,13.98,55,0,0.1736,65,0,40,google_play,0
10773,0.0067,21.49,6,0,0.2129,50,0,21,app_store,1
10774,0.0985,78.67,9,1,0.1492,52,0,39,website,1
10775,0.4465,60.42,6,1,0.0398,37,1,32,website,0
10776,0.5012,24.96,6,2,0.0745,67,0,1,referral,1
10777,0.1805,9.42,6,0,0.0649,31,0,11,referral,0
10778,0.4644,30.73,17,0,0.2235,53,0,4,app_store,0
10779,0.1724,16.94,12,0,0.1659,66,0,14,website,1
10780,0.1763,12.48,68,1,0.0423,26,0,2,website,0
10781,0.0344,38.36,48,1,0.1912,59,1,41,website,1
10782,0.5935,10.01,51,1,0.1746,27,0,37,google_play,0
10783,0.1604,26.38,67,0,0.7566,39,0,7,app_store,1
10784,0.1019,33.53,53,0,0.1597,40,0,42,app_store,1
10785,0.1342,38.91,14,1,0.0624,24,0,41,website,1
10786,0.1108,10.0,80,2,0.3881,49,0,47,app_store,1
10787,0.1611,79.07,0,1,0.0032,64,0,11,app_store,1
10788,0.4578,29.57,27,1,0.201,24,0,19,google_play,0
10789,0.2646,24.08,38,1,0.0502,46,1,7,website,0
10790,0.1855,9.52,19,1,0.4354,42,0,30,website,0
10791,0.3833,13.52,38,0,0.1193,48,0,35,website,0
10792,0.3139,18.73,15,0,0.0482,54,0,11,app_store,0
10793,0.4036,23.57,39,2,0.0724,22,0,6,app_store,0
10794,0.5739,30.57,10,1,0.193,20,0,43,google_play,0
10795,0.1049,18.76,50,0,0.0668,65,0,20,website,0
10796,0.0808,66.2,50,0,0.1783,57,0,9,website,0
10797,0.1552,18.43,87,1,0.2176,33,1,26,google_play,1
10798,0.1607,27.51,15,0,0.3943,67,0,6,app_store,0
10799,0.3965,53.24,25,0,0.0686,27,1,36,website,0
10800,0.3136,16.35,56,0,0.338,18,0,38,app_store,1
10801,0.3101,9.23,51,0,0.1156,38,0,33,website,1
10802,0.0835,17.97,53,1,0.4526,40,0,28,google_play,1
10803,0.0636,45.5,75,1,0.4948,45,0,40,referral,1
10804,0.337,25.2,44,1,0.397,33,0,7,google_play,0
10805,0.2635,38.56,39,3,0.3141,58,0,7,website,1
10806,0.1276,9.58,30,0,0.34,34,0,27,website,0
10807,0.2492,7.76,1,0,0.1138,20,0,2,referral,0
10808,0.1282,36.07,35,0,0.1707,47,0,33,app_store,0
10809,0.0456,30.7,31,1,0.0258,61,0,31,referral,0
10810,0.1457,12.67,65,1,0.2934,33,0,1,google_play,1
10811,0.2319,10.78,63,0,0.4817,44,0,14,website,1
10812,0.2522,21.42,24,0,0.185,27,0,1,website,0
10813,0.3414,23.3,16,0,0.0209,41,0,10,website,0
10814,0.1352,10.24,60,0,0.1725,23,0,8,google_play,0
10815,0.3277,22.91,59,0,0.0753,22,0,36,google_play,0
10816,0.264,8.71,25,0,0.1225,35,0,4,app_store,0
10817,0.4005,15.4,4,0,0.2143,30,0,9,app_store,0
10818,0.4496,9.59,43,1,0.1096,27,0,19,app_store,0
10819,0.0634,22.3,60,0,0.0301,43,0,8,google_play,1
10820,0.3382,15.38,18,1,0.1626,44,0,24,google_play,1
10821,0.3827,61.91,45,0,0.5145,64,0,42,app_store,1
10822,0.2502,29.8,82,0,0.2622,60,0,37,google_play,1
10823,0.3569,9.61,63,1,0.1889,43,0,34,website,0
10824,0.5185,45.55,76,0,0.0944,28,0,31,google_play,1
10825,0.2634,20.96,2,0,0.3586,42,1,5,app_store,0
10826,0.2018,40.86,84,1,0.2988,30,0,25,website,1
10827,0.258,9.73,85,1,0.0461,53,0,46,google_play,0
10828,0.3536,36.65,59,0,0.0168,46,0,28,app_store,0
10829,0.2718,101.06,52,0,0.1854,41,0,25,website,0
10830,0.2548,36.22,15,0,0.1478,52,0,26,google_play,0
10831,0.1695,15.89,60,0,0.1665,66,1,9,google_play,0
10832,0.2418,53.83,56,0,0.3483,33,0,32,app_store,0
10833,0.0743,14.91,73,0,0.421,25,1,15,referral,1
10834,0.2262,33.76,17,1,0.3529,66,0,35,google_play,1
10835,0.2848,116.03,4,1,0.3506,50,1,19,app_store,1
10836,0.37,16.06,42,0,0.1217,56,1,20,website,0
10837,0.3927,34.47,14,0,0.1133,26,0,30,website,0
10838,0.2546,98.07,78,0,0.2898,43,0,28,website,0
10839,0.0155,47.98,14,0,0.192,61,0,30,website,0
10840,0.1639,39.71,16,0,0.1227,69,0,40,referral,0
10841,0.4728,6.09,14,0,0.0447,22,0,21,google_play,0
10842,0.0955,12.28,79,0,0.1451,54,0,21,referral,1
10843,0.3737,44.21,7,0,0.0864,35,1,1,website,0
10844,0.3092,19.4,43,0,0.1486,40,0,34,referral,0
10845,0.0469,17.05,82,2,0.1427,28,0,30,app_store,1
10846,0.0329,54.92,28,0,0.2714,56,0,45,website,0
10847,0.5133,38.29,31,0,0.051,62,0,11,app_store,0
10848,0.1328,13.56,60,0,0.5139,36,1,28,website,1
10849,0.1434,41.07,10,1,0.3302,18,0,34,referral,0
10850,0.1603,12.29,50,1,0.0666,69,0,11,website,1
10851,0.2705,7.91,64,0,0.0958,28,0,40,google_play,0
10852,0.2344,30.02,36,1,0.0119,68,0,25,google_play,1
10853,0.2715,10.09,32,2,0.4489,69,0,30,app_store,1
10854,0.2735,9.97,13,0,0.5778,31,0,22,referral,0
10855,0.5999,11.74,18,3,0.251,34,0,3,app_store,1
10856,0.188,26.86,26,0,0.0392,33,0,23,app_store,0
10857,0.2428,41.46,83,0,0.104,50,0,11,app_store,0
10858,0.4895,19.46,13,1,0.0196,46,0,4,referral,0
10859,0.3777,10.28,76,1,0.2834,63,0,36,app_store,1
10860,0.2512,10.85,29,1,0.0039,30,0,13,referral,0
10861,0.167,8.04,53,1,0.0676,31,1,38,app_store,0
10862,0.3797,39.37,71,0,0.0665,67,0,21,google_play,0
10863,0.468,12.67,44,1,0.2481,30,1,21,app_store,0
10864,0.5878,27.9,86,1,0.1528,48,0,5,website,0
10865,0.086,6.72,9,1,0.3666,35,0,42,google_play,0
10866,0.0841,57.9,58,1,0.0874,68,0,9,google_play,1
10867,0.2787,23.57,43,1,0.116,51,1,8,app_store,1
10868,0.3494,7.93,46,0,0.0149,49,0,33,app_store,0
10869,0.6375,15.56,37,0,0.0057,29,0,11,google_play,0
10870,0.529,27.0,75,0,0.1223,52,0,42,app_store,0
10871,0.2842,12.78,45,1,0.0547,65,0,37,app_store,1
10872,0.2489,30.63,75,0,0.2143,50,0,7,website,0
10873,0.1598,58.11,36,0,0.1422,38,0,29,website,0
10874,0.5506,45.03,3,0,0.0637,26,0,43,google_play,0
10875,0.2929,23.33,47,0,0.532,34,1,35,referral,1
10876,0.2001,64.51,89,0,0.2688,38,0,41,google_play,1
10877,0.2654,27.2,51,2,0.2598,33,0,47,website,1
10878,0.1642,21.71,85,0,0.114,45,1,10,app_store,1
10879,0.1443,22.11,7,0,0.0131,55,0,42,website,0
10880,0.3617,25.21,60,0,0.5376,25,0,33,google_play,0
10881,0.3494,32.14,18,0,0.0069,24,0,13,google_play,0
10882,0.2147,12.67,4,0,0.0155,25,0,41,app_store,1
10883,0.3686,52.38,41,0,0.2368,38,0,30,website,0
10884,0.1094,58.76,58,1,0.2016,55,0,31,app_store,1
10885,0.2182,133.63,81,0,0.5141,30,1,7,website,1
10886,0.22,7.13,49,1,0.051,60,0,21,app_store,1
10887,0.1735,24.28,84,2,0.1219,24,1,1,app_store,0
10888,0.1383,13.53,52,0,0.69,18,0,31,referral,1
10889,0.2806,37.34,51,1,0.0323,67,0,17,website,1
10890,0.3156,55.85,18,0,0.0609,68,1,9,website,0
10891,0.3195,24.42,51,1,0.1107,65,0,34,app_store,0
10892,0.4443,19.19,88,0,0.3228,57,0,31,app_store,0
10893,0.131,16.99,47,0,0.4278,26,0,22,app_store,1
10894,0.4454,20.85,56,0,0.0515,32,0,45,app_store,0
10895,0.3502,31.07,26,1,0.2084,34,0,35,app_store,0
10896,0.1211,30.93,82,1,0.2606,24,0,41,google_play,1
10897,0.4194,68.14,41,2,0.2122,30,0,33,website,0
10898,0.5053,21.4,35,1,0.2917,45,0,45,app_store,0
10899,0.1856,45.43,51,0,0.1844,34,0,43,website,0
10900,0.3956,12.91,61,0,0.0929,58,0,45,referral,0
10901,0.4249,9.93,77,0,0.1026,59,0,26,app_store,1
10902,0.4231,48.81,49,0,0.1376,67,0,26,website,0
10903,0.5111,32.3,31,1,0.4545,25,1,19,referral,1
10904,0.4619,16.81,27,0,0.0724,47,0,4,app_store,0
10905,0.3451,12.78,18,1,0.4105,44,1,15,website,1
10906,0.6287,17.46,24,1,0.1144,36,0,37,google_play,0
10907,0.5973,28.38,13,0,0.3539,21,0,26,google_play,1
10908,0.5319,27.21,69,0,0.0988,20,0,7,google_play,0
10909,0.3388,8.86,28,1,0.1729,38,0,43,google_play,0
10910,0.6091,10.03,87,1,0.0843,61,0,29,google_play,0
10911,0.0853,26.88,45,0,0.2205,23,0,25,app_store,1
10912,0.1366,36.8,9,2,0.1585,26,0,1,app_store,1
10913,0.2041,14.07,88,0,0.1219,36,0,24,website,1
10914,0.0957,9.05,60,0,0.2123,47,0,7,website,1
10915,0.2017,25.04,17,0,0.3445,43,0,46,app_store,0
10916,0.3554,5.23,68,1,0.0596,66,1,37,google_play,0
10917,0.0156,18.67,4,1,0.3221,47,0,15,app_store,1
10918,0.2358,37.17,7,1,0.4339,29,0,25,referral,0
10919,0.6917,20.64,24,0,0.2528,40,1,14,app_store,0
10920,0.2209,8.19,62,1,0.3571,66,0,23,app_store,1
10921,0.3161,70.4,54,1,0.0171,56,0,38,google_play,0
10922,0.641,24.63,28,1,0.1811,18,1,26,website,1
10923,0.3063,28.38,85,0,0.4397,62,1,39,google_play,1
10924,0.1161,45.36,65,0,0.1343,40,0,20,app_store,1
10925,0.5935,21.6,60,1,0.1129,67,1,26,app_store,0
10926,0.3119,20.23,3,1,0.1094,67,1,21,website,0
10927,0.0946,57.91,70,1,0.0412,52,1,2,website,1
10928,0.2742,13.83,12,0,0.2211,51,0,3,app_store,0
10929,0.0745,46.54,55,1,0.0955,31,0,3,google_play,1
10930,0.0446,11.12,24,1,0.1683,53,1,33,app_store,0
10931,0.3263,14.73,86,0,0.0105,62,0,29,referral,0
10932,0.1366,30.08,87,0,0.4474,51,0,34,referral,1
10933,0.5693,66.68,52,1,0.8441,23,0,7,app_store,1
10934,0.293,27.2,44,2,0.3157,35,0,21,app_store,0
10935,0.1924,9.21,61,1,0.1609,36,0,31,website,1
10936,0.4986,40.36,79,1,0.1679,68,0,6,app_store,0
10937,0.1086,14.07,88,3,0.2312,23,0,18,website,1
10938,0.222,38.21,83,1,0.149,30,0,47,website,0
10939,0.4029,30.0,50,1,0.0858,55,0,27,website,1
10940,0.3882,8.58,10,0,0.2598,27,0,37,referral,0
10941,0.5565,31.57,21,0,0.0405,27,0,32,referral,0
10942,0.5147,10.34,34,0,0.1899,46,0,41,referral,0
10943,0.1179,63.21,85,0,0.2733,65,0,8,website,1
10944,0.17,8.16,30,1,0.5104,34,0,6,google_play,1
10945,0.2035,21.94,49,2,0.1382,30,0,35,website,1
10946,0.895,12.65,66,0,0.028,66,0,24,referral,0
10947,0.1703,65.86,72,0,0.1177,59,0,25,website,0
10948,0.0773,8.3,21,0,0.2725,27,0,26,app_store,1
10949,0.504,125.38,36,0,0.3419,33,1,6,google_play,0
10950,0.3921,19.05,80,0,0.142,57,0,43,app_store,0
10951,0.13,16.53,86,1,0.0189,30,0,14,website,0
10952,0.0538,42.13,52,0,0.08,34,0,12,website,1
10953,0.2116,23.95,70,2,0.1254,27,0,27,app_store,0
10954,0.2781,13.53,45,2,0.0801,34,0,27,website,1
10955,0.7613,14.37,57,2,0.3043,26,1,18,google_play,0
10956,0.2281,17.32,88,0,0.0822,57,1,15,google_play,0
10957,0.1424,15.1,68,1,0.262,60,0,5,google_play,1
10958,0.2611,43.26,69,2,0.2048,30,1,2,google_play,1
10959,0.2338,26.05,73,0,0.1469,66,0,7,app_store,0
10960,0.4339,33.92,1,0,0.0474,22,0,8,google_play,0
10961,0.3635,18.3,76,1,0.4401,33,0,47,google_play,1
10962,0.2349,38.51,54,0,0.1116,23,0,5,referral,1
10963,0.1654,15.09,49,0,0.3543,63,0,8,google_play,1
10964,0.4004,12.87,84,0,0.3189,20,0,35,google_play,1
10965,0.1144,17.18,63,1,0.1857,37,1,7,referral,1
10966,0.1084,66.5,52,1,0.2118,51,0,42,website,1
10967,0.0515,16.39,87,0,0.3797,67,0,41,app_store,1
10968,0.3899,16.92,51,3,0.2113,52,0,41,website,1
10969,0.4023,28.59,51,2,0.11,46,0,31,app_store,1
10970,0.3153,22.39,9,0,0.3807,63,0,16,app_store,0
10971,0.3399,11.46,0,1,0.0888,36,0,7,google_play,1
10972,0.1743,10.73,34,0,0.0709,55,0,6,website,0
10973,0.2355,41.44,1,2,0.0561,33,0,46,referral,0
10974,0.0709,10.68,51,0,0.1281,58,0,20,app_store,1
10975,0.6261,45.56,69,2,0.0586,25,0,22,google_play,0
10976,0.2366,17.69,29,0,0.0787,26,0,1,app_store,0
10977,0.7841,4.82,4,1,0.0621,34,0,35,google_play,0
10978,0.29,38.59,79,1,0.1523,67,1,8,website,0
10979,0.2304,42.99,61,1,0.3357,26,0,16,referral,1
10980,0.1888,36.87,7,0,0.4732,36,0,35,referral,0
10981,0.0616,17.7,80,0,0.2755,52,0,39,google_play,1
10982,0.0204,19.13,40,1,0.0139,56,1,43,google_play,0
10983,0.2607,17.84,50,0,0.3899,44,0,3,referral,1
10984,0.3131,14.81,72,1,0.2497,41,0,38,google_play,1
10985,0.3647,29.86,20,0,0.0699,39,1,35,app_store,0
10986,0.318,21.25,17,0,0.1514,19,0,28,app_store,0
10987,0.5493,17.72,83,1,0.1441,45,0,8,google_play,1
10988,0.2408,14.9,9,0,0.3356,64,0,10,google_play,0
10989,0.2499,27.2,45,0,0.1682,40,0,7,app_store,0
10990,0.2953,59.58,23,2,0.3047,24,1,24,referral,0
10991,0.4171,26.66,16,1,0.3049,26,0,41,referral,1
10992,0.5925,9.5,80,0,0.0673,30,0,4,website,0
10993,0.0785,24.12,37,0,0.0541,28,0,29,website,1
10994,0.0946,34.36,88,0,0.3141,23,1,12,google_play,1
10995,0.0717,40.32,69,1,0.4098,65,0,17,google_play,1
10996,0.3799,35.2,58,0,0.3889,49,1,25,google_play,1
10997,0.1546,26.94,51,0,0.3271,61,0,46,app_store,1
10998,0.3176,163.64,13,0,0.0677,39,0,30,google_play,0
10999,0.1352,10.66,50,2,0.0408,66,0,42,website,1
11000,0.5305,69.61,86,0,0.2237,24,0,12,website,0
11001,0.4259,36.14,3,1,0.1225,61,0,37,google_play,0
11002,0.3246,122.21,75,1,0.1291,62,0,17,website,0
11003,0.3909,8.9,37,0,0.1553,44,0,27,website,0
11004,0.199,71.94,39,1,0.1867,21,0,41,website,0
11005,0.5004,77.22,61,0,0.146,40,0,11,referral,1
11006,0.3653,21.98,69,0,0.2035,35,0,36,app_store,1
11007,0.5373,13.53,15,1,0.3135,59,0,32,app_store,0
11008,0.0817,108.43,64,0,0.0666,30,0,24,website,0
11009,0.2007,13.78,88,0,0.0258,37,0,4,website,1
11010,0.1602,51.04,21,0,0.1895,46,0,35,google_play,0
11011,0.1602,69.87,2,0,0.0144,48,1,12,google_play,1
11012,0.0396,21.92,22,2,0.0587,52,0,36,website,1
11013,0.4368,21.82,23,1,0.0796,31,1,6,google_play,0
11014,0.1061,84.41,42,1,0.115,55,0,23,website,0
11015,0.2188,19.78,3,0,0.0913,43,0,21,website,1
11016,0.3922,16.61,51,3,0.1134,36,0,12,google_play,1
11017,0.3375,3.71,23,0,0.488,53,0,38,app_store,0
11018,0.2843,53.79,50,0,0.4288,37,0,3,google_play,1
11019,0.1429,18.89,27,1,0.0303,38,0,3,google_play,1
11020,0.2168,42.44,81,0,0.1337,34,0,44,google_play,1
11021,0.5286,22.13,43,0,0.2935,45,0,36,app_store,0
11022,0.1853,62.48,88,1,0.1292,33,0,37,website,0
11023,0.2021,64.24,77,2,0.4888,67,0,20,google_play,1
11024,0.3537,12.22,66,0,0.1193,20,0,4,google_play,0
11025,0.1952,17.73,27,1,0.1179,63,1,12,referral,0
11026,0.1737,36.85,75,0,0.0586,40,0,12,google_play,0
11027,0.1487,65.7,18,1,0.5359,48,1,43,app_store,0
11028,0.1532,26.55,72,0,0.3462,49,0,39,website,1
11029,0.3287,28.5,18,0,0.1324,65,0,28,website,0
11030,0.493,31.31,47,0,0.2546,62,0,33,website,1
11031,0.2767,13.29,7,1,0.1411,46,0,41,app_store,0
11032,0.2967,17.86,51,2,0.1836,32,0,6,google_play,1
11033,0.2117,21.55,13,1,0.1094,27,0,30,website,0
11034,0.3686,49.43,76,0,0.12,53,0,39,google_play,0
11035,0.464,86.18,26,1,0.2854,26,0,22,google_play,0
11036,0.2897,12.97,88,0,0.5907,43,0,46,referral,1
11037,0.1706,40.65,20,1,0.0507,43,0,37,google_play,1
11038,0.3573,28.58,67,1,0.0966,44,0,38,website,1
11039,0.1674,17.27,7,0,0.1645,65,0,5,app_store,0
11040,0.2152,12.53,50,1,0.273,63,0,13,referral,1
11041,0.0767,28.79,86,0,0.1016,26,0,7,app_store,0
11042,0.0668,16.29,20,0,0.1639,19,0,16,app_store,0
11043,0.2602,31.85,6,0,0.0684,61,1,42,google_play,0
11044,0.1269,12.16,54,0,0.1101,48,0,10,google_play,0
11045,0.0905,11.33,66,0,0.0627,27,0,7,app_store,0
11046,0.3236,52.07,24,2,0.2684,23,0,32,google_play,1
11047,0.1375,28.13,23,1,0.1101,45,1,11,website,1
11048,0.2186,27.67,53,1,0.0605,41,0,7,google_play,0
11049,0.1195,17.22,49,3,0.1077,61,0,35,google_play,0
11050,0.3191,41.71,24,0,0.2103,37,0,47,app_store,0
11051,0.337,21.59,0,1,0.0577,45,0,5,app_store,0
11052,0.4016,42.3,35,0,0.0608,25,0,7,app_store,0
11053,0.0761,17.86,0,0,0.3078,46,0,34,referral,0
11054,0.2492,11.66,72,2,0.0946,69,0,13,app_store,1
11055,0.5406,14.75,30,0,0.1378,23,0,24,referral,0
11056,0.2105,32.99,6,0,0.2444,58,0,15,app_store,0
11057,0.3405,12.28,63,1,0.1597,31,0,31,website,0
11058,0.1694,87.2,65,0,0.7472,48,0,2,app_store,1
11059,0.2623,9.46,87,1,0.1598,54,1,4,website,0
11060,0.0803,22.09,68,0,0.2201,46,0,18,google_play,1
11061,0.3361,56.47,40,1,0.1806,69,0,10,app_store,1
11062,0.1039,29.96,32,0,0.2812,54,0,20,app_store,1
11063,0.651,19.16,61,0,0.295,54,0,4,app_store,1
11064,0.0753,54.89,16,0,0.1741,44,0,44,website,1
11065,0.3335,12.81,51,2,0.0217,60,0,30,google_play,1
11066,0.3741,20.05,29,3,0.0647,23,1,45,website,1
11067,0.0022,7.91,84,1,0.154,32,0,11,google_play,1
11068,0.584,45.55,16,0,0.0986,59,1,29,google_play,0
11069,0.3134,36.31,50,0,0.2712,32,0,9,google_play,1
11070,0.3559,36.37,25,1,0.0832,33,0,12,referral,1
11071,0.2435,26.87,24,0,0.1196,33,0,44,google_play,0
11072,0.4023,25.97,62,0,0.0022,49,1,6,google_play,0
11073,0.263,26.46,63,0,0.2473,63,1,35,app_store,1
11074,0.1466,30.37,75,0,0.1163,61,1,28,google_play,0
11075,0.3065,26.87,77,3,0.0992,31,0,12,google_play,0
11076,0.2327,12.78,79,0,0.3812,20,1,20,google_play,1
11077,0.0993,5.05,76,1,0.6226,58,0,19,app_store,1
11078,0.0766,105.81,11,0,0.0784,67,0,6,website,1
11079,0.1496,15.58,72,0,0.0601,33,0,34,app_store,0
11080,0.1253,21.69,80,1,0.0665,34,0,14,google_play,1
11081,0.0983,53.49,8,1,0.0518,29,0,17,referral,1
11082,0.2535,31.06,73,1,0.2586,54,0,41,referral,1
11083,0.299,9.01,41,1,0.4032,67,0,45,google_play,0
11084,0.4189,10.86,32,0,0.1325,51,0,19,google_play,0
11085,0.4154,45.43,38,1,0.4068,65,0,47,website,0
11086,0.2408,37.26,40,0,0.2205,63,0,33,google_play,0
11087,0.6563,17.09,88,0,0.0594,46,1,25,app_store,0
11088,0.1413,23.83,78,1,0.0193,30,0,18,app_store,0
11089,0.324,25.2,13,1,0.0313,31,0,23,website,0
11090,0.14,29.17,82,0,0.3624,43,0,37,google_play,1
11091,0.2113,32.94,41,0,0.0505,24,0,36,referral,0
11092,0.3778,18.69,77,1,0.5963,40,0,45,app_store,1
11093,0.4426,40.07,65,1,0.2318,36,0,1,app_store,1
11094,0.3639,37.18,63,0,0.1124,63,0,29,website,0
11095,0.2021,45.16,5,0,0.2774,45,1,29,google_play,0
11096,0.1587,42.08,35,1,0.1124,56,0,4,google_play,1
11097,0.2997,41.34,80,0,0.126,38,0,18,google_play,0
11098,0.3927,17.84,30,1,0.1151,20,1,35,google_play,0
11099,0.2114,22.49,63,0,0.1432,51,0,34,app_store,1
11100,0.321,13.52,32,0,0.1073,46,0,31,app_store,0
11101,0.1433,28.24,12,0,0.1304,23,0,45,website,0
11102,0.4385,14.0,38,0,0.2777,30,1,26,google_play,0
11103,0.2022,34.09,61,0,0.1732,22,1,11,website,0
11104,0.3348,56.81,83,0,0.1339,62,0,47,google_play,0
11105,0.4659,24.52,57,2,0.1184,48,0,35,referral,0
11106,0.312,16.79,41,1,0.0985,68,0,7,referral,0
11107,0.3698,34.67,10,0,0.4204,28,1,36,app_store,0
11108,0.404,50.53,78,2,0.0614,54,0,43,google_play,0
11109,0.4438,14.54,86,0,0.1232,39,0,27,google_play,0
11110,0.3876,26.6,46,0,0.1477,49,0,22,google_play,0
11111,0.2485,30.55,45,1,0.1791,27,0,13,app_store,0
11112,0.4681,20.19,73,2,0.229,37,0,17,google_play,1
11113,0.2859,35.13,48,0,0.5926,56,0,35,app_store,1
11114,0.214,7.8,12,0,0.4148,54,0,29,google_play,1
11115,0.2762,31.21,61,0,0.1593,67,0,27,app_store,0
11116,0.4861,86.1,17,0,0.0379,42,0,3,app_store,0
11117,0.4005,36.32,18,1,0.1253,50,0,16,referral,0
11118,0.4301,25.2,22,0,0.0257,41,0,33,app_store,0
11119,0.3684,10.47,53,0,0.1081,49,0,34,app_store,0
11120,0.3931,19.3,15,0,0.1552,51,0,9,google_play,1
11121,0.3069,30.45,29,0,0.1645,48,1,24,website,0
11122,0.3187,26.19,74,0,0.1209,59,0,37,app_store,0
11123,0.1923,10.34,79,0,0.474,27,0,19,website,1
11124,0.6134,29.21,28,2,0.2215,54,0,37,website,0
11125,0.1632,13.46,80,0,0.3128,52,0,31,google_play,1
11126,0.21,16.41,29,0,0.3486,19,0,29,google_play,0
11127,0.4383,45.96,68,0,0.2646,30,0,36,app_store,0
11128,0.3585,20.76,2,1,0.0825,33,0,1,google_play,1
11129,0.199,15.61,15,0,0.3393,66,0,5,google_play,0
11130,0.2627,12.31,28,2,0.0875,37,1,9,google_play,0
11131,0.354,14.87,42,0,0.0778,33,0,36,app_store,0
11132,0.5314,16.82,49,0,0.1128,27,0,40,google_play,0
11133,0.3766,44.73,86,0,0.134,69,0,6,website,0
11134,0.4924,23.99,4,0,0.2266,41,0,18,google_play,0
11135,0.296,56.99,32,0,0.1188,36,0,21,referral,0
11136,0.1297,10.83,36,3,0.1339,65,0,7,app_store,0
11137,0.1841,60.56,29,0,0.2383,38,0,14,app_store,0
11138,0.1948,22.09,44,1,0.7303,41,0,32,app_store,1
11139,0.2609,20.94,19,1,0.1709,36,0,17,website,0
11140,0.1685,20.77,39,0,0.1735,68,0,2,google_play,0
11141,0.1154,119.31,6,0,0.3348,46,0,13,google_play,1
11142,0.2491,17.57,14,0,0.0688,29,0,43,referral,0
11143,0.4191,104.54,6,0,0.0699,47,1,20,app_store,0
11144,0.017,44.9,54,1,0.0337,53,0,27,website,1
11145,0.7666,11.32,15,0,0.1895,36,0,28,website,0
11146,0.2591,12.51,77,1,0.0867,65,0,3,website,1
11147,0.1742,28.06,37,0,0.1312,58,0,42,website,0
11148,0.2387,26.38,22,0,0.3086,65,0,35,google_play,0
11149,0.2407,18.56,50,1,0.1911,30,1,9,website,0
11150,0.3231,16.87,4,0,0.1694,38,0,9,website,0
11151,0.4187,72.54,47,1,0.2272,29,1,27,website,1
11152,0.3678,27.32,49,2,0.2573,59,0,43,app_store,1
11153,0.167,34.1,38,0,0.2117,64,0,33,referral,0
11154,0.5581,26.63,67,0,0.2844,57,1,39,google_play,0
11155,0.2111,25.29,78,1,0.0169,28,0,42,referral,0
11156,0.0395,110.85,65,0,0.0743,57,0,30,referral,0
11157,0.6491,36.64,74,1,0.0555,18,0,19,website,0
11158,0.1555,154.66,37,0,0.2148,37,0,42,website,0
11159,0.3002,42.3,35,2,0.0157,60,0,30,app_store,1
11160,0.6217,15.54,4,2,0.028,40,1,33,website,0
11161,0.1594,58.6,45,0,0.0404,19,0,21,app_store,0
11162,0.5028,23.25,85,1,0.3892,68,0,21,referral,1
11163,0.3115,71.33,79,1,0.2485,36,0,47,app_store,0
11164,0.2797,15.28,10,2,0.066,43,0,18,website,0
11165,0.1485,8.09,16,0,0.5024,47,0,5,app_store,0
11166,0.2672,26.35,80,1,0.12,31,0,24,app_store,0
11167,0.2123,68.55,31,0,0.317,53,0,42,website,0
11168,0.2423,15.78,51,0,0.1001,22,1,33,google_play,0
11169,0.2322,36.81,53,0,0.0578,38,0,23,referral,0
11170,0.2993,15.31,37,1,0.2534,18,1,9,website,1
11171,0.166,47.51,40,1,0.1768,52,0,31,website,1
11172,0.1926,19.0,75,0,0.1024,55,0,38,google_play,0
11173,0.3497,29.6,50,1,0.0252,49,0,21,website,0
11174,0.3418,19.43,88,1,0.0788,31,0,44,app_store,0
11175,0.5237,14.51,3,1,0.2818,69,0,26,app_store,0
11176,0.0432,6.39,11,0,0.1878,59,0,1,website,0
11177,0.3717,9.88,44,0,0.3477,61,0,28,website,0
11178,0.3152,20.19,60,0,0.6046,44,0,5,app_store,1
11179,0.3376,33.59,86,1,0.1495,48,0,13,google_play,0
11180,0.046,89.82,84,1,0.0907,65,0,25,website,1
11181,0.5598,17.05,84,1,0.1271,46,1,11,website,0
11182,0.2507,15.71,40,0,0.1317,24,0,24,website,0
11183,0.3029,9.7,62,1,0.4767,30,1,38,website,1
11184,0.0868,44.65,24,2,0.1979,57,0,20,google_play,1
11185,0.168,36.6,84,0,0.1069,20,0,18,referral,1
11186,0.1605,33.56,76,0,0.3338,19,0,20,google_play,1
11187,0.4333,31.23,68,4,0.1913,69,0,12,app_store,1
11188,0.4864,18.89,60,2,0.4826,66,0,31,app_store,1
11189,0.1997,63.49,16,0,0.3267,18,0,4,app_store,1
11190,0.2196,14.24,63,3,0.0092,31,0,5,website,1
11191,0.2514,17.61,61,1,0.1384,38,0,43,app_store,0
11192,0.2506,12.04,27,1,0.4668,43,0,4,app_store,0
11193,0.1443,22.42,89,1,0.1786,67,0,10,google_play,0
11194,0.0974,14.26,31,0,0.2979,47,0,10,app_store,1
11195,0.4706,15.79,58,0,0.1743,21,0,41,google_play,0
11196,0.1842,10.59,87,1,0.3934,67,0,42,referral,1
11197,0.4377,12.54,72,0,0.1774,43,1,2,website,0
11198,0.108,7.96,69,0,0.0448,65,0,13,google_play,0
11199,0.1757,31.52,62,1,0.3277,55,1,12,google_play,1
11200,0.3246,13.42,6,0,0.0579,30,0,24,referral,0
11201,0.2427,75.78,3,2,0.0063,54,0,16,google_play,0
11202,0.186,47.6,65,1,0.2859,44,1,41,google_play,1
11203,0.4818,25.76,1,0,0.3165,19,1,29,website,0
11204,0.1089,36.56,60,0,0.0612,44,0,3,google_play,1
11205,0.2442,44.74,67,0,0.3945,23,0,41,google_play,1
11206,0.3138,17.35,20,0,0.0682,21,0,10,app_store,0
11207,0.3389,21.28,27,0,0.3261,50,0,6,referral,0
11208,0.4356,52.18,76,0,0.0592,62,0,13,google_play,0
11209,0.2006,54.6,43,1,0.1153,21,0,34,referral,0
11210,0.2446,14.3,61,2,0.1286,40,0,20,website,1
11211,0.2284,122.38,29,0,0.4373,54,0,17,google_play,1
11212,0.4498,9.52,13,2,0.0127,42,0,30,google_play,0
11213,0.1576,4.95,17,0,0.2511,25,0,15,referral,0
11214,0.4303,81.92,20,1,0.0229,22,0,3,google_play,0
11215,0.1179,40.86,27,2,0.0597,27,0,17,google_play,0
11216,0.1113,27.93,63,0,0.2345,34,0,4,referral,1
11217,0.1495,43.25,39,0,0.2981,40,1,4,referral,0
11218,0.3651,15.25,44,5,0.0152,31,0,18,website,1
11219,0.1934,7.27,26,1,0.0266,29,0,21,google_play,0
11220,0.1196,17.91,53,0,0.1146,38,0,12,app_store,0
11221,0.1702,15.06,86,1,0.1008,19,0,18,website,1
11222,0.1889,12.28,73,0,0.1278,34,0,44,app_store,1
11223,0.3129,16.09,84,2,0.0741,60,0,36,website,1
11224,0.2854,16.25,39,0,0.4105,69,1,42,app_store,0
11225,0.4053,17.63,9,0,0.0496,28,0,23,app_store,0
11226,0.3851,32.03,23,1,0.1744,48,0,34,website,1
11227,0.188,36.25,21,0,0.28,61,0,25,website,0
11228,0.0206,30.26,47,0,0.1614,20,0,2,website,1
11229,0.2165,4.14,10,2,0.1302,56,0,35,app_store,0
11230,0.3481,12.04,38,0,0.1005,45,0,34,website,0
11231,0.2359,12.15,53,1,0.2044,52,0,40,website,1
11232,0.1522,56.7,37,0,0.0882,42,1,6,website,0
11233,0.2719,13.55,49,0,0.1111,69,1,42,google_play,0
11234,0.3912,6.5,45,0,0.2945,51,1,35,website,0
11235,0.4014,39.74,11,0,0.0068,28,0,36,app_store,0
11236,0.4042,26.15,16,0,0.1352,30,0,15,referral,0
11237,0.2712,142.61,58,0,0.0857,46,1,10,google_play,0
11238,0.1879,9.33,40,2,0.3136,68,0,2,google_play,1
11239,0.3768,21.06,31,0,0.0464,21,0,18,app_store,0
11240,0.2858,11.87,49,0,0.1253,24,0,38,app_store,0
11241,0.4923,11.89,42,1,0.301,19,0,40,website,0
11242,0.4771,13.79,56,1,0.367,63,0,9,app_store,1
11243,0.2304,11.37,65,0,0.0091,64,0,11,referral,0
11244,0.3852,27.94,9,1,0.3912,50,0,13,website,1
11245,0.0792,25.64,2,1,0.2117,57,0,38,google_play,1
11246,0.1228,24.0,60,1,0.1084,32,0,4,referral,0
11247,0.393,59.61,79,1,0.106,53,0,26,google_play,0
11248,0.4471,36.26,63,0,0.2023,43,1,29,app_store,0
11249,0.1235,44.03,10,1,0.1197,35,0,47,google_play,0
11250,0.1254,27.47,78,0,0.0165,59,0,15,website,0
11251,0.0561,30.46,48,0,0.1954,35,0,43,google_play,0
11252,0.6099,46.96,0,2,0.2569,60,1,1,google_play,0
11253,0.347,11.02,84,0,0.0355,66,0,47,app_store,0
11254,0.1246,15.52,2,0,0.3378,65,0,15,app_store,0
11255,0.3354,25.82,85,0,0.0706,27,0,37,app_store,0
11256,0.1614,25.26,67,0,0.0393,21,1,19,app_store,0
11257,0.0686,9.07,67,0,0.1653,31,0,21,app_store,1
11258,0.2194,41.82,80,1,0.5387,26,0,5,app_store,1
11259,0.7874,67.2,57,0,0.1345,20,0,8,referral,0
11260,0.3833,63.72,10,1,0.2167,33,0,31,google_play,0
11261,0.3608,15.1,45,0,0.2079,18,0,16,website,1
11262,0.1166,44.48,14,0,0.4778,30,0,31,google_play,1
11263,0.2001,18.5,14,0,0.7136,59,0,34,app_store,1
11264,0.5417,25.77,7,0,0.0581,43,0,6,app_store,0
11265,0.3152,53.06,44,1,0.0258,60,0,30,referral,0
11266,0.131,62.71,59,0,0.5064,29,0,39,website,1
11267,0.514,18.0,30,0,0.1436,19,1,5,referral,0
11268,0.3857,17.06,63,1,0.2372,30,1,40,app_store,1
11269,0.0919,70.02,81,0,0.3359,36,0,18,google_play,1
11270,0.1497,22.86,28,1,0.3219,29,0,8,referral,0
11271,0.4936,3.0,1,1,0.1078,25,0,29,app_store,0
11272,0.2295,33.38,64,1,0.1572,25,0,3,google_play,0
11273,0.5017,14.0,54,2,0.3238,31,0,18,website,1
11274,0.5576,20.11,5,0,0.2375,33,1,43,website,0
11275,0.2763,37.16,75,2,0.3615,24,0,5,google_play,1
11276,0.2464,6.72,55,0,0.1147,34,0,23,app_store,0
11277,0.0444,41.89,4,1,0.1222,62,0,14,app_store,1
11278,0.1944,8.49,59,1,0.2326,27,1,10,google_play,1
11279,0.121,14.59,51,0,0.141,19,0,12,app_store,1
11280,0.2223,30.65,1,0,0.0837,51,0,20,referral,0
11281,0.368,10.37,48,0,0.0799,37,0,24,app_store,0
11282,0.1722,10.39,45,0,0.1878,34,0,2,app_store,0
11283,0.1001,31.02,5,1,0.1492,28,0,33,app_store,1
11284,0.2889,35.54,33,2,0.3495,38,0,35,google_play,1
11285,0.2532,21.66,63,0,0.5224,38,0,32,referral,0
11286,0.2172,37.85,52,1,0.2401,69,0,8,website,1
11287,0.4929,411.51,37,0,0.0987,52,1,24,website,0
11288,0.1652,8.65,53,0,0.2266,60,1,22,google_play,1
11289,0.3423,5.12,39,1,0.1041,34,0,20,website,0
11290,0.2873,53.86,7,0,0.0949,49,0,4,app_store,0
11291,0.3271,10.72,4,0,0.0497,56,0,36,google_play,0
11292,0.5868,31.78,56,1,0.073,46,0,8,website,1
11293,0.3602,37.52,35,1,0.3183,51,0,22,app_store,0
11294,0.2114,23.94,68,0,0.0166,45,0,15,google_play,0
11295,0.2397,29.8,9,1,0.0341,48,0,3,website,0
11296,0.2599,81.17,73,0,0.4462,40,0,44,app_store,1
11297,0.1333,15.98,64,1,0.2413,61,1,31,google_play,1
11298,0.3986,59.96,74,1,0.074,40,0,46,website,0
11299,0.3584,9.81,70,0,0.2107,34,1,30,google_play,1
11300,0.2125,31.36,4,2,0.0784,64,0,1,website,1
11301,0.1678,34.49,14,0,0.2786,22,0,42,google_play,0
11302,0.2851,23.26,15,2,0.2973,27,0,20,google_play,0
11303,0.1767,48.38,10,0,0.3691,44,1,28,website,1
11304,0.3488,25.29,65,1,0.4569,51,0,19,website,1
11305,0.1212,30.96,87,1,0.063,22,0,39,website,0
11306,0.3977,14.97,74,2,0.4968,65,0,21,website,1
11307,0.1804,12.2,40,0,0.5878,29,0,35,app_store,0
11308,0.5128,11.99,81,0,0.3755,30,0,37,app_store,1
11309,0.1985,15.97,66,2,0.4123,36,1,12,google_play,1
11310,0.2829,10.01,63,2,0.0671,19,0,1,app_store,0
11311,0.1016,90.69,20,0,0.271,53,1,32,website,0
11312,0.2164,19.77,72,1,0.189,18,0,22,app_store,0
11313,0.2788,24.38,14,1,0.3546,26,0,19,website,0
11314,0.3286,10.99,51,0,0.3664,36,0,23,app_store,1
11315,0.511,102.62,27,2,0.5472,21,1,2,google_play,0
11316,0.0758,20.53,63,1,0.2997,64,0,1,app_store,1
11317,0.4793,16.24,67,0,0.1221,44,0,4,google_play,0
11318,0.3189,17.32,52,0,0.2931,29,1,18,referral,1
11319,0.0798,21.16,47,0,0.0673,65,1,32,referral,1
11320,0.544,19.83,0,0,0.224,50,1,14,app_store,0
11321,0.306,9.56,75,0,0.212,51,0,40,website,1
11322,0.2314,44.8,61,1,0.0782,29,0,15,google_play,1
11323,0.5113,11.25,0,1,0.0659,22,0,47,app_store,0
11324,0.0451,43.23,47,1,0.2727,62,0,16,website,1
11325,0.4231,9.67,49,1,0.3245,41,0,9,google_play,1
11326,0.0805,27.7,2,0,0.0982,24,0,13,google_play,0
11327,0.2763,11.98,38,2,0.2631,22,0,45,google_play,0
11328,0.3059,14.74,6,1,0.2141,35,0,5,website,0
11329,0.1919,34.35,14,2,0.0517,23,1,31,google_play,1
11330,0.1054,56.07,75,2,0.0688,65,1,34,google_play,0
11331,0.1775,87.86,32,1,0.715,37,0,9,referral,1
11332,0.3352,31.85,11,1,0.009,41,1,8,google_play,0
11333,0.4345,24.44,44,0,0.2951,48,0,35,google_play,1
11334,0.1145,12.5,47,0,0.1205,23,1,37,website,0
11335,0.1159,7.01,34,0,0.0691,63,0,25,website,0
11336,0.2611,37.87,10,3,0.5945,54,0,19,google_play,1
11337,0.1306,20.55,81,0,0.1125,68,0,12,website,0
11338,0.1194,24.69,6,1,0.1629,28,0,4,app_store,1
11339,0.0685,18.56,33,1,0.1349,47,1,15,google_play,1
11340,0.3928,14.84,59,1,0.0895,26,0,35,referral,0
11341,0.505,39.4,78,3,0.0672,57,0,3,google_play,1
11342,0.2075,80.92,62,0,0.5961,29,0,20,website,1
11343,0.468,10.59,52,0,0.7701,39,0,33,app_store,0
11344,0.1726,6.61,39,1,0.1102,57,1,9,google_play,1
11345,0.3853,20.81,73,2,0.2355,41,1,11,app_store,1
11346,0.2884,14.84,41,1,0.0729,32,0,1,google_play,1
11347,0.2097,56.18,53,1,0.1113,63,0,42,app_store,0
11348,0.1329,34.96,38,1,0.5122,18,1,26,referral,0
11349,0.2243,92.47,70,1,0.2043,50,0,43,website,1
11350,0.0973,52.17,4,1,0.2954,39,0,6,app_store,0
11351,0.0737,26.4,19,0,0.3847,68,0,3,website,1
11352,0.2187,27.2,75,0,0.2219,47,0,37,google_play,0
11353,0.3545,32.26,8,0,0.1832,43,0,12,app_store,0
11354,0.2954,12.97,54,0,0.6024,34,1,41,google_play,1
11355,0.2051,33.27,55,0,0.18,37,0,40,referral,0
11356,0.3571,64.03,12,0,0.039,53,0,37,google_play,0
11357,0.5011,15.76,23,0,0.3153,26,0,21,referral,0
11358,0.2901,20.71,27,0,0.0517,66,0,45,app_store,0
11359,0.1965,38.85,41,0,0.0374,19,0,27,app_store,1
11360,0.3449,70.05,48,3,0.0819,33,0,19,website,0
11361,0.1296,14.59,21,0,0.1317,29,0,19,app_store,0
11362,0.5222,29.11,28,0,0.2667,52,0,35,google_play,0
11363,0.1181,24.0,57,0,0.2385,23,0,32,app_store,1
11364,0.1009,20.25,79,1,0.2264,49,0,22,website,1
11365,0.2561,6.68,65,0,0.0661,22,1,46,app_store,0
11366,0.2547,14.57,81,1,0.2495,38,0,2,google_play,1
11367,0.256,10.39,45,1,0.1182,36,1,17,app_store,0
11368,0.2936,22.33,2,0,0.3586,35,0,24,google_play,0
11369,0.3568,17.87,32,2,0.1213,58,0,14,app_store,1
11370,0.1751,10.67,89,0,0.4272,44,0,15,website,1
11371,0.1945,20.36,54,0,0.4616,42,0,36,google_play,1
11372,0.1378,90.55,24,0,0.4436,52,0,29,referral,0
11373,0.1323,15.42,76,0,0.126,36,0,1,app_store,1
11374,0.3076,18.7,34,0,0.0328,41,0,18,app_store,0
11375,0.4754,20.94,27,2,0.1865,24,0,25,website,1
11376,0.5279,14.73,0,0,0.2861,20,0,15,app_store,0
11377,0.4962,8.13,12,1,0.2441,41,0,33,website,0
11378,0.0898,87.05,39,1,0.0855,39,0,29,website,0
11379,0.2259,6.81,51,0,0.1485,49,0,36,google_play,0
11380,0.1325,7.39,15,0,0.1384,26,0,16,google_play,0
11381,0.1232,41.44,39,0,0.0065,19,0,31,app_store,0
11382,0.2051,5.84,36,2,0.0878,33,0,34,website,1
11383,0.1483,42.09,48,0,0.4426,42,0,23,google_play,1
11384,0.3856,44.83,81,0,0.0649,23,0,2,app_store,0
11385,0.2421,14.0,41,1,0.2814,51,0,24,website,1
11386,0.2354,25.26,64,0,0.1759,45,0,42,app_store,0
11387,0.7376,23.68,54,1,0.0379,52,0,34,google_play,0
11388,0.3004,13.96,75,2,0.2284,67,0,41,referral,0
11389,0.4365,15.95,85,0,0.2383,69,0,32,app_store,1
11390,0.3067,21.98,71,1,0.3654,51,0,13,google_play,1
11391,0.2736,17.69,19,0,0.0724,28,0,12,website,1
11392,0.3298,36.71,23,2,0.0839,47,0,13,google_play,0
11393,0.1183,22.08,21,1,0.3168,39,0,42,referral,1
11394,0.1893,33.65,67,1,0.0692,36,0,20,google_play,0
11395,0.4476,18.7,89,1,0.0863,24,0,12,website,1
11396,0.6326,38.4,5,0,0.1687,53,1,24,app_store,0
11397,0.0495,45.55,88,2,0.2844,18,0,34,google_play,1
11398,0.257,6.14,57,0,0.0367,20,0,24,google_play,0
11399,0.1879,31.97,41,0,0.3769,39,0,10,app_store,0
11400,0.0599,15.09,67,3,0.122,27,1,34,website,1
11401,0.1746,18.04,43,2,0.1301,48,0,30,google_play,0
11402,0.0302,30.54,31,0,0.2507,50,1,21,app_store,1
11403,0.4798,26.73,50,1,0.4167,27,0,10,google_play,1
11404,0.1289,20.83,42,0,0.2706,64,0,21,app_store,0
11405,0.1219,38.97,50,1,0.6893,45,0,37,website,1
11406,0.2557,27.81,74,0,0.035,61,1,11,website,0
11407,0.129,14.43,65,3,0.0569,39,1,5,app_store,1
11408,0.2039,52.94,69,2,0.0313,32,0,4,referral,1
11409,0.2384,51.68,47,1,0.2264,50,0,45,website,1
11410,0.0735,24.76,89,0,0.3236,25,0,42,google_play,1
11411,0.3321,16.6,66,2,0.1227,68,0,21,google_play,0
11412,0.1446,14.3,28,0,0.0589,18,0,42,app_store,0
11413,0.3348,79.13,69,0,0.2955,57,0,7,referral,1
11414,0.1831,21.56,32,0,0.1279,49,0,39,website,1
11415,0.0708,27.16,30,0,0.1265,29,0,14,website,0
11416,0.0454,32.97,40,0,0.0596,39,0,33,website,0
11417,0.2702,3.55,62,0,0.1532,25,1,28,google_play,0
11418,0.5415,12.92,25,0,0.1626,35,1,42,referral,0
11419,0.1296,114.56,48,2,0.2403,22,0,34,app_store,1
11420,0.0927,3.46,74,1,0.0347,69,0,11,google_play,1
11421,0.3909,8.61,86,0,0.0315,59,1,34,website,0
11422,0.5079,17.91,28,1,0.1882,45,0,43,app_store,0
11423,0.302,12.25,48,2,0.0952,61,0,6,referral,0
11424,0.1039,14.5,80,1,0.0944,47,1,10,google_play,0
11425,0.0956,10.93,70,0,0.0476,27,1,10,website,1
11426,0.5656,21.75,59,1,0.1416,33,0,11,app_store,0
11427,0.5493,31.5,10,1,0.1884,48,0,38,google_play,1
11428,0.3769,32.47,73,0,0.037,64,0,42,app_store,0
11429,0.0226,13.8,57,1,0.0545,26,0,17,website,1
11430,0.4361,48.46,44,0,0.082,68,1,26,app_store,0
11431,0.3871,27.12,10,0,0.4441,62,0,30,app_store,1
11432,0.1076,51.92,63,2,0.2867,20,0,27,website,1
11433,0.2239,30.02,60,0,0.6355,41,0,1,app_store,1
11434,0.3549,20.43,23,1,0.162,64,0,28,google_play,0
11435,0.3467,20.78,29,1,0.0535,59,0,45,app_store,0
11436,0.2756,31.39,86,0,0.0772,51,0,13,website,0
11437,0.4159,59.36,57,0,0.1545,68,0,47,google_play,0
11438,0.035,26.78,47,0,0.1536,44,0,13,app_store,1
11439,0.6268,28.4,39,0,0.285,35,0,42,google_play,0
11440,0.3033,36.44,48,0,0.3217,55,0,39,website,0
11441,0.1616,7.08,73,0,0.0777,48,0,40,app_store,0
11442,0.3192,9.01,5,0,0.0546,32,0,14,google_play,0
11443,0.4788,28.57,11,0,0.1566,67,0,44,google_play,0
11444,0.2309,12.56,18,0,0.5151,37,0,29,website,1
11445,0.3005,20.39,21,0,0.2044,64,0,38,website,1
11446,0.0976,24.3,11,0,0.3263,40,0,45,google_play,1
11447,0.4713,132.81,38,0,0.1978,68,0,26,google_play,0
11448,0.426,21.68,0,1,0.0637,57,0,41,website,0
11449,0.5155,5.58,31,4,0.2553,45,0,17,app_store,0
11450,0.4708,28.3,2,0,0.0632,64,1,27,google_play,0
11451,0.2116,50.01,8,0,0.2035,47,0,42,google_play,0
11452,0.5243,35.61,59,0,0.2901,29,0,46,app_store,1
11453,0.3698,33.96,38,1,0.2001,35,0,22,app_store,0
11454,0.6328,14.65,87,1,0.1443,62,1,26,google_play,0
11455,0.2948,18.28,51,0,0.1004,27,1,28,app_store,0
11456,0.2221,13.54,34,2,0.2222,56,1,43,app_store,1
11457,0.5045,14.67,66,0,0.6897,28,0,29,app_store,1
11458,0.4283,21.2,75,0,0.1403,23,1,13,app_store,0
11459,0.0677,46.71,17,2,0.1721,69,0,47,google_play,1
11460,0.3808,184.31,49,2,0.3799,54,0,30,website,1
11461,0.2407,27.18,25,1,0.2245,39,0,39,app_store,0
11462,0.3712,35.81,89,2,0.2206,61,0,4,website,1
11463,0.4019,4.53,40,0,0.2069,62,0,34,google_play,0
11464,0.1081,18.03,7,2,0.3284,69,0,8,referral,1
11465,0.5696,71.68,75,1,0.1412,52,1,15,website,0
11466,0.305,26.19,80,0,0.353,65,0,27,website,1
11467,0.3022,22.8,33,0,0.193,43,0,30,app_store,0
11468,0.1344,186.91,41,0,0.0048,27,1,27,website,0
11469,0.2543,56.42,65,0,0.1012,53,1,30,google_play,0
11470,0.5412,42.1,2,1,0.0617,64,0,38,referral,0
11471,0.2679,23.46,79,1,0.0254,36,1,42,app_store,0
11472,0.6307,29.68,0,0,0.0318,22,0,31,google_play,0
11473,0.2429,109.57,16,0,0.3412,42,0,31,google_play,0
11474,0.0885,117.05,28,1,0.0459,21,0,39,google_play,1
11475,0.343,16.84,57,0,0.0747,55,1,40,app_store,0
11476,0.3045,7.87,70,0,0.0843,50,0,14,referral,0
11477,0.1075,25.4,15,0,0.3001,29,0,43,google_play,0
11478,0.0592,41.87,29,2,0.0638,52,0,27,website,1
11479,0.0901,86.87,71,3,0.3327,33,0,39,referral,1
11480,0.2811,22.79,29,1,0.1856,40,0,31,google_play,0
11481,0.2388,19.22,32,1,0.3557,48,1,12,website,0
11482,0.3049,53.43,37,0,0.1402,53,1,20,referral,0
11483,0.1005,12.86,55,0,0.3539,45,0,7,referral,1
11484,0.3478,20.78,72,0,0.5504,69,0,10,website,1
11485,0.0564,24.63,83,1,0.0817,68,0,39,app_store,0
11486,0.1752,23.33,75,0,0.3135,33,0,13,app_store,1
11487,0.3312,60.07,22,0,0.3614,38,0,8,google_play,1
11488,0.4079,35.69,33,0,0.0435,38,0,23,website,0
11489,0.064,16.81,57,0,0.1455,19,0,6,app_store,0
11490,0.2415,20.81,35,0,0.0795,52,0,22,app_store,0
11491,0.1679,173.89,48,0,0.2041,48,0,44,google_play,1
11492,0.1501,8.93,30,0,0.0325,42,0,43,referral,0
11493,0.1322,6.59,59,0,0.0658,64,0,2,google_play,1
11494,0.3457,10.29,55,0,0.1319,20,0,24,referral,0
11495,0.2272,30.35,9,0,0.3183,40,0,44,google_play,0
11496,0.2716,54.37,89,0,0.0573,25,0,19,app_store,0
11497,0.3327,22.63,9,0,0.1651,35,1,10,google_play,0
11498,0.395,16.53,36,0,0.1727,39,0,32,app_store,0
11499,0.2301,14.67,76,1,0.0571,39,0,23,google_play,1
11500,0.295,7.29,2,0,0.1802,39,0,27,app_store,0
11501,0.332,75.16,25,2,0.288,37,0,28,referral,1
11502,0.3303,21.29,63,0,0.9617,27,1,34,google_play,1
11503,0.356,28.67,61,0,0.5023,31,0,38,referral,1
11504,0.2231,44.57,80,0,0.1,20,0,10,website,0
11505,0.2703,64.77,62,0,0.191,68,0,3,website,0
11506,0.0188,20.94,52,0,0.0524,62,0,20,referral,0
11507,0.1324,12.96,16,1,0.1157,45,0,17,google_play,0
11508,0.1209,24.16,79,1,0.4748,65,0,15,google_play,1
11509,0.3411,22.37,36,0,0.2428,40,1,24,app_store,0
11510,0.2941,16.6,15,0,0.5515,55,0,31,google_play,0
11511,0.497,10.14,10,0,0.149,61,0,28,referral,0
11512,0.3281,32.21,87,2,0.185,67,0,4,website,1
11513,0.2978,62.04,9,1,0.0763,46,0,43,website,0
11514,0.246,83.62,17,1,0.0841,29,0,10,app_store,1
11515,0.2294,14.45,79,0,0.3137,27,0,39,google_play,1
11516,0.1273,84.02,61,0,0.0125,42,0,17,website,0
11517,0.0791,11.35,58,2,0.0869,31,0,12,app_store,1
11518,0.2659,27.23,9,1,0.4627,38,0,45,website,1
11519,0.4929,51.0,29,1,0.0721,36,0,23,app_store,0
11520,0.3649,36.12,69,1,0.3863,63,0,19,website,1
11521,0.3345,65.92,50,1,0.3092,43,0,7,referral,1
11522,0.572,11.97,4,0,0.0838,57,0,39,app_store,0
11523,0.2941,21.59,55,1,0.2196,43,1,25,referral,1
11524,0.2068,21.28,4,0,0.2859,57,0,5,referral,1
11525,0.4272,54.46,1,0,0.0036,61,0,32,app_store,0
11526,0.1948,20.86,20,1,0.0677,51,0,5,app_store,1
11527,0.1246,28.89,30,0,0.4198,68,0,38,app_store,0
11528,0.2468,20.47,49,1,0.2667,58,0,30,app_store,1
11529,0.1409,31.61,51,0,0.3246,56,1,8,google_play,1
11530,0.3924,14.5,79,1,0.1241,33,0,13,website,0
11531,0.0719,11.2,31,0,0.3647,59,0,27,google_play,0
11532,0.385,17.3,27,2,0.1394,26,0,26,app_store,0
11533,0.3947,12.9,26,0,0.147,47,0,36,website,0
11534,0.3334,21.29,40,3,0.0673,47,0,35,google_play,1
11535,0.4529,42.4,42,0,0.1912,29,0,13,google_play,0
11536,0.3374,9.62,19,1,0.3755,68,0,10,website,0
11537,0.0984,18.36,65,0,0.0782,59,0,8,app_store,0
11538,0.4971,112.08,47,0,0.602,19,0,24,google_play,1
11539,0.2233,6.98,66,0,0.2023,59,0,18,app_store,1
11540,0.5233,11.23,2,2,0.2181,20,1,18,website,0
11541,0.3144,30.31,53,0,0.1528,49,1,11,google_play,0
11542,0.5829,7.98,78,2,0.0985,33,0,4,app_store,0
11543,0.3286,22.38,69,1,0.2397,28,0,13,google_play,1
11544,0.215,79.13,27,0,0.2833,41,0,25,app_store,0
11545,0.1164,15.83,12,1,0.7873,62,0,23,website,1
11546,0.0943,13.11,83,0,0.6056,55,0,3,app_store,1
11547,0.5516,7.85,14,0,0.2364,20,0,45,google_play,0
11548,0.3619,13.24,39,0,0.0273,52,0,27,app_store,0
11549,0.2056,20.73,68,0,0.4694,47,0,9,app_store,1
11550,0.1667,109.32,50,0,0.061,27,0,31,google_play,0
11551,0.6247,21.53,24,0,0.1007,30,0,25,website,0
11552,0.3484,22.25,75,0,0.1287,59,0,23,google_play,0
11553,0.418,23.71,17,2,0.0487,30,0,38,google_play,0
11554,0.0959,13.32,84,0,0.047,65,1,20,referral,0
11555,0.1154,4.7,10,1,0.5133,60,0,31,referral,1
11556,0.0532,67.37,1,0,0.0309,43,0,6,website,1
11557,0.46,37.43,39,1,0.5239,21,0,37,app_store,1
11558,0.4744,53.37,37,0,0.0758,29,0,43,app_store,0
11559,0.3599,28.91,48,0,0.2086,61,0,3,app_store,0
11560,0.1937,55.21,45,0,0.4703,51,0,10,website,0
11561,0.455,8.33,25,2,0.0654,37,0,41,website,0
11562,0.1275,25.42,30,2,0.235,28,0,9,website,1
11563,0.2005,35.21,32,2,0.1534,27,0,1,website,1
11564,0.4296,61.74,88,0,0.1735,50,0,32,app_store,0
11565,0.4419,32.83,86,0,0.1436,35,0,7,app_store,0
11566,0.1889,32.85,49,0,0.1236,36,1,19,google_play,0
11567,0.0889,28.74,23,0,0.0259,37,0,39,app_store,0
11568,0.3147,8.72,46,1,0.1294,55,0,34,referral,1
11569,0.2648,16.19,37,0,0.0391,41,0,44,website,1
11570,0.2013,17.23,1,1,0.1803,54,0,7,website,0
11571,0.1049,43.96,32,1,0.0978,66,0,4,app_store,1
11572,0.2087,35.15,31,1,0.1195,26,0,20,referral,1
11573,0.2232,70.41,51,2,0.3994,26,0,20,website,1
11574,0.2756,34.52,71,2,0.1421,37,0,46,google_play,0
11575,0.5171,21.13,74,0,0.1682,44,0,35,referral,0
11576,0.3342,60.21,89,0,0.2291,47,0,28,website,1
11577,0.0468,10.27,82,2,0.3414,52,0,18,google_play,1
11578,0.3707,20.01,13,1,0.2258,19,0,47,app_store,0
11579,0.299,12.64,36,0,0.0507,42,0,47,app_store,0
11580,0.069,11.19,13,1,0.1897,33,0,26,google_play,0
11581,0.2756,11.47,37,1,0.2626,51,1,9,app_store,0
11582,0.1278,15.44,70,1,0.2585,19,0,47,app_store,1
11583,0.328,28.03,51,0,0.2818,39,0,21,google_play,1
11584,0.3961,19.19,65,1,0.053,68,0,12,app_store,1
11585,0.1115,29.42,79,1,0.0594,28,0,37,referral,1
11586,0.5266,28.64,84,2,0.3085,21,1,41,google_play,1
11587,0.2533,4.78,7,2,0.5524,66,0,43,website,1
11588,0.2352,27.34,27,0,0.0344,29,0,14,google_play,0
11589,0.1012,14.51,87,1,0.1878,63,1,22,google_play,1
11590,0.165,7.77,36,2,0.2482,45,0,38,website,0
11591,0.1696,28.75,69,0,0.1864,57,0,42,website,0
11592,0.0058,25.65,44,0,0.0264,57,0,47,app_store,0
11593,0.3615,27.2,41,0,0.2513,55,0,40,website,0
11594,0.0742,39.86,26,0,0.143,60,0,15,google_play,1
11595,0.1329,15.23,55,0,0.0936,26,0,24,website,0
11596,0.4836,12.25,4,0,0.4312,54,1,37,website,0
11597,0.4147,23.84,86,0,0.5535,67,0,6,website,1
11598,0.0271,17.75,70,0,0.2154,18,0,27,google_play,1
11599,0.3986,162.22,18,1,0.3288,63,1,47,google_play,0
11600,0.0967,21.94,54,0,0.4708,63,0,8,referral,1
11601,0.3538,23.99,84,1,0.1108,18,0,30,website,1
11602,0.1458,12.93,6,0,0.3942,60,0,20,referral,0
11603,0.1727,11.49,16,0,0.091,55,0,45,referral,0
11604,0.1894,7.37,46,2,0.2168,31,0,41,app_store,1
11605,0.2593,18.67,86,2,0.2916,56,1,30,google_play,1
11606,0.1807,20.26,6,1,0.0964,48,0,14,app_store,1
11607,0.3672,50.33,1,1,0.0888,35,0,39,app_store,0
11608,0.2262,19.55,37,0,0.2018,40,0,21,website,0
11609,0.4695,17.49,63,1,0.2063,43,0,34,referral,1
11610,0.4213,27.34,59,0,0.0265,28,0,32,app_store,0
11611,0.039,21.42,2,1,0.1152,33,0,21,google_play,1
11612,0.4218,44.99,39,0,0.1159,65,0,23,google_play,0
11613,0.0183,62.77,41,0,0.5948,35,0,23,app_store,1
11614,0.3263,22.33,44,0,0.3542,50,0,37,app_store,0
11615,0.5538,11.59,0,0,0.3123,55,1,34,website,1
11616,0.9068,20.66,40,0,0.208,24,0,46,website,0
11617,0.2015,26.51,3,0,0.1161,53,0,13,app_store,0
11618,0.1813,8.89,41,0,0.0384,52,0,40,app_store,0
11619,0.5331,18.63,71,1,0.0848,29,0,25,google_play,0
11620,0.0543,8.0,3,1,0.3302,34,1,6,website,1
11621,0.273,30.61,82,1,0.1879,60,0,21,google_play,0
11622,0.4128,10.52,51,1,0.4245,47,0,40,google_play,1
11623,0.3952,18.21,64,0,0.1289,31,0,7,website,0
11624,0.3729,20.52,43,2,0.0978,30,1,29,referral,1
11625,0.3038,9.28,75,0,0.2187,60,0,21,app_store,1
11626,0.2978,23.59,25,1,0.0599,40,0,24,app_store,0
11627,0.2756,10.75,13,0,0.2353,32,0,7,app_store,0
11628,0.3402,64.84,42,1,0.0034,49,0,10,referral,0
11629,0.36,58.33,53,4,0.3218,20,0,8,app_store,1
11630,0.1515,52.37,75,1,0.5444,25,0,26,google_play,1
11631,0.1117,25.51,44,0,0.6068,52,0,41,website,1
11632,0.3992,29.19,8,0,0.3106,44,0,31,referral,0
11633,0.2902,20.35,77,1,0.1333,25,0,13,google_play,0
11634,0.3647,33.53,74,3,0.0966,48,0,16,website,1
11635,0.3112,72.47,50,0,0.4061,54,1,22,google_play,1
11636,0.2449,11.61,5,1,0.106,45,0,29,referral,0
11637,0.1617,31.36,82,1,0.1723,23,0,1,website,0
11638,0.1651,6.95,59,0,0.0508,36,1,10,app_store,1
11639,0.5695,17.26,81,2,0.1322,69,0,45,app_store,0
11640,0.4036,22.05,11,1,1.0,54,1,7,app_store,0
11641,0.5691,28.78,30,1,0.2597,38,0,37,app_store,1
11642,0.1544,37.0,20,3,0.0971,47,1,5,referral,1
11643,0.1686,57.64,67,1,0.1611,26,0,41,app_store,1
11644,0.2325,8.64,28,2,0.0399,24,0,14,website,1
11645,0.182,42.36,79,0,0.1148,41,0,40,website,0
11646,0.2535,81.47,37,0,0.1084,64,1,33,app_store,0
11647,0.5591,17.74,32,0,0.2531,64,0,24,app_store,0
11648,0.2036,16.26,55,1,0.2872,54,0,45,google_play,0
11649,0.2314,26.68,69,0,0.0478,56,0,20,website,0
11650,0.3655,22.07,35,1,0.1074,50,0,21,app_store,0
11651,0.344,21.06,0,1,0.6706,34,0,34,google_play,1
11652,0.5914,66.98,82,1,0.5282,53,0,46,app_store,1
11653,0.3816,129.52,38,0,0.0856,54,0,33,referral,0
11654,0.1721,19.53,10,0,0.0411,45,1,39,app_store,0
11655,0.2407,123.78,57,1,0.2806,69,0,27,website,1
11656,0.1685,19.13,64,0,0.5365,59,0,13,website,1
11657,0.2921,41.67,32,0,0.2155,20,1,33,referral,0
11658,0.2768,11.8,14,0,0.0966,51,0,14,referral,0
11659,0.152,13.22,79,0,0.1354,38,0,23,website,1
11660,0.1916,19.53,77,0,0.1067,57,0,20,google_play,0
11661,0.0982,43.9,58,0,0.0742,33,0,25,referral,1
11662,0.279,28.37,23,1,0.5016,65,0,14,website,1
11663,0.5317,7.76,48,0,0.0394,24,0,25,website,0
11664,0.2438,9.65,54,1,0.1752,52,0,25,google_play,0
11665,0.437,7.32,77,1,0.0238,29,0,41,referral,0
11666,0.4882,30.63,80,2,0.5631,42,0,1,app_store,1
11667,0.2439,27.19,67,1,0.2964,25,0,46,referral,1
11668,0.2816,26.83,59,0,0.1335,42,0,47,google_play,0
11669,0.2525,26.63,21,0,0.2053,35,0,18,google_play,0
11670,0.0864,14.42,10,1,0.0345,68,0,8,app_store,0
11671,0.1794,27.6,72,1,0.0074,51,0,27,google_play,0
11672,0.3425,66.88,9,3,0.1073,54,0,33,google_play,0
11673,0.152,36.51,46,1,0.22,46,0,42,referral,1
11674,0.302,10.81,47,0,0.1535,53,0,28,google_play,0
11675,0.2785,19.4,18,0,0.1477,29,0,23,google_play,0
11676,0.3359,15.79,24,0,0.2913,28,0,17,google_play,1
11677,0.4192,45.45,87,0,0.0432,55,0,4,app_store,0
11678,0.2478,11.7,66,0,0.0696,56,0,1,referral,1
11679,0.3383,27.84,36,1,0.1578,18,1,41,referral,0
11680,0.1202,19.28,66,0,0.0341,26,1,36,website,0
11681,0.1048,14.22,3,0,0.1772,35,0,7,website,0
11682,0.2017,28.35,16,2,0.4478,64,0,46,google_play,0
11683,0.344,21.0,82,1,0.4756,61,0,24,google_play,1
11684,0.292,41.28,71,0,0.0331,42,1,31,google_play,0
11685,0.1842,17.43,11,1,0.2194,42,0,22,app_store,1
11686,0.3725,10.72,18,0,0.2922,53,0,22,google_play,1
11687,0.308,21.22,41,1,0.385,35,0,7,website,1
11688,0.4023,29.23,35,0,0.2117,47,0,24,google_play,0
11689,0.1177,37.61,46,1,0.0355,67,0,20,google_play,0
11690,0.1132,21.53,75,0,0.1447,63,0,46,app_store,0
11691,0.1149,44.26,68,0,0.3303,44,0,25,app_store,1
11692,0.1117,9.59,67,0,0.1077,59,0,7,website,0
11693,0.206,48.71,7,0,0.0972,52,0,32,google_play,1
11694,0.0978,36.54,40,1,0.0092,27,0,47,app_store,0
11695,0.4447,17.99,67,2,0.1237,60,1,26,website,0
11696,0.2167,51.1,63,0,0.3541,22,0,32,app_store,1
11697,0.5229,30.5,63,3,0.18,29,0,36,google_play,1
11698,0.1576,59.99,71,1,0.1479,66,0,39,website,1
11699,0.5784,14.24,27,0,0.0325,65,0,1,app_store,0
11700,0.3993,15.21,73,1,0.1038,29,0,45,app_store,1
11701,0.0969,36.05,71,0,0.1338,46,0,45,app_store,1
11702,0.3801,25.72,19,0,0.3695,28,0,27,website,0
11703,0.5648,8.95,16,1,0.2305,44,0,37,website,1
11704,0.7255,90.84,29,3,0.1017,42,0,43,google_play,1
11705,0.105,83.62,86,2,0.1567,28,0,7,website,1
11706,0.0964,28.05,50,0,0.227,18,0,20,referral,1
11707,0.3052,15.17,84,0,0.1873,29,0,30,app_store,0
11708,0.3699,15.41,34,2,0.2528,56,1,4,website,1
11709,0.4194,32.16,59,1,0.0454,54,0,44,website,0
11710,0.058,67.06,89,0,0.1039,52,1,22,website,0
11711,0.092,156.28,30,1,0.2223,67,0,16,website,1
11712,0.1174,19.87,65,0,0.2711,61,0,2,website,1
11713,0.0478,19.12,38,0,0.0183,43,0,11,google_play,0
11714,0.0521,21.85,81,1,0.0889,52,1,31,google_play,1
11715,0.1831,32.66,68,1,0.2468,36,0,27,app_store,1
11716,0.2882,13.49,66,1,0.0387,31,0,19,app_store,0
11717,0.1754,9.45,18,0,0.8208,51,0,2,app_store,1
11718,0.1708,20.84,86,2,0.0902,32,0,23,app_store,1
11719,0.0531,30.48,28,0,0.0987,61,0,1,app_store,0
11720,0.4792,81.45,36,0,0.3578,54,0,14,website,0
11721,0.4973,11.52,39,0,0.0505,40,0,3,website,0
11722,0.1252,54.09,63,3,0.0662,24,0,38,app_store,1
11723,0.4491,22.84,70,1,0.0776,26,0,35,website,0
11724,0.5672,20.68,83,0,0.2545,67,0,29,google_play,1
11725,0.406,8.28,13,1,0.4966,55,0,13,referral,1
11726,0.2426,32.28,75,0,0.0846,35,0,29,website,0
11727,0.6948,29.74,10,0,0.1076,62,0,42,google_play,0
11728,0.3845,119.99,48,0,0.3679,68,0,4,website,1
11729,0.4805,20.48,81,0,0.1567,40,0,31,google_play,0
11730,0.2623,72.78,68,0,0.2439,29,0,10,website,1
11731,0.3662,19.82,86,0,0.2306,28,0,35,app_store,1
11732,0.2386,19.31,3,0,0.1843,23,0,12,website,0
11733,0.2027,7.57,48,0,0.2734,57,0,31,google_play,1
11734,0.0249,54.86,6,0,0.2539,28,1,26,website,1
11735,0.1376,27.02,64,0,0.4568,60,0,27,website,1
11736,0.1139,24.45,16,0,0.1892,28,0,28,referral,0
11737,0.1534,20.02,17,0,0.4101,65,0,19,google_play,0
11738,0.395,28.93,25,1,0.1665,64,0,7,app_store,1
11739,0.4106,14.91,77,0,0.0173,34,0,33,website,0
11740,0.15,33.61,30,1,0.8474,63,0,7,google_play,0
11741,0.496,12.58,78,1,0.5654,68,0,32,app_store,1
11742,0.4924,22.34,53,0,0.1867,57,0,5,app_store,0
11743,0.1474,34.75,13,1,0.0495,61,0,5,google_play,0
11744,0.3957,65.72,21,0,0.16,46,0,25,referral,0
11745,0.3796,28.41,66,0,0.5235,61,0,4,google_play,1
11746,0.1657,60.8,76,2,0.1014,47,0,25,google_play,1
11747,0.3345,24.32,18,0,0.1092,36,0,27,website,0
11748,0.4641,12.75,43,1,0.2057,44,0,24,website,1
11749,0.2062,105.33,40,1,0.2605,67,0,1,website,1
11750,0.4639,22.63,41,0,0.2514,22,0,32,google_play,1
11751,0.5209,47.6,29,0,0.0908,49,0,35,website,0
11752,0.616,15.89,78,2,0.0224,62,0,32,website,0
11753,0.2086,35.32,78,1,0.1604,18,0,17,google_play,0
11754,0.0732,31.22,33,0,0.2161,43,0,1,website,1
11755,0.128,24.53,41,0,0.1268,57,0,3,referral,0
11756,0.4867,101.53,80,0,0.1021,38,0,20,website,0
11757,0.2911,33.12,73,0,0.0923,40,0,46,website,0
11758,0.5303,18.92,45,2,0.0626,45,0,7,app_store,1
11759,0.4648,73.83,54,0,0.0592,33,0,17,website,0
11760,0.6573,6.9,74,0,0.3419,45,0,21,website,0
11761,0.3003,8.84,43,1,0.081,65,0,45,google_play,1
11762,0.5461,45.42,77,0,0.3275,24,0,10,google_play,0
11763,0.1155,28.75,60,2,0.3021,39,0,32,app_store,1
11764,0.1059,16.74,34,0,0.0046,22,1,39,google_play,0
11765,0.4224,32.28,0,1,0.0381,65,0,5,website,1
11766,0.5215,51.75,72,2,0.0959,32,0,40,app_store,0
11767,0.5484,11.71,48,2,0.3195,59,0,15,google_play,1
11768,0.2477,23.07,52,2,0.1156,69,0,28,website,0
11769,0.4679,25.2,17,1,0.1555,34,0,24,google_play,1
11770,0.2229,30.4,77,3,0.1562,56,0,19,referral,1
11771,0.3505,38.51,70,2,0.4089,63,0,8,website,1
11772,0.2954,6.19,6,0,0.0337,43,0,24,referral,1
11773,0.1439,35.71,77,0,0.0297,28,0,32,app_store,0
11774,0.2075,6.45,37,1,0.3972,63,1,30,app_store,0
11775,0.1258,23.91,67,0,0.168,59,0,39,google_play,0
11776,0.1259,11.72,86,1,0.0969,29,0,26,referral,1
11777,0.0822,28.15,84,0,0.1307,51,1,36,google_play,0
11778,0.3746,39.09,78,1,0.1386,39,0,35,google_play,0
11779,0.5377,25.53,12,1,0.3638,36,0,27,website,0
11780,0.5062,15.53,50,0,0.5003,49,0,8,google_play,0
11781,0.1094,9.77,19,0,0.3954,64,1,10,app_store,1
11782,0.4023,23.91,72,1,0.0889,66,0,19,google_play,1
11783,0.4267,18.45,64,0,0.5666,37,1,44,website,1
11784,0.3306,31.05,32,0,0.1673,22,0,37,google_play,0
11785,0.3676,18.15,12,1,0.1793,22,0,25,app_store,0
11786,0.2907,65.46,80,0,0.0757,29,0,25,app_store,0
11787,0.2405,25.35,45,0,0.4945,20,0,1,google_play,0
11788,0.3036,46.69,63,2,0.2728,52,0,13,referral,1
11789,0.1231,17.3,61,0,0.4828,21,0,31,app_store,1
11790,0.1211,41.04,58,0,0.1489,45,0,34,referral,0
11791,0.4782,37.97,18,3,0.2043,52,0,17,google_play,0
11792,0.2512,15.23,14,0,0.1693,23,0,43,referral,0
11793,0.4423,8.6,36,0,0.0729,31,1,25,website,0
11794,0.161,59.61,84,0,0.3215,28,0,46,google_play,1
11795,0.5527,18.28,72,0,0.1505,62,0,4,app_store,0
11796,0.5192,15.61,82,0,0.366,58,1,12,referral,1
11797,0.366,19.88,32,0,0.3691,18,0,2,google_play,0
11798,0.2364,12.65,32,1,0.1172,39,0,11,website,1
11799,0.5597,38.13,62,1,0.5761,42,1,38,website,1
11800,0.4395,24.38,4,0,0.0225,18,0,4,app_store,0
11801,0.0876,25.45,85,0,0.5741,23,0,44,app_store,1
11802,0.2271,54.43,73,1,0.0678,46,0,33,google_play,0
11803,0.1921,26.31,68,1,0.2101,46,0,41,app_store,1
11804,0.2019,73.91,69,1,0.261,18,0,38,google_play,1
11805,0.2261,24.19,71,1,0.0077,58,0,12,google_play,0
11806,0.2031,8.55,47,1,0.0655,23,0,38,app_store,0
11807,0.2537,13.19,28,0,0.1105,22,0,8,google_play,1
11808,0.1216,14.74,88,2,0.0161,58,1,6,website,1
11809,0.2728,26.55,15,0,0.044,69,0,31,referral,0
11810,0.19,71.2,83,0,0.2972,64,0,19,website,1
11811,0.5316,28.0,66,0,0.1127,45,1,37,app_store,0
11812,0.3706,20.91,74,1,0.2888,42,1,6,google_play,0
11813,0.3357,19.84,40,1,0.0178,69,0,21,referral,1
11814,0.5525,35.94,66,0,0.3547,52,0,14,website,0
11815,0.2198,32.81,62,0,0.3417,58,0,23,app_store,1
11816,0.4048,42.88,76,1,0.4464,34,0,37,google_play,1
11817,0.1437,14.99,27,1,0.2318,42,0,24,app_store,0
11818,0.0557,118.58,66,1,0.1896,18,0,35,app_store,1
11819,0.1472,19.28,18,0,0.1438,29,0,5,website,0
11820,0.368,15.73,87,1,0.009,36,0,30,app_store,0
11821,0.1412,56.61,45,0,0.1491,33,0,32,app_store,0
11822,0.1321,46.14,81,0,0.1682,36,0,37,google_play,0
11823,0.5315,15.63,10,1,0.0363,23,0,47,website,0
11824,0.0866,39.43,31,1,0.1283,60,0,34,app_store,1
11825,0.2207,18.21,50,2,0.4046,63,1,18,website,1
11826,0.3795,32.89,87,2,0.2295,34,0,33,referral,1
11827,0.2283,28.91,21,1,0.3157,23,0,11,website,0
11828,0.251,145.77,41,0,0.3774,30,1,12,website,0
11829,0.3695,64.93,13,0,0.4381,48,0,29,google_play,0
11830,0.0905,51.76,70,1,0.1635,23,0,21,app_store,0
11831,0.11,41.93,43,0,0.3444,47,0,41,google_play,1
11832,0.1135,10.2,20,1,0.2385,42,0,16,website,0
11833,0.3622,27.92,53,2,0.3927,22,0,32,google_play,1
11834,0.1799,18.04,62,0,0.0156,30,0,34,website,1
11835,0.2383,23.67,71,0,0.2922,23,0,39,referral,0
11836,0.4794,26.05,30,0,0.1493,20,0,26,google_play,0
11837,0.5337,7.39,25,0,0.0434,63,0,20,website,0
11838,0.2419,20.11,61,0,0.2766,31,0,46,referral,0
11839,0.2708,26.81,51,0,0.0995,24,0,38,google_play,0
11840,0.2583,46.89,19,0,0.3209,39,0,19,google_play,0
11841,0.3221,14.17,52,1,0.0824,39,0,5,website,0
11842,0.2136,14.11,53,0,0.2555,25,0,20,google_play,1
11843,0.4066,13.47,14,2,0.0662,37,0,10,website,1
11844,0.1086,19.63,89,1,0.1317,68,0,45,google_play,0
11845,0.0875,11.14,1,0,0.4619,53,0,42,website,0
11846,0.1435,62.1,59,1,0.4431,36,0,2,google_play,1
11847,0.1699,42.23,54,0,0.1525,66,1,33,google_play,0
11848,0.3289,164.11,28,1,0.1011,64,0,21,referral,0
11849,0.4142,16.91,48,0,0.2256,25,0,46,referral,1
11850,0.3422,44.81,25,1,0.1302,47,0,26,referral,0
11851,0.1345,10.49,85,1,0.0749,53,0,39,app_store,0
11852,0.4259,68.63,39,1,0.2288,40,0,47,google_play,0
11853,0.2725,21.11,53,0,0.1433,39,1,40,app_store,0
11854,0.5528,23.13,31,1,0.1451,48,0,2,google_play,0
11855,0.1809,59.91,18,0,0.1702,68,0,32,google_play,0
11856,0.1487,57.41,14,1,0.1263,65,0,11,app_store,0
11857,0.3746,12.35,66,0,0.0648,47,0,11,app_store,0
11858,0.0797,22.78,86,1,0.0823,67,0,8,app_store,1
11859,0.3058,66.52,1,2,0.3589,22,0,42,google_play,1
11860,0.2294,18.96,12,1,0.1154,67,0,43,app_store,0
11861,0.3165,30.39,63,1,0.1191,37,0,16,google_play,0
11862,0.2278,35.75,19,0,0.01,42,0,11,google_play,0
11863,0.1621,65.78,73,0,0.2331,33,0,11,app_store,1
11864,0.1875,39.15,69,0,0.1123,50,0,9,google_play,0
11865,0.3658,20.69,15,2,0.0134,22,0,37,google_play,0
11866,0.1511,6.21,7,2,0.1608,53,0,6,app_store,1
11867,0.4764,40.14,24,1,0.4734,23,1,40,google_play,0
11868,0.3754,27.68,12,2,0.2735,18,0,12,website,1
11869,0.1813,85.04,8,1,0.2074,67,0,18,website,0
11870,0.1498,36.71,83,0,0.4789,47,0,26,app_store,1
11871,0.1972,16.5,17,0,0.1288,55,0,12,referral,0
11872,0.0936,10.25,49,0,0.166,19,0,32,referral,1
11873,0.2171,21.74,22,0,0.3429,46,0,7,app_store,0
11874,0.5221,31.62,17,0,0.1942,25,0,41,referral,0
11875,0.5411,26.4,25,0,0.1659,22,0,33,app_store,0
11876,0.0265,10.14,22,1,0.078,52,0,21,website,1
11877,0.0494,3.49,41,1,0.0652,64,0,20,app_store,0
11878,0.3425,12.55,54,1,0.3744,59,1,44,referral,1
11879,0.4288,4.45,85,0,0.205,19,0,21,website,1
11880,0.2135,12.34,63,1,0.0779,26,0,10,app_store,1
11881,0.2652,29.05,6,0,0.0274,68,0,46,google_play,0
11882,0.0748,67.51,15,1,0.391,63,0,41,app_store,1
11883,0.5547,4.42,30,0,0.2817,49,0,44,app_store,1
11884,0.3678,11.97,53,0,0.1687,38,0,13,website,0
11885,0.7026,32.35,19,4,0.293,30,0,28,app_store,0
11886,0.3494,17.9,50,0,0.0673,55,0,41,referral,0
11887,0.1511,27.49,67,1,0.3772,27,0,7,app_store,1
11888,0.1761,31.95,2,1,0.2452,32,0,43,referral,0
11889,0.1043,18.39,84,0,0.2814,43,0,20,referral,1
11890,0.4999,57.01,63,0,0.0366,65,0,30,website,0
11891,0.2407,134.33,39,2,0.1239,31,0,4,google_play,1
11892,0.1292,11.62,20,2,0.0671,43,0,19,google_play,1
11893,0.3444,46.94,81,0,0.1886,31,0,19,app_store,1
11894,0.1574,107.28,28,1,0.4092,30,0,14,app_store,1
11895,0.2903,67.56,77,1,0.624,18,0,11,google_play,1
11896,0.2261,15.14,79,1,0.2874,52,0,28,google_play,1
11897,0.1235,19.5,32,0,0.0695,29,0,30,referral,1
11898,0.1047,7.3,3,0,0.0802,45,1,35,referral,0
11899,0.1033,16.46,9,0,0.0739,24,1,17,google_play,0
11900,0.0898,16.81,56,0,0.2643,22,0,6,google_play,1
11901,0.1191,33.79,87,0,0.4105,32,0,36,google_play,1
11902,0.5768,11.07,72,1,0.0074,27,0,20,app_store,0
11903,0.3957,25.8,72,0,0.2914,35,0,39,website,0
11904,0.305,28.38,80,1,0.3521,32,0,7,website,1
11905,0.4551,17.71,64,0,0.1451,20,0,37,app_store,1
11906,0.1416,44.12,18,1,0.1373,61,1,20,google_play,1
11907,0.1609,17.88,39,0,0.696,33,0,26,app_store,1
11908,0.1159,30.81,31,1,0.4327,49,0,27,app_store,1
11909,0.5084,9.88,18,0,0.5868,43,1,10,referral,0
11910,0.2523,14.23,45,1,0.0189,23,0,17,referral,0
11911,0.3788,48.05,30,0,0.1208,69,0,19,google_play,1
11912,0.1335,7.62,74,1,0.2441,26,0,13,referral,1
11913,0.1589,41.55,41,0,0.0594,50,0,20,app_store,0
11914,0.2867,19.51,55,0,0.2538,27,0,23,google_play,1
11915,0.4932,5.92,56,2,0.0836,56,0,14,google_play,0
11916,0.1783,17.97,13,0,0.0626,48,0,14,website,0
11917,0.6295,41.01,10,0,0.2935,46,0,32,google_play,0
11918,0.3495,123.32,43,0,0.132,69,0,9,google_play,0
11919,0.2359,90.56,64,0,0.1025,39,1,17,app_store,0
11920,0.2548,12.79,57,0,0.1239,20,1,12,app_store,0
11921,0.1298,42.92,65,0,0.0593,39,1,4,google_play,0
11922,0.2577,17.93,76,0,0.0996,21,0,11,website,0
11923,0.1306,15.99,89,0,0.2587,19,0,26,website,0
11924,0.5197,49.61,70,0,0.0606,41,0,43,app_store,0
11925,0.0598,28.76,70,0,0.2759,29,0,2,referral,1
11926,0.5442,28.84,56,0,0.325,63,0,26,google_play,1
11927,0.4945,7.58,89,0,0.0537,66,1,20,referral,0
11928,0.2238,12.47,73,0,0.1099,55,0,36,app_store,0
11929,0.4279,13.06,5,0,0.312,26,0,22,app_store,0
11930,0.1258,35.12,6,1,0.1462,37,0,36,google_play,0
11931,0.086,40.95,83,1,0.2114,19,0,40,app_store,1
11932,0.4146,82.67,84,0,0.2252,21,0,24,google_play,1
11933,0.1814,12.7,71,1,0.0874,24,0,39,referral,0
11934,0.0869,84.05,69,0,0.0758,19,0,29,google_play,0
11935,0.3325,20.45,50,2,0.2086,23,0,28,google_play,1
11936,0.5764,25.93,59,0,0.1734,49,0,15,google_play,0
11937,0.2789,22.61,31,1,0.0357,67,0,7,referral,0
11938,0.171,29.29,55,0,0.1197,50,0,29,app_store,0
11939,0.2648,39.97,13,0,0.3515,46,0,15,google_play,0
11940,0.2599,50.72,48,0,0.234,58,0,1,referral,1
11941,0.133,20.68,6,1,0.0192,30,1,23,google_play,0
11942,0.0681,26.1,19,3,0.0909,35,0,29,website,1
11943,0.3282,12.96,32,0,0.6077,42,0,33,website,0
11944,0.0141,39.43,56,0,0.2338,36,0,1,website,1
11945,0.233,29.55,36,0,0.0867,21,0,47,google_play,0
11946,0.4198,14.24,37,0,0.0274,62,0,37,website,0
11947,0.2367,10.27,68,1,0.5352,23,0,5,website,1
11948,0.2935,27.46,66,1,0.0248,34,0,44,app_store,0
11949,0.3695,61.23,22,0,0.0292,30,1,5,app_store,0
11950,0.0657,74.46,18,0,0.0265,63,0,13,website,0
11951,0.478,9.92,25,0,0.2369,50,0,10,website,0
11952,0.1889,47.19,13,0,0.0156,39,0,6,google_play,0
11953,0.2529,42.87,16,1,0.2638,69,0,25,google_play,0
11954,0.3423,64.68,83,2,0.2551,37,0,38,website,1
11955,0.3925,34.22,85,0,0.1572,19,0,7,website,0
11956,0.5139,19.41,47,0,0.5069,46,1,9,website,1
11957,0.164,42.53,13,1,0.042,40,1,37,referral,0
11958,0.1279,4.04,88,2,0.035,31,0,12,website,1
11959,0.2673,12.25,47,0,0.3281,44,1,10,website,0
11960,0.5768,13.35,21,1,0.1395,44,0,9,referral,0
11961,0.3296,15.32,32,2,0.0048,33,0,41,app_store,0
11962,0.0601,8.47,34,0,0.2262,50,0,39,app_store,0
11963,0.049,16.53,51,1,0.0846,27,1,21,website,0
11964,0.538,16.65,31,0,0.1792,42,0,5,google_play,0
11965,0.3876,20.4,0,0,0.2093,65,0,17,google_play,0
11966,0.4981,29.92,24,0,0.2187,38,0,39,app_store,0
11967,0.4623,10.22,77,1,0.1464,60,0,9,app_store,0
11968,0.2565,17.87,78,2,0.1116,50,0,12,app_store,1
11969,0.1765,23.01,36,1,0.2851,61,0,11,website,0
11970,0.2066,6.7,71,1,0.3984,60,1,31,google_play,1
11971,0.4553,23.3,23,0,0.0344,36,1,47,website,0
11972,0.1122,28.99,26,0,0.3778,27,1,24,referral,1
11973,0.3876,41.71,28,1,0.1153,29,1,5,app_store,0
11974,0.5095,9.74,75,0,0.1188,54,0,35,referral,0
11975,0.273,22.06,87,1,0.1944,32,0,2,app_store,1
11976,0.2052,58.43,85,0,0.1035,56,1,31,referral,0
11977,0.1626,7.28,33,1,0.2002,59,1,8,app_store,1
11978,0.4384,24.42,64,1,0.0458,33,0,21,website,0
11979,0.3074,8.45,42,0,0.2645,67,0,40,referral,0
11980,0.0782,18.16,76,1,0.0544,26,0,8,google_play,1
11981,0.2425,13.96,77,0,0.0905,28,0,17,app_store,1
11982,0.289,31.88,77,0,0.1088,41,0,33,google_play,0
11983,0.1109,19.95,89,1,0.3615,39,1,36,google_play,1
11984,0.1608,10.04,21,1,0.1459,25,0,25,app_store,0
11985,0.1055,71.25,87,0,0.0407,54,0,47,app_store,0
11986,0.1019,27.79,19,2,0.4078,32,0,45,google_play,1
11987,0.2762,48.95,12,1,0.1486,34,0,3,app_store,1
11988,0.242,11.4,69,0,0.0211,34,0,7,website,0
11989,0.0213,18.63,50,0,0.2377,45,0,17,referral,1
11990,0.3202,49.37,68,1,0.1118,19,1,6,website,0
11991,0.3273,14.51,53,1,0.0358,28,0,38,google_play,1
11992,0.0653,24.45,37,0,0.3839,19,1,24,google_play,1
11993,0.2912,23.43,70,1,0.299,60,0,4,google_play,1
11994,0.7926,4.69,56,1,0.0969,63,0,47,referral,0
11995,0.4703,23.38,43,0,0.4101,24,0,43,website,0
11996,0.2451,18.3,46,0,0.0171,18,0,10,google_play,0
11997,0.1166,21.84,42,0,0.3655,52,0,17,website,1
11998,0.2337,14.83,16,0,0.2635,46,0,1,google_play,0
11999,0.1041,9.95,32,0,0.1303,33,1,1,google_play,0
12000,0.5437,13.88,10,0,0.0987,20,0,37,website,0
12001,0.1456,16.97,65,1,0.0478,35,0,27,app_store,1
12002,0.3361,37.52,62,0,0.449,67,0,28,google_play,0
12003,0.199,16.58,58,0,0.268,68,0,10,google_play,1
12004,0.2826,26.49,26,0,0.2687,29,0,42,app_store,0
12005,0.4272,28.24,88,2,0.2593,29,0,14,website,1
12006,0.2919,16.8,67,2,0.1821,38,1,35,app_store,1
12007,0.3916,48.42,52,0,0.0157,53,0,8,website,0
12008,0.2626,18.87,56,0,0.604,60,1,19,referral,1
12009,0.5047,16.56,82,0,0.0309,20,0,10,website,0
12010,0.2589,53.17,0,1,0.0846,36,0,12,app_store,0
12011,0.1973,27.0,87,0,0.1007,67,0,45,google_play,0
12012,0.2327,4.6,42,1,0.1826,59,0,24,website,0
12013,0.5346,3.81,3,0,0.3191,62,0,23,referral,0
12014,0.5523,74.84,31,1,0.7746,46,1,11,google_play,1
12015,0.3807,26.0,3,0,0.2636,28,1,11,google_play,0
12016,0.0741,21.72,54,1,0.0823,28,1,17,website,1
12017,0.2237,5.19,88,0,0.2637,45,1,21,website,1
12018,0.6762,22.15,57,1,0.316,51,0,9,google_play,1
12019,0.5375,11.73,53,1,0.1,18,1,35,referral,0
12020,0.0885,19.67,5,0,0.122,57,0,25,referral,0
12021,0.266,14.73,25,0,0.1692,36,0,33,website,0
12022,0.3542,20.03,24,2,0.0984,63,1,16,app_store,1
12023,0.2694,28.09,39,0,0.0503,57,0,41,google_play,0
12024,0.5659,31.85,73,1,0.0571,47,0,37,google_play,0
12025,0.153,23.44,39,0,0.0956,41,0,7,google_play,0
12026,0.266,26.43,14,2,0.3076,49,0,14,app_store,1
12027,0.1829,7.03,9,2,0.1278,33,0,24,website,1
12028,0.2169,23.13,9,1,0.0608,52,0,7,google_play,0
12029,0.3573,28.36,81,2,0.053,19,1,30,app_store,0
12030,0.5478,23.21,20,0,0.2639,54,0,14,website,0
12031,0.2582,69.42,28,1,0.1569,37,1,23,website,0
12032,0.4333,20.39,45,1,0.1445,30,1,23,app_store,0
12033,0.1037,9.71,49,2,0.0917,62,0,35,app_store,1
12034,0.0537,24.52,73,1,0.0971,54,0,12,referral,1
12035,0.0884,16.41,78,0,0.2104,32,1,22,referral,1
12036,0.1301,7.33,19,0,0.0881,58,0,18,website,0
12037,0.2099,19.82,80,0,0.0704,33,0,15,website,0
12038,0.0572,68.93,36,1,0.1088,32,0,32,website,1
12039,0.4578,18.95,16,0,0.3809,25,1,22,google_play,0
12040,0.2877,52.37,47,1,0.2813,36,0,32,referral,1
12041,0.0872,40.54,15,1,0.3665,23,0,9,google_play,1
12042,0.6903,128.61,32,0,0.2434,57,0,22,referral,0
12043,0.4225,33.71,12,2,0.1508,24,0,12,app_store,0
12044,0.149,25.88,67,1,0.4469,32,0,30,google_play,1
12045,0.4879,26.12,21,0,0.3027,22,0,33,website,0
12046,0.3101,29.81,84,1,0.1768,63,0,22,website,1
12047,0.0699,20.45,28,1,0.2406,42,0,27,app_store,0
12048,0.404,17.19,14,1,0.1367,27,0,16,website,0
12049,0.4943,33.88,65,0,0.453,66,0,28,website,0
12050,0.0611,15.75,44,1,0.1997,68,0,47,google_play,0
12051,0.1812,6.64,13,2,0.3787,64,0,40,app_store,0
12052,0.2071,9.8,34,0,0.2063,24,0,26,website,0
12053,0.407,77.7,19,0,0.3845,24,0,10,website,0
12054,0.0119,19.62,61,0,0.1617,20,0,15,app_store,0
12055,0.512,42.01,33,0,0.0746,60,0,26,website,0
12056,0.0847,15.05,8,1,0.3027,68,1,33,website,0
12057,0.2022,45.72,2,0,0.0713,32,0,13,app_store,0
12058,0.564,32.51,86,1,0.6551,69,1,35,website,1
12059,0.3939,98.86,22,1,0.3044,26,1,23,app_store,0
12060,0.1532,61.66,73,0,0.3253,25,0,18,website,1
12061,0.6531,41.06,41,1,0.27,47,0,44,website,0
12062,0.6717,16.25,61,1,0.0171,46,0,31,app_store,0
12063,0.1798,10.77,50,0,0.1485,62,0,16,google_play,0
12064,0.2355,22.24,37,1,0.0566,65,0,37,google_play,0
12065,0.4117,24.86,57,1,0.0087,64,0,36,website,0
12066,0.3951,18.43,9,0,0.454,21,0,6,google_play,0
12067,0.1957,40.19,35,0,0.0338,52,0,13,app_store,0
12068,0.1263,25.9,10,0,0.0425,62,0,12,referral,0
12069,0.0888,24.49,50,1,0.1388,58,0,19,app_store,0
12070,0.2374,71.3,48,0,0.311,26,0,5,website,1
12071,0.1213,26.4,77,1,0.1518,47,0,8,website,0
12072,0.0478,9.5,1,0,0.4486,49,0,10,app_store,1
12073,0.4774,50.24,65,1,0.1155,50,0,12,website,0
12074,0.0968,28.41,59,0,0.107,26,0,26,website,0
12075,0.1891,20.27,51,1,0.8362,51,0,15,app_store,1
12076,0.2055,12.56,80,0,0.1394,45,0,27,google_play,1
12077,0.3539,59.31,69,2,0.0689,27,0,27,website,0
12078,0.1718,80.09,30,2,0.1277,63,1,1,app_store,1
12079,0.4539,15.32,26,1,0.0582,63,0,23,referral,0
12080,0.2858,30.21,65,0,0.4347,25,0,34,app_store,1
12081,0.2578,33.36,86,0,0.1943,54,1,31,app_store,0
12082,0.4299,7.24,29,0,0.2164,37,0,1,google_play,0
12083,0.3857,23.79,62,0,0.1434,55,1,13,referral,1
12084,0.356,7.25,17,0,0.2874,35,0,3,app_store,0
12085,0.3318,24.22,60,0,0.0608,40,0,35,app_store,0
12086,0.6576,119.59,25,0,0.5494,33,0,2,google_play,0
12087,0.1778,8.9,70,0,0.1766,25,1,31,google_play,0
12088,0.7408,91.23,63,2,0.4951,18,1,47,website,1
12089,0.0372,85.07,0,0,0.0193,25,1,5,website,1
12090,0.1382,24.44,66,0,0.0192,48,0,40,google_play,0
12091,0.153,35.18,12,1,0.123,44,0,33,app_store,0
12092,0.177,20.12,21,2,0.0482,56,0,15,website,1
12093,0.4297,17.94,51,0,0.103,58,1,21,website,0
12094,0.578,28.28,52,0,0.2195,44,1,5,google_play,1
12095,0.6053,14.26,54,0,0.1234,59,1,31,referral,0
12096,0.5096,34.16,29,0,0.0989,25,0,24,google_play,0
12097,0.3874,25.26,80,1,0.3238,61,0,18,app_store,1
12098,0.2857,11.62,56,3,0.1995,27,0,5,google_play,0
12099,0.4286,40.31,47,0,0.0141,50,0,31,google_play,0
12100,0.0805,41.06,66,1,0.1168,47,0,24,website,1
12101,0.505,53.84,24,0,0.3717,25,0,21,referral,0
12102,0.1771,17.54,38,2,0.1224,22,0,6,google_play,0
12103,0.1795,50.41,44,3,0.0978,36,0,18,google_play,0
12104,0.271,111.8,10,0,0.1076,24,0,33,website,0
12105,0.3436,25.05,28,0,0.4949,50,0,20,google_play,1
12106,0.1061,26.66,72,0,0.412,21,1,30,website,1
12107,0.6678,39.45,61,0,0.089,32,0,2,google_play,0
12108,0.1225,5.39,82,0,0.0119,19,0,25,referral,0
12109,0.3907,9.43,55,1,0.6273,20,0,36,google_play,1
12110,0.2676,16.68,4,2,0.9463,38,0,13,google_play,1
12111,0.2695,19.32,17,1,0.3337,56,1,36,app_store,0
12112,0.2175,26.54,29,2,0.2588,26,0,40,app_store,1
12113,0.2849,29.58,33,3,0.1162,52,0,16,google_play,0
12114,0.0876,9.38,88,0,0.1431,44,1,35,google_play,0
12115,0.1277,54.96,60,1,0.3179,64,0,7,app_store,1
12116,0.1047,30.98,78,1,0.4848,34,1,28,website,1
12117,0.2218,25.58,84,1,0.0452,52,0,4,website,0
12118,0.4585,34.58,53,0,0.0883,18,0,36,website,1
12119,0.3392,15.95,35,0,0.3174,25,0,12,app_store,0
12120,0.404,20.76,46,1,0.2566,68,0,41,website,1
12121,0.4875,11.5,64,0,0.4283,42,0,18,website,1
12122,0.0632,5.24,66,0,0.292,40,0,8,app_store,1
12123,0.2766,20.79,37,0,0.3439,19,1,47,website,0
12124,0.155,82.04,9,2,0.0359,47,1,21,website,1
12125,0.1761,16.48,34,3,0.1009,60,0,13,website,1
12126,0.1655,8.25,40,0,0.7314,41,0,29,referral,0
12127,0.251,36.43,56,0,0.1632,38,1,46,website,0
12128,0.2407,17.55,52,0,0.4523,38,0,21,app_store,0
12129,0.4221,33.32,86,1,0.0953,63,0,19,app_store,1
12130,0.3068,38.96,61,0,0.0699,62,0,24,google_play,1
12131,0.2171,17.21,28,0,0.4236,28,0,26,referral,0
12132,0.2045,32.8,71,1,0.1402,40,1,45,website,0
12133,0.3159,23.93,39,0,0.078,20,0,30,google_play,0
12134,0.18,6.19,30,1,0.1927,61,0,10,website,1
12135,0.4063,16.99,4,0,0.1269,48,1,29,website,0
12136,0.3786,13.72,69,1,0.0284,18,0,23,google_play,0
12137,0.5681,8.54,56,0,0.0187,32,1,7,google_play,0
12138,0.1379,13.56,6,0,0.0262,20,1,31,website,0
12139,0.1132,39.25,33,0,0.084,22,0,9,website,1
12140,0.386,24.77,37,1,0.3076,53,0,26,google_play,1
12141,0.063,6.69,10,0,0.1915,57,0,11,app_store,0
12142,0.1588,11.27,69,0,0.1122,30,0,17,website,0
12143,0.4665,24.79,55,0,0.2764,58,0,35,app_store,1
12144,0.3095,24.48,19,0,0.1166,37,0,33,google_play,0
12145,0.0303,19.6,61,0,0.1236,33,1,24,referral,0
12146,0.179,41.57,50,1,0.2165,61,0,34,google_play,1
12147,0.2498,31.76,11,0,0.2002,69,0,38,app_store,0
12148,0.3002,16.45,52,0,0.1856,46,0,18,google_play,0
12149,0.3267,15.29,53,0,0.2156,66,0,47,referral,0
12150,0.4319,21.3,16,0,0.1596,21,0,24,app_store,0
12151,0.189,5.71,75,1,0.1396,22,0,19,google_play,0
12152,0.2445,30.1,67,0,0.2724,57,0,30,website,1
12153,0.1316,10.18,48,0,0.2247,26,0,5,google_play,1
12154,0.2246,57.21,64,1,0.1871,54,0,31,website,1
12155,0.4199,7.4,71,0,0.2211,67,0,31,app_store,1
12156,0.3317,31.78,45,0,0.1685,54,0,26,app_store,0
12157,0.118,6.09,44,2,0.2836,38,0,8,website,1
12158,0.2608,15.61,37,1,0.0155,41,1,1,referral,0
12159,0.2366,32.36,20,0,0.0728,37,0,17,google_play,0
12160,0.5335,46.63,49,2,0.2137,66,1,16,referral,1
12161,0.2325,45.01,13,1,0.1971,36,0,15,google_play,0
12162,0.5072,39.69,2,0,0.1889,60,0,36,app_store,0
12163,0.1794,42.9,20,1,0.1215,55,1,47,app_store,0
12164,0.3875,45.51,9,1,0.0656,65,0,12,google_play,0
12165,0.3477,16.51,57,1,0.4559,28,0,43,website,1
12166,0.0596,18.69,14,0,0.3582,23,0,11,app_store,1
12167,0.2883,39.2,26,0,0.7421,30,0,17,google_play,0
12168,0.2573,52.51,38,0,0.1921,60,0,36,app_store,0
12169,0.3113,21.79,49,4,0.2939,30,0,25,app_store,1
12170,0.307,16.61,14,0,0.0494,54,0,13,google_play,0
12171,0.102,16.23,72,1,0.0328,61,0,12,google_play,1
12172,0.1493,13.5,10,0,0.3927,38,0,24,app_store,0
12173,0.4499,33.48,8,0,0.2174,68,0,23,google_play,1
12174,0.1093,53.26,14,1,0.0646,27,0,20,website,0
12175,0.6843,33.83,10,0,0.0381,59,0,2,app_store,0
12176,0.33,23.79,12,2,0.6378,45,0,25,website,1
12177,0.4428,92.24,66,2,0.3111,54,0,5,app_store,1
12178,0.3236,24.21,54,0,0.1512,63,0,4,referral,0
12179,0.4261,63.98,2,0,0.3091,45,1,15,referral,0
12180,0.2738,11.37,52,0,0.1115,59,0,45,app_store,0
12181,0.2389,28.39,18,0,0.1272,43,0,46,app_store,0
12182,0.1304,12.27,7,0,0.1,41,0,34,app_store,0
12183,0.5251,12.82,38,0,0.1659,56,0,4,referral,0
12184,0.1336,13.88,73,0,0.1506,21,0,14,website,0
12185,0.1523,25.6,87,1,0.0864,59,0,31,website,1
12186,0.4924,17.73,6,1,0.1785,20,0,47,app_store,0
12187,0.5151,5.76,47,1,0.2142,45,1,7,google_play,0
12188,0.1103,18.08,44,0,0.46,44,0,11,app_store,0
12189,0.1235,15.83,12,0,0.5696,45,0,22,app_store,0
12190,0.3239,7.21,53,1,0.642,28,1,6,website,1
12191,0.0835,33.68,52,1,0.6274,42,0,1,app_store,1
12192,0.4604,39.08,2,0,0.4576,24,0,24,app_store,0
12193,0.0593,37.78,33,2,0.2027,52,0,26,website,1
12194,0.4843,80.82,82,1,0.0655,18,1,38,website,0
12195,0.3561,11.18,5,0,0.0436,60,0,24,app_store,0
12196,0.2427,11.38,8,0,0.0427,43,0,25,referral,1
12197,0.3477,23.95,45,1,0.2175,36,1,44,website,0
12198,0.1546,22.57,87,0,0.0857,38,1,46,app_store,0
12199,0.1061,26.94,57,0,0.1316,59,0,15,google_play,1
12200,0.382,44.04,60,1,0.8337,41,0,32,app_store,1
12201,0.1922,20.51,86,0,0.1587,22,0,40,app_store,1
12202,0.2777,50.55,5,0,0.1588,20,0,31,app_store,1
12203,0.1236,14.3,65,0,0.0928,50,1,38,google_play,0
12204,0.2982,17.2,82,0,0.4313,66,0,40,google_play,1
12205,0.3974,11.27,70,0,0.2405,45,0,13,google_play,1
12206,0.2793,2.25,19,0,0.2036,55,0,16,website,0
12207,0.094,7.21,82,0,0.4687,49,1,22,website,1
12208,0.1583,45.9,41,0,0.1012,65,0,41,google_play,0
12209,0.2873,53.08,29,0,0.1269,26,1,34,referral,0
12210,0.274,10.02,18,0,0.4169,69,1,45,website,0
12211,0.2919,47.09,50,1,0.062,68,0,23,referral,0
12212,0.2045,4.48,14,0,0.465,61,0,35,app_store,1
12213,0.2367,11.92,87,1,0.143,18,0,22,referral,1
12214,0.2318,17.68,22,0,0.0702,58,0,1,referral,0
12215,0.4453,51.3,49,2,0.101,62,0,39,website,1
12216,0.1507,86.88,3,0,0.4011,57,0,7,referral,0
12217,0.6087,17.74,11,0,0.2137,26,0,39,google_play,0
12218,0.2297,23.39,77,0,0.0426,61,0,27,app_store,0
12219,0.0666,50.83,86,2,0.0431,20,0,15,referral,1
12220,0.0393,118.33,37,3,0.4881,47,0,33,app_store,1
12221,0.6133,56.35,31,0,0.6359,37,0,40,referral,0
12222,0.7736,10.52,58,2,0.5251,69,0,40,app_store,1
12223,0.0583,45.29,22,0,0.1579,31,0,21,website,1
12224,0.0741,15.61,25,1,0.2135,48,0,17,app_store,1
12225,0.3494,65.41,56,0,0.2197,19,0,9,website,1
12226,0.188,38.21,43,0,0.1612,47,1,19,app_store,0
12227,0.4354,11.99,31,0,0.5952,28,0,25,google_play,1
12228,0.7098,53.18,24,1,0.104,26,1,11,website,0
12229,0.5742,35.53,37,0,0.2652,21,1,28,app_store,0
12230,0.4563,32.42,76,0,0.2663,60,0,10,app_store,1
12231,0.1171,25.05,19,0,0.2973,34,1,6,website,1
12232,0.0695,17.0,21,0,0.0961,26,0,41,app_store,0
12233,0.2202,37.79,3,0,0.1539,63,0,30,website,0
12234,0.513,114.56,17,0,0.0749,59,0,38,referral,0
12235,0.207,93.29,6,1,0.1588,24,0,10,app_store,0
12236,0.224,21.56,56,1,0.0976,42,0,19,app_store,0
12237,0.1544,5.63,24,0,0.1081,32,0,14,referral,0
12238,0.3645,16.72,61,0,0.0165,25,0,8,google_play,0
12239,0.338,27.17,38,0,0.1216,25,0,13,google_play,0
12240,0.4725,29.95,66,1,0.3099,65,0,32,app_store,1
12241,0.0858,46.01,74,1,0.0484,45,0,41,app_store,0
12242,0.492,40.78,2,1,0.3608,38,0,34,referral,0
12243,0.1877,41.21,19,0,0.2527,65,0,43,google_play,0
12244,0.4049,15.75,75,0,0.3053,63,0,25,website,1
12245,0.1151,17.01,58,2,0.2046,62,0,22,google_play,1
12246,0.419,11.51,2,1,0.1471,26,1,11,referral,0
12247,0.0783,29.43,83,0,0.0662,51,0,16,app_store,1
12248,0.2349,44.95,75,1,0.1896,67,0,19,referral,0
12249,0.3214,51.85,36,1,0.3646,28,0,3,google_play,1
12250,0.2087,4.24,45,0,0.0825,18,0,44,app_store,0
12251,0.0524,34.1,88,1,0.2052,67,1,45,google_play,0
12252,0.5043,11.83,89,2,0.2279,23,0,25,google_play,1
12253,0.1437,37.08,57,0,0.1069,68,1,13,referral,0
12254,0.3161,11.77,51,0,0.129,54,0,11,app_store,0
12255,0.3422,41.02,86,0,0.281,40,0,17,app_store,1
12256,0.3505,15.59,20,1,0.1538,68,1,26,google_play,0
12257,0.3222,15.83,26,0,0.3144,52,1,23,app_store,0
12258,0.2211,43.05,54,0,0.0839,20,0,12,google_play,0
12259,0.1443,16.67,58,1,0.2055,56,0,16,google_play,1
12260,0.5169,48.0,28,0,0.0035,57,0,14,google_play,0
12261,0.1448,41.24,14,0,0.2369,42,1,32,website,0
12262,0.2169,22.69,52,0,0.0378,25,0,18,app_store,1
12263,0.202,17.86,82,0,0.1342,63,0,41,google_play,0
12264,0.2062,59.94,3,1,0.5645,68,0,34,website,1
12265,0.1989,43.86,30,0,0.0302,62,0,24,referral,0
12266,0.2283,77.46,73,1,0.2016,18,1,25,website,1
12267,0.0658,7.24,14,0,0.3163,65,0,36,app_store,1
12268,0.3903,20.04,75,0,0.0724,21,0,17,app_store,0
12269,0.1942,17.84,47,1,0.0232,66,0,22,referral,1
12270,0.2475,35.11,5,0,0.1348,52,0,1,website,0
12271,0.0927,12.62,15,0,0.0064,30,0,12,referral,0
12272,0.1221,13.93,6,0,0.1526,35,1,6,google_play,0
12273,0.2297,25.25,25,0,0.044,42,0,18,app_store,1
12274,0.0361,6.6,22,1,0.1912,42,0,24,app_store,0
12275,0.4635,6.0,34,0,1.0,21,0,40,app_store,0
12276,0.4707,22.63,49,0,0.0611,20,0,47,google_play,0
12277,0.3094,157.26,13,0,0.2758,57,0,9,app_store,0
12278,0.4238,26.56,89,0,0.0127,31,0,3,referral,0
12279,0.1352,18.85,3,0,0.2048,29,0,24,google_play,1
12280,0.1331,33.18,64,0,0.0316,57,0,3,google_play,0
12281,0.0812,36.78,33,1,0.1619,34,1,13,referral,1
12282,0.0743,22.43,18,0,0.3893,67,1,44,google_play,1
12283,0.2377,15.28,18,0,0.1406,27,0,31,google_play,0
12284,0.17,8.18,70,3,0.1298,45,1,40,app_store,1
12285,0.194,46.08,60,0,0.0969,21,1,40,app_store,0
12286,0.2473,17.65,64,0,0.0469,51,1,1,referral,0
12287,0.0786,34.19,0,1,0.2419,50,0,1,website,1
12288,0.3593,51.4,78,1,0.0808,41,0,9,google_play,0
12289,0.1769,19.79,58,0,0.5493,21,0,30,website,1
12290,0.1322,8.8,9,1,0.1546,63,0,27,app_store,1
12291,0.1755,20.94,48,0,0.097,54,0,31,referral,0
12292,0.3418,22.0,69,0,0.0258,27,0,21,app_store,0
12293,0.5173,34.69,47,0,0.0308,34,0,37,app_store,0
12294,0.2812,16.44,60,2,0.001,69,0,35,app_store,1
12295,0.3027,15.86,45,0,0.562,69,0,26,website,1
12296,0.0552,18.73,5,1,0.0703,45,0,14,website,1
12297,0.545,31.83,48,1,0.2684,41,0,24,app_store,1
12298,0.3613,46.06,67,0,0.2851,69,1,30,google_play,0
12299,0.3367,125.63,45,1,0.167,25,1,29,google_play,0
12300,0.1576,94.65,88,0,0.3447,28,0,27,app_store,1
12301,0.1196,22.34,40,0,0.1159,49,0,6,app_store,1
12302,0.2249,14.83,61,1,0.446,22,0,33,google_play,0
12303,0.1226,15.86,30,3,0.1143,67,0,33,app_store,1
12304,0.2038,9.79,0,0,0.3659,38,0,27,google_play,1
12305,0.3261,26.76,32,1,0.0908,61,0,16,referral,1
12306,0.0358,12.26,64,1,0.3287,27,0,45,website,1
12307,0.2299,11.3,8,0,0.2607,23,0,35,app_store,0
12308,0.0961,11.84,16,0,0.0278,56,0,2,google_play,0
12309,0.2574,45.69,35,0,0.1415,29,0,3,referral,0
12310,0.0998,23.15,77,0,0.0719,39,0,46,app_store,1
12311,0.6203,9.45,44,0,0.7231,63,1,4,website,1
12312,0.0106,45.46,5,0,0.2036,29,0,22,website,0
12313,0.3776,56.48,68,3,0.3586,65,0,43,referral,1
12314,0.3148,17.78,50,0,0.0495,61,0,15,google_play,0
12315,0.2279,14.18,39,1,0.4366,20,0,32,referral,0
12316,0.2371,13.32,23,0,0.0121,26,0,14,website,0
12317,0.4227,29.54,69,3,0.3536,36,0,46,referral,1
12318,0.3487,46.44,82,0,0.1038,39,1,24,website,0
12319,0.0508,27.6,70,2,0.118,37,0,2,website,1
12320,0.183,9.56,6,0,0.2078,62,0,19,app_store,0
12321,0.4693,51.67,29,0,0.554,52,0,13,app_store,0
12322,0.3147,23.62,75,2,0.0873,21,0,37,app_store,0
12323,0.1504,21.31,44,0,0.3281,49,0,5,referral,0
12324,0.3124,33.17,55,1,0.6946,18,0,5,website,1
12325,0.2567,50.93,29,0,0.1316,57,0,18,google_play,0
12326,0.0545,11.06,41,2,0.2813,41,0,22,app_store,0
12327,0.27,9.59,6,1,0.2794,69,0,28,google_play,0
12328,0.128,23.72,31,0,0.253,35,0,42,google_play,0
12329,0.5054,23.92,76,1,0.1041,25,0,13,website,1
12330,0.4804,46.14,77,0,0.0049,43,0,7,website,0
12331,0.153,59.59,73,0,0.024,18,1,14,referral,0
12332,0.3044,17.25,64,1,0.0537,28,1,45,referral,0
12333,0.4256,30.87,7,0,0.0812,36,0,7,google_play,0
12334,0.2899,33.84,19,2,0.2396,41,0,4,google_play,0
12335,0.4705,36.23,58,0,0.0246,55,0,7,app_store,0
12336,0.5502,7.89,16,0,0.038,63,0,29,referral,0
12337,0.3478,35.35,76,0,0.2157,47,0,11,referral,1
12338,0.1472,13.71,54,0,0.0735,49,0,10,app_store,1
12339,0.1262,36.61,3,1,0.0512,20,0,15,app_store,1
12340,0.1377,10.92,48,0,0.0619,39,0,28,website,1
12341,0.0767,25.56,35,0,0.2049,30,1,40,website,0
12342,0.6389,19.75,80,0,0.1701,53,0,39,referral,0
12343,0.2728,108.94,21,0,0.2047,53,1,28,app_store,0
12344,0.5565,13.09,89,1,0.0275,47,0,6,app_store,0
12345,0.3014,12.42,42,0,0.0917,68,0,2,google_play,0
12346,0.1493,68.36,16,1,0.2068,63,0,17,app_store,1
12347,0.1559,44.4,13,1,0.117,40,0,17,google_play,0
12348,0.0253,28.97,19,1,0.232,55,0,44,app_store,0
12349,0.396,17.05,3,1,0.22,65,0,44,app_store,1
12350,0.4163,10.64,4,0,0.1652,29,0,1,google_play,1
12351,0.4698,17.61,1,1,0.1427,56,0,31,app_store,0
12352,0.314,16.35,84,0,0.2817,56,0,1,website,1
12353,0.1842,14.56,85,2,0.3318,46,0,19,app_store,1
12354,0.3372,16.61,74,1,0.3305,20,0,18,app_store,1
12355,0.3453,16.08,6,0,0.0643,50,0,24,app_store,0
12356,0.11,46.72,9,0,0.0508,36,0,2,google_play,1
12357,0.219,8.98,19,0,0.0899,42,0,32,website,0
12358,0.3361,31.37,64,2,0.6315,31,0,22,website,1
12359,0.6483,28.75,56,0,0.2464,66,0,17,website,1
12360,0.2864,22.76,39,0,0.158,56,0,47,referral,0
12361,0.2366,38.02,57,0,0.1324,48,0,39,app_store,0
12362,0.4566,32.2,84,2,0.1492,65,0,35,referral,0
12363,0.6772,25.59,8,0,0.1961,66,1,43,app_store,0
12364,0.4457,51.63,23,2,0.5548,58,0,6,app_store,0
12365,0.3159,4.27,49,0,0.1199,37,0,32,google_play,0
12366,0.5204,110.58,33,0,0.1247,43,0,30,google_play,0
12367,0.4382,54.25,41,2,0.2703,49,1,46,website,0
12368,0.1336,79.91,2,0,0.2381,29,0,27,google_play,0
12369,0.1754,12.96,20,1,0.0164,40,1,42,google_play,0
12370,0.3031,25.2,17,0,0.1365,61,1,46,app_store,0
12371,0.1022,29.85,72,1,0.1036,24,0,39,google_play,1
12372,0.3637,18.52,66,0,0.0724,40,0,47,google_play,0
12373,0.3731,27.26,86,0,0.1135,37,0,37,website,0
12374,0.3167,28.91,82,2,0.1439,23,0,33,google_play,0
12375,0.3631,10.39,26,0,0.1698,38,1,27,google_play,0
12376,0.4549,40.47,56,0,0.114,28,0,15,app_store,0
12377,0.2398,38.2,18,1,0.2414,18,0,29,referral,0
12378,0.4058,15.0,67,0,0.084,42,0,8,google_play,0
12379,0.1475,9.71,32,0,0.1012,34,0,35,app_store,1
12380,0.3693,26.39,46,1,0.1391,63,0,6,referral,0
12381,0.3146,13.59,79,1,0.0165,19,0,10,app_store,0
12382,0.5008,29.61,52,0,0.3733,46,0,12,app_store,1
12383,0.2522,14.08,68,0,0.3321,53,1,28,app_store,1
12384,0.1642,69.99,12,0,0.0296,27,1,8,referral,0
12385,0.0923,15.16,67,0,0.2049,52,0,41,app_store,1
12386,0.2901,13.12,40,0,0.0347,63,0,35,google_play,1
12387,0.4361,24.95,81,0,0.3621,37,0,33,app_store,1
12388,0.4795,8.01,26,0,0.2698,40,0,28,app_store,0
12389,0.0968,13.38,20,2,0.1133,53,0,36,website,1
12390,0.3319,7.7,56,1,0.0211,28,0,17,google_play,1
12391,0.5822,28.46,77,2,0.1257,44,1,13,app_store,0
12392,0.2717,46.96,10,0,0.0136,67,0,12,google_play,0
12393,0.3444,18.16,82,1,0.0376,42,1,9,app_store,0
12394,0.342,59.03,51,2,0.2315,36,0,20,google_play,1
12395,0.284,13.53,62,0,0.0945,40,0,44,website,0
12396,0.0296,17.7,76,0,0.2025,63,1,16,app_store,1
12397,0.5529,45.9,36,1,0.4897,66,1,27,app_store,0
12398,0.2206,40.5,79,0,0.3736,23,1,1,website,1
12399,0.1513,33.77,81,0,0.3084,50,0,15,google_play,1
12400,0.2417,53.35,66,1,0.1464,58,0,26,google_play,0
12401,0.1723,23.66,3,0,0.0715,69,0,16,website,0
12402,0.3531,30.33,52,0,0.4092,23,0,28,google_play,1
12403,0.2862,15.23,25,0,0.1104,18,0,18,website,0
12404,0.4528,94.46,8,1,0.1246,36,0,19,google_play,0
12405,0.4632,17.9,8,0,0.3219,25,1,18,google_play,0
12406,0.2395,21.13,80,1,0.1494,23,0,37,google_play,0
12407,0.1827,28.41,34,0,0.2009,63,1,31,website,0
12408,0.2483,39.13,9,0,0.3151,25,0,24,website,0
12409,0.257,38.85,66,1,0.1068,58,0,15,app_store,1
12410,0.0506,3.68,57,0,0.1388,58,1,30,google_play,1
12411,0.0457,84.51,36,2,0.1062,64,0,32,website,1
12412,0.2497,75.71,47,0,0.1779,50,0,36,referral,0
12413,0.1309,58.95,50,0,0.5962,43,0,26,referral,1
12414,0.1332,27.18,83,0,0.0917,27,1,2,app_store,1
12415,0.6,58.76,37,0,0.0098,49,1,42,google_play,0
12416,0.0877,29.47,2,0,0.2011,39,0,40,website,1
12417,0.2387,29.22,2,1,0.2833,25,0,10,website,0
12418,0.0874,39.99,62,0,0.0307,26,0,20,app_store,0
12419,0.5163,35.89,5,0,0.267,30,0,24,google_play,0
12420,0.4302,50.24,84,1,0.2683,52,0,33,google_play,1
12421,0.238,5.44,4,1,0.1184,35,0,4,website,0
12422,0.4307,23.05,58,0,0.367,50,0,9,website,1
12423,0.1192,10.44,72,2,0.072,60,0,40,app_store,1
12424,0.1141,47.07,12,0,0.0773,53,0,38,app_store,1
12425,0.4341,12.95,7,0,0.1535,22,0,10,website,0
12426,0.1487,20.12,89,0,0.1024,60,0,29,referral,0
12427,0.0054,47.25,29,0,0.1223,19,1,9,website,1
12428,0.1052,61.3,22,0,0.0588,56,0,3,referral,0
12429,0.092,45.51,50,0,0.1327,58,0,25,app_store,0
12430,0.5432,41.56,22,1,0.5968,28,0,29,google_play,0
12431,0.448,10.69,48,0,0.6672,63,0,19,website,1
12432,0.2518,12.04,28,1,0.179,19,0,21,app_store,1
12433,0.1833,9.6,55,0,0.0355,34,1,15,app_store,0
12434,0.1371,11.71,8,1,0.087,59,0,13,app_store,1
12435,0.1728,27.41,47,0,0.2372,21,0,6,google_play,1
12436,0.1817,49.59,50,0,0.3146,35,1,44,website,0
12437,0.1367,49.47,44,2,0.0685,69,0,28,referral,1
12438,0.7798,6.71,24,0,0.1978,64,1,9,app_store,0
12439,0.2299,23.92,60,1,0.0294,18,0,37,app_store,1
12440,0.2101,20.25,30,0,0.3036,56,0,11,referral,0
12441,0.2527,4.84,26,1,0.0952,31,0,22,google_play,0
12442,0.1403,43.86,16,0,0.1549,41,0,2,website,0
12443,0.3799,43.01,41,2,0.171,34,0,42,website,0
12444,0.1951,16.03,42,0,0.4746,54,0,42,website,1
12445,0.1649,19.75,38,1,0.225,64,0,43,google_play,0
12446,0.2982,27.16,29,0,0.0398,22,0,16,google_play,0
12447,0.059,32.77,31,1,0.209,23,0,45,app_store,1
12448,0.3981,15.58,59,0,0.1422,18,1,15,app_store,0
12449,0.5388,13.45,89,0,0.3062,26,0,37,referral,1
12450,0.3866,11.47,61,1,0.5396,48,0,5,referral,1
12451,0.1859,69.56,81,0,0.1352,47,0,41,referral,0
12452,0.2803,57.61,47,0,0.2662,24,1,47,app_store,0
12453,0.1904,11.42,60,0,0.0774,42,0,41,referral,0
12454,0.1095,13.1,32,0,0.5807,36,0,1,app_store,0
12455,0.6662,11.68,66,0,0.0685,32,0,40,app_store,0
12456,0.6207,8.68,48,0,0.4409,39,0,13,google_play,1
12457,0.4312,96.13,78,1,0.0313,40,0,17,google_play,0
12458,0.3505,14.67,37,1,0.1451,45,0,39,referral,0
12459,0.4867,41.75,32,0,0.347,51,0,16,website,0
12460,0.0969,19.36,38,1,0.1251,31,0,41,website,1
12461,0.2506,21.04,47,0,0.3813,18,0,46,google_play,1
12462,0.2048,20.04,8,1,0.3004,49,0,8,referral,1
12463,0.4943,31.73,31,2,0.1857,55,1,24,referral,1
12464,0.2382,21.55,44,1,0.1816,20,0,13,app_store,0
12465,0.1519,41.34,80,0,0.1282,20,0,2,google_play,1
12466,0.1915,55.08,53,0,0.1105,42,0,7,referral,1
12467,0.5841,15.89,54,0,0.088,23,1,28,google_play,0
12468,0.1422,28.3,29,1,0.2118,33,0,14,referral,0
12469,0.1101,7.82,50,0,0.0232,26,0,23,referral,0
12470,0.0641,17.02,80,0,0.0313,35,1,15,app_store,1
12471,0.4747,24.85,40,2,0.1422,22,0,26,website,0
12472,0.0633,21.34,68,0,0.2912,38,0,15,website,1
12473,0.3094,22.73,51,0,0.4262,26,0,4,google_play,1
12474,0.4106,35.22,72,1,0.0847,44,0,12,website,0
12475,0.2063,40.76,26,2,0.5314,61,0,36,google_play,0
12476,0.1671,5.54,38,0,0.5098,55,0,37,app_store,0
12477,0.124,27.89,46,0,0.2096,36,0,31,referral,1
12478,0.2733,19.68,19,0,0.2933,59,0,7,google_play,1
12479,0.2838,17.51,18,1,0.0097,47,0,9,referral,0
12480,0.3233,65.18,53,1,0.1645,36,0,19,website,1
12481,0.2403,7.17,21,1,0.0348,60,1,17,app_store,0
12482,0.0103,23.64,21,0,0.5085,39,0,39,app_store,1
12483,0.3036,67.18,16,2,0.1512,40,0,33,referral,0
12484,0.5325,25.8,67,0,0.1882,64,0,28,website,0
12485,0.0441,12.62,17,1,0.0098,40,0,14,website,1
12486,0.3516,21.08,46,0,0.3007,22,0,4,google_play,1
12487,0.1283,84.76,42,0,0.235,51,0,38,google_play,0
12488,0.3859,55.72,11,1,0.151,26,0,22,google_play,0
12489,0.0896,17.07,5,0,0.2916,58,0,23,website,1
12490,0.081,71.84,66,2,0.1752,66,0,40,app_store,1
12491,0.4992,38.32,29,0,0.2055,59,0,5,google_play,0
12492,0.6151,4.14,81,2,0.0691,24,1,1,referral,0
12493,0.2372,22.78,43,0,0.2296,65,0,14,google_play,0
12494,0.4985,88.03,31,0,0.2885,52,0,26,app_store,0
12495,0.2864,21.98,13,1,0.1158,30,0,47,google_play,0
12496,0.5099,71.13,11,0,0.0111,36,0,9,website,0
12497,0.3437,8.99,31,0,0.3514,44,0,33,app_store,0
12498,0.215,9.81,20,1,0.3903,41,0,20,referral,1
12499,0.0582,54.21,49,0,0.0526,52,0,35,google_play,0
12500,0.2042,44.54,0,1,0.3862,56,0,3,app_store,1
12501,0.149,24.09,81,0,0.5461,66,0,36,google_play,0
12502,0.5955,45.07,40,1,0.2425,67,0,29,google_play,0
12503,0.4282,16.2,29,2,0.868,20,1,15,referral,1
12504,0.3673,11.15,3,3,0.0861,58,0,42,website,1
12505,0.3756,32.16,0,1,0.1348,39,0,31,app_store,0
12506,0.637,20.07,17,0,0.0811,46,0,19,app_store,0
12507,0.1238,32.84,60,0,0.6638,18,0,7,google_play,1
12508,0.1933,28.35,3,1,0.2191,64,0,8,referral,1
12509,0.1945,19.4,86,0,0.0911,24,0,47,referral,0
12510,0.0744,91.74,9,0,0.3384,34,0,39,app_store,0
12511,0.1563,11.87,88,2,0.0413,60,0,30,app_store,1
12512,0.206,27.31,30,1,0.1159,62,0,36,referral,0
12513,0.2002,22.98,41,0,0.3755,37,0,3,app_store,0
12514,0.008,30.42,65,0,0.0672,51,0,12,website,0
12515,0.359,25.35,15,1,0.1008,33,0,40,website,1
12516,0.2046,52.24,13,0,0.0768,23,0,15,website,0
12517,0.3156,30.53,60,1,0.0406,42,0,18,google_play,0
12518,0.3044,15.56,45,1,0.0773,47,0,29,app_store,0
12519,0.0203,11.96,72,0,0.3265,53,0,2,app_store,1
12520,0.4253,14.32,42,0,0.3045,50,0,37,referral,0
12521,0.3056,13.88,50,0,0.072,50,1,20,app_store,0
12522,0.1921,39.45,29,1,0.116,60,0,27,app_store,0
12523,0.2848,23.15,31,1,0.1614,26,0,4,app_store,1
12524,0.2279,32.36,88,0,0.1288,37,0,5,google_play,1
12525,0.3508,9.35,30,0,0.3819,18,0,28,website,0
12526,0.1158,19.67,79,1,0.2924,20,0,20,app_store,1
12527,0.3639,34.4,39,0,0.1695,52,0,14,google_play,0
12528,0.3607,50.81,55,2,0.1759,33,1,11,app_store,0
12529,0.4643,8.67,18,0,0.0271,41,0,14,google_play,0
12530,0.3622,73.52,29,0,0.3649,36,0,15,google_play,0
12531,0.082,67.27,38,3,0.3933,23,0,22,app_store,1
12532,0.6407,50.02,68,0,0.0464,44,0,32,app_store,0
12533,0.0253,59.49,74,0,0.2125,20,0,40,referral,1
12534,0.159,18.82,49,0,0.1673,69,0,10,referral,1
12535,0.7083,14.04,49,0,0.0509,46,0,10,google_play,0
12536,0.4103,26.03,3,1,0.1436,60,0,39,google_play,1
12537,0.3083,30.29,22,1,0.4329,46,0,46,google_play,0
12538,0.0948,15.84,80,0,0.1098,41,0,41,google_play,0
12539,0.4999,37.06,62,1,0.0374,35,0,6,website,1
12540,0.2235,65.8,76,1,0.0771,28,0,17,referral,0
12541,0.4638,45.91,31,0,0.4891,59,0,13,app_store,0
12542,0.4243,25.36,60,0,0.1804,31,0,14,referral,0
12543,0.3451,4.44,16,0,0.1686,29,0,40,app_store,0
12544,0.6661,8.37,64,0,0.0649,23,0,5,google_play,0
12545,0.3752,22.97,4,1,0.0622,19,0,46,google_play,0
12546,0.2935,38.45,89,1,0.3446,37,0,35,app_store,1
12547,0.2826,9.07,78,2,0.1922,23,0,13,website,1
12548,0.5232,26.24,58,1,0.0272,51,0,2,referral,0
12549,0.3759,40.36,50,0,0.2353,20,0,28,app_store,1
12550,0.2971,23.44,70,2,0.1767,43,0,20,google_play,1
12551,0.3342,15.88,2,0,0.2867,26,0,25,website,0
12552,0.2026,8.69,17,1,0.3532,23,0,42,app_store,1
12553,0.3804,42.13,44,1,0.0471,60,0,41,app_store,0
12554,0.2682,15.52,9,0,0.239,42,0,40,app_store,1
12555,0.2951,77.67,25,0,0.0829,36,1,8,app_store,0
12556,0.3507,27.77,50,0,0.0874,66,0,39,referral,0
12557,0.347,31.77,23,0,0.1128,28,1,35,google_play,0
12558,0.3205,43.94,35,1,0.2195,20,0,22,google_play,0
12559,0.4833,19.01,83,1,0.1256,67,0,21,app_store,0
12560,0.3126,34.09,63,0,0.0723,35,1,47,referral,0
12561,0.2154,15.61,86,1,0.0359,45,0,44,google_play,0
12562,0.2495,14.01,21,1,0.0221,32,0,36,google_play,0
12563,0.1941,12.96,66,0,0.1348,56,0,8,google_play,0
12564,0.2866,17.42,82,1,0.0028,67,0,3,app_store,0
12565,0.1898,103.64,22,0,0.0457,38,0,6,referral,0
12566,0.5137,13.03,9,0,0.023,22,0,29,website,0
12567,0.0257,37.7,8,0,0.0976,27,0,39,website,1
12568,0.0882,20.93,87,1,0.1755,47,1,29,website,0
12569,0.2999,11.08,4,3,0.2167,52,0,28,website,1
12570,0.1905,42.69,39,1,0.026,33,0,40,google_play,0
12571,0.295,17.25,4,1,0.1127,59,0,41,website,1
12572,0.2418,17.95,25,3,0.064,51,0,28,referral,1
12573,0.1021,52.36,87,2,0.0151,30,0,4,referral,1
12574,0.2077,20.42,14,1,0.3386,40,0,33,google_play,1
12575,0.1712,28.7,15,3,0.065,50,0,5,website,0
12576,0.1393,24.06,2,0,0.15,18,0,9,website,0
12577,0.195,22.97,65,0,0.0828,43,0,22,google_play,0
12578,0.3978,9.74,18,1,0.7232,37,0,7,app_store,0
12579,0.1486,44.73,28,0,0.2707,50,0,28,website,0
12580,0.2769,28.66,67,0,0.0983,68,0,30,app_store,0
12581,0.2168,43.36,68,1,0.1019,18,0,33,referral,0
12582,0.3874,26.6,43,1,0.062,65,0,27,google_play,0
12583,0.3405,51.38,73,0,0.3544,43,0,33,website,1
12584,0.3484,27.28,52,4,0.2241,19,1,12,referral,1
12585,0.2927,64.11,23,0,0.103,44,0,19,google_play,0
12586,0.4095,13.02,19,1,0.0578,56,0,24,google_play,0
12587,0.3692,14.11,30,1,0.0761,37,0,44,google_play,0
12588,0.3733,85.71,1,2,0.6483,29,1,12,app_store,1
12589,0.513,43.77,44,0,0.3576,18,0,44,website,0
12590,0.2141,90.55,10,0,0.2774,69,0,43,google_play,0
12591,0.4365,37.68,4,1,0.2052,41,0,18,app_store,1
12592,0.5147,20.19,17,0,0.0914,54,1,31,website,0
12593,0.16,90.66,2,1,0.3057,25,0,22,google_play,0
12594,0.4257,6.87,13,1,0.2392,31,0,40,google_play,1
12595,0.075,42.95,73,0,0.0427,50,0,7,app_store,1
12596,0.1906,4.15,82,2,0.0661,46,0,9,google_play,0
12597,0.3882,70.41,41,1,0.0101,34,0,28,app_store,0
12598,0.2726,11.95,47,1,0.0371,50,0,43,website,0
12599,0.4603,19.8,44,0,0.3492,34,0,32,referral,0
12600,0.4624,12.47,54,0,0.1775,69,0,15,app_store,1
12601,0.2272,37.13,54,1,0.1172,60,0,20,google_play,0
12602,0.4134,21.56,27,0,0.3082,18,0,16,website,0
12603,0.5968,64.55,29,0,0.2365,40,0,15,google_play,0
12604,0.2009,15.47,62,0,0.4933,63,0,36,website,1
12605,0.2609,10.73,68,0,0.6766,26,0,30,website,1
12606,0.2494,17.64,19,0,0.3181,49,0,24,referral,0
12607,0.4158,77.21,2,0,0.0939,24,1,27,website,0
12608,0.652,50.91,0,1,0.206,47,0,36,google_play,0
12609,0.3171,55.13,11,0,0.1307,52,0,14,app_store,0
12610,0.5782,16.68,34,0,0.3202,56,0,9,app_store,1
12611,0.3082,9.74,83,1,0.1621,42,0,13,referral,0
12612,0.1969,66.36,53,0,0.2343,55,0,37,website,1
12613,0.1042,9.35,78,0,0.0317,67,1,29,google_play,0
12614,0.3985,24.64,80,0,0.0424,19,0,33,google_play,0
12615,0.4518,15.4,6,1,0.2259,49,0,19,google_play,1
12616,0.5408,25.86,13,2,0.0086,18,0,23,google_play,0
12617,0.3163,7.42,49,0,0.5723,53,0,9,website,1
12618,0.4831,44.5,82,1,0.0195,55,0,18,website,1
12619,0.181,64.03,65,0,0.323,56,0,1,website,1
12620,0.1679,50.97,39,0,0.0391,33,0,23,app_store,0
12621,0.1265,11.26,23,0,0.1868,39,0,19,website,0
12622,0.1242,33.25,24,1,0.1878,60,0,22,google_play,0
12623,0.3887,21.76,1,2,0.2152,31,0,3,website,1
12624,0.0494,24.52,55,1,0.3083,53,0,25,app_store,1
12625,0.2575,78.38,59,1,0.0618,49,0,13,google_play,0
12626,0.4645,18.09,46,0,0.1859,62,0,36,referral,0
12627,0.3889,39.47,69,1,0.1588,62,1,39,google_play,0
12628,0.376,7.23,65,1,0.4727,67,1,37,app_store,0
12629,0.1241,25.8,65,0,0.2175,67,0,26,referral,1
12630,0.4826,47.07,5,0,0.0393,59,0,13,website,0
12631,0.1438,22.08,15,2,0.2997,22,0,29,google_play,1
12632,0.2032,37.73,78,0,0.5743,63,1,12,app_store,1
12633,0.3417,13.91,51,1,0.2626,31,1,22,google_play,1
12634,0.0375,17.7,11,0,0.1846,51,1,27,google_play,1
12635,0.1965,22.33,20,0,0.0459,65,0,1,google_play,0
12636,0.0028,16.78,84,0,0.4154,36,0,4,google_play,1
12637,0.2839,46.01,55,0,0.2598,59,0,10,referral,1
12638,0.5018,52.73,40,0,0.211,47,0,45,referral,0
12639,0.5802,38.6,43,1,0.2143,45,1,46,app_store,0
12640,0.141,4.17,52,1,0.4388,22,0,23,app_store,1
12641,0.2033,19.64,51,1,0.0437,44,0,15,google_play,1
12642,0.1629,44.23,52,2,0.129,41,1,12,app_store,1
12643,0.2562,21.88,28,0,0.138,50,0,10,app_store,1
12644,0.3223,20.99,5,1,0.0337,19,0,32,app_store,0
12645,0.1667,47.21,47,0,0.1374,21,0,36,google_play,1
12646,0.3066,48.94,51,0,0.5384,23,0,12,referral,1
12647,0.0287,37.3,46,0,0.0546,44,0,3,app_store,0
12648,0.6387,8.65,87,0,0.1571,31,0,27,app_store,0
12649,0.1284,11.21,15,0,0.1795,46,0,34,website,0
12650,0.1682,32.31,67,2,0.0547,42,0,13,google_play,1
12651,0.6612,5.72,1,0,0.0608,36,0,2,website,0
12652,0.1834,77.31,29,0,0.1232,45,0,19,app_store,0
12653,0.1567,26.99,59,1,0.1053,47,0,40,app_store,1
12654,0.4153,14.99,44,2,0.3661,41,0,19,app_store,0
12655,0.4419,16.91,21,0,0.1778,22,0,41,website,1
12656,0.291,57.11,43,1,0.0668,46,0,37,referral,0
12657,0.3309,10.16,47,0,0.8715,22,0,20,referral,1
12658,0.171,6.38,9,0,0.2428,65,0,9,referral,0
12659,0.248,12.24,1,1,0.0302,41,0,34,google_play,1
12660,0.2597,30.17,20,0,0.1244,20,0,17,website,0
12661,0.487,75.3,24,2,0.1634,57,0,12,referral,0
12662,0.4266,57.52,47,0,0.337,54,0,35,app_store,0
12663,0.0655,18.08,3,0,0.0998,40,0,33,app_store,0
12664,0.1667,29.91,34,1,0.0081,59,0,16,google_play,0
12665,0.1875,31.3,26,2,0.0835,30,0,10,website,0
12666,0.4931,28.65,55,1,0.0116,41,0,29,app_store,0
12667,0.4135,6.18,65,0,0.14,50,1,42,google_play,0
12668,0.3559,19.69,66,0,0.0337,69,1,15,referral,0
12669,0.2021,42.65,56,2,0.1328,58,0,33,website,1
12670,0.4141,90.56,45,0,0.1634,52,0,38,referral,0
12671,0.2825,32.41,14,0,0.1989,38,0,31,app_store,0
12672,0.2838,52.72,55,0,0.4138,69,0,26,app_store,1
12673,0.3326,45.51,10,1,0.4119,34,0,24,referral,0
12674,0.1715,18.8,38,0,0.0751,36,0,18,google_play,0
12675,0.2195,9.63,10,0,0.4161,29,0,43,website,0
12676,0.2418,54.17,24,1,0.5662,65,0,21,app_store,0
12677,0.2345,89.72,76,1,0.2214,44,0,19,google_play,1
12678,0.4436,18.25,0,1,0.2274,55,0,19,app_store,1
12679,0.1477,56.49,25,1,0.2683,63,0,29,app_store,0
12680,0.4332,27.26,7,2,0.1959,48,0,1,referral,0
12681,0.7047,9.34,89,1,0.1769,20,0,27,google_play,0
12682,0.2178,25.35,78,2,0.0218,20,0,14,google_play,1
12683,0.106,16.48,49,0,0.1117,18,0,30,website,0
12684,0.1662,33.45,15,0,0.191,45,0,5,website,0
12685,0.3428,32.45,89,0,0.2854,19,0,24,website,1
12686,0.1908,15.62,7,1,0.0597,36,0,21,app_store,0
12687,0.1517,9.82,21,0,0.1805,66,0,8,website,0
12688,0.1175,17.8,50,0,0.1399,57,0,28,google_play,0
12689,0.633,72.59,85,0,0.0496,32,0,13,google_play,0
12690,0.3188,10.79,13,1,0.4519,55,0,13,google_play,0
12691,0.4824,40.74,83,1,0.0727,24,0,16,website,0
12692,0.5683,37.3,19,0,0.4705,56,0,4,website,0
12693,0.1257,16.67,15,1,0.4872,33,0,25,app_store,0
12694,0.0787,13.6,87,0,0.2461,29,0,16,google_play,1
12695,0.3315,37.18,88,0,0.0845,18,0,8,google_play,1
12696,0.2451,24.06,11,1,0.1593,46,0,39,referral,0
12697,0.193,17.25,31,2,0.2384,28,0,3,website,1
12698,0.142,34.13,35,0,0.3691,57,0,30,app_store,0
12699,0.3188,76.57,13,0,0.0481,34,0,14,website,0
12700,0.0765,58.43,83,0,0.0915,36,0,25,google_play,1
12701,0.3088,26.84,32,0,0.0519,22,0,38,referral,0
12702,0.1852,2.3,72,1,0.0938,54,1,18,website,0
12703,0.3756,20.76,7,1,0.0817,42,0,35,app_store,0
12704,0.3702,12.15,34,0,0.0464,34,1,1,website,0
12705,0.187,21.28,53,0,0.4503,22,0,19,app_store,0
12706,0.3192,19.21,17,0,0.4443,58,0,26,google_play,0
12707,0.3139,19.67,53,2,0.2708,50,1,5,app_store,1
12708,0.3463,52.12,38,0,0.1595,57,1,11,website,0
12709,0.4679,20.92,29,1,0.3956,33,0,46,website,0
12710,0.3102,20.29,35,0,0.1197,64,0,46,app_store,0
12711,0.209,34.25,28,0,0.1234,58,1,33,app_store,0
12712,0.5389,11.7,25,1,0.2263,37,0,17,app_store,1
12713,0.3604,19.37,3,0,0.1149,18,0,25,referral,0
12714,0.2857,9.4,49,0,0.2152,68,0,14,google_play,1
12715,0.2912,37.94,59,1,0.1175,32,0,16,app_store,1
12716,0.3828,28.85,84,0,0.061,47,1,18,referral,0
12717,0.3377,104.38,22,1,0.3038,38,1,41,app_store,0
12718,0.2997,7.82,39,0,0.1184,29,0,6,referral,0
12719,0.2145,48.38,42,2,0.3542,32,0,15,app_store,1
12720,0.525,7.19,58,0,0.0756,34,0,35,referral,0
12721,0.2806,12.22,45,0,0.3259,40,0,43,website,1
12722,0.2308,5.46,41,0,0.1251,58,0,3,app_store,0
12723,0.3594,25.75,70,0,0.2115,27,0,31,website,1
12724,0.0636,29.69,12,1,0.1351,57,0,9,google_play,1
12725,0.2704,19.58,56,2,0.1574,25,0,11,app_store,1
12726,0.3509,5.31,17,0,0.5152,39,1,4,app_store,0
12727,0.086,16.9,87,0,0.0295,67,0,23,google_play,1
12728,0.429,26.85,61,1,0.4672,28,0,20,referral,1
12729,0.3034,12.93,56,0,0.2516,29,0,4,website,0
12730,0.1051,24.05,78,1,0.3878,64,0,34,google_play,1
12731,0.1143,52.27,32,0,0.053,60,0,37,google_play,0
12732,0.1169,16.42,8,2,0.1807,35,0,28,google_play,1
12733,0.4629,11.46,78,1,0.1378,31,0,10,google_play,1
12734,0.1241,23.18,83,0,0.254,34,0,21,website,1
12735,0.3587,87.43,46,0,0.2904,24,0,15,google_play,1
12736,0.3332,34.94,40,2,0.1209,49,0,27,app_store,1
12737,0.1318,8.53,16,1,0.126,61,1,9,google_play,0
12738,0.4477,63.38,21,2,0.7307,46,0,23,app_store,1
12739,0.238,18.36,50,2,0.479,50,0,3,website,1
12740,0.5879,20.83,15,0,0.2068,65,0,12,google_play,0
12741,0.28,9.95,11,0,0.958,33,0,21,website,1
12742,0.3373,27.22,24,1,0.2456,53,0,10,website,1
12743,0.2503,6.25,31,1,0.232,30,1,44,website,0
12744,0.4901,11.15,21,0,0.1089,69,0,24,app_store,0
12745,0.047,37.55,2,1,0.0803,43,0,24,app_store,1
12746,0.2585,26.81,29,0,0.2621,34,0,26,app_store,0
12747,0.4599,14.47,7,0,0.3366,45,0,31,google_play,0
12748,0.1386,21.42,67,0,0.0376,68,0,27,website,0
12749,0.4018,39.97,19,1,0.1695,54,0,2,referral,0
12750,0.4973,32.07,2,0,0.0825,19,0,5,app_store,0
12751,0.5104,39.0,55,0,0.3217,50,0,26,app_store,1
12752,0.0239,10.68,34,0,0.0619,41,0,14,website,0
12753,0.1508,14.95,44,0,0.2255,28,0,38,website,0
12754,0.0905,95.09,55,0,0.1171,60,0,22,referral,0
12755,0.1101,18.58,38,0,0.4063,52,0,44,app_store,1
12756,0.2055,17.78,9,1,0.1799,19,0,35,app_store,0
12757,0.1103,26.73,51,1,0.5144,47,0,28,google_play,1
12758,0.376,28.63,50,3,0.1079,68,0,36,website,1
12759,0.4527,12.2,17,0,0.1878,49,1,8,website,0
12760,0.3884,4.3,67,0,0.015,26,1,35,app_store,0
12761,0.2257,19.59,61,0,0.2688,40,0,36,google_play,0
12762,0.2718,24.2,60,0,0.0626,53,1,47,referral,0
12763,0.4581,7.11,48,0,0.1534,35,0,47,referral,0
12764,0.2905,29.57,57,1,0.1338,64,0,42,google_play,0
12765,0.2307,31.03,12,3,0.4019,37,0,29,website,0
12766,0.1346,48.47,10,1,0.0504,57,1,45,app_store,0
12767,0.308,11.38,49,0,0.0938,46,0,31,google_play,0
12768,0.2629,31.73,68,0,0.1103,32,1,15,website,0
12769,0.155,36.1,10,2,0.1409,49,0,19,referral,1
12770,0.1906,69.02,55,1,0.2048,62,0,47,google_play,1
12771,0.6421,44.54,60,1,0.3343,65,0,2,google_play,1
12772,0.2556,51.38,89,0,0.2674,43,0,6,app_store,1
12773,0.3425,27.29,20,1,0.112,30,0,7,google_play,1
12774,0.1118,17.88,70,0,0.118,20,1,5,website,1
12775,0.1356,59.67,4,0,0.1415,64,1,45,google_play,0
12776,0.365,10.09,69,1,0.1246,24,0,19,website,0
12777,0.1765,71.37,16,0,0.12,26,0,21,app_store,0
12778,0.2556,42.7,41,2,0.0722,48,0,35,google_play,0
12779,0.0048,19.39,43,1,0.2764,57,0,24,app_store,1
12780,0.4382,8.06,85,1,0.1447,48,1,31,app_store,0
12781,0.1527,23.35,64,1,0.1039,35,1,22,google_play,0
12782,0.383,15.73,44,1,0.3508,64,0,3,website,0
12783,0.0644,8.1,33,1,0.0728,67,0,9,google_play,1
12784,0.2042,16.44,88,0,0.2625,41,0,45,google_play,1
12785,0.153,46.16,32,0,0.1103,23,0,23,google_play,0
12786,0.1729,24.36,75,1,0.0925,26,0,4,website,1
12787,0.2527,20.72,39,0,0.1617,41,0,13,app_store,0
12788,0.1373,8.18,17,0,0.1395,24,0,37,referral,0
12789,0.074,21.59,77,0,0.0729,48,0,27,google_play,0
12790,0.5188,73.82,8,0,0.4413,51,0,4,app_store,0
12791,0.1653,25.19,72,0,0.25,42,0,43,referral,1
12792,0.4009,19.05,71,1,0.059,22,1,44,website,0
12793,0.2302,41.41,83,0,0.0215,39,0,45,website,0
12794,0.3029,59.49,89,0,0.1554,32,0,32,google_play,0
12795,0.1296,64.48,70,1,0.1038,37,0,35,referral,0
12796,0.7212,31.22,3,0,0.0969,64,0,44,google_play,0
12797,0.1741,7.77,40,0,0.2947,68,0,45,google_play,0
12798,0.2523,49.13,74,2,0.1741,44,0,36,referral,0
12799,0.3331,18.64,51,2,0.2107,25,0,32,google_play,1
12800,0.2899,16.97,45,3,0.1718,30,1,2,website,1
12801,0.3777,12.41,49,0,0.11,39,0,19,app_store,0
12802,0.0232,35.86,20,2,0.1697,67,0,29,website,1
12803,0.3641,47.94,88,1,0.1305,56,0,44,referral,0
12804,0.3855,15.37,15,0,0.395,49,1,7,referral,1
12805,0.2507,38.47,66,0,0.3819,59,0,44,google_play,1
12806,0.3023,52.96,6,2,0.0829,45,0,31,website,1
12807,0.1963,31.7,48,1,0.0416,57,0,22,app_store,0
12808,0.1151,24.54,88,1,0.273,40,0,11,google_play,1
12809,0.3716,22.05,58,1,0.1412,69,0,37,website,0
12810,0.4566,15.5,73,0,0.2179,33,0,20,app_store,0
12811,0.1967,41.8,86,0,0.2185,48,1,30,website,1
12812,0.3288,54.47,52,0,0.5128,40,0,5,website,1
12813,0.1982,26.9,17,1,0.2987,41,0,14,app_store,1
12814,0.2844,17.97,61,0,0.0968,65,0,12,website,0
12815,0.4611,34.61,84,1,0.1106,21,1,43,referral,0
12816,0.1443,13.04,63,0,0.0383,45,0,12,website,1
12817,0.2049,59.16,31,1,0.1933,22,0,10,website,0
12818,0.4874,54.54,17,0,0.1655,33,0,4,app_store,0
12819,0.1946,34.74,31,2,0.2748,23,0,46,google_play,0
12820,0.1655,18.18,67,1,0.129,69,0,25,app_store,0
12821,0.1586,21.45,20,2,0.1678,39,0,16,google_play,1
12822,0.563,7.26,22,1,0.0832,25,1,38,google_play,0
12823,0.2903,14.35,31,1,0.0469,62,0,15,app_store,0
12824,0.2012,41.03,24,0,0.1688,39,0,46,app_store,0
12825,0.0714,14.28,45,0,0.3777,51,1,20,referral,0
12826,0.2498,130.44,60,0,0.1036,27,0,30,referral,1
12827,0.4386,17.33,15,1,0.0446,41,0,29,google_play,0
12828,0.1105,12.81,73,0,0.0997,28,0,3,app_store,0
12829,0.4116,31.06,15,1,0.316,46,0,5,google_play,1
12830,0.3481,32.05,64,0,0.0358,32,0,9,website,0
12831,0.0607,63.79,25,0,0.1435,39,1,19,app_store,0
12832,0.1496,20.5,53,0,0.053,26,0,1,website,1
12833,0.5145,13.17,0,1,0.0455,52,0,6,google_play,0
12834,0.2355,16.31,15,2,0.014,63,1,28,app_store,1
12835,0.0828,56.96,58,1,0.28,26,0,46,website,1
12836,0.0965,77.38,12,2,0.2997,48,0,22,app_store,1
12837,0.4545,16.16,18,2,0.188,46,0,22,website,1
12838,0.6913,22.09,68,0,0.2892,62,0,14,website,1
12839,0.1525,64.59,78,0,0.2847,68,0,40,website,1
12840,0.0549,41.05,72,0,0.1466,64,0,22,website,1
12841,0.3196,16.25,34,0,0.0914,18,0,24,app_store,0
12842,0.1222,10.69,51,1,0.1454,57,0,45,google_play,0
12843,0.3425,15.28,40,0,0.1747,25,0,29,website,0
12844,0.2634,43.65,11,0,0.1861,45,0,47,website,0
12845,0.073,8.47,83,0,0.237,36,0,15,website,1
12846,0.2059,27.76,69,1,0.1375,35,1,24,app_store,0
12847,0.2062,18.64,2,0,0.1448,22,1,29,app_store,1
12848,0.2354,14.42,0,1,0.3015,49,0,15,website,1
12849,0.1999,17.12,63,1,0.1925,50,0,38,google_play,0
12850,0.302,44.42,29,3,0.2457,47,0,40,app_store,1
12851,0.3435,34.95,45,0,0.0898,65,0,13,website,0
12852,0.4579,49.68,41,1,0.271,49,0,37,app_store,0
12853,0.3575,13.62,57,0,0.038,25,0,40,app_store,1
12854,0.4188,7.43,74,1,0.3212,55,0,23,app_store,1
12855,0.1843,27.38,87,1,0.1376,30,0,14,referral,0
12856,0.0752,23.85,21,0,0.5487,61,0,24,referral,1
12857,0.6257,17.08,11,1,0.0297,68,1,1,app_store,0
12858,0.2292,6.02,25,0,0.0922,58,0,46,referral,1
12859,0.104,43.99,60,0,0.2457,23,0,46,google_play,1
12860,0.1272,3.05,26,1,0.0781,20,0,45,app_store,1
12861,0.1074,39.6,63,1,0.1322,47,0,44,google_play,0
12862,0.2667,38.35,18,0,0.1744,29,1,8,app_store,0
12863,0.2118,36.71,40,0,0.1454,59,0,26,google_play,0
12864,0.4224,22.97,9,0,0.0192,37,0,31,google_play,0
12865,0.4726,4.89,16,0,0.5377,64,0,36,website,0
12866,0.3475,7.81,87,0,0.1375,18,1,7,referral,0
12867,0.4801,13.4,15,1,0.472,67,0,32,google_play,0
12868,0.3721,87.68,38,0,0.2578,31,0,45,google_play,0
12869,0.2468,46.91,37,0,0.1889,39,1,24,google_play,0
12870,0.1372,21.16,62,1,0.4816,21,0,40,website,1
12871,0.2665,15.64,60,0,0.1104,58,0,15,app_store,0
12872,0.329,26.37,45,0,0.0342,66,1,46,website,0
12873,0.3805,43.46,49,0,0.0944,45,0,45,google_play,0
12874,0.0928,29.66,70,0,0.1466,52,0,39,google_play,1
12875,0.1871,9.08,9,1,0.1711,46,1,25,website,0
12876,0.2149,65.62,18,0,0.0586,24,0,42,google_play,0
12877,0.3127,33.66,4,0,0.1292,67,0,21,app_store,0
12878,0.186,16.86,27,0,0.1684,61,0,12,website,0
12879,0.5159,30.76,33,1,0.3847,58,1,29,google_play,1
12880,0.2734,56.22,10,0,0.4571,39,0,38,website,0
12881,0.3951,31.48,10,1,0.0195,19,0,41,website,0
12882,0.5245,32.73,42,1,0.2181,51,0,41,google_play,0
12883,0.6161,70.31,12,0,0.2014,40,0,24,google_play,0
12884,0.4821,15.54,65,0,0.5265,36,0,7,google_play,1
12885,0.1642,12.31,61,2,0.2682,56,0,6,app_store,1
12886,0.3894,17.66,51,2,0.1211,46,0,43,app_store,0
12887,0.4627,44.25,42,1,0.3556,32,0,22,google_play,0
12888,0.4532,47.97,79,1,0.0881,19,0,22,website,0
12889,0.2654,27.47,58,0,0.2059,56,0,8,google_play,1
12890,0.2676,13.56,80,1,0.0634,31,0,36,website,0
12891,0.3158,85.29,31,0,0.0925,39,0,13,google_play,0
12892,0.2647,10.88,47,0,0.2786,25,1,29,referral,0
12893,0.8778,17.8,8,1,0.3307,45,0,28,referral,0
12894,0.1255,14.98,43,0,0.0686,55,0,25,google_play,1
12895,0.2688,51.57,5,1,0.2638,65,1,27,google_play,0
12896,0.209,21.67,33,1,0.2119,44,0,31,website,0
12897,0.2767,77.61,1,0,0.0539,62,0,45,referral,0
12898,0.1921,42.97,21,1,0.1943,64,0,33,google_play,0
12899,0.3507,12.79,77,1,0.125,51,0,32,website,0
12900,0.107,19.65,64,0,0.0415,43,1,27,referral,1
12901,0.3663,16.88,86,0,0.1565,47,1,16,google_play,0
12902,0.1833,64.63,86,0,0.3849,41,0,13,google_play,1
12903,0.5202,44.36,13,0,0.3202,57,0,12,google_play,0
12904,0.1199,8.08,16,1,0.2727,69,0,24,website,1
12905,0.1888,35.43,85,2,0.1275,52,0,5,app_store,0
12906,0.2543,23.48,72,4,0.2332,20,1,24,app_store,1
12907,0.6644,10.05,23,1,0.2156,56,0,21,website,0
12908,0.3228,13.75,27,0,0.2842,33,0,46,referral,0
12909,0.5815,21.09,58,1,0.127,63,1,28,google_play,0
12910,0.4066,5.21,49,0,0.5656,48,1,16,google_play,1
12911,0.2972,28.64,34,1,0.0885,24,0,36,google_play,1
12912,0.1646,26.04,30,1,0.0944,18,0,30,referral,1
12913,0.2276,20.53,55,0,0.1707,45,1,1,website,0
12914,0.3242,25.16,82,1,0.1219,40,0,7,google_play,0
12915,0.2705,20.94,75,0,0.512,32,0,41,google_play,1
12916,0.2692,11.17,67,1,0.414,36,0,20,google_play,1
12917,0.4312,15.67,77,0,0.1932,38,0,18,google_play,0
12918,0.2664,14.24,5,1,0.1204,50,0,1,website,0
12919,0.1404,38.12,78,0,0.0263,60,0,35,referral,0
12920,0.176,11.64,35,1,0.1692,40,0,43,google_play,0
12921,0.3228,16.66,23,0,0.1634,40,0,22,app_store,0
12922,0.0576,24.99,77,1,0.1245,67,0,24,app_store,0
12923,0.4143,8.44,69,0,0.2213,56,0,18,referral,1
12924,0.0549,17.83,7,0,0.0904,44,0,33,referral,0
12925,0.3997,24.93,31,0,0.4694,69,0,46,app_store,0
12926,0.1213,27.33,60,1,0.228,52,0,45,app_store,0
12927,0.5113,31.08,16,0,0.2032,39,0,44,app_store,0
12928,0.3842,14.28,15,0,0.009,18,0,6,website,1
12929,0.1475,11.32,27,0,0.1052,65,0,30,app_store,0
12930,0.5063,17.54,28,0,0.0529,56,1,13,google_play,0
12931,0.4658,27.88,31,0,0.2754,60,0,44,app_store,1
12932,0.7473,19.86,71,1,0.5942,52,0,28,website,1
12933,0.178,11.14,50,0,0.069,69,0,1,website,1
12934,0.2261,114.73,40,1,1.0,56,0,29,website,1
12935,0.3215,14.0,55,1,0.081,69,0,24,website,1
12936,0.058,9.62,87,0,0.1126,31,1,13,google_play,1
12937,0.3655,14.98,35,0,0.0453,32,0,45,referral,0
12938,0.227,44.89,42,0,0.1085,44,0,34,google_play,0
12939,0.5508,36.55,74,1,0.2376,18,1,26,app_store,1
12940,0.3155,85.54,18,1,0.0783,23,0,15,website,1
12941,0.0972,12.08,4,2,0.0438,41,0,39,referral,0
12942,0.4051,19.85,54,0,0.7466,53,1,4,referral,1
12943,0.0466,49.85,78,1,0.2212,25,0,2,referral,1
12944,0.2568,11.77,55,2,0.2421,40,0,12,google_play,1
12945,0.1326,55.24,65,1,0.0632,50,0,19,referral,0
12946,0.3078,25.14,15,0,0.2474,42,0,12,referral,1
12947,0.1572,14.03,32,1,0.2199,44,0,22,app_store,1
12948,0.6169,7.38,28,0,0.4945,24,0,18,app_store,1
12949,0.0661,35.36,55,2,0.113,31,0,22,app_store,1
12950,0.2682,68.95,23,0,0.2645,28,0,10,app_store,0
12951,0.2723,31.13,38,1,0.3075,67,0,18,website,0
12952,0.3482,32.38,12,2,0.1503,25,0,31,app_store,0
12953,0.2267,29.5,9,0,0.1664,32,0,17,app_store,0
12954,0.3839,46.79,27,0,0.2922,29,0,9,website,1
12955,0.2191,57.89,86,0,0.3263,38,0,3,referral,1
12956,0.3685,3.26,8,0,0.2534,22,0,32,website,0
12957,0.6621,19.61,31,2,0.0788,37,0,15,app_store,1
12958,0.4702,15.91,48,1,0.1092,66,0,45,website,0
12959,0.2107,28.0,75,0,0.0534,36,0,1,website,0
12960,0.112,18.59,3,0,0.0917,21,0,45,app_store,0
12961,0.8488,33.5,70,0,0.216,20,0,10,website,1
12962,0.401,30.99,65,0,0.0972,64,0,32,google_play,0
12963,0.1635,6.42,68,0,0.1945,41,0,13,referral,0
12964,0.4435,5.35,54,1,0.2217,34,0,25,app_store,1
12965,0.7071,41.65,3,1,0.0947,61,0,7,referral,1
12966,0.3625,13.71,1,1,0.1792,68,0,25,website,1
12967,0.218,81.7,75,0,0.0908,40,0,1,google_play,0
12968,0.2005,44.55,76,0,0.0218,38,0,42,website,1
12969,0.5863,7.02,43,0,0.2072,63,0,35,google_play,0
12970,0.1109,14.04,33,1,0.2209,68,1,19,google_play,1
12971,0.1722,29.01,78,1,0.2939,64,0,39,google_play,1
12972,0.4602,17.95,74,0,0.1858,24,0,9,app_store,0
12973,0.3498,21.73,35,0,0.1306,50,0,31,google_play,0
12974,0.4138,11.3,15,1,0.1331,44,0,29,referral,0
12975,0.3014,31.24,58,0,0.1504,40,0,27,google_play,0
12976,0.5235,24.87,78,0,0.288,68,0,22,website,0
12977,0.2283,41.64,27,2,0.2979,48,0,13,google_play,0
12978,0.2909,23.72,13,0,0.3038,65,0,8,website,0
12979,0.3555,15.8,65,2,0.6764,42,0,44,website,1
12980,0.2539,27.0,5,1,0.0857,59,1,33,referral,0
12981,0.3251,31.63,89,1,0.1441,45,0,30,app_store,0
12982,0.4485,24.57,34,3,0.2239,20,1,34,website,0
12983,0.2004,57.96,28,1,0.0363,54,0,34,app_store,0
12984,0.671,11.47,88,2,0.2325,68,0,14,app_store,1
12985,0.475,46.34,29,0,0.2225,42,0,4,app_store,0
12986,0.2865,10.45,17,1,0.0733,44,1,37,website,0
12987,0.604,38.75,67,1,0.3663,62,1,28,app_store,1
12988,0.7331,5.82,52,0,0.2935,69,1,34,referral,1
12989,0.1336,19.9,43,1,0.07,68,0,28,website,0
12990,0.5786,47.83,1,0,0.1487,66,0,4,google_play,0
12991,0.0515,18.35,25,0,0.2211,52,0,7,app_store,1
12992,0.2358,22.81,62,0,0.1492,24,0,21,referral,1
12993,0.2929,29.5,87,0,0.0571,63,1,22,website,0
12994,0.5239,4.78,3,1,0.2301,24,0,13,app_store,0
12995,0.0685,29.89,5,0,0.0473,27,0,7,app_store,1
12996,0.2759,12.43,4,0,0.1284,63,0,31,app_store,0
12997,0.5495,46.8,78,2,0.1081,36,0,5,app_store,1
12998,0.3051,22.49,49,1,0.1472,32,0,2,app_store,1
12999,0.0631,29.09,4,3,0.2234,54,0,18,referral,1
13000,0.2219,10.43,58,1,0.0713,60,0,13,referral,0
13001,0.5168,41.84,58,0,0.374,33,0,44,referral,0
13002,0.2677,23.37,13,3,0.1468,62,0,6,referral,1
13003,0.2524,8.28,31,0,0.1814,45,0,18,website,0
13004,0.4973,16.6,28,1,0.0211,32,0,4,website,1
13005,0.459,37.88,61,1,0.1383,66,1,45,google_play,0
13006,0.1575,26.0,44,0,0.1418,53,0,45,referral,0
13007,0.1846,38.87,59,0,0.1557,18,1,11,app_store,0
13008,0.1185,18.33,53,0,0.1306,20,0,34,app_store,0
13009,0.3803,55.15,25,1,0.191,64,0,20,app_store,0
13010,0.1865,63.36,2,0,0.2377,37,0,46,app_store,0
13011,0.0303,6.92,31,0,0.0307,28,0,17,website,0
13012,0.0339,35.67,42,1,0.0248,34,0,40,app_store,1
13013,0.4888,68.13,67,1,0.262,66,0,44,referral,1
13014,0.2932,33.01,72,1,0.0491,19,0,24,app_store,0
13015,0.158,22.94,1,2,0.0898,36,0,28,referral,1
13016,0.2616,9.34,83,1,0.2909,51,1,8,google_play,1
13017,0.4211,19.01,33,0,0.2273,68,0,19,app_store,1
13018,0.2308,16.53,73,0,0.1215,28,0,33,google_play,0
13019,0.4418,43.75,17,0,0.0561,50,1,34,google_play,0
13020,0.3793,47.44,78,0,0.1327,64,0,43,app_store,0
13021,0.3427,21.03,44,1,0.0329,53,0,31,website,0
13022,0.2535,12.15,59,2,0.0383,22,0,46,google_play,0
13023,0.1668,5.33,19,1,0.0624,68,1,42,app_store,1
13024,0.1825,35.67,82,0,0.4861,50,0,14,referral,1
13025,0.3362,33.61,62,1,0.0787,51,0,3,website,0
13026,0.6918,5.48,24,0,0.1848,55,0,27,website,0
13027,0.4289,34.0,71,0,0.1766,24,1,35,referral,1
13028,0.2892,43.5,17,0,0.0478,28,0,23,google_play,0
13029,0.4296,3.44,26,1,0.3639,30,0,23,referral,0
13030,0.3732,11.66,16,0,0.1212,66,0,35,app_store,0
13031,0.1063,134.8,50,0,0.2507,28,0,9,referral,1
13032,0.1509,24.93,68,1,0.4038,22,0,18,app_store,1
13033,0.0375,118.2,43,1,0.1575,49,0,7,website,1
13034,0.4571,28.08,59,0,0.0642,46,0,12,google_play,0
13035,0.211,52.06,21,1,0.3066,25,0,25,referral,0
13036,0.2465,19.46,70,1,0.1687,44,0,19,google_play,1
13037,0.1905,15.12,67,1,0.0271,37,0,36,website,1
13038,0.2301,7.89,81,1,0.1957,64,0,12,referral,0
13039,0.3066,35.3,26,0,0.0121,29,0,46,app_store,0
13040,0.2838,13.35,22,0,0.5274,53,0,7,app_store,1
13041,0.2311,12.38,53,1,0.0763,19,0,22,app_store,1
13042,0.2994,8.14,6,2,0.0428,23,0,36,referral,0
13043,0.1333,24.87,77,1,0.3692,38,1,38,referral,1
13044,0.0491,41.46,36,0,0.1039,40,1,39,app_store,1
13045,0.2397,20.61,59,1,0.5228,49,0,12,referral,1
13046,0.2004,19.39,22,0,0.5377,28,0,28,website,1
13047,0.1601,71.15,34,0,0.0681,41,1,7,website,0
13048,0.1528,7.88,45,1,0.4792,37,1,1,app_store,1
13049,0.1377,86.67,47,1,0.0916,59,0,34,referral,0
13050,0.2738,9.5,62,3,0.0284,60,1,43,app_store,0
13051,0.3788,22.49,79,0,0.045,60,0,33,referral,0
13052,0.4816,31.68,71,0,0.2217,48,0,41,google_play,1
13053,0.4194,48.6,57,1,0.1346,24,0,18,referral,0
13054,0.2383,7.99,3,1,0.0469,30,0,21,referral,0
13055,0.1663,27.5,49,1,0.4735,56,0,5,google_play,1
13056,0.1129,15.93,9,1,0.0471,58,0,26,google_play,1
13057,0.2679,49.15,36,2,0.1094,60,0,1,google_play,0
13058,0.2952,15.79,86,0,0.3429,23,1,41,referral,1
13059,0.3971,6.31,67,2,0.0414,42,0,19,app_store,0
13060,0.2243,31.66,18,1,0.0316,53,0,37,app_store,0
13061,0.4463,23.98,15,1,0.1984,31,0,3,google_play,0
13062,0.1319,84.93,24,0,0.1904,56,0,24,website,0
13063,0.3944,48.07,64,2,0.0761,63,0,20,google_play,0
13064,0.2055,13.25,28,0,0.1094,23,0,16,website,1
13065,0.3613,48.44,50,0,0.0901,38,0,10,google_play,0
13066,0.0927,26.24,45,1,0.0398,37,0,36,website,0
13067,0.5181,40.39,8,1,0.1658,29,0,35,google_play,0
13068,0.5843,14.43,58,3,0.0465,64,0,26,google_play,1
13069,0.3685,18.81,75,0,0.5252,51,0,13,referral,1
13070,0.3904,38.66,41,1,0.0955,56,0,44,app_store,1
13071,0.0778,40.89,51,0,0.2219,24,0,47,website,1
13072,0.4297,5.61,64,0,0.1132,60,0,17,google_play,0
13073,0.0846,36.78,55,0,0.0282,51,0,16,google_play,1
13074,0.1481,13.58,28,2,0.2804,57,0,34,referral,0
13075,0.3351,28.91,52,0,0.6871,31,0,33,app_store,1
13076,0.3944,7.71,49,1,0.6612,32,0,17,app_store,1
13077,0.4756,45.52,82,0,0.1533,24,0,4,website,1
13078,0.2007,39.37,83,0,0.1827,31,0,46,google_play,0
13079,0.096,13.77,49,0,0.175,44,1,19,app_store,0
13080,0.2105,32.5,81,3,0.0998,38,0,17,referral,1
13081,0.3023,23.91,68,4,0.3503,22,0,22,google_play,1
13082,0.1142,37.46,37,0,0.0629,26,0,44,google_play,0
13083,0.453,9.31,48,2,0.2282,27,0,6,website,1
13084,0.1392,10.5,54,1,0.31,37,0,5,google_play,1
13085,0.3515,14.7,72,0,0.2276,63,0,47,google_play,1
13086,0.5869,23.67,15,1,0.102,69,1,29,website,0
13087,0.3661,76.88,70,1,0.0025,62,0,5,app_store,0
13088,0.4232,27.68,84,0,0.1383,59,0,36,website,0
13089,0.1281,47.55,89,0,0.2797,21,0,33,referral,1
13090,0.2659,13.28,2,0,0.1113,50,0,1,google_play,1
13091,0.2267,16.43,53,0,0.0899,69,0,21,website,0
13092,0.6361,15.28,44,0,0.0915,42,1,5,app_store,0
13093,0.3463,21.35,32,1,0.1364,63,0,20,app_store,0
13094,0.2247,39.12,52,1,0.0157,48,1,23,website,0
13095,0.0765,19.4,81,2,0.2241,44,0,7,app_store,1
13096,0.4567,19.85,0,1,0.3237,40,0,44,app_store,0
13097,0.2106,36.84,58,0,0.1617,20,0,37,referral,0
13098,0.3434,17.21,21,0,0.0664,61,0,37,google_play,0
13099,0.5881,14.27,55,1,0.4175,46,0,18,google_play,1
13100,0.2332,19.4,68,0,0.0793,25,0,30,google_play,0
13101,0.3212,88.01,66,1,0.312,34,1,45,website,0
13102,0.4136,45.44,10,0,0.0827,41,0,11,app_store,0
13103,0.0717,92.61,45,2,0.1546,46,0,9,google_play,1
13104,0.0805,9.86,63,0,0.2308,25,0,29,google_play,1
13105,0.1403,32.24,64,1,0.125,68,0,47,app_store,0
13106,0.2986,18.9,35,0,0.3317,40,0,28,google_play,0
13107,0.1922,19.71,88,0,0.1539,46,0,38,website,0
13108,0.0648,8.34,20,0,0.2243,35,0,42,app_store,1
13109,0.3763,60.96,64,1,0.1948,32,0,38,google_play,0
13110,0.2922,7.88,20,0,0.1906,40,0,29,google_play,0
13111,0.3906,45.73,68,1,0.1003,60,0,8,website,0
13112,0.3567,18.62,32,1,0.0236,35,1,11,app_store,0
13113,0.1063,12.96,63,1,0.0885,43,0,2,referral,1
13114,0.162,12.57,8,0,0.6435,58,0,26,referral,0
13115,0.2745,25.41,57,0,0.0247,62,0,1,website,1
13116,0.3077,18.98,52,0,0.0922,68,0,3,google_play,1
13117,0.293,24.61,57,1,0.141,68,0,36,app_store,0
13118,0.0939,6.11,86,1,0.4867,22,0,34,app_store,1
13119,0.3176,5.78,88,0,0.1633,63,0,37,website,0
13120,0.1238,6.86,46,1,0.0738,27,0,5,website,0
13121,0.3528,43.02,59,1,0.1661,30,0,47,app_store,0
13122,0.2536,67.61,9,0,0.1747,67,0,5,referral,1
13123,0.1107,20.4,4,1,0.2294,27,0,7,google_play,1
13124,0.1197,41.3,33,0,0.2349,50,1,12,google_play,1
13125,0.3807,31.27,19,0,0.2522,64,0,32,google_play,0
13126,0.4402,55.6,47,0,0.0254,69,0,2,website,1
13127,0.242,57.04,24,1,0.2041,58,0,18,app_store,1
13128,0.2984,10.33,36,2,0.6617,46,0,41,website,0
13129,0.1583,28.07,61,0,0.1638,22,0,16,website,0
13130,0.3224,44.69,37,1,0.2648,55,0,41,app_store,0
13131,0.7245,44.81,14,1,0.1642,33,0,22,website,0
13132,0.3439,41.96,43,0,0.0518,32,0,11,referral,0
13133,0.4651,23.98,80,1,0.3771,61,0,26,app_store,1
13134,0.0958,39.39,70,0,0.0218,40,0,41,website,0
13135,0.274,9.08,15,0,0.2059,64,0,31,website,0
13136,0.1146,9.39,73,0,0.021,65,0,24,website,0
13137,0.0698,70.53,75,0,0.841,59,0,27,website,1
13138,0.1587,52.56,59,1,0.0617,39,0,29,app_store,1
13139,0.5038,74.28,82,0,0.1789,56,1,36,website,0
13140,0.209,22.03,51,0,0.3447,43,0,13,website,1
13141,0.1754,12.37,89,0,0.1072,39,0,7,google_play,0
13142,0.2298,21.52,10,0,0.1629,43,1,35,google_play,0
13143,0.2681,95.26,1,0,0.3341,22,0,37,app_store,1
13144,0.1971,13.64,37,2,0.3578,64,0,32,google_play,1
13145,0.2635,21.73,43,0,0.1671,34,0,8,app_store,0
13146,0.5301,57.54,51,1,0.0326,44,0,44,website,0
13147,0.3846,25.95,71,0,0.3315,36,0,45,referral,1
13148,0.3258,18.7,69,1,0.4575,68,0,8,google_play,1
13149,0.7609,41.63,82,0,0.0469,66,0,24,google_play,0
13150,0.2479,17.57,26,0,0.0658,58,0,42,app_store,0
13151,0.3484,34.26,46,1,0.1102,55,0,41,google_play,0
13152,0.4528,4.53,56,1,0.2146,21,0,26,app_store,0
13153,0.5206,7.2,21,0,0.2388,32,1,20,google_play,0
13154,0.4153,20.83,49,0,0.2849,55,0,14,website,0
13155,0.3022,62.42,31,0,0.245,40,1,25,website,0
13156,0.3533,21.87,33,1,0.4558,49,1,28,google_play,0
13157,0.3153,23.65,36,0,0.0649,37,0,9,website,1
13158,0.1001,29.22,44,0,0.1013,23,0,38,google_play,1
13159,0.2338,18.39,71,0,0.3136,39,0,28,google_play,1
13160,0.5296,7.95,6,1,0.3095,28,0,33,website,0
13161,0.4927,39.73,84,0,0.5169,37,0,21,google_play,1
13162,0.3195,29.55,18,1,0.2623,29,1,31,referral,0
13163,0.5027,31.18,41,1,0.5413,32,0,30,app_store,0
13164,0.2486,11.24,66,3,0.0606,63,0,26,app_store,0
13165,0.163,71.42,86,1,0.3265,57,0,46,website,1
13166,0.2238,18.16,3,1,0.2363,50,0,10,website,1
13167,0.4627,66.77,62,0,0.222,35,0,6,google_play,1
13168,0.243,5.6,49,0,0.4958,58,0,45,google_play,1
13169,0.3971,18.2,41,0,0.3138,36,0,15,google_play,0
13170,0.2294,71.24,38,0,0.7834,59,0,14,app_store,1
13171,0.0527,22.21,9,0,0.1525,34,0,44,website,0
13172,0.061,4.4,10,2,0.2654,66,1,44,google_play,1
13173,0.0235,12.53,45,0,0.1987,51,0,14,google_play,1
13174,0.3824,29.85,68,0,0.3507,29,0,17,app_store,1
13175,0.1366,67.02,35,1,0.1475,51,1,19,google_play,1
13176,0.1336,20.06,64,0,0.4017,49,0,2,google_play,1
13177,0.6347,52.81,11,2,0.0423,55,1,5,referral,0
13178,0.2466,32.34,54,1,0.2254,33,0,33,google_play,1
13179,0.1672,18.39,79,1,0.0907,22,0,5,referral,1
13180,0.1487,42.56,0,1,0.1138,25,1,42,google_play,0
13181,0.4558,48.05,10,0,0.9587,56,0,19,app_store,0
13182,0.1691,20.06,62,1,0.0027,67,0,9,website,0
13183,0.3136,14.83,84,0,0.0696,28,0,7,app_store,0
13184,0.298,7.91,57,0,0.3767,24,0,12,website,1
13185,0.436,32.87,2,1,0.3959,40,0,5,google_play,0
13186,0.2654,16.39,13,0,0.0414,59,0,24,app_store,0
13187,0.2497,35.36,17,0,0.2795,26,0,16,app_store,0
13188,0.205,30.11,9,0,0.0652,36,0,33,website,0
13189,0.1012,31.39,64,0,0.4171,40,0,8,google_play,1
13190,0.3154,21.87,24,1,0.3638,23,0,37,website,0
13191,0.1853,10.05,85,0,0.0689,67,1,40,google_play,0
13192,0.6471,34.16,15,0,0.2128,44,0,31,app_store,0
13193,0.3303,44.11,5,0,0.2209,19,0,35,referral,0
13194,0.5759,124.91,73,1,0.2631,58,0,43,website,0
13195,0.251,16.19,22,1,0.161,52,0,17,website,1
13196,0.2768,11.79,68,1,0.0416,64,0,5,google_play,1
13197,0.2005,10.83,53,2,0.17,34,0,22,google_play,1
13198,0.6436,23.69,67,1,0.1387,60,0,17,google_play,0
13199,0.2963,43.03,84,1,0.2377,67,0,18,website,1
13200,0.1326,45.77,10,0,0.2653,30,0,46,app_store,0
13201,0.3441,73.57,38,0,0.2058,24,0,10,google_play,0
13202,0.2993,32.13,10,0,0.1053,18,1,33,website,0
13203,0.1149,10.59,52,0,0.767,66,0,4,referral,1
13204,0.4774,29.02,82,0,0.2878,39,0,46,referral,0
13205,0.1946,5.64,31,1,0.0455,61,1,16,app_store,1
13206,0.3822,19.25,45,0,0.2291,60,0,1,referral,1
13207,0.3016,18.23,11,1,0.2144,60,0,3,app_store,0
13208,0.1558,33.85,10,1,0.1853,69,0,21,website,0
13209,0.3509,33.38,1,1,0.1531,52,0,8,website,1
13210,0.549,14.62,33,1,0.0059,60,0,34,app_store,0
13211,0.5132,14.93,60,1,0.1241,69,0,40,google_play,0
13212,0.3936,25.66,0,0,0.3118,44,0,15,app_store,0
13213,0.1526,34.24,78,0,0.0375,22,0,44,referral,1
13214,0.4025,41.06,55,0,0.0814,44,0,7,app_store,0
13215,0.5573,17.46,14,1,0.1125,26,0,9,google_play,0
13216,0.1955,23.7,43,0,0.4782,56,0,40,google_play,1
13217,0.2032,11.83,52,1,0.0667,54,0,28,app_store,0
13218,0.4621,11.94,80,2,0.0891,35,0,18,referral,0
13219,0.2475,6.34,66,0,0.3106,34,0,28,app_store,1
13220,0.2291,15.75,75,1,0.1933,37,0,43,google_play,0
13221,0.3739,60.05,26,1,0.0151,58,0,10,referral,1
13222,0.3524,66.15,4,0,0.0303,24,0,40,website,0
13223,0.1357,36.49,34,0,0.1075,39,0,18,google_play,0
13224,0.2863,49.6,79,2,0.2375,56,1,3,referral,1
13225,0.2259,43.25,83,0,0.0977,67,0,33,website,0
13226,0.197,27.7,41,0,0.0257,56,0,2,app_store,0
13227,0.2518,4.46,30,0,0.125,36,0,2,google_play,0
13228,0.3495,119.81,53,2,0.1281,40,0,10,website,1
13229,0.1806,21.22,24,1,0.1837,69,0,25,app_store,1
13230,0.1625,21.14,11,0,0.246,27,0,20,referral,0
13231,0.055,68.21,7,0,0.0194,27,0,45,google_play,0
13232,0.5505,27.44,87,1,0.0771,22,0,31,app_store,0
13233,0.5591,142.98,54,1,0.2328,20,1,10,referral,1
13234,0.3339,13.71,69,0,0.2714,29,0,14,google_play,1
13235,0.7379,50.68,42,0,0.1349,51,1,44,google_play,0
13236,0.3158,20.66,27,0,0.1871,26,0,15,website,0
13237,0.0369,26.32,86,1,0.3357,28,0,28,app_store,1
13238,0.3479,13.24,87,1,0.1919,44,0,47,app_store,0
13239,0.2597,15.79,53,1,0.4358,18,1,26,app_store,1
13240,0.173,60.54,82,1,0.241,54,0,2,app_store,1
13241,0.4612,35.25,21,0,0.3079,46,0,1,app_store,0
13242,0.146,32.99,10,0,0.1365,56,0,19,app_store,1
13243,0.3204,7.82,5,0,0.4554,66,1,41,app_store,0
13244,0.1,7.98,31,1,0.2105,35,0,1,website,0
13245,0.2364,12.86,80,1,0.2856,41,0,11,app_store,1
13246,0.4949,18.59,7,2,0.164,32,1,7,google_play,0
13247,0.4428,22.83,67,0,0.1004,47,0,43,website,0
13248,0.2545,30.61,17,1,0.3859,55,1,4,app_store,0
13249,0.1013,50.18,53,0,0.3157,21,0,47,app_store,1
13250,0.6512,68.66,75,1,0.6175,62,0,28,google_play,1
13251,0.1618,28.11,40,1,0.1343,23,0,37,app_store,0
13252,0.2437,13.57,51,1,0.1129,30,0,2,google_play,1
13253,0.2207,40.88,3,0,0.216,22,0,21,website,1
13254,0.1842,27.91,84,1,0.2091,56,0,12,google_play,1
13255,0.2428,34.01,51,1,0.0505,36,0,33,website,0
13256,0.2302,57.07,48,0,0.0547,44,0,43,website,0
13257,0.493,18.7,11,1,0.123,43,1,29,google_play,0
13258,0.3084,67.99,10,0,0.0043,65,0,13,google_play,0
13259,0.294,9.05,68,1,0.0343,25,1,13,referral,0
13260,0.3389,40.85,87,1,0.079,21,0,1,app_store,0
13261,0.3575,15.56,80,0,0.2672,61,0,26,website,0
13262,0.478,28.71,38,0,0.9842,58,1,5,app_store,0
13263,0.0662,30.88,83,4,0.3818,67,0,7,website,1
13264,0.1134,19.19,62,2,0.1965,56,0,43,website,1
13265,0.0184,15.66,5,0,0.1048,52,0,40,app_store,0
13266,0.0725,13.54,49,0,0.0379,66,0,44,website,1
13267,0.3878,29.99,38,0,0.2185,36,1,47,website,0
13268,0.1445,38.24,62,0,0.2875,23,0,17,app_store,1
13269,0.1404,87.74,54,1,0.2695,66,0,12,website,1
13270,0.2094,20.51,34,0,0.1443,19,1,2,referral,0
13271,0.3855,8.37,40,2,0.1636,39,0,39,google_play,0
13272,0.2417,34.15,10,0,0.4609,51,0,17,website,0
13273,0.2551,7.26,59,0,0.246,33,0,21,google_play,0
13274,0.2915,75.28,47,1,0.2971,68,0,36,website,1
13275,0.5006,41.7,45,0,0.5559,24,0,10,website,0
13276,0.3682,12.11,81,0,0.1555,25,0,46,google_play,1
13277,0.1114,8.09,9,0,0.2884,26,0,23,app_store,1
13278,0.4008,13.42,26,0,0.3577,21,0,47,app_store,0
13279,0.3516,35.58,13,0,0.296,48,0,25,website,0
13280,0.4741,14.32,41,0,0.2226,19,0,11,app_store,0
13281,0.2394,41.28,57,0,0.0036,58,0,10,google_play,0
13282,0.1665,47.31,36,1,0.0486,59,0,19,google_play,1
13283,0.3727,16.44,72,0,0.1717,64,0,27,app_store,0
13284,0.247,45.54,5,0,0.0673,31,0,8,website,0
13285,0.2477,57.14,1,0,0.3115,43,0,1,app_store,1
13286,0.3165,36.45,89,0,0.2491,56,0,10,app_store,1
13287,0.5582,35.93,30,2,0.0135,64,1,26,referral,0
13288,0.4064,16.55,87,0,0.0452,57,0,25,app_store,0
13289,0.5076,101.65,20,0,0.3454,37,0,15,google_play,0
13290,0.2543,12.34,45,4,0.1326,36,0,2,google_play,1
13291,0.3683,18.0,85,0,0.2519,60,0,46,google_play,0
13292,0.1544,47.32,7,1,0.0105,32,0,17,referral,0
13293,0.3346,18.85,29,0,0.383,59,0,29,website,1
13294,0.0986,19.88,55,1,0.1148,38,0,16,website,1
13295,0.31,9.46,40,1,0.1525,59,0,34,app_store,0
13296,0.0408,17.66,34,0,0.0902,65,0,29,google_play,0
13297,0.0552,132.97,65,0,0.5247,41,0,21,referral,1
13298,0.2486,19.07,27,1,0.0944,50,0,11,app_store,0
13299,0.1621,60.06,10,1,0.0625,66,0,28,website,0
13300,0.3143,17.3,45,2,0.145,43,0,30,google_play,1
13301,0.3655,11.63,25,0,0.1572,24,0,31,website,1
13302,0.1374,14.22,6,2,0.2324,66,1,16,google_play,0
13303,0.2731,40.76,80,0,0.2547,22,0,26,website,1
13304,0.2418,5.32,8,0,0.5896,51,0,32,google_play,1
13305,0.4511,80.9,58,2,0.3192,60,0,15,google_play,1
13306,0.4954,34.26,41,0,0.0283,50,1,25,google_play,0
13307,0.21,18.88,44,0,0.1593,45,0,1,website,1
13308,0.5136,14.08,61,0,0.0212,34,0,18,google_play,0
13309,0.2777,17.03,57,0,0.4568,20,1,13,app_store,1
13310,0.1764,54.9,21,0,0.0716,40,0,8,google_play,0
13311,0.1177,8.13,57,0,0.1541,50,0,8,google_play,0
13312,0.2614,23.6,20,0,0.0825,47,0,25,website,0
13313,0.2801,54.07,22,1,0.4026,41,0,35,website,0
13314,0.6656,5.94,83,0,0.3329,68,0,37,website,1
13315,0.5152,15.8,85,1,0.0987,40,0,44,app_store,0
13316,0.4241,8.5,22,1,0.0814,32,0,17,google_play,0
13317,0.4164,9.95,30,1,0.1231,29,0,33,referral,0
13318,0.4083,28.55,43,1,0.0054,31,0,10,app_store,1
13319,0.0946,38.65,37,0,0.0738,62,0,5,google_play,0
13320,0.347,18.41,26,2,0.1691,51,0,28,referral,0
13321,0.3852,8.59,10,0,0.116,59,0,44,google_play,0
13322,0.4689,13.38,75,0,0.1137,19,0,1,referral,1
13323,0.2476,32.39,47,0,0.1287,55,0,22,app_store,1
13324,0.0912,23.93,22,1,0.0229,19,0,41,google_play,1
13325,0.4971,10.74,54,1,0.4222,64,0,25,referral,1
13326,0.2583,17.43,8,0,0.1013,57,0,39,app_store,0
13327,0.0162,42.35,45,1,0.1858,18,0,20,website,1
13328,0.2152,28.24,66,0,0.1466,35,1,27,google_play,0
13329,0.4059,11.8,68,0,0.0782,21,1,3,app_store,0
13330,0.6202,29.33,58,1,0.0959,40,0,46,app_store,0
13331,0.368,16.55,30,0,0.0222,25,0,36,google_play,0
13332,0.3439,15.61,87,0,0.0901,39,0,8,app_store,0
13333,0.3631,26.91,53,0,0.0411,57,1,14,google_play,0
13334,0.2368,11.37,63,0,0.134,27,0,25,referral,1
13335,0.3284,18.03,19,1,0.2692,39,1,32,referral,0
13336,0.2441,51.05,13,3,0.202,21,0,25,app_store,0
13337,0.4324,138.2,84,1,0.0971,28,0,15,referral,1
13338,0.0959,7.39,76,1,0.2752,62,0,28,website,1
13339,0.3502,13.27,66,0,0.291,24,0,10,app_store,1
13340,0.356,54.12,19,1,0.0089,31,0,43,referral,0
13341,0.2309,10.19,22,1,0.2427,57,0,18,app_store,0
13342,0.1808,22.43,43,1,0.0301,68,0,29,app_store,1
13343,0.6268,86.31,8,1,0.282,47,0,45,google_play,0
13344,0.3134,14.74,42,1,0.5321,55,0,27,website,1
13345,0.2052,20.57,15,0,0.0561,67,0,22,app_store,0
13346,0.0277,9.96,64,0,0.0036,43,0,45,google_play,1
13347,0.4507,39.66,13,0,0.138,42,0,5,website,0
13348,0.3197,7.01,3,1,0.0581,19,0,19,app_store,0
13349,0.3501,15.12,63,1,0.0369,31,0,32,google_play,0
13350,0.1343,9.89,54,1,0.1809,25,0,26,website,1
13351,0.5066,19.59,0,0,0.1749,44,1,3,website,0
13352,0.4018,89.92,59,1,0.2267,36,1,32,website,1
13353,0.4892,32.14,23,0,0.3389,47,0,25,google_play,0
13354,0.0653,28.99,89,0,0.1022,23,0,6,app_store,0
13355,0.121,30.17,36,0,0.1802,53,0,27,google_play,0
13356,0.0401,24.14,15,1,0.111,46,0,8,google_play,1
13357,0.3057,60.26,2,0,0.4727,55,0,32,app_store,0
13358,0.3049,42.17,10,2,0.1403,67,0,41,google_play,1
13359,0.2098,9.87,22,1,0.4105,32,0,14,website,1
13360,0.5118,48.54,34,0,0.0769,35,0,4,app_store,0
13361,0.5041,28.92,70,1,0.0371,52,0,32,website,0
13362,0.3868,33.73,39,1,0.101,36,0,18,referral,0
13363,0.1373,6.01,76,0,0.091,68,0,14,google_play,0
13364,0.5734,24.55,31,0,0.146,33,0,24,referral,0
13365,0.1164,22.26,41,0,0.838,51,0,11,app_store,1
13366,0.1554,15.1,81,1,0.1656,61,0,8,referral,1
13367,0.3159,52.0,64,0,0.0194,29,0,41,app_store,0
13368,0.1212,7.81,87,0,0.227,22,0,14,google_play,1
13369,0.4194,204.16,75,1,0.2,38,0,38,referral,0
13370,0.3382,11.22,6,0,0.0476,62,0,40,referral,0
13371,0.2455,34.09,7,0,0.1166,35,0,8,app_store,0
13372,0.3085,28.5,3,1,0.4521,53,1,13,app_store,1
13373,0.393,55.58,72,1,0.3695,26,0,47,google_play,0
13374,0.3734,79.03,65,0,0.3698,57,0,33,website,1
13375,0.3638,18.09,75,0,0.171,63,0,17,google_play,1
13376,0.2499,27.75,70,0,0.0307,68,0,1,app_store,0
13377,0.1387,18.19,64,0,0.1,18,1,10,google_play,0
13378,0.3801,12.47,7,0,0.2702,49,0,7,referral,0
13379,0.1613,25.13,36,2,0.4998,47,0,9,app_store,1
13380,0.3848,24.07,87,0,0.0986,60,0,8,google_play,0
13381,0.2613,24.72,46,0,0.401,61,0,31,app_store,1
13382,0.0667,18.83,3,0,0.0288,41,1,5,website,0
13383,0.0607,31.13,13,0,0.0847,40,0,6,app_store,0
13384,0.2381,42.4,35,0,0.3082,59,0,8,referral,0
13385,0.0335,10.55,67,2,0.0533,35,0,43,google_play,1
13386,0.2728,37.78,72,0,0.0212,68,0,26,google_play,0
13387,0.139,73.19,64,2,0.3926,36,0,1,app_store,1
13388,0.3939,10.04,58,1,0.0303,29,1,4,app_store,0
13389,0.4895,27.34,56,0,0.1656,56,0,27,referral,0
13390,0.3252,33.72,50,2,0.1207,51,0,37,app_store,0
13391,0.3839,42.45,74,0,0.2826,58,0,7,app_store,1
13392,0.1386,45.95,63,0,0.2579,68,0,13,website,1
13393,0.5962,57.0,7,1,0.0145,66,0,13,app_store,1
13394,0.0711,26.98,84,1,0.1035,66,0,35,website,1
13395,0.488,12.21,47,0,0.06,48,0,30,referral,0
13396,0.3347,19.09,15,2,0.0534,51,0,5,website,0
13397,0.4556,67.38,28,1,0.046,42,1,5,website,0
13398,0.2174,13.25,73,0,0.0897,61,0,39,app_store,0
13399,0.1493,35.28,53,0,0.3605,64,0,45,app_store,1
13400,0.4937,44.33,78,0,0.1368,32,0,43,app_store,0
13401,0.1215,37.66,0,1,0.2751,59,1,26,app_store,0
13402,0.385,47.02,47,0,0.0884,61,0,43,app_store,0
13403,0.2775,23.99,25,2,0.2412,51,0,46,referral,0
13404,0.2577,22.85,66,1,0.2723,22,0,7,google_play,1
13405,0.2457,87.46,7,0,0.0013,21,0,47,website,0
13406,0.1031,97.58,7,0,0.2081,26,0,46,website,1
13407,0.5354,67.52,39,1,0.1681,57,0,25,google_play,1
13408,0.4984,36.03,80,1,0.1487,34,1,40,app_store,0
13409,0.2328,16.39,83,0,0.3126,29,0,18,google_play,1
13410,0.424,26.99,32,0,0.135,35,0,20,app_store,0
13411,0.09,22.41,4,1,0.1291,55,0,5,app_store,0
13412,0.1358,53.01,18,0,0.2022,44,0,28,website,0
13413,0.707,32.24,82,1,0.1415,60,0,18,referral,0
13414,0.2473,36.92,54,1,0.3248,55,0,31,app_store,1
13415,0.4347,23.97,62,0,0.2999,55,0,27,google_play,0
13416,0.2187,4.28,16,2,0.3251,62,0,42,google_play,1
13417,0.157,61.48,79,0,0.3098,65,0,34,google_play,1
13418,0.4079,23.45,59,1,0.2757,51,0,17,google_play,1
13419,0.0709,48.31,71,0,0.3846,48,0,3,website,1
13420,0.6171,19.36,33,0,0.3239,52,0,40,google_play,0
13421,0.5136,76.37,38,0,0.0526,67,0,31,website,0
13422,0.3749,16.87,1,0,0.2255,44,0,8,app_store,0
13423,0.3384,23.34,40,0,0.0423,41,0,20,website,0
13424,0.0959,24.81,68,1,0.2487,36,0,5,website,1
13425,0.1606,8.53,1,0,0.0083,45,0,14,app_store,0
13426,0.1496,32.7,79,1,0.1855,42,0,3,google_play,1
13427,0.2149,43.78,45,1,0.4766,32,1,42,app_store,1
13428,0.1872,32.91,68,1,0.0201,45,0,9,google_play,0
13429,0.3978,124.24,45,0,0.2335,68,0,7,google_play,0
13430,0.3284,13.15,62,0,0.0305,28,0,8,google_play,1
13431,0.1074,7.34,68,0,0.2691,53,1,41,website,1
13432,0.266,10.66,53,2,0.2249,46,0,31,google_play,1
13433,0.391,26.02,51,0,0.1035,19,0,40,google_play,0
13434,0.4344,56.78,23,0,0.2157,66,0,33,google_play,0
13435,0.3075,27.72,25,0,0.1308,44,1,9,google_play,1
13436,0.0374,17.37,69,0,0.0514,60,0,47,website,0
13437,0.3075,69.96,20,0,0.1739,46,0,17,referral,0
13438,0.4628,22.62,54,1,0.4193,58,0,44,app_store,1
13439,0.4466,9.38,69,0,0.0338,20,1,31,google_play,0
13440,0.1023,49.36,52,1,0.0212,61,0,5,app_store,1
13441,0.1324,38.54,45,0,0.359,45,0,43,google_play,0
13442,0.7352,28.97,28,0,0.2445,47,1,2,referral,0
13443,0.3521,76.33,9,1,0.6291,68,0,36,app_store,0
13444,0.2747,22.8,13,0,0.2429,28,0,10,app_store,1
13445,0.1829,29.84,71,0,0.1811,56,1,43,app_store,0
13446,0.0803,12.39,12,1,0.4719,34,1,4,referral,1
13447,0.1937,14.99,35,3,0.1144,28,0,13,app_store,1
13448,0.3267,17.61,81,1,0.3036,54,1,20,referral,1
13449,0.3162,39.85,25,0,0.1688,30,0,16,app_store,0
13450,0.2329,15.28,31,1,0.1085,54,0,31,website,0
13451,0.2738,22.93,10,0,0.2106,59,0,39,referral,0
13452,0.2272,20.99,43,2,0.2146,39,0,18,website,0
13453,0.1844,23.64,17,1,0.1937,56,1,36,referral,0
13454,0.2821,14.37,56,0,0.3357,58,1,10,website,1
13455,0.0301,21.22,4,1,0.1911,33,0,37,google_play,1
13456,0.1899,10.95,35,1,0.1433,68,0,46,google_play,0
13457,0.18,23.86,64,2,0.2217,54,0,35,google_play,1
13458,0.2174,24.05,42,1,0.3197,65,0,36,website,1
13459,0.4742,25.81,55,2,0.409,57,0,16,google_play,1
13460,0.3123,36.29,28,0,0.0731,40,1,12,google_play,0
13461,0.4822,87.05,86,1,0.0938,55,0,29,website,0
13462,0.4415,7.68,69,1,0.1463,26,1,29,google_play,0
13463,0.0769,18.92,14,0,0.4682,55,0,43,referral,0
13464,0.2469,12.95,78,0,0.3821,26,0,14,website,1
13465,0.2031,30.51,27,0,0.5285,19,0,29,referral,0
13466,0.5678,40.27,30,0,0.114,50,0,42,website,0
13467,0.1895,10.49,57,1,0.5596,51,0,47,website,1
13468,0.352,30.65,42,1,0.202,33,0,6,google_play,0
13469,0.4183,44.96,49,0,0.311,69,1,16,app_store,0
13470,0.2375,33.03,60,0,0.1449,18,0,32,app_store,0
13471,0.5179,19.37,49,3,0.3065,52,0,11,website,1
13472,0.2732,39.38,13,0,0.281,26,1,24,app_store,0
13473,0.1475,20.52,8,1,0.17,32,0,22,website,1
13474,0.2426,46.24,51,0,0.0209,25,0,40,app_store,0
13475,0.318,31.4,1,1,0.1295,61,0,22,website,0
13476,0.2174,21.5,73,0,0.233,69,0,45,app_store,0
13477,0.3178,10.17,64,0,0.271,43,0,42,app_store,1
13478,0.3533,24.83,55,0,0.3074,56,0,46,referral,1
13479,0.2089,11.59,63,1,0.2816,67,1,9,referral,1
13480,0.1453,11.46,35,0,0.1614,19,0,8,referral,0
13481,0.5537,19.23,2,0,0.0354,68,0,4,google_play,0
13482,0.1876,23.26,74,1,0.2085,20,0,27,google_play,0
13483,0.2641,10.63,74,2,0.1396,37,0,12,referral,1
13484,0.171,21.85,56,0,0.0069,39,0,32,app_store,1
13485,0.3651,20.77,69,0,0.2064,32,0,40,google_play,1
13486,0.1584,16.12,6,0,0.326,33,0,47,app_store,0
13487,0.4916,20.5,19,2,0.0198,56,0,7,app_store,0
13488,0.1917,38.52,19,1,0.4347,57,0,8,google_play,1
13489,0.1507,18.7,50,1,0.0983,37,0,33,website,1
13490,0.499,36.86,61,1,0.1332,60,0,37,app_store,0
13491,0.2079,23.2,23,0,0.0283,47,0,40,referral,0
13492,0.5399,50.05,39,0,0.1869,21,0,16,google_play,0
13493,0.3801,43.3,75,1,0.0509,62,0,24,app_store,0
13494,0.4782,21.14,33,2,0.0503,24,0,23,app_store,0
13495,0.3743,15.23,15,0,0.1216,32,0,26,website,1
13496,0.5308,34.45,87,1,0.1123,59,0,28,app_store,0
13497,0.4355,16.99,74,0,0.1563,58,0,36,app_store,0
13498,0.6961,8.19,86,0,0.5164,53,1,10,app_store,0
13499,0.0934,41.05,59,1,0.0313,20,1,19,app_store,1
13500,0.5475,15.98,61,0,0.0219,56,0,24,app_store,0
13501,0.3065,5.76,16,0,0.1627,43,0,16,app_store,0
13502,0.1423,23.25,61,0,0.2364,37,1,17,website,1
13503,0.2679,47.24,77,0,0.5515,51,1,19,google_play,0
13504,0.1479,16.24,62,0,0.4787,54,0,5,referral,0
13505,0.4373,19.23,74,0,0.0605,21,0,36,google_play,0
13506,0.2623,34.78,3,1,0.5591,22,0,5,google_play,1
13507,0.3024,17.84,57,1,0.0325,59,0,30,website,1
13508,0.1441,22.81,9,2,0.3028,63,0,4,google_play,1
13509,0.1592,45.9,44,0,0.3368,35,0,18,website,0
13510,0.179,39.42,8,0,0.0385,44,0,22,app_store,1
13511,0.0918,28.74,56,0,0.2085,50,0,32,google_play,1
13512,0.1143,7.64,45,0,0.2749,24,0,5,google_play,1
13513,0.1962,36.92,60,0,0.3388,20,0,12,website,1
13514,0.1843,18.6,57,1,0.0419,28,0,40,app_store,1
13515,0.1852,34.56,9,0,0.1419,24,1,7,website,0
13516,0.6605,8.48,83,1,0.4535,58,0,32,google_play,1
13517,0.6063,47.29,36,0,0.1901,37,0,7,google_play,0
13518,0.3341,13.62,1,0,0.2014,54,0,2,app_store,0
13519,0.2394,33.17,84,1,0.219,35,0,15,app_store,1
13520,0.205,47.15,77,2,0.3583,49,0,40,website,1
13521,0.4385,32.25,69,1,0.1853,54,0,11,referral,1
13522,0.056,32.15,66,1,0.3239,44,1,6,google_play,1
13523,0.2037,26.1,6,0,0.2508,56,0,10,app_store,0
13524,0.5698,10.45,29,1,0.2768,30,1,5,referral,0
13525,0.2747,62.04,77,0,0.4888,59,0,45,website,1
13526,0.2683,52.82,8,1,0.1532,33,1,10,app_store,0
13527,0.0859,18.77,5,1,0.2921,22,0,42,app_store,0
13528,0.1546,2.23,8,0,0.1251,69,0,24,app_store,0
13529,0.3207,49.63,61,0,0.9022,60,0,43,app_store,1
13530,0.2836,6.86,71,1,0.0348,46,1,19,website,0
13531,0.2974,35.61,30,1,0.1473,67,1,22,google_play,1
13532,0.5166,14.73,81,0,0.2585,52,0,37,google_play,0
13533,0.4117,34.34,24,0,0.0516,34,1,16,app_store,0
13534,0.4354,12.12,29,2,0.0419,28,1,12,website,0
13535,0.1591,24.63,43,1,0.1414,37,1,24,google_play,0
13536,0.3007,7.43,35,1,0.0568,22,0,39,app_store,0
13537,0.4211,24.8,7,3,0.2374,28,0,11,referral,1
13538,0.3608,24.46,52,0,0.1087,58,0,17,google_play,0
13539,0.4878,40.55,87,1,0.1675,47,1,5,website,0
13540,0.4052,17.55,33,1,0.1134,38,0,36,app_store,0
13541,0.2529,29.91,86,0,0.0364,53,0,20,app_store,1
13542,0.3441,18.59,75,0,0.0077,39,0,12,website,0
13543,0.3643,33.7,15,1,0.5027,32,0,45,referral,0
13544,0.2704,32.26,89,0,0.2195,30,0,7,referral,1
13545,0.188,45.41,86,2,0.0523,68,0,37,google_play,1
13546,0.0933,10.8,62,0,0.0587,59,0,10,website,0
13547,0.3166,23.01,86,0,0.4252,40,0,39,google_play,1
13548,0.0865,29.92,29,1,0.1273,33,1,45,google_play,1
13549,0.7663,87.67,10,0,0.1498,23,0,26,website,0
13550,0.1874,98.29,12,0,0.2016,58,0,21,google_play,0
13551,0.5473,9.47,1,1,0.3355,58,0,14,app_store,0
13552,0.326,15.95,77,1,0.4218,43,0,14,app_store,1
13553,0.1306,4.27,42,0,0.4876,48,1,36,google_play,0
13554,0.3997,114.13,44,0,0.2296,57,0,3,google_play,0
13555,0.2148,30.64,30,1,0.0163,47,0,22,google_play,0
13556,0.1191,36.83,47,1,0.1361,43,0,3,referral,1
13557,0.1747,19.66,43,0,0.0997,31,0,46,website,1
13558,0.2169,24.47,40,0,0.0102,44,0,25,google_play,0
13559,0.1459,54.08,46,0,0.0755,19,0,13,google_play,0
13560,0.3007,11.79,22,2,0.0973,47,0,17,google_play,1
13561,0.2539,11.13,67,2,0.2913,38,0,40,website,1
13562,0.0176,20.73,0,1,0.2577,19,0,34,website,1
13563,0.0429,24.7,56,0,0.4309,56,0,16,website,1
13564,0.2603,36.19,11,0,0.2104,33,1,42,app_store,0
13565,0.0299,24.87,45,0,0.2602,59,0,38,app_store,1
13566,0.6132,13.58,56,1,0.1392,26,0,3,website,0
13567,0.26,18.79,45,1,0.2446,62,1,39,google_play,0
13568,0.1199,27.77,87,2,0.1043,61,0,10,google_play,1
13569,0.2869,38.96,84,1,0.5792,18,0,47,google_play,1
13570,0.0348,49.38,85,0,0.3979,18,0,39,app_store,1
13571,0.1082,20.24,26,2,0.0487,50,0,20,google_play,1
13572,0.421,14.95,89,0,0.0955,62,0,16,app_store,0
13573,0.0553,13.08,17,1,0.3069,27,0,4,app_store,1
13574,0.1319,55.52,32,3,0.1525,26,0,25,website,1
13575,0.4739,18.08,28,0,0.1442,51,1,7,referral,0
13576,0.569,14.37,18,2,0.2573,26,1,42,website,0
13577,0.2345,27.58,70,1,0.1537,21,0,41,google_play,0
13578,0.2193,75.95,66,1,0.304,69,0,2,app_store,1
13579,0.3061,12.85,26,0,0.0555,69,0,24,app_store,1
13580,0.2779,37.11,62,0,0.1743,58,0,15,referral,0
13581,0.362,17.84,58,0,0.1058,24,0,31,app_store,1
13582,0.3453,26.52,85,1,0.369,35,0,39,referral,1
13583,0.4766,43.29,34,0,0.2883,64,0,19,app_store,0
13584,0.3829,57.47,16,0,0.0681,69,0,4,website,0
13585,0.1927,16.93,35,0,0.1745,24,0,22,google_play,0
13586,0.1372,41.48,4,3,0.0134,49,0,41,google_play,1
13587,0.2338,28.97,66,0,0.0763,63,0,33,website,0
13588,0.4292,32.52,88,0,0.1313,20,0,31,referral,0
13589,0.1501,58.26,16,1,0.1372,64,0,27,app_store,0
13590,0.2441,14.92,78,1,0.1155,19,0,14,website,1
13591,0.1303,42.2,55,0,0.6046,51,1,20,app_store,1
13592,0.2358,27.38,58,0,0.0118,25,0,19,google_play,1
13593,0.1313,56.19,51,0,0.4578,28,1,42,website,1
13594,0.136,32.69,14,3,0.2715,61,0,29,referral,0
13595,0.3137,22.07,72,0,0.1765,55,0,21,app_store,0
13596,0.1,45.14,21,0,0.2285,63,0,28,website,1
13597,0.5173,16.49,82,0,0.2392,53,0,19,app_store,0
13598,0.1014,18.54,75,0,0.5529,26,1,21,google_play,1
13599,0.5141,14.5,12,0,0.1622,21,0,27,website,0
13600,0.3072,15.82,39,1,0.1634,65,0,8,google_play,0
13601,0.317,3.62,23,1,0.2129,65,0,35,app_store,1
13602,0.3202,17.16,77,1,0.0055,56,0,25,app_store,1
13603,0.1618,23.3,12,0,0.3902,32,1,33,google_play,0
13604,0.0615,41.77,18,1,0.0666,56,0,14,website,0
13605,0.3675,12.88,89,1,0.0217,61,0,37,google_play,0
13606,0.2068,17.28,63,2,0.0743,35,1,47,referral,0
13607,0.2809,21.68,54,1,0.2263,56,0,13,google_play,1
13608,0.4461,41.92,8,0,0.1085,60,0,15,website,0
13609,0.3745,27.83,84,1,0.7944,34,0,18,app_store,1
13610,0.4477,31.89,15,0,0.4944,43,0,2,app_store,1
13611,0.5438,45.49,86,1,0.2839,54,0,28,website,1
13612,0.2559,34.88,50,1,0.1854,69,0,46,google_play,1
13613,0.156,16.09,81,0,0.7065,21,0,29,website,1
13614,0.0985,81.23,41,2,0.0802,39,1,34,app_store,1
13615,0.2414,6.48,23,0,0.1635,40,0,43,referral,1
13616,0.3645,46.01,9,0,0.0458,19,0,9,website,0
13617,0.2296,33.38,45,1,0.0804,38,0,44,google_play,0
13618,0.4419,58.61,54,1,0.1805,28,0,20,app_store,1
13619,0.1627,20.84,21,0,0.021,48,0,26,app_store,0
13620,0.1065,17.33,29,1,0.1044,58,0,31,app_store,0
13621,0.09,11.34,38,2,0.2339,60,1,11,website,1
13622,0.118,11.65,11,1,0.1959,64,0,6,app_store,1
13623,0.2576,21.83,38,1,0.2661,64,1,33,app_store,0
13624,0.1551,13.61,30,1,0.1235,22,1,8,google_play,0
13625,0.2841,14.91,82,0,0.2787,49,0,9,app_store,1
13626,0.4367,11.68,25,1,0.2385,22,0,4,app_store,0
13627,0.3947,50.59,62,1,0.1891,59,0,14,website,0
13628,0.1197,14.79,69,0,0.1639,38,0,43,google_play,0
13629,0.126,32.5,66,1,0.0894,43,1,44,app_store,0
13630,0.3125,22.46,39,0,0.1247,27,0,24,app_store,1
13631,0.3053,31.28,66,1,0.0797,20,0,23,website,0
13632,0.2529,20.42,41,0,0.0759,30,0,11,app_store,0
13633,0.4582,42.2,49,3,0.1248,43,0,47,app_store,1
13634,0.2787,37.69,47,1,0.1712,64,0,15,referral,0
13635,0.4858,57.2,31,1,0.3226,51,1,44,website,0
13636,0.4875,15.45,30,1,0.5577,52,0,1,google_play,1
13637,0.2914,13.56,75,1,0.1279,61,0,16,app_store,1
13638,0.3935,18.69,10,0,0.5491,49,0,18,google_play,0
13639,0.2174,26.56,31,1,0.1578,41,0,35,website,0
13640,0.3502,35.48,42,1,0.2316,31,0,13,website,0
13641,0.4621,15.82,46,1,0.3908,35,0,24,google_play,0
13642,0.3373,28.22,15,0,0.4255,29,1,16,app_store,0
13643,0.2712,21.59,13,1,0.1128,50,0,38,google_play,0
13644,0.1141,20.36,58,0,0.1494,19,0,32,app_store,0
13645,0.1623,24.38,53,1,0.0913,41,0,5,website,0
13646,0.4257,70.15,16,1,0.0499,20,0,24,referral,0
13647,0.1868,42.67,42,2,0.1765,46,0,24,website,1
13648,0.1705,51.13,61,0,0.2037,65,0,40,referral,1
13649,0.2656,31.62,79,0,0.1094,69,0,21,referral,0
13650,0.4587,84.17,2,1,0.133,44,0,8,app_store,0
13651,0.2878,45.74,27,0,0.1664,31,0,47,app_store,0
13652,0.3739,9.04,67,1,0.2008,24,0,9,website,1
13653,0.3911,40.83,27,0,0.2454,64,1,22,referral,0
13654,0.5539,31.09,12,1,0.4364,39,1,7,website,1
13655,0.3047,37.92,11,0,0.0615,51,0,18,app_store,0
13656,0.2611,8.59,55,1,0.1427,59,0,1,website,0
13657,0.0898,8.81,43,0,0.2117,35,0,44,website,1
13658,0.2865,22.95,23,2,0.1154,48,0,2,website,1
13659,0.2762,7.18,68,0,0.1866,37,1,13,app_store,1
13660,0.3407,40.14,16,0,0.3443,40,0,14,google_play,0
13661,0.2779,27.21,58,0,0.0967,22,0,31,app_store,0
13662,0.3943,95.91,81,0,0.4989,50,0,15,google_play,1
13663,0.1196,31.89,7,0,0.096,27,0,32,google_play,1
13664,0.3699,39.87,42,1,0.0713,46,0,10,website,0
13665,0.4529,36.79,27,1,0.5037,66,0,14,referral,1
13666,0.2099,25.92,70,0,0.1438,69,1,6,google_play,0
13667,0.0577,26.64,29,0,0.183,62,1,1,referral,0
13668,0.0753,23.58,69,1,0.1546,65,1,4,google_play,0
13669,0.1244,4.62,54,0,0.2786,67,0,22,google_play,1
13670,0.2106,53.82,71,0,0.5429,37,0,30,referral,1
13671,0.4057,54.19,70,2,0.0824,53,0,24,app_store,0
13672,0.1016,44.91,63,0,0.3615,19,0,39,app_store,1
13673,0.3277,26.11,89,2,0.1871,25,0,39,app_store,1
13674,0.2697,22.32,74,0,0.2913,20,0,5,website,1
13675,0.118,11.09,22,0,0.2408,35,1,47,website,1
13676,0.2649,10.21,9,0,0.1306,24,0,39,app_store,0
13677,0.3044,16.19,17,2,0.2225,52,0,32,app_store,0
13678,0.0928,28.28,38,1,0.4543,25,0,36,website,0
13679,0.1507,31.86,38,0,0.2646,59,0,27,website,0
13680,0.1703,17.11,67,2,0.0208,51,1,4,website,0
13681,0.1634,9.85,60,0,0.1624,63,0,30,app_store,1
13682,0.2153,15.39,13,1,0.0598,55,0,12,app_store,0
13683,0.1674,22.57,64,0,0.0305,27,0,6,google_play,0
13684,0.3282,8.22,54,0,0.1619,29,1,9,referral,0
13685,0.1447,27.88,74,1,0.1207,63,0,28,google_play,1
13686,0.3292,75.83,39,0,0.3214,52,0,19,google_play,0
13687,0.2817,13.98,28,0,0.3683,63,0,38,app_store,0
13688,0.3692,108.15,24,2,0.2491,64,0,37,google_play,0
13689,0.1058,14.98,75,0,0.0798,60,0,47,app_store,1
13690,0.2936,20.99,22,1,0.1606,62,0,25,app_store,0
13691,0.0461,34.41,60,0,0.0461,53,0,10,app_store,1
13692,0.4988,23.75,41,0,0.0153,65,1,8,app_store,0
13693,0.3498,7.49,1,0,0.2571,55,1,45,google_play,0
13694,0.2282,29.23,45,0,0.2764,32,0,30,referral,1
13695,0.3936,25.9,87,0,0.0569,37,1,11,app_store,0
13696,0.3024,20.41,29,0,0.2178,31,0,6,google_play,0
13697,0.2629,25.8,22,1,0.0308,68,0,16,google_play,0
13698,0.3871,33.43,45,1,0.3437,57,0,43,google_play,1
13699,0.4609,13.19,6,0,0.2297,42,1,35,app_store,0
13700,0.2087,35.7,34,1,0.1928,20,0,23,website,1
13701,0.4973,16.01,39,0,0.1629,60,0,11,google_play,0
13702,0.1429,71.86,36,0,0.3647,20,0,33,website,0
13703,0.2625,50.81,48,0,0.0481,41,0,28,referral,0
13704,0.3889,12.21,43,1,0.2694,53,0,44,app_store,0
13705,0.059,58.03,42,0,0.1021,67,1,42,google_play,1
13706,0.622,32.63,28,1,0.1481,55,1,24,google_play,0
13707,0.3483,35.56,69,0,0.0601,57,1,3,website,0
13708,0.0576,21.61,30,1,0.2468,36,0,5,google_play,1
13709,0.3581,19.3,10,0,0.3994,50,1,9,google_play,0
13710,0.4478,20.3,60,0,0.5589,53,0,16,website,1
13711,0.0878,12.59,73,0,0.054,28,0,14,website,0
13712,0.7536,6.62,0,0,0.2756,61,0,2,google_play,0
13713,0.1616,15.7,43,1,0.408,56,0,33,app_store,0
13714,0.2811,15.64,8,1,0.2335,37,0,11,google_play,0
13715,0.2257,11.44,6,0,0.2796,31,1,30,google_play,0
13716,0.1785,36.87,69,1,0.2756,36,1,8,app_store,1
13717,0.088,29.1,87,0,0.0434,46,1,26,app_store,0
13718,0.0184,16.2,2,0,0.6503,26,0,34,website,1
13719,0.1589,19.73,80,0,0.1315,53,0,43,google_play,0
13720,0.4234,28.68,23,0,0.2411,62,0,39,google_play,1
13721,0.5056,14.75,28,1,0.1995,68,0,40,app_store,0
13722,0.0636,4.1,40,0,0.1082,54,0,43,google_play,0
13723,0.0363,56.68,45,1,0.185,25,1,11,google_play,1
13724,0.033,22.64,13,1,0.3653,66,0,4,app_store,1
13725,0.1921,29.64,21,2,0.251,59,0,4,google_play,1
13726,0.338,27.67,41,0,0.5669,60,0,20,google_play,0
13727,0.1242,8.93,45,1,0.1122,67,0,21,google_play,0
13728,0.4036,15.17,38,0,0.0807,19,0,2,referral,0
13729,0.3183,24.3,22,0,0.1151,46,0,7,app_store,0
13730,0.1624,21.34,21,1,0.0394,68,1,28,app_store,0
13731,0.5094,11.09,33,1,0.0826,57,0,33,app_store,1
13732,0.4575,31.18,33,0,0.2084,52,0,6,referral,0
13733,0.1703,36.54,24,0,0.3723,64,0,24,google_play,0
13734,0.4549,18.79,18,0,0.3046,68,0,22,referral,0
13735,0.2443,49.49,40,0,0.2853,51,0,38,website,0
13736,0.2472,35.62,77,0,0.0195,64,0,17,app_store,0
13737,0.3735,32.16,6,0,0.0697,49,0,40,google_play,1
13738,0.298,17.29,10,0,0.0673,47,0,9,website,0
13739,0.1607,21.78,48,0,0.3235,39,0,44,google_play,0
13740,0.3558,43.96,71,0,0.1218,44,0,17,google_play,1
13741,0.2197,8.89,19,0,0.3767,53,0,25,app_store,1
13742,0.3184,9.31,27,1,0.1859,28,0,43,website,0
13743,0.361,18.44,15,0,0.5066,54,1,7,referral,1
13744,0.0634,24.19,75,1,0.1471,48,0,22,website,0
13745,0.4268,22.91,31,1,0.0716,58,1,21,google_play,0
13746,0.2862,35.36,28,1,0.1353,39,0,44,google_play,0
13747,0.1933,29.05,65,1,0.4751,49,0,18,app_store,1
13748,0.0188,24.89,11,0,0.0076,62,0,3,google_play,0
13749,0.0325,19.86,32,1,0.2057,63,0,44,website,1
13750,0.5864,43.45,32,1,0.3891,32,0,7,referral,0
13751,0.1145,56.83,67,0,0.4498,24,0,32,app_store,1
13752,0.3196,19.94,16,0,0.1926,25,0,44,referral,0
13753,0.4082,32.22,88,0,0.074,56,0,45,app_store,0
13754,0.605,20.48,35,0,0.3631,51,0,17,app_store,0
13755,0.5877,10.52,84,1,0.3622,32,0,14,app_store,0
13756,0.5137,7.64,14,1,0.378,56,0,9,google_play,0
13757,0.1577,55.88,19,0,0.0785,33,0,29,app_store,0
13758,0.0886,42.94,6,0,0.1394,51,1,15,website,0
13759,0.1563,32.51,83,1,0.0093,67,0,19,website,1
13760,0.0612,49.34,57,1,0.1,51,1,35,google_play,0
13761,0.0377,14.0,77,2,0.0915,43,0,38,app_store,1
13762,0.5034,45.76,6,2,0.174,33,0,29,app_store,0
13763,0.109,31.31,2,1,0.1465,23,0,8,referral,1
13764,0.0986,18.14,46,0,0.2605,52,0,40,app_store,1
13765,0.4995,4.89,87,1,0.0937,69,0,36,referral,0
13766,0.2293,9.02,31,0,0.1723,41,0,47,google_play,0
13767,0.4509,81.76,86,0,0.0389,29,0,19,website,0
13768,0.4068,79.82,77,0,0.0688,33,1,13,website,0
13769,0.3389,9.09,66,1,0.0905,68,0,25,app_store,1
13770,0.1773,6.06,83,0,0.3275,68,0,15,website,1
13771,0.2525,61.07,54,0,0.1942,56,0,17,website,1
13772,0.3929,23.18,55,1,0.0909,60,1,43,referral,0
13773,0.3211,14.82,89,2,0.141,51,0,39,app_store,1
13774,0.0961,10.34,33,0,0.2719,40,0,28,referral,0
13775,0.3684,10.28,17,0,0.2383,60,0,3,google_play,1
13776,0.2895,61.14,47,0,0.0115,26,0,26,website,0
13777,0.8159,29.21,69,0,0.1375,46,0,39,google_play,0
13778,0.1905,7.0,15,0,0.1749,49,0,25,referral,1
13779,0.1459,15.01,81,0,0.1097,27,0,15,website,1
13780,0.1227,74.28,80,0,0.1017,34,0,24,app_store,0
13781,0.4314,30.3,44,0,0.0862,59,0,33,google_play,0
13782,0.4605,9.23,81,1,0.1196,49,0,16,app_store,1
13783,0.5491,15.57,26,1,0.0758,40,0,29,referral,0
13784,0.1804,22.72,74,2,0.3567,39,0,32,google_play,1
13785,0.5169,47.69,40,0,0.0305,38,1,47,website,0
13786,0.1723,22.9,75,1,0.2478,27,1,16,website,0
13787,0.3127,64.33,87,0,0.1209,49,0,18,app_store,0
13788,0.1133,29.48,9,0,0.0579,65,0,3,google_play,0
13789,0.3466,4.93,66,0,0.0728,58,0,5,referral,0
13790,0.291,35.67,31,0,0.1362,56,1,8,google_play,0
13791,0.8302,21.59,49,0,0.2189,22,0,4,app_store,0
13792,0.275,17.22,64,1,0.0593,49,1,12,website,0
13793,0.1162,32.33,9,1,0.3192,62,0,34,google_play,1
13794,0.3407,20.61,67,2,0.2474,58,0,33,google_play,1
13795,0.299,28.24,62,1,0.0536,33,0,31,google_play,0
13796,0.4025,17.01,46,2,0.2591,52,0,5,website,1
13797,0.4653,16.54,23,1,0.2548,24,1,14,website,0
13798,0.1519,53.25,27,1,0.4716,21,0,9,google_play,1
13799,0.0377,26.57,88,0,0.4452,34,0,16,website,1
13800,0.263,32.68,78,0,0.1508,52,1,9,website,0
13801,0.5336,16.37,46,0,0.107,23,0,41,website,0
13802,0.2197,51.67,72,0,0.115,57,0,24,referral,0
13803,0.1551,28.34,55,1,0.2419,43,0,42,google_play,1
13804,0.1521,19.37,51,2,0.174,65,0,6,referral,1
13805,0.5124,59.54,89,0,0.0547,26,0,45,google_play,0
13806,0.2904,19.36,4,3,0.1633,32,0,38,referral,1
13807,0.3481,27.84,67,0,0.0756,66,0,19,app_store,0
13808,0.3214,10.57,15,1,0.3127,19,0,46,google_play,1
13809,0.1843,15.83,43,0,0.7152,19,1,46,google_play,0
13810,0.1213,42.25,48,0,0.1737,19,0,25,website,0
13811,0.2095,23.68,49,0,0.115,30,0,29,google_play,0
13812,0.1514,26.17,68,1,0.1966,54,1,14,google_play,1
13813,0.2324,23.04,81,0,0.4497,64,1,14,app_store,1
13814,0.3841,23.71,17,2,0.1337,24,0,45,website,1
13815,0.336,16.81,84,1,0.4442,45,0,8,google_play,1
13816,0.2694,17.65,35,1,0.1785,24,0,12,app_store,1
13817,0.1766,19.97,43,0,0.4454,40,0,24,website,1
13818,0.1589,20.03,42,0,0.0309,33,0,30,app_store,0
13819,0.2215,33.91,31,0,0.3262,62,0,36,google_play,0
13820,0.438,33.13,37,2,0.0954,43,1,22,website,1
13821,0.3769,61.71,70,0,0.0648,43,0,10,website,0
13822,0.4738,39.84,2,0,0.0298,43,0,5,google_play,0
13823,0.1658,13.19,14,1,0.0965,59,0,14,app_store,0
13824,0.582,15.35,45,1,0.5553,36,0,23,app_store,1
13825,0.2959,47.06,35,1,0.2435,27,0,24,google_play,0
13826,0.5172,38.94,61,0,0.3762,62,0,40,app_store,1
13827,0.2235,50.77,1,0,0.1655,60,0,46,app_store,1
13828,0.3491,24.46,27,2,0.0642,35,0,15,google_play,1
13829,0.5731,20.45,75,1,0.1066,37,0,9,google_play,0
13830,0.2995,31.18,23,0,0.1356,36,0,40,website,0
13831,0.5507,9.38,4,0,0.1997,63,0,38,app_store,0
13832,0.4395,21.36,21,1,0.1176,62,0,25,google_play,0
13833,0.1362,96.69,49,0,0.2735,65,0,43,website,1
13834,0.0336,19.47,52,0,0.3666,60,1,14,website,1
13835,0.4123,24.27,89,0,0.0791,42,0,40,referral,0
13836,0.2397,21.28,87,1,0.0723,64,0,37,website,0
13837,0.2753,70.24,29,0,0.049,48,0,8,google_play,1
13838,0.217,10.71,11,2,0.2579,32,1,29,app_store,0
13839,0.1122,39.34,72,1,0.2235,45,0,8,app_store,1
13840,0.4898,18.55,80,0,0.9324,50,0,45,referral,1
13841,0.1182,15.57,12,0,0.1583,51,1,7,referral,0
13842,0.1795,7.59,79,1,0.0924,60,1,13,google_play,1
13843,0.241,81.46,11,3,0.2892,55,0,47,google_play,1
13844,0.4212,40.71,57,0,0.1034,52,0,23,google_play,0
13845,0.3578,9.69,20,2,0.0585,32,0,47,google_play,0
13846,0.22,10.16,66,0,0.4047,44,1,14,app_store,1
13847,0.439,15.61,72,0,0.4275,36,0,42,referral,1
13848,0.0921,34.8,74,1,0.1538,26,0,2,app_store,1
13849,0.4847,22.43,56,1,0.3486,48,1,8,app_store,1
13850,0.181,12.95,47,0,0.1006,35,0,30,website,1
13851,0.2791,23.18,74,1,0.0692,36,0,14,app_store,0
13852,0.1222,59.59,84,0,0.1646,19,0,23,google_play,0
13853,0.0753,37.21,25,0,0.4956,35,0,1,google_play,1
13854,0.0561,6.93,16,0,0.2592,58,0,24,app_store,0
13855,0.2894,11.75,15,2,0.2337,37,0,36,website,0
13856,0.1418,22.38,59,2,0.4412,53,0,38,google_play,1
13857,0.2885,26.94,49,1,0.2577,20,1,45,website,1
13858,0.1555,61.33,42,0,0.03,26,0,43,app_store,1
13859,0.3168,24.36,3,0,0.2312,26,0,6,app_store,0
13860,0.3322,35.78,21,0,0.055,67,0,44,app_store,0
13861,0.4912,5.31,43,0,0.0706,56,0,25,google_play,0
13862,0.5525,18.57,29,0,0.5777,44,0,31,referral,0
13863,0.3721,40.01,86,1,0.3077,18,0,21,website,1
13864,0.3619,92.01,44,0,0.4317,37,0,3,google_play,0
13865,0.1131,9.6,58,0,0.4217,20,0,35,website,1
13866,0.2026,21.76,81,0,0.1354,63,0,31,website,0
13867,0.2864,7.15,45,0,0.1455,38,0,42,website,1
13868,0.3505,21.27,6,1,0.4986,28,0,35,website,1
13869,0.0916,50.87,17,1,0.1757,65,0,35,app_store,1
13870,0.3072,46.81,23,1,0.0662,21,1,33,google_play,0
13871,0.1038,23.71,41,0,0.0657,45,1,43,app_store,0
13872,0.3769,20.47,1,2,0.3318,47,0,41,referral,1
13873,0.2385,151.5,49,0,0.1528,28,0,18,app_store,0
13874,0.235,21.06,68,0,0.0583,68,1,7,google_play,1
13875,0.4682,16.68,45,1,0.5009,48,0,11,website,1
13876,0.3235,16.53,70,2,0.1074,22,0,21,google_play,0
13877,0.1392,8.77,49,0,0.0444,67,0,6,app_store,0
13878,0.1792,33.34,77,0,0.0832,18,1,43,app_store,0
13879,0.3831,38.61,86,3,0.1348,19,0,27,referral,1
13880,0.1394,37.67,61,2,0.0264,39,0,39,website,1
13881,0.3291,42.16,17,0,0.1722,32,0,24,referral,0
13882,0.2282,16.15,68,0,0.073,55,0,41,app_store,0
13883,0.387,21.84,35,0,0.0098,48,1,19,google_play,0
13884,0.5988,54.89,79,0,0.1558,34,1,19,referral,0
13885,0.5455,17.64,13,1,0.0518,27,1,5,google_play,0
13886,0.2678,16.54,52,0,0.262,61,0,15,website,1
13887,0.3922,49.17,37,1,0.2104,22,0,23,website,0
13888,0.26,14.04,53,1,0.0833,49,0,18,website,1
13889,0.2802,11.0,8,0,0.1331,34,0,39,referral,0
13890,0.2528,11.75,84,1,0.1073,59,0,24,app_store,0
13891,0.5712,162.5,31,0,0.1372,24,0,5,google_play,0
13892,0.2134,49.58,24,0,0.2439,67,0,47,website,0
13893,0.2589,37.87,34,1,0.0505,27,1,32,google_play,0
13894,0.2445,12.7,29,0,0.145,67,0,42,website,0
13895,0.1108,34.75,65,0,0.3104,31,1,43,app_store,1
13896,0.213,80.28,35,1,0.0985,65,0,11,app_store,0
13897,0.4969,31.57,82,0,0.1396,25,0,5,website,0
13898,0.2434,11.31,24,1,0.1083,40,0,12,website,1
13899,0.2593,35.65,45,0,0.2789,38,0,33,website,1
13900,0.1764,21.92,72,1,0.4845,63,0,41,website,1
13901,0.4627,27.0,69,1,0.6627,37,0,43,website,1
13902,0.2399,12.47,68,1,0.1967,49,1,30,app_store,1
13903,0.0289,14.39,36,1,0.0748,38,0,4,google_play,1
13904,0.2394,17.62,88,0,0.1442,20,1,9,app_store,0
13905,0.3188,14.23,25,0,0.1911,45,0,2,google_play,0
13906,0.2712,23.54,75,0,0.2616,57,0,16,google_play,1
13907,0.5028,15.2,13,0,0.1243,46,0,2,app_store,0
13908,0.0219,77.15,47,2,0.2481,32,0,9,website,1
13909,0.3072,34.61,35,1,0.0594,66,0,3,google_play,0
13910,0.5076,41.71,65,0,0.2088,57,0,23,google_play,0
13911,0.1765,22.26,68,0,0.0351,54,0,42,website,0
13912,0.2125,6.03,2,0,0.0883,37,0,2,app_store,0
13913,0.2475,44.15,54,1,0.042,30,0,5,website,0
13914,0.1228,22.72,83,1,0.189,39,1,35,website,0
13915,0.1115,32.84,19,1,0.068,29,0,28,website,0
13916,0.3098,23.34,70,0,0.2265,22,1,36,referral,0
13917,0.2754,5.16,67,1,0.1569,31,0,23,app_store,0
13918,0.3018,18.15,2,0,0.0105,35,0,25,referral,0
13919,0.4515,13.76,7,1,0.3227,24,0,37,app_store,0
13920,0.1362,28.37,33,1,0.141,38,0,23,google_play,1
13921,0.1177,33.81,14,1,0.017,37,0,18,website,0
13922,0.2368,110.86,27,1,0.0663,54,0,44,website,0
13923,0.2177,34.01,16,1,0.1663,51,1,22,google_play,0
13924,0.2208,16.57,74,0,0.4245,65,0,10,google_play,1
13925,0.0857,18.25,61,1,0.1194,31,0,41,app_store,1
13926,0.372,35.2,16,1,0.0846,61,0,18,website,0
13927,0.2689,44.32,25,0,0.2836,54,1,41,website,0
13928,0.2257,10.26,62,1,0.1721,36,0,21,website,0
13929,0.5504,20.63,79,0,0.3023,28,0,22,website,1
13930,0.2495,22.01,89,0,0.0076,59,0,45,app_store,0
13931,0.308,7.92,8,1,0.0999,69,0,40,referral,0
13932,0.3915,40.61,56,0,0.2064,55,0,40,google_play,1
13933,0.2921,28.72,84,1,0.2545,36,0,1,referral,1
13934,0.3013,21.38,80,0,0.0571,35,0,4,website,0
13935,0.0635,29.09,0,1,0.1034,18,0,13,app_store,1
13936,0.2831,38.76,4,3,0.2645,37,1,46,google_play,1
13937,0.5189,94.99,82,1,0.1255,43,0,13,app_store,0
13938,0.355,38.8,21,0,0.0899,38,0,31,google_play,0
13939,0.0858,11.01,11,0,0.172,49,0,8,app_store,0
13940,0.4391,176.63,13,1,0.1566,54,0,25,google_play,0
13941,0.2499,11.18,2,1,0.037,50,0,4,app_store,0
13942,0.3143,32.23,37,0,0.0873,59,0,38,website,0
13943,0.1645,21.22,24,1,0.6436,67,0,21,referral,0
13944,0.6343,22.58,6,0,0.1635,67,0,1,google_play,0
13945,0.1434,31.99,30,0,0.1507,19,0,47,referral,0
13946,0.3532,33.74,27,1,0.1756,22,0,6,app_store,0
13947,0.364,64.47,66,0,0.6066,37,1,31,google_play,0
13948,0.189,15.48,17,0,0.1667,65,0,6,google_play,0
13949,0.0725,32.45,80,1,0.0651,57,0,29,referral,1
13950,0.2074,37.54,9,0,0.4076,27,0,1,app_store,0
13951,0.7094,127.4,34,1,0.0891,47,1,4,website,0
13952,0.3861,34.8,87,2,0.1253,65,0,7,referral,1
13953,0.0744,10.97,22,0,0.4093,20,0,13,website,1
13954,0.4045,64.21,74,0,0.0541,53,0,13,google_play,0
13955,0.3829,17.99,25,0,0.162,58,0,26,app_store,0
13956,0.1161,13.43,6,1,0.1526,59,1,18,google_play,0
13957,0.1371,62.09,78,1,0.09,31,0,26,website,1
13958,0.46,26.92,71,0,0.0453,41,0,8,website,0
13959,0.3223,21.34,4,1,0.3176,48,0,7,website,0
13960,0.1545,79.85,45,0,0.1151,38,0,43,app_store,0
13961,0.0523,17.14,39,1,0.3389,65,0,2,app_store,1
13962,0.3529,17.05,63,1,0.1467,42,0,31,app_store,1
13963,0.3809,34.73,19,0,0.2214,31,0,41,google_play,0
13964,0.2584,5.05,28,1,0.0886,53,0,47,app_store,1
13965,0.3679,27.46,32,0,0.2526,50,0,26,website,0
13966,0.4362,25.94,74,0,0.1868,38,0,5,google_play,0
13967,0.3696,13.5,23,0,0.0091,65,0,11,google_play,0
13968,0.2559,24.24,25,1,0.1216,30,0,43,app_store,0
13969,0.3467,29.42,70,0,0.0388,58,0,29,google_play,0
13970,0.0962,23.8,16,1,0.0365,18,0,42,google_play,0
13971,0.4284,43.44,22,1,0.2622,68,0,7,app_store,1
13972,0.2125,29.63,37,0,0.0618,54,0,27,referral,0
13973,0.3676,21.79,81,0,0.2392,42,1,30,google_play,1
13974,0.1649,40.08,31,0,0.1191,48,0,8,google_play,1
13975,0.4637,29.6,63,0,0.0435,54,0,43,google_play,0
13976,0.5734,200.53,26,1,0.144,69,0,10,google_play,0
13977,0.0926,50.21,26,0,0.2937,59,0,39,app_store,0
13978,0.1526,16.93,87,2,0.1385,61,0,18,app_store,1
13979,0.5668,7.36,5,1,0.031,61,0,41,website,0
13980,0.2572,15.26,12,0,0.2126,66,0,42,website,0
13981,0.2429,5.87,15,0,0.1895,34,0,40,google_play,0
13982,0.082,39.08,14,1,0.2095,30,0,10,website,1
13983,0.1484,20.01,46,2,0.1287,18,0,12,website,0
13984,0.12,14.32,14,0,0.0778,63,0,41,google_play,0
13985,0.2672,37.29,74,1,0.161,40,0,9,website,1
13986,0.444,18.94,59,0,0.1472,49,1,17,website,0
13987,0.4343,32.33,34,0,0.0676,23,0,46,app_store,0
13988,0.2177,20.36,38,0,0.202,20,0,30,google_play,0
13989,0.171,25.89,36,0,0.2091,57,0,20,app_store,0
13990,0.5248,60.54,44,0,0.4048,54,0,40,google_play,0
13991,0.3696,46.55,82,0,0.1025,56,0,26,website,0
13992,0.4001,66.89,24,2,0.224,20,0,23,google_play,0
13993,0.2734,31.22,38,2,0.0598,31,0,14,google_play,0
13994,0.4428,6.91,30,0,0.0887,25,1,15,website,1
13995,0.3427,15.19,15,1,0.0426,22,0,23,google_play,0
13996,0.0726,7.92,54,2,0.1542,51,0,3,app_store,1
13997,0.2557,46.67,16,0,0.0461,33,0,7,google_play,0
13998,0.4245,24.8,64,0,0.4376,58,0,14,website,1
13999,0.0572,59.24,76,1,0.0991,47,0,20,website,0
14000,0.5095,50.73,57,0,0.0999,55,0,44,google_play,0
14001,0.2607,22.46,43,0,0.1708,28,1,38,referral,1
14002,0.2411,83.27,64,0,0.0353,35,1,37,app_store,0
14003,0.4062,48.01,70,0,0.0251,30,0,41,google_play,0
14004,0.487,25.97,44,0,0.3595,56,0,42,google_play,0
14005,0.0852,33.26,51,0,0.103,40,1,47,google_play,0
14006,0.3548,66.01,28,0,0.3209,51,0,4,website,0
14007,0.4435,33.56,18,2,0.2553,34,0,14,app_store,0
14008,0.1233,15.39,5,1,0.1581,45,0,29,referral,0
14009,0.2344,10.77,22,1,0.407,30,0,18,website,0
14010,0.3056,20.38,30,1,0.0182,27,1,27,google_play,0
14011,0.4374,15.23,12,2,0.0099,29,0,1,website,1
14012,0.0775,28.3,78,0,0.128,44,0,37,app_store,0
14013,0.0638,17.1,9,0,0.2048,28,0,36,website,0
14014,0.5584,18.76,29,0,0.2295,33,0,25,referral,0
14015,0.188,57.33,55,0,0.2778,52,0,17,referral,1
14016,0.3434,78.19,14,1,0.0178,43,0,1,referral,0
14017,0.2364,14.24,71,0,0.0807,46,0,33,app_store,0
14018,0.2963,19.08,60,0,0.1152,65,0,42,website,0
14019,0.1671,20.89,61,2,0.2894,55,1,4,referral,1
14020,0.2194,30.56,69,1,0.453,67,0,21,app_store,1
14021,0.0573,31.21,81,0,0.1865,61,0,4,website,0
14022,0.0979,17.2,47,1,0.1458,64,0,25,app_store,1
14023,0.249,35.05,81,3,0.2268,21,0,36,website,1
14024,0.1771,17.76,84,0,0.2829,36,0,11,app_store,0
14025,0.2677,18.89,85,3,0.2217,47,1,29,google_play,1
14026,0.1307,12.98,78,0,0.0855,27,1,6,app_store,0
14027,0.3077,50.64,69,0,0.0429,27,0,11,referral,0
14028,0.3438,46.35,88,0,0.3787,54,0,30,app_store,1
14029,0.0966,31.27,43,0,0.2871,61,0,14,google_play,1
14030,0.3673,39.02,17,1,0.1361,52,0,10,website,0
14031,0.2354,53.3,31,0,0.1099,39,0,15,google_play,0
14032,0.1609,41.53,23,2,0.4071,68,1,38,google_play,1
14033,0.2374,40.83,7,1,0.0774,32,0,16,referral,0
14034,0.4878,18.17,46,0,0.1514,62,0,45,google_play,0
14035,0.2765,8.57,84,0,0.4585,57,1,23,app_store,1
14036,0.147,14.11,79,2,0.0937,65,0,4,google_play,0
14037,0.1015,114.03,25,1,0.501,64,0,37,google_play,0
14038,0.2702,20.78,35,0,0.1069,49,0,5,website,0
14039,0.205,75.23,13,2,0.0944,62,0,43,google_play,1
14040,0.3699,35.84,39,0,0.1988,64,1,13,google_play,0
14041,0.2372,24.02,7,0,0.1744,68,0,7,app_store,1
14042,0.1711,13.04,9,0,0.3704,30,0,41,website,0
14043,0.2778,15.0,22,1,0.1974,55,0,17,google_play,0
14044,0.207,22.37,64,4,0.2164,53,0,24,google_play,1
14045,0.2327,22.33,76,1,0.0458,28,0,31,app_store,0
14046,0.044,35.96,76,0,0.1902,26,0,29,website,1
14047,0.0746,15.26,85,1,0.222,65,0,46,app_store,1
14048,0.2549,15.65,10,1,0.1631,20,0,47,app_store,0
14049,0.1815,45.18,22,0,0.0933,30,0,27,google_play,0
14050,0.2254,92.67,47,1,0.3747,68,0,22,google_play,1
14051,0.1614,26.05,75,0,0.4959,35,0,31,website,1
14052,0.0563,33.46,7,1,0.1056,20,0,6,referral,1
14053,0.2607,22.14,52,0,0.2126,21,0,35,website,1
14054,0.2888,23.45,12,0,0.5348,64,1,34,website,0
14055,0.2942,21.15,26,2,0.16,54,0,25,google_play,0
14056,0.1538,19.2,63,2,0.2634,61,0,20,website,1
14057,0.2721,36.18,26,0,0.2033,45,1,11,referral,0
14058,0.2067,37.78,67,1,0.327,55,0,1,google_play,1
14059,0.2444,20.68,35,3,0.1811,69,0,17,app_store,1
14060,0.1277,16.41,86,1,0.1073,39,0,31,app_store,1
14061,0.1705,17.57,12,0,0.0532,18,0,39,google_play,1
14062,0.2592,38.71,19,0,0.2266,45,0,17,app_store,0
14063,0.2943,13.99,58,0,0.098,64,0,13,referral,0
14064,0.4464,12.04,87,1,0.0627,20,0,27,website,0
14065,0.57,29.89,3,1,0.2427,39,0,28,google_play,0
14066,0.6077,23.41,54,3,0.11,59,0,38,app_store,0
14067,0.2609,22.26,80,0,0.3659,52,0,43,referral,0
14068,0.1851,43.96,75,0,0.396,40,0,24,referral,1
14069,0.1501,23.66,68,0,0.0922,48,0,15,google_play,0
14070,0.1599,15.51,45,0,0.3009,42,0,11,referral,1
14071,0.1904,27.65,30,0,0.0271,19,0,17,app_store,0
14072,0.3612,15.54,56,2,0.1708,64,0,2,app_store,0
14073,0.0702,45.59,44,0,0.2118,32,0,41,referral,1
14074,0.652,24.92,28,0,0.2992,59,0,35,website,1
14075,0.5392,11.94,37,1,0.1714,40,0,34,app_store,0
14076,0.3208,27.35,12,0,0.4564,19,0,45,google_play,1
14077,0.0814,14.06,85,1,0.3338,34,0,7,app_store,1
14078,0.2238,50.36,14,1,0.1989,52,0,35,website,0
14079,0.5927,22.89,44,0,0.3919,19,0,32,google_play,1
14080,0.454,38.12,38,0,0.2916,65,0,32,google_play,0
14081,0.6141,15.92,85,1,0.1057,44,1,20,google_play,0
14082,0.1415,21.43,44,0,0.1359,50,0,33,google_play,0
14083,0.1968,32.79,70,2,0.5564,33,0,6,website,1
14084,0.0727,21.97,50,1,0.2952,57,0,46,google_play,1
14085,0.1861,13.14,69,1,0.0794,61,0,37,website,0
14086,0.438,40.55,35,0,0.0816,65,0,40,app_store,0
14087,0.5613,29.9,63,0,0.3241,21,0,31,website,0
14088,0.1615,11.56,81,1,0.1941,29,0,40,google_play,0
14089,0.1974,19.03,60,0,0.4669,60,0,30,google_play,0
14090,0.1647,13.82,37,0,0.2244,52,0,10,referral,0
14091,0.2986,17.46,35,0,0.1962,59,0,27,app_store,0
14092,0.2306,17.88,45,5,0.3188,28,0,38,referral,1
14093,0.0436,20.78,9,1,0.0794,30,0,17,app_store,1
14094,0.4307,9.09,15,0,0.1513,69,1,45,app_store,0
14095,0.1527,18.34,45,1,0.0945,45,0,33,google_play,0
14096,0.4796,48.15,23,1,0.6762,54,1,43,website,1
14097,0.4303,82.01,70,1,0.1843,34,0,9,website,0
14098,0.1081,11.04,31,1,0.2557,54,1,1,app_store,1
14099,0.5223,52.2,11,0,0.8089,23,1,20,website,0
14100,0.4607,117.35,40,2,0.2332,28,0,22,google_play,0
14101,0.6013,21.38,42,0,0.0609,36,0,6,website,0
14102,0.1876,35.08,25,0,0.2368,34,0,31,referral,0
14103,0.0537,49.92,22,0,0.2794,59,0,25,google_play,0
14104,0.4383,18.08,51,1,0.441,59,0,38,referral,1
14105,0.4233,47.72,40,1,0.168,21,0,44,website,0
14106,0.4385,21.46,65,1,0.0466,45,1,6,website,0
14107,0.5749,47.97,18,1,0.1206,44,0,15,website,0
14108,0.0994,70.93,74,0,0.03,65,0,45,google_play,0
14109,0.1397,59.2,60,0,0.2406,19,0,17,website,0
14110,0.066,19.7,12,2,0.0237,32,0,4,referral,1
14111,0.0777,37.3,58,1,0.009,28,0,24,website,0
14112,0.1294,17.67,40,0,0.1211,67,0,46,google_play,0
14113,0.2451,11.05,38,1,0.0059,30,0,33,website,1
14114,0.1733,21.01,51,0,0.024,62,0,29,google_play,0
14115,0.2499,43.49,22,1,0.478,25,0,27,website,1
14116,0.1298,20.28,83,2,0.3615,60,0,36,website,1
14117,0.4628,67.97,25,0,0.112,36,1,25,google_play,0
14118,0.5005,25.9,82,0,0.1999,43,1,28,website,0
14119,0.1869,11.6,17,0,0.2254,60,0,1,app_store,0
14120,0.1684,20.25,18,1,0.0786,35,0,1,app_store,0
14121,0.3981,15.68,86,1,0.4926,68,0,42,app_store,1
14122,0.0957,61.7,54,1,0.3808,33,0,45,website,1
14123,0.2608,34.94,20,1,0.3656,20,1,30,referral,0
14124,0.1092,23.49,42,0,0.3049,41,0,36,google_play,1
14125,0.1245,41.32,38,1,0.134,42,1,4,app_store,0
14126,0.1746,14.28,68,0,0.3357,63,1,29,app_store,0
14127,0.1666,11.08,45,1,0.3847,60,0,42,google_play,1
14128,0.4811,10.18,6,1,0.0977,34,0,7,google_play,0
14129,0.1795,6.82,60,1,0.1697,32,0,32,website,1
14130,0.3039,11.67,74,0,0.1241,40,0,39,website,0
14131,0.3358,36.42,67,1,0.1413,68,0,25,app_store,1
14132,0.3419,40.91,19,0,0.1898,42,0,47,website,0
14133,0.1063,13.36,34,0,0.3941,40,0,18,app_store,1
14134,0.2071,6.01,3,0,0.1093,23,0,47,website,0
14135,0.2763,18.48,46,0,0.3403,51,1,46,website,0
14136,0.3185,34.81,28,1,0.0606,65,0,44,website,1
14137,0.1663,43.97,81,1,0.2156,53,1,16,google_play,1
14138,0.5051,29.09,21,0,0.1758,35,0,25,app_store,0
14139,0.4382,12.13,10,0,0.0906,37,0,47,website,0
14140,0.0855,40.84,64,1,0.1821,64,0,8,app_store,1
14141,0.2496,32.34,39,0,0.1185,27,0,40,google_play,0
14142,0.4136,41.17,57,0,0.1456,23,0,42,website,1
14143,0.3176,13.15,17,1,0.1155,26,1,40,app_store,0
14144,0.2222,35.14,78,0,0.4882,33,0,3,google_play,1
14145,0.2411,45.06,4,1,0.0915,67,0,25,referral,1
14146,0.1495,9.53,35,1,0.0058,21,0,21,app_store,0
14147,0.2617,15.94,13,0,0.0758,47,0,45,referral,0
14148,0.3698,8.46,64,2,0.2711,35,0,2,website,1
14149,0.2569,13.89,22,0,0.5538,31,0,32,app_store,0
14150,0.1551,22.82,41,0,0.4717,32,1,38,google_play,0
14151,0.525,8.91,50,0,0.1122,21,0,31,website,0
14152,0.0895,53.44,23,0,0.1715,64,0,13,app_store,0
14153,0.5051,53.98,69,0,0.3296,20,0,1,referral,1
14154,0.1552,22.39,23,0,0.1693,42,0,29,referral,0
14155,0.2745,15.49,84,0,0.0792,18,0,16,website,0
14156,0.2058,23.79,59,0,0.0213,32,0,20,website,0
14157,0.1146,68.13,86,0,0.2245,29,0,40,app_store,0
14158,0.0809,37.99,6,1,0.076,65,0,39,website,0
14159,0.1342,6.96,79,1,0.1043,19,0,16,website,1
14160,0.1028,5.07,87,0,0.1321,65,0,20,referral,0
14161,0.3059,13.01,46,3,0.197,63,0,29,referral,0
14162,0.0543,23.8,79,0,0.1408,63,0,3,google_play,0
14163,0.1027,7.45,38,1,0.2593,27,0,47,website,0
14164,0.2013,21.24,40,0,0.5685,47,0,33,google_play,0
14165,0.4662,7.59,40,1,0.372,34,0,13,google_play,1
14166,0.6086,24.67,57,0,0.0852,23,0,38,referral,0
14167,0.3216,28.57,86,0,0.0576,66,0,18,app_store,0
14168,0.2828,80.88,18,0,0.1468,41,0,36,app_store,0
14169,0.1065,22.37,53,0,0.2968,38,0,32,website,1
14170,0.3856,19.13,44,0,0.2314,67,0,40,website,0
14171,0.2707,62.4,67,2,0.0578,52,0,36,website,0
14172,0.0204,38.75,40,3,0.1959,39,0,8,referral,1
14173,0.0958,25.28,5,0,0.2835,56,0,30,google_play,0
14174,0.6567,19.83,72,1,0.1543,66,0,23,app_store,0
14175,0.4422,80.69,87,1,0.061,67,0,11,website,0
14176,0.0123,14.69,85,2,0.3112,48,0,4,referral,1
14177,0.4235,8.72,46,3,0.5773,54,0,46,app_store,1
14178,0.2882,21.45,31,0,0.3437,38,1,5,referral,0
14179,0.3365,19.66,54,1,0.5438,57,0,1,google_play,1
14180,0.2705,57.05,75,1,0.0609,32,0,13,website,0
14181,0.2285,27.36,72,0,0.137,44,1,34,referral,0
14182,0.2355,46.55,50,0,0.0392,63,0,47,website,0
14183,0.1515,4.09,7,0,0.1328,42,0,40,app_store,0
14184,0.4595,19.42,22,1,0.3852,63,0,4,app_store,0
14185,0.1294,68.93,1,1,0.378,27,1,39,website,0
14186,0.3999,11.53,45,1,0.0208,41,0,2,app_store,0
14187,0.0807,20.18,85,1,0.8117,18,0,47,google_play,1
14188,0.2373,44.14,54,0,0.0674,56,0,35,website,0
14189,0.0863,17.23,19,1,0.1695,28,0,15,app_store,0
14190,0.3498,42.42,3,0,0.0907,27,0,47,website,0
14191,0.389,16.07,9,0,0.0978,57,0,41,website,0
14192,0.0463,23.9,30,1,0.0905,36,0,5,website,0
14193,0.5697,39.24,84,0,0.0087,24,0,33,website,0
14194,0.3925,11.43,3,1,0.2833,45,0,2,app_store,1
14195,0.3445,13.88,33,0,0.2652,23,0,47,google_play,0
14196,0.1834,46.52,35,1,0.3269,64,0,30,app_store,1
14197,0.223,14.13,76,1,0.49,36,0,31,website,1
14198,0.2059,26.8,55,0,0.3248,41,0,3,referral,1
14199,0.2692,48.51,83,0,0.2292,62,0,46,website,0
14200,0.4369,26.17,76,1,0.1057,67,0,30,google_play,0
14201,0.1982,29.69,17,0,0.1229,53,1,7,google_play,1
14202,0.307,72.58,54,2,0.3096,31,0,28,website,1
14203,0.4377,122.79,6,0,0.1089,69,0,39,app_store,0
14204,0.2562,26.99,59,0,0.0398,30,0,28,app_store,0
14205,0.4426,18.23,3,0,0.3268,51,1,16,website,0
14206,0.0175,43.96,57,0,0.0831,18,0,23,website,1
14207,0.2791,14.24,24,0,0.114,47,0,24,website,0
14208,0.0823,61.51,63,0,0.2177,66,0,42,website,1
14209,0.0306,16.73,16,0,0.2521,58,0,21,website,0
14210,0.2518,18.24,25,0,0.2712,22,0,40,google_play,0
14211,0.4074,11.96,81,0,0.0342,23,0,14,app_store,0
14212,0.1934,13.54,55,0,0.1411,53,0,32,google_play,0
14213,0.5624,56.05,83,0,0.282,42,0,20,app_store,1
14214,0.1228,31.18,68,1,0.3604,30,1,31,google_play,1
14215,0.3499,23.65,39,0,0.2003,59,0,23,app_store,0
14216,0.0921,103.05,33,0,0.3755,47,0,39,app_store,0
14217,0.1703,26.65,31,1,0.0725,25,0,33,website,1
14218,0.1848,24.23,42,0,0.3221,69,0,11,google_play,1
14219,0.291,11.26,36,0,0.0874,62,1,46,app_store,0
14220,0.0967,13.92,11,0,0.1438,48,0,35,app_store,1
14221,0.1667,12.74,75,0,0.9146,50,0,32,google_play,1
14222,0.4499,15.18,21,1,0.1348,46,0,41,app_store,0
14223,0.3866,17.68,13,0,0.1748,55,1,10,google_play,0
14224,0.141,20.09,15,1,0.113,46,0,41,google_play,0
14225,0.4004,40.03,13,1,0.2855,40,0,28,google_play,0
14226,0.2915,24.1,56,1,0.0376,19,0,17,referral,0
14227,0.4289,85.77,25,0,0.6232,47,0,41,google_play,0
14228,0.2195,38.14,1,1,0.2841,26,1,12,google_play,0
14229,0.4251,14.96,52,0,0.3414,54,0,29,referral,1
14230,0.1458,33.67,39,0,0.8295,62,0,11,website,0
14231,0.3792,27.27,64,1,0.1146,57,0,19,app_store,1
14232,0.1509,65.21,16,0,0.1698,31,0,41,referral,0
14233,0.1081,43.59,89,0,0.2053,23,0,20,referral,1
14234,0.1024,25.72,11,0,0.2225,49,0,37,app_store,1
14235,0.2623,83.43,3,1,0.4773,56,0,11,google_play,1
14236,0.0244,36.24,32,0,0.0133,31,0,17,google_play,0
14237,0.1322,37.37,32,0,0.0782,36,1,23,website,0
14238,0.2771,70.26,81,0,0.2564,39,0,36,referral,1
14239,0.4304,44.69,27,0,0.1803,58,0,23,google_play,0
14240,0.7729,28.54,55,1,0.3275,62,0,3,website,0
14241,0.1808,23.23,3,0,0.0952,31,0,5,app_store,0
14242,0.3918,5.97,53,0,0.5038,40,0,35,website,1
14243,0.4228,6.74,71,1,0.2565,35,1,42,referral,1
14244,0.1818,22.6,65,0,0.1953,45,0,19,website,1
14245,0.1689,16.63,38,0,0.3769,32,0,44,google_play,0
14246,0.0535,24.86,48,0,0.0057,49,0,1,referral,0
14247,0.1984,50.0,55,0,0.0915,39,0,17,google_play,0
14248,0.1692,14.28,38,0,0.3072,57,0,6,website,1
14249,0.2906,8.14,40,1,0.1751,64,0,21,referral,1
14250,0.5012,9.88,84,1,0.0616,50,0,30,app_store,0
14251,0.0636,12.32,32,0,0.0638,60,0,17,website,1
14252,0.2421,11.04,82,2,0.4344,27,0,33,google_play,1
14253,0.2695,25.29,12,1,0.1993,20,0,11,website,0
14254,0.3832,72.05,42,0,0.0574,48,0,4,google_play,0
14255,0.2818,37.73,80,0,0.6085,36,1,19,google_play,1
14256,0.5183,39.73,19,1,0.1328,27,0,31,website,1
14257,0.536,28.6,10,1,0.4412,54,0,36,app_store,0
14258,0.2795,10.31,57,0,0.192,53,0,23,app_store,0
14259,0.3885,117.74,52,2,0.0484,56,0,9,app_store,0
14260,0.1485,19.64,42,0,0.0518,61,0,39,app_store,0
14261,0.1262,42.23,87,0,0.1321,19,0,34,google_play,0
14262,0.0507,5.12,34,0,0.304,43,0,46,google_play,1
14263,0.2704,23.05,25,1,0.0392,21,0,40,google_play,0
14264,0.2593,21.75,34,2,0.0815,44,1,19,google_play,0
14265,0.4656,20.35,42,0,0.1541,40,0,8,website,0
14266,0.3443,9.2,60,0,0.3673,30,0,19,app_store,0
14267,0.3886,28.19,67,1,0.1211,53,0,29,google_play,0
14268,0.3301,57.62,35,0,0.5068,67,0,37,app_store,0
14269,0.0568,106.68,23,2,0.0896,69,0,28,app_store,0
14270,0.1324,77.8,55,1,0.2958,62,0,23,google_play,1
14271,0.1539,59.46,20,1,0.0349,19,0,25,google_play,1
14272,0.4745,81.14,13,0,0.0851,36,0,36,referral,0
14273,0.3969,88.08,9,1,0.0168,37,1,46,google_play,0
14274,0.191,12.85,22,0,0.2607,27,0,6,app_store,0
14275,0.3672,29.26,2,0,0.4898,30,0,21,website,1
14276,0.4784,10.04,59,1,0.7452,38,0,26,app_store,1
14277,0.1521,35.77,25,2,0.0587,53,0,36,google_play,0
14278,0.4398,20.65,6,1,0.1742,30,0,28,google_play,0
14279,0.4624,22.02,61,0,0.3081,57,0,30,app_store,0
14280,0.4145,20.26,80,0,0.9277,63,0,43,app_store,1
14281,0.4073,4.28,6,0,0.471,55,0,27,app_store,0
14282,0.1126,6.45,20,1,0.089,46,1,18,google_play,1
14283,0.271,44.66,69,1,0.6289,45,0,7,referral,0
14284,0.5366,15.31,71,1,0.2182,61,0,9,app_store,1
14285,0.1576,50.2,38,0,0.4026,46,0,15,website,1
14286,0.1719,21.91,43,0,0.1528,21,0,1,referral,0
14287,0.5439,8.08,49,0,0.1391,24,1,11,app_store,0
14288,0.3629,9.2,46,1,0.1631,65,0,2,google_play,1
14289,0.5079,15.33,28,1,0.0414,21,0,1,app_store,0
14290,0.4115,12.82,73,0,0.3541,48,0,2,website,0
14291,0.45,23.06,59,3,0.4815,59,0,31,website,1
14292,0.4107,29.27,44,0,0.2282,28,0,21,referral,0
14293,0.2406,31.13,68,0,0.0397,45,0,37,app_store,1
14294,0.5081,28.78,22,0,0.338,22,0,24,app_store,0
14295,0.5778,45.55,7,0,0.11,29,0,45,referral,0
14296,0.5255,49.5,26,2,0.131,41,0,5,app_store,0
14297,0.2026,12.8,79,1,0.3282,31,0,43,website,1
14298,0.2589,6.65,65,0,0.472,62,0,7,app_store,1
14299,0.3223,15.26,52,2,0.1311,48,1,42,website,0
14300,0.0264,26.01,50,0,0.1101,38,0,46,app_store,1
14301,0.3138,16.98,58,0,0.0758,28,1,9,google_play,0
14302,0.3555,38.21,83,1,0.181,65,0,42,app_store,0
14303,0.2834,9.66,47,0,0.0074,31,0,13,google_play,1
14304,0.2579,74.16,29,0,0.078,66,0,26,app_store,0
14305,0.2438,42.48,8,1,0.2173,26,0,42,website,0
14306,0.2427,18.73,8,1,0.1606,65,0,10,app_store,0
14307,0.3437,14.37,40,1,0.0978,59,1,5,google_play,0
14308,0.0668,22.06,58,1,0.4191,55,1,4,website,1
14309,0.0405,54.79,15,0,0.0565,53,0,40,app_store,0
14310,0.1891,18.55,14,0,0.1958,30,1,20,website,0
14311,0.6552,16.33,45,1,0.2409,34,0,34,referral,0
14312,0.2497,24.45,13,0,0.1926,59,0,1,google_play,0
14313,0.5345,10.19,81,0,0.273,50,0,16,app_store,0
14314,0.2782,52.09,77,1,0.2915,25,0,36,app_store,1
14315,0.3892,37.9,42,1,0.0288,43,0,34,referral,0
14316,0.2494,46.25,69,0,0.4313,21,0,29,website,1
14317,0.3291,64.71,18,0,0.0649,30,0,16,google_play,0
14318,0.3428,14.11,12,1,0.0106,25,0,43,google_play,0
14319,0.0993,24.8,45,1,0.3204,69,1,45,referral,1
14320,0.2472,22.96,69,0,0.0913,47,1,19,app_store,0
14321,0.1635,74.37,30,0,0.7752,69,0,16,google_play,0
14322,0.238,18.36,20,0,0.4447,67,0,28,google_play,1
14323,0.0762,7.01,83,0,0.2321,69,0,19,app_store,1
14324,0.2563,17.78,39,1,0.1608,18,1,41,google_play,0
14325,0.1319,45.61,38,1,0.1205,51,0,22,google_play,0
14326,0.1166,35.63,24,1,0.1882,24,0,30,website,1
14327,0.1323,22.98,71,1,0.0999,56,0,30,app_store,0
14328,0.2842,18.8,19,0,0.3573,57,0,31,website,0
14329,0.2832,31.15,43,0,0.1454,43,0,38,app_store,0
14330,0.2116,36.46,7,1,0.1145,36,0,7,website,0
14331,0.1444,28.56,21,1,0.4678,26,0,6,app_store,1
14332,0.3707,19.22,87,1,0.2052,19,0,32,google_play,0
14333,0.174,24.01,59,2,0.0294,43,0,12,website,1
14334,0.0045,16.73,21,1,0.3301,43,0,14,google_play,1
14335,0.3284,50.59,1,0,0.1394,41,1,14,website,0
14336,0.1161,22.37,29,2,0.1425,32,0,46,website,1
14337,0.1471,12.75,73,0,0.4669,34,0,23,google_play,1
14338,0.1585,119.29,58,2,0.5925,31,0,47,app_store,1
14339,0.621,14.73,80,0,0.0796,27,0,9,app_store,0
14340,0.4335,13.13,65,2,0.022,60,0,7,referral,1
14341,0.0243,10.56,49,0,0.3405,30,0,39,referral,1
14342,0.5217,15.17,87,2,0.1519,56,0,44,website,0
14343,0.3432,41.36,22,1,0.0722,24,1,20,website,0
14344,0.3595,8.11,13,2,0.1773,38,0,44,website,0
14345,0.2179,27.46,15,1,0.0868,41,0,28,google_play,0
14346,0.5662,16.31,54,0,0.1133,40,0,24,website,0
14347,0.431,13.9,64,2,0.7373,64,0,26,google_play,1
14348,0.6993,7.26,63,1,0.0982,49,1,1,google_play,0
14349,0.075,23.78,19,0,0.0514,65,0,42,app_store,0
14350,0.3439,7.39,64,0,0.1632,42,1,7,app_store,1
14351,0.3322,20.16,45,0,0.133,20,0,5,app_store,1
14352,0.7964,31.15,89,1,0.0066,57,0,8,app_store,0
14353,0.233,5.05,77,0,0.2519,61,0,13,google_play,1
14354,0.4549,39.87,11,0,0.079,26,0,19,google_play,0
14355,0.4084,6.15,68,0,0.2198,29,0,7,website,1
14356,0.2748,87.46,9,1,0.1904,54,0,4,website,0
14357,0.1014,21.41,1,0,0.1003,56,0,28,referral,0
14358,0.3786,13.41,16,1,0.2461,42,0,4,app_store,0
14359,0.1748,28.32,63,0,0.0574,47,0,17,google_play,0
14360,0.4796,13.06,79,0,0.0596,20,0,27,app_store,0
14361,0.3711,4.48,1,0,0.5057,41,0,23,google_play,0
14362,0.3679,54.43,87,1,0.1908,24,0,29,google_play,0
14363,0.2499,19.24,29,4,0.2948,28,1,22,website,1
14364,0.0901,25.87,24,0,1.0,64,0,47,website,1
14365,0.0441,21.85,33,0,0.0529,55,0,34,google_play,0
14366,0.067,13.72,3,1,0.1939,35,0,26,website,0
14367,0.6756,11.22,42,1,0.0468,37,0,39,google_play,0
14368,0.5367,40.88,63,0,0.117,45,0,46,website,0
14369,0.2967,35.12,58,2,0.0648,42,0,47,referral,1
14370,0.2657,23.8,63,1,0.0688,53,0,23,google_play,0
14371,0.3402,50.16,89,0,0.0696,49,0,45,website,0
14372,0.1095,23.29,47,0,0.0605,39,0,15,app_store,1
14373,0.3265,53.64,15,0,0.3036,28,0,31,google_play,0
14374,0.3524,68.93,25,0,0.4227,45,0,23,app_store,0
14375,0.4918,52.34,60,1,0.2899,33,0,15,app_store,1
14376,0.6009,32.7,59,0,0.3938,55,0,28,google_play,1
14377,0.6794,12.1,16,0,0.2352,64,1,30,google_play,0
14378,0.3401,33.46,63,1,0.1158,29,0,34,google_play,1
14379,0.2818,17.61,29,1,0.2185,36,1,19,app_store,1
14380,0.1995,40.61,10,0,0.1107,42,0,46,website,0
14381,0.5023,76.0,73,0,0.0498,46,0,47,website,0
14382,0.2175,23.03,27,1,0.1108,37,0,10,website,0
14383,0.165,11.2,6,2,0.1832,68,0,40,app_store,0
14384,0.4747,40.08,86,1,0.1735,48,0,32,google_play,0
14385,0.5913,24.39,1,1,0.1539,43,0,23,referral,0
14386,0.2607,71.91,19,1,0.1866,23,0,29,website,0
14387,0.277,25.48,32,0,0.463,32,0,6,app_store,1
14388,0.633,23.35,49,1,0.4596,59,0,5,referral,1
14389,0.2224,26.24,39,0,0.027,58,0,11,website,0
14390,0.2465,30.44,27,1,0.1616,40,1,20,google_play,0
14391,0.3863,6.13,37,2,0.0691,36,0,25,google_play,0
14392,0.2043,13.9,71,1,0.4289,36,0,27,referral,1
14393,0.2627,53.25,52,0,0.3598,27,0,21,referral,1
14394,0.1925,15.54,40,1,0.3619,18,0,6,app_store,1
14395,0.2664,24.04,66,0,0.0977,35,0,27,website,0
14396,0.4826,20.9,43,1,0.4422,57,0,44,app_store,1
14397,0.1963,15.17,57,0,0.1073,26,0,17,referral,0
14398,0.1472,21.92,58,0,0.2931,26,0,9,app_store,0
14399,0.139,12.0,66,0,0.2855,58,0,10,app_store,0
14400,0.0327,8.7,29,1,0.1921,65,0,19,google_play,0
14401,0.5771,28.34,46,1,0.3719,62,0,23,google_play,0
14402,0.423,75.81,19,2,0.2257,48,0,25,website,1
14403,0.0755,41.39,39,1,0.0055,28,1,10,app_store,1
14404,0.0943,42.0,0,3,0.1146,53,0,36,website,1
14405,0.6231,51.32,11,1,0.0996,61,0,2,google_play,0
14406,0.4002,28.33,29,1,0.0315,23,0,19,google_play,1
14407,0.2646,24.94,88,0,0.5534,45,0,29,app_store,1
14408,0.3989,13.44,63,3,0.0251,53,0,33,google_play,0
14409,0.23,42.59,59,1,0.0641,68,0,17,app_store,0
14410,0.1942,29.78,72,0,0.0546,21,1,18,app_store,1
14411,0.336,15.15,20,0,0.1968,31,1,29,google_play,0
14412,0.3708,19.68,88,0,0.1595,45,1,27,google_play,0
14413,0.2241,11.15,61,0,0.1657,56,0,7,website,1
14414,0.1733,35.43,37,1,0.034,50,0,39,referral,0
14415,0.4542,72.34,48,0,0.451,20,1,41,website,1
14416,0.3908,11.13,30,0,0.0689,55,0,20,website,0
14417,0.2904,50.98,36,0,0.0111,66,0,40,google_play,1
14418,0.078,57.19,82,0,0.2631,66,0,11,website,1
14419,0.4906,10.87,55,2,0.0925,46,0,39,app_store,0
14420,0.1097,5.77,46,0,0.2361,47,1,21,google_play,1
14421,0.0338,25.64,20,2,0.966,65,0,12,app_store,1
14422,0.2714,21.72,72,0,0.4578,24,0,34,website,1
14423,0.2592,21.03,87,0,0.1991,46,0,37,website,0
14424,0.1667,53.98,72,0,0.1067,21,0,21,website,0
14425,0.4375,19.18,39,0,0.0721,65,0,16,website,0
14426,0.1281,133.42,79,0,0.1005,49,0,10,app_store,0
14427,0.2263,8.37,51,1,0.6178,52,0,22,google_play,1
14428,0.416,13.37,33,0,0.2319,29,0,46,app_store,0
14429,0.1922,13.32,9,1,0.1455,54,0,15,website,0
14430,0.2654,21.52,53,1,0.4481,46,0,35,website,1
14431,0.5376,66.31,79,2,0.4394,51,0,37,website,1
14432,0.3548,11.23,88,0,0.4119,57,0,45,website,1
14433,0.051,13.03,61,1,0.1145,35,0,30,app_store,1
14434,0.1165,15.73,27,0,0.023,58,0,30,google_play,1
14435,0.0639,23.04,8,0,0.0917,42,1,36,google_play,0
14436,0.2674,27.47,61,0,0.2113,39,0,27,google_play,0
14437,0.2623,18.67,38,0,0.1013,66,0,38,app_store,0
14438,0.169,9.95,38,0,0.168,28,0,25,app_store,0
14439,0.5781,22.92,23,0,0.2963,19,1,37,app_store,0
14440,0.2101,66.92,6,1,0.0117,48,0,26,referral,1
14441,0.4602,46.56,43,2,0.6362,19,0,31,referral,1
14442,0.1836,17.82,34,1,0.281,34,1,45,google_play,0
14443,0.4787,25.79,37,0,0.3072,39,0,28,website,0
14444,0.3391,34.8,9,1,0.1387,47,0,21,google_play,0
14445,0.1684,45.58,69,1,0.6332,51,0,24,google_play,1
14446,0.6233,71.82,55,0,0.0093,54,1,39,website,0
14447,0.2145,29.61,51,0,0.0553,27,0,5,website,0
14448,0.3981,10.8,5,3,0.0529,59,0,29,google_play,0
14449,0.3557,8.4,39,1,0.2377,37,1,2,google_play,0
14450,0.291,37.41,31,1,0.3044,45,0,25,website,1
14451,0.1169,8.91,15,1,0.1978,52,0,44,website,0
14452,0.455,43.42,83,1,0.0983,55,0,28,website,0
14453,0.235,16.16,85,1,0.0376,37,0,33,google_play,1
14454,0.2469,10.48,83,1,0.2283,67,0,28,google_play,1
14455,0.2551,35.14,27,0,0.1364,26,1,37,google_play,0
14456,0.3476,11.99,15,1,0.2927,69,0,2,app_store,0
14457,0.034,34.14,5,0,0.0394,31,0,46,google_play,0
14458,0.209,27.88,48,2,0.104,65,0,6,app_store,1
14459,0.3079,6.48,26,0,0.2786,43,0,40,google_play,0
14460,0.383,66.11,81,3,0.0416,19,0,29,app_store,1
14461,0.3172,60.68,16,2,0.3077,21,0,35,google_play,0
14462,0.0511,47.76,84,1,0.198,65,0,11,website,1
14463,0.2084,48.47,33,0,0.1449,37,0,16,app_store,0
14464,0.435,14.73,79,3,0.049,25,0,8,referral,1
14465,0.2038,55.22,73,2,0.0307,50,0,2,referral,1
14466,0.0722,41.7,61,2,0.277,45,0,37,website,1
14467,0.0685,5.67,34,2,0.0288,31,0,24,app_store,1
14468,0.235,12.48,66,0,0.0228,38,0,19,app_store,0
14469,0.1543,14.43,41,0,0.1634,25,1,33,app_store,0
14470,0.3744,69.02,86,0,0.1189,54,0,25,app_store,0
14471,0.0799,12.48,71,0,0.1872,64,0,21,app_store,0
14472,0.6651,16.27,50,1,0.1698,23,0,34,app_store,0
14473,0.1796,9.99,45,1,0.2221,38,0,43,google_play,0
14474,0.6281,17.56,6,0,0.0154,39,0,38,google_play,0
14475,0.3797,50.61,65,1,0.1118,27,1,30,google_play,0
14476,0.2063,9.06,72,0,0.5862,65,0,12,google_play,1
14477,0.3007,34.13,43,2,0.0604,23,0,27,app_store,0
14478,0.1802,13.28,39,2,0.2335,33,1,6,google_play,1
14479,0.2413,91.7,31,0,0.5045,20,0,30,google_play,0
14480,0.3926,26.59,48,0,0.1493,68,0,8,google_play,0
14481,0.2682,23.13,45,0,0.1781,51,0,16,website,0
14482,0.3023,16.34,76,0,0.3803,32,0,7,app_store,0
14483,0.429,28.52,88,0,0.0438,67,0,19,app_store,0
14484,0.3217,8.76,26,0,0.0998,25,0,47,google_play,0
14485,0.1031,26.26,9,2,0.1678,35,0,35,app_store,1
14486,0.6076,16.27,46,1,0.0727,49,0,24,google_play,0
14487,0.3264,15.78,79,1,0.3249,60,0,28,website,1
14488,0.0905,103.73,19,0,0.2481,49,0,15,website,0
14489,0.0956,65.55,56,0,0.1827,67,0,10,website,1
14490,0.0805,68.18,6,0,0.0706,43,0,24,app_store,0
14491,0.4857,44.49,87,0,0.4411,63,0,8,app_store,0
14492,0.0221,32.64,12,0,0.1713,51,0,32,website,1
14493,0.3625,68.54,22,1,0.6273,40,0,12,app_store,0
14494,0.4331,30.87,23,0,0.1044,68,0,13,app_store,0
14495,0.1528,37.82,34,0,0.2833,40,0,30,google_play,0
14496,0.5539,64.77,69,3,0.1753,45,0,30,google_play,1
14497,0.225,43.44,9,0,0.2002,59,0,19,google_play,1
14498,0.2457,33.46,12,0,0.0407,46,0,19,app_store,0
14499,0.4505,42.82,4,1,0.0577,34,0,6,app_store,0
14500,0.1229,26.51,7,0,0.521,65,0,2,referral,0
14501,0.4315,35.01,41,0,0.4125,66,0,46,google_play,0
14502,0.1099,37.44,17,1,0.1614,46,0,16,google_play,0
14503,0.4867,10.34,8,0,0.2456,29,0,11,website,1
14504,0.4714,14.65,62,0,0.3861,68,0,46,app_store,1
14505,0.105,40.83,54,1,0.0679,47,0,21,google_play,1
14506,0.1504,26.9,5,1,0.0993,29,0,28,app_store,1
14507,0.2511,24.23,50,0,0.1436,44,0,31,app_store,0
14508,0.4968,30.13,33,0,0.1511,42,0,12,google_play,0
14509,0.5484,6.12,85,1,0.063,44,0,25,google_play,0
14510,0.0601,21.79,64,1,0.112,55,0,39,website,1
14511,0.3274,21.92,82,0,0.2863,49,1,16,website,1
14512,0.4127,27.83,59,2,0.285,24,0,11,google_play,1
14513,0.1221,44.63,26,1,0.3558,42,0,20,referral,0
14514,0.3785,19.0,37,0,0.1471,38,0,42,google_play,0
14515,0.422,62.87,83,1,0.1458,57,0,13,website,0
14516,0.1376,12.41,65,2,0.099,57,0,47,website,0
14517,0.5109,39.87,4,0,0.27,64,0,6,website,0
14518,0.4078,17.06,18,0,0.1181,32,0,14,referral,0
14519,0.3536,55.56,65,0,0.0529,69,0,47,referral,0
14520,0.2354,28.63,38,1,0.5025,44,1,24,app_store,1
14521,0.2195,10.55,52,1,0.2229,36,0,23,google_play,1
14522,0.2589,26.37,41,0,0.0277,66,0,43,website,0
14523,0.3573,32.47,31,0,0.2731,31,0,44,app_store,0
14524,0.5441,28.73,31,1,0.1931,45,0,33,app_store,0
14525,0.0596,30.88,73,0,0.143,24,0,10,website,1
14526,0.3061,20.96,41,0,0.0587,38,1,2,app_store,0
14527,0.11,16.59,31,0,0.0592,23,0,14,website,0
14528,0.4133,7.76,83,0,0.1126,57,0,26,website,0
14529,0.2478,36.9,47,0,0.0346,25,0,5,referral,1
14530,0.1074,35.0,64,1,0.1626,53,1,36,referral,0
14531,0.4644,93.41,61,0,0.1083,54,0,13,google_play,0
14532,0.2928,23.83,23,2,0.1547,35,0,16,website,1
14533,0.735,29.79,24,0,0.4907,20,0,12,referral,1
14534,0.3053,27.27,46,2,0.1119,29,0,27,website,1
14535,0.261,44.99,10,1,0.1815,48,0,5,google_play,0
14536,0.1525,17.11,28,0,0.3049,66,0,41,app_store,1
14537,0.0803,27.26,62,1,0.081,22,0,38,website,1
14538,0.0274,25.0,19,1,0.0087,59,0,46,app_store,1
14539,0.0581,41.28,16,0,0.2469,20,0,9,google_play,0
14540,0.3804,116.19,85,0,0.1266,42,0,7,website,0
14541,0.4756,30.93,19,2,0.1178,18,1,29,app_store,1
14542,0.0971,8.92,54,0,0.145,25,0,41,google_play,0
14543,0.0992,10.8,17,1,0.0481,28,0,32,website,1
14544,0.3296,51.35,80,0,0.627,26,0,17,referral,1
14545,0.3047,7.65,67,0,0.1059,68,0,4,referral,0
14546,0.316,30.62,64,3,0.1235,66,0,23,referral,1
14547,0.2696,14.71,28,1,0.1144,21,1,16,google_play,0
14548,0.2691,162.16,57,0,0.3946,31,0,1,referral,1
14549,0.4209,10.5,66,2,0.7601,54,0,33,website,1
14550,0.4445,15.44,57,2,0.1499,45,0,28,website,1
14551,0.6887,42.39,51,0,0.3096,18,0,16,google_play,1
14552,0.1758,20.86,48,0,0.2145,38,0,34,website,1
14553,0.0678,14.83,45,0,0.2567,46,0,46,website,1
14554,0.032,12.48,52,0,0.1184,43,0,14,referral,1
14555,0.1868,15.49,81,0,0.0005,24,1,8,app_store,0
14556,0.0832,13.01,21,0,0.5978,19,0,22,app_store,1
14557,0.2218,24.32,52,2,0.2804,19,0,23,app_store,1
14558,0.1454,94.4,73,0,0.0638,57,0,27,google_play,0
14559,0.63,103.93,21,1,0.3442,40,0,30,google_play,0
14560,0.7426,102.68,9,3,0.096,66,0,31,app_store,0
14561,0.237,22.4,88,1,0.1715,40,0,21,website,1
14562,0.2944,40.49,70,0,0.504,56,0,12,google_play,1
14563,0.0692,26.81,27,0,0.0488,19,0,23,app_store,0
14564,0.2414,13.81,5,0,0.3712,28,0,5,referral,0
14565,0.6264,6.94,42,0,0.1907,18,0,23,app_store,0
14566,0.3837,7.15,63,1,0.3125,51,0,31,google_play,1
14567,0.3647,27.35,33,0,0.0667,29,0,31,app_store,0
14568,0.3093,9.44,65,1,0.0826,25,0,18,app_store,0
14569,0.2771,14.06,66,0,0.0816,62,0,19,website,1
14570,0.8583,31.76,25,0,0.1714,57,0,37,website,0
14571,0.4856,4.79,41,1,0.0436,20,0,42,website,1
14572,0.6115,68.55,70,0,0.3341,30,1,44,app_store,1
14573,0.2851,25.46,31,2,0.2166,61,0,40,google_play,0
14574,0.376,18.85,32,0,0.2924,62,1,1,website,0
14575,0.1509,15.69,58,0,0.1141,31,0,29,website,0
14576,0.3798,34.16,35,1,0.6211,36,1,21,app_store,0
14577,0.1979,12.49,44,0,0.1749,40,1,21,google_play,0
14578,0.538,61.84,53,1,0.221,44,0,9,website,0
14579,0.4698,45.03,1,0,0.3372,28,0,33,website,0
14580,0.2253,14.77,62,0,0.4381,65,0,35,referral,1
14581,0.1816,21.39,58,0,0.1343,58,0,22,referral,0
14582,0.2755,57.35,71,0,0.1746,62,0,1,google_play,1
14583,0.3912,32.59,14,1,0.7728,31,1,30,referral,0
14584,0.0326,20.94,2,0,0.2323,30,1,24,google_play,1
14585,0.1051,14.57,86,0,0.277,57,0,17,website,1
14586,0.3224,22.68,4,1,0.0849,56,0,15,app_store,1
14587,0.2166,18.37,66,0,0.6276,31,0,35,app_store,1
14588,0.5972,30.46,65,2,0.4614,29,0,31,google_play,1
14589,0.4307,19.69,33,1,0.3832,30,0,3,website,0
14590,0.2771,12.46,32,1,0.0596,22,0,18,google_play,0
14591,0.2766,52.89,5,0,0.3422,21,0,2,referral,0
14592,0.2536,35.89,73,0,0.1573,59,0,35,website,0
14593,0.039,12.2,29,2,0.0782,23,0,34,google_play,1
14594,0.1099,16.24,85,0,0.1456,63,0,12,website,1
14595,0.1398,40.32,58,0,0.3116,45,0,32,referral,1
14596,0.4132,13.64,2,0,0.3715,62,0,13,app_store,1
14597,0.14,21.78,80,0,0.2941,32,0,7,website,1
14598,0.1638,20.01,81,3,0.2047,27,0,19,app_store,1
14599,0.1703,14.79,67,0,0.3914,18,0,28,website,1
14600,0.0691,11.67,82,2,0.1639,33,0,24,app_store,1
14601,0.208,23.61,69,0,0.5434,49,0,32,website,1
14602,0.4853,12.79,54,0,0.2029,30,0,47,google_play,1
14603,0.0936,16.16,11,1,0.1115,60,0,18,app_store,1
14604,0.2168,44.46,41,0,0.2144,62,0,28,referral,0
14605,0.1689,14.85,20,0,0.4374,52,1,43,referral,0
14606,0.3854,33.79,33,0,0.1713,28,0,40,website,0
14607,0.3763,47.95,71,1,0.1136,59,0,12,website,1
14608,0.3796,22.76,76,0,0.1269,35,0,20,google_play,0
14609,0.4517,35.05,33,1,0.0962,53,0,26,website,0
14610,0.4147,13.47,17,0,0.0789,54,0,14,referral,0
14611,0.3207,41.22,77,0,0.0986,20,1,7,google_play,0
14612,0.3201,38.53,59,0,0.3131,53,0,3,google_play,1
14613,0.2678,67.93,3,0,0.2292,64,0,35,website,1
14614,0.5942,55.72,38,2,0.0633,40,0,31,website,0
14615,0.4633,29.52,55,0,0.1769,68,0,6,referral,1
14616,0.1044,169.4,11,0,0.1765,60,0,41,google_play,0
14617,0.1998,45.54,45,1,0.0547,58,0,1,app_store,0
14618,0.0337,59.8,45,1,0.199,36,0,18,google_play,0
14619,0.2821,17.77,72,0,0.0985,31,0,16,app_store,1
14620,0.3924,18.95,35,0,0.122,18,0,30,app_store,0
14621,0.1209,25.81,15,1,0.2119,42,0,26,google_play,0
14622,0.2459,12.16,36,0,0.0462,47,0,28,google_play,0
14623,0.4701,25.19,17,0,0.1337,49,0,35,app_store,0
14624,0.6304,23.87,70,0,0.0102,60,0,28,google_play,0
14625,0.274,52.77,44,1,0.0254,68,0,29,app_store,0
14626,0.0623,55.54,45,1,0.2279,33,0,21,google_play,0
14627,0.0726,26.7,54,1,0.1538,21,0,20,website,1
14628,0.2558,18.9,77,1,0.538,23,1,34,app_store,1
14629,0.2307,85.91,14,0,0.4588,21,0,1,website,1
14630,0.3245,8.46,3,0,0.0541,57,0,17,app_store,0
14631,0.2857,8.28,81,0,0.0819,26,1,8,app_store,0
14632,0.3413,34.35,86,0,0.1356,64,0,42,app_store,0
14633,0.3256,23.37,75,0,0.3116,38,0,11,website,1
14634,0.3133,19.79,16,1,0.0036,69,0,33,google_play,0
14635,0.2858,6.82,11,0,0.0223,40,0,36,google_play,1
14636,0.346,13.27,32,1,0.0566,33,0,22,google_play,1
14637,0.2048,69.03,76,1,0.1614,27,0,44,google_play,0
14638,0.8057,61.26,79,0,0.3549,37,0,34,app_store,0
14639,0.2052,42.67,82,0,0.0631,35,0,11,referral,0
14640,0.3916,13.86,25,0,0.1475,33,0,21,referral,0
14641,0.3598,19.43,22,0,0.4275,43,0,7,app_store,0
14642,0.4697,18.51,26,0,0.303,20,0,6,website,0
14643,0.56,15.27,77,0,0.075,40,0,11,google_play,0
14644,0.4909,16.76,6,0,0.1907,20,0,39,website,0
14645,0.2912,22.86,50,3,0.7007,65,0,26,website,1
14646,0.311,8.73,9,0,0.7927,21,0,20,website,1
14647,0.2691,56.07,72,0,0.0696,36,0,27,google_play,0
14648,0.4972,22.31,26,0,0.167,35,0,10,google_play,0
14649,0.3002,17.26,54,1,0.431,65,1,36,website,1
14650,0.4435,8.14,38,2,0.5417,66,0,19,app_store,1
14651,0.4274,42.43,26,3,0.0699,63,0,8,google_play,1
14652,0.349,11.83,69,0,0.0732,40,0,16,google_play,0
14653,0.1691,34.38,62,2,0.1508,58,0,4,website,1
14654,0.4451,13.24,72,0,0.1849,44,0,10,website,1
14655,0.0687,26.57,62,1,0.2976,68,0,14,website,1
14656,0.0336,10.0,68,1,0.1984,49,0,18,app_store,1
14657,0.6381,21.78,64,1,0.2312,48,0,4,app_store,1
14658,0.0977,23.23,10,0,0.0427,69,0,24,google_play,1
14659,0.0701,27.47,68,1,0.5866,30,0,44,referral,1
14660,0.0636,45.53,35,0,0.501,26,0,25,app_store,0
14661,0.1759,35.22,58,1,0.1816,30,0,36,referral,0
14662,0.2437,73.27,6,0,0.1013,52,0,46,google_play,1
14663,0.4243,9.01,39,0,0.1241,58,0,43,referral,0
14664,0.3298,106.05,30,1,0.1103,49,1,5,app_store,0
14665,0.3287,47.38,29,0,0.1092,27,0,29,website,0
14666,0.3465,18.0,38,0,0.1296,27,0,2,app_store,0
14667,0.1752,49.02,81,1,0.0478,42,0,22,google_play,0
14668,0.1307,84.48,62,1,0.1068,38,0,36,website,0
14669,0.3821,53.45,73,1,0.3578,57,0,27,app_store,1
14670,0.2789,12.29,52,1,0.1522,21,0,35,referral,0
14671,0.1495,25.25,75,2,0.17,25,0,19,website,1
14672,0.3173,41.61,66,0,0.0616,66,0,16,website,0
14673,0.0522,24.0,8,1,0.2404,42,0,20,app_store,0
14674,0.178,33.38,58,1,0.0452,30,0,36,google_play,1
14675,0.3205,35.05,36,0,0.077,63,0,42,website,0
14676,0.3564,12.3,44,1,0.7512,23,0,36,app_store,1
14677,0.0699,59.21,31,0,0.4308,34,1,3,website,0
14678,0.2967,26.16,6,0,0.0076,55,0,20,google_play,0
14679,0.7438,23.78,78,1,0.2579,51,0,26,website,1
14680,0.2932,13.07,20,1,0.294,24,0,31,referral,1
14681,0.4558,20.71,29,0,0.1999,68,1,13,referral,0
14682,0.3677,47.26,56,0,0.3234,54,0,30,google_play,1
14683,0.0754,29.02,84,2,0.16,47,0,6,app_store,1
14684,0.6557,40.26,24,1,0.1263,64,1,32,website,0
14685,0.1924,23.96,72,1,0.0027,35,0,29,website,1
14686,0.5468,26.09,11,0,0.1057,60,0,40,referral,0
14687,0.4739,7.77,78,2,0.1012,20,0,22,google_play,0
14688,0.2867,32.26,20,0,0.5823,46,0,46,google_play,0
14689,0.3844,21.4,9,0,0.1765,19,1,13,website,0
14690,0.2119,30.63,53,0,0.3353,25,0,31,google_play,0
14691,0.3892,5.44,87,1,0.2561,54,1,13,google_play,0
14692,0.4652,144.5,84,0,0.1819,63,1,1,app_store,0
14693,0.3477,25.83,33,1,0.1018,54,0,1,website,0
14694,0.4301,33.89,7,0,0.1186,61,0,47,referral,0
14695,0.2968,32.17,7,2,0.2818,41,0,24,referral,0
14696,0.1753,19.66,17,0,0.4066,20,0,29,app_store,0
14697,0.6198,32.96,56,1,0.3533,53,0,42,google_play,0
14698,0.1025,56.32,40,0,0.3321,23,0,12,app_store,0
14699,0.3463,27.79,77,2,0.2654,31,0,14,app_store,1
14700,0.0707,44.74,8,1,0.1471,61,0,3,referral,1
14701,0.8196,42.03,65,0,0.1804,61,0,40,google_play,0
14702,0.0225,40.22,85,2,0.1245,40,0,26,google_play,1
14703,0.1104,89.62,63,0,0.1734,41,0,47,google_play,0
14704,0.0728,31.4,85,1,0.1167,62,0,12,app_store,1
14705,0.4938,23.25,84,1,0.0449,30,0,31,website,0
14706,0.1866,23.81,30,3,0.0061,40,0,43,google_play,1
14707,0.1301,32.66,87,1,0.1963,68,0,29,app_store,1
14708,0.0691,9.52,15,1,0.2718,54,1,22,website,1
14709,0.3066,65.34,74,0,0.0549,28,0,6,website,0
14710,0.6283,20.68,84,2,0.0465,23,1,42,app_store,0
14711,0.2893,23.0,70,2,0.4452,26,0,22,google_play,1
14712,0.5077,9.85,71,1,0.0185,59,0,31,app_store,0
14713,0.0698,26.49,31,1,0.4682,59,0,36,website,1
14714,0.2294,9.5,64,1,0.0603,36,0,23,app_store,0
14715,0.5299,7.56,41,0,0.2388,34,0,5,app_store,0
14716,0.5181,14.72,15,0,0.1521,49,0,27,app_store,0
14717,0.3613,20.64,47,0,0.1895,44,0,27,referral,1
14718,0.4048,13.46,79,0,0.0594,27,0,15,referral,0
14719,0.1806,29.97,43,1,0.476,66,0,9,app_store,0
14720,0.2057,57.88,42,0,0.2088,66,0,42,google_play,0
14721,0.6617,28.58,72,0,0.5158,69,0,33,google_play,0
14722,0.2673,5.2,87,0,0.1405,20,1,15,website,0
14723,0.3255,24.22,89,0,0.0131,25,0,7,referral,0
14724,0.2783,36.84,80,0,0.1014,21,0,16,app_store,0
14725,0.037,18.93,18,1,0.1512,18,0,23,app_store,0
14726,0.3176,30.6,21,0,0.1225,21,0,2,google_play,1
14727,0.1269,29.53,70,0,0.0218,31,0,41,app_store,0
14728,0.4205,11.36,71,0,0.1476,43,0,22,google_play,0
14729,0.3788,57.01,54,0,0.093,59,1,17,app_store,0
14730,0.0538,20.03,60,1,0.337,22,0,26,website,1
14731,0.3304,19.49,65,0,0.3759,57,0,18,referral,0
14732,0.2277,33.66,15,0,0.1899,24,0,46,website,0
14733,0.4839,7.98,45,0,0.0527,46,0,19,google_play,0
14734,0.4442,59.51,54,0,0.2734,38,0,10,google_play,0
14735,0.3696,12.33,62,1,0.3503,41,0,47,google_play,0
14736,0.0937,87.05,19,0,0.1019,63,0,18,google_play,1
14737,0.3028,53.98,56,2,0.2446,65,1,34,app_store,1
14738,0.3043,12.09,37,0,0.1247,36,0,28,app_store,0
14739,0.3439,30.98,59,0,0.5212,50,0,37,app_store,1
14740,0.1658,12.56,22,1,0.2357,45,0,40,app_store,1
14741,0.0616,11.41,85,1,0.1032,63,0,35,app_store,1
14742,0.4458,4.27,34,2,0.0322,49,0,19,website,0
14743,0.2853,38.24,4,1,0.1065,32,0,8,google_play,0
14744,0.3669,17.82,26,0,0.3497,22,0,38,google_play,0
14745,0.4976,42.5,26,0,0.1222,35,0,12,referral,0
14746,0.0167,28.73,31,0,0.2334,34,0,26,referral,1
14747,0.3594,10.46,57,0,0.1495,20,0,35,app_store,0
14748,0.3721,44.2,4,0,0.2457,40,0,33,app_store,0
14749,0.36,35.29,34,1,0.2706,26,1,26,app_store,0
14750,0.1765,17.54,14,0,0.1049,64,0,4,google_play,0
14751,0.2544,48.55,40,0,0.0605,23,0,25,app_store,0
14752,0.3696,20.3,30,1,0.2693,19,0,35,referral,0
14753,0.2328,14.15,38,0,0.0366,33,0,10,website,0
14754,0.4967,21.47,35,0,0.496,27,0,33,referral,0
14755,0.0903,18.94,70,0,0.1366,42,0,13,website,0
14756,0.1902,8.68,80,0,0.183,60,0,30,website,0
14757,0.1914,3.87,5,1,0.1582,39,1,8,referral,1
14758,0.297,77.7,33,1,0.1034,37,0,12,google_play,0
14759,0.2694,54.2,40,1,0.373,44,0,35,google_play,1
14760,0.4042,69.04,35,1,0.1558,30,1,15,app_store,0
14761,0.156,46.13,60,0,0.0093,26,0,19,referral,0
14762,0.3232,18.36,63,1,0.0766,51,0,26,referral,0
14763,0.2755,21.69,36,1,0.3396,61,1,42,app_store,0
14764,0.1096,15.94,52,2,0.1283,28,0,45,website,1
14765,0.1135,35.83,5,1,0.3518,35,1,36,referral,1
14766,0.4988,34.16,15,1,0.0373,19,0,19,app_store,0
14767,0.4718,19.3,85,1,0.0994,61,0,9,google_play,0
14768,0.1228,33.34,51,0,0.2697,50,0,21,google_play,1
14769,0.6226,55.26,34,0,0.0131,37,1,10,google_play,0
14770,0.4569,24.48,87,1,0.1981,47,0,7,google_play,0
14771,0.2032,10.86,84,1,0.6947,38,0,22,referral,1
14772,0.192,33.77,5,3,0.1063,47,0,33,website,1
14773,0.348,10.42,82,1,0.1044,37,0,19,website,0
14774,0.2731,13.93,14,0,0.0918,39,0,38,referral,0
14775,0.3154,29.76,12,0,0.1998,38,0,13,referral,0
14776,0.09,37.83,9,1,0.2147,30,0,27,app_store,0
14777,0.4394,26.23,57,1,0.2302,54,0,27,google_play,1
14778,0.2315,12.07,50,0,0.1204,59,0,19,website,0
14779,0.416,172.36,25,0,0.3687,40,0,23,referral,1
14780,0.5794,17.03,77,0,0.2378,57,1,32,app_store,1
14781,0.528,33.73,18,0,0.2174,42,0,3,google_play,0
14782,0.0224,16.3,33,1,0.1046,38,1,26,app_store,1
14783,0.4424,12.71,50,0,0.4984,44,0,16,google_play,1
14784,0.5305,25.44,81,2,0.3163,66,0,35,app_store,1
14785,0.2284,18.0,48,0,0.3782,69,1,21,app_store,1
14786,0.457,26.22,75,0,0.2598,29,0,36,app_store,1
14787,0.4298,15.5,79,1,0.0647,24,0,12,app_store,1
14788,0.1821,26.96,50,0,0.2701,22,0,17,google_play,0
14789,0.5572,14.51,60,0,0.089,66,0,3,app_store,0
14790,0.3402,52.12,38,1,0.0787,44,0,18,referral,0
14791,0.1499,30.22,66,0,0.0582,51,0,15,google_play,0
14792,0.0789,22.47,29,1,0.3373,35,0,35,app_store,1
14793,0.5574,24.25,71,1,0.0616,29,1,2,website,0
14794,0.4142,18.84,13,2,0.0098,33,0,38,google_play,1
14795,0.3962,26.67,6,0,0.0892,67,0,20,website,0
14796,0.3183,69.99,4,1,0.2234,51,1,22,app_store,0
14797,0.3781,16.45,32,0,0.0845,34,0,41,google_play,0
14798,0.2641,27.45,14,0,0.1833,39,0,42,app_store,0
14799,0.1073,14.34,55,0,0.2932,44,0,17,website,1
14800,0.2604,4.32,51,1,0.143,29,1,9,referral,0
14801,0.1409,37.68,69,1,0.2965,27,0,5,app_store,1
14802,0.1058,52.19,26,1,0.2109,23,0,29,google_play,1
14803,0.3468,33.28,72,0,0.2131,31,1,12,google_play,0
14804,0.5899,125.75,74,0,0.1035,43,1,8,google_play,0
14805,0.5367,19.07,78,1,0.0228,66,1,42,google_play,1
14806,0.4352,13.11,73,1,0.2853,60,0,36,website,1
14807,0.284,56.19,60,1,0.1204,35,0,17,referral,0
14808,0.3749,58.69,7,1,0.6217,50,0,3,app_store,1
14809,0.1132,52.92,12,1,0.1672,57,0,27,website,1
14810,0.2679,11.51,83,1,0.0907,50,0,8,google_play,0
14811,0.6828,15.04,24,0,0.5059,55,0,37,google_play,0
14812,0.4254,7.77,86,0,0.2267,40,0,43,app_store,1
14813,0.2543,97.62,54,0,0.5093,20,0,10,website,0
14814,0.1668,12.88,51,1,0.4085,36,0,15,website,1
14815,0.2002,10.54,56,1,0.0722,23,0,33,app_store,0
14816,0.3683,22.81,32,0,0.2284,59,0,36,referral,0
14817,0.3843,26.63,0,0,0.133,41,0,45,app_store,0
14818,0.2911,39.11,21,0,0.4065,22,0,19,app_store,1
14819,0.3811,22.39,44,0,0.1989,47,0,22,website,0
14820,0.1584,15.25,21,1,0.0621,61,0,33,app_store,0
14821,0.3362,18.6,88,0,0.2904,62,0,41,website,1
14822,0.2811,16.08,42,0,0.2103,26,0,30,website,1
14823,0.0298,65.07,5,1,0.2483,35,0,22,website,1
14824,0.2821,24.42,35,0,0.1231,46,1,14,app_store,0
14825,0.4421,38.26,33,3,0.0815,37,0,39,app_store,1
14826,0.618,21.19,60,0,0.2546,57,0,21,google_play,1
14827,0.3482,6.83,52,0,0.5024,21,1,6,app_store,1
14828,0.1134,77.48,38,1,0.0333,41,0,5,app_store,0
14829,0.1431,36.83,84,1,0.1794,48,0,31,referral,0
14830,0.2528,32.18,56,1,0.165,41,0,20,referral,0
14831,0.2788,5.56,6,0,0.5992,46,1,44,google_play,0
14832,0.1578,22.26,29,0,0.1437,43,0,40,referral,0
14833,0.2732,72.22,75,0,0.4197,64,0,5,referral,1
14834,0.3516,60.76,62,0,0.0775,30,0,33,google_play,0
14835,0.3326,21.07,27,1,0.6833,22,0,28,website,0
14836,0.1975,57.6,25,0,0.0626,23,0,46,website,1
14837,0.1239,73.64,26,0,0.0406,29,0,44,google_play,0
14838,0.2166,22.02,51,0,0.2197,41,0,33,google_play,1
14839,0.2381,61.72,24,2,0.3536,48,0,38,google_play,1
14840,0.057,59.81,39,2,0.2122,45,0,11,google_play,1
14841,0.2506,44.13,79,0,0.2185,30,0,38,referral,0
14842,0.2625,47.23,54,0,0.0337,26,0,27,website,0
14843,0.0747,13.31,14,1,0.5276,19,0,41,app_store,1
14844,0.6636,42.5,52,1,0.2065,50,0,6,referral,1
14845,0.2749,22.47,6,0,0.1863,62,0,11,google_play,0
14846,0.3024,13.03,48,1,0.1953,58,0,36,google_play,0
14847,0.7918,71.13,71,0,0.26,54,0,21,app_store,1
14848,0.503,22.59,33,2,0.1297,38,0,24,app_store,0
14849,0.4765,28.91,78,1,0.0264,32,0,1,google_play,0
14850,0.506,27.08,81,0,0.2711,46,0,11,google_play,1
14851,0.0852,8.25,23,1,0.248,31,0,32,app_store,1
14852,0.2551,19.95,28,0,0.0807,19,0,17,referral,0
14853,0.0869,42.16,87,0,0.1004,61,0,30,website,0
14854,0.2929,24.78,19,2,0.1732,24,0,13,referral,0
14855,0.1076,19.16,83,1,0.3211,36,0,38,referral,1
14856,0.6956,30.98,39,2,0.163,21,0,34,website,0
14857,0.712,52.03,10,0,0.3227,60,0,41,app_store,0
14858,0.3343,7.81,84,0,0.003,65,0,40,google_play,0
14859,0.2064,22.8,14,0,0.2222,43,0,22,google_play,0
14860,0.2874,24.87,55,0,0.0887,41,0,11,app_store,0
14861,0.2508,84.66,34,0,0.0657,26,0,35,app_store,0
14862,0.2827,57.08,88,0,0.0455,18,0,37,website,0
14863,0.1834,9.33,60,0,0.0635,34,0,2,google_play,0
14864,0.291,62.67,72,2,0.0432,34,0,3,app_store,0
14865,0.151,22.08,0,1,0.1137,33,0,23,referral,0
14866,0.3703,7.95,32,0,0.1836,43,0,1,google_play,0
14867,0.2761,9.58,55,0,0.0603,21,0,22,app_store,0
14868,0.2257,63.8,32,0,0.4333,48,0,40,website,0
14869,0.2407,33.72,77,0,0.073,36,1,10,app_store,1
14870,0.2515,12.33,73,1,0.1353,24,0,16,google_play,1
14871,0.5617,74.3,43,1,0.0668,48,0,8,google_play,0
14872,0.5916,40.32,33,0,0.132,39,1,34,referral,0
14873,0.2686,20.51,7,1,0.703,61,1,45,google_play,0
14874,0.3403,30.24,77,0,0.1129,59,1,17,app_store,0
14875,0.4539,13.28,17,1,0.1096,69,0,38,app_store,1
14876,0.1189,99.42,70,0,0.1936,42,0,3,google_play,1
14877,0.2914,10.69,55,1,0.0356,27,0,42,google_play,1
14878,0.5587,9.96,56,0,0.5594,42,0,22,website,1
14879,0.0438,28.11,55,0,0.1222,55,0,36,google_play,1
14880,0.3017,184.3,44,0,0.437,58,1,6,app_store,1
14881,0.1486,9.17,13,1,0.1499,50,0,20,website,1
14882,0.2225,43.41,83,0,0.2342,48,0,42,app_store,1
14883,0.3363,25.76,56,0,0.2814,50,0,5,google_play,1
14884,0.141,32.45,84,1,0.308,18,0,2,referral,1
14885,0.2542,54.57,27,0,0.1747,69,0,1,referral,1
14886,0.139,15.18,22,2,0.1275,53,0,33,app_store,0
14887,0.1985,20.48,9,1,0.2424,26,0,44,referral,0
14888,0.1375,15.14,44,0,0.3641,21,0,37,website,1
14889,0.2869,65.44,49,1,0.0155,20,0,5,google_play,0
14890,0.3867,59.77,54,1,0.0712,61,0,23,app_store,0
14891,0.244,11.17,61,0,0.336,21,0,12,google_play,0
14892,0.0461,32.03,72,0,0.0448,55,0,45,google_play,0
14893,0.2883,51.12,23,1,0.0329,58,0,24,google_play,0
14894,0.3107,8.06,5,0,0.1714,22,1,43,website,0
14895,0.4102,64.83,69,2,0.208,32,0,19,app_store,1
14896,0.6694,23.44,62,0,0.0644,29,0,17,website,0
14897,0.1633,17.86,5,1,0.4133,46,0,19,app_store,1
14898,0.1036,65.22,56,0,0.4724,63,0,6,google_play,1
14899,0.3129,54.14,24,2,0.0833,61,0,43,google_play,1
14900,0.2421,9.41,71,1,0.102,32,0,10,website,0
14901,0.0382,40.64,40,0,0.048,48,0,22,app_store,0
14902,0.1992,39.51,26,0,0.0301,63,0,34,google_play,1
14903,0.2233,5.33,43,0,0.1796,62,0,12,website,0
14904,0.2485,36.34,40,0,0.1199,24,0,6,website,0
14905,0.3295,18.38,55,0,0.202,34,0,20,app_store,1
14906,0.5784,54.07,65,1,0.0886,25,0,1,website,0
14907,0.1801,13.48,28,0,0.2051,25,0,5,website,0
14908,0.4512,26.73,38,0,0.3275,44,1,13,website,1
14909,0.2804,16.87,14,1,0.2687,43,0,12,referral,1
14910,0.3495,15.72,86,0,0.7705,49,0,15,google_play,1
14911,0.0279,5.3,87,1,0.3088,51,1,9,google_play,1
14912,0.0599,51.72,17,0,0.2284,48,0,28,google_play,0
14913,0.3464,55.28,10,0,0.3554,27,0,29,google_play,0
14914,0.3024,25.8,27,0,0.0059,38,0,32,app_store,0
14915,0.2459,31.8,0,2,0.2734,54,0,32,website,0
14916,0.3511,14.68,43,0,0.285,64,0,8,google_play,0
14917,0.1863,52.06,48,0,0.0293,48,0,20,google_play,0
14918,0.5053,29.15,46,0,0.5057,30,0,43,website,0
14919,0.1235,25.63,13,1,0.0498,66,0,26,website,0
14920,0.1633,68.71,83,1,0.1049,26,0,25,website,1
14921,0.1444,9.87,59,0,0.4937,29,0,25,app_store,1
14922,0.5916,6.3,80,0,0.1115,61,0,38,app_store,0
14923,0.5104,33.49,59,1,0.0921,64,0,9,google_play,0
14924,0.4655,21.2,28,3,0.2081,37,1,32,app_store,0
14925,0.408,11.08,45,0,0.3847,44,0,24,google_play,0
14926,0.2117,27.67,3,0,0.2843,23,0,26,referral,0
14927,0.2438,31.64,30,0,0.0627,31,0,47,google_play,0
14928,0.0981,45.4,78,0,0.1274,69,1,10,google_play,1
14929,0.0613,11.34,62,1,0.2148,68,0,13,google_play,1
14930,0.2788,18.42,27,0,0.1571,60,1,26,google_play,0
14931,0.3351,30.25,53,1,0.0375,22,1,47,google_play,0
14932,0.5985,53.3,13,1,0.2347,64,0,13,google_play,0
14933,0.0576,46.38,25,0,0.0621,66,0,10,referral,0
14934,0.2713,17.37,31,0,0.2616,32,0,46,google_play,0
14935,0.1091,35.28,10,0,0.2205,42,0,8,app_store,0
14936,0.1938,17.04,46,0,0.0848,42,0,10,website,0
14937,0.2763,18.38,11,0,0.3022,69,0,4,referral,0
14938,0.3259,19.72,49,0,0.0704,23,0,37,referral,0
14939,0.1348,15.65,51,0,0.0325,40,1,25,website,0
14940,0.347,41.03,32,0,0.0724,69,0,43,website,0
14941,0.2985,47.07,40,0,0.2685,48,0,21,app_store,0
14942,0.255,18.54,32,1,0.3858,49,0,17,website,0
14943,0.1425,27.71,60,0,0.0591,57,0,17,referral,0
14944,0.1583,18.74,48,0,0.4549,68,0,28,google_play,1
14945,0.2476,12.73,4,1,0.161,61,0,26,google_play,1
14946,0.2207,11.43,71,1,0.0832,58,0,31,google_play,0
14947,0.2376,83.41,87,0,0.1269,18,0,24,google_play,0
14948,0.2627,14.57,34,0,0.0756,55,0,38,app_store,0
14949,0.1664,38.27,50,1,0.2472,26,1,6,referral,1
14950,0.3119,32.24,59,1,0.4379,28,0,22,app_store,1
14951,0.2415,10.66,19,0,0.1016,36,0,30,referral,0
14952,0.2581,33.01,61,0,0.0946,54,0,16,google_play,0
14953,0.1654,30.16,18,0,0.1721,41,0,26,app_store,0
14954,0.1538,24.12,8,0,0.3796,38,1,41,app_store,0
14955,0.4446,18.08,78,1,0.1022,45,1,27,website,0
14956,0.5172,24.49,68,2,0.2562,25,0,43,app_store,1
14957,0.1278,34.16,7,1,0.177,44,0,35,website,1
14958,0.1566,13.43,6,0,0.2956,31,1,45,google_play,0
14959,0.5388,67.09,9,0,0.0528,51,0,42,google_play,0
14960,0.2342,39.69,80,0,0.373,33,0,45,google_play,1
14961,0.4263,4.55,70,1,0.0195,21,0,1,app_store,1
14962,0.2103,20.97,88,1,0.4452,53,0,21,app_store,1
14963,0.4354,108.93,85,0,0.3465,27,0,8,referral,1
14964,0.2095,31.51,72,0,0.0617,67,0,40,google_play,0
14965,0.3084,14.77,39,2,0.0556,40,0,34,google_play,1
14966,0.2852,38.39,74,1,0.1543,53,0,27,google_play,0
14967,0.5724,5.57,8,0,0.2801,53,0,3,website,0
14968,0.5276,29.61,13,1,0.3504,30,0,29,app_store,0
14969,0.253,17.27,62,0,0.287,30,0,16,app_store,0
14970,0.1144,25.28,0,1,0.1278,56,0,2,google_play,0
14971,0.6456,9.67,24,0,0.0686,42,0,16,app_store,0
14972,0.0591,18.15,27,0,0.1604,46,0,28,website,0
14973,0.3364,3.94,85,0,0.1936,43,0,7,website,0
14974,0.2154,15.91,11,0,0.058,58,1,30,app_store,1
14975,0.2633,26.7,81,2,0.0635,34,0,7,app_store,1
14976,0.1461,53.5,68,0,0.3117,32,0,27,app_store,1
14977,0.2635,137.69,79,0,0.3583,23,0,37,app_store,1
14978,0.3213,13.83,70,2,0.023,54,1,17,google_play,1
14979,0.387,34.95,0,0,0.1311,56,0,9,app_store,1
14980,0.477,19.39,6,2,0.0416,20,0,30,website,1
14981,0.1761,19.9,84,0,0.3504,19,0,16,google_play,1
14982,0.7045,26.11,35,0,0.1841,24,1,35,google_play,0
14983,0.4004,21.95,61,1,0.2573,19,1,44,google_play,1
14984,0.1891,90.66,83,1,0.2577,61,0,13,app_store,1
14985,0.3747,19.91,4,1,0.2074,49,0,17,google_play,1
14986,0.0438,11.02,28,0,0.0215,63,0,5,google_play,0
14987,0.2998,27.9,64,1,0.1881,36,0,34,website,1
14988,0.5764,11.57,50,1,0.3789,28,0,35,app_store,1
14989,0.0795,18.95,82,1,0.016,22,0,10,website,1
14990,0.233,51.51,43,0,0.122,54,0,2,google_play,1
14991,0.4469,20.62,31,0,0.071,61,1,28,app_store,0
14992,0.111,35.31,28,1,0.2535,50,1,14,app_store,0
14993,0.1503,21.19,61,0,0.2638,21,0,33,referral,0
14994,0.2053,29.45,21,0,0.1759,54,0,43,referral,0
14995,0.0785,15.07,29,0,0.1209,26,0,6,app_store,1
14996,0.4512,43.29,37,0,0.2422,60,1,3,app_store,0
14997,0.1545,9.75,58,1,0.4305,43,1,29,website,1
14998,0.2888,14.01,1,0,0.0537,28,0,23,google_play,0
14999,0.0596,25.97,47,1,0.6792,31,0,9,website,1
