ticket_id,user_id,created_at,resolved_at,category,priority,channel,csat_score,status
1571,1729,2024-07-01 00:37:15.253226117,2024-07-01 07:42:55.837252016,app,high,email,4.0,resolved
5263,5826,2024-07-01 00:45:14.560188592,,card,high,in_app_chat,,closed_unresolved
1404,1538,2024-07-01 01:49:28.382484452,2024-07-03 18:47:37.356020817,account,low,email,,resolved
6890,7671,2024-07-01 02:54:11.846693289,2024-07-03 09:46:14.597896183,kyc,low,in_app_chat,4.0,resolved
1136,1259,2024-07-01 03:51:09.028228510,2024-07-01 23:33:08.216764130,kyc,medium,email,5.0,resolved
394,439,2024-07-01 07:17:18.153176472,2024-07-02 01:44:58.184743496,account,medium,in_app_chat,,resolved
6417,7194,2024-07-01 07:55:53.025452564,2024-07-04 23:42:11.487592424,kyc,low,in_app_chat,3.0,resolved
3,2,2024-07-01 09:05:29.031999201,2024-07-02 14:15:56.867232235,app,medium,in_app_chat,4.0,resolved
4594,5083,2024-07-01 09:19:21.340380195,2024-07-01 10:10:48.423416668,billing,urgent,in_app_chat,5.0,resolved
2715,3047,2024-07-01 15:35:54.767282496,2024-07-01 18:32:09.585305372,card,high,in_app_chat,3.0,resolved
5036,5601,2024-07-01 16:35:39.076772213,2024-07-05 08:59:32.951197965,app,low,email,,resolved
3856,4309,2024-07-01 16:40:41.952177396,,account,low,email,,closed_unresolved
824,903,2024-07-01 19:12:21.473567527,2024-07-02 02:52:05.157355075,fraud,high,in_app_chat,,resolved
2026,2235,2024-07-01 21:47:26.264954230,2024-07-03 02:43:22.445768311,card,medium,in_app_chat,5.0,resolved
5811,6473,2024-07-01 22:38:34.272947875,2024-07-04 00:01:24.313658087,account,low,phone,5.0,resolved
4831,5389,2024-07-02 00:13:09.625553950,2024-07-03 02:17:09.237405086,account,low,phone,3.0,resolved
2141,2360,2024-07-02 04:39:38.939042347,2024-07-02 22:14:02.359710725,billing,medium,in_app_chat,5.0,resolved
4330,4826,2024-07-02 05:36:19.431813977,2024-07-02 11:30:39.641272163,billing,high,in_app_chat,5.0,resolved
387,430,2024-07-02 06:51:44.802946033,2024-07-02 11:05:56.493878305,billing,high,in_app_chat,4.0,resolved
3560,3995,2024-07-02 08:33:45.937374644,2024-07-02 12:02:28.856551799,app,high,in_app_chat,,resolved
3546,3970,2024-07-02 09:23:08.065718016,2024-07-02 16:55:43.611278699,card,medium,phone,3.0,resolved
4977,5550,2024-07-02 12:54:26.991743322,,kyc,medium,in_app_chat,,closed_unresolved
114,123,2024-07-02 16:28:35.790802317,2024-07-06 01:32:55.910964185,app,low,in_app_chat,,resolved
1310,1427,2024-07-02 17:24:27.981107190,,billing,medium,email,,open
264,289,2024-07-02 17:32:08.342834625,2024-07-03 05:24:22.705849227,app,high,in_app_chat,5.0,resolved
4244,4733,2024-07-02 19:50:22.184392424,2024-07-04 11:32:30.443803692,card,medium,phone,4.0,resolved
2254,2500,2024-07-02 20:16:44.434922851,2024-07-03 03:10:34.492412791,kyc,high,email,5.0,resolved
1975,2181,2024-07-02 20:28:55.117352380,2024-07-04 11:27:18.080458465,card,low,in_app_chat,4.0,resolved
6920,7703,2024-07-02 21:05:50.985729942,2024-07-04 11:03:58.494681277,account,medium,in_app_chat,4.0,resolved
3535,3960,2024-07-03 00:25:06.261220882,2024-07-04 09:11:58.928764691,card,medium,in_app_chat,4.0,resolved
6421,7198,2024-07-03 00:28:48.927734480,2024-07-03 14:02:09.450958917,kyc,low,in_app_chat,3.0,resolved
5905,6582,2024-07-03 02:36:44.321635897,2024-07-04 02:17:41.773097036,fraud,high,in_app_chat,,resolved
1017,1123,2024-07-03 02:40:34.537023163,2024-07-05 05:48:19.707855418,kyc,medium,in_app_chat,5.0,resolved
2575,2895,2024-07-03 02:55:28.861921729,2024-07-03 05:23:24.055859882,app,high,email,5.0,resolved
3397,3807,2024-07-03 04:18:43.107683149,2024-07-04 00:42:47.868275215,billing,medium,in_app_chat,,resolved
1175,1295,2024-07-03 05:52:31.627310756,2024-07-03 11:55:44.887164940,kyc,high,in_app_chat,4.0,resolved
4962,5535,2024-07-03 05:56:23.163346083,2024-07-03 09:42:06.782404759,app,medium,in_app_chat,5.0,resolved
2584,2907,2024-07-03 06:36:52.564360544,2024-07-04 11:32:21.711800228,app,medium,in_app_chat,4.0,resolved
2160,2382,2024-07-03 07:55:10.607355906,2024-07-04 12:18:18.215175478,app,medium,in_app_chat,4.0,resolved
7188,7994,2024-07-03 08:14:40.408437793,,card,low,email,,closed_unresolved
4879,5444,2024-07-03 08:26:00.088201631,2024-07-03 15:35:13.931424723,billing,high,in_app_chat,5.0,resolved
6670,7458,2024-07-03 08:36:45.758474576,2024-07-03 15:16:25.190656659,account,high,email,4.0,resolved
5035,5601,2024-07-03 08:52:37.601115015,2024-07-06 08:20:30.523625853,billing,low,in_app_chat,,resolved
7068,7868,2024-07-03 10:26:29.667399817,2024-07-03 22:38:07.151273681,kyc,high,in_app_chat,4.0,resolved
5870,6542,2024-07-03 11:50:46.171291260,2024-07-05 18:21:18.868356582,account,low,in_app_chat,3.0,resolved
784,865,2024-07-03 17:06:40.554971853,2024-07-03 22:57:04.090060548,card,medium,in_app_chat,,resolved
3872,4322,2024-07-03 17:48:07.527101397,2024-07-04 02:38:37.648551498,kyc,medium,in_app_chat,5.0,resolved
1066,1173,2024-07-03 19:32:08.286277381,2024-07-04 03:43:47.714670315,billing,medium,phone,,resolved
3296,3696,2024-07-03 20:44:02.835885194,2024-07-04 18:44:20.063183516,app,medium,email,,resolved
22,17,2024-07-03 21:39:05.085061784,2024-07-04 12:25:25.817993667,kyc,medium,in_app_chat,5.0,resolved
3968,4430,2024-07-03 23:06:04.772447449,2024-07-05 03:19:08.255343158,billing,medium,email,5.0,resolved
3191,3575,2024-07-04 01:46:41.734135007,2024-07-07 02:25:53.279635621,card,medium,email,4.0,resolved
4756,5292,2024-07-04 04:42:01.308498085,2024-07-05 22:58:39.383116087,app,low,in_app_chat,4.0,resolved
5203,5767,2024-07-04 05:40:05.598604992,2024-07-04 11:49:15.668833443,account,medium,in_app_chat,4.0,resolved
678,752,2024-07-04 07:38:35.993911148,2024-07-08 07:05:55.180047035,billing,low,in_app_chat,3.0,resolved
1344,1459,2024-07-04 09:03:36.709424576,,app,low,in_app_chat,,closed_unresolved
5648,6291,2024-07-04 10:05:13.153837027,2024-07-04 17:05:11.829256879,fraud,high,in_app_chat,,resolved
1212,1332,2024-07-04 10:57:52.827767447,2024-07-10 16:48:28.887195767,app,low,email,3.0,resolved
465,517,2024-07-04 11:05:51.282423954,2024-07-06 11:33:28.855893291,billing,medium,email,4.0,resolved
3308,3703,2024-07-04 12:20:32.832356798,2024-07-07 18:16:16.514861642,card,low,in_app_chat,3.0,resolved
4954,5529,2024-07-04 15:12:49.500096707,2024-07-05 01:26:07.027718067,card,medium,phone,4.0,resolved
3285,3683,2024-07-04 16:23:36.008832408,2024-07-05 09:27:57.611623215,account,low,in_app_chat,3.0,resolved
620,695,2024-07-04 19:53:27.367664786,2024-07-06 11:56:04.315916744,billing,medium,email,4.0,resolved
2578,2899,2024-07-04 22:17:16.946962722,2024-07-07 17:11:39.994790468,card,medium,email,4.0,resolved
5575,6215,2024-07-05 00:06:50.772799195,2024-07-05 04:08:26.789211257,kyc,high,in_app_chat,4.0,resolved
2645,2980,2024-07-05 00:27:46.663373203,2024-07-07 14:34:16.917144430,app,low,in_app_chat,4.0,resolved
594,665,2024-07-05 00:32:04.357512147,2024-07-05 14:21:43.218943492,card,medium,phone,3.0,resolved
2014,2223,2024-07-05 05:36:25.391759520,2024-07-05 12:07:36.156989385,fraud,medium,email,3.0,resolved
4134,4614,2024-07-05 06:42:54.514040716,2024-07-05 16:50:43.573231236,fraud,high,email,5.0,resolved
5794,6451,2024-07-05 08:13:17.315166578,2024-07-05 14:42:54.356984436,account,high,in_app_chat,2.0,resolved
3248,3648,2024-07-05 08:34:21.086023244,2024-07-05 17:31:39.658818588,billing,medium,in_app_chat,4.0,resolved
2177,2399,2024-07-05 08:41:55.967855380,2024-07-06 03:06:30.720771550,app,medium,in_app_chat,,resolved
908,994,2024-07-05 09:15:45.458790073,2024-07-08 12:00:29.622300451,card,low,email,3.0,resolved
4232,4719,2024-07-05 10:34:08.354424492,,kyc,medium,in_app_chat,,closed_unresolved
3606,4035,2024-07-05 20:03:45.938457714,2024-07-06 08:35:03.896255156,app,high,email,4.0,resolved
571,632,2024-07-06 00:46:03.071393402,2024-07-06 03:03:55.606664363,card,urgent,email,,resolved
7083,7887,2024-07-06 06:35:24.642565031,2024-07-07 23:37:26.890591675,card,medium,in_app_chat,3.0,resolved
1336,1454,2024-07-06 08:12:10.689718783,2024-07-06 19:57:35.247384049,kyc,medium,phone,4.0,resolved
5758,6411,2024-07-06 09:03:23.185425715,,card,low,email,,closed_unresolved
5580,6222,2024-07-06 11:16:55.224996337,2024-07-06 20:48:34.812364103,kyc,high,email,3.0,resolved
3346,3748,2024-07-06 12:21:56.636330411,,card,urgent,phone,,open
1437,1572,2024-07-06 12:44:32.046082733,2024-07-08 01:45:46.979698029,app,medium,in_app_chat,3.0,resolved
6586,7376,2024-07-06 14:20:49.914692629,2024-07-08 00:19:31.696569409,billing,low,email,3.0,resolved
4088,4550,2024-07-06 15:39:21.376638587,2024-07-07 08:30:22.332524101,billing,low,phone,3.0,resolved
291,314,2024-07-06 15:58:17.355210268,,account,low,in_app_chat,,closed_unresolved
3654,4090,2024-07-06 16:24:25.769768083,2024-07-07 05:07:32.459907770,fraud,medium,email,5.0,resolved
5541,6177,2024-07-06 22:48:54.220210539,2024-07-08 00:51:01.609721395,kyc,high,in_app_chat,5.0,resolved
1173,1293,2024-07-07 00:23:25.215872475,2024-07-09 09:06:31.011592266,kyc,low,email,4.0,resolved
5310,5884,2024-07-07 03:36:05.896358288,,card,medium,in_app_chat,,closed_unresolved
3790,4235,2024-07-07 11:14:17.668580781,2024-07-08 03:04:09.868464027,fraud,medium,email,,resolved
4937,5506,2024-07-07 11:48:35.859449756,2024-07-08 03:52:52.837304684,kyc,medium,in_app_chat,,resolved
3489,3910,2024-07-07 14:57:40.482458642,,kyc,high,email,,open
3431,3843,2024-07-07 16:02:45.432592255,2024-07-08 07:02:33.651376003,account,medium,phone,3.0,resolved
2093,2302,2024-07-07 19:02:50.179146964,2024-07-09 00:02:55.772819476,billing,medium,email,2.0,resolved
4637,5135,2024-07-07 22:57:40.154664833,2024-07-09 09:21:16.599594689,kyc,medium,in_app_chat,4.0,resolved
6736,7518,2024-07-07 23:15:57.077040208,,kyc,medium,in_app_chat,,open
7043,7833,2024-07-08 00:03:10.478334499,2024-07-09 00:44:18.997354910,card,medium,in_app_chat,4.0,resolved
4242,4728,2024-07-08 01:21:16.573842768,,billing,low,in_app_chat,,open
1152,1275,2024-07-08 03:13:09.672464510,2024-07-08 18:06:42.606680590,app,high,email,4.0,resolved
2244,2487,2024-07-08 03:17:16.039208947,2024-07-08 08:56:18.062654888,kyc,high,in_app_chat,,resolved
4563,5060,2024-07-08 03:44:51.430315758,2024-07-08 13:47:25.048149936,card,high,in_app_chat,,resolved
1767,1945,2024-07-08 04:44:06.593028305,2024-07-08 13:39:34.761396627,billing,medium,phone,4.0,resolved
4738,5278,2024-07-08 07:55:37.383275899,2024-07-08 13:12:08.685327207,account,high,email,,resolved
1102,1215,2024-07-08 12:03:08.720082636,,app,urgent,email,,open
226,245,2024-07-08 12:40:03.236481448,2024-07-08 23:37:25.175410777,app,medium,in_app_chat,4.0,resolved
4430,4926,2024-07-08 15:48:26.302920805,2024-07-09 08:39:01.864932247,fraud,medium,email,4.0,resolved
1580,1743,2024-07-08 15:57:14.561137572,2024-07-09 12:22:59.542304029,billing,medium,in_app_chat,4.0,resolved
3362,3773,2024-07-08 18:10:37.029103988,,fraud,urgent,phone,,closed_unresolved
494,548,2024-07-08 19:26:09.071420668,2024-07-09 01:12:25.488936575,kyc,medium,in_app_chat,,resolved
5584,6225,2024-07-08 19:52:01.659503092,2024-07-09 18:33:02.009007229,billing,medium,in_app_chat,,resolved
5101,5660,2024-07-08 20:30:08.350303394,2024-07-09 01:22:24.453522464,account,high,in_app_chat,4.0,resolved
2751,3075,2024-07-08 23:05:23.319942089,2024-07-09 15:48:30.526192406,account,medium,in_app_chat,3.0,resolved
6113,6821,2024-07-09 00:23:22.409506075,2024-07-09 02:28:39.594914871,app,urgent,email,,resolved
146,174,2024-07-09 00:28:26.525409807,2024-07-09 10:04:13.801754234,account,high,in_app_chat,5.0,resolved
6630,7411,2024-07-09 01:03:57.558127046,2024-07-09 16:39:34.637580996,billing,medium,email,4.0,resolved
4396,4884,2024-07-09 04:13:02.777297255,2024-07-11 05:11:27.373284842,billing,low,phone,,resolved
6456,7251,2024-07-09 04:49:10.614299456,2024-07-11 23:13:12.744392733,billing,low,in_app_chat,,resolved
2352,2621,2024-07-09 07:03:08.373202044,2024-07-10 00:19:27.822080527,app,medium,email,5.0,resolved
1648,1816,2024-07-09 07:13:33.071222579,2024-07-10 10:03:10.345186955,kyc,medium,in_app_chat,,resolved
2589,2915,2024-07-09 07:15:40.247399661,2024-07-09 14:56:59.330167213,card,medium,phone,3.0,resolved
2377,2646,2024-07-09 08:49:07.235774616,,card,high,email,,open
3532,3959,2024-07-09 09:59:27.075530999,2024-07-09 17:04:15.414406760,account,high,email,,resolved
2050,2259,2024-07-09 11:55:18.785189012,2024-07-12 03:29:00.541616436,card,low,in_app_chat,,resolved
5354,5950,2024-07-09 12:32:23.060266149,2024-07-09 18:54:43.394814605,billing,high,in_app_chat,4.0,resolved
4614,5110,2024-07-09 12:57:53.404121548,2024-07-10 03:01:02.737744106,app,medium,in_app_chat,3.0,resolved
4249,4735,2024-07-09 15:17:32.417434374,2024-07-09 17:39:22.552649013,card,urgent,in_app_chat,,resolved
751,828,2024-07-09 16:24:19.117368374,,card,medium,in_app_chat,,closed_unresolved
1589,1752,2024-07-10 00:49:27.831023428,2024-07-10 21:26:43.129683700,card,medium,email,,resolved
3555,3988,2024-07-10 03:44:11.923328541,2024-07-10 06:09:55.614065397,billing,high,in_app_chat,,resolved
256,280,2024-07-10 04:48:57.958901801,2024-07-12 18:31:54.345062732,account,low,in_app_chat,3.0,resolved
1211,1330,2024-07-10 07:03:50.967257097,2024-07-10 12:30:11.189871640,app,high,email,3.0,resolved
4137,4616,2024-07-10 07:13:46.239212366,2024-07-11 04:33:35.080683720,card,medium,in_app_chat,4.0,resolved
1807,1978,2024-07-10 08:49:45.325467828,2024-07-11 09:45:09.628800064,app,low,email,4.0,resolved
1746,1916,2024-07-10 10:25:21.692959049,2024-07-10 22:05:39.817224602,fraud,medium,in_app_chat,4.0,resolved
4116,4596,2024-07-10 13:08:35.932662588,2024-07-10 17:48:15.443199366,card,medium,email,,resolved
5463,6082,2024-07-10 13:13:39.298954010,2024-07-10 19:46:31.743017974,kyc,high,phone,,resolved
5054,5620,2024-07-10 13:15:53.437583396,2024-07-11 22:57:57.319559544,billing,medium,in_app_chat,4.0,resolved
2965,3334,2024-07-10 15:08:29.110275672,2024-07-12 02:18:13.175844562,app,low,in_app_chat,4.0,resolved
72,78,2024-07-10 17:05:05.036493284,,billing,high,email,,open
2479,2789,2024-07-10 22:40:59.243733180,2024-07-12 18:01:17.639200666,billing,low,in_app_chat,4.0,resolved
3450,3863,2024-07-11 05:10:35.983233099,2024-07-12 23:04:14.372079481,card,medium,email,4.0,resolved
4435,4932,2024-07-11 06:32:22.021333192,2024-07-12 06:01:30.617847930,card,medium,in_app_chat,4.0,resolved
9,4,2024-07-11 08:35:29.299077312,2024-07-16 03:05:31.013673057,card,low,in_app_chat,3.0,resolved
5517,6150,2024-07-11 08:47:16.653480230,,fraud,high,in_app_chat,,closed_unresolved
7134,7937,2024-07-11 09:03:50.479540853,2024-07-11 13:34:06.846390866,fraud,high,in_app_chat,3.0,resolved
1960,2166,2024-07-11 10:01:52.316513788,2024-07-11 11:21:12.561094932,account,urgent,phone,4.0,resolved
4729,5256,2024-07-11 12:56:02.250350062,,card,high,email,,open
6505,7303,2024-07-11 20:09:48.867963194,2024-07-13 04:05:47.930144566,kyc,medium,in_app_chat,4.0,resolved
4549,5049,2024-07-11 21:26:41.714190176,2024-07-13 03:16:52.590345543,billing,medium,phone,4.0,resolved
3670,4107,2024-07-11 21:32:07.320023911,2024-07-12 00:35:58.678596515,app,high,in_app_chat,,resolved
259,282,2024-07-11 21:56:58.811092529,2024-07-13 13:00:15.583496078,account,low,email,3.0,resolved
1220,1341,2024-07-11 22:51:16.800499834,,card,high,in_app_chat,,open
2321,2582,2024-07-11 23:12:51.750944127,2024-07-16 16:22:02.404548759,account,low,in_app_chat,3.0,resolved
5885,6559,2024-07-12 01:44:47.023468883,2024-07-12 04:58:58.550477527,account,high,in_app_chat,,resolved
1119,1239,2024-07-12 01:49:18.740545106,2024-07-12 09:11:32.137710146,kyc,high,in_app_chat,4.0,resolved
7000,7787,2024-07-12 02:29:09.163921407,2024-07-16 08:33:40.740707493,billing,low,email,2.0,resolved
5902,6579,2024-07-12 04:08:53.310842286,2024-07-13 06:12:04.721577660,app,low,email,4.0,resolved
3167,3546,2024-07-12 04:28:45.549946200,2024-07-12 10:41:36.285835916,fraud,high,phone,,resolved
2678,3019,2024-07-12 05:04:46.630915556,2024-07-13 06:31:15.860526699,card,medium,phone,3.0,resolved
7096,7899,2024-07-12 07:29:23.652827793,2024-07-12 10:34:07.691490972,card,high,in_app_chat,,resolved
1805,1977,2024-07-12 08:45:58.622754565,2024-07-12 19:36:00.550894702,kyc,high,in_app_chat,4.0,resolved
2827,3166,2024-07-12 11:29:04.956110658,2024-07-12 15:49:36.566537960,kyc,high,phone,5.0,resolved
2546,2865,2024-07-12 11:32:41.004314903,2024-07-13 06:33:09.043119336,fraud,medium,email,,resolved
2979,3348,2024-07-12 13:36:30.911478416,2024-07-12 18:26:29.734423977,card,high,email,,resolved
5151,5721,2024-07-12 13:54:13.928196398,2024-07-13 07:44:10.220939760,kyc,medium,in_app_chat,4.0,resolved
3632,4059,2024-07-12 15:04:12.772884999,2024-07-13 11:08:28.705910242,billing,low,phone,3.0,resolved
4316,4811,2024-07-12 15:07:32.948126610,2024-07-13 19:22:22.549442294,account,medium,in_app_chat,4.0,resolved
1630,1797,2024-07-12 17:12:40.145548184,2024-07-15 19:45:45.249202124,account,low,in_app_chat,4.0,resolved
5460,6079,2024-07-12 17:18:37.860305149,2024-07-13 07:46:34.123585005,account,medium,email,,resolved
6866,7644,2024-07-12 20:33:48.657699872,2024-07-13 02:10:36.707840868,fraud,high,in_app_chat,,resolved
6563,7357,2024-07-12 21:43:35.210558544,2024-07-12 23:01:38.428739314,fraud,urgent,in_app_chat,,resolved
3199,3585,2024-07-12 21:47:30.685256802,2024-07-14 06:58:34.649497478,card,medium,in_app_chat,,resolved
5725,6378,2024-07-13 01:32:15.748179305,2024-07-14 22:39:11.774805558,app,low,email,,resolved
4204,4684,2024-07-13 03:32:20.857968277,2024-07-18 12:53:45.341626496,billing,low,phone,4.0,resolved
1026,1129,2024-07-13 05:23:54.290698635,2024-07-13 22:11:00.625075545,billing,medium,in_app_chat,4.0,resolved
2011,2219,2024-07-13 06:27:05.536790847,,card,high,in_app_chat,,open
4093,4559,2024-07-13 06:35:11.051341301,2024-07-13 10:31:49.251834956,kyc,high,in_app_chat,4.0,resolved
3458,3873,2024-07-13 07:06:36.557244411,2024-07-14 18:48:45.851873631,account,medium,email,4.0,resolved
4412,4901,2024-07-13 08:17:51.930183811,2024-07-13 09:39:58.557593926,fraud,urgent,phone,,resolved
2381,2652,2024-07-13 09:48:33.165796884,2024-07-13 23:12:37.149428680,billing,medium,in_app_chat,2.0,resolved
1877,2060,2024-07-13 11:52:50.665420024,2024-07-20 18:31:43.511092788,billing,low,email,4.0,resolved
5454,6073,2024-07-13 12:27:06.705623266,2024-07-13 14:07:13.840183406,fraud,urgent,email,5.0,resolved
6832,7614,2024-07-13 13:01:18.775881068,,card,medium,in_app_chat,,open
560,620,2024-07-13 13:08:54.608230466,2024-07-16 21:23:54.677600435,card,low,in_app_chat,3.0,resolved
3011,3377,2024-07-13 13:52:42.221810081,2024-07-15 22:53:34.500055843,account,medium,phone,3.0,resolved
199,220,2024-07-13 14:47:30.986445903,2024-07-15 05:31:02.074278970,app,low,email,4.0,resolved
1678,1836,2024-07-13 15:13:49.117727740,,app,high,email,,closed_unresolved
1672,1834,2024-07-13 15:43:15.636946820,2024-07-14 05:35:30.399103041,account,medium,email,,resolved
6220,6950,2024-07-13 16:31:54.255484035,2024-07-13 22:58:04.957921571,account,high,phone,,resolved
1195,1315,2024-07-13 17:11:27.969164531,2024-07-13 18:32:53.790429876,fraud,urgent,email,5.0,resolved
4677,5194,2024-07-13 18:50:19.271840274,2024-07-14 07:04:11.634406915,card,medium,phone,4.0,resolved
6139,6855,2024-07-13 19:03:27.505131223,2024-07-13 23:14:41.837358352,fraud,high,in_app_chat,3.0,resolved
5560,6195,2024-07-13 23:05:10.958666985,2024-07-15 14:57:36.093398939,card,low,in_app_chat,3.0,resolved
6395,7169,2024-07-13 23:36:33.274992392,2024-07-14 11:46:18.130069280,card,medium,in_app_chat,,resolved
963,1052,2024-07-14 00:31:47.904265824,,kyc,high,email,,open
230,252,2024-07-14 02:24:53.477330734,2024-07-14 06:41:01.006827747,card,high,in_app_chat,,resolved
6458,7253,2024-07-14 02:58:55.108395825,2024-07-14 18:41:53.661349531,billing,low,phone,,resolved
6653,7440,2024-07-14 05:18:04.775319529,,billing,low,email,,open
4967,5542,2024-07-14 06:57:27.268099577,2024-07-14 07:59:29.260685971,fraud,urgent,in_app_chat,5.0,resolved
3303,3698,2024-07-14 09:23:56.214384754,,card,low,in_app_chat,,closed_unresolved
1521,1671,2024-07-14 10:16:25.865966504,2024-07-15 02:11:54.014784076,app,medium,phone,3.0,resolved
5162,5730,2024-07-14 17:02:48.586457929,2024-07-15 03:25:47.203032658,app,medium,email,4.0,resolved
3912,4364,2024-07-14 20:40:39.319321146,2024-07-15 18:48:16.614591301,app,medium,phone,4.0,resolved
6045,6747,2024-07-14 20:46:20.496474863,2024-07-15 06:12:35.624261489,app,high,email,5.0,resolved
2848,3183,2024-07-14 21:32:25.304421036,2024-07-15 09:56:41.063143886,billing,medium,email,4.0,resolved
2266,2513,2024-07-14 21:42:20.272151502,2024-07-15 10:18:32.514788368,app,medium,in_app_chat,4.0,resolved
4946,5519,2024-07-14 22:16:04.848125108,2024-07-15 01:39:24.312470164,fraud,high,email,4.0,resolved
196,215,2024-07-15 03:23:07.894940095,,account,low,in_app_chat,,open
292,314,2024-07-15 03:44:29.404166775,2024-07-16 00:37:55.711946739,card,medium,phone,5.0,resolved
5614,6262,2024-07-15 03:54:21.523601983,2024-07-15 14:09:57.349452915,fraud,high,email,3.0,resolved
1826,2003,2024-07-15 04:13:26.155477770,2024-07-16 17:24:01.118865518,app,medium,email,4.0,resolved
4276,4761,2024-07-15 04:17:25.268629914,2024-07-16 23:26:53.683112764,kyc,medium,in_app_chat,,resolved
7140,7943,2024-07-15 05:11:05.139654187,2024-07-15 14:48:56.505610436,card,medium,in_app_chat,,resolved
4893,5458,2024-07-15 06:22:25.884123378,2024-07-18 19:49:05.162659944,app,low,in_app_chat,4.0,resolved
6942,7725,2024-07-15 09:25:06.963048963,2024-07-15 16:00:21.857214697,billing,medium,in_app_chat,,resolved
1512,1660,2024-07-15 10:07:41.649158596,2024-07-17 03:03:57.841220879,app,low,in_app_chat,5.0,resolved
4982,5557,2024-07-15 13:27:30.304067175,2024-07-15 22:47:50.897948739,app,medium,in_app_chat,,resolved
930,1019,2024-07-15 13:49:50.628929200,2024-07-16 05:53:56.897598033,kyc,medium,in_app_chat,5.0,resolved
5121,5683,2024-07-15 14:41:42.783365734,2024-07-15 21:03:45.942893804,kyc,high,phone,3.0,resolved
3441,3853,2024-07-15 16:42:16.582408081,2024-07-15 22:55:51.307223177,fraud,high,in_app_chat,4.0,resolved
3022,3391,2024-07-15 19:15:58.805630844,2024-07-21 00:07:18.807788804,billing,low,in_app_chat,4.0,resolved
5993,6680,2024-07-15 19:26:00.565882172,,account,medium,phone,,open
3927,4388,2024-07-15 19:50:20.394924596,2024-07-16 05:52:29.070739047,app,low,in_app_chat,4.0,resolved
2660,2997,2024-07-15 20:25:22.233978287,2024-07-16 17:21:01.808511182,card,medium,in_app_chat,3.0,resolved
1532,1689,2024-07-15 23:33:16.596344240,2024-07-20 00:09:49.677987960,account,low,in_app_chat,,resolved
5473,6092,2024-07-16 05:55:45.565367073,2024-07-16 15:57:48.525547585,billing,medium,phone,4.0,resolved
6805,7587,2024-07-16 06:17:51.228463542,2024-07-17 05:25:33.535504952,app,medium,in_app_chat,4.0,resolved
1184,1309,2024-07-16 06:26:44.340126273,2024-07-16 07:25:05.014048849,billing,urgent,email,5.0,resolved
289,314,2024-07-16 11:51:11.739668178,2024-07-16 22:48:12.575411266,card,medium,in_app_chat,,resolved
305,324,2024-07-16 13:40:16.928226336,2024-07-17 10:26:43.641427743,card,medium,email,5.0,resolved
122,133,2024-07-16 16:52:43.798336953,2024-07-18 09:09:23.234291657,billing,low,email,5.0,resolved
1924,2131,2024-07-16 17:13:37.212733280,2024-07-17 04:29:45.658099284,kyc,high,in_app_chat,,resolved
3783,4227,2024-07-16 19:04:07.975497509,2024-07-16 20:22:40.728512515,fraud,urgent,email,,resolved
6818,7600,2024-07-16 22:00:37.359393707,2024-07-21 16:45:33.840685328,billing,low,in_app_chat,4.0,resolved
1296,1410,2024-07-16 23:43:57.746695802,2024-07-17 01:53:41.736647042,account,urgent,email,3.0,resolved
6202,6928,2024-07-17 00:53:00.682016280,2024-07-18 22:45:07.407567486,billing,low,in_app_chat,4.0,resolved
1178,1302,2024-07-17 07:41:57.231606759,2024-07-17 22:58:47.821110670,card,medium,email,4.0,resolved
3774,4219,2024-07-17 09:23:25.375805027,2024-07-18 10:35:26.858249765,account,high,in_app_chat,,resolved
4147,4631,2024-07-17 09:31:58.507549397,2024-07-18 08:01:03.194905182,app,medium,email,4.0,resolved
4850,5418,2024-07-17 11:48:05.329126281,2024-07-17 13:10:33.507618606,fraud,urgent,in_app_chat,,resolved
193,214,2024-07-17 15:24:07.397506140,2024-07-18 00:14:04.898449120,billing,urgent,in_app_chat,,resolved
1208,1327,2024-07-17 21:33:54.115822019,2024-07-21 04:01:19.391189171,app,low,in_app_chat,5.0,resolved
3508,3933,2024-07-18 01:10:53.292311120,,card,medium,in_app_chat,,closed_unresolved
1453,1589,2024-07-18 01:38:39.595940116,2024-07-18 23:47:10.625011500,kyc,medium,email,3.0,resolved
6189,6916,2024-07-18 03:23:24.413715107,2024-07-19 22:05:10.877873975,billing,medium,in_app_chat,4.0,resolved
3425,3836,2024-07-18 04:47:04.406784673,2024-07-19 00:36:07.255061153,card,medium,phone,4.0,resolved
5612,6260,2024-07-18 05:26:27.435346964,,account,low,in_app_chat,,open
3830,4273,2024-07-18 06:30:49.394734076,2024-07-19 00:20:37.290671504,billing,medium,email,,resolved
1372,1494,2024-07-18 07:19:59.477947832,2024-07-19 15:47:07.381798923,card,low,in_app_chat,3.0,resolved
6984,7769,2024-07-18 08:40:43.795902051,,fraud,high,phone,,closed_unresolved
1867,2049,2024-07-18 10:07:56.372203741,2024-07-19 18:21:15.526673983,billing,low,in_app_chat,4.0,resolved
3142,3516,2024-07-18 15:09:17.356615277,2024-07-20 14:18:15.786294719,account,low,in_app_chat,,resolved
896,975,2024-07-18 16:31:39.063693463,2024-07-19 13:19:27.903327029,account,medium,in_app_chat,,resolved
7158,7959,2024-07-18 17:29:25.832615184,2024-07-19 04:23:10.755757836,card,high,in_app_chat,,resolved
125,136,2024-07-18 18:34:54.114597364,,account,low,in_app_chat,,closed_unresolved
1782,1951,2024-07-18 22:46:09.925880010,2024-07-19 23:33:22.815282604,account,medium,email,4.0,resolved
5631,6281,2024-07-18 23:16:08.548163595,,kyc,medium,phone,,closed_unresolved
740,820,2024-07-19 01:55:08.594328492,2024-07-23 12:48:38.290968650,fraud,medium,in_app_chat,5.0,resolved
4670,5186,2024-07-19 02:22:56.641302024,2024-07-19 13:20:03.781967684,card,high,phone,,resolved
2791,3127,2024-07-19 02:48:06.514993471,2024-07-19 09:03:35.485177207,kyc,high,phone,3.0,resolved
1614,1781,2024-07-19 03:09:29.462303940,2024-07-20 12:29:12.508652290,kyc,low,email,,resolved
956,1043,2024-07-19 04:17:21.651014126,2024-07-20 06:27:09.353071979,account,low,email,3.0,resolved
3291,3688,2024-07-19 04:58:33.965065424,,kyc,medium,email,,open
5419,6031,2024-07-19 06:20:56.937146478,2024-07-20 00:39:36.911439129,app,medium,in_app_chat,,resolved
3138,3514,2024-07-19 07:09:05.639746921,,billing,low,in_app_chat,,open
474,530,2024-07-19 07:16:56.162562591,,billing,medium,email,,open
1762,1940,2024-07-19 08:28:04.067795533,2024-07-20 00:13:48.986468962,card,medium,in_app_chat,4.0,resolved
3845,4287,2024-07-19 12:24:33.073891335,2024-07-20 21:21:24.328098387,card,medium,in_app_chat,4.0,resolved
4890,5455,2024-07-19 12:45:29.486564654,,kyc,low,email,,open
5337,5924,2024-07-19 15:39:12.014382703,2024-07-20 18:19:02.469833143,app,medium,email,3.0,resolved
1196,1319,2024-07-19 17:14:00.888591759,2024-07-20 00:09:59.103916965,kyc,high,in_app_chat,,resolved
1815,1994,2024-07-19 17:20:48.922534541,2024-07-20 05:02:44.991547221,account,low,in_app_chat,,resolved
1158,1279,2024-07-19 21:05:35.496195190,2024-07-20 21:34:04.044032996,billing,medium,email,,resolved
5118,5680,2024-07-19 22:25:11.413344158,2024-07-20 19:24:00.735056052,card,medium,email,,resolved
5158,5725,2024-07-19 22:50:39.973732624,2024-07-20 06:36:02.723179727,kyc,high,in_app_chat,4.0,resolved
2161,2382,2024-07-20 00:21:44.843582220,2024-07-20 08:55:30.398344905,account,medium,in_app_chat,3.0,resolved
5437,6052,2024-07-20 03:40:04.240428029,2024-07-20 11:48:19.730577752,billing,medium,phone,4.0,resolved
5486,6106,2024-07-20 04:02:21.370964965,2024-07-21 16:09:02.338437298,card,low,email,4.0,resolved
4972,5548,2024-07-20 07:41:44.270670624,2024-07-21 02:27:20.128510551,billing,medium,phone,4.0,resolved
54,59,2024-07-20 09:55:12.055812375,2024-07-20 16:39:08.694331248,fraud,medium,in_app_chat,4.0,resolved
7149,7949,2024-07-20 20:15:47.367427631,2024-07-22 15:49:57.312630117,card,medium,in_app_chat,,resolved
2513,2830,2024-07-20 20:16:50.263681330,2024-07-20 23:39:25.044283499,app,urgent,in_app_chat,5.0,resolved
6523,7318,2024-07-21 02:46:08.586541971,2024-07-21 18:03:54.022925571,billing,medium,in_app_chat,4.0,resolved
4256,4744,2024-07-21 02:48:08.867169768,2024-07-21 10:42:34.305349663,card,medium,phone,,resolved
5865,6539,2024-07-21 04:15:04.091936682,2024-07-21 18:26:28.495553043,app,medium,in_app_chat,,resolved
5630,6281,2024-07-21 04:50:36.840842842,2024-07-21 11:27:42.334534394,billing,high,in_app_chat,5.0,resolved
6539,7334,2024-07-21 05:01:12.627996683,2024-07-21 08:30:33.662044015,fraud,high,in_app_chat,5.0,resolved
5880,6553,2024-07-21 05:05:56.798561771,2024-07-24 03:17:45.136126939,billing,low,phone,,resolved
6971,7754,2024-07-21 07:41:35.981158125,2024-07-24 08:02:19.894166344,card,low,in_app_chat,4.0,resolved
4582,5076,2024-07-21 09:55:50.094562359,2024-07-25 19:03:03.048111811,account,low,email,,resolved
6705,7487,2024-07-21 14:28:31.323466058,2024-07-22 00:05:59.778925917,kyc,high,in_app_chat,3.0,resolved
1114,1233,2024-07-21 14:44:33.861086269,2024-07-21 18:02:56.984016902,kyc,high,in_app_chat,4.0,resolved
2108,2324,2024-07-21 14:49:28.595250356,2024-07-21 22:22:01.139098827,card,high,phone,,resolved
1302,1417,2024-07-21 16:54:52.190128615,2024-07-21 22:48:43.671119557,card,high,email,3.0,resolved
4530,5030,2024-07-21 19:32:42.335868024,2024-07-22 04:09:01.871505343,card,medium,in_app_chat,4.0,resolved
58,61,2024-07-21 19:38:48.535804155,2024-07-22 09:53:30.835266565,card,high,in_app_chat,4.0,resolved
604,677,2024-07-21 20:56:30.116327772,,card,medium,in_app_chat,,closed_unresolved
4581,5074,2024-07-21 21:12:45.133447386,2024-07-22 06:23:02.196963320,app,medium,in_app_chat,3.0,resolved
233,257,2024-07-21 22:15:50.960823197,2024-07-22 04:37:15.894217619,fraud,high,email,4.0,resolved
1890,2080,2024-07-21 23:10:36.754542696,2024-07-22 05:32:50.911531454,billing,medium,email,,resolved
5273,5840,2024-07-22 00:45:12.328936706,2024-07-22 11:41:35.883876906,account,medium,phone,3.0,resolved
2855,3189,2024-07-22 00:45:49.127045313,2024-07-22 07:46:32.535398956,kyc,high,in_app_chat,,resolved
785,869,2024-07-22 04:16:52.935528941,2024-07-22 09:12:13.105267158,card,high,email,4.0,resolved
1378,1509,2024-07-22 08:51:27.188248916,2024-07-22 11:11:32.274094914,fraud,urgent,email,,resolved
6629,7411,2024-07-22 09:36:44.835596763,,app,low,email,,open
5216,5781,2024-07-22 11:46:14.704010569,2024-07-22 18:42:59.116890376,billing,medium,email,3.0,resolved
6845,7630,2024-07-22 12:53:42.998406184,2024-07-23 07:37:01.979451275,app,medium,email,5.0,resolved
5770,6432,2024-07-22 16:47:45.814908445,2024-07-24 01:18:15.346352683,card,low,in_app_chat,,resolved
4968,5542,2024-07-22 22:43:27.531998860,2024-07-23 11:59:56.941747496,app,medium,phone,3.0,resolved
6612,7396,2024-07-22 23:55:30.583080629,2024-07-23 20:17:51.490159023,fraud,medium,in_app_chat,4.0,resolved
2765,3093,2024-07-23 00:23:23.170209198,,app,low,in_app_chat,,closed_unresolved
4339,4837,2024-07-23 05:03:52.149918816,2024-07-23 21:40:05.734507378,app,medium,email,3.0,resolved
5939,6630,2024-07-23 05:29:31.828804967,2024-07-26 10:57:31.688670957,account,low,in_app_chat,,resolved
2250,2496,2024-07-23 08:46:43.704813221,2024-07-23 11:43:31.961207540,fraud,high,in_app_chat,5.0,resolved
4139,4624,2024-07-23 09:24:07.903939965,2024-07-24 03:14:11.933816802,billing,medium,in_app_chat,,resolved
4821,5376,2024-07-23 12:57:55.028563718,2024-07-24 08:00:12.854293664,kyc,low,in_app_chat,,resolved
2351,2618,2024-07-23 13:35:13.632501612,2024-07-24 09:26:49.247389768,kyc,medium,in_app_chat,3.0,resolved
2941,3314,2024-07-23 14:25:39.519542628,2024-07-23 20:30:55.855069965,account,high,in_app_chat,,resolved
5543,6178,2024-07-23 17:05:49.575099068,2024-07-23 21:30:27.896017340,kyc,high,in_app_chat,,resolved
1358,1475,2024-07-23 17:25:31.217107229,2024-07-26 11:17:14.933052111,card,low,phone,,resolved
5436,6051,2024-07-23 20:10:24.013526606,2024-07-24 20:41:31.236873946,account,medium,in_app_chat,,resolved
5034,5599,2024-07-23 20:26:11.065332206,2024-07-24 15:50:56.265401169,kyc,medium,in_app_chat,,resolved
2474,2781,2024-07-23 21:26:03.474776616,2024-07-24 07:38:29.656992883,account,medium,in_app_chat,3.0,resolved
468,522,2024-07-23 21:48:30.746480261,2024-07-25 23:40:47.287833158,card,low,in_app_chat,3.0,resolved
6337,7092,2024-07-23 23:54:15.386017233,2024-07-25 00:48:04.258402264,kyc,medium,email,4.0,resolved
7027,7811,2024-07-24 00:28:45.926594192,,app,urgent,in_app_chat,,open
4686,5204,2024-07-24 03:33:39.060297552,2024-07-25 01:04:39.221561457,fraud,high,phone,3.0,resolved
4361,4857,2024-07-24 03:47:09.644643121,2024-07-24 07:25:20.145952034,billing,high,in_app_chat,4.0,resolved
3613,4043,2024-07-24 04:31:42.516043296,2024-07-25 22:26:55.505937654,app,medium,phone,,resolved
1578,1738,2024-07-24 05:51:35.813285282,2024-07-24 18:39:47.072583110,account,low,in_app_chat,,resolved
3544,3969,2024-07-24 06:49:41.669932319,2024-07-24 09:35:08.357532339,fraud,high,email,,resolved
4827,5384,2024-07-24 07:00:33.265601712,2024-07-28 01:35:47.969451070,billing,low,in_app_chat,4.0,resolved
917,1002,2024-07-24 07:16:44.714946535,,billing,medium,email,,closed_unresolved
1537,1691,2024-07-24 07:22:00.187746556,2024-07-25 12:05:09.279346667,card,low,phone,,resolved
431,480,2024-07-24 07:52:27.538713307,2024-07-24 16:04:09.769289847,fraud,high,in_app_chat,,resolved
3663,4098,2024-07-24 08:36:07.100704344,2024-07-29 15:49:37.884488326,account,low,phone,4.0,resolved
2793,3129,2024-07-24 11:58:25.362790734,2024-07-25 14:17:58.209614322,card,medium,in_app_chat,,resolved
1858,2036,2024-07-24 12:25:58.660331093,2024-07-24 19:18:44.997023982,account,medium,in_app_chat,,resolved
152,178,2024-07-24 16:16:02.686212912,2024-07-25 12:01:35.246412883,app,medium,in_app_chat,4.0,resolved
2981,3350,2024-07-24 16:54:54.232925253,2024-07-25 17:20:54.214004933,billing,medium,email,4.0,resolved
7168,7972,2024-07-24 17:54:47.385205102,,card,low,in_app_chat,,closed_unresolved
3610,4040,2024-07-24 20:25:37.934835438,2024-07-25 13:46:40.975190432,card,low,phone,4.0,resolved
4363,4860,2024-07-24 22:10:17.648705104,2024-07-25 11:44:18.315047119,card,medium,in_app_chat,,resolved
4721,5246,2024-07-24 22:52:51.475260630,2024-07-27 11:50:35.254916480,billing,medium,in_app_chat,4.0,resolved
1936,2143,2024-07-25 02:19:02.385353190,2024-07-26 06:02:51.724802086,card,low,phone,,resolved
5267,5832,2024-07-25 05:14:22.430104584,2024-07-27 09:48:42.952365954,card,medium,email,3.0,resolved
1118,1239,2024-07-25 05:39:08.562415887,2024-07-25 08:12:26.072096121,kyc,high,in_app_chat,3.0,resolved
6204,6929,2024-07-25 07:17:53.420883780,,app,low,phone,,open
667,742,2024-07-25 07:29:42.207935668,2024-07-25 12:07:06.027324671,account,high,email,5.0,resolved
4180,4656,2024-07-25 12:37:21.920648816,2024-07-25 15:36:37.047902685,fraud,urgent,phone,5.0,resolved
1660,1825,2024-07-25 13:16:45.658539226,,billing,medium,in_app_chat,,closed_unresolved
2480,2790,2024-07-25 13:17:41.108330751,,billing,high,phone,,open
82,87,2024-07-25 16:09:33.373658926,2024-07-26 10:24:52.881431017,card,medium,email,,resolved
1179,1305,2024-07-25 17:13:26.294810335,,app,medium,email,,open
4960,5534,2024-07-25 18:38:33.491391555,2024-07-26 22:10:07.853201487,app,medium,phone,,resolved
2176,2398,2024-07-25 20:41:35.969978555,2024-07-25 21:32:15.050482004,card,urgent,phone,5.0,resolved
1306,1420,2024-07-25 21:26:29.558244888,2024-07-28 05:23:46.852953170,kyc,low,email,3.0,resolved
421,462,2024-07-25 21:53:07.215778368,2024-07-26 03:16:08.391272449,kyc,medium,email,4.0,resolved
1122,1241,2024-07-26 00:08:57.081986499,2024-07-27 03:22:52.630262850,billing,low,in_app_chat,,resolved
1127,1250,2024-07-26 04:15:36.990895680,2024-07-27 07:40:26.950409598,billing,low,email,3.0,resolved
5841,6509,2024-07-26 06:55:32.582024768,,kyc,medium,in_app_chat,,open
6806,7588,2024-07-26 07:40:21.729373204,2024-07-27 06:59:59.639581013,billing,medium,email,5.0,resolved
4567,5063,2024-07-26 09:27:26.118638326,2024-07-26 22:48:14.103783575,billing,medium,in_app_chat,5.0,resolved
4824,5377,2024-07-26 12:37:50.735046786,2024-07-27 02:10:40.372527199,kyc,low,in_app_chat,,resolved
3580,4015,2024-07-26 14:58:20.837320302,2024-07-27 05:26:44.114549359,card,medium,in_app_chat,5.0,resolved
7184,7989,2024-07-26 17:45:37.921406106,2024-07-27 03:59:45.774169797,billing,medium,in_app_chat,4.0,resolved
5247,5805,2024-07-26 17:53:22.642717433,,fraud,urgent,in_app_chat,,open
2364,2635,2024-07-26 19:29:36.802682592,2024-07-27 14:40:43.225668591,account,medium,in_app_chat,4.0,resolved
138,160,2024-07-26 19:39:57.928894148,2024-07-27 16:11:33.516334030,billing,medium,phone,3.0,resolved
2367,2638,2024-07-26 20:02:18.613687056,2024-07-27 03:45:42.721041531,card,high,in_app_chat,5.0,resolved
5744,6397,2024-07-26 21:26:22.223160548,2024-07-27 16:45:17.845506995,kyc,medium,email,4.0,resolved
4441,4939,2024-07-26 21:44:48.461060587,2024-07-27 08:46:26.582933452,account,medium,in_app_chat,5.0,resolved
3323,3722,2024-07-26 23:11:17.838629324,2024-07-30 22:34:08.183362089,card,medium,phone,,resolved
5596,6240,2024-07-27 05:04:46.245544305,2024-07-28 15:17:01.071679671,account,medium,in_app_chat,4.0,resolved
5719,6366,2024-07-27 08:43:57.276446764,2024-07-27 17:40:21.438977094,billing,medium,in_app_chat,3.0,resolved
3542,3967,2024-07-27 11:49:08.238220083,2024-07-28 06:29:53.178023083,billing,high,in_app_chat,4.0,resolved
223,243,2024-07-27 19:08:30.234585517,2024-07-28 05:50:56.367068651,account,medium,phone,,resolved
1836,2011,2024-07-27 20:17:06.829315840,2024-07-27 21:19:09.814714478,account,urgent,in_app_chat,,resolved
6987,7770,2024-07-27 21:37:23.818688716,2024-07-28 21:27:17.314300928,kyc,medium,email,4.0,resolved
4429,4925,2024-07-27 22:49:48.320825499,,billing,medium,email,,open
6114,6824,2024-07-28 01:56:26.422268743,,billing,medium,in_app_chat,,closed_unresolved
6940,7722,2024-07-28 04:47:13.617898307,2024-07-31 18:59:35.367541224,billing,low,in_app_chat,4.0,resolved
3587,4018,2024-07-28 10:02:47.435982311,2024-07-28 11:29:14.212572123,fraud,urgent,in_app_chat,4.0,resolved
1324,1441,2024-07-28 10:42:08.340031802,2024-07-31 17:57:01.171184862,app,low,in_app_chat,4.0,resolved
672,744,2024-07-28 13:05:38.593774677,2024-07-29 03:56:01.858390624,kyc,medium,in_app_chat,4.0,resolved
3883,4336,2024-07-28 14:03:30.977011848,2024-07-28 22:02:58.485314790,card,high,email,4.0,resolved
5634,6282,2024-07-28 14:44:39.359334793,2024-07-28 17:16:44.665682131,fraud,urgent,in_app_chat,,resolved
5947,6636,2024-07-28 15:50:18.854200006,2024-07-29 02:12:00.167502700,card,medium,in_app_chat,3.0,resolved
609,681,2024-07-28 17:02:49.933268664,2024-07-31 05:04:07.340499220,kyc,low,email,3.0,resolved
537,592,2024-07-28 19:16:22.573916042,2024-07-29 00:29:49.774793411,kyc,medium,in_app_chat,4.0,resolved
5430,6048,2024-07-28 20:26:18.609716097,2024-07-28 23:43:05.681829589,account,high,email,3.0,resolved
7166,7968,2024-07-28 20:44:55.043171499,,app,medium,email,,closed_unresolved
2322,2582,2024-07-28 22:15:22.157425330,2024-07-30 17:09:26.267302880,kyc,medium,phone,,resolved
3711,4152,2024-07-29 08:00:43.546494504,2024-07-29 15:41:05.681629587,card,high,in_app_chat,4.0,resolved
409,452,2024-07-29 10:37:22.474905286,2024-08-05 02:06:21.567452856,billing,low,email,3.0,resolved
2142,2361,2024-07-29 14:56:17.806666966,,app,medium,email,,closed_unresolved
6342,7101,2024-07-29 17:42:01.178596405,2024-07-30 21:15:54.334452125,account,low,in_app_chat,,resolved
6065,6771,2024-07-29 20:33:17.085619733,2024-07-30 02:16:09.235039319,fraud,urgent,email,4.0,resolved
5042,5604,2024-07-30 00:45:34.064727837,,card,low,email,,open
3597,4027,2024-07-30 04:32:21.604218118,2024-07-30 08:59:40.847682670,kyc,high,in_app_chat,5.0,resolved
1530,1682,2024-07-30 06:10:18.487613971,2024-07-30 07:51:20.568277108,fraud,urgent,in_app_chat,,resolved
3276,3672,2024-07-30 12:29:27.859442651,2024-07-30 18:39:45.639930949,app,medium,in_app_chat,4.0,resolved
1670,1833,2024-07-30 14:13:02.166325368,2024-07-30 18:07:04.353457920,account,medium,in_app_chat,4.0,resolved
597,668,2024-07-30 15:18:03.951646421,2024-08-01 06:29:04.241429154,billing,low,email,,resolved
2179,2401,2024-07-30 15:29:33.340097068,2024-08-02 01:42:49.793145436,billing,medium,in_app_chat,5.0,resolved
139,161,2024-07-30 15:31:37.111222796,,kyc,medium,email,,closed_unresolved
570,632,2024-07-30 15:34:21.263204478,2024-08-01 00:08:26.643361999,app,medium,email,4.0,resolved
6329,7083,2024-07-30 17:11:14.519425718,2024-07-31 05:42:28.295550050,account,medium,in_app_chat,,resolved
6307,7062,2024-07-30 17:12:39.037433192,,fraud,high,in_app_chat,,closed_unresolved
2175,2396,2024-07-30 17:51:17.622582557,2024-08-01 01:04:25.110128054,kyc,medium,in_app_chat,4.0,resolved
3387,3791,2024-07-30 22:04:07.541093308,2024-08-02 02:10:06.157966345,card,medium,email,4.0,resolved
5335,5923,2024-07-30 22:56:06.260662561,2024-07-31 14:05:00.949864815,billing,medium,email,3.0,resolved
3416,3830,2024-07-30 23:29:41.432695713,2024-08-01 07:00:00.926911367,app,medium,email,4.0,resolved
7139,7942,2024-07-31 01:40:29.973904429,2024-07-31 17:32:40.779752270,billing,medium,in_app_chat,2.0,resolved
4545,5045,2024-07-31 03:46:59.279397761,2024-07-31 13:21:07.562615370,app,medium,in_app_chat,,resolved
4025,4483,2024-07-31 03:54:45.460431135,2024-08-02 18:21:03.571208821,card,medium,in_app_chat,,resolved
1235,1357,2024-07-31 04:12:28.559321850,2024-07-31 18:03:10.645199720,card,high,in_app_chat,4.0,resolved
6116,6826,2024-07-31 04:39:49.429330652,2024-07-31 05:58:17.100983534,app,urgent,in_app_chat,5.0,resolved
4619,5116,2024-07-31 05:08:59.206010357,2024-08-02 14:56:38.914884986,app,low,in_app_chat,4.0,resolved
2259,2503,2024-07-31 05:40:51.670648084,2024-08-02 01:16:08.706533713,app,medium,phone,5.0,resolved
1223,1346,2024-07-31 05:42:05.616753312,,billing,medium,email,,closed_unresolved
3504,3928,2024-07-31 06:03:47.050177109,2024-07-31 07:18:10.858601773,billing,urgent,in_app_chat,4.0,resolved
3766,4216,2024-07-31 08:39:51.481372222,2024-07-31 19:56:01.235371192,app,medium,in_app_chat,,resolved
906,990,2024-07-31 08:49:43.474543083,2024-07-31 16:01:26.100106392,card,high,in_app_chat,5.0,resolved
4457,4952,2024-07-31 08:56:39.762101912,2024-07-31 21:45:58.718613748,app,medium,in_app_chat,2.0,resolved
2674,3014,2024-07-31 09:46:11.573044063,,fraud,high,in_app_chat,,closed_unresolved
536,592,2024-07-31 11:04:46.951684127,2024-08-01 11:52:38.452259087,billing,medium,in_app_chat,5.0,resolved
1022,1126,2024-07-31 12:02:04.978582825,,billing,medium,in_app_chat,,open
6502,7297,2024-07-31 12:46:03.559349421,2024-08-02 06:35:49.606849860,card,medium,in_app_chat,3.0,resolved
3701,4137,2024-07-31 13:45:32.612019511,2024-07-31 18:05:40.590199916,fraud,high,in_app_chat,5.0,resolved
831,908,2024-07-31 16:05:17.364177404,,app,low,in_app_chat,,closed_unresolved
5010,5579,2024-07-31 16:12:29.912390735,2024-08-04 11:29:21.022704306,billing,low,in_app_chat,,resolved
4724,5250,2024-07-31 16:33:05.398579658,2024-07-31 20:49:59.049325756,billing,medium,email,4.0,resolved
1412,1547,2024-07-31 17:01:14.439156536,2024-08-01 22:04:30.110575062,card,medium,email,,resolved
640,711,2024-07-31 17:25:31.576031371,2024-08-02 17:17:55.360144251,account,low,phone,,resolved
6321,7071,2024-07-31 17:41:52.047894085,2024-07-31 21:23:20.780907901,app,high,in_app_chat,4.0,resolved
2172,2393,2024-07-31 18:20:59.884235704,2024-08-01 05:26:07.146641861,fraud,high,in_app_chat,5.0,resolved
4755,5292,2024-07-31 18:44:52.765648892,2024-08-02 09:45:24.778651970,billing,low,email,4.0,resolved
4933,5502,2024-07-31 19:15:17.628636136,2024-08-03 10:26:44.342002403,billing,low,in_app_chat,4.0,resolved
5918,6604,2024-07-31 21:05:22.141913127,2024-08-01 08:05:34.081826130,billing,medium,phone,,resolved
6764,7541,2024-07-31 23:08:23.563485317,2024-08-01 02:42:49.741046994,fraud,urgent,email,5.0,resolved
6063,6765,2024-08-01 04:03:57.204244621,2024-08-01 07:31:14.081385163,billing,high,email,5.0,resolved
4730,5256,2024-08-01 18:30:55.680898570,2024-08-02 13:12:06.755190859,kyc,medium,in_app_chat,3.0,resolved
1281,1399,2024-08-02 00:48:30.796788994,2024-08-03 04:02:22.045409924,account,low,email,4.0,resolved
4311,4809,2024-08-02 02:29:52.190051274,2024-08-02 10:12:50.329905812,card,high,in_app_chat,,resolved
5320,5903,2024-08-02 03:27:02.566317124,2024-08-02 12:59:48.193292006,card,medium,in_app_chat,4.0,resolved
2295,2552,2024-08-02 07:03:26.848085869,2024-08-03 09:49:51.637901852,card,medium,in_app_chat,3.0,resolved
2460,2753,2024-08-02 08:33:32.713181769,2024-08-04 03:00:49.464977064,account,medium,email,,resolved
6089,6796,2024-08-02 12:54:14.086454955,2024-08-03 09:21:39.436020717,account,medium,in_app_chat,4.0,resolved
3547,3970,2024-08-02 14:43:10.020858248,2024-08-02 22:22:44.537666888,app,high,in_app_chat,4.0,resolved
1011,1121,2024-08-02 15:00:43.137375776,,kyc,high,phone,,open
2239,2478,2024-08-02 19:29:18.061382984,2024-08-05 07:20:48.687003813,billing,low,phone,4.0,resolved
5549,6186,2024-08-02 19:48:26.069807914,2024-08-02 21:06:44.590628521,app,urgent,email,,resolved
6928,7708,2024-08-02 19:49:34.163702333,2024-08-03 00:50:43.312716968,account,high,in_app_chat,,resolved
6344,7104,2024-08-02 20:39:40.760061739,,fraud,high,in_app_chat,,closed_unresolved
5818,6478,2024-08-02 21:15:48.449016184,2024-08-06 00:29:10.425560104,app,low,in_app_chat,4.0,resolved
5492,6119,2024-08-02 22:58:06.172743910,2024-08-03 02:26:09.146756532,kyc,urgent,email,5.0,resolved
3556,3990,2024-08-02 23:20:21.792930109,2024-08-05 05:40:32.122854052,card,medium,phone,3.0,resolved
4666,5177,2024-08-02 23:26:39.231201390,,card,urgent,in_app_chat,,open
1004,1100,2024-08-03 03:15:53.529731974,2024-08-03 18:59:24.666378182,billing,medium,email,,resolved
4859,5428,2024-08-03 04:08:39.819729001,2024-08-04 03:51:19.975766486,card,low,email,4.0,resolved
2109,2325,2024-08-03 05:29:23.380151660,2024-08-03 10:08:52.885888456,fraud,high,in_app_chat,4.0,resolved
4706,5228,2024-08-03 05:56:13.844107170,2024-08-06 21:01:16.932623877,app,low,phone,,resolved
1304,1419,2024-08-03 06:37:54.564572398,,card,medium,in_app_chat,,closed_unresolved
6016,6714,2024-08-03 07:04:28.094930123,2024-08-04 00:18:33.973344111,billing,medium,email,,resolved
2732,3058,2024-08-03 07:22:08.168648623,2024-08-04 01:38:05.320205000,billing,medium,email,4.0,resolved
3161,3537,2024-08-03 07:42:37.498215346,2024-08-03 17:28:35.977321316,kyc,medium,in_app_chat,5.0,resolved
3675,4111,2024-08-03 09:41:45.263621437,2024-08-04 13:17:41.849592555,account,medium,in_app_chat,3.0,resolved
7113,7921,2024-08-03 11:12:23.662631799,2024-08-03 18:04:20.866036240,billing,high,email,,resolved
6963,7745,2024-08-03 12:50:27.436530537,,kyc,high,in_app_chat,,open
5572,6212,2024-08-03 18:43:09.188499089,2024-08-03 20:59:12.749012097,fraud,urgent,in_app_chat,,resolved
4546,5046,2024-08-03 20:16:50.421370350,2024-08-04 02:44:40.291417701,card,medium,in_app_chat,,resolved
4102,4573,2024-08-03 23:49:35.578413249,2024-08-04 18:57:51.268804674,account,medium,in_app_chat,,resolved
1718,1874,2024-08-04 03:31:38.735096419,2024-08-04 20:42:28.486508954,app,medium,email,3.0,resolved
4214,4700,2024-08-04 05:39:31.453764405,2024-08-04 15:14:40.414928835,card,high,email,4.0,resolved
5218,5782,2024-08-04 06:38:51.489271806,2024-08-05 17:06:28.424031062,card,medium,email,3.0,resolved
65,69,2024-08-04 11:07:26.376015541,2024-08-04 17:55:36.240444016,card,high,email,5.0,resolved
4740,5279,2024-08-04 14:15:27.839330000,,card,low,in_app_chat,,closed_unresolved
1329,1443,2024-08-04 16:12:41.248405880,2024-08-05 12:21:42.960731098,card,low,email,4.0,resolved
3192,3576,2024-08-04 17:42:35.496815855,2024-08-05 04:56:54.740314227,account,medium,in_app_chat,4.0,resolved
77,81,2024-08-04 19:09:44.474082759,2024-08-05 09:23:49.600446934,card,medium,in_app_chat,5.0,resolved
5007,5577,2024-08-04 19:30:59.706810460,,billing,high,phone,,closed_unresolved
2012,2220,2024-08-04 22:08:45.114279504,2024-08-05 23:14:38.306780948,card,medium,in_app_chat,4.0,resolved
2764,3092,2024-08-05 01:48:58.580927697,,fraud,medium,email,,closed_unresolved
6068,6773,2024-08-05 04:00:01.861605688,2024-08-05 13:02:10.038778379,card,medium,in_app_chat,,resolved
3188,3573,2024-08-05 04:10:45.804221166,2024-08-05 07:31:17.591814382,app,high,email,,resolved
3750,4202,2024-08-05 06:18:14.787208687,2024-08-05 10:57:58.860420064,app,high,in_app_chat,3.0,resolved
6125,6836,2024-08-05 06:21:46.540866372,2024-08-05 17:20:12.847371355,card,medium,email,5.0,resolved
970,1063,2024-08-05 06:51:23.572067932,,card,high,email,,closed_unresolved
3417,3831,2024-08-05 09:10:25.506185744,2024-08-05 11:46:05.294089204,fraud,urgent,email,5.0,resolved
1189,1312,2024-08-05 11:36:54.090747195,2024-08-06 06:50:40.767692975,card,low,phone,,resolved
4187,4662,2024-08-05 13:49:43.955931394,2024-08-06 06:30:23.672184190,account,medium,in_app_chat,3.0,resolved
3842,4286,2024-08-05 17:48:36.463069774,2024-08-05 20:52:47.889382021,fraud,high,in_app_chat,3.0,resolved
3245,3640,2024-08-05 21:15:16.074187459,2024-08-07 05:39:06.357851416,card,low,email,5.0,resolved
2525,2839,2024-08-06 05:06:05.703074464,2024-08-07 01:06:47.955708166,card,low,phone,4.0,resolved
2450,2741,2024-08-06 11:16:56.871915078,2024-08-07 03:56:21.708719124,fraud,high,email,4.0,resolved
2310,2567,2024-08-06 11:47:55.629674301,2024-08-07 05:49:20.033073041,app,medium,in_app_chat,3.0,resolved
6947,7730,2024-08-06 13:15:03.230422565,2024-08-09 08:49:40.709189864,card,low,phone,,resolved
699,776,2024-08-06 14:48:08.422382724,2024-08-11 09:20:27.593251075,card,low,phone,,resolved
617,692,2024-08-06 18:23:14.333828357,2024-08-07 03:48:13.115178339,card,medium,email,4.0,resolved
6346,7107,2024-08-06 19:21:43.013541326,2024-08-06 20:15:30.382317284,fraud,urgent,in_app_chat,,resolved
3411,3828,2024-08-06 20:00:29.621060853,2024-08-07 03:13:58.275323458,billing,high,phone,3.0,resolved
4059,4515,2024-08-06 22:55:53.465028366,2024-08-07 11:17:30.693642014,billing,medium,in_app_chat,,resolved
2568,2887,2024-08-07 00:43:55.797625490,2024-08-07 03:55:50.537553396,kyc,high,in_app_chat,4.0,resolved
829,907,2024-08-07 01:36:45.828260933,2024-08-07 04:47:35.407823245,app,urgent,email,5.0,resolved
3153,3529,2024-08-07 03:48:16.240042560,2024-08-07 05:44:01.229403697,kyc,urgent,email,4.0,resolved
2729,3057,2024-08-07 07:19:24.018302527,2024-08-07 15:16:15.717160259,kyc,high,email,3.0,resolved
5529,6166,2024-08-07 09:20:06.786664376,2024-08-07 18:59:31.602797513,billing,medium,in_app_chat,3.0,resolved
679,752,2024-08-07 13:30:08.044013784,2024-08-07 15:20:58.977131529,fraud,urgent,phone,4.0,resolved
3466,3881,2024-08-07 14:15:16.183978986,2024-08-08 16:05:11.386309273,account,medium,phone,4.0,resolved
3436,3848,2024-08-07 19:06:35.914610543,,account,low,in_app_chat,,closed_unresolved
632,705,2024-08-07 19:52:37.111665950,2024-08-07 21:37:17.309371904,fraud,urgent,in_app_chat,5.0,resolved
3371,3780,2024-08-07 20:48:00.416536061,2024-08-08 10:14:55.337388192,account,low,email,3.0,resolved
3622,4050,2024-08-07 21:26:51.852150919,2024-08-08 20:19:17.055838299,card,medium,email,3.0,resolved
1144,1266,2024-08-07 22:23:06.914260993,2024-08-11 18:28:04.152942083,kyc,medium,email,,resolved
2243,2485,2024-08-07 23:27:41.211098997,,billing,medium,in_app_chat,,open
5472,6089,2024-08-08 00:58:09.335513064,2024-08-08 09:39:07.790685984,account,medium,phone,3.0,resolved
974,1065,2024-08-08 01:10:06.505016851,,billing,medium,phone,,closed_unresolved
3168,3547,2024-08-08 02:34:14.830485553,,card,low,email,,open
3527,3953,2024-08-08 03:29:07.805622275,2024-08-08 12:52:02.254091945,kyc,high,in_app_chat,5.0,resolved
753,831,2024-08-08 03:33:02.852961405,2024-08-09 12:48:45.587867688,app,medium,in_app_chat,3.0,resolved
1398,1531,2024-08-08 04:26:54.810722725,2024-08-09 12:10:20.927653526,card,medium,email,4.0,resolved
3922,4381,2024-08-08 05:37:46.368142780,2024-08-08 11:48:35.487399919,card,high,in_app_chat,,resolved
6053,6754,2024-08-08 11:12:08.148725118,2024-08-09 22:30:57.380487480,billing,low,in_app_chat,3.0,resolved
5167,5739,2024-08-08 13:59:22.980303591,,billing,medium,phone,,open
4277,4766,2024-08-08 16:55:20.281488902,,kyc,high,in_app_chat,,open
335,359,2024-08-08 17:46:44.727606019,2024-08-12 14:49:14.590105431,account,low,email,5.0,resolved
2655,2991,2024-08-08 18:50:56.641630603,2024-08-13 12:04:51.725091529,account,low,email,,resolved
6713,7491,2024-08-08 20:35:02.934642347,2024-08-10 05:18:56.381176163,card,medium,in_app_chat,4.0,resolved
4475,4969,2024-08-08 20:45:33.307602612,2024-08-11 11:20:37.308586191,card,medium,in_app_chat,5.0,resolved
4217,4702,2024-08-08 20:58:35.974478539,2024-08-09 05:43:58.892840363,account,high,phone,,resolved
1604,1774,2024-08-08 21:35:22.536639983,2024-08-12 18:13:30.357571794,account,low,in_app_chat,4.0,resolved
1720,1876,2024-08-08 22:03:43.970687231,2024-08-09 14:38:18.421999221,card,medium,email,4.0,resolved
469,523,2024-08-08 23:55:46.443493853,2024-08-10 01:07:32.369215585,card,low,phone,3.0,resolved
3934,4392,2024-08-09 02:44:20.541657266,2024-08-10 01:25:38.372520675,app,low,in_app_chat,3.0,resolved
4117,4596,2024-08-09 05:38:43.927020677,2024-08-09 20:51:02.775256521,billing,medium,email,4.0,resolved
1931,2136,2024-08-09 06:55:38.759809033,2024-08-09 10:54:34.346149689,account,medium,email,5.0,resolved
2697,3034,2024-08-09 07:22:07.589352884,2024-08-10 06:08:43.073613857,billing,low,email,5.0,resolved
5867,6541,2024-08-09 13:40:24.193066405,2024-08-10 08:05:27.425808068,account,medium,in_app_chat,,resolved
2451,2742,2024-08-09 18:40:22.388580664,,card,low,email,,closed_unresolved
5656,6299,2024-08-09 19:28:02.584449563,2024-08-10 02:33:51.808304394,fraud,high,phone,5.0,resolved
2749,3072,2024-08-09 21:11:42.116922268,2024-08-10 17:33:49.604356392,account,low,in_app_chat,4.0,resolved
2703,3037,2024-08-10 00:00:43.723824865,2024-08-11 23:35:57.700505018,kyc,low,in_app_chat,4.0,resolved
1092,1200,2024-08-10 02:36:09.966237007,2024-08-11 09:40:15.083603312,app,medium,in_app_chat,,resolved
4606,5102,2024-08-10 04:48:35.998896044,,account,medium,in_app_chat,,closed_unresolved
1276,1394,2024-08-10 04:54:14.557424590,,account,low,in_app_chat,,closed_unresolved
4266,4753,2024-08-10 07:41:23.336918381,,app,low,in_app_chat,,closed_unresolved
5934,6624,2024-08-10 08:52:06.732570385,,billing,medium,phone,,closed_unresolved
5976,6659,2024-08-10 08:59:54.963595841,2024-08-10 20:39:40.739945935,kyc,medium,phone,,resolved
1848,2029,2024-08-10 12:55:25.444330775,2024-08-12 22:23:13.200610647,card,low,phone,5.0,resolved
5723,6376,2024-08-10 14:00:44.138633837,,billing,medium,email,,closed_unresolved
1261,1380,2024-08-10 15:38:06.369780238,2024-08-11 05:07:47.596535863,kyc,high,email,4.0,resolved
900,978,2024-08-10 18:28:48.809359741,2024-08-13 07:03:42.819062840,account,low,phone,3.0,resolved
6737,7518,2024-08-10 19:04:05.089471104,2024-08-12 00:02:55.317732622,account,low,in_app_chat,3.0,resolved
2362,2632,2024-08-10 19:24:28.695602718,2024-08-12 10:12:40.192148656,kyc,medium,in_app_chat,4.0,resolved
6562,7357,2024-08-10 21:04:20.208624199,2024-08-11 06:07:51.096894562,kyc,high,in_app_chat,5.0,resolved
845,925,2024-08-10 21:37:23.200626325,2024-08-13 20:47:04.850150129,billing,low,email,,resolved
2937,3311,2024-08-10 23:38:27.494823917,2024-08-14 23:04:27.479812351,billing,low,email,,resolved
3244,3640,2024-08-11 00:24:02.109921033,,billing,medium,phone,,closed_unresolved
185,205,2024-08-11 01:13:44.937393136,2024-08-12 09:54:19.114001600,card,low,phone,4.0,resolved
3200,3586,2024-08-11 03:49:23.541864660,2024-08-13 07:16:11.514711661,card,low,phone,,resolved
2896,3260,2024-08-11 06:29:03.382688279,2024-08-12 20:11:00.004562265,billing,low,in_app_chat,3.0,resolved
4595,5085,2024-08-11 09:05:24.142660733,2024-08-11 17:02:13.443395781,card,high,email,4.0,resolved
5348,5948,2024-08-11 09:11:48.372688322,2024-08-13 20:58:35.459841142,card,low,phone,4.0,resolved
6411,7186,2024-08-11 09:36:14.339384337,2024-08-11 10:48:57.156832504,fraud,urgent,in_app_chat,5.0,resolved
5275,5843,2024-08-11 09:49:12.731708781,2024-08-11 16:45:06.065713073,billing,medium,in_app_chat,5.0,resolved
3094,3462,2024-08-11 10:00:02.118961808,2024-08-12 06:15:56.913953292,account,low,email,3.0,resolved
3933,4391,2024-08-11 10:05:09.971935808,2024-08-15 08:15:34.738772105,card,low,in_app_chat,4.0,resolved
1515,1661,2024-08-11 10:38:26.121468050,2024-08-12 12:47:11.111952291,card,medium,email,5.0,resolved
2648,2984,2024-08-11 13:12:08.135989816,2024-08-11 20:08:54.416158552,app,high,in_app_chat,,resolved
2394,2675,2024-08-11 15:50:22.202661926,2024-08-12 11:03:18.779900579,card,medium,phone,4.0,resolved
17,12,2024-08-11 19:15:16.070913264,,fraud,high,in_app_chat,,open
4649,5159,2024-08-11 21:02:12.228866102,2024-08-12 00:36:52.034518907,card,high,in_app_chat,5.0,resolved
52,57,2024-08-11 22:28:31.225445454,2024-08-12 00:22:55.196164736,fraud,high,email,5.0,resolved
4964,5539,2024-08-12 00:20:58.588690488,2024-08-12 09:01:52.320147445,app,high,in_app_chat,3.0,resolved
5327,5911,2024-08-12 05:48:56.469774623,2024-08-12 13:35:34.138356660,fraud,high,phone,5.0,resolved
1221,1342,2024-08-12 07:24:26.835584477,2024-08-13 00:28:23.172185652,billing,medium,email,,resolved
6995,7783,2024-08-12 08:02:48.065814562,2024-08-12 13:58:01.685273068,app,high,in_app_chat,4.0,resolved
1044,1150,2024-08-12 12:07:54.839097203,2024-08-13 11:20:15.926363721,billing,medium,email,,resolved
6889,7671,2024-08-12 13:08:09.830820491,,fraud,urgent,in_app_chat,,open
7098,7905,2024-08-12 15:09:29.722316160,2024-08-13 06:22:53.895064498,kyc,medium,in_app_chat,4.0,resolved
3726,4175,2024-08-12 15:15:33.537460538,2024-08-12 17:00:45.829792892,account,high,email,,resolved
3664,4100,2024-08-12 16:02:13.376509520,2024-08-12 22:47:11.422353473,fraud,high,in_app_chat,,resolved
6164,6887,2024-08-12 18:37:17.084801400,2024-08-12 21:33:26.045603396,kyc,high,in_app_chat,3.0,resolved
6801,7581,2024-08-12 21:48:23.259403650,,app,high,email,,open
6102,6808,2024-08-12 22:00:58.245600867,2024-08-13 22:20:10.076171845,kyc,medium,in_app_chat,,resolved
2330,2589,2024-08-13 01:31:08.190600314,2024-08-13 17:32:00.442244286,kyc,high,in_app_chat,5.0,resolved
4842,5409,2024-08-13 06:04:06.765954755,2024-08-13 23:31:37.602855987,app,low,in_app_chat,4.0,resolved
6088,6796,2024-08-13 06:49:33.768503425,2024-08-13 10:03:29.355692788,fraud,urgent,in_app_chat,5.0,resolved
1625,1792,2024-08-13 08:07:23.951564650,2024-08-13 22:22:59.737861259,kyc,medium,in_app_chat,4.0,resolved
3554,3988,2024-08-13 08:08:09.659950160,,billing,low,phone,,open
4065,4522,2024-08-13 09:35:00.383896777,2024-08-13 14:38:45.731418957,kyc,high,phone,4.0,resolved
7092,7894,2024-08-13 12:27:27.305852207,2024-08-13 21:59:54.313263756,card,medium,phone,4.0,resolved
6780,7567,2024-08-13 15:21:57.586776886,,card,high,email,,open
1243,1367,2024-08-13 16:21:34.312815112,2024-08-14 15:38:43.460355422,billing,medium,in_app_chat,4.0,resolved
3671,4108,2024-08-13 16:36:58.935525024,2024-08-13 20:11:40.720823981,card,high,in_app_chat,,resolved
4748,5287,2024-08-13 19:46:19.598703968,2024-08-13 23:14:51.536317838,card,high,email,5.0,resolved
1583,1744,2024-08-13 23:13:31.477305809,2024-08-16 13:10:50.710619149,kyc,medium,in_app_chat,4.0,resolved
7136,7939,2024-08-14 00:27:49.425176445,2024-08-14 09:52:51.206952007,fraud,high,email,,resolved
1585,1745,2024-08-14 01:51:41.493838383,2024-08-14 14:13:30.924626741,card,medium,in_app_chat,3.0,resolved
769,849,2024-08-14 04:43:38.250156434,2024-08-14 13:03:37.067212442,account,medium,in_app_chat,4.0,resolved
4512,5013,2024-08-14 04:44:03.068849823,,app,medium,in_app_chat,,open
5496,6126,2024-08-14 05:07:00.543798261,2024-08-15 04:25:47.172835499,account,high,in_app_chat,,resolved
5975,6657,2024-08-14 05:53:16.479058315,2024-08-14 09:31:20.732617451,kyc,high,in_app_chat,,resolved
6263,7008,2024-08-14 08:17:13.105414527,2024-08-14 09:27:40.974884472,fraud,urgent,phone,,resolved
3879,4332,2024-08-14 09:19:31.115846870,2024-08-15 13:45:25.435043380,account,low,phone,4.0,resolved
6320,7071,2024-08-14 11:56:32.135690319,2024-08-14 15:53:31.378222041,kyc,high,in_app_chat,4.0,resolved
4171,4648,2024-08-14 12:15:20.488918181,,card,urgent,in_app_chat,,open
6994,7782,2024-08-14 12:51:28.530025159,,card,high,in_app_chat,,open
5788,6448,2024-08-14 13:32:26.692231588,2024-08-14 14:14:22.884396344,fraud,urgent,in_app_chat,4.0,resolved
5438,6056,2024-08-14 16:04:07.827592831,2024-08-15 09:07:35.884803560,billing,medium,email,,resolved
5861,6530,2024-08-14 19:44:33.639790482,2024-08-15 02:23:40.994127104,billing,high,in_app_chat,,resolved
6079,6785,2024-08-14 21:00:06.145049707,,billing,low,in_app_chat,,closed_unresolved
1323,1438,2024-08-14 21:51:50.094904959,2024-08-16 11:46:20.368113565,billing,low,in_app_chat,4.0,resolved
5547,6185,2024-08-14 22:32:34.426831067,2024-08-16 09:17:29.302485335,kyc,medium,phone,4.0,resolved
4164,4646,2024-08-14 22:47:38.279336455,2024-08-16 13:30:13.699652125,app,medium,email,3.0,resolved
817,895,2024-08-15 08:07:15.994065768,2024-08-18 21:18:37.351937589,billing,low,phone,4.0,resolved
2152,2374,2024-08-15 09:16:43.782658849,2024-08-15 19:56:03.661295873,kyc,high,in_app_chat,5.0,resolved
482,537,2024-08-15 10:15:12.627985844,2024-08-17 11:12:35.943067967,account,low,in_app_chat,3.0,resolved
3343,3747,2024-08-15 11:31:33.443861747,2024-08-15 14:38:36.481082521,account,urgent,in_app_chat,5.0,resolved
6980,7763,2024-08-15 13:03:27.430293971,2024-08-15 13:46:58.475895809,billing,high,email,3.0,resolved
1679,1836,2024-08-15 13:17:50.909649696,2024-08-15 23:09:39.151930749,kyc,high,in_app_chat,4.0,resolved
4408,4897,2024-08-15 14:15:15.796191991,2024-08-20 00:09:40.168786016,billing,low,in_app_chat,,resolved
368,411,2024-08-15 15:55:07.394107045,2024-08-16 11:00:21.428469429,billing,medium,in_app_chat,,resolved
1388,1520,2024-08-15 18:14:20.845342680,2024-08-16 03:56:00.366310417,kyc,medium,in_app_chat,,resolved
5449,6068,2024-08-15 23:45:21.035176136,2024-08-17 10:52:11.469237118,card,low,email,2.0,resolved
3501,3927,2024-08-16 00:35:26.691717287,,card,low,in_app_chat,,closed_unresolved
4506,5007,2024-08-16 00:44:16.578620304,2024-08-16 20:03:41.164350249,app,low,in_app_chat,4.0,resolved
4344,4841,2024-08-16 01:43:01.183816790,2024-08-18 21:04:04.506940836,kyc,low,in_app_chat,,resolved
6161,6884,2024-08-16 08:26:34.290822338,2024-08-16 14:29:56.088780390,app,high,in_app_chat,4.0,resolved
6769,7547,2024-08-16 09:30:00.035103600,2024-08-16 11:24:15.789461382,fraud,urgent,email,3.0,resolved
5829,6492,2024-08-16 12:57:58.670843526,2024-08-20 15:59:17.696964501,app,low,in_app_chat,3.0,resolved
109,118,2024-08-16 13:23:50.391099121,2024-08-16 18:18:10.514020636,card,high,email,,resolved
6140,6856,2024-08-16 15:05:31.519151842,2024-08-18 05:40:43.828374512,kyc,medium,in_app_chat,3.0,resolved
5791,6449,2024-08-16 16:03:39.327455016,,account,high,in_app_chat,,open
4871,5440,2024-08-16 19:39:55.447678509,2024-08-17 09:32:54.702066048,app,medium,in_app_chat,4.0,resolved
5219,5783,2024-08-16 21:50:52.021953767,2024-08-19 10:33:49.565607330,app,low,in_app_chat,,resolved
986,1078,2024-08-16 23:23:46.923609816,2024-08-17 20:56:10.133627666,app,medium,email,,resolved
6521,7315,2024-08-17 01:17:52.555888132,2024-08-17 22:59:14.942347237,card,medium,in_app_chat,3.0,resolved
3987,4445,2024-08-17 02:08:16.929005115,2024-08-17 16:27:10.932826936,kyc,high,in_app_chat,3.0,resolved
834,911,2024-08-17 04:14:53.659609601,2024-08-17 09:30:17.444368352,card,high,email,,resolved
5395,6004,2024-08-17 07:01:01.445825012,,account,low,email,,closed_unresolved
5362,5967,2024-08-17 10:40:02.910333789,,card,medium,in_app_chat,,open
3530,3955,2024-08-17 11:12:12.244554020,2024-08-17 12:21:45.950720628,kyc,urgent,in_app_chat,,resolved
6227,6962,2024-08-17 11:26:52.182859799,2024-08-18 10:19:00.066475248,billing,low,email,5.0,resolved
6529,7326,2024-08-17 16:36:12.515055796,2024-08-18 11:56:32.366782132,account,medium,in_app_chat,3.0,resolved
6083,6790,2024-08-17 16:43:17.757974616,2024-08-18 15:21:14.131849501,account,medium,in_app_chat,5.0,resolved
101,110,2024-08-17 19:13:40.968714838,2024-08-17 23:02:16.622662487,kyc,high,email,,resolved
452,503,2024-08-17 21:31:30.857443000,,app,low,in_app_chat,,open
2410,2694,2024-08-17 22:00:59.739268818,,card,medium,in_app_chat,,closed_unresolved
5988,6674,2024-08-18 01:05:08.455736768,2024-08-18 21:29:44.529360623,billing,medium,email,4.0,resolved
4169,4648,2024-08-18 02:40:57.617806860,2024-08-18 13:47:44.890180190,app,medium,email,4.0,resolved
4434,4932,2024-08-18 04:34:43.817242535,,kyc,medium,in_app_chat,,closed_unresolved
6868,7645,2024-08-18 05:25:08.286563818,,app,low,email,,open
44,47,2024-08-18 05:32:15.567794433,2024-08-18 10:01:16.510107917,card,high,email,4.0,resolved
4300,4798,2024-08-18 06:00:42.783478758,2024-08-19 13:43:40.855500199,kyc,medium,in_app_chat,,resolved
3672,4108,2024-08-18 06:31:45.012512144,2024-08-19 14:09:53.653206024,app,medium,phone,3.0,resolved
3876,4327,2024-08-18 06:49:54.398643165,2024-08-18 09:02:49.669470258,fraud,high,in_app_chat,3.0,resolved
2209,2436,2024-08-18 10:47:34.805818881,2024-08-18 18:36:45.578382108,card,high,in_app_chat,,resolved
1510,1659,2024-08-18 11:25:53.385254198,2024-08-19 21:13:20.314037448,billing,medium,in_app_chat,5.0,resolved
1385,1518,2024-08-18 12:14:14.307107663,2024-08-23 12:31:34.249566239,billing,low,in_app_chat,5.0,resolved
2535,2847,2024-08-18 16:29:43.047423936,2024-08-22 03:19:05.540713134,app,low,in_app_chat,,resolved
6438,7219,2024-08-18 17:53:25.373358813,2024-08-19 03:31:45.938772563,app,high,in_app_chat,4.0,resolved
577,640,2024-08-18 18:34:36.781664802,,billing,medium,in_app_chat,,open
1386,1519,2024-08-18 19:25:57.374889772,2024-08-20 07:35:59.540795472,app,medium,in_app_chat,3.0,resolved
4604,5102,2024-08-18 23:10:57.855570496,2024-08-19 01:09:11.464841794,app,high,in_app_chat,4.0,resolved
4151,4635,2024-08-18 23:46:22.056673440,2024-08-20 07:46:38.499894375,app,medium,in_app_chat,3.0,resolved
1125,1244,2024-08-19 01:10:26.560990894,2024-08-20 18:14:33.926448407,billing,low,in_app_chat,4.0,resolved
1325,1441,2024-08-19 01:41:41.896119266,2024-08-19 05:06:34.177218849,fraud,urgent,email,4.0,resolved
3865,4316,2024-08-19 08:27:09.519422129,2024-08-19 18:44:49.749135798,app,medium,email,,resolved
1159,1280,2024-08-19 08:54:59.664147537,2024-08-20 10:34:56.349111064,card,medium,email,4.0,resolved
5284,5853,2024-08-19 08:56:51.064754052,2024-08-19 15:41:38.173327626,card,high,in_app_chat,,resolved
7036,7825,2024-08-19 09:47:20.033685850,2024-08-20 02:04:45.441764041,kyc,medium,in_app_chat,4.0,resolved
2873,3224,2024-08-19 12:42:27.387603224,2024-08-20 22:12:17.017983958,billing,medium,in_app_chat,,resolved
1813,1993,2024-08-19 13:53:59.250086044,2024-08-19 16:25:24.205746499,app,urgent,in_app_chat,5.0,resolved
5400,6008,2024-08-19 13:58:33.551225434,,kyc,high,phone,,open
2864,3206,2024-08-20 01:26:59.575382131,,fraud,urgent,in_app_chat,,open
2816,3157,2024-08-20 01:37:50.835384422,2024-08-20 03:31:15.761588462,card,high,email,,resolved
3677,4113,2024-08-20 03:31:32.091532328,2024-08-20 09:10:52.207227030,billing,high,in_app_chat,5.0,resolved
959,1046,2024-08-20 16:43:47.829913993,2024-08-20 22:06:19.650321644,fraud,high,in_app_chat,,resolved
2073,2281,2024-08-20 18:40:13.025670309,2024-08-23 21:23:01.212004284,app,low,email,,resolved
7164,7965,2024-08-20 19:29:42.696779170,2024-08-21 02:28:42.787841471,billing,medium,in_app_chat,,resolved
6812,7593,2024-08-21 01:27:53.439819779,,kyc,medium,in_app_chat,,closed_unresolved
6615,7398,2024-08-21 02:09:40.188969250,,kyc,high,email,,closed_unresolved
4983,5557,2024-08-21 03:01:56.802833207,2024-08-21 16:30:15.764310951,app,medium,in_app_chat,,resolved
1845,2023,2024-08-21 03:34:09.138987871,2024-08-29 12:22:17.702708659,app,low,in_app_chat,4.0,resolved
5824,6487,2024-08-21 09:52:21.092595833,2024-08-21 17:12:16.783100034,kyc,high,in_app_chat,4.0,resolved
2129,2349,2024-08-21 10:38:54.999355297,2024-08-21 15:46:19.805558476,billing,medium,in_app_chat,,resolved
3440,3852,2024-08-21 12:22:13.532271836,,kyc,medium,in_app_chat,,closed_unresolved
5679,6331,2024-08-21 12:32:00.054542944,2024-08-22 03:32:54.659103227,kyc,high,email,,resolved
5769,6432,2024-08-21 15:02:36.349516464,2024-08-22 00:34:00.691692070,app,medium,in_app_chat,,resolved
4373,4866,2024-08-21 15:07:14.584102685,2024-08-22 01:46:55.234664567,app,medium,in_app_chat,3.0,resolved
6275,7015,2024-08-21 19:12:10.078366265,2024-08-22 04:57:17.544062774,kyc,medium,in_app_chat,4.0,resolved
3350,3760,2024-08-22 02:00:58.478251023,2024-08-22 04:21:53.816061295,app,high,email,4.0,resolved
2363,2634,2024-08-22 02:47:03.183901454,2024-08-22 21:35:43.361714914,card,medium,email,,resolved
5185,5754,2024-08-22 04:04:12.994802166,2024-08-22 08:03:24.026669514,app,urgent,in_app_chat,4.0,resolved
3870,4321,2024-08-22 05:07:39.847216693,,app,medium,in_app_chat,,open
2354,2622,2024-08-22 06:17:22.785627503,2024-08-25 02:20:38.229509808,billing,low,email,2.0,resolved
783,865,2024-08-22 12:11:31.107241210,2024-08-23 17:15:53.202569426,app,medium,phone,3.0,resolved
1948,2158,2024-08-22 12:12:45.096878828,2024-08-23 13:00:27.782107047,account,medium,email,2.0,resolved
1910,2115,2024-08-22 12:55:22.263211804,2024-08-23 16:05:37.895037892,billing,medium,email,4.0,resolved
6367,7133,2024-08-22 12:59:21.198065349,2024-08-23 00:24:20.502716047,billing,high,in_app_chat,4.0,resolved
2306,2564,2024-08-22 13:53:49.573306573,2024-08-22 21:59:08.964572237,kyc,high,in_app_chat,,resolved
4016,4475,2024-08-22 19:05:03.840312203,2024-08-24 21:09:31.667168433,card,low,in_app_chat,4.0,resolved
5073,5633,2024-08-22 21:44:22.512853311,2024-08-23 03:21:01.319520043,kyc,high,email,,resolved
6219,6949,2024-08-22 22:17:29.179421655,2024-08-24 16:34:19.622332813,app,medium,phone,4.0,resolved
6205,6930,2024-08-23 01:07:20.620385112,2024-08-23 06:17:30.762053019,billing,urgent,email,5.0,resolved
4044,4504,2024-08-23 02:13:33.598190784,2024-08-23 11:26:46.903923448,card,medium,in_app_chat,,resolved
145,174,2024-08-23 04:23:15.408725758,2024-08-23 05:18:47.102379904,app,urgent,in_app_chat,5.0,resolved
5397,6004,2024-08-23 05:12:24.523868355,2024-08-25 13:54:10.295077014,card,medium,in_app_chat,,resolved
2357,2623,2024-08-23 06:32:53.600799209,2024-08-23 13:06:02.616487155,card,high,email,5.0,resolved
6601,7386,2024-08-23 06:33:47.011899142,2024-08-23 08:55:33.852105760,kyc,high,in_app_chat,,resolved
7021,7805,2024-08-23 08:57:00.223298357,2024-08-24 10:43:30.580104267,account,medium,in_app_chat,,resolved
3190,3575,2024-08-23 10:14:23.134858244,2024-08-23 19:14:27.061446121,app,medium,phone,4.0,resolved
2876,3227,2024-08-23 12:07:22.073123591,2024-08-24 02:15:38.545418586,kyc,high,in_app_chat,4.0,resolved
3756,4209,2024-08-23 13:26:53.761683145,,kyc,medium,phone,,open
1637,1807,2024-08-23 15:23:21.135649505,2024-08-24 03:47:51.130870748,fraud,high,in_app_chat,4.0,resolved
4771,5307,2024-08-23 17:59:39.876569597,2024-08-24 20:54:56.245724569,kyc,medium,in_app_chat,4.0,resolved
491,544,2024-08-23 20:16:05.921450952,2024-08-27 04:59:55.022934945,account,low,in_app_chat,4.0,resolved
441,492,2024-08-23 22:37:02.528156671,2024-08-24 07:45:01.017522524,billing,high,in_app_chat,,resolved
1143,1266,2024-08-23 22:47:32.906717246,,billing,medium,in_app_chat,,open
4959,5533,2024-08-23 23:10:55.979044282,2024-08-25 04:10:11.750214178,card,medium,in_app_chat,3.0,resolved
2067,2277,2024-08-24 01:46:31.012335396,2024-08-24 04:13:01.364988067,fraud,urgent,email,4.0,resolved
6494,7287,2024-08-24 05:35:03.190180032,2024-08-25 12:33:40.869484802,card,low,in_app_chat,,resolved
7028,7813,2024-08-24 05:48:58.059896328,2024-08-25 03:08:31.712891064,kyc,medium,in_app_chat,,resolved
3204,3589,2024-08-24 09:01:54.858752137,2024-08-25 16:30:55.066856309,kyc,medium,in_app_chat,4.0,resolved
3843,4287,2024-08-24 09:28:17.679856336,2024-08-24 14:10:02.120508001,card,high,email,,resolved
2676,3016,2024-08-24 10:11:31.358182375,2024-08-26 01:05:25.202921912,card,medium,phone,5.0,resolved
3646,4078,2024-08-24 11:03:33.668174243,2024-08-24 17:55:44.598942321,card,high,email,,resolved
3644,4075,2024-08-24 11:15:48.500845329,2024-08-24 14:23:46.394984439,kyc,high,email,5.0,resolved
5194,5760,2024-08-24 12:30:42.933256136,2024-08-25 10:17:31.128204070,app,medium,in_app_chat,,resolved
3791,4236,2024-08-24 16:02:02.113588455,2024-08-25 12:23:24.582812663,account,medium,in_app_chat,,resolved
3088,3454,2024-08-24 17:38:15.920929354,2024-08-25 22:09:14.058137014,account,medium,in_app_chat,4.0,resolved
70,73,2024-08-25 01:37:42.576770948,2024-08-26 11:27:05.721671399,billing,medium,phone,4.0,resolved
2612,2946,2024-08-25 03:30:15.176315145,2024-08-26 12:08:42.307312635,app,medium,in_app_chat,4.0,resolved
3773,4218,2024-08-25 04:11:48.658611024,2024-08-25 07:18:33.074933296,fraud,high,in_app_chat,2.0,resolved
3585,4018,2024-08-25 04:27:21.461952934,2024-08-28 07:33:37.197001795,card,low,in_app_chat,4.0,resolved
677,751,2024-08-25 05:10:41.750375842,2024-08-26 01:46:13.541327027,fraud,medium,in_app_chat,,resolved
6112,6821,2024-08-25 05:53:57.631471428,2024-08-25 13:28:55.058181764,card,high,in_app_chat,4.0,resolved
2019,2227,2024-08-25 05:58:10.017110729,2024-08-25 08:08:17.821078781,app,high,in_app_chat,4.0,resolved
3941,4400,2024-08-25 06:22:57.683022801,2024-08-25 11:29:56.114037120,card,high,in_app_chat,3.0,resolved
5623,6270,2024-08-25 06:48:08.391499729,2024-08-26 03:50:15.126236447,card,medium,in_app_chat,2.0,resolved
5752,6405,2024-08-25 07:39:55.020717996,2024-08-25 10:03:09.296455696,billing,high,in_app_chat,4.0,resolved
2630,2966,2024-08-25 09:56:08.687464765,2024-08-25 16:33:11.675681000,app,medium,phone,4.0,resolved
5221,5783,2024-08-25 10:56:31.881572761,2024-08-26 21:10:00.997959302,card,medium,in_app_chat,5.0,resolved
2926,3298,2024-08-25 12:02:30.224644120,2024-08-26 03:16:05.873709248,app,high,in_app_chat,4.0,resolved
529,585,2024-08-25 13:28:54.606517933,2024-08-25 20:21:44.390586579,fraud,high,email,4.0,resolved
692,768,2024-08-25 13:37:09.712247024,2024-08-30 02:44:53.821821430,billing,low,in_app_chat,3.0,resolved
4064,4520,2024-08-25 15:08:34.097511292,2024-08-26 09:37:52.182969480,app,medium,email,3.0,resolved
4867,5436,2024-08-25 16:05:53.504958698,2024-08-26 17:37:46.093020058,account,medium,email,3.0,resolved
3565,4000,2024-08-25 16:18:55.977167321,2024-08-27 11:51:16.532433722,account,medium,phone,5.0,resolved
6554,7348,2024-08-25 18:08:11.082181073,2024-08-26 04:45:59.999171183,kyc,medium,in_app_chat,3.0,resolved
2027,2236,2024-08-25 19:42:10.451831731,2024-08-26 16:19:28.623127457,kyc,medium,email,3.0,resolved
443,493,2024-08-25 19:47:26.791625987,2024-08-28 06:57:52.963616999,billing,medium,in_app_chat,,resolved
4722,5247,2024-08-25 19:56:34.248040103,,app,medium,phone,,open
4919,5483,2024-08-25 20:10:23.959979385,2024-08-25 22:48:18.169933013,billing,high,in_app_chat,,resolved
6576,7369,2024-08-25 21:18:04.636654401,2024-09-01 16:08:17.677279229,kyc,low,email,4.0,resolved
7007,7791,2024-08-25 22:41:34.517201268,2024-08-26 09:24:35.943426031,app,medium,in_app_chat,3.0,resolved
3634,4063,2024-08-25 23:09:15.450534126,2024-08-26 19:25:19.887236014,fraud,high,in_app_chat,4.0,resolved
664,738,2024-08-25 23:41:57.806363451,,card,high,in_app_chat,,closed_unresolved
1252,1371,2024-08-26 02:27:47.173325639,2024-08-26 20:01:50.953452486,account,medium,in_app_chat,5.0,resolved
445,496,2024-08-26 03:14:13.460330440,,billing,medium,in_app_chat,,open
215,234,2024-08-26 08:29:16.489209336,,kyc,medium,email,,closed_unresolved
1839,2017,2024-08-26 15:04:39.971896288,2024-08-26 19:11:03.602458723,card,high,in_app_chat,,resolved
6117,6826,2024-08-26 18:01:52.991213424,2024-08-27 13:16:36.279450070,billing,medium,in_app_chat,5.0,resolved
4708,5231,2024-08-26 20:58:00.188678876,2024-08-26 22:30:15.187624799,account,high,in_app_chat,4.0,resolved
6319,7070,2024-08-26 21:09:56.566870041,2024-08-29 03:47:57.244644466,kyc,low,phone,3.0,resolved
6690,7472,2024-08-26 21:14:15.481226561,2024-08-27 17:55:02.326623102,billing,low,in_app_chat,3.0,resolved
4832,5390,2024-08-27 03:24:35.830444680,2024-08-27 06:07:00.703133022,card,high,in_app_chat,3.0,resolved
6802,7583,2024-08-27 10:03:48.731050656,2024-08-29 20:21:21.267688557,account,low,phone,,resolved
6879,7659,2024-08-27 13:31:40.717896096,2024-08-28 03:36:49.496856897,kyc,medium,email,3.0,resolved
2643,2977,2024-08-27 14:59:45.605804038,2024-08-28 23:01:59.026740242,account,low,in_app_chat,3.0,resolved
810,889,2024-08-27 15:28:14.155970638,2024-08-29 09:00:41.257702680,account,medium,in_app_chat,5.0,resolved
746,826,2024-08-27 16:16:01.504417434,2024-08-29 04:01:12.919736587,billing,low,phone,,resolved
1657,1823,2024-08-27 17:48:27.124164190,2024-08-28 00:51:13.322925125,billing,urgent,email,,resolved
1107,1225,2024-08-27 20:07:28.861566870,2024-08-30 05:05:57.930569016,account,low,phone,4.0,resolved
1402,1533,2024-08-27 20:55:44.197373461,2024-08-30 02:56:36.948634135,card,low,in_app_chat,4.0,resolved
5530,6166,2024-08-27 22:53:35.195166470,2024-08-29 00:11:53.182097994,fraud,high,in_app_chat,5.0,resolved
3642,4074,2024-08-27 23:01:42.627927535,2024-08-28 12:54:00.695503388,kyc,medium,phone,4.0,resolved
26,19,2024-08-27 23:06:09.937937200,2024-08-28 02:20:20.335907872,account,high,in_app_chat,5.0,resolved
4877,5443,2024-08-28 02:41:20.936712526,2024-08-28 06:11:10.943714255,account,high,email,5.0,resolved
6072,6778,2024-08-28 04:27:44.319766406,2024-08-29 02:07:29.039510031,account,medium,phone,,resolved
545,598,2024-08-28 08:29:40.154213736,2024-09-01 07:57:37.942751956,billing,low,in_app_chat,,resolved
46,53,2024-08-28 10:35:02.493429901,2024-08-29 08:43:00.380034923,account,medium,in_app_chat,3.0,resolved
6325,7078,2024-08-28 12:30:38.846815692,2024-08-28 18:18:41.197283638,fraud,high,email,4.0,resolved
4602,5094,2024-08-28 13:09:25.314322559,2024-08-30 00:28:20.126525269,app,low,email,3.0,resolved
3177,3555,2024-08-28 14:00:59.528062163,,kyc,high,email,,open
2741,3064,2024-08-28 14:33:56.445857449,2024-08-29 11:02:59.215360145,kyc,medium,phone,,resolved
5929,6616,2024-08-28 16:32:25.844755087,2024-08-31 07:10:37.530561733,card,medium,in_app_chat,3.0,resolved
3383,3787,2024-08-28 16:57:34.268951404,2024-08-29 16:16:02.258382535,kyc,medium,in_app_chat,5.0,resolved
7089,7893,2024-08-28 17:08:09.636973920,2024-08-30 22:09:53.747574967,app,medium,in_app_chat,,resolved
2723,3053,2024-08-28 17:08:22.619142968,2024-08-29 02:26:42.869833332,kyc,medium,email,5.0,resolved
4278,4769,2024-08-28 21:07:51.231675328,2024-08-29 20:12:12.840648743,card,medium,phone,,resolved
7057,7849,2024-08-28 22:17:15.349219958,2024-08-31 00:20:46.959027446,app,medium,in_app_chat,3.0,resolved
2781,3116,2024-08-29 01:55:28.579187317,,account,high,phone,,open
1116,1237,2024-08-29 02:44:03.561915661,2024-08-30 03:46:09.492091536,account,low,in_app_chat,4.0,resolved
3310,3705,2024-08-29 02:59:59.771927760,2024-08-29 13:57:25.331539064,account,medium,in_app_chat,,resolved
1901,2103,2024-08-29 03:27:04.794544958,2024-08-29 23:49:29.990104776,account,medium,phone,4.0,resolved
1039,1145,2024-08-29 05:54:38.421652913,2024-08-29 16:23:40.008993571,app,high,email,5.0,resolved
1343,1457,2024-08-29 07:24:26.493917811,2024-08-29 09:23:53.243824557,kyc,urgent,phone,5.0,resolved
7177,7978,2024-08-29 09:06:00.957986182,2024-08-31 22:05:42.728784510,kyc,medium,in_app_chat,5.0,resolved
944,1028,2024-08-29 10:11:13.557489406,2024-08-29 21:47:36.210918958,app,medium,email,3.0,resolved
4087,4548,2024-08-29 11:24:07.931497605,2024-08-30 01:44:43.721679898,billing,medium,in_app_chat,4.0,resolved
3833,4279,2024-08-29 15:23:03.641511122,2024-08-30 14:12:03.143700930,account,medium,phone,4.0,resolved
6544,7340,2024-08-29 16:51:59.503440928,2024-08-29 21:21:58.079244067,card,high,in_app_chat,4.0,resolved
3443,3853,2024-08-29 17:02:40.243105426,2024-08-30 14:24:10.955041982,billing,medium,email,,resolved
6480,7269,2024-08-29 19:16:45.173088013,2024-08-29 22:20:33.173732253,fraud,high,in_app_chat,3.0,resolved
1303,1418,2024-08-29 20:17:34.413470223,,billing,low,in_app_chat,,open
1182,1307,2024-08-29 20:27:24.761605086,2024-08-30 00:33:41.783683327,app,high,in_app_chat,5.0,resolved
5179,5748,2024-08-29 21:35:42.686821294,2024-08-30 01:56:55.110978451,app,high,email,3.0,resolved
6256,6996,2024-08-29 22:33:52.361536472,2024-08-31 06:34:08.855159744,billing,medium,in_app_chat,4.0,resolved
1053,1158,2024-08-29 22:36:54.425518179,2024-08-30 05:02:47.460028359,card,medium,in_app_chat,5.0,resolved
3588,4021,2024-08-30 01:10:42.555600019,2024-08-30 02:45:40.068900316,account,urgent,in_app_chat,,resolved
4089,4552,2024-08-30 02:19:10.823274822,2024-08-30 15:29:53.272699929,card,high,email,,resolved
6666,7454,2024-08-30 04:47:50.169648770,,card,medium,phone,,closed_unresolved
4980,5556,2024-08-30 05:59:03.054280732,2024-08-30 19:45:50.501683493,card,medium,phone,5.0,resolved
972,1064,2024-08-30 06:49:13.734950053,2024-08-30 10:03:27.993223192,kyc,high,in_app_chat,4.0,resolved
2542,2856,2024-08-30 08:24:09.606660004,2024-08-30 21:13:26.650199750,card,medium,email,,resolved
1878,2065,2024-08-30 16:02:00.781170397,,kyc,medium,email,,open
5703,6354,2024-08-30 17:20:54.384101747,2024-08-31 03:33:00.266877824,card,high,in_app_chat,,resolved
5582,6223,2024-08-30 18:17:19.822957333,2024-08-30 20:58:49.299629783,fraud,medium,email,5.0,resolved
2700,3035,2024-08-30 20:25:20.762612189,2024-09-01 22:14:59.103853520,card,low,phone,,resolved
6044,6746,2024-08-30 20:29:02.377355760,2024-08-31 20:45:28.931754593,app,medium,phone,4.0,resolved
1452,1589,2024-08-30 20:54:55.379821717,2024-08-31 02:27:03.955697867,account,high,in_app_chat,,resolved
3233,3619,2024-08-30 21:56:02.723655992,2024-08-31 07:17:42.721638425,app,medium,in_app_chat,3.0,resolved
4047,4506,2024-08-30 22:00:58.827477418,2024-08-31 20:48:12.979392089,app,high,in_app_chat,,resolved
2671,3007,2024-08-30 23:26:28.716093700,2024-08-31 04:17:33.548252185,card,high,in_app_chat,4.0,resolved
778,861,2024-08-31 01:25:44.200781172,2024-09-01 18:23:22.550030706,billing,low,in_app_chat,3.0,resolved
697,773,2024-08-31 01:51:00.178994937,2024-09-01 04:03:59.552294259,card,low,in_app_chat,3.0,resolved
1561,1716,2024-08-31 02:02:42.031066257,2024-08-31 04:35:06.414589182,kyc,high,email,4.0,resolved
5998,6691,2024-08-31 03:52:01.055857497,,card,medium,phone,,open
3892,4344,2024-08-31 04:42:29.736913368,2024-08-31 22:45:57.941346802,fraud,medium,in_app_chat,3.0,resolved
1904,2108,2024-08-31 06:11:20.857058998,,kyc,medium,in_app_chat,,open
3787,4230,2024-08-31 06:11:34.621913644,2024-08-31 15:41:29.624559280,app,medium,in_app_chat,5.0,resolved
5501,6133,2024-08-31 07:06:04.328141823,2024-08-31 08:08:01.486619150,billing,urgent,in_app_chat,3.0,resolved
3110,3474,2024-08-31 07:41:39.756269258,,account,low,in_app_chat,,closed_unresolved
4641,5140,2024-08-31 08:28:20.308123848,2024-08-31 19:00:24.802108718,card,medium,in_app_chat,3.0,resolved
3119,3491,2024-08-31 08:32:09.855587074,2024-08-31 15:52:48.188899810,account,high,email,4.0,resolved
3430,3841,2024-08-31 10:04:56.296012267,2024-09-03 08:31:09.674520765,app,low,in_app_chat,3.0,resolved
6488,7277,2024-08-31 12:19:57.204856761,2024-09-01 16:21:32.302265478,billing,low,in_app_chat,4.0,resolved
5282,5853,2024-08-31 12:31:08.079047915,2024-08-31 22:10:39.950244401,app,medium,email,2.0,resolved
3799,4244,2024-08-31 12:41:29.093074696,2024-09-01 04:15:43.952950948,app,medium,in_app_chat,,resolved
403,446,2024-08-31 13:48:41.487034498,2024-09-02 09:59:46.833378242,card,medium,email,,resolved
2949,3323,2024-08-31 14:42:32.432191499,2024-09-01 00:17:40.320632857,kyc,high,email,5.0,resolved
3911,4362,2024-08-31 22:06:35.920020919,2024-09-02 10:29:21.520220912,account,low,in_app_chat,,resolved
6814,7595,2024-08-31 22:53:03.626378309,2024-09-02 02:06:47.017174271,billing,low,in_app_chat,,resolved
6823,7606,2024-09-01 03:22:02.290212379,2024-09-01 21:49:51.172571391,app,medium,email,,resolved
6580,7371,2024-09-01 05:04:56.751694579,,card,medium,in_app_chat,,open
3631,4055,2024-09-01 09:51:01.834887654,2024-09-01 18:42:39.342669642,card,high,email,5.0,resolved
5868,6542,2024-09-01 11:28:44.589372862,2024-09-03 11:38:19.679355923,billing,low,phone,4.0,resolved
6669,7458,2024-09-01 21:36:36.244859425,2024-09-02 07:26:10.975827994,app,medium,in_app_chat,2.0,resolved
6719,7498,2024-09-02 02:08:53.755562132,2024-09-02 05:38:54.690673270,card,medium,phone,5.0,resolved
6983,7765,2024-09-02 04:24:38.614277946,2024-09-02 18:36:54.262956381,card,medium,phone,4.0,resolved
7143,7946,2024-09-02 06:27:40.000075853,2024-09-02 13:31:53.686932439,billing,high,email,4.0,resolved
5050,5613,2024-09-02 08:41:54.527518236,2024-09-02 12:53:31.048411159,account,high,in_app_chat,5.0,resolved
301,322,2024-09-02 10:31:44.291303189,2024-09-03 01:53:17.455201956,kyc,medium,in_app_chat,,resolved
7005,7788,2024-09-02 12:00:22.773742021,2024-09-02 16:17:15.037098389,card,high,email,4.0,resolved
2174,2394,2024-09-02 16:19:02.203615341,2024-09-03 01:07:28.005089419,card,high,in_app_chat,3.0,resolved
4225,4710,2024-09-02 18:32:06.457536438,2024-09-02 21:57:42.704183624,app,high,in_app_chat,5.0,resolved
835,912,2024-09-02 19:01:46.213942667,2024-09-02 21:03:55.526384851,app,urgent,in_app_chat,,resolved
2231,2464,2024-09-02 21:44:27.377703340,2024-09-04 04:05:32.070748840,card,medium,email,4.0,resolved
1771,1946,2024-09-03 00:25:17.834584967,2024-09-03 14:52:18.598252470,app,medium,phone,4.0,resolved
5709,6358,2024-09-03 01:42:14.768662492,2024-09-04 03:44:55.803015750,card,medium,in_app_chat,4.0,resolved
3101,3468,2024-09-03 07:12:37.104880282,2024-09-04 07:43:07.212161764,card,medium,in_app_chat,,resolved
1689,1851,2024-09-03 08:58:14.839597603,2024-09-04 11:36:38.808188301,card,medium,in_app_chat,4.0,resolved
2102,2313,2024-09-03 12:54:15.408486152,2024-09-04 05:03:24.586786552,account,medium,phone,4.0,resolved
6407,7181,2024-09-03 17:36:26.950761768,2024-09-05 09:59:35.178001995,billing,low,email,4.0,resolved
3492,3914,2024-09-03 17:43:23.063453685,2024-09-04 00:02:48.675250583,account,high,in_app_chat,4.0,resolved
3251,3650,2024-09-03 20:56:09.536534471,2024-09-04 16:15:38.092578017,card,low,email,3.0,resolved
2056,2264,2024-09-03 23:31:08.855763133,2024-09-05 00:54:26.167331031,kyc,medium,in_app_chat,4.0,resolved
79,85,2024-09-04 00:21:45.142035701,2024-09-04 10:45:28.415773567,kyc,high,email,5.0,resolved
1416,1549,2024-09-04 02:18:31.873125755,2024-09-04 17:37:42.533333868,kyc,medium,in_app_chat,4.0,resolved
942,1027,2024-09-04 02:38:51.982408029,2024-09-05 19:28:07.077718193,card,medium,in_app_chat,,resolved
6559,7355,2024-09-04 03:36:12.551737656,2024-09-04 08:09:36.829984789,app,high,phone,3.0,resolved
1067,1180,2024-09-04 03:39:43.903144779,2024-09-04 16:48:14.772991241,kyc,medium,in_app_chat,,resolved
6060,6763,2024-09-04 03:59:06.478274235,2024-09-05 14:59:03.866345812,card,medium,in_app_chat,5.0,resolved
6781,7567,2024-09-04 05:16:07.152424878,,kyc,medium,phone,,open
3923,4383,2024-09-04 06:25:18.653426780,2024-09-04 10:37:33.775714626,account,medium,in_app_chat,4.0,resolved
1554,1713,2024-09-04 08:43:42.335912179,2024-09-05 20:07:10.624554285,kyc,medium,email,,resolved
5085,5645,2024-09-04 10:49:07.869787507,2024-09-08 18:58:46.420095482,account,low,in_app_chat,4.0,resolved
7073,7874,2024-09-04 22:07:46.057008915,2024-09-05 12:15:23.952770906,billing,medium,in_app_chat,2.0,resolved
3498,3919,2024-09-04 22:35:02.235082721,2024-09-05 05:34:36.096368871,kyc,high,in_app_chat,,resolved
5974,6657,2024-09-04 23:28:53.915985557,2024-09-05 07:07:54.346482654,card,medium,in_app_chat,4.0,resolved
2477,2786,2024-09-05 01:01:23.832462538,2024-09-06 07:45:46.326634860,billing,low,email,4.0,resolved
5568,6205,2024-09-05 01:41:07.481385548,2024-09-05 06:11:08.489102645,kyc,high,in_app_chat,3.0,resolved
4987,5559,2024-09-05 02:55:11.075365260,2024-09-06 09:07:32.603398286,billing,medium,in_app_chat,5.0,resolved
1277,1396,2024-09-05 03:30:16.619902450,2024-09-05 07:06:00.594673035,account,high,in_app_chat,4.0,resolved
1894,2093,2024-09-05 04:33:41.520162035,2024-09-05 22:38:50.987391371,account,medium,in_app_chat,5.0,resolved
3823,4263,2024-09-05 05:17:16.280447792,2024-09-05 21:02:46.772664969,billing,medium,phone,4.0,resolved
3495,3916,2024-09-05 05:23:14.045369418,2024-09-05 05:44:15.426896554,fraud,urgent,email,4.0,resolved
271,298,2024-09-05 07:45:12.887540228,,card,medium,in_app_chat,,open
5401,6011,2024-09-05 08:49:53.893070970,,kyc,low,phone,,open
6712,7491,2024-09-05 09:03:35.950223102,,account,high,email,,closed_unresolved
709,783,2024-09-05 12:32:36.456783573,2024-09-05 22:09:49.334792832,card,high,in_app_chat,5.0,resolved
694,770,2024-09-05 15:23:23.318469836,2024-09-09 03:46:36.646480637,kyc,low,email,4.0,resolved
2906,3270,2024-09-05 15:34:13.216453800,2024-09-06 16:55:24.625448530,billing,medium,in_app_chat,4.0,resolved
7135,7938,2024-09-05 18:02:15.059450068,2024-09-05 21:54:21.109404012,kyc,high,email,,resolved
2503,2818,2024-09-05 21:12:51.891312983,2024-09-07 19:49:10.763178601,app,low,in_app_chat,4.0,resolved
6609,7396,2024-09-06 00:45:16.020190290,2024-09-06 18:24:01.953737644,billing,medium,email,3.0,resolved
4717,5239,2024-09-06 01:40:07.194027722,2024-09-06 12:21:25.524877624,app,medium,in_app_chat,4.0,resolved
6447,7227,2024-09-06 03:45:41.352207687,2024-09-06 10:23:17.055134662,account,medium,in_app_chat,4.0,resolved
2032,2238,2024-09-06 05:59:51.278702291,2024-09-06 06:36:23.513045695,app,urgent,in_app_chat,4.0,resolved
3351,3760,2024-09-06 09:11:11.240773393,2024-09-06 16:20:35.737770832,account,urgent,in_app_chat,5.0,resolved
3981,4441,2024-09-06 09:39:15.813071395,2024-09-08 06:12:15.456898720,account,medium,email,4.0,resolved
6462,7256,2024-09-06 09:51:12.235471824,2024-09-07 05:51:28.986216729,card,medium,in_app_chat,3.0,resolved
4737,5277,2024-09-06 12:14:00.403106343,2024-09-07 16:56:37.720116184,card,low,in_app_chat,3.0,resolved
2930,3301,2024-09-06 13:55:56.566098946,2024-09-09 15:41:45.994880470,account,low,phone,,resolved
1842,2020,2024-09-06 16:51:49.162386790,2024-09-08 12:38:47.023597164,app,medium,in_app_chat,3.0,resolved
3404,3813,2024-09-06 17:35:06.510454393,2024-09-07 13:29:01.376142788,kyc,medium,in_app_chat,3.0,resolved
11,7,2024-09-06 19:47:57.757826048,,account,high,email,,closed_unresolved
1818,1996,2024-09-06 20:55:37.085272875,,card,low,phone,,closed_unresolved
1311,1428,2024-09-07 00:41:32.610227354,,card,medium,in_app_chat,,open
1835,2011,2024-09-07 01:26:50.123417023,2024-09-07 10:40:16.823916107,card,medium,in_app_chat,,resolved
3386,3791,2024-09-07 01:31:58.773868639,2024-09-08 05:55:25.300297187,app,low,in_app_chat,4.0,resolved
6654,7442,2024-09-07 01:45:58.580272555,2024-09-07 13:19:08.173259623,app,low,in_app_chat,3.0,resolved
4114,4590,2024-09-07 08:45:42.307785774,2024-09-09 00:26:51.807561867,kyc,medium,in_app_chat,4.0,resolved
3548,3974,2024-09-07 13:22:33.260396252,2024-09-07 17:52:38.513502485,fraud,urgent,in_app_chat,,resolved
5211,5778,2024-09-07 13:49:40.291465267,2024-09-08 06:52:41.939336654,card,high,phone,3.0,resolved
4260,4750,2024-09-07 17:45:53.133155657,2024-09-08 02:56:45.090401433,account,high,phone,5.0,resolved
5891,6564,2024-09-08 03:11:40.072923746,2024-09-10 07:37:55.253888024,account,low,email,,resolved
3737,4183,2024-09-08 04:29:34.632920955,2024-09-08 07:03:18.552475206,account,high,email,,resolved
2455,2744,2024-09-08 05:26:40.923491095,2024-09-08 13:05:38.441689683,account,high,phone,5.0,resolved
5693,6345,2024-09-08 07:21:45.189941688,,kyc,high,in_app_chat,,closed_unresolved
4910,5474,2024-09-08 08:51:50.385840687,2024-09-08 12:55:22.878180672,fraud,high,in_app_chat,,resolved
6770,7547,2024-09-08 10:06:13.055425090,,kyc,low,phone,,closed_unresolved
4417,4906,2024-09-08 11:54:01.225143745,2024-09-10 00:39:23.772915874,kyc,medium,email,4.0,resolved
1253,1371,2024-09-08 12:05:56.701841251,2024-09-08 18:40:06.863582834,kyc,high,in_app_chat,4.0,resolved
2866,3209,2024-09-08 12:17:35.319019303,2024-09-10 08:11:08.701543851,account,low,phone,3.0,resolved
3051,3416,2024-09-08 13:36:47.524741280,2024-09-09 01:18:57.728158827,kyc,medium,phone,4.0,resolved
1109,1227,2024-09-08 13:39:48.178592510,2024-09-09 08:16:21.477457790,card,medium,email,4.0,resolved
3537,3963,2024-09-08 14:41:09.652662038,2024-09-10 11:31:44.899184002,billing,low,in_app_chat,5.0,resolved
5071,5632,2024-09-08 14:57:06.744837818,2024-09-08 23:29:45.801796504,billing,high,email,,resolved
5168,5740,2024-09-08 16:01:54.832881846,2024-09-09 21:13:11.092807462,account,low,phone,3.0,resolved
1511,1659,2024-09-08 16:41:59.330378086,2024-09-13 00:31:13.850926654,app,low,phone,,resolved
540,594,2024-09-08 17:37:26.436533597,2024-09-10 19:42:49.001618330,account,low,email,3.0,resolved
4136,4616,2024-09-08 19:17:13.347618633,2024-09-09 03:01:22.122372341,billing,medium,in_app_chat,4.0,resolved
5803,6463,2024-09-08 19:33:26.761213560,2024-09-09 00:52:06.222122718,kyc,high,in_app_chat,,resolved
5081,5644,2024-09-08 21:33:12.380538634,2024-09-09 02:04:01.967104727,fraud,high,email,5.0,resolved
1978,2184,2024-09-08 22:47:42.663274486,2024-09-09 06:02:44.613711538,fraud,high,phone,4.0,resolved
4119,4601,2024-09-09 01:58:07.893424992,2024-09-10 16:20:38.694384049,account,low,in_app_chat,4.0,resolved
2130,2349,2024-09-09 02:52:26.730413990,2024-09-10 11:38:39.155920533,account,medium,email,,resolved
5742,6396,2024-09-09 05:11:38.646218808,,card,medium,in_app_chat,,open
3850,4300,2024-09-09 05:18:28.247596721,2024-09-09 06:02:36.933538634,fraud,high,in_app_chat,,resolved
4052,4510,2024-09-09 05:31:12.603369276,2024-09-10 19:50:50.767641397,billing,low,email,3.0,resolved
615,690,2024-09-09 07:35:06.731386215,2024-09-11 15:30:17.022733047,billing,low,in_app_chat,3.0,resolved
3978,4438,2024-09-09 08:22:48.933379073,2024-09-10 14:46:23.137253838,billing,medium,in_app_chat,3.0,resolved
4622,5120,2024-09-09 11:29:06.858616185,2024-09-10 01:53:43.184518090,kyc,medium,email,5.0,resolved
2206,2428,2024-09-09 11:36:59.305474319,,app,medium,in_app_chat,,open
2334,2596,2024-09-09 12:05:07.444149987,2024-09-11 08:29:13.320596919,app,low,in_app_chat,3.0,resolved
5115,5676,2024-09-09 12:39:40.058076395,2024-09-10 01:28:42.663631119,billing,medium,in_app_chat,3.0,resolved
4487,4989,2024-09-09 14:19:11.744037108,2024-09-11 07:09:07.509876421,fraud,medium,in_app_chat,4.0,resolved
4783,5319,2024-09-09 16:15:29.091085793,2024-09-10 02:14:09.560483810,billing,medium,email,5.0,resolved
1831,2009,2024-09-09 16:31:34.117528696,2024-09-14 22:14:19.522878842,account,low,phone,4.0,resolved
6451,7235,2024-09-09 17:27:40.167665498,2024-09-10 00:31:50.110170479,billing,high,email,,resolved
1484,1623,2024-09-09 20:47:19.189850994,2024-09-10 21:26:53.570225782,account,low,phone,5.0,resolved
2936,3311,2024-09-09 21:05:16.332336018,2024-09-11 09:39:28.495011079,app,medium,in_app_chat,2.0,resolved
3274,3671,2024-09-09 22:32:02.607577437,2024-09-10 15:44:10.672214464,account,low,email,3.0,resolved
379,424,2024-09-09 22:54:43.031924285,2024-09-13 03:28:58.793175467,billing,medium,email,,resolved
1984,2190,2024-09-10 00:40:33.839380119,,fraud,high,phone,,open
3004,3369,2024-09-10 02:45:13.039597992,2024-09-12 18:16:31.404360336,account,low,email,3.0,resolved
6637,7416,2024-09-10 06:01:09.624401722,2024-09-10 17:25:38.762092604,app,medium,email,,resolved
2563,2883,2024-09-10 08:36:13.157355421,2024-09-10 10:01:25.719364672,kyc,urgent,email,5.0,resolved
1806,1978,2024-09-10 08:44:47.128106181,2024-09-10 15:44:42.847601259,kyc,medium,in_app_chat,4.0,resolved
2574,2894,2024-09-10 08:54:08.545986645,,card,medium,in_app_chat,,open
4807,5358,2024-09-10 10:20:08.689641599,2024-09-12 12:16:53.910716175,app,low,in_app_chat,3.0,resolved
88,92,2024-09-10 15:25:06.314545925,,kyc,high,phone,,open
6776,7555,2024-09-10 17:37:23.120926608,2024-09-11 02:47:37.534776284,billing,medium,in_app_chat,4.0,resolved
2433,2717,2024-09-10 21:13:31.005382333,,kyc,high,in_app_chat,,closed_unresolved
6694,7475,2024-09-10 21:33:31.724552252,2024-09-17 05:03:24.084936311,app,low,phone,4.0,resolved
2395,2677,2024-09-10 23:18:18.975893964,2024-09-11 04:25:36.300011382,card,medium,email,4.0,resolved
6810,7593,2024-09-11 01:25:44.201384028,2024-09-11 07:44:11.541617122,fraud,high,email,,resolved
3545,3969,2024-09-11 08:23:12.951768347,,kyc,medium,email,,closed_unresolved
4236,4721,2024-09-11 08:38:45.585594121,2024-09-12 02:04:39.723330518,billing,medium,in_app_chat,4.0,resolved
3755,4208,2024-09-11 10:07:30.914865503,2024-09-12 16:42:18.012267181,account,low,in_app_chat,4.0,resolved
2106,2318,2024-09-11 10:18:45.205443587,2024-09-11 19:20:44.226087619,billing,high,phone,5.0,resolved
1562,1718,2024-09-11 11:26:54.576388302,2024-09-12 08:10:20.021501395,billing,medium,phone,,resolved
3118,3488,2024-09-11 11:40:35.160306507,2024-09-11 17:18:24.337700701,card,high,email,4.0,resolved
2461,2754,2024-09-11 13:00:04.307605715,2024-09-12 15:09:06.064751797,card,low,in_app_chat,3.0,resolved
6981,7764,2024-09-11 15:38:37.740406724,2024-09-12 05:47:21.871256008,app,high,in_app_chat,,resolved
2434,2718,2024-09-11 18:22:16.363189168,2024-09-11 22:37:46.826988690,kyc,high,in_app_chat,3.0,resolved
3238,3632,2024-09-11 20:00:53.672641214,2024-09-12 01:52:30.510706540,billing,medium,phone,4.0,resolved
3318,3717,2024-09-11 20:28:22.958953417,2024-09-16 01:35:03.660034091,billing,low,in_app_chat,4.0,resolved
3629,4054,2024-09-11 22:12:58.593439558,2024-09-12 12:27:39.296264629,billing,medium,in_app_chat,3.0,resolved
2423,2705,2024-09-12 03:07:20.446925315,2024-09-14 10:58:15.008434215,kyc,low,in_app_chat,4.0,resolved
5444,6062,2024-09-12 03:26:07.361864206,2024-09-13 09:50:07.215378305,app,medium,in_app_chat,4.0,resolved
4560,5059,2024-09-12 08:14:01.708715765,2024-09-12 23:45:27.114375356,account,medium,in_app_chat,,resolved
59,62,2024-09-12 09:56:40.712110506,,fraud,high,email,,open
650,726,2024-09-12 09:57:39.103276968,2024-09-16 13:52:20.223102522,app,low,in_app_chat,4.0,resolved
3696,4134,2024-09-12 12:00:24.825813897,2024-09-13 07:42:42.104232787,account,low,in_app_chat,2.0,resolved
460,513,2024-09-12 13:18:32.250983624,2024-09-13 06:49:34.677158391,app,medium,phone,5.0,resolved
5600,6242,2024-09-12 13:56:44.813317568,,card,high,email,,closed_unresolved
326,346,2024-09-12 16:52:03.565210621,2024-09-13 09:15:49.026299617,kyc,medium,phone,4.0,resolved
1460,1593,2024-09-12 19:43:40.875298230,2024-09-13 10:03:13.625612348,app,medium,email,,resolved
920,1007,2024-09-12 21:08:22.986325527,2024-09-12 23:14:36.574105176,app,high,phone,4.0,resolved
3920,4376,2024-09-12 23:08:17.452628047,2024-09-13 20:44:08.893177561,account,low,in_app_chat,3.0,resolved
5713,6362,2024-09-13 01:46:52.343411387,2024-09-15 18:08:37.700105885,account,low,in_app_chat,4.0,resolved
4422,4915,2024-09-13 03:54:07.117227440,,billing,low,email,,closed_unresolved
2654,2990,2024-09-13 04:36:23.933826365,2024-09-13 10:21:30.772002925,app,high,email,4.0,resolved
5089,5649,2024-09-13 04:51:15.297620512,2024-09-13 18:43:03.051491477,billing,medium,phone,,resolved
3421,3833,2024-09-13 08:38:17.933802984,2024-09-15 16:49:12.756928203,billing,low,in_app_chat,3.0,resolved
5087,5646,2024-09-13 09:45:40.303003481,2024-09-16 14:06:23.697038889,billing,low,in_app_chat,,resolved
4497,4995,2024-09-13 12:57:17.415007531,2024-09-15 06:37:58.675380092,card,low,email,3.0,resolved
4618,5114,2024-09-13 14:43:06.244906416,2024-09-16 14:32:13.464623372,billing,low,in_app_chat,3.0,resolved
4926,5493,2024-09-13 16:09:29.776717293,,kyc,low,in_app_chat,,open
3229,3615,2024-09-13 17:00:33.425642715,2024-09-13 20:05:38.321475853,fraud,high,in_app_chat,4.0,resolved
5809,6472,2024-09-13 17:54:12.007299916,2024-09-14 11:28:43.948524578,card,medium,email,4.0,resolved
562,625,2024-09-13 20:19:26.727952762,2024-09-21 09:44:10.507127371,app,low,in_app_chat,4.0,resolved
1335,1453,2024-09-13 20:20:31.351584226,2024-09-13 21:16:13.634840231,fraud,urgent,in_app_chat,,resolved
3662,4097,2024-09-13 21:13:55.275117147,2024-09-14 00:38:28.393670112,app,high,email,4.0,resolved
3287,3686,2024-09-13 21:30:25.919845686,2024-09-14 12:43:45.883076286,app,medium,email,,resolved
1204,1325,2024-09-13 21:32:37.068212673,2024-09-14 12:57:56.614285705,card,medium,phone,,resolved
1256,1376,2024-09-14 02:05:48.115340931,2024-09-17 10:27:33.782854414,account,low,in_app_chat,3.0,resolved
53,57,2024-09-14 04:09:47.684109458,2024-09-14 16:32:32.837025863,kyc,medium,in_app_chat,3.0,resolved
1010,1121,2024-09-14 04:34:59.941469043,2024-09-15 01:03:52.003613977,app,medium,email,4.0,resolved
1354,1471,2024-09-14 05:37:40.307564824,2024-09-14 19:44:27.453227158,account,high,in_app_chat,5.0,resolved
3078,3442,2024-09-14 08:19:36.323244177,2024-09-15 03:03:10.386181277,account,medium,in_app_chat,4.0,resolved
6704,7487,2024-09-14 08:27:08.799087168,2024-09-15 00:39:29.776623033,billing,medium,in_app_chat,4.0,resolved
1664,1829,2024-09-14 11:15:59.463328625,2024-09-14 17:35:55.567974594,app,medium,in_app_chat,2.0,resolved
2038,2246,2024-09-14 13:57:52.527242128,2024-09-15 11:50:48.476488355,kyc,medium,in_app_chat,,resolved
1126,1250,2024-09-14 13:59:18.217531697,2024-09-17 03:00:05.805301545,account,low,email,5.0,resolved
2929,3301,2024-09-14 15:27:33.076959258,2024-09-15 08:38:56.707498098,account,low,email,4.0,resolved
5307,5880,2024-09-14 17:44:49.305731159,2024-09-14 19:30:38.354337080,fraud,urgent,in_app_chat,,resolved
2663,3002,2024-09-14 19:32:51.453577469,2024-09-14 23:55:30.567874103,account,high,in_app_chat,5.0,resolved
3690,4128,2024-09-14 20:23:52.906053575,2024-09-15 14:54:58.705339036,billing,medium,email,,resolved
1347,1465,2024-09-14 22:38:46.317488700,2024-09-16 15:39:03.967350583,card,medium,in_app_chat,3.0,resolved
4355,4851,2024-09-15 04:19:09.093685103,2024-09-19 23:41:56.711240175,card,low,email,5.0,resolved
2943,3315,2024-09-15 04:50:36.504810510,2024-09-15 08:59:40.607396649,app,high,phone,,resolved
2323,2583,2024-09-15 05:57:04.077491904,2024-09-17 19:22:31.173676935,kyc,low,phone,3.0,resolved
7127,7931,2024-09-15 09:36:33.848988920,2024-09-16 10:59:43.697756966,billing,medium,in_app_chat,4.0,resolved
1709,1867,2024-09-15 09:52:35.709994004,2024-09-17 22:42:26.258473859,app,low,email,3.0,resolved
6909,7691,2024-09-15 17:46:30.572462087,2024-09-16 15:49:23.594695634,account,medium,phone,5.0,resolved
6251,6991,2024-09-15 18:26:02.643981069,2024-09-15 23:39:46.888525073,fraud,high,in_app_chat,4.0,resolved
7107,7915,2024-09-15 22:20:22.626124627,,app,low,email,,open
4897,5461,2024-09-16 02:20:41.145769737,,account,medium,in_app_chat,,closed_unresolved
887,968,2024-09-16 02:47:13.587912369,2024-09-19 12:42:17.247278281,app,low,in_app_chat,,resolved
2234,2466,2024-09-16 03:34:15.545283703,2024-09-17 02:55:17.786741378,kyc,medium,in_app_chat,3.0,resolved
4516,5017,2024-09-16 04:54:21.633810266,2024-09-17 11:44:22.460229576,billing,medium,email,,resolved
2779,3114,2024-09-16 05:28:35.205591187,2024-09-19 01:23:34.170053492,billing,low,email,,resolved
255,278,2024-09-16 07:27:09.799481782,2024-09-16 22:45:21.266715591,app,medium,in_app_chat,,resolved
157,182,2024-09-16 08:36:59.651426563,2024-09-16 20:39:33.883614979,card,medium,in_app_chat,4.0,resolved
4440,4936,2024-09-16 10:32:11.444220458,2024-09-16 14:25:31.718319767,kyc,urgent,in_app_chat,5.0,resolved
4836,5394,2024-09-16 10:36:46.430719096,2024-09-16 13:16:36.508044670,fraud,high,phone,4.0,resolved
7038,7830,2024-09-16 11:06:21.342702916,2024-09-16 16:42:38.620341488,card,medium,email,4.0,resolved
4584,5079,2024-09-16 13:02:15.856325954,2024-09-16 20:20:43.038087977,card,high,phone,,resolved
2437,2724,2024-09-16 14:13:44.965942775,2024-09-17 07:11:05.120497803,card,medium,in_app_chat,5.0,resolved
4092,4559,2024-09-16 16:24:15.706773570,2024-09-18 11:14:05.786358429,card,low,in_app_chat,,resolved
5952,6642,2024-09-16 18:30:47.657534394,2024-09-16 20:41:03.381805281,kyc,high,in_app_chat,5.0,resolved
5346,5947,2024-09-16 20:10:11.964274656,2024-09-19 05:28:56.600383333,app,low,in_app_chat,4.0,resolved
4903,5466,2024-09-16 20:31:51.329529315,2024-09-17 10:07:36.387631899,kyc,medium,email,,resolved
5813,6474,2024-09-16 21:11:40.703126478,,account,medium,in_app_chat,,open
762,841,2024-09-16 22:11:49.691918356,,kyc,medium,in_app_chat,,closed_unresolved
1753,1924,2024-09-16 23:16:37.609225936,2024-09-17 04:22:48.557899625,fraud,high,email,5.0,resolved
5544,6182,2024-09-17 02:32:35.830667834,2024-09-20 23:43:53.789206236,card,low,email,,resolved
2799,3136,2024-09-17 10:24:53.502282273,2024-09-19 02:29:51.310711373,kyc,medium,email,3.0,resolved
61,64,2024-09-17 20:14:11.175731822,2024-09-18 03:56:55.599245948,kyc,high,email,4.0,resolved
3446,3855,2024-09-17 20:22:13.515148260,2024-09-19 09:24:03.465278073,billing,low,email,3.0,resolved
3915,4368,2024-09-17 21:20:31.119178217,2024-09-17 23:07:39.432713162,fraud,high,phone,5.0,resolved
2885,3246,2024-09-18 02:37:28.780020716,2024-09-18 10:10:16.230628986,kyc,medium,email,3.0,resolved
6958,7737,2024-09-18 02:50:54.030246699,2024-09-18 06:03:28.458290567,app,high,in_app_chat,4.0,resolved
1200,1324,2024-09-18 04:51:48.674458938,,account,low,in_app_chat,,open
4993,5565,2024-09-18 11:34:52.253946966,2024-09-20 09:41:14.187047445,account,medium,in_app_chat,,resolved
7116,7925,2024-09-18 12:45:44.770578094,2024-09-20 13:42:40.502473606,card,low,email,4.0,resolved
6546,7341,2024-09-18 13:00:50.756233239,,card,low,in_app_chat,,closed_unresolved
3682,4121,2024-09-18 14:25:55.709400616,2024-09-18 23:27:48.924244857,fraud,high,email,4.0,resolved
6745,7525,2024-09-18 15:33:21.754579080,2024-09-18 18:00:56.797509792,account,high,email,3.0,resolved
2970,3339,2024-09-18 17:54:51.512200505,,fraud,urgent,in_app_chat,,closed_unresolved
3048,3414,2024-09-18 18:33:51.525230918,2024-09-19 02:16:09.171018512,kyc,high,phone,3.0,resolved
299,321,2024-09-18 19:27:51.799372243,2024-09-19 02:45:26.418340378,fraud,high,in_app_chat,4.0,resolved
6423,7199,2024-09-18 19:42:54.927428647,2024-09-19 12:19:47.582388871,app,medium,in_app_chat,2.0,resolved
2487,2793,2024-09-18 20:28:42.426007875,2024-09-19 12:26:00.246671268,kyc,medium,in_app_chat,4.0,resolved
2851,3185,2024-09-19 04:02:35.162201031,2024-09-19 08:06:01.882434133,fraud,high,in_app_chat,5.0,resolved
1892,2086,2024-09-19 04:06:58.124839582,2024-09-19 12:51:04.501339069,account,high,in_app_chat,,resolved
2621,2957,2024-09-19 07:28:53.914442969,2024-09-19 08:33:33.742989218,fraud,urgent,in_app_chat,5.0,resolved
7063,7862,2024-09-19 09:21:22.969397471,2024-09-21 04:00:30.579130999,billing,medium,in_app_chat,5.0,resolved
2995,3360,2024-09-19 11:30:38.467064007,2024-09-19 12:52:40.750885396,account,urgent,in_app_chat,,resolved
1345,1462,2024-09-19 12:15:13.756561485,,billing,low,phone,,open
4763,5301,2024-09-19 12:55:39.159122989,2024-09-20 01:15:56.957070806,card,high,phone,4.0,resolved
1981,2189,2024-09-19 13:54:25.734946201,2024-09-20 02:04:25.367869667,card,high,email,5.0,resolved
2707,3040,2024-09-19 14:42:27.004420612,2024-09-19 17:50:28.842333474,fraud,high,email,,resolved
1974,2179,2024-09-19 15:11:55.358624760,2024-09-20 19:54:03.357750585,card,medium,in_app_chat,4.0,resolved
4275,4761,2024-09-19 17:55:45.185740248,2024-09-20 02:23:05.943527764,card,high,in_app_chat,,resolved
3480,3897,2024-09-19 18:26:48.283824906,2024-09-19 23:16:18.275572957,card,high,in_app_chat,4.0,resolved
331,355,2024-09-19 18:37:14.611562857,2024-09-20 23:44:35.213028381,kyc,medium,phone,4.0,resolved
2541,2854,2024-09-19 23:45:30.162581640,2024-09-20 07:27:37.021355586,account,medium,in_app_chat,3.0,resolved
1265,1382,2024-09-19 23:48:08.063114184,2024-09-21 17:09:02.942011933,app,medium,in_app_chat,4.0,resolved
2831,3169,2024-09-20 00:29:16.671027606,2024-09-20 06:50:07.518207562,kyc,medium,in_app_chat,4.0,resolved
5951,6640,2024-09-20 03:40:38.574111679,,fraud,high,email,,open
6382,7154,2024-09-20 04:24:07.756767927,2024-09-22 05:16:46.055423998,billing,medium,in_app_chat,2.0,resolved
7102,7911,2024-09-20 05:52:25.628642192,2024-09-20 10:15:17.520267788,fraud,urgent,in_app_chat,,resolved
3880,4332,2024-09-20 09:31:23.435169594,2024-09-22 03:33:37.898726664,billing,low,in_app_chat,,resolved
1239,1362,2024-09-20 09:53:58.560174490,2024-09-22 12:17:16.803173988,account,low,phone,,resolved
2625,2960,2024-09-20 10:11:51.946249824,2024-09-22 19:53:13.974346994,app,low,email,3.0,resolved
6093,6801,2024-09-20 13:49:03.470440857,2024-09-20 21:47:37.519565905,app,medium,email,4.0,resolved
498,557,2024-09-20 15:05:54.147354541,2024-09-22 19:59:33.022242543,card,low,in_app_chat,4.0,resolved
4208,4693,2024-09-20 15:56:29.955331821,2024-09-20 20:51:40.622068026,kyc,high,email,4.0,resolved
2551,2874,2024-09-20 17:00:08.101683475,2024-09-21 19:09:06.348558812,app,medium,in_app_chat,,resolved
1270,1385,2024-09-20 17:16:15.989228094,2024-09-21 03:16:59.265211036,account,medium,email,,resolved
1080,1189,2024-09-20 18:32:56.924400903,2024-09-21 10:47:55.051680535,billing,medium,in_app_chat,3.0,resolved
1093,1203,2024-09-20 18:37:54.588637666,2024-09-22 05:01:15.549302281,app,medium,email,4.0,resolved
4352,4849,2024-09-20 21:07:44.165492325,,kyc,medium,email,,closed_unresolved
675,745,2024-09-20 21:56:27.348286021,,kyc,medium,in_app_chat,,open
4385,4877,2024-09-20 22:15:42.488880226,2024-09-22 16:32:28.828196629,kyc,low,email,3.0,resolved
815,892,2024-09-20 23:19:04.525868461,,billing,medium,in_app_chat,,open
1923,2130,2024-09-20 23:25:42.748541489,2024-09-21 03:21:09.839884923,kyc,high,in_app_chat,4.0,resolved
4518,5018,2024-09-21 00:19:36.537228840,2024-09-22 12:49:37.039419101,billing,low,in_app_chat,4.0,resolved
5779,6441,2024-09-21 02:21:53.317539267,2024-09-21 15:54:27.111733650,card,medium,in_app_chat,,resolved
3254,3653,2024-09-21 04:54:58.705482277,2024-09-21 11:56:20.373454385,billing,high,in_app_chat,4.0,resolved
1305,1420,2024-09-21 05:19:30.210416745,2024-09-21 10:48:38.808277141,billing,medium,phone,3.0,resolved
3045,3412,2024-09-21 06:00:20.754125691,2024-09-21 19:48:55.776200749,kyc,medium,phone,5.0,resolved
1370,1490,2024-09-21 09:30:33.586384921,2024-09-22 09:07:08.748150725,card,medium,in_app_chat,,resolved
6235,6973,2024-09-21 10:33:10.553010684,2024-09-22 08:20:23.907314737,billing,medium,in_app_chat,3.0,resolved
4095,4564,2024-09-21 11:18:45.138860138,2024-09-21 13:55:27.765550076,account,urgent,email,5.0,resolved
4031,4487,2024-09-21 14:19:48.356656605,2024-09-22 11:47:21.378203643,kyc,medium,in_app_chat,4.0,resolved
2386,2661,2024-09-21 14:40:04.490861338,2024-09-22 03:25:50.294828177,app,medium,email,4.0,resolved
1909,2115,2024-09-21 14:52:42.018872615,,card,high,in_app_chat,,closed_unresolved
2111,2331,2024-09-21 16:44:13.610196052,2024-09-22 15:21:31.912739509,billing,low,email,,resolved
6761,7539,2024-09-21 18:20:30.144982223,2024-09-21 18:42:35.244959959,billing,urgent,email,3.0,resolved
5853,6517,2024-09-21 21:27:09.679704742,2024-09-22 01:12:32.058021689,billing,high,in_app_chat,,resolved
5013,5581,2024-09-22 00:22:31.516963032,2024-09-23 23:41:16.046731629,app,medium,email,3.0,resolved
4161,4646,2024-09-22 03:48:58.249428079,2024-09-23 03:19:36.967409218,card,low,email,5.0,resolved
1246,1369,2024-09-22 07:07:48.772909617,2024-09-22 20:28:15.247695388,card,high,phone,4.0,resolved
7123,7930,2024-09-22 07:56:58.185050012,2024-09-22 18:20:45.213237454,account,medium,email,,resolved
4852,5419,2024-09-22 09:45:55.792716572,2024-09-22 12:59:45.678123677,app,high,in_app_chat,4.0,resolved
607,678,2024-09-22 10:28:08.418403801,2024-09-27 02:07:10.580561763,card,low,in_app_chat,5.0,resolved
1654,1822,2024-09-22 11:09:01.937003895,2024-09-22 14:08:54.820447693,fraud,high,email,4.0,resolved
613,689,2024-09-22 12:47:04.232120159,2024-09-22 23:45:55.516888322,billing,medium,in_app_chat,4.0,resolved
6186,6909,2024-09-22 14:14:08.468478067,,app,low,in_app_chat,,closed_unresolved
6566,7359,2024-09-22 14:25:48.897047879,2024-09-23 21:21:33.320830771,app,low,phone,4.0,resolved
4895,5460,2024-09-22 15:51:08.635066588,2024-09-23 13:12:00.315045748,card,medium,phone,4.0,resolved
5204,5767,2024-09-22 16:07:33.199879650,2024-09-25 09:40:21.206881662,billing,low,email,5.0,resolved
3342,3743,2024-09-22 17:56:40.419952851,2024-09-25 11:52:31.386785214,card,medium,phone,,resolved
4923,5490,2024-09-22 18:23:46.584116727,2024-09-23 15:36:57.243723597,account,low,in_app_chat,,resolved
2017,2224,2024-09-22 18:57:40.266479796,2024-09-22 20:09:54.579622768,fraud,urgent,in_app_chat,,resolved
6381,7153,2024-09-22 19:02:59.357979467,,fraud,high,in_app_chat,,open
1700,1858,2024-09-22 19:37:04.212007489,,card,high,email,,closed_unresolved
1338,1455,2024-09-22 22:21:03.950630340,,fraud,high,in_app_chat,,open
950,1035,2024-09-22 23:34:39.033525780,2024-09-24 14:16:27.209091772,app,medium,in_app_chat,,resolved
6159,6884,2024-09-23 00:53:09.193260096,2024-09-23 04:22:32.898574957,billing,medium,in_app_chat,,resolved
7159,7959,2024-09-23 02:47:08.245422395,2024-09-23 05:07:29.076099899,billing,high,email,4.0,resolved
6624,7407,2024-09-23 03:48:51.993465854,2024-09-23 07:00:38.595949282,billing,high,in_app_chat,3.0,resolved
2895,3259,2024-09-23 04:52:51.758352166,2024-09-25 17:47:20.007487150,account,low,in_app_chat,,resolved
1887,2075,2024-09-23 05:12:15.309084787,2024-09-23 10:28:20.340923069,app,high,in_app_chat,,resolved
3924,4383,2024-09-23 07:17:51.696910210,2024-09-23 12:51:25.104540511,card,medium,email,4.0,resolved
5863,6538,2024-09-23 08:39:32.839158588,2024-09-23 12:37:12.974948726,card,high,in_app_chat,4.0,resolved
2623,2960,2024-09-23 13:12:45.470933737,2024-09-25 05:10:57.110694218,card,low,phone,,resolved
2337,2600,2024-09-23 14:09:21.730875330,2024-09-24 03:40:44.542384198,kyc,medium,in_app_chat,4.0,resolved
4515,5017,2024-09-23 18:29:18.083185209,2024-09-24 09:27:40.521876457,card,medium,email,4.0,resolved
919,1003,2024-09-23 19:51:00.567877017,2024-09-24 11:47:40.508555581,card,medium,email,4.0,resolved
5119,5680,2024-09-23 22:32:57.313772865,2024-09-30 23:51:07.321644348,billing,low,phone,5.0,resolved
5469,6088,2024-09-24 00:40:28.908703718,,billing,low,in_app_chat,,open
3698,4135,2024-09-24 04:15:18.115603695,2024-09-25 14:25:28.339981397,kyc,medium,in_app_chat,,resolved
7167,7971,2024-09-24 07:24:23.153323803,2024-09-25 07:00:10.759561175,card,medium,email,4.0,resolved
6311,7064,2024-09-24 07:38:21.344452002,2024-09-26 04:43:15.207740869,app,low,in_app_chat,,resolved
5361,5967,2024-09-24 07:46:58.466154619,2024-09-24 19:47:14.338829857,kyc,medium,in_app_chat,,resolved
905,987,2024-09-24 08:10:44.313610906,2024-09-25 13:30:50.904200910,billing,medium,in_app_chat,5.0,resolved
3992,4448,2024-09-24 09:48:13.874380519,2024-09-25 10:40:02.391457449,account,low,phone,,resolved
5195,5760,2024-09-24 11:40:34.669499099,2024-09-25 21:14:22.784534783,kyc,low,email,4.0,resolved
2492,2799,2024-09-24 13:47:28.053288821,2024-09-24 22:26:54.671277528,billing,medium,in_app_chat,,resolved
4914,5479,2024-09-24 15:00:31.709914024,2024-09-24 17:21:11.518755667,billing,urgent,in_app_chat,5.0,resolved
1650,1819,2024-09-24 19:46:04.265673225,2024-09-25 10:31:59.518106082,account,medium,email,3.0,resolved
495,552,2024-09-24 22:12:11.974728484,2024-09-25 15:40:53.586538607,kyc,medium,phone,,resolved
1105,1223,2024-09-25 03:17:51.446871804,2024-09-26 05:05:35.074120062,kyc,low,email,3.0,resolved
987,1079,2024-09-25 03:52:09.359252221,2024-09-25 07:54:38.930098497,kyc,high,in_app_chat,4.0,resolved
6869,7646,2024-09-25 07:37:55.967928574,,billing,medium,in_app_chat,,closed_unresolved
5711,6359,2024-09-25 10:44:47.483929406,,card,medium,email,,closed_unresolved
776,858,2024-09-25 11:48:50.111479572,2024-09-26 05:11:40.365330459,billing,medium,email,,resolved
6716,7494,2024-09-25 12:23:06.175923492,2024-09-27 10:59:52.432559443,billing,low,in_app_chat,4.0,resolved
3844,4287,2024-09-25 12:40:37.818575423,2024-09-27 02:38:14.856495051,card,low,in_app_chat,3.0,resolved
4872,5441,2024-09-25 13:05:55.928635972,2024-09-25 20:42:45.979261242,app,medium,in_app_chat,4.0,resolved
3926,4384,2024-09-25 16:05:40.420961194,,app,medium,phone,,open
3381,3785,2024-09-25 20:44:06.162646260,2024-09-26 12:55:14.860850828,app,medium,email,,resolved
2805,3144,2024-09-26 01:11:12.199024832,2024-09-26 04:16:45.661613384,kyc,urgent,email,4.0,resolved
1020,1125,2024-09-26 04:00:58.126814225,2024-09-26 13:31:30.715379298,card,medium,email,4.0,resolved
3429,3841,2024-09-26 06:48:11.823840861,2024-09-26 10:31:40.232991627,kyc,high,email,5.0,resolved
3637,4066,2024-09-26 08:48:56.538337826,2024-09-26 22:28:50.571132526,kyc,medium,in_app_chat,,resolved
220,239,2024-09-26 15:51:19.585522321,2024-09-29 15:11:52.565631464,billing,low,email,4.0,resolved
5760,6413,2024-09-26 16:12:12.803160127,2024-09-27 01:21:04.226788132,billing,low,in_app_chat,4.0,resolved
1384,1517,2024-09-26 16:24:04.753012268,,app,low,in_app_chat,,closed_unresolved
6221,6951,2024-09-26 17:15:06.767692482,2024-09-27 00:58:57.506466843,billing,high,in_app_chat,4.0,resolved
5605,6254,2024-09-27 01:44:20.887000224,2024-09-29 06:34:43.176969001,app,medium,phone,3.0,resolved
1293,1407,2024-09-27 01:55:19.901276068,2024-09-28 08:18:24.187350278,account,low,email,3.0,resolved
1944,2154,2024-09-27 02:36:21.109215260,2024-09-27 21:02:41.818449748,account,low,in_app_chat,,resolved
5640,6287,2024-09-27 02:56:42.083943256,2024-09-27 12:43:11.656485962,card,high,in_app_chat,5.0,resolved
4392,4880,2024-09-27 04:51:15.745808865,2024-09-28 15:56:51.666153762,account,low,phone,3.0,resolved
4846,5413,2024-09-27 06:46:20.673846747,2024-09-27 23:33:54.509020715,card,medium,in_app_chat,,resolved
1964,2168,2024-09-27 09:46:30.254908247,2024-09-28 00:00:52.472419111,kyc,high,email,4.0,resolved
628,704,2024-09-27 11:34:06.925449080,2024-09-28 12:47:43.037967002,fraud,medium,email,3.0,resolved
5514,6146,2024-09-27 17:00:41.584837809,2024-09-27 17:52:18.771543652,app,urgent,in_app_chat,,resolved
6894,7675,2024-09-27 17:53:21.892985217,,fraud,urgent,phone,,closed_unresolved
1366,1488,2024-09-27 18:26:59.340650677,2024-09-27 22:30:33.214997837,fraud,high,phone,5.0,resolved
882,965,2024-09-27 19:35:22.650516732,2024-09-27 23:16:23.707091923,fraud,high,in_app_chat,,resolved
4334,4830,2024-09-27 22:55:39.945937863,2024-09-28 12:41:59.319344927,kyc,high,in_app_chat,5.0,resolved
2219,2447,2024-09-28 00:38:24.656707291,2024-10-03 19:29:28.450383881,billing,low,email,,resolved
1734,1893,2024-09-28 01:14:46.020457170,2024-09-29 07:12:20.849074284,app,medium,in_app_chat,,resolved
4571,5066,2024-09-28 06:04:32.018650057,2024-09-28 19:18:49.611195255,card,medium,phone,4.0,resolved
4601,5093,2024-09-28 07:25:13.448084980,2024-09-28 10:25:29.913376270,card,high,in_app_chat,4.0,resolved
5604,6253,2024-09-28 07:40:15.629744435,2024-09-30 05:17:10.603036478,account,low,in_app_chat,4.0,resolved
4797,5344,2024-09-28 08:59:25.838195688,2024-09-30 11:37:59.842869813,billing,medium,email,4.0,resolved
3344,3748,2024-09-28 11:23:30.136013957,2024-09-29 07:23:16.552872597,app,medium,in_app_chat,4.0,resolved
5485,6105,2024-09-28 11:37:58.799563798,,card,medium,in_app_chat,,open
5741,6395,2024-09-28 13:48:18.051113580,2024-09-28 18:06:35.019137904,fraud,high,email,5.0,resolved
3120,3492,2024-09-28 15:04:04.819353061,2024-09-28 21:35:43.992154634,app,high,in_app_chat,,resolved
6296,7049,2024-09-28 21:30:51.177842208,2024-09-29 20:57:07.103486584,account,medium,in_app_chat,3.0,resolved
4061,4517,2024-09-28 23:02:06.537171370,,billing,high,email,,open
3812,4251,2024-09-28 23:59:38.761966294,2024-09-29 04:10:43.032224779,fraud,urgent,in_app_chat,4.0,resolved
5019,5585,2024-09-29 02:08:53.446883167,,billing,high,in_app_chat,,open
926,1015,2024-09-29 03:13:03.606045913,2024-09-29 07:32:06.190622048,fraud,high,in_app_chat,,resolved
1942,2150,2024-09-29 03:46:05.274090641,2024-09-29 11:07:16.763302537,fraud,high,in_app_chat,,resolved
6518,7314,2024-09-29 05:58:57.901235813,,app,high,in_app_chat,,open
6808,7591,2024-09-29 08:47:27.809948745,2024-09-29 11:58:21.503829597,app,urgent,in_app_chat,3.0,resolved
2788,3124,2024-09-29 10:45:43.304565395,2024-09-29 18:37:00.440104915,kyc,medium,email,4.0,resolved
904,987,2024-09-29 11:23:27.485320312,2024-09-29 22:42:09.398761085,account,medium,email,3.0,resolved
5471,6088,2024-09-29 11:34:09.692946108,2024-09-30 03:50:33.965497581,app,medium,in_app_chat,5.0,resolved
164,186,2024-09-29 11:57:28.125892512,2024-09-29 13:36:11.211422601,fraud,urgent,in_app_chat,3.0,resolved
969,1062,2024-09-29 15:13:12.143158392,2024-09-30 12:54:16.307850679,app,medium,phone,4.0,resolved
4267,4754,2024-09-29 15:53:37.608882391,2024-09-30 01:16:57.899813569,billing,medium,in_app_chat,3.0,resolved
5134,5703,2024-09-29 16:13:54.164842547,2024-10-01 20:04:02.164383836,app,medium,in_app_chat,,resolved
2993,3358,2024-09-29 19:45:32.426429374,2024-10-02 06:13:02.246418349,account,low,in_app_chat,4.0,resolved
5562,6197,2024-09-29 22:56:01.976042636,,billing,low,email,,closed_unresolved
610,682,2024-09-30 00:11:29.996726026,2024-10-01 00:12:37.937056901,account,medium,phone,,resolved
4811,5359,2024-09-30 00:32:09.176145979,2024-09-30 09:23:13.136906533,billing,medium,phone,4.0,resolved
6658,7445,2024-09-30 00:46:46.119402799,2024-09-30 01:47:29.003263150,fraud,urgent,email,,resolved
5312,5890,2024-09-30 02:03:09.969324837,2024-10-01 23:02:00.866561734,billing,low,email,3.0,resolved
6813,7594,2024-09-30 03:03:51.891989158,2024-09-30 13:22:22.468361040,billing,medium,phone,4.0,resolved
102,111,2024-09-30 04:34:06.186610709,2024-10-01 17:53:44.380042016,billing,medium,in_app_chat,3.0,resolved
5532,6167,2024-09-30 04:52:24.863971897,2024-10-01 07:21:55.340354393,card,medium,email,3.0,resolved
990,1080,2024-09-30 05:41:10.415275215,2024-09-30 10:44:53.005741153,billing,high,in_app_chat,4.0,resolved
5024,5590,2024-09-30 06:56:23.043590105,,kyc,medium,in_app_chat,,open
99,108,2024-09-30 07:54:50.486631724,2024-10-01 16:59:37.037361248,kyc,medium,email,,resolved
6123,6835,2024-09-30 08:33:49.562094162,2024-10-03 20:40:41.825229561,card,low,in_app_chat,,resolved
4985,5558,2024-09-30 11:38:01.205009427,,card,urgent,phone,,open
3568,4001,2024-09-30 12:02:12.892420538,2024-09-30 22:25:32.159687205,card,high,email,,resolved
520,574,2024-09-30 16:41:25.840395983,2024-10-01 07:02:56.989549976,app,medium,email,3.0,resolved
7065,7864,2024-09-30 17:24:54.711906036,2024-10-01 21:02:48.668911834,card,low,phone,,resolved
2490,2797,2024-09-30 18:31:34.200630926,2024-10-01 04:51:16.044999864,card,medium,in_app_chat,5.0,resolved
4955,5530,2024-09-30 22:30:00.160026624,,card,medium,in_app_chat,,closed_unresolved
3003,3369,2024-09-30 22:56:43.598789692,2024-10-01 23:50:56.345863984,kyc,medium,in_app_chat,4.0,resolved
2865,3209,2024-10-01 01:15:21.738285141,,fraud,urgent,email,,open
4702,5223,2024-10-01 02:18:11.056835030,2024-10-01 15:28:40.993206902,account,medium,in_app_chat,4.0,resolved
1082,1190,2024-10-01 02:38:57.587115644,,kyc,medium,in_app_chat,,closed_unresolved
3930,4389,2024-10-01 03:12:27.748756584,2024-10-01 19:21:52.326494514,billing,medium,in_app_chat,3.0,resolved
6375,7145,2024-10-01 04:37:20.920221456,2024-10-04 17:51:12.467914975,account,low,email,,resolved
4148,4632,2024-10-01 05:55:54.941273492,2024-10-06 09:00:18.910879453,billing,low,in_app_chat,4.0,resolved
4030,4486,2024-10-01 07:14:08.883335397,2024-10-01 15:23:28.447514171,account,high,phone,5.0,resolved
5417,6029,2024-10-01 10:10:38.715463778,2024-10-01 20:57:57.359188830,kyc,high,in_app_chat,5.0,resolved
5899,6578,2024-10-01 12:26:06.951589028,,card,low,email,,closed_unresolved
2018,2225,2024-10-01 17:53:33.167089700,2024-10-02 05:05:59.708446625,kyc,medium,email,,resolved
599,669,2024-10-01 18:04:09.152942217,2024-10-02 03:17:32.768164207,kyc,medium,email,4.0,resolved
4282,4773,2024-10-01 22:30:38.958787503,2024-10-02 06:32:08.840466227,card,high,in_app_chat,,resolved
6604,7388,2024-10-01 23:27:50.204964807,2024-10-03 13:37:59.557429050,kyc,medium,email,3.0,resolved
6465,7258,2024-10-01 23:35:33.847713493,,account,high,in_app_chat,,open
6331,7088,2024-10-02 00:39:05.116096759,2024-10-03 18:46:38.752927905,billing,medium,in_app_chat,,resolved
1284,1401,2024-10-02 01:49:21.507468533,2024-10-04 15:02:56.885764291,app,low,in_app_chat,5.0,resolved
6163,6885,2024-10-02 02:50:32.360028624,2024-10-03 21:40:40.713863298,billing,medium,email,4.0,resolved
2990,3357,2024-10-02 05:25:59.194999234,,app,medium,in_app_chat,,open
29,24,2024-10-02 06:52:35.833989616,2024-10-03 16:01:25.497431944,account,low,email,,resolved
5717,6366,2024-10-02 08:14:59.554261363,,billing,high,in_app_chat,,closed_unresolved
2509,2826,2024-10-02 10:39:12.068180824,2024-10-03 21:39:23.415540613,billing,low,email,3.0,resolved
5150,5719,2024-10-02 11:47:59.718326144,2024-10-02 16:43:11.757089108,fraud,high,in_app_chat,,resolved
4593,5083,2024-10-02 15:16:16.534893000,2024-10-02 23:46:14.094620410,app,high,email,3.0,resolved
1165,1286,2024-10-02 15:23:17.639463042,,card,low,in_app_chat,,open
3286,3684,2024-10-02 15:28:12.048100034,2024-10-02 22:45:17.082878002,billing,high,email,5.0,resolved
849,928,2024-10-02 18:04:28.381388085,2024-10-03 01:39:35.966017437,billing,high,in_app_chat,5.0,resolved
5314,5894,2024-10-02 18:59:33.136627657,2024-10-03 22:51:32.417674019,kyc,medium,in_app_chat,,resolved
1321,1436,2024-10-02 19:18:08.796867868,2024-10-03 03:14:19.497853542,billing,high,in_app_chat,4.0,resolved
3093,3459,2024-10-02 21:05:34.538501518,,card,medium,email,,closed_unresolved
6726,7504,2024-10-02 21:08:31.350357041,,kyc,high,email,,closed_unresolved
7080,7886,2024-10-02 21:53:40.003523364,2024-10-03 00:54:19.493962936,kyc,high,email,3.0,resolved
3239,3633,2024-10-03 00:57:48.722847733,2024-10-05 19:11:41.099669006,account,low,email,5.0,resolved
4976,5550,2024-10-03 04:31:40.594114997,2024-10-05 14:43:22.849170227,billing,low,in_app_chat,4.0,resolved
2689,3027,2024-10-03 06:42:53.150882808,2024-10-03 13:31:15.893978812,billing,medium,in_app_chat,4.0,resolved
7079,7885,2024-10-03 10:34:14.706673357,2024-10-04 03:10:31.774753859,billing,low,in_app_chat,,resolved
1950,2158,2024-10-03 15:44:04.756474271,2024-10-03 21:16:27.024636422,fraud,high,in_app_chat,4.0,resolved
4283,4773,2024-10-03 16:20:31.690779305,2024-10-03 20:52:09.809157740,billing,high,in_app_chat,4.0,resolved
1708,1865,2024-10-04 01:19:44.639062734,,card,medium,email,,closed_unresolved
771,851,2024-10-04 01:29:12.747811807,2024-10-05 10:24:02.339120515,account,low,email,3.0,resolved
6959,7738,2024-10-04 02:17:17.099136850,2024-10-04 20:32:54.239310504,card,medium,email,4.0,resolved
5685,6339,2024-10-04 05:44:51.390082023,2024-10-04 07:30:46.063281853,account,urgent,email,4.0,resolved
3195,3579,2024-10-04 06:55:37.590030102,2024-10-05 02:55:59.637371779,billing,medium,in_app_chat,3.0,resolved
5823,6487,2024-10-04 13:41:25.422300032,2024-10-04 20:21:29.585202732,kyc,high,in_app_chat,4.0,resolved
5466,6085,2024-10-04 16:09:07.131690959,2024-10-04 23:31:01.517895769,app,high,phone,4.0,resolved
6361,7128,2024-10-04 16:17:45.945466382,2024-10-05 16:19:44.759230366,card,medium,in_app_chat,4.0,resolved
6921,7703,2024-10-04 16:41:00.066619152,2024-10-05 06:46:11.576161237,card,medium,email,,resolved
2539,2853,2024-10-04 17:24:30.581654405,,kyc,low,in_app_chat,,closed_unresolved
5784,6446,2024-10-04 22:47:19.246086375,2024-10-05 02:26:01.301947589,billing,high,in_app_chat,3.0,resolved
6077,6782,2024-10-05 02:10:15.984322360,2024-10-07 17:24:54.807110809,card,low,in_app_chat,5.0,resolved
2298,2554,2024-10-05 02:15:04.378110134,2024-10-05 06:24:32.876312626,app,urgent,in_app_chat,4.0,resolved
5642,6287,2024-10-05 06:57:23.263575681,,kyc,low,in_app_chat,,open
3728,4176,2024-10-05 07:28:46.741741440,2024-10-05 21:18:10.776644040,card,medium,email,4.0,resolved
3775,4222,2024-10-05 09:40:57.135459190,2024-10-06 01:57:30.896995239,card,medium,in_app_chat,,resolved
3023,3391,2024-10-05 14:19:20.878324259,2024-10-05 20:56:32.800834403,kyc,high,email,4.0,resolved
6686,7470,2024-10-05 14:25:25.574249910,2024-10-05 21:07:49.269921690,kyc,medium,in_app_chat,3.0,resolved
42,44,2024-10-05 16:12:17.561985399,2024-10-05 17:44:16.798580640,app,urgent,in_app_chat,5.0,resolved
4874,5441,2024-10-05 21:45:01.939171069,2024-10-07 05:37:55.642166858,account,medium,in_app_chat,3.0,resolved
6299,7050,2024-10-05 22:59:04.711412417,,fraud,urgent,email,,open
2456,2747,2024-10-05 23:59:37.744565133,,billing,low,phone,,open
6725,7503,2024-10-06 00:42:44.084010087,2024-10-07 08:02:12.782766636,billing,medium,email,4.0,resolved
682,756,2024-10-06 02:03:48.980738640,2024-10-07 21:12:16.772243379,billing,low,email,3.0,resolved
4715,5237,2024-10-06 03:34:44.240198318,2024-10-06 15:11:26.998981284,billing,high,email,4.0,resolved
398,441,2024-10-06 06:45:23.579921473,2024-10-06 16:40:23.510088958,billing,medium,phone,5.0,resolved
656,730,2024-10-06 09:29:52.021057534,2024-10-06 20:46:42.301965697,billing,medium,in_app_chat,4.0,resolved
4383,4876,2024-10-06 09:38:50.097316148,2024-10-06 15:32:22.982016726,app,high,in_app_chat,3.0,resolved
6362,7129,2024-10-06 09:55:20.464143882,2024-10-08 12:09:23.641223624,billing,medium,email,4.0,resolved
7008,7791,2024-10-06 10:59:46.949529840,2024-10-06 21:42:29.407627224,app,medium,in_app_chat,,resolved
3763,4214,2024-10-06 13:12:33.781246957,2024-10-06 20:46:00.928854736,kyc,high,email,,resolved
847,926,2024-10-06 13:54:15.466635316,2024-10-06 19:11:18.361993163,app,high,in_app_chat,,resolved
4387,4878,2024-10-06 17:39:16.806007200,2024-10-10 02:57:30.919961654,billing,medium,email,,resolved
4733,5266,2024-10-06 18:23:44.557317170,2024-10-07 14:19:14.324071085,fraud,high,in_app_chat,,resolved
5206,5768,2024-10-06 18:28:07.204515067,2024-10-08 00:06:49.221228898,app,medium,in_app_chat,5.0,resolved
4929,5498,2024-10-06 21:00:04.389230194,,account,medium,email,,closed_unresolved
2338,2600,2024-10-06 23:50:02.800236851,,account,high,in_app_chat,,open
6734,7515,2024-10-07 00:39:56.425323268,2024-10-08 12:41:30.791723214,billing,medium,phone,4.0,resolved
1714,1870,2024-10-07 00:49:38.239956344,2024-10-07 17:13:25.935595083,billing,medium,in_app_chat,,resolved
4648,5158,2024-10-07 05:53:52.359963555,2024-10-10 09:45:50.411129418,billing,low,email,,resolved
6543,7339,2024-10-07 07:14:34.591450093,2024-10-08 03:14:08.105436874,app,medium,in_app_chat,,resolved
3166,3545,2024-10-07 08:48:23.063312799,2024-10-10 19:26:53.197293568,account,low,in_app_chat,5.0,resolved
486,540,2024-10-07 16:06:30.113602145,2024-10-11 01:41:18.766294388,app,low,email,,resolved
269,296,2024-10-07 20:30:18.605100983,,card,medium,in_app_chat,,open
2169,2390,2024-10-07 20:56:11.268499263,2024-10-09 00:17:53.418688125,billing,low,email,4.0,resolved
3950,4411,2024-10-08 00:07:43.406532200,2024-10-10 09:16:57.264620927,billing,low,in_app_chat,,resolved
2280,2529,2024-10-08 02:44:01.889498716,,billing,medium,in_app_chat,,closed_unresolved
4683,5203,2024-10-08 10:29:39.766366838,2024-10-09 11:28:01.112219554,account,medium,email,4.0,resolved
3380,3784,2024-10-08 11:09:07.861118477,,kyc,medium,in_app_chat,,closed_unresolved
3312,3708,2024-10-08 11:55:45.555964075,2024-10-09 02:26:39.317747985,billing,medium,phone,,resolved
3673,4109,2024-10-08 13:26:12.582802714,2024-10-09 09:11:24.563224444,kyc,medium,in_app_chat,4.0,resolved
3084,3450,2024-10-08 15:53:17.531387871,2024-10-08 18:57:23.479847785,kyc,high,email,5.0,resolved
7119,7929,2024-10-08 16:29:54.274536660,,app,medium,email,,open
2659,2997,2024-10-08 18:43:57.826987343,2024-10-08 22:17:55.174783374,fraud,high,in_app_chat,5.0,resolved
2519,2835,2024-10-08 19:56:05.356587848,2024-10-10 05:15:29.726102495,card,medium,phone,3.0,resolved
4295,4785,2024-10-08 21:18:56.028322416,,card,medium,in_app_chat,,open
5105,5664,2024-10-08 22:28:08.892715022,2024-10-09 07:13:17.507943256,card,medium,in_app_chat,,resolved
4209,4693,2024-10-08 22:54:32.235865966,,kyc,high,in_app_chat,,open
4296,4791,2024-10-09 00:10:26.586852225,2024-10-09 14:40:27.036641156,kyc,medium,in_app_chat,4.0,resolved
2366,2636,2024-10-09 02:29:18.228723207,2024-10-09 13:55:12.980592953,account,low,phone,3.0,resolved
3683,4122,2024-10-09 05:01:10.132241635,2024-10-09 15:16:37.483591180,account,medium,email,4.0,resolved
6309,7064,2024-10-09 05:14:04.380750781,2024-10-15 04:23:41.218358194,billing,low,in_app_chat,,resolved
3181,3559,2024-10-09 05:46:33.703820765,2024-10-09 21:23:17.573708333,account,medium,in_app_chat,,resolved
3257,3654,2024-10-09 09:55:29.364665525,2024-10-10 08:53:27.959291780,app,medium,email,4.0,resolved
4389,4879,2024-10-09 09:59:52.069710632,2024-10-09 17:01:04.854300716,app,medium,in_app_chat,4.0,resolved
4507,5008,2024-10-09 10:14:02.170566263,,app,medium,in_app_chat,,closed_unresolved
4711,5232,2024-10-09 11:51:06.647661014,2024-10-09 18:04:22.065557706,fraud,high,in_app_chat,4.0,resolved
358,395,2024-10-09 12:29:09.806381770,2024-10-11 02:41:44.153383082,card,medium,in_app_chat,,resolved
3512,3936,2024-10-09 15:09:23.166612221,,billing,low,in_app_chat,,open
707,781,2024-10-09 15:15:59.149252653,,kyc,low,in_app_chat,,closed_unresolved
3937,4396,2024-10-09 15:20:59.483705867,2024-10-11 00:41:52.679102442,fraud,medium,email,3.0,resolved
3906,4359,2024-10-09 15:31:43.880018511,2024-10-13 02:29:15.965545119,card,low,phone,2.0,resolved
3710,4149,2024-10-09 15:33:08.028816287,2024-10-11 14:43:43.980476568,account,medium,phone,,resolved
1965,2169,2024-10-09 15:42:26.675577325,2024-10-09 18:19:47.377668782,fraud,high,email,4.0,resolved
1828,2005,2024-10-09 16:13:59.574745637,2024-10-09 17:52:46.351446961,account,high,in_app_chat,4.0,resolved
1559,1715,2024-10-09 16:18:12.678136211,2024-10-09 17:55:06.189244399,card,urgent,phone,,resolved
3288,3686,2024-10-09 19:58:08.408443900,,card,urgent,in_app_chat,,closed_unresolved
4072,4531,2024-10-09 22:42:16.015519382,2024-10-10 06:34:03.508450326,billing,high,in_app_chat,3.0,resolved
4744,5285,2024-10-10 00:21:10.854988032,2024-10-10 03:13:31.429049222,kyc,high,in_app_chat,2.0,resolved
5904,6580,2024-10-10 03:24:18.337347106,2024-10-13 04:15:24.575724682,card,low,in_app_chat,3.0,resolved
4455,4950,2024-10-10 05:51:26.843123165,2024-10-10 13:05:19.235917577,app,medium,email,4.0,resolved
4262,4752,2024-10-10 06:04:54.769053720,2024-10-11 09:58:36.972994281,account,medium,in_app_chat,4.0,resolved
3096,3464,2024-10-10 06:09:26.425586413,,kyc,medium,email,,open
7048,7837,2024-10-10 07:43:11.324059106,2024-10-10 10:25:20.798450420,fraud,high,in_app_chat,4.0,resolved
5506,6137,2024-10-10 08:38:29.624815530,2024-10-10 20:43:37.775636440,card,high,email,,resolved
4299,4796,2024-10-10 10:26:21.283963503,2024-10-12 00:32:43.531564666,kyc,low,email,,resolved
1556,1714,2024-10-10 11:45:52.651737181,2024-10-10 18:15:41.153798866,kyc,high,in_app_chat,,resolved
1929,2134,2024-10-10 16:18:07.593312965,2024-10-11 06:24:09.735022880,card,medium,in_app_chat,4.0,resolved
4398,4884,2024-10-10 20:09:58.809695895,2024-10-10 23:00:49.237275396,card,high,phone,5.0,resolved
2246,2489,2024-10-10 20:14:06.044656176,2024-10-12 07:01:16.657793109,billing,medium,email,4.0,resolved
1934,2141,2024-10-10 22:14:53.832338520,2024-10-11 06:22:44.625029710,card,medium,email,,resolved
4428,4925,2024-10-11 02:09:58.395741744,2024-10-13 12:24:12.545787601,app,low,in_app_chat,3.0,resolved
635,708,2024-10-11 03:49:19.972752484,2024-10-11 10:42:10.679859053,fraud,urgent,email,5.0,resolved
6525,7319,2024-10-11 07:16:27.029492218,2024-10-12 01:43:45.992056020,account,medium,phone,,resolved
4776,5311,2024-10-11 08:02:38.098039459,2024-10-11 09:25:55.804294797,fraud,urgent,in_app_chat,5.0,resolved
4074,4533,2024-10-11 09:22:47.961900785,2024-10-11 14:00:46.334713049,card,high,phone,4.0,resolved
1550,1705,2024-10-11 10:14:03.252966887,2024-10-14 14:12:40.442323803,kyc,low,phone,4.0,resolved
5443,6061,2024-10-11 10:54:47.193062748,2024-10-12 16:46:58.729965667,account,low,email,4.0,resolved
5674,6324,2024-10-11 11:30:36.115180467,,card,high,email,,open
3834,4279,2024-10-11 13:26:28.167668946,2024-10-11 23:31:37.344195758,account,medium,in_app_chat,4.0,resolved
1491,1635,2024-10-11 16:49:40.277054663,2024-10-11 22:48:04.792201503,app,high,in_app_chat,4.0,resolved
5599,6242,2024-10-11 19:16:14.623952675,2024-10-11 22:11:59.946193619,account,urgent,in_app_chat,,resolved
5695,6346,2024-10-11 21:18:38.526427733,2024-10-13 07:03:46.584521439,card,low,in_app_chat,4.0,resolved
2854,3189,2024-10-11 22:23:50.569552101,2024-10-14 05:58:02.768750065,kyc,low,email,3.0,resolved
5992,6679,2024-10-11 23:27:20.664205485,2024-10-12 08:35:31.409454545,card,medium,in_app_chat,4.0,resolved
5917,6604,2024-10-11 23:27:40.230864532,2024-10-12 09:36:29.234320778,app,medium,in_app_chat,5.0,resolved
7004,7788,2024-10-12 00:05:30.221907984,,card,medium,in_app_chat,,open
4340,4838,2024-10-12 00:30:07.544120834,,billing,low,phone,,open
5208,5770,2024-10-12 01:22:57.782186788,2024-10-13 19:38:48.261698976,app,low,in_app_chat,4.0,resolved
5225,5785,2024-10-12 02:31:17.225582116,2024-10-12 17:05:17.887132398,account,medium,in_app_chat,4.0,resolved
3281,3676,2024-10-12 03:51:53.849703634,2024-10-14 20:47:09.812816446,billing,low,in_app_chat,5.0,resolved
7020,7804,2024-10-12 08:14:07.109645576,2024-10-16 09:23:48.877875626,card,low,phone,3.0,resolved
5399,6007,2024-10-12 08:34:29.177797696,2024-10-14 01:53:15.288743980,app,low,in_app_chat,4.0,resolved
806,887,2024-10-12 11:22:21.750270205,2024-10-13 04:52:26.810939032,kyc,medium,email,3.0,resolved
3826,4269,2024-10-12 12:58:23.364636133,2024-10-12 22:13:05.479077724,app,medium,in_app_chat,,resolved
3379,3784,2024-10-12 13:17:46.187246319,,app,medium,in_app_chat,,open
2043,2251,2024-10-12 14:01:23.458532309,,account,high,email,,closed_unresolved
514,569,2024-10-12 15:08:17.525119248,2024-10-15 08:26:37.923844284,account,low,in_app_chat,4.0,resolved
6223,6956,2024-10-12 16:45:34.539232501,2024-10-13 05:13:40.095080869,billing,medium,in_app_chat,4.0,resolved
526,582,2024-10-12 17:07:02.125401565,2024-10-13 00:34:27.326036270,fraud,urgent,in_app_chat,4.0,resolved
2318,2579,2024-10-12 18:10:14.458176721,2024-10-13 00:01:02.082535985,billing,high,in_app_chat,4.0,resolved
2383,2655,2024-10-12 18:42:21.924202766,2024-10-13 01:23:03.359458308,card,high,email,,resolved
1605,1776,2024-10-12 19:31:13.901286083,,fraud,urgent,email,,open
3266,3663,2024-10-12 21:47:56.232660811,2024-10-13 21:18:49.597313054,kyc,medium,in_app_chat,,resolved
4130,4613,2024-10-13 01:24:33.411127403,,card,medium,in_app_chat,,open
886,968,2024-10-13 04:24:21.909629905,2024-10-13 16:07:29.357618505,fraud,high,in_app_chat,4.0,resolved
6416,7194,2024-10-13 05:18:51.949091669,2024-10-18 05:21:35.207881442,kyc,low,in_app_chat,3.0,resolved
3375,3781,2024-10-13 05:50:44.018762614,2024-10-14 01:35:43.835811236,card,medium,phone,4.0,resolved
2257,2502,2024-10-13 06:23:12.575893660,2024-10-14 11:03:11.849978252,card,medium,phone,3.0,resolved
1103,1216,2024-10-13 07:33:14.163087951,,billing,medium,email,,open
3998,4458,2024-10-13 07:39:53.418382623,2024-10-13 14:10:41.900067557,kyc,high,phone,,resolved
3317,3712,2024-10-13 07:51:18.101285547,2024-10-16 21:29:51.982763892,app,low,email,4.0,resolved
4349,4845,2024-10-13 09:40:32.486964427,,billing,medium,in_app_chat,,closed_unresolved
5254,5818,2024-10-13 11:19:39.389865919,2024-10-13 23:49:14.119057000,card,medium,in_app_chat,,resolved
949,1035,2024-10-13 14:06:26.106377716,2024-10-14 16:06:25.332619600,kyc,medium,phone,4.0,resolved
5677,6330,2024-10-13 14:16:39.005639351,2024-10-18 02:17:11.776672130,app,low,email,4.0,resolved
3611,4041,2024-10-13 16:45:48.097164695,2024-10-15 11:17:58.424038020,card,low,phone,4.0,resolved
1205,1326,2024-10-13 18:40:22.472056024,2024-10-13 22:59:35.193483118,card,urgent,in_app_chat,,resolved
6349,7109,2024-10-13 19:19:36.673220369,2024-10-14 04:47:20.118601254,billing,medium,phone,4.0,resolved
3209,3593,2024-10-13 20:10:25.779798834,,account,medium,in_app_chat,,closed_unresolved
250,276,2024-10-13 21:50:53.050066791,2024-10-14 06:58:15.219526344,account,medium,in_app_chat,3.0,resolved
3703,4140,2024-10-14 01:33:53.139102837,2024-10-14 19:35:38.698264486,billing,medium,in_app_chat,,resolved
3304,3699,2024-10-14 02:58:52.262727551,2024-10-14 08:57:45.351642097,account,medium,email,4.0,resolved
1757,1931,2024-10-14 04:23:18.751021094,2024-10-14 15:50:16.870141114,billing,high,email,5.0,resolved
3221,3607,2024-10-14 06:05:15.181119392,2024-10-14 10:19:24.950420926,billing,medium,in_app_chat,,resolved
5520,6153,2024-10-14 06:55:45.564806876,2024-10-14 18:51:42.035773559,kyc,medium,email,,resolved
6649,7435,2024-10-14 07:16:41.048905906,2024-10-14 16:01:35.977919046,app,medium,in_app_chat,5.0,resolved
5920,6606,2024-10-14 09:51:26.072470584,,account,medium,in_app_chat,,closed_unresolved
2196,2414,2024-10-14 13:57:08.238103557,,billing,low,email,,open
4421,4914,2024-10-14 15:20:27.215893409,2024-10-15 01:41:30.234172008,card,high,in_app_chat,,resolved
5388,5994,2024-10-14 19:11:46.142609112,2024-10-15 16:05:02.963103048,account,medium,in_app_chat,3.0,resolved
1502,1645,2024-10-14 19:16:20.175382076,2024-10-15 21:38:59.391730880,kyc,medium,in_app_chat,,resolved
925,1011,2024-10-14 19:16:55.335429609,2024-10-15 05:58:47.439996959,card,high,in_app_chat,4.0,resolved
4769,5306,2024-10-15 00:41:48.517091413,2024-10-16 00:17:29.020445017,kyc,medium,in_app_chat,4.0,resolved
5524,6159,2024-10-15 00:49:04.400190900,2024-10-15 02:19:02.861534556,fraud,urgent,in_app_chat,4.0,resolved
5328,5912,2024-10-15 07:38:53.114308186,2024-10-15 14:44:10.624251103,fraud,high,in_app_chat,5.0,resolved
2028,2236,2024-10-15 09:54:04.185270112,2024-10-15 20:16:21.992505866,kyc,medium,in_app_chat,4.0,resolved
6593,7382,2024-10-15 11:40:40.311933844,2024-10-19 18:18:34.048443066,card,low,in_app_chat,,resolved
4439,4934,2024-10-15 12:46:45.413210965,2024-10-19 09:51:54.258058250,app,low,in_app_chat,3.0,resolved
1691,1851,2024-10-15 12:50:43.628247447,2024-10-16 13:27:36.666773004,billing,medium,email,,resolved
3271,3665,2024-10-15 13:11:44.868292091,2024-10-15 17:26:46.487030218,account,high,in_app_chat,4.0,resolved
914,999,2024-10-15 13:37:51.781987254,,card,high,email,,open
4333,4829,2024-10-15 15:04:57.539386473,2024-10-15 22:51:29.377540255,billing,high,in_app_chat,3.0,resolved
1407,1541,2024-10-15 16:52:43.020926048,2024-10-16 10:54:53.906386256,billing,medium,in_app_chat,,resolved
294,316,2024-10-15 23:38:09.344526178,,billing,low,in_app_chat,,open
1541,1699,2024-10-16 00:22:17.133333375,,kyc,high,in_app_chat,,closed_unresolved
4284,4773,2024-10-16 01:45:19.826564074,2024-10-16 09:01:06.579547127,app,medium,email,5.0,resolved
208,229,2024-10-16 01:51:10.741614946,2024-10-19 08:11:55.262311333,app,low,in_app_chat,4.0,resolved
5173,5742,2024-10-16 04:17:02.338611581,,billing,medium,phone,,closed_unresolved
870,952,2024-10-16 07:48:33.194650996,2024-10-21 09:51:33.303753175,kyc,low,in_app_chat,3.0,resolved
3801,4245,2024-10-16 07:48:57.346678088,2024-10-16 19:19:16.761186596,app,medium,email,4.0,resolved
1285,1402,2024-10-16 11:36:57.276829535,2024-10-16 13:16:14.665535361,fraud,urgent,email,3.0,resolved
5799,6457,2024-10-16 12:47:55.146252540,2024-10-16 18:30:31.454064186,card,high,email,5.0,resolved
502,559,2024-10-16 14:21:59.531070600,2024-10-16 23:32:50.600874174,billing,medium,in_app_chat,3.0,resolved
3497,3918,2024-10-16 15:46:25.606320674,,card,medium,in_app_chat,,closed_unresolved
3517,3942,2024-10-16 17:40:42.678584379,,billing,low,phone,,open
5960,6646,2024-10-16 18:24:36.328060952,2024-10-17 00:08:08.199188834,kyc,medium,phone,2.0,resolved
2400,2684,2024-10-16 21:19:55.554282523,2024-10-17 14:59:45.407188751,account,medium,in_app_chat,5.0,resolved
5272,5839,2024-10-16 22:47:49.669055430,2024-10-18 03:23:24.037877680,account,low,in_app_chat,4.0,resolved
3835,4280,2024-10-16 23:17:00.486780987,2024-10-17 00:55:15.816361350,billing,urgent,in_app_chat,4.0,resolved
2888,3251,2024-10-16 23:46:12.240811689,,account,urgent,in_app_chat,,open
879,962,2024-10-17 02:55:52.350528763,2024-10-18 08:00:36.999526287,app,low,in_app_chat,3.0,resolved
6945,7729,2024-10-17 03:43:15.056540400,2024-10-17 06:36:04.179594445,fraud,high,email,4.0,resolved
6043,6745,2024-10-17 03:46:03.809643542,,kyc,medium,in_app_chat,,open
2853,3189,2024-10-17 04:02:12.690090352,,billing,urgent,in_app_chat,,open
2034,2239,2024-10-17 07:14:40.616251969,2024-10-17 20:02:21.384373203,billing,high,email,5.0,resolved
8,4,2024-10-17 07:43:37.431248663,2024-10-18 11:03:12.717068039,billing,low,in_app_chat,,resolved
6021,6718,2024-10-17 10:16:22.545975475,,app,medium,in_app_chat,,closed_unresolved
603,676,2024-10-17 16:44:35.331792414,2024-10-18 07:14:33.890782448,card,medium,in_app_chat,4.0,resolved
3001,3367,2024-10-17 17:06:47.890608341,2024-10-20 16:03:09.966487627,account,low,in_app_chat,4.0,resolved
5240,5797,2024-10-17 17:31:43.008863845,2024-10-18 08:51:25.744894571,kyc,medium,in_app_chat,3.0,resolved
3958,4419,2024-10-17 20:07:16.090138741,2024-10-20 18:43:56.026237433,account,medium,phone,4.0,resolved
6448,7227,2024-10-17 20:19:10.401997365,2024-10-18 23:19:28.512623871,app,medium,email,3.0,resolved
928,1017,2024-10-18 00:20:55.047795887,2024-10-18 10:13:50.283332757,kyc,medium,in_app_chat,4.0,resolved
3422,3834,2024-10-18 01:03:57.219104574,2024-10-18 18:44:34.559457010,app,medium,email,4.0,resolved
133,159,2024-10-18 04:57:40.996333327,2024-10-22 11:22:12.070221847,card,low,in_app_chat,4.0,resolved
5418,6030,2024-10-18 05:02:25.321084944,2024-10-19 16:31:25.806267058,account,medium,in_app_chat,4.0,resolved
7099,7908,2024-10-18 06:56:16.837264239,2024-10-18 21:45:27.920384217,billing,medium,in_app_chat,3.0,resolved
6272,7014,2024-10-18 09:03:20.433748328,2024-10-18 17:32:52.722839436,fraud,high,in_app_chat,4.0,resolved
2486,2793,2024-10-18 10:45:52.375573627,2024-10-18 23:49:36.656565949,billing,medium,email,5.0,resolved
6173,6897,2024-10-18 11:40:31.809178171,2024-10-19 02:00:19.636779351,app,medium,in_app_chat,,resolved
5131,5697,2024-10-18 12:23:01.694087747,2024-10-18 19:21:41.882439153,app,high,email,,resolved
5355,5952,2024-10-18 13:41:12.533793198,,kyc,medium,in_app_chat,,closed_unresolved
31,26,2024-10-18 15:13:46.228298928,2024-10-18 21:58:03.843701584,kyc,high,phone,4.0,resolved
6143,6858,2024-10-18 19:23:01.426575145,2024-10-20 11:32:56.964654920,account,low,in_app_chat,4.0,resolved
4731,5256,2024-10-18 20:55:32.245594924,2024-10-19 20:16:48.006858834,billing,low,in_app_chat,4.0,resolved
3457,3872,2024-10-18 21:22:27.148902228,2024-10-19 08:18:28.539495243,billing,high,in_app_chat,,resolved
7165,7967,2024-10-18 22:07:12.796119117,,kyc,medium,in_app_chat,,open
2044,2252,2024-10-18 23:23:30.859092205,2024-10-19 22:44:59.841575441,billing,medium,in_app_chat,,resolved
3406,3818,2024-10-19 02:42:35.137180209,,card,high,email,,closed_unresolved
4860,5431,2024-10-19 07:03:14.108232507,2024-10-19 17:43:01.289503776,billing,medium,in_app_chat,,resolved
1131,1255,2024-10-19 07:59:41.014026571,2024-10-20 08:01:05.740173033,card,low,phone,4.0,resolved
2041,2248,2024-10-19 12:56:21.056514581,2024-10-22 07:09:21.502972988,app,low,in_app_chat,2.0,resolved
2798,3132,2024-10-19 17:32:27.363106518,2024-10-19 21:58:13.925349184,account,high,in_app_chat,3.0,resolved
3888,4341,2024-10-19 18:38:03.377539072,2024-10-20 13:20:15.664670502,billing,medium,email,,resolved
1503,1645,2024-10-19 20:16:19.161238163,2024-10-20 01:04:05.192690156,kyc,high,in_app_chat,,resolved
5450,6069,2024-10-19 20:53:51.415981460,2024-10-20 13:06:35.985784282,account,medium,in_app_chat,4.0,resolved
6715,7492,2024-10-20 00:37:28.682030953,,card,low,in_app_chat,,closed_unresolved
6936,7713,2024-10-20 00:57:52.006977587,,account,low,in_app_chat,,closed_unresolved
927,1017,2024-10-20 03:51:18.817558116,2024-10-20 15:53:42.495699432,kyc,medium,in_app_chat,4.0,resolved
593,664,2024-10-20 09:11:16.835080462,2024-10-20 17:48:15.375936718,billing,medium,phone,4.0,resolved
1997,2200,2024-10-20 10:48:09.328408234,2024-10-20 23:35:10.327775598,card,high,in_app_chat,3.0,resolved
6628,7410,2024-10-20 13:37:59.381712816,2024-10-20 21:55:56.439817051,kyc,medium,in_app_chat,3.0,resolved
2857,3194,2024-10-20 19:43:04.192326791,2024-10-21 22:54:58.127783491,billing,medium,in_app_chat,,resolved
4451,4947,2024-10-21 05:22:23.112473574,2024-10-21 18:10:55.847101825,billing,medium,in_app_chat,3.0,resolved
2427,2712,2024-10-21 05:49:12.500371672,2024-10-21 18:23:40.596306634,account,low,in_app_chat,4.0,resolved
247,272,2024-10-21 06:55:35.576529873,2024-10-21 10:09:57.068172903,account,high,in_app_chat,5.0,resolved
6360,7128,2024-10-21 07:33:10.492070526,2024-10-21 10:09:11.134911726,billing,urgent,in_app_chat,4.0,resolved
1865,2045,2024-10-21 07:52:27.777038073,2024-10-24 01:25:29.137326462,app,low,in_app_chat,4.0,resolved
2203,2422,2024-10-21 08:31:45.490735398,2024-10-21 15:41:58.750980036,fraud,high,in_app_chat,,resolved
5199,5763,2024-10-21 13:26:58.442011036,2024-10-21 20:40:20.726537645,card,high,email,4.0,resolved
1487,1626,2024-10-21 14:15:13.192726970,2024-10-22 02:00:59.651211058,kyc,high,email,,resolved
1769,1946,2024-10-21 15:24:59.005983732,2024-10-22 05:27:17.846996175,card,medium,email,,resolved
2586,2910,2024-10-21 22:04:18.695726973,2024-10-22 02:50:37.320350568,fraud,high,in_app_chat,5.0,resolved
6109,6817,2024-10-22 00:34:24.228393968,2024-10-22 08:11:05.818904355,app,high,phone,5.0,resolved
1764,1945,2024-10-22 00:51:36.306251864,,app,high,in_app_chat,,closed_unresolved
6891,7671,2024-10-22 02:03:09.947311205,2024-10-22 07:18:48.923762214,card,high,in_app_chat,,resolved
5782,6445,2024-10-22 02:30:14.787362162,2024-10-23 10:12:06.227984925,billing,medium,email,3.0,resolved
6180,6903,2024-10-22 02:35:09.587232015,,kyc,medium,email,,closed_unresolved
1816,1994,2024-10-22 06:57:16.188873232,,app,low,in_app_chat,,open
624,699,2024-10-22 08:09:30.338905343,2024-10-24 05:51:13.743726657,billing,low,in_app_chat,4.0,resolved
6964,7747,2024-10-22 08:53:12.389717016,,card,high,email,,open
3863,4313,2024-10-22 12:20:11.103470877,,kyc,low,in_app_chat,,open
1409,1542,2024-10-22 16:31:51.498975541,2024-10-22 19:36:43.542602518,fraud,high,in_app_chat,4.0,resolved
4085,4545,2024-10-22 20:13:59.716812486,2024-10-23 05:00:16.505704936,kyc,high,in_app_chat,4.0,resolved
7185,7990,2024-10-22 22:59:02.519937553,2024-10-23 18:29:58.517938035,billing,medium,email,4.0,resolved
1160,1280,2024-10-23 01:56:48.961783682,,kyc,medium,in_app_chat,,closed_unresolved
5478,6095,2024-10-23 02:03:35.026815997,2024-10-23 04:12:03.566431113,billing,urgent,in_app_chat,3.0,resolved
4449,4946,2024-10-23 03:21:26.125500288,2024-10-23 23:09:15.997193468,app,low,email,3.0,resolved
142,165,2024-10-23 04:40:44.249538768,2024-10-24 19:14:00.009431366,billing,medium,in_app_chat,4.0,resolved
110,121,2024-10-23 06:13:49.833361315,,kyc,medium,in_app_chat,,closed_unresolved
1906,2111,2024-10-23 06:26:49.432845848,2024-10-23 08:41:36.878321584,fraud,urgent,in_app_chat,4.0,resolved
5090,5650,2024-10-23 06:37:49.359547744,2024-10-24 10:01:37.250628758,billing,medium,in_app_chat,4.0,resolved
2008,2217,2024-10-23 07:00:32.246786157,,card,low,in_app_chat,,open
1141,1263,2024-10-23 07:41:04.715826394,,fraud,high,in_app_chat,,open
1342,1457,2024-10-23 07:55:37.673990333,2024-10-23 14:07:54.235027151,app,high,in_app_chat,4.0,resolved
2758,3087,2024-10-23 08:17:22.364290754,2024-10-26 14:21:00.202225448,billing,low,email,3.0,resolved
646,718,2024-10-23 11:07:42.609448522,2024-10-23 11:53:45.197974534,card,urgent,phone,5.0,resolved
3651,4088,2024-10-23 13:04:12.862530816,,kyc,medium,email,,closed_unresolved
104,111,2024-10-23 14:26:57.057156985,2024-10-25 21:37:38.553701019,billing,low,email,4.0,resolved
4048,4506,2024-10-23 14:52:09.312833559,2024-10-24 00:18:02.250008908,card,high,in_app_chat,,resolved
4952,5528,2024-10-23 17:03:13.361414195,2024-10-23 22:18:50.152985272,fraud,urgent,in_app_chat,,resolved
6969,7753,2024-10-23 17:12:48.264396284,,card,medium,email,,closed_unresolved
1644,1812,2024-10-23 21:01:56.917621464,2024-10-24 09:25:50.985219228,card,medium,in_app_chat,3.0,resolved
3875,4326,2024-10-24 00:31:16.266272819,2024-10-26 22:27:19.259957646,app,low,phone,4.0,resolved
3951,4411,2024-10-24 08:37:08.320382434,2024-10-25 09:18:56.957490491,billing,medium,email,,resolved
279,305,2024-10-24 13:32:16.885286439,,fraud,high,phone,,open
3037,3405,2024-10-24 15:02:46.192438746,,app,high,in_app_chat,,closed_unresolved
7088,7893,2024-10-24 15:56:09.166391283,2024-10-28 07:10:59.144679217,account,low,email,3.0,resolved
7076,7878,2024-10-24 17:25:18.613864433,2024-10-28 11:14:46.395358248,account,low,in_app_chat,3.0,resolved
779,861,2024-10-24 18:28:43.638670974,2024-10-29 23:31:08.005515546,account,low,phone,4.0,resolved
2869,3216,2024-10-24 20:18:58.018489329,2024-10-25 06:54:14.945581039,app,high,email,5.0,resolved
6982,7765,2024-10-24 20:45:10.114433812,2024-10-25 03:18:45.805574227,kyc,medium,in_app_chat,3.0,resolved
189,212,2024-10-24 21:56:56.101173714,2024-10-27 00:18:54.462080805,billing,low,in_app_chat,4.0,resolved
2290,2542,2024-10-24 22:16:03.246247663,2024-10-26 02:02:15.375498891,billing,medium,in_app_chat,,resolved
2488,2794,2024-10-24 23:27:57.430207886,2024-10-25 05:26:53.021763520,account,high,email,4.0,resolved
5084,5645,2024-10-24 23:40:36.297274684,2024-10-25 04:25:05.496707009,kyc,high,email,4.0,resolved
5796,6453,2024-10-24 23:56:47.253795299,2024-10-25 02:54:41.505256886,card,urgent,in_app_chat,4.0,resolved
5624,6275,2024-10-25 01:24:21.420095342,2024-10-26 05:12:14.711388134,billing,low,email,,resolved
6291,7038,2024-10-25 04:37:17.550220077,2024-11-02 13:21:30.370190987,account,low,in_app_chat,4.0,resolved
4231,4716,2024-10-25 04:57:43.271950118,2024-10-28 09:33:31.452044885,app,low,in_app_chat,,resolved
653,729,2024-10-25 06:12:43.230339624,2024-10-28 12:03:12.983625912,account,low,phone,4.0,resolved
5294,5871,2024-10-25 06:29:53.805382739,2024-10-25 09:04:38.917079245,fraud,high,email,5.0,resolved
7126,7931,2024-10-25 07:18:53.568934799,2024-10-26 02:29:51.750944615,kyc,high,email,,resolved
3158,3532,2024-10-25 08:40:26.892510035,2024-10-26 03:07:24.860858930,billing,medium,email,4.0,resolved
295,317,2024-10-25 10:57:42.575813317,2024-10-28 01:22:57.213919370,account,medium,phone,3.0,resolved
3208,3592,2024-10-25 11:27:18.668370168,2024-10-27 00:03:18.488757063,card,medium,email,5.0,resolved
5710,6359,2024-10-25 11:39:12.473560788,,card,medium,in_app_chat,,open
2020,2229,2024-10-25 16:26:19.682420487,2024-10-25 23:43:36.120528215,app,medium,in_app_chat,4.0,resolved
5793,6450,2024-10-25 21:36:45.027760947,2024-10-27 00:31:32.440400112,app,medium,email,4.0,resolved
6625,7408,2024-10-25 22:25:59.742590145,2024-10-26 21:12:15.172592626,account,medium,in_app_chat,5.0,resolved
4799,5346,2024-10-26 00:22:13.547959129,2024-10-26 08:39:38.487296894,card,medium,in_app_chat,2.0,resolved
4958,5533,2024-10-26 01:16:33.054692433,2024-10-28 05:35:34.960779736,billing,low,in_app_chat,3.0,resolved
5215,5780,2024-10-26 05:57:34.426387301,2024-10-27 02:54:10.904926667,account,low,in_app_chat,3.0,resolved
641,713,2024-10-26 06:08:44.126612018,,app,high,email,,open
39,40,2024-10-26 08:54:22.065128513,2024-10-28 08:29:32.394420138,card,low,in_app_chat,4.0,resolved
5099,5658,2024-10-26 09:09:08.119863480,,kyc,medium,email,,open
583,648,2024-10-26 12:55:17.656427213,2024-10-26 18:10:43.295636616,fraud,high,in_app_chat,4.0,resolved
4644,5151,2024-10-26 13:48:19.751606766,2024-10-27 06:40:09.630150718,kyc,medium,phone,3.0,resolved
3129,3503,2024-10-26 17:29:42.728343970,2024-10-27 03:01:11.753074280,kyc,high,in_app_chat,5.0,resolved
2187,2404,2024-10-27 02:54:44.826788090,,kyc,medium,email,,closed_unresolved
780,862,2024-10-27 04:48:38.686606516,2024-10-28 12:34:15.179622926,account,medium,in_app_chat,,resolved
4298,4792,2024-10-27 04:52:46.374066848,2024-10-27 18:33:03.345081117,billing,medium,email,4.0,resolved
6595,7383,2024-10-27 06:10:44.869505088,2024-10-27 17:31:35.986621450,billing,high,in_app_chat,5.0,resolved
6237,6975,2024-10-27 07:13:43.605049192,2024-10-28 12:40:50.019460122,app,medium,in_app_chat,5.0,resolved
4882,5450,2024-10-27 07:27:48.832491663,2024-10-27 18:15:33.127465300,app,medium,in_app_chat,4.0,resolved
448,499,2024-10-27 08:18:50.600165716,2024-10-27 12:05:00.799605397,card,high,email,4.0,resolved
2673,3010,2024-10-27 08:53:54.841571917,2024-10-27 22:04:41.741428448,kyc,medium,email,,resolved
2005,2211,2024-10-27 10:28:08.394505743,2024-10-28 10:57:36.913356502,card,medium,email,5.0,resolved
3407,3822,2024-10-27 11:05:17.523866371,2024-10-27 12:35:56.558120323,app,urgent,email,5.0,resolved
795,879,2024-10-27 13:28:19.920894571,,app,low,in_app_chat,,open
6943,7727,2024-10-27 14:12:24.375833542,2024-10-27 17:31:25.719005365,card,high,in_app_chat,4.0,resolved
2825,3166,2024-10-27 16:04:00.647568168,2024-10-28 08:46:53.803078137,kyc,medium,email,5.0,resolved
4509,5011,2024-10-27 17:44:00.929428103,,app,low,in_app_chat,,closed_unresolved
567,630,2024-10-27 18:11:43.502284864,,account,low,email,,closed_unresolved
5845,6513,2024-10-27 18:18:01.860241636,2024-10-28 18:05:57.601920148,card,low,email,4.0,resolved
7100,7908,2024-10-27 18:30:18.598204969,2024-10-27 22:34:58.522371164,account,high,in_app_chat,5.0,resolved
2335,2596,2024-10-27 20:35:24.577206521,2024-10-28 07:42:30.457796651,card,medium,email,5.0,resolved
5956,6644,2024-10-27 23:50:52.788632303,,app,low,in_app_chat,,closed_unresolved
2222,2457,2024-10-28 00:18:26.551576949,2024-10-28 16:38:16.970064242,app,medium,in_app_chat,,resolved
2590,2918,2024-10-28 01:27:21.235757008,,card,high,in_app_chat,,closed_unresolved
2860,3198,2024-10-28 02:33:56.356849517,2024-10-29 03:49:09.081373923,kyc,high,in_app_chat,3.0,resolved
7011,7794,2024-10-28 03:10:24.761672745,2024-10-28 19:29:02.948171671,billing,medium,email,2.0,resolved
4463,4959,2024-10-28 06:06:49.346919527,2024-10-28 16:27:28.227779454,billing,medium,email,3.0,resolved
872,954,2024-10-28 07:40:37.798064428,2024-10-30 10:00:08.279851963,billing,medium,email,5.0,resolved
5246,5800,2024-10-28 11:00:28.927332020,,card,low,phone,,open
6997,7785,2024-10-28 11:07:50.153961374,2024-10-28 21:18:09.236109041,app,high,email,,resolved
5025,5592,2024-10-28 12:43:06.539362907,2024-10-28 15:46:48.970004973,fraud,urgent,in_app_chat,5.0,resolved
3145,3520,2024-10-28 13:08:27.390598915,2024-10-29 02:36:41.748738015,billing,medium,email,4.0,resolved
5559,6195,2024-10-28 14:37:32.052882195,2024-10-29 04:47:27.345312928,billing,medium,email,4.0,resolved
1351,1470,2024-10-28 16:10:25.843443620,2024-10-31 23:25:29.020843724,app,low,phone,,resolved
5557,6193,2024-10-28 21:58:10.845748361,2024-10-29 17:24:41.201080789,app,low,in_app_chat,4.0,resolved
7128,7933,2024-10-29 02:32:22.903924888,2024-10-29 20:44:32.582911855,billing,medium,in_app_chat,3.0,resolved
2992,3358,2024-10-29 02:58:34.842691156,,card,high,email,,open
188,210,2024-10-29 03:59:46.398445080,2024-10-31 04:08:09.681778996,card,medium,phone,4.0,resolved
6557,7353,2024-10-29 05:48:26.351481888,,card,low,in_app_chat,,open
7138,7940,2024-10-29 10:05:25.845263897,2024-11-01 15:44:52.170187163,card,low,in_app_chat,4.0,resolved
2273,2516,2024-10-29 11:52:55.284635700,,kyc,medium,phone,,closed_unresolved
2907,3272,2024-10-29 15:35:43.373323415,2024-10-30 20:46:36.633288811,card,medium,in_app_chat,4.0,resolved
4329,4826,2024-10-29 16:03:19.877222387,2024-11-04 12:26:06.811422057,card,medium,in_app_chat,5.0,resolved
1715,1870,2024-10-29 16:14:08.439811883,,kyc,medium,email,,open
6816,7599,2024-10-29 18:51:58.903875763,,account,low,in_app_chat,,open
3891,4343,2024-10-29 19:21:35.918617492,,app,medium,email,,open
2345,2604,2024-10-29 20:02:20.027364279,,account,low,email,,closed_unresolved
5049,5613,2024-10-29 20:31:45.752366928,2024-10-30 13:29:07.118856398,card,medium,in_app_chat,3.0,resolved
6863,7642,2024-10-29 22:59:48.632174047,2024-10-30 11:33:47.925097914,account,high,in_app_chat,4.0,resolved
1068,1182,2024-10-30 00:08:20.657141099,2024-10-30 03:27:49.301338712,billing,high,in_app_chat,,resolved
4561,5060,2024-10-30 04:16:30.406465948,2024-10-30 17:50:59.433458743,fraud,high,phone,3.0,resolved
6374,7144,2024-10-30 05:14:56.097480160,2024-10-30 10:52:08.197035791,kyc,high,in_app_chat,4.0,resolved
1725,1885,2024-10-30 07:49:58.726506803,2024-10-30 13:24:30.724484943,fraud,high,phone,,resolved
5078,5638,2024-10-30 09:56:14.631694045,,account,medium,in_app_chat,,open
6807,7589,2024-10-30 10:51:35.860672958,2024-11-01 11:43:59.339624379,account,low,in_app_chat,4.0,resolved
5428,6041,2024-10-30 15:11:23.960026844,2024-10-31 11:26:32.835202121,app,medium,in_app_chat,,resolved
4590,5081,2024-10-30 15:43:54.447996509,,kyc,high,email,,open
973,1065,2024-10-30 16:19:46.543260025,2024-10-31 00:08:24.107298118,billing,high,in_app_chat,4.0,resolved
6973,7756,2024-10-30 18:12:36.189101096,2024-10-31 08:41:19.082897103,billing,medium,in_app_chat,4.0,resolved
1548,1703,2024-10-30 20:56:05.202367730,2024-11-02 10:32:36.731997663,account,low,in_app_chat,4.0,resolved
347,371,2024-10-30 21:49:27.992187336,2024-10-31 09:11:33.439650183,app,medium,in_app_chat,,resolved
1594,1762,2024-10-31 00:11:05.044582705,,account,high,in_app_chat,,closed_unresolved
2270,2514,2024-10-31 01:57:27.519780939,2024-11-01 07:35:40.258307641,billing,low,in_app_chat,3.0,resolved
2391,2667,2024-10-31 02:39:02.376249465,,kyc,high,email,,open
2162,2384,2024-10-31 05:00:21.651208404,2024-10-31 08:30:07.311183720,card,high,in_app_chat,3.0,resolved
5608,6254,2024-10-31 16:44:10.117985337,2024-10-31 20:32:08.894616265,fraud,high,phone,4.0,resolved
922,1009,2024-10-31 17:15:23.853439224,2024-11-02 00:36:06.658512451,kyc,medium,email,4.0,resolved
4023,4481,2024-10-31 17:20:22.429595552,,billing,urgent,email,,open
2314,2573,2024-10-31 17:26:34.223953905,2024-11-02 01:59:07.224566146,card,medium,phone,4.0,resolved
4159,4645,2024-10-31 19:53:57.892559282,,card,high,in_app_chat,,open
6996,7784,2024-10-31 20:14:32.159362300,2024-11-01 19:40:57.703480772,kyc,medium,email,4.0,resolved
2530,2843,2024-10-31 22:48:41.264263235,2024-11-02 15:13:40.949537473,billing,low,in_app_chat,,resolved
6461,7255,2024-11-01 00:27:42.123251309,2024-11-01 04:10:43.782251460,fraud,high,in_app_chat,3.0,resolved
2880,3233,2024-11-01 03:04:36.991808232,2024-11-01 12:09:28.122898173,kyc,medium,phone,,resolved
4427,4923,2024-11-01 03:19:29.103152537,2024-11-01 18:47:17.458539992,billing,medium,in_app_chat,5.0,resolved
6085,6793,2024-11-01 03:19:34.226079116,2024-11-01 04:18:47.844487568,card,urgent,email,4.0,resolved
2195,2414,2024-11-01 05:17:09.663208399,2024-11-04 15:19:48.686861426,kyc,low,email,,resolved
3984,4442,2024-11-01 10:16:18.638984098,2024-11-01 18:18:03.486066632,card,high,in_app_chat,,resolved
5145,5712,2024-11-01 10:36:41.999619695,2024-11-01 20:52:06.598310802,fraud,medium,in_app_chat,,resolved
6755,7531,2024-11-01 12:27:03.564570300,2024-11-01 22:47:31.445203695,app,medium,email,,resolved
105,113,2024-11-01 13:02:02.771661796,2024-11-02 05:18:29.193033671,kyc,medium,email,,resolved
2148,2370,2024-11-01 13:21:53.355210883,2024-11-02 02:14:53.651882471,account,high,email,4.0,resolved
2074,2281,2024-11-01 13:52:40.324694868,,kyc,low,in_app_chat,,open
5207,5769,2024-11-01 16:12:54.719049830,2024-11-02 13:10:38.942390376,card,medium,email,4.0,resolved
6211,6939,2024-11-01 19:19:39.948503658,2024-11-02 05:03:38.056940493,billing,medium,in_app_chat,4.0,resolved
1040,1146,2024-11-01 20:40:15.073868412,2024-11-03 14:18:14.594343313,card,medium,in_app_chat,,resolved
668,742,2024-11-01 22:32:40.207922243,,app,low,in_app_chat,,closed_unresolved
4554,5054,2024-11-02 02:37:14.763488822,2024-11-04 01:16:24.360160731,card,low,email,,resolved
1319,1436,2024-11-02 04:27:42.219508325,2024-11-02 15:15:51.450037269,card,medium,phone,3.0,resolved
6394,7168,2024-11-02 06:11:03.277143810,2024-11-02 07:19:31.381110099,billing,urgent,email,3.0,resolved
6835,7615,2024-11-02 07:06:37.777885269,2024-11-03 10:02:14.773341235,kyc,medium,email,4.0,resolved
2534,2847,2024-11-02 08:10:32.484728887,2024-11-02 23:05:49.531646380,account,medium,in_app_chat,5.0,resolved
6199,6925,2024-11-02 08:20:43.483629001,2024-11-05 13:06:17.136058157,card,low,in_app_chat,4.0,resolved
1191,1312,2024-11-02 09:34:34.202481637,,billing,medium,in_app_chat,,closed_unresolved
2070,2277,2024-11-02 10:06:32.150809186,2024-11-02 22:10:39.137865075,kyc,high,email,4.0,resolved
591,664,2024-11-02 12:31:45.314197547,,kyc,high,phone,,open
2946,3319,2024-11-02 12:43:14.404818020,2024-11-02 19:29:35.935678577,account,medium,email,4.0,resolved
2571,2892,2024-11-02 14:56:21.336501131,2024-11-02 23:38:24.280190617,card,medium,in_app_chat,,resolved
3784,4227,2024-11-02 21:12:33.828798637,2024-11-03 13:06:09.216824343,billing,medium,in_app_chat,4.0,resolved
4825,5378,2024-11-02 21:38:53.355917592,2024-11-03 00:52:22.665414807,kyc,high,email,,resolved
3734,4181,2024-11-02 23:20:25.943078353,2024-11-03 05:02:11.394740288,billing,medium,email,4.0,resolved
5373,5981,2024-11-02 23:26:30.314732130,2024-11-04 06:52:12.864774141,billing,low,in_app_chat,4.0,resolved
1274,1392,2024-11-03 11:32:13.453154891,2024-11-04 19:14:04.385425823,account,medium,in_app_chat,4.0,resolved
4543,5044,2024-11-03 14:37:59.580003446,2024-11-05 08:06:52.976494216,account,low,in_app_chat,2.0,resolved
2288,2541,2024-11-03 15:58:12.545520107,2024-11-06 05:52:44.599185062,account,medium,in_app_chat,5.0,resolved
1309,1426,2024-11-03 16:23:23.075859477,2024-11-04 05:47:18.067208572,account,medium,in_app_chat,4.0,resolved
826,906,2024-11-04 07:25:34.873519500,2024-11-04 09:47:24.661421806,fraud,urgent,in_app_chat,4.0,resolved
2053,2262,2024-11-04 07:38:32.779932002,2024-11-04 15:01:25.423817982,app,urgent,email,3.0,resolved
891,973,2024-11-04 08:09:16.902715328,2024-11-07 09:27:02.677535219,billing,low,in_app_chat,4.0,resolved
7060,7856,2024-11-04 08:23:39.007927783,,billing,medium,phone,,open
4054,4512,2024-11-04 12:54:14.131829047,2024-11-04 21:46:52.639317298,card,high,in_app_chat,,resolved
4456,4952,2024-11-04 13:00:36.868502672,2024-11-07 12:21:10.523783250,billing,low,email,4.0,resolved
670,742,2024-11-04 13:43:22.061235973,,fraud,urgent,email,,closed_unresolved
3117,3487,2024-11-04 13:58:14.567748752,,app,medium,in_app_chat,,closed_unresolved
284,312,2024-11-04 14:45:22.302613946,2024-11-09 14:28:36.201407435,card,low,in_app_chat,4.0,resolved
6638,7418,2024-11-04 15:03:58.972791360,2024-11-07 19:07:32.554598996,app,low,in_app_chat,4.0,resolved
3134,3510,2024-11-04 15:30:38.105092402,2024-11-05 08:39:19.694840743,kyc,medium,email,,resolved
5872,6543,2024-11-04 17:00:01.621768553,,fraud,urgent,in_app_chat,,open
4922,5488,2024-11-04 18:28:56.417042138,2024-11-05 05:27:36.258410626,kyc,medium,phone,,resolved
6419,7195,2024-11-04 23:09:34.645916096,2024-11-06 00:25:39.789332274,card,low,phone,,resolved
3650,4086,2024-11-05 00:34:56.330535982,2024-11-07 22:37:31.166130938,kyc,medium,phone,5.0,resolved
4559,5059,2024-11-05 09:48:15.202684192,2024-11-05 11:19:06.775201254,fraud,urgent,in_app_chat,3.0,resolved
3027,3394,2024-11-05 11:24:12.208327145,2024-11-06 02:33:18.483090111,kyc,medium,email,4.0,resolved
6522,7316,2024-11-05 11:44:03.451961751,2024-11-06 01:24:53.759404420,kyc,medium,in_app_chat,3.0,resolved
1236,1359,2024-11-05 12:02:08.437819257,2024-11-07 15:28:56.950680478,billing,medium,in_app_chat,4.0,resolved
6298,7049,2024-11-05 12:34:08.905855339,,card,low,in_app_chat,,open
2998,3363,2024-11-05 14:21:59.521084176,2024-11-06 21:08:01.309572486,billing,medium,in_app_chat,,resolved
3002,3368,2024-11-05 19:27:10.608841195,2024-11-06 08:20:37.861906541,billing,medium,in_app_chat,4.0,resolved
1791,1962,2024-11-05 20:01:41.387883899,2024-11-09 07:37:57.487197766,billing,low,in_app_chat,2.0,resolved
5457,6076,2024-11-05 20:54:38.458632968,2024-11-07 04:44:07.685552584,card,medium,in_app_chat,,resolved
1361,1479,2024-11-05 22:24:51.994607466,2024-11-06 22:57:52.219797114,app,medium,email,,resolved
6122,6832,2024-11-05 23:33:00.041534881,2024-11-07 21:35:31.888427031,app,low,in_app_chat,3.0,resolved
1015,1123,2024-11-06 03:28:02.544340762,2024-11-06 12:46:22.767668567,account,medium,email,5.0,resolved
2388,2663,2024-11-06 04:08:48.502815748,2024-11-07 00:28:34.245005526,account,low,in_app_chat,5.0,resolved
5322,5906,2024-11-06 08:13:33.150208062,2024-11-06 21:29:14.674234347,card,medium,email,4.0,resolved
2757,3086,2024-11-06 08:34:40.345288475,2024-11-07 07:15:08.920881457,billing,medium,in_app_chat,4.0,resolved
4853,5423,2024-11-06 08:54:46.438536026,2024-11-07 18:21:40.058550009,account,low,email,3.0,resolved
2498,2807,2024-11-06 10:27:02.156207302,2024-11-07 03:53:27.057089402,kyc,high,in_app_chat,4.0,resolved
5607,6254,2024-11-06 13:35:20.750494600,2024-11-06 16:44:26.797809527,app,medium,email,3.0,resolved
5716,6365,2024-11-06 15:38:26.356496619,2024-11-08 01:53:52.703447446,billing,low,email,,resolved
3089,3454,2024-11-06 16:00:01.854036659,2024-11-08 21:10:49.329745039,account,low,in_app_chat,,resolved
3213,3596,2024-11-06 19:04:40.012553366,2024-11-06 20:33:19.398061194,account,urgent,email,5.0,resolved
4948,5523,2024-11-06 19:45:16.327913163,,app,low,email,,open
1789,1958,2024-11-06 20:54:34.787670062,2024-11-07 09:41:23.107228043,account,medium,email,,resolved
2897,3262,2024-11-06 21:04:06.701205627,2024-11-06 23:48:28.469119709,account,urgent,in_app_chat,,resolved
6707,7487,2024-11-06 22:05:06.114976200,2024-11-08 08:40:35.603006902,billing,low,in_app_chat,4.0,resolved
107,116,2024-11-06 22:08:19.711792124,2024-11-07 09:55:28.803490851,billing,medium,email,4.0,resolved
1581,1743,2024-11-07 01:54:30.483485052,2024-11-07 10:41:49.784625346,card,medium,email,,resolved
1096,1205,2024-11-07 02:09:07.830286084,2024-11-09 20:18:01.714281263,billing,low,in_app_chat,,resolved
4443,4940,2024-11-07 06:37:48.896952666,2024-11-09 02:49:15.992676538,card,medium,email,,resolved
4689,5207,2024-11-07 07:39:22.639344082,,app,low,email,,closed_unresolved
6310,7064,2024-11-07 13:00:18.636126246,2024-11-09 03:02:35.049525619,app,medium,in_app_chat,4.0,resolved
6182,6906,2024-11-07 13:53:25.122938657,2024-11-07 19:18:41.197593372,card,high,in_app_chat,5.0,resolved
3607,4036,2024-11-07 17:07:10.592201706,2024-11-08 06:03:15.105746848,kyc,medium,in_app_chat,5.0,resolved
4035,4491,2024-11-07 19:12:59.328666889,2024-11-10 01:35:14.858854619,card,medium,email,2.0,resolved
1231,1354,2024-11-07 21:58:13.149038951,2024-11-09 21:39:33.110128470,billing,low,email,2.0,resolved
7145,7948,2024-11-07 22:22:45.514207130,2024-11-08 13:50:49.142624253,kyc,medium,in_app_chat,4.0,resolved
3808,4248,2024-11-07 22:35:20.154415660,2024-11-08 04:17:52.857157321,kyc,high,in_app_chat,4.0,resolved
555,611,2024-11-07 23:19:08.603514690,2024-11-08 16:28:02.522751219,kyc,high,email,,resolved
3718,4160,2024-11-07 23:32:37.501737060,2024-11-12 06:41:07.227371161,kyc,low,in_app_chat,4.0,resolved
561,624,2024-11-08 06:27:53.072832864,,billing,low,email,,open
3904,4359,2024-11-08 09:16:43.845242689,2024-11-08 15:10:18.946004710,card,medium,phone,,resolved
1421,1555,2024-11-08 11:18:34.939484055,2024-11-09 16:29:02.288705976,account,medium,email,3.0,resolved
3767,4216,2024-11-08 17:22:49.848262331,2024-11-09 08:05:13.489984557,kyc,medium,in_app_chat,4.0,resolved
5283,5853,2024-11-08 17:49:28.147590217,2024-11-10 07:55:49.355233103,card,medium,in_app_chat,3.0,resolved
4393,4880,2024-11-08 20:30:37.920810522,2024-11-09 10:39:55.521758542,card,medium,in_app_chat,4.0,resolved
5981,6668,2024-11-08 20:37:19.452597346,2024-11-08 22:05:01.966109965,card,urgent,phone,,resolved
143,167,2024-11-08 21:56:51.456218657,2024-11-09 04:47:00.625513526,fraud,high,in_app_chat,,resolved
6056,6755,2024-11-09 02:03:34.072713826,2024-11-09 16:31:29.709262914,fraud,medium,in_app_chat,3.0,resolved
3071,3432,2024-11-09 02:53:31.711836451,2024-11-09 09:53:01.251488903,kyc,high,in_app_chat,,resolved
5303,5875,2024-11-09 04:35:30.963470795,2024-11-09 23:31:48.704933571,account,low,email,3.0,resolved
311,330,2024-11-09 06:18:59.154901793,2024-11-12 19:49:04.380973506,account,low,in_app_chat,,resolved
5372,5979,2024-11-09 07:07:40.660618033,2024-11-09 09:31:32.205769996,billing,urgent,in_app_chat,,resolved
5386,5992,2024-11-09 11:25:11.250504785,2024-11-10 20:06:45.144524529,app,low,email,,resolved
380,426,2024-11-09 12:39:17.265999343,,card,medium,phone,,open
6779,7563,2024-11-09 13:59:35.833816386,2024-11-10 06:13:22.762055018,card,medium,in_app_chat,3.0,resolved
3368,3779,2024-11-09 16:36:30.988833408,2024-11-10 04:31:49.762352013,card,low,in_app_chat,4.0,resolved
5343,5943,2024-11-09 20:42:09.100983320,2024-11-11 01:49:31.384007192,kyc,low,email,3.0,resolved
1222,1346,2024-11-10 01:07:27.761282826,2024-11-10 10:43:35.668016325,account,high,in_app_chat,4.0,resolved
1989,2191,2024-11-10 02:07:58.288531189,2024-11-10 15:09:52.245832011,app,medium,email,3.0,resolved
5309,5883,2024-11-10 02:59:43.002959844,,app,high,phone,,closed_unresolved
892,973,2024-11-10 03:28:53.933410107,2024-11-10 10:34:08.437022937,app,low,email,3.0,resolved
4519,5019,2024-11-10 07:31:36.250761665,,fraud,high,email,,closed_unresolved
7037,7829,2024-11-10 08:11:13.812940158,2024-11-10 22:45:18.428228179,app,low,in_app_chat,5.0,resolved
6486,7275,2024-11-10 10:40:42.897319101,,kyc,medium,in_app_chat,,open
2201,2421,2024-11-10 15:15:57.236504604,2024-11-10 20:10:49.502164395,fraud,high,phone,4.0,resolved
3364,3776,2024-11-10 15:18:21.947917654,2024-11-12 22:39:42.365183327,billing,low,in_app_chat,3.0,resolved
3258,3655,2024-11-10 15:47:23.853091464,2024-11-11 00:46:54.933183081,account,medium,email,,resolved
6857,7639,2024-11-10 16:55:15.286549658,2024-11-10 18:57:47.108577789,kyc,urgent,in_app_chat,4.0,resolved
30,25,2024-11-11 01:33:28.031797359,2024-11-12 07:41:06.387059830,billing,medium,in_app_chat,,resolved
6935,7713,2024-11-11 03:42:55.962637908,,app,high,email,,closed_unresolved
354,388,2024-11-11 04:53:28.907570353,2024-11-11 11:06:15.338579950,card,high,in_app_chat,5.0,resolved
1307,1422,2024-11-11 05:09:10.092366708,2024-11-12 06:43:05.079348370,card,medium,in_app_chat,4.0,resolved
1299,1415,2024-11-11 06:03:39.237606028,2024-11-13 07:25:40.798609430,billing,low,phone,3.0,resolved
3068,3431,2024-11-11 06:17:55.651120005,2024-11-11 18:57:58.697766155,billing,medium,phone,5.0,resolved
3485,3908,2024-11-11 07:41:00.901251499,2024-11-11 10:24:58.589658709,fraud,urgent,email,,resolved
5658,6300,2024-11-11 09:19:23.908184480,2024-11-12 02:21:51.576692436,billing,medium,email,4.0,resolved
6108,6816,2024-11-11 10:56:41.311400893,2024-11-12 16:54:03.639826387,account,low,in_app_chat,,resolved
2910,3275,2024-11-11 13:05:56.920476151,2024-11-12 05:09:24.553273466,card,low,in_app_chat,,resolved
5502,6134,2024-11-11 17:00:37.349688899,2024-11-11 21:33:08.260851211,kyc,high,in_app_chat,,resolved
608,680,2024-11-11 17:19:16.532983260,2024-11-12 12:52:39.815423650,account,medium,email,,resolved
60,63,2024-11-12 03:41:45.179936151,2024-11-12 19:55:40.750562566,account,medium,in_app_chat,4.0,resolved
5999,6692,2024-11-12 05:25:48.912710496,,card,medium,in_app_chat,,open
3469,3887,2024-11-12 07:22:55.110485665,2024-11-12 08:27:55.282604943,app,urgent,email,4.0,resolved
6837,7616,2024-11-12 07:32:03.469775513,2024-11-12 18:31:21.992851184,app,medium,email,4.0,resolved
4343,4841,2024-11-12 07:55:30.450696818,2024-11-14 10:32:31.265425167,card,low,phone,,resolved
6724,7501,2024-11-12 08:05:18.754403087,2024-11-13 21:21:16.767575443,billing,medium,phone,3.0,resolved
3372,3780,2024-11-12 09:12:23.471810697,2024-11-13 05:15:45.473327142,card,medium,in_app_chat,3.0,resolved
5011,5580,2024-11-12 09:39:29.978973328,,billing,medium,email,,open
4489,4991,2024-11-12 09:58:03.197956206,2024-11-12 13:12:34.740035460,account,high,in_app_chat,5.0,resolved
4697,5214,2024-11-12 11:36:23.279686102,2024-11-13 07:38:23.875422506,card,medium,in_app_chat,,resolved
5740,6394,2024-11-12 12:01:59.185423392,2024-11-14 04:50:34.098441620,billing,low,in_app_chat,3.0,resolved
5182,5750,2024-11-12 15:29:35.934579574,2024-11-14 23:25:44.512923542,account,low,email,3.0,resolved
4830,5389,2024-11-12 16:27:11.917267692,2024-11-14 21:35:17.599090825,kyc,medium,phone,4.0,resolved
5138,5707,2024-11-12 17:13:01.249218425,2024-11-12 23:50:13.461651822,kyc,high,in_app_chat,,resolved
706,781,2024-11-12 21:42:15.897996708,2024-11-13 04:21:35.389812418,fraud,urgent,in_app_chat,3.0,resolved
5114,5676,2024-11-12 23:30:38.323735781,2024-11-16 07:04:02.851975143,card,low,email,,resolved
1240,1363,2024-11-12 23:50:47.381479333,2024-11-13 02:10:45.752792866,billing,urgent,in_app_chat,,resolved
1697,1856,2024-11-13 01:38:11.918702037,2024-11-13 09:33:39.196958861,account,medium,in_app_chat,4.0,resolved
3198,3584,2024-11-13 02:13:57.243708166,2024-11-13 11:38:26.389027225,billing,medium,in_app_chat,3.0,resolved
2738,3062,2024-11-13 02:22:03.992713135,2024-11-13 03:28:17.527687271,app,urgent,in_app_chat,,resolved
3026,3393,2024-11-13 03:43:04.363010705,2024-11-13 09:28:41.725818219,app,high,in_app_chat,4.0,resolved
2994,3359,2024-11-13 04:57:10.532996092,2024-11-13 16:00:58.620803395,card,medium,email,5.0,resolved
2242,2484,2024-11-13 05:24:31.957677472,2024-11-14 14:39:03.816493056,kyc,medium,in_app_chat,4.0,resolved
6979,7763,2024-11-13 05:58:16.316463103,2024-11-13 08:43:24.229840694,fraud,high,phone,,resolved
939,1025,2024-11-13 09:01:45.342868716,,card,medium,in_app_chat,,open
7147,7948,2024-11-13 09:10:19.350771407,,fraud,urgent,in_app_chat,,closed_unresolved
6232,6970,2024-11-13 10:06:17.132727983,2024-11-13 17:26:56.954247059,card,high,in_app_chat,3.0,resolved
3280,3674,2024-11-13 10:33:55.666169271,,account,urgent,phone,,open
5588,6226,2024-11-13 12:33:58.959257808,2024-11-15 01:46:36.581226579,account,medium,email,4.0,resolved
566,628,2024-11-13 12:34:19.062550332,2024-11-13 15:58:41.770990371,fraud,high,in_app_chat,5.0,resolved
3224,3613,2024-11-13 13:23:26.938495815,,app,low,in_app_chat,,closed_unresolved
1735,1896,2024-11-13 15:20:08.562268029,2024-11-14 23:00:05.714673869,kyc,medium,in_app_chat,4.0,resolved
6350,7111,2024-11-13 20:33:17.976250192,2024-11-13 23:17:52.187413992,fraud,urgent,in_app_chat,5.0,resolved
3907,4359,2024-11-13 20:38:21.217894909,2024-11-14 06:33:33.259218445,kyc,high,email,5.0,resolved
5587,6226,2024-11-13 22:42:25.675950418,,fraud,urgent,in_app_chat,,open
5188,5755,2024-11-14 00:22:35.727242134,2024-11-14 02:59:47.188127492,billing,urgent,in_app_chat,5.0,resolved
1919,2125,2024-11-14 05:37:24.823245383,2024-11-14 18:24:29.507381663,kyc,high,in_app_chat,5.0,resolved
5944,6633,2024-11-14 08:06:56.677078676,2024-11-15 10:45:56.662123055,card,medium,in_app_chat,,resolved
6276,7016,2024-11-14 14:08:26.846343096,2024-11-14 22:24:06.013589133,kyc,high,email,4.0,resolved
4243,4729,2024-11-14 15:42:52.510341902,2024-11-15 22:40:23.182582529,card,medium,in_app_chat,,resolved
6682,7466,2024-11-14 16:06:11.462398185,2024-11-15 12:14:20.782578904,card,medium,in_app_chat,,resolved
328,348,2024-11-14 17:00:57.186217284,2024-11-14 23:39:41.696556640,fraud,high,in_app_chat,5.0,resolved
2839,3178,2024-11-14 17:46:09.537674246,2024-11-16 10:12:30.328123546,card,medium,phone,5.0,resolved
2556,2877,2024-11-14 19:28:39.699746169,2024-11-19 04:19:49.898212074,app,low,in_app_chat,5.0,resolved
4869,5437,2024-11-14 22:12:33.341960448,2024-11-16 03:38:35.839047634,billing,low,in_app_chat,3.0,resolved
4839,5406,2024-11-15 03:31:05.776438607,,account,medium,email,,open
995,1089,2024-11-15 04:50:49.211885448,2024-11-15 18:18:19.796658553,billing,low,in_app_chat,4.0,resolved
1788,1957,2024-11-15 05:58:55.186202274,,billing,medium,phone,,closed_unresolved
5925,6612,2024-11-15 08:13:59.729793888,2024-11-16 01:42:27.689618757,billing,medium,phone,5.0,resolved
5724,6377,2024-11-15 08:41:36.367400515,2024-11-15 21:55:29.270154910,kyc,medium,in_app_chat,,resolved
6530,7326,2024-11-15 12:05:50.481509539,2024-11-16 17:48:53.275129225,card,medium,email,,resolved
1288,1404,2024-11-15 12:42:17.549858280,2024-11-16 01:25:59.514955342,card,high,in_app_chat,,resolved
3049,3415,2024-11-15 13:19:06.657586593,2024-11-16 23:07:54.524042979,billing,medium,email,5.0,resolved
4227,4712,2024-11-15 13:31:27.595820340,2024-11-16 00:37:06.546493576,account,high,in_app_chat,4.0,resolved
6426,7200,2024-11-15 14:47:57.615085924,2024-11-19 04:58:13.940132843,account,low,in_app_chat,,resolved
6097,6805,2024-11-15 15:10:26.641069020,2024-11-16 00:39:07.011108783,app,medium,in_app_chat,,resolved
2469,2775,2024-11-15 18:10:01.484464031,,card,low,email,,closed_unresolved
1564,1723,2024-11-15 18:20:05.541193930,2024-11-16 10:28:18.814210660,billing,medium,phone,,resolved
2607,2939,2024-11-15 20:46:35.104019796,2024-11-17 02:37:44.899246670,app,low,in_app_chat,,resolved
511,567,2024-11-15 22:21:14.810372303,2024-11-16 02:49:03.722110163,fraud,urgent,in_app_chat,4.0,resolved
3578,4014,2024-11-15 22:59:18.850021272,2024-11-16 05:18:05.359907690,billing,high,in_app_chat,4.0,resolved
3617,4045,2024-11-15 23:30:42.377032287,2024-11-17 08:49:50.563615020,app,low,in_app_chat,,resolved
334,357,2024-11-16 02:24:45.778260732,2024-11-17 05:49:46.884086154,kyc,medium,in_app_chat,4.0,resolved
952,1036,2024-11-16 02:59:37.021984851,2024-11-16 09:55:13.989883836,card,high,email,5.0,resolved
4268,4754,2024-11-16 08:18:18.391020932,2024-11-17 05:12:13.266695291,card,medium,in_app_chat,,resolved
2647,2983,2024-11-16 09:07:49.848680326,2024-11-16 19:54:16.866314488,account,high,email,4.0,resolved
3283,3679,2024-11-16 11:22:59.496325095,2024-11-17 01:47:40.231236438,billing,medium,email,,resolved
5261,5825,2024-11-16 14:10:17.416447089,2024-11-18 14:05:38.230554508,app,low,in_app_chat,5.0,resolved
3081,3447,2024-11-16 18:13:54.918705224,2024-11-18 01:21:14.288360631,app,medium,in_app_chat,,resolved
1743,1906,2024-11-16 23:43:04.528959700,2024-11-18 09:32:55.762997236,kyc,medium,email,,resolved
375,416,2024-11-17 01:48:48.292752467,,billing,medium,in_app_chat,,closed_unresolved
4131,4613,2024-11-17 03:16:46.607736466,2024-11-17 08:40:45.369218630,app,urgent,email,5.0,resolved
584,649,2024-11-17 04:05:48.174870995,,app,low,phone,,closed_unresolved
2878,3228,2024-11-17 04:23:34.451115843,2024-11-17 19:07:52.209856776,card,medium,in_app_chat,5.0,resolved
4368,4863,2024-11-17 06:09:10.889349160,2024-11-17 11:54:36.859193896,account,high,in_app_chat,,resolved
1155,1276,2024-11-17 06:45:13.552670761,,app,medium,in_app_chat,,closed_unresolved
6767,7545,2024-11-17 07:25:59.290865932,2024-11-17 18:00:08.144529331,billing,medium,in_app_chat,4.0,resolved
6216,6941,2024-11-17 07:49:13.201610329,2024-11-17 11:02:31.685755477,kyc,high,email,,resolved
4884,5452,2024-11-17 08:50:23.901688616,,app,medium,in_app_chat,,closed_unresolved
2355,2623,2024-11-17 11:01:43.662871361,2024-11-18 03:25:47.663987256,billing,high,email,5.0,resolved
176,200,2024-11-17 11:37:44.318651448,,account,low,in_app_chat,,open
3426,3838,2024-11-17 12:30:31.676191885,2024-11-18 00:10:24.328774535,card,medium,in_app_chat,4.0,resolved
1971,2176,2024-11-17 12:57:26.353255518,2024-11-19 13:58:51.363590527,app,low,email,,resolved
3121,3493,2024-11-17 16:18:59.504616362,2024-11-18 03:26:38.572612996,billing,high,phone,5.0,resolved
5721,6373,2024-11-17 19:11:17.208477366,2024-11-17 20:41:08.929378518,fraud,urgent,phone,,resolved
1779,1950,2024-11-17 19:34:42.157809220,2024-11-22 15:14:03.331776511,billing,low,in_app_chat,,resolved
1624,1792,2024-11-17 21:23:24.872707219,2024-11-18 03:12:08.145631493,card,high,phone,4.0,resolved
4936,5506,2024-11-18 01:02:04.524301409,2024-11-18 05:22:56.577271111,billing,high,in_app_chat,3.0,resolved
4401,4886,2024-11-18 02:11:25.801722450,2024-11-18 04:47:20.786405788,kyc,high,in_app_chat,5.0,resolved
6882,7659,2024-11-18 03:43:58.433363771,2024-11-18 09:20:34.318537411,fraud,high,in_app_chat,,resolved
985,1077,2024-11-18 07:13:15.725194420,2024-11-18 09:51:05.157299087,fraud,high,in_app_chat,,resolved
6475,7264,2024-11-18 12:01:52.926936697,2024-11-18 13:55:10.442594715,kyc,urgent,email,,resolved
4198,4679,2024-11-18 13:29:53.788368336,2024-11-21 10:23:01.437973555,billing,low,in_app_chat,,resolved
2255,2501,2024-11-18 15:49:31.906175324,2024-11-18 19:28:51.289383347,card,urgent,in_app_chat,,resolved
4181,4656,2024-11-18 16:27:01.222598986,2024-11-18 19:09:41.382153516,fraud,urgent,in_app_chat,4.0,resolved
830,908,2024-11-18 19:47:21.599703470,2024-11-20 09:53:24.163648011,account,medium,in_app_chat,3.0,resolved
5720,6369,2024-11-19 02:26:07.954613329,2024-11-19 12:29:36.406558204,account,medium,in_app_chat,,resolved
2184,2403,2024-11-19 07:42:59.027783941,2024-11-20 08:00:54.700761323,billing,medium,in_app_chat,4.0,resolved
2301,2559,2024-11-19 09:31:06.116430115,2024-11-20 00:23:19.751758223,kyc,medium,in_app_chat,3.0,resolved
1440,1573,2024-11-19 11:57:27.465563767,2024-11-20 11:11:52.406392857,kyc,medium,in_app_chat,,resolved
5941,6631,2024-11-19 14:57:32.452988397,2024-11-21 16:39:29.078319510,kyc,low,email,3.0,resolved
6692,7474,2024-11-19 21:00:23.293501162,2024-11-19 22:38:41.602352886,account,urgent,email,,resolved
2564,2884,2024-11-19 21:57:51.264640330,2024-11-21 04:46:47.551756873,fraud,medium,in_app_chat,,resolved
6054,6754,2024-11-20 01:00:35.838568008,2024-11-21 07:13:04.809639302,app,medium,email,,resolved
874,955,2024-11-20 01:31:13.663189240,2024-11-20 23:50:28.049060900,app,medium,email,5.0,resolved
4173,4650,2024-11-20 02:29:22.293172726,2024-11-21 23:34:47.510289670,app,low,in_app_chat,,resolved
4438,4934,2024-11-20 03:49:08.530053565,2024-11-20 18:45:59.947152160,account,medium,in_app_chat,,resolved
1776,1949,2024-11-20 03:50:03.885587917,2024-11-20 05:55:51.149485186,billing,high,email,,resolved
4156,4638,2024-11-20 05:57:17.014745021,2024-11-21 01:15:20.612175038,account,medium,in_app_chat,4.0,resolved
5946,6636,2024-11-20 06:33:10.530098231,2024-11-22 02:50:55.775610392,billing,low,in_app_chat,,resolved
2024,2234,2024-11-20 13:58:44.832169505,,billing,medium,email,,closed_unresolved
3900,4356,2024-11-20 14:54:23.412808638,2024-11-22 12:01:31.091711602,card,low,in_app_chat,4.0,resolved
3268,3664,2024-11-20 15:40:21.181303295,2024-11-21 22:16:28.921171769,billing,high,email,,resolved
768,849,2024-11-20 18:14:42.497170800,2024-11-20 20:19:00.981612775,fraud,high,email,4.0,resolved
2253,2500,2024-11-20 18:46:12.493868358,2024-11-21 13:13:33.211688404,app,medium,phone,3.0,resolved
3899,4355,2024-11-20 20:00:34.707537120,2024-11-21 08:24:45.585789837,kyc,medium,phone,5.0,resolved
2325,2586,2024-11-20 21:30:35.955020073,2024-11-24 01:14:03.592145115,billing,low,in_app_chat,,resolved
4220,4706,2024-11-20 22:16:47.045896979,2024-11-21 07:54:45.597183347,app,medium,in_app_chat,3.0,resolved
4908,5473,2024-11-20 23:34:24.111507552,,app,medium,email,,open
3855,4306,2024-11-21 00:33:15.549084443,2024-11-21 20:42:50.452584635,card,medium,in_app_chat,4.0,resolved
4096,4566,2024-11-21 00:57:56.814675995,2024-11-23 13:38:34.312405333,app,low,in_app_chat,,resolved
6184,6907,2024-11-21 01:16:23.699571340,2024-11-21 02:54:31.314091315,fraud,urgent,email,5.0,resolved
6914,7693,2024-11-21 03:46:54.036693255,2024-11-21 12:35:53.742632803,app,medium,phone,5.0,resolved
2316,2576,2024-11-21 06:37:16.651988325,,billing,low,phone,,open
318,338,2024-11-21 10:54:38.302612174,,kyc,medium,email,,open
3186,3570,2024-11-21 11:48:06.057359256,2024-11-21 20:13:27.493091649,billing,high,in_app_chat,4.0,resolved
5317,5899,2024-11-21 15:30:03.707398906,2024-11-21 20:55:33.827997505,kyc,medium,email,5.0,resolved
344,368,2024-11-21 15:48:41.249246558,2024-11-21 19:30:26.833173846,fraud,high,in_app_chat,4.0,resolved
6749,7526,2024-11-21 17:14:47.097862088,,card,high,in_app_chat,,closed_unresolved
5056,5621,2024-11-22 01:09:41.309778084,2024-11-23 13:57:20.197429245,billing,medium,in_app_chat,4.0,resolved
4745,5286,2024-11-22 02:06:08.670060123,2024-11-25 18:14:19.941616806,card,low,in_app_chat,,resolved
1167,1287,2024-11-22 02:38:58.378959254,2024-11-22 12:20:07.839315210,fraud,medium,in_app_chat,4.0,resolved
6118,6827,2024-11-22 05:27:45.487585166,2024-11-22 11:16:53.540350949,account,medium,in_app_chat,4.0,resolved
6679,7464,2024-11-22 06:25:01.105306101,,kyc,high,in_app_chat,,open
629,704,2024-11-22 08:20:05.894466541,2024-11-26 21:10:32.875467327,billing,low,email,4.0,resolved
6049,6751,2024-11-22 10:27:33.189407945,2024-11-23 05:20:19.649998592,card,medium,in_app_chat,4.0,resolved
5571,6212,2024-11-22 11:05:07.829730245,2024-11-23 19:18:05.822090781,billing,medium,in_app_chat,4.0,resolved
5183,5753,2024-11-22 12:06:15.040605288,2024-11-22 18:36:16.036490531,card,high,in_app_chat,,resolved
5133,5700,2024-11-22 13:49:33.076319272,2024-11-27 01:34:51.397387136,account,low,in_app_chat,,resolved
611,687,2024-11-22 14:08:14.288181331,2024-11-22 16:05:31.771815208,card,medium,in_app_chat,4.0,resolved
4608,5104,2024-11-22 15:27:52.535366769,,kyc,low,email,,closed_unresolved
5287,5862,2024-11-22 19:05:35.797870582,2024-11-23 03:24:01.487940281,billing,medium,email,3.0,resolved
1414,1547,2024-11-22 20:57:23.844832672,2024-11-23 10:54:30.233710757,kyc,medium,phone,4.0,resolved
1958,2164,2024-11-22 21:09:15.673909034,2024-11-22 21:48:43.039695706,fraud,urgent,phone,4.0,resolved
2061,2268,2024-11-22 23:38:17.621695046,2024-11-23 15:05:43.431511404,kyc,medium,in_app_chat,4.0,resolved
5279,5850,2024-11-22 23:52:12.646419715,,account,high,in_app_chat,,closed_unresolved
6006,6696,2024-11-23 01:50:33.569688678,2024-11-23 02:59:47.575578994,card,high,in_app_chat,,resolved
2462,2759,2024-11-23 04:12:18.243571040,2024-11-24 10:12:07.795709280,account,medium,in_app_chat,,resolved
1778,1950,2024-11-23 04:20:07.594179930,2024-11-24 15:34:32.951313776,account,low,phone,2.0,resolved
5180,5748,2024-11-23 05:02:26.642038551,,card,high,in_app_chat,,open
3887,4341,2024-11-23 05:54:46.829459877,2024-11-24 00:42:06.996525667,card,medium,in_app_chat,5.0,resolved
4027,4484,2024-11-23 07:47:33.852645208,2024-11-23 18:19:39.961099546,app,medium,email,4.0,resolved
5882,6556,2024-11-23 09:31:50.881033208,2024-11-24 04:15:45.034545568,billing,medium,email,,resolved
1497,1639,2024-11-23 10:04:29.107163691,2024-11-24 03:11:08.138727993,billing,low,phone,3.0,resolved
2224,2458,2024-11-23 10:38:18.431889797,2024-11-25 18:33:09.559676373,app,low,in_app_chat,5.0,resolved
6326,7079,2024-11-23 10:53:10.762317018,2024-11-25 09:52:22.058684149,billing,low,email,,resolved
3214,3600,2024-11-23 10:59:55.224268249,,kyc,high,in_app_chat,,closed_unresolved
3032,3402,2024-11-23 12:07:12.537742765,,card,medium,email,,closed_unresolved
253,277,2024-11-23 12:16:25.476970814,2024-11-24 03:37:09.564588580,kyc,high,in_app_chat,,resolved
5728,6382,2024-11-23 14:27:12.454348809,2024-11-28 01:31:39.119308207,kyc,low,in_app_chat,3.0,resolved
2889,3254,2024-11-23 15:39:32.191211131,2024-11-25 04:45:56.907072853,account,low,in_app_chat,,resolved
5655,6299,2024-11-23 15:55:03.467137232,2024-11-23 21:16:12.787666212,account,medium,in_app_chat,4.0,resolved
5901,6579,2024-11-23 17:32:51.908105883,2024-11-24 07:36:39.977100450,card,medium,in_app_chat,,resolved
1153,1275,2024-11-23 18:05:54.218407335,2024-11-26 05:41:40.813325374,account,low,email,,resolved
1680,1838,2024-11-23 20:02:46.440460233,2024-11-24 14:58:36.806281366,kyc,high,in_app_chat,3.0,resolved
357,392,2024-11-23 20:33:50.874195096,,card,high,in_app_chat,,closed_unresolved
2624,2960,2024-11-24 02:10:59.835539084,2024-11-24 14:52:21.127024954,account,medium,in_app_chat,,resolved
4796,5341,2024-11-24 03:44:31.001719891,2024-11-24 09:57:23.129082957,card,high,email,,resolved
1777,1949,2024-11-24 05:13:48.783175844,2024-11-24 22:35:15.979785549,kyc,medium,in_app_chat,4.0,resolved
6897,7679,2024-11-24 05:35:05.768297695,2024-11-24 15:45:36.821592153,app,medium,email,,resolved
268,295,2024-11-24 06:53:34.065844336,,account,low,email,,open
4081,4540,2024-11-24 07:47:53.121525524,2024-11-24 18:16:23.229530099,kyc,medium,in_app_chat,,resolved
4350,4846,2024-11-24 09:53:55.821893553,2024-11-25 22:04:18.469363043,billing,medium,email,4.0,resolved
7091,7894,2024-11-24 10:53:46.657896702,2024-11-26 07:44:48.579695358,card,low,in_app_chat,,resolved
28,24,2024-11-24 17:18:08.057707888,2024-11-24 19:13:29.765935294,card,urgent,email,4.0,resolved
1465,1603,2024-11-24 21:37:52.424031717,2024-11-25 02:15:24.623619685,kyc,high,in_app_chat,5.0,resolved
2360,2631,2024-11-25 00:32:20.168689372,2024-11-25 02:05:18.343684056,card,urgent,email,,resolved
637,709,2024-11-25 06:42:34.615547729,,app,medium,phone,,closed_unresolved
7075,7876,2024-11-25 07:59:32.583153312,2024-11-25 13:12:15.131283466,account,high,in_app_chat,4.0,resolved
1711,1869,2024-11-25 09:05:58.990638811,2024-11-26 12:41:49.871301086,billing,medium,in_app_chat,4.0,resolved
1547,1703,2024-11-25 12:26:54.301299527,2024-11-25 15:05:56.450271024,billing,urgent,in_app_chat,4.0,resolved
435,480,2024-11-25 13:26:02.143887227,2024-11-25 19:14:47.191036992,fraud,urgent,in_app_chat,5.0,resolved
790,875,2024-11-25 13:51:07.809987467,,account,low,in_app_chat,,open
663,737,2024-11-25 17:45:38.716734176,2024-11-26 01:00:44.302321444,app,medium,in_app_chat,3.0,resolved
2132,2350,2024-11-25 18:19:08.101653165,,kyc,high,in_app_chat,,closed_unresolved
1987,2191,2024-11-25 18:39:08.110274469,2024-11-26 00:11:48.657237839,app,high,in_app_chat,,resolved
4841,5409,2024-11-25 22:03:33.085432333,2024-11-25 23:34:38.407840288,fraud,urgent,email,5.0,resolved
1297,1412,2024-11-25 23:32:28.552216508,2024-11-28 07:28:49.330615355,account,low,phone,3.0,resolved
1478,1614,2024-11-25 23:49:25.303925032,2024-11-28 15:45:00.018515088,account,low,in_app_chat,3.0,resolved
4979,5554,2024-11-26 00:51:54.804125908,2024-11-26 07:24:44.800947406,billing,high,phone,5.0,resolved
3989,4445,2024-11-26 01:42:07.216797579,2024-11-26 10:27:25.254423022,app,high,phone,4.0,resolved
4201,4681,2024-11-26 02:06:49.282731970,2024-11-26 23:55:55.322425590,billing,high,in_app_chat,4.0,resolved
1353,1471,2024-11-26 04:30:14.559776455,2024-11-27 04:54:51.889464153,card,medium,phone,,resolved
1635,1800,2024-11-26 06:28:59.755383681,2024-11-26 18:50:43.579105615,billing,medium,phone,,resolved
118,127,2024-11-26 09:50:03.637888249,2024-11-28 13:54:45.761055026,app,low,phone,3.0,resolved
3463,3877,2024-11-26 10:48:55.728833535,2024-11-28 10:05:33.917077753,billing,medium,in_app_chat,,resolved
1332,1450,2024-11-26 13:05:25.929479558,2024-11-26 16:49:15.391082981,account,high,in_app_chat,,resolved
1665,1830,2024-11-26 15:05:06.364236094,2024-11-27 14:46:38.427000408,app,low,in_app_chat,4.0,resolved
4261,4751,2024-11-26 15:26:49.776606306,,fraud,high,email,,open
4634,5133,2024-11-26 21:49:02.527428365,2024-11-27 16:02:48.772003133,app,low,in_app_chat,,resolved
1357,1474,2024-11-27 01:27:08.605989567,2024-11-27 19:15:49.793802654,account,low,in_app_chat,3.0,resolved
5061,5624,2024-11-27 02:44:03.974846628,2024-11-28 03:44:33.369401434,kyc,medium,in_app_chat,4.0,resolved
4175,4651,2024-11-27 04:57:43.263897923,2024-11-27 14:14:48.647851404,card,medium,in_app_chat,3.0,resolved
4053,4511,2024-11-27 06:40:30.546571808,2024-11-28 00:19:21.904734659,kyc,medium,email,4.0,resolved
3997,4456,2024-11-27 06:41:22.612339095,2024-11-27 08:03:04.685638710,fraud,urgent,phone,5.0,resolved
5175,5743,2024-11-27 06:54:31.818709673,2024-11-27 21:23:27.350057856,card,medium,phone,,resolved
3723,4168,2024-11-27 09:47:35.312833631,2024-11-30 23:49:59.069404871,kyc,low,phone,3.0,resolved
6858,7640,2024-11-27 09:54:06.518858572,2024-11-28 13:15:16.927319324,billing,medium,phone,4.0,resolved
6827,7608,2024-11-27 12:02:00.939484786,2024-11-28 10:27:03.745563150,app,medium,email,4.0,resolved
6252,6993,2024-11-27 12:08:02.217092951,2024-11-27 18:31:09.822896174,card,high,in_app_chat,4.0,resolved
3216,3603,2024-11-27 14:14:02.800109048,2024-11-28 07:52:54.320777638,card,medium,email,4.0,resolved
3593,4024,2024-11-27 14:39:20.958281524,2024-11-29 10:27:28.283446406,billing,low,email,4.0,resolved
6960,7739,2024-11-27 16:19:36.128615413,2024-11-27 17:37:24.530122330,card,urgent,in_app_chat,5.0,resolved
2304,2560,2024-11-28 00:48:01.634672255,2024-11-30 00:44:15.791843484,app,low,in_app_chat,3.0,resolved
6024,6720,2024-11-28 03:17:34.329863348,2024-11-28 07:45:52.291549913,kyc,high,in_app_chat,,resolved
1172,1293,2024-11-28 03:30:09.458688968,2024-11-29 01:53:12.221978565,billing,medium,in_app_chat,3.0,resolved
4150,4634,2024-11-28 05:01:38.849137152,2024-11-28 13:07:52.452900646,card,high,email,4.0,resolved
5763,6418,2024-11-28 05:35:52.038980635,2024-11-30 09:36:42.523440886,billing,low,in_app_chat,3.0,resolved
2844,3179,2024-11-28 07:34:20.808200153,2024-11-28 23:17:55.263886784,account,medium,email,3.0,resolved
6782,7567,2024-11-28 08:25:29.757247124,2024-11-28 12:25:04.174733721,card,urgent,in_app_chat,5.0,resolved
4328,4825,2024-11-28 09:43:03.704240349,,account,high,phone,,closed_unresolved
4049,4507,2024-11-28 09:44:31.526616609,,fraud,high,in_app_chat,,closed_unresolved
5280,5853,2024-11-28 16:13:54.355882477,,account,high,in_app_chat,,open
5163,5731,2024-11-28 16:26:45.132710135,2024-12-01 03:42:20.470451953,account,low,email,4.0,resolved
773,856,2024-11-28 16:40:49.875203110,2024-11-28 18:52:23.216714032,fraud,high,in_app_chat,5.0,resolved
6467,7258,2024-11-28 19:14:00.691443450,2024-12-02 04:35:33.574255747,kyc,medium,in_app_chat,,resolved
2065,2274,2024-11-28 19:55:17.452276190,2024-12-01 08:31:42.121969812,app,medium,in_app_chat,,resolved
1185,1309,2024-11-28 20:09:01.711147227,2024-11-30 11:36:41.277673836,billing,low,phone,,resolved
5987,6673,2024-11-29 01:53:33.135219545,2024-11-30 09:28:54.754761945,card,medium,in_app_chat,3.0,resolved
1761,1938,2024-11-29 03:29:41.800832465,2024-11-29 09:02:33.833749897,account,high,in_app_chat,,resolved
3817,4257,2024-11-29 06:46:54.553148832,2024-12-01 14:50:59.071417224,app,low,in_app_chat,4.0,resolved
3194,3579,2024-11-29 11:35:15.415630379,,account,medium,in_app_chat,,closed_unresolved
5639,6284,2024-11-29 12:01:41.433305134,2024-12-01 09:21:24.976710352,account,low,email,,resolved
6026,6724,2024-11-29 14:44:22.469079629,2024-11-29 22:05:24.767643971,kyc,high,in_app_chat,,resolved
6271,7014,2024-11-29 16:44:46.680963377,2024-12-01 20:42:09.993925352,card,medium,email,4.0,resolved
5748,6403,2024-11-29 18:15:28.372854263,2024-11-30 18:43:27.862924401,billing,medium,in_app_chat,,resolved
3796,4241,2024-11-29 20:28:23.863572045,,card,low,in_app_chat,,open
4402,4889,2024-11-29 23:55:02.278611312,2024-11-30 18:59:49.620257600,card,medium,in_app_chat,,resolved
888,972,2024-11-30 00:07:50.601138280,2024-11-30 09:01:35.859562734,kyc,medium,in_app_chat,,resolved
743,821,2024-11-30 08:14:31.847504835,2024-12-01 01:26:29.378765101,account,low,phone,4.0,resolved
2581,2904,2024-11-30 09:05:40.010534364,,billing,medium,in_app_chat,,closed_unresolved
6681,7466,2024-11-30 11:29:16.153538112,2024-12-05 18:50:52.289265189,account,low,phone,5.0,resolved
5994,6683,2024-11-30 13:51:33.787568799,2024-11-30 15:59:29.990401326,account,high,in_app_chat,4.0,resolved
2342,2603,2024-11-30 14:00:50.232742536,2024-12-05 00:04:12.200476480,kyc,low,in_app_chat,3.0,resolved
1808,1978,2024-11-30 18:10:02.414533661,2024-12-01 12:14:36.191912760,card,low,in_app_chat,3.0,resolved
2687,3025,2024-11-30 21:07:18.222716758,2024-11-30 22:29:42.150859338,billing,urgent,email,4.0,resolved
2792,3128,2024-11-30 22:03:19.613591182,2024-12-02 09:39:38.324013090,kyc,medium,email,,resolved
5461,6079,2024-11-30 22:03:31.039502762,2024-12-02 05:02:56.446517762,card,medium,phone,3.0,resolved
408,451,2024-11-30 22:32:38.578362645,2024-12-01 01:48:15.599118082,kyc,high,phone,,resolved
6338,7092,2024-12-01 01:51:05.788675589,,card,low,in_app_chat,,closed_unresolved
6830,7611,2024-12-01 01:55:09.690631861,,app,medium,phone,,closed_unresolved
5589,6227,2024-12-01 02:19:46.638142253,2024-12-02 01:41:48.652907162,account,medium,in_app_chat,4.0,resolved
7029,7814,2024-12-01 04:10:38.558731206,2024-12-01 12:48:02.637238215,app,medium,email,5.0,resolved
6157,6883,2024-12-01 04:43:17.580076204,2024-12-03 06:41:51.282679008,app,low,email,,resolved
6706,7487,2024-12-01 05:34:19.501659805,2024-12-01 19:17:20.995052126,card,medium,phone,4.0,resolved
21,16,2024-12-01 11:55:18.857221815,2024-12-01 23:10:44.926387635,app,medium,email,,resolved
4320,4815,2024-12-01 18:53:25.134596658,2024-12-02 03:34:05.146093950,app,medium,email,5.0,resolved
2985,3355,2024-12-01 23:01:10.057903083,2024-12-03 00:55:57.378569844,billing,medium,in_app_chat,,resolved
5816,6477,2024-12-01 23:23:58.199533330,2024-12-02 07:24:50.516341777,kyc,high,email,4.0,resolved
1575,1735,2024-12-01 23:56:47.431608858,2024-12-03 22:41:19.989881622,card,medium,in_app_chat,4.0,resolved
984,1076,2024-12-02 02:44:17.982847239,2024-12-02 19:42:18.114332290,kyc,medium,in_app_chat,3.0,resolved
983,1073,2024-12-02 03:14:06.083607079,2024-12-03 07:14:17.303214669,billing,medium,in_app_chat,4.0,resolved
5807,6470,2024-12-02 05:00:35.159072437,2024-12-02 07:01:18.021313636,fraud,urgent,email,3.0,resolved
5098,5658,2024-12-02 08:27:59.018077964,2024-12-03 05:59:11.888231390,app,medium,in_app_chat,4.0,resolved
2640,2974,2024-12-02 08:45:08.737583362,2024-12-02 12:17:33.393037907,card,high,in_app_chat,4.0,resolved
4773,5310,2024-12-02 10:09:55.375318874,2024-12-02 15:54:25.951783206,kyc,high,in_app_chat,4.0,resolved
6343,7103,2024-12-02 13:22:29.055553982,2024-12-02 21:41:11.629901896,kyc,medium,in_app_chat,4.0,resolved
3559,3995,2024-12-02 19:00:30.388501661,2024-12-03 16:40:40.622224643,billing,low,in_app_chat,4.0,resolved
6962,7740,2024-12-02 20:09:16.095185591,2024-12-03 18:41:16.545709350,card,medium,email,,resolved
6758,7535,2024-12-02 20:47:02.870748879,2024-12-05 22:30:04.521082973,card,low,phone,,resolved
6887,7668,2024-12-02 22:10:49.222075143,2024-12-03 01:14:48.886597750,fraud,high,in_app_chat,5.0,resolved
833,911,2024-12-02 23:31:18.542060618,2024-12-03 07:37:50.994312407,card,high,in_app_chat,,resolved
5792,6450,2024-12-03 00:37:57.431923832,2024-12-03 21:36:54.698300003,account,medium,email,,resolved
6081,6786,2024-12-03 01:45:59.962310064,2024-12-04 22:53:07.972770307,billing,low,phone,,resolved
6574,7366,2024-12-03 04:31:43.753326124,2024-12-04 13:01:28.397033165,app,low,email,,resolved
3962,4425,2024-12-03 05:53:36.131389097,2024-12-03 08:31:56.034502347,fraud,high,phone,,resolved
5059,5623,2024-12-03 06:53:00.984094612,2024-12-04 23:31:56.634356624,card,low,in_app_chat,3.0,resolved
3035,3404,2024-12-03 11:28:42.448506867,2024-12-03 16:06:13.043480814,kyc,high,in_app_chat,,resolved
3388,3793,2024-12-03 16:34:58.773214934,2024-12-04 02:01:33.914835274,card,medium,in_app_chat,3.0,resolved
7180,7984,2024-12-03 17:46:51.007202247,,card,medium,in_app_chat,,closed_unresolved
2622,2957,2024-12-03 17:57:04.537761854,2024-12-03 23:30:29.744711398,fraud,high,in_app_chat,4.0,resolved
3741,4188,2024-12-03 19:30:05.401042234,,account,medium,in_app_chat,,open
2629,2965,2024-12-03 19:32:20.647153438,,account,low,in_app_chat,,open
5787,6448,2024-12-03 20:17:04.265003031,2024-12-04 08:10:33.947948433,kyc,high,phone,4.0,resolved
6340,7094,2024-12-04 04:23:26.783172150,2024-12-04 05:35:33.304842956,app,urgent,email,5.0,resolved
137,160,2024-12-04 06:43:12.953758152,,billing,medium,phone,,closed_unresolved
6667,7456,2024-12-04 09:21:59.786812581,2024-12-04 10:37:02.911958289,fraud,urgent,in_app_chat,4.0,resolved
3439,3849,2024-12-04 10:21:37.371040813,2024-12-04 15:57:06.157259705,billing,medium,email,4.0,resolved
3116,3478,2024-12-04 10:54:16.194602698,2024-12-05 19:55:21.350931907,app,medium,in_app_chat,,resolved
1963,2167,2024-12-04 11:11:59.159489588,2024-12-05 12:32:24.157342991,billing,medium,in_app_chat,4.0,resolved
6930,7710,2024-12-04 13:05:53.696737616,2024-12-05 09:39:00.814095944,kyc,high,email,4.0,resolved
6453,7247,2024-12-04 15:22:50.427846511,2024-12-05 05:25:34.684229037,card,high,in_app_chat,,resolved
5777,6441,2024-12-04 17:16:37.691588922,2024-12-08 05:05:23.022828489,app,low,in_app_chat,,resolved
6000,6692,2024-12-04 18:03:05.904170660,,billing,medium,in_app_chat,,open
4823,5377,2024-12-04 19:51:00.301613731,2024-12-05 21:13:34.246302574,account,medium,in_app_chat,,resolved
3083,3449,2024-12-04 23:22:34.204933479,,app,medium,phone,,open
261,284,2024-12-05 00:21:39.096755703,2024-12-06 00:35:40.053186706,card,medium,email,4.0,resolved
4784,5319,2024-12-05 03:15:25.523150788,2024-12-05 17:24:23.828026067,kyc,medium,in_app_chat,4.0,resolved
3242,3639,2024-12-05 06:59:32.011310633,2024-12-05 15:10:22.706420119,app,high,in_app_chat,5.0,resolved
5063,5625,2024-12-05 07:43:56.935420406,2024-12-05 20:01:41.970351157,billing,medium,email,3.0,resolved
5706,6356,2024-12-05 08:02:04.970797310,2024-12-05 10:30:07.476875621,fraud,urgent,in_app_chat,,resolved
3777,4223,2024-12-05 08:16:24.670782243,2024-12-06 10:25:05.811136842,card,medium,in_app_chat,5.0,resolved
7086,7891,2024-12-05 09:04:42.830796550,,card,medium,in_app_chat,,open
422,467,2024-12-05 09:05:05.686586491,2024-12-05 18:52:39.932917582,app,high,phone,3.0,resolved
2458,2752,2024-12-05 10:43:07.077405328,2024-12-07 04:39:11.703990701,billing,medium,in_app_chat,,resolved
4928,5496,2024-12-05 12:57:54.681901369,2024-12-05 14:43:35.038272197,kyc,urgent,in_app_chat,5.0,resolved
3433,3844,2024-12-05 13:13:16.206130032,2024-12-07 04:03:34.634846661,card,medium,email,4.0,resolved
1768,1946,2024-12-05 14:41:06.188680164,,billing,low,in_app_chat,,closed_unresolved
4379,4874,2024-12-05 16:22:11.283647626,2024-12-06 08:28:29.225184479,app,high,in_app_chat,5.0,resolved
5606,6254,2024-12-05 19:56:32.013204457,2024-12-06 04:58:30.283473251,billing,high,in_app_chat,5.0,resolved
5405,6013,2024-12-05 21:07:54.315203986,2024-12-07 00:00:27.651038192,billing,medium,phone,,resolved
6817,7599,2024-12-05 21:47:28.626192911,2024-12-06 02:02:48.885058159,kyc,medium,in_app_chat,,resolved
3762,4214,2024-12-05 23:19:39.317605296,2024-12-06 14:22:37.895267601,card,medium,in_app_chat,4.0,resolved
5269,5834,2024-12-05 23:39:10.209035718,2024-12-06 10:09:22.135055986,account,medium,in_app_chat,5.0,resolved
5700,6350,2024-12-06 00:08:31.386651132,,fraud,high,in_app_chat,,open
5003,5572,2024-12-06 03:38:51.251958672,,account,low,in_app_chat,,open
5465,6084,2024-12-06 10:08:03.509501755,2024-12-06 15:16:11.594084991,app,medium,phone,3.0,resolved
1951,2160,2024-12-06 11:19:53.101227077,2024-12-07 00:02:09.959164718,kyc,medium,in_app_chat,,resolved
4887,5453,2024-12-06 15:06:16.726133131,2024-12-06 21:47:09.300778727,fraud,high,email,4.0,resolved
6195,6922,2024-12-06 15:24:04.208420977,2024-12-07 19:17:14.307853286,billing,medium,in_app_chat,5.0,resolved
3908,4360,2024-12-06 19:51:23.475224577,2024-12-07 00:52:32.034050547,card,high,email,,resolved
6795,7574,2024-12-06 20:26:46.237606048,2024-12-07 14:00:09.179256208,app,medium,in_app_chat,3.0,resolved
78,83,2024-12-07 00:35:36.677004089,2024-12-08 13:39:18.768536772,app,medium,phone,4.0,resolved
4502,5002,2024-12-07 01:33:19.141905784,2024-12-07 09:06:07.104468114,app,medium,email,,resolved
2289,2541,2024-12-07 04:21:55.930660660,2024-12-09 01:15:37.850380166,card,low,in_app_chat,,resolved
1565,1724,2024-12-07 09:10:39.252803969,2024-12-07 17:09:22.596581245,kyc,medium,in_app_chat,4.0,resolved
6597,7383,2024-12-07 15:07:52.396000078,2024-12-08 14:05:09.180017587,account,medium,email,3.0,resolved
2649,2986,2024-12-07 17:54:02.599453128,,card,high,in_app_chat,,closed_unresolved
2416,2699,2024-12-07 21:57:50.928757522,,billing,high,email,,open
5009,5578,2024-12-07 23:35:13.444877008,2024-12-08 15:31:20.240609448,billing,medium,in_app_chat,4.0,resolved
7033,7821,2024-12-08 00:28:01.137650741,2024-12-08 13:33:59.012568714,account,high,email,,resolved
6130,6843,2024-12-08 01:11:47.488901360,2024-12-08 02:28:27.955821684,card,urgent,in_app_chat,5.0,resolved
1429,1564,2024-12-08 05:43:27.476039553,2024-12-08 08:14:39.613624126,fraud,high,in_app_chat,5.0,resolved
194,215,2024-12-08 06:19:26.784678478,2024-12-09 01:16:26.865963508,account,medium,in_app_chat,4.0,resolved
479,534,2024-12-08 07:50:00.878865630,,card,medium,email,,open
2118,2336,2024-12-08 10:24:58.375820704,,kyc,medium,phone,,open
1682,1839,2024-12-08 14:03:58.921695936,2024-12-12 23:07:20.692555431,app,low,email,4.0,resolved
6208,6935,2024-12-08 14:06:17.517505867,2024-12-12 16:16:51.898305406,card,low,in_app_chat,,resolved
6041,6745,2024-12-08 15:55:32.418747975,2024-12-10 16:46:37.624091406,app,low,in_app_chat,3.0,resolved
5498,6129,2024-12-08 19:07:05.200437930,2024-12-10 11:20:59.036166169,card,low,phone,4.0,resolved
2909,3273,2024-12-08 19:50:54.373158957,2024-12-09 15:27:09.032279382,kyc,medium,email,5.0,resolved
3569,4002,2024-12-09 00:17:12.131861136,,kyc,high,in_app_chat,,open
476,532,2024-12-09 01:51:45.166421030,2024-12-09 08:51:04.754923156,kyc,high,in_app_chat,4.0,resolved
5031,5597,2024-12-09 02:33:05.223304638,2024-12-09 10:17:06.723656469,app,medium,in_app_chat,,resolved
4950,5526,2024-12-09 02:51:38.269799015,2024-12-09 06:36:09.643390446,fraud,urgent,phone,5.0,resolved
5637,6283,2024-12-09 04:34:07.280428091,2024-12-09 19:59:13.542760212,card,medium,in_app_chat,3.0,resolved
6011,6705,2024-12-09 05:07:14.279826567,2024-12-09 09:01:46.035785199,card,high,email,4.0,resolved
3778,4223,2024-12-09 08:01:11.043451053,,kyc,low,in_app_chat,,closed_unresolved
4714,5237,2024-12-09 08:48:09.005895535,2024-12-09 11:01:44.394921917,fraud,urgent,in_app_chat,4.0,resolved
3708,4147,2024-12-09 08:48:56.612020213,2024-12-09 14:09:26.356727308,kyc,high,in_app_chat,4.0,resolved
1486,1626,2024-12-09 09:53:32.666086835,2024-12-09 12:40:52.190905209,kyc,high,in_app_chat,,resolved
2168,2389,2024-12-09 11:07:56.499721746,2024-12-09 13:40:25.943896471,billing,urgent,in_app_chat,,resolved
1176,1296,2024-12-09 12:19:28.192809789,2024-12-11 20:50:43.429086399,app,low,in_app_chat,3.0,resolved
4375,4870,2024-12-09 15:32:02.670235932,2024-12-09 17:42:16.926211021,fraud,urgent,email,4.0,resolved
6711,7491,2024-12-09 17:17:30.444545624,2024-12-10 20:05:41.932976730,card,medium,in_app_chat,,resolved
1885,2071,2024-12-09 17:50:19.283877484,,fraud,high,in_app_chat,,closed_unresolved
5120,5682,2024-12-09 21:16:09.007724127,,fraud,high,in_app_chat,,open
4193,4672,2024-12-09 22:19:54.876426902,2024-12-10 07:30:10.729303469,card,high,phone,,resolved
3486,3908,2024-12-09 22:42:53.547748009,2024-12-10 08:24:09.233173857,kyc,medium,email,4.0,resolved
4436,4932,2024-12-09 23:49:28.702229514,2024-12-10 13:43:38.831363538,app,medium,in_app_chat,3.0,resolved
4963,5535,2024-12-10 05:39:11.105104996,,card,high,phone,,open
6166,6893,2024-12-10 07:45:46.645566278,2024-12-10 18:36:40.214706918,fraud,high,in_app_chat,,resolved
504,561,2024-12-10 07:45:52.523310274,2024-12-12 00:49:04.414542000,account,low,email,,resolved
4533,5034,2024-12-10 11:46:59.340341190,,app,urgent,in_app_chat,,closed_unresolved
2971,3340,2024-12-10 11:55:41.295525695,2024-12-11 08:31:14.277801663,card,low,email,4.0,resolved
690,767,2024-12-10 12:15:30.562166093,2024-12-12 13:05:10.291105613,billing,medium,email,,resolved
962,1051,2024-12-10 12:46:24.596292259,2024-12-11 01:42:57.580853565,card,medium,in_app_chat,4.0,resolved
3526,3952,2024-12-10 13:20:36.284512804,2024-12-10 21:59:40.217919773,fraud,high,in_app_chat,,resolved
4370,4863,2024-12-10 17:37:29.467510147,,card,medium,in_app_chat,,closed_unresolved
4478,4974,2024-12-10 18:05:15.358460939,2024-12-11 08:07:21.584777127,billing,medium,email,,resolved
4861,5431,2024-12-10 20:48:24.567696414,2024-12-12 04:55:02.269326709,app,medium,email,,resolved
3092,3458,2024-12-10 21:12:09.824707111,2024-12-15 05:25:39.605927925,account,low,in_app_chat,4.0,resolved
6441,7223,2024-12-10 23:34:50.814395198,2024-12-12 01:00:26.899295853,kyc,medium,email,,resolved
2986,3355,2024-12-11 01:04:49.508031527,2024-12-11 06:16:45.925765915,account,high,in_app_chat,4.0,resolved
4835,5391,2024-12-11 02:04:03.405048510,2024-12-12 02:42:47.306178475,billing,medium,in_app_chat,4.0,resolved
6145,6859,2024-12-11 07:45:44.681821441,2024-12-12 14:08:39.594858309,card,low,email,,resolved
24,18,2024-12-11 09:10:08.061508683,,fraud,high,in_app_chat,,open
5079,5640,2024-12-11 09:15:49.205331311,2024-12-11 13:06:35.503241088,kyc,high,email,,resolved
5136,5704,2024-12-11 11:55:54.881877544,2024-12-12 22:28:43.013772707,billing,low,in_app_chat,3.0,resolved
3800,4244,2024-12-11 23:31:11.024585402,2024-12-12 20:38:59.531285798,app,low,in_app_chat,4.0,resolved
5349,5948,2024-12-12 01:07:44.630178623,2024-12-12 14:11:38.447823607,card,medium,email,4.0,resolved
754,831,2024-12-12 01:33:08.225108475,,account,low,email,,open
3813,4254,2024-12-12 03:05:55.332647603,,billing,medium,email,,open
4303,4800,2024-12-12 04:44:30.999873137,2024-12-14 05:05:29.289182221,card,low,in_app_chat,4.0,resolved
5231,5791,2024-12-12 05:26:30.928041718,2024-12-12 10:08:50.557164524,account,high,in_app_chat,3.0,resolved
6142,6857,2024-12-12 06:02:58.622367920,2024-12-12 10:29:35.957621681,kyc,high,phone,,resolved
1962,2167,2024-12-12 06:18:00.162925525,2024-12-12 16:56:27.257734735,billing,high,in_app_chat,,resolved
1374,1496,2024-12-12 07:02:56.269845127,2024-12-12 09:33:36.400215397,fraud,urgent,email,5.0,resolved
799,880,2024-12-12 10:07:03.528043242,2024-12-12 11:25:02.447754936,card,high,email,3.0,resolved
5026,5592,2024-12-12 11:44:30.239283433,2024-12-14 10:57:19.845935175,app,low,email,3.0,resolved
130,154,2024-12-12 16:17:21.292594638,2024-12-12 20:09:17.396255134,billing,high,in_app_chat,4.0,resolved
1579,1742,2024-12-12 16:39:10.281614912,2024-12-13 01:30:46.846957587,kyc,high,email,3.0,resolved
4336,4835,2024-12-12 19:01:45.003232695,2024-12-16 14:02:58.243179013,app,low,in_app_chat,4.0,resolved
586,654,2024-12-12 22:54:26.529408146,2024-12-13 04:37:41.530718775,account,medium,in_app_chat,5.0,resolved
5694,6345,2024-12-13 01:08:33.048185334,2024-12-13 03:46:27.256192107,fraud,urgent,email,5.0,resolved
1986,2191,2024-12-13 01:51:40.682443714,2024-12-15 13:57:21.218887754,billing,low,in_app_chat,4.0,resolved
550,604,2024-12-13 03:26:08.977738701,2024-12-13 19:18:32.417025185,billing,medium,in_app_chat,,resolved
4221,4706,2024-12-13 03:40:24.409097437,2024-12-13 20:04:56.305943534,app,medium,email,4.0,resolved
4790,5328,2024-12-13 06:44:05.287352565,2024-12-13 11:08:47.545182258,app,medium,in_app_chat,,resolved
67,70,2024-12-13 10:04:34.394666459,2024-12-13 14:03:59.865760299,card,high,in_app_chat,4.0,resolved
4587,5080,2024-12-13 13:22:02.196820375,2024-12-14 10:16:20.150778405,billing,medium,in_app_chat,3.0,resolved
2401,2685,2024-12-13 13:30:16.429222656,2024-12-17 01:12:41.017608518,card,medium,in_app_chat,4.0,resolved
6365,7132,2024-12-13 20:09:52.922839204,2024-12-14 01:08:34.112517503,app,high,email,,resolved
2728,3057,2024-12-13 21:14:06.429642786,2024-12-14 15:02:37.052419604,account,medium,phone,4.0,resolved
621,697,2024-12-13 22:49:29.763045480,2024-12-14 00:19:11.342117956,account,urgent,in_app_chat,4.0,resolved
1505,1653,2024-12-14 02:57:50.805910984,2024-12-14 20:47:21.424568597,billing,medium,in_app_chat,4.0,resolved
5146,5713,2024-12-14 07:52:11.659399607,,account,low,in_app_chat,,open
2604,2936,2024-12-14 09:17:32.354768247,2024-12-14 18:51:33.972527017,app,medium,phone,4.0,resolved
2269,2514,2024-12-14 11:09:38.450296267,2024-12-14 12:47:19.975021007,fraud,urgent,phone,,resolved
5732,6389,2024-12-14 12:23:30.963473949,2024-12-14 13:26:19.738712922,billing,urgent,in_app_chat,4.0,resolved
3940,4399,2024-12-14 22:07:58.808885424,,card,medium,in_app_chat,,open
7039,7831,2024-12-14 22:47:29.425659302,2024-12-17 00:22:43.351105281,account,low,phone,4.0,resolved
3270,3665,2024-12-15 00:37:26.575360878,2024-12-16 18:49:22.160243744,app,medium,in_app_chat,3.0,resolved
57,60,2024-12-15 01:08:06.000927610,,card,medium,in_app_chat,,open
4657,5170,2024-12-15 04:39:21.221380477,2024-12-19 14:35:04.621246873,card,low,email,4.0,resolved
7010,7794,2024-12-15 06:10:51.031521050,2024-12-16 07:32:20.032592451,app,medium,email,,resolved
2724,3054,2024-12-15 07:23:14.787230400,2024-12-17 18:21:48.455730530,app,low,in_app_chat,3.0,resolved
553,609,2024-12-15 08:20:42.952212695,2024-12-15 20:27:58.107064685,card,medium,in_app_chat,3.0,resolved
1314,1431,2024-12-15 15:06:46.051246209,2024-12-16 01:29:25.850762296,kyc,high,email,5.0,resolved
3219,3605,2024-12-15 15:57:01.513425709,2024-12-16 01:32:37.020433021,card,medium,phone,,resolved
2633,2969,2024-12-15 18:12:31.006936111,2024-12-16 10:15:19.506439294,app,medium,in_app_chat,,resolved
6998,7785,2024-12-15 21:08:47.404212901,,kyc,medium,in_app_chat,,open
6993,7781,2024-12-15 23:24:06.850947409,2024-12-16 14:01:02.859792189,app,medium,in_app_chat,4.0,resolved
5424,6038,2024-12-16 02:01:57.980711642,2024-12-16 11:01:53.750555016,billing,medium,in_app_chat,5.0,resolved
6230,6966,2024-12-16 03:00:38.146067380,,account,medium,in_app_chat,,open
6047,6749,2024-12-16 03:04:08.913474396,,account,low,email,,open
4202,4682,2024-12-16 04:44:36.846041009,2024-12-16 20:52:39.257042310,card,medium,in_app_chat,4.0,resolved
7014,7798,2024-12-16 09:20:03.507275186,2024-12-16 16:18:28.218368129,card,high,in_app_chat,4.0,resolved
2031,2238,2024-12-16 14:39:00.738398897,2024-12-16 18:14:40.961911242,account,high,phone,,resolved
6871,7652,2024-12-16 18:20:03.536799241,2024-12-18 09:49:39.591508720,account,medium,in_app_chat,,resolved
1203,1325,2024-12-16 19:32:55.210077672,2024-12-17 00:51:34.313476273,card,high,in_app_chat,4.0,resolved
6075,6780,2024-12-16 19:53:58.442247712,,kyc,high,in_app_chat,,closed_unresolved
2059,2268,2024-12-16 20:08:24.130150768,2024-12-17 14:27:09.076921560,kyc,medium,phone,4.0,resolved
3039,3407,2024-12-16 22:24:38.479917323,2024-12-17 02:47:19.571014673,kyc,high,in_app_chat,4.0,resolved
3413,3829,2024-12-16 22:28:05.665720442,2024-12-17 12:53:24.218513331,app,medium,in_app_chat,,resolved
51,54,2024-12-17 01:34:52.273127712,,billing,medium,in_app_chat,,closed_unresolved
2559,2882,2024-12-17 08:53:40.796074276,2024-12-17 17:09:34.691295440,billing,medium,email,4.0,resolved
5341,5940,2024-12-17 09:55:54.395677462,2024-12-17 16:38:37.838832020,billing,high,email,3.0,resolved
5484,6102,2024-12-17 13:31:18.255521496,,billing,low,email,,closed_unresolved
5396,6004,2024-12-17 14:45:00.405001664,2024-12-18 15:26:22.127092034,kyc,medium,in_app_chat,4.0,resolved
5000,5570,2024-12-17 15:25:23.036146907,2024-12-18 03:37:28.244871041,account,medium,in_app_chat,3.0,resolved
5224,5785,2024-12-17 16:31:09.729215316,2024-12-17 23:43:24.263735713,card,high,email,4.0,resolved
1433,1568,2024-12-17 19:58:10.656041810,2024-12-21 12:48:17.772191379,kyc,low,email,3.0,resolved
6822,7603,2024-12-17 21:29:55.049320017,,card,medium,email,,open
5295,5872,2024-12-17 21:35:28.236988242,2024-12-18 10:02:14.221909011,kyc,medium,in_app_chat,,resolved
7191,7996,2024-12-17 22:12:37.527003743,2024-12-22 15:35:34.692396501,kyc,low,phone,,resolved
4726,5251,2024-12-17 23:00:18.242731169,2024-12-18 12:35:54.605122791,app,medium,in_app_chat,3.0,resolved
3392,3803,2024-12-17 23:32:46.159452490,,app,high,in_app_chat,,open
2343,2603,2024-12-17 23:37:22.145371118,2024-12-18 17:47:11.793503028,app,medium,in_app_chat,3.0,resolved
614,690,2024-12-17 23:58:39.603737850,,app,low,in_app_chat,,closed_unresolved
5458,6078,2024-12-18 01:34:55.837808967,2024-12-18 04:31:37.543104467,fraud,urgent,in_app_chat,4.0,resolved
3824,4264,2024-12-18 01:38:39.621218121,2024-12-19 06:15:23.836407544,card,medium,phone,,resolved
4420,4913,2024-12-18 03:59:22.203167547,2024-12-19 04:10:52.001692255,app,medium,in_app_chat,4.0,resolved
4325,4820,2024-12-18 09:31:03.587569377,2024-12-18 23:23:25.696285486,account,medium,in_app_chat,3.0,resolved
576,639,2024-12-18 10:35:22.277347935,2024-12-19 05:32:18.897196266,app,medium,in_app_chat,4.0,resolved
2721,3050,2024-12-18 11:34:37.931030572,2024-12-19 07:13:08.422082507,fraud,high,phone,5.0,resolved
1445,1582,2024-12-18 11:41:43.123576456,2024-12-18 12:09:09.848530876,card,urgent,phone,4.0,resolved
1183,1307,2024-12-18 11:53:42.753901473,2024-12-19 04:59:15.095026261,kyc,medium,in_app_chat,5.0,resolved
6727,7505,2024-12-18 16:28:53.137782621,2024-12-18 20:56:31.927803990,billing,medium,email,4.0,resolved
5353,5950,2024-12-18 17:12:11.261723564,,kyc,urgent,in_app_chat,,open
5265,5830,2024-12-18 21:10:05.984531541,2024-12-19 02:44:30.544552752,fraud,high,in_app_chat,4.0,resolved
2309,2566,2024-12-18 21:14:50.187859992,2024-12-19 11:52:12.297184155,kyc,low,in_app_chat,3.0,resolved
3523,3948,2024-12-18 22:40:04.604824793,2024-12-18 23:57:09.441941463,kyc,urgent,email,4.0,resolved
3716,4160,2024-12-18 23:14:32.276635016,2024-12-19 09:36:07.684376818,billing,medium,in_app_chat,3.0,resolved
244,264,2024-12-19 03:29:20.967184714,,account,medium,email,,open
4082,4541,2024-12-19 06:01:30.728433279,2024-12-20 15:46:14.506776078,app,medium,email,,resolved
1852,2032,2024-12-19 06:52:50.341667183,2024-12-19 15:11:54.290912292,kyc,medium,in_app_chat,3.0,resolved
1018,1124,2024-12-19 06:59:31.603991778,2024-12-19 23:59:09.110567275,billing,low,in_app_chat,3.0,resolved
850,929,2024-12-19 09:36:37.969010141,,card,low,in_app_chat,,open
5102,5661,2024-12-19 13:00:37.150519089,2024-12-20 16:29:57.599497409,kyc,medium,in_app_chat,,resolved
7173,7976,2024-12-19 15:00:18.865177516,2024-12-19 18:23:28.648945402,billing,high,email,,resolved
4,2,2024-12-19 16:49:11.561370542,2024-12-20 11:23:35.601305895,app,medium,email,,resolved
6391,7165,2024-12-19 17:23:16.315937831,2024-12-21 06:29:45.132957853,kyc,medium,in_app_chat,4.0,resolved
2716,3047,2024-12-19 20:29:00.771342322,2024-12-20 04:58:41.189965303,account,medium,phone,4.0,resolved
3222,3608,2024-12-20 05:26:37.672657589,2024-12-21 16:18:10.904245842,billing,low,phone,3.0,resolved
4819,5374,2024-12-20 08:39:51.209635806,2024-12-21 03:32:14.939414192,kyc,medium,in_app_chat,3.0,resolved
2279,2528,2024-12-20 10:27:05.262134486,,billing,low,in_app_chat,,closed_unresolved
3473,3890,2024-12-20 10:34:03.128822417,2024-12-21 17:40:46.200518118,card,medium,email,5.0,resolved
3162,3539,2024-12-20 10:38:35.115658517,2024-12-20 18:08:41.164972931,billing,high,email,,resolved
3033,3403,2024-12-20 12:34:52.542523963,2024-12-21 21:02:06.445969079,app,medium,in_app_chat,5.0,resolved
6017,6716,2024-12-20 12:55:24.863782252,2024-12-20 14:07:13.384256537,kyc,urgent,email,4.0,resolved
5646,6290,2024-12-20 13:51:57.653957905,,card,low,in_app_chat,,open
3596,4025,2024-12-21 01:53:14.900508280,2024-12-23 15:20:57.145742390,card,low,in_app_chat,2.0,resolved
6540,7334,2024-12-21 02:18:23.356241470,2024-12-21 11:49:58.910870761,kyc,high,in_app_chat,,resolved
6042,6745,2024-12-21 03:40:24.994447803,,kyc,urgent,in_app_chat,,closed_unresolved
1117,1238,2024-12-21 07:12:03.777414013,2024-12-22 22:15:18.404591861,account,low,in_app_chat,,resolved
5304,5878,2024-12-21 15:37:50.302185447,2024-12-23 07:18:35.552045543,app,low,in_app_chat,,resolved
4720,5243,2024-12-21 18:22:04.425139220,2024-12-22 02:09:12.141543044,billing,medium,in_app_chat,3.0,resolved
3148,3524,2024-12-21 18:47:01.520332632,2024-12-22 17:25:00.784369752,fraud,medium,in_app_chat,4.0,resolved
1241,1365,2024-12-22 00:20:32.884211304,2024-12-22 21:10:28.995586180,card,medium,in_app_chat,3.0,resolved
5647,6290,2024-12-22 00:21:35.056686113,2024-12-22 04:21:00.093531177,fraud,high,in_app_chat,,resolved
1466,1605,2024-12-22 01:02:01.748208497,2024-12-23 05:15:52.303728303,account,medium,in_app_chat,3.0,resolved
4445,4941,2024-12-22 04:49:25.354006521,2024-12-22 15:16:01.028458941,account,high,in_app_chat,4.0,resolved
3090,3455,2024-12-22 05:42:50.970098206,2024-12-23 11:23:37.512036386,billing,low,phone,4.0,resolved
3465,3880,2024-12-22 06:04:53.716685563,2024-12-23 08:50:21.716114852,card,medium,in_app_chat,4.0,resolved
5409,6016,2024-12-22 06:42:52.859052095,,fraud,urgent,email,,closed_unresolved
6471,7261,2024-12-22 07:38:47.041006248,2024-12-22 21:29:42.028934277,billing,low,in_app_chat,4.0,resolved
405,448,2024-12-22 08:31:29.564380433,2024-12-25 06:32:15.099200832,billing,medium,in_app_chat,4.0,resolved
622,697,2024-12-22 12:06:56.567876103,2024-12-22 12:54:29.163155052,fraud,urgent,in_app_chat,4.0,resolved
1163,1285,2024-12-22 12:45:51.474525459,2024-12-22 20:55:45.683955462,fraud,high,email,5.0,resolved
2341,2602,2024-12-22 13:17:42.276028332,2024-12-24 03:44:13.405917637,card,medium,in_app_chat,4.0,resolved
62,67,2024-12-22 14:56:03.293044837,2024-12-23 02:57:12.501125597,billing,high,email,4.0,resolved
2868,3214,2024-12-22 16:54:22.167804559,,billing,medium,email,,closed_unresolved
3144,3519,2024-12-22 19:29:10.790508445,2024-12-23 06:02:20.608117912,app,medium,email,,resolved
5933,6621,2024-12-22 19:44:55.147505847,2024-12-23 19:34:25.568909967,card,medium,in_app_chat,,resolved
4880,5449,2024-12-22 20:05:50.411445063,2024-12-23 02:35:35.787185629,account,high,in_app_chat,5.0,resolved
3206,3590,2024-12-22 21:47:12.260137001,2024-12-25 03:19:16.136881365,billing,medium,in_app_chat,,resolved
5843,6510,2024-12-22 22:10:42.709680655,2024-12-23 22:32:52.589525001,card,low,in_app_chat,3.0,resolved
6141,6857,2024-12-22 22:28:25.404579459,2024-12-25 00:03:07.602761923,app,medium,in_app_chat,4.0,resolved
4732,5263,2024-12-22 23:04:00.917137346,,card,high,email,,closed_unresolved
1340,1456,2024-12-23 00:45:01.261244381,2024-12-23 12:37:23.399671671,app,medium,email,,resolved
1634,1798,2024-12-23 01:16:14.036593958,2024-12-23 03:43:05.089361415,fraud,urgent,in_app_chat,5.0,resolved
5094,5652,2024-12-23 05:42:55.757797053,2024-12-25 08:03:54.225642258,card,medium,email,2.0,resolved
3047,3414,2024-12-23 05:54:53.671026856,,app,medium,phone,,open
1225,1347,2024-12-23 06:38:34.684336392,2024-12-24 18:57:44.647154247,card,low,email,,resolved
4345,4841,2024-12-23 09:02:09.426950908,2024-12-24 22:15:12.626786998,app,medium,phone,,resolved
183,204,2024-12-23 09:15:43.227702538,2024-12-24 04:08:03.274006666,card,low,in_app_chat,4.0,resolved
1410,1543,2024-12-23 09:28:58.691790419,2024-12-23 15:12:45.897237554,card,medium,in_app_chat,4.0,resolved
4524,5022,2024-12-23 18:18:32.822016272,2024-12-25 21:58:38.928799402,account,medium,in_app_chat,5.0,resolved
1838,2016,2024-12-23 18:19:56.579430213,2024-12-24 03:06:31.841449960,billing,medium,email,,resolved
2491,2798,2024-12-23 18:49:38.482549124,2024-12-29 21:43:10.132364264,account,low,in_app_chat,4.0,resolved
3886,4340,2024-12-23 23:22:52.725873938,,kyc,medium,in_app_chat,,open
2794,3130,2024-12-24 00:09:51.442741630,2024-12-26 14:54:16.123275359,app,medium,in_app_chat,2.0,resolved
978,1066,2024-12-24 00:19:17.823715446,2024-12-24 20:26:30.229995692,app,medium,in_app_chat,4.0,resolved
4785,5322,2024-12-24 02:31:32.264069782,,billing,low,email,,open
4251,4739,2024-12-24 03:17:33.058782473,2024-12-24 12:10:11.875548261,kyc,high,email,5.0,resolved
5948,6639,2024-12-24 04:26:35.811320951,,app,medium,in_app_chat,,closed_unresolved
1128,1251,2024-12-24 04:43:38.997433508,,kyc,high,in_app_chat,,closed_unresolved
6796,7576,2024-12-24 05:33:17.281759959,2024-12-25 06:59:42.694094603,kyc,medium,phone,4.0,resolved
6270,7014,2024-12-24 05:39:48.911601283,2024-12-24 10:52:18.799059259,card,high,in_app_chat,5.0,resolved
3647,4081,2024-12-24 07:30:09.498449197,2024-12-29 01:05:45.031291322,account,low,in_app_chat,3.0,resolved
489,543,2024-12-24 07:31:17.758408175,2024-12-25 02:22:44.346545675,card,medium,phone,5.0,resolved
708,783,2024-12-24 08:30:42.060828729,,billing,low,in_app_chat,,open
5123,5688,2024-12-24 08:58:09.394731655,2024-12-25 14:34:44.496869867,billing,medium,in_app_chat,3.0,resolved
1348,1467,2024-12-24 08:58:39.519354875,2024-12-25 18:14:06.717316020,account,medium,email,,resolved
932,1020,2024-12-24 11:02:29.750476493,2024-12-25 17:28:34.867863719,app,medium,phone,3.0,resolved
5591,6231,2024-12-24 11:11:37.261039001,,kyc,medium,email,,open
6167,6894,2024-12-24 11:38:30.152998196,2024-12-24 14:57:47.941109519,card,high,phone,,resolved
5060,5623,2024-12-24 12:55:50.554574181,2024-12-25 01:47:21.624013914,card,medium,in_app_chat,4.0,resolved
5729,6383,2024-12-24 14:52:53.456867244,2024-12-26 23:15:41.900381826,app,low,email,4.0,resolved
4529,5030,2024-12-24 15:50:27.835854455,2024-12-26 00:04:11.046236834,kyc,low,phone,3.0,resolved
73,78,2024-12-24 16:29:54.883777240,2024-12-25 16:37:00.303630643,account,low,in_app_chat,,resolved
732,808,2024-12-24 18:21:30.224619518,2024-12-25 23:47:41.219521810,card,medium,in_app_chat,5.0,resolved
3197,3582,2024-12-24 22:58:13.179968486,2024-12-25 19:00:06.160560188,account,medium,in_app_chat,4.0,resolved
2577,2897,2024-12-24 23:56:15.963893465,2024-12-27 15:16:42.024896467,app,low,email,4.0,resolved
7058,7850,2024-12-25 01:37:06.043099425,2024-12-25 06:13:54.254176863,fraud,urgent,phone,,resolved
5398,6006,2024-12-25 02:28:03.777291837,2024-12-25 11:34:55.545996774,kyc,high,in_app_chat,5.0,resolved
5585,6225,2024-12-25 04:33:33.728408533,2024-12-25 15:15:41.819742145,billing,medium,phone,4.0,resolved
5235,5793,2024-12-25 05:24:15.724309723,2024-12-25 15:52:04.931937166,app,high,in_app_chat,,resolved
463,517,2024-12-25 10:11:53.223161369,2024-12-25 18:56:12.517207579,kyc,high,email,5.0,resolved
4464,4960,2024-12-25 10:58:54.652832520,2024-12-27 23:17:47.401177424,billing,low,email,2.0,resolved
2191,2410,2024-12-25 17:33:44.391598119,2024-12-25 19:35:10.342737119,app,high,email,4.0,resolved
1608,1777,2024-12-25 19:54:49.702144080,,billing,medium,email,,open
937,1022,2024-12-25 20:46:48.283005521,2024-12-27 17:51:57.220024499,account,low,in_app_chat,,resolved
4938,5508,2024-12-25 22:35:53.708851334,,billing,medium,in_app_chat,,open
3137,3514,2024-12-25 22:49:07.264505101,2024-12-26 07:31:36.885239969,card,high,in_app_chat,5.0,resolved
371,413,2024-12-25 23:23:22.681715130,2024-12-26 17:50:18.149157972,app,medium,email,3.0,resolved
3041,3408,2024-12-26 02:28:54.274862015,2024-12-27 22:29:46.692594792,kyc,low,in_app_chat,4.0,resolved
6397,7172,2024-12-26 12:46:35.722522822,2024-12-26 13:54:27.979689152,billing,urgent,in_app_chat,4.0,resolved
6588,7377,2024-12-26 13:39:12.443054371,2024-12-26 16:25:23.718154007,account,high,in_app_chat,3.0,resolved
6358,7121,2024-12-26 15:07:29.828858574,2024-12-26 22:28:29.238693330,account,high,in_app_chat,4.0,resolved
5518,6151,2024-12-26 16:13:46.366671961,2024-12-27 02:42:30.585571966,app,medium,email,4.0,resolved
2609,2940,2024-12-26 18:33:01.748136101,2024-12-26 19:42:01.227923364,app,urgent,in_app_chat,,resolved
828,907,2024-12-26 22:39:36.559021991,2024-12-27 03:39:26.467366573,kyc,medium,in_app_chat,4.0,resolved
7106,7915,2024-12-27 03:12:11.047518794,2024-12-27 15:49:48.107301634,account,medium,in_app_chat,4.0,resolved
4381,4875,2024-12-27 03:33:08.857022546,2024-12-27 12:13:07.628597758,kyc,high,in_app_chat,,resolved
1765,1945,2024-12-27 05:37:08.923643745,,kyc,low,phone,,open
3360,3770,2024-12-27 05:39:42.129288797,,fraud,high,email,,closed_unresolved
6884,7661,2024-12-27 06:49:43.049516093,2024-12-27 16:35:07.698332286,card,medium,phone,,resolved
3753,4206,2024-12-27 09:56:56.579694524,,card,high,in_app_chat,,open
4354,4851,2024-12-27 13:08:58.480791460,2024-12-27 18:08:00.472788458,kyc,high,phone,5.0,resolved
6883,7660,2024-12-27 14:03:12.870415782,2024-12-28 06:22:10.175256328,account,medium,in_app_chat,,resolved
5754,6407,2024-12-27 14:56:28.858347988,,billing,low,email,,open
4386,4877,2024-12-27 19:34:34.828292729,2024-12-28 08:19:23.135722077,app,medium,phone,,resolved
3802,4245,2024-12-27 20:13:19.169878883,2024-12-28 05:19:12.661909943,card,medium,in_app_chat,,resolved
1810,1984,2024-12-27 22:19:53.948024204,2024-12-29 12:16:22.560873123,kyc,medium,in_app_chat,5.0,resolved
461,514,2024-12-28 01:22:07.198847555,2024-12-28 09:31:31.718863153,kyc,high,email,,resolved
627,703,2024-12-28 01:40:15.626782790,2024-12-30 06:16:30.886722087,account,low,in_app_chat,4.0,resolved
1052,1158,2024-12-28 01:42:23.917408882,2024-12-28 06:13:07.856094948,kyc,high,in_app_chat,4.0,resolved
3793,4236,2024-12-28 03:10:31.872855573,2024-12-30 06:59:50.727236089,billing,low,in_app_chat,4.0,resolved
4934,5503,2024-12-28 04:26:26.508279143,2024-12-28 08:37:50.698568720,billing,high,phone,4.0,resolved
6148,6862,2024-12-28 05:19:47.878171167,2024-12-28 05:55:56.308824521,card,urgent,in_app_chat,4.0,resolved
2180,2401,2024-12-28 08:22:25.488626113,2024-12-28 09:31:57.107708443,app,urgent,in_app_chat,4.0,resolved
662,735,2024-12-28 08:35:51.376953811,2024-12-28 13:15:28.732321738,kyc,high,in_app_chat,4.0,resolved
1434,1569,2024-12-28 09:42:59.486009760,2024-12-28 15:08:56.555532430,fraud,high,in_app_chat,,resolved
6303,7051,2024-12-28 11:09:37.839302208,2024-12-28 20:00:29.432465272,app,high,email,3.0,resolved
4469,4963,2024-12-28 13:50:18.995040286,2024-12-28 15:21:31.168002016,card,high,in_app_chat,,resolved
1786,1956,2024-12-28 15:38:21.881876752,2024-12-28 20:55:04.227860478,kyc,high,phone,,resolved
2085,2293,2024-12-29 00:15:28.610711337,2024-12-29 13:56:10.932544539,app,medium,in_app_chat,4.0,resolved
6575,7367,2024-12-29 00:25:26.373378115,,app,medium,in_app_chat,,open
2232,2465,2024-12-29 00:57:05.646233888,2024-12-30 09:36:48.519745946,account,low,email,4.0,resolved
1710,1868,2024-12-29 01:14:21.125379891,,billing,low,email,,open
6678,7464,2024-12-29 03:19:47.863475731,2024-12-29 14:28:41.700042548,app,high,in_app_chat,4.0,resolved
5923,6610,2024-12-29 03:37:14.349750294,2024-12-29 14:03:24.361122405,kyc,high,phone,,resolved
4814,5363,2024-12-29 05:36:04.321924755,2024-12-31 04:41:16.999334639,app,low,in_app_chat,3.0,resolved
4127,4611,2024-12-29 07:00:25.570684051,2024-12-30 05:14:02.430088835,card,medium,in_app_chat,,resolved
310,330,2024-12-29 07:13:15.022628794,2024-12-29 14:32:51.576833423,kyc,medium,in_app_chat,5.0,resolved
195,215,2024-12-29 13:32:23.888226456,2024-12-30 07:04:00.178360767,billing,medium,in_app_chat,4.0,resolved
426,473,2024-12-29 15:21:42.851115138,,card,low,in_app_chat,,closed_unresolved
473,528,2024-12-29 16:09:28.428102492,2024-12-29 18:48:06.015767337,fraud,high,in_app_chat,3.0,resolved
4806,5357,2024-12-29 18:59:55.944313137,2024-12-30 21:43:37.219071507,account,medium,phone,3.0,resolved
6115,6825,2024-12-29 19:21:13.747483520,2024-12-30 07:45:49.454584254,card,low,phone,3.0,resolved
4213,4698,2024-12-29 20:27:53.299285750,,card,high,in_app_chat,,closed_unresolved
822,900,2024-12-29 22:30:56.968666277,2024-12-30 06:27:10.071453245,kyc,medium,phone,4.0,resolved
6288,7035,2024-12-29 22:32:19.229629297,2024-12-30 11:59:29.153727743,billing,medium,email,4.0,resolved
6941,7724,2024-12-29 22:54:32.844582331,2025-01-01 07:50:01.861331258,app,low,in_app_chat,3.0,resolved
3944,4406,2024-12-30 00:06:06.231010599,2024-12-30 06:00:30.706744527,app,medium,email,3.0,resolved
339,366,2024-12-30 05:10:01.413937859,2024-12-31 02:47:36.403803773,card,medium,in_app_chat,4.0,resolved
2105,2317,2024-12-30 05:27:22.794860839,2024-12-30 06:09:45.574886993,fraud,urgent,email,4.0,resolved
5459,6079,2024-12-30 06:17:03.259888920,,card,medium,email,,open
433,480,2024-12-30 06:57:08.601563350,2024-12-31 20:10:37.988244860,app,low,in_app_chat,2.0,resolved
4318,4813,2024-12-30 09:33:24.418418270,2024-12-31 06:34:17.508489650,billing,low,in_app_chat,3.0,resolved
4844,5410,2024-12-30 11:17:44.947390571,2024-12-30 21:17:41.046962949,account,medium,phone,5.0,resolved
1795,1973,2024-12-30 11:36:30.026464142,2024-12-30 13:30:40.536546281,fraud,high,email,4.0,resolved
4826,5379,2024-12-30 13:05:34.829947875,2024-12-31 06:49:04.207884593,kyc,medium,in_app_chat,2.0,resolved
4138,4622,2024-12-30 15:12:16.750770310,2024-12-31 22:47:35.214714073,fraud,medium,in_app_chat,4.0,resolved
846,926,2024-12-30 17:38:57.577026707,2024-12-30 19:59:17.603197436,fraud,urgent,email,,resolved
1363,1482,2024-12-30 19:02:24.002286106,2024-12-31 17:43:14.338597096,billing,medium,phone,4.0,resolved
6052,6754,2024-12-31 02:00:57.725462148,2025-01-01 08:22:04.886292733,app,medium,phone,2.0,resolved
869,951,2024-12-31 08:04:12.214182187,2025-01-02 00:32:49.780477701,app,medium,in_app_chat,3.0,resolved
467,522,2024-12-31 14:59:56.652270734,2024-12-31 20:02:33.486883054,kyc,high,in_app_chat,5.0,resolved
5005,5575,2024-12-31 16:40:27.434973123,2025-01-02 02:36:49.525688117,app,low,in_app_chat,4.0,resolved
5509,6142,2024-12-31 16:45:15.120272041,2025-01-02 19:25:16.688922016,billing,medium,email,,resolved
3475,3893,2024-12-31 19:20:29.569567911,2024-12-31 22:03:13.096418023,card,high,email,,resolved
2538,2851,2024-12-31 21:50:26.758213840,2025-01-01 00:24:15.840329756,kyc,urgent,in_app_chat,4.0,resolved
3151,3528,2024-12-31 23:08:15.541934694,2025-01-01 23:53:08.822640667,account,medium,email,,resolved
4643,5146,2024-12-31 23:41:53.855524161,2025-01-01 04:27:28.200602195,card,high,email,,resolved
3811,4251,2025-01-01 01:05:19.113828682,2025-01-01 22:59:39.935905452,billing,low,email,4.0,resolved
4353,4849,2025-01-01 07:41:49.678836875,2025-01-01 10:05:13.272318081,app,urgent,email,4.0,resolved
5665,6312,2025-01-01 09:59:47.878795135,,account,low,in_app_chat,,open
7044,7833,2025-01-01 12:59:06.778263304,2025-01-01 22:08:55.855059446,card,medium,email,3.0,resolved
3679,4116,2025-01-01 15:30:33.044799922,2025-01-01 16:57:52.799216498,fraud,urgent,in_app_chat,4.0,resolved
1058,1163,2025-01-01 16:37:42.874652530,2025-01-02 06:29:50.558949770,app,medium,in_app_chat,3.0,resolved
87,92,2025-01-01 22:52:26.630785767,,kyc,high,email,,closed_unresolved
1846,2028,2025-01-02 02:53:11.003218598,2025-01-04 01:46:57.936378438,billing,low,email,3.0,resolved
4676,5193,2025-01-02 05:43:37.693417656,2025-01-02 13:18:01.880855431,fraud,high,in_app_chat,,resolved
2258,2502,2025-01-02 06:10:41.187952755,2025-01-03 12:48:36.914930075,billing,low,in_app_chat,3.0,resolved
3692,4129,2025-01-02 06:12:19.261426593,2025-01-03 05:53:09.496481153,card,medium,in_app_chat,3.0,resolved
5262,5825,2025-01-02 06:36:40.639427542,2025-01-03 07:43:39.813148033,billing,medium,in_app_chat,5.0,resolved
880,963,2025-01-02 08:26:58.473195020,2025-01-02 23:54:17.136997583,app,medium,phone,3.0,resolved
982,1073,2025-01-02 09:07:19.363643290,2025-01-03 11:52:53.302968611,card,medium,in_app_chat,4.0,resolved
4140,4625,2025-01-02 09:55:37.771342947,2025-01-04 03:09:22.043651137,account,low,email,4.0,resolved
1021,1126,2025-01-02 10:59:59.708027768,2025-01-06 10:42:43.183419686,billing,low,in_app_chat,,resolved
1620,1785,2025-01-02 17:14:59.159593213,2025-01-02 19:20:16.529025304,fraud,urgent,phone,,resolved
508,565,2025-01-02 18:27:33.311129074,2025-01-03 11:37:15.570659364,app,medium,email,4.0,resolved
4961,5534,2025-01-02 19:43:01.906046477,2025-01-03 19:49:42.359657172,kyc,medium,email,4.0,resolved
3836,4280,2025-01-02 19:45:32.593193236,2025-01-03 00:03:48.114796733,kyc,high,email,4.0,resolved
7103,7912,2025-01-02 22:15:08.140740102,,kyc,medium,in_app_chat,,closed_unresolved
3348,3754,2025-01-02 22:40:18.220987148,2025-01-03 13:36:57.307302884,card,medium,in_app_chat,,resolved
6385,7156,2025-01-03 01:35:24.033623501,2025-01-05 18:55:01.838191661,billing,low,in_app_chat,3.0,resolved
6527,7321,2025-01-03 01:52:38.069372107,2025-01-03 05:26:26.579577872,fraud,high,in_app_chat,4.0,resolved
981,1071,2025-01-03 05:25:06.820614975,,kyc,medium,phone,,open
3898,4355,2025-01-03 05:26:06.628259238,2025-01-03 18:19:11.515371967,kyc,high,in_app_chat,,resolved
428,476,2025-01-03 05:49:48.700291935,,card,high,phone,,closed_unresolved
4566,5063,2025-01-04 01:11:52.404111219,2025-01-06 16:56:53.491572625,card,low,in_app_chat,4.0,resolved
2835,3173,2025-01-04 05:07:04.920453022,2025-01-04 22:16:18.282580729,app,medium,email,4.0,resolved
2245,2489,2025-01-04 05:31:32.307041133,2025-01-05 00:54:57.205690531,card,medium,phone,,resolved
1727,1886,2025-01-04 05:31:51.585736281,,account,medium,in_app_chat,,open
4485,4985,2025-01-04 12:24:38.420191480,2025-01-05 02:18:17.099038390,account,medium,in_app_chat,,resolved
2153,2374,2025-01-04 13:06:00.619903045,2025-01-06 01:59:16.202639987,card,medium,email,3.0,resolved
4477,4973,2025-01-04 15:09:06.655416926,2025-01-08 07:14:48.656019886,account,low,email,2.0,resolved
3019,3387,2025-01-04 15:12:47.056780575,2025-01-06 23:24:36.840748908,account,low,email,,resolved
3157,3531,2025-01-05 01:17:10.765085032,2025-01-05 23:41:46.669088872,billing,low,in_app_chat,3.0,resolved
6967,7749,2025-01-05 02:31:49.341221650,2025-01-07 09:14:16.622453185,account,low,in_app_chat,,resolved
1868,2050,2025-01-05 06:23:28.887307920,2025-01-07 00:58:37.595094558,kyc,low,in_app_chat,3.0,resolved
901,979,2025-01-05 06:46:37.771295920,2025-01-05 10:17:33.010786784,fraud,urgent,in_app_chat,5.0,resolved
4646,5156,2025-01-05 09:08:39.262962664,,kyc,high,in_app_chat,,open
5130,5696,2025-01-05 17:03:54.772678589,2025-01-06 00:13:21.458221555,account,medium,in_app_chat,,resolved
1638,1808,2025-01-05 17:50:58.060535472,2025-01-08 00:20:04.623366250,account,medium,in_app_chat,3.0,resolved
2713,3044,2025-01-05 22:41:17.184043988,2025-01-06 01:22:06.551112934,kyc,high,in_app_chat,4.0,resolved
2117,2335,2025-01-06 00:14:38.850548026,2025-01-10 11:17:55.022296946,billing,low,in_app_chat,,resolved
1214,1336,2025-01-06 01:04:13.788382935,2025-01-07 06:16:00.016940811,app,low,in_app_chat,,resolved
4818,5372,2025-01-06 04:30:09.749180364,2025-01-06 06:52:10.740639060,fraud,urgent,in_app_chat,4.0,resolved
1600,1769,2025-01-06 04:38:07.402729280,2025-01-07 19:49:34.122113645,billing,low,email,2.0,resolved
1712,1869,2025-01-06 08:11:02.738052156,,card,low,phone,,open
877,960,2025-01-06 13:04:58.442162960,2025-01-07 04:35:05.929249838,app,medium,in_app_chat,4.0,resolved
6517,7310,2025-01-06 18:51:26.032039583,2025-01-07 20:44:31.343850914,billing,medium,phone,5.0,resolved
2348,2608,2025-01-06 19:11:56.514575218,2025-01-07 13:40:28.809109223,account,low,in_app_chat,4.0,resolved
4218,4703,2025-01-06 23:31:51.609900236,2025-01-07 16:20:21.883288126,fraud,medium,in_app_chat,,resolved
4226,4712,2025-01-07 04:48:46.595276386,2025-01-07 11:18:58.028886775,card,high,in_app_chat,4.0,resolved
3477,3894,2025-01-07 06:10:28.464688669,2025-01-09 21:52:19.181643683,card,low,in_app_chat,3.0,resolved
121,130,2025-01-07 09:30:31.888444622,,fraud,high,in_app_chat,,closed_unresolved
6217,6945,2025-01-07 10:30:35.480762130,2025-01-14 18:13:37.305623068,app,low,in_app_chat,,resolved
2278,2527,2025-01-07 11:18:23.512925805,2025-01-09 05:40:50.223074369,account,low,email,,resolved
7006,7789,2025-01-07 11:24:38.290194426,2025-01-07 14:15:14.960041604,kyc,high,in_app_chat,4.0,resolved
438,484,2025-01-07 12:24:02.406545807,2025-01-11 07:31:24.076395888,app,low,in_app_chat,,resolved
4479,4974,2025-01-07 15:26:26.257102840,2025-01-08 00:20:45.322770113,fraud,high,email,,resolved
3661,4094,2025-01-07 15:59:02.186792154,2025-01-09 20:19:53.810763874,app,low,email,,resolved
2820,3161,2025-01-07 16:09:54.852429608,2025-01-08 09:04:00.624906412,kyc,medium,phone,4.0,resolved
4638,5136,2025-01-07 16:28:35.572307629,2025-01-07 17:41:01.881856619,fraud,urgent,email,,resolved
2522,2837,2025-01-07 17:34:23.466116366,2025-01-08 04:17:01.155891306,account,high,in_app_chat,,resolved
123,133,2025-01-07 17:49:56.479797840,2025-01-11 18:40:45.249570426,app,low,email,4.0,resolved
5727,6379,2025-01-07 17:58:25.091840170,2025-01-09 05:00:59.483084660,billing,low,in_app_chat,4.0,resolved
1920,2129,2025-01-07 18:49:20.048962918,2025-01-08 06:19:33.363296654,kyc,medium,email,,resolved
4461,4956,2025-01-07 20:50:18.098544514,,billing,medium,in_app_chat,,open
325,346,2025-01-07 21:21:53.403915960,2025-01-08 13:48:44.434853053,kyc,medium,in_app_chat,3.0,resolved
4321,4816,2025-01-07 21:52:45.553314607,2025-01-08 10:27:34.512430855,account,medium,email,4.0,resolved
4994,5565,2025-01-07 22:18:00.205375818,2025-01-09 06:07:30.288730650,kyc,medium,email,,resolved
2313,2572,2025-01-07 22:39:08.285871965,2025-01-08 11:15:46.655468108,fraud,high,in_app_chat,5.0,resolved
5895,6570,2025-01-08 00:20:08.103073058,2025-01-09 22:02:24.566799874,card,low,in_app_chat,3.0,resolved
3600,4029,2025-01-08 01:24:39.228732576,2025-01-08 05:55:09.465451050,card,medium,in_app_chat,5.0,resolved
4324,4819,2025-01-08 03:22:26.288703189,2025-01-08 11:13:27.919080221,kyc,high,in_app_chat,5.0,resolved
3803,4246,2025-01-08 07:18:44.288608950,2025-01-09 00:25:39.496720864,card,medium,phone,3.0,resolved
1785,1953,2025-01-08 08:27:19.999881155,2025-01-08 18:00:43.777517209,fraud,medium,email,4.0,resolved
404,448,2025-01-08 08:32:31.481545799,2025-01-08 19:52:39.325452608,account,medium,in_app_chat,4.0,resolved
1745,1916,2025-01-08 10:02:33.369605393,,fraud,urgent,phone,,open
5381,5987,2025-01-08 12:03:17.732714492,,app,low,phone,,closed_unresolved
2086,2294,2025-01-08 13:13:47.639224928,2025-01-14 12:08:00.439227478,billing,low,email,3.0,resolved
5503,6134,2025-01-08 14:37:30.533377828,2025-01-09 06:50:17.965433226,billing,medium,email,,resolved
33,29,2025-01-08 18:11:24.797339448,2025-01-09 04:37:56.508759768,card,medium,phone,4.0,resolved
807,887,2025-01-08 19:47:45.975405655,2025-01-09 12:01:14.432251769,kyc,medium,email,4.0,resolved
254,277,2025-01-08 20:15:16.213766388,2025-01-08 23:26:59.910626690,fraud,high,email,4.0,resolved
2924,3295,2025-01-09 00:32:26.596734650,,card,high,email,,open
1915,2122,2025-01-09 00:41:30.497987322,2025-01-09 04:34:58.707850974,kyc,high,in_app_chat,3.0,resolved
6076,6782,2025-01-09 01:14:33.679547548,,app,medium,phone,,closed_unresolved
1047,1152,2025-01-09 04:15:05.472827974,2025-01-10 06:22:48.720984876,billing,medium,in_app_chat,3.0,resolved
3382,3786,2025-01-09 07:27:37.148140895,2025-01-09 19:35:57.371955285,kyc,medium,in_app_chat,4.0,resolved
7015,7800,2025-01-09 09:13:19.938608112,2025-01-09 21:57:55.847111184,billing,medium,in_app_chat,,resolved
5479,6095,2025-01-09 10:13:09.363506139,2025-01-09 16:47:45.428905079,card,high,email,5.0,resolved
4237,4722,2025-01-09 13:04:44.333622540,,app,medium,phone,,open
4476,4970,2025-01-09 13:39:26.442454415,,card,high,phone,,open
2165,2388,2025-01-09 15:33:41.486058561,2025-01-10 04:45:55.287290829,billing,medium,in_app_chat,,resolved
3237,3631,2025-01-09 15:58:21.670445118,2025-01-10 03:10:18.033886549,account,medium,in_app_chat,5.0,resolved
2166,2389,2025-01-09 18:54:38.173611165,2025-01-10 17:00:53.939050701,app,medium,email,4.0,resolved
893,973,2025-01-09 19:25:34.427354738,2025-01-10 21:49:42.707453666,billing,medium,in_app_chat,4.0,resolved
4481,4978,2025-01-09 23:25:48.846397736,2025-01-10 20:46:13.464088220,kyc,medium,in_app_chat,4.0,resolved
2718,3049,2025-01-10 03:17:09.176720208,2025-01-11 07:52:58.867135305,kyc,medium,email,,resolved
5055,5620,2025-01-10 12:40:24.021809316,2025-01-11 04:27:47.234204786,billing,medium,email,5.0,resolved
6864,7644,2025-01-10 12:44:26.051920310,,app,low,email,,open
3332,3737,2025-01-10 13:17:02.098131714,2025-01-11 05:50:00.076562604,app,high,phone,3.0,resolved
497,553,2025-01-10 16:09:30.136279170,,account,low,in_app_chat,,closed_unresolved
3733,4181,2025-01-10 17:59:00.662562957,2025-01-12 09:14:19.699446678,card,medium,in_app_chat,3.0,resolved
4815,5364,2025-01-10 23:11:36.175555703,2025-01-11 05:24:27.195851089,card,low,in_app_chat,4.0,resolved
1475,1614,2025-01-11 00:53:50.617688870,2025-01-11 05:03:23.937631516,fraud,high,in_app_chat,4.0,resolved
3577,4014,2025-01-11 07:28:45.318618347,2025-01-11 16:33:23.242822358,account,medium,in_app_chat,,resolved
6968,7752,2025-01-11 10:16:56.433794759,2025-01-11 15:21:40.265349647,card,high,in_app_chat,4.0,resolved
5629,6281,2025-01-11 13:06:05.435366774,2025-01-12 10:56:56.145739001,card,low,in_app_chat,,resolved
6647,7431,2025-01-11 13:41:27.397859308,2025-01-11 22:36:31.557489050,fraud,high,in_app_chat,5.0,resolved
4531,5032,2025-01-11 14:23:58.313079355,2025-01-12 22:55:10.037702668,card,low,in_app_chat,4.0,resolved
3509,3933,2025-01-11 15:24:24.800342636,2025-01-12 04:01:31.079821992,app,medium,in_app_chat,,resolved
1738,1898,2025-01-11 15:49:36.440540247,2025-01-12 14:36:58.317409452,account,low,in_app_chat,3.0,resolved
2921,3290,2025-01-11 16:57:59.372385920,2025-01-11 19:16:56.208609707,card,high,in_app_chat,5.0,resolved
5553,6187,2025-01-11 17:09:18.086838413,2025-01-12 18:20:24.782544025,card,medium,in_app_chat,4.0,resolved
76,81,2025-01-11 19:38:18.124112374,2025-01-13 01:04:52.474860727,billing,medium,in_app_chat,4.0,resolved
6693,7474,2025-01-11 21:45:48.258985705,2025-01-14 17:56:13.622501749,billing,low,in_app_chat,4.0,resolved
2849,3185,2025-01-11 23:23:05.290676589,2025-01-12 20:58:28.939852323,billing,medium,in_app_chat,3.0,resolved
2390,2666,2025-01-12 01:50:41.673701172,,fraud,urgent,email,,open
7108,7916,2025-01-12 02:14:27.976461146,2025-01-12 15:50:23.337241082,account,medium,in_app_chat,5.0,resolved
2397,2679,2025-01-12 02:41:37.842131832,2025-01-12 15:50:23.278487510,app,medium,in_app_chat,,resolved
5913,6595,2025-01-12 03:13:52.096711327,2025-01-15 09:32:28.426193446,card,low,email,4.0,resolved
3507,3933,2025-01-12 03:24:02.204178716,2025-01-12 15:05:34.749670706,billing,medium,in_app_chat,4.0,resolved
638,710,2025-01-12 04:09:23.208911755,2025-01-12 06:02:41.777691914,app,urgent,email,,resolved
7150,7950,2025-01-12 05:02:01.178747923,2025-01-12 20:23:51.344313993,fraud,high,in_app_chat,4.0,resolved
1949,2158,2025-01-12 07:11:28.218741417,2025-01-15 07:20:14.865337035,card,low,email,,resolved
1217,1338,2025-01-12 07:12:19.216658868,2025-01-14 16:27:55.304505956,app,low,email,3.0,resolved
1254,1372,2025-01-12 10:23:11.409794534,2025-01-13 23:03:12.838068795,billing,low,in_app_chat,4.0,resolved
478,534,2025-01-12 13:52:27.504768950,2025-01-13 23:31:04.183573608,billing,low,email,3.0,resolved
1860,2042,2025-01-12 14:04:22.488642618,2025-01-12 23:36:02.047990893,card,medium,in_app_chat,4.0,resolved
3445,3854,2025-01-12 15:10:27.850387944,2025-01-14 05:46:07.598965961,app,medium,email,3.0,resolved
5251,5815,2025-01-12 16:25:01.224907887,2025-01-14 02:20:05.348375194,billing,medium,in_app_chat,4.0,resolved
201,223,2025-01-12 16:34:05.544064174,2025-01-14 00:51:33.567857081,billing,medium,phone,,resolved
4673,5190,2025-01-12 17:29:45.044298752,,account,low,phone,,closed_unresolved
4406,4894,2025-01-12 18:05:41.149238092,2025-01-13 06:29:53.753013106,card,medium,in_app_chat,4.0,resolved
955,1043,2025-01-12 18:43:51.669565320,,account,urgent,email,,closed_unresolved
4113,4588,2025-01-12 21:15:39.267096868,2025-01-14 05:05:52.186180303,app,medium,email,3.0,resolved
1883,2070,2025-01-12 22:35:45.756088563,2025-01-13 15:19:57.919799428,card,medium,in_app_chat,,resolved
5045,5611,2025-01-13 01:00:23.253344856,2025-01-13 09:20:50.614006347,card,medium,in_app_chat,4.0,resolved
285,312,2025-01-13 03:13:05.810516650,2025-01-13 22:08:15.001038828,kyc,medium,phone,,resolved
878,961,2025-01-13 05:39:04.933757471,2025-01-13 10:22:37.907880403,card,high,in_app_chat,5.0,resolved
5814,6476,2025-01-13 07:53:01.486674749,2025-01-14 05:41:43.478315355,app,low,phone,,resolved
1034,1143,2025-01-13 09:07:34.676903709,,card,medium,in_app_chat,,open
2883,3239,2025-01-13 09:25:28.117333024,2025-01-13 11:25:35.655603053,fraud,urgent,email,3.0,resolved
6937,7715,2025-01-13 10:38:14.826053509,2025-01-14 17:57:29.087328626,account,low,in_app_chat,5.0,resolved
4447,4944,2025-01-13 11:21:44.389286472,2025-01-14 04:37:53.557190138,account,low,in_app_chat,4.0,resolved
1397,1530,2025-01-13 14:07:50.484055753,2025-01-14 07:36:03.555483713,card,medium,in_app_chat,,resolved
4553,5053,2025-01-13 18:39:02.301412605,2025-01-13 23:41:30.551786247,billing,high,email,4.0,resolved
5765,6418,2025-01-13 19:04:08.985469100,2025-01-13 20:12:49.110742161,fraud,urgent,email,4.0,resolved
275,300,2025-01-13 20:09:14.272413629,2025-01-14 18:24:40.674821160,card,medium,in_app_chat,,resolved
3851,4301,2025-01-13 20:24:12.885398758,,billing,medium,email,,closed_unresolved
6120,6829,2025-01-13 23:16:05.347224914,2025-01-16 12:31:27.106616138,account,low,in_app_chat,,resolved
3841,4285,2025-01-14 00:04:02.637591614,2025-01-14 01:53:43.004101005,fraud,urgent,in_app_chat,,resolved
2340,2602,2025-01-14 02:49:14.395395728,2025-01-14 05:03:04.760094291,app,high,in_app_chat,5.0,resolved
5326,5910,2025-01-14 04:07:17.743313392,2025-01-17 21:15:25.487174657,kyc,medium,in_app_chat,4.0,resolved
2808,3148,2025-01-14 05:14:45.378548805,,fraud,high,in_app_chat,,open
1481,1621,2025-01-14 05:43:43.445950426,2025-01-15 07:50:39.697740500,app,medium,in_app_chat,,resolved
1520,1667,2025-01-14 09:03:41.621235848,2025-01-14 12:41:06.442203916,billing,high,in_app_chat,5.0,resolved
3021,3390,2025-01-14 10:54:48.170718613,2025-01-14 14:12:27.861063167,fraud,urgent,email,5.0,resolved
4909,5474,2025-01-14 12:35:05.650880271,2025-01-16 00:36:14.956704613,app,medium,phone,4.0,resolved
2262,2507,2025-01-14 16:29:42.688872386,2025-01-15 16:06:03.582662657,card,medium,email,4.0,resolved
6386,7159,2025-01-14 16:36:20.951510909,2025-01-15 01:49:29.829744002,fraud,high,in_app_chat,,resolved
6185,6908,2025-01-14 18:02:47.333981371,2025-01-15 12:57:32.377523723,app,medium,phone,4.0,resolved
5610,6257,2025-01-14 19:57:02.717004012,2025-01-17 17:28:14.352081559,app,medium,in_app_chat,,resolved
3130,3503,2025-01-14 21:11:01.276164798,2025-01-15 23:00:33.320682435,kyc,medium,in_app_chat,1.0,resolved
5093,5651,2025-01-14 21:30:46.315513702,2025-01-17 02:43:20.273599933,billing,low,in_app_chat,3.0,resolved
4149,4633,2025-01-14 22:39:21.333452276,2025-01-15 09:09:56.226824451,billing,high,in_app_chat,,resolved
3804,4247,2025-01-14 23:30:21.729541285,2025-01-15 18:00:10.736972824,card,medium,in_app_chat,,resolved
5001,5571,2025-01-15 00:42:22.464050097,,app,low,in_app_chat,,closed_unresolved
4411,4900,2025-01-15 01:30:31.467875094,2025-01-15 13:09:40.027129214,card,medium,email,,resolved
6295,7043,2025-01-15 02:38:09.492102795,2025-01-15 16:13:48.317883755,billing,medium,email,3.0,resolved
3505,3930,2025-01-15 04:26:58.230030096,2025-01-15 05:01:37.678587784,card,urgent,in_app_chat,,resolved
797,879,2025-01-15 04:44:39.792850661,2025-01-16 19:14:18.375424211,billing,low,email,,resolved
2521,2835,2025-01-15 07:40:19.662625346,2025-01-15 09:50:59.793554099,kyc,high,phone,,resolved
3983,4442,2025-01-15 09:58:30.239656389,,kyc,medium,in_app_chat,,open
1706,1862,2025-01-15 10:01:16.700911991,2025-01-15 14:16:51.190279256,billing,high,email,,resolved
6526,7320,2025-01-15 15:21:24.056127080,2025-01-16 16:38:36.066818303,kyc,medium,in_app_chat,3.0,resolved
660,734,2025-01-15 19:02:40.484843664,2025-01-16 00:37:55.289626089,app,high,in_app_chat,3.0,resolved
6671,7459,2025-01-15 19:09:38.888993448,2025-01-16 19:10:49.861892402,app,low,in_app_chat,,resolved
1991,2193,2025-01-15 19:49:56.166316337,2025-01-16 15:41:25.589684330,card,medium,phone,4.0,resolved
5321,5906,2025-01-15 23:31:07.829995843,2025-01-16 06:43:53.860497819,app,medium,in_app_chat,4.0,resolved
5576,6215,2025-01-16 04:15:54.131705159,2025-01-19 00:35:13.219538130,billing,medium,phone,3.0,resolved
1601,1771,2025-01-16 07:31:14.640167202,2025-01-16 15:04:33.295694388,fraud,high,in_app_chat,4.0,resolved
366,410,2025-01-16 11:27:23.868478247,,app,medium,in_app_chat,,open
513,569,2025-01-16 18:40:52.931159901,2025-01-18 23:37:43.611310899,billing,low,in_app_chat,4.0,resolved
3474,3893,2025-01-16 21:55:29.953340901,2025-01-17 03:13:46.136836366,fraud,high,email,,resolved
2015,2223,2025-01-17 00:12:28.792688178,,kyc,medium,email,,closed_unresolved
1731,1891,2025-01-17 00:16:00.393350160,2025-01-17 08:13:39.211092184,kyc,high,email,4.0,resolved
5480,6098,2025-01-17 04:01:59.479327822,2025-01-17 17:22:50.188567637,kyc,medium,phone,,resolved
5044,5608,2025-01-17 05:57:35.905163348,2025-01-17 16:48:30.543902228,billing,medium,email,4.0,resolved
2908,3273,2025-01-17 07:07:44.970579019,2025-01-17 15:27:16.352477625,billing,high,in_app_chat,4.0,resolved
3695,4133,2025-01-17 09:28:57.912660837,2025-01-18 01:03:35.815466949,billing,medium,in_app_chat,3.0,resolved
6885,7667,2025-01-17 10:33:08.876106365,2025-01-17 13:01:18.647452212,fraud,urgent,in_app_chat,,resolved
6876,7658,2025-01-17 10:54:34.550983247,2025-01-17 19:06:39.142212657,fraud,high,email,5.0,resolved
3263,3657,2025-01-17 12:09:49.382685106,2025-01-17 19:41:04.511294971,kyc,medium,email,5.0,resolved
127,146,2025-01-17 14:12:36.548871350,2025-01-18 08:45:44.248184070,app,medium,phone,4.0,resolved
4080,4540,2025-01-17 16:03:00.189379218,2025-01-17 20:46:29.571039283,kyc,high,email,4.0,resolved
5315,5895,2025-01-17 18:17:00.210104534,,account,low,in_app_chat,,open
4460,4955,2025-01-17 20:16:48.478516256,2025-01-18 13:30:01.006408516,app,medium,in_app_chat,,resolved
4787,5326,2025-01-17 20:43:32.420308100,2025-01-18 13:57:20.139440470,card,medium,phone,3.0,resolved
6038,6743,2025-01-17 21:39:00.443668913,2025-01-19 06:01:37.284814004,app,medium,in_app_chat,3.0,resolved
3267,3664,2025-01-18 02:02:51.089827055,2025-01-20 06:38:02.888425084,kyc,medium,in_app_chat,3.0,resolved
5903,6580,2025-01-18 06:12:13.975392677,,billing,medium,in_app_chat,,open
2137,2355,2025-01-18 08:19:56.031786350,2025-01-19 14:22:30.736484738,billing,medium,in_app_chat,,resolved
86,91,2025-01-18 11:16:12.842912383,2025-01-18 18:59:58.222761725,app,medium,email,,resolved
2830,3168,2025-01-18 11:51:04.608265953,2025-01-20 00:20:39.418324990,app,low,in_app_chat,3.0,resolved
6231,6968,2025-01-18 12:08:09.681433272,2025-01-19 13:59:52.460989322,card,medium,in_app_chat,,resolved
2904,3269,2025-01-18 12:17:36.574209905,2025-01-18 16:06:26.581325683,app,medium,in_app_chat,4.0,resolved
674,745,2025-01-18 15:27:17.660145614,2025-01-18 22:20:33.576679060,kyc,high,in_app_chat,4.0,resolved
935,1020,2025-01-18 17:04:11.281496096,2025-01-19 01:03:25.888048100,fraud,high,in_app_chat,4.0,resolved
6572,7366,2025-01-18 20:23:44.424052175,2025-01-19 21:58:30.798952980,app,medium,phone,4.0,resolved
3459,3874,2025-01-19 02:16:29.318149476,,fraud,urgent,phone,,open
3072,3434,2025-01-19 02:22:04.017627284,2025-01-19 04:01:44.007908450,billing,urgent,in_app_chat,,resolved
7023,7807,2025-01-19 02:28:11.407612416,,card,medium,in_app_chat,,closed_unresolved
2999,3365,2025-01-19 05:25:18.200937457,2025-01-19 20:39:07.253045549,card,medium,in_app_chat,,resolved
1980,2188,2025-01-19 09:06:16.991507620,,fraud,high,in_app_chat,,open
748,828,2025-01-19 14:27:36.386515817,,kyc,medium,email,,closed_unresolved
1395,1528,2025-01-19 16:15:29.039973842,2025-01-20 21:47:25.090175276,card,medium,in_app_chat,3.0,resolved
2763,3092,2025-01-19 19:24:08.105840593,2025-01-20 01:36:52.312637242,card,high,in_app_chat,4.0,resolved
2078,2285,2025-01-19 21:45:50.889399534,2025-01-20 01:00:19.954674900,card,high,in_app_chat,3.0,resolved
3990,4446,2025-01-19 22:49:52.301426168,2025-01-20 17:30:29.037165477,kyc,medium,in_app_chat,4.0,resolved
3100,3468,2025-01-19 23:39:25.711703081,,card,low,in_app_chat,,closed_unresolved
2226,2458,2025-01-20 02:18:17.156778010,2025-01-21 11:24:26.055815246,billing,medium,email,,resolved
1692,1853,2025-01-20 02:31:07.228866400,2025-01-20 07:55:22.984200437,card,medium,in_app_chat,4.0,resolved
5731,6386,2025-01-20 08:31:03.824986526,2025-01-20 18:55:42.988520348,kyc,medium,in_app_chat,3.0,resolved
733,811,2025-01-20 09:17:07.928272763,,kyc,low,email,,open
6641,7425,2025-01-20 11:58:48.170496915,2025-01-21 12:15:44.117722606,fraud,medium,phone,3.0,resolved
5470,6088,2025-01-20 14:03:03.438082111,,card,medium,in_app_chat,,closed_unresolved
4360,4857,2025-01-20 16:32:34.283931645,2025-01-20 19:46:16.481079732,card,high,email,,resolved
2145,2365,2025-01-20 19:13:18.864004702,2025-01-21 08:52:54.361910876,app,medium,email,5.0,resolved
5699,6349,2025-01-20 20:42:33.821776143,2025-01-23 16:11:46.501365150,app,medium,phone,,resolved
3255,3653,2025-01-20 20:50:04.242885973,2025-01-21 05:34:34.917035164,billing,medium,email,4.0,resolved
6192,6918,2025-01-20 21:11:17.581797049,2025-01-23 04:08:57.050731204,card,low,in_app_chat,3.0,resolved
4491,4992,2025-01-20 22:24:16.767398681,2025-01-22 03:12:36.241862726,billing,low,phone,3.0,resolved
1033,1142,2025-01-20 22:27:55.244026402,2025-01-21 08:41:03.938361293,app,medium,in_app_chat,3.0,resolved
2453,2742,2025-01-20 23:07:31.082155907,2025-01-21 08:44:35.040466885,kyc,medium,email,4.0,resolved
6084,6792,2025-01-21 00:27:54.042925896,2025-01-22 15:26:47.154845878,billing,medium,in_app_chat,4.0,resolved
5795,6452,2025-01-21 02:14:22.436274865,2025-01-21 11:10:43.401801259,billing,high,in_app_chat,,resolved
2042,2251,2025-01-21 03:48:11.926080849,2025-01-26 22:34:22.638981553,card,low,in_app_chat,,resolved
1180,1306,2025-01-21 05:54:36.992195291,2025-01-21 10:09:19.142972589,fraud,high,in_app_chat,5.0,resolved
4153,4637,2025-01-21 06:30:49.679829754,2025-01-21 20:28:34.703205749,card,medium,email,3.0,resolved
2511,2827,2025-01-21 06:33:54.059780966,2025-01-22 21:53:15.346460277,billing,low,email,3.0,resolved
3097,3466,2025-01-21 07:58:44.601421319,,app,urgent,in_app_chat,,open
6696,7476,2025-01-21 08:56:46.463587863,2025-01-21 14:18:45.061027741,card,high,email,4.0,resolved
3329,3736,2025-01-21 10:14:09.923857180,2025-01-22 03:35:19.878404225,card,medium,in_app_chat,,resolved
2863,3203,2025-01-21 13:22:31.194730467,2025-01-22 07:44:12.187779436,account,medium,in_app_chat,3.0,resolved
4051,4508,2025-01-21 13:51:30.341490076,2025-01-22 08:53:55.316948837,kyc,medium,in_app_chat,,resolved
3625,4053,2025-01-21 14:45:43.812964140,,card,medium,email,,open
1773,1948,2025-01-21 23:16:55.640408410,2025-01-22 04:44:30.675210102,card,high,email,4.0,resolved
4146,4630,2025-01-22 01:48:43.629703418,2025-01-22 15:35:27.663460863,app,low,in_app_chat,,resolved
3434,3845,2025-01-22 04:10:41.729276354,2025-01-22 22:49:35.214223946,card,low,email,,resolved
832,911,2025-01-22 05:03:02.127644343,2025-01-22 14:27:47.404981863,card,medium,email,4.0,resolved
2747,3068,2025-01-22 05:48:44.758599004,2025-01-22 09:49:35.123695391,account,high,in_app_chat,3.0,resolved
5176,5744,2025-01-22 07:50:11.876447284,2025-01-22 23:21:53.614560973,app,medium,email,4.0,resolved
4129,4612,2025-01-22 08:48:05.945709617,2025-01-24 02:22:26.154101945,card,medium,in_app_chat,4.0,resolved
3852,4301,2025-01-22 10:02:06.971178742,2025-01-22 11:57:42.514536671,kyc,urgent,phone,,resolved
7067,7867,2025-01-22 15:28:53.942928951,2025-01-22 19:52:18.660729945,app,high,in_app_chat,,resolved
6635,7416,2025-01-22 16:41:39.378145603,,fraud,high,in_app_chat,,closed_unresolved
6856,7639,2025-01-22 19:41:36.597291057,2025-01-23 05:44:47.674689863,fraud,high,in_app_chat,,resolved
2097,2304,2025-01-22 20:37:45.916987157,2025-01-23 14:34:54.928380876,kyc,medium,in_app_chat,,resolved
1590,1754,2025-01-22 21:10:46.880881121,2025-01-23 02:21:14.908091550,card,high,in_app_chat,,resolved
1641,1809,2025-01-23 00:41:07.208371533,2025-01-23 11:46:29.495331574,billing,medium,in_app_chat,,resolved
5285,5857,2025-01-23 01:40:20.600451425,,kyc,high,phone,,open
2730,3057,2025-01-23 03:41:41.790318014,2025-01-23 10:59:39.206753616,fraud,high,in_app_chat,,resolved
372,414,2025-01-23 05:04:27.804744744,2025-01-23 09:54:21.299499231,billing,high,in_app_chat,,resolved
1413,1547,2025-01-23 05:51:56.427001116,2025-01-25 22:58:11.389047526,kyc,low,in_app_chat,4.0,resolved
2276,2523,2025-01-23 08:46:17.984475258,2025-01-24 07:20:34.900879417,app,medium,email,3.0,resolved
2083,2291,2025-01-23 09:17:34.827555912,,card,medium,in_app_chat,,closed_unresolved
6210,6938,2025-01-23 11:01:00.002679067,2025-01-25 17:06:16.722695152,app,low,phone,4.0,resolved
3960,4421,2025-01-23 12:55:57.707139118,2025-01-23 23:52:21.897377453,billing,high,in_app_chat,,resolved
5394,6003,2025-01-23 13:14:39.786513328,2025-01-23 21:46:36.002311367,app,high,in_app_chat,5.0,resolved
4917,5482,2025-01-23 16:22:29.441544211,2025-01-24 14:55:35.366503767,app,medium,phone,4.0,resolved
4742,5284,2025-01-23 18:00:55.924600409,2025-01-25 12:24:08.927640186,kyc,low,in_app_chat,2.0,resolved
6680,7465,2025-01-23 19:03:55.916989398,2025-01-24 08:05:29.590510351,card,high,email,5.0,resolved
5613,6261,2025-01-23 21:15:25.086092310,,card,medium,email,,closed_unresolved
48,53,2025-01-24 00:52:00.533075669,2025-01-24 17:48:03.909017543,billing,medium,phone,4.0,resolved
206,225,2025-01-24 05:31:52.781353271,2025-01-24 08:46:56.314604713,card,high,phone,4.0,resolved
5636,6282,2025-01-24 06:03:25.116358561,2025-01-24 07:59:12.216867964,app,urgent,in_app_chat,5.0,resolved
5618,6265,2025-01-24 09:34:44.847150723,2025-01-24 16:25:00.616031796,app,medium,email,5.0,resolved
3746,4198,2025-01-24 11:39:36.998719387,2025-01-24 12:42:08.064761464,card,urgent,in_app_chat,,resolved
2510,2826,2025-01-24 14:09:10.120513694,2025-01-26 05:31:27.017315036,kyc,low,phone,3.0,resolved
2771,3099,2025-01-24 15:09:54.245322095,2025-01-25 01:53:01.508960610,account,medium,email,4.0,resolved
412,454,2025-01-24 19:35:24.580634844,2025-01-25 04:18:53.373802826,account,high,email,5.0,resolved
5308,5882,2025-01-24 22:11:13.514985098,2025-01-25 17:43:19.691083921,account,low,in_app_chat,4.0,resolved
5069,5630,2025-01-25 07:02:50.715733439,2025-01-25 15:05:23.515361406,fraud,high,in_app_chat,,resolved
841,917,2025-01-25 07:38:47.212244171,2025-01-27 11:31:12.521366623,billing,medium,phone,,resolved
2051,2260,2025-01-25 09:44:59.975535217,2025-01-26 10:49:38.664320977,app,medium,email,4.0,resolved
3724,4171,2025-01-25 14:31:53.489305704,2025-01-28 16:53:15.043741216,billing,medium,email,3.0,resolved
4400,4886,2025-01-25 15:46:50.559916051,2025-01-26 16:34:29.081668954,billing,medium,email,5.0,resolved
6731,7511,2025-01-25 17:19:06.651656592,,account,medium,email,,open
418,460,2025-01-25 20:52:26.912270904,2025-01-26 23:08:42.328302785,billing,low,in_app_chat,,resolved
2572,2893,2025-01-25 23:28:40.792811183,2025-01-27 15:29:10.437694574,kyc,low,email,5.0,resolved
2217,2444,2025-01-26 01:39:07.758281157,2025-01-27 06:18:16.156350155,kyc,medium,email,5.0,resolved
4849,5416,2025-01-26 02:21:35.716660476,2025-01-29 04:31:16.070330656,app,medium,in_app_chat,,resolved
6833,7614,2025-01-26 03:39:32.320615495,2025-01-29 12:32:56.584578421,fraud,medium,phone,,resolved
3409,3826,2025-01-26 03:46:37.858241337,2025-01-26 06:07:20.826058597,billing,high,phone,,resolved
5808,6471,2025-01-26 05:21:19.597627532,2025-01-26 06:36:35.732879789,card,urgent,in_app_chat,5.0,resolved
860,940,2025-01-26 05:27:49.976382047,2025-01-27 10:54:38.684390077,account,low,in_app_chat,4.0,resolved
5586,6226,2025-01-26 08:01:11.748081907,,account,high,in_app_chat,,open
1177,1302,2025-01-26 08:01:21.860249934,2025-01-26 10:30:51.848324928,card,high,in_app_chat,5.0,resolved
3605,4032,2025-01-26 08:04:35.652890282,2025-01-27 06:38:08.104903323,app,medium,phone,5.0,resolved
2555,2876,2025-01-26 08:57:51.176523879,,kyc,high,email,,open
1663,1829,2025-01-26 12:21:44.453992368,,card,high,phone,,closed_unresolved
4466,4961,2025-01-26 13:16:43.782591391,2025-01-27 17:45:31.510871109,app,low,in_app_chat,3.0,resolved
5569,6210,2025-01-26 20:06:05.389496222,2025-01-29 05:29:43.098647250,account,medium,in_app_chat,,resolved
5578,6217,2025-01-26 20:15:29.480458515,2025-01-26 21:42:19.974728250,card,urgent,in_app_chat,4.0,resolved
425,470,2025-01-26 20:55:54.716698352,2025-01-28 13:15:50.245481060,account,low,in_app_chat,5.0,resolved
705,781,2025-01-26 21:45:21.641625308,2025-01-27 13:26:39.480227540,fraud,medium,phone,5.0,resolved
4348,4844,2025-01-26 23:13:19.389973483,2025-01-27 19:49:32.606916999,card,medium,email,4.0,resolved
2974,3342,2025-01-27 01:26:10.694874370,2025-01-28 15:08:46.212656591,card,medium,in_app_chat,4.0,resolved
5635,6282,2025-01-27 04:24:38.436427166,2025-01-28 23:12:08.776489780,card,low,in_app_chat,,resolved
819,896,2025-01-27 08:31:04.201465376,2025-01-29 08:25:12.876315014,card,medium,in_app_chat,4.0,resolved
3749,4201,2025-01-27 13:55:15.371978445,2025-01-28 18:52:42.399941236,account,low,email,3.0,resolved
5879,6552,2025-01-27 22:09:30.572526283,2025-01-28 16:39:50.154138431,billing,medium,email,4.0,resolved
2565,2886,2025-01-27 22:57:57.900121678,2025-01-28 19:07:09.009888325,card,low,email,,resolved
3540,3966,2025-01-28 04:19:06.864520944,2025-01-28 13:52:27.682256193,kyc,medium,email,5.0,resolved
5420,6031,2025-01-28 04:28:32.435895259,2025-01-28 08:27:09.624017519,kyc,high,email,,resolved
1073,1184,2025-01-28 04:40:43.340235006,2025-01-28 13:38:30.073253884,account,low,email,,resolved
6499,7292,2025-01-28 05:39:44.118147012,2025-02-01 22:42:33.065642695,app,low,email,3.0,resolved
516,569,2025-01-28 06:12:01.147033938,2025-01-28 10:23:56.771943084,card,urgent,email,5.0,resolved
1392,1525,2025-01-28 06:24:19.582167600,2025-01-28 19:06:33.466115962,billing,medium,phone,,resolved
4727,5255,2025-01-28 06:41:48.934628105,2025-01-29 08:18:25.382722315,account,medium,phone,3.0,resolved
4120,4602,2025-01-28 16:48:44.697475399,2025-01-30 22:18:06.915565384,card,low,in_app_chat,5.0,resolved
1722,1876,2025-01-28 18:11:59.447110240,,app,urgent,email,,closed_unresolved
2339,2601,2025-01-28 18:45:16.074222422,,app,low,email,,closed_unresolved
3330,3736,2025-01-28 21:55:13.354157029,2025-01-29 04:57:46.975056139,account,high,in_app_chat,5.0,resolved
6198,6925,2025-01-28 23:04:35.844208619,2025-01-29 02:38:39.903532220,kyc,high,email,4.0,resolved
6449,7229,2025-01-29 03:07:21.796306536,2025-01-29 13:14:55.087064998,kyc,medium,in_app_chat,,resolved
6840,7620,2025-01-29 04:15:32.748577081,,account,medium,email,,closed_unresolved
3681,4120,2025-01-29 05:00:14.734606196,2025-01-29 23:11:15.727759042,app,medium,in_app_chat,4.0,resolved
6910,7691,2025-01-29 06:33:38.680824873,,fraud,high,in_app_chat,,closed_unresolved
7172,7975,2025-01-29 10:34:24.006440398,,kyc,medium,email,,open
4391,4880,2025-01-29 13:44:52.923067327,2025-01-30 01:51:22.039754783,card,medium,email,,resolved
5299,5873,2025-01-29 14:25:46.886771156,,card,medium,email,,open
5494,6120,2025-01-29 20:36:53.994342041,2025-02-03 00:18:44.449782961,billing,low,email,4.0,resolved
5038,5602,2025-01-30 02:05:54.792026410,2025-01-30 05:54:38.103683549,kyc,high,in_app_chat,3.0,resolved
574,637,2025-01-30 03:05:25.026929171,,app,medium,email,,closed_unresolved
2967,3337,2025-01-30 03:48:02.178854377,2025-01-30 14:00:11.476448366,billing,high,in_app_chat,4.0,resolved
5735,6390,2025-01-30 05:35:28.581691467,2025-01-31 04:49:48.218657218,app,low,email,3.0,resolved
1701,1859,2025-01-30 05:35:28.864567841,,account,low,email,,open
6668,7457,2025-01-30 05:46:45.125286643,,app,high,email,,open
4007,4465,2025-01-30 06:30:55.172616727,2025-01-30 10:17:51.127064432,kyc,high,in_app_chat,5.0,resolved
6978,7762,2025-01-30 06:49:42.457212644,2025-01-31 11:50:45.670860753,card,medium,email,,resolved
731,807,2025-01-30 10:44:55.224227725,,billing,low,email,,closed_unresolved
6537,7332,2025-01-30 11:02:46.643256430,2025-01-31 15:01:03.438500101,kyc,medium,in_app_chat,3.0,resolved
6158,6883,2025-01-30 16:12:01.990700547,2025-02-01 15:34:08.747401480,account,low,in_app_chat,4.0,resolved
6225,6956,2025-01-30 19:35:50.487268885,2025-02-02 06:37:04.350060499,app,low,in_app_chat,5.0,resolved
3024,3392,2025-01-30 20:08:23.797948384,2025-01-31 16:12:59.510837290,account,medium,in_app_chat,,resolved
4858,5428,2025-01-30 21:30:53.530722475,2025-01-31 12:43:43.322137863,app,medium,in_app_chat,,resolved
6932,7711,2025-01-30 21:46:22.006597160,2025-01-31 13:50:05.538984558,app,medium,phone,,resolved
3063,3426,2025-01-30 21:57:54.245353014,2025-02-01 17:17:54.728122804,account,low,phone,,resolved
1996,2199,2025-01-31 03:37:26.585502303,2025-01-31 09:11:56.755491275,card,high,in_app_chat,5.0,resolved
2398,2681,2025-01-31 05:20:54.553936136,2025-01-31 23:08:13.800547972,kyc,medium,in_app_chat,,resolved
5513,6146,2025-01-31 08:28:57.870162886,,app,high,email,,open
1758,1933,2025-01-31 08:48:12.604090253,2025-02-02 23:25:12.827661212,app,low,in_app_chat,5.0,resolved
5696,6346,2025-01-31 09:06:32.974440943,2025-01-31 12:18:31.768504785,account,high,in_app_chat,5.0,resolved
1226,1348,2025-01-31 12:13:49.826834745,2025-02-01 11:14:59.046798555,card,medium,in_app_chat,4.0,resolved
6904,7687,2025-01-31 12:48:34.274144111,,account,low,in_app_chat,,open
5804,6466,2025-01-31 13:30:44.558128719,2025-02-02 14:39:51.389855724,card,low,in_app_chat,,resolved
4395,4884,2025-01-31 15:08:37.622217929,2025-02-01 05:40:35.565032120,billing,medium,phone,2.0,resolved
6415,7192,2025-01-31 15:53:46.735158638,2025-02-01 00:57:23.936346550,kyc,medium,email,,resolved
639,711,2025-01-31 19:45:29.781518610,2025-01-31 22:57:45.451007072,fraud,urgent,email,5.0,resolved
4060,4515,2025-01-31 22:32:47.144426536,2025-02-01 13:21:43.240704638,kyc,medium,in_app_chat,,resolved
5919,6605,2025-01-31 22:34:23.350629103,2025-02-01 06:40:39.510592858,billing,medium,phone,,resolved
2679,3019,2025-02-01 00:48:57.483761319,2025-02-01 06:30:08.676020601,billing,medium,email,4.0,resolved
1871,2054,2025-02-01 03:55:15.489742437,2025-02-02 10:23:05.198995511,kyc,low,email,4.0,resolved
6545,7341,2025-02-01 04:27:11.516413777,2025-02-01 06:36:41.982662987,billing,high,phone,4.0,resolved
4640,5138,2025-02-01 08:08:44.375891853,,kyc,medium,in_app_chat,,closed_unresolved
1471,1606,2025-02-01 10:39:15.960519115,2025-02-01 17:43:21.311056365,app,high,phone,5.0,resolved
355,389,2025-02-01 11:31:18.208558148,2025-02-02 02:41:29.645124898,kyc,medium,in_app_chat,4.0,resolved
3752,4203,2025-02-01 13:21:48.400388395,2025-02-01 14:36:00.077385301,fraud,urgent,phone,4.0,resolved
245,266,2025-02-01 15:58:36.094975982,2025-02-02 07:53:52.910580638,billing,medium,phone,,resolved
5313,5893,2025-02-01 19:17:50.718734131,2025-02-02 01:34:44.336558863,app,high,email,,resolved
376,422,2025-02-01 22:37:49.821860798,2025-02-02 04:13:39.718644826,app,medium,phone,3.0,resolved
6774,7550,2025-02-02 01:44:04.786729350,2025-02-02 14:38:55.493861841,kyc,medium,email,4.0,resolved
5256,5821,2025-02-02 02:45:32.968980207,,app,medium,email,,closed_unresolved
6733,7514,2025-02-02 02:48:02.609317068,2025-02-03 19:30:13.132321249,card,medium,in_app_chat,,resolved
3700,4137,2025-02-02 05:02:59.352662336,2025-02-02 07:25:19.487035391,card,high,email,,resolved
5239,5796,2025-02-02 05:25:00.212630767,2025-02-02 19:54:16.934236285,app,high,in_app_chat,4.0,resolved
6027,6725,2025-02-02 07:11:10.042354930,2025-02-02 19:08:55.274933790,card,medium,email,,resolved
1057,1161,2025-02-02 08:09:57.444633334,2025-02-02 20:44:32.096105137,kyc,high,email,,resolved
2431,2715,2025-02-02 09:02:24.962625758,2025-02-02 21:14:15.133688188,card,medium,in_app_chat,4.0,resolved
2194,2412,2025-02-02 13:11:36.993047599,2025-02-06 14:03:10.491757065,account,low,in_app_chat,2.0,resolved
2942,3314,2025-02-02 18:07:45.526441140,,app,medium,in_app_chat,,closed_unresolved
5097,5657,2025-02-02 19:14:13.930627243,2025-02-02 20:29:04.027867331,billing,urgent,phone,5.0,resolved
1065,1170,2025-02-02 21:25:43.279229412,2025-02-03 13:26:25.348477425,kyc,medium,in_app_chat,3.0,resolved
4728,5255,2025-02-03 00:22:42.242648733,2025-02-03 05:07:29.496200290,billing,urgent,email,,resolved
3341,3743,2025-02-03 08:25:47.918266524,2025-02-03 09:44:12.042250107,app,high,in_app_chat,,resolved
4109,4577,2025-02-03 09:44:14.315171043,,card,medium,in_app_chat,,closed_unresolved
3551,3984,2025-02-03 09:48:54.076527898,2025-02-03 23:36:58.426473878,billing,low,phone,4.0,resolved
6473,7262,2025-02-03 11:26:28.434197863,,kyc,high,in_app_chat,,open
5922,6609,2025-02-04 00:37:51.141642430,2025-02-05 13:46:53.067003415,app,low,email,4.0,resolved
4382,4875,2025-02-04 01:28:43.185091350,2025-02-05 06:12:29.551202719,kyc,medium,in_app_chat,3.0,resolved
5773,6437,2025-02-04 04:18:32.013158405,2025-02-06 02:37:20.260236919,kyc,medium,email,3.0,resolved
6948,7731,2025-02-04 05:35:36.288841839,2025-02-04 08:16:38.602085572,account,urgent,in_app_chat,,resolved
6372,7140,2025-02-04 08:18:03.198791983,2025-02-10 10:04:05.346980960,card,low,phone,3.0,resolved
4021,4480,2025-02-04 09:43:35.167876037,2025-02-05 13:28:20.168972199,kyc,medium,in_app_chat,,resolved
1260,1380,2025-02-04 10:00:49.276760584,2025-02-08 08:39:00.107723077,app,low,in_app_chat,,resolved
5747,6402,2025-02-04 10:18:54.744878404,2025-02-04 14:55:00.234839830,app,high,phone,3.0,resolved
1979,2185,2025-02-04 10:54:09.185498239,2025-02-05 20:57:22.934967997,kyc,medium,in_app_chat,4.0,resolved
2064,2274,2025-02-04 11:47:21.060881589,2025-02-04 15:26:53.978117557,billing,urgent,in_app_chat,5.0,resolved
4104,4574,2025-02-04 12:30:11.343267593,2025-02-06 22:47:08.176198735,card,low,email,3.0,resolved
1076,1186,2025-02-04 18:30:14.317181409,2025-02-12 10:03:17.250973422,account,low,phone,,resolved
5051,5614,2025-02-04 22:48:43.127912773,2025-02-05 08:07:52.331723066,card,medium,email,4.0,resolved
5958,6644,2025-02-05 00:19:23.800389689,2025-02-05 12:45:45.258631339,kyc,medium,in_app_chat,3.0,resolved
1287,1403,2025-02-05 00:21:47.551321794,2025-02-05 06:16:16.081501988,app,high,in_app_chat,4.0,resolved
1194,1314,2025-02-05 00:36:55.733068612,2025-02-05 01:46:38.647812802,fraud,urgent,in_app_chat,4.0,resolved
929,1018,2025-02-05 03:15:49.698568676,,card,medium,email,,closed_unresolved
6177,6901,2025-02-05 05:17:51.185264904,2025-02-06 07:04:59.538596884,app,medium,email,4.0,resolved
3731,4179,2025-02-05 07:13:38.619704971,2025-02-05 15:18:39.509015565,kyc,medium,phone,4.0,resolved
6353,7117,2025-02-05 08:49:36.191877985,2025-02-05 19:20:46.945305581,billing,medium,email,4.0,resolved
2887,3249,2025-02-05 10:51:24.386918207,2025-02-05 16:23:57.427977949,card,high,email,5.0,resolved
364,409,2025-02-05 12:15:45.147207464,2025-02-06 01:36:00.071459892,app,medium,email,4.0,resolved
3172,3550,2025-02-05 15:02:02.330740147,2025-02-07 22:59:30.612731740,fraud,medium,in_app_chat,3.0,resolved
2782,3116,2025-02-05 15:49:01.385124539,2025-02-07 16:11:07.690937013,billing,low,phone,,resolved
3626,4053,2025-02-05 21:20:05.480901012,2025-02-06 00:34:19.044559533,kyc,high,email,4.0,resolved
5649,6292,2025-02-05 22:58:58.821000444,2025-02-05 23:40:43.339744443,billing,urgent,in_app_chat,4.0,resolved
350,373,2025-02-05 23:27:14.230792218,2025-02-06 20:43:22.161904191,account,medium,phone,4.0,resolved
3903,4359,2025-02-06 04:45:51.945498895,,card,high,phone,,open
1793,1967,2025-02-06 05:43:48.731187812,2025-02-08 15:13:50.001772848,account,low,email,,resolved
1406,1541,2025-02-06 06:08:46.025194200,,account,medium,in_app_chat,,open
316,336,2025-02-06 06:31:27.354455673,2025-02-06 21:08:05.047609933,app,medium,in_app_chat,3.0,resolved
5969,6652,2025-02-06 07:43:53.366566540,2025-02-08 15:40:59.203899403,billing,low,email,4.0,resolved
3557,3993,2025-02-06 08:00:55.011894082,2025-02-06 08:47:45.490555980,app,urgent,email,5.0,resolved
2667,3004,2025-02-06 08:45:37.546584174,2025-02-06 14:12:07.707005478,billing,high,email,4.0,resolved
4265,4753,2025-02-06 09:24:05.879667695,2025-02-06 16:38:23.030883453,fraud,high,in_app_chat,5.0,resolved
3262,3657,2025-02-06 12:44:30.367381320,2025-02-07 05:45:06.427552987,app,medium,email,4.0,resolved
6363,7129,2025-02-06 17:15:17.723649908,2025-02-06 23:30:11.320605290,card,high,email,4.0,resolved
3401,3811,2025-02-06 17:24:02.401409894,2025-02-07 20:41:49.946354238,card,low,in_app_chat,3.0,resolved
1019,1124,2025-02-06 18:39:27.727435059,2025-02-06 21:38:00.152640456,billing,high,email,3.0,resolved
6599,7384,2025-02-06 22:26:20.145770995,2025-02-07 20:44:20.506592072,app,medium,email,,resolved
2524,2839,2025-02-06 23:53:17.502560940,2025-02-07 06:20:48.391074566,billing,medium,email,5.0,resolved
4668,5178,2025-02-07 00:27:35.067189841,,card,low,in_app_chat,,open
6218,6947,2025-02-07 01:51:02.831724236,2025-02-07 17:55:35.442431762,app,low,in_app_chat,5.0,resolved
5558,6194,2025-02-07 05:08:09.843744258,,billing,medium,in_app_chat,,closed_unresolved
330,353,2025-02-07 06:57:34.131397806,2025-02-07 08:17:59.434323774,card,urgent,phone,,resolved
3986,4443,2025-02-07 07:47:24.693534818,2025-02-08 03:40:09.127305719,app,medium,phone,4.0,resolved
126,138,2025-02-07 10:15:56.521764279,,card,low,email,,closed_unresolved
4446,4944,2025-02-07 11:17:08.230791318,2025-02-09 02:40:46.817138478,kyc,low,in_app_chat,,resolved
2238,2475,2025-02-07 14:44:37.295976373,2025-02-07 23:23:29.365034425,billing,medium,in_app_chat,3.0,resolved
7112,7918,2025-02-07 18:23:17.599040767,2025-02-08 07:31:30.836032131,app,medium,in_app_chat,4.0,resolved
2071,2278,2025-02-07 19:03:29.103745487,2025-02-08 15:38:36.840466238,card,high,email,4.0,resolved
5298,5873,2025-02-07 19:03:51.357232595,2025-02-08 02:45:30.781891580,app,high,in_app_chat,,resolved
671,744,2025-02-07 23:52:07.512357048,2025-02-10 02:05:10.610929602,account,low,in_app_chat,,resolved
363,408,2025-02-08 08:26:57.624905546,2025-02-09 13:27:12.595017238,billing,low,in_app_chat,,resolved
3818,4260,2025-02-08 08:37:21.871661560,,account,medium,in_app_chat,,closed_unresolved
3112,3476,2025-02-08 10:36:26.845493639,2025-02-08 15:20:35.347193553,account,high,phone,5.0,resolved
3193,3578,2025-02-08 10:45:33.312861889,2025-02-09 00:05:27.526165292,card,high,in_app_chat,5.0,resolved
5212,5778,2025-02-08 11:04:02.872929840,2025-02-12 00:07:28.432308112,kyc,low,email,,resolved
1576,1735,2025-02-08 11:18:47.213297510,2025-02-10 02:24:26.248428500,kyc,medium,in_app_chat,4.0,resolved
2055,2262,2025-02-08 12:24:03.049750563,2025-02-09 10:17:10.535458035,card,medium,in_app_chat,,resolved
5325,5909,2025-02-08 13:12:54.644326583,2025-02-08 19:57:41.118252233,card,medium,email,,resolved
3250,3649,2025-02-08 18:14:55.114272553,2025-02-09 15:13:35.105283159,kyc,low,email,3.0,resolved
2420,2702,2025-02-08 18:15:33.083626904,,fraud,high,in_app_chat,,closed_unresolved
853,934,2025-02-08 19:24:15.635310505,,fraud,urgent,phone,,closed_unresolved
3759,4213,2025-02-08 20:21:39.109890038,2025-02-09 01:06:58.339114034,kyc,high,email,5.0,resolved
2746,3067,2025-02-08 20:26:36.209005949,2025-02-08 22:50:20.506522896,app,urgent,email,5.0,resolved
2030,2238,2025-02-08 22:10:40.227282580,2025-02-09 08:09:27.347206697,billing,medium,email,3.0,resolved
7110,7917,2025-02-09 06:06:04.121455161,,app,low,in_app_chat,,open
5626,6279,2025-02-09 07:37:09.734618334,2025-02-10 12:13:29.198240371,card,medium,in_app_chat,3.0,resolved
2675,3014,2025-02-09 07:42:58.975891418,2025-02-10 00:55:46.369770767,billing,medium,in_app_chat,,resolved
5644,6289,2025-02-09 08:09:31.998358823,2025-02-11 02:52:30.762949675,card,medium,in_app_chat,4.0,resolved
895,974,2025-02-09 09:24:29.706965182,2025-02-10 11:09:40.391417360,account,medium,in_app_chat,,resolved
5757,6410,2025-02-09 10:05:19.759485704,2025-02-10 18:55:30.319630900,account,medium,phone,,resolved
3227,3614,2025-02-09 12:39:59.339728514,2025-02-10 18:34:09.434859108,app,medium,in_app_chat,4.0,resolved
1373,1495,2025-02-09 13:43:45.067314541,2025-02-09 15:36:11.500122781,billing,high,email,,resolved
6508,7304,2025-02-09 14:43:05.854007484,2025-02-10 12:27:41.972790559,card,high,in_app_chat,4.0,resolved
568,631,2025-02-09 17:54:41.226043726,2025-02-09 20:01:55.366634718,fraud,urgent,phone,,resolved
6265,7009,2025-02-09 18:12:51.426480317,2025-02-10 10:19:55.326024985,kyc,medium,in_app_chat,3.0,resolved
1094,1205,2025-02-09 19:24:03.844789646,2025-02-10 00:22:26.840009114,account,high,email,5.0,resolved
4388,4879,2025-02-10 00:40:49.072715578,2025-02-10 04:28:32.800499257,account,high,in_app_chat,4.0,resolved
490,543,2025-02-10 03:13:25.832859985,2025-02-10 05:23:09.637581271,app,high,email,3.0,resolved
4765,5302,2025-02-10 05:50:01.545414486,2025-02-10 09:58:20.773234855,card,high,in_app_chat,4.0,resolved
6176,6900,2025-02-10 08:10:56.863065417,2025-02-10 14:32:38.361379797,billing,high,phone,4.0,resolved
186,206,2025-02-10 11:12:55.397359186,,card,low,in_app_chat,,open
4927,5495,2025-02-10 12:26:29.188792596,2025-02-13 15:56:19.326842176,account,low,email,,resolved
6902,7686,2025-02-10 12:46:15.254439674,2025-02-10 22:36:03.411861032,card,high,in_app_chat,3.0,resolved
5482,6102,2025-02-10 14:47:04.163160799,2025-02-13 03:33:02.845943131,kyc,low,email,4.0,resolved
4878,5443,2025-02-10 17:58:56.406889597,2025-02-11 03:29:54.238844354,account,medium,email,,resolved
6567,7361,2025-02-10 19:22:23.311690959,2025-02-11 12:40:03.785397187,card,medium,in_app_chat,4.0,resolved
6121,6832,2025-02-10 20:08:29.768708667,2025-02-12 17:00:34.382396005,account,low,in_app_chat,,resolved
3461,3875,2025-02-10 20:09:48.928248604,2025-02-11 14:11:26.978032772,app,medium,in_app_chat,5.0,resolved
6281,7021,2025-02-10 21:43:42.271033100,2025-02-11 04:34:28.669247661,billing,high,in_app_chat,4.0,resolved
3105,3472,2025-02-10 22:26:06.983866973,,account,low,in_app_chat,,open
2124,2344,2025-02-11 00:02:38.834562215,2025-02-11 02:09:06.177159591,fraud,urgent,phone,4.0,resolved
3113,3476,2025-02-11 05:14:52.092219600,2025-02-11 07:50:02.156882990,fraud,high,in_app_chat,4.0,resolved
864,947,2025-02-11 05:58:14.492775112,2025-02-13 01:06:59.205183714,app,low,in_app_chat,2.0,resolved
894,974,2025-02-11 07:38:32.083451096,2025-02-11 17:52:29.052234509,app,high,email,4.0,resolved
4788,5327,2025-02-11 08:33:21.516599911,2025-02-12 08:03:38.819029552,account,low,phone,4.0,resolved
1229,1350,2025-02-11 08:49:49.273267661,2025-02-11 15:22:58.178160765,card,high,in_app_chat,,resolved
6844,7625,2025-02-11 08:51:15.894813012,,card,low,email,,closed_unresolved
755,832,2025-02-11 09:37:14.070308692,,app,medium,email,,closed_unresolved
2872,3222,2025-02-11 09:39:22.239316071,2025-02-11 14:27:21.908494186,card,urgent,email,3.0,resolved
6685,7470,2025-02-11 11:53:26.787087945,2025-02-11 23:16:50.375238178,billing,medium,email,4.0,resolved
1724,1880,2025-02-11 12:22:52.524624460,2025-02-12 13:00:35.946391171,app,medium,in_app_chat,,resolved
4317,4812,2025-02-11 13:02:43.624363289,,app,medium,in_app_chat,,open
2832,3170,2025-02-11 16:00:11.993942664,2025-02-13 09:18:54.252832032,app,low,email,4.0,resolved
725,797,2025-02-11 16:18:23.471922444,2025-02-13 13:36:32.687407442,app,medium,phone,4.0,resolved
6001,6693,2025-02-11 16:51:10.087300877,2025-02-14 20:21:55.704659444,app,low,phone,5.0,resolved
4774,5310,2025-02-11 17:40:29.371302482,2025-02-12 08:48:26.160402051,kyc,medium,in_app_chat,4.0,resolved
2784,3119,2025-02-11 17:58:06.952563900,2025-02-14 10:51:07.524309292,billing,low,in_app_chat,,resolved
5910,6593,2025-02-11 18:15:00.349526753,2025-02-12 04:36:09.476235189,account,medium,in_app_chat,4.0,resolved
2447,2740,2025-02-11 18:27:55.024760557,2025-02-12 05:39:09.176521022,kyc,medium,in_app_chat,4.0,resolved
3043,3411,2025-02-11 22:47:58.315965452,2025-02-12 20:27:14.198426102,account,medium,in_app_chat,3.0,resolved
2110,2326,2025-02-11 23:34:15.411906612,,kyc,high,in_app_chat,,closed_unresolved
6862,7642,2025-02-12 00:17:26.750048164,2025-02-12 01:53:51.238377793,fraud,urgent,in_app_chat,,resolved
4865,5434,2025-02-12 00:24:08.851979975,2025-02-13 22:01:08.649773037,account,medium,phone,4.0,resolved
6241,6978,2025-02-12 01:11:44.726440554,2025-02-14 00:39:07.379115884,card,medium,in_app_chat,5.0,resolved
4991,5563,2025-02-12 01:22:40.683133116,2025-02-12 02:14:26.263741004,app,urgent,phone,5.0,resolved
6028,6726,2025-02-12 02:58:00.217780659,2025-02-12 06:59:05.075541895,fraud,high,email,4.0,resolved
5012,5580,2025-02-12 04:02:14.799024686,2025-02-12 08:59:01.692540952,kyc,medium,in_app_chat,5.0,resolved
3846,4289,2025-02-12 05:07:26.078441612,2025-02-12 11:53:17.599920250,kyc,high,in_app_chat,,resolved
612,689,2025-02-12 05:51:57.486001017,2025-02-16 19:10:56.870237513,app,low,in_app_chat,,resolved
704,780,2025-02-12 08:17:35.140815188,2025-02-14 01:46:48.624106456,kyc,medium,in_app_chat,4.0,resolved
1560,1715,2025-02-12 15:18:06.313255551,2025-02-12 22:46:53.473593257,account,high,in_app_chat,3.0,resolved
1609,1778,2025-02-12 17:46:40.018033084,,billing,medium,phone,,closed_unresolved
1763,1944,2025-02-12 17:55:17.347830507,,app,medium,in_app_chat,,closed_unresolved
4747,5287,2025-02-12 21:23:30.499074960,2025-02-13 04:02:14.880674497,account,high,in_app_chat,5.0,resolved
4292,4781,2025-02-12 23:21:11.791252972,,card,medium,email,,open
4749,5287,2025-02-12 23:56:18.080877981,,account,high,in_app_chat,,closed_unresolved
4132,4614,2025-02-13 06:42:33.633707339,2025-02-15 08:06:00.579540913,card,medium,phone,,resolved
6907,7688,2025-02-13 08:57:06.497927138,2025-02-13 12:54:24.645359540,fraud,high,in_app_chat,,resolved
6489,7281,2025-02-13 09:29:07.611730730,2025-02-13 22:52:53.923639172,kyc,medium,email,3.0,resolved
1888,2078,2025-02-13 10:54:08.347526879,2025-02-13 22:16:00.163675701,kyc,medium,phone,,resolved
4190,4667,2025-02-13 14:21:10.184086353,,card,medium,in_app_chat,,open
6787,7570,2025-02-13 14:27:24.716178567,2025-02-13 21:49:32.663841231,app,medium,phone,,resolved
3854,4302,2025-02-13 19:07:31.443249938,2025-02-14 21:07:26.407335837,billing,medium,in_app_chat,4.0,resolved
377,422,2025-02-13 19:30:43.510582762,2025-02-13 22:16:24.646874662,app,urgent,in_app_chat,5.0,resolved
1448,1586,2025-02-13 21:02:05.458597085,2025-02-13 23:05:17.431346253,fraud,urgent,in_app_chat,4.0,resolved
4240,4728,2025-02-13 21:53:30.260788811,2025-02-14 19:59:44.448550346,kyc,medium,phone,4.0,resolved
722,792,2025-02-13 22:38:12.923664345,2025-02-14 05:13:42.840560326,fraud,urgent,in_app_chat,,resolved
4079,4540,2025-02-14 00:59:46.429541148,2025-02-14 07:03:16.356939820,fraud,high,email,4.0,resolved
1149,1273,2025-02-14 02:26:32.436832761,2025-02-14 05:55:06.666267708,fraud,high,phone,,resolved
1545,1702,2025-02-14 02:31:59.944058016,2025-02-15 13:26:52.815336674,card,medium,in_app_chat,4.0,resolved
2988,3357,2025-02-14 04:19:12.861052403,,app,medium,in_app_chat,,closed_unresolved
2877,3228,2025-02-14 05:39:52.291857712,2025-02-14 11:05:34.119658648,billing,urgent,phone,4.0,resolved
4598,5089,2025-02-14 06:13:10.369043808,2025-02-14 07:52:27.453044515,app,high,in_app_chat,4.0,resolved
4692,5210,2025-02-14 08:40:16.229816440,,kyc,high,phone,,open
6603,7387,2025-02-14 08:46:41.554317057,2025-02-14 17:16:07.876861009,account,high,in_app_chat,3.0,resolved
6059,6760,2025-02-14 10:31:38.973111392,,account,high,in_app_chat,,closed_unresolved
503,560,2025-02-14 11:06:37.607480729,2025-02-14 23:51:13.122104499,billing,medium,phone,5.0,resolved
4662,5172,2025-02-14 13:24:57.736690986,2025-02-17 13:11:03.020526784,billing,low,email,,resolved
1797,1974,2025-02-14 14:55:05.543611178,2025-02-15 10:15:13.055987504,kyc,high,email,,resolved
5092,5651,2025-02-14 15:54:46.715593631,2025-02-21 09:19:11.877638298,billing,low,email,,resolved
936,1022,2025-02-14 17:18:13.490460434,2025-02-16 14:11:20.417370401,account,medium,in_app_chat,,resolved
5447,6065,2025-02-14 17:28:42.345018278,2025-02-16 02:52:34.195429718,card,low,in_app_chat,,resolved
4273,4760,2025-02-14 17:57:27.948340995,2025-02-17 21:27:24.322993888,billing,low,email,,resolved
4539,5041,2025-02-14 18:20:33.573762188,2025-02-15 03:21:34.723619753,account,medium,in_app_chat,4.0,resolved
2597,2931,2025-02-14 18:47:37.019093593,2025-02-14 22:34:10.184453759,kyc,high,in_app_chat,,resolved
6474,7264,2025-02-14 23:16:05.577166591,,billing,high,in_app_chat,,closed_unresolved
2914,3279,2025-02-15 02:05:01.399659846,,app,low,email,,closed_unresolved
2562,2882,2025-02-15 10:23:23.164243964,2025-02-16 15:44:11.777675652,card,medium,in_app_chat,4.0,resolved
85,91,2025-02-15 12:30:26.632939282,2025-02-16 16:12:11.149452307,billing,medium,in_app_chat,,resolved
5072,5633,2025-02-15 17:24:23.595031019,,card,medium,in_app_chat,,closed_unresolved
2471,2778,2025-02-15 18:31:08.765492658,,account,high,phone,,closed_unresolved
7052,7841,2025-02-16 00:42:55.506905167,2025-02-16 02:40:51.062189065,kyc,high,phone,,resolved
3772,4217,2025-02-16 01:08:50.333550066,2025-02-16 13:22:16.522330354,billing,medium,email,4.0,resolved
1462,1598,2025-02-16 05:03:42.644794631,2025-02-16 16:47:58.285818677,card,medium,email,4.0,resolved
6606,7393,2025-02-16 05:18:06.197737538,2025-02-16 11:16:26.453584630,card,high,in_app_chat,5.0,resolved
2261,2505,2025-02-16 07:38:45.484302448,2025-02-16 08:55:42.369831808,fraud,urgent,email,5.0,resolved
6429,7202,2025-02-16 09:23:47.253764065,2025-02-16 13:15:59.426046910,kyc,high,in_app_chat,,resolved
2299,2556,2025-02-16 09:47:05.049234162,2025-02-17 04:34:51.009844830,card,medium,in_app_chat,3.0,resolved
2346,2605,2025-02-16 09:49:26.025338208,,billing,medium,in_app_chat,,closed_unresolved
5041,5602,2025-02-16 10:33:48.410383291,2025-02-18 16:44:56.644562191,billing,low,in_app_chat,3.0,resolved
2861,3198,2025-02-16 12:05:59.838746922,2025-02-16 14:52:16.479532798,fraud,urgent,in_app_chat,,resolved
7093,7895,2025-02-16 14:57:16.332629791,2025-02-16 23:47:33.117376321,account,medium,phone,4.0,resolved
5924,6611,2025-02-16 16:44:09.239252694,2025-02-18 04:10:59.000266567,account,low,in_app_chat,4.0,resolved
323,344,2025-02-16 18:08:47.463111504,2025-02-17 05:05:38.959055308,account,high,in_app_chat,,resolved
4911,5475,2025-02-16 19:28:11.098708360,2025-02-17 20:59:05.987491422,card,medium,in_app_chat,,resolved
4906,5472,2025-02-16 19:28:42.252533330,2025-02-17 18:32:26.014281930,fraud,high,email,4.0,resolved
1181,1306,2025-02-16 21:53:51.956956201,2025-02-17 09:51:59.360193496,app,medium,in_app_chat,4.0,resolved
3995,4454,2025-02-16 22:01:16.708879531,2025-02-17 05:29:39.454008107,fraud,high,in_app_chat,,resolved
2136,2355,2025-02-16 23:55:32.953957273,2025-02-17 17:41:14.586759585,billing,medium,email,,resolved
3602,4030,2025-02-17 02:43:02.137138487,2025-02-17 23:27:02.259613337,billing,medium,email,,resolved
7179,7983,2025-02-17 02:49:55.293699072,,app,low,in_app_chat,,open
5761,6413,2025-02-17 03:23:35.210157164,2025-02-17 06:50:42.767162655,app,high,in_app_chat,,resolved
4907,5473,2025-02-17 03:41:59.959719018,2025-02-17 08:04:55.957271406,billing,high,email,4.0,resolved
1876,2058,2025-02-17 06:56:47.406693261,2025-02-18 00:45:37.529292719,card,medium,in_app_chat,5.0,resolved
4019,4478,2025-02-17 07:44:56.667218861,,account,medium,phone,,open
2419,2700,2025-02-17 07:52:00.257864923,2025-02-18 07:58:23.112134889,account,low,in_app_chat,,resolved
4196,4677,2025-02-17 10:49:14.011677825,2025-02-18 05:30:38.735141449,billing,medium,in_app_chat,,resolved
6450,7233,2025-02-17 13:14:05.571127305,,app,medium,email,,open
6683,7466,2025-02-17 13:42:27.996745760,,kyc,high,email,,closed_unresolved
3974,4434,2025-02-17 13:57:21.694664376,,account,medium,in_app_chat,,closed_unresolved
91,94,2025-02-17 14:10:02.568646660,,card,high,phone,,closed_unresolved
1483,1621,2025-02-17 20:18:02.793503926,2025-02-18 03:41:30.571004028,card,medium,in_app_chat,5.0,resolved
1501,1644,2025-02-17 20:30:02.242571567,2025-02-18 04:59:53.919936914,fraud,high,email,,resolved
5161,5726,2025-02-17 22:04:41.356508476,2025-02-19 21:20:58.063134392,billing,low,email,4.0,resolved
2935,3311,2025-02-17 22:11:21.932456066,2025-02-18 22:45:05.359807578,kyc,medium,email,4.0,resolved
5945,6634,2025-02-18 01:39:39.838884289,,billing,medium,phone,,open
7175,7977,2025-02-18 09:04:23.136784731,,billing,low,email,,open
3921,4379,2025-02-18 13:40:49.265637890,2025-02-20 07:49:25.220908450,billing,medium,in_app_chat,,resolved
2426,2708,2025-02-18 19:22:35.674693579,,card,medium,in_app_chat,,closed_unresolved
5497,6127,2025-02-18 19:35:32.126504159,2025-02-18 22:02:26.671218541,fraud,high,in_app_chat,4.0,resolved
7030,7817,2025-02-18 21:53:11.013502680,2025-02-19 17:50:02.603536592,billing,medium,email,,resolved
6478,7267,2025-02-18 22:25:42.458315185,2025-02-19 05:55:10.264531627,app,medium,email,,resolved
518,571,2025-02-18 23:27:33.977535528,2025-02-19 09:58:09.371135104,billing,medium,in_app_chat,4.0,resolved
218,238,2025-02-18 23:31:38.045138891,2025-02-19 14:30:41.259967167,kyc,high,phone,,resolved
6314,7065,2025-02-19 01:47:39.773676891,2025-02-19 21:34:41.393466624,app,low,in_app_chat,,resolved
4372,4866,2025-02-19 01:55:33.082285514,2025-02-20 04:50:13.862358717,billing,low,email,,resolved
1872,2055,2025-02-19 02:17:34.049526699,2025-02-21 14:02:28.207751903,billing,medium,phone,4.0,resolved
4801,5349,2025-02-19 03:36:16.545758846,2025-02-23 00:03:48.444859284,account,low,in_app_chat,4.0,resolved
1207,1327,2025-02-19 03:48:08.611723100,2025-02-19 22:23:55.570562838,card,medium,in_app_chat,4.0,resolved
2705,3038,2025-02-19 04:04:29.982924667,2025-02-19 08:46:48.275688845,fraud,urgent,email,4.0,resolved
6255,6995,2025-02-19 05:44:10.848565760,2025-02-21 03:15:57.537443815,account,medium,in_app_chat,4.0,resolved
5538,6176,2025-02-19 06:07:29.199900590,2025-02-19 22:54:36.688434965,app,medium,in_app_chat,5.0,resolved
3393,3804,2025-02-19 07:37:02.311001417,2025-02-19 12:09:32.780734735,fraud,high,in_app_chat,,resolved
6228,6963,2025-02-19 08:11:54.395137040,2025-02-20 03:30:29.353014346,app,medium,phone,4.0,resolved
3623,4051,2025-02-19 12:12:43.599662585,2025-02-20 01:12:55.378058615,kyc,high,in_app_chat,,resolved
209,230,2025-02-19 12:28:53.231130759,2025-02-20 01:25:25.984164804,fraud,high,in_app_chat,5.0,resolved
360,399,2025-02-19 12:34:28.199683542,2025-02-19 13:45:48.507284559,fraud,urgent,in_app_chat,,resolved
4875,5442,2025-02-19 14:18:35.736238252,2025-02-20 20:11:24.850074864,kyc,medium,phone,,resolved
2285,2537,2025-02-19 17:23:05.279860501,2025-02-20 16:47:50.993000085,kyc,medium,email,,resolved
1101,1209,2025-02-19 18:12:29.684353052,2025-02-20 06:23:22.549652399,billing,medium,in_app_chat,4.0,resolved
7111,7918,2025-02-19 22:05:51.939241105,2025-02-21 11:47:55.144380195,account,medium,in_app_chat,,resolved
5257,5822,2025-02-19 23:04:35.435659402,2025-02-20 08:54:15.343892137,account,high,email,5.0,resolved
3764,4214,2025-02-20 00:02:26.598918975,2025-02-21 08:35:38.228963861,fraud,medium,email,,resolved
2229,2463,2025-02-20 01:04:22.118593212,2025-02-21 01:02:13.632115850,card,medium,in_app_chat,,resolved
6951,7732,2025-02-20 05:41:43.296934375,2025-02-21 03:10:35.371386565,card,low,email,3.0,resolved
5739,6394,2025-02-20 09:33:07.069939747,2025-02-20 13:39:04.521916864,card,high,in_app_chat,3.0,resolved
4953,5529,2025-02-20 09:44:05.309075633,2025-02-20 15:10:48.684578591,app,urgent,phone,5.0,resolved
6592,7381,2025-02-20 10:13:43.433970816,2025-02-21 09:52:34.112904106,billing,low,in_app_chat,,resolved
4252,4742,2025-02-20 11:02:08.340939392,2025-02-21 02:19:09.433639686,billing,medium,in_app_chat,,resolved
1902,2104,2025-02-20 20:21:12.180750238,2025-02-20 22:31:43.935029305,account,high,in_app_chat,5.0,resolved
5768,6431,2025-02-20 22:43:02.174542400,,account,medium,phone,,closed_unresolved
3482,3900,2025-02-20 23:43:04.617176969,2025-02-21 06:05:49.750255229,kyc,high,phone,5.0,resolved
814,891,2025-02-21 00:58:52.839537988,2025-02-21 13:13:59.150518204,billing,medium,email,3.0,resolved
6283,7023,2025-02-21 02:45:26.731586283,2025-02-23 01:39:03.959721133,billing,medium,in_app_chat,4.0,resolved
4757,5295,2025-02-21 06:16:00.227467724,2025-02-22 14:21:30.459117278,account,medium,email,,resolved
4723,5249,2025-02-21 12:28:10.265719391,2025-02-21 21:19:48.513969312,kyc,medium,in_app_chat,3.0,resolved
2048,2258,2025-02-21 19:00:45.393173066,2025-02-22 09:53:50.368829530,billing,medium,email,4.0,resolved
1430,1565,2025-02-21 20:43:00.469682423,,account,high,in_app_chat,,closed_unresolved
5110,5671,2025-02-22 08:12:35.242407584,2025-02-23 10:31:26.579501289,account,medium,in_app_chat,,resolved
647,724,2025-02-22 09:16:11.876266974,2025-02-23 22:53:13.680259818,card,low,in_app_chat,3.0,resolved
1628,1794,2025-02-22 10:01:01.510464005,2025-02-22 14:44:26.621361695,kyc,high,in_app_chat,3.0,resolved
238,261,2025-02-22 14:29:00.834539084,2025-02-23 10:44:48.237286382,billing,medium,in_app_chat,3.0,resolved
2626,2962,2025-02-22 16:18:46.842393409,2025-02-26 17:00:09.939930811,account,low,in_app_chat,,resolved
4510,5011,2025-02-22 16:44:58.849050621,2025-02-22 18:56:26.135334910,fraud,high,phone,4.0,resolved
4465,4960,2025-02-22 16:57:54.278686863,2025-02-24 02:15:45.901145860,card,medium,phone,,resolved
1661,1825,2025-02-22 17:55:51.471486739,2025-02-22 22:31:03.679768322,kyc,high,email,4.0,resolved
6919,7703,2025-02-22 17:59:18.611693632,2025-02-24 19:54:47.016573916,billing,low,email,3.0,resolved
1024,1128,2025-02-22 19:19:21.658281568,2025-02-24 11:05:38.585917817,card,medium,in_app_chat,4.0,resolved
4544,5044,2025-02-22 19:33:50.804574707,2025-02-23 17:59:55.942685379,app,high,in_app_chat,4.0,resolved
2983,3353,2025-02-22 21:16:35.942767898,,card,high,in_app_chat,,closed_unresolved
6886,7668,2025-02-22 22:10:47.494991475,2025-02-23 13:09:25.711846942,card,medium,email,5.0,resolved
989,1080,2025-02-23 03:37:12.331879210,2025-02-24 16:06:22.172331356,card,medium,in_app_chat,,resolved
6286,7032,2025-02-23 04:52:12.616758350,2025-02-23 10:12:12.493510329,app,medium,email,,resolved
5931,6619,2025-02-23 04:55:04.550806505,2025-02-24 01:36:08.143437181,billing,medium,email,4.0,resolved
2103,2313,2025-02-23 14:42:42.561450276,2025-02-23 18:50:46.140164511,fraud,high,phone,3.0,resolved
5844,6511,2025-02-23 17:24:45.531870612,2025-02-24 11:16:51.032589717,billing,medium,email,4.0,resolved
6602,7386,2025-02-23 20:23:46.506763720,2025-02-25 14:05:48.844710571,billing,medium,email,,resolved
1926,2133,2025-02-23 21:38:35.426560439,2025-02-23 22:57:47.700229785,card,urgent,in_app_chat,4.0,resolved
4939,5511,2025-02-24 13:36:55.617614585,2025-02-25 05:45:58.778456269,app,medium,email,,resolved
2706,3038,2025-02-24 15:52:49.707047363,2025-02-27 11:50:46.466844299,billing,low,in_app_chat,,resolved
2215,2443,2025-02-24 16:08:48.899921458,2025-03-02 22:17:14.856843708,card,low,email,3.0,resolved
5573,6213,2025-02-24 18:22:18.851559919,2025-02-25 01:11:31.455249175,kyc,medium,in_app_chat,,resolved
3747,4199,2025-02-24 18:29:35.081955430,2025-02-25 08:08:17.567866416,app,medium,in_app_chat,3.0,resolved
3604,4032,2025-02-24 21:41:54.806888872,2025-02-25 02:38:15.798093817,card,high,phone,4.0,resolved
4701,5220,2025-02-24 21:54:00.686589687,2025-02-25 09:01:52.700442843,app,high,in_app_chat,4.0,resolved
2256,2501,2025-02-25 03:47:42.705650503,,billing,medium,in_app_chat,,open
3052,3416,2025-02-25 08:30:48.563756144,2025-02-26 00:48:15.100268800,billing,medium,phone,5.0,resolved
203,224,2025-02-25 10:36:35.877288280,2025-02-26 22:27:25.524692046,card,medium,email,4.0,resolved
902,980,2025-02-25 12:16:51.849512163,2025-02-26 12:19:31.900415257,app,medium,email,4.0,resolved
381,427,2025-02-25 12:59:00.860280080,,billing,low,in_app_chat,,closed_unresolved
4269,4754,2025-02-25 13:38:59.874933796,2025-02-25 17:06:51.165150698,fraud,urgent,email,5.0,resolved
534,590,2025-02-25 15:30:18.334315679,2025-03-02 01:45:11.763791429,kyc,low,in_app_chat,3.0,resolved
1563,1722,2025-02-25 15:52:24.835688181,2025-02-26 00:19:46.172557935,card,high,in_app_chat,3.0,resolved
4206,4685,2025-02-25 17:24:23.430590694,2025-02-26 09:17:41.583318921,kyc,medium,email,4.0,resolved
2430,2715,2025-02-25 17:36:52.647722138,2025-02-26 18:04:29.906276144,account,low,phone,3.0,resolved
6661,7448,2025-02-25 17:44:50.061232743,2025-02-27 02:57:40.546832196,billing,medium,phone,5.0,resolved
3031,3402,2025-02-25 18:35:42.004727802,2025-02-26 17:48:58.535853362,kyc,medium,email,4.0,resolved
5052,5619,2025-02-25 19:10:31.491565248,2025-02-27 11:50:50.179603174,billing,low,phone,,resolved
3165,3542,2025-02-25 19:40:09.961253618,,app,medium,in_app_chat,,closed_unresolved
5429,6048,2025-02-25 19:40:13.849728490,2025-02-27 01:03:19.535614687,card,medium,in_app_chat,,resolved
5662,6306,2025-02-25 21:05:35.575224380,,kyc,medium,phone,,open
792,877,2025-02-25 22:31:44.150759757,2025-02-26 00:09:41.644073398,fraud,urgent,in_app_chat,,resolved
4965,5539,2025-02-26 00:38:42.281584330,2025-02-28 11:37:07.945833419,kyc,medium,in_app_chat,,resolved
1382,1514,2025-02-26 01:49:30.060387373,,app,urgent,email,,open
1671,1833,2025-02-26 02:56:35.338866216,2025-02-28 03:04:47.149661589,billing,low,in_app_chat,3.0,resolved
979,1067,2025-02-26 07:46:24.115521302,2025-02-27 05:48:03.866029106,card,medium,in_app_chat,3.0,resolved
5135,5704,2025-02-26 11:53:22.393889364,2025-03-01 09:12:53.756207332,billing,low,in_app_chat,4.0,resolved
5333,5918,2025-02-26 13:51:45.788666883,2025-02-26 20:46:30.930058747,kyc,medium,phone,4.0,resolved
1005,1101,2025-02-26 15:24:50.464003374,2025-02-26 20:21:21.855105057,kyc,high,phone,,resolved
2441,2729,2025-02-26 15:26:55.563310233,2025-02-27 22:13:34.386951597,account,medium,in_app_chat,4.0,resolved
6549,7342,2025-02-27 01:28:37.439051505,2025-02-27 19:22:38.792118856,card,medium,in_app_chat,4.0,resolved
3316,3712,2025-02-27 01:51:00.150850431,2025-02-27 06:47:06.900128338,fraud,high,in_app_chat,3.0,resolved
3697,4134,2025-02-27 02:39:38.824880276,2025-02-27 11:03:46.081382895,kyc,high,in_app_chat,5.0,resolved
6138,6852,2025-02-27 05:07:43.787230746,2025-02-27 16:54:58.725220774,billing,medium,email,,resolved
4003,4460,2025-02-27 05:46:40.894208581,2025-02-27 09:05:46.409293360,fraud,high,in_app_chat,5.0,resolved
6577,7369,2025-02-27 06:56:32.450513406,2025-02-27 12:50:34.539892080,card,medium,in_app_chat,,resolved
3058,3424,2025-02-27 08:08:30.480327614,2025-02-28 05:47:06.718463904,kyc,low,in_app_chat,5.0,resolved
6663,7449,2025-02-28 01:50:20.043982786,2025-02-28 09:11:08.016514906,card,medium,in_app_chat,3.0,resolved
5376,5984,2025-02-28 02:08:25.109576969,,kyc,high,in_app_chat,,open
1687,1848,2025-02-28 02:42:48.446747118,,account,low,in_app_chat,,open
6090,6798,2025-02-28 03:56:51.784019047,2025-03-01 08:17:38.632689458,account,low,in_app_chat,4.0,resolved
6917,7700,2025-02-28 04:46:24.959416108,,app,low,in_app_chat,,closed_unresolved
2100,2308,2025-02-28 05:51:27.696026545,2025-03-03 13:24:20.931232031,card,low,in_app_chat,3.0,resolved
3586,4018,2025-02-28 07:47:48.539964004,,kyc,high,in_app_chat,,open
2409,2694,2025-02-28 17:09:46.546443544,2025-03-01 08:10:16.725146991,billing,high,in_app_chat,4.0,resolved
6618,7402,2025-02-28 17:22:10.631374328,2025-03-01 17:14:14.533155345,card,medium,in_app_chat,,resolved
6032,6731,2025-02-28 21:51:38.174174988,2025-03-02 13:27:19.633339068,account,medium,in_app_chat,5.0,resolved
2573,2893,2025-02-28 23:54:14.426123135,2025-03-02 10:11:36.223634325,billing,medium,in_app_chat,4.0,resolved
1072,1184,2025-03-01 00:43:27.572618841,2025-03-01 11:11:19.500130315,fraud,medium,email,3.0,resolved
6136,6850,2025-03-01 03:04:09.719829284,,account,medium,in_app_chat,,open
2964,3333,2025-03-01 03:38:25.234180517,2025-03-02 12:58:21.409310828,app,medium,email,5.0,resolved
3246,3642,2025-03-01 05:01:53.941332233,2025-03-01 22:19:41.146297495,card,medium,in_app_chat,5.0,resolved
1337,1455,2025-03-01 05:57:40.182639704,2025-03-01 11:52:33.466189624,account,high,email,4.0,resolved
933,1020,2025-03-01 06:44:29.697627909,2025-03-01 12:15:12.073502873,app,high,in_app_chat,5.0,resolved
5857,6525,2025-03-01 07:05:11.985003761,,card,medium,in_app_chat,,closed_unresolved
3202,3587,2025-03-01 07:46:33.826613134,2025-03-01 08:28:55.749156199,account,urgent,phone,5.0,resolved
4057,4513,2025-03-01 08:28:47.006633164,2025-03-02 16:38:26.349259660,billing,low,email,5.0,resolved
1899,2101,2025-03-01 08:36:36.309517009,,account,low,phone,,closed_unresolved
1124,1243,2025-03-01 10:44:28.079987064,2025-03-03 23:17:10.322878606,kyc,low,in_app_chat,4.0,resolved
3689,4127,2025-03-01 14:15:45.874422187,2025-03-02 14:09:12.049700029,app,medium,in_app_chat,3.0,resolved
6304,7054,2025-03-01 15:15:51.530255968,2025-03-05 16:39:53.375270782,account,low,phone,3.0,resolved
5968,6652,2025-03-01 15:19:27.561171737,2025-03-02 00:15:20.228765618,app,medium,in_app_chat,4.0,resolved
3293,3688,2025-03-01 18:04:01.473750212,2025-03-01 20:09:12.354673167,fraud,high,in_app_chat,5.0,resolved
4272,4759,2025-03-01 18:30:12.855049009,2025-03-01 21:03:16.146012193,fraud,urgent,in_app_chat,4.0,resolved
5840,6508,2025-03-02 02:21:35.317640332,2025-03-02 09:00:39.344502991,fraud,high,email,,resolved
182,204,2025-03-02 08:06:48.345098607,2025-03-02 15:22:18.729586205,kyc,high,in_app_chat,5.0,resolved
2973,3341,2025-03-02 09:24:18.665772842,2025-03-03 16:07:54.045743018,kyc,medium,email,4.0,resolved
5683,6335,2025-03-02 09:39:43.103117162,2025-03-03 04:05:44.916974594,kyc,high,phone,,resolved
119,127,2025-03-02 09:47:55.092213055,,billing,medium,email,,closed_unresolved
1546,1702,2025-03-02 10:29:52.386798396,2025-03-02 11:56:28.758505350,fraud,urgent,phone,5.0,resolved
3699,4135,2025-03-02 11:00:31.040844163,2025-03-02 22:28:24.723932069,kyc,medium,email,4.0,resolved
6247,6984,2025-03-02 14:28:16.137274293,2025-03-06 00:26:35.098219011,card,low,email,3.0,resolved
7078,7885,2025-03-02 15:45:31.651757735,2025-03-02 19:23:08.208130446,kyc,high,in_app_chat,,resolved
5714,6363,2025-03-02 16:02:26.042267555,,kyc,high,in_app_chat,,open
3290,3688,2025-03-02 19:52:25.934619547,2025-03-03 07:40:47.220450293,kyc,medium,in_app_chat,3.0,resolved
5100,5659,2025-03-02 20:17:37.848448049,2025-03-04 15:25:16.826336856,billing,low,phone,4.0,resolved
1016,1123,2025-03-02 21:21:14.970844903,2025-03-04 20:32:44.230416851,billing,medium,in_app_chat,4.0,resolved
3403,3813,2025-03-03 04:07:39.901199574,2025-03-04 13:42:01.790596792,account,low,email,4.0,resolved
775,857,2025-03-03 06:35:11.276054067,2025-03-03 07:11:36.120526498,account,urgent,email,4.0,resolved
2653,2989,2025-03-03 09:11:09.169457524,2025-03-03 11:50:17.191801888,billing,urgent,in_app_chat,4.0,resolved
6622,7406,2025-03-03 09:22:06.745663672,,card,low,phone,,closed_unresolved
7101,7911,2025-03-03 09:40:58.846741152,2025-03-03 16:19:50.497976716,account,high,email,,resolved
5359,5964,2025-03-03 10:03:34.330586330,2025-03-04 21:11:46.447861670,billing,low,in_app_chat,4.0,resolved
1677,1836,2025-03-03 11:58:35.090749272,2025-03-03 23:42:03.190080650,billing,medium,email,,resolved
5908,6587,2025-03-03 16:09:53.417942357,2025-03-03 17:56:59.966065415,account,urgent,email,,resolved
6582,7371,2025-03-03 16:56:24.955325246,2025-03-04 22:43:52.996712001,fraud,high,in_app_chat,4.0,resolved
4956,5532,2025-03-03 20:15:14.483149470,2025-03-05 19:22:48.222674198,account,low,in_app_chat,5.0,resolved
6970,7753,2025-03-03 21:27:13.744004417,2025-03-04 13:23:02.314605583,kyc,medium,email,,resolved
3618,4045,2025-03-04 00:27:14.445521277,2025-03-04 19:30:35.108532479,fraud,medium,phone,4.0,resolved
2186,2403,2025-03-04 00:36:19.192304021,,card,medium,in_app_chat,,closed_unresolved
4514,5016,2025-03-04 00:51:54.282203372,2025-03-04 02:48:23.708484585,kyc,urgent,phone,5.0,resolved
3373,3781,2025-03-04 06:07:12.103880171,2025-03-04 07:42:04.649399427,account,urgent,in_app_chat,5.0,resolved
5523,6158,2025-03-04 06:36:12.456570718,2025-03-05 09:45:13.984792192,account,medium,in_app_chat,4.0,resolved
3370,3780,2025-03-04 07:03:49.557533235,2025-03-04 16:04:20.790973330,billing,medium,email,,resolved
436,483,2025-03-04 08:37:56.980907932,2025-03-05 03:20:39.068101031,billing,medium,in_app_chat,3.0,resolved
427,476,2025-03-04 09:08:06.173058621,2025-03-05 05:58:50.793382751,billing,medium,in_app_chat,,resolved
4678,5194,2025-03-04 09:24:56.028168394,2025-03-04 22:46:14.160918228,billing,medium,in_app_chat,4.0,resolved
3418,3831,2025-03-04 11:53:23.305782292,2025-03-04 21:31:17.457922303,card,high,email,3.0,resolved
1522,1672,2025-03-04 12:18:30.382911587,2025-03-04 23:19:19.734070587,billing,medium,in_app_chat,,resolved
4925,5491,2025-03-04 14:05:38.095190433,2025-03-04 22:04:07.639435033,fraud,high,in_app_chat,4.0,resolved
2786,3120,2025-03-04 15:20:12.402175750,2025-03-05 14:45:49.702842208,card,medium,in_app_chat,5.0,resolved
1043,1148,2025-03-04 17:25:18.153644543,,card,medium,in_app_chat,,closed_unresolved
6242,6979,2025-03-04 19:01:11.613273193,2025-03-05 03:09:32.238130359,card,high,in_app_chat,4.0,resolved
5117,5678,2025-03-04 22:02:33.773204572,,kyc,medium,in_app_chat,,open
6728,7507,2025-03-04 22:59:44.899322208,2025-03-05 14:18:46.288016578,billing,medium,email,,resolved
1070,1183,2025-03-05 00:22:53.310427682,2025-03-05 13:20:14.880613432,billing,medium,email,,resolved
2682,3022,2025-03-05 00:49:50.958616943,2025-03-05 20:10:45.355769726,billing,medium,in_app_chat,2.0,resolved
1859,2042,2025-03-05 01:00:21.037444444,2025-03-05 05:40:57.545720428,account,high,in_app_chat,5.0,resolved
5137,5706,2025-03-05 05:04:09.322224818,2025-03-06 05:11:10.809063839,card,medium,in_app_chat,5.0,resolved
4407,4896,2025-03-05 10:24:55.974912171,2025-03-05 13:32:30.343622032,kyc,high,in_app_chat,,resolved
5687,6340,2025-03-05 12:55:16.428900483,2025-03-06 11:32:54.870848610,app,medium,in_app_chat,4.0,resolved
1937,2145,2025-03-05 16:09:12.318915147,2025-03-06 11:01:57.349429551,billing,medium,email,,resolved
4241,4728,2025-03-05 17:57:29.170047121,2025-03-06 09:13:21.212755510,app,medium,in_app_chat,4.0,resolved
1717,1873,2025-03-05 22:19:52.440470546,2025-03-06 00:46:24.330068322,fraud,urgent,in_app_chat,4.0,resolved
399,442,2025-03-06 00:06:07.636000173,2025-03-06 11:58:43.269074310,card,medium,phone,4.0,resolved
3295,3690,2025-03-06 01:09:37.082977781,2025-03-06 01:51:30.123811031,account,urgent,in_app_chat,4.0,resolved
3020,3388,2025-03-06 05:29:15.511050640,2025-03-06 10:53:47.011774088,card,high,email,4.0,resolved
3822,4263,2025-03-06 05:42:16.309848977,2025-03-06 12:17:48.059936846,account,medium,phone,,resolved
3228,3614,2025-03-06 06:12:07.337954381,2025-03-07 11:27:02.803514055,billing,medium,email,,resolved
5413,6020,2025-03-06 06:31:57.574116448,2025-03-07 20:05:48.846866068,card,medium,in_app_chat,4.0,resolved
3331,3736,2025-03-06 06:47:07.289406890,,app,medium,in_app_chat,,open
2188,2407,2025-03-06 07:19:21.012146823,2025-03-07 00:21:47.093450347,card,medium,email,4.0,resolved
2743,3064,2025-03-06 08:03:11.713420802,2025-03-06 09:41:48.817129151,app,urgent,in_app_chat,,resolved
2802,3139,2025-03-06 12:24:30.333082965,2025-03-06 17:19:16.815102586,billing,high,in_app_chat,3.0,resolved
2759,3087,2025-03-06 13:12:43.346329908,2025-03-07 05:28:25.438176396,fraud,medium,email,3.0,resolved
6308,7063,2025-03-06 13:27:13.756184824,,card,medium,in_app_chat,,closed_unresolved
6531,7327,2025-03-06 13:53:10.376370317,2025-03-06 21:19:23.821310115,kyc,high,email,5.0,resolved
4101,4571,2025-03-06 16:17:43.024694337,2025-03-06 21:41:43.467225330,billing,high,in_app_chat,5.0,resolved
1659,1824,2025-03-06 22:54:23.693445685,,kyc,urgent,in_app_chat,,closed_unresolved
6634,7413,2025-03-06 22:58:56.230965448,2025-03-09 00:40:30.091481360,kyc,medium,in_app_chat,4.0,resolved
4032,4488,2025-03-06 23:29:37.617234423,,card,medium,email,,closed_unresolved
4752,5289,2025-03-07 00:19:54.804600419,2025-03-07 02:44:32.233104517,kyc,high,in_app_chat,,resolved
2016,2224,2025-03-07 07:16:01.566709043,2025-03-07 10:48:26.837378816,card,urgent,in_app_chat,,resolved
6924,7705,2025-03-07 07:36:32.370690435,2025-03-07 08:36:01.104673234,fraud,urgent,in_app_chat,4.0,resolved
319,339,2025-03-07 11:03:24.481121748,,kyc,medium,in_app_chat,,closed_unresolved
2116,2335,2025-03-07 11:53:34.919465498,2025-03-08 01:24:11.561030184,card,medium,in_app_chat,3.0,resolved
5650,6295,2025-03-07 16:29:24.340414234,2025-03-08 20:33:36.234362323,app,high,email,4.0,resolved
1255,1376,2025-03-07 18:09:19.028377742,2025-03-07 20:12:01.023833123,kyc,urgent,email,4.0,resolved
4289,4776,2025-03-07 18:11:53.819271090,2025-03-08 10:03:43.655390781,billing,medium,in_app_chat,4.0,resolved
6873,7652,2025-03-07 21:42:28.365298911,,kyc,high,in_app_chat,,closed_unresolved
1941,2150,2025-03-07 21:44:11.681133711,2025-03-07 22:27:06.445142037,app,urgent,in_app_chat,4.0,resolved
5290,5867,2025-03-07 22:35:12.796859880,2025-03-08 09:53:29.814539947,kyc,high,in_app_chat,,resolved
4932,5501,2025-03-08 00:48:48.583532943,2025-03-08 16:10:46.467535369,billing,medium,in_app_chat,4.0,resolved
5187,5754,2025-03-08 03:58:54.854364812,2025-03-09 11:34:50.134266899,kyc,low,phone,,resolved
1766,1945,2025-03-08 05:06:14.943807694,2025-03-08 15:16:00.721090494,fraud,high,in_app_chat,4.0,resolved
5021,5587,2025-03-08 06:06:23.686730997,2025-03-08 08:23:01.665912840,fraud,urgent,phone,,resolved
6409,7183,2025-03-08 07:57:54.503797164,2025-03-08 14:36:28.343362635,billing,high,in_app_chat,5.0,resolved
365,410,2025-03-08 09:37:30.676260527,2025-03-14 18:15:10.901792010,billing,low,email,3.0,resolved
1447,1583,2025-03-08 10:58:17.251652657,2025-03-08 13:12:44.603192465,fraud,urgent,in_app_chat,,resolved
3829,4273,2025-03-08 13:02:56.858674588,2025-03-08 15:55:52.928127731,fraud,urgent,in_app_chat,4.0,resolved
2927,3299,2025-03-08 13:16:50.822617399,,app,medium,email,,open
442,492,2025-03-08 13:20:41.529263124,,billing,medium,in_app_chat,,open
1049,1153,2025-03-08 14:53:25.894262693,2025-03-09 10:17:02.259161737,kyc,medium,phone,4.0,resolved
3169,3547,2025-03-08 14:56:39.784538264,2025-03-08 22:26:40.390218586,fraud,high,in_app_chat,5.0,resolved
5838,6505,2025-03-08 15:05:20.680561152,2025-03-10 04:14:35.231637898,fraud,medium,in_app_chat,5.0,resolved
2096,2304,2025-03-08 17:06:22.776685617,2025-03-09 09:54:26.800477660,card,medium,phone,2.0,resolved
6757,7535,2025-03-08 20:35:51.807308616,2025-03-09 16:41:30.158442651,kyc,medium,email,,resolved
903,985,2025-03-08 21:34:13.043406705,2025-03-11 10:50:33.275589989,billing,low,email,2.0,resolved
6413,7189,2025-03-09 00:23:52.031225446,2025-03-09 14:39:56.201501972,billing,medium,in_app_chat,5.0,resolved
2695,3031,2025-03-09 00:31:00.519561019,2025-03-09 03:21:28.640531372,fraud,urgent,in_app_chat,4.0,resolved
4323,4818,2025-03-09 03:43:36.670159917,2025-03-10 11:36:48.577014573,billing,medium,in_app_chat,2.0,resolved
1210,1329,2025-03-09 04:14:32.063249330,2025-03-09 05:05:01.627768980,card,urgent,in_app_chat,5.0,resolved
1849,2030,2025-03-09 06:11:52.685976166,2025-03-09 19:31:33.361294104,account,medium,email,4.0,resolved
2594,2925,2025-03-09 07:12:29.806211874,2025-03-10 11:27:02.694381074,kyc,medium,in_app_chat,4.0,resolved
3336,3741,2025-03-09 08:48:12.332251549,2025-03-09 15:02:48.733903061,card,high,in_app_chat,5.0,resolved
885,967,2025-03-09 12:53:16.342640701,2025-03-10 12:15:05.475661154,card,low,email,4.0,resolved
6581,7371,2025-03-09 17:56:57.626509050,2025-03-10 00:06:14.999866568,kyc,high,in_app_chat,,resolved
6356,7120,2025-03-09 19:03:57.800619800,2025-03-10 07:41:34.661221620,card,medium,in_app_chat,4.0,resolved
6594,7383,2025-03-09 19:29:42.895936112,2025-03-11 00:35:21.567036027,card,medium,in_app_chat,,resolved
165,187,2025-03-09 22:08:13.209342233,2025-03-13 23:57:02.862157398,billing,low,in_app_chat,3.0,resolved
7035,7824,2025-03-09 22:41:12.416916799,2025-03-10 07:32:11.544268918,kyc,medium,in_app_chat,5.0,resolved
1566,1725,2025-03-09 23:56:07.452765061,2025-03-10 03:16:37.590063496,billing,urgent,in_app_chat,,resolved
5778,6441,2025-03-09 23:58:44.103845026,,account,low,email,,closed_unresolved
6578,7370,2025-03-10 01:53:49.322504843,2025-03-12 14:24:27.031897634,fraud,medium,email,4.0,resolved
1802,1976,2025-03-10 05:06:54.145255144,2025-03-13 22:24:54.760268761,kyc,medium,email,,resolved
3929,4388,2025-03-10 07:42:04.384028358,2025-03-11 20:51:50.812806405,card,low,email,,resolved
1264,1382,2025-03-10 08:09:39.569373760,2025-03-11 02:57:52.125209773,billing,low,phone,3.0,resolved
7071,7870,2025-03-10 12:04:25.781188941,2025-03-12 00:31:19.457674507,billing,low,in_app_chat,3.0,resolved
2968,3338,2025-03-10 19:32:09.855882551,2025-03-11 10:38:10.806840875,kyc,medium,in_app_chat,3.0,resolved
6479,7267,2025-03-10 20:14:32.180386608,2025-03-13 06:12:20.256061663,billing,medium,in_app_chat,3.0,resolved
3496,3917,2025-03-10 20:58:38.423489727,,billing,urgent,email,,closed_unresolved
2417,2699,2025-03-10 22:16:01.286098587,2025-03-13 02:20:27.997190902,account,low,phone,,resolved
3598,4028,2025-03-10 23:03:40.608243020,2025-03-11 05:08:10.708506296,billing,medium,in_app_chat,,resolved
5319,5902,2025-03-10 23:04:26.163559024,2025-03-11 00:53:43.321370082,card,high,phone,5.0,resolved
6579,7370,2025-03-10 23:17:57.001011388,2025-03-12 03:08:13.409196186,kyc,low,in_app_chat,4.0,resolved
812,889,2025-03-10 23:40:20.595018466,2025-03-12 07:03:19.780348062,app,low,in_app_chat,,resolved
2744,3065,2025-03-11 00:25:25.516109919,2025-03-12 17:54:37.500993581,card,medium,in_app_chat,5.0,resolved
162,184,2025-03-11 02:37:27.101289123,2025-03-11 09:42:29.810418919,card,high,in_app_chat,4.0,resolved
2736,3061,2025-03-11 03:14:32.430214363,2025-03-11 14:21:26.544932013,fraud,high,in_app_chat,4.0,resolved
6752,7528,2025-03-11 04:58:02.263459658,2025-03-12 15:04:42.982300230,billing,low,in_app_chat,4.0,resolved
1577,1735,2025-03-11 05:33:56.021466810,2025-03-12 13:34:04.327786737,app,low,in_app_chat,4.0,resolved
353,386,2025-03-11 06:00:04.048060311,2025-03-11 17:09:12.193005756,app,medium,email,3.0,resolved
4838,5398,2025-03-11 06:09:19.110769110,2025-03-12 21:23:29.302494579,account,low,in_app_chat,,resolved
1804,1977,2025-03-11 06:33:51.184439441,2025-03-11 09:51:46.125545780,kyc,urgent,phone,,resolved
3961,4425,2025-03-11 10:33:11.137986083,2025-03-14 00:59:08.478492396,kyc,low,in_app_chat,3.0,resolved
5154,5723,2025-03-11 11:00:21.781335850,2025-03-12 12:10:30.879951634,kyc,medium,email,5.0,resolved
6605,7392,2025-03-11 11:46:26.630112054,2025-03-14 14:40:25.451313931,account,low,in_app_chat,3.0,resolved
198,219,2025-03-11 12:00:56.047946552,2025-03-12 02:00:08.017765154,billing,medium,in_app_chat,5.0,resolved
6855,7638,2025-03-11 14:18:48.595830488,2025-03-11 18:04:56.238318480,kyc,high,in_app_chat,,resolved
2200,2421,2025-03-11 15:30:08.335138806,2025-03-11 19:02:34.818401439,fraud,urgent,email,4.0,resolved
3098,3466,2025-03-11 16:54:31.431176766,2025-03-12 01:55:31.612636880,billing,high,in_app_chat,5.0,resolved
322,344,2025-03-11 17:27:45.452593581,2025-03-11 19:35:59.134874989,card,high,in_app_chat,5.0,resolved
3828,4271,2025-03-11 19:14:32.284209330,2025-03-12 20:52:49.229629141,kyc,medium,email,4.0,resolved
2277,2526,2025-03-11 20:34:10.796085065,2025-03-13 10:48:17.476350680,app,medium,in_app_chat,5.0,resolved
1946,2155,2025-03-11 20:39:11.407781424,2025-03-12 04:36:23.154879219,kyc,high,email,5.0,resolved
4753,5290,2025-03-11 21:25:52.494559728,2025-03-12 08:39:47.846307554,card,medium,in_app_chat,4.0,resolved
823,901,2025-03-11 21:28:49.693139690,2025-03-13 12:58:17.683056384,billing,medium,email,3.0,resolved
5884,6557,2025-03-11 23:11:27.758751069,2025-03-13 03:48:02.931605071,fraud,medium,email,4.0,resolved
6672,7459,2025-03-12 00:16:36.585343758,2025-03-12 09:22:22.240402791,billing,medium,in_app_chat,,resolved
5245,5800,2025-03-12 01:19:10.751293467,2025-03-12 05:14:41.104845539,app,high,in_app_chat,3.0,resolved
4029,4486,2025-03-12 01:45:20.449450869,2025-03-15 07:39:36.627083543,account,low,phone,4.0,resolved
1146,1267,2025-03-12 03:47:01.311212466,2025-03-12 14:16:45.969601243,card,medium,in_app_chat,3.0,resolved
4816,5364,2025-03-12 04:02:23.366545445,2025-03-12 09:17:01.581424052,kyc,high,in_app_chat,,resolved
4746,5286,2025-03-12 05:34:42.518531038,,card,high,email,,closed_unresolved
5676,6327,2025-03-12 11:22:22.497058686,2025-03-13 11:40:31.818662371,billing,medium,in_app_chat,4.0,resolved
5352,5950,2025-03-12 12:41:13.572607629,2025-03-12 19:46:16.680822892,account,urgent,in_app_chat,,resolved
1647,1814,2025-03-12 15:58:59.615198702,2025-03-12 21:46:02.806605900,fraud,high,in_app_chat,4.0,resolved
759,839,2025-03-12 17:41:18.777115927,2025-03-13 17:24:21.009256137,kyc,medium,in_app_chat,4.0,resolved
4586,5080,2025-03-12 18:53:41.683611367,2025-03-13 03:44:02.162718091,card,medium,in_app_chat,4.0,resolved
3702,4138,2025-03-12 23:32:40.061088384,,kyc,medium,in_app_chat,,closed_unresolved
3156,3531,2025-03-13 00:24:06.886823526,,app,low,email,,open
1957,2163,2025-03-13 01:42:30.894772936,,account,low,in_app_chat,,closed_unresolved
6129,6843,2025-03-13 03:22:28.896825930,2025-03-14 15:33:55.358447779,billing,low,in_app_chat,2.0,resolved
2039,2247,2025-03-13 05:23:57.977241319,2025-03-16 10:30:56.542086974,account,low,email,4.0,resolved
351,377,2025-03-13 08:43:36.023155492,2025-03-13 12:37:31.760388209,kyc,high,in_app_chat,,resolved
5076,5635,2025-03-13 08:55:41.603028245,2025-03-14 12:23:24.599018250,kyc,low,in_app_chat,,resolved
1359,1475,2025-03-13 09:21:21.345349389,2025-03-14 02:05:26.830815648,kyc,high,in_app_chat,4.0,resolved
4704,5224,2025-03-13 12:13:38.522917683,2025-03-13 19:31:03.173062501,billing,medium,in_app_chat,,resolved
4176,4651,2025-03-13 13:35:13.969888825,2025-03-13 18:19:17.124487852,fraud,urgent,in_app_chat,,resolved
4377,4872,2025-03-13 14:06:57.216853042,2025-03-13 20:27:35.066552459,card,high,email,4.0,resolved
7176,7978,2025-03-13 14:31:26.417274697,2025-03-16 05:57:49.952866553,account,low,in_app_chat,4.0,resolved
286,312,2025-03-13 15:37:39.501219875,2025-03-15 07:47:01.782367789,card,medium,email,5.0,resolved
4760,5299,2025-03-13 16:27:36.422962928,2025-03-14 08:02:10.885008196,card,high,in_app_chat,5.0,resolved
5664,6308,2025-03-13 17:00:15.202281447,,account,medium,in_app_chat,,open
3549,3977,2025-03-13 20:05:42.072109563,2025-03-14 22:07:39.619832038,billing,high,phone,4.0,resolved
1275,1393,2025-03-13 20:10:40.078619512,2025-03-14 19:23:51.816879211,app,medium,email,4.0,resolved
5873,6543,2025-03-13 22:48:21.327497337,2025-03-14 21:57:46.336706884,kyc,medium,phone,2.0,resolved
3451,3865,2025-03-14 00:36:45.236021702,2025-03-14 22:44:25.329794329,billing,medium,in_app_chat,4.0,resolved
1774,1948,2025-03-14 01:27:14.416837983,,fraud,high,in_app_chat,,open
4312,4809,2025-03-14 01:48:28.477713075,2025-03-14 13:41:54.444673623,card,low,in_app_chat,4.0,resolved
856,937,2025-03-14 02:57:12.107243269,2025-03-14 20:09:54.172815031,kyc,medium,email,4.0,resolved
4508,5008,2025-03-14 10:13:40.940560361,2025-03-16 23:15:01.247863790,billing,low,email,3.0,resolved
2944,3316,2025-03-14 12:30:02.909525077,2025-03-14 17:00:45.684135559,fraud,high,phone,4.0,resolved
4957,5532,2025-03-14 13:12:20.995231406,2025-03-14 20:16:54.606548355,card,medium,in_app_chat,4.0,resolved
5324,5909,2025-03-14 13:31:26.893834527,2025-03-14 16:57:53.958159786,fraud,high,phone,3.0,resolved
2642,2976,2025-03-14 14:06:09.086309110,2025-03-16 11:05:13.353736325,billing,low,in_app_chat,3.0,resolved
7051,7839,2025-03-14 15:46:27.193546545,2025-03-14 17:15:51.068711713,account,high,email,4.0,resolved
1188,1311,2025-03-14 18:55:25.614979648,2025-03-18 15:25:38.318327634,app,low,phone,4.0,resolved
2686,3024,2025-03-14 20:26:24.887305029,2025-03-15 07:55:36.639670825,billing,medium,in_app_chat,4.0,resolved
3289,3687,2025-03-14 22:21:41.286584839,,kyc,high,email,,open
2912,3276,2025-03-14 23:29:00.336001130,2025-03-17 16:40:54.652356176,account,low,in_app_chat,,resolved
2291,2542,2025-03-15 00:45:24.869920440,2025-03-16 12:06:52.644205452,app,low,phone,4.0,resolved
5705,6356,2025-03-15 05:10:03.238976637,2025-03-15 09:55:46.109893674,billing,urgent,in_app_chat,4.0,resolved
5866,6539,2025-03-15 06:22:48.624879192,,app,high,email,,open
36,33,2025-03-15 07:18:34.081213115,2025-03-16 14:17:50.050130820,card,medium,in_app_chat,,resolved
2293,2547,2025-03-15 12:56:18.743943526,,billing,low,phone,,closed_unresolved
6312,7065,2025-03-15 13:42:16.250483949,2025-03-16 00:49:16.976212432,kyc,medium,in_app_chat,5.0,resolved
6656,7443,2025-03-15 16:55:56.695771522,2025-03-16 05:48:32.566928729,card,high,in_app_chat,,resolved
288,314,2025-03-15 17:20:09.791742721,2025-03-17 22:02:06.212984366,billing,low,phone,3.0,resolved
6101,6806,2025-03-15 18:03:23.847698347,2025-03-16 08:05:58.130339924,kyc,medium,phone,4.0,resolved
4310,4809,2025-03-15 19:00:51.013263251,,kyc,high,phone,,open
302,322,2025-03-15 20:51:05.328089400,2025-03-15 23:37:13.361329921,fraud,high,email,4.0,resolved
4854,5425,2025-03-15 21:05:15.209639419,2025-03-16 17:36:46.385609241,fraud,medium,email,,resolved
5820,6483,2025-03-15 22:36:58.315643360,2025-03-16 14:19:08.633301701,app,medium,in_app_chat,3.0,resolved
3159,3533,2025-03-15 23:51:51.143682769,2025-03-19 00:27:34.959701642,billing,low,email,4.0,resolved
367,411,2025-03-16 00:16:30.945060848,2025-03-17 19:20:26.287339791,kyc,medium,in_app_chat,3.0,resolved
4809,5358,2025-03-16 02:19:39.061979829,2025-03-16 16:17:50.859696174,account,medium,in_app_chat,3.0,resolved
5556,6193,2025-03-16 04:21:48.434874557,2025-03-16 15:48:30.880313238,fraud,high,in_app_chat,4.0,resolved
6611,7396,2025-03-16 06:57:01.353043895,2025-03-17 13:16:34.929011223,kyc,low,phone,,resolved
6662,7448,2025-03-16 07:36:17.058942017,2025-03-18 04:21:55.136715579,card,low,in_app_chat,,resolved
4665,5175,2025-03-16 14:46:41.196164088,2025-03-16 20:54:19.735349274,kyc,high,in_app_chat,4.0,resolved
5422,6036,2025-03-16 16:18:33.120176307,,billing,low,in_app_chat,,closed_unresolved
3135,3513,2025-03-16 16:58:00.907676112,2025-03-17 03:55:12.060429304,app,medium,in_app_chat,4.0,resolved
6073,6778,2025-03-16 21:58:12.760822643,2025-03-18 01:01:27.619939167,app,low,in_app_chat,,resolved
1283,1400,2025-03-16 22:33:28.235251768,2025-03-17 14:54:29.472303485,kyc,medium,in_app_chat,,resolved
4041,4502,2025-03-16 22:51:03.701563364,2025-03-17 03:52:26.737277216,fraud,high,phone,3.0,resolved
5477,6094,2025-03-16 23:32:01.550222741,2025-03-17 19:42:06.126111260,kyc,medium,in_app_chat,,resolved
1801,1975,2025-03-17 00:04:20.135802391,,kyc,medium,in_app_chat,,open
2677,3016,2025-03-17 05:02:55.000169188,2025-03-18 08:29:10.600148795,kyc,medium,in_app_chat,,resolved
3881,4335,2025-03-17 06:05:17.447424639,2025-03-18 16:58:55.098112679,card,low,in_app_chat,4.0,resolved
5552,6187,2025-03-17 10:42:26.821103880,2025-03-17 12:46:16.710016815,account,high,in_app_chat,5.0,resolved
6768,7546,2025-03-17 11:37:41.961348045,2025-03-19 01:49:30.053122497,card,medium,email,4.0,resolved
4931,5500,2025-03-17 12:16:52.479803239,2025-03-19 01:03:34.699043579,billing,low,in_app_chat,4.0,resolved
4949,5523,2025-03-17 15:09:04.979391546,2025-03-18 13:30:47.658912405,card,medium,email,4.0,resolved
5657,6299,2025-03-18 01:49:09.675971748,2025-03-20 17:15:37.833778924,card,low,in_app_chat,,resolved
4621,5118,2025-03-18 07:05:46.596190879,,app,medium,in_app_chat,,open
6169,6894,2025-03-18 07:21:38.916398687,2025-03-18 15:23:53.116708082,app,medium,in_app_chat,4.0,resolved
231,254,2025-03-18 10:39:21.289382064,2025-03-18 13:38:09.831688148,kyc,high,phone,4.0,resolved
2833,3172,2025-03-18 11:58:52.428738100,2025-03-18 19:17:57.917703410,fraud,high,in_app_chat,4.0,resolved
522,576,2025-03-18 13:00:07.620193612,2025-03-18 16:16:13.377180193,kyc,high,in_app_chat,4.0,resolved
493,548,2025-03-18 13:07:34.897566771,2025-03-19 02:15:15.265375247,billing,high,in_app_chat,4.0,resolved
5403,6011,2025-03-18 15:07:12.039995484,2025-03-20 12:55:58.642714659,billing,medium,in_app_chat,3.0,resolved
2958,3332,2025-03-18 18:09:25.202610941,2025-03-19 04:02:18.928995368,account,medium,phone,4.0,resolved
1507,1654,2025-03-18 18:52:13.610085444,2025-03-19 03:03:24.146912709,account,medium,phone,5.0,resolved
739,820,2025-03-18 19:24:46.218414962,2025-03-24 02:04:41.991335697,card,low,in_app_chat,3.0,resolved
813,890,2025-03-18 22:16:19.343414573,,card,medium,email,,closed_unresolved
175,195,2025-03-18 23:00:40.546597919,2025-03-19 17:22:51.365367600,billing,low,phone,,resolved
2329,2588,2025-03-19 04:03:53.864279398,2025-03-19 18:39:05.779705614,app,medium,email,5.0,resolved
2774,3108,2025-03-19 04:39:48.167181714,2025-03-19 12:42:51.812742777,app,high,in_app_chat,,resolved
2753,3076,2025-03-19 05:15:57.998615042,2025-03-19 17:09:30.175697943,billing,medium,in_app_chat,4.0,resolved
6915,7694,2025-03-19 05:26:09.110238204,2025-03-28 07:03:34.037558196,billing,low,email,,resolved
346,370,2025-03-19 10:46:22.567788526,2025-03-20 23:38:39.080469094,billing,medium,email,4.0,resolved
6483,7272,2025-03-19 13:32:09.438990031,2025-03-21 20:37:42.333507615,card,low,email,3.0,resolved
5594,6238,2025-03-19 15:11:35.392874176,2025-03-20 23:07:58.410785035,card,medium,in_app_chat,4.0,resolved
760,840,2025-03-19 16:27:18.494610001,2025-03-19 18:45:01.364531767,card,urgent,email,,resolved
5781,6442,2025-03-19 19:23:22.915979102,,app,high,email,,closed_unresolved
1968,2171,2025-03-19 19:35:43.088843875,2025-03-21 11:53:11.974691234,card,medium,email,3.0,resolved
5660,6302,2025-03-19 19:50:31.242637959,2025-03-20 04:17:04.806461182,card,medium,email,4.0,resolved
1459,1593,2025-03-19 22:50:31.577807077,2025-03-20 18:10:52.438701602,account,low,in_app_chat,,resolved
6487,7277,2025-03-20 00:24:58.352114442,2025-03-21 06:00:48.448414444,app,low,phone,5.0,resolved
1500,1644,2025-03-20 01:28:43.690219896,2025-03-20 12:13:12.435939955,app,medium,in_app_chat,4.0,resolved
1627,1793,2025-03-20 03:04:02.039574247,,app,medium,email,,open
2657,2993,2025-03-20 05:22:06.669197751,2025-03-20 17:08:25.018821540,card,high,email,4.0,resolved
7032,7819,2025-03-20 08:58:00.897539001,2025-03-20 10:34:09.385307118,kyc,high,in_app_chat,5.0,resolved
3567,4001,2025-03-20 11:31:09.189493060,2025-03-23 03:28:38.452780296,account,low,phone,2.0,resolved
1479,1614,2025-03-20 11:56:25.083092722,2025-03-20 23:03:07.369698817,billing,medium,in_app_chat,,resolved
6393,7165,2025-03-20 13:19:08.310930237,2025-03-21 20:11:36.625183941,account,low,in_app_chat,3.0,resolved
6264,7008,2025-03-20 19:33:37.190856470,,account,low,phone,,open
3345,3748,2025-03-21 00:43:48.993849145,2025-03-21 04:09:38.290785047,card,high,phone,4.0,resolved
1959,2165,2025-03-21 04:15:03.577369101,2025-03-21 06:40:05.150695793,fraud,high,phone,,resolved
2454,2744,2025-03-21 07:57:34.739967934,2025-03-21 12:36:49.867508170,billing,medium,email,4.0,resolved
3645,4076,2025-03-21 14:01:01.516961089,,fraud,urgent,in_app_chat,,open
781,864,2025-03-21 14:10:20.166100020,2025-03-21 19:29:36.723841118,billing,medium,in_app_chat,5.0,resolved
5766,6424,2025-03-21 16:54:37.421876226,2025-03-26 05:49:43.759869126,billing,low,in_app_chat,4.0,resolved
1619,1785,2025-03-21 17:19:52.959902468,,account,low,email,,open
7121,7929,2025-03-21 17:35:52.745098320,2025-03-21 22:16:59.075407377,card,high,email,4.0,resolved
3959,4420,2025-03-21 18:10:00.614841732,2025-03-22 08:39:26.987199536,app,medium,email,5.0,resolved
5113,5673,2025-03-21 18:46:40.988887259,2025-03-24 17:48:16.738915860,kyc,low,phone,4.0,resolved
342,368,2025-03-21 23:06:22.990193254,2025-03-22 14:47:38.021489828,billing,medium,in_app_chat,,resolved
6841,7621,2025-03-21 23:33:05.899181330,2025-03-22 07:33:51.238192365,card,high,phone,,resolved
1603,1774,2025-03-21 23:38:13.017965308,2025-03-22 23:38:29.379927778,billing,medium,in_app_chat,4.0,resolved
6107,6814,2025-03-22 01:27:44.398913688,2025-03-24 15:20:54.343223264,card,medium,phone,,resolved
166,188,2025-03-22 01:51:16.255945941,,billing,high,in_app_chat,,closed_unresolved
6050,6751,2025-03-22 03:58:31.381365593,,account,medium,in_app_chat,,open
693,768,2025-03-22 04:18:47.733968073,,kyc,medium,in_app_chat,,open
6933,7712,2025-03-22 04:37:04.222103571,2025-03-22 06:23:54.013346650,app,urgent,in_app_chat,4.0,resolved
3558,3993,2025-03-22 05:36:08.879879695,2025-03-22 17:44:40.479279729,card,high,in_app_chat,5.0,resolved
3339,3742,2025-03-22 10:28:56.019856676,2025-03-23 14:27:49.720740251,billing,medium,email,,resolved
1639,1808,2025-03-22 10:29:44.596141854,2025-03-22 18:08:32.983707472,fraud,high,in_app_chat,5.0,resolved
3571,4005,2025-03-22 11:21:45.029514870,2025-03-23 06:24:35.760016796,card,medium,email,4.0,resolved
1029,1134,2025-03-22 13:09:28.004133372,2025-03-26 09:47:01.055070667,app,low,phone,3.0,resolved
741,821,2025-03-22 18:46:17.626574052,2025-03-22 20:11:43.953030580,fraud,urgent,in_app_chat,5.0,resolved
3185,3568,2025-03-23 02:21:06.745358007,,account,medium,in_app_chat,,open
3897,4355,2025-03-23 02:57:44.395443328,2025-03-23 17:02:47.853899192,card,medium,in_app_chat,4.0,resolved
3902,4357,2025-03-23 03:03:09.396618292,2025-03-26 11:54:47.829847290,app,low,email,4.0,resolved
6533,7328,2025-03-23 04:39:04.290424943,2025-03-23 22:19:13.940465895,card,medium,phone,,resolved
6881,7659,2025-03-23 06:42:50.886943548,,account,medium,in_app_chat,,closed_unresolved
519,572,2025-03-23 06:51:38.941796790,,billing,low,email,,closed_unresolved
1652,1820,2025-03-23 07:59:55.338328086,,billing,medium,phone,,open
6405,7180,2025-03-23 10:14:01.372943028,2025-03-24 04:54:44.077621398,card,medium,email,,resolved
2251,2497,2025-03-23 15:15:22.271519111,2025-03-25 12:33:15.902447408,card,medium,email,4.0,resolved
6432,7206,2025-03-23 19:10:41.226858410,2025-03-27 00:30:46.049005485,app,low,email,2.0,resolved
4616,5112,2025-03-23 20:15:25.046839033,2025-03-24 11:31:00.808685504,billing,low,in_app_chat,4.0,resolved
6401,7176,2025-03-23 22:22:07.158139279,2025-03-24 03:23:01.284695727,account,high,in_app_chat,,resolved
2493,2800,2025-03-23 23:08:59.866883767,2025-03-26 12:11:02.797270445,app,low,in_app_chat,4.0,resolved
227,249,2025-03-24 00:59:33.313282065,2025-03-24 08:40:28.046014017,billing,high,in_app_chat,5.0,resolved
6511,7306,2025-03-24 01:52:58.209252818,2025-03-25 10:24:05.571745788,kyc,medium,in_app_chat,,resolved
1747,1916,2025-03-24 08:39:17.586271621,2025-03-25 02:54:18.095035447,card,medium,in_app_chat,,resolved
4680,5197,2025-03-24 09:29:13.770683874,2025-03-25 20:20:21.402485823,fraud,medium,in_app_chat,,resolved
6804,7586,2025-03-24 18:16:34.185618413,2025-03-25 10:04:52.815600675,account,medium,in_app_chat,,resolved
6829,7610,2025-03-24 23:14:44.036252609,2025-03-25 03:49:48.001430927,fraud,urgent,in_app_chat,5.0,resolved
483,538,2025-03-24 23:31:37.829753014,2025-03-25 19:13:30.077985024,billing,medium,in_app_chat,2.0,resolved
4856,5425,2025-03-25 01:09:20.273862939,2025-03-30 08:10:48.717981869,app,low,email,4.0,resolved
1653,1821,2025-03-25 03:38:06.826852420,,billing,high,phone,,open
5191,5756,2025-03-25 04:22:03.184458404,2025-03-29 19:40:47.137951742,card,low,phone,,resolved
3234,3627,2025-03-25 06:05:28.593649942,,app,low,in_app_chat,,closed_unresolved
4868,5436,2025-03-25 07:06:25.239588730,,card,medium,email,,open
1755,1927,2025-03-25 08:25:01.154948548,2025-03-26 07:42:54.659870099,card,medium,in_app_chat,3.0,resolved
1494,1637,2025-03-25 10:34:59.917254346,2025-03-26 05:39:04.267058880,kyc,medium,phone,4.0,resolved
1135,1259,2025-03-25 12:29:34.906521016,2025-03-26 05:51:54.846675788,billing,medium,in_app_chat,,resolved
1001,1099,2025-03-25 14:36:30.420802166,2025-03-25 16:27:07.253709371,card,high,in_app_chat,,resolved
6939,7721,2025-03-25 20:47:19.693668825,2025-03-26 15:42:56.072143162,kyc,high,in_app_chat,,resolved
2579,2900,2025-03-25 23:02:07.802680430,2025-04-02 05:08:31.785726159,billing,low,email,3.0,resolved
345,368,2025-03-25 23:39:07.049573167,,account,medium,in_app_chat,,open
5622,6270,2025-03-26 00:54:25.471956617,2025-03-26 17:39:28.319149161,account,medium,in_app_chat,,resolved
1827,2004,2025-03-26 02:22:42.573934168,2025-03-26 15:26:03.163793132,app,medium,in_app_chat,5.0,resolved
909,995,2025-03-26 02:50:07.488869588,2025-03-27 15:24:16.440705347,card,medium,email,5.0,resolved
1914,2118,2025-03-26 04:54:19.243509096,2025-03-28 16:20:45.275422658,billing,medium,email,3.0,resolved
4338,4837,2025-03-26 06:17:58.809140531,2025-03-27 03:52:33.881332882,billing,medium,email,4.0,resolved
3809,4249,2025-03-26 08:56:06.670449245,2025-03-27 23:25:15.710363549,card,medium,in_app_chat,3.0,resolved
811,889,2025-03-26 09:17:34.876623992,2025-03-26 21:46:10.755665937,account,medium,email,4.0,resolved
1982,2189,2025-03-26 10:01:06.194852860,,account,low,in_app_chat,,closed_unresolved
3735,4181,2025-03-26 10:06:00.446402946,2025-03-26 14:06:06.308149220,fraud,high,in_app_chat,4.0,resolved
2356,2623,2025-03-26 11:09:07.526386656,2025-03-27 06:48:03.728079266,billing,low,in_app_chat,,resolved
876,956,2025-03-26 11:28:02.154146833,2025-03-27 09:06:23.134360705,kyc,medium,in_app_chat,4.0,resolved
449,499,2025-03-26 13:51:00.404894632,2025-03-29 12:46:38.618844308,billing,low,phone,4.0,resolved
6313,7065,2025-03-26 16:34:22.548199998,2025-03-27 04:25:29.281913155,account,medium,phone,4.0,resolved
1062,1169,2025-03-26 18:38:55.265487529,2025-03-27 05:55:58.159198700,app,medium,email,4.0,resolved
168,189,2025-03-26 18:55:50.993037246,2025-03-27 21:22:11.215561688,billing,medium,in_app_chat,4.0,resolved
4073,4531,2025-03-26 19:09:34.563975448,2025-03-27 02:10:29.587182532,fraud,high,in_app_chat,3.0,resolved
2699,3034,2025-03-26 20:22:17.433468076,2025-03-28 01:44:50.141775781,card,medium,phone,,resolved
3864,4314,2025-03-27 00:13:45.325892919,2025-03-28 00:04:12.125339941,billing,low,in_app_chat,3.0,resolved
222,242,2025-03-27 01:11:04.686384664,2025-03-28 06:20:27.639133382,app,medium,in_app_chat,3.0,resolved
6944,7728,2025-03-27 03:14:32.228148428,2025-03-29 03:33:33.378407530,billing,low,email,4.0,resolved
4558,5057,2025-03-27 03:17:10.501538884,2025-03-28 08:42:39.559765855,card,medium,in_app_chat,4.0,resolved
3502,3927,2025-03-27 03:51:45.119362239,2025-03-30 05:02:05.189931051,app,low,in_app_chat,3.0,resolved
5156,5725,2025-03-27 04:29:00.511713939,2025-03-29 06:41:30.953149707,kyc,medium,email,3.0,resolved
4409,4898,2025-03-27 06:46:29.648392368,2025-03-29 05:28:47.334256339,app,low,in_app_chat,,resolved
5525,6159,2025-03-27 07:12:33.569211749,,kyc,medium,phone,,closed_unresolved
2899,3264,2025-03-27 09:10:18.385259200,2025-03-27 16:25:19.058014474,app,medium,phone,3.0,resolved
7090,7893,2025-03-27 09:59:53.352713368,2025-03-29 03:45:14.431699757,account,low,in_app_chat,4.0,resolved
3146,3520,2025-03-27 10:52:58.892337292,2025-03-27 19:21:21.838203211,app,medium,email,4.0,resolved
581,645,2025-03-27 12:31:14.457278504,2025-03-27 15:24:13.954453712,account,urgent,phone,4.0,resolved
5375,5982,2025-03-27 15:21:13.066326982,2025-03-27 19:32:13.846723784,card,high,in_app_chat,,resolved
782,865,2025-03-27 18:49:02.916165613,2025-03-28 04:59:52.043629489,kyc,high,in_app_chat,4.0,resolved
6689,7471,2025-03-27 19:50:47.073258623,2025-03-30 13:01:24.555271196,card,low,in_app_chat,4.0,resolved
2444,2736,2025-03-27 20:28:21.014733875,2025-03-28 10:24:40.368542090,card,medium,in_app_chat,5.0,resolved
2425,2708,2025-03-27 20:47:22.299624395,2025-03-28 20:01:12.269175704,account,medium,in_app_chat,5.0,resolved
1428,1562,2025-03-27 21:08:54.704977676,,account,low,email,,closed_unresolved
3932,4391,2025-03-27 21:59:58.029384698,2025-03-28 01:38:39.053578814,fraud,high,in_app_chat,,resolved
3292,3688,2025-03-27 22:53:24.196645985,2025-03-28 04:40:10.328055419,kyc,high,in_app_chat,4.0,resolved
1498,1640,2025-03-28 00:12:48.728007662,2025-03-28 06:59:38.060813043,app,high,in_app_chat,3.0,resolved
4589,5080,2025-03-28 00:22:02.817445828,2025-03-28 15:37:48.919182962,billing,medium,email,3.0,resolved
6748,7525,2025-03-28 05:52:20.569095448,2025-03-28 10:45:42.117482686,billing,high,in_app_chat,5.0,resolved
4650,5162,2025-03-28 07:45:59.216098959,2025-03-28 17:09:53.376734615,account,high,in_app_chat,4.0,resolved
3748,4201,2025-03-28 08:51:59.919731424,2025-04-01 03:23:41.299001419,billing,low,in_app_chat,4.0,resolved
6455,7250,2025-03-28 09:49:17.489251764,2025-03-30 08:05:59.963144548,kyc,low,in_app_chat,,resolved
7034,7821,2025-03-28 11:00:36.415181790,2025-03-30 02:42:03.519790236,billing,low,email,3.0,resolved
485,539,2025-03-28 12:40:04.042530238,2025-03-29 04:43:23.483220808,account,medium,phone,5.0,resolved
3435,3845,2025-03-28 15:44:04.110422340,2025-03-29 16:15:41.330853726,billing,medium,email,4.0,resolved
4022,4481,2025-03-28 17:15:44.612712057,2025-03-28 23:29:49.315303654,account,high,email,,resolved
1643,1812,2025-03-28 18:45:42.967747140,2025-03-29 12:40:44.257758130,card,low,in_app_chat,3.0,resolved
4834,5391,2025-03-28 18:50:06.280068082,2025-03-30 09:54:45.468861859,account,low,in_app_chat,3.0,resolved
6106,6813,2025-03-28 19:19:33.079918051,2025-03-28 23:26:02.052749522,kyc,high,phone,4.0,resolved
2080,2286,2025-03-28 19:21:31.316059900,2025-03-29 17:15:50.268511640,kyc,medium,in_app_chat,,resolved
4111,4579,2025-03-28 22:57:20.661192244,2025-04-01 05:12:02.948848771,account,low,email,4.0,resolved
774,857,2025-03-28 23:52:02.880545082,2025-03-30 03:53:14.914507402,kyc,medium,in_app_chat,,resolved
6843,7622,2025-03-29 02:59:04.896677598,2025-03-29 14:18:39.660636765,card,medium,in_app_chat,4.0,resolved
2405,2690,2025-03-29 03:04:02.721619562,2025-03-29 15:49:25.746008234,kyc,medium,in_app_chat,3.0,resolved
5228,5787,2025-03-29 04:32:27.419105664,2025-03-29 09:09:59.895905847,app,high,email,4.0,resolved
7157,7958,2025-03-29 07:10:18.020509438,2025-03-29 20:04:35.020452877,billing,medium,phone,3.0,resolved
4009,4470,2025-03-29 08:07:19.122011155,,fraud,urgent,in_app_chat,,open
2094,2303,2025-03-29 09:46:18.636971335,2025-03-29 16:26:48.046068634,fraud,high,email,,resolved
2516,2834,2025-03-29 10:29:34.323390009,,account,low,in_app_chat,,open
3128,3502,2025-03-29 11:20:23.829690393,,billing,low,email,,open
5316,5895,2025-03-29 12:07:55.475239105,,billing,low,in_app_chat,,open
6248,6985,2025-03-29 13:15:38.636394981,2025-03-30 02:51:52.794752400,billing,medium,email,3.0,resolved
898,975,2025-03-29 14:07:15.489814537,,app,high,in_app_chat,,open
5014,5583,2025-03-29 15:02:17.978666084,2025-03-29 21:18:46.467785280,card,medium,email,4.0,resolved
6655,7443,2025-03-29 17:18:52.466626952,2025-03-30 05:45:17.249094922,app,low,email,3.0,resolved
2900,3264,2025-03-29 19:19:47.164498731,2025-03-30 08:04:18.999045037,kyc,medium,in_app_chat,4.0,resolved
5932,6620,2025-03-29 20:53:12.195446634,2025-03-30 11:53:27.982738580,card,medium,email,,resolved
1192,1314,2025-03-29 20:57:18.864925421,2025-03-30 23:05:11.290706309,app,low,in_app_chat,4.0,resolved
4540,5043,2025-03-30 00:16:09.061723410,2025-03-30 02:40:40.341914890,fraud,high,in_app_chat,,resolved
1607,1776,2025-03-30 03:26:13.905462235,2025-03-31 14:57:34.287942437,kyc,medium,in_app_chat,5.0,resolved
6846,7631,2025-03-30 05:15:44.705882543,2025-03-30 22:26:48.264830622,account,medium,email,3.0,resolved
3201,3587,2025-03-30 05:47:57.122382459,2025-03-30 12:48:30.229520195,kyc,medium,in_app_chat,5.0,resolved
2886,3246,2025-03-30 08:17:10.995044277,2025-03-31 14:13:59.162572762,kyc,medium,email,5.0,resolved
4592,5081,2025-03-30 09:19:22.018528750,2025-03-31 15:56:24.781574291,card,low,in_app_chat,4.0,resolved
2545,2864,2025-03-30 11:33:09.695522482,2025-03-31 03:12:34.593871642,billing,medium,in_app_chat,,resolved
4550,5050,2025-03-30 14:05:20.639073744,2025-03-30 16:15:02.750985580,billing,urgent,email,,resolved
6497,7288,2025-03-30 15:04:32.858955592,,card,high,email,,open
5893,6567,2025-03-30 15:51:46.887177795,2025-03-31 05:31:51.088349079,billing,medium,email,4.0,resolved
5966,6650,2025-03-30 16:46:51.982867513,2025-03-31 10:08:01.822461223,card,medium,in_app_chat,3.0,resolved
3529,3954,2025-03-30 17:49:41.777831815,2025-04-02 09:48:36.397899992,billing,low,in_app_chat,5.0,resolved
2445,2738,2025-03-30 18:25:54.460472229,2025-03-30 23:09:46.093228949,fraud,urgent,in_app_chat,4.0,resolved
5504,6134,2025-03-30 18:38:31.060178327,2025-03-31 12:26:31.276034039,kyc,medium,email,4.0,resolved
3779,4225,2025-03-30 20:06:12.788355997,2025-03-31 12:16:21.938363627,kyc,medium,in_app_chat,3.0,resolved
4351,4848,2025-03-30 21:50:13.838684827,,account,medium,email,,closed_unresolved
5248,5807,2025-03-30 21:56:17.293121085,2025-03-31 14:55:04.186102300,kyc,medium,email,3.0,resolved
2119,2338,2025-03-30 23:09:53.633243868,2025-04-04 05:48:02.273926628,app,low,in_app_chat,4.0,resolved
1897,2093,2025-03-31 00:40:24.633160855,,card,medium,phone,,open
6650,7438,2025-03-31 09:10:50.024419798,2025-03-31 19:54:42.226203487,app,medium,in_app_chat,,resolved
4084,4545,2025-03-31 10:49:33.402480741,2025-03-31 16:45:20.409441801,account,medium,in_app_chat,4.0,resolved
5370,5978,2025-03-31 11:13:29.651823488,2025-04-02 05:19:59.314755080,account,low,in_app_chat,4.0,resolved
5659,6301,2025-03-31 16:16:51.119119061,2025-04-01 00:41:34.018168489,kyc,high,email,4.0,resolved
4473,4967,2025-03-31 18:00:50.569868687,2025-03-31 19:52:36.936146789,billing,urgent,in_app_chat,5.0,resolved
187,208,2025-03-31 19:43:54.470913093,2025-03-31 22:14:52.946772839,kyc,urgent,in_app_chat,,resolved
2151,2373,2025-03-31 19:49:53.363013170,2025-04-02 13:31:42.140582726,card,low,email,,resolved
6759,7536,2025-03-31 20:51:33.662289424,2025-04-01 01:21:27.734036717,card,urgent,email,5.0,resolved
1844,2022,2025-04-01 04:27:38.724700633,,card,medium,in_app_chat,,open
3655,4090,2025-04-01 04:35:39.708078653,,card,medium,phone,,open
2804,3143,2025-04-01 05:34:48.739348862,,billing,low,in_app_chat,,open
5851,6515,2025-04-01 06:11:02.770401589,,kyc,high,phone,,closed_unresolved
4374,4867,2025-04-01 08:05:01.099412105,,kyc,medium,email,,closed_unresolved
4050,4507,2025-04-01 09:44:47.986087257,2025-04-01 18:41:52.343347480,fraud,high,email,5.0,resolved
1123,1242,2025-04-01 10:30:51.146999017,,kyc,high,in_app_chat,,closed_unresolved
5371,5978,2025-04-01 14:13:33.902382132,2025-04-02 19:38:18.012405025,app,medium,in_app_chat,4.0,resolved
1961,2167,2025-04-01 15:24:17.966909318,2025-04-02 14:32:35.490847397,account,low,in_app_chat,4.0,resolved
3305,3699,2025-04-01 16:11:18.628542591,2025-04-02 00:03:36.463672927,card,medium,phone,3.0,resolved
4384,4876,2025-04-01 23:26:41.630974463,2025-04-02 04:28:22.517932239,kyc,high,email,,resolved
4288,4775,2025-04-02 01:05:28.633190196,2025-04-02 04:49:11.877909030,fraud,urgent,in_app_chat,,resolved
2382,2654,2025-04-02 01:09:36.505696147,2025-04-03 06:26:36.850655032,kyc,medium,phone,5.0,resolved
2442,2729,2025-04-02 02:03:49.030807242,2025-04-02 20:39:34.490665232,billing,medium,phone,3.0,resolved
1921,2129,2025-04-02 03:52:36.042582708,2025-04-02 21:15:45.121424780,billing,low,in_app_chat,,resolved
6786,7569,2025-04-02 04:05:30.791403055,2025-04-02 17:08:39.946029077,account,medium,phone,,resolved
5906,6586,2025-04-02 06:00:29.741880913,2025-04-05 15:34:13.204864639,billing,low,in_app_chat,3.0,resolved
5088,5647,2025-04-02 06:04:46.456989792,,account,medium,in_app_chat,,open
3515,3940,2025-04-02 07:32:33.541232873,2025-04-02 16:30:57.115850399,billing,medium,in_app_chat,4.0,resolved
618,693,2025-04-02 08:01:43.990806276,2025-04-03 04:37:16.972253967,account,medium,in_app_chat,4.0,resolved
3810,4249,2025-04-02 08:45:18.355099993,,kyc,medium,in_app_chat,,open
1535,1690,2025-04-02 10:23:07.661039850,2025-04-03 07:55:31.746377309,card,medium,phone,,resolved
1729,1890,2025-04-02 12:05:32.525401968,2025-04-03 06:49:51.322460895,app,medium,in_app_chat,4.0,resolved
180,202,2025-04-02 12:46:36.804494928,2025-04-02 13:21:57.234970544,fraud,urgent,email,5.0,resolved
1534,1689,2025-04-02 14:35:10.195651104,2025-04-03 14:34:04.981755990,billing,medium,in_app_chat,5.0,resolved
1292,1407,2025-04-02 15:48:32.945462369,2025-04-04 08:35:34.823500331,app,medium,email,,resolved
777,860,2025-04-02 18:06:49.590895544,2025-04-02 19:12:25.839358863,fraud,urgent,in_app_chat,3.0,resolved
1553,1710,2025-04-02 19:56:00.536102620,2025-04-03 03:18:51.295658363,card,medium,in_app_chat,,resolved
338,365,2025-04-02 20:45:58.167810293,,billing,high,in_app_chat,,open
4418,4907,2025-04-02 21:59:02.879051789,2025-04-03 00:40:43.316286255,fraud,high,in_app_chat,4.0,resolved
5344,5943,2025-04-03 01:39:15.999107325,,fraud,urgent,in_app_chat,,open
4975,5549,2025-04-03 04:38:07.169348088,2025-04-03 10:38:38.711680758,card,high,email,4.0,resolved
3095,3463,2025-04-03 10:22:10.413480748,2025-04-03 15:49:30.309761092,app,medium,email,,resolved
5112,5673,2025-04-03 11:16:34.426221337,2025-04-03 16:52:19.617539573,account,high,email,,resolved
718,789,2025-04-03 14:10:31.795600560,,account,low,email,,open
4996,5566,2025-04-03 14:28:14.365945531,2025-04-07 21:56:40.839097048,app,medium,email,3.0,resolved
2951,3326,2025-04-03 21:45:55.472705012,2025-04-04 19:05:37.970789325,card,medium,phone,4.0,resolved
5384,5989,2025-04-04 05:33:01.768411189,2025-04-04 19:39:13.058264571,billing,medium,in_app_chat,5.0,resolved
5,2,2025-04-04 09:16:00.802152174,2025-04-07 13:13:18.879920472,account,low,email,5.0,resolved
3624,4053,2025-04-04 11:21:40.674498834,2025-04-06 04:15:57.715351204,card,low,phone,,resolved
3896,4348,2025-04-04 13:19:35.536130808,2025-04-06 16:48:54.143596203,app,low,in_app_chat,3.0,resolved
2249,2493,2025-04-04 13:49:43.825440187,2025-04-04 18:29:04.074289915,kyc,urgent,in_app_chat,5.0,resolved
3667,4102,2025-04-04 14:34:52.805047612,,billing,medium,phone,,closed_unresolved
413,454,2025-04-04 14:49:19.909789294,2025-04-05 10:25:15.601720093,app,medium,email,5.0,resolved
2785,3120,2025-04-04 15:03:22.566062666,2025-04-04 21:34:35.002836453,kyc,high,email,,resolved
3945,4406,2025-04-04 16:41:27.540809949,,account,medium,in_app_chat,,open
2369,2639,2025-04-04 20:32:46.327506797,,fraud,urgent,email,,closed_unresolved
5358,5964,2025-04-04 21:17:33.396319685,2025-04-05 21:36:02.643467066,app,medium,phone,,resolved
2208,2434,2025-04-04 23:55:36.772419607,2025-04-05 13:32:46.411156495,billing,medium,email,4.0,resolved
4494,4994,2025-04-05 01:13:06.111516385,2025-04-05 05:51:22.005476755,kyc,high,in_app_chat,4.0,resolved
3816,4257,2025-04-05 02:04:24.047266589,2025-04-05 04:33:35.434134851,fraud,high,email,,resolved
3124,3499,2025-04-05 04:10:57.706246436,2025-04-06 19:36:59.818950232,kyc,medium,email,5.0,resolved
6317,7070,2025-04-05 05:25:44.598442860,2025-04-12 04:31:33.542465097,billing,low,phone,4.0,resolved
6348,7109,2025-04-05 06:00:12.682222557,2025-04-05 19:39:13.285679231,kyc,medium,in_app_chat,,resolved
6542,7338,2025-04-05 06:54:49.836625064,2025-04-05 14:40:21.016377354,kyc,high,email,4.0,resolved
6105,6811,2025-04-05 09:17:30.735603830,2025-04-09 05:43:10.100758436,billing,medium,in_app_chat,,resolved
333,356,2025-04-05 10:52:49.278330825,2025-04-07 09:58:24.172046799,kyc,low,in_app_chat,,resolved
5040,5602,2025-04-05 11:17:42.843156587,2025-04-06 10:56:16.333876745,card,high,phone,4.0,resolved
6240,6977,2025-04-05 13:40:18.046730159,,fraud,high,in_app_chat,,open
2501,2812,2025-04-05 19:35:20.268993439,2025-04-06 05:30:09.353867337,kyc,high,in_app_chat,4.0,resolved
4623,5121,2025-04-05 23:12:26.663688002,2025-04-06 13:42:58.563371061,card,low,in_app_chat,3.0,resolved
6619,7403,2025-04-05 23:15:58.756747472,2025-04-06 09:22:25.381589747,kyc,medium,in_app_chat,3.0,resolved
1587,1750,2025-04-05 23:40:54.931129343,2025-04-06 09:48:54.529465332,fraud,high,email,3.0,resolved
2554,2874,2025-04-06 00:41:25.173853261,,account,low,email,,open
45,50,2025-04-06 02:31:54.185400143,2025-04-07 04:34:18.999976261,app,medium,in_app_chat,,resolved
5581,6222,2025-04-06 02:59:19.375269426,2025-04-06 05:54:40.611049960,fraud,high,in_app_chat,,resolved
4578,5073,2025-04-06 04:03:30.186637528,2025-04-06 14:49:37.014815276,fraud,high,in_app_chat,,resolved
4126,4610,2025-04-06 06:01:07.690852053,,billing,medium,phone,,open
1976,2182,2025-04-06 06:45:16.419315375,2025-04-06 09:59:51.283927210,card,high,phone,4.0,resolved
4036,4491,2025-04-06 11:50:43.564003791,2025-04-06 20:12:55.676704847,card,medium,in_app_chat,4.0,resolved
7047,7837,2025-04-06 11:50:52.014814186,,fraud,high,phone,,closed_unresolved
2089,2299,2025-04-06 13:27:44.455768603,2025-04-07 12:27:01.020795199,account,low,in_app_chat,,resolved
5911,6593,2025-04-06 14:21:39.472750615,2025-04-07 00:24:09.529877752,card,medium,email,,resolved
2595,2927,2025-04-06 14:24:48.060566498,2025-04-10 00:49:49.163565254,card,low,email,,resolved
3067,3429,2025-04-06 15:35:57.280620471,2025-04-07 03:15:26.369309622,fraud,high,email,,resolved
1334,1452,2025-04-06 17:00:02.291286758,,app,medium,in_app_chat,,closed_unresolved
56,60,2025-04-06 17:07:37.782943677,2025-04-08 19:58:02.713558332,kyc,medium,phone,,resolved
6428,7201,2025-04-06 17:54:01.642977048,2025-04-07 13:25:00.367860346,billing,medium,in_app_chat,4.0,resolved
3012,3379,2025-04-06 18:47:44.814525014,2025-04-11 02:40:06.061758146,account,low,email,3.0,resolved
6700,7481,2025-04-06 19:15:01.410968174,2025-04-07 09:53:51.583861244,card,medium,email,4.0,resolved
2468,2770,2025-04-06 19:19:20.495416987,2025-04-07 05:38:00.885697609,account,high,in_app_chat,3.0,resolved
2641,2975,2025-04-06 20:08:34.853918994,,card,low,email,,open
4014,4474,2025-04-07 00:56:21.773009883,2025-04-08 06:44:45.631189983,billing,low,in_app_chat,3.0,resolved
4995,5566,2025-04-07 00:59:07.349777903,2025-04-10 11:07:24.370836500,card,low,email,3.0,resolved
842,917,2025-04-07 01:24:36.348605112,2025-04-07 05:08:18.097258435,account,high,in_app_chat,4.0,resolved
6244,6980,2025-04-07 03:54:00.348333436,2025-04-09 12:38:29.939280308,kyc,low,email,4.0,resolved
533,589,2025-04-07 09:39:31.216026297,2025-04-07 13:38:02.693732985,billing,high,phone,,resolved
4112,4582,2025-04-07 10:56:00.509215381,2025-04-08 03:44:53.286657404,kyc,medium,email,5.0,resolved
4199,4680,2025-04-07 14:05:52.586940428,2025-04-07 20:33:45.124696884,billing,high,email,4.0,resolved
4786,5322,2025-04-07 15:57:35.395446015,2025-04-07 19:33:54.703217057,kyc,high,in_app_chat,5.0,resolved
558,615,2025-04-07 17:10:43.059193334,2025-04-10 03:53:16.065678929,account,low,phone,4.0,resolved
1457,1591,2025-04-07 21:36:51.619771843,2025-04-08 22:37:09.250681724,card,medium,in_app_chat,,resolved
6561,7356,2025-04-08 01:31:07.228061676,2025-04-08 23:54:41.001529423,card,medium,in_app_chat,,resolved
1841,2019,2025-04-08 01:46:35.163756477,2025-04-08 09:52:17.159776101,kyc,high,email,4.0,resolved
2230,2463,2025-04-08 02:48:29.004471000,,account,high,email,,open
3668,4105,2025-04-08 04:06:12.784729415,2025-04-08 14:20:13.878263336,card,high,phone,2.0,resolved
4425,4922,2025-04-08 07:46:44.596250489,2025-04-14 23:29:51.525812395,kyc,low,in_app_chat,4.0,resolved
1301,1416,2025-04-08 10:26:23.636729532,2025-04-11 04:22:47.771049196,billing,low,in_app_chat,3.0,resolved
1389,1520,2025-04-08 14:34:23.954913618,2025-04-08 19:52:31.919488756,card,urgent,email,3.0,resolved
4535,5036,2025-04-08 16:33:57.708032771,2025-04-08 17:23:42.814507934,account,urgent,email,,resolved
277,301,2025-04-08 20:03:48.249047980,2025-04-09 12:40:55.654585960,kyc,high,email,5.0,resolved
6743,7524,2025-04-08 20:08:14.088181824,2025-04-09 01:59:50.421203294,account,high,in_app_chat,5.0,resolved
5888,6563,2025-04-09 01:27:52.060110206,2025-04-11 15:01:31.790291112,billing,low,email,5.0,resolved
5663,6307,2025-04-09 01:47:14.608534416,2025-04-09 19:27:14.439031819,card,high,email,,resolved
5243,5799,2025-04-09 05:19:38.836608720,2025-04-09 10:49:56.629279568,fraud,high,in_app_chat,,resolved
3080,3445,2025-04-09 05:26:59.319935436,2025-04-09 09:35:43.909770025,app,high,in_app_chat,,resolved
7160,7961,2025-04-09 06:11:35.686787510,2025-04-09 10:38:15.176380638,card,high,in_app_chat,4.0,resolved
5107,5669,2025-04-09 08:17:30.518773661,2025-04-10 02:44:49.611689798,card,high,in_app_chat,,resolved
5921,6607,2025-04-09 08:27:42.891875625,2025-04-09 15:09:13.970819760,card,high,in_app_chat,,resolved
4332,4829,2025-04-09 09:47:04.974807448,2025-04-09 14:05:32.770613767,app,high,in_app_chat,5.0,resolved
3794,4238,2025-04-09 11:34:37.148147083,2025-04-09 15:52:21.402942358,card,high,in_app_chat,4.0,resolved
4984,5557,2025-04-09 14:35:05.156970590,2025-04-11 10:53:42.372913563,billing,low,in_app_chat,4.0,resolved
216,235,2025-04-09 15:22:05.663831206,2025-04-10 20:26:18.032629642,app,low,in_app_chat,3.0,resolved
6434,7211,2025-04-09 16:30:51.990069473,2025-04-12 07:02:01.034983380,app,low,in_app_chat,4.0,resolved
4894,5459,2025-04-09 22:33:07.185043601,2025-04-10 22:04:14.381188513,billing,medium,in_app_chat,3.0,resolved
1377,1507,2025-04-09 23:37:57.265491311,2025-04-10 02:40:46.920742029,fraud,urgent,email,5.0,resolved
5421,6033,2025-04-10 00:06:50.498869930,2025-04-10 05:54:48.169865266,fraud,urgent,in_app_chat,4.0,resolved
6640,7424,2025-04-10 00:07:34.689771891,2025-04-10 10:57:16.402333072,app,medium,phone,,resolved
6009,6701,2025-04-10 00:24:38.159486565,2025-04-10 01:34:50.502590317,billing,urgent,in_app_chat,,resolved
2585,2909,2025-04-10 03:33:25.403739577,2025-04-11 00:07:19.701085727,account,high,in_app_chat,,resolved
6564,7358,2025-04-10 04:09:50.503684544,,account,high,in_app_chat,,closed_unresolved
205,225,2025-04-10 04:34:40.334282486,,kyc,medium,email,,open
4472,4965,2025-04-10 05:55:04.627181559,2025-04-10 16:37:46.331544801,kyc,medium,in_app_chat,3.0,resolved
6402,7176,2025-04-10 06:20:43.106110814,2025-04-12 02:37:35.799635650,card,low,in_app_chat,4.0,resolved
20,14,2025-04-10 10:46:08.479429184,,app,low,in_app_chat,,closed_unresolved
789,875,2025-04-10 11:38:25.476515952,2025-04-11 01:17:16.776552397,account,medium,phone,3.0,resolved
2934,3309,2025-04-10 20:54:37.381525614,2025-04-11 10:42:50.705361266,fraud,high,in_app_chat,4.0,resolved
2627,2963,2025-04-10 20:54:52.455728880,2025-04-11 03:52:01.251403669,kyc,medium,email,4.0,resolved
6013,6713,2025-04-10 20:58:39.618725649,2025-04-13 06:41:54.338064942,account,low,email,4.0,resolved
2670,3007,2025-04-10 21:02:26.503670751,2025-04-11 20:34:27.754617379,account,medium,in_app_chat,4.0,resolved
1694,1855,2025-04-10 22:36:52.065659600,,billing,medium,email,,closed_unresolved
5462,6080,2025-04-11 02:35:04.533634412,2025-04-11 11:58:36.825306652,fraud,high,in_app_chat,3.0,resolved
4718,5240,2025-04-11 04:16:32.254001653,2025-04-11 23:28:14.651770099,card,low,in_app_chat,,resolved
5985,6672,2025-04-11 10:09:59.910938049,2025-04-12 15:56:59.498612393,billing,medium,email,4.0,resolved
3299,3697,2025-04-11 12:11:13.723193811,2025-04-12 17:43:11.387384681,card,low,in_app_chat,4.0,resolved
1137,1262,2025-04-11 12:22:20.766048530,,app,low,in_app_chat,,closed_unresolved
1588,1751,2025-04-11 13:49:54.243233898,2025-04-12 09:11:48.955493923,kyc,medium,email,,resolved
2650,2987,2025-04-11 16:14:39.009111650,2025-04-12 09:45:55.540093739,kyc,medium,in_app_chat,,resolved
6900,7684,2025-04-11 16:29:16.085267171,2025-04-12 01:02:36.750069222,billing,medium,email,5.0,resolved
4499,4999,2025-04-11 19:36:43.318241331,2025-04-12 21:05:38.406527783,card,medium,in_app_chat,3.0,resolved
1800,1974,2025-04-11 22:16:36.347726922,2025-04-12 12:47:29.623363354,billing,medium,email,4.0,resolved
3335,3739,2025-04-11 22:54:08.438925283,,fraud,medium,phone,,closed_unresolved
2644,2978,2025-04-12 00:02:00.933585817,2025-04-12 07:43:47.201438247,kyc,high,in_app_chat,4.0,resolved
451,503,2025-04-12 01:26:44.346523859,2025-04-12 07:48:19.012926787,card,high,email,3.0,resolved
2463,2761,2025-04-12 02:34:46.207897999,2025-04-12 11:00:23.965512183,account,medium,email,4.0,resolved
4521,5020,2025-04-12 05:06:19.265492796,2025-04-12 18:05:13.503854226,app,medium,in_app_chat,3.0,resolved
5881,6553,2025-04-12 07:34:06.473468628,2025-04-13 22:01:03.612849678,billing,medium,in_app_chat,4.0,resolved
6636,7416,2025-04-12 09:24:11.488019713,2025-04-12 11:21:53.561124525,fraud,urgent,in_app_chat,4.0,resolved
5281,5853,2025-04-12 13:23:55.152981458,,account,medium,in_app_chat,,closed_unresolved
3925,4384,2025-04-12 14:40:32.970184711,2025-04-13 07:20:51.288208190,app,medium,phone,3.0,resolved
6684,7467,2025-04-12 15:45:55.996189781,2025-04-13 07:41:46.311182568,app,low,phone,,resolved
3111,3476,2025-04-12 16:48:39.919102439,2025-04-13 11:38:54.664240287,billing,medium,email,4.0,resolved
4141,4626,2025-04-12 16:52:26.545370347,2025-04-12 17:58:29.611861643,fraud,urgent,phone,4.0,resolved
5943,6633,2025-04-12 20:09:33.554958874,2025-04-13 18:34:31.670336558,kyc,medium,phone,4.0,resolved
5603,6250,2025-04-12 20:33:22.532051102,,kyc,medium,in_app_chat,,open
6740,7520,2025-04-12 20:48:33.857558697,2025-04-13 08:03:45.961312391,app,medium,in_app_chat,,resolved
5982,6669,2025-04-13 01:45:42.650303132,,kyc,high,email,,open
6376,7145,2025-04-13 02:33:56.006743852,2025-04-14 07:03:02.180020495,card,medium,in_app_chat,4.0,resolved
2504,2818,2025-04-13 06:33:15.432382175,2025-04-13 09:16:29.558506621,card,high,in_app_chat,5.0,resolved
2422,2704,2025-04-13 09:10:53.820996519,2025-04-13 14:34:57.154324679,billing,high,email,3.0,resolved
7153,7953,2025-04-13 10:08:02.157897497,2025-04-13 21:06:41.833873539,kyc,high,in_app_chat,5.0,resolved
3018,3387,2025-04-13 11:05:17.614519558,2025-04-14 04:49:27.367008739,billing,medium,phone,5.0,resolved
3057,3423,2025-04-13 12:51:41.187318577,2025-04-13 19:13:45.208987089,kyc,high,in_app_chat,3.0,resolved
4920,5486,2025-04-13 15:44:52.582267812,2025-04-14 14:15:59.104698961,app,medium,in_app_chat,4.0,resolved
6613,7396,2025-04-13 16:25:14.249217109,,kyc,high,email,,open
4448,4946,2025-04-13 17:20:03.840058098,2025-04-13 20:54:24.838086367,card,high,in_app_chat,,resolved
1355,1473,2025-04-13 20:23:22.282167307,2025-04-13 21:26:42.151324433,fraud,urgent,email,,resolved
4522,5020,2025-04-13 22:10:14.092375324,,kyc,high,phone,,open
5410,6016,2025-04-14 00:46:22.364179959,2025-04-15 08:30:15.547454641,account,medium,in_app_chat,4.0,resolved
1832,2009,2025-04-14 04:29:56.280793770,2025-04-14 17:01:44.991357575,kyc,medium,email,4.0,resolved
6524,7318,2025-04-14 05:42:17.504203973,2025-04-15 07:02:05.709291170,card,medium,in_app_chat,4.0,resolved
2443,2735,2025-04-14 06:31:23.747131326,2025-04-16 07:46:21.640602853,card,low,email,2.0,resolved
6989,7772,2025-04-14 07:36:39.845658994,,app,low,in_app_chat,,open
3676,4111,2025-04-14 08:33:00.913530623,2025-04-15 05:05:33.508923724,card,high,email,,resolved
38,39,2025-04-14 10:15:39.452093717,2025-04-14 12:38:47.428755527,fraud,urgent,in_app_chat,,resolved
6532,7327,2025-04-14 13:58:48.042589169,,kyc,medium,in_app_chat,,closed_unresolved
5023,5589,2025-04-14 15:39:20.483454749,,fraud,high,email,,open
1273,1391,2025-04-14 17:09:41.571062668,2025-04-16 21:42:57.657346004,app,low,in_app_chat,3.0,resolved
2553,2874,2025-04-14 17:28:28.842973294,2025-04-16 02:01:02.508284020,app,medium,in_app_chat,4.0,resolved
5174,5742,2025-04-14 18:12:56.629241853,2025-04-14 19:30:09.057370198,card,urgent,email,3.0,resolved
50,54,2025-04-14 18:16:29.214858504,2025-04-15 11:50:28.559508428,billing,medium,in_app_chat,5.0,resolved
3215,3601,2025-04-14 18:51:52.822824445,2025-04-15 11:18:52.876636229,billing,low,phone,4.0,resolved
3572,4009,2025-04-14 22:49:09.731219839,,billing,high,in_app_chat,,closed_unresolved
2170,2390,2025-04-15 01:27:07.183460966,2025-04-16 09:57:13.549113240,account,medium,phone,2.0,resolved
5378,5986,2025-04-15 03:19:19.570182591,2025-04-16 11:48:26.609414959,billing,low,in_app_chat,,resolved
1012,1121,2025-04-15 08:41:13.736727821,2025-04-17 20:05:51.012768744,billing,low,in_app_chat,3.0,resolved
712,784,2025-04-15 08:53:25.191653573,2025-04-16 08:08:50.301385733,kyc,medium,phone,5.0,resolved
4224,4710,2025-04-15 12:21:39.462865041,2025-04-16 18:41:22.588262353,billing,medium,in_app_chat,4.0,resolved
1169,1290,2025-04-15 12:23:17.811290610,2025-04-16 22:01:22.264632988,app,low,email,4.0,resolved
2507,2823,2025-04-15 15:37:49.082409549,,card,high,email,,open
6403,7179,2025-04-15 16:48:24.896359886,2025-04-16 06:20:26.387676498,app,medium,in_app_chat,,resolved
3827,4270,2025-04-15 17:09:05.974572585,2025-04-15 23:22:16.078050943,kyc,high,email,4.0,resolved
1533,1689,2025-04-15 17:35:47.607551194,2025-04-16 02:25:21.142012045,card,high,email,,resolved
512,569,2025-04-15 19:59:28.901496186,2025-04-16 23:42:59.756307834,card,low,email,,resolved
5116,5677,2025-04-15 22:04:29.162483296,,app,low,in_app_chat,,closed_unresolved
3957,4419,2025-04-16 06:33:32.892012449,2025-04-17 15:35:32.622093192,account,low,email,3.0,resolved
658,732,2025-04-16 07:39:35.171819628,2025-04-16 12:41:57.843368972,account,high,phone,3.0,resolved
818,895,2025-04-16 09:09:37.284855647,2025-04-18 04:43:44.795137650,billing,low,phone,,resolved
1756,1931,2025-04-16 09:29:58.773059465,2025-04-17 22:36:43.729077368,card,medium,in_app_chat,,resolved
1111,1231,2025-04-16 10:23:54.692011124,2025-04-18 00:22:54.267427050,account,medium,in_app_chat,,resolved
5750,6404,2025-04-16 12:57:04.591805307,2025-04-19 16:40:54.878313695,kyc,medium,in_app_chat,,resolved
2570,2890,2025-04-16 13:15:05.667460269,2025-04-16 14:04:48.438656573,fraud,urgent,in_app_chat,5.0,resolved
2158,2378,2025-04-16 17:34:14.060815164,,card,low,email,,open
6485,7274,2025-04-16 20:36:29.829441548,2025-04-17 15:57:13.783193444,kyc,medium,phone,4.0,resolved
4342,4841,2025-04-16 20:51:48.524298877,,fraud,medium,email,,open
924,1010,2025-04-16 21:47:27.712318701,2025-04-17 09:27:56.029547862,app,medium,in_app_chat,,resolved
113,122,2025-04-16 23:20:40.051990726,2025-04-17 21:08:35.144045713,billing,low,in_app_chat,3.0,resolved
1873,2056,2025-04-16 23:41:19.033308283,2025-04-19 03:16:05.981029218,app,low,email,2.0,resolved
6520,7315,2025-04-17 01:13:58.885185984,2025-04-17 17:15:04.768661233,card,medium,phone,4.0,resolved
1132,1256,2025-04-17 01:43:36.371651851,2025-04-17 07:36:04.174447906,card,medium,phone,3.0,resolved
2850,3185,2025-04-17 02:54:19.789125488,2025-04-17 05:05:19.592662406,app,high,phone,4.0,resolved
5347,5948,2025-04-17 02:55:19.458500220,2025-04-19 05:58:51.916729996,kyc,medium,phone,,resolved
3909,4361,2025-04-17 03:34:02.921320744,2025-04-17 14:33:27.755656398,app,medium,email,3.0,resolved
5907,6587,2025-04-17 03:35:36.298913403,2025-04-17 23:35:33.405601701,billing,low,in_app_chat,3.0,resolved
423,468,2025-04-17 04:07:32.089301385,2025-04-18 09:13:47.347877794,card,medium,email,4.0,resolved
2134,2352,2025-04-17 04:29:19.453668725,2025-04-17 09:53:21.449928409,kyc,high,in_app_chat,,resolved
3279,3674,2025-04-17 05:52:14.859043199,2025-04-20 15:44:30.706278357,account,low,email,,resolved
5205,5767,2025-04-17 05:57:06.066184204,,app,low,in_app_chat,,closed_unresolved
4600,5092,2025-04-17 07:49:18.507842129,2025-04-18 10:27:01.630218825,kyc,medium,email,,resolved
5374,5982,2025-04-17 07:58:31.444840436,2025-04-17 18:17:57.558559162,kyc,medium,email,3.0,resolved
2997,3361,2025-04-17 16:17:22.695507709,2025-04-17 22:39:43.009385271,kyc,high,phone,,resolved
2537,2851,2025-04-17 16:33:01.733820670,2025-04-17 19:10:51.440264312,account,high,email,3.0,resolved
5152,5722,2025-04-17 16:38:32.064304044,2025-04-20 03:26:50.007040118,card,low,email,4.0,resolved
128,149,2025-04-17 18:26:49.249382412,2025-04-17 21:54:18.641210276,account,high,in_app_chat,4.0,resolved
6514,7307,2025-04-17 20:40:08.620239230,2025-04-19 08:09:27.969500091,account,medium,email,5.0,resolved
2901,3265,2025-04-17 20:50:58.299599650,2025-04-18 22:12:59.581755430,app,medium,in_app_chat,5.0,resolved
851,930,2025-04-17 21:36:54.199932978,2025-04-18 02:52:20.942521224,fraud,high,phone,4.0,resolved
3630,4055,2025-04-17 22:39:48.231788826,2025-04-18 12:10:02.446907290,fraud,high,in_app_chat,4.0,resolved
6062,6764,2025-04-18 02:27:51.090410436,2025-04-18 06:54:18.177463813,card,high,in_app_chat,,resolved
3918,4373,2025-04-18 06:27:43.405044989,,app,low,email,,open
236,259,2025-04-18 06:31:07.198732269,,kyc,low,in_app_chat,,open
4588,5080,2025-04-18 06:31:31.553580025,2025-04-18 14:52:18.717068168,billing,medium,email,,resolved
5611,6260,2025-04-18 10:44:41.816333659,,kyc,high,in_app_chat,,closed_unresolved
4067,4525,2025-04-18 11:06:56.358370425,2025-04-19 14:32:52.179470544,card,medium,email,4.0,resolved
7012,7796,2025-04-18 11:30:50.478063333,2025-04-19 05:48:12.827227781,card,medium,in_app_chat,3.0,resolved
4076,4536,2025-04-18 17:37:59.168423118,2025-04-20 16:34:14.782553396,app,medium,in_app_chat,4.0,resolved
3988,4445,2025-04-18 18:53:30.316220105,2025-04-19 04:08:52.594078940,kyc,medium,email,5.0,resolved
1469,1605,2025-04-18 19:54:22.960707140,2025-04-19 03:01:41.668502558,card,medium,in_app_chat,,resolved
3729,4177,2025-04-18 20:13:38.807107593,2025-04-19 03:25:41.605303529,app,medium,in_app_chat,,resolved
2037,2245,2025-04-18 21:38:42.272955545,2025-04-19 04:53:59.660160384,billing,medium,email,4.0,resolved
7070,7870,2025-04-18 22:16:09.633551341,,card,medium,phone,,open
6766,7542,2025-04-18 23:38:15.246570572,2025-04-19 00:38:17.471824319,fraud,urgent,phone,5.0,resolved
2025,2235,2025-04-19 02:41:12.647414048,,card,medium,email,,open
2112,2331,2025-04-19 05:16:45.234248649,2025-04-21 20:37:58.018352400,card,medium,phone,4.0,resolved
3196,3581,2025-04-19 12:02:09.873526804,2025-04-19 18:51:56.236754033,billing,high,phone,,resolved
6104,6811,2025-04-19 15:21:22.487738742,2025-04-20 00:39:15.376648237,kyc,medium,in_app_chat,4.0,resolved
2146,2366,2025-04-19 15:25:04.699996659,2025-04-19 23:33:09.554809648,card,medium,in_app_chat,5.0,resolved
1898,2099,2025-04-19 15:37:03.192155158,2025-04-20 03:35:59.139406902,kyc,medium,in_app_chat,4.0,resolved
2737,3061,2025-04-19 22:16:58.574524172,2025-04-21 14:01:58.722191045,billing,medium,email,5.0,resolved
3584,4017,2025-04-19 23:53:47.818776514,2025-04-20 13:44:57.020627765,kyc,high,in_app_chat,5.0,resolved
5095,5652,2025-04-20 00:08:19.999039410,,card,medium,email,,open
5977,6660,2025-04-20 02:34:12.441025436,,billing,high,email,,closed_unresolved
4789,5327,2025-04-20 03:49:57.015863135,2025-04-20 22:27:28.801017649,card,medium,email,4.0,resolved
159,183,2025-04-20 03:54:31.458604106,2025-04-23 14:07:15.138660552,app,low,in_app_chat,5.0,resolved
1506,1654,2025-04-20 04:37:57.974164014,2025-04-20 14:55:00.435877453,kyc,medium,in_app_chat,,resolved
5776,6440,2025-04-20 05:24:30.126664730,,card,high,in_app_chat,,closed_unresolved
5160,5726,2025-04-20 05:54:45.537238944,2025-04-20 22:36:37.218838730,kyc,medium,email,4.0,resolved
4935,5503,2025-04-20 06:01:47.569669429,2025-04-20 17:00:02.785506013,card,high,in_app_chat,4.0,resolved
124,135,2025-04-20 10:50:21.403890939,2025-04-21 05:50:01.914287187,account,medium,in_app_chat,4.0,resolved
6443,7224,2025-04-20 14:25:38.203175444,2025-04-20 22:42:27.789640086,kyc,high,in_app_chat,5.0,resolved
809,889,2025-04-20 14:44:32.760876220,2025-04-20 18:29:42.246801923,account,urgent,in_app_chat,3.0,resolved
4416,4904,2025-04-20 17:18:44.546416168,2025-04-21 14:32:33.787702914,card,medium,phone,5.0,resolved
7187,7993,2025-04-20 18:00:46.126066386,2025-04-21 19:32:23.527392868,kyc,medium,email,4.0,resolved
820,897,2025-04-20 21:55:22.954595949,2025-04-21 07:03:06.036057983,billing,medium,in_app_chat,4.0,resolved
6476,7265,2025-04-20 23:03:56.216771326,2025-04-21 11:55:03.505841215,kyc,medium,in_app_chat,5.0,resolved
2029,2237,2025-04-20 23:35:39.361485791,2025-04-22 00:51:34.098028928,fraud,medium,in_app_chat,5.0,resolved
75,80,2025-04-21 00:13:48.892690793,2025-04-22 12:32:46.755896977,app,medium,in_app_chat,4.0,resolved
6892,7672,2025-04-21 00:46:48.858679980,2025-04-21 16:16:06.725512317,account,low,phone,4.0,resolved
1417,1551,2025-04-21 05:15:38.750275653,2025-04-21 08:58:07.508853055,kyc,high,phone,5.0,resolved
1775,1949,2025-04-21 05:34:32.990573622,,app,low,in_app_chat,,closed_unresolved
5815,6476,2025-04-21 05:59:45.144790062,2025-04-22 19:20:09.388173094,app,medium,in_app_chat,,resolved
3311,3708,2025-04-21 06:41:23.494584373,2025-04-21 20:02:10.903491928,billing,medium,email,4.0,resolved
406,449,2025-04-21 08:14:54.304694908,2025-04-21 10:08:19.273140120,card,urgent,phone,5.0,resolved
951,1036,2025-04-21 08:34:04.291080749,,billing,medium,phone,,open
1972,2177,2025-04-21 12:00:39.942429367,2025-04-21 14:01:23.304313681,billing,high,email,,resolved
1829,2006,2025-04-21 13:36:45.433185071,2025-04-22 23:52:27.667950979,app,low,in_app_chat,,resolved
2214,2442,2025-04-21 14:53:16.165519290,,billing,high,in_app_chat,,closed_unresolved
6584,7374,2025-04-21 16:31:14.187140163,2025-04-22 17:56:04.713968397,fraud,medium,in_app_chat,,resolved
1684,1844,2025-04-21 16:58:49.853517444,2025-04-22 04:56:55.918349421,card,medium,email,3.0,resolved
2740,3063,2025-04-21 19:01:35.283677897,,kyc,urgent,email,,closed_unresolved
2598,2931,2025-04-21 20:04:50.132304327,2025-04-22 18:03:49.223329360,app,medium,in_app_chat,,resolved
3338,3742,2025-04-21 20:13:03.132998048,2025-04-23 13:53:22.615031591,account,low,in_app_chat,4.0,resolved
4585,5080,2025-04-21 22:54:13.297225561,2025-04-22 13:18:59.565031070,app,medium,in_app_chat,4.0,resolved
5686,6340,2025-04-22 02:54:27.364007577,2025-04-22 04:53:27.539220155,app,urgent,in_app_chat,5.0,resolved
5302,5875,2025-04-22 06:48:10.461272875,2025-04-22 19:44:01.785931306,billing,medium,in_app_chat,,resolved
517,570,2025-04-22 06:59:55.200758141,2025-04-24 11:14:53.218833807,billing,low,in_app_chat,4.0,resolved
2842,3178,2025-04-22 07:35:35.183008685,2025-04-26 23:21:42.234538915,billing,low,email,4.0,resolved
1640,1809,2025-04-22 08:10:50.877685493,2025-04-22 15:08:31.392731815,kyc,high,in_app_chat,,resolved
1517,1663,2025-04-22 10:23:50.654422518,2025-04-23 15:54:51.085342929,billing,medium,in_app_chat,,resolved
4091,4557,2025-04-22 17:27:36.453120419,2025-04-23 04:16:47.466424524,kyc,medium,in_app_chat,4.0,resolved
4470,4964,2025-04-22 19:14:19.942021835,,billing,low,email,,closed_unresolved
5595,6240,2025-04-22 20:07:21.866363783,2025-04-23 16:36:33.125101586,app,medium,in_app_chat,,resolved
7174,7977,2025-04-22 21:07:15.031265315,2025-04-22 21:46:45.104562231,kyc,urgent,in_app_chat,5.0,resolved
1424,1556,2025-04-22 21:39:28.613908321,2025-04-23 00:18:17.265326126,fraud,high,in_app_chat,3.0,resolved
5821,6486,2025-04-23 03:10:12.809820060,2025-04-23 09:11:29.310121916,card,medium,email,3.0,resolved
1787,1956,2025-04-23 03:22:02.442709882,2025-04-23 12:10:25.482272845,kyc,medium,in_app_chat,3.0,resolved
2333,2594,2025-04-23 04:40:15.242497129,2025-04-25 17:58:40.140607547,account,low,phone,4.0,resolved
6913,7692,2025-04-23 05:49:11.551554382,2025-04-23 11:41:31.431955552,billing,high,in_app_chat,5.0,resolved
7129,7933,2025-04-23 06:36:17.433562970,2025-04-23 13:41:59.008651179,card,high,phone,4.0,resolved
6587,7376,2025-04-23 09:39:31.710862486,,kyc,high,email,,open
47,53,2025-04-23 10:31:29.811161259,2025-04-24 03:24:49.576300056,app,low,email,5.0,resolved
2485,2791,2025-04-23 12:33:11.679506400,,fraud,urgent,email,,closed_unresolved
4357,4853,2025-04-23 14:51:16.751898869,,billing,medium,in_app_chat,,open
1870,2053,2025-04-23 17:53:06.450791383,2025-04-23 19:12:14.405064111,fraud,urgent,in_app_chat,5.0,resolved
4110,4579,2025-04-23 19:00:51.450494175,2025-04-23 20:59:40.435366187,billing,urgent,email,4.0,resolved
229,251,2025-04-23 19:21:32.690560201,2025-04-24 13:20:35.682830372,app,medium,in_app_chat,,resolved
5453,6072,2025-04-23 21:25:51.706930779,2025-04-26 09:47:03.909790216,app,low,email,3.0,resolved
6008,6697,2025-04-23 21:50:02.852343242,2025-04-25 08:15:16.293160082,app,medium,in_app_chat,,resolved
1330,1444,2025-04-24 04:46:52.025010850,2025-04-25 00:22:10.261735109,app,medium,in_app_chat,3.0,resolved
2824,3165,2025-04-24 05:59:11.560510472,,billing,high,in_app_chat,,closed_unresolved
3488,3910,2025-04-24 06:20:54.214432480,2025-04-24 09:52:19.740174463,kyc,high,in_app_chat,5.0,resolved
4685,5204,2025-04-24 07:23:30.109154752,2025-04-27 21:50:40.230110764,billing,low,in_app_chat,4.0,resolved
6895,7675,2025-04-24 07:49:59.996580314,2025-04-25 09:34:29.345154666,billing,low,phone,5.0,resolved
2961,3332,2025-04-24 11:46:45.050157920,2025-04-25 04:18:15.208090712,app,medium,phone,5.0,resolved
3656,4091,2025-04-24 12:28:35.692674585,2025-04-24 15:20:46.916650301,kyc,high,email,,resolved
16,10,2025-04-24 14:30:04.779298177,2025-04-25 14:35:33.331661570,billing,medium,email,3.0,resolved
2449,2741,2025-04-24 18:13:59.465329633,2025-04-25 16:22:59.176093259,app,medium,in_app_chat,4.0,resolved
7003,7788,2025-04-24 18:46:28.226745177,2025-04-24 20:51:43.691678247,card,high,in_app_chat,4.0,resolved
4607,5103,2025-04-24 22:19:13.689534400,2025-04-27 00:05:38.988576683,card,low,in_app_chat,4.0,resolved
1780,1950,2025-04-25 00:08:29.696310525,2025-04-28 10:20:16.232565815,billing,low,email,5.0,resolved
2962,3333,2025-04-25 02:45:38.748825858,2025-04-26 08:37:29.189915754,app,medium,in_app_chat,,resolved
6135,6850,2025-04-25 03:15:29.832265563,2025-04-25 10:20:37.811966118,card,high,in_app_chat,,resolved
5751,6405,2025-04-25 05:54:37.624035985,2025-04-26 06:13:10.001761899,card,medium,in_app_chat,3.0,resolved
7050,7838,2025-04-25 09:53:22.143319794,2025-04-27 14:17:44.609930640,app,medium,email,,resolved
2852,3187,2025-04-25 10:56:11.642386620,2025-04-25 17:12:22.270538162,kyc,high,phone,,resolved
5106,5666,2025-04-25 15:12:08.671312488,2025-04-26 07:28:08.852146047,app,medium,phone,4.0,resolved
7056,7849,2025-04-25 15:35:54.678531094,2025-04-25 23:28:36.085309366,account,medium,in_app_chat,4.0,resolved
5550,6186,2025-04-25 17:13:11.762081520,2025-04-27 05:45:40.107755780,account,low,in_app_chat,,resolved
2046,2254,2025-04-25 19:01:45.720705397,2025-04-26 18:04:07.101230074,card,medium,in_app_chat,4.0,resolved
6820,7601,2025-04-25 19:47:21.417430332,2025-04-26 07:26:18.757114770,kyc,medium,in_app_chat,,resolved
4700,5219,2025-04-25 19:52:21.396561991,2025-04-25 23:10:29.586451701,kyc,high,in_app_chat,,resolved
1662,1827,2025-04-25 21:15:27.191353322,2025-04-29 03:57:51.350758068,billing,low,in_app_chat,4.0,resolved
4969,5544,2025-04-25 22:51:33.090804889,2025-04-26 00:06:49.172318287,fraud,urgent,phone,4.0,resolved
210,230,2025-04-26 01:32:10.631045345,2025-04-27 00:35:21.864282600,app,medium,email,4.0,resolved
6246,6983,2025-04-26 01:39:36.154013497,2025-04-26 21:16:13.590505660,account,low,email,4.0,resolved
5746,6400,2025-04-26 07:38:38.527816747,,app,medium,in_app_chat,,open
6147,6861,2025-04-26 10:17:40.243017903,,billing,low,in_app_chat,,open
3524,3949,2025-04-26 13:18:14.534917260,2025-04-28 23:40:44.383078630,card,medium,in_app_chat,4.0,resolved
4575,5070,2025-04-26 13:36:39.436655892,2025-04-27 15:56:50.069306413,app,low,in_app_chat,4.0,resolved
4758,5296,2025-04-26 17:05:22.594754981,2025-04-27 03:17:33.918220803,kyc,medium,in_app_chat,4.0,resolved
6850,7634,2025-04-26 18:12:12.877431197,2025-04-27 00:54:52.816035021,card,high,email,4.0,resolved
756,836,2025-04-26 18:14:57.466569189,2025-04-26 20:51:13.388640469,account,urgent,email,,resolved
296,317,2025-04-26 18:18:59.627516489,2025-04-27 12:00:36.838767829,kyc,medium,in_app_chat,4.0,resolved
7190,7994,2025-04-26 18:21:36.076497549,2025-04-27 17:32:28.067848890,account,medium,in_app_chat,3.0,resolved
2692,3031,2025-04-26 19:25:51.268638642,2025-04-27 05:08:09.301337024,app,medium,email,5.0,resolved
2845,3179,2025-04-26 20:39:02.334657369,2025-04-27 11:15:21.437673756,card,medium,in_app_chat,4.0,resolved
3070,3432,2025-04-26 21:48:24.243524438,2025-04-28 03:43:53.981991015,billing,low,in_app_chat,,resolved
4881,5450,2025-04-26 21:58:37.900822131,,account,low,in_app_chat,,open
4912,5478,2025-04-27 04:23:48.896587121,2025-04-28 22:39:55.239191167,billing,medium,email,,resolved
4246,4733,2025-04-27 06:18:26.861547058,,kyc,medium,in_app_chat,,open
4380,4874,2025-04-27 09:18:21.760195812,2025-04-28 16:35:31.937833063,billing,medium,email,4.0,resolved
3147,3522,2025-04-27 12:07:57.945098458,2025-04-27 14:45:28.205476604,kyc,high,email,3.0,resolved
563,626,2025-04-27 12:26:17.844857266,2025-04-28 06:11:07.606640711,card,medium,phone,,resolved
4617,5112,2025-04-27 12:52:39.364507724,2025-04-27 14:17:41.226691371,app,high,in_app_chat,4.0,resolved
4810,5358,2025-04-27 13:30:02.193155360,,card,high,phone,,open
3029,3399,2025-04-27 13:46:11.720942549,2025-04-27 23:47:14.677942316,card,high,in_app_chat,4.0,resolved
4285,4774,2025-04-27 15:10:45.724781763,2025-04-29 22:42:22.651869438,card,low,phone,,resolved
4652,5167,2025-04-27 16:34:54.576550899,2025-04-27 19:02:14.439196993,app,high,phone,,resolved
3648,4082,2025-04-28 00:10:08.861156520,2025-04-28 02:55:37.926182158,card,high,email,5.0,resolved
6061,6763,2025-04-28 03:00:16.522293807,,kyc,medium,in_app_chat,,closed_unresolved
1529,1682,2025-04-28 06:29:09.863309063,2025-04-28 21:26:07.856492436,card,medium,in_app_chat,5.0,resolved
4671,5187,2025-04-28 10:17:49.627808151,,fraud,high,email,,closed_unresolved
626,701,2025-04-28 14:16:29.577969059,2025-04-28 23:07:57.802606842,card,high,in_app_chat,5.0,resolved
132,158,2025-04-28 21:20:41.956941272,2025-04-29 01:23:32.809842413,kyc,high,email,,resolved
7120,7929,2025-04-28 22:34:02.942966841,2025-04-29 01:55:28.880772117,card,high,email,,resolved
276,301,2025-04-29 01:02:49.768066210,2025-05-02 15:59:37.364448100,billing,low,in_app_chat,,resolved
3064,3427,2025-04-29 04:01:04.294048696,2025-05-04 09:58:27.935016733,kyc,low,email,3.0,resolved
5912,6594,2025-04-29 05:19:00.333419943,2025-04-30 03:44:19.385855755,kyc,medium,in_app_chat,,resolved
6950,7731,2025-04-29 05:38:56.439655111,2025-04-29 07:30:00.599759149,fraud,urgent,in_app_chat,,resolved
6571,7364,2025-04-29 05:57:42.438776120,2025-04-30 03:59:24.093935153,app,medium,email,3.0,resolved
2478,2789,2025-04-29 09:18:49.808226101,2025-04-30 15:57:15.931057267,account,low,phone,5.0,resolved
5165,5732,2025-04-29 10:42:29.106469840,2025-04-29 19:04:25.902343693,account,medium,in_app_chat,3.0,resolved
5407,6013,2025-04-29 12:59:39.734571114,2025-04-30 02:08:29.588653605,kyc,medium,in_app_chat,4.0,resolved
4083,4544,2025-04-29 13:30:43.994696633,2025-04-30 15:35:58.243687334,card,medium,in_app_chat,4.0,resolved
2843,3178,2025-04-29 13:39:04.949310021,2025-05-01 08:38:32.200212909,kyc,medium,in_app_chat,4.0,resolved
3770,4217,2025-04-29 14:06:47.061329978,,app,medium,in_app_chat,,open
6190,6916,2025-04-29 17:51:02.135905640,,app,medium,email,,open
6589,7378,2025-04-29 18:21:41.645576128,2025-04-30 10:28:45.007457880,card,medium,email,,resolved
1054,1159,2025-04-29 19:39:27.061067710,2025-04-30 19:33:18.198863207,billing,medium,in_app_chat,4.0,resolved
764,844,2025-04-29 23:30:00.715298768,2025-04-30 07:23:37.229693478,card,high,in_app_chat,4.0,resolved
1162,1283,2025-04-30 01:54:23.745396130,2025-04-30 18:02:40.872481420,app,medium,email,5.0,resolved
6332,7089,2025-04-30 07:36:35.262815463,2025-04-30 23:56:32.347362089,card,medium,email,3.0,resolved
6946,7730,2025-04-30 09:56:53.121931903,2025-05-02 09:13:46.511445329,app,low,email,4.0,resolved
2639,2974,2025-04-30 10:42:10.747777080,2025-05-01 00:28:06.739135497,kyc,medium,email,4.0,resolved
4795,5341,2025-04-30 11:11:00.834844827,2025-04-30 16:59:27.732259821,fraud,urgent,in_app_chat,4.0,resolved
5495,6125,2025-04-30 14:51:30.427332972,2025-05-01 00:10:33.636901212,account,medium,email,,resolved
1104,1221,2025-04-30 19:08:23.673490684,2025-05-02 21:25:35.325916826,billing,low,in_app_chat,,resolved
3712,4153,2025-04-30 20:21:03.006937333,2025-05-01 07:59:40.650361912,kyc,medium,email,4.0,resolved
3212,3595,2025-04-30 23:51:21.475062118,2025-05-02 12:00:07.662095606,account,low,email,4.0,resolved
6396,7169,2025-05-01 01:43:41.396434812,2025-05-01 16:13:33.503400201,fraud,high,email,5.0,resolved
3849,4299,2025-05-01 03:07:48.126661210,2025-05-01 08:48:27.192709002,fraud,high,in_app_chat,5.0,resolved
5109,5670,2025-05-01 08:43:02.838177822,2025-05-02 01:01:53.882225634,billing,medium,in_app_chat,3.0,resolved
2619,2957,2025-05-01 12:09:31.976298279,2025-05-01 15:03:16.025427138,fraud,high,email,,resolved
2331,2592,2025-05-01 13:26:23.644503061,2025-05-03 15:35:52.528269369,app,low,email,3.0,resolved
5755,6408,2025-05-01 14:05:16.663836520,2025-05-04 00:20:17.427995588,billing,low,phone,4.0,resolved
6848,7633,2025-05-01 14:34:41.879166735,2025-05-02 15:28:48.795260133,billing,medium,in_app_chat,3.0,resolved
3674,4111,2025-05-01 15:28:12.793472973,2025-05-02 15:44:24.143091454,billing,medium,in_app_chat,4.0,resolved
3164,3540,2025-05-01 17:21:00.465369583,2025-05-01 19:00:52.534922704,kyc,urgent,in_app_chat,5.0,resolved
4527,5025,2025-05-01 18:41:09.353829670,,card,high,email,,closed_unresolved
1232,1356,2025-05-01 20:13:57.232443308,2025-05-02 15:36:43.393311866,kyc,medium,email,3.0,resolved
3599,4028,2025-05-02 01:57:55.166966308,2025-05-02 23:22:52.982306644,app,low,phone,5.0,resolved
1368,1488,2025-05-02 02:21:58.582121670,2025-05-02 12:12:41.547406482,account,medium,email,,resolved
55,60,2025-05-02 02:48:51.762403687,2025-05-07 18:16:35.835290294,billing,low,email,3.0,resolved
2058,2267,2025-05-02 03:53:22.369920123,2025-05-02 10:00:36.652452365,account,medium,email,4.0,resolved
6538,7333,2025-05-02 05:13:09.671235579,2025-05-02 20:51:13.544201859,app,medium,phone,4.0,resolved
5928,6615,2025-05-02 05:52:03.517067308,2025-05-06 06:05:55.024852087,billing,low,phone,,resolved
3400,3811,2025-05-02 08:34:10.695580541,2025-05-03 13:02:58.488907327,app,medium,in_app_chat,4.0,resolved
1803,1976,2025-05-02 13:02:43.187755896,2025-05-02 21:01:01.689970048,card,medium,phone,4.0,resolved
2603,2934,2025-05-02 13:44:47.938023303,2025-05-08 14:14:48.464003729,app,low,in_app_chat,3.0,resolved
3853,4302,2025-05-02 14:10:09.225591726,2025-05-06 16:04:22.513812186,card,low,phone,4.0,resolved
6267,7010,2025-05-02 14:39:44.291282719,2025-05-03 11:05:29.094940228,card,low,in_app_chat,4.0,resolved
1504,1647,2025-05-02 18:37:05.407699635,2025-05-03 19:01:33.997003968,app,low,email,3.0,resolved
4314,4810,2025-05-02 20:37:14.343320835,2025-05-03 14:31:08.538487932,kyc,medium,phone,3.0,resolved
393,437,2025-05-02 21:52:06.131563063,2025-05-03 04:46:39.423506216,fraud,high,in_app_chat,,resolved
2156,2376,2025-05-02 22:18:46.782673781,2025-05-03 13:27:26.571108306,kyc,medium,in_app_chat,3.0,resolved
5916,6599,2025-05-03 00:16:53.594981855,2025-05-04 23:10:48.789465932,account,low,in_app_chat,4.0,resolved
4335,4831,2025-05-03 00:41:45.905756890,2025-05-03 04:03:50.005818833,app,high,in_app_chat,4.0,resolved
3838,4283,2025-05-03 02:57:50.156509351,2025-05-04 03:20:30.640256414,card,low,email,5.0,resolved
4423,4919,2025-05-03 08:41:13.330593268,2025-05-04 21:27:31.118673451,app,low,email,,resolved
221,241,2025-05-03 09:53:52.579151580,2025-05-04 15:01:48.150872841,card,medium,email,3.0,resolved
5715,6365,2025-05-03 10:41:59.080921491,2025-05-03 14:13:30.826355110,account,high,in_app_chat,5.0,resolved
1134,1257,2025-05-03 12:21:20.332676122,2025-05-04 05:26:09.867076560,billing,medium,email,,resolved
6888,7669,2025-05-03 13:42:53.000388008,2025-05-03 19:20:26.768371136,account,high,in_app_chat,4.0,resolved
6003,6694,2025-05-03 15:19:34.455405581,2025-05-03 17:10:20.062197193,fraud,urgent,in_app_chat,,resolved
866,949,2025-05-03 16:32:21.653240631,2025-05-05 22:16:57.691494949,account,low,in_app_chat,,resolved
5526,6159,2025-05-03 16:40:42.490718878,2025-05-04 02:20:57.637217730,card,medium,phone,3.0,resolved
6870,7649,2025-05-03 21:25:02.913978351,2025-05-04 03:10:23.064326038,billing,high,email,4.0,resolved
6336,7091,2025-05-03 22:58:49.317395473,,kyc,high,in_app_chat,,closed_unresolved
1686,1848,2025-05-04 01:05:46.743636635,2025-05-06 10:50:50.853240917,kyc,medium,phone,5.0,resolved
6273,7014,2025-05-04 03:50:52.367203242,2025-05-05 14:42:54.747439939,app,low,email,,resolved
4128,4611,2025-05-04 06:53:19.108486348,2025-05-05 15:34:07.221689248,card,low,in_app_chat,3.0,resolved
3302,3698,2025-05-04 07:21:17.372838830,2025-05-05 13:54:21.039210590,account,medium,in_app_chat,3.0,resolved
1199,1324,2025-05-04 09:40:11.112734815,,card,medium,in_app_chat,,open
6277,7019,2025-05-04 11:22:32.195131645,2025-05-04 17:47:49.353529978,kyc,medium,in_app_chat,3.0,resolved
3014,3381,2025-05-04 12:26:41.051866706,2025-05-07 23:18:51.660215393,card,low,phone,,resolved
290,314,2025-05-04 14:59:23.523969701,2025-05-05 05:36:04.103011293,account,low,in_app_chat,4.0,resolved
1233,1357,2025-05-04 17:46:35.729073926,2025-05-05 05:53:58.830016214,billing,medium,in_app_chat,3.0,resolved
4703,5223,2025-05-04 18:14:38.161823671,2025-05-05 07:54:00.701240229,fraud,high,in_app_chat,,resolved
317,337,2025-05-04 20:00:11.652956340,2025-05-05 09:53:59.894043614,app,low,email,,resolved
606,678,2025-05-04 22:41:06.834747384,2025-05-04 23:39:24.914961436,account,urgent,phone,,resolved
5864,6538,2025-05-04 23:41:24.732134969,2025-05-05 12:24:16.138313556,card,medium,in_app_chat,5.0,resolved
6865,7644,2025-05-04 23:57:23.729563987,2025-05-06 05:59:01.801040315,billing,low,in_app_chat,4.0,resolved
140,162,2025-05-05 01:43:04.288270172,2025-05-05 07:57:31.496189218,app,medium,email,3.0,resolved
735,816,2025-05-05 04:24:21.411914160,2025-05-06 01:31:35.947793958,app,medium,email,5.0,resolved
1230,1351,2025-05-05 04:53:36.600627753,2025-05-05 07:38:27.440357344,kyc,high,in_app_chat,5.0,resolved
1476,1614,2025-05-05 05:11:40.615398913,2025-05-07 10:36:22.956147662,app,low,email,3.0,resolved
6927,7708,2025-05-05 08:00:12.732594367,2025-05-05 23:51:27.606343819,billing,medium,email,3.0,resolved
1315,1433,2025-05-05 08:45:22.316510583,2025-05-05 11:53:13.903428758,kyc,high,email,4.0,resolved
2392,2672,2025-05-05 09:47:46.534615414,2025-05-06 16:09:10.603078026,app,medium,in_app_chat,5.0,resolved
2481,2790,2025-05-05 10:07:54.079006105,2025-05-08 09:07:53.479931026,app,low,email,3.0,resolved
455,505,2025-05-05 11:14:15.229931830,2025-05-07 20:57:25.916475030,account,low,in_app_chat,,resolved
6031,6730,2025-05-05 12:16:59.938097998,2025-05-05 22:59:19.752582846,app,medium,email,,resolved
4970,5547,2025-05-05 15:12:13.664483124,,account,medium,email,,closed_unresolved
2615,2951,2025-05-05 18:45:58.712869431,2025-05-05 23:29:45.000175273,kyc,high,email,5.0,resolved
7001,7787,2025-05-05 20:39:19.385375192,2025-05-06 02:16:17.536923830,account,medium,email,4.0,resolved
1632,1797,2025-05-05 20:46:00.980792333,2025-05-06 08:10:21.709772286,billing,medium,email,3.0,resolved
6616,7398,2025-05-05 21:51:39.362487540,2025-05-10 12:12:37.478075686,billing,low,in_app_chat,,resolved
4210,4694,2025-05-05 22:49:53.926043384,2025-05-06 12:17:35.703508888,app,medium,in_app_chat,,resolved
6436,7213,2025-05-05 23:19:40.720231657,2025-05-07 21:39:21.181185791,account,low,phone,,resolved
1751,1923,2025-05-06 00:03:24.802024415,2025-05-06 13:03:11.429217858,kyc,medium,in_app_chat,4.0,resolved
1399,1531,2025-05-06 00:26:33.757068422,,billing,low,in_app_chat,,closed_unresolved
6838,7616,2025-05-06 07:20:33.548506391,2025-05-06 11:41:32.361459750,kyc,urgent,in_app_chat,5.0,resolved
6620,7404,2025-05-06 11:54:02.182805726,2025-05-09 03:29:50.187554249,billing,low,email,,resolved
5434,6051,2025-05-06 12:10:10.230834959,2025-05-08 11:33:47.456988186,kyc,low,email,4.0,resolved
7125,7930,2025-05-06 12:21:43.555102398,2025-05-07 07:28:19.130908317,card,medium,in_app_chat,5.0,resolved
395,439,2025-05-06 19:32:46.356906563,2025-05-07 00:53:41.900461911,kyc,high,in_app_chat,5.0,resolved
4709,5231,2025-05-06 21:03:01.684723826,,account,medium,email,,closed_unresolved
5970,6652,2025-05-06 21:14:26.539943040,2025-05-07 12:37:16.507683808,billing,medium,email,,resolved
5301,5874,2025-05-06 22:37:46.647224022,2025-05-07 02:50:28.361793526,kyc,high,phone,,resolved
5616,6265,2025-05-07 01:30:52.382862233,2025-05-08 03:29:40.006124857,app,medium,in_app_chat,3.0,resolved
6206,6933,2025-05-07 04:37:34.051159778,,card,high,in_app_chat,,open
4290,4777,2025-05-07 05:36:02.816817151,2025-05-20 08:29:33.640065163,kyc,low,in_app_chat,,resolved
4653,5167,2025-05-07 06:08:34.031778648,2025-05-10 09:32:50.899085707,app,low,phone,4.0,resolved
2789,3126,2025-05-07 06:32:30.550435889,2025-05-07 10:38:26.240746659,kyc,high,phone,4.0,resolved
5598,6242,2025-05-07 10:47:55.772440517,2025-05-08 17:56:50.064125036,billing,medium,in_app_chat,4.0,resolved
3359,3768,2025-05-07 14:20:20.408865388,2025-05-08 08:53:04.726077935,app,medium,in_app_chat,5.0,resolved
557,614,2025-05-07 18:24:28.063442203,2025-05-11 07:09:33.838108664,app,low,in_app_chat,3.0,resolved
1843,2021,2025-05-07 19:18:17.847439053,2025-05-07 21:53:18.459374291,card,high,email,5.0,resolved
4028,4485,2025-05-07 21:36:54.559837975,2025-05-08 01:04:05.823716561,fraud,high,in_app_chat,,resolved
6512,7307,2025-05-08 00:52:13.251884592,2025-05-08 01:56:35.588460134,card,urgent,phone,,resolved
141,163,2025-05-08 05:32:36.119528635,2025-05-08 09:02:53.872685051,card,high,in_app_chat,4.0,resolved
1930,2135,2025-05-08 06:46:18.723623692,2025-05-08 12:07:21.107041024,card,high,in_app_chat,5.0,resolved
312,332,2025-05-08 07:34:52.010451321,2025-05-09 10:34:31.909106873,card,medium,in_app_chat,4.0,resolved
298,318,2025-05-08 10:30:53.614615901,2025-05-09 06:04:34.088398415,fraud,high,in_app_chat,4.0,resolved
3442,3853,2025-05-08 13:29:39.433623141,2025-05-09 04:38:31.774372987,app,medium,email,3.0,resolved
554,611,2025-05-08 16:21:04.924458443,,billing,medium,phone,,open
1197,1321,2025-05-08 16:29:31.378057944,2025-05-09 08:24:48.768139706,card,medium,email,3.0,resolved
2963,3333,2025-05-08 21:37:00.137364245,2025-05-09 09:10:42.924822853,card,medium,email,3.0,resolved
2680,3020,2025-05-08 21:49:41.148335916,2025-05-09 04:07:44.854630315,billing,medium,in_app_chat,,resolved
5785,6446,2025-05-09 02:15:44.989212421,,account,low,email,,closed_unresolved
1854,2033,2025-05-09 04:24:47.144217729,2025-05-09 18:30:37.369379346,kyc,medium,phone,,resolved
4142,4626,2025-05-09 04:27:16.450439595,2025-05-09 05:53:43.668851341,fraud,urgent,in_app_chat,,resolved
6691,7472,2025-05-09 05:49:50.490884130,2025-05-09 18:55:44.481050329,card,high,in_app_chat,2.0,resolved
5786,6448,2025-05-09 06:17:14.281545261,2025-05-12 06:58:40.459133723,billing,low,in_app_chat,4.0,resolved
5858,6526,2025-05-09 07:11:13.536532040,2025-05-11 09:35:24.970460450,card,medium,in_app_chat,,resolved
1059,1165,2025-05-09 11:12:50.548238856,2025-05-10 12:55:42.082491248,kyc,medium,email,5.0,resolved
2532,2845,2025-05-09 14:55:09.173212106,,billing,low,in_app_chat,,closed_unresolved
3594,4024,2025-05-09 18:18:21.316741323,2025-05-09 23:57:22.525948631,card,high,in_app_chat,4.0,resolved
4122,4603,2025-05-09 22:03:44.120573640,,app,medium,in_app_chat,,open
4365,4861,2025-05-09 22:55:57.191122499,2025-05-11 17:31:31.557083059,app,low,in_app_chat,3.0,resolved
2566,2886,2025-05-09 23:06:25.041458525,2025-05-10 14:09:41.654416062,card,medium,email,3.0,resolved
2006,2212,2025-05-09 23:21:35.555244048,2025-05-10 05:11:51.101166742,account,high,email,3.0,resolved
6999,7786,2025-05-10 00:52:39.100527557,2025-05-10 19:26:43.853124596,kyc,low,in_app_chat,,resolved
4971,5548,2025-05-10 02:24:33.680337762,2025-05-10 03:29:15.797793240,kyc,urgent,in_app_chat,,resolved
6203,6928,2025-05-10 03:18:14.413386646,,billing,medium,in_app_chat,,closed_unresolved
726,798,2025-05-10 03:28:13.920627872,2025-05-12 21:28:54.779124573,account,low,phone,2.0,resolved
2894,3256,2025-05-10 09:03:11.140935442,2025-05-14 20:32:04.731987535,card,low,in_app_chat,3.0,resolved
5831,6498,2025-05-10 10:18:16.925552919,2025-05-10 17:38:49.478120392,account,high,in_app_chat,,resolved
3614,4043,2025-05-10 11:11:52.329805468,2025-05-11 11:16:42.376453700,billing,medium,email,,resolved
2045,2253,2025-05-10 14:38:52.152999040,2025-05-10 18:04:35.038318847,card,high,email,,resolved
7046,7835,2025-05-10 15:34:26.971782303,2025-05-12 13:06:33.391885192,billing,low,in_app_chat,4.0,resolved
6633,7413,2025-05-10 16:23:20.813643559,2025-05-10 21:51:11.715166975,kyc,high,in_app_chat,,resolved
2013,2220,2025-05-10 18:17:20.471962718,2025-05-11 05:13:39.818556108,card,medium,in_app_chat,3.0,resolved
5564,6200,2025-05-10 21:06:36.333805904,,app,high,phone,,open
5382,5987,2025-05-10 23:26:07.252864658,2025-05-13 00:03:56.867042349,app,low,in_app_chat,4.0,resolved
4121,4602,2025-05-10 23:34:02.631343704,2025-05-11 01:07:27.983138989,billing,urgent,phone,5.0,resolved
1077,1187,2025-05-11 02:31:23.702377056,2025-05-11 22:18:41.757908019,app,low,in_app_chat,3.0,resolved
1286,1403,2025-05-11 04:04:06.767554998,2025-05-11 13:38:15.432086227,kyc,medium,email,3.0,resolved
4315,4810,2025-05-11 05:08:33.748792595,,app,low,email,,open
458,508,2025-05-11 06:06:19.519450306,2025-05-11 10:04:54.186570193,app,urgent,email,4.0,resolved
1784,1953,2025-05-11 08:14:30.940920392,,billing,low,in_app_chat,,closed_unresolved
1866,2046,2025-05-11 13:20:27.309890235,2025-05-11 16:22:07.614532204,billing,high,in_app_chat,4.0,resolved
2947,3320,2025-05-11 13:56:33.601347473,2025-05-12 08:16:45.149760288,kyc,medium,in_app_chat,3.0,resolved
5886,6560,2025-05-11 15:30:09.424960542,2025-05-13 07:50:01.549538260,account,medium,email,,resolved
3785,4227,2025-05-11 18:26:24.122157423,2025-05-11 23:51:08.218757050,fraud,high,phone,,resolved
5986,6672,2025-05-11 18:44:56.003676207,2025-05-11 19:39:38.680458222,card,urgent,in_app_chat,5.0,resolved
4659,5171,2025-05-11 20:16:49.151209653,2025-05-12 01:38:20.432402416,billing,high,email,,resolved
2173,2393,2025-05-11 20:46:08.559085097,2025-05-12 15:49:24.169000334,account,low,in_app_chat,2.0,resolved
657,731,2025-05-11 21:13:35.225364311,2025-05-12 22:16:47.593595259,billing,medium,in_app_chat,3.0,resolved
4364,4861,2025-05-11 21:57:50.644704709,,card,low,in_app_chat,,closed_unresolved
767,847,2025-05-12 00:09:53.990078247,,billing,medium,in_app_chat,,closed_unresolved
2138,2358,2025-05-12 01:45:52.964617740,,card,medium,in_app_chat,,open
2761,3089,2025-05-12 04:43:29.654312338,2025-05-13 07:18:45.219067259,account,low,in_app_chat,4.0,resolved
6019,6716,2025-05-12 06:19:26.813691148,2025-05-12 08:59:18.591457706,billing,urgent,in_app_chat,,resolved
2726,3055,2025-05-12 07:16:11.576230518,2025-05-12 11:00:49.882932529,card,high,in_app_chat,4.0,resolved
5738,6392,2025-05-12 08:12:18.985489053,2025-05-12 09:09:59.067017338,app,urgent,email,4.0,resolved
3028,3395,2025-05-12 08:59:18.235926994,,billing,medium,email,,closed_unresolved
2281,2530,2025-05-12 11:11:13.153395840,2025-05-12 17:22:52.155528726,fraud,high,in_app_chat,,resolved
4281,4772,2025-05-12 13:59:39.480270316,2025-05-13 07:32:05.463026699,app,low,phone,,resolved
5412,6020,2025-05-12 14:08:31.799157414,2025-05-13 03:32:39.216666166,card,low,in_app_chat,4.0,resolved
4866,5435,2025-05-12 17:32:04.873700892,2025-05-13 02:23:29.863452046,kyc,medium,in_app_chat,4.0,resolved
1089,1198,2025-05-12 18:42:19.792062446,2025-05-13 15:14:13.018676488,billing,medium,in_app_chat,4.0,resolved
5300,5873,2025-05-12 19:02:48.989481025,2025-05-13 20:13:52.063603658,app,low,in_app_chat,,resolved
6187,6911,2025-05-12 20:23:38.556057779,2025-05-13 09:45:42.432533381,card,medium,phone,3.0,resolved
2424,2705,2025-05-12 20:33:07.046554141,2025-05-12 22:39:39.740596766,card,high,email,4.0,resolved
5810,6472,2025-05-12 21:09:49.205118487,2025-05-13 22:57:31.101694313,billing,low,in_app_chat,5.0,resolved
945,1031,2025-05-12 21:11:48.261389700,2025-05-13 09:49:37.845485571,app,medium,in_app_chat,,resolved
1834,2010,2025-05-12 23:39:58.307046560,2025-05-13 10:04:43.378707371,account,medium,email,3.0,resolved
6253,6993,2025-05-13 00:00:15.381960989,2025-05-13 16:12:52.192245669,card,medium,email,3.0,resolved
5957,6644,2025-05-13 00:35:08.617552506,2025-05-13 06:31:37.378698795,fraud,urgent,in_app_chat,,resolved
4556,5055,2025-05-13 02:11:40.600623969,2025-05-14 13:59:33.636801958,billing,medium,email,4.0,resolved
3223,3610,2025-05-13 04:37:07.925627017,2025-05-13 15:02:09.861669740,app,medium,phone,,resolved
3207,3591,2025-05-13 05:00:17.624200878,2025-05-13 12:52:44.919264543,billing,high,email,5.0,resolved
103,111,2025-05-13 05:22:23.419412417,2025-05-13 12:27:55.981430538,kyc,high,in_app_chat,4.0,resolved
3394,3804,2025-05-13 06:07:51.622352351,,app,high,in_app_chat,,open
2197,2415,2025-05-13 07:25:29.265817710,2025-05-14 09:51:15.399809546,billing,medium,in_app_chat,,resolved
18,12,2025-05-13 09:20:57.861737615,2025-05-17 03:30:44.629795103,card,low,email,4.0,resolved
3358,3767,2025-05-13 10:28:53.853221968,2025-05-15 01:31:43.191750374,card,low,phone,,resolved
3938,4397,2025-05-13 11:13:33.904399270,2025-05-15 20:54:47.670640663,card,medium,phone,4.0,resolved
5817,6477,2025-05-13 13:07:14.149625090,2025-05-14 00:12:03.560874010,card,medium,in_app_chat,,resolved
4876,5442,2025-05-13 15:24:00.213454753,2025-05-13 16:41:12.682150069,app,urgent,email,5.0,resolved
2336,2598,2025-05-13 15:28:33.071629160,2025-05-14 11:52:55.541134373,billing,medium,phone,4.0,resolved
1244,1367,2025-05-13 16:06:48.928206830,2025-05-14 17:58:27.036927929,account,high,phone,4.0,resolved
4691,5208,2025-05-13 18:08:59.995556301,2025-05-14 11:07:54.602236575,card,medium,email,3.0,resolved
111,122,2025-05-13 18:58:02.296281737,,fraud,high,in_app_chat,,closed_unresolved
3060,3424,2025-05-13 19:42:26.515456934,2025-05-15 01:14:24.247814420,billing,medium,in_app_chat,5.0,resolved
7025,7809,2025-05-13 20:39:59.881763603,2025-05-14 04:40:13.436756763,billing,medium,in_app_chat,4.0,resolved
287,313,2025-05-13 21:01:45.878438919,2025-05-16 20:45:49.578379911,card,low,email,4.0,resolved
2917,3282,2025-05-14 01:56:14.268875236,,account,high,in_app_chat,,closed_unresolved
4042,4503,2025-05-14 03:09:45.183035900,2025-05-15 14:44:39.213848031,account,medium,in_app_chat,4.0,resolved
5104,5663,2025-05-14 04:23:30.076288607,2025-05-17 15:01:23.464049597,app,low,email,4.0,resolved
5189,5755,2025-05-14 05:53:15.705145703,2025-05-16 15:05:01.394734611,account,low,email,,resolved
1242,1366,2025-05-14 08:21:42.992859614,2025-05-15 01:47:08.979929094,card,medium,in_app_chat,,resolved
6293,7041,2025-05-14 10:43:21.418768899,,kyc,medium,in_app_chat,,open
1031,1138,2025-05-14 12:11:58.051645463,2025-05-14 14:12:27.318753537,card,urgent,in_app_chat,4.0,resolved
6695,7475,2025-05-14 15:50:42.817237656,2025-05-15 04:24:37.563900588,billing,medium,in_app_chat,5.0,resolved
2495,2801,2025-05-14 18:30:51.587025644,2025-05-15 15:48:21.635518282,billing,medium,in_app_chat,5.0,resolved
447,499,2025-05-14 21:04:00.615364371,2025-05-16 03:01:39.007317303,app,medium,email,,resolved
5953,6642,2025-05-14 21:56:31.402839914,2025-05-15 09:49:18.525916202,billing,medium,in_app_chat,5.0,resolved
1156,1278,2025-05-14 23:05:40.492232272,,card,low,email,,open
6591,7379,2025-05-15 02:45:41.807266151,2025-05-15 06:47:09.639300477,fraud,high,phone,3.0,resolved
559,616,2025-05-15 03:43:18.836916931,2025-05-16 17:55:21.609948745,account,medium,in_app_chat,5.0,resolved
5653,6298,2025-05-15 05:31:13.042530877,2025-05-15 12:01:42.549054536,fraud,high,in_app_chat,4.0,resolved
3298,3697,2025-05-15 05:37:11.713830173,2025-05-19 23:45:51.253119159,billing,low,in_app_chat,3.0,resolved
3621,4049,2025-05-15 06:57:01.829652094,2025-05-16 13:09:48.431890795,billing,medium,in_app_chat,5.0,resolved
5169,5740,2025-05-15 09:37:35.454654543,,kyc,medium,phone,,closed_unresolved
3180,3558,2025-05-15 09:42:43.980578236,,app,medium,in_app_chat,,closed_unresolved
3402,3812,2025-05-15 11:03:46.583415587,2025-05-16 02:12:35.132356188,billing,medium,in_app_chat,5.0,resolved
5753,6406,2025-05-15 13:20:23.372207030,2025-05-16 16:20:08.106834623,billing,medium,email,,resolved
7,4,2025-05-15 16:37:03.037191507,2025-05-17 15:04:58.501073752,billing,low,in_app_chat,4.0,resolved
3963,4426,2025-05-15 18:46:52.090820163,2025-05-15 22:10:06.979372140,app,urgent,email,,resolved
2484,2791,2025-05-15 20:40:32.604638563,,card,medium,in_app_chat,,closed_unresolved
3956,4418,2025-05-16 00:04:39.697828412,2025-05-16 15:48:43.437742104,kyc,medium,in_app_chat,4.0,resolved
2122,2341,2025-05-16 04:10:45.665712203,2025-05-18 21:11:45.374167611,billing,low,in_app_chat,4.0,resolved
4736,5274,2025-05-16 05:02:31.910183606,2025-05-16 17:10:29.079993100,app,medium,in_app_chat,,resolved
475,531,2025-05-16 05:44:24.247662855,,billing,high,in_app_chat,,closed_unresolved
5196,5760,2025-05-16 06:57:55.676966126,2025-05-17 00:31:01.293761157,card,medium,in_app_chat,3.0,resolved
167,189,2025-05-16 07:41:24.951237797,2025-05-16 15:55:39.106385257,card,medium,in_app_chat,,resolved
3669,4105,2025-05-16 11:15:52.925069390,2025-05-18 01:31:07.700574741,account,low,in_app_chat,3.0,resolved
6464,7258,2025-05-16 13:00:14.196871532,2025-05-16 22:57:35.555620401,fraud,medium,phone,4.0,resolved
2652,2989,2025-05-16 13:19:26.676068419,2025-05-18 21:19:17.309954535,app,low,in_app_chat,4.0,resolved
2840,3178,2025-05-16 18:08:18.579871510,2025-05-18 05:02:25.181256695,app,low,in_app_chat,,resolved
3525,3950,2025-05-16 18:58:49.827149276,2025-05-16 21:53:12.755708043,kyc,high,email,5.0,resolved
1990,2192,2025-05-16 19:35:39.570253494,2025-05-17 02:19:34.594191177,app,medium,in_app_chat,4.0,resolved
6699,7481,2025-05-16 19:52:49.640381256,2025-05-17 00:02:06.532366243,kyc,high,phone,,resolved
4690,5207,2025-05-16 20:02:35.517922267,2025-05-17 03:30:24.753220027,billing,high,phone,4.0,resolved
6472,7262,2025-05-16 20:24:33.009055096,2025-05-17 12:48:50.461060712,app,high,email,4.0,resolved
3432,3843,2025-05-16 23:05:24.458291249,2025-05-17 01:24:54.260536934,app,high,phone,5.0,resolved
471,525,2025-05-17 04:02:00.807933151,2025-05-17 08:55:13.634607704,account,high,email,,resolved
4066,4523,2025-05-17 06:33:08.882665833,2025-05-18 08:50:30.291286941,card,high,email,5.0,resolved
63,68,2025-05-17 07:58:02.427577011,,billing,urgent,email,,open
6923,7704,2025-05-17 09:30:26.010532837,2025-05-18 20:18:14.469630952,card,low,in_app_chat,,resolved
6516,7309,2025-05-17 10:03:16.411503553,2025-05-18 15:51:26.554899639,account,medium,in_app_chat,,resolved
6652,7440,2025-05-17 10:10:24.940215903,,billing,urgent,email,,open
1621,1787,2025-05-17 11:58:12.092315911,2025-05-18 14:11:37.030783342,card,medium,email,3.0,resolved
2960,3332,2025-05-17 12:05:47.186916999,2025-05-17 17:10:27.287945221,card,high,in_app_chat,3.0,resolved
300,322,2025-05-17 12:10:10.384125709,2025-05-17 21:43:17.185130771,fraud,urgent,phone,,resolved
4306,4804,2025-05-17 14:16:43.467358255,,fraud,high,phone,,open
1740,1899,2025-05-17 14:38:10.259624762,2025-05-18 07:33:23.233327475,billing,medium,in_app_chat,,resolved
4904,5470,2025-05-17 14:56:23.541717085,,app,high,email,,open
2710,3042,2025-05-17 16:20:18.683318601,2025-05-18 11:08:18.698788747,card,medium,in_app_chat,4.0,resolved
1613,1781,2025-05-17 18:13:37.062974936,2025-05-19 03:02:00.999296823,account,low,in_app_chat,,resolved
954,1040,2025-05-17 18:57:50.491355509,2025-05-20 19:26:43.930845280,billing,low,email,3.0,resolved
883,966,2025-05-17 22:39:00.761429255,2025-05-22 16:09:06.518017736,billing,low,in_app_chat,4.0,resolved
4534,5035,2025-05-18 00:40:25.210320588,2025-05-18 12:01:56.028814455,card,medium,email,5.0,resolved
1908,2115,2025-05-18 01:17:56.111790863,2025-05-18 09:11:57.125162592,app,medium,email,,resolved
6330,7086,2025-05-18 01:20:57.250637969,2025-05-18 10:27:21.330563769,account,medium,phone,,resolved
1074,1185,2025-05-18 02:00:01.490763456,2025-05-18 13:46:05.233853460,account,medium,in_app_chat,5.0,resolved
472,526,2025-05-18 08:59:14.312319005,2025-05-20 16:04:25.827058863,card,low,in_app_chat,3.0,resolved
788,874,2025-05-18 09:31:52.224697367,,card,high,email,,closed_unresolved
6074,6780,2025-05-18 09:54:32.281965460,2025-05-18 17:53:36.272164742,billing,medium,phone,5.0,resolved
2797,3131,2025-05-18 09:58:28.462072751,2025-05-18 16:51:09.899735178,billing,medium,email,,resolved
6788,7571,2025-05-18 10:21:17.765511217,2025-05-19 17:20:31.762256701,app,low,in_app_chat,2.0,resolved
1544,1701,2025-05-18 10:56:30.807840140,2025-05-19 00:39:08.628486507,account,medium,in_app_chat,,resolved
2223,2457,2025-05-18 11:50:54.102082070,2025-05-19 04:14:13.975920567,billing,medium,email,3.0,resolved
80,86,2025-05-18 13:53:49.646322738,2025-05-23 03:25:06.658873576,card,low,phone,4.0,resolved
4548,5047,2025-05-18 14:44:58.636007664,2025-05-21 14:32:39.040547096,card,low,email,3.0,resolved
3975,4434,2025-05-18 17:06:11.537572219,2025-05-19 04:08:54.480792433,kyc,medium,in_app_chat,,resolved
6406,7180,2025-05-18 19:12:24.395949990,,account,medium,phone,,closed_unresolved
7154,7954,2025-05-18 19:58:10.936330271,2025-05-20 00:47:54.972823057,account,low,in_app_chat,5.0,resolved
2739,3063,2025-05-18 20:34:20.416613808,2025-05-19 07:22:01.947007236,kyc,medium,phone,4.0,resolved
3953,4412,2025-05-18 22:14:24.404975741,,card,low,email,,closed_unresolved
6949,7731,2025-05-19 02:57:20.730762452,2025-05-19 19:40:37.201139128,billing,medium,in_app_chat,,resolved
7131,7935,2025-05-19 03:11:22.594622285,2025-05-21 13:29:43.294870775,card,low,in_app_chat,3.0,resolved
501,559,2025-05-19 05:25:39.823873970,2025-05-19 14:52:27.968146556,card,medium,email,4.0,resolved
5682,6335,2025-05-19 06:02:07.257271473,,card,high,in_app_chat,,open
5408,6014,2025-05-19 06:44:36.338224902,2025-05-20 05:07:29.874892605,card,medium,in_app_chat,4.0,resolved
1794,1971,2025-05-19 10:32:54.320664995,2025-05-19 14:36:45.477722379,billing,high,in_app_chat,,resolved
1023,1127,2025-05-19 12:38:21.180188328,2025-05-20 14:53:00.836355984,billing,medium,in_app_chat,4.0,resolved
1985,2190,2025-05-19 13:21:28.798906112,2025-05-20 06:56:05.319482734,kyc,medium,in_app_chat,,resolved
5155,5724,2025-05-19 13:23:18.195580144,2025-05-20 11:52:36.404579928,billing,medium,email,4.0,resolved
329,348,2025-05-19 15:53:25.871445985,2025-05-19 19:20:21.926032853,fraud,urgent,in_app_chat,5.0,resolved
5141,5709,2025-05-19 16:48:16.591773438,2025-05-19 21:51:06.825382653,fraud,high,in_app_chat,5.0,resolved
1007,1103,2025-05-19 17:51:38.105163815,2025-05-20 10:47:19.239028779,kyc,high,in_app_chat,4.0,resolved
266,293,2025-05-19 18:03:03.443670406,,card,medium,in_app_chat,,closed_unresolved
6954,7734,2025-05-19 22:55:42.350490618,2025-05-20 02:17:44.330651740,kyc,urgent,email,5.0,resolved
321,344,2025-05-20 02:08:48.961543980,2025-05-25 21:43:36.570624908,billing,low,in_app_chat,3.0,resolved
6504,7299,2025-05-20 02:20:59.123159969,2025-05-21 09:26:45.172813667,card,low,in_app_chat,3.0,resolved
2599,2932,2025-05-20 02:21:12.361920842,,kyc,high,email,,open
1823,1999,2025-05-20 05:50:24.139871799,2025-05-20 13:51:30.921686472,billing,medium,in_app_chat,,resolved
4024,4482,2025-05-20 06:18:10.104861507,2025-05-20 14:58:38.719240716,app,high,email,,resolved
844,925,2025-05-20 07:24:16.722743567,2025-05-23 13:15:01.468580534,card,low,phone,3.0,resolved
5002,5572,2025-05-20 07:59:01.261623082,,card,medium,email,,closed_unresolved
2075,2281,2025-05-20 13:30:27.289811779,2025-05-21 07:39:46.026073900,billing,medium,in_app_chat,4.0,resolved
6082,6788,2025-05-20 13:30:49.501478946,2025-05-21 18:35:33.240158326,billing,medium,email,4.0,resolved
4165,4646,2025-05-20 13:57:40.020453457,2025-05-22 16:36:47.128719106,app,low,email,2.0,resolved
6292,7039,2025-05-20 14:34:33.242128561,2025-05-21 06:33:27.139895567,app,medium,in_app_chat,,resolved
5871,6542,2025-05-20 14:35:15.140567728,2025-05-20 15:51:05.557173307,billing,urgent,in_app_chat,5.0,resolved
4086,4547,2025-05-20 15:45:01.714536054,2025-05-21 23:31:37.948430722,billing,low,phone,4.0,resolved
6775,7553,2025-05-20 15:46:21.375907979,2025-05-20 18:09:37.155126013,fraud,urgent,in_app_chat,4.0,resolved
5592,6231,2025-05-20 22:32:34.740040554,2025-05-22 12:09:39.660406507,account,low,in_app_chat,4.0,resolved
4192,4671,2025-05-21 01:52:43.770966435,,account,medium,email,,closed_unresolved
6528,7322,2025-05-21 06:29:18.578297342,2025-05-23 15:32:09.357968183,billing,low,in_app_chat,3.0,resolved
3354,3763,2025-05-21 07:24:06.639022177,,card,high,phone,,open
4793,5339,2025-05-21 09:14:31.950698251,2025-05-23 11:54:30.011547772,card,low,in_app_chat,4.0,resolved
2829,3168,2025-05-21 09:49:43.062397901,2025-05-22 20:08:47.308094114,card,high,in_app_chat,5.0,resolved
5848,6515,2025-05-21 10:26:07.602406077,2025-05-22 04:16:36.642161230,card,medium,in_app_chat,3.0,resolved
5681,6335,2025-05-21 14:23:10.973613770,2025-05-22 02:11:34.010881312,kyc,medium,in_app_chat,,resolved
5859,6528,2025-05-21 17:08:42.089411074,2025-05-21 19:08:53.933318708,kyc,high,in_app_chat,,resolved
582,646,2025-05-21 17:40:14.379122133,2025-05-22 00:59:21.546469507,card,high,email,,resolved
3895,4347,2025-05-21 17:59:53.559768546,2025-05-25 17:07:01.374120988,billing,low,in_app_chat,5.0,resolved
4505,5005,2025-05-21 19:17:13.796073116,2025-05-22 22:15:15.892621882,billing,medium,in_app_chat,,resolved
156,181,2025-05-21 19:46:49.160381828,2025-05-22 06:14:54.700824802,account,medium,email,,resolved
2225,2458,2025-05-21 21:13:25.321904451,2025-05-22 06:39:37.603313691,app,medium,in_app_chat,,resolved
5583,6223,2025-05-22 01:19:55.256701278,2025-05-23 12:57:56.104095229,app,medium,in_app_chat,,resolved
0,0,2025-05-22 01:40:24.757815529,2025-05-22 10:01:27.166147928,card,medium,email,4.0,resolved
2596,2929,2025-05-22 06:07:28.194314836,2025-05-22 08:47:11.277112537,account,urgent,email,4.0,resolved
6925,7707,2025-05-22 07:16:21.110486900,2025-05-24 01:54:17.323845179,app,medium,in_app_chat,4.0,resolved
4900,5463,2025-05-22 12:59:53.211848009,2025-05-23 01:08:13.984816224,card,high,in_app_chat,4.0,resolved
6867,7644,2025-05-22 15:27:32.182605650,2025-05-23 00:50:23.267697956,card,medium,in_app_chat,3.0,resolved
4610,5105,2025-05-22 17:41:07.995708205,,kyc,medium,in_app_chat,,open
2452,2742,2025-05-22 17:52:47.156117064,2025-05-23 04:22:19.389183676,app,high,email,4.0,resolved
2237,2475,2025-05-22 20:55:08.925449280,2025-05-24 07:42:14.342571865,kyc,medium,email,4.0,resolved
5537,6173,2025-05-23 05:29:46.975986752,2025-05-24 07:14:49.448304960,billing,medium,in_app_chat,,resolved
4892,5457,2025-05-23 05:56:34.838999275,2025-05-23 20:16:02.437835743,card,medium,email,,resolved
3636,4065,2025-05-23 07:35:55.896220046,2025-05-25 14:00:01.675607900,account,medium,in_app_chat,,resolved
623,698,2025-05-23 07:43:24.427414159,2025-05-23 17:54:09.358314763,account,medium,in_app_chat,4.0,resolved
5680,6332,2025-05-23 10:38:28.638781126,2025-05-24 02:22:44.790282364,account,medium,phone,4.0,resolved
6800,7580,2025-05-23 14:52:26.163069392,2025-05-24 16:26:36.707886489,account,low,in_app_chat,3.0,resolved
4480,4978,2025-05-23 15:37:09.288122960,2025-05-24 03:04:50.802890178,fraud,high,in_app_chat,5.0,resolved
2370,2641,2025-05-23 15:40:11.650809581,2025-05-24 09:37:12.257707826,kyc,medium,in_app_chat,4.0,resolved
1880,2068,2025-05-23 16:47:41.833836119,2025-05-23 18:14:03.553098375,account,urgent,email,5.0,resolved
3438,3848,2025-05-23 20:23:33.022970744,2025-05-24 10:34:10.367354698,card,medium,in_app_chat,4.0,resolved
3966,4429,2025-05-23 22:42:42.366422422,,kyc,urgent,in_app_chat,,closed_unresolved
4178,4653,2025-05-24 00:07:10.438802042,2025-05-24 15:36:36.954991312,card,medium,email,4.0,resolved
3550,3977,2025-05-24 00:35:19.516478769,2025-05-25 16:59:56.576684824,billing,medium,in_app_chat,5.0,resolved
4612,5108,2025-05-24 03:25:52.633713192,,kyc,medium,in_app_chat,,open
5448,6068,2025-05-24 03:36:14.400886803,,app,high,phone,,open
2202,2421,2025-05-24 09:15:53.743191347,2025-05-24 12:25:55.474493837,kyc,high,in_app_chat,,resolved
4941,5514,2025-05-24 11:49:51.660661843,2025-05-25 08:44:24.523508324,account,medium,email,4.0,resolved
3487,3908,2025-05-24 12:31:13.291252746,2025-05-26 05:18:01.471829739,app,low,email,4.0,resolved
659,732,2025-05-24 13:29:10.761866301,2025-05-25 08:53:52.417230670,kyc,medium,in_app_chat,4.0,resolved
4229,4715,2025-05-24 15:34:56.416817933,,account,medium,in_app_chat,,open
15,9,2025-05-24 15:53:12.915420887,,fraud,high,in_app_chat,,open
3709,4149,2025-05-24 15:53:35.843880727,2025-05-24 16:43:32.307116324,fraud,urgent,phone,5.0,resolved
2533,2846,2025-05-24 21:51:39.952296544,,card,medium,in_app_chat,,closed_unresolved
5806,6470,2025-05-24 23:11:16.437808109,2025-05-25 01:47:22.456012068,fraud,urgent,in_app_chat,3.0,resolved
7105,7915,2025-05-25 00:04:50.671502849,2025-05-25 04:49:22.222936685,card,high,in_app_chat,,resolved
391,435,2025-05-25 00:47:30.494475588,,kyc,low,in_app_chat,,open
4304,4800,2025-05-25 00:50:23.658771528,2025-05-28 22:29:40.728770539,card,low,in_app_chat,4.0,resolved
369,412,2025-05-25 02:26:24.241442772,2025-05-25 14:51:09.686826340,app,high,phone,4.0,resolved
2666,3003,2025-05-25 03:48:57.906205721,2025-05-25 05:20:44.130589719,account,urgent,phone,4.0,resolved
5229,5790,2025-05-25 04:04:32.124214392,2025-05-25 16:13:23.301244917,kyc,medium,in_app_chat,3.0,resolved
3658,4092,2025-05-25 04:18:19.594811159,2025-05-26 21:10:02.174093391,account,medium,in_app_chat,5.0,resolved
4989,5561,2025-05-25 05:00:46.116498257,2025-05-25 21:52:09.266012787,billing,medium,in_app_chat,3.0,resolved
4222,4708,2025-05-25 06:14:59.319295313,2025-05-28 14:21:49.279985682,card,low,email,,resolved
556,612,2025-05-25 06:59:03.890309927,2025-05-26 01:57:10.090195238,billing,medium,in_app_chat,3.0,resolved
4805,5356,2025-05-25 09:53:17.859950067,2025-05-26 01:47:12.236669711,card,medium,in_app_chat,4.0,resolved
3893,4344,2025-05-25 10:32:58.167933106,2025-05-26 07:36:35.162250254,kyc,high,in_app_chat,4.0,resolved
1938,2146,2025-05-25 12:13:20.014659154,2025-05-25 22:26:00.629822282,kyc,high,in_app_chat,3.0,resolved
1151,1274,2025-05-25 13:15:40.942512034,2025-05-25 16:40:11.174677339,card,high,in_app_chat,4.0,resolved
432,480,2025-05-25 16:37:45.200805458,2025-05-25 21:20:48.702176021,kyc,high,in_app_chat,4.0,resolved
515,569,2025-05-25 17:01:44.549516740,2025-05-26 13:55:24.106955177,account,medium,phone,3.0,resolved
2768,3095,2025-05-25 19:31:45.779388317,2025-05-26 08:59:08.935061270,billing,medium,in_app_chat,5.0,resolved
3514,3940,2025-05-25 23:20:53.793635680,2025-05-26 04:13:43.151022865,card,medium,in_app_chat,,resolved
5432,6049,2025-05-26 00:19:00.610148285,,billing,medium,in_app_chat,,closed_unresolved
3660,4093,2025-05-26 01:54:41.122133691,2025-05-26 13:10:01.260535019,kyc,medium,in_app_chat,,resolved
3575,4012,2025-05-26 02:33:24.168942794,2025-05-26 06:08:11.201514099,billing,high,in_app_chat,5.0,resolved
3056,3420,2025-05-26 04:18:57.462668778,2025-05-26 16:46:49.996262677,app,medium,in_app_chat,3.0,resolved
1333,1452,2025-05-26 04:19:33.968960538,2025-05-26 10:17:54.564560107,card,high,in_app_chat,,resolved
2540,2853,2025-05-26 05:36:25.690563380,2025-05-27 14:46:56.793919186,kyc,medium,in_app_chat,4.0,resolved
3562,3997,2025-05-26 05:52:55.143171261,2025-05-27 17:17:56.020736364,billing,medium,email,,resolved
4362,4858,2025-05-26 06:04:28.281634896,,card,medium,email,,closed_unresolved
1726,1886,2025-05-26 07:00:55.217882384,2025-05-31 15:53:46.156011152,card,low,in_app_chat,4.0,resolved
6697,7478,2025-05-26 09:11:01.580805591,2025-05-26 14:02:19.501599078,card,urgent,in_app_chat,,resolved
2616,2953,2025-05-26 11:35:17.493323112,,billing,medium,in_app_chat,,open
3977,4438,2025-05-26 17:12:00.212143979,2025-05-27 08:15:11.729377656,fraud,medium,in_app_chat,3.0,resolved
2822,3162,2025-05-26 20:43:20.677673991,,account,medium,in_app_chat,,open
1599,1768,2025-05-26 22:09:31.329033174,2025-05-28 07:22:18.703572924,billing,medium,in_app_chat,,resolved
89,92,2025-05-26 22:19:57.644469675,2025-05-27 06:17:18.526711373,billing,medium,in_app_chat,,resolved
4840,5409,2025-05-27 02:35:38.179988168,2025-05-27 03:21:10.690522524,app,urgent,email,,resolved
857,937,2025-05-27 05:12:02.500245864,2025-05-29 11:08:07.967286596,account,low,email,4.0,resolved
1069,1182,2025-05-27 05:34:39.038797122,2025-05-29 18:22:49.712952159,app,low,in_app_chat,,resolved
5950,6640,2025-05-27 07:00:05.350182333,2025-05-31 18:58:11.295434637,card,low,email,3.0,resolved
5148,5716,2025-05-27 07:14:41.527434949,2025-05-27 09:33:01.024705541,billing,high,in_app_chat,,resolved
6519,7315,2025-05-27 07:39:26.047729007,2025-05-27 22:56:16.598662997,card,medium,in_app_chat,4.0,resolved
1681,1838,2025-05-27 11:28:14.586879429,2025-05-28 08:21:04.898497695,card,medium,in_app_chat,3.0,resolved
6674,7460,2025-05-27 14:46:41.902170827,2025-05-28 07:03:28.800487209,billing,medium,in_app_chat,2.0,resolved
4203,4684,2025-05-27 15:29:36.340428713,2025-05-28 23:38:49.192673844,app,medium,phone,,resolved
6908,7690,2025-05-27 20:17:20.261023802,,fraud,urgent,phone,,open
2267,2514,2025-05-27 21:25:22.705849885,2025-05-28 04:42:44.028793268,kyc,high,in_app_chat,3.0,resolved
370,412,2025-05-27 22:11:21.851390653,2025-05-29 04:52:17.412058604,account,low,in_app_chat,3.0,resolved
4468,4962,2025-05-27 22:48:22.116982227,2025-06-01 06:15:35.035451982,billing,low,phone,,resolved
1258,1378,2025-05-28 02:14:24.596971379,2025-05-30 09:40:35.661588409,account,low,in_app_chat,,resolved
6213,6940,2025-05-28 02:50:42.465237659,2025-05-29 19:20:46.018231710,kyc,medium,email,3.0,resolved
5057,5622,2025-05-28 04:21:55.847490854,2025-05-29 06:56:55.050550342,card,medium,in_app_chat,4.0,resolved
3528,3953,2025-05-28 06:59:09.888018164,2025-05-28 09:17:40.867173771,fraud,high,in_app_chat,5.0,resolved
5726,6379,2025-05-28 07:18:17.187627058,2025-05-28 22:21:42.030281651,card,medium,phone,,resolved
734,813,2025-05-28 07:31:54.436456966,2025-05-29 23:14:57.513808470,kyc,medium,in_app_chat,,resolved
7009,7792,2025-05-28 10:56:01.338931420,2025-05-28 14:34:45.866120281,card,urgent,phone,,resolved
2373,2645,2025-05-28 11:16:45.568055205,2025-05-29 18:14:57.081336634,app,medium,in_app_chat,5.0,resolved
6091,6799,2025-05-28 11:34:54.432856790,2025-05-29 08:38:28.300049660,kyc,medium,phone,3.0,resolved
6729,7507,2025-05-28 11:42:43.760712715,2025-05-30 14:17:56.477771656,app,medium,email,3.0,resolved
1006,1101,2025-05-28 12:18:30.089650737,2025-05-28 17:04:56.497462078,card,high,in_app_chat,,resolved
7118,7927,2025-05-28 16:14:59.681753148,,billing,medium,email,,closed_unresolved
6632,7412,2025-05-28 18:45:49.151435411,2025-05-29 00:12:47.748301754,kyc,high,in_app_chat,5.0,resolved
437,484,2025-05-28 18:56:54.279571194,2025-05-28 23:01:49.887008520,kyc,high,phone,4.0,resolved
6194,6922,2025-05-28 23:34:28.298112942,2025-05-29 05:26:13.524395784,card,medium,in_app_chat,,resolved
3935,4393,2025-05-29 02:18:19.705528062,2025-05-29 06:33:23.564344982,card,high,in_app_chat,5.0,resolved
4107,4575,2025-05-29 05:11:27.405206053,,account,medium,phone,,open
3334,3739,2025-05-29 07:15:38.645859453,2025-05-30 16:10:12.266082390,billing,medium,phone,4.0,resolved
1998,2203,2025-05-29 07:32:28.602195665,2025-05-29 12:05:10.016796425,kyc,high,in_app_chat,,resolved
4503,5003,2025-05-29 11:41:47.325653831,2025-05-31 06:42:42.304565957,billing,low,email,3.0,resolved
5936,6627,2025-05-29 11:51:55.054643172,2025-05-30 19:28:37.936925298,app,low,in_app_chat,,resolved
742,821,2025-05-29 12:09:53.943353706,2025-05-30 05:23:40.773798694,account,medium,email,5.0,resolved
4591,5081,2025-05-29 17:30:46.483459462,2025-06-01 10:24:01.368756668,app,low,email,,resolved
2147,2369,2025-05-29 17:40:58.774001301,2025-06-01 17:49:32.000957213,app,low,phone,4.0,resolved
5096,5656,2025-05-29 20:34:19.571502083,2025-05-30 17:05:06.817067059,card,low,phone,4.0,resolved
5164,5731,2025-05-29 22:02:51.870652080,2025-05-31 12:16:52.010283230,billing,low,email,3.0,resolved
3589,4021,2025-05-30 00:17:21.806832099,2025-05-30 02:33:20.160350215,account,high,email,3.0,resolved
3910,4362,2025-05-30 00:18:17.423554455,2025-05-31 11:48:17.695954341,card,medium,in_app_chat,4.0,resolved
4100,4568,2025-05-30 02:33:10.625686202,,billing,low,email,,closed_unresolved
3627,4053,2025-05-30 02:54:34.688927969,2025-05-30 16:08:02.423875778,fraud,medium,phone,4.0,resolved
3062,3425,2025-05-30 03:07:23.197630961,2025-05-30 05:25:28.277140147,app,urgent,email,5.0,resolved
2634,2969,2025-05-30 03:20:01.654074389,2025-05-30 09:56:06.241053924,billing,high,in_app_chat,3.0,resolved
716,787,2025-05-30 04:10:57.686153286,2025-05-30 09:21:57.727158336,card,high,email,4.0,resolved
1847,2028,2025-05-30 05:20:29.784706324,2025-05-30 23:09:25.143951923,billing,low,email,2.0,resolved
440,488,2025-05-30 06:09:38.786920606,2025-05-30 21:51:11.370951899,kyc,medium,in_app_chat,,resolved
5411,6018,2025-05-30 09:20:29.038110846,2025-05-30 18:37:34.088243682,billing,medium,in_app_chat,3.0,resolved
5617,6265,2025-05-30 09:33:50.741508562,2025-06-01 09:30:40.781292287,card,low,email,4.0,resolved
2796,3131,2025-05-30 09:53:29.781737427,2025-05-31 11:25:35.721263629,app,medium,email,4.0,resolved
2672,3008,2025-05-30 11:40:30.718471120,2025-06-01 21:10:05.741841594,billing,medium,in_app_chat,4.0,resolved
5515,6149,2025-05-30 12:08:57.273630288,2025-05-31 15:13:45.969199561,kyc,medium,email,4.0,resolved
6675,7461,2025-05-30 12:53:18.727862968,2025-05-31 12:05:55.229772966,kyc,medium,in_app_chat,5.0,resolved
2438,2725,2025-05-30 14:46:50.801527488,2025-05-30 16:11:40.573989790,account,urgent,in_app_chat,4.0,resolved
430,480,2025-05-30 16:32:44.608521096,2025-05-31 07:46:15.567277358,billing,medium,in_app_chat,4.0,resolved
7181,7986,2025-05-30 18:20:57.539148613,2025-05-31 02:05:56.738962814,kyc,high,in_app_chat,4.0,resolved
5475,6094,2025-05-30 23:25:13.849719392,2025-05-31 17:18:16.857842195,card,medium,email,2.0,resolved
3424,3836,2025-05-31 00:57:07.195480557,2025-06-02 05:12:33.693921054,card,low,email,,resolved
3970,4432,2025-05-31 01:08:17.678122860,,card,medium,in_app_chat,,closed_unresolved
1830,2008,2025-05-31 04:42:15.837373883,2025-05-31 19:29:01.079338578,fraud,high,phone,,resolved
5237,5796,2025-05-31 06:35:21.868684771,2025-05-31 08:24:59.712308229,fraud,urgent,in_app_chat,5.0,resolved
5892,6566,2025-05-31 07:01:00.518110265,2025-05-31 17:44:15.496297622,billing,medium,email,4.0,resolved
572,634,2025-05-31 08:13:50.317166337,2025-05-31 09:12:17.036736421,billing,urgent,in_app_chat,,resolved
2457,2750,2025-05-31 10:43:48.027218001,2025-06-01 00:30:20.303362299,card,medium,in_app_chat,,resolved
466,519,2025-05-31 21:06:04.476515875,2025-06-02 03:08:43.366311898,app,medium,email,4.0,resolved
3536,3961,2025-05-31 22:45:36.492875562,2025-06-01 04:45:01.316128915,fraud,urgent,email,,resolved
3231,3618,2025-05-31 23:45:23.746633416,2025-06-05 06:37:03.161828766,app,low,email,,resolved
6741,7523,2025-06-01 00:10:39.049769239,2025-06-02 13:42:28.399486549,billing,medium,in_app_chat,5.0,resolved
5451,6071,2025-06-01 03:20:52.582633912,2025-06-01 12:56:27.537152258,fraud,high,email,,resolved
744,824,2025-06-01 04:55:04.735006743,2025-06-01 13:35:18.839173126,app,medium,in_app_chat,4.0,resolved
6305,7058,2025-06-01 07:09:12.113727900,2025-06-01 19:00:29.406917220,billing,medium,in_app_chat,5.0,resolved
5733,6390,2025-06-01 11:05:56.311589564,,app,low,phone,,open
5533,6168,2025-06-01 11:25:16.791860896,2025-06-03 02:16:11.590648039,account,low,email,4.0,resolved
3620,4048,2025-06-01 12:01:49.209330069,2025-06-02 06:00:45.307084057,app,high,in_app_chat,4.0,resolved
4245,4733,2025-06-01 18:48:11.875983045,2025-06-02 03:40:12.778744066,app,medium,in_app_chat,,resolved
6389,7164,2025-06-01 21:14:33.237738502,,fraud,high,email,,open
5140,5708,2025-06-01 23:51:43.644772814,2025-06-02 15:50:35.497120296,account,medium,email,4.0,resolved
6722,7500,2025-06-02 04:32:48.105562107,,card,low,in_app_chat,,closed_unresolved
500,558,2025-06-02 10:51:31.020086027,2025-06-04 18:22:07.823333427,billing,low,in_app_chat,5.0,resolved
2380,2651,2025-06-02 13:51:27.835705249,2025-06-03 12:09:51.376828982,billing,medium,email,4.0,resolved
4450,4947,2025-06-02 14:30:10.063732553,2025-06-03 17:57:20.637372710,app,medium,in_app_chat,4.0,resolved
4108,4575,2025-06-02 14:33:02.552791800,2025-06-02 22:42:18.868649282,kyc,medium,email,4.0,resolved
4168,4648,2025-06-02 14:59:49.799455114,2025-06-03 07:05:21.608271943,account,medium,email,,resolved
2636,2971,2025-06-02 16:49:35.463640903,2025-06-02 19:01:22.906442703,fraud,urgent,phone,5.0,resolved
5645,6289,2025-06-02 17:47:07.200424642,,fraud,high,in_app_chat,,closed_unresolved
2708,3040,2025-06-02 19:00:16.091745459,2025-06-03 15:52:38.201178634,billing,low,in_app_chat,4.0,resolved
6388,7163,2025-06-02 19:08:16.153625368,2025-06-03 04:26:39.096423182,app,medium,email,4.0,resolved
4777,5312,2025-06-03 00:01:31.677912134,2025-06-04 09:44:26.285710728,card,medium,email,5.0,resolved
5698,6348,2025-06-03 00:11:20.171127073,2025-06-04 05:49:07.544504539,billing,medium,in_app_chat,,resolved
691,767,2025-06-03 00:57:16.478807440,2025-06-03 23:54:36.470402366,fraud,high,in_app_chat,,resolved
1009,1106,2025-06-03 03:02:00.014561416,2025-06-06 00:41:14.039258233,app,low,in_app_chat,3.0,resolved
2567,2887,2025-06-03 03:23:50.378109708,2025-06-05 00:25:24.278727913,card,low,email,,resolved
1037,1144,2025-06-03 04:36:36.645633207,2025-06-03 16:46:10.101683094,card,medium,phone,4.0,resolved
4974,5549,2025-06-03 06:30:55.813251430,2025-06-05 22:49:12.242833675,kyc,low,phone,,resolved
5487,6106,2025-06-03 07:00:21.866184622,2025-06-04 22:39:02.922843923,billing,medium,in_app_chat,4.0,resolved
2171,2392,2025-06-03 08:39:18.114422258,2025-06-04 14:00:13.133428745,kyc,medium,in_app_chat,,resolved
5047,5612,2025-06-03 10:28:31.829688883,,fraud,urgent,email,,open
5783,6445,2025-06-03 12:07:53.960047083,2025-06-03 16:10:36.699216283,kyc,high,in_app_chat,5.0,resolved
1000,1097,2025-06-03 12:47:12.428244695,2025-06-04 14:20:32.362643412,app,medium,email,5.0,resolved
4403,4889,2025-06-03 14:13:56.192045249,2025-06-04 12:19:39.328023758,card,medium,phone,,resolved
804,886,2025-06-03 16:30:00.837505379,2025-06-03 18:41:30.050505456,card,high,in_app_chat,,resolved
6179,6902,2025-06-03 16:48:21.790511300,2025-06-03 22:47:47.282039320,kyc,high,in_app_chat,5.0,resolved
965,1055,2025-06-03 17:11:56.220010975,2025-06-04 05:17:11.176350506,kyc,medium,in_app_chat,,resolved
3684,4122,2025-06-03 20:27:37.288971999,,app,low,phone,,closed_unresolved
4184,4660,2025-06-03 20:45:31.940391084,2025-06-04 04:48:10.733992843,billing,medium,email,,resolved
6328,7082,2025-06-03 21:07:17.807713167,2025-06-04 01:18:13.108444461,kyc,high,in_app_chat,5.0,resolved
4123,4603,2025-06-03 22:54:14.808723698,2025-06-05 10:42:08.738734966,account,low,in_app_chat,4.0,resolved
7077,7881,2025-06-04 00:39:45.182194905,2025-06-04 05:59:21.977624500,fraud,high,phone,4.0,resolved
3861,4312,2025-06-04 06:28:36.029845315,2025-06-04 19:32:36.025515531,card,medium,phone,,resolved
5964,6649,2025-06-04 07:17:45.743686552,2025-06-07 00:16:45.797398370,kyc,low,phone,4.0,resolved
1861,2044,2025-06-04 07:20:00.282726430,,account,high,in_app_chat,,closed_unresolved
717,788,2025-06-04 07:21:12.854335590,2025-06-04 15:32:59.267018097,billing,high,email,,resolved
1676,1836,2025-06-04 09:39:19.184543821,2025-06-04 11:55:02.305416811,fraud,urgent,phone,4.0,resolved
1702,1860,2025-06-04 10:54:44.149202429,2025-06-06 21:47:12.029314766,account,low,in_app_chat,5.0,resolved
5363,5967,2025-06-04 12:21:03.023093462,,card,high,phone,,closed_unresolved
2098,2306,2025-06-04 12:41:25.060165575,2025-06-07 17:46:48.841442088,card,low,phone,3.0,resolved
649,725,2025-06-04 13:54:58.056173507,2025-06-04 19:40:31.549948104,kyc,high,phone,,resolved
964,1054,2025-06-04 17:57:18.218740426,2025-06-04 22:54:39.241966843,app,high,in_app_chat,4.0,resolved
2956,3331,2025-06-04 18:39:02.230010452,2025-06-07 03:11:06.031872397,card,low,in_app_chat,4.0,resolved
1685,1847,2025-06-04 19:51:57.874349678,2025-06-04 21:47:50.987196081,billing,urgent,email,,resolved
5507,6139,2025-06-04 21:52:28.290106983,,kyc,high,in_app_chat,,open
3657,4092,2025-06-05 00:34:20.374149783,2025-06-05 04:07:16.993417528,fraud,high,phone,,resolved
4167,4647,2025-06-05 00:40:17.260913870,2025-06-05 10:08:36.343922042,kyc,medium,in_app_chat,4.0,resolved
2228,2461,2025-06-05 05:54:43.295011701,2025-06-07 15:51:14.581166368,kyc,low,in_app_chat,,resolved
4135,4615,2025-06-05 09:09:45.122582424,2025-06-05 12:53:22.338591444,fraud,high,in_app_chat,4.0,resolved
3140,3516,2025-06-05 09:22:30.357092971,2025-06-06 03:53:07.753708337,app,medium,in_app_chat,4.0,resolved
19,12,2025-06-05 09:55:00.939399193,2025-06-07 06:22:59.046783232,card,low,phone,3.0,resolved
3905,4359,2025-06-05 16:19:12.385952083,2025-06-07 18:17:12.110229877,card,low,in_app_chat,4.0,resolved
3374,3781,2025-06-05 18:15:52.507776850,2025-06-06 06:05:12.659888650,billing,high,phone,4.0,resolved
3066,3428,2025-06-05 18:57:02.084929577,,billing,medium,email,,open
4794,5339,2025-06-05 21:06:06.387257880,2025-06-06 09:57:09.496668924,fraud,medium,in_app_chat,4.0,resolved
4798,5346,2025-06-05 21:08:32.819424976,,fraud,high,in_app_chat,,closed_unresolved
1642,1812,2025-06-05 21:22:51.014049084,2025-06-06 18:51:25.752656839,app,low,in_app_chat,4.0,resolved
1391,1523,2025-06-05 23:59:26.491258849,2025-06-06 22:16:22.160049578,app,medium,in_app_chat,4.0,resolved
5172,5741,2025-06-06 01:58:24.858948950,2025-06-06 05:56:17.545239221,billing,high,in_app_chat,4.0,resolved
2838,3175,2025-06-06 01:59:07.518020694,2025-06-19 08:32:32.668915974,account,low,email,4.0,resolved
4337,4837,2025-06-06 04:13:56.190105454,,billing,high,in_app_chat,,open
6991,7776,2025-06-06 04:22:33.062435587,2025-06-07 15:45:50.394721399,billing,low,in_app_chat,,resolved
252,276,2025-06-06 05:40:00.517159364,2025-06-07 02:45:48.749147087,billing,medium,in_app_chat,,resolved
5242,5798,2025-06-06 06:42:00.429940918,2025-06-06 22:03:04.699478886,app,high,email,4.0,resolved
2717,3048,2025-06-06 07:19:30.367978780,2025-06-06 11:45:25.950683080,card,high,email,5.0,resolved
3867,4320,2025-06-06 08:07:00.219510661,2025-06-08 18:47:04.633770607,billing,low,in_app_chat,3.0,resolved
2783,3117,2025-06-06 08:51:03.448564122,2025-06-10 09:28:39.905667632,account,low,email,3.0,resolved
3739,4184,2025-06-06 12:52:04.325094013,2025-06-10 06:15:24.605672962,account,low,in_app_chat,3.0,resolved
348,371,2025-06-06 12:56:36.020497859,2025-06-09 12:02:37.752839696,account,medium,in_app_chat,3.0,resolved
4405,4893,2025-06-06 15:13:55.400870965,2025-06-07 16:34:21.311044173,billing,medium,in_app_chat,,resolved
4077,4538,2025-06-06 15:53:33.244695254,2025-06-06 22:16:51.948530864,fraud,high,email,4.0,resolved
5464,6082,2025-06-06 16:37:30.417304134,2025-06-08 13:45:26.945798410,card,low,email,4.0,resolved
6366,7133,2025-06-06 17:19:52.003298922,2025-06-07 03:47:44.525859177,kyc,high,email,,resolved
2834,3173,2025-06-06 17:39:18.152123495,2025-06-06 23:57:42.574265011,app,medium,in_app_chat,3.0,resolved
616,690,2025-06-06 19:51:31.664840299,2025-06-07 04:26:13.607609967,fraud,high,email,,resolved
6975,7759,2025-06-06 22:31:21.310283663,,billing,high,in_app_chat,,closed_unresolved
1064,1170,2025-06-06 22:49:02.261245779,,billing,medium,phone,,open
729,806,2025-06-07 03:40:43.539199420,2025-06-24 01:08:14.367936270,card,low,phone,4.0,resolved
4568,5063,2025-06-07 04:05:05.741193160,,app,medium,email,,open
6012,6711,2025-06-07 06:53:59.404672714,2025-06-08 12:31:44.156837677,kyc,medium,in_app_chat,3.0,resolved
4366,4861,2025-06-07 07:54:45.286260212,2025-06-10 04:05:45.868932609,card,low,in_app_chat,2.0,resolved
5278,5846,2025-06-07 09:50:02.478162036,2025-06-07 14:40:27.408765214,billing,urgent,in_app_chat,,resolved
444,494,2025-06-07 10:11:25.844685210,2025-06-09 17:14:17.142386450,app,low,in_app_chat,4.0,resolved
1138,1263,2025-06-07 10:16:49.606100448,2025-06-09 19:39:45.885303044,account,low,in_app_chat,,resolved
6809,7593,2025-06-07 11:19:52.658321514,,billing,urgent,in_app_chat,,closed_unresolved
976,1066,2025-06-07 13:19:12.175922072,2025-06-10 11:38:38.855507118,billing,low,in_app_chat,,resolved
5200,5763,2025-06-07 14:18:01.705125165,2025-06-08 08:03:12.507243862,fraud,high,email,5.0,resolved
6642,7425,2025-06-07 15:09:15.085112630,,account,low,phone,,open
251,276,2025-06-07 17:26:06.388845685,2025-06-07 19:52:56.442054289,kyc,urgent,in_app_chat,,resolved
135,160,2025-06-07 20:38:31.602496626,2025-06-08 08:04:44.055294716,card,medium,email,2.0,resolved
4988,5560,2025-06-08 05:30:25.831899823,,account,medium,in_app_chat,,closed_unresolved
1,1,2025-06-08 06:06:39.370109325,2025-06-09 23:35:22.533950494,kyc,medium,phone,4.0,resolved
6128,6838,2025-06-08 07:48:22.196295345,,billing,medium,in_app_chat,,open
5849,6515,2025-06-08 10:23:17.090523522,2025-06-08 12:52:33.770474743,billing,urgent,in_app_chat,5.0,resolved
4006,4464,2025-06-08 12:14:56.652025784,2025-06-08 15:53:41.786758914,kyc,high,in_app_chat,3.0,resolved
6414,7191,2025-06-08 14:15:18.284183671,2025-06-08 20:48:08.024654619,billing,medium,in_app_chat,4.0,resolved
3595,4024,2025-06-08 16:23:32.443377051,2025-06-12 18:38:11.646214987,account,low,in_app_chat,4.0,resolved
314,333,2025-06-08 16:47:34.088211490,2025-06-10 13:00:30.663549883,account,low,in_app_chat,4.0,resolved
2127,2347,2025-06-08 21:14:29.954340862,2025-06-09 03:38:05.604962959,billing,medium,email,,resolved
116,125,2025-06-08 22:50:35.839736445,2025-06-09 00:19:12.831998293,billing,urgent,in_app_chat,,resolved
6454,7249,2025-06-09 04:49:27.444022651,2025-06-09 11:23:27.450554272,kyc,medium,phone,4.0,resolved
2954,3330,2025-06-09 06:54:19.629901808,,card,medium,phone,,open
464,517,2025-06-09 07:47:30.048815207,2025-06-09 11:15:07.465145559,billing,high,in_app_chat,,resolved
3758,4212,2025-06-09 07:52:28.004815128,2025-06-09 16:36:53.616310646,app,high,in_app_chat,,resolved
108,117,2025-06-09 08:20:39.379373957,2025-06-10 02:40:48.439840977,app,medium,in_app_chat,3.0,resolved
1014,1123,2025-06-09 08:55:02.037032005,2025-06-09 10:58:24.784135018,fraud,urgent,in_app_chat,4.0,resolved
315,336,2025-06-09 10:38:35.755735516,2025-06-11 03:02:23.336999350,account,low,email,3.0,resolved
2891,3255,2025-06-09 12:51:31.443052196,2025-06-10 19:39:58.483199867,card,medium,in_app_chat,,resolved
3685,4123,2025-06-09 13:00:55.434844776,2025-06-09 23:55:43.579945374,kyc,high,in_app_chat,,resolved
5077,5637,2025-06-09 13:46:37.504799037,2025-06-10 20:55:07.929007158,card,medium,in_app_chat,3.0,resolved
2754,3079,2025-06-09 14:43:45.762505766,2025-06-10 03:18:48.768563861,card,medium,email,,resolved
2300,2556,2025-06-09 15:42:41.066930882,2025-06-09 18:47:16.435335500,kyc,high,phone,4.0,resolved
4707,5231,2025-06-09 16:47:36.579646452,2025-06-10 10:36:48.819056204,app,medium,in_app_chat,,resolved
5995,6684,2025-06-09 23:32:39.138690719,2025-06-10 08:55:55.768525933,card,high,in_app_chat,4.0,resolved
7114,7922,2025-06-09 23:52:18.557407459,,account,medium,in_app_chat,,open
573,636,2025-06-10 00:56:48.335202464,2025-06-10 04:43:17.813679273,account,high,email,,resolved
3300,3698,2025-06-10 01:20:02.238007488,2025-06-10 02:51:32.211824810,kyc,high,in_app_chat,5.0,resolved
496,552,2025-06-10 04:14:10.835190634,,app,high,in_app_chat,,closed_unresolved
5528,6163,2025-06-10 09:45:10.231461535,2025-06-12 18:18:45.434314287,app,low,phone,,resolved
1900,2102,2025-06-10 13:19:11.573983467,2025-06-11 13:05:04.673732125,billing,medium,in_app_chat,5.0,resolved
5425,6039,2025-06-10 15:39:45.373524629,2025-06-15 03:11:35.968595670,account,low,in_app_chat,,resolved
6676,7461,2025-06-10 19:26:06.144875073,2025-06-11 16:27:02.683006944,kyc,low,phone,4.0,resolved
4924,5491,2025-06-10 19:27:11.460491844,,fraud,medium,email,,open
3725,4173,2025-06-10 20:30:52.194075661,,account,medium,email,,closed_unresolved
5801,6460,2025-06-10 23:13:13.384357677,2025-06-11 06:57:50.001123838,fraud,high,email,,resolved
3182,3564,2025-06-11 02:28:35.443657047,2025-06-11 04:30:36.406010179,fraud,high,in_app_chat,4.0,resolved
1477,1614,2025-06-11 03:28:11.889362619,2025-06-11 10:36:13.020997543,card,high,in_app_chat,5.0,resolved
4999,5570,2025-06-11 09:03:11.510191287,2025-06-11 18:53:43.325797209,account,high,email,4.0,resolved
4056,4513,2025-06-11 11:47:32.220433426,2025-06-11 15:52:19.473076324,fraud,high,in_app_chat,,resolved
3576,4012,2025-06-11 11:52:18.759748405,,app,high,in_app_chat,,open
862,942,2025-06-11 12:00:06.265229109,2025-06-12 21:29:19.544562381,card,medium,in_app_chat,3.0,resolved
1063,1170,2025-06-11 12:29:13.617405539,2025-06-11 19:13:00.504491898,kyc,high,phone,5.0,resolved
633,705,2025-06-11 16:24:07.732335934,2025-06-11 17:32:33.337333056,card,urgent,in_app_chat,4.0,resolved
5826,6490,2025-06-11 17:13:13.459841762,2025-06-12 10:21:27.061248004,account,medium,email,4.0,resolved
3563,3997,2025-06-11 18:22:07.852417665,2025-06-12 08:50:38.295519503,billing,medium,in_app_chat,5.0,resolved
4001,4459,2025-06-11 19:57:59.032523856,,app,high,in_app_chat,,closed_unresolved
5426,6039,2025-06-12 01:20:35.058586531,2025-06-12 10:35:40.109645785,kyc,high,email,,resolved
5124,5689,2025-06-12 08:24:22.799026048,2025-06-12 10:40:41.717237840,fraud,urgent,in_app_chat,,resolved
6825,7607,2025-06-12 09:36:11.756588296,2025-06-15 23:01:07.026469288,billing,low,in_app_chat,,resolved
4596,5086,2025-06-12 10:15:52.319490379,,card,high,in_app_chat,,open
1027,1131,2025-06-12 10:34:23.400247085,2025-06-13 20:39:17.560077398,card,low,in_app_chat,3.0,resolved
3520,3944,2025-06-12 11:33:00.387893560,,kyc,high,email,,closed_unresolved
5542,6177,2025-06-12 11:37:36.763718185,2025-06-13 21:41:00.280242481,account,low,in_app_chat,3.0,resolved
1683,1841,2025-06-12 12:13:26.037941237,2025-06-12 17:46:08.797892935,fraud,high,email,3.0,resolved
4654,5167,2025-06-12 12:15:01.094708782,2025-06-13 19:12:21.869061472,kyc,medium,phone,4.0,resolved
243,264,2025-06-12 12:52:35.399860314,2025-06-12 20:27:38.744639504,account,high,in_app_chat,5.0,resolved
3125,3500,2025-06-12 12:57:17.757815981,2025-06-13 05:22:02.630639760,billing,medium,email,,resolved
7117,7926,2025-06-12 15:04:43.406193843,2025-06-15 04:22:14.964954618,card,low,email,5.0,resolved
6095,6803,2025-06-12 16:02:21.677853860,2025-06-13 11:34:27.556798262,card,medium,in_app_chat,,resolved
1754,1926,2025-06-12 18:22:13.886656720,2025-06-15 15:56:30.930636383,account,low,in_app_chat,,resolved
6445,7225,2025-06-12 21:36:44.294236629,2025-06-13 08:34:18.159948052,billing,medium,in_app_chat,5.0,resolved
6119,6828,2025-06-12 22:13:37.215584754,2025-06-14 14:27:02.226470941,account,low,in_app_chat,4.0,resolved
5855,6523,2025-06-12 23:13:17.370312147,2025-06-14 15:21:36.133862789,card,medium,in_app_chat,4.0,resolved
5973,6656,2025-06-13 00:26:26.656223363,2025-06-13 20:50:02.486848437,account,medium,in_app_chat,,resolved
2977,3347,2025-06-13 02:11:16.027405552,2025-06-13 03:53:48.036827771,fraud,urgent,email,5.0,resolved
1945,2154,2025-06-13 02:54:26.716999821,2025-06-14 02:54:45.365201489,app,medium,in_app_chat,3.0,resolved
5083,5644,2025-06-13 03:58:17.789363538,,kyc,high,email,,open
2978,3348,2025-06-13 04:14:35.426861085,,card,medium,phone,,closed_unresolved
5058,5623,2025-06-13 05:11:07.348759722,2025-06-14 18:34:28.286730988,kyc,medium,in_app_chat,,resolved
3261,3656,2025-06-13 08:49:58.326852875,2025-06-13 09:56:58.504638469,fraud,urgent,phone,,resolved
988,1079,2025-06-13 09:23:19.245430680,2025-06-14 04:06:59.589537048,app,medium,email,,resolved
343,368,2025-06-13 09:38:06.544329475,2025-06-14 15:30:48.072094451,billing,medium,phone,4.0,resolved
1088,1198,2025-06-13 10:53:50.437124684,2025-06-14 02:39:10.514415177,card,medium,in_app_chat,4.0,resolved
2558,2880,2025-06-13 12:29:02.570750724,2025-06-14 09:13:19.493792078,billing,medium,phone,5.0,resolved
971,1064,2025-06-13 17:26:33.720615041,2025-06-15 00:46:59.461724181,account,medium,in_app_chat,,resolved
4356,4853,2025-06-13 19:35:07.041835584,2025-06-15 09:49:39.590493723,billing,low,in_app_chat,3.0,resolved
5789,6449,2025-06-13 19:52:43.673248329,,billing,medium,in_app_chat,,open
5712,6362,2025-06-13 20:25:12.884290155,2025-06-14 02:57:25.122289777,card,urgent,in_app_chat,5.0,resolved
273,299,2025-06-13 20:27:08.223387431,2025-06-14 00:15:26.853444264,fraud,urgent,email,,resolved
352,383,2025-06-13 21:47:06.874375012,,account,medium,email,,open
5771,6432,2025-06-13 22:09:30.654259750,2025-06-14 20:20:39.965732522,billing,low,in_app_chat,3.0,resolved
1509,1655,2025-06-14 02:22:23.073378775,2025-06-14 08:27:34.325778101,billing,high,in_app_chat,3.0,resolved
6377,7149,2025-06-14 03:24:23.927813789,2025-06-14 18:37:41.420391803,app,medium,in_app_chat,3.0,resolved
2733,3058,2025-06-14 03:55:53.143062384,2025-06-16 06:23:42.138877732,app,low,phone,4.0,resolved
2890,3255,2025-06-14 04:38:14.728961846,2025-06-14 06:36:03.084817182,app,high,in_app_chat,4.0,resolved
5274,5841,2025-06-14 05:20:36.492298241,,account,low,in_app_chat,,closed_unresolved
1669,1832,2025-06-14 07:24:51.454550779,2025-06-14 09:25:49.831770118,card,high,email,4.0,resolved
2893,3256,2025-06-14 13:07:18.743496916,2025-06-15 04:38:55.071764886,card,medium,phone,4.0,resolved
6459,7253,2025-06-14 13:53:19.187316960,2025-06-14 17:21:18.241164363,fraud,high,email,4.0,resolved
1257,1377,2025-06-15 00:22:34.514306411,2025-06-15 06:40:51.234219851,billing,high,in_app_chat,4.0,resolved
454,504,2025-06-15 00:47:03.715471271,2025-06-16 05:58:05.092223305,billing,low,in_app_chat,3.0,resolved
5574,6214,2025-06-15 02:57:45.925259673,2025-06-22 20:15:05.468699468,card,low,email,,resolved
5800,6459,2025-06-15 05:59:09.031560812,2025-06-15 18:34:53.494866676,card,medium,in_app_chat,4.0,resolved
1473,1610,2025-06-15 07:40:41.912475551,2025-06-15 17:25:17.460682040,kyc,high,email,4.0,resolved
1038,1144,2025-06-15 08:32:52.227536732,2025-06-16 03:08:58.928574114,kyc,medium,email,,resolved
6035,6737,2025-06-15 10:05:33.540462263,2025-06-16 06:53:30.432253572,kyc,medium,in_app_chat,5.0,resolved
2149,2372,2025-06-15 12:49:19.314672041,2025-06-16 02:31:02.201343901,kyc,medium,in_app_chat,4.0,resolved
2198,2419,2025-06-15 19:40:02.142345175,2025-06-18 03:25:52.169633387,app,low,in_app_chat,,resolved
6631,7412,2025-06-15 19:48:11.752337986,2025-06-16 04:18:02.829477889,fraud,urgent,in_app_chat,4.0,resolved
3917,4373,2025-06-16 02:13:27.225958765,,kyc,medium,in_app_chat,,closed_unresolved
2661,2998,2025-06-16 04:11:23.545430554,2025-06-16 20:56:52.717133272,account,medium,in_app_chat,4.0,resolved
3355,3764,2025-06-16 06:16:20.013955527,2025-06-17 02:43:55.333054248,kyc,medium,phone,4.0,resolved
4603,5099,2025-06-16 08:57:41.791157032,2025-06-17 22:30:11.819478809,account,low,email,3.0,resolved
4845,5411,2025-06-16 09:02:01.385828534,2025-06-17 02:49:02.237861938,app,medium,in_app_chat,,resolved
6492,7284,2025-06-16 10:19:28.873523951,2025-06-19 04:06:43.036631864,card,low,phone,,resolved
6702,7485,2025-06-16 10:31:18.476506646,2025-06-16 12:08:49.012703080,fraud,high,email,4.0,resolved
2898,3262,2025-06-16 12:10:23.566573300,2025-06-17 01:45:46.500884297,card,medium,phone,,resolved
3396,3807,2025-06-16 12:34:30.379232596,,app,low,in_app_chat,,open
5250,5810,2025-06-16 15:13:13.131905943,2025-06-16 18:21:14.852825555,billing,high,email,5.0,resolved
3183,3565,2025-06-16 17:08:39.891896030,,billing,high,email,,open
3519,3944,2025-06-16 17:24:17.524667666,2025-06-17 05:30:54.974023112,card,high,email,3.0,resolved
2379,2649,2025-06-16 19:24:25.818715765,2025-06-17 19:58:28.894872130,app,medium,in_app_chat,,resolved
6103,6810,2025-06-16 22:13:48.038613101,,billing,medium,in_app_chat,,open
5190,5755,2025-06-17 03:11:33.908871353,2025-06-18 09:18:16.213311553,card,medium,in_app_chat,,resolved
3412,3828,2025-06-17 03:28:18.895883252,,card,high,email,,open
6598,7384,2025-06-17 05:53:19.923405504,2025-06-17 09:55:02.595403495,app,high,email,,resolved
1552,1709,2025-06-17 05:54:14.449364285,2025-06-17 18:15:52.455193525,account,medium,email,4.0,resolved
4346,4842,2025-06-17 06:08:55.727963093,2025-06-17 22:05:28.177101342,kyc,medium,email,4.0,resolved
2628,2964,2025-06-17 08:02:22.858677159,2025-06-17 13:18:07.843766495,kyc,high,email,3.0,resolved
327,347,2025-06-17 09:06:58.594212875,2025-06-18 20:47:57.373693548,account,low,email,,resolved
6134,6849,2025-06-17 17:12:38.584471351,2025-06-18 00:10:42.972089518,kyc,high,in_app_chat,,resolved
95,101,2025-06-17 17:31:29.534989753,2025-06-17 19:48:18.474754139,account,urgent,email,4.0,resolved
2308,2565,2025-06-17 17:36:29.763031415,2025-06-18 00:21:41.998952528,account,high,in_app_chat,4.0,resolved
5707,6356,2025-06-17 18:55:38.024737680,2025-06-19 03:35:42.777058668,billing,low,in_app_chat,3.0,resolved
998,1094,2025-06-17 23:02:15.623858929,2025-06-18 13:39:52.730778938,account,low,email,5.0,resolved
163,185,2025-06-18 01:26:02.366082677,,card,medium,email,,open
3236,3630,2025-06-18 02:05:50.763976270,2025-06-18 11:43:30.855010680,kyc,medium,email,3.0,resolved
3444,3854,2025-06-18 04:25:48.116805168,2025-06-20 23:23:16.024923121,card,low,email,5.0,resolved
3640,4069,2025-06-18 04:55:23.042663739,2025-06-20 00:11:02.062448423,app,low,phone,3.0,resolved
6723,7500,2025-06-18 08:11:07.099786224,2025-06-20 09:18:40.418908766,billing,low,email,5.0,resolved
1539,1693,2025-06-18 08:28:41.263586042,,app,low,email,,open
3761,4214,2025-06-18 08:59:19.007984270,2025-06-18 15:25:23.559940559,account,medium,email,,resolved
4625,5121,2025-06-18 09:36:55.168998212,2025-06-19 16:30:21.960055344,app,low,in_app_chat,4.0,resolved
643,715,2025-06-18 13:48:15.764757157,2025-06-18 18:47:02.847148304,fraud,high,in_app_chat,5.0,resolved
174,195,2025-06-18 13:57:19.537710900,2025-06-23 20:20:09.578170380,billing,low,email,3.0,resolved
1875,2057,2025-06-18 20:16:07.447740752,2025-06-19 02:30:27.555689132,billing,high,in_app_chat,3.0,resolved
1013,1122,2025-06-18 23:24:22.931520197,2025-06-22 01:36:12.113588175,app,low,email,3.0,resolved
6315,7066,2025-06-19 00:26:29.926581679,2025-06-20 06:58:06.648815833,kyc,low,phone,4.0,resolved
4808,5358,2025-06-19 02:52:53.872610894,2025-06-19 03:46:34.611278519,fraud,urgent,email,5.0,resolved
1913,2116,2025-06-19 02:56:46.801817381,2025-06-20 03:37:33.264948959,billing,medium,in_app_chat,3.0,resolved
6010,6702,2025-06-19 03:07:37.818373624,2025-06-19 16:32:16.987529224,billing,medium,in_app_chat,,resolved
115,125,2025-06-19 05:31:14.123062790,,billing,high,phone,,closed_unresolved
4913,5478,2025-06-19 12:28:02.328344235,,billing,low,email,,open
4966,5540,2025-06-19 14:13:20.059363306,2025-06-21 07:21:34.919856541,app,low,phone,4.0,resolved
4698,5214,2025-06-19 15:35:36.173034677,2025-06-22 07:30:52.982409918,billing,low,in_app_chat,,resolved
1435,1570,2025-06-19 16:29:30.402375645,2025-06-21 02:56:01.645178770,billing,medium,email,4.0,resolved
840,917,2025-06-19 16:34:23.271699178,2025-06-20 04:40:47.598145991,billing,medium,email,,resolved
6098,6805,2025-06-19 17:25:46.169536045,2025-06-20 10:56:47.090557709,app,medium,email,4.0,resolved
1280,1398,2025-06-19 23:09:18.133754555,2025-06-20 02:27:07.208299958,card,high,in_app_chat,,resolved
214,233,2025-06-20 01:14:03.093700375,,billing,medium,email,,open
320,341,2025-06-20 04:40:05.428079736,2025-06-20 07:09:39.383340826,fraud,high,in_app_chat,,resolved
6906,7687,2025-06-20 04:57:11.226701787,2025-06-20 10:30:32.192150663,billing,high,in_app_chat,4.0,resolved
873,955,2025-06-20 06:16:39.925485212,,fraud,urgent,email,,open
6875,7657,2025-06-20 10:22:36.850233385,2025-06-21 09:41:42.773626510,kyc,medium,email,4.0,resolved
3973,4434,2025-06-20 11:21:24.871987408,2025-06-22 08:46:43.116181000,kyc,medium,in_app_chat,,resolved
654,729,2025-06-20 13:28:20.179263817,2025-06-22 11:53:21.982120547,account,low,phone,3.0,resolved
3141,3516,2025-06-20 18:20:22.012439732,2025-06-21 10:00:29.901245758,app,medium,phone,,resolved
2651,2988,2025-06-20 19:19:34.388026380,2025-06-21 01:16:28.112086191,fraud,high,in_app_chat,4.0,resolved
1739,1899,2025-06-20 20:24:08.827759460,,card,low,in_app_chat,,closed_unresolved
644,716,2025-06-20 20:50:31.958020950,2025-06-21 16:55:13.143086284,kyc,medium,email,4.0,resolved
5915,6598,2025-06-20 21:07:01.086284467,2025-06-21 14:06:22.341415204,billing,high,in_app_chat,,resolved
6339,7094,2025-06-20 22:23:16.461593548,2025-06-21 20:42:29.317681745,card,low,email,4.0,resolved
4667,5178,2025-06-21 00:33:05.071252651,2025-06-21 03:46:47.030842509,kyc,high,in_app_chat,5.0,resolved
4664,5175,2025-06-21 00:33:32.880878997,2025-06-22 13:43:10.635859218,billing,medium,in_app_chat,4.0,resolved
5383,5988,2025-06-21 02:32:09.162473107,2025-06-21 04:22:24.271521344,fraud,urgent,in_app_chat,5.0,resolved
3361,3772,2025-06-21 03:46:00.492773782,2025-06-21 08:31:21.779170819,fraud,high,in_app_chat,4.0,resolved
4186,4661,2025-06-21 04:41:03.524398336,2025-06-21 13:00:43.313338123,fraud,high,phone,,resolved
204,225,2025-06-21 06:17:40.884159045,2025-06-21 13:28:30.040001209,kyc,high,phone,,resolved
5445,6063,2025-06-21 07:16:11.041484701,2025-06-21 10:18:46.245996116,kyc,urgent,phone,,resolved
5764,6418,2025-06-21 09:15:30.432132910,2025-06-21 14:22:37.873477541,kyc,high,in_app_chat,5.0,resolved
1973,2178,2025-06-21 11:47:25.421478305,2025-06-22 09:11:38.119035403,app,medium,in_app_chat,3.0,resolved
5244,5800,2025-06-21 11:56:38.195865297,,billing,low,email,,closed_unresolved
1932,2136,2025-06-21 14:59:51.851461568,2025-06-22 11:49:38.197369348,app,medium,phone,5.0,resolved
6555,7350,2025-06-21 16:05:08.444828302,2025-06-22 13:31:40.864877662,billing,medium,in_app_chat,,resolved
2091,2300,2025-06-21 17:53:37.345394261,2025-06-21 20:32:48.498901448,app,urgent,email,5.0,resolved
1259,1379,2025-06-21 20:38:11.953483923,2025-06-22 22:44:09.193756542,billing,low,email,,resolved
2903,3267,2025-06-21 22:30:46.761382434,2025-06-22 18:31:25.862424435,app,medium,in_app_chat,4.0,resolved
6239,6977,2025-06-22 01:58:21.447650072,2025-06-22 15:31:00.133589637,app,medium,in_app_chat,3.0,resolved
5577,6217,2025-06-22 03:02:43.558203618,2025-06-23 00:48:51.665592882,card,medium,in_app_chat,,resolved
3087,3453,2025-06-22 04:05:46.145220187,2025-06-22 17:27:35.865788169,card,medium,in_app_chat,3.0,resolved
1461,1594,2025-06-22 04:30:43.387044068,2025-06-22 18:31:55.240519856,app,medium,phone,4.0,resolved
1234,1357,2025-06-22 05:58:38.426813716,2025-06-22 17:36:47.597202632,app,medium,email,4.0,resolved
2618,2955,2025-06-22 06:46:58.566493571,2025-06-22 18:42:02.298672896,card,medium,in_app_chat,3.0,resolved
6831,7613,2025-06-22 07:28:46.421039000,2025-06-23 12:41:05.505408399,account,low,in_app_chat,4.0,resolved
3860,4311,2025-06-22 07:35:27.567138860,2025-06-23 13:37:36.651634714,card,medium,in_app_chat,4.0,resolved
5311,5889,2025-06-22 12:00:37.527876668,2025-06-23 05:41:41.553871110,app,medium,in_app_chat,,resolved
3178,3557,2025-06-22 13:37:02.340399984,2025-06-22 19:49:01.960725138,card,high,email,,resolved
3639,4068,2025-06-22 17:33:11.767207927,2025-06-22 21:30:53.292610715,kyc,high,phone,5.0,resolved
3220,3607,2025-06-22 19:51:24.114424400,2025-06-23 19:47:37.257964080,app,medium,email,3.0,resolved
569,631,2025-06-22 22:54:51.921728553,2025-06-23 12:53:04.623456835,billing,medium,email,,resolved
5241,5798,2025-06-22 23:48:24.372554402,,fraud,urgent,email,,closed_unresolved
4486,4989,2025-06-23 02:54:07.660418388,,billing,medium,email,,open
2263,2507,2025-06-23 03:59:25.095761952,,fraud,high,in_app_chat,,open
3179,3558,2025-06-23 04:52:59.396011605,2025-06-24 23:45:41.091148919,billing,medium,in_app_chat,5.0,resolved
6821,7602,2025-06-23 08:01:19.411813928,2025-06-25 06:57:23.134853434,account,low,in_app_chat,3.0,resolved
5068,5630,2025-06-23 15:18:45.524207770,,card,medium,in_app_chat,,open
737,819,2025-06-23 19:32:05.634437493,,fraud,high,in_app_chat,,closed_unresolved
4940,5511,2025-06-23 23:30:21.889381691,,account,medium,in_app_chat,,open
1381,1513,2025-06-24 00:03:22.150199214,2025-06-24 05:49:49.028060352,kyc,high,phone,4.0,resolved
2144,2364,2025-06-24 06:09:52.047566055,2025-06-24 07:53:22.254378289,kyc,urgent,email,,resolved
3333,3737,2025-06-24 06:11:07.432853449,,card,high,email,,closed_unresolved
808,889,2025-06-24 08:58:13.969667962,2025-06-24 13:54:25.841353692,card,high,in_app_chat,5.0,resolved
5181,5750,2025-06-24 10:08:59.498973798,,kyc,medium,email,,open
459,509,2025-06-24 13:21:29.096071784,2025-06-24 16:01:15.811224824,billing,urgent,in_app_chat,5.0,resolved
7084,7888,2025-06-24 13:25:29.649959515,2025-06-25 11:15:39.104637137,billing,medium,in_app_chat,5.0,resolved
4611,5107,2025-06-24 16:09:23.657236689,2025-06-25 08:30:39.725707780,billing,medium,email,4.0,resolved
5561,6195,2025-06-24 16:14:41.513724409,,billing,medium,phone,,open
2709,3040,2025-06-24 16:19:57.424611751,2025-06-28 03:36:38.618227093,billing,low,in_app_chat,4.0,resolved
4696,5213,2025-06-24 20:27:26.041358733,2025-06-26 08:41:39.489193133,account,medium,email,5.0,resolved
5567,6204,2025-06-25 00:27:55.251517737,2025-06-25 21:47:25.361367856,kyc,medium,email,4.0,resolved
84,89,2025-06-25 01:25:18.565453490,2025-06-25 09:37:34.753538692,kyc,medium,in_app_chat,,resolved
5143,5710,2025-06-25 09:04:27.406545369,2025-06-25 18:12:53.685671849,kyc,medium,phone,,resolved
630,704,2025-06-25 13:50:16.827927164,,app,low,in_app_chat,,closed_unresolved
1881,2069,2025-06-25 14:41:54.094264797,,fraud,high,in_app_chat,,open
211,231,2025-06-25 16:54:15.321891677,2025-06-26 14:26:44.914596858,card,medium,in_app_chat,,resolved
3036,3405,2025-06-25 17:01:17.961235818,2025-06-26 05:37:30.205327030,fraud,high,in_app_chat,4.0,resolved
4532,5032,2025-06-25 17:44:07.545062356,,card,medium,email,,open
1147,1270,2025-06-25 19:14:34.511674787,2025-06-26 09:16:10.874797485,app,medium,in_app_chat,,resolved
3484,3902,2025-06-25 20:50:38.325032543,2025-06-26 00:34:46.967456259,card,high,phone,5.0,resolved
228,250,2025-06-25 21:05:10.427805378,2025-06-28 02:19:49.269260691,app,low,in_app_chat,3.0,resolved
6965,7747,2025-06-25 21:15:08.340715699,2025-06-28 07:23:53.490589029,app,low,in_app_chat,3.0,resolved
1278,1397,2025-06-25 23:40:10.630212836,2025-06-26 03:14:52.367760969,fraud,urgent,email,5.0,resolved
1886,2071,2025-06-26 07:44:29.267943086,2025-06-26 13:20:41.369512671,billing,high,email,5.0,resolved
4098,4567,2025-06-26 08:39:29.401744507,2025-06-27 00:27:43.182345704,card,medium,in_app_chat,4.0,resolved
6351,7113,2025-06-26 10:22:48.263636121,2025-06-26 23:00:49.592380186,kyc,medium,email,3.0,resolved
6756,7534,2025-06-26 11:30:50.362901654,2025-06-27 02:42:26.266785692,card,medium,phone,,resolved
1086,1193,2025-06-26 11:54:12.246302577,2025-06-26 22:14:14.413508947,card,high,in_app_chat,,resolved
150,176,2025-06-26 13:32:14.222433246,2025-06-28 13:26:10.158342262,account,low,email,3.0,resolved
6607,7394,2025-06-26 13:53:54.351333173,,billing,urgent,email,,open
3126,3500,2025-06-26 14:23:38.211934960,2025-06-28 16:12:32.386039916,billing,low,phone,4.0,resolved
5535,6170,2025-06-26 14:28:30.965578216,2025-06-27 12:52:52.591950217,kyc,low,in_app_chat,,resolved
6316,7068,2025-06-26 14:39:16.414148917,2025-06-27 07:37:47.218948576,card,medium,in_app_chat,4.0,resolved
5286,5859,2025-06-26 14:52:27.025089294,2025-06-29 03:04:49.611756766,billing,low,in_app_chat,3.0,resolved
3241,3637,2025-06-26 15:03:43.906588899,2025-06-27 05:16:34.794037348,card,medium,in_app_chat,3.0,resolved
2407,2691,2025-06-26 21:45:07.888268566,2025-07-04 09:08:19.286002985,billing,low,email,4.0,resolved
2557,2879,2025-06-26 23:57:31.936799450,2025-06-27 14:20:11.818297019,card,medium,phone,5.0,resolved
1759,1934,2025-06-27 00:29:52.190267968,2025-07-11 22:26:13.169506384,billing,low,email,4.0,resolved
5666,6313,2025-06-27 01:47:46.195200507,2025-06-28 03:41:12.093835215,account,low,in_app_chat,,resolved
1161,1282,2025-06-27 07:46:32.236398238,2025-06-27 14:32:23.476745719,app,medium,email,4.0,resolved
3010,3375,2025-06-27 08:05:44.525921231,2025-07-03 04:52:53.565668394,app,low,email,4.0,resolved
4580,5074,2025-06-27 08:48:44.628312997,2025-06-27 18:11:38.321242639,billing,high,in_app_chat,,resolved
6094,6803,2025-06-27 11:37:17.774028549,2025-07-02 13:52:10.760806697,card,low,phone,4.0,resolved
4172,4650,2025-06-27 12:21:16.733511201,2025-06-29 06:14:23.631790563,billing,medium,phone,3.0,resolved
5926,6612,2025-06-27 12:51:59.929879962,2025-06-28 19:28:14.818527898,account,low,in_app_chat,3.0,resolved
4944,5516,2025-06-27 13:51:44.490859361,,card,medium,in_app_chat,,closed_unresolved
3184,3568,2025-06-27 15:54:26.446121766,2025-06-29 06:56:30.691275003,kyc,low,email,1.0,resolved
2376,2646,2025-06-27 16:23:49.634604801,2025-06-27 22:30:25.820041222,fraud,high,email,,resolved
1695,1855,2025-06-27 16:46:43.026659765,2025-06-28 02:08:57.480475111,card,high,in_app_chat,4.0,resolved
1798,1974,2025-06-27 17:07:03.365616852,2025-06-28 01:18:51.909792968,kyc,high,in_app_chat,4.0,resolved
3592,4023,2025-06-27 18:08:43.499547948,2025-07-01 01:20:16.244857333,card,low,email,4.0,resolved
197,216,2025-06-27 21:52:15.274902290,2025-07-02 07:48:56.673735705,card,low,email,4.0,resolved
6839,7619,2025-06-27 23:04:57.909147254,2025-07-01 22:49:59.705256860,billing,low,phone,4.0,resolved
4951,5528,2025-06-28 00:25:49.081828157,2025-06-28 22:45:22.046430331,billing,medium,email,4.0,resolved
112,122,2025-06-28 02:20:12.324732878,2025-06-28 14:17:36.105890456,billing,medium,phone,5.0,resolved
757,837,2025-06-28 04:36:31.256575879,,kyc,high,in_app_chat,,open
527,584,2025-06-28 06:26:13.394384280,2025-06-28 15:54:31.933621614,billing,medium,in_app_chat,4.0,resolved
1874,2056,2025-06-28 10:32:14.787649302,,account,low,in_app_chat,,open
3727,4175,2025-06-28 10:36:14.165555152,2025-06-29 19:48:29.802658914,card,medium,in_app_chat,,resolved
4133,4614,2025-06-28 11:51:41.855772850,2025-06-28 14:50:30.110664042,card,urgent,in_app_chat,,resolved
2814,3155,2025-06-28 11:58:49.496620327,2025-06-28 20:36:18.523739515,card,high,in_app_chat,4.0,resolved
6583,7371,2025-06-28 12:11:47.832834649,2025-06-28 12:40:18.427882792,fraud,urgent,in_app_chat,4.0,resolved
1463,1600,2025-06-28 12:48:45.392297284,2025-06-29 06:14:48.682562066,kyc,medium,phone,4.0,resolved
2470,2776,2025-06-28 16:19:41.049901490,2025-06-29 07:44:34.437937482,billing,medium,in_app_chat,,resolved
7148,7949,2025-06-28 20:39:58.773373038,2025-06-29 09:45:48.036752661,kyc,medium,email,4.0,resolved
3107,3472,2025-06-29 04:57:57.771789148,2025-06-29 19:58:47.292470269,billing,medium,email,4.0,resolved
2315,2574,2025-06-29 07:21:08.120939100,2025-06-29 14:49:34.804967227,card,medium,email,,resolved
1247,1370,2025-06-29 09:07:16.107269004,2025-07-02 11:02:05.795974027,account,low,in_app_chat,2.0,resolved
528,585,2025-06-29 11:21:51.493185590,2025-06-29 15:22:57.944394648,kyc,high,phone,,resolved
169,190,2025-06-29 12:46:24.963850205,,kyc,high,in_app_chat,,closed_unresolved
5661,6305,2025-06-29 13:00:12.566847741,2025-07-01 16:48:50.788618438,account,low,in_app_chat,,resolved
3919,4375,2025-06-29 13:00:53.282629356,,account,medium,email,,open
796,879,2025-06-29 14:37:59.272147372,,billing,medium,email,,open
3320,3718,2025-06-29 15:37:18.913643005,2025-06-29 17:31:27.171656332,fraud,urgent,in_app_chat,4.0,resolved
6972,7756,2025-06-29 15:51:13.100668862,,account,low,phone,,open
6708,7490,2025-06-29 17:44:40.978467044,2025-06-30 08:08:15.704673995,card,medium,email,4.0,resolved
7042,7832,2025-06-30 00:05:30.321457140,2025-06-30 01:58:46.530495352,fraud,urgent,email,4.0,resolved
1658,1824,2025-06-30 00:07:39.803571589,,card,high,email,,open
2004,2210,2025-06-30 00:13:07.681068287,2025-07-01 03:28:52.908495860,card,low,email,3.0,resolved
1394,1526,2025-06-30 00:46:38.780429551,2025-07-01 18:59:43.581031474,app,medium,in_app_chat,4.0,resolved
2520,2835,2025-06-30 01:34:58.282039850,2025-06-30 08:06:56.105299348,app,high,in_app_chat,3.0,resolved
3982,4441,2025-06-30 02:56:56.813639809,2025-07-01 04:13:09.789771953,app,low,email,4.0,resolved
149,175,2025-06-30 06:56:56.563596821,2025-07-03 05:30:54.423261793,account,low,phone,,resolved
470,524,2025-06-30 07:08:14.206147267,2025-07-01 13:34:56.022249946,card,low,email,,resolved
480,536,2025-06-30 09:10:45.837039918,2025-06-30 14:27:33.370866554,app,high,in_app_chat,,resolved
3591,4022,2025-06-30 11:17:20.055014416,2025-06-30 18:22:38.183855459,card,high,phone,5.0,resolved
337,360,2025-06-30 11:55:24.489194522,2025-06-30 13:34:18.076613046,account,urgent,phone,,resolved
4945,5518,2025-06-30 13:44:18.477426540,2025-06-30 21:30:51.772428603,card,medium,in_app_chat,4.0,resolved
2403,2687,2025-06-30 13:48:24.816717688,2025-07-02 01:40:25.993138757,account,medium,in_app_chat,3.0,resolved
1903,2106,2025-06-30 14:55:23.091469538,,card,high,email,,closed_unresolved
4947,5521,2025-06-30 15:05:57.671560636,2025-07-01 02:10:21.052375113,kyc,medium,in_app_chat,,resolved
2326,2587,2025-06-30 19:17:11.016311651,2025-07-01 07:15:21.398803869,billing,medium,in_app_chat,4.0,resolved
2164,2387,2025-06-30 22:56:11.286479610,2025-07-01 01:00:53.491142668,app,urgent,in_app_chat,5.0,resolved
5854,6523,2025-07-01 02:14:59.883790410,2025-07-01 06:00:58.124799307,kyc,high,in_app_chat,,resolved
1850,2031,2025-07-01 02:40:24.888064379,2025-07-02 15:58:22.998792378,app,low,in_app_chat,4.0,resolved
1482,1621,2025-07-01 03:37:47.876785417,2025-07-01 08:20:32.726374929,billing,high,in_app_chat,,resolved
1864,2045,2025-07-01 07:16:08.068436137,2025-07-07 05:24:49.933649890,billing,low,email,4.0,resolved
1450,1586,2025-07-01 08:02:07.858852768,2025-07-02 04:12:14.126120863,card,medium,in_app_chat,3.0,resolved
6703,7486,2025-07-01 08:30:21.697145294,2025-07-02 08:07:13.224434004,account,medium,in_app_chat,4.0,resolved
6466,7258,2025-07-01 08:53:27.904450286,2025-07-01 19:51:49.145011390,billing,medium,email,4.0,resolved
1821,1998,2025-07-01 10:36:05.181411571,2025-07-02 00:02:32.456581259,billing,medium,phone,4.0,resolved
6477,7266,2025-07-01 12:01:48.165165065,2025-07-02 01:45:57.199374801,app,medium,email,4.0,resolved
1674,1836,2025-07-01 12:14:46.181955312,2025-07-03 19:10:30.852214299,card,medium,in_app_chat,4.0,resolved
6400,7175,2025-07-01 13:50:27.297147926,2025-07-02 13:41:19.587796119,app,medium,in_app_chat,4.0,resolved
6859,7640,2025-07-01 15:59:35.964115298,2025-07-02 01:36:03.125552290,billing,medium,email,4.0,resolved
6297,7049,2025-07-01 16:27:06.529639749,2025-07-01 17:55:08.185657959,card,urgent,email,4.0,resolved
4645,5156,2025-07-01 17:53:48.734277195,2025-07-02 01:48:33.513444234,kyc,medium,in_app_chat,5.0,resolved
446,497,2025-07-01 18:09:37.896752059,2025-07-02 10:26:48.727466955,billing,medium,in_app_chat,,resolved
4817,5369,2025-07-01 20:45:31.944848676,2025-07-01 22:19:44.615073294,app,high,in_app_chat,3.0,resolved
4541,5043,2025-07-01 21:16:33.929455416,,app,medium,email,,open
2548,2869,2025-07-01 23:15:58.686926924,2025-07-04 10:05:44.128391490,kyc,low,in_app_chat,4.0,resolved
6229,6966,2025-07-01 23:26:03.255582629,2025-07-03 06:38:29.893802583,account,medium,email,3.0,resolved
5955,6643,2025-07-02 01:43:20.539381595,2025-07-02 18:41:33.613428192,card,medium,in_app_chat,3.0,resolved
2154,2375,2025-07-02 03:41:01.773811939,,billing,high,email,,open
2681,3022,2025-07-02 04:38:20.688474154,2025-07-02 09:16:36.446766580,account,high,in_app_chat,5.0,resolved
1036,1144,2025-07-02 04:41:39.731188626,2025-07-04 07:58:16.010905477,account,medium,in_app_chat,4.0,resolved
2320,2580,2025-07-02 05:08:10.343895584,2025-07-03 22:01:29.476513290,billing,medium,in_app_chat,,resolved
2274,2519,2025-07-02 12:10:05.279995804,2025-07-03 02:14:11.036890816,billing,medium,email,2.0,resolved
4642,5142,2025-07-02 12:35:44.877338957,2025-07-03 19:29:43.800011265,app,medium,in_app_chat,,resolved
5266,5831,2025-07-02 14:01:20.531171496,2025-07-02 16:20:30.932718453,kyc,high,in_app_chat,,resolved
5416,6023,2025-07-02 14:38:27.717552991,2025-07-04 09:28:32.754957911,card,low,phone,3.0,resolved
6023,6720,2025-07-02 18:46:43.798768809,2025-07-03 01:29:16.713856521,billing,medium,email,4.0,resolved
4579,5074,2025-07-02 23:39:24.331710556,,kyc,medium,phone,,closed_unresolved
1646,1813,2025-07-03 01:38:52.217700204,2025-07-03 16:02:42.013093191,fraud,high,in_app_chat,,resolved
3744,4195,2025-07-03 06:15:12.492474681,2025-07-03 18:29:57.880320283,app,medium,in_app_chat,,resolved
5989,6676,2025-07-03 07:14:54.244663391,2025-07-06 03:47:41.241140755,app,low,in_app_chat,,resolved
4004,4460,2025-07-03 16:35:52.355659027,,app,high,email,,closed_unresolved
4482,4978,2025-07-03 16:36:54.542986617,2025-07-04 09:57:23.768788711,billing,high,in_app_chat,4.0,resolved
5652,6297,2025-07-03 23:37:48.920033524,2025-07-04 15:39:01.624255440,account,medium,in_app_chat,,resolved
5340,5938,2025-07-04 00:07:54.193692512,2025-07-05 18:38:45.449418754,app,low,in_app_chat,4.0,resolved
5667,6313,2025-07-04 07:44:09.899697474,,billing,urgent,email,,closed_unresolved
2812,3154,2025-07-04 10:16:20.811655004,2025-07-05 23:59:49.831672346,app,low,in_app_chat,,resolved
1282,1399,2025-07-04 12:18:23.589893018,2025-07-04 19:00:41.579179076,account,medium,in_app_chat,4.0,resolved
6793,7574,2025-07-04 14:02:21.082859373,2025-07-05 21:19:22.260780649,card,medium,in_app_chat,4.0,resolved
5834,6501,2025-07-04 16:29:20.997051797,,card,medium,in_app_chat,,closed_unresolved
3652,4089,2025-07-04 19:18:41.464644001,,billing,urgent,in_app_chat,,open
1967,2170,2025-07-04 21:26:11.546269082,2025-07-05 11:47:06.573442191,card,medium,in_app_chat,3.0,resolved
4419,4910,2025-07-04 21:58:13.007653645,,card,medium,in_app_chat,,closed_unresolved
2823,3165,2025-07-04 22:35:48.152417758,2025-07-05 05:16:45.880188109,billing,medium,email,,resolved
3789,4233,2025-07-05 00:25:41.930683896,2025-07-07 11:17:07.166033685,card,medium,in_app_chat,5.0,resolved
4216,4702,2025-07-05 00:43:00.551548706,,account,low,email,,open
1668,1831,2025-07-05 01:05:30.688322879,2025-07-05 15:13:39.323802267,billing,medium,phone,,resolved
6004,6694,2025-07-05 04:25:07.669023487,2025-07-05 16:10:55.391845330,billing,medium,phone,3.0,resolved
4775,5310,2025-07-05 05:02:11.796193890,2025-07-06 00:20:01.282509385,account,low,email,,resolved
3561,3997,2025-07-05 05:03:28.486985535,2025-07-06 11:15:56.244019555,kyc,medium,phone,4.0,resolved
2528,2840,2025-07-05 06:04:54.578180317,2025-07-06 04:59:46.907803378,billing,medium,in_app_chat,2.0,resolved
1837,2013,2025-07-05 06:58:37.888195540,2025-07-06 01:12:41.616836070,kyc,medium,in_app_chat,,resolved
1046,1151,2025-07-05 07:25:19.929815451,2025-07-05 16:27:45.335369509,card,high,email,5.0,resolved
6893,7673,2025-07-05 08:29:23.000147793,2025-07-06 03:09:16.883969172,app,medium,phone,4.0,resolved
4998,5569,2025-07-05 09:23:58.302480825,2025-07-08 03:48:34.719334509,app,low,in_app_chat,4.0,resolved
7161,7962,2025-07-05 10:49:29.791833571,2025-07-06 08:25:20.158510580,app,medium,email,4.0,resolved
5669,6319,2025-07-05 12:15:21.780549858,2025-07-05 19:56:46.224651146,app,high,in_app_chat,4.0,resolved
1371,1493,2025-07-05 13:50:15.377187719,,account,urgent,in_app_chat,,open
1331,1445,2025-07-05 16:16:04.913830303,2025-07-06 23:24:20.824818334,card,medium,in_app_chat,,resolved
4864,5434,2025-07-05 19:32:03.276035211,2025-07-06 00:13:24.674135581,card,high,phone,5.0,resolved
2439,2726,2025-07-05 22:38:50.620324130,2025-07-06 07:20:42.764118754,card,medium,in_app_chat,3.0,resolved
710,783,2025-07-05 23:36:54.416243825,2025-07-06 16:26:39.142023557,card,medium,email,,resolved
5961,6646,2025-07-06 02:40:44.747401310,2025-07-06 18:49:48.184373153,card,medium,in_app_chat,3.0,resolved
3847,4291,2025-07-06 03:49:20.588670039,2025-07-09 10:00:35.077272589,app,low,email,3.0,resolved
4735,5272,2025-07-06 07:31:24.671655194,2025-07-06 13:05:51.627517920,fraud,high,in_app_chat,,resolved
6345,7105,2025-07-06 09:17:59.347382680,2025-07-07 06:55:55.719719080,billing,low,email,3.0,resolved
439,488,2025-07-06 13:14:45.382144441,2025-07-06 23:37:43.958393360,kyc,medium,in_app_chat,,resolved
5937,6629,2025-07-06 13:43:29.898647434,2025-07-09 11:37:59.802361778,card,low,phone,,resolved
1298,1412,2025-07-06 15:25:10.250817614,2025-07-06 23:13:26.838285714,app,high,in_app_chat,4.0,resolved
3007,3374,2025-07-06 15:35:49.127094358,2025-07-07 00:26:06.035021134,app,high,phone,,resolved
3050,3415,2025-07-06 15:52:23.649751352,2025-07-07 16:35:58.309434348,kyc,medium,in_app_chat,3.0,resolved
4359,4857,2025-07-06 16:39:06.762229306,2025-07-10 02:35:28.428309518,account,low,email,4.0,resolved
5737,6392,2025-07-06 17:14:44.301286207,2025-07-07 22:57:16.313557235,app,medium,email,4.0,resolved
5983,6670,2025-07-06 22:41:50.849902000,,billing,medium,in_app_chat,,open
6080,6785,2025-07-06 23:34:16.785975008,2025-07-08 16:54:27.821939562,card,low,email,3.0,resolved
4779,5315,2025-07-07 05:48:11.950633704,2025-07-08 06:52:10.276766106,account,low,in_app_chat,,resolved
5490,6113,2025-07-07 08:03:01.238166426,2025-07-08 02:30:35.297841817,kyc,medium,in_app_chat,,resolved
4308,4806,2025-07-07 08:54:58.297751193,2025-07-07 23:22:28.492899844,card,medium,in_app_chat,4.0,resolved
539,594,2025-07-07 09:01:35.703815813,2025-07-08 17:16:48.786198205,kyc,low,in_app_chat,3.0,resolved
5442,6060,2025-07-07 09:57:21.097068897,2025-07-08 00:20:00.826029293,kyc,medium,in_app_chat,4.0,resolved
5722,6376,2025-07-07 10:39:33.486188400,2025-07-09 20:47:56.476914521,account,low,in_app_chat,5.0,resolved
5643,6288,2025-07-07 14:35:59.323383660,2025-07-07 16:43:28.672966206,app,high,in_app_chat,,resolved
4162,4646,2025-07-07 17:49:20.799273509,2025-07-08 09:37:30.528474209,app,medium,email,4.0,resolved
910,996,2025-07-07 18:57:49.415999595,2025-07-08 13:04:53.338465369,account,medium,in_app_chat,4.0,resolved
10,6,2025-07-07 21:55:10.002887644,2025-07-09 19:21:05.886085085,billing,low,phone,3.0,resolved
6183,6906,2025-07-07 22:10:26.577356626,2025-07-08 02:36:22.480753102,card,high,in_app_chat,3.0,resolved
958,1044,2025-07-07 23:28:41.093382786,2025-07-08 19:12:23.553005530,card,medium,phone,4.0,resolved
1825,2003,2025-07-07 23:40:06.395773054,2025-07-08 13:08:44.632628332,app,medium,in_app_chat,3.0,resolved
5775,6438,2025-07-08 02:24:47.382007821,2025-07-09 01:57:33.060975635,account,medium,email,4.0,resolved
5668,6314,2025-07-08 05:51:46.313037912,,account,medium,in_app_chat,,closed_unresolved
5249,5809,2025-07-08 10:58:16.535537480,2025-07-12 18:12:31.781729078,card,medium,in_app_chat,5.0,resolved
3061,3424,2025-07-08 12:32:45.524126215,2025-07-09 13:20:01.401967145,account,low,in_app_chat,,resolved
4191,4671,2025-07-08 13:56:28.737810127,2025-07-09 05:08:41.204478644,account,medium,email,,resolved
2072,2280,2025-07-08 15:15:12.335310489,2025-07-09 17:46:28.902016609,billing,low,in_app_chat,4.0,resolved
6643,7425,2025-07-08 16:31:14.161178449,2025-07-09 21:21:04.460661701,billing,low,email,,resolved
1574,1734,2025-07-08 18:32:25.657184883,2025-07-09 11:11:11.278578307,fraud,high,in_app_chat,5.0,resolved
2296,2553,2025-07-08 22:07:20.100441264,,app,low,in_app_chat,,open
1268,1384,2025-07-09 01:33:06.060789339,2025-07-09 07:19:45.280137407,app,medium,in_app_chat,4.0,resolved
170,190,2025-07-09 01:37:16.677378436,2025-07-09 07:53:11.117013719,fraud,high,email,,resolved
4286,4774,2025-07-09 04:47:24.983583999,2025-07-09 21:39:03.031212925,card,medium,phone,,resolved
5620,6268,2025-07-09 06:59:20.847490756,2025-07-09 16:19:50.839433082,fraud,high,email,2.0,resolved
3449,3858,2025-07-09 08:20:54.302967257,2025-07-09 20:49:51.186119706,billing,medium,in_app_chat,,resolved
3878,4331,2025-07-09 08:38:13.228180293,2025-07-09 11:28:01.138829823,card,high,in_app_chat,4.0,resolved
6200,6926,2025-07-09 08:52:00.143084720,2025-07-09 17:17:12.829203496,account,medium,in_app_chat,4.0,resolved
4033,4489,2025-07-09 08:59:02.127809696,2025-07-09 10:28:24.550694825,card,urgent,email,,resolved
7170,7973,2025-07-09 09:32:30.385738429,2025-07-10 16:20:33.534369122,kyc,medium,email,4.0,resolved
7066,7866,2025-07-09 09:42:15.815094431,2025-07-09 23:17:23.836300758,kyc,medium,email,,resolved
3015,3383,2025-07-09 11:47:00.616993232,2025-07-10 08:31:15.307149209,app,medium,in_app_chat,4.0,resolved
5774,6438,2025-07-09 12:15:18.952887179,2025-07-10 11:50:32.139431693,kyc,medium,email,,resolved
3074,3436,2025-07-09 15:38:29.474838801,2025-07-09 17:05:15.340449007,fraud,urgent,in_app_chat,3.0,resolved
2806,3145,2025-07-09 17:15:54.725362404,2025-07-10 04:43:18.629108449,app,medium,email,,resolved
761,841,2025-07-09 17:51:39.504211332,2025-07-10 07:59:08.503618393,card,medium,phone,5.0,resolved
2000,2204,2025-07-09 18:46:24.268696360,2025-07-12 00:37:51.790072339,billing,medium,in_app_chat,4.0,resolved
2066,2276,2025-07-09 23:51:42.355541666,2025-07-10 13:57:49.475169862,kyc,medium,phone,3.0,resolved
2282,2531,2025-07-10 03:10:02.433625582,2025-07-11 03:54:27.723053710,app,low,phone,3.0,resolved
23,18,2025-07-10 04:19:16.245685943,,billing,high,email,,open
1432,1568,2025-07-10 05:35:51.491688535,2025-07-10 23:54:21.755717915,billing,medium,phone,4.0,resolved
3479,3895,2025-07-10 05:41:12.796779655,2025-07-10 12:11:51.097454702,app,high,email,5.0,resolved
5017,5584,2025-07-10 10:05:23.774523996,2025-07-12 00:47:25.761017341,billing,medium,in_app_chat,4.0,resolved
5942,6632,2025-07-10 11:18:30.527344952,,fraud,urgent,email,,open
685,761,2025-07-10 17:36:57.108187759,2025-07-10 23:07:06.671120335,app,medium,in_app_chat,3.0,resolved
3949,4409,2025-07-10 19:29:54.738417128,,card,medium,in_app_chat,,open
4015,4474,2025-07-10 22:27:32.708287359,2025-07-11 20:32:29.913134731,app,low,in_app_chat,4.0,resolved
1595,1763,2025-07-10 22:31:35.154359653,,kyc,medium,in_app_chat,,closed_unresolved
1411,1543,2025-07-10 22:37:06.266505046,2025-07-13 03:39:48.013249466,card,low,in_app_chat,4.0,resolved
5082,5644,2025-07-10 23:17:43.220584507,,billing,high,in_app_chat,,closed_unresolved
6422,7198,2025-07-10 23:33:55.629850040,2025-07-12 21:08:47.581547982,billing,low,in_app_chat,,resolved
4885,5452,2025-07-11 01:31:11.503723149,,billing,medium,in_app_chat,,closed_unresolved
6955,7735,2025-07-11 03:10:07.873832245,,billing,medium,in_app_chat,,open
3996,4454,2025-07-11 05:02:20.282545901,2025-07-11 22:31:12.342406473,kyc,medium,in_app_chat,4.0,resolved
1441,1574,2025-07-11 08:36:16.142465623,2025-07-17 17:06:09.654248569,account,low,email,3.0,resolved
359,398,2025-07-11 12:36:44.855818338,2025-07-12 18:36:47.585978018,card,low,email,4.0,resolved
3742,4189,2025-07-11 13:06:43.970816361,2025-07-12 18:49:10.647915199,kyc,medium,email,,resolved
4990,5562,2025-07-11 14:40:18.352378957,2025-07-11 18:53:44.084171905,billing,high,email,5.0,resolved
2931,3305,2025-07-11 16:59:27.201775217,,account,low,in_app_chat,,open
5016,5584,2025-07-11 22:35:29.542330530,2025-07-12 23:25:13.766481218,app,medium,in_app_chat,4.0,resolved
4177,4652,2025-07-12 01:06:35.568310772,2025-07-12 16:55:13.639604525,card,medium,email,4.0,resolved
509,565,2025-07-12 01:48:28.739870539,2025-07-12 05:29:33.080672648,fraud,high,in_app_chat,4.0,resolved
6282,7021,2025-07-12 02:45:11.160239630,,billing,medium,email,,closed_unresolved
992,1083,2025-07-12 03:38:19.732446677,2025-07-12 11:32:08.918720305,billing,high,in_app_chat,4.0,resolved
5220,5783,2025-07-12 05:06:31.750230847,2025-07-13 17:43:47.513278385,kyc,low,in_app_chat,4.0,resolved
3149,3525,2025-07-12 05:13:56.726030573,2025-07-13 02:34:46.228964413,fraud,high,email,,resolved
651,726,2025-07-12 05:56:39.345100010,2025-07-12 07:25:16.123618652,card,urgent,email,5.0,resolved
6433,7208,2025-07-12 08:30:00.373727496,2025-07-13 02:33:59.214604004,card,medium,in_app_chat,4.0,resolved
225,244,2025-07-12 09:53:52.579125703,,card,urgent,in_app_chat,,open
6127,6837,2025-07-12 10:21:38.441733589,2025-07-13 11:57:47.567298665,billing,low,email,3.0,resolved
6548,7342,2025-07-12 11:08:45.180837962,2025-07-12 14:11:17.371299100,fraud,high,in_app_chat,,resolved
7064,7863,2025-07-12 14:06:39.650595966,,card,low,email,,open
2287,2540,2025-07-12 14:28:39.587578495,2025-07-13 01:56:05.239029597,billing,medium,email,,resolved
2465,2766,2025-07-12 14:55:24.807182430,2025-07-12 21:07:21.286765362,card,medium,phone,2.0,resolved
1649,1816,2025-07-12 15:49:48.826231394,2025-07-13 05:33:32.781049086,app,high,phone,5.0,resolved
2734,3060,2025-07-12 18:10:49.404392238,2025-07-13 07:37:25.728127640,card,medium,in_app_chat,3.0,resolved
3612,4043,2025-07-12 18:53:35.360212983,2025-07-13 05:00:26.338974283,card,medium,phone,4.0,resolved
4695,5212,2025-07-12 19:14:46.526916742,2025-07-12 21:24:54.770438501,kyc,high,email,3.0,resolved
3472,3890,2025-07-12 19:38:52.684105341,2025-07-16 21:29:22.107100319,account,low,in_app_chat,5.0,resolved
6378,7150,2025-07-12 21:07:50.741281387,2025-07-13 02:27:34.586174764,app,high,email,4.0,resolved
6051,6753,2025-07-12 22:22:33.499008903,2025-07-14 23:20:50.059467846,card,low,email,4.0,resolved
3688,4126,2025-07-12 23:28:01.931086476,2025-07-19 12:26:56.164124683,app,low,phone,4.0,resolved
3570,4005,2025-07-13 00:23:31.582864515,2025-07-13 18:51:11.216436765,card,medium,in_app_chat,3.0,resolved
4780,5317,2025-07-13 00:38:27.324464107,2025-07-13 03:18:11.747611144,card,urgent,in_app_chat,4.0,resolved
4833,5390,2025-07-13 01:15:45.163947951,2025-07-14 01:34:38.736353166,kyc,medium,phone,,resolved
1213,1333,2025-07-13 05:48:57.540249031,2025-07-13 07:21:34.912436884,kyc,high,phone,3.0,resolved
4930,5499,2025-07-13 06:57:36.510809405,2025-07-13 22:26:47.624806947,billing,medium,in_app_chat,4.0,resolved
6551,7344,2025-07-13 08:48:33.127979394,2025-07-14 00:28:18.863322288,kyc,high,in_app_chat,5.0,resolved
3046,3413,2025-07-13 09:56:56.932882828,2025-07-13 18:26:29.845491643,billing,medium,in_app_chat,4.0,resolved
619,693,2025-07-13 10:10:17.466792677,2025-07-13 21:50:39.994990023,fraud,high,in_app_chat,5.0,resolved
3821,4262,2025-07-13 15:09:59.796489936,2025-07-14 09:27:37.307301862,billing,medium,in_app_chat,3.0,resolved
531,588,2025-07-13 15:10:32.119388866,2025-07-13 21:45:55.779755556,kyc,high,in_app_chat,5.0,resolved
3616,4045,2025-07-13 19:33:43.673986794,2025-07-14 05:38:55.592392035,kyc,high,email,5.0,resolved
6773,7549,2025-07-14 00:11:35.489418763,2025-07-16 02:26:22.139228828,app,low,email,,resolved
5233,5792,2025-07-14 00:54:18.885784124,2025-07-14 15:05:44.733596213,fraud,high,in_app_chat,4.0,resolved
3819,4260,2025-07-14 01:31:09.047941760,2025-07-14 05:40:32.437003160,account,high,in_app_chat,4.0,resolved
4484,4983,2025-07-14 03:37:44.960604003,2025-07-14 06:00:10.280477059,billing,urgent,phone,4.0,resolved
5306,5880,2025-07-14 03:39:09.702575640,2025-07-15 11:51:06.918543129,kyc,medium,in_app_chat,4.0,resolved
2252,2499,2025-07-14 04:45:09.977299755,2025-07-14 20:44:44.827488237,card,medium,in_app_chat,,resolved
2940,3314,2025-07-14 04:47:26.003230825,,account,urgent,in_app_chat,,open
4043,4504,2025-07-14 04:53:40.639665416,2025-07-15 09:28:40.627837982,account,medium,in_app_chat,4.0,resolved
5678,6330,2025-07-14 06:58:45.067919306,2025-07-18 06:36:37.782672986,account,low,phone,3.0,resolved
1449,1586,2025-07-14 08:03:25.103486280,,billing,high,email,,closed_unresolved
4501,5000,2025-07-14 09:11:48.992984543,2025-07-15 02:08:21.889404421,billing,medium,phone,4.0,resolved
5702,6353,2025-07-14 10:05:00.541673059,2025-07-14 19:07:49.757185959,fraud,high,email,5.0,resolved
2515,2832,2025-07-14 11:42:38.459538901,2025-07-14 13:58:56.804320391,kyc,high,in_app_chat,,resolved
4264,4752,2025-07-14 12:49:42.617234231,2025-07-17 14:02:17.314582421,app,low,in_app_chat,4.0,resolved
5876,6550,2025-07-14 18:17:02.826536398,,app,medium,in_app_chat,,open
6952,7733,2025-07-14 21:53:48.891583553,2025-07-17 08:44:37.716531081,billing,low,email,2.0,resolved
3967,4430,2025-07-15 04:43:16.678172403,2025-07-15 11:07:12.962127720,card,high,email,4.0,resolved
6347,7108,2025-07-15 06:00:53.872798343,2025-07-16 02:06:30.820403240,billing,low,in_app_chat,3.0,resolved
1198,1323,2025-07-15 10:53:35.076642509,2025-07-15 21:16:44.229615997,billing,medium,phone,5.0,resolved
6196,6923,2025-07-15 12:39:00.868700597,2025-07-16 13:12:38.820906066,billing,low,in_app_chat,,resolved
5064,5625,2025-07-15 12:52:50.580860615,2025-07-17 04:48:12.293927925,card,medium,email,4.0,resolved
1084,1192,2025-07-15 13:27:33.825009018,2025-07-16 09:59:25.928690633,billing,medium,in_app_chat,4.0,resolved
2412,2697,2025-07-15 14:06:00.516815112,2025-07-16 11:57:24.952965049,kyc,medium,in_app_chat,4.0,resolved
4437,4933,2025-07-15 14:26:09.649961568,2025-07-18 08:45:35.293234191,app,low,phone,,resolved
4474,4967,2025-07-15 18:08:52.522808706,,card,medium,email,,closed_unresolved
4255,4744,2025-07-15 20:46:55.440707957,2025-07-16 12:41:46.217883996,fraud,high,in_app_chat,4.0,resolved
1472,1610,2025-07-15 21:01:01.645379356,2025-07-16 11:54:41.801377672,app,low,phone,3.0,resolved
6425,7200,2025-07-16 00:59:36.596139273,2025-07-16 22:03:43.777455958,account,medium,email,5.0,resolved
4862,5433,2025-07-16 01:47:18.472020671,2025-07-16 19:47:37.800599724,billing,high,in_app_chat,,resolved
6371,7138,2025-07-16 02:55:27.185347986,2025-07-16 04:20:54.189061520,fraud,urgent,phone,5.0,resolved
64,68,2025-07-16 03:31:27.500371622,,card,high,in_app_chat,,closed_unresolved
4674,5191,2025-07-16 03:50:53.491411236,,kyc,high,in_app_chat,,open
999,1095,2025-07-16 04:53:11.404040628,2025-07-17 02:01:00.163597575,billing,medium,email,4.0,resolved
434,480,2025-07-16 06:30:23.511207386,2025-07-16 16:08:41.847124547,app,medium,in_app_chat,3.0,resolved
2933,3306,2025-07-16 07:07:12.976160793,2025-07-16 09:49:58.501844763,account,urgent,in_app_chat,4.0,resolved
74,79,2025-07-16 07:09:50.507719364,2025-07-17 13:04:23.288530449,app,low,in_app_chat,3.0,resolved
4626,5122,2025-07-16 13:44:51.925398777,2025-07-16 22:13:11.913581999,account,medium,in_app_chat,3.0,resolved
6250,6987,2025-07-16 16:41:06.871214734,,kyc,medium,in_app_chat,,open
270,296,2025-07-16 20:56:21.199349063,,app,low,email,,closed_unresolved
6046,6749,2025-07-16 21:24:07.662281601,2025-07-18 13:04:31.226589857,card,low,phone,3.0,resolved
6071,6778,2025-07-16 22:02:03.843231282,2025-07-17 12:08:08.862852729,card,medium,in_app_chat,4.0,resolved
7182,7987,2025-07-17 03:54:13.777745353,2025-07-17 08:14:29.084614940,fraud,urgent,in_app_chat,5.0,resolved
5166,5737,2025-07-17 04:06:33.748284205,2025-07-17 17:14:59.635589115,card,medium,email,4.0,resolved
456,508,2025-07-17 07:06:04.904004268,2025-07-19 01:36:33.887056164,account,low,email,,resolved
3797,4242,2025-07-17 08:05:40.559598378,2025-07-18 10:18:03.916277079,app,low,in_app_chat,3.0,resolved
2002,2208,2025-07-17 08:42:21.533839346,2025-07-17 10:48:20.312160017,billing,urgent,email,4.0,resolved
1291,1405,2025-07-17 09:04:06.680411999,2025-07-17 22:05:53.352731833,card,medium,in_app_chat,,resolved
1716,1871,2025-07-17 16:27:47.233706094,2025-07-18 10:36:06.047091392,kyc,medium,email,3.0,resolved
4891,5455,2025-07-17 16:30:39.504999913,2025-07-18 06:01:53.589625931,kyc,medium,email,,resolved
2953,3327,2025-07-17 21:57:04.829365866,2025-07-18 10:29:41.872692297,kyc,high,email,4.0,resolved
1736,1896,2025-07-17 22:31:08.184974594,2025-07-18 01:51:24.623687835,kyc,high,email,4.0,resolved
5828,6491,2025-07-18 00:06:33.564104225,2025-07-18 06:49:31.044297337,fraud,high,email,5.0,resolved
1591,1755,2025-07-18 00:06:56.149120255,,kyc,medium,email,,open
1869,2052,2025-07-18 02:47:11.208507587,2025-07-19 04:59:38.173349371,card,medium,email,4.0,resolved
6078,6783,2025-07-18 10:21:55.719749344,2025-07-20 10:29:58.102858133,account,low,in_app_chat,,resolved
1081,1190,2025-07-18 10:23:26.660067512,2025-07-19 04:46:31.661025651,card,medium,phone,,resolved
542,597,2025-07-18 11:33:09.348893078,2025-07-21 05:38:34.332095824,billing,low,email,3.0,resolved
1367,1488,2025-07-18 13:48:57.955547131,,account,low,in_app_chat,,open
994,1088,2025-07-18 15:35:32.104460561,2025-07-19 10:45:24.686449703,billing,low,in_app_chat,5.0,resolved
4792,5338,2025-07-18 15:40:19.409702424,2025-07-19 23:39:54.239823120,account,low,in_app_chat,4.0,resolved
2704,3037,2025-07-18 15:54:22.649225935,2025-07-20 13:41:32.414221865,app,low,email,,resolved
6069,6776,2025-07-18 16:34:36.485369016,2025-07-19 15:29:54.937177866,account,low,phone,,resolved
7137,7940,2025-07-19 04:19:39.073163692,2025-07-19 10:05:11.005427039,app,medium,in_app_chat,,resolved
6762,7540,2025-07-19 08:34:13.628214217,2025-07-21 08:23:29.261873821,billing,medium,in_app_chat,3.0,resolved
2114,2333,2025-07-19 08:38:03.231736797,2025-07-22 03:33:01.719169665,kyc,low,in_app_chat,,resolved
3478,3894,2025-07-19 09:58:45.809184037,2025-07-20 12:02:33.570897494,billing,medium,in_app_chat,4.0,resolved
6513,7307,2025-07-19 11:59:09.176137586,2025-07-21 02:54:11.680493164,card,medium,email,3.0,resolved
5555,6189,2025-07-19 18:37:21.240455615,,card,high,email,,closed_unresolved
6673,7459,2025-07-19 19:09:43.506267111,,billing,medium,in_app_chat,,open
349,372,2025-07-19 19:50:00.073714562,2025-07-21 23:56:11.987790617,billing,low,phone,2.0,resolved
6442,7224,2025-07-19 21:15:59.334026976,2025-07-21 11:02:42.347286254,billing,low,email,5.0,resolved
2502,2815,2025-07-19 21:56:58.062871752,2025-07-20 01:05:09.801027693,billing,high,in_app_chat,3.0,resolved
5914,6595,2025-07-19 21:58:47.682169622,2025-07-21 18:11:15.585827970,billing,low,email,,resolved
4013,4473,2025-07-20 00:32:57.324726715,,card,high,in_app_chat,,closed_unresolved
213,233,2025-07-20 01:11:45.410386816,,card,high,email,,closed_unresolved
3858,4309,2025-07-20 01:17:10.840492705,,billing,low,in_app_chat,,closed_unresolved
825,905,2025-07-20 03:19:41.365464113,2025-07-20 16:05:36.383699215,card,medium,in_app_chat,4.0,resolved
800,881,2025-07-20 04:20:58.642897678,2025-07-22 14:10:07.104499920,account,low,email,,resolved
147,174,2025-07-20 07:11:17.497062905,2025-07-24 11:19:32.382784472,billing,low,email,4.0,resolved
631,704,2025-07-20 07:14:48.653154749,2025-07-21 08:32:43.434473868,billing,low,email,3.0,resolved
4154,4637,2025-07-20 07:58:19.928173975,,kyc,high,email,,open
3467,3885,2025-07-20 08:31:56.099595642,2025-07-20 14:26:33.863994529,kyc,high,email,4.0,resolved
1636,1803,2025-07-20 08:39:36.623551224,2025-07-20 18:32:29.866265398,card,high,email,4.0,resolved
6175,6900,2025-07-20 15:43:23.983529050,2025-07-21 12:57:42.672116759,app,medium,email,4.0,resolved
5297,5872,2025-07-20 16:14:12.780343340,2025-07-21 12:40:11.891158790,app,low,email,3.0,resolved
92,96,2025-07-20 18:23:02.368240586,,billing,low,in_app_chat,,closed_unresolved
5972,6653,2025-07-20 18:28:22.308713137,2025-07-21 00:00:13.627937512,billing,high,in_app_chat,4.0,resolved
2446,2739,2025-07-20 18:37:30.450793419,2025-07-23 03:21:27.182432409,billing,low,in_app_chat,3.0,resolved
487,541,2025-07-20 19:01:48.045002021,2025-07-21 16:33:12.289699239,billing,low,phone,3.0,resolved
3717,4160,2025-07-20 20:07:11.305844227,2025-07-20 23:50:51.480210353,fraud,high,email,3.0,resolved
6323,7075,2025-07-20 21:46:58.774722366,2025-07-21 08:01:55.176307302,fraud,high,phone,,resolved
3518,3943,2025-07-21 00:08:29.645196509,2025-07-23 22:05:27.132085663,card,medium,in_app_chat,4.0,resolved
5833,6499,2025-07-21 01:41:36.998225635,2025-07-21 06:41:55.851524185,billing,high,in_app_chat,,resolved
5508,6141,2025-07-21 04:23:56.955714141,,billing,urgent,in_app_chat,,open
1202,1325,2025-07-21 07:56:25.028627429,2025-07-21 08:45:04.134889945,fraud,urgent,in_app_chat,5.0,resolved
5369,5977,2025-07-21 08:06:10.979070203,2025-07-22 00:50:02.040423770,billing,high,email,,resolved
1820,1998,2025-07-21 10:10:31.483612585,2025-07-21 18:32:24.343865897,kyc,high,phone,5.0,resolved
1790,1961,2025-07-21 11:42:36.850613040,2025-07-22 02:06:08.485313925,app,medium,in_app_chat,4.0,resolved
2957,3332,2025-07-21 17:01:39.443966376,2025-07-22 20:15:47.006584719,app,medium,in_app_chat,,resolved
5802,6462,2025-07-21 17:06:28.647736620,2025-07-22 04:29:57.639428864,card,medium,in_app_chat,3.0,resolved
2902,3267,2025-07-21 18:59:28.366703485,2025-07-22 02:17:53.561816204,billing,medium,in_app_chat,4.0,resolved
191,213,2025-07-21 19:09:42.729783926,2025-07-21 21:52:48.025389302,fraud,urgent,in_app_chat,4.0,resolved
267,295,2025-07-21 20:17:37.711214099,2025-07-24 10:25:29.281909487,account,low,in_app_chat,,resolved
997,1094,2025-07-21 20:56:14.070722697,2025-07-24 01:21:30.201307069,app,low,in_app_chat,3.0,resolved
4010,4472,2025-07-21 21:37:11.909395159,2025-07-23 22:33:28.103930206,card,medium,email,,resolved
1339,1455,2025-07-21 23:31:21.072485498,2025-07-22 02:33:38.915009364,kyc,high,phone,,resolved
3980,4441,2025-07-22 04:37:00.943405003,2025-07-24 10:20:50.284491676,account,low,in_app_chat,3.0,resolved
4458,4955,2025-07-22 07:06:07.697968018,,card,medium,phone,,open
5900,6578,2025-07-22 07:30:01.854611743,2025-07-22 12:37:36.017071167,card,high,in_app_chat,,resolved
5305,5878,2025-07-22 10:38:36.825252959,2025-07-24 02:23:20.743056716,card,low,in_app_chat,2.0,resolved
3030,3400,2025-07-22 13:20:44.492606151,2025-07-24 02:55:26.728086023,app,low,in_app_chat,,resolved
1558,1715,2025-07-22 13:44:43.130315244,2025-07-22 19:29:34.656279970,app,high,in_app_chat,4.0,resolved
6709,7490,2025-07-22 15:13:50.129450140,2025-07-25 00:53:48.886269157,card,medium,in_app_chat,5.0,resolved
6168,6894,2025-07-22 18:18:50.959367006,2025-07-23 07:14:18.517697649,card,medium,in_app_chat,5.0,resolved
2207,2430,2025-07-22 18:34:12.886941472,2025-07-30 12:02:34.049191938,billing,low,email,4.0,resolved
1655,1822,2025-07-22 19:08:08.693221076,2025-07-26 05:22:38.713404160,card,low,in_app_chat,,resolved
1112,1232,2025-07-22 20:52:36.428296126,2025-07-23 07:27:00.701134825,billing,high,in_app_chat,,resolved
5329,5913,2025-07-22 23:46:00.543059607,2025-07-23 14:23:53.256062758,card,medium,in_app_chat,4.0,resolved
700,777,2025-07-23 04:24:51.241263877,2025-07-23 23:31:05.447251057,kyc,high,email,,resolved
3269,3665,2025-07-23 05:33:43.033761293,2025-07-23 19:06:31.759148593,app,high,phone,,resolved
5062,5624,2025-07-23 05:53:42.947482004,2025-07-25 01:11:48.259189602,account,medium,in_app_chat,,resolved
3252,3652,2025-07-23 07:09:38.139681084,2025-07-24 06:58:45.642674156,billing,medium,in_app_chat,5.0,resolved
1631,1797,2025-07-23 11:55:30.921142523,,kyc,high,in_app_chat,,open
6836,7615,2025-07-23 11:55:46.633442050,2025-07-25 03:58:42.037321232,app,medium,email,3.0,resolved
3309,3704,2025-07-23 13:11:34.232552928,2025-07-23 21:03:51.469364928,billing,medium,in_app_chat,3.0,resolved
2472,2781,2025-07-23 14:12:24.427359020,2025-07-24 09:20:36.584881190,kyc,low,in_app_chat,4.0,resolved
1464,1601,2025-07-23 17:18:59.539132284,2025-07-26 02:51:41.311562607,card,medium,in_app_chat,5.0,resolved
3352,3761,2025-07-23 17:51:55.164620237,2025-07-24 05:44:56.562664676,kyc,medium,in_app_chat,3.0,resolved
462,516,2025-07-23 21:15:47.872953394,2025-07-24 05:42:00.315819905,card,high,email,,resolved
2189,2407,2025-07-24 05:55:37.724044880,2025-07-25 05:02:59.345166340,card,medium,in_app_chat,5.0,resolved
1586,1750,2025-07-24 06:55:18.305266874,,card,urgent,phone,,open
5153,5722,2025-07-24 09:39:25.827000393,2025-07-26 02:02:08.576095217,card,medium,in_app_chat,4.0,resolved
5835,6502,2025-07-24 09:46:15.001577443,2025-07-25 12:09:54.662233636,app,medium,email,5.0,resolved
3946,4406,2025-07-24 13:14:48.712536864,2025-07-27 01:16:15.008214480,billing,low,in_app_chat,2.0,resolved
3103,3470,2025-07-24 13:28:35.758896481,2025-07-24 17:28:15.784312101,card,high,email,5.0,resolved
2560,2882,2025-07-24 14:14:37.843238425,2025-07-25 09:51:32.775771625,card,medium,phone,4.0,resolved
3840,4284,2025-07-24 14:50:12.591532066,2025-07-24 16:43:27.618763337,fraud,urgent,in_app_chat,,resolved
6015,6714,2025-07-24 16:56:38.047298231,,billing,high,in_app_chat,,closed_unresolved
6623,7406,2025-07-24 17:31:48.956305909,2025-07-25 19:55:09.320088767,card,low,in_app_chat,,resolved
1760,1934,2025-07-24 20:03:36.633134920,2025-07-27 02:04:47.625159522,app,low,in_app_chat,,resolved
5565,6201,2025-07-24 22:12:20.636125496,2025-07-25 21:27:33.637951721,card,medium,phone,,resolved
6430,7202,2025-07-24 23:22:53.111424745,,account,low,in_app_chat,,open
3016,3383,2025-07-25 00:51:03.859698905,2025-07-25 08:22:36.667329750,account,medium,in_app_chat,5.0,resolved
1427,1562,2025-07-25 01:24:22.545481409,2025-07-25 21:47:56.167949064,app,medium,in_app_chat,5.0,resolved
4055,4512,2025-07-25 04:35:36.600362479,2025-07-25 23:27:59.469129160,account,low,in_app_chat,4.0,resolved
4981,5556,2025-07-25 05:46:18.214686848,2025-07-25 06:43:56.838476079,billing,urgent,in_app_chat,5.0,resolved
2193,2411,2025-07-25 07:54:48.565497528,,card,medium,in_app_chat,,open
6541,7337,2025-07-25 08:05:04.057743431,2025-07-26 02:53:11.495974439,kyc,medium,phone,5.0,resolved
3732,4180,2025-07-25 09:15:05.999223288,2025-07-26 02:27:26.502221956,card,medium,phone,4.0,resolved
131,157,2025-07-25 09:19:46.224019099,,card,medium,in_app_chat,,open
7059,7852,2025-07-25 11:32:52.753965607,2025-07-25 16:11:08.030649395,account,high,email,5.0,resolved
3491,3912,2025-07-25 12:55:27.647564851,2025-07-28 00:14:29.508721713,card,low,email,,resolved
5080,5644,2025-07-25 14:35:36.695007375,2025-07-25 16:52:15.561454618,billing,urgent,in_app_chat,,resolved
4291,4781,2025-07-25 15:08:09.217685385,2025-07-25 21:12:59.685655560,billing,medium,in_app_chat,4.0,resolved
696,772,2025-07-25 15:12:11.452934067,2025-07-25 18:30:16.136169783,card,high,in_app_chat,,resolved
6418,7195,2025-07-25 15:21:14.996259878,2025-07-25 16:59:35.437124093,fraud,urgent,email,3.0,resolved
4577,5072,2025-07-25 16:55:20.731148284,,fraud,high,in_app_chat,,closed_unresolved
4682,5203,2025-07-25 20:34:24.767581486,2025-07-28 22:14:17.976004237,app,medium,email,4.0,resolved
171,193,2025-07-25 20:42:51.252427175,2025-07-26 04:11:16.019006054,fraud,high,in_app_chat,4.0,resolved
940,1026,2025-07-25 22:40:12.270525715,2025-07-26 09:10:48.790053821,account,high,in_app_chat,4.0,resolved
6153,6874,2025-07-25 23:09:23.875001326,2025-07-27 09:30:43.364238983,fraud,medium,email,3.0,resolved
1083,1191,2025-07-26 00:30:31.582333172,2025-07-26 10:06:01.283974907,kyc,high,in_app_chat,4.0,resolved
2387,2662,2025-07-26 02:00:37.856539068,2025-07-26 22:54:58.187154994,card,medium,in_app_chat,,resolved
1570,1727,2025-07-26 07:21:25.564306942,2025-07-26 16:38:29.127342950,billing,medium,in_app_chat,,resolved
6067,6772,2025-07-26 08:37:01.524206464,2025-07-26 23:52:31.610146476,app,low,phone,,resolved
2227,2460,2025-07-26 11:18:11.016091926,2025-07-27 02:49:46.896516728,kyc,medium,in_app_chat,,resolved
1492,1636,2025-07-26 12:15:36.337666584,,kyc,medium,in_app_chat,,closed_unresolved
71,76,2025-07-26 12:16:28.430460655,2025-07-26 23:28:13.649361065,app,medium,in_app_chat,4.0,resolved
7133,7936,2025-07-26 13:25:04.394810254,2025-07-27 07:59:55.332387692,kyc,medium,email,5.0,resolved
457,508,2025-07-26 13:45:53.212806682,2025-07-26 17:24:40.047527896,card,high,in_app_chat,4.0,resolved
7146,7948,2025-07-26 15:22:21.891944340,,account,high,email,,open
4847,5413,2025-07-26 16:10:20.036903954,2025-07-28 01:43:50.869789548,app,medium,in_app_chat,,resolved
1730,1890,2025-07-26 16:15:22.462380662,2025-07-27 02:31:31.352141852,fraud,high,in_app_chat,,resolved
6294,7043,2025-07-26 16:29:38.929186141,2025-07-26 22:49:12.118495423,card,high,email,5.0,resolved
1245,1368,2025-07-26 16:43:19.692300616,2025-07-28 15:35:04.991812156,billing,low,in_app_chat,3.0,resolved
5940,6631,2025-07-26 17:05:00.073348108,2025-07-27 04:55:29.356073687,card,medium,in_app_chat,,resolved
7016,7801,2025-07-26 17:08:55.702278479,2025-07-27 08:21:39.190444201,billing,medium,email,,resolved
2159,2378,2025-07-26 17:44:46.000637373,2025-07-26 19:02:50.471952468,account,urgent,in_app_chat,4.0,resolved
4573,5069,2025-07-26 22:50:48.012781744,2025-07-27 13:58:43.784755489,kyc,medium,in_app_chat,4.0,resolved
2871,3221,2025-07-27 00:35:27.197367601,2025-07-27 10:21:50.471858584,billing,medium,in_app_chat,,resolved
282,309,2025-07-27 01:08:13.533399179,2025-07-28 01:00:24.820034389,card,medium,email,3.0,resolved
6457,7251,2025-07-27 01:20:31.953144413,2025-07-27 16:27:13.655188448,card,high,email,5.0,resolved
6714,7492,2025-07-27 02:27:33.498453672,2025-08-02 07:57:26.906493283,card,low,in_app_chat,4.0,resolved
6034,6736,2025-07-27 03:05:25.651159728,,card,low,in_app_chat,,closed_unresolved
2780,3115,2025-07-27 06:00:52.211921483,2025-08-02 02:01:38.631844470,account,low,phone,,resolved
2646,2980,2025-07-27 06:10:36.970925234,2025-07-27 20:14:13.963230756,app,high,in_app_chat,,resolved
6197,6924,2025-07-27 09:48:40.886409862,2025-07-28 19:18:56.743755227,billing,medium,in_app_chat,4.0,resolved
1728,1887,2025-07-27 10:24:28.035083687,2025-07-28 02:06:11.546156301,kyc,medium,in_app_chat,4.0,resolved
4118,4600,2025-07-27 14:14:58.020470548,2025-07-27 21:21:18.459045445,app,medium,in_app_chat,5.0,resolved
3398,3808,2025-07-27 15:37:49.801884113,2025-07-29 04:40:17.670029724,card,low,in_app_chat,4.0,resolved
1157,1278,2025-07-27 17:08:40.364679163,2025-07-27 23:07:42.318884031,fraud,medium,email,5.0,resolved
2248,2491,2025-07-27 19:06:25.812900561,2025-07-28 03:08:59.943133776,account,high,in_app_chat,,resolved
6373,7142,2025-07-28 03:58:25.420435063,2025-07-28 14:56:03.456247069,card,medium,in_app_chat,4.0,resolved
3324,3724,2025-07-28 05:55:08.446253972,,kyc,medium,in_app_chat,,closed_unresolved
837,915,2025-07-28 08:23:33.246512090,2025-08-03 20:31:47.997276123,app,low,phone,3.0,resolved
411,454,2025-07-28 09:44:24.232726000,2025-07-28 11:06:44.401843768,kyc,urgent,email,,resolved
3814,4255,2025-07-28 10:26:54.822206434,2025-07-29 18:49:02.719361062,kyc,low,in_app_chat,4.0,resolved
4152,4637,2025-07-28 12:02:04.918271115,2025-07-28 17:24:28.506167464,card,medium,email,4.0,resolved
4274,4760,2025-07-28 12:34:05.883177155,2025-07-31 05:26:26.243982186,billing,low,in_app_chat,,resolved
4943,5516,2025-07-28 13:09:35.881143500,2025-07-30 04:08:43.671681270,card,low,phone,,resolved
2435,2722,2025-07-28 14:02:21.239371029,2025-07-30 18:06:12.638079364,billing,low,phone,4.0,resolved
424,470,2025-07-28 15:51:45.195861810,2025-07-29 03:53:44.511281211,app,medium,in_app_chat,4.0,resolved
3931,4390,2025-07-28 17:52:43.932249042,,card,high,phone,,open
4163,4646,2025-07-29 02:08:13.260249072,2025-07-29 13:43:16.675644508,card,medium,in_app_chat,4.0,resolved
2344,2604,2025-07-29 04:23:03.497960368,2025-07-29 20:17:48.922958306,account,medium,in_app_chat,5.0,resolved
2192,2410,2025-07-29 09:24:31.686774733,2025-07-29 14:10:45.222872258,kyc,high,email,,resolved
41,41,2025-07-29 10:47:34.843390224,2025-07-29 17:36:45.006564970,card,medium,phone,5.0,resolved
3635,4064,2025-07-29 11:47:29.607313931,,fraud,medium,in_app_chat,,closed_unresolved
2272,2515,2025-07-29 15:03:49.595867876,2025-07-30 06:28:38.946589545,card,medium,in_app_chat,4.0,resolved
2418,2699,2025-07-29 15:08:45.243061621,2025-07-31 03:32:55.591715422,card,medium,email,,resolved
1108,1226,2025-07-29 17:54:44.504289411,2025-08-01 21:19:59.615875459,app,low,in_app_chat,,resolved
5468,6086,2025-07-29 18:54:58.979092887,2025-08-02 07:25:53.853305161,billing,low,in_app_chat,,resolved
1100,1209,2025-07-29 20:46:43.304187057,2025-07-30 17:57:13.453414941,fraud,high,in_app_chat,,resolved
3059,3424,2025-07-29 23:23:04.297421005,2025-07-31 03:26:03.717336488,billing,low,in_app_chat,4.0,resolved
2084,2292,2025-07-30 02:57:52.184684586,,card,medium,phone,,open
3325,3725,2025-07-30 04:23:21.293223192,2025-07-30 12:14:46.671224904,account,high,email,,resolved
3522,3947,2025-07-30 04:50:34.566965059,,billing,low,in_app_chat,,open
5852,6516,2025-07-30 07:31:40.190165647,2025-07-30 17:03:41.864763357,card,high,in_app_chat,5.0,resolved
6851,7636,2025-07-30 10:47:11.115749849,2025-07-30 13:45:50.878165038,kyc,high,in_app_chat,5.0,resolved
5521,6156,2025-07-30 14:19:25.262356059,2025-08-01 21:46:48.600043824,card,low,in_app_chat,,resolved
6495,7287,2025-07-30 16:05:29.787322960,2025-07-30 20:53:09.910554677,kyc,urgent,in_app_chat,,resolved
5625,6276,2025-07-30 17:33:31.631791852,2025-08-04 00:04:36.492974399,kyc,low,in_app_chat,3.0,resolved
3284,3681,2025-07-30 18:25:51.400531133,2025-07-31 09:07:44.622810067,kyc,high,email,5.0,resolved
2750,3072,2025-07-30 18:47:50.336767397,,account,low,email,,open
6355,7119,2025-07-30 20:08:04.949201961,,billing,urgent,phone,,open
6614,7397,2025-07-30 21:23:03.754027812,2025-07-31 12:52:06.354393116,app,medium,in_app_chat,4.0,resolved
4367,4861,2025-07-31 00:37:03.192376964,2025-07-31 13:48:06.569518390,billing,medium,in_app_chat,4.0,resolved
5048,5613,2025-07-31 00:38:43.435030205,2025-07-31 05:15:19.316442173,kyc,high,in_app_chat,,resolved
5609,6256,2025-07-31 01:12:50.595079429,2025-08-02 06:19:25.694177042,app,low,phone,,resolved
5819,6482,2025-07-31 04:35:29.973749585,2025-07-31 06:38:56.560004850,account,high,phone,4.0,resolved
181,204,2025-07-31 05:00:48.285928463,2025-07-31 15:18:16.445810226,kyc,medium,in_app_chat,5.0,resolved
4812,5360,2025-07-31 05:14:58.352549346,2025-08-02 02:02:59.494055155,billing,low,email,3.0,resolved
6369,7136,2025-07-31 05:28:11.189318488,,kyc,medium,email,,open
4239,4727,2025-07-31 05:54:41.543334930,2025-07-31 09:15:53.975516649,fraud,urgent,email,4.0,resolved
2818,3158,2025-07-31 06:37:54.960674934,2025-08-01 04:57:52.822044417,card,low,email,,resolved
507,564,2025-07-31 08:56:58.969809464,2025-08-01 07:09:25.639587245,app,low,in_app_chat,4.0,resolved
4414,4902,2025-07-31 11:47:40.139070167,,billing,high,email,,open
2021,2232,2025-07-31 14:13:06.124506576,2025-08-01 01:03:28.467211306,account,high,in_app_chat,3.0,resolved
4725,5251,2025-07-31 16:17:51.175307569,2025-07-31 20:57:51.061587641,fraud,high,email,4.0,resolved
1666,1830,2025-07-31 17:14:58.736026760,2025-08-03 06:24:37.421467805,account,low,email,5.0,resolved
1623,1789,2025-07-31 18:17:44.878588422,2025-08-01 06:03:03.404315926,billing,medium,email,3.0,resolved
911,997,2025-07-31 23:40:39.342394102,2025-08-01 07:27:04.366541652,card,high,phone,5.0,resolved
6819,7601,2025-08-01 00:29:54.205539112,,card,medium,phone,,closed_unresolved
2088,2297,2025-08-01 01:56:10.520831460,2025-08-01 03:55:45.564729051,fraud,urgent,email,,resolved
1346,1465,2025-08-01 03:44:13.876175451,2025-08-02 05:33:18.023873350,kyc,medium,in_app_chat,3.0,resolved
248,272,2025-08-01 04:17:58.097220267,2025-08-01 14:23:55.319477824,app,medium,in_app_chat,4.0,resolved
5234,5793,2025-08-01 04:47:27.803787817,,fraud,urgent,email,,open
686,762,2025-08-01 10:53:14.723199384,2025-08-02 02:23:04.730518093,kyc,medium,phone,,resolved
5387,5993,2025-08-01 11:35:11.867845992,2025-08-03 13:33:14.457549146,kyc,medium,phone,3.0,resolved
7186,7992,2025-08-01 11:39:55.962410374,2025-08-01 12:47:49.218967553,kyc,urgent,phone,5.0,resolved
1781,1950,2025-08-01 13:00:13.920869531,2025-08-01 15:11:23.302700689,fraud,high,phone,3.0,resolved
6747,7525,2025-08-01 13:03:43.409182383,2025-08-04 03:25:27.117842039,app,low,email,4.0,resolved
2980,3350,2025-08-01 13:17:34.322830624,2025-08-01 17:57:25.715816136,fraud,high,in_app_chat,,resolved
6985,7769,2025-08-01 14:41:08.180847533,2025-08-04 22:41:27.317164435,billing,low,in_app_chat,4.0,resolved
6327,7080,2025-08-01 15:31:15.937693645,2025-08-04 11:04:53.179465426,card,low,email,4.0,resolved
1513,1660,2025-08-01 15:55:57.500183064,2025-08-02 07:08:38.155118413,app,medium,in_app_chat,5.0,resolved
2476,2784,2025-08-01 16:28:23.290055451,2025-08-02 04:37:00.275600410,app,medium,in_app_chat,4.0,resolved
1688,1849,2025-08-01 18:20:27.962182654,2025-08-05 02:14:04.023716063,account,low,in_app_chat,,resolved
2372,2644,2025-08-01 18:37:24.831673697,2025-08-02 08:19:48.263390816,app,low,phone,4.0,resolved
915,1001,2025-08-01 18:48:23.373073537,2025-08-01 21:24:15.260702036,kyc,high,email,,resolved
5869,6542,2025-08-01 21:00:16.805273489,2025-08-02 06:17:35.918036299,billing,medium,email,3.0,resolved
5291,5870,2025-08-01 22:39:32.000069856,,card,high,in_app_chat,,open
207,226,2025-08-01 23:44:07.400758727,2025-08-03 03:44:53.959207561,card,medium,phone,4.0,resolved
2076,2282,2025-08-02 04:56:32.041194316,,account,low,email,,closed_unresolved
3471,3890,2025-08-02 05:09:18.730941384,2025-08-02 17:10:47.316668488,app,high,email,5.0,resolved
1690,1851,2025-08-02 05:17:45.367287192,2025-08-04 23:16:49.265866017,billing,low,in_app_chat,4.0,resolved
5825,6488,2025-08-02 06:26:53.695871805,2025-08-02 09:03:12.844940753,app,urgent,in_app_chat,,resolved
3628,4053,2025-08-02 07:52:04.744152238,2025-08-05 01:18:45.337289802,billing,medium,email,4.0,resolved
3743,4191,2025-08-02 09:26:29.051172853,2025-08-03 02:24:56.627876611,kyc,medium,email,,resolved
2773,3105,2025-08-02 10:49:44.334268345,2025-08-04 10:55:05.857328661,account,low,phone,4.0,resolved
2688,3025,2025-08-02 12:11:57.346985137,2025-08-02 22:00:12.629342872,billing,high,email,4.0,resolved
848,927,2025-08-02 14:11:04.601532920,2025-08-02 20:22:52.456378077,app,high,email,4.0,resolved
4767,5304,2025-08-02 15:03:34.208418758,2025-08-03 03:26:44.216784549,app,high,in_app_chat,5.0,resolved
1597,1765,2025-08-02 15:38:17.141721397,2025-08-03 01:53:57.229797005,account,medium,email,5.0,resolved
6178,6901,2025-08-02 16:11:46.949570735,,card,medium,email,,closed_unresolved
1796,1973,2025-08-02 21:25:19.248389544,2025-08-04 17:18:28.875145860,billing,medium,email,3.0,resolved
4287,4774,2025-08-02 22:16:48.053011131,2025-08-03 10:32:21.678387951,kyc,medium,email,,resolved
5111,5673,2025-08-02 22:28:41.839733881,2025-08-03 16:43:25.753246424,card,medium,email,3.0,resolved
6651,7439,2025-08-02 22:59:20.455418549,2025-08-04 11:44:47.516587049,billing,medium,in_app_chat,3.0,resolved
1489,1628,2025-08-02 23:27:07.455524659,2025-08-03 23:12:38.610919918,account,medium,in_app_chat,4.0,resolved
1598,1768,2025-08-03 01:30:16.539949336,2025-08-03 12:51:50.463570881,billing,medium,email,4.0,resolved
5289,5867,2025-08-03 03:57:00.514007758,2025-08-04 12:19:33.819406207,kyc,low,in_app_chat,3.0,resolved
2518,2834,2025-08-03 09:10:45.642689400,2025-08-03 16:17:36.534529395,billing,medium,email,4.0,resolved
1263,1382,2025-08-03 09:39:12.715877013,2025-08-04 11:39:20.058722572,card,low,email,3.0,resolved
4097,4566,2025-08-03 09:52:17.430718967,2025-08-04 02:42:03.128622200,billing,medium,in_app_chat,4.0,resolved
2991,3358,2025-08-03 11:37:21.948479264,2025-08-03 21:47:33.781829874,kyc,high,in_app_chat,4.0,resolved
2283,2534,2025-08-03 12:59:08.776810631,2025-08-05 07:14:55.914993165,account,low,in_app_chat,4.0,resolved
3869,4321,2025-08-03 13:43:09.488697741,2025-08-03 16:52:17.459423652,billing,high,in_app_chat,5.0,resolved
3187,3570,2025-08-03 14:54:04.994401167,2025-08-04 08:42:45.872306832,fraud,high,phone,4.0,resolved
4000,4458,2025-08-03 14:57:22.181717154,2025-08-03 19:32:17.724951781,billing,high,in_app_chat,4.0,resolved
1364,1484,2025-08-03 15:39:07.426790714,2025-08-04 10:34:35.679264785,billing,medium,phone,,resolved
6565,7358,2025-08-03 16:47:01.968165496,2025-08-04 06:25:14.017619939,card,low,in_app_chat,,resolved
1458,1592,2025-08-03 20:21:36.862329911,,account,high,in_app_chat,,closed_unresolved
4124,4607,2025-08-04 00:04:54.778663041,,billing,low,email,,open
280,305,2025-08-04 05:08:49.945178725,2025-08-04 08:41:02.869639131,kyc,high,in_app_chat,5.0,resolved
4194,4675,2025-08-04 05:35:15.033516961,2025-08-05 01:55:28.161346231,account,medium,in_app_chat,,resolved
4390,4879,2025-08-04 05:48:25.185644386,2025-08-05 22:22:05.995677556,billing,low,email,4.0,resolved
5178,5748,2025-08-04 06:30:14.842023039,,billing,medium,in_app_chat,,open
585,652,2025-08-04 06:57:51.325456020,2025-08-05 16:38:54.149770268,billing,low,in_app_chat,,resolved
6058,6759,2025-08-04 10:06:21.701239758,2025-08-06 08:42:22.743827805,billing,medium,email,,resolved
307,329,2025-08-04 16:07:47.871444849,2025-08-05 02:46:13.630288536,card,high,email,5.0,resolved
6639,7423,2025-08-04 17:11:14.686360350,2025-08-06 07:41:51.685527642,card,low,phone,4.0,resolved
5029,5594,2025-08-04 17:22:10.130566284,2025-08-05 05:30:00.292828009,card,medium,in_app_chat,4.0,resolved
4569,5065,2025-08-04 18:31:00.012098809,2025-08-06 03:35:15.213402797,card,medium,in_app_chat,,resolved
1922,2129,2025-08-04 20:44:10.434886560,2025-08-07 17:58:52.282075437,account,low,in_app_chat,,resolved
3999,4458,2025-08-05 00:29:33.327318206,,card,high,email,,closed_unresolved
5690,6342,2025-08-05 00:56:19.290905923,,fraud,urgent,in_app_chat,,closed_unresolved
2115,2335,2025-08-05 07:12:31.071206543,2025-08-07 11:24:37.075588428,kyc,medium,in_app_chat,5.0,resolved
2685,3024,2025-08-05 07:40:08.353587210,2025-08-06 12:20:56.043981651,kyc,low,phone,3.0,resolved
3765,4216,2025-08-05 08:50:46.687894598,2025-08-05 13:50:26.815951647,fraud,urgent,in_app_chat,4.0,resolved
4094,4563,2025-08-05 09:19:51.815500619,2025-08-05 12:52:57.985135874,account,high,in_app_chat,,resolved
2756,3081,2025-08-05 11:23:23.748823152,2025-08-06 06:58:03.617700496,card,medium,in_app_chat,,resolved
5127,5693,2025-08-05 12:27:39.355447803,2025-08-06 10:33:27.848658571,billing,medium,in_app_chat,,resolved
3040,3408,2025-08-05 13:35:18.777269290,,kyc,medium,in_app_chat,,open
2870,3219,2025-08-05 15:45:16.389577981,2025-08-06 05:41:54.716367261,kyc,medium,in_app_chat,4.0,resolved
2374,2646,2025-08-05 19:39:27.044090265,2025-08-06 08:17:27.295855173,card,medium,in_app_chat,4.0,resolved
3399,3810,2025-08-05 19:59:10.697901648,,kyc,medium,phone,,closed_unresolved
7072,7872,2025-08-05 20:11:20.376450873,2025-08-07 13:05:20.787811983,account,low,email,3.0,resolved
2107,2324,2025-08-05 20:12:13.915321156,2025-08-06 09:27:51.788738324,fraud,high,phone,5.0,resolved
711,784,2025-08-05 22:50:02.274401532,2025-08-06 12:41:52.727197810,app,medium,phone,3.0,resolved
2722,3051,2025-08-05 22:59:02.188404286,,billing,medium,email,,open
4751,5288,2025-08-06 00:08:48.987034445,2025-08-07 03:06:35.551553714,fraud,high,in_app_chat,3.0,resolved
4347,4842,2025-08-06 00:56:12.599906323,2025-08-06 23:14:57.324847894,app,medium,in_app_chat,4.0,resolved
889,972,2025-08-06 01:38:26.006800217,,account,medium,in_app_chat,,closed_unresolved
4099,4568,2025-08-06 02:06:02.126187696,2025-08-06 03:14:07.407446648,fraud,urgent,in_app_chat,5.0,resolved
3738,4184,2025-08-06 03:15:59.908964958,2025-08-07 04:21:40.472677609,account,medium,in_app_chat,,resolved
274,300,2025-08-06 04:56:59.689594055,2025-08-06 13:20:31.919588071,kyc,medium,in_app_chat,,resolved
5201,5765,2025-08-06 05:54:53.321649206,2025-08-07 11:47:26.493553272,kyc,medium,email,4.0,resolved
5627,6279,2025-08-06 09:59:29.709840439,2025-08-07 18:45:13.596321213,card,medium,in_app_chat,,resolved
957,1044,2025-08-06 11:05:59.902922342,2025-08-07 01:17:09.295492350,account,medium,in_app_chat,4.0,resolved
66,70,2025-08-06 12:02:21.730426840,2025-08-06 21:00:31.671819324,kyc,high,in_app_chat,5.0,resolved
1085,1193,2025-08-06 12:42:28.139832918,2025-08-07 16:25:51.713377280,kyc,medium,in_app_chat,4.0,resolved
1824,2000,2025-08-06 15:16:04.707864019,2025-08-07 19:19:48.077343724,card,medium,phone,5.0,resolved
4039,4495,2025-08-06 17:18:08.437014731,2025-08-06 18:18:59.306329627,account,urgent,in_app_chat,4.0,resolved
2003,2209,2025-08-06 17:44:56.131558589,2025-08-06 23:47:58.288480506,billing,medium,phone,4.0,resolved
6934,7713,2025-08-06 19:51:33.420515411,2025-08-08 09:48:45.602006979,billing,low,in_app_chat,,resolved
3947,4407,2025-08-06 21:23:17.823129570,2025-08-07 05:00:12.868355733,billing,medium,in_app_chat,,resolved
5579,6221,2025-08-06 21:59:30.797796341,2025-08-08 12:58:20.153801835,app,medium,in_app_chat,,resolved
5481,6099,2025-08-06 22:27:48.178617880,2025-08-08 05:12:59.311434578,card,medium,email,,resolved
2552,2874,2025-08-06 23:29:42.523480896,2025-08-08 05:26:24.391001014,app,low,in_app_chat,,resolved
6201,6927,2025-08-07 01:11:59.036884226,2025-08-07 11:16:40.475041570,card,high,in_app_chat,,resolved
3859,4311,2025-08-07 03:05:18.560164666,2025-08-07 05:34:19.920377904,card,high,email,4.0,resolved
4442,4940,2025-08-07 04:37:42.432761804,2025-08-09 05:52:07.804455234,kyc,low,in_app_chat,3.0,resolved
7178,7980,2025-08-07 05:30:07.893519779,2025-08-07 15:46:12.358999815,kyc,high,in_app_chat,,resolved
1328,1443,2025-08-07 14:24:11.113756035,2025-08-08 01:17:32.284173225,billing,medium,in_app_chat,4.0,resolved
1294,1409,2025-08-07 16:41:34.085918086,2025-08-08 09:17:07.895390448,billing,medium,in_app_chat,,resolved
6938,7718,2025-08-07 16:53:09.577351921,,card,high,in_app_chat,,open
340,366,2025-08-07 17:55:00.049500618,2025-08-09 12:15:36.741887968,billing,low,in_app_chat,4.0,resolved
5797,6455,2025-08-07 18:17:57.709357981,2025-08-08 00:24:32.489826045,card,high,in_app_chat,4.0,resolved
1224,1347,2025-08-07 21:41:40.670827477,2025-08-08 13:16:14.729780176,card,low,in_app_chat,,resolved
4471,4964,2025-08-07 23:13:39.971703475,,fraud,high,in_app_chat,,closed_unresolved
313,332,2025-08-07 23:17:58.070725321,2025-08-08 04:37:49.453194640,card,high,in_app_chat,4.0,resolved
4174,4650,2025-08-08 00:57:36.328899078,2025-08-08 16:53:29.721668913,billing,medium,in_app_chat,3.0,resolved
5186,5754,2025-08-08 02:57:22.922704964,2025-08-09 04:14:22.222752138,card,low,in_app_chat,3.0,resolved
3240,3635,2025-08-08 04:03:40.377611825,2025-08-08 10:16:36.445886103,fraud,urgent,email,,resolved
5563,6198,2025-08-08 05:11:18.167340655,2025-08-09 03:04:51.348672514,app,medium,phone,3.0,resolved
2602,2933,2025-08-08 06:59:48.117195156,2025-08-08 22:09:35.454359115,card,high,in_app_chat,,resolved
723,794,2025-08-08 07:20:00.250622609,,account,low,in_app_chat,,closed_unresolved
4145,4628,2025-08-08 07:34:02.888603728,,fraud,urgent,email,,open
6124,6835,2025-08-08 08:43:40.182693775,2025-08-10 07:21:19.468874777,app,low,email,5.0,resolved
6738,7519,2025-08-08 09:57:15.254325731,2025-08-10 22:33:36.081171515,account,low,in_app_chat,3.0,resolved
6608,7394,2025-08-08 12:57:24.938072066,2025-08-09 02:13:10.459346932,card,medium,email,4.0,resolved
2543,2857,2025-08-08 13:47:06.324287660,2025-08-10 01:02:33.113350829,kyc,medium,in_app_chat,3.0,resolved
4639,5138,2025-08-08 15:36:52.411553089,,card,low,email,,closed_unresolved
303,323,2025-08-08 17:18:08.633957725,2025-08-09 19:16:11.902002701,account,medium,email,3.0,resolved
5467,6085,2025-08-08 17:18:55.187055524,2025-08-09 19:35:08.891662360,account,medium,in_app_chat,3.0,resolved
1549,1704,2025-08-08 17:45:57.372022886,2025-08-09 06:29:18.322991973,billing,medium,in_app_chat,,resolved
1495,1639,2025-08-08 17:47:47.001462457,2025-08-09 01:50:17.804800363,app,high,email,,resolved
4070,4528,2025-08-08 18:07:28.265620316,2025-08-09 01:15:28.603689093,card,medium,email,,resolved
1927,2133,2025-08-08 18:21:10.821842150,2025-08-09 03:51:10.368576132,fraud,high,in_app_chat,3.0,resolved
6150,6866,2025-08-08 18:43:34.670124937,2025-08-09 03:30:20.888947850,app,medium,in_app_chat,3.0,resolved
3704,4142,2025-08-08 19:52:39.507764439,2025-08-09 01:56:30.719863105,card,medium,in_app_chat,,resolved
239,262,2025-08-08 20:18:33.848182296,2025-08-09 15:33:21.408963811,billing,high,in_app_chat,,resolved
3786,4230,2025-08-08 22:41:57.575870393,2025-08-09 05:45:54.565563631,app,high,phone,,resolved
4658,5171,2025-08-09 03:15:22.028937917,2025-08-09 20:46:35.432486023,kyc,medium,in_app_chat,4.0,resolved
510,566,2025-08-09 08:04:09.577525232,,account,medium,phone,,open
2969,3338,2025-08-09 08:44:38.339138489,2025-08-09 18:11:21.467559871,billing,medium,email,4.0,resolved
2311,2570,2025-08-09 11:52:00.882173726,2025-08-10 05:06:25.022884298,app,high,email,5.0,resolved
341,367,2025-08-09 16:43:38.309852251,2025-08-13 02:01:23.780924659,card,low,in_app_chat,3.0,resolved
5531,6167,2025-08-09 16:51:10.994644992,2025-08-09 21:22:04.447084952,kyc,high,in_app_chat,,resolved
4631,5129,2025-08-09 18:22:20.667528589,2025-08-11 11:05:09.724588405,kyc,low,phone,4.0,resolved
625,700,2025-08-09 19:52:42.138332137,2025-08-12 03:45:32.655123791,billing,low,in_app_chat,4.0,resolved
3260,3655,2025-08-09 21:04:17.302949319,2025-08-10 09:24:12.894182850,card,medium,email,4.0,resolved
25,19,2025-08-09 21:37:55.843197271,2025-08-13 00:54:26.029511919,account,low,in_app_chat,4.0,resolved
492,545,2025-08-09 21:48:26.349551049,2025-08-13 07:26:27.661318191,app,low,phone,4.0,resolved
2508,2823,2025-08-09 22:47:11.481257955,2025-08-13 06:03:11.118555054,account,low,email,,resolved
1970,2174,2025-08-10 00:49:21.900677064,2025-08-10 09:03:11.004234362,account,medium,in_app_chat,,resolved
5226,5785,2025-08-10 01:26:33.927562703,2025-08-13 01:53:32.784330841,account,low,email,3.0,resolved
4829,5386,2025-08-10 03:57:48.912592199,2025-08-11 16:31:19.312135083,app,low,in_app_chat,,resolved
4490,4992,2025-08-10 04:26:41.043160363,2025-08-12 09:30:34.880319629,billing,low,phone,3.0,resolved
2404,2690,2025-08-10 05:08:23.522219649,2025-08-10 18:28:01.268220035,billing,medium,in_app_chat,3.0,resolved
6977,7762,2025-08-10 05:26:49.349965341,2025-08-11 07:34:49.023728415,billing,medium,in_app_chat,,resolved
5147,5714,2025-08-10 08:20:26.223625253,2025-08-10 12:51:29.841002324,fraud,high,phone,5.0,resolved
3782,4226,2025-08-10 09:29:14.149537367,2025-08-11 21:14:30.967601322,card,medium,in_app_chat,4.0,resolved
1704,1861,2025-08-10 10:35:07.225551144,2025-08-10 15:20:24.557797141,billing,high,email,,resolved
3127,3502,2025-08-10 12:29:13.900591233,2025-08-10 18:56:07.519593270,card,high,in_app_chat,5.0,resolved
1943,2153,2025-08-10 12:29:59.762723496,2025-08-10 14:37:19.836677089,billing,urgent,in_app_chat,4.0,resolved
3579,4014,2025-08-10 14:42:21.261809102,2025-08-12 11:46:55.898717760,app,medium,email,4.0,resolved
2856,3193,2025-08-10 15:10:46.192265967,,card,medium,in_app_chat,,open
1514,1660,2025-08-10 16:34:20.911852427,2025-08-10 22:30:54.189010627,kyc,medium,phone,3.0,resolved
1622,1788,2025-08-10 21:45:09.404199480,2025-08-11 03:40:54.974026636,card,high,email,,resolved
304,324,2025-08-10 23:44:02.377184976,2025-08-11 20:21:07.510097776,kyc,low,in_app_chat,,resolved
3936,4395,2025-08-11 01:28:14.217364632,2025-08-13 13:15:09.403205562,billing,low,in_app_chat,5.0,resolved
2402,2686,2025-08-11 04:29:17.850058468,2025-08-12 00:22:48.226479952,app,low,email,3.0,resolved
6005,6695,2025-08-11 07:13:08.041231675,,card,medium,in_app_chat,,closed_unresolved
6357,7121,2025-08-11 08:20:14.326313346,2025-08-11 23:11:35.856097808,kyc,medium,in_app_chat,4.0,resolved
4046,4506,2025-08-11 13:07:21.106726538,2025-08-11 16:21:24.666439764,card,high,in_app_chat,,resolved
3102,3469,2025-08-11 14:52:55.802990305,2025-08-12 03:32:41.744081356,kyc,medium,phone,,resolved
4313,4809,2025-08-11 17:01:44.472928990,2025-08-12 06:24:52.275624209,kyc,high,email,4.0,resolved
1907,2112,2025-08-11 19:58:53.474316648,,kyc,high,phone,,open
6500,7293,2025-08-11 22:02:50.498041649,2025-08-12 10:26:07.454755805,kyc,medium,in_app_chat,,resolved
3516,3941,2025-08-11 23:23:00.210375052,2025-08-13 06:29:17.970124901,app,low,in_app_chat,,resolved
1403,1537,2025-08-12 12:28:31.774787451,2025-08-12 23:59:09.170610112,kyc,medium,email,2.0,resolved
262,286,2025-08-12 12:55:01.404572620,2025-08-12 19:45:07.021956422,kyc,high,phone,,resolved
724,797,2025-08-12 18:31:39.674090193,,account,high,email,,closed_unresolved
4432,4929,2025-08-12 20:09:48.344903660,2025-08-13 16:27:24.702570326,app,medium,email,3.0,resolved
938,1023,2025-08-12 22:49:54.941193298,,card,medium,email,,closed_unresolved
5554,6188,2025-08-13 02:00:02.921778524,2025-08-13 16:12:12.535180072,app,low,phone,4.0,resolved
2580,2904,2025-08-13 02:00:42.621345587,,billing,medium,in_app_chat,,open
1617,1784,2025-08-13 02:00:43.262538390,2025-08-14 02:27:57.498917101,account,medium,in_app_chat,3.0,resolved
4651,5163,2025-08-13 03:41:28.590771387,2025-08-14 13:01:02.326231027,app,medium,in_app_chat,4.0,resolved
1375,1503,2025-08-13 05:04:38.187058520,2025-08-13 12:50:40.909052246,account,high,in_app_chat,5.0,resolved
4040,4497,2025-08-13 07:36:40.526194746,,kyc,medium,in_app_chat,,open
5545,6183,2025-08-13 10:20:28.405120551,2025-08-15 11:44:07.859865816,billing,low,email,3.0,resolved
6092,6799,2025-08-13 13:18:42.746832383,2025-08-14 06:56:28.235449314,billing,medium,phone,5.0,resolved
3428,3840,2025-08-13 13:56:50.302995031,2025-08-14 00:25:02.421882471,fraud,high,email,3.0,resolved
2719,3050,2025-08-13 16:51:37.417240540,2025-08-17 08:36:29.826105378,app,low,email,3.0,resolved
5357,5961,2025-08-13 18:45:56.115037154,2025-08-15 00:26:48.477477924,card,medium,email,,resolved
2328,2588,2025-08-13 19:44:59.079564507,,app,medium,email,,open
7085,7890,2025-08-13 22:18:04.880881059,2025-08-14 09:11:27.129596583,app,medium,in_app_chat,3.0,resolved
2135,2354,2025-08-14 01:40:44.659953517,2025-08-16 02:03:14.211188767,app,medium,in_app_chat,3.0,resolved
1295,1409,2025-08-14 02:29:45.060741873,2025-08-14 06:12:01.195649272,account,medium,in_app_chat,4.0,resolved
4555,5055,2025-08-14 03:08:17.779688468,2025-08-15 09:06:18.740416595,billing,medium,email,5.0,resolved
5193,5760,2025-08-14 04:04:44.483591487,2025-08-15 11:47:50.446081797,card,medium,in_app_chat,5.0,resolved
3278,3673,2025-08-14 04:42:41.225971668,,billing,low,phone,,closed_unresolved
6333,7089,2025-08-14 05:27:08.295844544,,app,medium,phone,,open
6600,7384,2025-08-14 06:52:09.391190197,,card,medium,in_app_chat,,open
5252,5816,2025-08-14 08:19:39.077464480,2025-08-16 05:53:30.002256460,billing,low,in_app_chat,5.0,resolved
6420,7197,2025-08-14 08:27:11.753233441,2025-08-14 18:36:48.706369102,card,medium,email,4.0,resolved
2795,3131,2025-08-14 10:28:21.789443559,2025-08-14 20:02:41.891671105,kyc,high,email,,resolved
1707,1863,2025-08-14 11:27:54.112694497,2025-08-16 18:07:56.284131017,app,high,in_app_chat,,resolved
6260,7005,2025-08-14 12:44:24.795025693,2025-08-14 21:58:44.417248216,kyc,medium,in_app_chat,3.0,resolved
2815,3157,2025-08-14 13:31:37.561873733,2025-08-15 00:33:24.970292601,app,high,email,3.0,resolved
6233,6971,2025-08-14 13:49:13.929168547,2025-08-14 23:58:08.884008040,billing,medium,in_app_chat,,resolved
541,595,2025-08-14 14:09:44.922097080,2025-08-15 06:33:34.360523024,app,high,phone,,resolved
5217,5781,2025-08-14 17:45:14.320855699,2025-08-22 14:56:30.962231030,billing,low,email,3.0,resolved
6399,7174,2025-08-14 19:39:56.817557447,2025-08-15 02:21:40.770775898,billing,high,phone,4.0,resolved
6760,7539,2025-08-14 20:02:53.366613953,2025-08-16 13:51:38.395377949,billing,low,phone,3.0,resolved
5996,6684,2025-08-14 22:15:24.192495682,2025-08-15 03:42:28.697835576,fraud,high,in_app_chat,4.0,resolved
4803,5353,2025-08-14 23:27:47.447392763,2025-08-15 05:47:05.800321273,kyc,high,email,3.0,resolved
2035,2242,2025-08-15 00:03:29.232596102,2025-08-17 18:43:11.380903010,card,medium,in_app_chat,4.0,resolved
6547,7341,2025-08-15 00:28:27.226902190,2025-08-15 16:20:02.812862068,billing,medium,email,4.0,resolved
3832,4276,2025-08-15 02:30:16.027598289,2025-08-16 10:13:18.732348745,card,low,in_app_chat,5.0,resolved
420,462,2025-08-15 10:24:25.647658868,2025-08-15 12:02:58.112774118,card,high,in_app_chat,4.0,resolved
3452,3865,2025-08-15 10:52:19.760860200,2025-08-17 07:48:55.709497893,billing,medium,in_app_chat,4.0,resolved
5271,5837,2025-08-15 13:44:45.809888098,,app,urgent,email,,closed_unresolved
4896,5461,2025-08-15 15:02:13.960626532,2025-08-16 00:23:34.625202557,billing,medium,email,3.0,resolved
2882,3236,2025-08-15 18:23:19.259082873,2025-08-16 09:33:35.399069538,app,high,phone,4.0,resolved
2828,3168,2025-08-15 23:08:15.499287049,2025-08-16 09:33:57.846034231,account,high,in_app_chat,5.0,resolved
5489,6111,2025-08-16 00:50:35.311544583,2025-08-16 15:45:08.586261736,billing,high,email,4.0,resolved
2605,2936,2025-08-16 01:28:13.165296576,2025-08-17 13:35:22.317769303,billing,low,email,,resolved
2494,2800,2025-08-16 04:41:28.693929491,2025-08-16 17:24:35.328708687,billing,medium,in_app_chat,5.0,resolved
802,884,2025-08-16 10:34:08.236791402,2025-08-16 14:00:55.020703620,kyc,high,phone,5.0,resolved
2762,3089,2025-08-16 12:53:00.588003748,2025-08-17 06:22:32.197084585,card,medium,phone,,resolved
2544,2860,2025-08-16 13:19:02.659388594,2025-08-17 04:34:29.919725146,kyc,medium,in_app_chat,5.0,resolved
2862,3203,2025-08-16 15:52:00.753138768,2025-08-17 05:46:53.619901701,card,low,phone,,resolved
1415,1548,2025-08-16 15:53:08.583474756,2025-08-21 06:34:39.268517655,card,low,email,,resolved
6490,7282,2025-08-16 18:47:27.516215739,2025-08-17 20:13:52.127114409,app,medium,in_app_chat,5.0,resolved
3155,3531,2025-08-16 19:29:44.408108221,2025-08-17 06:34:34.010718719,card,low,email,4.0,resolved
2,1,2025-08-17 02:18:07.981684329,2025-08-18 02:03:31.936388939,card,high,in_app_chat,4.0,resolved
5979,6661,2025-08-17 04:50:24.121454893,,card,medium,in_app_chat,,closed_unresolved
2190,2410,2025-08-17 05:31:44.987942763,2025-08-18 09:43:28.240203299,card,medium,email,5.0,resolved
2212,2439,2025-08-17 06:18:50.936555894,2025-08-17 16:13:33.792967293,billing,medium,email,5.0,resolved
1313,1430,2025-08-17 08:06:50.254796917,2025-08-18 16:42:37.239078964,billing,low,in_app_chat,5.0,resolved
1792,1966,2025-08-17 10:09:04.793618917,2025-08-18 21:21:22.493382527,app,medium,email,4.0,resolved
2892,3256,2025-08-17 10:42:46.541101898,2025-08-18 05:41:08.391307450,app,low,in_app_chat,3.0,resolved
106,115,2025-08-17 14:47:06.149445849,2025-08-18 08:54:40.882014589,card,low,in_app_chat,,resolved
5350,5949,2025-08-17 15:21:11.147547988,2025-08-18 07:59:37.903308118,account,low,in_app_chat,3.0,resolved
2982,3351,2025-08-17 16:28:50.692272818,2025-08-18 02:49:23.219819895,app,high,in_app_chat,5.0,resolved
2923,3293,2025-08-17 16:30:37.396542075,2025-08-18 08:55:02.871790050,app,medium,in_app_chat,4.0,resolved
2133,2351,2025-08-17 17:32:07.710826920,2025-08-18 20:14:29.369246006,kyc,medium,in_app_chat,4.0,resolved
4694,5211,2025-08-17 17:57:39.005096230,2025-08-17 22:00:56.230407352,card,high,in_app_chat,4.0,resolved
2867,3212,2025-08-17 18:31:39.914361664,2025-08-20 02:11:40.584073448,app,low,in_app_chat,4.0,resolved
2324,2584,2025-08-17 18:40:57.709100360,2025-08-21 02:54:15.971862680,card,low,email,3.0,resolved
2077,2284,2025-08-17 18:58:12.276975843,,app,low,phone,,open
2803,3140,2025-08-17 19:23:16.208062624,,fraud,high,in_app_chat,,open
3792,4236,2025-08-17 20:46:01.964677068,2025-08-17 23:09:12.454942333,card,high,in_app_chat,5.0,resolved
6279,7021,2025-08-17 23:46:07.099420817,2025-08-19 18:38:56.271305111,kyc,low,phone,4.0,resolved
688,763,2025-08-18 00:20:13.045560668,2025-08-18 03:39:24.325831982,kyc,high,email,,resolved
1408,1541,2025-08-18 02:14:05.293152562,2025-08-19 10:51:15.918638488,kyc,low,phone,3.0,resolved
3313,3708,2025-08-18 06:15:06.981789188,2025-08-19 03:20:27.625170615,account,medium,email,,resolved
5455,6073,2025-08-18 07:56:03.920999550,2025-08-21 15:08:32.507587784,app,low,in_app_chat,,resolved
2440,2727,2025-08-18 08:46:08.752140955,2025-08-22 09:45:34.449179990,card,low,phone,4.0,resolved
401,444,2025-08-18 09:01:06.985785025,2025-08-18 18:45:17.052967223,app,medium,in_app_chat,4.0,resolved
6287,7035,2025-08-18 11:45:01.208238816,2025-08-19 02:48:17.330245730,account,medium,in_app_chat,4.0,resolved
3053,3416,2025-08-18 12:43:51.844339594,2025-08-18 14:30:03.212707210,kyc,urgent,phone,5.0,resolved
913,999,2025-08-18 15:37:05.833064547,2025-08-19 08:02:19.760806752,kyc,high,phone,,resolved
2664,3003,2025-08-18 15:49:36.709950169,2025-08-19 06:10:31.062550382,kyc,medium,email,5.0,resolved
2307,2565,2025-08-18 16:03:54.851378852,2025-08-19 02:09:13.936098260,account,high,phone,,resolved
547,600,2025-08-18 19:50:34.435212100,2025-08-24 10:30:42.914261112,billing,low,in_app_chat,4.0,resolved
4526,5024,2025-08-18 21:17:16.702233017,2025-08-18 23:36:32.806122896,app,high,email,,resolved
249,274,2025-08-18 21:31:36.543903720,2025-08-19 06:21:16.244301792,kyc,high,in_app_chat,4.0,resolved
68,72,2025-08-19 02:07:15.689005452,,billing,high,in_app_chat,,closed_unresolved
2527,2840,2025-08-19 02:55:04.878078985,2025-08-22 15:54:37.385984699,billing,medium,in_app_chat,,resolved
4564,5061,2025-08-19 05:44:10.139318399,2025-08-19 09:04:40.661295691,card,high,in_app_chat,,resolved
4309,4808,2025-08-19 07:27:20.767075024,2025-08-19 09:17:52.023993140,card,high,in_app_chat,5.0,resolved
2385,2660,2025-08-19 07:54:47.526807415,2025-08-20 01:24:24.599674564,billing,medium,email,5.0,resolved
5601,6243,2025-08-19 08:27:07.685629096,2025-08-19 14:59:18.966888157,card,high,email,4.0,resolved
676,746,2025-08-19 08:54:17.949776253,,account,medium,in_app_chat,,closed_unresolved
6701,7483,2025-08-19 09:03:40.519668568,2025-08-19 20:08:05.258406595,card,medium,in_app_chat,5.0,resolved
6792,7574,2025-08-19 11:20:47.455475026,2025-08-21 02:02:19.169562283,account,low,in_app_chat,3.0,resolved
1048,1153,2025-08-19 13:02:14.269777702,2025-08-19 23:47:07.827557326,kyc,high,phone,,resolved
499,557,2025-08-19 13:11:57.921207973,2025-08-20 12:29:16.849927540,billing,medium,phone,4.0,resolved
383,429,2025-08-19 14:04:48.548913977,,account,medium,email,,open
5798,6457,2025-08-19 14:49:21.101308841,,kyc,medium,in_app_chat,,open
5213,5779,2025-08-19 16:00:58.972234872,2025-08-20 03:13:02.982859897,app,medium,phone,,resolved
5512,6145,2025-08-19 16:16:44.324645517,2025-08-20 02:32:18.696978701,card,medium,in_app_chat,,resolved
3666,4102,2025-08-19 17:06:00.530231356,2025-08-19 20:30:31.592927782,fraud,high,in_app_chat,,resolved
4189,4667,2025-08-19 17:08:15.945912237,2025-08-26 09:53:16.126984065,billing,low,in_app_chat,,resolved
4500,5000,2025-08-19 18:03:34.814448031,2025-08-21 06:18:50.699274809,app,low,phone,4.0,resolved
4699,5217,2025-08-19 19:04:32.558426250,,billing,medium,in_app_chat,,closed_unresolved
1812,1985,2025-08-19 23:13:12.042294260,2025-08-20 00:27:06.373293899,fraud,high,in_app_chat,4.0,resolved
655,729,2025-08-20 03:20:58.965910252,2025-08-20 13:09:58.166211372,billing,high,in_app_chat,,resolved
5688,6341,2025-08-20 03:47:45.949894869,2025-08-22 14:49:42.041074804,kyc,medium,email,4.0,resolved
1350,1469,2025-08-20 05:58:21.031528460,2025-08-20 14:12:36.848867830,card,high,in_app_chat,5.0,resolved
4271,4756,2025-08-20 06:46:02.173932289,2025-08-21 02:28:34.301191915,billing,low,in_app_chat,4.0,resolved
3686,4125,2025-08-20 08:32:30.055905908,2025-08-20 22:59:29.491574854,card,medium,email,,resolved
1308,1424,2025-08-20 11:15:10.914188166,2025-08-21 15:48:59.003304836,kyc,medium,email,,resolved
1525,1675,2025-08-20 14:31:54.957554999,2025-08-21 03:35:59.607421239,billing,medium,email,,resolved
4424,4920,2025-08-20 17:04:58.839944589,,billing,low,phone,,closed_unresolved
636,708,2025-08-21 01:50:12.856999251,,card,high,in_app_chat,,closed_unresolved
6573,7366,2025-08-21 02:45:13.197942495,2025-08-22 18:43:38.823488859,card,low,in_app_chat,3.0,resolved
6070,6777,2025-08-21 03:01:22.523949007,,billing,low,in_app_chat,,closed_unresolved
4675,5192,2025-08-21 03:05:27.649968354,2025-08-21 17:05:05.861479118,account,medium,phone,4.0,resolved
1106,1224,2025-08-21 03:15:53.401087393,2025-08-23 03:45:00.412990916,card,low,in_app_chat,3.0,resolved
5877,6550,2025-08-21 03:17:28.471872785,2025-08-22 05:18:42.656700599,account,low,email,3.0,resolved
1326,1442,2025-08-21 04:12:30.762778959,2025-08-21 19:21:03.605727353,kyc,high,phone,5.0,resolved
154,179,2025-08-21 04:40:44.344140591,2025-08-21 06:18:50.222083116,app,high,phone,,resolved
763,843,2025-08-21 04:53:58.593962155,2025-08-21 12:25:18.761606025,card,medium,email,5.0,resolved
3327,3729,2025-08-21 11:42:20.212191722,2025-08-21 21:27:54.707905222,app,medium,in_app_chat,,resolved
6146,6860,2025-08-21 12:10:17.187349958,2025-08-22 13:59:06.094081373,account,medium,in_app_chat,4.0,resolved
1592,1755,2025-08-21 12:20:56.725130693,2025-08-23 17:41:53.362319425,billing,low,in_app_chat,3.0,resolved
177,200,2025-08-21 15:27:58.239236321,2025-08-23 05:09:47.855097575,kyc,medium,in_app_chat,4.0,resolved
1969,2172,2025-08-21 17:25:21.935385217,2025-08-26 19:52:36.955643221,billing,low,in_app_chat,,resolved
4813,5362,2025-08-21 18:35:50.181853859,2025-08-21 22:23:28.139059057,fraud,high,in_app_chat,,resolved
1078,1188,2025-08-21 18:51:59.207306999,2025-08-22 08:38:13.891066455,account,medium,in_app_chat,3.0,resolved
324,345,2025-08-21 20:37:10.494957959,2025-08-23 07:58:02.010885101,card,low,phone,3.0,resolved
3609,4040,2025-08-22 00:55:30.991561161,2025-08-22 07:23:05.771265672,kyc,high,phone,4.0,resolved
5978,6660,2025-08-22 01:27:38.814013670,,fraud,high,in_app_chat,,open
4629,5125,2025-08-22 02:13:48.682022949,2025-08-23 10:26:51.248215057,app,medium,in_app_chat,4.0,resolved
6452,7239,2025-08-22 04:22:39.563083416,2025-08-23 21:34:03.028430190,app,low,in_app_chat,4.0,resolved
3272,3668,2025-08-22 04:25:25.525999309,2025-08-22 07:04:53.396036699,kyc,urgent,in_app_chat,4.0,resolved
6896,7678,2025-08-22 07:13:26.326722025,2025-08-23 14:39:59.268797661,billing,medium,email,3.0,resolved
6170,6896,2025-08-22 10:32:01.577734270,,card,medium,phone,,open
5177,5745,2025-08-22 10:47:20.610008862,2025-08-23 13:58:50.056736606,kyc,medium,email,,resolved
3085,3452,2025-08-22 11:59:51.487497680,2025-08-24 02:46:21.548927108,app,medium,email,,resolved
161,184,2025-08-22 14:11:43.054928756,2025-08-23 07:05:59.095483892,billing,medium,in_app_chat,,resolved
6424,7199,2025-08-22 14:21:08.512445393,,kyc,medium,phone,,open
4684,5203,2025-08-22 16:57:46.244521900,,account,low,in_app_chat,,open
1737,1897,2025-08-22 17:05:00.357682369,2025-08-23 11:39:45.242162927,billing,low,in_app_chat,3.0,resolved
5894,6570,2025-08-22 19:56:49.254791510,2025-08-23 01:09:38.015559791,account,high,email,4.0,resolved
5356,5955,2025-08-22 20:18:01.756000154,2025-08-23 02:41:44.905184637,kyc,high,phone,5.0,resolved
3948,4407,2025-08-22 20:31:45.798430837,2025-08-23 06:44:34.802360319,kyc,medium,email,5.0,resolved
7094,7896,2025-08-22 20:55:58.411039396,2025-08-23 04:00:58.283937758,app,medium,in_app_chat,4.0,resolved
389,434,2025-08-22 20:59:52.913208696,,card,high,in_app_chat,,open
4293,4783,2025-08-22 21:11:24.562400421,2025-08-23 18:59:02.788026238,kyc,medium,in_app_chat,4.0,resolved
4743,5285,2025-08-22 22:17:36.503452230,2025-08-23 09:30:24.175972519,kyc,high,in_app_chat,4.0,resolved
1833,2010,2025-08-22 22:48:22.083069312,2025-08-25 00:49:55.163826559,kyc,low,email,4.0,resolved
2303,2560,2025-08-22 23:03:11.659151079,,kyc,high,in_app_chat,,closed_unresolved
4820,5375,2025-08-23 01:14:19.461922195,2025-08-25 21:21:03.134618755,billing,medium,email,4.0,resolved
2919,3286,2025-08-23 03:31:15.779152280,2025-08-23 20:21:52.021996438,account,medium,in_app_chat,,resolved
2915,3280,2025-08-23 03:45:18.878399170,,billing,low,phone,,closed_unresolved
390,434,2025-08-23 05:35:08.253111013,,kyc,medium,in_app_chat,,open
3619,4046,2025-08-23 06:29:32.182709677,2025-08-23 22:21:40.953147848,billing,medium,in_app_chat,4.0,resolved
3641,4070,2025-08-23 09:03:32.357711715,,card,urgent,email,,open
306,324,2025-08-23 10:08:50.405732885,2025-08-23 13:53:52.117266222,kyc,high,in_app_chat,3.0,resolved
2157,2377,2025-08-23 11:38:55.838627638,2025-08-23 13:38:56.799083265,fraud,urgent,phone,,resolved
1732,1892,2025-08-23 14:06:47.720739798,2025-08-24 03:22:08.539707363,billing,medium,in_app_chat,4.0,resolved
6249,6985,2025-08-23 14:27:13.195023808,2025-08-24 02:32:34.513148994,fraud,medium,email,3.0,resolved
1032,1140,2025-08-23 17:21:56.874207985,,app,high,in_app_chat,,open
868,951,2025-08-23 17:56:13.642905943,2025-08-24 13:05:42.908976119,app,high,in_app_chat,4.0,resolved
5500,6130,2025-08-24 00:10:04.607394113,,fraud,high,in_app_chat,,open
6791,7574,2025-08-24 03:07:28.414327719,2025-08-24 11:48:05.133145933,billing,high,email,4.0,resolved
6570,7363,2025-08-24 05:55:52.529420239,2025-08-24 12:59:45.974746246,kyc,medium,email,4.0,resolved
1387,1519,2025-08-24 06:08:33.448967292,2025-08-24 10:49:12.093846379,fraud,urgent,in_app_chat,,resolved
5037,5601,2025-08-24 06:29:41.814975203,2025-08-24 12:01:49.655102293,account,high,in_app_chat,4.0,resolved
4090,4556,2025-08-24 14:43:43.838311056,2025-08-24 15:58:05.278171351,kyc,urgent,email,5.0,resolved
1352,1471,2025-08-24 19:13:41.652612629,2025-08-25 15:10:56.218283894,app,medium,in_app_chat,4.0,resolved
3659,4093,2025-08-24 21:21:06.412725388,2025-08-25 11:12:39.862150526,billing,medium,email,,resolved
417,458,2025-08-24 22:14:36.829803376,2025-08-25 04:33:14.410897380,kyc,medium,phone,,resolved
2062,2269,2025-08-24 23:50:27.851315680,2025-08-27 21:32:00.278015269,kyc,medium,email,,resolved
3065,3427,2025-08-24 23:52:02.378185380,2025-08-26 03:39:40.101793490,billing,low,in_app_chat,4.0,resolved
2218,2446,2025-08-25 00:35:38.566793955,2025-08-25 08:48:59.354456065,card,high,in_app_chat,,resolved
1426,1561,2025-08-25 01:16:37.236106237,2025-08-25 23:03:44.898933050,app,medium,phone,4.0,resolved
4504,5004,2025-08-25 03:49:24.255282766,2025-08-28 02:46:06.954122851,app,low,email,4.0,resolved
6929,7710,2025-08-25 07:41:56.794245129,2025-08-26 12:45:21.716409505,billing,medium,in_app_chat,3.0,resolved
5850,6515,2025-08-25 07:51:32.257207261,2025-08-27 01:52:27.968451086,kyc,medium,in_app_chat,4.0,resolved
7082,7887,2025-08-25 12:26:01.528501470,2025-08-26 23:57:46.204047612,app,low,in_app_chat,4.0,resolved
578,644,2025-08-25 13:02:36.358407839,2025-08-25 14:25:16.394957037,fraud,urgent,email,,resolved
2150,2373,2025-08-25 13:03:20.477777158,2025-08-27 03:48:15.735493990,card,medium,in_app_chat,4.0,resolved
2506,2821,2025-08-25 14:21:59.761701256,,billing,medium,in_app_chat,,closed_unresolved
5772,6433,2025-08-25 16:56:12.761646832,2025-08-26 13:12:18.945285203,app,medium,email,,resolved
6099,6806,2025-08-25 17:21:15.262458431,,account,medium,in_app_chat,,open
3226,3613,2025-08-25 19:46:00.609110114,2025-08-26 03:05:41.079108172,kyc,high,in_app_chat,5.0,resolved
2592,2919,2025-08-25 21:29:02.914695386,2025-08-29 09:33:15.751982846,app,medium,in_app_chat,2.0,resolved
3541,3966,2025-08-26 03:11:00.579493656,2025-08-29 09:09:33.109341013,billing,low,in_app_chat,5.0,resolved
6404,7179,2025-08-26 03:15:01.144936523,2025-08-26 05:28:41.767786823,billing,high,in_app_chat,5.0,resolved
4635,5133,2025-08-26 03:18:10.958058665,2025-08-26 14:37:07.761782160,card,medium,email,3.0,resolved
3114,3477,2025-08-26 04:37:48.428955145,2025-08-26 13:53:14.650272049,account,medium,in_app_chat,,resolved
6209,6937,2025-08-26 16:15:56.050715142,2025-08-26 19:18:50.675676908,account,medium,email,,resolved
5402,6011,2025-08-26 18:54:30.365225697,2025-08-26 20:36:50.156330179,fraud,urgent,email,5.0,resolved
6550,7342,2025-08-26 20:27:53.345788882,2025-08-28 11:25:50.588955618,billing,low,in_app_chat,4.0,resolved
6852,7638,2025-08-26 22:47:17.999807778,2025-08-27 05:11:10.350873651,kyc,medium,email,,resolved
5896,6574,2025-08-27 01:52:33.059626884,2025-08-28 10:15:30.296492516,kyc,medium,in_app_chat,4.0,resolved
5539,6176,2025-08-27 04:01:34.885873436,,kyc,low,email,,closed_unresolved
2632,2968,2025-08-27 05:11:40.388103435,2025-08-27 10:24:13.642540157,kyc,high,phone,,resolved
7156,7957,2025-08-27 06:13:23.683244877,,kyc,high,in_app_chat,,closed_unresolved
5767,6431,2025-08-27 10:48:39.154503081,2025-08-29 20:01:00.278328593,billing,low,phone,,resolved
5043,5607,2025-08-27 12:06:41.002748072,2025-08-29 08:40:00.554155252,app,low,email,4.0,resolved
5125,5691,2025-08-27 12:21:02.872999434,2025-08-27 23:11:56.266999333,kyc,medium,in_app_chat,,resolved
2826,3166,2025-08-27 14:35:26.655376148,2025-08-27 15:35:53.086693216,app,urgent,in_app_chat,5.0,resolved
3414,3829,2025-08-28 00:01:25.150998178,,billing,low,in_app_chat,,open
3805,4247,2025-08-28 01:26:12.727455417,,billing,medium,email,,open
2948,3322,2025-08-28 04:23:37.411658102,2025-08-28 18:04:32.421204530,billing,medium,email,4.0,resolved
1480,1620,2025-08-28 04:40:14.642586393,2025-08-29 16:39:31.773597699,app,low,in_app_chat,3.0,resolved
3719,4160,2025-08-28 06:31:46.132064708,2025-08-28 20:51:42.827499412,app,medium,email,4.0,resolved
5749,6403,2025-08-28 06:43:37.817407274,2025-08-29 13:59:17.549106146,app,medium,email,3.0,resolved
7019,7804,2025-08-28 07:39:49.765571242,,app,medium,in_app_chat,,closed_unresolved
1542,1699,2025-08-28 08:19:42.274884547,2025-08-28 21:19:06.199578332,billing,medium,email,3.0,resolved
3091,3456,2025-08-28 08:46:36.100427329,2025-08-29 14:14:14.264969683,billing,low,in_app_chat,,resolved
2698,3034,2025-08-28 08:57:04.455528105,,fraud,urgent,email,,open
1742,1903,2025-08-28 09:27:35.025696457,2025-08-29 17:53:51.443499379,billing,medium,email,,resolved
2905,3270,2025-08-28 12:20:14.429251440,2025-08-28 18:47:15.709838533,fraud,high,in_app_chat,,resolved
7081,7887,2025-08-28 13:46:41.093542390,2025-08-28 17:26:57.975662647,card,high,in_app_chat,3.0,resolved
374,415,2025-08-28 15:20:03.285762236,2025-08-30 17:19:51.424249661,account,low,phone,4.0,resolved
382,427,2025-08-28 17:10:15.464784256,2025-08-28 23:25:33.737390555,billing,high,in_app_chat,,resolved
3423,3834,2025-08-28 18:37:41.021787048,2025-08-29 03:19:33.801835743,account,medium,email,5.0,resolved
1075,1186,2025-08-28 20:46:22.194037015,2025-08-28 22:31:06.645259187,fraud,urgent,email,4.0,resolved
5874,6544,2025-08-29 00:38:24.384377584,2025-08-29 13:21:38.701540858,card,medium,email,5.0,resolved
4071,4529,2025-08-29 03:24:26.995558896,2025-08-29 21:46:45.655405424,account,medium,email,,resolved
2918,3283,2025-08-29 05:23:07.723126728,,kyc,low,email,,open
4254,4744,2025-08-29 06:56:45.943746869,2025-08-30 04:14:16.650403776,card,medium,email,3.0,resolved
6410,7184,2025-08-29 08:22:21.875579304,2025-08-29 17:06:59.889621709,card,high,phone,4.0,resolved
689,763,2025-08-29 09:10:11.239573431,2025-09-03 02:24:04.822246092,account,low,email,,resolved
6626,7409,2025-08-29 10:44:04.778116748,2025-09-01 04:53:45.202541361,card,medium,in_app_chat,4.0,resolved
4195,4676,2025-08-29 11:30:56.178463786,2025-08-29 19:32:16.185057307,kyc,high,in_app_chat,,resolved
3249,3649,2025-08-29 11:50:43.347050315,2025-09-02 02:18:20.350867647,app,low,email,,resolved
854,934,2025-08-29 15:30:40.794711010,2025-08-30 07:24:37.837276414,fraud,high,phone,4.0,resolved
3307,3702,2025-08-29 16:24:17.174333514,2025-08-30 04:09:43.713167365,card,medium,in_app_chat,,resolved
2950,3325,2025-08-29 17:06:29.087557539,2025-09-02 07:37:27.086681579,card,low,in_app_chat,3.0,resolved
4822,5376,2025-08-29 17:19:43.954702576,2025-08-30 02:29:38.208535699,card,medium,in_app_chat,,resolved
5393,6003,2025-08-29 19:22:47.757870894,2025-08-30 12:47:10.517796434,card,low,phone,,resolved
3367,3778,2025-08-29 20:49:40.428801534,2025-08-29 21:13:06.972565836,fraud,urgent,in_app_chat,4.0,resolved
1485,1624,2025-08-29 20:54:32.457646154,2025-09-03 20:48:10.811520437,account,low,in_app_chat,5.0,resolved
97,103,2025-08-29 22:18:20.446776322,2025-08-30 10:07:50.535168958,card,medium,in_app_chat,3.0,resolved
968,1060,2025-08-29 22:37:19.194801732,2025-08-30 20:44:42.290042379,account,medium,in_app_chat,,resolved
2139,2359,2025-08-29 23:35:43.688836167,2025-08-30 21:29:54.205110576,account,medium,in_app_chat,4.0,resolved
1699,1858,2025-08-30 01:28:52.069693146,2025-08-30 17:51:04.988704296,app,low,in_app_chat,,resolved
1573,1731,2025-08-30 03:49:16.275022780,2025-08-30 10:31:55.861854833,card,high,phone,,resolved
2683,3023,2025-08-30 05:02:35.473970932,2025-09-02 19:51:54.069850486,card,low,in_app_chat,3.0,resolved
7062,7858,2025-08-30 07:32:56.862964224,,fraud,high,in_app_chat,,open
2022,2232,2025-08-30 07:41:34.013377726,2025-08-31 01:10:00.670553068,app,medium,in_app_chat,3.0,resolved
4331,4828,2025-08-30 09:13:29.434336711,2025-08-30 14:41:30.451220518,fraud,high,in_app_chat,3.0,resolved
758,837,2025-08-30 11:15:54.821660760,2025-08-30 21:04:25.225041651,app,medium,phone,,resolved
2769,3097,2025-08-30 11:21:51.282603129,2025-08-30 16:34:41.724828907,fraud,high,email,5.0,resolved
4020,4478,2025-08-30 13:49:34.619942026,2025-08-31 04:22:36.447171205,app,medium,in_app_chat,2.0,resolved
728,804,2025-08-30 17:43:12.252562852,2025-08-30 20:21:18.257320921,kyc,urgent,in_app_chat,4.0,resolved
1840,2018,2025-08-30 23:01:37.096837282,2025-08-31 03:30:07.203094709,fraud,high,in_app_chat,4.0,resolved
3077,3440,2025-08-31 05:31:44.480715553,2025-09-01 03:29:18.180146187,card,low,email,3.0,resolved
5142,5710,2025-08-31 08:44:14.447693028,2025-08-31 15:06:54.390864210,billing,medium,in_app_chat,,resolved
2305,2563,2025-08-31 08:45:42.742578507,2025-08-31 18:38:39.759222005,app,medium,in_app_chat,4.0,resolved
4633,5131,2025-08-31 09:13:40.904757088,2025-08-31 10:04:12.571045878,fraud,urgent,email,,resolved
803,885,2025-08-31 09:27:19.311338321,2025-08-31 16:24:52.333076796,kyc,high,in_app_chat,4.0,resolved
1526,1675,2025-08-31 14:10:42.970838776,2025-09-01 07:40:12.618726701,app,high,in_app_chat,5.0,resolved
5067,5629,2025-08-31 15:38:56.989907649,2025-09-01 02:27:05.230797515,card,high,in_app_chat,4.0,resolved
5697,6348,2025-08-31 20:24:08.856274216,2025-09-02 10:35:49.827897766,kyc,low,phone,,resolved
2464,2766,2025-08-31 22:42:54.891926006,2025-09-01 23:50:55.313266707,app,low,in_app_chat,3.0,resolved
6509,7305,2025-09-01 01:24:15.718470575,2025-09-01 10:45:43.319418560,card,medium,in_app_chat,4.0,resolved
5277,5844,2025-09-01 02:03:20.893742279,,kyc,medium,in_app_chat,,closed_unresolved
3781,4226,2025-09-01 02:23:27.886056999,,fraud,high,in_app_chat,,closed_unresolved
506,564,2025-09-01 04:02:42.701631869,2025-09-01 09:13:22.156397239,account,high,in_app_chat,5.0,resolved
192,213,2025-09-01 04:40:28.969277525,,app,low,in_app_chat,,open
4750,5287,2025-09-01 04:58:47.727432364,2025-09-01 10:36:07.950424736,card,medium,phone,4.0,resolved
3994,4452,2025-09-01 06:46:44.784099742,2025-09-01 16:40:15.329269865,fraud,high,in_app_chat,,resolved
2505,2821,2025-09-01 08:18:07.219241723,,card,medium,in_app_chat,,open
6025,6721,2025-09-01 09:38:57.663364398,2025-09-03 01:01:40.821061080,kyc,medium,in_app_chat,5.0,resolved
749,828,2025-09-01 10:14:26.960118201,2025-09-03 15:37:01.494579082,app,medium,in_app_chat,3.0,resolved
3798,4243,2025-09-01 11:00:08.540016327,2025-09-02 01:18:47.498327631,kyc,high,email,5.0,resolved
6772,7549,2025-09-01 12:55:49.994705956,2025-09-01 14:37:31.725635890,billing,high,in_app_chat,,resolved
6754,7529,2025-09-01 14:30:04.703478022,2025-09-01 19:36:05.479542301,card,high,in_app_chat,5.0,resolved
4200,4681,2025-09-01 15:30:49.831931917,,billing,medium,email,,closed_unresolved
2620,2957,2025-09-01 17:19:19.525300838,2025-09-01 20:22:28.984303134,card,high,in_app_chat,3.0,resolved
3740,4187,2025-09-01 19:52:58.155015288,2025-09-02 21:14:28.127926802,app,medium,phone,4.0,resolved
1091,1200,2025-09-01 20:41:29.162899743,2025-09-03 05:18:39.109499080,card,low,in_app_chat,5.0,resolved
5018,5584,2025-09-01 21:23:29.824252745,2025-09-04 16:55:02.524217547,app,low,in_app_chat,4.0,resolved
4185,4661,2025-09-02 02:17:03.121450759,2025-09-02 12:26:08.373477363,kyc,medium,in_app_chat,,resolved
308,329,2025-09-02 02:47:07.581172162,2025-09-04 18:26:13.244322827,app,low,in_app_chat,4.0,resolved
3353,3761,2025-09-02 04:15:59.093701292,2025-09-04 03:07:21.453288476,account,medium,in_app_chat,,resolved
5027,5592,2025-09-02 05:25:01.564006480,2025-09-02 08:48:30.776129215,fraud,urgent,in_app_chat,,resolved
5259,5824,2025-09-02 06:38:37.295785973,2025-09-03 07:25:36.401560793,account,medium,in_app_chat,4.0,resolved
6155,6881,2025-09-02 07:49:29.320175038,2025-09-02 11:57:07.599618391,kyc,medium,email,3.0,resolved
6306,7062,2025-09-02 08:56:35.381359178,2025-09-02 20:40:45.647755232,account,medium,in_app_chat,4.0,resolved
402,445,2025-09-02 10:35:26.544360577,2025-09-03 05:32:18.860731583,card,medium,in_app_chat,4.0,resolved
1988,2191,2025-09-02 15:53:36.894960237,2025-09-04 08:32:52.660246341,account,low,in_app_chat,,resolved
4687,5206,2025-09-02 16:36:16.771096451,2025-09-03 10:07:35.028002751,app,high,in_app_chat,,resolved
6720,7498,2025-09-02 18:02:24.443105703,,billing,medium,email,,open
361,403,2025-09-02 19:32:42.048176985,,billing,low,phone,,open
6096,6805,2025-09-02 19:54:15.580588250,2025-09-03 23:16:39.525660744,account,medium,email,,resolved
477,533,2025-09-02 20:46:06.671593159,2025-09-03 07:50:28.827562281,card,medium,email,,resolved
3347,3749,2025-09-02 21:47:44.560971729,2025-09-03 03:57:09.395721622,kyc,high,email,5.0,resolved
546,600,2025-09-02 22:03:02.884287484,2025-09-03 16:55:43.455572856,billing,medium,in_app_chat,4.0,resolved
4105,4574,2025-09-02 22:57:22.752595267,2025-09-03 05:51:10.888794107,billing,medium,in_app_chat,4.0,resolved
2082,2290,2025-09-02 23:12:27.096756148,2025-09-04 19:26:13.346705899,card,low,email,3.0,resolved
5139,5707,2025-09-02 23:14:15.579209342,2025-09-03 08:51:01.696739439,fraud,high,in_app_chat,5.0,resolved
600,670,2025-09-03 00:23:46.672848551,2025-09-03 20:02:24.485421222,kyc,low,phone,4.0,resolved
5122,5687,2025-09-03 02:29:15.144887855,2025-09-03 11:52:24.247076867,kyc,medium,phone,4.0,resolved
565,628,2025-09-03 02:53:27.677542666,2025-09-03 11:21:22.331930956,kyc,high,in_app_chat,4.0,resolved
3217,3603,2025-09-03 03:59:14.896434079,,card,high,in_app_chat,,closed_unresolved
2720,3050,2025-09-03 06:57:01.327613964,2025-09-03 12:47:12.582259665,kyc,high,email,4.0,resolved
3885,4338,2025-09-03 07:59:12.183051958,2025-09-03 13:28:20.869944775,card,medium,in_app_chat,3.0,resolved
5366,5971,2025-09-03 11:43:46.711072116,2025-09-08 15:18:09.730133739,card,low,in_app_chat,,resolved
4851,5419,2025-09-03 13:27:38.673626751,2025-09-05 23:21:03.828582120,kyc,medium,in_app_chat,5.0,resolved
4688,5206,2025-09-03 14:08:45.889558526,,billing,low,in_app_chat,,open
6131,6845,2025-09-03 14:19:21.061011650,2025-09-04 07:07:17.105212335,billing,medium,in_app_chat,,resolved
642,714,2025-09-03 15:16:33.514224058,2025-09-03 23:04:35.551875750,card,medium,phone,,resolved
6644,7426,2025-09-03 15:33:37.667576710,2025-09-06 06:00:18.100301993,account,low,email,,resolved
4630,5126,2025-09-03 15:56:51.972651242,2025-09-04 10:37:33.930269733,billing,high,in_app_chat,,resolved
5020,5587,2025-09-03 16:09:46.631565659,2025-09-04 09:21:11.863992107,app,medium,email,3.0,resolved
2966,3335,2025-09-03 19:17:44.511212955,2025-09-04 08:14:34.319747782,kyc,medium,phone,,resolved
4301,4798,2025-09-03 22:33:05.303017915,2025-09-04 12:29:52.746666316,billing,medium,email,,resolved
81,86,2025-09-04 01:24:08.878316218,2025-09-04 21:37:43.128625045,card,medium,in_app_chat,,resolved
4294,4783,2025-09-04 01:37:16.101981834,2025-09-06 00:12:01.959759228,kyc,low,in_app_chat,2.0,resolved
4547,5046,2025-09-04 04:37:52.922057200,2025-09-04 20:27:09.397065096,kyc,medium,phone,3.0,resolved
1493,1636,2025-09-04 05:45:29.027998863,2025-09-05 07:51:56.303460423,card,medium,in_app_chat,4.0,resolved
1966,2170,2025-09-04 11:53:12.639233659,2025-09-05 14:18:57.277625237,card,low,in_app_chat,,resolved
410,452,2025-09-04 13:53:24.701892025,2025-09-05 19:02:06.500285357,account,medium,in_app_chat,,resolved
3806,4247,2025-09-04 14:33:56.054049192,2025-09-05 07:17:20.956039652,kyc,medium,email,3.0,resolved
6262,7007,2025-09-04 18:25:57.663419874,2025-09-05 00:25:40.533645519,fraud,high,in_app_chat,,resolved
2531,2844,2025-09-04 19:36:21.971536807,2025-09-05 17:33:12.018628633,card,low,in_app_chat,4.0,resolved
1947,2157,2025-09-04 20:27:16.127199659,2025-09-05 00:45:16.260440821,card,urgent,in_app_chat,,resolved
234,257,2025-09-04 21:39:48.063963545,2025-09-08 10:31:17.754206036,account,low,in_app_chat,3.0,resolved
1218,1340,2025-09-05 01:16:16.878701498,2025-09-08 05:28:11.242171821,kyc,low,in_app_chat,3.0,resolved
1316,1435,2025-09-05 01:51:37.809551413,2025-09-05 16:50:39.092417938,billing,medium,in_app_chat,5.0,resolved
4734,5267,2025-09-05 02:45:50.193380943,,account,medium,phone,,closed_unresolved
1456,1591,2025-09-05 03:11:28.685053489,2025-09-05 04:45:57.740337691,fraud,urgent,email,,resolved
1251,1370,2025-09-05 05:03:55.823730010,2025-09-05 06:00:34.477200836,fraud,urgent,email,4.0,resolved
747,826,2025-09-05 05:04:47.387272621,2025-09-05 18:37:45.553259489,fraud,high,in_app_chat,,resolved
2432,2716,2025-09-05 06:57:56.530785960,2025-09-07 03:20:32.066287832,billing,low,in_app_chat,3.0,resolved
2608,2939,2025-09-05 09:11:18.313234281,2025-09-05 19:20:39.890124487,fraud,high,in_app_chat,5.0,resolved
3420,3832,2025-09-05 09:11:31.722036532,2025-09-07 02:32:15.831347783,card,low,email,3.0,resolved
1567,1725,2025-09-05 11:28:57.064748998,2025-09-07 02:23:31.769523253,billing,medium,in_app_chat,,resolved
2778,3113,2025-09-05 15:30:38.175769321,,fraud,high,in_app_chat,,open
738,820,2025-09-05 17:04:18.396148653,2025-09-06 18:45:24.086934115,kyc,medium,in_app_chat,5.0,resolved
2712,3043,2025-09-05 18:13:48.779876334,2025-09-06 00:10:26.554686052,app,high,in_app_chat,5.0,resolved
1140,1263,2025-09-05 19:21:30.454953557,2025-09-06 21:38:39.678057684,account,low,email,3.0,resolved
6721,7499,2025-09-05 20:37:59.768519563,2025-09-08 02:41:23.046449481,card,low,in_app_chat,3.0,resolved
2775,3108,2025-09-05 21:43:50.802989234,2025-09-05 23:00:08.056256348,billing,urgent,in_app_chat,5.0,resolved
947,1033,2025-09-06 00:13:25.901708810,2025-09-06 10:42:35.293216480,kyc,high,email,3.0,resolved
2260,2503,2025-09-06 00:32:56.419009995,2025-09-06 02:52:05.945424593,card,high,in_app_chat,,resolved
3008,3374,2025-09-06 07:20:04.972701848,2025-09-06 13:44:49.713559401,billing,high,email,,resolved
2684,3023,2025-09-06 07:45:19.929619143,2025-09-07 03:12:50.684231716,card,medium,email,4.0,resolved
4263,4752,2025-09-06 08:32:39.924518349,2025-09-06 12:18:30.442456710,app,high,phone,5.0,resolved
7055,7845,2025-09-06 10:47:35.573542782,,billing,medium,in_app_chat,,open
2275,2522,2025-09-06 11:47:09.834902105,,card,medium,in_app_chat,,open
5255,5819,2025-09-06 13:24:07.387624808,2025-09-07 21:13:55.007892102,card,medium,in_app_chat,4.0,resolved
5132,5698,2025-09-06 14:18:56.965239918,2025-09-07 10:11:28.557875731,card,low,email,3.0,resolved
5171,5741,2025-09-06 14:39:14.229343373,2025-09-07 20:42:54.912102675,app,low,email,4.0,resolved
6214,6940,2025-09-06 15:03:52.384578108,2025-09-06 20:23:32.396902971,card,high,email,5.0,resolved
2611,2944,2025-09-06 15:31:46.831524185,2025-09-06 23:04:25.987505436,kyc,high,in_app_chat,3.0,resolved
32,28,2025-09-06 15:47:54.818137861,2025-09-09 15:22:04.133101491,billing,low,email,,resolved
3848,4296,2025-09-06 16:03:40.235820552,,card,low,in_app_chat,,closed_unresolved
1139,1263,2025-09-06 16:05:23.538309377,2025-09-06 22:05:00.011087749,billing,high,email,,resolved
5839,6505,2025-09-06 16:37:02.686756114,2025-09-07 08:36:46.046521081,app,low,email,,resolved
4716,5238,2025-09-06 17:34:37.033456854,2025-09-06 19:45:31.035967110,kyc,high,in_app_chat,4.0,resolved
6390,7164,2025-09-06 20:15:56.203688401,2025-09-07 08:08:57.092302435,kyc,medium,in_app_chat,,resolved
6918,7702,2025-09-06 20:45:40.173833828,2025-09-11 12:50:15.312304077,billing,low,email,4.0,resolved
884,967,2025-09-06 23:01:33.659316531,2025-09-07 03:59:54.415019281,app,high,in_app_chat,,resolved
961,1048,2025-09-06 23:21:31.927857292,2025-09-09 16:58:35.124156382,billing,low,in_app_chat,,resolved
1799,1974,2025-09-07 01:45:43.745653068,,billing,low,phone,,open
3807,4247,2025-09-07 02:01:54.855278768,2025-09-07 17:32:20.625343934,kyc,high,in_app_chat,4.0,resolved
3707,4145,2025-09-07 03:44:54.763295403,2025-09-07 07:31:00.698226550,account,high,in_app_chat,,resolved
5385,5991,2025-09-07 04:16:54.187921202,2025-09-07 16:45:01.983271318,account,high,in_app_chat,4.0,resolved
4212,4696,2025-09-07 04:57:01.324701760,2025-09-08 03:04:50.761897334,account,low,phone,4.0,resolved
2399,2682,2025-09-07 07:36:50.115145334,2025-09-07 13:16:57.654901732,billing,medium,in_app_chat,3.0,resolved
5897,6577,2025-09-07 11:22:21.040733792,2025-09-08 00:22:36.442769708,fraud,high,in_app_chat,4.0,resolved
4483,4981,2025-09-07 12:15:01.719621855,2025-09-08 10:40:45.967043073,app,medium,in_app_chat,5.0,resolved
5389,5998,2025-09-07 12:28:48.034855367,2025-09-09 06:19:20.769837327,card,medium,phone,,resolved
3901,4357,2025-09-07 12:32:59.148026312,,app,low,phone,,closed_unresolved
6765,7542,2025-09-07 12:37:38.253277784,,fraud,high,email,,closed_unresolved
3301,3698,2025-09-07 14:25:28.675396721,,billing,medium,in_app_chat,,open
4492,4992,2025-09-07 14:36:46.063704617,2025-09-09 02:50:15.242889392,account,low,in_app_chat,3.0,resolved
2790,3126,2025-09-07 18:02:10.296580447,2025-09-08 04:08:07.929935615,kyc,medium,in_app_chat,,resolved
6842,7622,2025-09-07 19:04:14.998925153,2025-09-08 14:55:32.673895254,kyc,medium,in_app_chat,3.0,resolved
2483,2790,2025-09-07 20:46:00.124471781,2025-09-10 20:40:43.379141647,billing,low,email,3.0,resolved
5439,6058,2025-09-07 23:24:37.503720869,2025-09-08 02:53:28.912024472,kyc,high,in_app_chat,3.0,resolved
136,160,2025-09-07 23:32:08.879597943,2025-09-08 07:42:53.575210258,card,high,email,5.0,resolved
1470,1605,2025-09-08 04:21:05.472231834,2025-09-08 10:39:01.650318034,account,high,phone,5.0,resolved
2047,2255,2025-09-08 05:06:08.300169740,,card,medium,email,,closed_unresolved
2701,3035,2025-09-08 05:15:52.801250345,2025-09-08 22:20:03.444869201,card,medium,phone,5.0,resolved
2497,2805,2025-09-08 05:43:33.575477681,2025-09-09 04:19:23.471621276,app,low,phone,4.0,resolved
5638,6283,2025-09-08 10:59:27.855870840,2025-09-09 04:57:07.182733389,kyc,medium,email,5.0,resolved
996,1092,2025-09-08 11:35:15.418469328,2025-09-11 05:58:28.748396280,account,low,in_app_chat,4.0,resolved
6335,7091,2025-09-08 12:50:49.946035214,2025-09-08 23:57:42.078205702,card,medium,in_app_chat,3.0,resolved
4238,4724,2025-09-08 13:58:40.581239462,2025-09-08 20:37:01.420768350,card,high,phone,4.0,resolved
1002,1100,2025-09-08 15:25:36.150790586,2025-09-10 07:13:28.684984442,account,medium,in_app_chat,3.0,resolved
897,975,2025-09-08 15:47:51.735845431,2025-09-10 04:27:48.749675283,billing,low,email,4.0,resolved
4234,4720,2025-09-08 15:51:16.096144481,2025-09-10 07:11:49.693696064,app,low,email,2.0,resolved
934,1020,2025-09-08 18:57:23.918027558,2025-09-09 10:28:24.093958072,kyc,medium,phone,4.0,resolved
1543,1699,2025-09-08 20:39:48.629478317,2025-09-09 10:40:14.681406041,billing,low,in_app_chat,3.0,resolved
3264,3658,2025-09-08 21:21:11.491020509,2025-09-09 04:37:16.089709013,card,high,in_app_chat,3.0,resolved
1436,1570,2025-09-08 22:03:14.066561373,2025-09-10 14:01:43.848469801,billing,medium,in_app_chat,4.0,resolved
7169,7972,2025-09-08 23:31:11.732739674,2025-09-09 13:03:05.534018123,fraud,medium,in_app_chat,5.0,resolved
6468,7259,2025-09-08 23:32:13.222983624,2025-09-09 18:38:52.161079758,card,medium,in_app_chat,,resolved
6359,7126,2025-09-09 00:05:21.065699901,2025-09-09 15:23:53.257315269,card,medium,in_app_chat,3.0,resolved
1809,1980,2025-09-09 00:20:46.740461668,2025-09-11 21:29:39.988282609,account,low,email,,resolved
5367,5973,2025-09-09 02:56:19.313921653,2025-09-10 22:50:39.056765295,billing,low,in_app_chat,,resolved
5053,5620,2025-09-09 05:20:16.532152719,2025-09-10 02:52:21.620629191,billing,medium,phone,4.0,resolved
3715,4159,2025-09-09 06:17:04.362330033,,card,low,in_app_chat,,closed_unresolved
1811,1985,2025-09-09 07:50:56.658360937,2025-09-10 13:24:30.987109241,card,low,in_app_chat,4.0,resolved
6269,7013,2025-09-09 08:25:21.093183298,2025-09-14 00:31:17.191158382,card,low,email,3.0,resolved
4918,5482,2025-09-09 08:45:46.304885568,2025-09-10 04:39:41.630352333,card,medium,in_app_chat,,resolved
4905,5470,2025-09-09 08:48:03.855389057,2025-09-12 10:42:35.040844914,billing,low,phone,4.0,resolved
3531,3959,2025-09-09 12:21:01.402009159,,billing,medium,in_app_chat,,open
6992,7779,2025-09-09 15:08:25.980378069,2025-09-09 21:27:59.253067962,kyc,high,email,,resolved
419,461,2025-09-09 15:55:01.193943218,2025-09-09 20:57:49.339873816,account,medium,in_app_chat,3.0,resolved
1916,2123,2025-09-09 18:02:56.954072420,,fraud,high,in_app_chat,,closed_unresolved
6874,7652,2025-09-09 20:45:43.482008430,2025-09-10 13:11:48.418774641,card,medium,in_app_chat,5.0,resolved
960,1046,2025-09-10 00:15:05.601295785,2025-09-11 11:55:19.071136501,app,low,in_app_chat,4.0,resolved
3277,3672,2025-09-10 05:45:58.600788056,2025-09-12 01:47:34.957748955,app,low,in_app_chat,3.0,resolved
3136,3514,2025-09-10 06:15:33.629034309,2025-09-10 12:11:54.807244534,kyc,high,in_app_chat,4.0,resolved
3079,3442,2025-09-10 06:25:00.935446811,2025-09-10 13:45:48.852480769,app,high,in_app_chat,4.0,resolved
1488,1627,2025-09-10 09:47:30.599139917,2025-09-10 19:46:55.592559405,kyc,medium,in_app_chat,4.0,resolved
1425,1558,2025-09-10 10:33:52.134986367,2025-09-10 16:24:05.326302245,card,high,in_app_chat,4.0,resolved
6301,7050,2025-09-10 11:17:57.323082629,2025-09-10 15:09:53.397415542,billing,high,phone,,resolved
5890,6563,2025-09-10 16:56:23.242167012,2025-09-10 20:14:04.140334682,kyc,high,email,4.0,resolved
6744,7524,2025-09-10 17:30:37.469437551,2025-09-10 19:14:31.435359109,billing,high,phone,,resolved
3633,4062,2025-09-10 21:00:58.343133133,2025-09-11 05:43:39.887053411,billing,medium,in_app_chat,3.0,resolved
7087,7891,2025-09-10 21:57:38.600514123,2025-09-11 16:35:32.612020260,kyc,medium,in_app_chat,,resolved
3745,4197,2025-09-10 22:43:54.778187642,2025-09-12 07:16:09.711728239,app,medium,email,4.0,resolved
6899,7683,2025-09-11 01:19:06.955592704,2025-09-11 08:08:28.349764375,account,medium,phone,3.0,resolved
5551,6186,2025-09-11 02:52:43.191066097,2025-09-11 23:37:30.332343575,kyc,medium,in_app_chat,4.0,resolved
3306,3700,2025-09-11 02:57:15.987164411,2025-09-12 03:39:30.042252356,account,medium,email,2.0,resolved
2210,2436,2025-09-11 03:30:51.096994341,2025-09-11 23:46:04.637227278,app,low,in_app_chat,4.0,resolved
6152,6870,2025-09-11 03:51:17.154128059,2025-09-11 14:40:20.501243068,app,medium,email,3.0,resolved
5075,5634,2025-09-11 05:17:48.057643786,2025-09-13 18:47:04.449760240,app,low,in_app_chat,,resolved
4170,4648,2025-09-11 06:01:05.912158667,,app,urgent,in_app_chat,,closed_unresolved
3969,4430,2025-09-11 07:02:17.371959100,2025-09-11 08:56:24.472602059,account,urgent,in_app_chat,,resolved
6645,7426,2025-09-11 09:07:30.619024780,2025-09-11 10:12:17.076960132,fraud,urgent,email,5.0,resolved
2658,2994,2025-09-11 10:53:49.532358744,2025-09-12 01:38:50.394332016,account,medium,email,,resolved
6854,7638,2025-09-11 12:20:55.762819347,2025-09-11 23:43:45.041941780,account,medium,email,5.0,resolved
5144,5712,2025-09-11 12:40:58.421288104,2025-09-13 10:16:44.473427094,account,low,email,3.0,resolved
260,283,2025-09-11 12:47:45.641999181,2025-09-13 03:46:46.432203427,billing,low,phone,,resolved
2748,3071,2025-09-11 14:04:56.380460891,,kyc,high,in_app_chat,,open
6815,7598,2025-09-11 14:08:33.462237154,,fraud,high,in_app_chat,,open
1772,1947,2025-09-11 18:18:15.505027093,2025-09-11 21:04:24.518881870,account,urgent,email,4.0,resolved
4837,5397,2025-09-11 18:45:20.207124509,2025-09-15 03:38:02.233261177,app,low,phone,,resolved
5619,6267,2025-09-11 19:11:08.034350328,2025-09-12 03:20:56.101153024,billing,medium,in_app_chat,4.0,resolved
6710,7491,2025-09-11 20:13:15.493275327,2025-09-13 20:19:05.938018487,fraud,medium,email,4.0,resolved
3513,3939,2025-09-11 20:39:12.732308043,2025-09-12 06:18:02.575960733,kyc,high,in_app_chat,4.0,resolved
6383,7154,2025-09-11 22:33:46.387268072,,kyc,high,in_app_chat,,closed_unresolved
1312,1429,2025-09-11 23:45:06.248613565,2025-09-18 02:55:28.702167341,account,low,phone,3.0,resolved
2007,2212,2025-09-12 00:02:58.926715039,2025-09-12 03:06:47.193947076,kyc,high,phone,5.0,resolved
1422,1555,2025-09-12 01:21:35.660615325,2025-09-12 10:24:59.253467854,kyc,medium,in_app_chat,3.0,resolved
6560,7355,2025-09-12 02:35:15.559219593,2025-09-12 04:32:12.465174033,fraud,urgent,email,4.0,resolved
2292,2543,2025-09-12 03:42:13.910763340,2025-09-13 17:01:59.189466629,billing,low,in_app_chat,4.0,resolved
5927,6614,2025-09-12 06:27:08.176323902,,card,medium,email,,open
1593,1761,2025-09-12 07:48:42.869697940,2025-09-12 16:01:12.269879042,kyc,high,email,,resolved
2859,3198,2025-09-12 09:47:52.062184115,2025-09-12 20:34:59.000313191,fraud,high,email,5.0,resolved
6055,6755,2025-09-12 11:10:13.268516456,2025-09-13 21:28:26.022605164,account,medium,email,2.0,resolved
2588,2915,2025-09-12 11:11:43.397952792,2025-09-13 06:49:34.329066178,billing,medium,in_app_chat,5.0,resolved
2561,2882,2025-09-12 11:54:31.109114928,2025-09-13 02:37:10.728672626,kyc,medium,in_app_chat,4.0,resolved
6364,7130,2025-09-12 14:35:36.782345955,2025-09-16 11:45:46.105345188,app,low,in_app_chat,3.0,resolved
3993,4450,2025-09-12 17:18:41.707808268,2025-09-12 20:21:44.349061891,fraud,urgent,email,3.0,resolved
3456,3871,2025-09-12 18:14:56.245336664,,kyc,medium,email,,open
6,3,2025-09-12 21:43:29.876339228,2025-09-13 07:41:48.786637137,card,medium,phone,,resolved
3357,3766,2025-09-12 22:32:15.336064412,2025-09-14 02:30:32.140954078,card,low,phone,5.0,resolved
356,391,2025-09-13 03:03:11.867203033,2025-09-13 11:40:14.010993883,fraud,high,in_app_chat,3.0,resolved
1993,2196,2025-09-13 04:32:57.709321681,2025-09-13 11:05:50.639576488,app,high,email,5.0,resolved
1705,1861,2025-09-13 06:56:10.775012403,2025-09-13 15:24:00.201747607,kyc,medium,in_app_chat,5.0,resolved
2635,2969,2025-09-13 07:27:16.985084083,,card,high,email,,closed_unresolved
2353,2621,2025-09-13 09:29:20.351765281,2025-09-13 19:34:25.032762062,app,medium,in_app_chat,4.0,resolved
129,149,2025-09-13 14:20:58.662784956,2025-09-13 22:43:27.188366043,account,high,email,4.0,resolved
2500,2810,2025-09-13 14:42:22.136042880,2025-09-14 02:17:23.059051746,account,medium,email,,resolved
6437,7219,2025-09-13 16:40:04.524240973,2025-09-14 13:28:35.575515247,card,medium,in_app_chat,4.0,resolved
2092,2301,2025-09-13 20:16:55.549067064,2025-09-14 10:51:51.777871543,app,medium,in_app_chat,4.0,resolved
2731,3057,2025-09-13 23:30:26.856647758,2025-09-15 09:35:03.839863235,app,medium,in_app_chat,3.0,resolved
1171,1292,2025-09-13 23:48:58.056980336,2025-09-15 02:14:18.904728225,kyc,medium,in_app_chat,4.0,resolved
4613,5108,2025-09-14 00:37:32.691898603,2025-09-14 12:10:21.090285695,kyc,medium,email,4.0,resolved
590,663,2025-09-14 04:03:05.319666964,2025-09-15 01:36:08.997582563,account,medium,in_app_chat,,resolved
3866,4319,2025-09-14 04:26:54.298470370,2025-09-15 05:28:32.785475892,account,medium,phone,5.0,resolved
4520,5020,2025-09-14 06:38:32.819252346,2025-09-14 21:50:27.560827796,account,medium,phone,3.0,resolved
1356,1473,2025-09-14 07:36:25.248138742,2025-09-14 18:08:51.286254445,card,medium,in_app_chat,3.0,resolved
4781,5319,2025-09-14 09:43:57.063665565,2025-09-14 13:59:18.131321497,fraud,urgent,in_app_chat,5.0,resolved
4307,4805,2025-09-14 18:33:04.130522902,2025-09-16 05:05:35.710590641,account,medium,in_app_chat,4.0,resolved
3369,3779,2025-09-14 18:57:54.922857569,2025-09-15 08:53:23.104213262,kyc,medium,email,4.0,resolved
3768,4216,2025-09-14 21:49:33.788066079,2025-09-14 23:10:41.831102008,account,urgent,email,4.0,resolved
595,668,2025-09-14 22:07:38.235983128,2025-09-15 10:14:00.883755568,kyc,medium,email,,resolved
1939,2146,2025-09-15 02:27:21.768726297,,card,medium,in_app_chat,,open
1187,1311,2025-09-15 02:42:07.920260196,2025-09-15 09:38:13.327031467,kyc,medium,in_app_chat,5.0,resolved
6646,7427,2025-09-15 05:21:45.881344532,2025-09-15 10:22:31.149394235,kyc,high,email,4.0,resolved
1814,1993,2025-09-15 06:14:10.931679136,,fraud,urgent,in_app_chat,,closed_unresolved
5540,6177,2025-09-15 08:57:24.095611290,2025-09-15 14:53:30.820652352,billing,high,phone,3.0,resolved
3384,3788,2025-09-15 09:04:37.773163047,2025-09-17 07:40:35.018548127,card,medium,email,4.0,resolved
3150,3526,2025-09-15 09:10:09.658576750,2025-09-16 12:21:38.597925649,billing,medium,in_app_chat,4.0,resolved
6154,6881,2025-09-15 10:00:25.457360048,,billing,medium,in_app_chat,,open
923,1009,2025-09-15 11:42:38.954415931,2025-09-17 07:22:08.733178613,card,low,email,3.0,resolved
4160,4645,2025-09-15 12:15:42.623419798,,app,medium,in_app_chat,,closed_unresolved
6596,7383,2025-09-15 16:41:10.625573754,2025-09-15 19:08:58.478856274,billing,medium,phone,,resolved
1266,1383,2025-09-15 22:42:41.287408764,2025-09-16 00:06:52.636033122,fraud,urgent,in_app_chat,4.0,resolved
5210,5777,2025-09-16 01:04:47.630295203,2025-09-16 05:58:28.722067241,fraud,high,in_app_chat,5.0,resolved
148,175,2025-09-16 01:10:51.204295444,2025-09-16 07:37:48.994941438,kyc,high,in_app_chat,,resolved
6777,7559,2025-09-16 02:10:27.629041128,,card,high,phone,,open
5380,5987,2025-09-16 03:22:36.875373363,,card,medium,in_app_chat,,closed_unresolved
1905,2109,2025-09-16 06:48:21.321020868,2025-09-16 20:00:43.383847041,card,medium,in_app_chat,,resolved
6484,7272,2025-09-16 09:17:42.822625539,2025-09-16 21:14:25.417517583,account,medium,in_app_chat,4.0,resolved
6029,6726,2025-09-16 09:22:39.618829565,2025-09-17 11:46:04.430957460,kyc,medium,email,,resolved
4157,4639,2025-09-16 09:23:05.064311719,2025-09-16 22:44:22.749081189,card,medium,email,4.0,resolved
3106,3472,2025-09-16 11:19:13.316941496,,fraud,high,in_app_chat,,open
6860,7641,2025-09-16 13:06:35.252509795,2025-09-17 01:50:10.502214730,card,medium,email,4.0,resolved
1341,1457,2025-09-16 14:18:06.742433992,2025-09-19 06:56:27.125140121,card,low,email,4.0,resolved
3538,3965,2025-09-16 15:37:41.434601315,,kyc,low,in_app_chat,,closed_unresolved
151,176,2025-09-16 16:20:47.517418034,2025-09-16 17:28:13.226106776,kyc,urgent,email,,resolved
6384,7155,2025-09-16 18:29:01.520427111,2025-09-16 22:06:29.960329627,kyc,high,in_app_chat,,resolved
3405,3817,2025-09-16 18:35:45.918835290,2025-09-17 04:36:47.020344146,kyc,medium,in_app_chat,5.0,resolved
4921,5486,2025-09-16 21:16:30.095407447,2025-09-18 17:21:12.697288191,billing,medium,in_app_chat,3.0,resolved
3006,3373,2025-09-16 21:28:57.869128715,2025-09-18 01:32:33.534206973,card,low,phone,3.0,resolved
7053,7842,2025-09-16 21:34:57.621867211,2025-09-17 19:48:42.778577692,account,medium,email,4.0,resolved
4627,5123,2025-09-17 00:53:34.269737830,2025-09-17 06:55:48.257019659,card,high,email,5.0,resolved
1490,1633,2025-09-17 02:33:34.129030639,2025-09-17 03:27:33.766819259,kyc,urgent,in_app_chat,5.0,resolved
200,220,2025-09-17 03:56:53.612075915,2025-09-17 06:27:17.436229689,app,urgent,in_app_chat,4.0,resolved
5128,5695,2025-09-17 04:41:50.355975845,,kyc,medium,phone,,closed_unresolved
4511,5012,2025-09-17 10:40:05.402255537,2025-09-17 15:52:50.659451377,card,high,email,,resolved
384,429,2025-09-17 11:23:13.344053291,2025-09-19 10:10:30.360857711,card,low,phone,,resolved
2489,2797,2025-09-17 12:04:38.848099877,2025-09-18 00:06:36.017613944,app,high,in_app_chat,5.0,resolved
4848,5413,2025-09-17 12:33:50.503994876,2025-09-18 23:09:47.586392822,billing,low,in_app_chat,4.0,resolved
14,9,2025-09-17 16:59:13.013444656,2025-09-19 16:50:00.222525672,kyc,medium,email,4.0,resolved
5334,5920,2025-09-17 17:53:32.350253732,2025-09-18 08:12:07.103367149,billing,low,in_app_chat,5.0,resolved
3054,3417,2025-09-17 18:46:53.217693027,,kyc,high,in_app_chat,,open
3615,4044,2025-09-17 20:02:59.561998088,,card,medium,in_app_chat,,closed_unresolved
3952,4412,2025-09-17 21:17:49.750849930,2025-09-18 07:01:43.057315201,billing,medium,email,4.0,resolved
4493,4993,2025-09-17 21:50:14.170526413,2025-09-18 23:25:09.831514509,billing,medium,in_app_chat,3.0,resolved
2617,2955,2025-09-17 22:54:02.768412905,2025-09-19 07:46:07.001603082,card,medium,in_app_chat,,resolved
523,579,2025-09-18 00:33:47.745790297,2025-09-18 17:24:59.755358779,app,medium,email,3.0,resolved
1071,1183,2025-09-18 01:34:39.420459528,2025-09-18 04:03:22.720823551,card,urgent,phone,4.0,resolved
4552,5053,2025-09-18 02:38:37.168278095,2025-09-18 05:11:36.802800770,billing,urgent,in_app_chat,5.0,resolved
3566,4001,2025-09-18 02:49:14.797528026,,card,high,email,,open
596,668,2025-09-18 06:46:43.217018567,2025-09-23 06:30:45.922891656,billing,low,phone,,resolved
2010,2218,2025-09-18 07:15:47.510903908,,kyc,low,in_app_chat,,open
4873,5441,2025-09-18 07:48:36.172674576,2025-09-18 18:08:47.204170152,app,high,in_app_chat,,resolved
179,202,2025-09-18 09:19:30.877396262,2025-09-19 14:31:11.293838954,billing,medium,phone,4.0,resolved
921,1008,2025-09-18 10:05:37.873710631,,card,medium,in_app_chat,,open
3340,3742,2025-09-18 10:15:40.427159293,,account,low,in_app_chat,,closed_unresolved
5971,6653,2025-09-18 14:23:14.037251801,2025-09-18 23:09:22.669744826,account,medium,email,2.0,resolved
4804,5355,2025-09-18 17:07:48.805909132,2025-09-19 05:13:37.619417484,billing,medium,in_app_chat,4.0,resolved
4431,4926,2025-09-18 17:35:16.118063753,2025-09-19 18:46:15.260623081,card,low,in_app_chat,5.0,resolved
5022,5587,2025-09-18 18:16:13.879211465,,billing,low,in_app_chat,,closed_unresolved
5452,6072,2025-09-18 18:29:05.345785521,2025-09-18 19:20:36.842037031,card,urgent,email,,resolved
875,956,2025-09-18 21:31:27.568928311,,kyc,medium,in_app_chat,,closed_unresolved
532,588,2025-09-18 22:37:59.832327040,2025-09-20 10:47:50.082385837,card,medium,in_app_chat,4.0,resolved
821,898,2025-09-19 00:43:35.857836638,2025-09-22 07:15:51.621647295,account,low,email,4.0,resolved
429,477,2025-09-19 01:37:39.234778538,2025-09-20 15:52:17.292662045,card,medium,in_app_chat,3.0,resolved
3939,4397,2025-09-19 02:41:56.447204377,2025-09-19 04:26:06.438709345,billing,high,phone,4.0,resolved
4679,5197,2025-09-19 04:06:49.602933417,2025-09-20 00:36:05.572458942,card,medium,in_app_chat,2.0,resolved
1851,2031,2025-09-19 04:46:19.198944698,2025-09-22 23:12:47.644696546,card,low,in_app_chat,,resolved
3574,4010,2025-09-19 04:55:09.369003792,2025-09-19 13:25:45.456237372,app,high,email,4.0,resolved
1645,1812,2025-09-19 07:02:48.323432644,2025-09-19 22:20:32.650221741,card,medium,in_app_chat,4.0,resolved
1911,2115,2025-09-19 07:28:36.627661580,,account,low,in_app_chat,,open
4902,5466,2025-09-19 08:49:16.200196032,2025-09-20 08:26:25.606091094,account,low,in_app_chat,5.0,resolved
1540,1696,2025-09-19 11:59:58.533802160,2025-09-19 16:41:29.609461400,app,medium,phone,4.0,resolved
5628,6281,2025-09-19 12:29:37.311707472,2025-09-22 07:46:30.385476418,billing,low,in_app_chat,4.0,resolved
6149,6863,2025-09-19 12:53:28.625923259,2025-09-19 14:36:35.733245529,billing,urgent,email,4.0,resolved
2009,2217,2025-09-19 15:20:29.459198880,2025-09-20 10:33:04.381437813,billing,medium,in_app_chat,,resolved
1451,1588,2025-09-19 17:54:43.950208345,2025-09-19 19:14:47.579589077,fraud,urgent,email,4.0,resolved
202,223,2025-09-19 18:10:34.220412580,2025-09-20 09:07:14.430142138,card,high,in_app_chat,,resolved
5238,5796,2025-09-19 18:40:51.585547906,,billing,high,in_app_chat,,open
3109,3473,2025-09-19 19:58:16.945145192,2025-09-20 04:15:12.518021794,fraud,high,email,5.0,resolved
4898,5462,2025-09-19 20:50:57.984161527,2025-09-24 13:12:48.632423845,app,low,email,3.0,resolved
5209,5775,2025-09-20 03:42:16.235134208,2025-09-20 09:45:45.250726889,kyc,high,in_app_chat,5.0,resolved
7022,7806,2025-09-20 04:50:49.808796429,,account,low,in_app_chat,,closed_unresolved
2473,2781,2025-09-20 08:26:42.868444744,2025-09-22 14:34:53.027408125,kyc,medium,phone,3.0,resolved
1050,1155,2025-09-20 12:29:52.715358827,2025-09-20 23:22:13.163798856,app,high,phone,4.0,resolved
3415,3830,2025-09-20 16:45:34.036547253,2025-09-20 19:11:39.065405381,fraud,urgent,email,,resolved
890,972,2025-09-20 17:49:26.169339616,,kyc,medium,in_app_chat,,open
1879,2066,2025-09-20 18:14:30.632525324,2025-09-21 14:08:42.461149389,billing,medium,phone,,resolved
7183,7988,2025-09-20 20:09:37.655276817,2025-09-21 03:08:10.822904645,fraud,high,in_app_chat,4.0,resolved
1376,1506,2025-09-20 20:25:47.025973513,2025-09-20 22:03:41.690457813,fraud,urgent,in_app_chat,4.0,resolved
6207,6933,2025-09-21 00:23:18.708072748,2025-09-21 08:10:43.575423977,card,high,in_app_chat,3.0,resolved
2984,3355,2025-09-21 08:14:58.770210946,2025-09-24 18:59:01.479576521,card,low,email,4.0,resolved
481,536,2025-09-21 10:04:31.762362544,2025-09-21 19:53:11.635725664,fraud,high,in_app_chat,4.0,resolved
3315,3710,2025-09-21 11:03:45.045949921,2025-09-21 21:30:46.752491595,card,medium,email,,resolved
5331,5916,2025-09-21 12:46:15.363121284,2025-09-23 04:36:05.980521444,billing,low,email,4.0,resolved
3000,3366,2025-09-21 14:30:39.215055591,2025-09-21 22:57:26.878218409,card,medium,email,3.0,resolved
1955,2162,2025-09-21 15:39:48.730271212,2025-09-22 05:01:58.492097096,billing,low,email,4.0,resolved
5954,6642,2025-09-21 17:52:52.786432516,2025-09-24 21:26:49.982561108,card,low,in_app_chat,3.0,resolved
5930,6616,2025-09-22 01:13:11.958717878,,billing,medium,in_app_chat,,closed_unresolved
827,907,2025-09-22 02:58:21.224964953,2025-09-22 04:54:48.750366177,kyc,urgent,in_app_chat,5.0,resolved
1889,2079,2025-09-22 05:16:37.131225133,,card,high,in_app_chat,,open
1572,1731,2025-09-22 07:14:58.887790284,2025-09-23 05:54:11.844533911,kyc,medium,email,4.0,resolved
3882,4335,2025-09-22 12:52:15.376261396,2025-09-25 19:05:21.747751428,account,low,email,4.0,resolved
3539,3966,2025-09-22 13:07:25.668288497,,card,medium,in_app_chat,,open
2317,2577,2025-09-22 13:20:21.403411085,2025-09-30 08:21:00.525143481,billing,low,in_app_chat,4.0,resolved
3954,4413,2025-09-22 18:23:14.588868379,2025-09-22 23:08:57.695674480,app,high,email,4.0,resolved
2095,2304,2025-09-22 21:16:06.511826424,2025-09-23 06:35:54.841232799,card,high,in_app_chat,2.0,resolved
6151,6869,2025-09-22 23:38:14.339204736,2025-09-26 02:18:54.409040571,account,low,email,3.0,resolved
5288,5865,2025-09-23 01:13:17.635405074,,account,low,phone,,closed_unresolved
5935,6627,2025-09-23 04:32:05.745827068,2025-10-02 10:25:02.383690986,kyc,low,in_app_chat,4.0,resolved
2126,2346,2025-09-23 06:42:09.756077636,,billing,medium,email,,closed_unresolved
4565,5063,2025-09-23 09:45:47.381354827,,account,low,in_app_chat,,open
5159,5725,2025-09-23 11:41:18.062714736,2025-09-24 04:21:42.670007155,app,medium,email,,resolved
3503,3927,2025-09-23 15:31:08.744381855,2025-09-23 19:34:36.525831878,app,high,email,,resolved
3533,3959,2025-09-23 15:46:12.287488126,2025-09-25 05:03:16.243309377,billing,low,email,3.0,resolved
4215,4701,2025-09-23 16:32:35.305715411,,card,urgent,email,,open
2467,2768,2025-09-23 16:48:00.817835400,2025-09-24 17:51:25.074920361,account,medium,in_app_chat,,resolved
3455,3871,2025-09-23 17:08:52.656892543,2025-09-24 13:46:42.634770109,billing,medium,in_app_chat,,resolved
2938,3312,2025-09-23 20:25:12.497770148,2025-09-25 08:56:16.601570907,app,low,in_app_chat,,resolved
5330,5914,2025-09-23 23:26:11.142600054,,app,medium,email,,closed_unresolved
3427,3840,2025-09-24 02:55:34.425668470,2025-09-24 07:05:46.154702471,fraud,urgent,email,,resolved
2932,3306,2025-09-24 06:36:37.959273103,2025-09-24 07:36:30.811962058,fraud,high,in_app_chat,5.0,resolved
4615,5110,2025-09-24 08:36:47.392612476,2025-09-24 10:05:01.491684582,fraud,urgent,in_app_chat,,resolved
5963,6647,2025-09-24 14:36:55.161048251,2025-09-25 09:31:43.389080616,app,low,phone,,resolved
281,309,2025-09-24 16:36:56.539218882,2025-09-26 16:10:14.075847340,app,medium,in_app_chat,,resolved
3916,4371,2025-09-24 18:39:04.793348427,,billing,medium,in_app_chat,,open
7124,7930,2025-09-24 23:55:49.728337691,2025-09-25 01:44:03.330997955,fraud,urgent,in_app_chat,3.0,resolved
4863,5433,2025-09-25 03:35:08.009162136,2025-09-26 01:43:34.289353957,card,medium,email,4.0,resolved
2236,2474,2025-09-25 04:59:04.897878106,2025-09-27 01:24:48.844142562,billing,medium,email,3.0,resolved
5762,6414,2025-09-25 05:16:19.999996023,2025-09-25 07:33:03.740545852,billing,high,in_app_chat,,resolved
3133,3508,2025-09-25 05:30:08.522738588,2025-09-25 19:39:59.676196995,kyc,medium,in_app_chat,3.0,resolved
1060,1166,2025-09-25 07:00:59.913267073,2025-09-25 13:23:39.731175585,billing,high,email,4.0,resolved
5593,6233,2025-09-25 16:03:37.129821923,2025-09-25 18:28:43.345453364,account,urgent,in_app_chat,3.0,resolved
265,292,2025-09-25 16:15:53.609627033,2025-09-28 18:17:59.116421453,billing,low,email,,resolved
1696,1855,2025-09-25 16:41:25.237551750,2025-09-26 06:40:03.929346570,billing,medium,email,4.0,resolved
3603,4030,2025-09-25 20:07:26.388546643,2025-09-25 23:38:39.678032785,kyc,high,in_app_chat,4.0,resolved
2436,2724,2025-09-25 20:52:55.752466886,,account,medium,in_app_chat,,open
1271,1386,2025-09-25 21:27:05.053415446,2025-09-27 05:49:14.781396665,account,medium,phone,4.0,resolved
2155,2375,2025-09-26 00:22:25.746666205,2025-09-26 23:16:32.233251109,billing,medium,in_app_chat,5.0,resolved
5006,5576,2025-09-26 02:18:30.942837878,2025-09-26 11:27:02.986375103,account,medium,email,,resolved
5318,5900,2025-09-26 07:10:34.433761434,2025-09-26 10:01:54.760628209,billing,urgent,in_app_chat,,resolved
4855,5425,2025-09-26 07:13:29.883498121,2025-09-27 15:49:26.659116253,account,low,in_app_chat,3.0,resolved
3500,3926,2025-09-26 11:11:38.087490278,2025-09-26 16:25:57.830756102,app,medium,in_app_chat,,resolved
5483,6102,2025-09-26 11:44:23.889529230,2025-09-26 13:59:13.756639470,kyc,high,phone,5.0,resolved
4454,4949,2025-09-26 12:58:50.594018396,2025-09-26 23:47:57.432908279,billing,medium,email,4.0,resolved
6234,6973,2025-09-26 13:53:14.401881939,2025-09-27 06:20:10.641042701,billing,medium,in_app_chat,,resolved
6585,7375,2025-09-26 16:33:18.876115494,2025-09-27 03:05:53.074068464,card,medium,in_app_chat,3.0,resolved
4058,4513,2025-09-26 17:32:58.800870608,2025-09-26 19:18:33.903918540,app,urgent,in_app_chat,5.0,resolved
6903,7687,2025-09-27 01:37:33.847395185,2025-10-01 11:26:10.378159313,card,low,email,5.0,resolved
1269,1384,2025-09-27 04:24:06.263401487,,billing,medium,in_app_chat,,closed_unresolved
3410,3827,2025-09-27 06:41:55.779862202,2025-09-27 21:11:10.977393165,billing,medium,email,4.0,resolved
3553,3987,2025-09-27 07:04:47.882237508,2025-10-01 18:23:00.510048775,billing,low,in_app_chat,,resolved
3297,3696,2025-09-27 08:09:14.871861892,2025-09-27 14:00:56.891286640,kyc,high,phone,5.0,resolved
2123,2344,2025-09-27 08:16:28.202148937,2025-09-28 07:11:28.712045864,app,medium,phone,3.0,resolved
3447,3855,2025-09-27 08:18:35.119788603,2025-09-27 13:18:17.620353025,billing,medium,in_app_chat,4.0,resolved
2610,2944,2025-09-27 10:35:21.090466495,2025-10-01 12:11:26.027547193,billing,low,email,,resolved
7122,7929,2025-09-27 11:22:46.062496928,,kyc,medium,in_app_chat,,open
2662,3000,2025-09-27 13:05:43.890284817,2025-09-27 15:22:38.344327560,fraud,high,in_app_chat,4.0,resolved
2801,3138,2025-09-27 16:08:21.803905674,2025-09-29 10:46:42.181659002,app,low,phone,3.0,resolved
2393,2672,2025-09-27 16:56:08.101583629,2025-09-30 14:11:25.709735602,app,low,in_app_chat,3.0,resolved
5227,5787,2025-09-27 19:17:19.993092725,2025-09-29 01:37:08.290301190,card,medium,in_app_chat,3.0,resolved
2665,3003,2025-09-27 23:46:35.715531305,2025-09-28 01:37:32.637149305,app,urgent,email,4.0,resolved
3643,4074,2025-09-28 00:21:17.808688327,,fraud,high,in_app_chat,,closed_unresolved
736,819,2025-09-28 04:05:35.840008803,2025-09-28 10:10:46.990008707,card,urgent,in_app_chat,,resolved
1318,1436,2025-09-28 07:05:51.685502190,2025-09-28 12:57:34.451848868,fraud,high,in_app_chat,5.0,resolved
3552,3984,2025-09-28 07:35:05.637839775,,account,low,in_app_chat,,open
134,160,2025-09-28 09:46:14.948136831,2025-09-29 02:11:48.849532636,app,medium,phone,,resolved
3494,3916,2025-09-28 09:46:19.838645276,2025-09-28 19:43:02.341884934,billing,medium,in_app_chat,4.0,resolved
1992,2193,2025-09-28 11:26:38.758117119,2025-09-28 17:26:41.991564132,fraud,high,in_app_chat,5.0,resolved
3265,3662,2025-09-28 15:11:35.891830970,,app,medium,email,,closed_unresolved
5091,5650,2025-09-28 19:54:28.893685066,2025-09-29 02:30:57.554065859,app,medium,in_app_chat,4.0,resolved
4219,4705,2025-09-28 22:26:44.827986252,2025-09-29 02:14:58.266202843,billing,high,in_app_chat,5.0,resolved
3069,3431,2025-09-29 01:01:41.287966461,2025-09-29 12:05:31.301284182,billing,high,in_app_chat,5.0,resolved
2099,2307,2025-09-29 03:37:54.075702872,2025-09-29 15:04:25.806255089,kyc,high,email,4.0,resolved
3203,3589,2025-09-29 04:52:50.174705372,2025-10-01 04:29:15.187420628,kyc,low,in_app_chat,3.0,resolved
5536,6172,2025-09-29 05:31:44.524366328,,card,medium,in_app_chat,,open
1602,1772,2025-09-29 07:13:26.895780531,2025-09-29 14:37:45.604506411,kyc,medium,email,2.0,resolved
2265,2511,2025-09-29 07:24:56.310257062,2025-09-29 19:40:55.414675562,billing,medium,phone,3.0,resolved
1584,1744,2025-09-29 07:52:58.189364808,2025-09-30 06:18:16.495228538,app,medium,in_app_chat,5.0,resolved
3390,3802,2025-09-29 09:02:49.896931954,2025-10-01 21:43:10.090829126,app,low,in_app_chat,4.0,resolved
4802,5349,2025-09-29 09:19:00.932319206,2025-09-29 16:25:11.184099318,kyc,high,in_app_chat,5.0,resolved
2727,3055,2025-09-29 10:11:14.561467998,,kyc,medium,email,,closed_unresolved
1496,1639,2025-09-29 11:00:06.884409504,2025-10-05 22:17:05.717147558,billing,low,in_app_chat,4.0,resolved
1723,1879,2025-09-29 11:18:10.455638670,2025-09-29 13:12:06.242525330,billing,high,email,5.0,resolved
5980,6664,2025-09-29 17:15:34.033762189,2025-10-02 17:12:15.641907506,kyc,low,in_app_chat,3.0,resolved
6732,7513,2025-09-29 18:28:04.736821105,2025-09-30 20:23:18.426522083,billing,low,email,3.0,resolved
6778,7561,2025-09-29 19:11:27.482245837,2025-09-30 10:02:21.442523921,app,low,in_app_chat,,resolved
6322,7073,2025-09-29 19:24:10.523086476,2025-09-30 00:28:42.393529483,fraud,high,in_app_chat,5.0,resolved
5033,5599,2025-09-29 21:57:26.780657258,2025-09-30 23:39:22.685494178,kyc,medium,email,,resolved
172,194,2025-09-29 22:33:55.876336286,,billing,low,in_app_chat,,open
838,915,2025-09-30 01:00:36.107209575,2025-09-30 04:23:11.710817997,fraud,high,phone,5.0,resolved
6590,7379,2025-09-30 01:54:26.541276361,2025-09-30 09:30:59.534849908,account,high,phone,5.0,resolved
5756,6410,2025-09-30 01:56:36.166306865,2025-09-30 17:06:53.197124391,account,low,phone,3.0,resolved
6300,7050,2025-09-30 02:55:09.733094976,2025-09-30 05:53:29.588468640,card,urgent,email,4.0,resolved
3678,4115,2025-09-30 05:01:30.154474750,2025-10-02 11:51:02.624849282,app,low,phone,3.0,resolved
5704,6355,2025-09-30 05:59:45.029244854,,billing,medium,in_app_chat,,open
1819,1997,2025-09-30 06:54:05.709361394,2025-10-01 10:31:02.143907909,app,medium,in_app_chat,,resolved
3991,4447,2025-09-30 09:56:03.725606207,2025-10-01 05:05:54.908166431,kyc,medium,in_app_chat,4.0,resolved
3173,3551,2025-09-30 10:57:11.283373344,2025-10-02 16:22:44.798719747,account,low,in_app_chat,,resolved
2837,3173,2025-09-30 13:04:09.926482224,,account,low,in_app_chat,,closed_unresolved
1882,2069,2025-09-30 14:28:16.470062607,2025-10-04 17:31:19.909799383,card,medium,phone,3.0,resolved
645,717,2025-09-30 15:55:35.571132586,2025-10-01 14:21:26.032948136,app,medium,in_app_chat,3.0,resolved
3115,3478,2025-09-30 16:20:41.811829658,2025-10-01 14:09:34.358876170,app,low,phone,3.0,resolved
538,592,2025-09-30 17:02:05.035999943,2025-09-30 21:44:08.234823031,billing,medium,in_app_chat,4.0,resolved
1862,2044,2025-09-30 17:28:18.201805178,2025-10-01 15:09:07.128550661,kyc,low,in_app_chat,4.0,resolved
698,775,2025-09-30 18:47:12.419076834,2025-10-01 02:38:40.640940907,fraud,high,email,5.0,resolved
7074,7875,2025-09-30 20:30:33.248437704,2025-10-01 02:11:02.031492948,billing,high,in_app_chat,,resolved
6753,7529,2025-09-30 22:00:07.257605757,2025-09-30 23:57:35.889723659,fraud,urgent,email,4.0,resolved
362,407,2025-09-30 22:01:15.396525998,2025-10-03 03:44:13.728503172,app,medium,in_app_chat,4.0,resolved
858,938,2025-09-30 22:40:25.753793016,2025-10-01 08:18:33.601589953,app,high,in_app_chat,5.0,resolved
2514,2832,2025-10-01 03:03:57.927546167,2025-10-03 01:25:33.491201694,billing,medium,email,4.0,resolved
4183,4660,2025-10-01 03:59:47.593036224,2025-10-03 09:54:15.345950905,billing,low,in_app_chat,3.0,resolved
4754,5291,2025-10-01 05:27:54.183964561,2025-10-01 20:52:58.780530310,card,medium,phone,5.0,resolved
5440,6058,2025-10-01 07:47:05.712912948,2025-10-03 00:51:30.182956342,billing,low,email,4.0,resolved
5230,5791,2025-10-01 09:23:00.512079345,,card,urgent,in_app_chat,,closed_unresolved
6224,6956,2025-10-01 11:05:20.629243489,2025-10-01 22:05:49.509533514,kyc,high,in_app_chat,5.0,resolved
5875,6547,2025-10-01 12:34:38.226686839,2025-10-03 15:05:11.110812707,account,low,email,,resolved
3326,3727,2025-10-01 14:14:44.799881124,2025-10-02 15:52:18.783780987,card,medium,in_app_chat,4.0,resolved
6911,7692,2025-10-01 18:23:40.605142948,2025-10-01 21:46:45.363393745,card,urgent,in_app_chat,4.0,resolved
416,458,2025-10-01 18:36:50.513682481,,kyc,medium,in_app_chat,,open
7013,7797,2025-10-01 18:46:40.212248623,2025-10-05 10:33:06.465402754,billing,low,in_app_chat,,resolved
2874,3226,2025-10-01 20:14:43.709833279,,card,medium,email,,open
1190,1312,2025-10-01 23:58:03.299237463,2025-10-02 03:07:55.725834624,card,high,phone,,resolved
1145,1266,2025-10-02 01:52:16.960618513,2025-10-03 00:18:57.388250141,billing,low,in_app_chat,4.0,resolved
1272,1388,2025-10-02 02:13:47.629169353,,kyc,medium,email,,open
6698,7479,2025-10-02 06:24:49.203462072,,billing,low,in_app_chat,,closed_unresolved
2384,2655,2025-10-02 08:27:44.526554760,2025-10-03 23:55:35.321325662,billing,low,email,,resolved
1508,1655,2025-10-02 09:01:29.502104433,2025-10-03 00:37:38.992943459,account,medium,phone,4.0,resolved
1129,1251,2025-10-02 10:48:06.847969642,2025-10-04 10:12:43.463236588,billing,medium,email,,resolved
6657,7445,2025-10-02 11:50:02.350640221,2025-10-02 13:30:54.863781628,billing,urgent,in_app_chat,4.0,resolved
2327,2588,2025-10-02 13:05:14.347504512,,account,medium,email,,closed_unresolved
2235,2472,2025-10-02 16:03:09.992705054,2025-10-04 15:06:34.553477537,app,low,in_app_chat,,resolved
6243,6979,2025-10-02 18:12:19.696482976,2025-10-03 00:36:25.074039254,account,high,phone,,resolved
2939,3313,2025-10-02 20:02:28.487821260,2025-10-03 16:45:07.395261252,billing,medium,email,,resolved
4144,4628,2025-10-02 20:51:28.710117118,,billing,low,email,,closed_unresolved
1090,1200,2025-10-02 21:52:37.632972184,2025-10-03 07:42:41.970608410,card,high,email,3.0,resolved
3534,3960,2025-10-02 22:44:28.851966605,2025-10-03 03:00:46.838901713,kyc,high,email,4.0,resolved
6803,7584,2025-10-02 22:45:21.958368108,2025-10-03 02:03:37.431598865,card,high,phone,,resolved
1651,1819,2025-10-03 00:07:15.206831757,2025-10-03 07:58:46.815759106,app,high,in_app_chat,4.0,resolved
665,741,2025-10-03 03:17:24.504915739,2025-10-04 01:56:59.588152403,card,medium,email,4.0,resolved
1863,2044,2025-10-03 05:49:36.600710560,2025-10-03 07:54:41.081710324,fraud,high,in_app_chat,,resolved
5962,6647,2025-10-03 08:06:08.184658547,2025-10-06 20:21:06.337384902,app,low,in_app_chat,4.0,resolved
415,457,2025-10-03 10:07:48.568182251,2025-10-07 00:44:00.893717134,kyc,low,in_app_chat,3.0,resolved
3543,3968,2025-10-03 11:36:46.814708139,2025-10-03 15:32:48.293987986,fraud,high,in_app_chat,4.0,resolved
3511,3935,2025-10-03 12:33:05.612452652,2025-10-03 19:21:28.767502478,kyc,high,in_app_chat,5.0,resolved
6469,7260,2025-10-03 13:17:16.653608050,2025-10-03 22:39:41.194221553,account,medium,phone,4.0,resolved
3366,3778,2025-10-03 14:59:05.642718123,,billing,medium,phone,,closed_unresolved
6446,7225,2025-10-03 17:17:11.843522491,2025-10-04 00:27:01.829332465,kyc,high,email,,resolved
3275,3671,2025-10-03 21:19:20.661127181,2025-10-03 23:24:51.845089973,kyc,high,in_app_chat,5.0,resolved
1439,1573,2025-10-03 21:31:06.632569822,2025-10-05 09:00:34.718412293,app,medium,email,4.0,resolved
1474,1613,2025-10-03 22:06:36.586512472,,billing,medium,in_app_chat,,closed_unresolved
6460,7254,2025-10-03 22:21:47.419971842,2025-10-04 06:49:16.378945595,kyc,high,in_app_chat,4.0,resolved
3378,3784,2025-10-04 04:58:38.122358949,2025-10-04 12:02:21.146579261,card,medium,in_app_chat,5.0,resolved
297,318,2025-10-04 09:22:23.297935869,2025-10-05 01:30:51.993974981,card,medium,email,,resolved
4551,5051,2025-10-04 11:14:22.132371799,2025-10-05 08:07:11.342407478,app,medium,in_app_chat,,resolved
1079,1189,2025-10-04 11:32:51.129506339,2025-10-04 16:03:39.806292754,kyc,high,email,4.0,resolved
98,103,2025-10-04 13:23:31.801970132,,kyc,medium,email,,closed_unresolved
5510,6143,2025-10-04 13:40:53.501864554,2025-10-05 14:20:13.715748792,account,medium,in_app_chat,3.0,resolved
535,591,2025-10-04 16:31:06.038731704,2025-10-05 07:00:15.428911996,billing,low,in_app_chat,4.0,resolved
4247,4734,2025-10-04 19:46:19.093676381,2025-10-05 11:33:34.665904074,card,medium,phone,4.0,resolved
530,587,2025-10-04 21:56:35.471389398,2025-10-07 16:11:42.350763364,app,low,in_app_chat,3.0,resolved
6156,6883,2025-10-05 03:11:26.207892084,2025-10-05 07:27:30.195091064,kyc,high,phone,,resolved
6352,7115,2025-10-05 03:20:52.744042262,2025-10-05 06:07:36.897341890,fraud,urgent,email,5.0,resolved
1953,2161,2025-10-05 04:31:37.980339588,2025-10-06 05:36:46.959866005,app,medium,in_app_chat,5.0,resolved
1467,1605,2025-10-05 10:07:49.011783922,,kyc,medium,in_app_chat,,open
6735,7517,2025-10-05 10:49:11.956537989,,card,medium,in_app_chat,,open
4211,4695,2025-10-05 11:14:20.059429606,2025-10-06 16:43:47.597971118,billing,low,email,5.0,resolved
1499,1643,2025-10-05 11:43:24.826478007,2025-10-06 07:27:31.281665859,billing,medium,in_app_chat,4.0,resolved
1912,2116,2025-10-05 15:19:10.500688865,2025-10-08 00:57:55.633946485,account,low,email,5.0,resolved
843,923,2025-10-06 01:54:41.168747969,2025-10-06 15:26:11.776367049,account,medium,in_app_chat,,resolved
7017,7801,2025-10-06 05:26:03.311932355,2025-10-08 00:50:53.976210198,account,low,in_app_chat,3.0,resolved
5070,5630,2025-10-06 07:36:51.898866526,2025-10-06 21:24:19.573804345,kyc,medium,in_app_chat,4.0,resolved
1267,1383,2025-10-06 09:00:08.374999786,2025-10-10 15:27:46.171533475,card,medium,in_app_chat,3.0,resolved
3132,3506,2025-10-06 10:45:51.161567339,2025-10-06 20:23:37.939239143,account,medium,in_app_chat,4.0,resolved
1405,1540,2025-10-06 15:48:40.399420132,2025-10-06 17:48:53.739628958,billing,urgent,in_app_chat,5.0,resolved
2807,3147,2025-10-06 15:51:53.297057344,2025-10-08 00:07:01.610339822,app,medium,phone,3.0,resolved
4155,4638,2025-10-06 16:40:42.530662289,2025-10-06 17:55:56.413902549,billing,urgent,email,,resolved
666,742,2025-10-06 18:47:12.144188391,2025-10-08 11:14:37.877785805,billing,low,email,,resolved
4158,4641,2025-10-06 20:10:38.931071715,2025-10-11 11:24:12.320434782,billing,low,in_app_chat,3.0,resolved
283,310,2025-10-06 22:22:52.612506465,2025-10-07 03:39:28.579654371,card,high,in_app_chat,3.0,resolved
1418,1552,2025-10-06 22:26:11.802710575,2025-10-07 03:48:51.528977314,billing,high,in_app_chat,,resolved
3205,3590,2025-10-07 00:21:52.826445895,2025-10-07 07:51:10.648670791,fraud,high,in_app_chat,,resolved
6086,6795,2025-10-07 02:32:07.459731386,2025-10-08 15:34:24.468571968,account,medium,in_app_chat,4.0,resolved
1822,1998,2025-10-07 03:39:44.759546297,2025-10-09 02:36:15.893307773,account,low,in_app_chat,4.0,resolved
1596,1763,2025-10-07 07:27:26.193171288,2025-10-07 17:27:21.368338971,fraud,high,phone,4.0,resolved
3490,3910,2025-10-07 10:07:37.229328045,2025-10-07 12:11:54.361474865,fraud,high,in_app_chat,4.0,resolved
6188,6914,2025-10-07 10:47:50.763069769,2025-10-07 16:25:03.880521245,card,high,in_app_chat,4.0,resolved
1300,1416,2025-10-07 11:42:16.167200806,2025-10-07 14:30:02.156340203,fraud,high,in_app_chat,5.0,resolved
1150,1274,2025-10-07 13:57:14.159550764,,card,high,email,,open
720,792,2025-10-07 19:27:05.674282980,2025-10-08 16:40:21.930274476,kyc,medium,in_app_chat,3.0,resolved
4078,4539,2025-10-07 21:22:43.614091312,2025-10-08 10:18:23.600895347,app,medium,phone,4.0,resolved
6558,7354,2025-10-07 21:46:11.676414233,,kyc,high,in_app_chat,,closed_unresolved
2204,2422,2025-10-07 22:28:41.930561372,2025-10-08 08:08:06.982828870,billing,high,email,4.0,resolved
5008,5578,2025-10-07 23:35:45.704782294,2025-10-08 13:27:47.818482565,account,medium,in_app_chat,,resolved
1713,1870,2025-10-08 02:07:47.164928568,2025-10-08 09:56:33.652532588,kyc,medium,in_app_chat,4.0,resolved
6799,7579,2025-10-08 05:15:10.944222508,2025-10-08 08:09:07.299906328,fraud,high,in_app_chat,4.0,resolved
1446,1582,2025-10-08 09:36:28.651260807,2025-10-11 04:38:16.827265584,app,low,in_app_chat,4.0,resolved
4197,4679,2025-10-08 11:54:20.779000136,2025-10-09 09:16:57.076536368,kyc,medium,in_app_chat,,resolved
5342,5942,2025-10-08 13:17:25.665580916,2025-10-09 14:34:43.773881223,kyc,medium,in_app_chat,3.0,resolved
2429,2714,2025-10-08 14:15:12.540403445,2025-10-09 04:42:09.928189794,card,medium,phone,,resolved
6498,7291,2025-10-08 19:14:52.780875636,2025-10-08 22:23:01.441687623,fraud,urgent,in_app_chat,,resolved
1444,1579,2025-10-08 19:48:01.350589057,2025-10-09 00:57:53.097613567,billing,medium,email,4.0,resolved
2911,3275,2025-10-08 23:40:17.653600675,2025-10-09 05:23:27.909591435,fraud,high,in_app_chat,,resolved
6040,6744,2025-10-09 00:27:00.593390819,,card,medium,email,,open
4103,4573,2025-10-09 04:28:43.324243579,,fraud,high,in_app_chat,,open
1164,1286,2025-10-09 06:03:38.860580318,2025-10-11 15:36:11.205773297,card,low,phone,3.0,resolved
6798,7579,2025-10-09 08:43:25.618028021,2025-10-09 12:29:46.359735905,billing,high,in_app_chat,3.0,resolved
6245,6981,2025-10-09 09:57:10.391692985,2025-10-11 01:50:56.041985651,card,low,in_app_chat,3.0,resolved
4250,4737,2025-10-09 10:04:24.001784598,2025-10-09 14:46:49.219185759,card,high,email,4.0,resolved
695,770,2025-10-09 11:51:15.761469032,2025-10-12 07:31:22.413496502,kyc,medium,in_app_chat,4.0,resolved
3873,4322,2025-10-09 15:31:38.764359459,2025-10-09 22:33:47.572109107,kyc,medium,in_app_chat,4.0,resolved
453,503,2025-10-09 15:36:10.345010316,2025-10-10 08:23:07.681477393,app,medium,email,4.0,resolved
839,916,2025-10-09 17:29:23.370091218,2025-10-14 13:20:56.718637610,account,low,phone,3.0,resolved
6739,7520,2025-10-09 17:45:10.385202772,2025-10-10 22:26:48.573903943,app,medium,in_app_chat,5.0,resolved
6193,6922,2025-10-09 17:49:22.386840980,2025-10-13 19:27:58.964868880,account,low,in_app_chat,,resolved
1148,1271,2025-10-09 18:20:38.071636321,2025-10-10 03:26:43.230083071,app,medium,in_app_chat,4.0,resolved
6165,6892,2025-10-09 19:32:21.124708995,2025-10-09 22:29:43.219499453,app,high,email,4.0,resolved
4583,5078,2025-10-09 21:50:17.476345726,2025-10-10 04:10:20.043166457,billing,medium,phone,,resolved
1327,1442,2025-10-09 23:20:11.574678935,,app,low,in_app_chat,,open
5684,6337,2025-10-09 23:30:13.850049101,2025-10-15 03:41:46.463523332,account,low,in_app_chat,4.0,resolved
2523,2837,2025-10-10 00:07:19.573778147,2025-10-13 13:16:44.137336645,app,low,in_app_chat,,resolved
6172,6897,2025-10-10 00:19:08.759607369,2025-10-10 07:05:27.300292457,card,high,email,4.0,resolved
6828,7609,2025-10-10 00:40:40.055732817,,fraud,high,email,,closed_unresolved
2358,2628,2025-10-10 02:31:58.138051915,2025-10-10 16:38:05.128511261,kyc,high,email,,resolved
3820,4261,2025-10-10 04:09:22.601986678,2025-10-11 22:28:49.254083759,card,low,email,4.0,resolved
2054,2262,2025-10-10 04:23:14.364639119,2025-10-10 09:40:04.958713971,fraud,high,email,4.0,resolved
2512,2830,2025-10-10 04:38:45.629432563,2025-10-10 21:13:59.279540321,kyc,medium,email,,resolved
4228,4715,2025-10-10 08:25:23.505968841,2025-10-11 05:42:52.050188681,card,medium,email,,resolved
881,964,2025-10-10 08:49:11.803780208,2025-10-10 16:42:23.227422030,app,medium,email,4.0,resolved
241,262,2025-10-10 08:57:50.707032949,2025-10-10 16:53:06.580919789,billing,medium,phone,3.0,resolved
2922,3291,2025-10-10 12:43:00.438742171,2025-10-11 17:30:42.326255678,account,medium,email,4.0,resolved
3419,3832,2025-10-10 14:03:38.250104457,2025-10-12 03:16:32.533291620,billing,low,email,4.0,resolved
4739,5278,2025-10-10 14:10:07.229680360,2025-10-11 23:37:49.827947945,billing,medium,email,4.0,resolved
2167,2389,2025-10-10 14:36:01.299207493,2025-10-11 04:07:16.485489715,billing,medium,in_app_chat,,resolved
1956,2163,2025-10-10 14:42:10.506345719,2025-10-11 08:34:28.332950330,kyc,medium,in_app_chat,5.0,resolved
3971,4432,2025-10-10 15:22:09.172610037,2025-10-10 17:21:42.593824411,fraud,urgent,phone,,resolved
5570,6211,2025-10-10 17:17:07.252147124,2025-10-11 13:12:10.302036017,fraud,medium,in_app_chat,5.0,resolved
184,205,2025-10-10 19:00:49.465994780,2025-10-12 09:00:20.545489607,app,medium,in_app_chat,3.0,resolved
2526,2839,2025-10-11 01:43:15.850992714,2025-10-11 12:35:25.856830371,card,medium,phone,,resolved
4517,5017,2025-10-11 01:45:26.368243038,2025-10-11 04:03:53.364227727,fraud,urgent,email,,resolved
575,637,2025-10-11 03:06:38.612770263,2025-10-12 01:17:03.572341650,billing,low,email,3.0,resolved
543,598,2025-10-11 03:28:55.441625787,2025-10-12 03:47:38.557944024,account,medium,in_app_chat,5.0,resolved
5718,6366,2025-10-11 05:09:30.846219929,2025-10-11 08:04:55.960583760,fraud,urgent,email,4.0,resolved
4327,4825,2025-10-11 07:35:00.707374665,2025-10-11 17:56:29.990702943,kyc,high,email,,resolved
4870,5438,2025-10-11 10:03:27.313310574,2025-10-15 09:26:47.861444565,app,low,email,,resolved
2881,3234,2025-10-11 10:32:06.449869374,2025-10-11 11:50:32.521032758,account,high,email,5.0,resolved
4778,5315,2025-10-11 11:42:00.278813171,2025-10-11 18:23:36.367218989,kyc,medium,phone,4.0,resolved
953,1038,2025-10-11 12:37:25.190018302,2025-10-16 10:43:17.517234074,billing,low,in_app_chat,3.0,resolved
1817,1995,2025-10-11 13:09:40.720692568,2025-10-11 16:53:08.367307278,card,high,in_app_chat,,resolved
4557,5055,2025-10-11 22:11:12.330373983,2025-10-13 13:52:42.948562089,card,medium,email,5.0,resolved
3965,4428,2025-10-11 22:27:50.637169874,2025-10-12 01:49:13.083721185,fraud,high,in_app_chat,5.0,resolved
4496,4995,2025-10-11 22:37:10.637377720,2025-10-12 01:36:59.683757638,card,urgent,email,3.0,resolved
27,21,2025-10-11 22:47:18.093614660,2025-10-16 16:42:06.141888509,app,low,email,,resolved
605,678,2025-10-12 00:13:52.400800102,2025-10-13 08:54:37.167168991,card,medium,in_app_chat,2.0,resolved
3256,3654,2025-10-12 01:59:27.119498985,2025-10-16 14:58:11.429941806,app,low,email,,resolved
3391,3803,2025-10-12 02:05:21.461044395,2025-10-14 21:42:33.725075530,kyc,medium,email,,resolved
1237,1360,2025-10-12 02:47:05.888828699,2025-10-12 23:50:28.789463529,app,medium,email,,resolved
6290,7036,2025-10-12 03:50:50.553576340,,card,medium,in_app_chat,,open
2959,3332,2025-10-12 04:56:49.039449316,,app,high,in_app_chat,,closed_unresolved
1290,1404,2025-10-12 06:33:16.640269433,2025-10-13 00:04:33.611544147,kyc,medium,in_app_chat,,resolved
4656,5170,2025-10-12 07:35:55.298863190,2025-10-22 08:24:24.872644522,account,low,in_app_chat,5.0,resolved
6354,7117,2025-10-12 16:08:41.586142943,2025-10-12 19:27:31.965306812,kyc,high,in_app_chat,3.0,resolved
6427,7201,2025-10-12 16:15:20.204059726,,billing,medium,phone,,open
117,126,2025-10-12 16:24:04.838888252,2025-10-13 22:01:04.442432964,card,medium,phone,3.0,resolved
1925,2132,2025-10-12 16:50:29.008503035,,billing,low,in_app_chat,,closed_unresolved
991,1082,2025-10-12 23:42:50.891496022,2025-10-13 16:30:50.200773932,app,medium,in_app_chat,3.0,resolved
2125,2345,2025-10-13 00:24:33.312285524,2025-10-14 00:15:30.324802343,account,medium,in_app_chat,5.0,resolved
4376,4872,2025-10-13 05:15:04.656828326,2025-10-14 00:07:23.449127364,card,medium,in_app_chat,,resolved
3722,4167,2025-10-13 07:03:56.671578028,2025-10-16 12:17:16.070201537,account,low,phone,4.0,resolved
2714,3047,2025-10-13 08:16:20.764417051,2025-10-13 13:36:30.473529872,fraud,high,in_app_chat,4.0,resolved
3235,3629,2025-10-13 09:30:31.846907053,2025-10-13 23:18:35.589778625,app,medium,email,3.0,resolved
580,645,2025-10-13 10:54:07.938170668,,card,medium,email,,open
4886,5453,2025-10-13 13:21:27.901367231,2025-10-14 04:31:27.349084788,app,medium,in_app_chat,2.0,resolved
5431,6048,2025-10-13 15:55:01.234043705,2025-10-13 19:08:16.719987101,fraud,urgent,email,5.0,resolved
3042,3410,2025-10-14 00:23:57.415465170,2025-10-14 10:35:29.589814821,account,high,email,3.0,resolved
3154,3529,2025-10-14 07:18:30.832129840,,kyc,high,in_app_chat,,open
3005,3372,2025-10-14 09:12:41.719732513,2025-10-14 20:38:28.806486370,kyc,medium,email,4.0,resolved
6302,7051,2025-10-14 10:20:06.564272922,2025-10-15 06:07:34.189061262,billing,medium,in_app_chat,4.0,resolved
5505,6134,2025-10-14 11:27:53.466780453,2025-10-15 02:49:54.631428035,card,medium,in_app_chat,,resolved
2817,3157,2025-10-14 12:08:19.806973437,2025-10-15 23:59:04.753574027,app,medium,phone,,resolved
388,433,2025-10-14 12:29:08.523284824,2025-10-14 18:55:43.254915733,fraud,high,phone,,resolved
2375,2646,2025-10-14 13:19:29.045237574,2025-10-17 05:39:28.916003541,account,low,email,,resolved
1977,2183,2025-10-14 15:39:13.513355864,2025-10-15 17:08:04.940308475,card,medium,in_app_chat,,resolved
2875,3227,2025-10-14 17:53:45.347132129,2025-10-15 08:16:41.590553407,kyc,high,phone,4.0,resolved
2411,2697,2025-10-14 21:28:57.420131761,2025-10-19 06:26:16.156976283,account,low,email,3.0,resolved
6254,6994,2025-10-14 22:00:55.249641702,2025-10-15 13:55:37.686846626,app,medium,in_app_chat,3.0,resolved
2696,3032,2025-10-15 01:01:21.907349941,,billing,medium,in_app_chat,,closed_unresolved
5365,5968,2025-10-15 01:07:24.881051985,2025-10-15 05:37:17.870108551,fraud,high,email,5.0,resolved
589,660,2025-10-15 03:35:49.116597786,2025-10-15 08:10:01.372744060,kyc,urgent,in_app_chat,4.0,resolved
5672,6320,2025-10-15 04:08:08.485071743,2025-10-16 08:22:56.585710590,kyc,medium,in_app_chat,4.0,resolved
4259,4748,2025-10-15 07:44:39.165132336,2025-10-18 15:28:32.709276926,app,low,email,,resolved
2669,3006,2025-10-15 08:30:54.327382156,2025-10-15 16:42:53.137480492,kyc,medium,email,,resolved
263,287,2025-10-15 09:58:03.159670042,,card,medium,in_app_chat,,closed_unresolved
3476,3893,2025-10-15 10:24:30.227714297,2025-10-16 03:03:09.721087587,billing,medium,email,4.0,resolved
588,660,2025-10-15 11:15:25.505494176,2025-10-16 05:09:30.726539047,kyc,medium,email,5.0,resolved
3437,3848,2025-10-15 11:52:10.488858700,2025-10-18 02:19:44.867666466,app,low,email,3.0,resolved
6718,7498,2025-10-15 12:29:22.309408930,2025-10-16 22:18:54.095458966,kyc,medium,in_app_chat,,resolved
3108,3472,2025-10-15 14:42:20.597364357,2025-10-15 21:12:28.470783028,kyc,high,email,,resolved
855,935,2025-10-15 17:45:09.840972767,2025-10-15 19:52:01.689944129,kyc,high,in_app_chat,3.0,resolved
3055,3417,2025-10-15 19:22:35.705877395,2025-10-16 11:43:37.521871039,billing,low,in_app_chat,,resolved
3464,3878,2025-10-15 19:24:46.961618362,2025-10-16 00:04:07.818972400,card,high,in_app_chat,,resolved
2517,2834,2025-10-15 22:18:53.616731520,2025-10-16 23:05:33.193777644,billing,medium,email,4.0,resolved
2240,2480,2025-10-15 23:20:57.377042139,2025-10-20 10:37:00.436679443,card,low,in_app_chat,5.0,resolved
680,755,2025-10-16 02:07:28.157728399,2025-10-17 03:30:46.493659330,app,medium,in_app_chat,,resolved
4791,5336,2025-10-16 02:41:43.259129079,2025-10-16 10:04:06.659386044,kyc,medium,in_app_chat,,resolved
1087,1196,2025-10-16 02:50:34.778945258,2025-10-17 08:39:50.070879160,account,medium,in_app_chat,4.0,resolved
6990,7775,2025-10-16 05:06:34.265164052,,kyc,high,in_app_chat,,open
3564,3999,2025-10-16 05:32:09.513683171,,account,high,in_app_chat,,open
3760,4214,2025-10-16 06:12:46.206087791,2025-10-19 06:21:44.983895448,app,low,email,3.0,resolved
1390,1522,2025-10-16 06:15:36.765903942,2025-10-16 17:30:55.833714745,billing,medium,in_app_chat,5.0,resolved
2600,2932,2025-10-16 13:51:04.682595335,2025-10-17 07:08:50.452361823,card,medium,phone,4.0,resolved
3230,3617,2025-10-16 16:30:45.752982408,2025-10-17 01:55:48.279599184,account,medium,email,5.0,resolved
1744,1913,2025-10-16 16:40:59.351863445,2025-10-16 18:21:14.844153925,card,urgent,in_app_chat,4.0,resolved
5474,6093,2025-10-16 18:54:59.895398263,2025-10-16 21:42:36.648351052,kyc,high,in_app_chat,3.0,resolved
2131,2350,2025-10-16 20:50:21.961361454,,app,low,email,,closed_unresolved
2128,2348,2025-10-16 20:58:43.808171387,,card,medium,phone,,closed_unresolved
6226,6958,2025-10-16 22:23:41.923060964,2025-10-17 00:55:01.536415422,account,urgent,email,5.0,resolved
6379,7151,2025-10-16 22:25:31.795033923,,fraud,high,in_app_chat,,closed_unresolved
3225,3613,2025-10-16 22:30:51.760055937,2025-10-17 04:17:00.721233311,kyc,high,in_app_chat,5.0,resolved
5984,6671,2025-10-16 23:50:33.745071168,2025-10-17 19:15:17.500269831,kyc,medium,in_app_chat,,resolved
2414,2698,2025-10-17 05:04:41.020549510,2025-10-18 02:30:05.438802264,billing,medium,phone,5.0,resolved
6496,7288,2025-10-17 06:21:19.703786826,2025-10-17 09:09:42.131138304,fraud,urgent,email,4.0,resolved
4062,4518,2025-10-17 06:52:08.950406004,2025-10-21 00:37:29.199085326,account,low,phone,,resolved
2421,2703,2025-10-17 13:00:43.679182464,2025-10-18 23:54:04.442710042,kyc,medium,in_app_chat,4.0,resolved
6191,6917,2025-10-17 14:41:02.902007610,2025-10-19 07:34:14.290985133,kyc,low,phone,4.0,resolved
967,1059,2025-10-17 14:43:07.863189761,2025-10-18 11:41:52.825610276,billing,medium,in_app_chat,5.0,resolved
3123,3497,2025-10-17 14:45:53.248951710,,kyc,medium,in_app_chat,,closed_unresolved
4459,4955,2025-10-17 15:36:27.206074765,2025-10-18 11:29:51.315184461,billing,medium,in_app_chat,5.0,resolved
2233,2466,2025-10-17 18:05:48.693914473,2025-10-19 17:08:10.480742782,app,low,in_app_chat,,resolved
2606,2937,2025-10-17 20:02:48.647341279,,app,low,in_app_chat,,open
6266,7009,2025-10-17 20:17:32.935465832,2025-10-17 23:06:19.501948934,kyc,high,in_app_chat,,resolved
7163,7963,2025-10-17 21:15:24.149839904,2025-10-18 06:15:17.168589836,fraud,high,in_app_chat,4.0,resolved
794,878,2025-10-17 23:32:37.864418176,2025-10-19 16:42:38.619348786,account,medium,in_app_chat,5.0,resolved
4205,4685,2025-10-18 04:36:23.226926915,2025-10-18 08:28:01.622527982,billing,urgent,in_app_chat,,resolved
397,440,2025-10-18 05:22:29.477876874,2025-10-18 12:21:51.696295777,kyc,medium,in_app_chat,3.0,resolved
601,672,2025-10-18 06:46:25.715443978,,kyc,urgent,email,,closed_unresolved
4326,4821,2025-10-18 07:37:09.143161406,2025-10-18 13:20:23.208019346,card,high,in_app_chat,5.0,resolved
5441,6059,2025-10-18 08:06:16.781792561,2025-10-19 00:13:14.470392117,app,medium,in_app_chat,5.0,resolved
6236,6973,2025-10-18 08:14:03.422874727,2025-10-18 20:19:17.727525367,kyc,medium,email,,resolved
5493,6120,2025-10-18 08:36:11.260672234,2025-10-18 19:40:46.460852038,fraud,high,in_app_chat,5.0,resolved
4034,4491,2025-10-18 08:37:05.073756876,2025-10-22 17:08:20.662433799,card,low,phone,,resolved
579,644,2025-10-18 09:53:32.423058902,2025-10-18 16:13:30.665839864,kyc,high,in_app_chat,5.0,resolved
1420,1554,2025-10-18 13:05:40.991378720,2025-10-20 02:32:40.065063843,billing,medium,in_app_chat,,resolved
2205,2426,2025-10-18 13:12:13.161102739,,card,medium,email,,closed_unresolved
5446,6065,2025-10-18 14:34:51.098973237,2025-10-18 21:22:03.152037425,kyc,medium,in_app_chat,4.0,resolved
1995,2198,2025-10-18 14:38:07.953576077,2025-10-18 19:40:00.633628107,fraud,high,phone,3.0,resolved
1099,1209,2025-10-18 18:15:31.164894213,2025-10-19 04:28:21.261762347,account,medium,in_app_chat,5.0,resolved
977,1066,2025-10-18 18:33:37.966575556,,fraud,urgent,email,,open
2361,2631,2025-10-18 18:50:02.561100593,,account,high,in_app_chat,,open
2614,2950,2025-10-19 00:13:20.725583816,2025-10-20 12:24:36.459068742,fraud,medium,email,,resolved
1186,1309,2025-10-19 00:40:45.685113421,2025-10-19 23:45:57.438418886,card,medium,in_app_chat,4.0,resolved
4973,5548,2025-10-19 00:47:46.584285849,,fraud,high,phone,,closed_unresolved
1629,1796,2025-10-19 02:20:18.786237861,2025-10-19 09:06:47.707698759,kyc,medium,in_app_chat,,resolved
6334,7089,2025-10-19 03:50:29.890607470,2025-10-20 06:21:32.269803806,billing,low,email,3.0,resolved
521,576,2025-10-19 04:30:23.088598473,2025-10-20 08:42:17.131008581,card,low,in_app_chat,3.0,resolved
602,676,2025-10-19 06:31:12.848185873,2025-10-20 09:43:17.535449816,billing,medium,in_app_chat,4.0,resolved
5232,5791,2025-10-19 07:39:46.205532302,2025-10-19 16:17:01.612340051,account,high,in_app_chat,,resolved
681,756,2025-10-19 09:17:29.485301239,2025-10-20 10:43:57.107145769,billing,medium,in_app_chat,4.0,resolved
4369,4863,2025-10-19 11:00:17.927241655,,app,low,in_app_chat,,closed_unresolved
3363,3775,2025-10-19 12:17:43.064348245,2025-10-20 17:31:16.871355909,billing,medium,in_app_chat,4.0,resolved
6834,7615,2025-10-19 15:22:33.797814029,2025-10-20 05:35:59.770846137,card,medium,in_app_chat,4.0,resolved
3468,3885,2025-10-19 17:35:28.240990166,2025-10-20 22:32:37.661544992,card,low,in_app_chat,3.0,resolved
6470,7260,2025-10-19 18:03:12.313902170,2025-10-20 00:32:41.713253615,billing,medium,email,5.0,resolved
4766,5304,2025-10-19 20:18:55.983596754,2025-10-20 09:03:54.603938359,billing,medium,in_app_chat,4.0,resolved
4761,5299,2025-10-19 21:49:42.596052994,,account,low,in_app_chat,,open
4166,4647,2025-10-20 03:59:19.044776676,,app,low,email,,open
4536,5037,2025-10-20 04:25:37.278744827,2025-10-20 18:10:54.734214162,billing,medium,in_app_chat,3.0,resolved
3573,4010,2025-10-20 05:08:20.658605490,2025-10-20 06:45:11.274449149,app,high,phone,4.0,resolved
6931,7710,2025-10-20 07:57:06.225818569,2025-10-21 13:34:53.435645968,billing,medium,in_app_chat,3.0,resolved
5499,6130,2025-10-20 08:27:03.388385733,,kyc,high,email,,closed_unresolved
6408,7183,2025-10-20 09:05:47.962829304,,account,low,email,,open
2140,2359,2025-10-20 13:57:24.154198470,2025-10-21 19:13:27.025814708,card,medium,phone,,resolved
3601,4029,2025-10-20 21:55:56.205517918,2025-10-21 03:29:30.022241124,kyc,high,email,4.0,resolved
5641,6287,2025-10-20 22:09:48.153352766,2025-10-21 17:52:08.651673022,kyc,medium,in_app_chat,4.0,resolved
2068,2277,2025-10-21 00:42:37.705739071,2025-10-25 23:28:51.411923927,account,low,email,,resolved
2406,2691,2025-10-21 01:21:28.427476106,2025-10-21 14:58:13.007312492,account,medium,in_app_chat,,resolved
5527,6161,2025-10-21 01:56:50.892387794,2025-10-22 08:41:51.594460427,card,medium,in_app_chat,4.0,resolved
4636,5135,2025-10-21 02:59:19.221910523,2025-10-22 07:12:30.345243282,billing,medium,in_app_chat,3.0,resolved
6974,7759,2025-10-21 03:12:37.364229518,2025-10-22 02:03:33.523801336,kyc,medium,email,,resolved
1749,1920,2025-10-21 03:41:17.599364404,2025-10-23 22:38:56.631038088,billing,low,phone,4.0,resolved
4661,5172,2025-10-21 07:08:53.349226506,2025-10-22 02:29:53.914753922,billing,medium,in_app_chat,,resolved
1519,1667,2025-10-21 08:35:40.066307485,2025-10-22 04:10:54.505518734,card,low,in_app_chat,,resolved
5223,5784,2025-10-21 08:59:59.905484387,2025-10-22 05:43:51.527356737,card,medium,email,5.0,resolved
1656,1822,2025-10-21 12:14:51.606932956,2025-10-21 13:19:22.483807492,fraud,urgent,email,5.0,resolved
4576,5071,2025-10-21 13:14:35.663154725,2025-10-28 03:33:08.410164924,fraud,medium,in_app_chat,4.0,resolved
3857,4309,2025-10-21 15:36:44.071686325,2025-10-21 18:08:19.909568973,card,high,in_app_chat,4.0,resolved
1516,1663,2025-10-21 16:07:18.021405642,2025-10-21 17:10:23.602859152,app,urgent,in_app_chat,,resolved
5103,5661,2025-10-21 16:41:48.965327376,2025-10-21 23:14:48.567185170,card,high,phone,4.0,resolved
5862,6537,2025-10-21 21:16:39.847621100,2025-10-22 05:51:35.396395173,fraud,high,in_app_chat,4.0,resolved
5264,5828,2025-10-21 21:22:30.377513291,2025-10-22 05:24:29.505903703,card,high,in_app_chat,,resolved
2286,2537,2025-10-21 23:55:08.574965304,2025-10-22 13:49:34.307810833,app,medium,in_app_chat,5.0,resolved
1442,1574,2025-10-22 00:18:14.602647254,,billing,low,email,,open
6278,7020,2025-10-22 03:59:37.395192652,2025-10-22 16:20:44.906912587,billing,medium,in_app_chat,,resolved
7151,7951,2025-10-22 08:45:16.020448027,2025-10-23 03:54:34.840490133,app,medium,in_app_chat,4.0,resolved
2185,2403,2025-10-22 10:16:22.013590468,2025-10-22 22:19:03.951919919,billing,high,in_app_chat,5.0,resolved
6066,6772,2025-10-22 19:31:10.532967231,2025-10-23 12:40:23.610500524,billing,low,in_app_chat,3.0,resolved
6370,7137,2025-10-22 19:39:19.350612383,2025-10-22 23:30:59.629074657,fraud,high,in_app_chat,,resolved
1884,2071,2025-10-22 20:39:58.123878059,2025-10-22 23:38:21.946706401,fraud,high,email,4.0,resolved
6824,7607,2025-10-22 21:07:36.024540245,,kyc,medium,phone,,closed_unresolved
3282,3677,2025-10-22 21:57:42.474258961,2025-10-23 04:53:28.092937941,fraud,high,in_app_chat,5.0,resolved
1536,1690,2025-10-22 23:51:48.232662096,2025-10-23 03:32:54.292509738,app,medium,email,5.0,resolved
6110,6819,2025-10-23 00:11:33.745536697,2025-10-23 06:29:54.820500529,kyc,high,in_app_chat,,resolved
4800,5348,2025-10-23 00:55:37.845527240,2025-10-24 11:32:00.727024442,app,medium,email,4.0,resolved
5566,6201,2025-10-23 04:25:53.032641038,2025-10-23 14:46:28.371803145,card,medium,in_app_chat,4.0,resolved
1431,1567,2025-10-23 06:57:31.179560296,2025-10-24 12:38:48.530063400,card,medium,email,,resolved
3955,4415,2025-10-23 11:28:30.422699065,2025-10-23 16:40:09.379057731,card,high,in_app_chat,4.0,resolved
2332,2592,2025-10-23 11:51:39.961403110,2025-10-23 20:12:06.251312386,app,medium,email,,resolved
6171,6896,2025-10-23 16:19:04.834187048,2025-10-24 06:10:51.682950995,card,high,in_app_chat,3.0,resolved
2550,2874,2025-10-23 17:18:50.089061367,2025-10-28 21:42:50.116547550,app,low,in_app_chat,3.0,resolved
598,669,2025-10-23 21:29:17.906795833,2025-10-24 02:30:31.439864779,fraud,high,email,5.0,resolved
5404,6012,2025-10-23 21:57:29.256964591,2025-10-24 12:42:04.575010797,kyc,medium,email,3.0,resolved
5651,6296,2025-10-24 00:50:08.137164759,,billing,low,phone,,closed_unresolved
1215,1337,2025-10-24 02:16:11.962839201,2025-10-24 22:33:45.468600990,kyc,medium,phone,3.0,resolved
1393,1526,2025-10-24 04:05:04.250384229,2025-10-24 06:41:05.213261605,app,high,in_app_chat,,resolved
212,233,2025-10-24 05:45:29.827959606,2025-10-29 14:38:24.565429381,account,low,in_app_chat,4.0,resolved
1025,1128,2025-10-24 15:02:59.088935549,2025-10-26 06:12:01.242217844,kyc,medium,email,5.0,resolved
5516,6149,2025-10-24 17:44:25.790196096,2025-10-24 21:19:26.592580690,fraud,urgent,email,4.0,resolved
3649,4085,2025-10-24 21:30:00.554419630,2025-10-26 03:00:55.438399791,card,medium,in_app_chat,,resolved
2810,3152,2025-10-24 22:29:26.966306492,2025-10-25 13:47:52.449369030,fraud,high,in_app_chat,,resolved
1423,1556,2025-10-25 01:17:15.275758297,2025-10-27 05:17:15.773844152,billing,medium,in_app_chat,4.0,resolved
2120,2339,2025-10-25 01:23:53.054454514,2025-10-25 21:15:58.880722123,card,medium,email,4.0,resolved
1615,1783,2025-10-25 02:44:24.810084113,2025-10-25 06:56:48.944180802,card,high,in_app_chat,,resolved
2079,2285,2025-10-25 03:56:17.433866771,2025-10-27 08:31:21.453694737,account,low,email,4.0,resolved
6627,7409,2025-10-25 05:27:36.861437574,2025-10-25 22:26:14.355751653,card,medium,in_app_chat,4.0,resolved
5805,6469,2025-10-25 06:50:24.377285869,2025-10-27 22:40:00.866545465,billing,low,in_app_chat,3.0,resolved
6380,7153,2025-10-25 08:34:14.863491727,2025-10-27 10:34:58.535485268,app,low,in_app_chat,3.0,resolved
5909,6591,2025-10-25 10:13:24.262712002,2025-10-28 13:44:09.860929470,billing,low,in_app_chat,3.0,resolved
2582,2904,2025-10-25 11:46:26.520018911,2025-10-25 15:02:28.968737594,account,high,phone,4.0,resolved
1770,1946,2025-10-25 15:08:03.142646280,2025-10-26 09:46:10.627519765,billing,medium,phone,,resolved
1468,1605,2025-10-25 15:18:16.904638103,2025-10-25 21:40:29.876977050,billing,high,in_app_chat,,resolved
5197,5761,2025-10-25 19:12:08.646316021,,fraud,high,in_app_chat,,open
3143,3518,2025-10-25 21:10:19.797402288,2025-10-27 14:11:28.850914946,billing,low,phone,4.0,resolved
836,913,2025-10-25 22:04:49.356913857,2025-10-26 15:16:46.473192843,card,medium,email,4.0,resolved
5157,5725,2025-10-25 22:06:32.044407016,2025-10-27 01:37:59.256998839,card,medium,in_app_chat,5.0,resolved
865,949,2025-10-26 01:16:41.903545658,,fraud,urgent,in_app_chat,,closed_unresolved
5701,6352,2025-10-26 01:55:16.650444671,2025-10-27 07:20:50.827060145,billing,medium,email,3.0,resolved
3581,4016,2025-10-26 02:39:00.982655239,2025-10-27 10:06:28.116814595,card,medium,in_app_chat,,resolved
6222,6954,2025-10-26 03:25:17.588425569,,billing,medium,email,,closed_unresolved
5938,6630,2025-10-26 03:40:01.341317104,,card,medium,email,,closed_unresolved
791,875,2025-10-26 03:47:36.575663746,2025-10-26 17:30:48.104973286,app,medium,email,3.0,resolved
3243,3640,2025-10-26 04:01:57.188868790,2025-10-26 21:50:14.981497806,app,medium,email,,resolved
2482,2790,2025-10-26 04:19:50.845643705,2025-10-26 11:31:13.758532596,card,medium,in_app_chat,,resolved
1555,1713,2025-10-26 05:00:49.087961190,2025-10-26 10:08:48.509012943,card,urgent,in_app_chat,4.0,resolved
1752,1923,2025-10-26 05:31:02.592428456,2025-10-26 09:33:08.234847072,card,high,phone,3.0,resolved
1895,2093,2025-10-26 06:31:14.564878239,,account,low,email,,open
4528,5029,2025-10-26 07:08:57.800646003,,app,medium,in_app_chat,,closed_unresolved
1917,2124,2025-10-26 08:47:07.403981513,2025-10-26 23:13:55.435153327,kyc,high,in_app_chat,,resolved
3009,3374,2025-10-26 09:28:13.610001884,2025-10-26 13:19:09.036421984,fraud,high,in_app_chat,4.0,resolved
661,735,2025-10-26 09:28:32.633426953,,billing,medium,in_app_chat,,open
719,790,2025-10-26 10:13:33.364740495,2025-10-29 19:21:48.890720442,card,low,in_app_chat,5.0,resolved
2841,3178,2025-10-26 10:37:31.986424202,2025-10-26 21:32:29.149760675,card,medium,phone,,resolved
993,1083,2025-10-26 13:29:37.417686302,2025-10-27 18:49:01.931064293,app,low,in_app_chat,4.0,resolved
258,282,2025-10-26 15:25:08.773434768,2025-10-27 13:31:35.514892912,billing,medium,in_app_chat,4.0,resolved
4115,4595,2025-10-26 17:03:02.282147147,2025-10-28 22:49:15.460459334,card,medium,email,4.0,resolved
3890,4343,2025-10-26 18:10:40.209331854,2025-10-27 03:40:56.104846478,billing,medium,email,,resolved
37,34,2025-10-26 18:34:08.622790726,2025-10-28 17:08:23.179607731,billing,low,in_app_chat,3.0,resolved
2975,3343,2025-10-26 18:48:01.666370039,2025-10-27 07:59:57.255965287,card,medium,in_app_chat,3.0,resolved
4782,5319,2025-10-26 21:01:37.611804138,2025-10-27 01:42:41.633707548,account,high,phone,5.0,resolved
3314,3709,2025-10-27 00:40:47.997846554,2025-10-27 05:57:39.285855981,kyc,high,in_app_chat,,resolved
4647,5158,2025-10-27 01:05:07.432459457,2025-10-27 14:18:57.057193356,kyc,medium,phone,4.0,resolved
3653,4090,2025-10-27 01:11:00.632504569,2025-10-27 23:05:36.466679158,card,medium,in_app_chat,,resolved
5997,6688,2025-10-27 06:02:53.870553196,2025-10-27 23:41:25.700854296,kyc,high,phone,,resolved
1857,2036,2025-10-27 09:36:34.056311647,2025-10-29 07:58:06.246250397,kyc,medium,email,4.0,resolved
4005,4462,2025-10-27 10:20:18.273858849,2025-10-30 12:31:36.057818974,app,medium,in_app_chat,5.0,resolved
4843,5409,2025-10-28 00:23:19.242866941,2025-10-28 12:29:20.435891371,app,medium,phone,4.0,resolved
5633,6282,2025-10-28 00:55:52.493882592,2025-10-28 18:30:59.492159899,billing,medium,phone,4.0,resolved
1733,1893,2025-10-28 08:05:43.728081236,2025-10-29 14:56:46.393562823,billing,medium,in_app_chat,5.0,resolved
6444,7225,2025-10-28 08:07:14.114919552,2025-10-29 13:42:52.651990091,account,medium,email,3.0,resolved
2268,2514,2025-10-28 14:50:18.661999842,2025-10-29 01:32:39.237841616,kyc,medium,in_app_chat,,resolved
6439,7221,2025-10-28 15:31:32.686100019,2025-10-29 02:22:37.969994079,account,medium,phone,5.0,resolved
1041,1146,2025-10-28 19:19:16.600621998,2025-10-28 23:20:31.459630329,card,high,email,,resolved
2920,3289,2025-10-29 01:57:13.017127066,2025-10-29 15:52:47.025501943,kyc,medium,in_app_chat,,resolved
5736,6391,2025-10-29 03:54:21.180550204,2025-10-29 10:56:30.566840484,card,medium,in_app_chat,4.0,resolved
2549,2872,2025-10-29 08:37:37.515151194,2025-10-31 03:54:45.508363924,app,medium,email,4.0,resolved
3795,4240,2025-10-29 09:22:50.838361095,2025-10-30 16:58:59.376458267,card,medium,in_app_chat,,resolved
941,1026,2025-10-29 10:10:21.258555294,,billing,medium,in_app_chat,,open
1524,1675,2025-10-29 11:13:41.303096889,2025-10-29 22:41:18.352291404,app,high,email,2.0,resolved
4857,5426,2025-10-29 11:35:47.075426926,,card,medium,in_app_chat,,open
6274,7015,2025-10-29 14:46:57.382318168,2025-10-31 00:33:59.694107551,billing,low,phone,3.0,resolved
3395,3804,2025-10-29 17:04:06.456307399,2025-10-30 18:57:51.368836934,card,medium,in_app_chat,3.0,resolved
5129,5696,2025-10-29 19:38:32.741986920,2025-10-29 20:49:44.716865332,kyc,urgent,in_app_chat,,resolved
35,30,2025-10-29 20:46:11.008994931,2025-10-31 17:44:30.883998376,card,medium,email,,resolved
6481,7270,2025-10-29 21:08:00.175389584,2025-10-30 05:47:43.630144181,kyc,high,in_app_chat,4.0,resolved
6030,6730,2025-10-29 22:15:39.292273028,2025-10-30 00:27:06.121762648,card,high,email,4.0,resolved
1918,2125,2025-10-30 03:34:24.303903162,,account,high,phone,,open
1120,1240,2025-10-30 05:22:52.346659111,2025-10-31 05:11:13.089743410,card,medium,email,3.0,resolved
6847,7632,2025-10-30 05:56:00.856307374,,app,medium,in_app_chat,,open
1518,1664,2025-10-30 08:21:50.152629568,2025-10-30 11:18:14.872078991,fraud,urgent,in_app_chat,4.0,resolved
6877,7658,2025-10-30 08:45:28.925208887,2025-10-30 11:45:03.428661993,app,high,email,,resolved
3160,3533,2025-10-30 10:30:46.905389884,2025-10-31 22:16:22.857369732,card,medium,email,3.0,resolved
6212,6939,2025-10-30 11:57:39.286547426,2025-10-30 15:19:37.975450287,fraud,urgent,in_app_chat,,resolved
6033,6735,2025-10-30 12:16:22.913394919,2025-10-31 03:34:55.920368408,account,medium,in_app_chat,4.0,resolved
3757,4209,2025-10-30 12:37:59.981258259,2025-10-30 21:48:19.542056638,fraud,high,email,5.0,resolved
916,1001,2025-10-30 13:23:48.218909524,2025-10-31 04:16:53.861528185,card,medium,in_app_chat,,resolved
3985,4443,2025-10-30 14:25:26.975483166,2025-10-30 21:53:46.969578052,app,medium,in_app_chat,,resolved
2955,3330,2025-10-31 03:02:17.784402604,2025-11-02 22:17:04.734077509,billing,low,in_app_chat,4.0,resolved
3706,4145,2025-10-31 04:06:57.923950086,2025-11-01 20:28:06.841315376,account,low,in_app_chat,3.0,resolved
702,778,2025-10-31 04:49:15.413403552,2025-10-31 20:15:22.908473446,account,medium,phone,4.0,resolved
2163,2385,2025-10-31 06:37:33.751177127,,card,medium,in_app_chat,,open
4719,5241,2025-10-31 07:17:10.595234460,2025-10-31 14:57:31.431902071,account,medium,phone,4.0,resolved
2879,3230,2025-10-31 08:05:25.793490117,2025-10-31 19:48:20.900547425,kyc,high,email,5.0,resolved
2087,2296,2025-10-31 09:33:40.855737159,,app,medium,email,,open
6268,7011,2025-10-31 11:07:08.919231049,2025-11-03 15:20:44.297999433,card,low,phone,4.0,resolved
1891,2081,2025-10-31 13:00:07.461519865,2025-11-01 15:32:34.279472878,app,low,in_app_chat,3.0,resolved
4444,4941,2025-10-31 13:42:13.121877144,,account,low,email,,closed_unresolved
392,436,2025-10-31 14:05:42.612840646,2025-11-01 02:08:40.125159462,fraud,high,phone,5.0,resolved
4404,4893,2025-10-31 15:08:36.855941072,,kyc,high,in_app_chat,,closed_unresolved
2952,3326,2025-10-31 16:46:47.655357643,,kyc,low,email,,closed_unresolved
6664,7452,2025-10-31 17:09:37.777910929,2025-11-01 01:55:13.331011821,kyc,medium,in_app_chat,3.0,resolved
7189,7994,2025-10-31 21:07:44.785571499,,card,medium,in_app_chat,,open
7097,7902,2025-11-01 03:29:27.924290422,2025-11-01 23:20:46.876465459,account,medium,in_app_chat,4.0,resolved
7104,7913,2025-11-01 06:57:10.294415700,,fraud,urgent,email,,open
7109,7916,2025-11-01 07:21:15.171114421,2025-11-05 06:33:04.329489298,kyc,low,in_app_chat,3.0,resolved
6257,6997,2025-11-01 08:58:59.391104350,2025-11-01 18:12:09.071714562,app,medium,in_app_chat,,resolved
3082,3449,2025-11-01 11:53:21.984359308,2025-11-02 19:52:27.834735348,card,medium,email,3.0,resolved
5671,6319,2025-11-01 14:54:46.143965707,2025-11-03 11:11:14.905334093,app,low,in_app_chat,,resolved
1322,1437,2025-11-01 15:58:56.268273043,2025-11-01 23:22:45.440061679,billing,medium,email,3.0,resolved
5889,6563,2025-11-01 20:36:21.116115665,2025-11-04 17:05:14.913592424,billing,low,email,3.0,resolved
5759,6412,2025-11-01 23:06:51.162129187,,card,high,in_app_chat,,open
3687,4125,2025-11-01 23:37:53.369215452,2025-11-05 05:21:31.266617190,billing,low,in_app_chat,3.0,resolved
4462,4957,2025-11-02 01:32:43.414151213,2025-11-03 07:32:44.894541081,billing,low,in_app_chat,4.0,resolved
4397,4884,2025-11-02 05:44:52.657689860,2025-11-04 22:25:44.840099721,app,low,in_app_chat,,resolved
6215,6940,2025-11-02 06:50:11.194784139,2025-11-02 16:56:48.995898133,kyc,medium,in_app_chat,4.0,resolved
3788,4231,2025-11-02 07:19:22.464331230,2025-11-02 08:46:15.143951996,fraud,urgent,phone,4.0,resolved
7018,7803,2025-11-02 07:45:31.457067321,2025-11-03 20:21:29.390636425,billing,medium,email,,resolved
7162,7963,2025-11-02 09:10:00.302310451,2025-11-04 23:53:41.038849863,app,low,in_app_chat,4.0,resolved
1249,1370,2025-11-02 11:52:11.883265164,2025-11-03 19:02:05.154055140,app,medium,in_app_chat,,resolved
4008,4468,2025-11-02 12:56:16.485882627,2025-11-02 22:02:08.441556904,card,high,in_app_chat,5.0,resolved
5990,6677,2025-11-02 13:15:03.686064664,2025-11-02 16:26:35.084215482,fraud,high,phone,5.0,resolved
237,260,2025-11-02 15:44:36.233245628,2025-11-03 00:11:58.941500382,card,medium,in_app_chat,5.0,resolved
4772,5307,2025-11-02 18:31:32.674466458,2025-11-03 19:03:35.611936284,card,medium,in_app_chat,,resolved
3034,3404,2025-11-02 23:16:57.636996669,2025-11-03 05:28:54.625932084,billing,high,email,3.0,resolved
4562,5060,2025-11-02 23:54:39.145948035,2025-11-06 07:48:53.051529006,billing,low,in_app_chat,,resolved
217,235,2025-11-03 02:19:28.968972055,2025-11-03 12:23:39.545242179,app,high,phone,4.0,resolved
144,173,2025-11-03 03:59:19.881026482,2025-11-03 06:42:05.741473872,app,urgent,in_app_chat,4.0,resolved
6790,7573,2025-11-03 04:59:13.089918886,,app,urgent,email,,closed_unresolved
5548,6186,2025-11-03 07:57:02.287248693,2025-11-03 23:37:33.677522994,kyc,medium,in_app_chat,,resolved
5268,5834,2025-11-03 09:22:56.443142124,2025-11-03 17:16:48.805805325,billing,high,in_app_chat,4.0,resolved
6144,6858,2025-11-03 10:15:21.422324808,,kyc,medium,in_app_chat,,open
544,598,2025-11-03 11:14:08.327266788,2025-11-03 12:49:35.653699609,fraud,urgent,in_app_chat,4.0,resolved
2742,3064,2025-11-03 13:36:53.717824687,2025-11-04 06:58:10.116910605,app,medium,in_app_chat,4.0,resolved
5670,6319,2025-11-03 15:29:27.253036872,2025-11-04 11:19:57.858153864,card,medium,email,4.0,resolved
2638,2973,2025-11-03 18:17:57.019798829,2025-11-03 23:45:53.327458797,card,high,in_app_chat,5.0,resolved
240,262,2025-11-03 19:01:08.159501251,2025-11-04 00:19:31.612552982,kyc,medium,email,4.0,resolved
120,129,2025-11-03 20:34:30.555753358,2025-11-03 23:04:28.690262039,app,urgent,in_app_chat,4.0,resolved
219,238,2025-11-03 21:13:18.465609288,2025-11-05 01:08:57.866146292,kyc,medium,email,3.0,resolved
7095,7899,2025-11-03 22:28:26.106511497,2025-11-04 01:07:57.217083113,kyc,high,phone,3.0,resolved
6435,7211,2025-11-04 00:57:00.170210485,,billing,medium,in_app_chat,,open
2613,2947,2025-11-04 02:52:40.724760904,2025-11-04 11:11:30.469749317,card,medium,in_app_chat,,resolved
40,40,2025-11-04 05:01:13.388164282,2025-11-04 14:16:55.146742454,fraud,high,in_app_chat,,resolved
1551,1707,2025-11-04 10:01:28.670703147,2025-11-05 10:18:42.673946638,app,low,in_app_chat,4.0,resolved
5476,6094,2025-11-04 10:08:25.568942654,2025-11-05 06:50:19.091616568,card,medium,in_app_chat,,resolved
3294,3689,2025-11-04 10:52:43.409953125,,account,medium,in_app_chat,,open
727,800,2025-11-04 11:26:42.804848071,2025-11-04 20:44:59.193282277,card,high,in_app_chat,3.0,resolved
4901,5465,2025-11-04 13:53:09.061553538,2025-11-04 23:16:09.425904331,kyc,high,email,,resolved
6763,7541,2025-11-04 15:59:13.443121936,2025-11-05 02:25:32.829455233,account,high,email,5.0,resolved
6137,6851,2025-11-04 18:28:16.720594366,2025-11-05 04:59:44.802475082,billing,medium,phone,,resolved
3322,3722,2025-11-04 19:56:00.870564935,2025-11-06 01:22:07.269768441,card,medium,phone,4.0,resolved
6717,7494,2025-11-04 20:58:56.964295992,2025-11-05 09:37:22.683887112,account,medium,email,5.0,resolved
5597,6240,2025-11-04 21:05:46.798991099,2025-11-05 05:14:17.979710510,card,medium,email,3.0,resolved
1401,1532,2025-11-05 03:37:17.552558982,2025-11-05 10:18:21.675682886,card,high,in_app_chat,5.0,resolved
6020,6717,2025-11-05 06:51:27.049777738,,app,low,email,,open
2787,3123,2025-11-05 09:35:01.070601800,2025-11-06 16:37:45.835891248,app,low,in_app_chat,3.0,resolved
6660,7446,2025-11-05 10:38:08.908693480,2025-11-06 00:51:49.805444869,billing,medium,phone,4.0,resolved
6665,7453,2025-11-05 12:00:39.322368993,2025-11-05 23:02:08.074577687,app,medium,in_app_chat,4.0,resolved
4523,5021,2025-11-05 16:50:36.085748686,2025-11-06 11:57:39.327093118,kyc,low,email,4.0,resolved
155,180,2025-11-05 16:52:11.740940342,,billing,medium,in_app_chat,,closed_unresolved
2996,3361,2025-11-05 18:19:59.779973674,2025-11-06 00:14:45.398686547,account,high,in_app_chat,5.0,resolved
899,976,2025-11-05 19:16:08.880252507,2025-11-05 22:02:29.407961519,fraud,urgent,in_app_chat,,resolved
2183,2402,2025-11-05 19:42:42.091057552,,card,medium,in_app_chat,,closed_unresolved
6794,7574,2025-11-05 23:02:06.960368826,2025-11-06 06:33:44.846941796,card,high,in_app_chat,4.0,resolved
3131,3506,2025-11-05 23:14:26.876450690,2025-11-06 12:42:40.997482187,kyc,low,email,3.0,resolved
2772,3103,2025-11-06 02:59:04.410134704,,billing,high,email,,open
1896,2093,2025-11-06 03:00:35.940933852,2025-11-06 14:33:29.831176949,kyc,high,in_app_chat,,resolved
684,761,2025-11-06 07:51:26.664071768,2025-11-06 16:46:49.361262831,billing,high,email,5.0,resolved
6750,7526,2025-11-06 08:14:06.417489059,2025-11-06 14:38:37.790472336,fraud,high,phone,5.0,resolved
13,9,2025-11-06 09:46:35.486315495,2025-11-08 19:57:58.384928651,billing,medium,phone,3.0,resolved
6039,6743,2025-11-06 13:15:43.611857971,2025-11-07 00:09:42.123995625,billing,medium,in_app_chat,5.0,resolved
2777,3113,2025-11-06 13:35:00.576835082,2025-11-07 14:12:53.354820548,card,medium,in_app_chat,3.0,resolved
2536,2849,2025-11-06 17:45:57.074302491,2025-11-07 03:47:09.740003561,account,medium,email,,resolved
6901,7685,2025-11-06 18:10:29.019600644,2025-11-07 01:34:29.067275523,kyc,medium,in_app_chat,5.0,resolved
4179,4654,2025-11-06 19:00:35.065871432,2025-11-07 14:43:35.629601808,card,medium,in_app_chat,,resolved
1633,1798,2025-11-06 19:25:22.023698793,2025-11-08 00:25:56.965795247,card,medium,in_app_chat,,resolved
4011,4472,2025-11-06 19:41:03.760238497,2025-11-07 04:18:49.158289011,card,medium,in_app_chat,5.0,resolved
2040,2248,2025-11-06 19:54:40.865500221,2025-11-06 21:35:13.909446676,fraud,high,email,4.0,resolved
2063,2270,2025-11-06 19:55:15.175767613,2025-11-06 23:59:06.694443745,billing,medium,in_app_chat,4.0,resolved
3837,4282,2025-11-06 20:21:29.015074975,2025-11-08 05:18:38.738941475,card,medium,phone,3.0,resolved
4415,4903,2025-11-06 20:42:01.610741185,2025-11-08 11:03:39.035345979,app,medium,email,4.0,resolved
5534,6169,2025-11-06 22:01:23.620669968,2025-11-07 14:10:36.829770916,card,high,in_app_chat,5.0,resolved
1928,2133,2025-11-07 00:41:57.150320582,2025-11-08 01:26:14.101634687,kyc,medium,in_app_chat,3.0,resolved
5214,5780,2025-11-07 02:03:32.409772084,2025-11-08 10:17:53.275694131,billing,medium,email,,resolved
6515,7308,2025-11-07 03:36:23.728611640,2025-11-09 10:30:39.857105963,account,low,in_app_chat,,resolved
3017,3386,2025-11-07 04:26:51.697150558,2025-11-07 07:23:46.587097297,fraud,high,email,,resolved
5260,5825,2025-11-07 05:49:24.352827378,2025-11-08 15:15:42.111078826,billing,medium,phone,,resolved
3694,4132,2025-11-07 06:36:04.365913288,2025-11-07 17:52:47.152621715,kyc,medium,in_app_chat,3.0,resolved
1618,1784,2025-11-07 06:44:53.378238923,2025-11-07 21:41:02.311676243,card,medium,email,5.0,resolved
4672,5189,2025-11-07 09:48:35.211214491,2025-11-07 11:42:35.025472300,kyc,urgent,in_app_chat,,resolved
4713,5235,2025-11-07 14:16:28.260409926,2025-11-07 21:28:24.168972658,fraud,high,in_app_chat,,resolved
1193,1314,2025-11-07 14:28:54.540956493,2025-11-07 17:00:21.725612874,fraud,urgent,in_app_chat,,resolved
5030,5595,2025-11-07 15:06:36.397766520,2025-11-09 16:54:54.302389167,billing,low,in_app_chat,4.0,resolved
2925,3297,2025-11-07 15:55:12.164025325,,billing,medium,in_app_chat,,closed_unresolved
652,727,2025-11-07 18:07:48.727040113,2025-11-09 00:12:25.474968997,kyc,medium,email,3.0,resolved
5878,6550,2025-11-07 22:44:39.206862222,2025-11-08 00:50:27.145970822,fraud,urgent,in_app_chat,,resolved
4681,5201,2025-11-07 23:11:53.571814955,2025-11-09 18:16:56.132490821,app,low,email,4.0,resolved
7155,7957,2025-11-07 23:57:36.476967749,2025-11-08 15:49:52.739369531,billing,medium,email,,resolved
6552,7347,2025-11-08 00:12:33.886289327,2025-11-08 18:48:29.390099325,account,medium,in_app_chat,,resolved
5074,5634,2025-11-08 00:34:11.789968080,2025-11-08 02:10:27.214675291,kyc,high,in_app_chat,5.0,resolved
6100,6806,2025-11-08 01:53:06.780301869,2025-11-08 22:35:15.739880007,card,low,in_app_chat,4.0,resolved
5345,5945,2025-11-08 02:15:21.499265894,2025-11-08 13:47:43.033654427,billing,medium,in_app_chat,,resolved
4889,5454,2025-11-08 03:14:28.970089411,2025-11-09 08:32:17.874183753,card,low,in_app_chat,4.0,resolved
1121,1241,2025-11-08 04:33:02.488827337,2025-11-08 20:32:32.995508017,card,medium,in_app_chat,,resolved
3175,3554,2025-11-08 09:52:18.205579136,2025-11-09 13:55:57.064776428,kyc,low,in_app_chat,,resolved
3665,4101,2025-11-08 09:59:05.484604752,2025-11-08 21:59:13.379661151,app,medium,email,4.0,resolved
4426,4922,2025-11-08 10:22:13.205748578,,account,low,in_app_chat,,open
6961,7739,2025-11-08 18:10:06.580380613,2025-11-09 12:22:22.063120443,billing,low,in_app_chat,5.0,resolved
2846,3179,2025-11-08 18:56:32.233687923,2025-11-12 13:52:32.217755531,billing,low,email,3.0,resolved
5827,6490,2025-11-08 21:49:47.501173130,2025-11-10 20:23:41.923651792,kyc,medium,phone,4.0,resolved
1035,1144,2025-11-08 23:53:31.820130064,2025-11-09 13:09:36.596801992,app,medium,email,4.0,resolved
3038,3405,2025-11-09 01:53:37.284122748,2025-11-10 03:53:05.955346394,billing,medium,email,4.0,resolved
5730,6384,2025-11-09 03:14:38.995299458,2025-11-09 13:44:20.223949472,billing,medium,phone,,resolved
4018,4476,2025-11-09 03:57:48.075299493,,kyc,high,in_app_chat,,closed_unresolved
2448,2740,2025-11-09 10:45:26.490674931,2025-11-10 05:39:02.829500417,app,medium,in_app_chat,4.0,resolved
450,500,2025-11-09 10:58:56.812062783,,fraud,urgent,email,,closed_unresolved
5822,6486,2025-11-09 16:26:22.730996708,,card,medium,in_app_chat,,open
4248,4735,2025-11-09 16:27:45.107231739,,app,low,in_app_chat,,closed_unresolved
3493,3914,2025-11-09 18:23:52.115768753,2025-11-10 20:50:01.837206127,account,low,in_app_chat,,resolved
34,29,2025-11-09 18:27:21.367032914,2025-11-11 13:55:42.471345617,billing,low,in_app_chat,4.0,resolved
278,302,2025-11-09 20:43:18.603184157,,card,medium,in_app_chat,,open
786,871,2025-11-10 00:31:11.777799161,2025-11-10 10:51:58.619457899,card,medium,email,5.0,resolved
3349,3757,2025-11-10 00:53:26.345474453,2025-11-10 05:56:42.794365212,app,high,in_app_chat,,resolved
6280,7021,2025-11-10 01:11:33.343929862,2025-11-13 19:23:39.937794038,billing,low,email,4.0,resolved
3139,3515,2025-11-10 05:23:43.574713632,2025-11-11 11:14:20.367002772,fraud,medium,in_app_chat,3.0,resolved
1853,2033,2025-11-10 06:49:53.009734342,2025-11-12 07:52:05.088246095,account,low,in_app_chat,4.0,resolved
766,846,2025-11-10 08:29:32.360658578,2025-11-10 15:44:49.169945207,card,high,in_app_chat,4.0,resolved
2001,2207,2025-11-10 18:10:02.251359926,2025-11-12 19:01:01.582789655,kyc,medium,phone,,resolved
1320,1436,2025-11-10 20:17:08.414118813,2025-11-11 14:00:28.912652392,kyc,medium,email,,resolved
1741,1901,2025-11-10 23:12:21.433418331,2025-11-11 05:18:04.897399248,app,medium,email,4.0,resolved
2858,3194,2025-11-10 23:12:54.430147543,2025-11-11 06:11:55.140732814,card,high,in_app_chat,,resolved
703,779,2025-11-11 03:27:33.742571578,2025-11-11 10:58:11.976431456,billing,medium,email,4.0,resolved
5522,6156,2025-11-11 03:57:21.710327595,2025-11-11 10:09:11.619774040,app,urgent,in_app_chat,4.0,resolved
6285,7028,2025-11-11 06:08:03.829171159,2025-11-11 14:19:19.238405183,kyc,high,in_app_chat,,resolved
5202,5765,2025-11-11 07:30:35.516624230,2025-11-11 15:13:29.233882141,billing,medium,email,4.0,resolved
3218,3603,2025-11-11 07:36:22.390378917,2025-11-12 16:53:58.872659557,billing,medium,phone,5.0,resolved
7141,7944,2025-11-11 08:27:22.422211297,,billing,medium,email,,closed_unresolved
5293,5871,2025-11-11 08:49:25.521920181,2025-11-11 13:48:56.501525002,fraud,high,in_app_chat,,resolved
6746,7525,2025-11-11 10:23:09.564422208,2025-11-13 05:14:30.625399064,app,low,in_app_chat,,resolved
4605,5102,2025-11-11 10:23:42.920834481,,fraud,urgent,in_app_chat,,open
3099,3467,2025-11-11 11:37:39.404173215,2025-11-13 14:48:00.431429499,app,low,in_app_chat,4.0,resolved
2415,2698,2025-11-11 12:55:10.916894513,2025-11-12 05:10:38.013517994,billing,medium,in_app_chat,4.0,resolved
7061,7857,2025-11-11 13:24:27.820288690,2025-11-12 03:50:50.841728503,kyc,medium,email,,resolved
2809,3149,2025-11-11 13:41:38.618032565,2025-11-11 19:10:37.025666693,billing,high,in_app_chat,4.0,resolved
3152,3529,2025-11-11 13:42:57.922737480,,kyc,high,email,,open
3862,4313,2025-11-11 19:46:05.559297795,2025-11-12 20:54:50.510950143,app,medium,phone,4.0,resolved
69,73,2025-11-11 21:05:26.751966904,,fraud,high,in_app_chat,,closed_unresolved
1383,1515,2025-11-11 21:56:40.211969634,2025-11-12 02:33:07.708878523,kyc,high,in_app_chat,5.0,resolved
6617,7402,2025-11-11 23:51:28.677221700,2025-11-12 13:44:11.846768260,billing,medium,in_app_chat,,resolved
4453,4948,2025-11-12 00:28:35.837417291,2025-11-13 05:01:25.654113181,app,medium,in_app_chat,,resolved
2181,2401,2025-11-12 00:57:57.105472570,2025-11-12 21:40:14.292848515,billing,low,in_app_chat,4.0,resolved
6261,7006,2025-11-12 01:20:14.417044074,2025-11-17 12:14:03.502809896,account,low,in_app_chat,,resolved
3499,3924,2025-11-12 05:58:16.272553664,,app,medium,phone,,open
2101,2311,2025-11-12 06:24:31.852464531,2025-11-14 12:19:08.069799155,account,low,in_app_chat,3.0,resolved
721,792,2025-11-12 10:39:16.213476084,2025-11-12 14:46:13.922455492,kyc,high,email,,resolved
4495,4994,2025-11-12 11:53:49.636515451,2025-11-13 16:51:30.733434291,kyc,low,in_app_chat,4.0,resolved
701,777,2025-11-12 12:04:14.997875736,2025-11-13 02:51:41.539503870,card,medium,in_app_chat,2.0,resolved
242,263,2025-11-12 13:18:44.552118150,2025-11-12 16:41:39.918489730,account,high,email,5.0,resolved
3964,4427,2025-11-12 16:36:55.004770235,2025-11-12 22:45:03.302535841,account,medium,in_app_chat,,resolved
1954,2162,2025-11-12 17:05:12.873124121,2025-11-13 17:53:55.999588191,app,low,in_app_chat,4.0,resolved
4660,5172,2025-11-12 17:13:50.800237878,2025-11-13 17:40:22.672787815,card,medium,in_app_chat,,resolved
6048,6750,2025-11-12 18:24:26.112753460,2025-11-12 23:45:34.315874462,card,high,in_app_chat,4.0,resolved
2813,3155,2025-11-12 18:52:37.190081472,2025-11-13 01:06:29.305764174,app,medium,in_app_chat,3.0,resolved
4358,4857,2025-11-12 22:43:19.620681677,2025-11-13 02:13:04.224726456,fraud,urgent,phone,,resolved
4045,4505,2025-11-12 23:43:37.726818168,2025-11-13 02:09:14.308788600,card,urgent,in_app_chat,,resolved
1061,1168,2025-11-13 03:12:43.203976876,2025-11-13 16:44:43.081973832,card,medium,in_app_chat,4.0,resolved
683,756,2025-11-13 05:29:37.994164920,2025-11-13 17:45:46.591576330,app,medium,in_app_chat,5.0,resolved
6181,6904,2025-11-13 06:10:12.263184143,2025-11-15 14:35:20.562993284,kyc,medium,in_app_chat,5.0,resolved
863,944,2025-11-13 07:22:33.840364175,2025-11-13 11:56:42.202691834,fraud,urgent,email,5.0,resolved
4915,5480,2025-11-13 14:26:38.727625755,2025-11-13 15:35:13.443756875,account,urgent,phone,5.0,resolved
1216,1337,2025-11-13 15:11:33.433853337,2025-11-13 19:55:04.533528863,card,high,email,4.0,resolved
1055,1159,2025-11-13 16:48:38.387062745,2025-11-17 05:53:12.297822596,card,low,in_app_chat,,resolved
6507,7304,2025-11-13 17:07:59.324760672,,billing,high,in_app_chat,,open
752,828,2025-11-13 22:51:08.072013430,2025-11-14 05:42:32.693738384,app,medium,email,3.0,resolved
3979,4438,2025-11-14 00:53:27.738477867,2025-11-14 16:42:26.122549151,billing,medium,in_app_chat,4.0,resolved
4542,5043,2025-11-14 02:29:52.514291172,2025-11-14 05:07:00.629340962,billing,high,in_app_chat,,resolved
3889,4343,2025-11-14 02:43:52.939195838,2025-11-15 09:25:49.962723714,account,medium,phone,3.0,resolved
1170,1290,2025-11-14 04:14:13.894102386,2025-11-17 22:36:41.647220036,account,low,email,,resolved
1454,1590,2025-11-14 05:41:32.982168543,2025-11-14 22:10:54.495913240,app,medium,phone,5.0,resolved
2428,2712,2025-11-14 12:54:32.332492699,2025-11-14 22:32:16.595496081,kyc,high,in_app_chat,4.0,resolved
2576,2896,2025-11-14 16:53:58.221772909,2025-11-15 05:06:27.006057479,kyc,high,in_app_chat,4.0,resolved
714,786,2025-11-14 18:03:56.371363211,2025-11-16 12:38:49.753281527,card,medium,in_app_chat,4.0,resolved
4394,4882,2025-11-14 18:04:32.444874045,2025-11-17 11:45:35.536896994,app,low,email,4.0,resolved
1610,1778,2025-11-15 07:15:54.928050295,2025-11-15 19:08:01.473161617,billing,high,email,5.0,resolved
3365,3777,2025-11-15 08:09:28.083225447,2025-11-15 11:56:12.135849214,card,medium,email,,resolved
6014,6713,2025-11-15 08:20:03.740257639,2025-11-16 16:19:05.061118283,card,low,in_app_chat,3.0,resolved
1455,1590,2025-11-15 08:21:31.465440501,2025-11-15 22:04:33.124077383,kyc,medium,in_app_chat,,resolved
3232,3618,2025-11-15 08:44:01.266753842,,card,low,in_app_chat,,closed_unresolved
3590,4021,2025-11-15 09:43:47.026758339,,account,medium,in_app_chat,,open
6368,7134,2025-11-15 14:32:34.709651413,2025-11-15 17:31:13.493083901,fraud,high,in_app_chat,4.0,resolved
4038,4495,2025-11-15 15:32:12.416658694,2025-11-17 07:21:34.872284508,card,medium,in_app_chat,,resolved
1262,1381,2025-11-15 17:28:22.240862186,2025-11-15 22:44:03.948521955,app,high,email,,resolved
5391,6002,2025-11-15 18:15:59.332683680,2025-11-15 20:16:00.230001428,account,urgent,in_app_chat,4.0,resolved
6730,7508,2025-11-15 19:10:23.667911785,2025-11-16 02:33:08.740539655,app,medium,in_app_chat,4.0,resolved
2302,2559,2025-11-16 05:49:09.037959435,2025-11-18 10:19:39.096288855,billing,low,email,4.0,resolved
1317,1435,2025-11-16 05:53:03.271299472,2025-11-19 01:10:20.151294244,kyc,medium,in_app_chat,5.0,resolved
1606,1776,2025-11-16 06:04:09.862767275,2025-11-19 20:59:35.704129538,billing,low,in_app_chat,4.0,resolved
552,609,2025-11-16 06:50:13.716673589,2025-11-16 09:21:27.872222246,app,high,in_app_chat,3.0,resolved
5433,6050,2025-11-16 11:34:11.876688595,2025-11-16 13:21:48.621494411,card,urgent,in_app_chat,,resolved
173,194,2025-11-16 14:10:37.711935773,2025-11-17 08:01:52.669931672,billing,medium,in_app_chat,4.0,resolved
3122,3494,2025-11-16 14:16:31.628975165,2025-11-18 11:13:54.842354437,app,low,email,,resolved
5339,5933,2025-11-16 14:47:31.535963070,2025-11-16 22:44:34.512454478,kyc,high,in_app_chat,,resolved
3521,3947,2025-11-16 16:00:35.154852503,2025-11-19 13:55:02.440533548,card,low,email,3.0,resolved
224,243,2025-11-16 17:01:29.985766101,2025-11-17 11:00:25.916688529,billing,medium,email,4.0,resolved
1248,1370,2025-11-16 17:27:32.048891124,,account,low,in_app_chat,,closed_unresolved
4997,5567,2025-11-16 23:52:19.852586296,2025-11-17 22:27:22.578244268,app,medium,email,5.0,resolved
4599,5091,2025-11-17 02:57:58.955652898,2025-11-18 21:35:42.228334217,app,medium,in_app_chat,,resolved
386,430,2025-11-17 04:18:43.932940007,2025-11-17 19:54:46.743331220,account,medium,in_app_chat,4.0,resolved
2811,3153,2025-11-17 04:36:53.334125147,2025-11-18 10:38:33.486290678,card,low,email,,resolved
6610,7396,2025-11-17 08:33:54.931642629,,app,low,email,,open
3771,4217,2025-11-17 09:02:41.743916396,2025-11-19 12:19:08.688973622,account,low,in_app_chat,,resolved
2365,2636,2025-11-17 09:15:52.224409932,2025-11-17 21:02:24.570521770,account,medium,in_app_chat,3.0,resolved
525,580,2025-11-17 09:59:34.161130847,2025-11-18 05:51:55.536226831,app,medium,email,4.0,resolved
5842,6509,2025-11-17 10:11:39.127371221,2025-11-18 13:15:36.187468572,billing,medium,email,4.0,resolved
6751,7527,2025-11-17 12:33:28.478635113,2025-11-18 22:13:58.216490230,billing,medium,email,4.0,resolved
1675,1836,2025-11-17 13:02:01.064064016,2025-11-18 13:43:08.022173696,billing,medium,phone,4.0,resolved
4075,4536,2025-11-17 14:27:25.522126977,,app,medium,in_app_chat,,open
6556,7351,2025-11-17 14:34:13.447990341,2025-11-19 07:11:43.913509581,app,low,in_app_chat,3.0,resolved
2113,2332,2025-11-17 14:42:32.176078640,2025-11-20 01:06:15.511034826,app,medium,in_app_chat,4.0,resolved
5602,6244,2025-11-17 16:17:08.990357553,2025-11-18 06:40:16.166189535,account,medium,phone,4.0,resolved
980,1070,2025-11-17 16:39:53.261419008,,billing,medium,email,,open
1042,1147,2025-11-17 16:44:37.958280884,2025-11-17 18:06:05.833034022,fraud,urgent,in_app_chat,5.0,resolved
4663,5174,2025-11-17 17:54:12.592192371,,card,high,phone,,closed_unresolved
5338,5928,2025-11-17 19:15:14.215299566,,fraud,urgent,in_app_chat,,open
5734,6390,2025-11-17 19:47:14.481053816,2025-11-18 13:34:16.042126304,billing,medium,email,4.0,resolved
7171,7975,2025-11-17 21:55:01.819225488,2025-11-18 14:35:30.168755084,kyc,medium,email,4.0,resolved
750,828,2025-11-18 02:13:54.019284003,2025-11-27 13:33:14.630947103,app,low,in_app_chat,,resolved
4106,4575,2025-11-18 02:26:03.572769324,2025-11-18 14:58:00.335241727,kyc,medium,in_app_chat,3.0,resolved
5108,5669,2025-11-18 02:46:53.944927622,2025-11-19 06:03:48.078410345,billing,low,in_app_chat,,resolved
3754,4208,2025-11-18 06:07:29.430108033,2025-11-18 13:58:46.396351242,card,high,email,,resolved
5406,6013,2025-11-18 06:10:46.231201038,,card,high,in_app_chat,,open
6826,7607,2025-11-18 07:08:35.290253022,2025-11-18 22:53:23.710442168,card,medium,phone,4.0,resolved
5546,6184,2025-11-18 07:33:00.057814954,2025-11-18 20:36:15.804243210,app,medium,in_app_chat,4.0,resolved
3914,4366,2025-11-18 10:52:58.488853967,2025-11-18 19:40:12.366772407,account,medium,in_app_chat,4.0,resolved
488,542,2025-11-18 11:36:05.906311824,,kyc,high,in_app_chat,,open
1523,1673,2025-11-18 11:58:11.184947751,2025-11-19 17:19:30.051992703,card,medium,phone,,resolved
1933,2138,2025-11-18 13:18:51.626682031,2025-11-18 21:43:03.387327209,card,medium,in_app_chat,4.0,resolved
1115,1236,2025-11-18 15:46:44.895554014,2025-11-19 18:01:55.472343674,account,medium,in_app_chat,,resolved
3385,3788,2025-11-18 19:30:31.681367326,2025-11-19 00:20:29.080878416,kyc,medium,in_app_chat,,resolved
4992,5563,2025-11-18 21:18:31.092834960,2025-11-19 06:54:16.188620439,billing,medium,email,,resolved
2836,3173,2025-11-19 00:37:09.931692031,2025-11-19 04:18:41.882519147,fraud,high,in_app_chat,,resolved
6953,7734,2025-11-19 00:40:29.137361240,2025-11-19 06:45:03.216847745,card,high,in_app_chat,4.0,resolved
772,853,2025-11-19 02:41:51.609058748,2025-11-19 20:20:19.961968508,account,medium,email,2.0,resolved
1362,1480,2025-11-19 03:48:36.982883998,2025-11-19 22:25:49.574509204,card,medium,email,4.0,resolved
6922,7704,2025-11-19 07:45:09.706128828,2025-11-21 01:31:19.070083116,card,medium,in_app_chat,5.0,resolved
3481,3897,2025-11-19 08:00:04.091341109,2025-11-20 06:37:48.049131487,kyc,low,email,,resolved
2496,2804,2025-11-19 10:58:03.792153132,,card,medium,in_app_chat,,open
2389,2665,2025-11-19 11:20:14.270015503,2025-11-20 04:36:51.447711141,card,medium,in_app_chat,4.0,resolved
859,939,2025-11-19 12:10:49.299124673,2025-11-19 19:53:06.844322093,billing,medium,email,,resolved
634,707,2025-11-19 12:51:22.485256856,2025-11-19 21:30:05.075513885,billing,high,in_app_chat,,resolved
6811,7593,2025-11-19 13:16:52.254310785,2025-12-06 00:53:39.605196389,card,low,in_app_chat,3.0,resolved
3972,4432,2025-11-19 13:35:54.726287997,,card,low,in_app_chat,,open
6503,7298,2025-11-19 14:08:51.658180679,2025-11-19 17:49:58.801527139,billing,high,phone,,resolved
3693,4131,2025-11-19 17:45:14.798871872,2025-11-19 21:23:07.136170167,fraud,urgent,phone,4.0,resolved
3075,3438,2025-11-19 18:33:09.153001964,,fraud,high,in_app_chat,,open
5621,6269,2025-11-19 19:16:43.548964875,2025-11-20 12:41:14.551538071,kyc,medium,email,3.0,resolved
5967,6652,2025-11-19 20:16:37.833744864,,fraud,high,email,,closed_unresolved
1438,1573,2025-11-19 20:48:08.260379190,2025-11-20 02:37:55.209683920,billing,high,email,5.0,resolved
6132,6847,2025-11-19 21:32:03.341044806,2025-11-20 02:13:09.120534384,app,high,phone,,resolved
2069,2277,2025-11-20 00:02:51.444030287,2025-11-20 06:47:45.160510356,account,urgent,email,5.0,resolved
6057,6759,2025-11-20 00:17:12.542580271,2025-11-20 01:32:57.807016802,app,urgent,phone,,resolved
257,282,2025-11-20 03:16:28.511361684,2025-11-20 14:39:45.153105039,card,high,in_app_chat,,resolved
5032,5597,2025-11-20 06:01:31.224516591,2025-11-21 12:24:23.199886308,card,medium,email,,resolved
5590,6229,2025-11-20 11:33:26.402799648,2025-11-21 02:49:55.501783328,kyc,medium,email,4.0,resolved
2691,3029,2025-11-20 12:02:57.504082102,2025-11-21 00:05:58.998845726,billing,medium,phone,3.0,resolved
5332,5917,2025-11-20 13:18:41.500017768,2025-11-20 16:46:26.125545544,card,high,in_app_chat,,resolved
5065,5625,2025-11-20 16:52:19.357765406,2025-11-21 05:09:18.194974905,billing,medium,phone,,resolved
4770,5306,2025-11-20 17:34:19.297369804,,app,low,in_app_chat,,open
6284,7026,2025-11-20 20:12:15.072414814,2025-11-21 06:22:26.092915157,card,high,in_app_chat,,resolved
2199,2420,2025-11-21 03:20:41.677420130,2025-11-21 09:30:41.932030412,account,medium,email,3.0,resolved
3408,3826,2025-11-21 03:38:13.036323678,2025-11-23 12:18:57.524529157,card,medium,in_app_chat,4.0,resolved
6289,7035,2025-11-21 07:46:57.346891469,2025-11-22 23:30:56.323983525,kyc,medium,in_app_chat,,resolved
1856,2035,2025-11-21 12:47:43.878238895,2025-11-21 16:03:40.425473575,fraud,urgent,email,,resolved
4942,5514,2025-11-21 13:03:41.423189330,2025-11-21 15:14:14.831771962,kyc,urgent,in_app_chat,5.0,resolved
730,807,2025-11-21 18:07:43.537966170,2025-11-23 13:39:35.027333086,account,medium,email,3.0,resolved
946,1031,2025-11-21 23:49:48.131357162,2025-11-23 10:43:46.437570212,billing,low,in_app_chat,,resolved
1673,1835,2025-11-22 00:33:35.587864817,2025-11-23 06:37:38.152604225,fraud,high,email,5.0,resolved
4341,4839,2025-11-22 01:11:00.590472041,2025-11-22 13:32:43.025032596,account,medium,in_app_chat,4.0,resolved
396,440,2025-11-22 02:06:12.253041754,2025-11-22 04:20:24.037147332,fraud,high,in_app_chat,3.0,resolved
4378,4874,2025-11-22 03:58:52.467398146,2025-11-23 15:42:18.454473440,app,low,in_app_chat,,resolved
309,330,2025-11-22 04:54:05.261701864,2025-11-22 09:56:53.162059243,kyc,high,in_app_chat,4.0,resolved
6648,7432,2025-11-22 04:56:58.193248369,2025-11-22 13:32:51.577412978,card,medium,phone,,resolved
770,851,2025-11-22 07:00:11.565879462,2025-11-22 12:28:51.219450919,kyc,urgent,email,,resolved
1748,1917,2025-11-22 07:17:02.210288064,2025-11-22 21:44:22.430958021,kyc,medium,phone,5.0,resolved
4609,5104,2025-11-22 13:20:55.181597228,2025-11-24 04:54:31.431854507,card,medium,in_app_chat,,resolved
5860,6528,2025-11-22 14:42:46.462812192,2025-11-22 21:13:36.367079415,account,medium,email,4.0,resolved
2819,3160,2025-11-22 15:08:33.326220480,2025-11-22 19:57:27.650646342,app,high,in_app_chat,,resolved
2547,2867,2025-11-22 17:27:19.969909073,2025-11-23 20:03:30.094775693,billing,low,email,3.0,resolved
2593,2922,2025-11-22 19:12:59.770474318,2025-11-23 17:08:16.081629647,fraud,high,email,,resolved
4188,4665,2025-11-22 20:49:49.864312591,2025-11-23 21:17:02.081811251,kyc,high,in_app_chat,5.0,resolved
6259,7000,2025-11-22 21:33:54.195112569,2025-11-25 12:07:53.954646671,account,low,in_app_chat,4.0,resolved
805,886,2025-11-22 22:22:43.020271830,2025-11-27 16:08:00.164402728,billing,low,email,3.0,resolved
6783,7568,2025-11-22 23:09:38.579448049,2025-11-23 18:06:58.372434968,card,medium,email,2.0,resolved
5415,6023,2025-11-22 23:20:51.286760364,2025-11-24 13:59:57.548372307,account,low,in_app_chat,3.0,resolved
6398,7174,2025-11-23 01:01:36.077881393,2025-11-25 08:04:46.052327863,account,low,in_app_chat,4.0,resolved
6916,7698,2025-11-23 09:13:23.265360589,2025-11-24 00:56:25.674727665,kyc,medium,in_app_chat,5.0,resolved
5236,5796,2025-11-23 09:46:26.601484532,2025-11-24 17:12:24.642539537,app,low,in_app_chat,3.0,resolved
5039,5602,2025-11-23 10:42:55.521607236,2025-11-24 00:16:24.434955579,account,medium,phone,,resolved
6957,7737,2025-11-23 10:44:34.798632218,2025-11-23 18:48:43.026814208,kyc,high,in_app_chat,3.0,resolved
3736,4182,2025-11-23 11:50:34.934214232,2025-11-23 15:43:51.265291994,card,high,in_app_chat,4.0,resolved
96,101,2025-11-23 11:51:35.503899851,2025-11-24 18:12:58.624763155,billing,medium,email,5.0,resolved
4620,5118,2025-11-23 13:12:54.710375797,2025-11-23 18:30:39.808925659,card,high,email,4.0,resolved
158,183,2025-11-23 13:29:32.529644076,2025-11-24 22:43:33.305654743,card,medium,phone,5.0,resolved
2396,2678,2025-11-23 16:45:36.602294768,2025-11-24 01:14:33.547126287,app,high,phone,,resolved
948,1034,2025-11-23 16:57:49.577735024,2025-11-24 21:15:26.901930276,card,medium,phone,4.0,resolved
4399,4885,2025-11-23 17:29:42.004555402,2025-11-27 08:01:51.986737226,account,low,in_app_chat,2.0,resolved
1582,1743,2025-11-23 18:48:32.934240253,2025-11-24 03:32:52.993906826,card,high,in_app_chat,4.0,resolved
1400,1532,2025-11-23 18:53:12.817617486,2025-11-26 04:40:04.857578277,billing,low,email,,resolved
2755,3081,2025-11-23 19:05:07.219659255,2025-11-25 18:50:06.142942501,account,low,email,4.0,resolved
1219,1341,2025-11-23 19:26:23.920170797,2025-11-24 11:49:10.617442710,kyc,medium,in_app_chat,4.0,resolved
414,456,2025-11-23 19:55:22.936916352,2025-11-23 23:02:50.044523870,app,high,in_app_chat,4.0,resolved
5390,6001,2025-11-24 02:48:59.120434918,2025-11-26 11:24:33.149949097,account,low,in_app_chat,5.0,resolved
2475,2782,2025-11-24 04:56:37.703200320,2025-11-25 07:08:02.931550434,card,medium,phone,3.0,resolved
1056,1161,2025-11-24 07:15:42.938041322,2025-11-25 10:08:51.572574454,kyc,medium,in_app_chat,4.0,resolved
673,745,2025-11-24 07:41:35.605675294,2025-11-27 05:05:23.492950918,account,low,email,3.0,resolved
3780,4225,2025-11-24 09:00:41.668414761,2025-11-28 09:42:43.931622685,billing,low,email,3.0,resolved
6621,7405,2025-11-24 09:53:36.922203565,2025-11-26 18:35:19.001207217,account,low,phone,4.0,resolved
2121,2340,2025-11-24 12:19:55.669027779,2025-11-25 01:09:59.089253695,card,high,in_app_chat,4.0,resolved
975,1066,2025-11-24 15:57:40.539539635,2025-11-24 17:02:44.124800693,fraud,urgent,email,5.0,resolved
5086,5646,2025-11-24 17:53:41.299104719,2025-11-25 06:24:50.673349283,card,medium,in_app_chat,4.0,resolved
2821,3161,2025-11-24 17:58:54.632974451,2025-11-26 19:14:58.653207240,kyc,medium,in_app_chat,4.0,resolved
7142,7945,2025-11-24 18:52:56.814809839,2025-11-24 21:49:55.095190653,fraud,high,in_app_chat,,resolved
3189,3573,2025-11-24 20:23:56.488470797,2025-11-25 22:45:22.673439465,billing,medium,email,4.0,resolved
6491,7283,2025-11-24 21:15:12.499844990,2025-11-25 07:56:18.625422983,billing,medium,in_app_chat,3.0,resolved
1201,1325,2025-11-24 23:28:11.112322082,2025-11-25 02:41:40.837605146,fraud,high,in_app_chat,,resolved
4828,5385,2025-11-25 00:56:26.062009477,2025-11-27 11:34:41.602633036,account,medium,in_app_chat,5.0,resolved
4759,5299,2025-11-25 02:33:56.769649606,2025-11-25 22:05:19.969687934,app,medium,email,2.0,resolved
6258,6998,2025-11-25 06:49:31.816324853,2025-11-25 12:31:53.028779247,kyc,high,in_app_chat,3.0,resolved
3247,3643,2025-11-25 09:31:27.410811214,2025-11-27 06:30:42.790878031,billing,medium,email,4.0,resolved
4572,5068,2025-11-25 09:53:54.007578813,2025-11-25 15:59:13.109081712,card,medium,in_app_chat,4.0,resolved
966,1058,2025-11-25 10:57:37.781706044,2025-11-27 01:48:01.437536273,kyc,medium,email,,resolved
3582,4017,2025-11-25 11:30:37.220836291,2025-11-25 18:10:37.258490859,card,high,in_app_chat,,resolved
5491,6115,2025-11-25 12:01:56.841872917,2025-11-25 16:40:39.322184953,card,medium,email,,resolved
3705,4144,2025-11-25 12:02:30.270221684,,card,high,in_app_chat,,closed_unresolved
4741,5282,2025-11-25 13:27:25.146442200,2025-11-28 04:40:07.118563135,app,low,phone,4.0,resolved
918,1002,2025-11-25 13:39:53.234786960,2025-11-25 19:44:30.678433268,card,high,phone,4.0,resolved
6463,7257,2025-11-25 14:01:57.775202823,2025-11-29 21:31:14.167325094,account,low,in_app_chat,4.0,resolved
5673,6322,2025-11-25 14:58:28.908413402,2025-11-26 12:28:16.824878196,account,low,in_app_chat,3.0,resolved
6064,6767,2025-11-25 16:35:42.704862489,2025-11-26 23:15:21.455271989,billing,medium,in_app_chat,3.0,resolved
1750,1921,2025-11-25 17:47:38.055434400,2025-11-26 08:04:00.178711026,kyc,medium,email,5.0,resolved
5276,5844,2025-11-25 17:57:45.806303298,,fraud,urgent,email,,open
1030,1136,2025-11-25 20:18:11.125334635,2025-11-27 20:06:59.210947288,app,low,in_app_chat,3.0,resolved
4280,4772,2025-11-26 00:40:51.469333443,2025-11-26 07:26:11.083488817,billing,high,email,5.0,resolved
4768,5305,2025-11-26 01:08:49.634597904,2025-11-26 22:43:03.756811987,kyc,medium,in_app_chat,4.0,resolved
12,7,2025-11-26 03:43:08.061836937,2025-11-27 16:10:44.386007731,card,low,in_app_chat,3.0,resolved
1380,1512,2025-11-26 05:14:00.826253373,2025-11-26 18:51:24.753288568,kyc,medium,email,,resolved
5832,6499,2025-11-26 06:08:19.458831151,2025-11-27 07:59:05.071053932,app,low,in_app_chat,3.0,resolved
2081,2288,2025-11-26 09:24:05.876259742,2025-11-27 09:11:06.870394420,kyc,medium,email,,resolved
1527,1675,2025-11-26 11:34:13.848470584,2025-11-26 15:37:11.671016398,card,high,email,4.0,resolved
2735,3060,2025-11-26 12:37:11.277531560,,billing,low,email,,open
3714,4155,2025-11-26 12:38:24.620335535,2025-11-27 16:16:07.935421052,billing,low,email,3.0,resolved
3583,4017,2025-11-26 13:45:00.495034090,2025-11-27 05:03:13.004854496,billing,medium,in_app_chat,4.0,resolved
5360,5966,2025-11-26 14:47:23.677895624,2025-11-26 21:00:53.761309535,fraud,high,in_app_chat,,resolved
3815,4255,2025-11-26 16:24:42.868978217,2025-11-27 16:52:07.290009763,app,medium,email,,resolved
3638,4067,2025-11-26 17:57:48.682826861,2025-11-26 23:43:18.782439140,card,medium,in_app_chat,,resolved
3210,3594,2025-11-26 20:04:21.488948817,2025-11-29 21:02:14.408140354,app,low,phone,,resolved
2766,3094,2025-11-26 23:14:16.316429472,2025-11-27 14:31:09.169044424,card,medium,in_app_chat,4.0,resolved
4693,5211,2025-11-27 01:29:02.708176865,2025-11-27 02:24:20.364148925,fraud,high,phone,5.0,resolved
6878,7659,2025-11-27 02:09:01.722703305,2025-11-28 18:22:30.806755809,account,low,in_app_chat,4.0,resolved
2847,3181,2025-11-27 05:21:58.706736122,2025-11-28 09:45:25.451981804,kyc,medium,in_app_chat,,resolved
6784,7568,2025-11-27 06:05:08.540593152,2025-11-28 01:23:22.619898873,app,low,email,,resolved
648,725,2025-11-27 07:40:33.701220888,2025-11-28 05:03:27.821677314,account,low,email,,resolved
6324,7077,2025-11-27 09:27:12.348340133,,billing,medium,in_app_chat,,open
5198,5761,2025-11-27 09:42:29.849447344,2025-11-28 19:07:47.388547358,card,low,in_app_chat,4.0,resolved
3721,4167,2025-11-27 11:50:46.392938615,,account,medium,email,,open
2591,2918,2025-11-27 16:06:25.634542060,2025-11-28 23:17:18.611212944,app,low,email,4.0,resolved
4207,4685,2025-11-27 16:21:43.839096696,2025-11-27 23:54:30.668020588,card,high,phone,5.0,resolved
3389,3800,2025-11-27 20:00:42.161984573,2025-11-28 13:48:36.724855134,kyc,medium,email,,resolved
4899,5462,2025-11-27 20:07:24.280764591,,kyc,medium,email,,closed_unresolved
7045,7834,2025-11-27 21:09:11.541059789,2025-11-29 11:56:42.798024216,billing,medium,email,5.0,resolved
2052,2261,2025-11-28 01:24:08.830439784,2025-11-28 06:11:46.318326154,kyc,high,in_app_chat,,resolved
5028,5593,2025-11-28 01:54:15.384959418,2025-12-01 10:32:51.641603866,card,low,in_app_chat,5.0,resolved
3328,3730,2025-11-28 03:06:41.231145453,2025-11-30 11:00:43.796342283,account,medium,email,4.0,resolved
549,602,2025-11-28 06:05:40.551505673,2025-11-28 12:19:36.923649602,app,high,in_app_chat,3.0,resolved
2752,3076,2025-11-28 06:37:03.279321863,2025-11-28 12:19:35.854695967,card,urgent,in_app_chat,4.0,resolved
3044,3411,2025-11-28 07:21:10.831227586,2025-11-29 13:15:19.580907122,billing,medium,phone,,resolved
2221,2453,2025-11-28 09:04:42.737114956,2025-11-28 23:04:40.926636342,card,medium,in_app_chat,,resolved
3720,4163,2025-11-28 10:34:13.708472410,2025-11-29 07:59:41.173585027,account,medium,in_app_chat,3.0,resolved
1994,2197,2025-11-28 12:59:59.097906000,2025-11-29 10:43:18.483568267,billing,low,in_app_chat,,resolved
1528,1676,2025-11-28 16:06:19.354680429,2025-11-29 07:39:51.468547605,kyc,medium,email,3.0,resolved
1698,1857,2025-11-28 16:10:04.662040785,2025-11-28 20:45:17.813117076,card,high,email,4.0,resolved
2770,3097,2025-11-28 17:22:53.034771123,2025-12-01 23:41:41.870656515,account,low,in_app_chat,,resolved
715,786,2025-11-28 19:54:32.154014243,2025-11-30 06:28:27.733620198,kyc,medium,phone,,resolved
1098,1208,2025-11-28 20:27:34.358394392,2025-11-29 02:32:14.851266962,account,medium,in_app_chat,,resolved
7041,7831,2025-11-28 21:27:59.181354717,2025-11-28 22:26:05.127832597,billing,urgent,in_app_chat,4.0,resolved
5222,5784,2025-11-28 23:25:40.034591137,,app,low,email,,open
5856,6524,2025-11-28 23:28:06.912300000,,fraud,high,in_app_chat,,closed_unresolved
2569,2888,2025-11-28 23:42:56.313894211,2025-11-30 09:08:28.570530767,account,low,email,4.0,resolved
6087,6796,2025-11-29 02:15:39.756016684,2025-11-29 06:41:15.599227890,billing,high,in_app_chat,,resolved
798,880,2025-11-29 05:43:23.993336856,2025-11-29 22:52:13.928059927,card,medium,phone,3.0,resolved
6976,7760,2025-11-29 08:26:07.099033424,2025-12-01 13:33:59.697024768,billing,low,in_app_chat,4.0,resolved
4655,5168,2025-11-29 09:18:49.913290523,2025-11-29 15:54:42.290158341,card,medium,in_app_chat,,resolved
4574,5070,2025-11-29 11:38:02.800927993,2025-11-29 12:21:20.096575124,kyc,urgent,phone,4.0,resolved
3942,4402,2025-11-29 13:55:09.200955385,2025-11-29 20:07:49.436401097,app,medium,in_app_chat,4.0,resolved
3013,3381,2025-11-29 17:23:27.299584573,2025-12-02 00:55:16.765997315,app,low,in_app_chat,4.0,resolved
1206,1326,2025-11-29 18:14:21.010026531,2025-11-30 10:41:13.486832819,card,medium,in_app_chat,5.0,resolved
2271,2514,2025-11-29 20:53:22.757943903,2025-11-30 14:32:42.747347477,card,medium,in_app_chat,4.0,resolved
5632,6282,2025-11-29 22:17:55.960955738,,fraud,high,email,,closed_unresolved
4764,5301,2025-11-30 04:10:43.222786849,2025-11-30 19:10:55.417958000,billing,high,email,5.0,resolved
1008,1105,2025-11-30 07:09:18.670448439,2025-11-30 16:00:20.168692025,card,medium,in_app_chat,,resolved
5270,5836,2025-11-30 07:37:59.031137438,2025-12-01 08:36:10.198128038,billing,medium,phone,4.0,resolved
1379,1512,2025-11-30 10:21:50.389919493,2025-11-30 14:35:21.420665992,billing,urgent,in_app_chat,4.0,resolved
4433,4930,2025-11-30 11:02:11.569752130,2025-11-30 23:10:15.990757375,app,medium,email,,resolved
6133,6849,2025-11-30 12:32:16.040802641,2025-12-01 13:35:27.274544288,billing,low,in_app_chat,3.0,resolved
4026,4483,2025-11-30 13:23:16.505401148,2025-12-09 06:02:23.588720324,kyc,low,email,3.0,resolved
2294,2549,2025-11-30 18:37:35.418555232,2025-12-01 05:16:12.375271020,billing,medium,in_app_chat,5.0,resolved
2668,3005,2025-11-30 18:41:56.877709824,2025-12-01 00:15:18.286653748,card,high,email,3.0,resolved
4223,4710,2025-11-30 19:20:45.140514429,2025-12-01 16:18:54.647696124,billing,medium,in_app_chat,4.0,resolved
3839,4283,2025-11-30 20:02:04.370319643,2025-12-01 02:26:37.862821496,kyc,medium,in_app_chat,,resolved
484,538,2025-11-30 23:12:29.056854862,2025-12-02 13:36:48.036267146,app,medium,in_app_chat,3.0,resolved
332,356,2025-11-30 23:21:50.138469360,2025-12-02 03:07:30.251920234,card,low,in_app_chat,2.0,resolved
5689,6342,2025-11-30 23:58:21.653005733,,kyc,high,in_app_chat,,open
1952,2160,2025-12-01 02:25:59.836338416,2025-12-01 22:58:14.055013031,kyc,medium,in_app_chat,,resolved
2264,2509,2025-12-01 09:44:20.842675293,2025-12-03 07:17:16.936120565,app,low,in_app_chat,,resolved
5691,6344,2025-12-01 11:31:15.451464535,,kyc,high,in_app_chat,,open
5004,5572,2025-12-01 13:08:36.416976604,2025-12-02 10:02:57.580552376,app,medium,in_app_chat,4.0,resolved
2601,2933,2025-12-01 13:31:43.445335906,2025-12-02 06:54:41.437689431,kyc,medium,phone,2.0,resolved
5015,5584,2025-12-01 15:15:10.483279427,2025-12-01 21:00:16.890308874,app,high,phone,2.0,resolved
3928,4388,2025-12-01 16:41:52.689169242,2025-12-05 13:46:42.073112785,account,low,email,5.0,resolved
4125,4608,2025-12-01 17:45:02.370293043,2025-12-02 17:59:56.623344414,billing,medium,email,,resolved
816,894,2025-12-01 17:59:17.701670261,,account,medium,in_app_chat,,open
6771,7548,2025-12-01 19:19:16.000590103,2025-12-02 22:37:25.423166753,kyc,medium,in_app_chat,3.0,resolved
3506,3933,2025-12-01 21:57:55.487787606,2025-12-08 03:59:38.250634020,account,low,in_app_chat,5.0,resolved
2060,2268,2025-12-02 00:55:27.240289567,2025-12-02 20:42:48.618448051,kyc,medium,in_app_chat,,resolved
1168,1288,2025-12-02 01:33:55.419037873,2025-12-02 14:27:09.553685255,app,medium,email,5.0,resolved
4012,4473,2025-12-02 04:20:44.306609622,2025-12-03 05:06:07.596097707,account,low,in_app_chat,5.0,resolved
4916,5482,2025-12-02 04:44:10.959178096,,fraud,high,phone,,open
6797,7578,2025-12-02 05:26:54.108136461,2025-12-02 10:36:23.517766246,kyc,medium,in_app_chat,,resolved
6037,6741,2025-12-02 05:45:43.173474842,2025-12-02 12:21:55.372299831,app,high,in_app_chat,3.0,resolved
787,874,2025-12-02 06:47:24.525162565,2025-12-02 11:43:34.956533619,account,high,email,5.0,resolved
1228,1349,2025-12-02 07:09:22.411973992,2025-12-02 18:16:07.636487833,kyc,medium,in_app_chat,4.0,resolved
2989,3357,2025-12-02 08:39:09.507942002,2025-12-03 03:10:46.075203471,account,medium,email,4.0,resolved
178,201,2025-12-02 08:46:53.359713655,2025-12-04 05:45:42.978175857,billing,low,in_app_chat,,resolved
6126,6836,2025-12-02 08:51:46.705808321,2025-12-02 21:45:52.896583622,billing,high,in_app_chat,4.0,resolved
2693,3031,2025-12-02 10:50:47.763665246,2025-12-02 15:59:50.788203582,card,high,email,,resolved
867,950,2025-12-02 15:16:21.168286708,2025-12-02 17:13:19.420859207,account,high,email,,resolved
745,825,2025-12-02 15:20:35.557499146,2025-12-03 05:26:44.711966077,account,medium,in_app_chat,3.0,resolved
3751,4203,2025-12-02 16:16:47.058647485,2025-12-02 22:34:44.622772036,app,high,email,,resolved
5377,5985,2025-12-03 00:04:33.417780856,2025-12-06 09:47:09.055720424,account,low,in_app_chat,2.0,resolved
3171,3548,2025-12-03 01:46:53.380096017,2025-12-05 17:36:03.093103680,billing,low,email,,resolved
5836,6503,2025-12-03 05:46:02.830684088,2025-12-07 05:15:13.087452086,card,low,in_app_chat,3.0,resolved
5368,5976,2025-12-03 07:53:50.182483623,2025-12-03 21:14:58.573054761,billing,medium,in_app_chat,3.0,resolved
5392,6003,2025-12-03 10:01:07.230879580,2025-12-03 11:03:45.316428187,fraud,urgent,in_app_chat,4.0,resolved
6341,7099,2025-12-03 10:02:15.423168808,2025-12-04 20:19:35.493365266,app,low,email,,resolved
2499,2807,2025-12-03 11:25:29.465419969,2025-12-04 15:03:14.658639469,app,low,in_app_chat,,resolved
4712,5234,2025-12-03 12:03:32.128973902,2025-12-04 00:26:41.435068577,account,medium,email,3.0,resolved
373,415,2025-12-03 13:23:18.281126106,2025-12-03 18:15:48.775245621,kyc,high,in_app_chat,5.0,resolved
2036,2243,2025-12-03 13:37:08.185098426,2025-12-05 05:07:37.079163013,billing,medium,phone,,resolved
3976,4435,2025-12-03 16:06:28.762252447,2025-12-04 02:02:20.256816032,kyc,medium,in_app_chat,5.0,resolved
5423,6037,2025-12-03 16:13:43.134748452,2025-12-08 12:59:40.398571905,kyc,low,email,4.0,resolved
7049,7838,2025-12-03 19:38:44.912429782,2025-12-03 22:42:40.565383228,kyc,high,email,4.0,resolved
4632,5130,2025-12-03 19:41:35.422182360,,billing,medium,email,,closed_unresolved
1279,1398,2025-12-03 21:42:01.153292708,2025-12-05 02:12:16.207660344,fraud,medium,in_app_chat,5.0,resolved
94,99,2025-12-03 21:52:02.702390989,2025-12-05 08:29:16.867118566,account,low,email,,resolved
1935,2142,2025-12-03 23:11:54.989134984,,account,high,phone,,open
4297,4791,2025-12-04 01:19:58.344319879,2025-12-04 04:14:41.166269673,account,high,email,5.0,resolved
1051,1155,2025-12-04 03:57:28.695856933,2025-12-04 11:30:13.240934781,app,medium,in_app_chat,4.0,resolved
2378,2647,2025-12-04 06:38:51.873070758,2025-12-05 13:41:51.114672355,kyc,low,email,5.0,resolved
4498,4995,2025-12-04 10:11:08.455761879,2025-12-04 18:59:36.710974919,fraud,high,email,4.0,resolved
6849,7633,2025-12-04 12:30:12.486243663,2025-12-09 12:48:41.015618677,card,low,phone,3.0,resolved
100,109,2025-12-04 14:56:05.138841085,2025-12-06 06:48:53.917363012,card,medium,phone,4.0,resolved
2987,3355,2025-12-04 14:59:00.963692721,2025-12-04 21:29:56.250612826,kyc,high,phone,4.0,resolved
5336,5924,2025-12-04 15:53:35.247239401,2025-12-05 06:54:20.858245675,kyc,medium,in_app_chat,,resolved
3868,4321,2025-12-04 19:00:35.583869992,2025-12-04 23:12:21.130414632,kyc,high,email,,resolved
1097,1206,2025-12-04 20:52:28.528540800,2025-12-05 04:02:18.206434994,kyc,high,email,5.0,resolved
2368,2639,2025-12-04 22:09:22.462017269,2025-12-05 01:23:28.054636211,card,high,in_app_chat,5.0,resolved
5830,6496,2025-12-05 02:27:50.242869731,2025-12-06 10:29:31.156613970,app,low,in_app_chat,4.0,resolved
3211,3594,2025-12-05 02:50:49.507621532,2025-12-06 12:05:55.327968904,billing,medium,in_app_chat,3.0,resolved
912,997,2025-12-05 03:42:43.308178557,2025-12-06 22:02:12.876371247,kyc,medium,email,4.0,resolved
2776,3112,2025-12-05 06:01:06.207825385,2025-12-05 16:51:40.621629049,kyc,high,email,5.0,resolved
2049,2259,2025-12-05 09:16:42.046835217,2025-12-05 15:32:47.388557604,kyc,medium,email,,resolved
1983,2189,2025-12-05 12:06:09.463133563,2025-12-05 20:36:19.965972664,account,high,in_app_chat,,resolved
3825,4268,2025-12-05 17:45:44.073754047,2025-12-06 03:52:20.782463802,app,medium,in_app_chat,5.0,resolved
5379,5986,2025-12-05 21:50:13.331434712,,billing,low,in_app_chat,,open
1940,2147,2025-12-05 23:01:25.123879790,2025-12-06 03:19:46.283205467,billing,high,in_app_chat,4.0,resolved
2284,2535,2025-12-05 23:33:04.762335366,2025-12-06 08:57:04.028177412,app,medium,phone,3.0,resolved
1612,1780,2025-12-05 23:50:37.047054606,2025-12-06 12:15:53.484071965,card,medium,email,4.0,resolved
3483,3902,2025-12-06 02:24:07.991104999,,app,medium,phone,,open
4452,4947,2025-12-06 03:44:20.645943685,2025-12-09 12:14:46.715040845,app,low,in_app_chat,3.0,resolved
4537,5038,2025-12-06 04:26:37.016717651,,fraud,urgent,in_app_chat,,closed_unresolved
4883,5452,2025-12-06 07:32:53.499339260,2025-12-06 19:17:28.644346199,billing,medium,in_app_chat,5.0,resolved
4302,4799,2025-12-06 08:46:06.049849022,2025-12-06 20:36:50.542295345,account,low,email,4.0,resolved
5364,5967,2025-12-06 09:56:00.556131001,,app,high,phone,,open
6493,7286,2025-12-06 10:19:12.826662654,2025-12-07 03:48:13.482435074,app,medium,in_app_chat,4.0,resolved
3073,3435,2025-12-06 10:29:29.449552557,2025-12-07 05:06:26.815199807,card,low,email,2.0,resolved
4319,4814,2025-12-06 10:59:31.341970034,2025-12-06 16:53:50.282167911,account,medium,in_app_chat,2.0,resolved
5414,6021,2025-12-06 11:35:05.863212640,2025-12-07 02:08:55.147709537,app,medium,in_app_chat,5.0,resolved
3453,3870,2025-12-06 14:30:28.160194141,2025-12-06 18:10:14.794492664,kyc,high,phone,5.0,resolved
2767,3095,2025-12-06 16:04:31.412931585,2025-12-07 10:57:15.623176283,account,medium,in_app_chat,4.0,resolved
4270,4755,2025-12-06 19:26:50.630095680,,fraud,high,in_app_chat,,open
1369,1489,2025-12-07 10:48:30.977371270,,kyc,medium,email,,open
3076,3439,2025-12-07 12:27:46.622744449,2025-12-07 19:15:37.193082281,billing,medium,email,5.0,resolved
6510,7305,2025-12-07 12:43:20.654045616,2025-12-08 04:30:50.937107817,card,medium,in_app_chat,5.0,resolved
5435,6051,2025-12-07 13:27:00.386341914,,billing,low,in_app_chat,,closed_unresolved
2459,2753,2025-12-07 19:38:23.420787944,2025-12-09 10:18:05.356373012,account,low,in_app_chat,5.0,resolved
4628,5123,2025-12-07 20:07:12.558666881,2025-12-08 17:51:16.254125574,card,medium,email,3.0,resolved
7026,7810,2025-12-07 22:25:13.981407720,2025-12-08 13:19:46.283927978,kyc,medium,in_app_chat,4.0,resolved
336,359,2025-12-08 01:18:22.577319590,2025-12-08 06:00:09.872049070,app,high,in_app_chat,,resolved
4069,4527,2025-12-08 03:43:47.301795658,2025-12-11 20:35:30.080616509,account,low,phone,4.0,resolved
1721,1876,2025-12-08 06:08:53.323308689,2025-12-09 09:11:26.527199592,app,low,email,3.0,resolved
4762,5300,2025-12-08 07:16:15.228846635,2025-12-08 11:34:47.898926047,kyc,high,phone,3.0,resolved
4322,4818,2025-12-08 10:02:02.870973335,2025-12-09 10:12:30.741187598,card,medium,in_app_chat,4.0,resolved
1396,1529,2025-12-08 11:26:21.122613061,2025-12-09 10:33:21.960538823,billing,medium,in_app_chat,3.0,resolved
2702,3036,2025-12-08 12:35:40.393880655,2025-12-08 19:08:32.744807471,kyc,medium,in_app_chat,,resolved
6162,6885,2025-12-08 13:32:10.650762913,2025-12-09 01:07:30.140484279,card,high,email,4.0,resolved
3337,3742,2025-12-08 15:46:18.380062974,2025-12-09 20:37:27.614628332,kyc,medium,email,5.0,resolved
3376,3781,2025-12-08 16:31:08.413403001,2025-12-08 19:13:31.524840425,kyc,high,in_app_chat,5.0,resolved
2241,2482,2025-12-08 17:13:41.400959905,2025-12-08 23:17:28.244975276,fraud,high,phone,3.0,resolved
7152,7952,2025-12-08 18:28:16.797529608,,card,medium,phone,,open
293,315,2025-12-08 20:03:43.267140155,,account,low,phone,,open
551,607,2025-12-08 21:00:30.826399331,2025-12-09 04:22:33.725226464,billing,medium,in_app_chat,,resolved
1166,1287,2025-12-09 02:05:57.106436835,2025-12-09 16:09:06.734701807,app,medium,in_app_chat,,resolved
2182,2401,2025-12-09 03:49:45.812636011,2025-12-09 11:18:36.561702689,kyc,medium,phone,3.0,resolved
400,442,2025-12-09 09:17:09.815427067,2025-12-10 09:51:54.362183817,account,medium,phone,5.0,resolved
505,562,2025-12-09 09:25:32.528661297,2025-12-10 15:55:58.231931645,app,medium,in_app_chat,,resolved
3913,4365,2025-12-09 10:23:05.543145931,2025-12-09 17:12:08.450684960,app,medium,email,,resolved
5192,5759,2025-12-09 11:13:15.030444861,2025-12-09 13:15:31.082816326,card,high,phone,5.0,resolved
2913,3277,2025-12-09 11:44:06.951223078,,kyc,medium,in_app_chat,,closed_unresolved
1113,1233,2025-12-09 12:12:25.655162302,2025-12-14 16:32:28.895458325,account,low,in_app_chat,4.0,resolved
6111,6820,2025-12-09 12:17:32.477289720,2025-12-10 10:09:46.509129086,card,medium,email,4.0,resolved
232,256,2025-12-09 13:30:24.343985868,2025-12-09 21:22:21.396795141,billing,medium,in_app_chat,4.0,resolved
6534,7329,2025-12-09 16:28:11.520448921,2025-12-09 20:39:59.431737034,card,high,in_app_chat,5.0,resolved
7115,7924,2025-12-09 20:07:30.528643656,2025-12-10 01:14:10.772895256,account,medium,in_app_chat,3.0,resolved
5837,6504,2025-12-09 22:03:40.802938513,2025-12-12 02:24:08.966946013,kyc,medium,in_app_chat,4.0,resolved
1045,1150,2025-12-09 22:10:01.241590791,2025-12-11 01:04:12.735517434,kyc,medium,in_app_chat,4.0,resolved
3273,3669,2025-12-10 00:06:34.432288490,2025-12-10 18:13:16.425866958,kyc,medium,email,,resolved
3877,4331,2025-12-10 00:30:11.158823482,2025-12-10 17:37:42.540720378,card,medium,in_app_chat,5.0,resolved
2587,2914,2025-12-10 01:39:54.993869447,2025-12-12 09:42:26.174174163,account,low,in_app_chat,4.0,resolved
153,179,2025-12-10 02:25:46.738344181,2025-12-11 23:03:35.952361291,app,low,in_app_chat,4.0,resolved
5427,6041,2025-12-10 02:37:41.540300074,2025-12-10 14:07:43.886250024,app,medium,email,,resolved
5745,6397,2025-12-10 03:25:48.361379459,2025-12-10 18:48:47.474273354,app,medium,in_app_chat,3.0,resolved
49,54,2025-12-10 10:50:43.531253574,2025-12-13 01:22:48.680003312,card,low,email,3.0,resolved
5296,5872,2025-12-10 11:44:19.074065389,2025-12-11 19:50:26.489723421,account,medium,phone,4.0,resolved
2057,2264,2025-12-10 13:37:07.848527329,2025-12-11 09:31:47.231871229,billing,medium,in_app_chat,5.0,resolved
3691,4128,2025-12-10 14:47:10.941018034,,fraud,high,email,,open
5780,6442,2025-12-10 18:52:22.664846424,,kyc,medium,in_app_chat,,closed_unresolved
3025,3393,2025-12-10 21:51:06.126190585,2025-12-12 06:08:19.869223588,billing,low,email,3.0,resolved
4143,4628,2025-12-10 23:20:10.754129443,2025-12-11 07:32:02.456088586,kyc,medium,phone,4.0,resolved
4413,4902,2025-12-11 01:29:47.620606600,2025-12-11 12:40:17.841404352,fraud,high,phone,4.0,resolved
2143,2363,2025-12-11 02:40:14.309104644,,card,medium,in_app_chat,,closed_unresolved
4235,4721,2025-12-11 05:43:51.513687707,2025-12-11 20:39:14.090942037,app,medium,email,5.0,resolved
2916,3282,2025-12-11 07:26:57.796305449,2025-12-11 16:25:32.667289617,fraud,high,email,3.0,resolved
2319,2579,2025-12-11 11:39:23.570907062,2025-12-11 23:42:34.834758425,card,medium,in_app_chat,3.0,resolved
1531,1684,2025-12-11 18:03:17.920555116,2025-12-12 02:41:05.851437063,card,medium,in_app_chat,,resolved
2297,2554,2025-12-11 18:43:49.132660059,2025-12-11 21:26:56.326735367,billing,high,in_app_chat,4.0,resolved
5170,5740,2025-12-11 19:48:50.551105060,2025-12-12 05:20:00.362447987,card,medium,in_app_chat,4.0,resolved
6553,7348,2025-12-11 19:53:04.611893507,2025-12-12 03:26:33.686224447,card,high,email,5.0,resolved
2690,3027,2025-12-11 23:18:10.736489983,,app,medium,in_app_chat,,open
2631,2967,2025-12-11 23:50:31.298491613,2025-12-14 01:17:26.606397193,card,low,phone,4.0,resolved
2033,2239,2025-12-12 00:30:33.170796973,,kyc,high,phone,,open
1569,1726,2025-12-12 03:13:08.056805799,2025-12-12 13:01:20.810504303,fraud,high,in_app_chat,,resolved
6535,7331,2025-12-12 03:42:18.450380122,2025-12-15 07:08:02.601079070,billing,low,in_app_chat,3.0,resolved
4597,5089,2025-12-12 08:55:14.997479885,,kyc,high,in_app_chat,,closed_unresolved
4037,4493,2025-12-12 15:16:29.791120670,2025-12-12 22:12:14.673199787,kyc,high,email,,resolved
587,659,2025-12-12 16:36:25.816248921,2025-12-17 20:26:54.852841333,account,low,in_app_chat,4.0,resolved
2213,2441,2025-12-12 17:19:31.939964117,2025-12-13 06:03:28.308476071,card,medium,in_app_chat,5.0,resolved
378,424,2025-12-12 18:36:56.053585249,2025-12-13 20:21:13.848631030,app,low,in_app_chat,3.0,resolved
1893,2088,2025-12-12 20:31:46.896175133,2025-12-13 01:13:16.122595952,kyc,medium,email,3.0,resolved
2023,2234,2025-12-13 00:31:07.356801915,2025-12-13 12:16:42.713968804,account,low,email,4.0,resolved
2349,2610,2025-12-13 00:36:30.404766277,2025-12-13 10:42:11.959954741,kyc,medium,email,3.0,resolved
3680,4117,2025-12-13 05:27:51.397018367,2025-12-13 15:57:05.144173885,account,medium,in_app_chat,4.0,resolved
6501,7294,2025-12-13 07:08:09.331994031,,billing,medium,in_app_chat,,closed_unresolved
7144,7947,2025-12-13 07:55:13.234198131,,card,medium,email,,open
5949,6640,2025-12-13 09:52:47.217409763,,account,high,email,,open
4410,4899,2025-12-13 10:41:26.315361882,2025-12-13 14:14:17.676957222,billing,urgent,email,4.0,resolved
4488,4991,2025-12-13 11:33:34.164287749,2025-12-13 15:51:50.266426882,billing,high,email,4.0,resolved
2347,2606,2025-12-13 16:51:37.010969812,2025-12-14 06:19:31.122371981,billing,medium,phone,,resolved
6036,6738,2025-12-13 18:45:19.403466719,2025-12-13 23:29:55.881606096,fraud,urgent,in_app_chat,5.0,resolved
2371,2642,2025-12-13 21:07:00.117422394,2025-12-13 22:21:32.377130544,fraud,urgent,phone,5.0,resolved
687,763,2025-12-13 21:43:38.999687499,2025-12-14 03:31:49.391301277,fraud,urgent,email,5.0,resolved
2090,2299,2025-12-14 01:03:33.610611070,2025-12-14 02:06:54.120468026,account,urgent,in_app_chat,4.0,resolved
4570,5066,2025-12-14 04:57:40.778150794,,card,high,phone,,open
6568,7361,2025-12-14 06:36:27.929058664,2025-12-14 15:48:55.454262952,card,high,email,5.0,resolved
4513,5015,2025-12-14 07:51:29.364050367,2025-12-14 10:54:57.708683681,billing,high,email,,resolved
871,953,2025-12-14 08:03:15.048530622,2025-12-14 12:23:43.289984385,kyc,high,in_app_chat,4.0,resolved
5743,6396,2025-12-14 08:22:28.467663484,2025-12-16 11:33:50.998506871,card,medium,email,4.0,resolved
931,1019,2025-12-14 08:31:20.891108311,2025-12-19 10:40:22.529233007,billing,low,in_app_chat,4.0,resolved
5258,5822,2025-12-14 10:20:38.087564173,2025-12-15 12:03:20.170739441,app,low,in_app_chat,4.0,resolved
3884,4337,2025-12-14 14:07:33.060039335,2025-12-16 11:55:37.240347728,app,low,phone,,resolved
1568,1726,2025-12-14 15:16:52.218450929,2025-12-14 22:35:59.542696070,account,high,in_app_chat,3.0,resolved
1557,1714,2025-12-14 16:54:38.337279906,2025-12-15 06:27:44.885125261,card,high,in_app_chat,4.0,resolved
5126,5691,2025-12-14 22:15:00.944641920,2025-12-15 00:09:24.117451557,fraud,urgent,in_app_chat,5.0,resolved
5847,6514,2025-12-14 23:34:13.736332378,2025-12-15 15:23:22.010406649,app,medium,phone,,resolved
4182,4657,2025-12-15 02:06:53.754138881,2025-12-15 06:52:55.702658394,app,medium,phone,3.0,resolved
2312,2572,2025-12-15 02:39:51.151910610,2025-12-15 16:42:06.300859630,kyc,medium,email,4.0,resolved
3174,3554,2025-12-15 03:16:44.740486968,2025-12-15 05:26:49.049177148,kyc,urgent,email,4.0,resolved
5812,6474,2025-12-15 03:38:56.290415012,2025-12-15 22:39:29.033071850,billing,low,phone,4.0,resolved
4258,4747,2025-12-15 05:20:54.492096140,2025-12-16 18:55:52.899463965,card,medium,email,5.0,resolved
93,97,2025-12-15 06:51:11.726387239,2025-12-17 02:18:36.316906407,account,medium,in_app_chat,4.0,resolved
2800,3138,2025-12-15 10:09:13.493219883,2025-12-15 22:27:25.322211983,fraud,medium,phone,,resolved
1349,1468,2025-12-15 11:50:15.269116303,2025-12-17 09:54:28.764848766,billing,low,in_app_chat,4.0,resolved
1142,1264,2025-12-15 13:03:59.997516609,2025-12-16 00:51:51.963350331,app,medium,in_app_chat,5.0,resolved
1783,1952,2025-12-15 13:38:01.330326732,2025-12-16 11:27:47.552945564,app,medium,in_app_chat,4.0,resolved
6022,6718,2025-12-15 13:41:28.207898689,2025-12-16 00:31:17.348480263,kyc,high,in_app_chat,,resolved
4257,4745,2025-12-15 15:08:02.252651017,2025-12-16 14:48:17.089688977,account,medium,in_app_chat,,resolved
6318,7070,2025-12-15 16:43:19.779249878,2025-12-16 06:24:26.649778870,kyc,high,in_app_chat,,resolved
6659,7445,2025-12-15 17:53:20.673065135,,account,medium,email,,closed_unresolved
6506,7303,2025-12-15 18:58:10.297835797,,fraud,high,in_app_chat,,closed_unresolved
6912,7692,2025-12-15 20:16:19.935389930,2025-12-16 12:16:05.601220592,app,medium,email,4.0,resolved
713,786,2025-12-15 23:12:17.656849120,2025-12-18 11:08:48.561865692,account,low,in_app_chat,3.0,resolved
1250,1370,2025-12-16 07:09:14.909538916,2025-12-16 12:00:30.325689384,fraud,high,in_app_chat,4.0,resolved
1855,2033,2025-12-16 07:11:44.724770494,,app,medium,phone,,closed_unresolved
4279,4772,2025-12-16 07:22:33.269420740,2025-12-17 09:07:38.267463125,billing,low,email,,resolved
5615,6264,2025-12-16 13:22:32.780022231,2025-12-17 02:50:36.741726177,app,medium,email,5.0,resolved
6007,6696,2025-12-16 18:39:04.070291313,2025-12-17 03:18:57.039420628,account,high,email,4.0,resolved
1028,1132,2025-12-16 19:24:36.484057840,2025-12-17 14:43:50.776006206,card,medium,email,3.0,resolved
4538,5039,2025-12-16 21:26:46.941581388,2025-12-18 01:41:12.926399685,kyc,medium,email,4.0,resolved
5292,5871,2025-12-17 02:11:06.614153381,2025-12-17 04:21:44.649758478,fraud,high,email,,resolved
6687,7470,2025-12-17 03:52:05.708679430,2025-12-17 16:32:34.526340365,card,medium,email,,resolved
3163,3539,2025-12-17 05:30:12.274679030,2025-12-22 08:27:42.015608013,card,low,email,,resolved
5898,6577,2025-12-17 05:51:17.466512976,2025-12-18 18:26:07.089352926,kyc,medium,email,3.0,resolved
1719,1876,2025-12-17 08:18:08.226162823,,account,high,in_app_chat,,closed_unresolved
7069,7869,2025-12-17 09:46:25.461678987,2025-12-17 22:37:02.403790608,account,medium,in_app_chat,3.0,resolved
1238,1361,2025-12-17 09:54:07.304391371,2025-12-17 17:38:32.123454432,fraud,high,email,5.0,resolved
2359,2629,2025-12-17 11:34:40.464031192,2025-12-17 16:10:33.121565112,fraud,urgent,phone,4.0,resolved
2220,2448,2025-12-17 12:09:06.638602656,2025-12-20 15:28:40.485491433,billing,low,in_app_chat,,resolved
6160,6884,2025-12-17 13:25:23.600558496,2025-12-18 01:06:50.897862586,app,medium,in_app_chat,,resolved
3713,4155,2025-12-17 21:08:27.739748310,,kyc,high,in_app_chat,,open
6238,6976,2025-12-17 23:01:03.288785865,,kyc,medium,in_app_chat,,closed_unresolved
4002,4459,2025-12-18 01:12:07.809362064,2025-12-19 03:13:12.338522806,card,medium,email,4.0,resolved
5887,6561,2025-12-18 02:00:12.323881707,,card,low,phone,,open
1693,1854,2025-12-18 02:40:35.081620947,2025-12-19 06:51:04.244780581,kyc,medium,email,3.0,resolved
2972,3340,2025-12-18 03:00:05.445529102,2025-12-18 09:05:49.916508308,billing,medium,email,5.0,resolved
385,430,2025-12-18 04:00:04.670965969,,account,medium,in_app_chat,,open
5046,5611,2025-12-18 05:43:50.817457611,2025-12-19 04:09:21.574909516,card,medium,in_app_chat,,resolved
190,212,2025-12-18 12:14:56.383179475,2025-12-19 02:11:27.247354713,kyc,medium,in_app_chat,4.0,resolved
6785,7569,2025-12-18 14:20:39.800473414,,account,low,email,,open
1703,1861,2025-12-18 19:52:36.164132425,2025-12-19 10:54:37.283089420,card,high,in_app_chat,,resolved
5456,6074,2025-12-18 20:45:57.461987102,2025-12-19 00:42:48.103985206,fraud,high,email,3.0,resolved
3943,4402,2025-12-18 21:14:15.602605696,2025-12-19 04:00:57.421383008,account,high,in_app_chat,4.0,resolved
6569,7362,2025-12-19 03:00:00.795249316,,card,high,phone,,open
6986,7769,2025-12-19 03:05:43.137414153,,app,medium,email,,closed_unresolved
3377,3783,2025-12-19 03:20:33.822175398,2025-12-20 10:06:47.704807429,kyc,low,in_app_chat,2.0,resolved
1365,1486,2025-12-19 05:27:35.841210563,2025-12-20 14:55:50.812765637,app,low,email,3.0,resolved
4017,4476,2025-12-19 06:39:47.643276502,2025-12-19 09:37:19.159014539,fraud,high,in_app_chat,5.0,resolved
2247,2489,2025-12-19 06:43:50.686505100,2025-12-20 08:27:08.578281116,card,medium,in_app_chat,3.0,resolved
6536,7331,2025-12-19 07:54:20.608543889,2025-12-19 14:10:51.221297970,app,medium,in_app_chat,,resolved
1289,1404,2025-12-19 07:57:54.882844427,,billing,medium,email,,closed_unresolved
1209,1327,2025-12-19 08:02:18.257110938,2025-12-26 00:46:17.915539056,billing,low,in_app_chat,4.0,resolved
5692,6344,2025-12-19 09:31:11.034919873,2025-12-21 09:48:42.997816893,account,low,in_app_chat,4.0,resolved
5654,6299,2025-12-19 11:08:55.069400215,2025-12-20 16:42:38.588265002,billing,medium,email,4.0,resolved
4230,4715,2025-12-19 11:22:24.256158893,2025-12-20 16:21:26.530852069,app,high,in_app_chat,,resolved
3871,4322,2025-12-19 11:41:06.670657371,2025-12-19 14:28:08.014376608,fraud,high,email,5.0,resolved
6002,6693,2025-12-19 13:19:35.627757516,2025-12-20 02:15:58.906243960,card,medium,email,4.0,resolved
2104,2315,2025-12-19 19:26:51.731102906,2025-12-21 20:21:51.489434126,account,low,phone,,resolved
6966,7748,2025-12-19 21:20:39.422755944,2025-12-20 16:09:35.342986130,billing,medium,phone,,resolved
1154,1276,2025-12-19 21:37:55.262713126,,billing,low,in_app_chat,,closed_unresolved
4068,4527,2025-12-19 23:06:44.949888869,2025-12-20 16:34:00.804213870,card,medium,in_app_chat,4.0,resolved
2350,2612,2025-12-20 00:04:20.919065531,2025-12-20 18:36:33.364307599,account,low,email,,resolved
564,628,2025-12-20 01:06:38.139112177,2025-12-20 11:03:58.142914304,account,high,email,4.0,resolved
2413,2698,2025-12-20 05:18:46.127703093,2025-12-20 08:35:46.357299877,fraud,high,phone,,resolved
5253,5817,2025-12-20 05:57:56.524249598,2025-12-20 23:56:04.221228346,kyc,medium,in_app_chat,5.0,resolved
246,271,2025-12-20 07:48:02.242557878,2025-12-23 03:21:26.510962730,account,low,phone,,resolved
6789,7573,2025-12-20 08:44:32.054494885,2025-12-22 05:56:26.059641940,account,low,in_app_chat,,resolved
3259,3655,2025-12-20 11:06:24.525187240,2025-12-22 05:13:41.371837151,app,medium,in_app_chat,2.0,resolved
2656,2992,2025-12-20 14:05:11.362519775,,account,low,in_app_chat,,closed_unresolved
4705,5226,2025-12-20 17:49:26.224068391,2025-12-20 23:43:39.693972743,kyc,high,in_app_chat,,resolved
6412,7187,2025-12-20 20:39:27.406842508,,account,low,phone,,open
592,664,2025-12-20 21:00:18.131568059,,kyc,medium,in_app_chat,,closed_unresolved
6956,7736,2025-12-20 23:49:38.327204893,2025-12-21 12:06:09.893124965,app,medium,in_app_chat,5.0,resolved
1133,1257,2025-12-21 01:20:56.725348502,2025-12-23 10:22:17.326603559,card,low,in_app_chat,3.0,resolved
5323,5908,2025-12-21 02:23:58.581156929,2025-12-23 09:44:57.434074565,card,medium,in_app_chat,4.0,resolved
6482,7270,2025-12-21 03:00:43.763168445,2025-12-21 19:51:19.277706219,app,medium,in_app_chat,2.0,resolved
3319,3718,2025-12-21 03:42:20.220081082,2025-12-21 17:37:40.420039999,app,medium,email,4.0,resolved
852,933,2025-12-21 04:05:38.734465326,2025-12-21 17:59:25.734127477,app,medium,email,4.0,resolved
6853,7638,2025-12-21 08:45:36.993590184,2025-12-21 20:37:11.838014556,kyc,medium,email,4.0,resolved
524,579,2025-12-21 08:55:37.641463000,,fraud,medium,in_app_chat,,closed_unresolved
5066,5628,2025-12-21 09:25:14.151528972,2025-12-21 14:16:17.347023925,card,high,phone,5.0,resolved
5965,6650,2025-12-21 10:15:19.932175679,2025-12-23 03:05:59.650076433,account,low,in_app_chat,,resolved
4888,5453,2025-12-21 15:01:58.565213106,2025-12-23 06:08:58.152072326,card,low,email,4.0,resolved
1360,1476,2025-12-21 17:55:46.990186544,2025-12-23 12:39:49.505475262,app,medium,in_app_chat,4.0,resolved
7024,7808,2025-12-21 18:07:36.917128390,2025-12-23 23:49:10.600006241,billing,low,email,1.0,resolved
5991,6678,2025-12-22 01:25:54.680587204,2025-12-22 05:20:43.895398789,billing,medium,phone,,resolved
6431,7203,2025-12-22 02:44:34.590413267,2025-12-22 21:03:41.397104819,account,medium,email,4.0,resolved
765,846,2025-12-22 04:42:59.400701703,2025-12-23 08:15:59.640287700,account,low,in_app_chat,4.0,resolved
5511,6144,2025-12-22 05:06:50.532985002,,billing,medium,email,,open
6392,7165,2025-12-22 05:21:20.767344151,2025-12-23 04:26:13.645160486,card,low,in_app_chat,,resolved
5149,5719,2025-12-22 06:08:56.979890315,2025-12-22 21:02:10.593217831,card,low,in_app_chat,5.0,resolved
1626,1793,2025-12-22 13:25:55.975071152,2025-12-29 18:34:46.405083137,account,low,email,2.0,resolved
1999,2204,2025-12-22 14:01:19.902509466,2025-12-22 19:37:13.489487847,kyc,high,phone,5.0,resolved
2178,2400,2025-12-22 14:28:25.906825626,2025-12-22 16:02:13.418398764,fraud,urgent,phone,4.0,resolved
5675,6324,2025-12-22 17:23:33.534491550,2025-12-23 17:30:50.097843421,billing,medium,email,4.0,resolved
801,881,2025-12-22 20:17:05.556149632,2025-12-23 07:46:15.040072049,billing,medium,email,,resolved
5790,6449,2025-12-23 03:46:05.611154399,,billing,low,phone,,open
2408,2691,2025-12-23 04:02:44.735119753,2025-12-24 05:19:09.223701693,billing,medium,email,4.0,resolved
3176,3555,2025-12-23 05:23:37.617016174,2025-12-23 08:14:49.223985143,card,high,in_app_chat,5.0,resolved
3454,3870,2025-12-23 06:35:36.839707048,2025-12-24 17:40:45.869436451,account,medium,email,,resolved
4063,4519,2025-12-23 10:27:01.359909616,2025-12-23 23:58:40.047285497,kyc,medium,email,5.0,resolved
6677,7462,2025-12-23 13:59:34.952075528,2025-12-23 23:03:02.459258680,fraud,high,phone,5.0,resolved
1419,1554,2025-12-23 15:10:04.626941655,,app,medium,in_app_chat,,closed_unresolved
2216,2444,2025-12-23 15:53:56.199160095,2025-12-23 17:41:53.468009086,fraud,urgent,phone,,resolved
4253,4743,2025-12-23 16:30:56.159265280,2025-12-24 07:33:57.333444995,card,medium,in_app_chat,4.0,resolved
5883,6557,2025-12-23 17:42:45.792459993,2025-12-25 03:27:02.387083805,billing,low,phone,,resolved
1003,1100,2025-12-23 21:37:16.660954580,2025-12-27 06:25:41.732493411,card,low,email,,resolved
3730,4177,2025-12-23 22:08:39.945769935,2025-12-24 10:53:03.647309584,card,medium,in_app_chat,3.0,resolved
669,742,2025-12-23 22:54:51.239910798,2025-12-25 15:43:26.772315175,card,low,email,4.0,resolved
3470,3889,2025-12-24 01:09:34.551625276,2025-12-24 18:14:13.202168740,fraud,high,in_app_chat,3.0,resolved
6898,7682,2025-12-24 02:04:12.467032910,2025-12-24 09:41:00.667111181,billing,medium,email,5.0,resolved
2529,2842,2025-12-24 03:57:20.795477299,,kyc,medium,email,,closed_unresolved
3769,4217,2025-12-24 07:07:29.447793287,2025-12-24 17:49:58.911816944,billing,medium,in_app_chat,5.0,resolved
3321,3718,2025-12-24 08:01:31.333792543,2025-12-24 09:38:45.100394345,kyc,urgent,phone,4.0,resolved
5351,5950,2025-12-24 08:27:50.018673075,2025-12-24 09:30:44.865301554,fraud,urgent,email,5.0,resolved
793,878,2025-12-24 08:33:46.497816754,2025-12-24 16:34:23.604963558,app,medium,email,5.0,resolved
6688,7471,2025-12-24 09:45:57.286442142,2025-12-28 14:21:07.780812519,account,low,in_app_chat,,resolved
83,88,2025-12-24 10:30:06.321320645,2025-12-24 13:48:29.895605673,fraud,high,in_app_chat,,resolved
5488,6109,2025-12-24 16:33:20.109985064,2025-12-27 20:35:31.112418628,kyc,low,in_app_chat,,resolved
4669,5182,2025-12-24 19:25:16.574841649,2025-12-29 03:00:31.129432358,card,low,in_app_chat,,resolved
1616,1783,2025-12-24 20:50:45.403282870,2025-12-25 18:16:10.272442183,kyc,medium,in_app_chat,,resolved
3510,3935,2025-12-25 00:43:27.414032669,2025-12-25 01:48:34.472031164,account,urgent,email,,resolved
4624,5121,2025-12-25 09:13:56.092444273,2025-12-25 19:16:45.265877619,account,medium,phone,5.0,resolved
4371,4866,2025-12-25 09:57:39.443307969,2025-12-25 17:02:43.737710635,fraud,medium,in_app_chat,4.0,resolved
2945,3318,2025-12-25 10:25:17.242472602,2025-12-25 17:22:50.532971662,fraud,high,in_app_chat,,resolved
6880,7659,2025-12-25 10:34:03.751805124,,kyc,high,in_app_chat,,closed_unresolved
7002,7788,2025-12-25 11:03:47.379686135,2025-12-27 04:33:28.873124339,account,low,phone,4.0,resolved
407,450,2025-12-25 14:32:41.216136167,2025-12-26 02:50:10.455074165,kyc,medium,phone,3.0,resolved
3104,3471,2025-12-25 14:33:21.056087851,2025-12-25 22:11:53.687592308,account,medium,email,4.0,resolved
3894,4347,2025-12-25 16:57:57.145486927,,card,medium,in_app_chat,,open
907,993,2025-12-25 18:20:49.454436868,2025-12-26 19:15:19.767950563,billing,low,in_app_chat,3.0,resolved
3462,3877,2025-12-25 19:20:17.469833107,2025-12-26 21:23:55.765955630,app,medium,phone,,resolved
7132,7935,2025-12-25 20:36:09.710516378,2025-12-26 14:12:41.166184833,app,medium,email,4.0,resolved
6387,7159,2025-12-25 21:05:02.902980252,2025-12-26 21:13:49.211331994,billing,medium,in_app_chat,4.0,resolved
3170,3547,2025-12-25 21:30:31.517492728,2025-12-26 01:57:33.111064030,card,urgent,in_app_chat,4.0,resolved
1538,1692,2025-12-25 22:54:01.603826087,2025-12-26 08:16:31.583627444,billing,high,email,,resolved
4305,4802,2025-12-26 00:13:24.047335254,2025-12-26 13:58:48.691518117,billing,medium,phone,,resolved
4710,5232,2025-12-26 00:56:47.745471480,2025-12-26 04:22:43.261862106,billing,high,email,5.0,resolved
5519,6152,2025-12-26 01:29:49.199489894,2025-12-26 18:11:51.755706135,billing,medium,phone,5.0,resolved
6018,6716,2025-12-26 01:44:26.433924754,2025-12-26 04:57:29.297087785,account,high,in_app_chat,4.0,resolved
3356,3766,2025-12-26 02:40:53.504714262,2025-12-28 17:15:02.953854385,card,low,in_app_chat,2.0,resolved
6926,7707,2025-12-26 02:55:55.222768200,2025-12-26 15:05:02.333288004,kyc,high,in_app_chat,,resolved
5184,5753,2025-12-26 05:47:40.733797637,2025-12-29 06:10:15.329840615,card,low,in_app_chat,4.0,resolved
1130,1255,2025-12-26 07:11:00.052263337,,card,medium,in_app_chat,,open
1095,1205,2025-12-26 07:16:42.262411903,2025-12-26 08:17:10.927721362,card,high,in_app_chat,,resolved
3460,3875,2025-12-26 07:17:54.569786570,2025-12-26 09:50:53.211715733,fraud,high,in_app_chat,4.0,resolved
6988,7771,2025-12-26 10:12:41.982089011,2025-12-26 23:23:56.110900743,billing,low,email,3.0,resolved
6905,7687,2025-12-26 11:26:27.899300898,2025-12-26 15:19:58.868421327,fraud,urgent,in_app_chat,4.0,resolved
7054,7845,2025-12-26 16:41:00.432415187,2025-12-26 22:25:54.136487607,kyc,high,email,,resolved
90,94,2025-12-26 20:09:11.839215049,,card,low,in_app_chat,,closed_unresolved
548,601,2025-12-26 23:23:26.365028026,2025-12-27 15:03:15.667807598,account,medium,in_app_chat,3.0,resolved
4467,4962,2025-12-27 00:30:48.115252728,2025-12-27 12:34:19.659220910,card,medium,phone,4.0,resolved
2211,2438,2025-12-27 04:52:34.514041457,2025-12-29 03:40:45.190647453,app,low,email,4.0,resolved
3831,4276,2025-12-27 04:59:21.894813562,2025-12-27 17:06:25.676965528,card,medium,in_app_chat,4.0,resolved
3608,4036,2025-12-27 05:53:12.863682957,2025-12-27 18:38:31.142894874,fraud,high,email,,resolved
6861,7641,2025-12-27 09:24:05.083355753,2025-12-27 13:45:20.230205849,card,high,in_app_chat,4.0,resolved
943,1028,2025-12-27 11:58:55.489462628,2025-12-27 21:10:01.052623601,billing,medium,in_app_chat,4.0,resolved
6742,7523,2025-12-27 12:14:02.402022295,2025-12-27 19:01:07.504239189,kyc,high,phone,,resolved
6440,7222,2025-12-27 13:10:17.312396439,,account,medium,email,,closed_unresolved
2928,3300,2025-12-27 15:41:32.718077502,2025-12-29 17:27:15.393572056,account,low,phone,2.0,resolved
2760,3089,2025-12-27 15:54:51.067533680,2025-12-27 18:33:18.544092477,kyc,urgent,in_app_chat,5.0,resolved
3253,3653,2025-12-27 19:18:53.076145849,2025-12-28 09:46:09.018780427,card,medium,email,,resolved
2725,3055,2025-12-28 05:15:26.815858237,2025-12-28 08:19:19.742133155,fraud,urgent,in_app_chat,,resolved
4978,5551,2025-12-28 05:37:50.277727479,2025-12-28 11:22:38.447403961,card,high,in_app_chat,4.0,resolved
3874,4324,2025-12-28 07:03:17.235152619,2025-12-28 14:05:16.628273873,account,medium,phone,4.0,resolved
2637,2972,2025-12-28 07:06:58.468616300,2025-12-29 02:00:29.614327990,kyc,medium,in_app_chat,,resolved
2976,3346,2025-12-28 09:03:39.178241703,,billing,high,in_app_chat,,open
2694,3031,2025-12-28 10:52:34.118894763,2025-12-29 18:40:55.587797353,kyc,medium,in_app_chat,5.0,resolved
1611,1780,2025-12-28 13:40:15.834875229,2025-12-29 06:56:56.249161678,app,medium,in_app_chat,,resolved
6174,6898,2025-12-28 14:14:39.936684220,,card,low,email,,closed_unresolved
3086,3453,2025-12-28 15:31:32.103909094,2025-12-28 20:19:00.781215300,fraud,high,in_app_chat,4.0,resolved
272,299,2025-12-28 16:28:35.195573717,2025-12-29 05:01:01.939166660,fraud,high,phone,,resolved
2711,3042,2025-12-28 17:24:45.020133452,2025-12-28 21:12:31.371291056,fraud,high,in_app_chat,,resolved
1174,1294,2025-12-28 17:55:18.421705464,2025-12-29 05:39:14.947585201,kyc,medium,in_app_chat,5.0,resolved
1227,1349,2025-12-28 21:33:38.173652026,2025-12-29 07:44:16.007765681,kyc,high,phone,4.0,resolved
7040,7831,2025-12-28 21:45:41.983220108,2026-01-09 14:25:07.731114404,app,low,in_app_chat,4.0,resolved
2583,2905,2025-12-29 00:33:31.778847671,2025-12-30 06:09:43.497768385,card,medium,email,4.0,resolved
5959,6646,2025-12-29 03:29:46.171394246,2025-12-31 22:04:56.072508624,card,low,email,2.0,resolved
2884,3244,2025-12-29 04:02:11.502913701,2025-12-29 15:43:12.011924147,app,medium,in_app_chat,3.0,resolved
1110,1228,2025-12-29 06:04:54.809940601,2025-12-29 20:32:39.165066823,app,medium,in_app_chat,,resolved
235,259,2025-12-29 06:21:05.166186364,,billing,medium,in_app_chat,,closed_unresolved
5846,6513,2025-12-29 08:27:42.959290374,2025-12-30 02:30:08.486161891,kyc,medium,in_app_chat,4.0,resolved
7031,7819,2025-12-29 11:05:10.541689120,2025-12-30 05:32:10.851774007,app,medium,phone,4.0,resolved
3776,4223,2025-12-29 12:31:04.390306464,2025-12-30 19:54:34.396814649,billing,low,in_app_chat,4.0,resolved
2745,3067,2025-12-29 17:12:56.664222514,2025-12-30 02:01:58.828899080,billing,medium,in_app_chat,4.0,resolved
1443,1578,2025-12-29 18:14:30.038574140,2025-12-31 18:50:35.134168990,kyc,low,in_app_chat,,resolved
43,46,2025-12-29 23:39:11.297009756,2025-12-30 03:47:41.276831303,kyc,high,email,4.0,resolved
4986,5559,2025-12-30 00:11:07.797869059,2025-12-30 06:05:38.760248122,kyc,high,email,,resolved
2466,2768,2025-12-30 01:56:21.079316546,2025-12-30 06:03:25.120908063,kyc,high,phone,3.0,resolved
1667,1830,2025-12-30 06:14:18.170532142,2025-12-30 12:28:55.193598644,fraud,high,in_app_chat,5.0,resolved
3448,3856,2025-12-30 06:40:28.056065473,2025-12-30 13:43:44.031835606,billing,medium,email,4.0,resolved
160,183,2025-12-30 08:50:38.618045874,2025-12-30 15:58:40.413727017,app,high,phone,4.0,resolved
4233,4720,2025-12-30 08:52:58.571068995,2025-12-31 15:45:56.201837123,billing,medium,in_app_chat,3.0,resolved
6872,7652,2025-12-30 10:37:48.601083636,2025-12-30 12:16:31.403776071,app,urgent,in_app_chat,5.0,resolved
7130,7934,2025-12-30 12:35:06.737465921,,fraud,high,in_app_chat,,closed_unresolved
5708,6357,2025-12-30 14:34:00.115559987,2025-12-31 15:23:16.153166011,app,medium,in_app_chat,,resolved
4525,5022,2025-12-30 20:42:45.091057475,2026-01-01 08:23:10.630440315,account,medium,phone,4.0,resolved
861,942,2025-12-30 23:46:10.876772380,2026-01-02 19:47:59.130447481,billing,low,in_app_chat,,resolved
